date,price_oil,price_gas,price_coal,price_electricity,price_food,price_critical-minerals,price_steel,price_consumer-goods,price_electronics,price_arms,price_pharma,price_services,import_price_oil,import_price_gas,import_price_coal,import_price_electricity,import_price_food,import_price_critical-minerals,import_price_steel,import_price_consumer-goods,import_price_electronics,import_price_arms,import_price_pharma,import_price_services,gdp_FRA,gdp_DEU,gdp_GBR,gdp_ITA,gdp_ESP,gdp_POL,gdp_UKR,gdp_RUS,gdp_TUR,gdp_NOR,debt_FRA,debt_DEU,debt_GBR,debt_ITA,debt_ESP,debt_POL,debt_UKR,debt_RUS,debt_TUR,debt_NOR,stability_FRA,stability_DEU,stability_GBR,stability_ITA,stability_ESP,stability_POL,stability_UKR,stability_RUS,stability_TUR,stability_NOR,shortage_FRA,shortage_DEU,shortage_GBR,shortage_ITA,shortage_ESP,shortage_POL,shortage_UKR,shortage_RUS,shortage_TUR,shortage_NOR,gas_coverage_FRA,gas_coverage_DEU,gas_coverage_GBR,gas_coverage_ITA,gas_coverage_ESP,gas_coverage_POL,gas_coverage_UKR,gas_coverage_RUS,gas_coverage_TUR,gas_coverage_NOR,maritime_trade_FRA,maritime_trade_DEU,maritime_trade_GBR,maritime_trade_ITA,maritime_trade_ESP,maritime_trade_POL,maritime_trade_UKR,maritime_trade_RUS,maritime_trade_TUR,maritime_trade_NOR,blockade_FRA,blockade_DEU,blockade_GBR,blockade_ITA,blockade_ESP,blockade_POL,blockade_UKR,blockade_RUS,blockade_TUR,blockade_NOR,tiles_FRA,tiles_DEU,tiles_GBR,tiles_ITA,tiles_ESP,tiles_POL,tiles_UKR,tiles_RUS,tiles_TUR,tiles_NOR,contested_FRA,contested_DEU,contested_GBR,contested_ITA,contested_ESP,contested_POL,contested_UKR,contested_RUS,contested_TUR,contested_NOR,exhaustion_FRA,exhaustion_DEU,exhaustion_GBR,exhaustion_ITA,exhaustion_ESP,exhaustion_POL,exhaustion_UKR,exhaustion_RUS,exhaustion_TUR,exhaustion_NOR,sanctions_against_FRA,sanctions_against_DEU,sanctions_against_GBR,sanctions_against_ITA,sanctions_against_ESP,sanctions_against_POL,sanctions_against_UKR,sanctions_against_RUS,sanctions_against_TUR,sanctions_against_NOR,at_war_FRA,at_war_DEU,at_war_GBR,at_war_ITA,at_war_ESP,at_war_POL,at_war_UKR,at_war_RUS,at_war_TUR,at_war_NOR,export_share_FRA,export_share_DEU,export_share_GBR,export_share_ITA,export_share_ESP,export_share_POL,export_share_UKR,export_share_RUS,export_share_TUR,export_share_NOR,circumvention_FRA,circumvention_DEU,circumvention_GBR,circumvention_ITA,circumvention_ESP,circumvention_POL,circumvention_UKR,circumvention_RUS,circumvention_TUR,circumvention_NOR,regime_FRA,regime_DEU,regime_GBR,regime_ITA,regime_ESP,regime_POL,regime_UKR,regime_RUS,regime_TUR,regime_NOR,legitimacy_FRA,legitimacy_DEU,legitimacy_GBR,legitimacy_ITA,legitimacy_ESP,legitimacy_POL,legitimacy_UKR,legitimacy_RUS,legitimacy_TUR,legitimacy_NOR,capital_FRA,capital_DEU,capital_GBR,capital_ITA,capital_ESP,capital_POL,capital_UKR,capital_RUS,capital_TUR,capital_NOR
2026-01-01,1.0000,1.0000,1.0000,1.0000,1.0000,1.0000,1.0000,1.0000,1.0000,1.0000,1.0000,1.0000,1.0000,1.0000,1.0000,1.0000,1.0000,1.0000,1.0000,1.0000,1.0000,1.0000,1.0000,1.0000,3366.32,5050.92,4002.59,2551.56,1906.45,1035.49,214.23,2561.31,1597.29,530.76,1.1600,0.6290,1.0230,1.3710,1.0040,0.5880,1.0870,0.1720,0.2350,0.4500,0.6600,0.7169,0.6747,0.6374,0.6767,0.7200,0.6678,0.6750,0.6750,0.7200,0.0000,0.0000,0.0000,0.0000,0.0000,0.0000,0.0000,0.0000,0.0000,0.0000,1.0000,1.0000,1.0000,1.0000,1.0000,1.0000,1.0000,1.0000,1.0000,1.0000,0.00,0.00,0.00,0.00,0.00,0.00,0.00,0.00,0.00,0.00,0.0000,0.0000,0.0000,0.0000,0.0000,0.0000,0.0000,0.0000,0.0000,0.0000,104304,74663,53998,54750,86225,66964,95775,572442,131417,91336,0,0,0,0,0,0,0,0,0,0,0.0000,0.0000,0.0000,0.0000,0.0000,0.0000,0.0000,0.0000,0.0000,0.0000,0,0,0,0,0,0,0,0,0,0,0,0,0,0,0,0,1,1,0,0,0.1189,0.0742,0.1337,0.0486,0.0868,0.0115,0.0806,0.1082,0.0016,0.1382,0.000,0.000,0.000,0.000,0.000,0.000,0.000,0.000,0.000,0.000,semi-presidential,parliamentary,parliamentary,parliamentary,parliamentary,semi-presidential,semi-presidential,electoral-authoritarian,electoral-authoritarian,parliamentary,0.800,0.800,0.800,0.800,0.800,0.800,0.800,0.500,0.500,0.800,30.0,30.0,30.0,30.0,30.0,30.0,30.0,30.0,30.0,30.0
2026-02-01,1.0000,1.0000,1.0000,1.0000,1.0000,1.0000,1.0000,1.0000,1.0000,1.0000,1.0000,1.0000,1.0737,1.0272,1.0377,1.0397,1.0268,1.0569,1.0247,1.0247,1.0417,1.0274,1.0247,1.0000,3373.23,5037.37,3995.32,2552.27,1908.40,1037.19,212.28,2562.62,1601.32,531.10,1.1612,0.6318,1.0281,1.3749,1.0054,0.5918,1.0992,0.1744,0.2347,0.4351,0.6600,0.7169,0.6747,0.6374,0.6767,0.7200,0.6678,0.6750,0.6750,0.7200,0.0139,0.0114,0.0296,0.0205,0.0185,0.0000,0.0278,0.0025,0.0136,0.0141,0.9793,0.9788,0.9899,0.9779,0.9796,1.0000,0.9876,1.0000,0.9729,1.0000,51.01,181.68,76.61,51.95,59.59,9.30,4.26,233.40,55.90,79.13,0.0000,0.0000,0.0000,0.0000,0.0000,0.0000,0.4600,0.0438,0.0000,0.0000,104304,74663,53998,54750,86225,66964,95775,572442,131417,91336,0,0,0,0,0,0,0,0,0,0,0.0000,0.0000,0.0000,0.0000,0.0000,0.0000,0.0100,0.0100,0.0000,0.0000,0,0,0,0,0,0,0,1,0,0,0,0,0,0,0,0,1,1,0,0,0.1186,0.0735,0.1339,0.0478,0.0864,0.0115,0.0723,0.1041,0.0015,0.1357,0.000,0.000,0.000,0.000,0.000,0.000,0.000,0.000,0.000,0.000,semi-presidential,parliamentary,parliamentary,parliamentary,parliamentary,semi-presidential,semi-presidential,electoral-authoritarian,electoral-authoritarian,parliamentary,0.800,0.800,0.800,0.800,0.800,0.800,0.800,0.500,0.500,0.800,33.3,32.9,32.5,33.6,33.3,33.1,30.0,33.3,33.8,32.9
2026-03-01,1.0010,0.9999,1.0011,0.9993,1.0002,1.0037,1.0026,0.9996,1.0016,1.0015,0.9991,1.0007,1.0951,1.0287,1.0711,1.0326,1.0268,1.1033,1.0630,1.0012,1.0300,1.0360,1.0008,1.0012,3366.94,5051.60,4001.20,2558.58,1904.01,1039.70,211.35,2563.73,1603.45,532.10,1.1670,0.6317,1.0297,1.3761,1.0098,0.5885,1.1054,0.1768,0.2345,0.4196,0.6603,0.6788,0.6351,0.6378,0.6569,0.7324,0.5772,0.6704,0.6646,0.7030,0.0161,0.0123,0.0308,0.0196,0.0204,0.0005,0.0862,0.0022,0.0157,0.0132,0.9793,0.9786,0.9899,0.9780,0.9797,1.0000,0.9678,1.0000,0.9730,1.0000,51.21,182.93,77.53,52.82,60.02,9.16,5.77,236.03,56.13,78.65,0.0000,0.0000,0.0000,0.0000,0.0000,0.0000,0.4605,0.0439,0.0000,0.0000,104304,74663,53998,54750,86225,66964,95775,572442,131417,91336,0,0,0,0,0,0,0,0,0,0,0.0000,0.0000,0.0000,0.0000,0.0000,0.0000,0.0200,0.0200,0.0000,0.0000,0,0,0,0,0,0,0,1,0,0,0,0,0,0,0,0,1,1,0,0,0.1192,0.0740,0.1340,0.0489,0.0870,0.0119,0.0721,0.1027,0.0015,0.1318,0.000,0.000,0.000,0.000,0.000,0.000,0.032,0.147,0.000,0.000,semi-presidential,parliamentary,parliamentary,parliamentary,parliamentary,semi-presidential,semi-presidential,electoral-authoritarian,electoral-authoritarian,parliamentary,0.800,0.800,0.800,0.800,0.800,0.800,0.800,0.500,0.500,0.800,36.6,35.5,34.9,37.2,36.5,36.4,32.5,36.6,37.4,35.6
2026-04-01,0.9997,0.9985,1.0031,0.9976,1.0004,1.0094,1.0038,0.9986,1.0017,1.0033,0.9978,1.0013,1.0788,1.0259,1.0980,0.9976,1.0267,1.1472,1.0142,1.0003,1.0158,1.0186,0.9994,1.0017,3373.01,5061.88,3995.21,2562.80,1905.90,1039.50,210.17,2560.82,1608.95,532.27,1.1683,0.6320,1.0340,1.3781,1.0110,0.5876,1.1132,0.1795,0.2338,0.4049,0.6390,0.7021,0.6373,0.6409,0.6255,0.7170,0.5264,0.6644,0.6485,0.7130,0.0164,0.0134,0.0154,0.0212,0.0203,0.0010,0.0584,0.0012,0.0130,0.0111,0.9803,0.9796,0.9904,0.9791,0.9808,1.0000,0.9684,1.0000,0.9744,1.0000,49.76,181.10,74.82,51.77,58.58,9.14,5.72,228.95,55.18,79.14,0.0000,0.0000,0.0000,0.0000,0.0000,0.0000,0.4592,0.0424,0.0000,0.0000,104304,74663,53998,54750,86225,66964,95775,572442,131417,91336,0,0,0,0,0,0,0,0,0,0,0.0000,0.0000,0.0000,0.0000,0.0000,0.0000,0.0300,0.0300,0.0000,0.0000,0,0,0,0,0,0,0,1,0,0,0,0,0,0,0,0,1,1,0,0,0.1190,0.0744,0.1349,0.0493,0.0871,0.0122,0.0725,0.0994,0.0015,0.1321,0.000,0.000,0.000,0.000,0.000,0.000,0.033,0.147,0.000,0.000,semi-presidential,parliamentary,parliamentary,parliamentary,parliamentary,semi-presidential,semi-presidential,electoral-authoritarian,electoral-authoritarian,parliamentary,0.800,0.800,0.800,0.800,0.800,0.770,0.800,0.500,0.500,0.800,39.8,38.3,37.3,40.9,29.5,39.5,34.8,39.8,41.0,38.5
2026-05-01,1.0007,0.9931,1.0060,0.9971,0.9996,1.0117,1.0028,0.9960,1.0006,1.0042,0.9961,1.0002,1.0835,1.0192,1.1341,1.0229,1.0255,1.0706,1.0045,0.9976,1.0145,1.0410,0.9977,1.0002,3370.71,5066.44,3989.21,2560.57,1906.78,1044.15,209.57,2564.38,1613.67,532.90,1.1722,0.6330,1.0372,1.3833,1.0127,0.5829,1.1180,0.1817,0.2331,0.3898,0.6458,0.7207,0.6170,0.6400,0.6306,0.6759,0.4990,0.6524,0.6494,0.7014,0.0171,0.0129,0.0267,0.0220,0.0214,0.0000,0.0608,0.0012,0.0172,0.0111,0.9813,0.9805,0.9908,0.9802,0.9821,1.0000,0.9693,1.0000,0.9756,1.0000,50.23,180.84,75.11,51.45,58.68,8.93,5.68,230.38,55.20,78.65,0.0000,0.0000,0.0000,0.0000,0.0000,0.0000,0.4595,0.0428,0.0000,0.0000,104304,74663,53998,54750,86225,66964,95775,572442,131417,91336,0,0,0,0,0,0,0,0,0,0,0.0000,0.0000,0.0000,0.0000,0.0000,0.0000,0.0400,0.0400,0.0000,0.0000,0,0,0,0,0,0,0,1,0,0,0,0,0,0,0,0,1,1,0,0,0.1116,0.0704,0.1254,0.0453,0.0808,0.0112,0.0692,0.0999,0.0014,0.1315,0.000,0.000,0.000,0.000,0.000,0.000,0.032,0.148,0.000,0.000,semi-presidential,parliamentary,parliamentary,parliamentary,parliamentary,semi-presidential,semi-presidential,electoral-authoritarian,electoral-authoritarian,parliamentary,0.800,0.800,0.800,0.800,0.800,0.780,0.800,0.500,0.500,0.800,43.0,41.2,34.6,44.6,32.5,42.4,36.8,43.0,44.6,41.2
2026-06-01,1.0024,0.9917,1.0108,0.9973,1.0030,1.0152,1.0045,0.9943,0.9991,1.0059,0.9946,0.9976,1.0856,1.0185,1.1881,1.0423,1.0470,1.0991,1.0521,0.9958,1.0126,1.0538,0.9961,0.9976,3358.43,5053.53,3987.62,2559.60,1904.02,1046.77,208.66,2562.80,1621.85,533.36,1.1793,0.6362,1.0399,1.3876,1.0164,0.5794,1.1245,0.1841,0.2320,0.3758,0.6346,0.7194,0.6030,0.6158,0.6303,0.6955,0.5070,0.6488,0.6311,0.7039,0.0222,0.0154,0.0384,0.0302,0.0300,0.0003,0.0660,0.0015,0.0229,0.0194,0.9807,0.9800,0.9906,0.9795,0.9813,1.0000,0.9681,1.0000,0.9749,1.0000,50.59,180.40,74.66,51.61,58.77,8.77,5.66,233.32,55.78,78.48,0.0000,0.0000,0.0000,0.0000,0.0000,0.0000,0.4572,0.0419,0.0000,0.0000,104304,74663,53998,54750,86225,66964,95775,572442,131417,91336,0,0,0,0,0,0,0,0,0,0,0.0000,0.0000,0.0000,0.0000,0.0000,0.0000,0.0500,0.0500,0.0000,0.0000,0,0,0,0,0,0,0,1,0,0,0,0,0,0,0,0,1,1,0,0,0.1007,0.0646,0.1117,0.0393,0.0719,0.0109,0.0690,0.1020,0.0015,0.1321,0.000,0.000,0.000,0.000,0.000,0.000,0.028,0.148,0.000,0.000,semi-presidential,parliamentary,parliamentary,parliamentary,parliamentary,semi-presidential,semi-presidential,electoral-authoritarian,electoral-authoritarian,parliamentary,0.800,0.800,0.800,0.800,0.800,0.790,0.800,0.500,0.500,0.800,46.2,44.0,36.8,48.1,35.6,45.4,39.0,46.1,48.0,44.0
2026-07-01,1.0035,0.9923,1.0126,0.9977,1.0062,1.0172,1.0048,0.9950,0.9976,1.0049,0.9937,0.9974,1.0841,1.0191,1.1050,1.0368,1.0506,1.0734,1.0106,1.0063,1.0107,1.0053,0.9952,0.9974,3365.73,5045.89,3985.80,2564.80,1906.68,1052.22,207.99,2560.21,1626.08,534.34,1.1792,0.6388,1.0429,1.3883,1.0172,0.5744,1.1297,0.1866,0.2315,0.3606,0.6158,0.6818,0.5869,0.5949,0.6068,0.7009,0.4866,0.6439,0.6514,0.6804,0.0151,0.0120,0.0309,0.0241,0.0234,0.0000,0.0605,0.0011,0.0158,0.0170,0.9808,0.9802,0.9906,0.9795,0.9812,1.0000,0.9675,1.0000,0.9748,1.0000,50.32,180.12,74.82,51.66,58.64,8.84,5.61,233.33,56.06,78.65,0.0000,0.0000,0.0000,0.0000,0.0000,0.0000,0.4576,0.0414,0.0000,0.0000,104304,74663,53998,54750,86225,66964,95775,572442,131417,91336,0,0,0,0,0,0,0,0,0,0,0.0000,0.0000,0.0000,0.0000,0.0000,0.0000,0.0600,0.0600,0.0000,0.0000,0,0,0,0,0,0,0,1,0,0,0,0,0,0,0,0,1,1,0,0,0.1153,0.0708,0.1301,0.0456,0.0834,0.0109,0.0706,0.1020,0.0016,0.1324,0.000,0.000,0.000,0.000,0.000,0.000,0.028,0.149,0.000,0.000,semi-presidential,parliamentary,parliamentary,parliamentary,parliamentary,semi-presidential,semi-presidential,electoral-authoritarian,electoral-authoritarian,parliamentary,0.800,0.800,0.800,0.800,0.800,0.800,0.850,0.500,0.500,0.800,49.3,46.7,39.0,51.4,38.5,48.5,41.0,49.2,51.6,46.7
2026-08-01,1.0025,0.9935,1.0120,0.9953,1.0093,1.0173,1.0046,0.9964,0.9971,1.0002,0.9955,0.9976,1.0840,1.0237,1.0499,0.9953,1.0519,1.0743,1.0064,1.0037,1.0109,1.0021,1.0222,0.9978,3368.42,5040.71,3995.94,2565.58,1913.29,1054.66,208.06,2558.03,1630.77,533.39,1.1805,0.6411,1.0426,1.3910,1.0158,0.5710,1.1309,0.1891,0.2309,0.3466,0.6330,0.6712,0.5954,0.6118,0.6274,0.7297,0.4815,0.6294,0.6575,0.6941,0.0123,0.0103,0.0127,0.0190,0.0200,0.0002,0.0588,0.0013,0.0108,0.0161,0.9781,0.9773,0.9892,0.9769,0.9788,0.9983,0.9673,1.0000,0.9720,1.0000,49.63,179.64,73.85,51.73,58.54,8.99,5.66,230.19,55.90,79.23,0.0000,0.0000,0.0000,0.0000,0.0000,0.0000,0.4574,0.0435,0.0000,0.0000,104304,74663,53998,54750,86225,66964,95775,572442,131417,91336,0,0,0,0,0,0,0,0,0,0,0.0000,0.0000,0.0000,0.0000,0.0000,0.0000,0.0700,0.0700,0.0000,0.0000,0,0,0,0,0,0,0,1,0,0,0,0,0,0,0,0,1,1,0,0,0.1204,0.0756,0.1315,0.0467,0.0843,0.0111,0.0710,0.1002,0.0025,0.1322,0.000,0.000,0.000,0.000,0.000,0.000,0.028,0.149,0.000,0.000,semi-presidential,parliamentary,parliamentary,parliamentary,parliamentary,semi-presidential,semi-presidential,electoral-authoritarian,electoral-authoritarian,parliamentary,0.800,0.800,0.800,0.800,0.800,0.800,0.840,0.500,0.500,0.800,52.4,49.3,41.2,54.9,41.5,51.7,42.9,52.2,55.3,49.4
2026-09-01,1.0005,0.9961,1.0074,0.9938,1.0116,1.0167,1.0073,0.9986,0.9968,0.9972,0.9935,0.9959,1.0800,1.0618,1.0449,0.9938,1.0502,1.0734,1.0664,1.0416,1.0105,0.9997,0.9951,0.9959,3373.63,5033.80,3989.11,2559.94,1909.31,1059.27,207.58,2557.10,1635.63,534.18,1.1805,0.6435,1.0463,1.3971,1.0202,0.5666,1.1351,0.1916,0.2303,0.3314,0.6335,0.6757,0.6365,0.6097,0.6546,0.7229,0.5223,0.6170,0.6479,0.6739,0.0194,0.0142,0.0175,0.0219,0.0252,0.0034,0.0612,0.0018,0.0139,0.0183,0.9464,0.9484,0.9727,0.9505,0.9482,0.9758,0.9618,1.0000,0.9504,1.0000,49.29,179.79,74.72,51.75,58.42,9.20,5.68,228.26,55.81,79.26,0.0000,0.0000,0.0000,0.0000,0.0000,0.0000,0.4562,0.0433,0.0000,0.0000,104304,74663,53998,54750,86225,66964,95775,572442,131417,91336,0,0,0,0,0,0,0,0,0,0,0.0000,0.0000,0.0000,0.0000,0.0000,0.0000,0.0800,0.0800,0.0000,0.0000,0,0,0,0,0,0,0,1,0,0,0,0,0,0,0,0,1,1,0,0,0.1124,0.0702,0.1222,0.0416,0.0755,0.0112,0.0693,0.0980,0.0016,0.1319,0.000,0.000,0.000,0.000,0.000,0.000,0.026,0.149,0.000,0.000,semi-presidential,parliamentary,parliamentary,parliamentary,parliamentary,semi-presidential,semi-presidential,electoral-authoritarian,electoral-authoritarian,parliamentary,0.800,0.800,0.800,0.750,0.800,0.800,0.830,0.500,0.500,0.800,55.6,52.0,43.6,58.4,44.7,54.8,45.1,55.1,58.9,52.0
2026-10-01,0.9994,0.9985,1.0034,0.9946,1.0143,1.0125,1.0066,0.9989,0.9942,0.9958,0.9908,0.9953,1.0788,1.0588,1.0403,1.0406,1.0557,1.0688,1.0189,1.0338,1.0071,0.9958,0.9922,0.9953,3378.06,5036.57,3986.87,2555.22,1913.77,1060.77,207.18,2554.79,1637.49,535.65,1.1806,0.6447,1.0486,1.4075,1.0201,0.5638,1.1389,0.1941,0.2302,0.3160,0.6352,0.6646,0.6143,0.5594,0.6125,0.7319,0.5174,0.6107,0.6575,0.6832,0.0167,0.0152,0.0314,0.0271,0.0236,0.0030,0.0602,0.0014,0.0143,0.0167,0.9514,0.9526,0.9754,0.9547,0.9534,0.9788,0.9627,1.0000,0.9538,1.0000,49.48,177.47,74.18,51.50,57.33,9.24,5.37,228.21,55.52,78.80,0.0000,0.0000,0.0000,0.0000,0.0000,0.0000,0.4616,0.0426,0.0000,0.0000,104304,74663,53998,54750,86225,66964,95775,572442,131417,91336,0,0,0,0,0,0,0,0,0,0,0.0000,0.0000,0.0000,0.0000,0.0000,0.0000,0.0900,0.0900,0.0000,0.0000,0,0,0,0,0,0,0,1,0,0,0,0,0,0,0,0,1,1,0,0,0.1193,0.0718,0.1295,0.0433,0.0838,0.0112,0.0696,0.0990,0.0016,0.1334,0.000,0.000,0.000,0.000,0.000,0.000,0.025,0.150,0.000,0.000,semi-presidential,parliamentary,parliamentary,parliamentary,parliamentary,semi-presidential,semi-presidential,electoral-authoritarian,electoral-authoritarian,parliamentary,0.800,0.800,0.800,0.760,0.800,0.800,0.820,0.500,0.500,0.800,58.7,54.5,45.8,61.5,47.6,58.1,47.3,58.0,62.5,54.7
2026-11-01,1.0667,1.0301,0.9997,0.9958,1.0748,1.0116,1.0049,1.0139,1.0336,0.9966,0.9904,0.9944,2.2304,1.5388,1.0369,1.1782,1.2338,1.0678,1.0567,1.3948,1.6772,1.0779,1.0688,0.9944,3380.70,5025.10,3979.80,2550.19,1911.03,1063.07,206.15,2559.22,1636.12,536.80,1.1810,0.6477,1.0519,1.4128,1.0239,0.5606,1.1462,0.1958,0.2304,0.3000,0.6356,0.6668,0.6110,0.5630,0.6326,0.7160,0.5208,0.5946,0.6554,0.7122,0.1468,0.1356,0.1405,0.1921,0.1965,0.1114,0.1485,0.0291,0.1603,0.1010,0.5977,0.6177,0.7990,0.6196,0.5986,0.6834,0.9426,1.0000,0.6079,1.0000,34.59,137.20,57.63,37.34,39.29,7.33,4.38,152.59,40.23,53.56,0.0000,0.0000,0.0000,0.0000,0.0000,0.0000,0.4615,0.0429,0.0000,0.0000,104304,74663,53998,54750,86225,66964,95775,572442,131417,91336,0,0,0,0,0,0,0,0,0,0,0.0000,0.0000,0.0000,0.0000,0.0000,0.0000,0.1000,0.1000,0.0000,0.0000,0,0,0,0,0,0,0,1,0,0,0,0,0,0,0,0,1,1,0,0,0.1176,0.0692,0.1265,0.0456,0.0818,0.0127,0.0742,0.1116,0.0018,0.1441,0.000,0.000,0.000,0.000,0.000,0.000,0.022,0.151,0.000,0.000,semi-presidential,parliamentary,parliamentary,parliamentary,parliamentary,semi-presidential,semi-presidential,electoral-authoritarian,electoral-authoritarian,parliamentary,0.800,0.800,0.800,0.770,0.800,0.800,0.810,0.500,0.500,0.800,61.9,57.1,48.1,64.7,50.7,61.2,49.5,60.8,66.1,57.6
2026-12-01,1.1120,1.0512,0.9993,1.0006,1.1215,1.0074,1.0061,1.0194,1.0490,0.9994,0.9917,0.9949,2.0988,1.4563,1.0355,1.1454,1.2623,1.0627,1.0100,1.1063,1.3351,1.0450,1.0030,0.9953,3383.23,5025.63,3970.51,2541.28,1910.63,1065.27,205.77,2562.99,1639.78,536.61,1.1811,0.6492,1.0560,1.4202,1.0265,0.5576,1.1500,0.1973,0.2300,0.2844,0.5910,0.6025,0.5390,0.4728,0.5260,0.6686,0.4558,0.5936,0.5674,0.6702,0.1070,0.1084,0.0967,0.1495,0.1434,0.0859,0.1146,0.0123,0.1164,0.0625,0.6838,0.7004,0.8430,0.7027,0.6847,0.7578,0.9502,1.0000,0.6960,1.0000,42.48,165.07,67.72,43.29,47.78,10.00,4.91,182.00,48.96,62.92,0.0000,0.0000,0.0000,0.0000,0.0000,0.0000,0.4638,0.0414,0.0000,0.0000,104304,74663,53998,54750,86225,66964,95775,572442,131417,91336,0,0,0,0,0,0,0,0,0,0,0.0000,0.0000,0.0000,0.0000,0.0000,0.0000,0.1100,0.1100,0.0000,0.0000,0,0,0,0,0,0,0,1,0,0,0,0,0,0,0,0,1,1,0,0,0.1248,0.0741,0.1343,0.0486,0.0867,0.0147,0.0780,0.1178,0.0020,0.1497,0.000,0.000,0.000,0.000,0.000,0.000,0.022,0.152,0.000,0.000,semi-presidential,parliamentary,parliamentary,parliamentary,parliamentary,semi-presidential,semi-presidential,electoral-authoritarian,electoral-authoritarian,parliamentary,0.800,0.800,0.800,0.780,0.800,0.800,0.800,0.500,0.500,0.800,65.0,59.5,50.1,67.5,53.3,64.2,51.4,63.6,69.3,60.3
2027-01-01,1.1379,1.0704,1.0001,1.0017,1.1550,1.0042,1.0053,1.0222,1.0508,1.0011,0.9933,0.9950,1.8205,1.4356,1.0554,1.0614,1.2707,1.0589,1.0068,1.0239,1.0678,1.0015,0.9946,0.9950,3388.73,5043.04,3971.62,2534.83,1911.44,1070.00,205.30,2571.57,1644.56,537.31,1.1803,0.6486,1.0573,1.4261,1.0285,0.5533,1.1594,0.1983,0.2295,0.2681,0.5896,0.6047,0.5228,0.4428,0.5166,0.6433,0.4615,0.5986,0.5544,0.6533,0.0815,0.0807,0.0608,0.1062,0.1042,0.0616,0.0937,0.0012,0.0784,0.0408,0.7187,0.7339,0.8611,0.7363,0.7196,0.7883,0.9553,1.0000,0.7315,1.0000,48.50,182.80,75.57,46.07,56.03,11.21,5.45,210.71,54.57,71.32,0.0000,0.0000,0.0000,0.0000,0.0000,0.0000,0.4609,0.0417,0.0000,0.0000,104304,74663,53998,54750,86225,66964,95775,572442,131417,91336,0,0,0,0,0,0,0,0,0,0,0.0000,0.0000,0.0000,0.0000,0.0000,0.0000,0.1200,0.1200,0.0000,0.0000,0,0,0,0,0,0,0,1,0,0,0,0,0,0,0,0,1,1,0,0,0.1250,0.0766,0.1340,0.0486,0.0867,0.0157,0.0803,0.1204,0.0050,0.1493,0.000,0.000,0.000,0.000,0.000,0.000,0.022,0.152,0.000,0.000,semi-presidential,parliamentary,parliamentary,parliamentary,parliamentary,semi-presidential,semi-presidential,electoral-authoritarian,electoral-authoritarian,parliamentary,0.800,0.800,0.800,0.790,0.800,0.800,0.800,0.470,0.500,0.800,68.0,61.8,52.1,70.0,55.8,66.9,53.4,66.4,72.3,62.9
2027-02-01,1.1504,1.0825,1.0018,1.0009,1.1699,1.0033,1.0020,1.0233,1.0476,0.9997,0.9948,0.9957,1.5440,1.3415,1.0873,1.0009,1.2448,1.0583,1.0036,1.0255,1.0654,1.0029,0.9964,0.9961,3392.91,5056.62,3970.92,2534.78,1915.32,1073.89,204.92,2579.72,1647.58,538.98,1.1796,0.6482,1.0588,1.4321,1.0286,0.5494,1.1631,0.1992,0.2292,0.2512,0.5920,0.6239,0.5435,0.4495,0.5278,0.6606,0.4653,0.6700,0.5613,0.6591,0.0561,0.0509,0.0367,0.0636,0.0696,0.0350,0.0897,0.0013,0.0479,0.0270,0.8004,0.8123,0.9016,0.8152,0.8013,0.8596,0.9603,1.0000,0.8154,1.0000,53.96,197.83,84.39,55.23,63.94,11.82,6.07,239.11,60.04,80.45,0.0000,0.0000,0.0000,0.0000,0.0000,0.0000,0.4600,0.0427,0.0000,0.0000,104304,74663,53998,54750,86225,66964,95775,572442,131417,91336,0,0,0,0,0,0,0,0,0,0,0.0000,0.0000,0.0000,0.0000,0.0000,0.0000,0.1300,0.1300,0.0000,0.0000,0,0,0,0,0,0,0,1,0,0,0,0,0,0,0,0,1,1,0,0,0.1254,0.0787,0.1347,0.0516,0.0870,0.0158,0.0798,0.1215,0.0055,0.1507,0.000,0.000,0.000,0.000,0.000,0.000,0.023,0.153,0.000,0.000,semi-presidential,parliamentary,parliamentary,parliamentary,parliamentary,semi-presidential,semi-presidential,electoral-authoritarian,electoral-authoritarian,parliamentary,0.800,0.800,0.800,0.800,0.800,0.800,0.800,0.480,0.500,0.800,70.9,64.3,54.0,72.5,58.3,69.8,55.3,69.7,75.3,65.5
2027-03-01,1.1535,1.0898,1.0009,1.0031,1.1743,0.9994,1.0015,1.0220,1.0419,1.0002,0.9939,0.9963,1.2862,1.2760,1.0379,1.0726,1.2182,1.0538,1.0331,1.0362,1.0581,1.0521,1.0119,0.9967,3402.21,5066.39,3976.60,2532.78,1921.71,1078.46,204.89,2583.81,1659.82,538.98,1.1808,0.6481,1.0624,1.4349,1.0271,0.5482,1.1645,0.2003,0.2276,0.2350,0.5954,0.6548,0.5517,0.4794,0.5535,0.6716,0.4809,0.6781,0.5895,0.6803,0.0321,0.0309,0.0402,0.0472,0.0390,0.0143,0.0866,0.0018,0.0294,0.0178,0.8560,0.8656,0.9288,0.8688,0.8569,0.9077,0.9633,1.0000,0.8726,1.0000,58.41,200.08,83.22,56.20,65.81,12.21,5.83,259.61,63.39,84.77,0.0000,0.0000,0.0000,0.0000,0.0000,0.0000,0.4602,0.0424,0.0000,0.0000,104304,74663,53998,54750,86225,66964,95775,572442,131417,91336,0,0,0,0,0,0,0,0,0,0,0.0000,0.0000,0.0000,0.0000,0.0000,0.0000,0.1400,0.1400,0.0000,0.0000,0,0,0,0,0,0,0,1,0,0,0,0,0,0,0,0,1,1,0,0,0.1259,0.0776,0.1393,0.0494,0.0876,0.0156,0.0802,0.1225,0.0059,0.1552,0.000,0.000,0.000,0.000,0.000,0.000,0.024,0.153,0.000,0.000,semi-presidential,parliamentary,parliamentary,parliamentary,parliamentary,semi-presidential,semi-presidential,electoral-authoritarian,electoral-authoritarian,parliamentary,0.800,0.800,0.800,0.800,0.800,0.800,0.800,0.490,0.500,0.800,73.9,66.8,56.0,75.1,60.9,72.7,57.3,73.0,78.5,68.2
2027-04-01,1.1512,1.0935,1.0020,1.0017,1.1710,0.9980,1.0016,1.0208,1.0353,1.0033,0.9959,0.9979,1.2496,1.1830,1.0667,1.0017,1.1942,1.0514,1.0033,1.0228,1.0516,1.0341,1.0024,0.9985,3412.81,5062.73,3982.83,2544.40,1924.34,1082.75,205.17,2588.15,1666.49,541.12,1.1773,0.6494,1.0614,1.4297,1.0274,0.5442,1.1660,0.2015,0.2268,0.2179,0.5999,0.6685,0.5976,0.4953,0.5993,0.6908,0.5055,0.6504,0.6659,0.6818,0.0198,0.0168,0.0142,0.0224,0.0233,0.0046,0.0822,0.0014,0.0160,0.0094,0.9305,0.9356,0.9656,0.9375,0.9311,0.9675,0.9661,1.0000,0.9405,1.0000,59.37,205.50,86.93,61.23,69.59,12.38,6.45,265.73,65.23,91.20,0.0000,0.0000,0.0000,0.0000,0.0000,0.0000,0.4594,0.0409,0.0000,0.0000,104304,74663,53998,54750,86225,66964,95775,572442,131417,91336,0,0,0,0,0,0,0,0,0,0,0.0000,0.0000,0.0000,0.0000,0.0000,0.0000,0.1500,0.1500,0.0000,0.0000,0,0,0,0,0,0,0,1,0,0,0,0,0,0,0,0,1,1,0,0,0.1303,0.0798,0.1407,0.0527,0.0887,0.0152,0.0760,0.1154,0.0066,0.1510,0.000,0.000,0.000,0.000,0.000,0.000,0.026,0.153,0.000,0.000,semi-presidential,parliamentary,parliamentary,parliamentary,parliamentary,semi-presidential,semi-presidential,electoral-authoritarian,electoral-authoritarian,parliamentary,0.800,0.800,0.800,0.800,0.800,0.840,0.800,0.500,0.500,0.800,76.9,69.5,48.2,77.8,63.8,65.7,59.5,76.2,82.2,70.9
2027-05-01,1.1451,1.0947,1.0041,0.9992,1.1641,0.9974,1.0018,1.0174,1.0263,1.0006,0.9969,0.9993,1.2321,1.1277,1.1042,0.9992,1.1873,1.0505,1.0051,1.0194,1.0417,1.0038,1.0244,0.9997,3419.35,5062.04,3992.77,2554.64,1933.39,1087.79,205.48,2591.03,1674.98,543.39,1.1748,0.6501,1.0592,1.4249,1.0239,0.5398,1.1653,0.2028,0.2257,0.2008,0.6148,0.6705,0.6435,0.5696,0.6031,0.6902,0.5249,0.6573,0.6714,0.7125,0.0161,0.0119,0.0139,0.0192,0.0194,0.0000,0.0621,0.0013,0.0129,0.0109,0.9774,0.9774,0.9893,0.9763,0.9772,1.0000,0.9737,1.0000,0.9716,1.0000,58.03,202.07,85.03,60.66,67.73,12.15,6.10,259.47,64.27,92.55,0.0000,0.0000,0.0000,0.0000,0.0000,0.0000,0.4593,0.0406,0.0000,0.0000,104304,74663,53998,54750,86225,66964,95775,572442,131417,91336,0,0,0,0,0,0,0,0,0,0,0.0000,0.0000,0.0000,0.0000,0.0000,0.0000,0.1600,0.1600,0.0000,0.0000,0,0,0,0,0,0,0,1,0,0,0,0,0,0,0,0,1,1,0,0,0.1307,0.0799,0.1416,0.0533,0.0935,0.0141,0.0721,0.1114,0.0073,0.1508,0.000,0.000,0.000,0.000,0.000,0.000,0.027,0.154,0.000,0.000,semi-presidential,parliamentary,parliamentary,parliamentary,parliamentary,semi-presidential,semi-presidential,electoral-authoritarian,electoral-authoritarian,parliamentary,0.800,0.800,0.800,0.800,0.800,0.830,0.800,0.500,0.500,0.800,30.0,72.1,50.7,81.0,66.6,68.6,61.8,79.3,86.0,73.7
2027-06-01,1.1366,1.0901,1.0052,0.9976,1.1536,0.9948,1.0022,1.0116,1.0172,0.9985,0.9955,1.0014,1.2237,1.1211,1.0703,0.9976,1.1772,1.0485,1.0122,1.0134,1.0321,1.0025,0.9971,1.0019,3426.92,5069.59,4001.73,2562.46,1938.52,1094.60,204.84,2599.76,1681.23,544.86,1.1718,0.6496,1.0569,1.4210,1.0223,0.5346,1.1698,0.2037,0.2249,0.1842,0.6184,0.6668,0.6570,0.6159,0.6381,0.7134,0.5457,0.6567,0.6900,0.7358,0.0130,0.0107,0.0109,0.0168,0.0165,0.0000,0.0587,0.0012,0.0114,0.0096,0.9790,0.9786,0.9901,0.9778,0.9793,1.0000,0.9749,1.0000,0.9729,1.0000,55.88,195.91,81.47,58.12,65.23,11.61,5.93,249.09,62.41,91.86,0.0000,0.0000,0.0000,0.0000,0.0000,0.0000,0.4602,0.0424,0.0000,0.0000,104304,74663,53998,54750,86225,66964,95775,572442,131417,91336,0,0,0,0,0,0,0,0,0,0,0.0000,0.0000,0.0000,0.0000,0.0000,0.0000,0.1700,0.1700,0.0000,0.0000,0,0,0,0,0,0,0,1,0,0,0,0,0,0,0,0,1,1,0,0,0.1320,0.0803,0.1433,0.0582,0.0953,0.0138,0.0699,0.1077,0.0084,0.1501,0.000,0.000,0.000,0.000,0.000,0.000,0.028,0.153,0.000,0.000,semi-presidential,parliamentary,parliamentary,parliamentary,parliamentary,semi-presidential,semi-presidential,electoral-authoritarian,electoral-authoritarian,parliamentary,0.800,0.800,0.800,0.800,0.800,0.820,0.800,0.500,0.500,0.800,32.8,74.7,53.2,84.5,69.7,71.7,64.2,82.5,89.9,76.6
2027-07-01,1.1252,1.0849,1.0042,0.9960,1.1424,0.9921,1.0045,1.0095,1.0104,0.9986,0.9941,1.0034,1.2078,1.1152,1.0411,0.9960,1.1659,1.0454,1.0584,1.0113,1.0248,1.0037,0.9957,1.0040,3445.80,5076.70,4022.92,2568.53,1947.25,1102.30,204.26,2599.90,1685.00,547.02,1.1651,0.6489,1.0512,1.4179,1.0186,0.5290,1.1737,0.2053,0.2245,0.1676,0.6247,0.6789,0.6715,0.6244,0.6453,0.7434,0.5197,0.6671,0.6815,0.7357,0.0121,0.0096,0.0105,0.0146,0.0152,0.0000,0.0574,0.0014,0.0102,0.0110,0.9794,0.9789,0.9903,0.9782,0.9797,1.0000,0.9747,1.0000,0.9734,1.0000,54.27,192.80,80.35,56.89,63.40,11.40,5.80,242.14,61.19,91.24,0.0000,0.0000,0.0000,0.0000,0.0000,0.0000,0.4602,0.0423,0.0000,0.0000,104304,74663,53998,54750,86225,66964,95775,572442,131417,91336,0,0,0,0,0,0,0,0,0,0,0.0000,0.0000,0.0000,0.0000,0.0000,0.0000,0.2100,0.1800,0.0000,0.0000,0,0,0,0,0,0,0,1,0,0,0,0,0,0,0,0,1,1,0,0,0.1328,0.0812,0.1446,0.0596,0.0966,0.0145,0.0689,0.1054,0.0095,0.1487,0.000,0.000,0.000,0.000,0.000,0.000,0.028,0.152,0.000,0.000,semi-presidential,parliamentary,parliamentary,parliamentary,parliamentary,semi-presidential,semi-presidential,electoral-authoritarian,electoral-authoritarian,parliamentary,0.800,0.800,0.800,0.800,0.800,0.810,0.800,0.500,0.500,0.800,35.6,77.3,55.7,88.1,72.9,75.0,66.4,85.8,93.7,79.6
2027-08-01,1.1120,1.0772,1.0025,0.9924,1.1279,0.9905,1.0045,1.0075,1.0064,0.9981,0.9926,1.0020,1.1916,1.1062,1.0393,0.9924,1.1514,1.0432,1.0062,1.0093,1.0203,1.0030,0.9942,1.0020,3448.44,5068.13,4028.68,2572.39,1951.52,1105.51,203.33,2596.40,1692.31,549.29,1.1639,0.6500,1.0495,1.4157,1.0165,0.5256,1.1797,0.2073,0.2236,0.1511,0.6412,0.6899,0.6953,0.6296,0.6645,0.7586,0.4758,0.6438,0.6637,0.7415,0.0103,0.0094,0.0087,0.0144,0.0139,0.0000,0.0540,0.0011,0.0099,0.0085,0.9803,0.9797,0.9907,0.9791,0.9807,1.0000,0.9747,1.0000,0.9744,1.0000,53.17,189.95,79.14,55.50,62.01,11.23,5.67,236.23,60.04,90.51,0.0000,0.0000,0.0000,0.0000,0.0000,0.0000,0.4603,0.0422,0.0000,0.0000,104304,74663,53998,54750,86225,66964,95775,572442,131417,91336,0,0,0,0,0,0,0,0,0,0,0.0000,0.0000,0.0000,0.0000,0.0000,0.0000,0.2200,0.1900,0.0000,0.0000,0,0,0,0,0,0,0,1,0,0,0,0,0,0,0,0,1,1,0,0,0.1230,0.0764,0.1340,0.0546,0.0891,0.0129,0.0630,0.1014,0.0081,0.1471,0.000,0.000,0.000,0.000,0.000,0.000,0.024,0.153,0.000,0.000,semi-presidential,parliamentary,parliamentary,parliamentary,parliamentary,semi-presidential,semi-presidential,electoral-authoritarian,electoral-authoritarian,parliamentary,0.800,0.800,0.800,0.800,0.800,0.800,0.800,0.500,0.500,0.800,38.5,80.0,58.4,91.7,30.0,78.3,68.4,88.9,97.4,82.6
2027-09-01,1.1012,1.0827,1.0017,0.9900,1.1408,0.9903,1.0056,1.0065,1.0032,0.9972,0.9885,0.9981,1.1814,1.2140,1.0386,0.9900,1.2122,1.0427,1.0295,1.0082,1.0168,1.0018,0.9901,0.9981,3445.81,5066.54,4018.80,2572.67,1950.96,1110.61,203.52,2601.13,1697.03,550.83,1.1647,0.6552,1.0519,1.4154,1.0167,0.5213,1.1790,0.2086,0.2231,0.1349,0.6338,0.6711,0.6865,0.6318,0.6639,0.7448,0.4649,0.6219,0.6647,0.7588,0.0228,0.0200,0.0187,0.0319,0.0354,0.0081,0.0569,0.0012,0.0184,0.0257,0.8963,0.9043,0.9486,0.9078,0.8972,0.9425,0.9635,1.0000,0.9144,1.0000,53.24,188.70,78.60,55.86,62.39,10.83,5.57,240.56,60.84,88.32,0.0000,0.0000,0.0000,0.0000,0.0000,0.0000,0.4594,0.0422,0.0000,0.0000,104304,74663,53998,54750,86225,66964,95775,572442,131417,91336,0,0,0,0,0,0,0,0,0,0,0.0000,0.0000,0.0000,0.0000,0.0000,0.0000,0.2300,0.2000,0.0000,0.0000,0,0,0,0,0,0,0,1,0,0,0,0,0,0,0,0,1,1,0,0,0.1040,0.0667,0.1113,0.0443,0.0733,0.0131,0.0772,0.1064,0.0059,0.1467,0.000,0.000,0.000,0.000,0.000,0.000,0.026,0.155,0.000,0.000,semi-presidential,parliamentary,parliamentary,parliamentary,parliamentary,semi-presidential,semi-presidential,electoral-authoritarian,electoral-authoritarian,parliamentary,0.800,0.800,0.800,0.800,0.800,0.800,0.800,0.500,0.500,0.800,41.4,82.7,61.0,95.3,33.0,81.7,70.3,91.8,100.0,85.7
2027-10-01,1.0918,1.0833,0.9977,0.9893,1.1431,0.9904,1.0063,1.0063,1.0038,0.9974,0.9885,0.9976,1.1719,1.1162,1.0343,0.9916,1.1781,1.0429,1.0248,1.0081,1.0184,1.0052,0.9900,0.9976,3444.03,5059.09,4006.81,2580.24,1951.96,1115.32,203.63,2606.96,1700.63,551.40,1.1654,0.6562,1.0549,1.4109,1.0161,0.5172,1.1786,0.2100,0.2227,0.1190,0.6150,0.6636,0.6314,0.6063,0.6221,0.7493,0.5081,0.6288,0.6641,0.7363,0.0113,0.0098,0.0112,0.0166,0.0172,0.0000,0.0574,0.0012,0.0104,0.0125,0.9774,0.9772,0.9893,0.9761,0.9773,1.0000,0.9730,1.0000,0.9713,1.0000,53.87,191.32,79.96,56.82,63.11,11.08,5.66,243.63,61.78,90.34,0.0000,0.0000,0.0000,0.0000,0.0000,0.0000,0.4594,0.0422,0.0000,0.0000,104304,74663,53998,54750,86225,66964,95775,572442,131417,91336,0,0,0,0,0,0,0,0,0,0,0.0000,0.0000,0.0000,0.0000,0.0000,0.0000,0.2400,0.2100,0.0000,0.0000,0,0,0,0,0,0,0,1,0,0,0,0,0,0,0,0,1,1,0,0,0.1265,0.0762,0.1375,0.0540,0.0904,0.0154,0.0790,0.1048,0.0065,0.1462,0.000,0.000,0.000,0.000,0.000,0.000,0.025,0.155,0.000,0.000,semi-presidential,parliamentary,parliamentary,parliamentary,parliamentary,semi-presidential,semi-presidential,electoral-authoritarian,electoral-authoritarian,parliamentary,0.800,0.800,0.800,0.800,0.800,0.800,0.800,0.500,0.500,0.800,44.1,85.2,63.4,30.0,35.7,85.0,72.5,94.8,100.0,88.7
2027-11-01,1.0815,1.0795,0.9971,0.9883,1.1342,1.0553,1.0062,1.0059,1.0243,0.9988,0.9895,0.9954,1.1598,1.1100,1.0337,1.0027,1.1573,2.5473,1.0105,1.0077,1.4292,1.0403,1.0206,0.9954,3442.19,5047.15,4015.24,2578.69,1950.90,1117.34,203.34,2604.15,1711.91,551.53,1.1661,0.6578,1.0526,1.4114,1.0166,0.5140,1.1802,0.2120,0.2213,0.1033,0.6127,0.6440,0.6104,0.6248,0.6263,0.7524,0.5250,0.6452,0.6548,0.7263,0.0367,0.0354,0.0465,0.0433,0.0450,0.0145,0.0812,0.0174,0.0317,0.0205,0.9792,0.9788,0.9902,0.9780,0.9795,1.0000,0.9738,1.0000,0.9732,1.0000,54.88,193.67,80.51,55.70,62.50,11.41,5.79,242.28,62.92,90.09,0.0000,0.0000,0.0000,0.0000,0.0000,0.0000,0.4592,0.0420,0.0000,0.0000,104304,74663,53998,54750,86225,66964,95775,572442,131417,91336,0,0,0,0,0,0,0,0,0,0,0.0000,0.0000,0.0000,0.0000,0.0000,0.0000,0.2500,0.2200,0.0000,0.0000,0,0,0,0,0,0,0,1,0,0,0,0,0,0,0,0,1,1,0,0,0.1133,0.0707,0.1215,0.0476,0.0800,0.0136,0.0659,0.1025,0.0044,0.1454,0.000,0.000,0.000,0.000,0.000,0.000,0.022,0.154,0.000,0.000,semi-presidential,parliamentary,parliamentary,parliamentary,parliamentary,semi-presidential,semi-presidential,electoral-authoritarian,electoral-authoritarian,parliamentary,0.800,0.800,0.800,0.800,0.800,0.800,0.800,0.500,0.500,0.800,46.8,87.7,65.7,33.0,38.4,30.0,74.8,97.9,100.0,91.6
2027-12-01,1.0727,1.0729,0.9991,0.9881,1.1230,1.0921,1.0063,1.0054,1.0313,1.0011,0.9883,0.9938,1.1477,1.1005,1.0985,1.0276,1.1458,1.9878,1.0171,1.0071,1.1878,1.0718,0.9898,0.9938,3438.60,5030.46,4017.03,2581.89,1954.21,1120.95,202.79,2601.31,1719.04,552.81,1.1674,0.6600,1.0522,1.4093,1.0149,0.5101,1.1834,0.2140,0.2205,0.0875,0.6015,0.6231,0.6212,0.5926,0.5992,0.7303,0.5120,0.6167,0.6875,0.7089,0.0286,0.0264,0.0443,0.0338,0.0320,0.0087,0.0823,0.0070,0.0225,0.0137,0.9813,0.9808,0.9911,0.9802,0.9817,1.0000,0.9742,1.0000,0.9757,1.0000,55.10,194.44,82.04,55.35,62.31,11.52,5.87,240.67,62.42,89.49,0.0000,0.0000,0.0000,0.0000,0.0000,0.0000,0.4579,0.0399,0.0000,0.0000,104304,74663,53998,54750,86225,66964,95775,572442,131417,91336,0,0,0,0,0,0,0,0,0,0,0.0000,0.0000,0.0000,0.0000,0.0000,0.0000,0.2600,0.2300,0.0000,0.0000,0,0,0,0,0,0,0,1,0,0,0,0,0,0,0,0,1,1,0,0,0.1157,0.0712,0.1242,0.0478,0.0812,0.0126,0.0620,0.1020,0.0035,0.1443,0.000,0.000,0.000,0.000,0.000,0.000,0.020,0.154,0.000,0.000,semi-presidential,parliamentary,parliamentary,parliamentary,parliamentary,semi-presidential,semi-presidential,electoral-authoritarian,electoral-authoritarian,parliamentary,0.800,0.800,0.800,0.800,0.800,0.800,0.800,0.500,0.500,0.800,49.5,90.1,68.0,35.8,41.0,33.1,77.0,100.0,100.0,94.4
2028-01-01,1.0652,1.0681,1.0022,0.9895,1.1083,1.1100,1.0050,1.0055,1.0349,1.0052,0.9885,0.9922,1.1377,1.0950,1.1321,1.0457,1.1310,1.5377,1.0068,1.0204,1.1166,1.0764,1.0066,0.9922,3450.69,5028.88,3999.54,2582.35,1961.19,1125.31,202.97,2599.55,1724.33,553.22,1.1635,0.6603,1.0569,1.4089,1.0113,0.5058,1.1822,0.2160,0.2199,0.0719,0.5961,0.6097,0.6173,0.5999,0.6161,0.7257,0.4872,0.5989,0.6814,0.7144,0.0233,0.0204,0.0380,0.0333,0.0262,0.0040,0.0803,0.0041,0.0197,0.0134,0.9817,0.9812,0.9913,0.9806,0.9820,1.0000,0.9732,1.0000,0.9763,1.0000,55.50,192.64,79.62,54.17,61.91,11.62,5.82,242.64,62.72,88.76,0.0000,0.0000,0.0000,0.0000,0.0000,0.0000,0.4588,0.0380,0.0000,0.0000,104304,74663,53998,54750,86225,66964,95775,572442,131417,91336,0,0,0,0,0,0,0,0,0,0,0.0000,0.0000,0.0000,0.0000,0.0000,0.0000,0.2700,0.2400,0.0000,0.0000,0,0,0,0,0,0,0,1,0,0,0,0,0,0,0,0,1,1,0,0,0.1150,0.0750,0.1246,0.0460,0.0867,0.0122,0.0565,0.1026,0.0025,0.1465,0.000,0.000,0.000,0.000,0.000,0.000,0.018,0.154,0.000,0.000,semi-presidential,parliamentary,parliamentary,parliamentary,parliamentary,semi-presidential,semi-presidential,electoral-authoritarian,electoral-authoritarian,parliamentary,0.800,0.800,0.800,0.840,0.800,0.800,0.800,0.500,0.500,0.800,52.2,92.4,70.3,28.6,43.7,36.1,79.1,100.0,100.0,97.3
2028-02-01,1.0546,1.0636,1.0075,0.9901,1.0947,1.1145,1.0054,1.0022,1.0323,1.0071,0.9894,0.9930,1.1237,1.0905,1.2022,1.0462,1.1176,1.2236,1.0132,1.0037,1.0468,1.0495,1.0113,0.9933,3451.29,5035.44,4013.67,2584.77,1969.48,1127.08,202.48,2601.51,1729.16,554.20,1.1653,0.6595,1.0533,1.4075,1.0070,0.5027,1.1850,0.2178,0.2194,0.0563,0.6197,0.6312,0.5778,0.5828,0.6480,0.7389,0.5135,0.5784,0.6555,0.7025,0.0221,0.0160,0.0356,0.0293,0.0249,0.0005,0.0741,0.0013,0.0206,0.0123,0.9817,0.9812,0.9913,0.9806,0.9820,1.0000,0.9728,1.0000,0.9763,1.0000,54.30,189.68,78.13,53.10,60.71,11.35,5.77,236.05,61.59,88.14,0.0000,0.0000,0.0000,0.0000,0.0000,0.0000,0.4594,0.0380,0.0000,0.0000,104304,74663,53998,54750,86225,66964,95775,572442,131417,91336,0,0,0,0,0,0,0,0,0,0,0.0000,0.0000,0.0000,0.0000,0.0000,0.0000,0.2800,0.2500,0.0000,0.0000,0,0,0,0,0,0,0,1,0,0,0,0,0,0,0,0,1,1,0,0,0.1264,0.0837,0.1364,0.0511,0.0954,0.0119,0.0583,0.1001,0.0031,0.1442,0.000,0.000,0.000,0.000,0.000,0.000,0.020,0.155,0.000,0.000,semi-presidential,parliamentary,parliamentary,parliamentary,parliamentary,semi-presidential,semi-presidential,electoral-authoritarian,electoral-authoritarian,parliamentary,0.800,0.800,0.800,0.830,0.800,0.800,0.800,0.500,0.500,0.800,55.0,94.8,72.4,31.3,46.6,39.2,81.3,100.0,100.0,100.0
2028-03-01,1.0422,1.0595,1.0107,0.9906,1.0808,1.1098,1.0056,1.0021,1.0305,1.0082,0.9911,0.9940,1.1106,1.0874,1.1541,1.0346,1.1035,1.1725,1.0076,1.0037,1.0453,1.0291,1.0312,0.9944,3457.52,5050.21,4018.93,2581.78,1975.47,1133.64,201.45,2601.57,1733.81,555.39,1.1636,0.6626,1.0520,1.4093,1.0040,0.4975,1.1910,0.2198,0.2189,0.0408,0.6170,0.6584,0.6101,0.5929,0.6656,0.7189,0.4963,0.5951,0.6508,0.6998,0.0184,0.0127,0.0319,0.0220,0.0214,0.0000,0.0723,0.0014,0.0165,0.0120,0.9809,0.9804,0.9909,0.9798,0.9813,1.0000,0.9725,1.0000,0.9753,1.0000,53.01,189.80,79.48,53.11,60.08,11.31,5.75,230.62,60.83,87.84,0.0000,0.0000,0.0000,0.0000,0.0000,0.0000,0.4598,0.0398,0.0000,0.0000,104304,74663,53998,54750,86225,66964,95775,572442,131417,91336,0,0,0,0,0,0,0,0,0,0,0.0000,0.0000,0.0000,0.0000,0.0000,0.0000,0.2900,0.2600,0.0000,0.0000,0,0,0,0,0,0,0,1,0,0,0,0,0,0,0,0,1,1,0,0,0.1268,0.0845,0.1375,0.0526,0.0962,0.0116,0.0562,0.0975,0.0036,0.1421,0.000,0.000,0.000,0.000,0.000,0.000,0.020,0.155,0.000,0.000,semi-presidential,parliamentary,parliamentary,parliamentary,parliamentary,semi-presidential,semi-presidential,electoral-authoritarian,electoral-authoritarian,parliamentary,0.800,0.800,0.800,0.820,0.800,0.800,0.800,0.500,0.500,0.800,57.8,97.3,74.7,34.1,49.6,42.2,83.4,100.0,100.0,100.0
2028-04-01,1.0301,1.0574,1.0093,0.9895,1.0651,1.1006,1.0056,1.0019,1.0270,1.0091,0.9931,0.9948,1.0999,1.0870,1.0452,1.0087,1.0878,1.1627,1.0076,1.0035,1.0419,1.0147,1.0350,0.9951,3468.55,5053.96,4022.03,2593.35,1981.49,1141.52,201.11,2607.24,1739.66,556.49,1.1602,0.6661,1.0513,1.4031,1.0010,0.4918,1.1932,0.2213,0.2183,0.0255,0.6269,0.7021,0.6279,0.5752,0.6815,0.7448,0.4581,0.6059,0.6470,0.7073,0.0114,0.0093,0.0181,0.0143,0.0145,0.0000,0.0639,0.0013,0.0097,0.0103,0.9797,0.9792,0.9904,0.9785,0.9799,1.0000,0.9717,1.0000,0.9738,1.0000,52.76,189.80,78.94,53.52,60.58,11.24,5.82,232.20,61.24,87.48,0.0000,0.0000,0.0000,0.0000,0.0000,0.0000,0.4594,0.0411,0.0000,0.0000,104304,74663,53998,54750,86225,66964,95775,572442,131417,91336,0,0,0,0,0,0,0,0,0,0,0.0000,0.0000,0.0000,0.0000,0.0000,0.0000,0.3000,0.2700,0.0000,0.0000,0,0,0,0,0,0,0,1,0,0,0,0,0,0,0,0,1,1,0,0,0.1263,0.0852,0.1382,0.0589,0.0966,0.0153,0.0543,0.0971,0.0076,0.1397,0.000,0.000,0.000,0.000,0.000,0.000,0.019,0.154,0.000,0.000,semi-presidential,parliamentary,parliamentary,parliamentary,parliamentary,semi-presidential,semi-presidential,electoral-authoritarian,electoral-authoritarian,parliamentary,0.800,0.800,0.800,0.810,0.800,0.800,0.800,0.500,0.500,0.800,60.6,100.0,77.1,36.8,52.6,45.4,85.3,100.0,100.0,100.0
2028-05-01,1.0207,1.0576,1.0120,0.9878,1.0529,1.0949,1.0048,1.0012,1.0236,1.0060,0.9947,0.9949,1.0928,1.0889,1.1343,0.9878,1.0757,1.1568,1.0067,1.0027,1.0385,1.0099,1.0282,0.9949,3466.38,5058.85,4016.98,2601.14,1990.39,1144.84,200.11,2604.00,1743.10,558.60,1.1611,0.6656,1.0527,1.3989,0.9965,0.4881,1.1992,0.2267,0.2179,0.0103,0.6414,0.7163,0.6332,0.6212,0.6865,0.7666,0.4743,0.6173,0.6454,0.7068,0.0174,0.0124,0.0159,0.0206,0.0206,0.0000,0.0551,0.0013,0.0135,0.0112,0.9783,0.9780,0.9897,0.9771,0.9785,1.0000,0.9711,1.0000,0.9722,1.0000,52.85,188.79,77.69,54.13,61.23,11.11,5.70,234.75,61.44,87.17,0.0000,0.0000,0.0000,0.0000,0.0000,0.0000,0.4595,0.0421,0.0000,0.0000,104304,74663,53998,54750,86225,66964,95775,572442,131417,91336,0,0,0,0,0,0,0,0,0,0,0.0000,0.0000,0.0000,0.0000,0.0000,0.0000,0.3100,0.2800,0.0000,0.0000,0,0,0,0,0,0,0,1,0,0,0,0,0,0,0,0,1,1,0,0,0.1333,0.0850,0.1386,0.0589,0.0965,0.0156,0.0572,0.0997,0.0077,0.1386,0.000,0.000,0.000,0.000,0.000,0.000,0.018,0.155,0.000,0.000,semi-presidential,parliamentary,parliamentary,parliamentary,parliamentary,semi-presidential,semi-presidential,electoral-authoritarian,electoral-authoritarian,parliamentary,0.800,0.800,0.800,0.800,0.800,0.800,0.800,0.500,0.500,0.800,63.5,100.0,79.4,39.7,55.7,48.7,87.3,100.0,100.0,100.0
2028-06-01,1.0118,1.0566,1.0142,0.9854,1.0470,1.0862,1.0031,1.0009,1.0163,1.0036,0.9932,0.9951,1.0857,1.0882,1.1192,0.9854,1.0698,1.1477,1.0050,1.0024,1.0308,1.0083,0.9947,0.9951,3477.02,5071.68,4018.26,2602.09,1995.51,1150.35,200.10,2610.71,1750.02,558.75,1.1549,0.6640,1.0524,1.3983,0.9940,0.4835,1.1994,0.2284,0.2163,-0.0048,0.6245,0.7130,0.6213,0.6356,0.6993,0.7432,0.4502,0.6065,0.6572,0.7294,0.0154,0.0121,0.0138,0.0196,0.0190,0.0000,0.0535,0.0011,0.0129,0.0096,0.9781,0.9777,0.9896,0.9768,0.9784,1.0000,0.9715,1.0000,0.9718,1.0000,51.95,186.81,77.10,53.78,60.90,11.07,5.67,231.83,60.57,86.91,0.0000,0.0000,0.0000,0.0000,0.0000,0.0000,0.4583,0.0436,0.0000,0.0000,104304,74663,53998,54750,86225,66964,95775,572442,131417,91336,0,0,0,0,0,0,0,0,0,0,0.0000,0.0000,0.0000,0.0000,0.0000,0.0000,0.3200,0.2900,0.0000,0.0000,0,0,0,0,0,0,0,1,0,0,0,0,0,0,0,0,1,1,0,0,0.1330,0.0848,0.1385,0.0592,0.0968,0.0163,0.0641,0.0998,0.0080,0.1382,0.000,0.000,0.000,0.000,0.000,0.000,0.016,0.155,0.000,0.000,semi-presidential,parliamentary,parliamentary,parliamentary,parliamentary,semi-presidential,semi-presidential,electoral-authoritarian,electoral-authoritarian,parliamentary,0.800,0.800,0.800,0.800,0.800,0.800,0.004,0.500,0.500,0.800,66.3,100.0,81.8,42.7,58.9,51.8,89.1,100.0,30.0,100.0
2028-07-01,1.0050,1.0520,1.0150,0.9867,1.0434,1.0741,1.0022,1.0004,1.0091,1.0024,0.9929,0.9964,1.0795,1.0821,1.0705,1.0316,1.0661,1.1343,1.0056,1.0124,1.0226,1.0152,1.0086,0.9968,3489.12,5072.57,4016.99,2610.45,2003.47,1154.80,199.26,2606.83,1754.52,559.43,1.1511,0.6639,1.0528,1.3940,0.9901,0.4793,1.2048,0.2311,0.2179,-0.0198,0.6368,0.7254,0.6276,0.6251,0.6906,0.7481,0.3238,0.6107,0.6668,0.7117,0.0130,0.0114,0.0266,0.0205,0.0163,0.0000,0.0695,0.0013,0.0110,0.0102,0.9793,0.9787,0.9902,0.9780,0.9797,1.0000,0.9719,1.0000,0.9731,1.0000,51.58,184.38,76.64,52.22,59.63,10.96,5.42,229.85,59.66,85.77,0.0000,0.0000,0.0000,0.0000,0.0000,0.0000,0.4584,0.0435,0.0000,0.0000,104304,74663,53998,54750,86225,66964,95775,572442,131417,91336,0,0,0,0,0,0,0,0,0,0,0.0000,0.0000,0.0000,0.0000,0.0000,0.0000,0.3300,0.3000,0.0000,0.0000,0,0,0,0,0,0,0,1,0,0,0,0,0,0,0,0,1,1,0,0,0.1349,0.0852,0.1396,0.0591,0.0980,0.0172,0.0675,0.1010,0.0089,0.1397,0.000,0.000,0.000,0.000,0.000,0.000,0.016,0.154,0.000,0.000,semi-presidential,parliamentary,parliamentary,parliamentary,parliamentary,semi-presidential,semi-presidential,electoral-authoritarian,electoral-authoritarian,parliamentary,0.800,0.800,0.800,0.800,0.800,0.800,0.014,0.500,0.500,0.800,69.2,100.0,84.1,45.7,62.0,55.0,90.9,100.0,33.0,100.0
2028-08-01,0.9987,1.0502,1.0152,0.9881,1.0421,1.0660,1.0040,1.0003,1.0015,1.0022,0.9964,0.9948,1.0724,1.0813,1.0531,1.0383,1.0650,1.1248,1.0491,1.0028,1.0143,1.0047,1.0906,0.9948,3489.41,5079.25,4015.46,2616.30,2004.91,1159.89,198.60,2605.69,1758.70,560.45,1.1513,0.6621,1.0533,1.3909,0.9895,0.4749,1.2092,0.2336,0.2166,-0.0347,0.6510,0.7150,0.6147,0.6354,0.6950,0.7520,0.3011,0.5857,0.6699,0.7048,0.0150,0.0112,0.0290,0.0219,0.0172,0.0000,0.0722,0.0018,0.0106,0.0141,0.9785,0.9780,0.9898,0.9773,0.9788,1.0000,0.9710,1.0000,0.9723,1.0000,51.44,182.75,75.97,53.10,59.63,10.87,5.37,230.89,59.55,85.30,0.0000,0.0000,0.0000,0.0000,0.0000,0.0000,0.4581,0.0432,0.0000,0.0000,104304,74663,53998,54750,86225,66964,95775,572442,131417,91336,0,0,0,0,0,0,0,0,0,0,0.0000,0.0000,0.0000,0.0000,0.0000,0.0000,0.3400,0.3100,0.0000,0.0000,0,0,0,0,0,0,0,1,0,0,0,0,0,0,0,0,1,1,0,0,0.1236,0.0789,0.1269,0.0532,0.0893,0.0160,0.0686,0.1046,0.0076,0.1399,0.000,0.000,0.000,0.000,0.000,0.000,0.013,0.151,0.000,0.000,semi-presidential,parliamentary,parliamentary,parliamentary,parliamentary,semi-presidential,semi-presidential,electoral-authoritarian,electoral-authoritarian,parliamentary,0.800,0.800,0.800,0.800,0.800,0.800,0.024,0.500,0.500,0.800,72.1,95.0,86.4,48.8,65.1,58.2,92.6,100.0,35.9,100.0
2028-09-01,0.9895,1.0491,1.0156,0.9913,1.0387,1.0580,1.0043,0.9980,0.9986,1.0026,0.9988,0.9956,1.0605,1.0808,1.0540,1.0516,1.0613,1.1163,1.0198,0.9994,1.0111,1.0173,1.0702,0.9958,3494.73,5089.29,4024.61,2614.31,2017.66,1165.17,198.48,2609.69,1765.81,560.38,1.1498,0.6609,1.0560,1.3921,0.9832,0.4705,1.2103,0.2356,0.2150,-0.0494,0.6363,0.7146,0.6042,0.6359,0.6721,0.7595,0.3180,0.5901,0.6635,0.7138,0.0133,0.0120,0.0270,0.0267,0.0160,0.0000,0.0681,0.0015,0.0105,0.0119,0.9780,0.9776,0.9896,0.9767,0.9783,1.0000,0.9707,1.0000,0.9717,1.0000,50.09,179.52,73.62,53.22,57.73,10.69,5.31,224.89,58.57,84.69,0.0000,0.0000,0.0000,0.0000,0.0000,0.0000,0.4582,0.0438,0.0000,0.0000,104304,74663,53998,54750,86225,66964,95775,572442,131417,91336,0,0,0,0,0,0,0,0,0,0,0.0000,0.0000,0.0000,0.0000,0.0000,0.0000,0.3500,0.3200,0.0000,0.0000,0,0,0,0,0,0,0,1,0,0,0,0,0,0,0,0,1,1,0,0,0.1343,0.0835,0.1386,0.0587,0.0974,0.0162,0.0665,0.1026,0.0085,0.1394,0.000,0.000,0.000,0.000,0.000,0.000,0.012,0.150,0.000,0.000,semi-presidential,parliamentary,parliamentary,parliamentary,parliamentary,semi-presidential,semi-presidential,electoral-authoritarian,electoral-authoritarian,parliamentary,0.800,0.800,0.800,0.800,0.800,0.800,0.034,0.500,0.500,0.800,75.0,97.9,88.6,51.8,68.1,61.4,94.3,100.0,38.9,100.0
2028-10-01,0.9833,1.0486,1.0173,0.9886,1.0333,1.0502,1.0059,0.9968,0.9993,1.0021,1.0024,0.9939,1.0549,1.0801,1.1085,0.9886,1.0558,1.1072,1.0087,0.9982,1.0123,1.0087,1.0642,0.9939,3494.20,5101.90,4015.94,2620.32,2023.28,1168.39,197.28,2615.28,1774.56,559.82,1.1499,0.6594,1.0583,1.3890,0.9806,0.4668,1.2180,0.2376,0.2131,-0.0643,0.6319,0.7261,0.6416,0.6226,0.7064,0.7719,0.3404,0.5834,0.6740,0.6995,0.0163,0.0115,0.0149,0.0186,0.0192,0.0000,0.0551,0.0014,0.0124,0.0118,0.9782,0.9778,0.9896,0.9769,0.9784,1.0000,0.9705,1.0000,0.9720,1.0000,50.55,182.47,75.01,52.87,60.05,10.54,5.52,229.79,59.83,84.97,0.0000,0.0000,0.0000,0.0000,0.0000,0.0000,0.4583,0.0430,0.0000,0.0000,104304,74663,53998,54750,86225,66964,95775,572442,131417,91336,0,0,0,0,0,0,0,0,0,0,0.0000,0.0000,0.0000,0.0000,0.0000,0.0000,0.3600,0.3300,0.0000,0.0000,0,0,0,0,0,0,0,1,0,0,0,0,0,0,0,0,1,1,0,0,0.1206,0.0779,0.1253,0.0527,0.0871,0.0145,0.0620,0.1068,0.0100,0.1353,0.000,0.000,0.000,0.000,0.000,0.000,0.009,0.145,0.000,0.000,semi-presidential,parliamentary,parliamentary,parliamentary,parliamentary,semi-presidential,semi-presidential,electoral-authoritarian,electoral-authoritarian,parliamentary,0.800,0.800,0.800,0.800,0.800,0.800,0.044,0.500,0.500,0.800,77.8,100.0,91.1,54.7,71.3,64.7,96.2,100.0,41.9,100.0
2028-11-01,0.9797,1.0455,1.0149,0.9895,1.0308,1.0398,1.0058,0.9952,0.9978,1.0013,1.0044,0.9954,1.0538,1.0758,1.0529,1.0276,1.0532,1.0957,1.0215,0.9966,1.0105,1.0197,1.0751,0.9958,3505.70,5109.35,4026.39,2626.81,2030.67,1174.12,196.30,2622.68,1784.44,559.49,1.1463,0.6585,1.0556,1.3857,0.9771,0.4622,1.2245,0.2394,0.2112,-0.0791,0.6198,0.7270,0.6247,0.6273,0.7012,0.7494,0.3255,0.6131,0.6633,0.6829,0.0133,0.0103,0.0271,0.0168,0.0161,0.0000,0.0718,0.0016,0.0105,0.0120,0.9790,0.9785,0.9900,0.9778,0.9794,1.0000,0.9711,1.0000,0.9729,1.0000,50.79,182.31,75.58,52.34,59.83,10.42,5.44,230.89,59.90,84.15,0.0000,0.0000,0.0000,0.0000,0.0000,0.0000,0.4585,0.0433,0.0000,0.0000,104304,74663,53998,54750,86225,66964,95775,572442,131417,91336,0,0,0,0,0,0,0,0,0,0,0.0000,0.0000,0.0000,0.0000,0.0000,0.0000,0.3700,0.3400,0.0000,0.0000,0,0,0,0,0,0,0,1,0,0,0,0,0,0,0,0,1,1,0,0,0.1339,0.0839,0.1384,0.0586,0.0972,0.0159,0.0669,0.1085,0.0119,0.1364,0.000,0.000,0.000,0.000,0.000,0.000,0.008,0.145,0.000,0.000,semi-presidential,parliamentary,parliamentary,parliamentary,parliamentary,semi-presidential,semi-presidential,electoral-authoritarian,electoral-authoritarian,parliamentary,0.800,0.800,0.800,0.800,0.800,0.800,0.054,0.500,0.500,0.800,80.6,100.0,93.4,57.7,74.4,67.9,98.0,100.0,44.8,100.0
2028-12-01,0.9782,1.0426,1.0152,0.9877,1.0272,1.0336,1.0068,0.9929,1.0005,1.0003,1.0032,0.9982,1.0530,1.0724,1.0526,0.9893,1.0493,1.0883,1.0137,0.9943,1.0346,1.0065,1.0049,0.9989,3512.88,5114.91,4030.19,2630.03,2039.57,1183.04,195.49,2630.64,1787.90,558.96,1.1440,0.6580,1.0544,1.3840,0.9729,0.4564,1.2300,0.2412,0.2100,-0.0940,0.6355,0.7336,0.6495,0.6403,0.7042,0.7560,0.3073,0.6489,0.7017,0.6639,0.0109,0.0098,0.0106,0.0151,0.0150,0.0000,0.0574,0.0019,0.0110,0.0094,0.9794,0.9788,0.9902,0.9781,0.9798,1.0000,0.9710,1.0000,0.9733,1.0000,51.37,182.82,74.10,52.85,61.12,10.22,5.48,235.57,61.19,84.02,0.0000,0.0000,0.0000,0.0000,0.0000,0.0000,0.4583,0.0426,0.0000,0.0000,104304,74663,53998,54750,86225,66964,95775,572442,131417,91336,0,0,0,0,0,0,0,0,0,0,0.0000,0.0000,0.0000,0.0000,0.0000,0.0000,0.3800,0.3500,0.0000,0.0000,0,0,0,0,0,0,0,1,0,0,0,0,0,0,0,0,1,1,0,0,0.1354,0.0859,0.1409,0.0607,0.0989,0.0228,0.0669,0.1121,0.0136,0.1342,0.000,0.000,0.000,0.000,0.000,0.000,0.007,0.143,0.000,0.000,semi-presidential,parliamentary,parliamentary,parliamentary,parliamentary,semi-presidential,semi-presidential,electoral-authoritarian,electoral-authoritarian,parliamentary,0.800,0.800,0.800,0.800,0.800,0.800,0.104,0.500,0.500,0.800,83.5,100.0,95.9,60.8,77.6,71.1,89.7,100.0,48.0,100.0
2029-01-01,0.9758,1.0417,1.0177,0.9840,1.0217,1.0286,1.0080,0.9914,1.0000,0.9975,1.0320,1.0152,1.0506,1.0730,1.1321,0.9840,1.0438,1.0830,1.0340,0.9928,1.0129,1.0032,1.5518,1.0172,3532.17,5137.15,4052.08,2635.43,2053.17,1192.34,195.28,2640.66,1800.20,558.54,1.1378,0.6554,1.0486,1.3812,0.9666,0.4505,1.2318,0.2428,0.2078,-0.1088,0.6378,0.7213,0.6506,0.6400,0.7072,0.7788,0.2969,0.6469,0.6980,0.6549,0.0307,0.0125,0.0340,0.0203,0.0305,0.0000,0.0748,0.0042,0.0140,0.0343,0.9782,0.9777,0.9896,0.9770,0.9785,1.0000,0.9703,1.0000,0.9720,1.0000,51.07,181.40,73.71,53.56,61.02,10.16,5.39,234.73,60.87,83.76,0.0000,0.0000,0.0000,0.0000,0.0000,0.0000,0.4585,0.0434,0.0000,0.0000,104304,74663,53998,54750,86225,66964,95775,572442,131417,91336,0,0,0,0,0,0,0,0,0,0,0.0000,0.0000,0.0000,0.0000,0.0000,0.0000,0.3900,0.3600,0.0000,0.0000,0,0,0,0,0,0,0,1,0,0,0,0,0,0,0,0,1,1,0,0,0.1481,0.0974,0.1541,0.0729,0.1114,0.0329,0.0804,0.1220,0.0295,0.1339,0.000,0.000,0.000,0.000,0.000,0.000,0.010,0.132,0.000,0.000,semi-presidential,parliamentary,parliamentary,parliamentary,parliamentary,semi-presidential,semi-presidential,electoral-authoritarian,electoral-authoritarian,parliamentary,0.800,0.800,0.800,0.800,0.800,0.800,0.114,0.500,0.500,0.800,86.3,100.0,98.3,63.8,80.8,74.5,91.3,100.0,51.2,100.0
2029-02-01,0.9741,1.0399,1.0153,0.9814,1.0180,1.0233,1.0091,0.9920,0.9992,0.9942,1.0515,1.0232,1.0494,1.0706,1.0533,0.9814,1.0400,1.0770,1.0349,1.0029,1.0120,0.9990,1.5066,1.0242,3555.56,5160.44,4076.02,2653.19,2066.26,1205.39,195.34,2648.95,1810.16,557.15,1.1304,0.6526,1.0424,1.3720,0.9604,0.4433,1.2317,0.2416,0.2059,-0.1237,0.6486,0.7459,0.6895,0.6393,0.7236,0.8000,0.3268,0.6538,0.7164,0.6476,0.0240,0.0100,0.0271,0.0151,0.0241,0.0000,0.0739,0.0036,0.0106,0.0302,0.9786,0.9781,0.9898,0.9774,0.9790,1.0000,0.9706,1.0000,0.9724,1.0000,51.32,183.92,75.66,53.90,61.81,10.46,5.36,236.24,61.34,83.79,0.0000,0.0000,0.0000,0.0000,0.0000,0.0000,0.4584,0.0434,0.0000,0.0000,104304,74663,53998,54750,86225,66964,95775,572442,131417,91336,0,0,0,0,0,0,0,0,0,0,0.0000,0.0000,0.0000,0.0000,0.0000,0.0000,0.4000,0.3700,0.0000,0.0000,0,0,0,0,0,0,0,1,0,0,0,0,0,0,0,0,1,1,0,0,0.1545,0.1031,0.1606,0.0784,0.1175,0.0382,0.0872,0.1267,0.0347,0.1339,0.000,0.000,0.000,0.000,0.000,0.000,0.007,0.129,0.000,0.000,semi-presidential,parliamentary,parliamentary,parliamentary,parliamentary,semi-presidential,semi-presidential,electoral-authoritarian,electoral-authoritarian,parliamentary,0.800,0.800,0.800,0.800,0.800,0.800,0.124,0.500,0.500,0.800,89.3,100.0,100.0,66.9,84.1,77.9,93.0,100.0,54.4,100.0
2029-03-01,0.9718,1.0380,1.0112,0.9824,1.0174,1.0177,1.0070,0.9937,0.9969,0.9913,1.0649,1.0225,1.0459,1.0686,1.0491,1.0233,1.0398,1.0706,1.0088,1.0555,1.0092,0.9948,1.4718,1.0225,3574.40,5184.46,4099.87,2662.88,2079.45,1210.62,195.74,2657.79,1820.96,557.35,1.1244,0.6496,1.0364,1.3670,0.9543,0.4392,1.2293,0.2434,0.2039,-0.1383,0.6590,0.7624,0.7170,0.6820,0.7266,0.8472,0.3761,0.6341,0.6982,0.6344,0.0244,0.0109,0.0402,0.0197,0.0241,0.0000,0.0885,0.0030,0.0106,0.0296,0.9787,0.9781,0.9898,0.9774,0.9791,1.0000,0.9708,1.0000,0.9725,1.0000,51.13,183.93,77.01,53.33,60.93,10.83,5.24,233.81,60.67,83.18,0.0000,0.0000,0.0000,0.0000,0.0000,0.0000,0.4584,0.0435,0.0000,0.0000,104304,74663,53998,54750,86225,66964,95775,572442,131417,91336,0,0,0,0,0,0,0,0,0,0,0.0000,0.0000,0.0000,0.0000,0.0000,0.0000,0.4100,0.3800,0.0000,0.0000,0,0,0,0,0,0,0,1,0,0,0,0,0,0,0,0,1,1,0,0,0.1507,0.1002,0.1553,0.0753,0.1139,0.0377,0.0894,0.1246,0.0335,0.1356,0.000,0.000,0.000,0.000,0.000,0.000,0.002,0.129,0.000,0.000,semi-presidential,parliamentary,parliamentary,parliamentary,parliamentary,semi-presidential,semi-presidential,electoral-authoritarian,electoral-authoritarian,parliamentary,0.800,0.800,0.800,0.800,0.800,0.800,0.134,0.500,0.500,0.800,92.3,30.0,100.0,70.2,87.4,81.7,95.0,100.0,57.6,100.0
2029-04-01,0.9673,1.0359,1.0106,0.9840,1.0128,1.0115,1.0048,0.9961,0.9942,0.9947,1.0702,1.0171,1.0394,1.0664,1.0490,1.0323,1.0346,1.0638,1.0065,1.0489,1.0063,1.0613,1.2126,1.0171,3586.04,5192.54,4096.76,2673.00,2083.92,1216.23,195.83,2670.17,1835.01,558.18,1.1178,0.6486,1.0373,1.3619,0.9522,0.4348,1.2286,0.2448,0.2015,-0.1527,0.6658,0.7724,0.7255,0.6696,0.7287,0.8107,0.4088,0.6425,0.7118,0.6462,0.0172,0.0115,0.0300,0.0234,0.0187,0.0000,0.0779,0.0022,0.0105,0.0173,0.9787,0.9781,0.9898,0.9775,0.9791,1.0000,0.9708,1.0000,0.9725,1.0000,50.50,182.94,76.63,53.03,60.14,11.03,5.12,230.22,60.03,82.91,0.0000,0.0000,0.0000,0.0000,0.0000,0.0000,0.4583,0.0437,0.0000,0.0000,104304,74663,53998,54750,86225,66964,95775,572442,131417,91336,0,0,0,0,0,0,0,0,0,0,0.0000,0.0000,0.0000,0.0000,0.0000,0.0000,0.4200,0.3900,0.0000,0.0000,0,0,0,0,0,0,0,1,0,0,0,0,0,0,0,0,1,1,0,0,0.1190,0.0827,0.1218,0.0574,0.0888,0.0296,0.0752,0.1157,0.0243,0.1361,0.000,0.000,0.000,0.000,0.000,0.000,0.000,0.133,0.000,0.000,semi-presidential,parliamentary,parliamentary,parliamentary,parliamentary,semi-presidential,semi-presidential,electoral-authoritarian,electoral-authoritarian,parliamentary,0.800,0.850,0.800,0.800,0.800,0.800,0.144,0.500,0.500,0.800,95.3,43.4,100.0,73.4,90.7,85.2,97.3,100.0,60.8,100.0
2029-05-01,0.9684,1.0341,1.0107,0.9862,1.0076,1.0053,1.0032,0.9978,0.9941,0.9972,1.0714,1.0112,1.0402,1.0622,1.0457,1.0384,1.0291,1.0551,1.0049,1.0364,1.0055,1.0500,1.1053,1.0112,3588.41,5191.79,4089.68,2676.32,2087.26,1220.36,195.53,2679.16,1845.33,559.40,1.1171,0.6487,1.0391,1.3603,0.9507,0.4310,1.2303,0.2466,0.1996,-0.1670,0.6626,0.7171,0.6893,0.6692,0.7093,0.7974,0.4278,0.6683,0.7201,0.6655,0.0129,0.0112,0.0246,0.0246,0.0156,0.0000,0.0770,0.0015,0.0099,0.0118,0.9805,0.9800,0.9907,0.9794,0.9809,1.0000,0.9707,1.0000,0.9749,1.0000,52.95,185.38,77.47,54.98,62.48,11.16,5.51,241.52,61.99,82.87,0.0000,0.0000,0.0000,0.0000,0.0000,0.0000,0.4570,0.0398,0.0000,0.0000,104304,74663,53998,54750,86225,66964,95775,572442,131417,91336,0,0,0,0,0,0,0,0,0,0,0.0000,0.0000,0.0000,0.0000,0.0000,0.0000,0.4300,0.4000,0.0000,0.0000,0,0,0,0,0,0,0,1,0,0,0,0,0,0,0,0,1,1,0,0,0.1096,0.0766,0.1114,0.0512,0.0805,0.0259,0.0702,0.1162,0.0205,0.1358,0.000,0.000,0.000,0.000,0.000,0.000,0.000,0.138,0.000,0.000,semi-presidential,parliamentary,parliamentary,parliamentary,parliamentary,semi-presidential,semi-presidential,electoral-authoritarian,electoral-authoritarian,parliamentary,0.800,0.840,0.800,0.800,0.800,0.800,0.154,0.500,0.500,0.800,98.3,46.3,100.0,76.6,93.9,88.7,99.6,100.0,64.1,100.0
2029-06-01,0.9685,1.0336,1.0129,0.9885,1.0019,1.0009,1.0029,1.0007,0.9925,0.9968,1.0655,1.0069,1.0404,1.0625,1.1164,1.0420,1.0234,1.0506,1.0045,1.0595,1.0039,1.0053,1.0675,1.0069,3585.17,5204.18,4079.97,2675.36,2097.08,1226.63,195.10,2688.50,1857.17,558.59,1.1183,0.6472,1.0418,1.3609,0.9463,0.4265,1.2331,0.2484,0.2006,-0.1819,0.6489,0.7048,0.6391,0.6482,0.6933,0.7669,0.4010,0.6556,0.7168,0.6856,0.0178,0.0141,0.0289,0.0292,0.0204,0.0000,0.0746,0.0014,0.0126,0.0129,0.9798,0.9793,0.9904,0.9787,0.9801,1.0000,0.9701,1.0000,0.9741,1.0000,52.89,184.80,77.52,54.86,62.34,11.40,5.53,240.39,61.74,83.07,0.0000,0.0000,0.0000,0.0000,0.0000,0.0000,0.4580,0.0403,0.0000,0.0000,104304,74663,53998,54750,86225,66964,95775,572442,131417,91336,0,0,0,0,0,0,0,0,0,0,0.0000,0.0000,0.0000,0.0000,0.0000,0.0000,0.4400,0.4100,0.0000,0.0000,0,0,0,0,0,0,0,1,0,0,0,0,0,0,0,0,1,1,0,0,0.1174,0.0790,0.1199,0.0539,0.0858,0.0252,0.0688,0.1181,0.0199,0.1363,0.000,0.000,0.000,0.000,0.000,0.000,0.000,0.137,0.000,0.000,semi-presidential,parliamentary,parliamentary,parliamentary,parliamentary,semi-presidential,semi-presidential,electoral-authoritarian,electoral-authoritarian,parliamentary,0.800,0.830,0.800,0.800,0.800,0.800,0.164,0.500,0.500,0.800,100.0,49.3,100.0,79.7,97.0,92.0,100.0,100.0,67.4,100.0
2029-07-01,0.9722,1.0340,1.0136,0.9878,0.9999,0.9943,1.0016,0.9985,0.9904,0.9993,1.0552,1.0056,1.1153,1.0651,1.0681,1.0172,1.0216,1.0446,1.0035,1.0000,1.0023,1.0412,1.0574,1.0056,3581.22,5212.95,4081.08,2681.77,2101.59,1231.05,195.47,2698.92,1870.59,558.77,1.1197,0.6462,1.0447,1.3579,0.9443,0.4256,1.2308,0.2500,0.1983,-0.1964,0.6316,0.7154,0.6117,0.6255,0.7051,0.7678,0.3989,0.6765,0.7399,0.6711,0.0165,0.0145,0.0255,0.0197,0.0202,0.0031,0.0997,0.0012,0.0137,0.0083,0.9782,0.9777,0.9896,0.9769,0.9784,1.0000,0.9698,1.0000,0.9720,1.0000,53.16,187.64,80.11,56.38,64.81,11.06,5.74,245.64,63.18,83.31,0.0000,0.0000,0.0000,0.0000,0.0000,0.0000,0.4587,0.0431,0.0000,0.0000,104304,74663,53998,54750,86225,66964,95775,572442,131417,91336,0,0,0,0,0,0,0,0,0,0,0.0000,0.0000,0.0000,0.0000,0.0000,0.0000,0.4500,0.4200,0.0000,0.0000,0,0,0,0,0,0,0,1,0,0,0,0,0,0,0,0,1,1,0,0,0.1345,0.0877,0.1385,0.0631,0.0988,0.0270,0.0750,0.1219,0.0223,0.1336,0.000,0.000,0.000,0.000,0.000,0.000,0.000,0.139,0.000,0.000,semi-presidential,parliamentary,parliamentary,parliamentary,parliamentary,semi-presidential,semi-presidential,electoral-authoritarian,electoral-authoritarian,parliamentary,0.800,0.820,0.800,0.800,0.800,0.800,0.174,0.500,0.500,0.800,100.0,52.3,100.0,82.7,100.0,95.3,100.0,100.0,70.8,100.0
2029-08-01,0.9776,1.0319,1.0142,0.9888,1.0013,0.9908,1.0044,0.9978,0.9887,0.9994,1.0449,1.0045,1.1644,1.0604,1.0569,1.0260,1.0317,1.0397,1.0750,0.9992,1.0000,1.0103,1.0468,1.0045,3589.79,5230.18,4077.67,2684.68,2104.55,1236.94,195.12,2709.57,1877.46,557.81,1.1172,0.6492,1.0459,1.3564,0.9429,0.4213,1.2370,0.2515,0.1968,-0.2114,0.6201,0.7185,0.6207,0.6333,0.6863,0.7538,0.4082,0.6794,0.7420,0.6683,0.0207,0.0177,0.0272,0.0273,0.0257,0.0058,0.1010,0.0013,0.0146,0.0134,0.9801,0.9795,0.9905,0.9789,0.9805,1.0000,0.9705,1.0000,0.9744,1.0000,52.19,184.45,76.83,54.15,63.02,10.88,5.76,241.90,62.83,82.30,0.0000,0.0000,0.0000,0.0000,0.0000,0.0000,0.4582,0.0407,0.0000,0.0000,104304,74663,53998,54750,86225,66964,95775,572442,131417,91336,0,0,0,0,0,0,0,0,0,0,0.0000,0.0000,0.0000,0.0000,0.0000,0.0000,0.4600,0.4300,0.0000,0.0000,0,0,0,0,0,0,0,1,0,0,0,0,0,0,0,0,1,1,0,0,0.1347,0.0924,0.1390,0.0619,0.0994,0.0299,0.0784,0.1226,0.0223,0.1365,0.000,0.000,0.000,0.000,0.000,0.000,0.000,0.140,0.000,0.000,semi-presidential,parliamentary,parliamentary,parliamentary,parliamentary,semi-presidential,semi-presidential,electoral-authoritarian,electoral-authoritarian,parliamentary,0.800,0.810,0.800,0.800,0.800,0.800,0.184,0.500,0.500,0.800,100.0,55.3,30.0,85.7,100.0,98.5,95.0,100.0,74.2,100.0
2029-09-01,0.9828,1.0308,1.0156,0.9906,0.9991,0.9866,1.0047,0.9972,0.9863,1.0004,1.0336,1.0030,1.1717,1.0611,1.0939,1.0349,1.0206,1.0361,1.0160,0.9986,0.9976,1.0240,1.0354,1.0030,3607.12,5239.93,4080.53,2683.06,2107.41,1245.40,194.84,2725.35,1886.31,559.96,1.1120,0.6483,1.0455,1.3573,0.9417,0.4161,1.2389,0.2527,0.1951,-0.2253,0.6327,0.7353,0.6063,0.6254,0.6729,0.7542,0.3831,0.6893,0.7248,0.6464,0.0216,0.0200,0.0267,0.0315,0.0251,0.0057,0.0987,0.0011,0.0163,0.0091,0.9787,0.9781,0.9898,0.9774,0.9790,1.0000,0.9699,1.0000,0.9726,1.0000,52.25,182.52,75.32,54.73,62.81,10.80,5.66,242.50,62.85,81.99,0.0000,0.0000,0.0000,0.0000,0.0000,0.0000,0.4589,0.0428,0.0000,0.0000,104304,74663,53998,54750,86225,66964,95775,572442,131417,91336,0,0,0,0,0,0,0,0,0,0,0.0000,0.0000,0.0000,0.0000,0.0000,0.0000,0.4700,0.4400,0.0000,0.0000,0,0,0,0,0,0,0,1,0,0,0,0,0,0,0,0,1,1,0,0,0.1309,0.0898,0.1351,0.0598,0.0967,0.0284,0.0732,0.1210,0.0208,0.1363,0.000,0.000,0.000,0.000,0.000,0.000,0.000,0.142,0.000,0.000,semi-presidential,parliamentary,parliamentary,parliamentary,parliamentary,semi-presidential,semi-presidential,electoral-authoritarian,electoral-authoritarian,parliamentary,0.800,0.800,0.800,0.800,0.800,0.800,0.194,0.500,0.500,0.800,100.0,58.4,32.6,88.6,100.0,100.0,97.1,100.0,77.5,100.0
2029-10-01,0.9866,1.0287,1.0197,0.9920,0.9979,0.9833,1.0066,0.9958,0.9858,0.9995,1.0251,1.0018,1.1309,1.0579,1.1822,1.0390,1.0195,1.0321,1.0545,0.9971,0.9970,1.0090,1.0268,1.0018,3610.58,5257.24,4081.75,2687.23,2111.02,1251.74,194.50,2736.56,1896.82,561.54,1.1111,0.6465,1.0456,1.3554,0.9401,0.4117,1.2411,0.2542,0.1913,-0.2395,0.6503,0.7268,0.6125,0.6033,0.6691,0.7742,0.3778,0.7082,0.7119,0.6995,0.0249,0.0197,0.0315,0.0341,0.0281,0.0032,0.0980,0.0012,0.0194,0.0120,0.9794,0.9789,0.9902,0.9783,0.9799,1.0000,0.9701,1.0000,0.9735,1.0000,53.15,182.79,75.04,55.06,63.48,10.75,5.61,245.38,63.25,82.79,0.0000,0.0000,0.0000,0.0000,0.0000,0.0000,0.4587,0.0419,0.0000,0.0000,104304,74663,53998,54750,86225,66964,95775,572442,131417,91336,0,0,0,0,0,0,0,0,0,0,0.0000,0.0000,0.0000,0.0000,0.0000,0.0000,0.4800,0.4500,0.0000,0.0000,0,0,0,0,0,0,0,1,0,0,0,0,0,0,0,0,1,1,0,0,0.1315,0.0893,0.1355,0.0593,0.0966,0.0278,0.0740,0.1210,0.0201,0.1366,0.000,0.000,0.000,0.000,0.000,0.000,0.000,0.144,0.000,0.000,semi-presidential,parliamentary,parliamentary,parliamentary,parliamentary,semi-presidential,semi-presidential,electoral-authoritarian,electoral-authoritarian,parliamentary,0.800,0.800,0.800,0.800,0.800,0.800,0.204,0.500,0.500,0.800,100.0,61.5,35.3,91.4,100.0,100.0,99.1,100.0,80.7,30.0
2029-11-01,0.9865,1.0281,1.0230,0.9925,0.9957,0.9773,1.0045,0.9959,0.9894,0.9988,1.0183,0.9993,1.0645,1.0585,1.1603,1.0260,1.0166,1.0258,1.0063,0.9973,1.0522,1.0087,1.0200,0.9993,3609.90,5273.90,4083.52,2685.63,2113.91,1255.20,194.30,2743.77,1906.39,561.66,1.1115,0.6449,1.0455,1.3563,0.9388,0.4082,1.2426,0.2560,0.1895,-0.2542,0.6407,0.7394,0.6080,0.6049,0.6616,0.7698,0.3492,0.6976,0.7137,0.7124,0.0177,0.0140,0.0265,0.0256,0.0228,0.0000,0.0737,0.0030,0.0169,0.0109,0.9784,0.9779,0.9897,0.9772,0.9788,1.0000,0.9695,1.0000,0.9723,1.0000,53.31,185.81,76.44,54.50,63.65,10.86,5.57,245.74,64.09,83.87,0.0000,0.0000,0.0000,0.0000,0.0000,0.0000,0.4588,0.0430,0.0000,0.0000,104304,74663,53998,54750,86225,66964,95775,572442,131417,91336,0,0,0,0,0,0,0,0,0,0,0.0000,0.0000,0.0000,0.0000,0.0000,0.0000,0.4900,0.4600,0.0000,0.0000,0,0,0,0,0,0,0,1,0,0,0,0,0,0,0,0,1,1,0,0,0.1223,0.0843,0.1253,0.0544,0.0889,0.0255,0.0698,0.1167,0.0176,0.1363,0.000,0.000,0.000,0.000,0.000,0.000,0.000,0.146,0.000,0.000,semi-presidential,parliamentary,parliamentary,parliamentary,parliamentary,semi-presidential,semi-presidential,electoral-authoritarian,electoral-authoritarian,parliamentary,0.800,0.770,0.800,0.800,0.800,0.800,0.214,0.500,0.500,0.800,100.0,64.7,38.0,94.3,100.0,100.0,100.0,100.0,84.0,33.0
2029-12-01,0.9895,1.0267,1.0209,0.9937,0.9934,0.9731,1.0021,0.9956,0.9903,0.9958,1.0148,1.0012,1.1017,1.0567,1.0584,1.0282,1.0142,1.0212,1.0039,0.9970,1.0118,1.0032,1.0165,1.0016,3616.81,5306.58,4100.24,2687.53,2124.03,1262.78,193.63,2749.67,1913.29,562.32,1.1095,0.6412,1.0416,1.3555,0.9344,0.4035,1.2470,0.2578,0.1881,-0.2688,0.6323,0.7185,0.6160,0.5988,0.6540,0.7563,0.3559,0.6871,0.7053,0.7046,0.0129,0.0125,0.0203,0.0214,0.0168,0.0013,0.0960,0.0013,0.0120,0.0084,0.9787,0.9782,0.9898,0.9775,0.9791,1.0000,0.9697,1.0000,0.9727,1.0000,53.97,187.32,76.57,55.24,64.94,10.82,5.52,251.46,65.37,83.74,0.0000,0.0000,0.0000,0.0000,0.0000,0.0000,0.4588,0.0429,0.0000,0.0000,104304,74663,53998,54750,86225,66964,95775,572442,131417,91336,0,0,0,0,0,0,0,0,0,0,0.0000,0.0000,0.0000,0.0000,0.0000,0.0000,0.5000,0.4700,0.0000,0.0000,0,0,0,0,0,0,0,1,0,0,0,0,0,0,0,0,1,1,0,0,0.1387,0.0930,0.1430,0.0627,0.1019,0.0283,0.0728,0.1210,0.0212,0.1371,0.000,0.000,0.000,0.000,0.000,0.000,0.000,0.145,0.000,0.000,semi-presidential,parliamentary,parliamentary,parliamentary,parliamentary,semi-presidential,semi-presidential,electoral-authoritarian,electoral-authoritarian,parliamentary,0.800,0.780,0.800,0.800,0.800,0.800,0.224,0.500,0.500,0.800,100.0,67.7,40.7,97.1,100.0,100.0,100.0,100.0,87.2,35.9
2030-01-01,0.9890,1.0241,1.0195,0.9943,0.9917,0.9711,0.9965,0.9960,0.9918,0.9960,1.0115,1.0030,1.0670,1.0535,1.0574,1.0261,1.0128,1.0189,0.9981,1.0016,1.0202,1.0060,1.0132,1.0035,3632.88,5336.93,4103.02,2701.48,2132.65,1272.79,193.10,2755.79,1926.89,562.39,1.1048,0.6380,1.0412,1.3487,0.9306,0.3981,1.2506,0.2596,0.1860,-0.2836,0.6390,0.7537,0.6577,0.5953,0.6834,0.7657,0.3183,0.6667,0.7073,0.7109,0.0111,0.0106,0.0195,0.0192,0.0152,0.0000,0.0701,0.0017,0.0111,0.0089,0.9790,0.9784,0.9900,0.9778,0.9795,1.0000,0.9719,1.0000,0.9730,1.0000,53.29,187.60,76.51,54.04,63.81,10.92,5.52,246.12,64.74,83.98,0.0000,0.0000,0.0000,0.0000,0.0000,0.0000,0.4586,0.0432,0.0000,0.0000,104304,74663,53998,54750,86225,66964,95775,572442,131417,91336,0,0,0,0,0,0,0,0,0,0,0.0000,0.0000,0.0000,0.0000,0.0000,0.0000,0.5100,0.4800,0.0000,0.0000,0,0,0,0,0,0,0,1,0,0,0,0,0,0,0,0,1,1,0,0,0.1400,0.0945,0.1450,0.0696,0.1033,0.0295,0.0754,0.1200,0.0223,0.1369,0.000,0.000,0.000,0.000,0.000,0.000,0.000,0.144,0.000,0.000,semi-presidential,parliamentary,parliamentary,parliamentary,parliamentary,semi-presidential,semi-presidential,electoral-authoritarian,electoral-authoritarian,parliamentary,0.800,0.790,0.800,0.800,0.800,0.800,0.234,0.500,0.500,0.800,100.0,71.0,43.6,99.8,100.0,100.0,100.0,100.0,90.4,38.9
2030-02-01,0.9914,1.0172,1.0172,0.9948,0.9869,0.9665,0.9926,0.9941,0.9997,0.9967,1.0086,1.0143,1.0775,1.0449,1.0548,1.0252,1.0077,1.0135,0.9942,0.9955,1.1556,1.0129,1.0103,1.0158,3655.74,5356.54,4113.17,2712.09,2141.57,1280.34,192.95,2760.29,1937.47,562.78,1.0980,0.6360,1.0389,1.3434,0.9268,0.3935,1.2517,0.2615,0.1842,-0.2981,0.6602,0.7929,0.6512,0.6433,0.6996,0.7967,0.3223,0.6643,0.7243,0.6950,0.0110,0.0106,0.0212,0.0202,0.0187,0.0001,0.0872,0.0067,0.0155,0.0126,0.9802,0.9795,0.9905,0.9791,0.9809,1.0000,0.9722,1.0000,0.9744,1.0000,54.87,190.05,76.48,54.61,65.37,10.86,5.65,252.92,66.41,83.72,0.0000,0.0000,0.0000,0.0000,0.0000,0.0000,0.4588,0.0429,0.0000,0.0000,104304,74663,53998,54750,86225,66964,95775,572442,131417,91336,0,0,0,0,0,0,0,0,0,0,0.0000,0.0000,0.0000,0.0000,0.0000,0.0000,0.5200,0.4900,0.0000,0.0000,0,0,0,0,0,0,0,1,0,0,0,0,0,0,0,0,1,1,0,0,0.1531,0.1026,0.1540,0.0776,0.1117,0.0362,0.0782,0.1281,0.0293,0.1361,0.000,0.000,0.000,0.000,0.000,0.000,0.000,0.138,0.000,0.000,semi-presidential,parliamentary,parliamentary,parliamentary,parliamentary,semi-presidential,semi-presidential,electoral-authoritarian,electoral-authoritarian,parliamentary,0.800,0.800,0.800,0.800,0.800,0.800,0.244,0.500,0.500,0.800,100.0,74.5,46.5,100.0,100.0,100.0,100.0,100.0,93.7,41.7
2030-03-01,0.9939,1.0132,1.0138,1.0000,0.9832,0.9652,0.9918,0.9935,1.0046,0.9969,1.0060,1.0198,1.0932,1.0413,1.0509,1.0483,1.0039,1.0118,0.9933,0.9947,1.1288,1.0071,1.0074,1.0207,3680.17,5387.77,4135.82,2733.64,2148.75,1288.02,192.57,2770.86,1943.85,562.62,1.0907,0.6327,1.0332,1.3358,0.9237,0.3889,1.2543,0.2629,0.1828,-0.3130,0.6708,0.7839,0.6603,0.6562,0.7000,0.7936,0.3539,0.6337,0.7208,0.6912,0.0118,0.0124,0.0208,0.0291,0.0185,0.0007,0.0963,0.0054,0.0148,0.0114,0.9798,0.9792,0.9903,0.9787,0.9804,1.0000,0.9714,1.0000,0.9740,1.0000,55.42,190.22,74.94,56.45,65.35,10.94,5.63,255.19,67.04,83.47,0.0000,0.0000,0.0000,0.0000,0.0000,0.0000,0.4587,0.0424,0.0000,0.0000,104304,74663,53998,54750,86225,66964,95775,572442,131417,91336,0,0,0,0,0,0,0,0,0,0,0.0000,0.0000,0.0000,0.0000,0.0000,0.0000,0.5300,0.5000,0.0000,0.0000,0,0,0,0,0,0,0,1,0,0,0,0,0,0,0,0,0,0,0,0,0.1577,0.1059,0.1580,0.0810,0.1161,0.0398,0.0822,0.1318,0.0367,0.1368,0.000,0.000,0.000,0.000,0.000,0.000,0.000,0.135,0.000,0.000,semi-presidential,parliamentary,parliamentary,parliamentary,parliamentary,semi-presidential,semi-presidential,electoral-authoritarian,electoral-authoritarian,parliamentary,0.800,0.800,0.800,0.800,0.800,0.800,0.254,0.500,0.500,0.800,100.0,77.9,49.5,100.0,100.0,100.0,100.0,100.0,97.0,44.6
2030-04-01,0.9956,1.0076,1.0098,1.0054,0.9780,0.9682,0.9909,0.9957,1.0086,0.9978,1.0019,1.0205,0.9956,1.0076,1.0099,1.0444,0.9780,0.9965,0.9909,1.0318,1.0668,1.0028,1.0019,1.0206,3695.15,5429.85,4155.97,2747.10,2165.18,1295.36,194.40,2782.24,1958.31,565.20,1.0864,0.6279,1.0279,1.3293,0.9166,0.3845,1.2437,0.2632,0.1807,-0.3263,0.6775,0.7892,0.6931,0.7007,0.6960,0.7922,0.3514,0.6468,0.6985,0.6796,0.0023,0.0012,0.0117,0.0111,0.0032,0.0004,0.0157,0.0026,0.0023,0.0041,1.0000,1.0000,1.0000,1.0000,1.0000,1.0000,1.0000,1.0000,1.0000,1.0000,58.08,199.62,78.20,58.00,67.44,11.24,10.55,266.40,69.14,85.03,0.0000,0.0000,0.0000,0.0000,0.0000,0.0000,0.0000,0.0000,0.0000,0.0000,104304,74663,53998,54750,86225,66964,95775,572442,131417,91336,0,0,0,0,0,0,0,0,0,0,0.0000,0.0000,0.0000,0.0000,0.0000,0.0000,0.5100,0.4800,0.0000,0.0000,0,0,0,0,0,0,0,1,0,0,0,0,0,0,0,0,0,0,0,0,0.1590,0.1074,0.1587,0.0818,0.1162,0.0403,0.0885,0.1348,0.0372,0.1383,0.000,0.000,0.000,0.000,0.000,0.000,0.000,0.136,0.000,0.000,semi-presidential,parliamentary,parliamentary,parliamentary,parliamentary,semi-presidential,semi-presidential,electoral-authoritarian,electoral-authoritarian,parliamentary,0.800,0.800,0.800,0.800,0.800,0.800,0.264,0.520,0.500,0.800,100.0,81.4,52.6,100.0,100.0,100.0,100.0,25.0,100.0,47.4
2030-05-01,0.9950,1.0023,1.0054,1.0036,0.9771,0.9730,0.9897,0.9965,1.0100,0.9994,0.9972,1.0194,0.9950,1.0023,1.0055,1.0234,0.9771,1.0951,0.9897,0.9995,1.0270,1.0117,0.9972,1.0194,3729.22,5454.56,4171.05,2752.61,2178.03,1302.78,195.83,2797.87,1966.93,565.45,1.0762,0.6250,1.0239,1.3266,0.9113,0.3801,1.2366,0.2630,0.1791,-0.3408,0.6775,0.8214,0.7108,0.7093,0.7403,0.7826,0.4614,0.6681,0.7130,0.7124,0.0024,0.0026,0.0111,0.0025,0.0020,0.0016,0.0112,0.0008,0.0014,0.0007,1.0000,1.0000,1.0000,1.0000,1.0000,1.0000,1.0000,1.0000,1.0000,1.0000,57.79,201.55,81.11,58.34,68.86,11.31,10.17,267.68,69.89,85.62,0.0000,0.0000,0.0000,0.0000,0.0000,0.0000,0.0000,0.0000,0.0000,0.0000,104304,74663,53998,54750,86225,66964,95775,572442,131417,91336,0,0,0,0,0,0,0,0,0,0,0.0000,0.0000,0.0000,0.0000,0.0000,0.0000,0.4900,0.4600,0.0000,0.0000,0,0,0,0,0,0,0,1,0,0,0,0,0,0,0,0,0,0,0,0,0.1504,0.1040,0.1514,0.0788,0.1101,0.0390,0.0964,0.1330,0.0349,0.1359,0.000,0.000,0.000,0.000,0.000,0.000,0.000,0.137,0.000,0.000,semi-presidential,parliamentary,parliamentary,parliamentary,parliamentary,semi-presidential,semi-presidential,electoral-authoritarian,electoral-authoritarian,parliamentary,0.800,0.800,0.800,0.800,0.800,0.800,0.274,0.510,0.500,0.800,100.0,75.0,55.8,100.0,100.0,100.0,100.0,27.9,100.0,50.3
2030-06-01,0.9933,0.9962,1.0025,1.0031,0.9770,0.9767,0.9901,0.9967,1.0105,1.0030,0.9935,1.0174,0.9933,0.9962,1.0027,1.0231,0.9770,1.0688,0.9976,1.0015,1.0200,1.0146,0.9935,1.0174,3744.59,5474.84,4181.08,2773.86,2186.87,1310.37,196.54,2802.15,1977.80,567.71,1.0767,0.6295,1.0213,1.3166,0.9078,0.3756,1.2344,0.2669,0.1824,-0.3541,0.6801,0.8187,0.7165,0.6920,0.7568,0.7792,0.5542,0.6873,0.7143,0.7058,0.0021,0.0020,0.0108,0.0018,0.0017,0.0012,0.0118,0.0005,0.0010,0.0009,1.0000,1.0000,1.0000,1.0000,1.0000,1.0000,1.0000,1.0000,1.0000,1.0000,57.40,201.38,81.22,57.82,68.53,11.33,9.78,265.43,69.58,85.35,0.0000,0.0000,0.0000,0.0000,0.0000,0.0000,0.0000,0.0000,0.0000,0.0000,104304,74663,53998,54750,86225,66964,95775,572442,131417,91336,0,0,0,0,0,0,0,0,0,0,0.0000,0.0000,0.0000,0.0000,0.0000,0.0000,0.4700,0.4400,0.0000,0.0000,0,0,0,0,0,0,0,1,0,0,0,0,0,0,0,0,0,0,0,0,0.1449,0.0999,0.1444,0.0741,0.1109,0.0368,0.0954,0.1309,0.0327,0.1357,0.000,0.000,0.000,0.000,0.000,0.000,0.000,0.138,0.000,0.000,semi-presidential,parliamentary,parliamentary,parliamentary,parliamentary,semi-presidential,semi-presidential,electoral-authoritarian,electoral-authoritarian,parliamentary,0.800,0.800,0.800,0.800,0.800,0.800,0.284,0.500,0.500,0.800,100.0,78.6,59.1,100.0,105.0,100.0,100.0,31.0,100.0,53.3
2030-07-01,0.9920,0.9898,0.9984,0.9997,0.9762,0.9820,0.9892,0.9975,1.0107,1.0033,0.9906,1.0129,0.9920,0.9898,0.9986,1.0082,0.9762,1.1182,0.9892,1.0092,1.0107,1.0033,0.9906,1.0129,3752.86,5490.34,4175.77,2786.20,2192.41,1315.29,197.55,2810.13,1991.12,569.18,1.0743,0.6277,1.0225,1.3108,0.9056,0.3720,1.2309,0.2675,0.1804,-0.3679,0.6841,0.8174,0.7112,0.7367,0.7545,0.7835,0.5349,0.6508,0.7209,0.7330,0.0031,0.0029,0.0069,0.0025,0.0020,0.0018,0.0045,0.0001,0.0009,0.0008,1.0000,1.0000,1.0000,1.0000,1.0000,1.0000,1.0000,1.0000,1.0000,1.0000,57.52,201.69,81.58,58.71,69.13,11.44,9.86,265.77,69.70,85.58,0.0000,0.0000,0.0000,0.0000,0.0000,0.0000,0.0000,0.0000,0.0000,0.0000,104304,74663,53998,54750,86225,66964,95775,572442,131417,91336,0,0,0,0,0,0,0,0,0,0,0.0000,0.0000,0.0000,0.0000,0.0000,0.0000,0.4500,0.4200,0.0000,0.0000,0,0,0,0,0,0,0,1,0,0,0,0,0,0,0,0,0,0,0,0,0.1247,0.0890,0.1306,0.0636,0.0949,0.0318,0.0886,0.1249,0.0262,0.1331,0.000,0.000,0.000,0.000,0.000,0.000,0.000,0.141,0.000,0.000,semi-presidential,parliamentary,parliamentary,parliamentary,parliamentary,semi-presidential,semi-presidential,electoral-authoritarian,electoral-authoritarian,parliamentary,0.800,0.800,0.800,0.800,0.800,0.800,0.294,0.500,0.500,0.800,100.0,82.2,62.3,100.0,100.0,100.0,100.0,33.9,100.0,56.3
2030-08-01,0.9899,0.9838,0.9927,0.9993,0.9786,0.9862,0.9885,0.9973,1.0095,1.0058,0.9870,1.0062,0.9899,0.9838,0.9929,1.0190,0.9952,1.0892,0.9885,0.9973,1.0095,1.0114,0.9870,1.0062,3743.33,5502.62,4157.86,2791.63,2190.88,1322.66,198.92,2815.62,2000.45,569.44,1.0771,0.6263,1.0270,1.3083,0.9063,0.3677,1.2256,0.2684,0.1788,-0.3823,0.6720,0.7896,0.6645,0.7323,0.7378,0.7607,0.5530,0.6515,0.7335,0.7407,0.0018,0.0022,0.0121,0.0049,0.0050,0.0014,0.0095,0.0000,0.0006,0.0053,1.0000,1.0000,1.0000,1.0000,1.0000,1.0000,1.0000,1.0000,1.0000,1.0000,57.38,201.41,82.06,58.50,68.66,11.91,9.71,264.49,69.61,85.40,0.0000,0.0000,0.0000,0.0000,0.0000,0.0000,0.0000,0.0000,0.0000,0.0000,104304,74663,53998,54750,86225,66964,95775,572442,131417,91336,0,0,0,0,0,0,0,0,0,0,0.0000,0.0000,0.0000,0.0000,0.0000,0.0000,0.4300,0.4000,0.0000,0.0000,0,0,0,0,0,0,0,1,0,0,0,0,0,0,0,0,0,0,0,0,0.1084,0.0782,0.1113,0.0529,0.0805,0.0268,0.0839,0.1184,0.0206,0.1345,0.000,0.000,0.000,0.000,0.000,0.000,0.000,0.146,0.000,0.000,semi-presidential,parliamentary,parliamentary,parliamentary,parliamentary,semi-presidential,semi-presidential,electoral-authoritarian,electoral-authoritarian,parliamentary,0.800,0.800,0.800,0.800,0.800,0.800,0.304,0.500,0.500,0.800,100.0,85.6,65.3,100.0,100.0,100.0,100.0,36.7,100.0,59.5
2030-09-01,0.9847,0.9799,0.9909,0.9972,0.9811,0.9905,0.9892,0.9969,1.0074,1.0049,0.9834,1.0010,0.9847,0.9799,0.9914,1.0169,0.9986,1.0948,1.0063,0.9969,1.0074,1.0049,0.9834,1.0010,3744.29,5503.36,4150.96,2791.64,2185.22,1329.01,199.15,2814.30,2012.34,568.48,1.0769,0.6262,1.0289,1.3084,0.9087,0.3638,1.2276,0.2699,0.1769,-0.3975,0.6426,0.7689,0.6208,0.7041,0.6931,0.7629,0.5990,0.6288,0.7217,0.7159,0.0024,0.0022,0.0130,0.0050,0.0056,0.0014,0.0098,0.0001,0.0007,0.0063,1.0000,1.0000,1.0000,1.0000,1.0000,1.0000,1.0000,1.0000,1.0000,1.0000,56.09,200.09,80.93,57.74,67.17,11.87,9.80,258.65,68.93,85.00,0.0000,0.0000,0.0000,0.0000,0.0000,0.0000,0.0000,0.0000,0.0000,0.0000,104304,74663,53998,54750,86225,66964,95775,572442,131417,91336,0,0,0,0,0,0,0,0,0,0,0.0000,0.0000,0.0000,0.0000,0.0000,0.0000,0.4100,0.3800,0.0000,0.0000,0,0,0,0,0,0,0,1,0,0,0,0,0,0,0,0,0,0,0,0,0.1120,0.0794,0.1163,0.0542,0.0837,0.0253,0.0836,0.1163,0.0193,0.1331,0.000,0.000,0.000,0.000,0.000,0.000,0.000,0.150,0.000,0.000,semi-presidential,parliamentary,parliamentary,parliamentary,parliamentary,semi-presidential,semi-presidential,electoral-authoritarian,electoral-authoritarian,parliamentary,0.800,0.800,0.800,0.800,0.800,0.800,0.314,0.500,0.500,0.800,100.0,88.9,68.0,100.0,100.0,100.0,100.0,39.4,100.0,62.4
2030-10-01,0.9845,0.9742,0.9904,0.9936,0.9829,0.9917,0.9909,0.9979,1.0049,0.9993,0.9810,0.9984,0.9845,0.9742,0.9909,0.9936,0.9966,1.0223,1.0209,1.0100,1.0049,0.9993,0.9810,0.9984,3752.44,5517.02,4164.80,2797.20,2192.92,1335.78,200.16,2821.33,2021.09,568.49,1.0747,0.6287,1.0256,1.3059,0.9055,0.3599,1.2254,0.2707,0.1754,-0.4121,0.6381,0.7482,0.6131,0.6744,0.6480,0.7664,0.5530,0.6234,0.7228,0.6938,0.0021,0.0007,0.0036,0.0030,0.0046,0.0004,0.0018,0.0002,0.0003,0.0063,1.0000,1.0000,1.0000,1.0000,1.0000,1.0000,1.0000,1.0000,1.0000,1.0000,57.13,200.97,80.54,58.83,69.19,11.89,9.67,266.35,70.13,84.78,0.0000,0.0000,0.0000,0.0000,0.0000,0.0000,0.0000,0.0000,0.0000,0.0000,104304,74663,53998,54750,86225,66964,95775,572442,131417,91336,0,0,0,0,0,0,0,0,0,0,0.0000,0.0000,0.0000,0.0000,0.0000,0.0000,0.3900,0.3600,0.0000,0.0000,0,0,0,0,0,0,0,1,0,0,0,0,0,0,0,0,0,0,0,0,0.1231,0.0845,0.1294,0.0631,0.0924,0.0254,0.0843,0.1203,0.0202,0.1317,0.000,0.000,0.000,0.000,0.000,0.000,0.000,0.153,0.000,0.000,semi-presidential,parliamentary,parliamentary,parliamentary,parliamentary,semi-presidential,semi-presidential,electoral-authoritarian,electoral-authoritarian,parliamentary,0.800,0.800,0.800,0.800,0.800,0.800,0.324,0.500,0.500,0.800,100.0,87.1,70.6,100.0,100.0,100.0,100.0,42.1,100.0,65.3
2030-11-01,0.9845,0.9746,0.9896,0.9906,0.9845,0.9903,0.9917,0.9993,1.0016,0.9955,0.9819,0.9956,0.9869,0.9847,0.9901,0.9906,0.9967,0.9903,1.0099,1.0271,1.0016,0.9955,1.0064,0.9956,3753.64,5528.58,4174.21,2803.67,2197.34,1341.38,200.61,2819.48,2028.74,567.93,1.0775,0.6274,1.0234,1.3031,0.9037,0.3563,1.2267,0.2723,0.1740,-0.4270,0.6486,0.7670,0.6601,0.6668,0.6721,0.7619,0.5936,0.6442,0.7211,0.6910,0.0043,0.0014,0.0050,0.0034,0.0061,0.0011,0.0032,0.0004,0.0011,0.0074,0.9910,0.9913,0.9954,0.9925,0.9919,0.9930,0.9988,1.0000,0.9937,1.0000,57.39,201.83,81.59,59.80,70.02,12.00,9.78,269.54,70.87,84.87,0.0000,0.0000,0.0000,0.0000,0.0000,0.0000,0.0000,0.0000,0.0000,0.0000,104304,74663,53998,54750,86225,66964,95775,572442,131417,91336,0,0,0,0,0,0,0,0,0,0,0.0000,0.0000,0.0000,0.0000,0.0000,0.0000,0.3700,0.3400,0.0000,0.0000,0,0,0,0,0,0,0,1,0,0,0,0,0,0,0,0,0,0,0,0,0.1203,0.0823,0.1263,0.0610,0.0899,0.0238,0.0829,0.1203,0.0185,0.1319,0.000,0.000,0.000,0.000,0.000,0.000,0.000,0.157,0.000,0.000,semi-presidential,parliamentary,parliamentary,parliamentary,parliamentary,semi-presidential,semi-presidential,electoral-authoritarian,electoral-authoritarian,parliamentary,0.800,0.800,0.800,0.800,0.800,0.800,0.334,0.500,0.500,0.800,100.0,90.4,73.5,100.0,100.0,100.0,100.0,45.0,100.0,68.1
2030-12-01,0.9829,0.9738,0.9873,0.9854,0.9818,0.9896,0.9920,0.9986,1.0025,0.9960,0.9812,0.9940,0.9829,0.9738,0.9879,0.9854,0.9818,0.9896,0.9989,0.9986,1.0209,0.9964,0.9812,0.9940,3764.71,5546.19,4179.80,2807.63,2203.73,1347.61,201.28,2832.34,2038.38,569.50,1.0744,0.6255,1.0221,1.3014,0.9011,0.3526,1.2271,0.2726,0.1724,-0.4403,0.6427,0.7623,0.6646,0.6703,0.6818,0.7537,0.5730,0.6122,0.7089,0.6741,0.0002,0.0000,0.0005,0.0002,0.0007,0.0000,0.0013,0.0008,0.0007,0.0008,1.0000,1.0000,1.0000,1.0000,1.0000,1.0000,1.0000,1.0000,1.0000,1.0000,56.71,201.16,81.05,59.04,68.97,12.04,9.64,265.80,70.62,84.62,0.0000,0.0000,0.0000,0.0000,0.0000,0.0000,0.0000,0.0000,0.0000,0.0000,104304,74663,53998,54750,86225,66964,95775,572442,131417,91336,0,0,0,0,0,0,0,0,0,0,0.0000,0.0000,0.0000,0.0000,0.0000,0.0000,0.3500,0.3200,0.0000,0.0000,0,0,0,0,0,0,0,1,0,0,0,0,0,0,0,0,0,0,0,0,0.1263,0.0849,0.1335,0.0637,0.0945,0.0235,0.0787,0.1169,0.0185,0.1312,0.000,0.000,0.000,0.000,0.000,0.000,0.000,0.159,0.000,0.000,semi-presidential,parliamentary,parliamentary,parliamentary,parliamentary,semi-presidential,semi-presidential,electoral-authoritarian,electoral-authoritarian,parliamentary,0.800,0.800,0.800,0.800,0.800,0.800,0.344,0.500,0.500,0.800,100.0,93.7,76.5,100.0,100.0,100.0,100.0,47.6,100.0,70.9
2031-01-01,0.9834,0.9772,0.9852,0.9778,0.9810,0.9878,0.9959,0.9975,1.0032,0.9951,0.9835,0.9900,1.0015,1.0631,0.9858,0.9778,0.9810,0.9878,1.0853,0.9975,1.0174,0.9951,1.0431,0.9900,3751.95,5544.78,4175.78,2799.53,2201.46,1352.00,200.91,2837.22,2049.08,571.16,1.0781,0.6257,1.0232,1.3054,0.9021,0.3495,1.2341,0.2735,0.1707,-0.4535,0.6552,0.7646,0.6608,0.6689,0.6951,0.7565,0.5721,0.6356,0.7169,0.7006,0.0166,0.0108,0.0116,0.0103,0.0152,0.0087,0.0094,0.0013,0.0095,0.0070,0.9244,0.9308,0.9616,0.9348,0.9262,0.9448,0.9880,1.0000,0.9429,1.0000,57.55,202.29,81.31,59.80,70.31,11.99,9.87,270.89,71.80,85.00,0.0000,0.0000,0.0000,0.0000,0.0000,0.0000,0.0000,0.0000,0.0000,0.0000,104304,74663,53998,54750,86225,66964,95775,572442,131417,91336,0,0,0,0,0,0,0,0,0,0,0.0000,0.0000,0.0000,0.0000,0.0000,0.0000,0.3300,0.3000,0.0000,0.0000,0,0,0,0,0,0,0,1,0,0,0,0,0,0,0,0,0,0,0,0,0.1143,0.0754,0.1141,0.0537,0.0803,0.0201,0.0778,0.1184,0.0144,0.1315,0.000,0.000,0.000,0.000,0.000,0.000,0.000,0.157,0.000,0.000,semi-presidential,parliamentary,parliamentary,parliamentary,parliamentary,semi-presidential,semi-presidential,electoral-authoritarian,electoral-authoritarian,parliamentary,0.800,0.800,0.800,0.800,0.800,0.800,0.354,0.500,0.500,0.800,100.0,97.0,79.4,100.0,100.0,100.0,100.0,50.3,100.0,73.8
2031-02-01,0.9856,0.9793,0.9838,0.9732,0.9798,0.9875,0.9989,0.9995,1.0026,0.9942,0.9850,0.9880,1.0623,1.0320,0.9844,0.9732,0.9798,0.9875,1.0659,1.0392,1.0026,0.9942,1.0238,0.9880,3754.70,5552.12,4164.62,2805.05,2207.98,1357.81,200.41,2841.78,2058.31,570.43,1.0775,0.6249,1.0261,1.3031,0.8994,0.3459,1.2471,0.2745,0.1692,-0.4687,0.6245,0.7293,0.6430,0.6240,0.6596,0.7393,0.5297,0.6459,0.7190,0.7197,0.0171,0.0106,0.0122,0.0095,0.0151,0.0085,0.0293,0.0008,0.0078,0.0074,0.9529,0.9571,0.9759,0.9602,0.9543,0.9665,0.9921,1.0000,0.9665,1.0000,57.08,203.51,82.40,59.96,70.39,12.26,9.97,269.40,72.20,85.16,0.0000,0.0000,0.0000,0.0000,0.0000,0.0000,0.0000,0.0000,0.0000,0.0000,104304,74663,53998,54750,86225,66964,95775,572442,131417,91336,0,0,0,0,0,0,0,0,0,0,0.0000,0.0000,0.0000,0.0000,0.0000,0.0000,0.3100,0.2800,0.0000,0.0000,0,0,0,0,0,0,0,1,0,0,0,0,0,0,0,0,0,0,0,0,0.1249,0.0800,0.1259,0.0584,0.0915,0.0201,0.0774,0.1190,0.0147,0.1324,0.000,0.000,0.000,0.000,0.000,0.000,0.000,0.159,0.000,0.000,semi-presidential,parliamentary,parliamentary,parliamentary,parliamentary,semi-presidential,semi-presidential,electoral-authoritarian,electoral-authoritarian,parliamentary,0.800,0.800,0.800,0.800,0.800,0.800,0.364,0.500,0.500,0.800,100.0,100.0,82.2,100.0,100.0,100.0,30.0,53.2,100.0,76.8
2031-03-01,0.9853,0.9795,0.9851,0.9696,0.9782,0.9907,1.0015,0.9986,1.0020,0.9945,0.9847,0.9874,0.9853,0.9845,1.0437,0.9696,0.9782,1.0814,1.0700,0.9986,1.0020,0.9948,0.9847,0.9874,3760.67,5565.60,4173.72,2815.56,2214.07,1364.64,200.66,2855.41,2066.66,572.39,1.0759,0.6234,1.0240,1.2985,0.8970,0.3422,1.2508,0.2747,0.1677,-0.4816,0.6274,0.7267,0.6190,0.6383,0.6716,0.7375,0.5070,0.6531,0.7131,0.6937,0.0084,0.0045,0.0082,0.0062,0.0070,0.0017,0.0026,0.0003,0.0034,0.0040,0.9958,0.9952,0.9978,0.9964,0.9968,0.9959,0.9999,1.0000,0.9967,1.0000,57.56,203.96,82.08,60.18,70.65,12.28,9.83,271.20,72.26,85.50,0.0000,0.0000,0.0000,0.0000,0.0000,0.0000,0.0000,0.0000,0.0000,0.0000,104304,74663,53998,54750,86225,66964,95775,572442,131417,91336,0,0,0,0,0,0,0,0,0,0,0.0000,0.0000,0.0000,0.0000,0.0000,0.0000,0.2900,0.2600,0.0000,0.0000,0,0,0,0,0,0,0,1,0,0,0,0,0,0,0,0,0,0,0,0,0.1335,0.0835,0.1346,0.0622,0.0982,0.0203,0.0769,0.1193,0.0154,0.1318,0.000,0.000,0.000,0.000,0.000,0.000,0.000,0.159,0.000,0.000,semi-presidential,parliamentary,parliamentary,parliamentary,parliamentary,semi-presidential,semi-presidential,electoral-authoritarian,electoral-authoritarian,parliamentary,0.800,0.800,0.800,0.800,0.800,0.800,0.374,0.500,0.500,0.800,100.0,100.0,84.9,100.0,100.0,100.0,32.6,56.0,100.0,79.6
2031-04-01,0.9851,0.9793,0.9872,0.9704,0.9801,0.9953,1.0046,0.9992,0.9997,0.9960,0.9848,0.9858,0.9851,0.9793,1.0701,0.9972,0.9937,1.1074,1.0871,1.0259,0.9997,1.0063,1.0005,0.9858,3769.07,5573.91,4179.11,2818.07,2219.62,1367.80,200.71,2871.20,2068.47,572.46,1.0736,0.6225,1.0228,1.2975,0.8947,0.3394,1.2559,0.2746,0.1668,-0.4961,0.6370,0.7352,0.6436,0.6708,0.6795,0.7468,0.5358,0.6757,0.7104,0.7167,0.0121,0.0056,0.0245,0.0119,0.0132,0.0014,0.0159,0.0007,0.0041,0.0116,1.0000,1.0000,1.0000,1.0000,1.0000,1.0000,1.0000,1.0000,1.0000,1.0000,57.84,204.30,83.45,59.89,70.35,12.38,10.03,271.82,71.94,85.54,0.0000,0.0000,0.0000,0.0000,0.0000,0.0000,0.0000,0.0000,0.0000,0.0000,104304,74663,53998,54750,86225,66964,95775,572442,131417,91336,0,0,0,0,0,0,0,0,0,0,0.0000,0.0000,0.0000,0.0000,0.0000,0.0000,0.2700,0.2400,0.0000,0.0000,0,0,0,0,0,0,0,1,0,0,0,0,0,0,0,0,0,0,0,0,0.1272,0.0795,0.1265,0.0579,0.0925,0.0193,0.0782,0.1182,0.0140,0.1344,0.000,0.000,0.000,0.000,0.000,0.000,0.000,0.161,0.000,0.000,semi-presidential,parliamentary,parliamentary,parliamentary,parliamentary,semi-presidential,semi-presidential,electoral-authoritarian,electoral-authoritarian,parliamentary,0.800,0.800,0.800,0.800,0.800,0.800,0.384,0.500,0.500,0.800,100.0,100.0,87.7,100.0,100.0,100.0,35.3,59.0,100.0,82.6
2031-05-01,0.9859,0.9768,0.9886,0.9705,0.9780,0.9985,1.0072,1.0021,0.9984,0.9974,0.9847,0.9866,1.0180,0.9768,1.0467,0.9979,0.9780,1.0796,1.0700,1.0622,0.9984,1.0046,0.9847,0.9868,3777.43,5598.43,4183.91,2823.13,2223.14,1370.86,200.84,2882.80,2074.73,571.45,1.0713,0.6198,1.0217,1.2953,0.8931,0.3367,1.2606,0.2749,0.1656,-0.5116,0.6462,0.7333,0.6495,0.6521,0.6780,0.7309,0.5370,0.7044,0.6710,0.7038,0.0123,0.0059,0.0227,0.0089,0.0102,0.0025,0.0358,0.0007,0.0040,0.0080,1.0000,1.0000,1.0000,1.0000,1.0000,1.0000,1.0000,1.0000,1.0000,1.0000,58.24,205.92,85.00,60.40,71.13,12.75,10.28,273.28,71.92,85.70,0.0000,0.0000,0.0000,0.0000,0.0000,0.0000,0.0000,0.0000,0.0000,0.0000,104304,74663,53998,54750,86225,66964,95775,572442,131417,91336,0,0,0,0,0,0,0,0,0,0,0.0000,0.0000,0.0000,0.0000,0.0000,0.0000,0.2500,0.2200,0.0000,0.0000,0,0,0,0,0,0,0,1,0,0,0,0,0,0,0,0,0,0,0,0,0.1383,0.0847,0.1383,0.0635,0.1013,0.0205,0.0765,0.1193,0.0157,0.1346,0.000,0.000,0.000,0.000,0.000,0.000,0.000,0.161,0.000,0.000,semi-presidential,parliamentary,parliamentary,parliamentary,parliamentary,semi-presidential,semi-presidential,electoral-authoritarian,electoral-authoritarian,parliamentary,0.800,0.800,0.800,0.800,0.800,0.800,0.394,0.500,0.500,0.800,100.0,100.0,90.6,100.0,100.0,100.0,38.0,62.2,100.0,85.5
2031-06-01,0.9863,0.9797,0.9918,0.9693,0.9743,1.0003,1.0069,1.0035,0.9980,0.9976,0.9864,0.9876,0.9989,1.0518,1.1094,0.9964,0.9743,1.0445,1.0069,1.0287,0.9980,0.9997,1.0300,0.9879,3801.41,5604.48,4197.33,2833.70,2233.26,1374.79,200.69,2895.18,2083.10,574.05,1.0647,0.6191,1.0236,1.2904,0.8890,0.3337,1.2671,0.2751,0.1671,-0.5238,0.6510,0.7539,0.6494,0.6494,0.6627,0.7183,0.5466,0.6999,0.6841,0.6841,0.0213,0.0140,0.0288,0.0174,0.0198,0.0076,0.0222,0.0004,0.0120,0.0057,0.9357,0.9414,0.9673,0.9452,0.9374,0.9538,0.9895,1.0000,0.9529,1.0000,58.77,208.19,87.49,61.74,71.88,12.88,10.59,274.89,72.24,85.98,0.0000,0.0000,0.0000,0.0000,0.0000,0.0000,0.0000,0.0000,0.0000,0.0000,104304,74663,53998,54750,86225,66964,95775,572442,131417,91336,0,0,0,0,0,0,0,0,0,0,0.0000,0.0000,0.0000,0.0000,0.0000,0.0000,0.2300,0.2000,0.0000,0.0000,0,0,0,0,0,0,0,1,0,0,0,0,0,0,0,0,0,0,0,0,0.1385,0.0861,0.1389,0.0647,0.1016,0.0210,0.0750,0.1197,0.0159,0.1330,0.000,0.000,0.000,0.000,0.000,0.000,0.000,0.160,0.000,0.000,semi-presidential,parliamentary,parliamentary,parliamentary,parliamentary,semi-presidential,semi-presidential,electoral-authoritarian,electoral-authoritarian,parliamentary,0.800,0.800,0.800,0.800,0.800,0.800,0.404,0.500,0.500,0.800,100.0,100.0,93.5,100.0,100.0,100.0,40.8,65.4,100.0,88.3
2031-07-01,0.9856,0.9817,0.9948,0.9715,0.9712,1.0022,1.0070,1.0051,0.9970,0.9997,0.9882,0.9872,0.9856,1.0353,1.1091,1.0177,0.9712,1.0518,1.0251,1.0552,0.9970,1.0128,1.0501,0.9872,3805.09,5611.90,4205.33,2834.59,2240.26,1378.60,200.86,2902.03,2091.12,574.17,1.0634,0.6183,1.0217,1.2901,0.8862,0.3308,1.2718,0.2759,0.1659,-0.5383,0.6579,0.7477,0.6626,0.6570,0.6847,0.7195,0.5296,0.7029,0.6916,0.7190,0.0206,0.0133,0.0294,0.0233,0.0182,0.0054,0.0192,0.0007,0.0097,0.0088,0.9517,0.9562,0.9756,0.9594,0.9531,0.9659,0.9918,1.0000,0.9661,1.0000,58.63,204.80,83.72,59.25,70.45,13.13,10.03,273.63,71.87,85.88,0.0000,0.0000,0.0000,0.0000,0.0000,0.0000,0.0000,0.0000,0.0000,0.0000,104304,74663,53998,54750,86225,66964,95775,572442,131417,91336,0,0,0,0,0,0,0,0,0,0,0.0000,0.0000,0.0000,0.0000,0.0000,0.0000,0.2100,0.1800,0.0000,0.0000,0,0,0,0,0,0,0,1,0,0,0,0,0,0,0,0,0,0,0,0,0.1357,0.0836,0.1354,0.0615,0.0994,0.0207,0.0748,0.1196,0.0155,0.1359,0.000,0.000,0.000,0.000,0.000,0.000,0.000,0.161,0.000,0.000,semi-presidential,parliamentary,parliamentary,parliamentary,parliamentary,semi-presidential,semi-presidential,electoral-authoritarian,electoral-authoritarian,parliamentary,0.800,0.800,0.800,0.800,0.800,0.800,0.414,0.500,0.500,0.800,100.0,100.0,96.5,100.0,100.0,100.0,43.4,68.5,100.0,91.3
2031-08-01,0.9870,0.9886,0.9935,0.9724,0.9702,1.0010,1.0061,1.0056,0.9966,0.9977,0.9891,0.9872,1.0354,1.1544,0.9940,1.0255,0.9702,1.0010,1.0061,1.0189,0.9966,0.9977,1.0155,0.9872,3816.82,5620.71,4215.81,2834.81,2251.29,1380.60,200.67,2910.26,2103.25,573.60,1.0601,0.6171,1.0190,1.2902,0.8820,0.3284,1.2788,0.2765,0.1642,-0.5535,0.6438,0.7336,0.6697,0.6270,0.6934,0.7148,0.5363,0.6882,0.6814,0.7062,0.0244,0.0234,0.0270,0.0301,0.0236,0.0173,0.0404,0.0002,0.0183,0.0021,0.8587,0.8693,0.9298,0.8736,0.8599,0.8926,0.9809,1.0000,0.8815,1.0000,58.81,205.14,84.07,58.74,70.76,13.14,10.44,274.59,72.36,84.74,0.0000,0.0000,0.0000,0.0000,0.0000,0.0000,0.0000,0.0000,0.0000,0.0000,104304,74663,53998,54750,86225,66964,95775,572442,131417,91336,0,0,0,0,0,0,0,0,0,0,0.0000,0.0000,0.0000,0.0000,0.0000,0.0000,0.1900,0.1600,0.0000,0.0000,0,0,0,0,0,0,0,1,0,0,0,0,0,0,0,0,0,0,0,0,0.1384,0.0850,0.1386,0.0628,0.1014,0.0210,0.0781,0.1210,0.0160,0.1367,0.000,0.000,0.000,0.000,0.000,0.000,0.000,0.161,0.000,0.000,semi-presidential,parliamentary,parliamentary,parliamentary,parliamentary,semi-presidential,semi-presidential,electoral-authoritarian,electoral-authoritarian,parliamentary,0.800,0.800,0.800,0.800,0.800,0.800,0.424,0.500,0.500,0.800,100.0,100.0,99.5,100.0,100.0,100.0,46.1,71.6,100.0,94.2
2031-09-01,0.9849,0.9933,0.9876,0.9711,0.9698,1.0005,1.0049,1.0063,0.9967,0.9979,0.9902,0.9865,0.9849,1.1097,0.9878,0.9982,0.9698,1.0005,1.0049,1.0063,0.9967,0.9979,0.9989,0.9865,3821.09,5637.04,4225.55,2836.60,2258.92,1386.44,200.67,2923.25,2104.60,573.18,1.0590,0.6151,1.0166,1.2896,0.8792,0.3250,1.2847,0.2766,0.1633,-0.5685,0.6486,0.7215,0.6644,0.6146,0.7126,0.7029,0.5074,0.6843,0.6813,0.6959,0.0145,0.0129,0.0202,0.0123,0.0142,0.0103,0.0149,0.0000,0.0109,0.0004,0.8986,0.9076,0.9493,0.9121,0.8999,0.9262,0.9845,1.0000,0.9223,1.0000,58.91,210.37,89.81,63.30,72.52,13.29,10.55,275.20,73.42,87.07,0.0000,0.0000,0.0000,0.0000,0.0000,0.0000,0.0000,0.0000,0.0000,0.0000,104304,74663,53998,54750,86225,66964,95775,572442,131417,91336,0,0,0,0,0,0,0,0,0,0,0.0000,0.0000,0.0000,0.0000,0.0000,0.0000,0.1700,0.1400,0.0000,0.0000,0,0,0,0,0,0,0,1,0,0,0,0,0,0,0,0,0,0,0,0,0.1332,0.0835,0.1332,0.0627,0.0972,0.0204,0.0782,0.1164,0.0150,0.1338,0.000,0.000,0.000,0.000,0.000,0.000,0.000,0.164,0.000,0.000,semi-presidential,parliamentary,parliamentary,parliamentary,parliamentary,semi-presidential,semi-presidential,electoral-authoritarian,electoral-authoritarian,parliamentary,0.800,0.800,0.800,0.800,0.800,0.800,0.434,0.500,0.500,0.800,100.0,100.0,100.0,100.0,100.0,100.0,48.7,74.7,100.0,97.1
2031-10-01,0.9863,0.9970,0.9823,0.9690,0.9702,1.0024,1.0044,1.0042,0.9988,0.9966,0.9909,0.9873,1.0386,1.0924,0.9826,0.9756,0.9738,1.0502,1.0044,1.0042,1.0289,0.9966,0.9998,0.9876,3836.14,5657.06,4234.82,2845.19,2271.00,1390.84,200.61,2929.66,2114.06,571.86,1.0549,0.6129,1.0144,1.2858,0.8747,0.3221,1.2908,0.2774,0.1618,-0.5846,0.6454,0.7214,0.6715,0.6186,0.7154,0.7235,0.5252,0.7064,0.6731,0.6866,0.0162,0.0147,0.0127,0.0145,0.0173,0.0115,0.0286,0.0012,0.0118,0.0024,0.9162,0.9239,0.9580,0.9283,0.9176,0.9399,0.9868,1.0000,0.9382,1.0000,59.14,210.25,87.43,63.55,73.80,13.01,10.26,280.47,74.60,86.85,0.0000,0.0000,0.0000,0.0000,0.0000,0.0000,0.0000,0.0000,0.0000,0.0000,104304,74663,53998,54750,86225,66964,95775,572442,131417,91336,0,0,0,0,0,0,0,0,0,0,0.0000,0.0000,0.0000,0.0000,0.0000,0.0000,0.1500,0.1200,0.0000,0.0000,0,0,0,0,0,0,0,1,0,0,0,0,0,0,0,0,0,0,0,0,0.1374,0.0858,0.1388,0.0651,0.1011,0.0209,0.0797,0.1205,0.0159,0.1339,0.000,0.000,0.000,0.000,0.000,0.000,0.000,0.163,0.000,0.000,semi-presidential,parliamentary,parliamentary,parliamentary,parliamentary,semi-presidential,semi-presidential,electoral-authoritarian,electoral-authoritarian,parliamentary,0.800,0.800,0.800,0.800,0.800,0.800,0.444,0.500,0.500,0.800,100.0,100.0,100.0,100.0,100.0,100.0,51.3,77.9,100.0,99.9
2031-11-01,0.9870,1.0002,0.9840,0.9700,0.9742,1.0009,1.0032,1.0006,1.0017,0.9943,0.9917,0.9910,1.0123,1.0810,1.0485,1.0037,0.9987,1.0009,1.0032,1.0006,1.0766,0.9943,1.0288,0.9919,3847.19,5671.20,4244.18,2846.41,2284.10,1397.27,200.23,2939.13,2121.89,572.18,1.0519,0.6113,1.0123,1.2854,0.8699,0.3188,1.2986,0.2778,0.1605,-0.5989,0.6604,0.7400,0.6824,0.6438,0.7315,0.7174,0.5263,0.6848,0.6771,0.6599,0.0172,0.0134,0.0272,0.0224,0.0243,0.0082,0.0326,0.0031,0.0132,0.0137,0.9288,0.9355,0.9643,0.9396,0.9302,0.9495,0.9886,1.0000,0.9489,1.0000,60.30,209.68,86.17,61.88,73.09,12.71,10.51,282.71,74.90,86.55,0.0000,0.0000,0.0000,0.0000,0.0000,0.0000,0.0000,0.0000,0.0000,0.0000,104304,74663,53998,54750,86225,66964,95775,572442,131417,91336,0,0,0,0,0,0,0,0,0,0,0.0000,0.0000,0.0000,0.0000,0.0000,0.0000,0.1300,0.1000,0.0000,0.0000,0,0,0,0,0,0,0,1,0,0,0,0,0,0,0,0,0,0,0,0,0.1416,0.0879,0.1418,0.0668,0.1041,0.0231,0.0824,0.1244,0.0184,0.1357,0.000,0.000,0.000,0.000,0.000,0.000,0.000,0.160,0.000,0.000,semi-presidential,parliamentary,parliamentary,parliamentary,parliamentary,semi-presidential,semi-presidential,electoral-authoritarian,electoral-authoritarian,parliamentary,0.800,0.800,0.800,0.800,0.800,0.800,0.454,0.500,0.500,0.800,100.0,100.0,100.0,100.0,100.0,100.0,53.9,80.9,100.0,100.0
2031-12-01,0.9896,1.0015,0.9888,0.9725,0.9789,0.9988,1.0025,0.9986,1.0022,0.9924,0.9911,0.9916,1.0831,1.0362,1.1575,1.0199,1.0069,0.9988,1.0025,0.9986,1.0238,0.9924,0.9911,0.9917,3856.31,5687.36,4243.41,2852.58,2299.21,1400.51,200.20,2948.39,2132.07,571.74,1.0495,0.6096,1.0125,1.2827,0.8644,0.3162,1.3041,0.2783,0.1589,-0.6141,0.6628,0.7454,0.6750,0.6379,0.7506,0.7314,0.4992,0.7005,0.6665,0.6733,0.0221,0.0178,0.0311,0.0346,0.0287,0.0077,0.0372,0.0008,0.0138,0.0134,0.9691,0.9716,0.9844,0.9744,0.9706,0.9781,0.9951,1.0000,0.9793,1.0000,59.12,204.64,81.43,58.99,70.93,12.58,10.11,277.11,73.71,85.19,0.0000,0.0000,0.0000,0.0000,0.0000,0.0000,0.0000,0.0000,0.0000,0.0000,104304,74663,53998,54750,86225,66964,95775,572442,131417,91336,0,0,0,0,0,0,0,0,0,0,0.0000,0.0000,0.0000,0.0000,0.0000,0.0000,0.1100,0.0800,0.0000,0.0000,0,0,0,0,0,0,0,1,0,0,0,0,0,0,0,0,0,0,0,0,0.1422,0.0873,0.1425,0.0655,0.1047,0.0235,0.0829,0.1259,0.0185,0.1379,0.000,0.000,0.000,0.000,0.000,0.000,0.000,0.160,0.000,0.000,semi-presidential,parliamentary,parliamentary,parliamentary,parliamentary,semi-presidential,semi-presidential,electoral-authoritarian,electoral-authoritarian,parliamentary,0.800,0.800,0.800,0.800,0.800,0.800,0.464,0.500,0.500,0.800,100.0,100.0,100.0,100.0,100.0,100.0,56.4,84.1,100.0,100.0
2032-01-01,0.9929,1.0036,0.9889,0.9760,0.9858,0.9974,1.0065,0.9972,1.0039,0.9918,0.9914,0.9917,1.1067,1.0548,0.9968,1.0217,1.0226,0.9974,1.0939,0.9972,1.0357,0.9918,0.9971,0.9917,3869.87,5689.15,4252.40,2854.87,2306.75,1406.64,200.67,2948.23,2136.00,571.33,1.0458,0.6095,1.0106,1.2817,0.8618,0.3129,1.3060,0.2796,0.1579,-0.6293,0.6609,0.7516,0.6628,0.6429,0.7619,0.7200,0.5027,0.7063,0.6813,0.6652,0.0175,0.0146,0.0267,0.0291,0.0255,0.0102,0.0407,0.0017,0.0101,0.0185,0.9541,0.9588,0.9769,0.9620,0.9554,0.9684,0.9922,1.0000,0.9694,1.0000,59.58,207.37,82.09,59.29,71.46,12.50,10.21,279.41,75.22,85.16,0.0000,0.0000,0.0000,0.0000,0.0000,0.0000,0.0000,0.0000,0.0000,0.0000,104304,74663,53998,54750,86225,66964,95775,572442,131417,91336,0,0,0,0,0,0,0,0,0,0,0.0000,0.0000,0.0000,0.0000,0.0000,0.0000,0.0900,0.0600,0.0000,0.0000,0,0,0,0,0,0,0,1,0,0,0,0,0,0,0,0,0,0,0,0,0.1424,0.0880,0.1423,0.0657,0.1052,0.0236,0.0832,0.1269,0.0193,0.1384,0.000,0.000,0.000,0.000,0.000,0.000,0.000,0.161,0.000,0.000,semi-presidential,parliamentary,parliamentary,parliamentary,parliamentary,semi-presidential,semi-presidential,electoral-authoritarian,electoral-authoritarian,parliamentary,0.800,0.800,0.800,0.800,0.800,0.800,0.474,0.500,0.500,0.800,100.0,100.0,100.0,100.0,100.0,100.0,58.9,87.3,100.0,100.0
2032-02-01,0.9953,1.0047,0.9904,0.9775,0.9921,0.9960,1.0085,0.9977,1.0047,0.9912,0.9949,0.9929,1.0788,1.0327,1.0485,1.0153,1.0261,0.9960,1.0470,1.0008,1.0151,0.9912,1.0805,0.9932,3881.13,5700.44,4271.28,2858.47,2319.38,1411.83,200.87,2966.77,2140.06,573.00,1.0428,0.6083,1.0064,1.2801,0.8574,0.3099,1.3093,0.2791,0.1568,-0.6422,0.6683,0.7405,0.6664,0.6304,0.7340,0.7214,0.5396,0.6838,0.6547,0.6491,0.0171,0.0114,0.0275,0.0242,0.0232,0.0066,0.0384,0.0009,0.0081,0.0194,0.9752,0.9768,0.9875,0.9795,0.9768,0.9822,0.9964,1.0000,0.9832,1.0000,60.47,209.24,83.60,59.64,72.74,12.66,10.29,282.56,75.64,85.96,0.0000,0.0000,0.0000,0.0000,0.0000,0.0000,0.0000,0.0000,0.0000,0.0000,104304,74663,53998,54750,86225,66964,95775,572442,131417,91336,0,0,0,0,0,0,0,0,0,0,0.0000,0.0000,0.0000,0.0000,0.0000,0.0000,0.0700,0.0400,0.0000,0.0000,0,0,0,0,0,0,0,1,0,0,0,0,0,0,0,0,0,0,0,0,0.1435,0.0890,0.1430,0.0668,0.1059,0.0246,0.0845,0.1273,0.0200,0.1382,0.000,0.000,0.000,0.000,0.000,0.000,0.000,0.160,0.000,0.000,semi-presidential,parliamentary,parliamentary,parliamentary,parliamentary,semi-presidential,semi-presidential,electoral-authoritarian,electoral-authoritarian,parliamentary,0.800,0.800,0.800,0.800,0.800,0.800,0.484,0.500,0.500,0.800,100.0,100.0,100.0,100.0,100.0,100.0,61.6,90.3,100.0,100.0
2032-03-01,0.9979,1.0058,0.9910,0.9799,0.9990,0.9943,1.0081,0.9969,1.0064,0.9904,0.9945,0.9948,1.0945,1.0352,1.0186,1.0204,1.0374,0.9943,1.0081,0.9969,1.0442,0.9904,0.9945,0.9952,3899.56,5724.91,4292.31,2860.66,2327.87,1416.75,201.32,2986.75,2152.02,573.96,1.0379,0.6057,1.0017,1.2792,0.8546,0.3069,1.3108,0.2786,0.1552,-0.6559,0.6695,0.7507,0.6823,0.6327,0.7402,0.7170,0.5278,0.7145,0.6716,0.6816,0.0121,0.0114,0.0220,0.0257,0.0212,0.0074,0.0359,0.0015,0.0084,0.0157,0.9739,0.9757,0.9869,0.9784,0.9757,0.9812,0.9963,1.0000,0.9824,1.0000,60.61,209.51,83.14,59.49,72.77,12.63,10.24,283.53,75.93,85.94,0.0000,0.0000,0.0000,0.0000,0.0000,0.0000,0.0000,0.0000,0.0000,0.0000,104304,74663,53998,54750,86225,66964,95775,572442,131417,91336,0,0,0,0,0,0,0,0,0,0,0.0000,0.0000,0.0000,0.0000,0.0000,0.0000,0.0500,0.0200,0.0000,0.0000,0,0,0,0,0,0,0,1,0,0,0,0,0,0,0,0,0,0,0,0,0.1448,0.0901,0.1444,0.0679,0.1075,0.0258,0.0860,0.1288,0.0212,0.1387,0.000,0.000,0.000,0.000,0.000,0.000,0.000,0.159,0.000,0.000,semi-presidential,parliamentary,parliamentary,parliamentary,parliamentary,semi-presidential,semi-presidential,electoral-authoritarian,electoral-authoritarian,parliamentary,0.800,0.800,0.840,0.800,0.800,0.800,0.494,0.500,0.500,0.800,100.0,100.0,90.0,100.0,100.0,100.0,64.3,93.6,100.0,100.0
2032-04-01,1.0010,1.0054,0.9940,0.9835,1.0013,0.9938,1.0094,0.9960,1.0069,0.9889,0.9964,0.9961,1.1075,1.0054,1.1042,1.0257,1.0164,0.9938,1.0414,0.9960,1.0189,0.9889,1.0451,0.9963,3916.79,5764.35,4306.21,2866.78,2340.33,1422.60,201.95,2996.32,2162.04,575.91,1.0333,0.6016,0.9987,1.2765,0.8504,0.3038,1.3107,0.2789,0.1537,-0.6685,0.6817,0.7653,0.6949,0.6301,0.7268,0.7240,0.5506,0.7602,0.6890,0.6913,0.0172,0.0118,0.0256,0.0252,0.0200,0.0053,0.0371,0.0008,0.0087,0.0106,1.0000,1.0000,1.0000,1.0000,1.0000,1.0000,1.0000,1.0000,1.0000,1.0000,60.93,209.16,82.93,59.76,72.86,13.27,10.20,283.78,75.79,85.91,0.0000,0.0000,0.0000,0.0000,0.0000,0.0000,0.0000,0.0000,0.0000,0.0000,104304,74663,53998,54750,86225,66964,95775,572442,131417,91336,0,0,0,0,0,0,0,0,0,0,0.0000,0.0000,0.0000,0.0000,0.0000,0.0000,0.0300,0.0000,0.0000,0.0000,0,0,0,0,0,0,0,1,0,0,0,0,0,0,0,0,0,0,0,0,0.1460,0.0904,0.1457,0.0687,0.1084,0.0270,0.0868,0.1305,0.0218,0.1387,0.000,0.000,0.000,0.000,0.000,0.000,0.000,0.159,0.000,0.000,semi-presidential,parliamentary,parliamentary,parliamentary,parliamentary,semi-presidential,semi-presidential,electoral-authoritarian,electoral-authoritarian,parliamentary,0.720,0.800,0.830,0.800,0.800,0.800,0.504,0.500,0.500,0.800,100.0,100.0,93.1,100.0,100.0,100.0,67.0,97.1,100.0,100.0
2032-05-01,1.0028,1.0033,0.9962,0.9874,1.0035,0.9955,1.0104,0.9967,1.0079,0.9883,0.9975,0.9961,1.0685,1.0033,1.0807,1.0275,1.0186,1.0403,1.0334,1.0103,1.0262,0.9883,1.0262,0.9961,3927.86,5766.70,4318.66,2869.79,2345.97,1431.16,202.35,3002.41,2173.06,576.76,1.0306,0.6013,0.9960,1.2752,0.8487,0.3001,1.3116,0.2796,0.1521,-0.6823,0.6570,0.7960,0.6967,0.6381,0.7354,0.7380,0.5859,0.7431,0.6879,0.7113,0.0132,0.0089,0.0226,0.0220,0.0160,0.0037,0.0355,0.0010,0.0066,0.0099,1.0000,1.0000,1.0000,1.0000,1.0000,1.0000,1.0000,1.0000,1.0000,1.0000,62.16,213.41,84.34,60.27,74.39,13.50,10.43,288.52,76.74,87.03,0.0000,0.0000,0.0000,0.0000,0.0000,0.0000,0.0000,0.0000,0.0000,0.0000,104304,74663,53998,54750,86225,66964,95775,572442,131417,91336,0,0,0,0,0,0,0,0,0,0,0.0000,0.0000,0.0000,0.0000,0.0000,0.0000,0.0100,0.0000,0.0000,0.0000,0,0,0,0,0,0,0,1,0,0,0,0,0,0,0,0,0,0,0,0,0.1463,0.0915,0.1503,0.0689,0.1088,0.0272,0.0871,0.1307,0.0220,0.1391,0.000,0.000,0.000,0.000,0.000,0.000,0.000,0.160,0.000,0.000,semi-presidential,parliamentary,parliamentary,parliamentary,parliamentary,semi-presidential,semi-presidential,electoral-authoritarian,electoral-authoritarian,parliamentary,0.730,0.800,0.820,0.800,0.800,0.800,0.514,0.500,0.500,0.800,100.0,100.0,96.2,100.0,100.0,100.0,70.0,100.0,90.0,100.0
2032-06-01,1.0046,1.0018,0.9954,0.9932,1.0044,0.9983,1.0128,0.9965,1.0096,0.9903,0.9939,0.9957,1.0674,1.0018,0.9958,1.0319,1.0111,1.0646,1.0628,0.9965,1.0398,1.0030,0.9939,0.9957,3946.76,5785.57,4326.74,2878.78,2361.07,1435.58,203.00,3016.45,2185.18,578.23,1.0258,0.5994,0.9944,1.2713,0.8436,0.2974,1.3107,0.2796,0.1505,-0.6953,0.6607,0.7632,0.6989,0.6347,0.7278,0.7577,0.5803,0.7335,0.6883,0.7054,0.0067,0.0056,0.0155,0.0162,0.0083,0.0038,0.0354,0.0014,0.0037,0.0049,1.0000,1.0000,1.0000,1.0000,1.0000,1.0000,1.0000,1.0000,1.0000,1.0000,62.34,215.36,84.93,60.63,75.02,13.60,10.25,291.17,77.95,87.32,0.0000,0.0000,0.0000,0.0000,0.0000,0.0000,0.0000,0.0000,0.0000,0.0000,104304,74663,53998,54750,86225,66964,95775,572442,131417,91336,0,0,0,0,0,0,0,0,0,0,0.0000,0.0000,0.0000,0.0000,0.0000,0.0000,0.0000,0.0000,0.0000,0.0000,0,0,0,0,0,0,0,1,0,0,0,0,0,0,0,0,0,0,0,0,0.1436,0.0902,0.1475,0.0672,0.1124,0.0269,0.0866,0.1353,0.0218,0.1391,0.000,0.000,0.000,0.000,0.000,0.000,0.000,0.154,0.000,0.000,semi-presidential,parliamentary,parliamentary,parliamentary,parliamentary,semi-presidential,semi-presidential,electoral-authoritarian,electoral-authoritarian,parliamentary,0.740,0.800,0.810,0.800,0.800,0.800,0.524,0.500,0.500,0.800,100.0,100.0,99.4,100.0,100.0,100.0,72.9,100.0,93.1,100.0
2032-07-01,1.0072,0.9990,0.9980,0.9923,1.0033,1.0001,1.0141,0.9970,1.0089,0.9918,0.9942,0.9942,1.1008,0.9990,1.0962,1.0120,1.0033,1.0462,1.0313,0.9970,1.0089,0.9967,0.9942,0.9942,3940.86,5789.87,4333.63,2886.84,2366.46,1439.40,203.77,3028.33,2195.57,578.81,1.0275,0.5990,0.9930,1.2677,0.8419,0.2948,1.3089,0.2797,0.1491,-0.7095,0.6758,0.7619,0.6911,0.6559,0.7505,0.7442,0.6101,0.7344,0.6977,0.7260,0.0143,0.0098,0.0207,0.0127,0.0137,0.0052,0.0308,0.0001,0.0075,0.0022,1.0000,1.0000,1.0000,1.0000,1.0000,1.0000,1.0000,1.0000,1.0000,1.0000,61.97,215.82,88.27,63.02,76.13,13.66,10.40,288.62,77.24,87.58,0.0000,0.0000,0.0000,0.0000,0.0000,0.0000,0.0000,0.0000,0.0000,0.0000,104304,74663,53998,54750,86225,66964,95775,572442,131417,91336,0,0,0,0,0,0,0,0,0,0,0.0000,0.0000,0.0000,0.0000,0.0000,0.0000,0.0000,0.0000,0.0000,0.0000,0,0,0,0,0,0,0,1,0,0,0,0,0,0,0,0,0,0,0,0,0.1361,0.0864,0.1386,0.0647,0.1056,0.0253,0.0829,0.1324,0.0193,0.1380,0.000,0.000,0.000,0.000,0.000,0.000,0.000,0.156,0.000,0.000,semi-presidential,parliamentary,parliamentary,parliamentary,parliamentary,semi-presidential,semi-presidential,electoral-authoritarian,electoral-authoritarian,parliamentary,0.750,0.800,0.800,0.800,0.800,0.800,0.534,0.500,0.500,0.800,100.0,100.0,100.0,100.0,100.0,100.0,76.0,100.0,96.2,100.0
2032-08-01,1.0076,0.9972,0.9995,0.9933,0.9996,1.0003,1.0115,0.9987,1.0074,0.9944,0.9944,0.9927,1.0224,0.9972,1.0574,1.0183,0.9996,1.0046,1.0115,1.0357,1.0074,1.0021,1.0049,0.9927,3951.06,5817.44,4333.09,2893.50,2374.87,1449.51,203.88,3045.09,2208.78,580.02,1.0250,0.5961,0.9934,1.2648,0.8388,0.2909,1.3111,0.2795,0.1474,-0.7228,0.6487,0.7390,0.6709,0.6663,0.7307,0.7278,0.6245,0.7526,0.7051,0.7229,0.0070,0.0026,0.0160,0.0082,0.0061,0.0005,0.0308,0.0003,0.0027,0.0039,1.0000,1.0000,1.0000,1.0000,1.0000,1.0000,1.0000,1.0000,1.0000,1.0000,63.37,218.65,88.76,63.21,77.67,13.91,10.39,296.71,78.52,88.69,0.0000,0.0000,0.0000,0.0000,0.0000,0.0000,0.0000,0.0000,0.0000,0.0000,104304,74663,53998,54750,86225,66964,95775,572442,131417,91336,0,0,0,0,0,0,0,0,0,0,0.0000,0.0000,0.0000,0.0000,0.0000,0.0000,0.0000,0.0000,0.0000,0.0000,0,0,0,0,0,0,0,1,0,0,0,0,0,0,0,0,0,0,0,0,0.1343,0.0852,0.1376,0.0630,0.1047,0.0241,0.0788,0.1316,0.0186,0.1391,0.000,0.000,0.000,0.000,0.000,0.000,0.000,0.158,0.000,0.000,semi-presidential,parliamentary,parliamentary,parliamentary,parliamentary,semi-presidential,semi-presidential,electoral-authoritarian,electoral-authoritarian,parliamentary,0.760,0.800,0.800,0.800,0.800,0.800,0.544,0.500,0.500,0.800,100.0,100.0,100.0,100.0,100.0,100.0,79.2,100.0,99.4,100.0
2032-09-01,1.0072,0.9937,0.9967,0.9931,0.9905,0.9979,1.0110,1.0013,1.0048,0.9981,0.9941,0.9928,1.0083,0.9937,0.9970,1.0127,0.9905,0.9979,1.0110,1.0482,1.0048,1.0034,0.9941,0.9928,3960.93,5841.07,4339.20,2904.39,2385.67,1455.01,203.36,3063.64,2219.52,579.80,1.0226,0.5938,0.9922,1.2600,0.8351,0.2880,1.3174,0.2791,0.1459,-0.7379,0.6574,0.7667,0.6528,0.6743,0.7264,0.7639,0.5965,0.7437,0.7177,0.7269,0.0024,0.0000,0.0119,0.0007,0.0016,0.0000,0.0134,0.0003,0.0000,0.0033,1.0000,1.0000,1.0000,1.0000,1.0000,1.0000,1.0000,1.0000,1.0000,1.0000,63.23,220.07,90.86,64.69,78.29,14.25,10.37,296.48,78.59,89.17,0.0000,0.0000,0.0000,0.0000,0.0000,0.0000,0.0000,0.0000,0.0000,0.0000,104304,74663,53998,54750,86225,66964,95775,572442,131417,91336,0,0,0,0,0,0,0,0,0,0,0.0000,0.0000,0.0000,0.0000,0.0000,0.0000,0.0000,0.0000,0.0000,0.0000,0,0,0,0,0,0,0,0,0,0,0,0,0,0,0,0,0,0,0,0,0.1434,0.0897,0.1477,0.0686,0.1122,0.0245,0.0734,0.1295,0.0197,0.1381,0.000,0.000,0.000,0.000,0.000,0.000,0.000,0.158,0.000,0.000,semi-presidential,parliamentary,parliamentary,parliamentary,parliamentary,semi-presidential,semi-presidential,electoral-authoritarian,electoral-authoritarian,parliamentary,0.770,0.800,0.800,0.800,0.800,0.800,0.554,0.500,0.500,0.800,100.0,100.0,100.0,100.0,100.0,100.0,82.1,100.0,100.0,100.0
2032-10-01,1.0071,0.9887,0.9967,0.9939,0.9822,0.9985,1.0102,1.0022,1.0020,0.9991,0.9941,0.9938,1.0071,0.9887,0.9967,1.0149,0.9822,1.0126,1.0102,1.0241,1.0020,0.9998,0.9956,0.9940,3970.84,5849.75,4349.81,2913.21,2404.47,1459.98,203.35,3075.20,2230.15,581.17,1.0202,0.5929,0.9898,1.2563,0.8286,0.2882,1.3204,0.2793,0.1445,-0.7509,0.6643,0.7788,0.6591,0.6927,0.7339,0.7580,0.5549,0.7581,0.7121,0.7042,0.0014,0.0003,0.0107,0.0039,0.0009,0.0002,0.0011,0.0002,0.0001,0.0017,1.0000,1.0000,1.0000,1.0000,1.0000,1.0000,1.0000,1.0000,1.0000,1.0000,63.20,220.39,90.35,63.64,78.36,14.52,7.61,294.91,78.39,88.81,0.0000,0.0000,0.0000,0.0000,0.0000,0.0000,0.0000,0.0000,0.0000,0.0000,104304,74663,53998,54750,86225,66964,95775,572442,131417,91336,0,0,0,0,0,0,0,0,0,0,0.0000,0.0000,0.0000,0.0000,0.0000,0.0000,0.0000,0.0000,0.0000,0.0000,0,0,0,0,0,0,0,0,0,0,0,0,0,0,0,0,0,0,0,0,0.1441,0.0906,0.1484,0.0746,0.1128,0.0306,0.0740,0.1320,0.0206,0.1384,0.000,0.000,0.000,0.000,0.000,0.000,0.000,0.139,0.000,0.000,semi-presidential,parliamentary,parliamentary,parliamentary,parliamentary,semi-presidential,semi-presidential,electoral-authoritarian,electoral-authoritarian,parliamentary,0.780,0.800,0.800,0.800,0.800,0.800,0.564,0.500,0.500,0.840,100.0,100.0,100.0,100.0,100.0,100.0,84.8,100.0,100.0,90.0
2032-11-01,1.0086,0.9869,0.9961,0.9940,0.9769,1.0012,1.0087,1.0023,1.0027,0.9967,0.9950,0.9949,1.0605,0.9869,0.9961,1.0128,0.9769,1.0678,1.0087,1.0030,1.0158,0.9967,1.0180,0.9951,3985.41,5863.43,4358.11,2917.96,2415.70,1466.82,203.63,3091.00,2244.83,582.40,1.0166,0.5915,0.9879,1.2543,0.8249,0.2852,1.3212,0.2791,0.1428,-0.7640,0.6685,0.7633,0.6717,0.6935,0.7679,0.7474,0.5700,0.7398,0.6998,0.6996,0.0057,0.0047,0.0134,0.0064,0.0053,0.0036,0.0029,0.0006,0.0029,0.0016,1.0000,1.0000,1.0000,1.0000,1.0000,1.0000,1.0000,1.0000,1.0000,1.0000,62.74,219.96,90.67,64.17,78.42,14.45,7.65,294.59,78.93,87.74,0.0000,0.0000,0.0000,0.0000,0.0000,0.0000,0.0000,0.0000,0.0000,0.0000,104304,74663,53998,54750,86225,66964,95775,572442,131417,91336,0,0,0,0,0,0,0,0,0,0,0.0000,0.0000,0.0000,0.0000,0.0000,0.0000,0.0000,0.0000,0.0000,0.0000,0,0,0,0,0,0,0,0,0,0,0,0,0,0,0,0,0,0,0,0,0.1491,0.0912,0.1494,0.0759,0.1139,0.0314,0.0778,0.1346,0.0212,0.1379,0.000,0.000,0.000,0.000,0.000,0.000,0.000,0.121,0.000,0.000,semi-presidential,parliamentary,parliamentary,parliamentary,parliamentary,semi-presidential,semi-presidential,electoral-authoritarian,electoral-authoritarian,parliamentary,0.790,0.800,0.800,0.840,0.800,0.800,0.574,0.500,0.500,0.830,100.0,100.0,100.0,90.0,100.0,100.0,87.6,100.0,100.0,92.8
2032-12-01,1.0064,0.9874,0.9974,0.9955,0.9726,1.0014,1.0117,1.0004,1.0028,0.9961,0.9965,0.9937,1.0064,1.0007,1.0479,1.0211,0.9726,1.0068,1.0855,1.0004,1.0085,0.9961,1.0404,0.9937,3989.86,5889.62,4373.36,2925.40,2428.46,1472.83,204.12,3104.35,2254.99,583.23,1.0156,0.5889,0.9845,1.2511,0.8207,0.2822,1.3207,0.2791,0.1414,-0.7777,0.6769,0.7667,0.6796,0.6675,0.7668,0.7512,0.5722,0.7569,0.7315,0.7074,0.0090,0.0034,0.0180,0.0106,0.0078,0.0013,0.0063,0.0007,0.0034,0.0062,0.9879,0.9887,0.9939,0.9900,0.9886,0.9913,0.9992,1.0000,0.9919,1.0000,63.36,220.26,89.17,62.84,78.18,14.46,7.71,295.79,79.37,88.88,0.0000,0.0000,0.0000,0.0000,0.0000,0.0000,0.0000,0.0000,0.0000,0.0000,104304,74663,53998,54750,86225,66964,95775,572442,131417,91336,0,0,0,0,0,0,0,0,0,0,0.0000,0.0000,0.0000,0.0000,0.0000,0.0000,0.0000,0.0000,0.0000,0.0000,0,0,0,0,0,0,0,0,0,0,0,0,0,0,0,0,0,0,0,0,0.1411,0.0867,0.1401,0.0699,0.1068,0.0299,0.0768,0.1309,0.0194,0.1384,0.000,0.000,0.000,0.000,0.000,0.000,0.000,0.103,0.000,0.000,semi-presidential,parliamentary,parliamentary,parliamentary,parliamentary,semi-presidential,semi-presidential,electoral-authoritarian,electoral-authoritarian,parliamentary,0.800,0.800,0.800,0.830,0.800,0.800,0.584,0.500,0.500,0.820,100.0,100.0,100.0,93.1,100.0,100.0,90.4,100.0,100.0,95.7
2033-01-01,1.0059,0.9881,1.0017,0.9951,0.9710,0.9998,1.0125,1.0005,1.0042,0.9956,0.9973,0.9924,1.0059,1.0034,1.1426,1.0138,0.9710,0.9998,1.0272,1.0005,1.0264,0.9956,1.0124,0.9924,4003.24,5897.47,4374.74,2932.82,2439.68,1480.64,204.14,3110.93,2265.74,583.81,1.0123,0.5882,0.9842,1.2480,0.8171,0.2788,1.3229,0.2798,0.1400,-0.7917,0.6666,0.7795,0.6935,0.6760,0.7645,0.7519,0.5905,0.7621,0.7199,0.7054,0.0126,0.0063,0.0211,0.0135,0.0127,0.0014,0.0021,0.0010,0.0077,0.0041,0.9859,0.9871,0.9929,0.9884,0.9866,0.9902,0.9991,1.0000,0.9907,1.0000,63.99,222.06,91.16,65.01,79.91,14.50,7.69,299.78,79.90,88.99,0.0000,0.0000,0.0000,0.0000,0.0000,0.0000,0.0000,0.0000,0.0000,0.0000,104304,74663,53998,54750,86225,66964,95775,572442,131417,91336,0,0,0,0,0,0,0,0,0,0,0.0000,0.0000,0.0000,0.0000,0.0000,0.0000,0.0000,0.0000,0.0000,0.0000,0,0,0,0,0,0,0,0,0,0,0,0,0,0,0,0,0,0,0,0,0.1396,0.0861,0.1435,0.0699,0.1057,0.0295,0.0796,0.1323,0.0182,0.1379,0.000,0.000,0.000,0.000,0.000,0.000,0.000,0.085,0.000,0.000,semi-presidential,parliamentary,parliamentary,parliamentary,parliamentary,semi-presidential,semi-presidential,electoral-authoritarian,electoral-authoritarian,parliamentary,0.800,0.800,0.800,0.820,0.800,0.800,0.594,0.500,0.500,0.810,100.0,100.0,100.0,96.2,100.0,100.0,93.3,100.0,100.0,98.6
2033-02-01,1.0076,0.9884,1.0050,0.9937,0.9719,0.9982,1.0160,0.9996,1.0049,0.9976,0.9966,0.9948,1.0647,0.9961,1.1180,1.0090,0.9792,0.9982,1.0898,0.9996,1.0165,0.9978,0.9966,0.9953,4034.84,5904.08,4397.40,2944.12,2447.74,1487.94,204.40,3124.17,2282.80,584.87,1.0045,0.5875,0.9792,1.2432,0.8146,0.2755,1.3234,0.2798,0.1382,-0.8050,0.6725,0.7570,0.6743,0.6750,0.7621,0.7614,0.6085,0.7213,0.7029,0.6994,0.0150,0.0082,0.0232,0.0131,0.0162,0.0038,0.0048,0.0008,0.0078,0.0076,0.9931,0.9932,0.9965,0.9943,0.9939,0.9946,0.9995,1.0000,0.9952,1.0000,63.16,221.01,91.06,65.30,79.40,14.38,7.65,297.20,79.95,88.05,0.0000,0.0000,0.0000,0.0000,0.0000,0.0000,0.0000,0.0000,0.0000,0.0000,104304,74663,53998,54750,86225,66964,95775,572442,131417,91336,0,0,0,0,0,0,0,0,0,0,0.0000,0.0000,0.0000,0.0000,0.0000,0.0000,0.0000,0.0000,0.0000,0.0000,0,0,0,0,0,0,0,0,0,0,0,0,0,0,0,0,0,0,0,0,0.1485,0.0913,0.1534,0.0761,0.1137,0.0321,0.0843,0.1355,0.0208,0.1366,0.000,0.000,0.000,0.000,0.000,0.000,0.000,0.066,0.000,0.000,semi-presidential,parliamentary,parliamentary,parliamentary,parliamentary,semi-presidential,semi-presidential,electoral-authoritarian,electoral-authoritarian,parliamentary,0.800,0.800,0.800,0.810,0.800,0.800,0.604,0.500,0.500,0.800,100.0,100.0,100.0,99.4,100.0,100.0,96.3,100.0,100.0,100.0
2033-03-01,1.0098,0.9870,1.0109,0.9909,0.9721,0.9965,1.0184,1.0008,1.0052,1.0019,0.9951,0.9969,1.0945,0.9870,1.2092,1.0063,0.9734,0.9965,1.0790,1.0279,1.0125,1.0019,0.9951,0.9974,4047.12,5900.24,4406.98,2946.26,2466.17,1495.39,204.77,3142.38,2290.43,585.32,1.0015,0.5879,0.9772,1.2423,0.8087,0.2723,1.3231,0.2795,0.1369,-0.8191,0.6822,0.7440,0.7064,0.6902,0.7487,0.7672,0.6141,0.7166,0.7319,0.7111,0.0225,0.0116,0.0298,0.0184,0.0219,0.0045,0.0065,0.0007,0.0116,0.0084,1.0000,1.0000,1.0000,1.0000,1.0000,1.0000,1.0000,1.0000,1.0000,1.0000,63.17,221.11,91.81,65.30,79.18,14.59,7.68,295.34,79.54,87.89,0.0000,0.0000,0.0000,0.0000,0.0000,0.0000,0.0000,0.0000,0.0000,0.0000,104304,74663,53998,54750,86225,66964,95775,572442,131417,91336,0,0,0,0,0,0,0,0,0,0,0.0000,0.0000,0.0000,0.0000,0.0000,0.0000,0.0000,0.0000,0.0000,0.0000,0,0,0,0,0,0,0,0,0,0,0,0,0,0,0,0,0,0,0,0,0.1504,0.0931,0.1556,0.0780,0.1146,0.0334,0.0857,0.1362,0.0220,0.1356,0.000,0.000,0.000,0.000,0.000,0.000,0.000,0.047,0.000,0.000,semi-presidential,parliamentary,parliamentary,parliamentary,parliamentary,semi-presidential,semi-presidential,electoral-authoritarian,electoral-authoritarian,parliamentary,0.800,0.800,0.800,0.800,0.800,0.800,0.614,0.500,0.500,0.800,100.0,100.0,100.0,100.0,100.0,100.0,99.3,100.0,100.0,100.0
2033-04-01,1.0118,0.9892,1.0131,0.9893,0.9704,0.9962,1.0161,0.9986,1.0086,1.0027,0.9943,0.9958,1.0768,1.0436,1.0929,1.0066,0.9704,0.9962,1.0161,0.9986,1.0771,1.0027,0.9943,0.9958,4056.48,5842.42,4408.33,2956.11,2472.47,1502.47,205.26,3153.84,2300.92,586.76,0.9993,0.5938,0.9769,1.2383,0.8069,0.2691,1.3218,0.2797,0.1356,-0.8319,0.6785,0.7127,0.6967,0.6619,0.7769,0.7697,0.6192,0.7490,0.7137,0.7009,0.0170,0.0129,0.0229,0.0155,0.0186,0.0082,0.0053,0.0027,0.0129,0.0031,0.9508,0.9553,0.9753,0.9583,0.9521,0.9654,0.9967,1.0000,0.9646,1.0000,64.15,221.31,91.00,65.41,80.07,14.49,7.64,300.50,81.49,88.12,0.0000,0.0000,0.0000,0.0000,0.0000,0.0000,0.0000,0.0000,0.0000,0.0000,104304,74663,53998,54750,86225,66964,95775,572442,131417,91336,0,0,0,0,0,0,0,0,0,0,0.0000,0.0000,0.0000,0.0000,0.0000,0.0000,0.0000,0.0000,0.0000,0.0000,0,0,0,0,0,0,0,0,0,0,0,0,0,0,0,0,0,0,0,0,0.1433,0.0899,0.1474,0.0731,0.1088,0.0317,0.0814,0.1350,0.0204,0.1367,0.000,0.000,0.000,0.000,0.000,0.000,0.000,0.031,0.000,0.000,semi-presidential,parliamentary,parliamentary,parliamentary,parliamentary,semi-presidential,semi-presidential,electoral-authoritarian,electoral-authoritarian,parliamentary,0.800,0.800,0.800,0.800,0.800,0.800,0.624,0.500,0.500,0.800,100.0,100.0,100.0,100.0,100.0,100.0,100.0,100.0,100.0,100.0
2033-05-01,1.0118,0.9927,1.0157,0.9870,0.9687,0.9954,1.0123,0.9973,1.0086,1.0070,0.9960,0.9938,1.0136,1.0804,1.1090,1.0053,0.9687,0.9954,1.0123,0.9973,1.0086,1.0070,1.0389,0.9938,4048.38,5843.99,4413.58,2958.82,2482.70,1513.39,205.43,3173.86,2310.77,586.87,1.0012,0.5936,0.9758,1.2373,0.8038,0.2652,1.3222,0.2791,0.1342,-0.8465,0.6695,0.7200,0.6764,0.6737,0.7480,0.7619,0.6456,0.7552,0.7099,0.7139,0.0188,0.0130,0.0246,0.0159,0.0181,0.0079,0.0022,0.0002,0.0120,0.0033,0.9221,0.9289,0.9610,0.9327,0.9235,0.9441,0.9946,1.0000,0.9409,1.0000,65.57,222.45,91.05,66.45,81.52,14.46,7.63,307.03,82.52,89.31,0.0000,0.0000,0.0000,0.0000,0.0000,0.0000,0.0000,0.0000,0.0000,0.0000,104304,74663,53998,54750,86225,66964,95775,572442,131417,91336,0,0,0,0,0,0,0,0,0,0,0.0000,0.0000,0.0000,0.0000,0.0000,0.0000,0.0000,0.0000,0.0000,0.0000,0,0,0,0,0,0,0,0,0,0,0,0,0,0,0,0,0,0,0,0,0.1365,0.0859,0.1396,0.0689,0.1027,0.0295,0.0797,0.1323,0.0184,0.1366,0.000,0.000,0.000,0.000,0.000,0.000,0.000,0.016,0.000,0.000,semi-presidential,parliamentary,parliamentary,parliamentary,parliamentary,semi-presidential,semi-presidential,electoral-authoritarian,electoral-authoritarian,parliamentary,0.800,0.800,0.800,0.800,0.800,0.800,0.634,0.500,0.500,0.800,100.0,100.0,100.0,100.0,100.0,100.0,100.0,100.0,100.0,100.0
2033-06-01,1.0089,0.9946,1.0208,0.9811,0.9700,0.9911,1.0104,0.9972,1.0069,1.0101,0.9968,0.9905,1.0089,1.0422,1.1764,0.9811,0.9800,0.9911,1.0104,0.9972,1.0069,1.0101,1.0089,0.9905,4042.45,5841.62,4424.38,2967.78,2480.96,1516.31,206.24,3189.29,2316.84,587.23,1.0026,0.5939,0.9735,1.2337,0.8047,0.2626,1.3185,0.2790,0.1331,-0.8608,0.6398,0.7092,0.6689,0.6582,0.7475,0.7783,0.6332,0.7709,0.7151,0.7119,0.0171,0.0104,0.0147,0.0175,0.0191,0.0042,0.0008,0.0000,0.0103,0.0057,0.9565,0.9608,0.9781,0.9636,0.9577,0.9700,0.9973,1.0000,0.9699,1.0000,64.35,222.08,88.97,66.11,81.05,14.48,7.65,303.26,82.32,90.12,0.0000,0.0000,0.0000,0.0000,0.0000,0.0000,0.0000,0.0000,0.0000,0.0000,104304,74663,53998,54750,86225,66964,95775,572442,131417,91336,0,0,0,0,0,0,0,0,0,0,0.0000,0.0000,0.0000,0.0000,0.0000,0.0000,0.0000,0.0000,0.0000,0.0000,0,0,0,0,0,0,0,0,0,0,0,0,0,0,0,0,0,0,0,0,0.1243,0.0801,0.1277,0.0621,0.0937,0.0266,0.0791,0.1260,0.0155,0.1353,0.000,0.000,0.000,0.000,0.000,0.000,0.000,0.008,0.000,0.000,semi-presidential,parliamentary,parliamentary,parliamentary,parliamentary,semi-presidential,semi-presidential,electoral-authoritarian,electoral-authoritarian,parliamentary,0.800,0.800,0.800,0.800,0.800,0.800,0.644,0.500,0.500,0.800,100.0,100.0,100.0,100.0,100.0,100.0,100.0,100.0,100.0,100.0
2033-07-01,1.0082,0.9963,1.0258,0.9734,0.9742,0.9864,1.0092,0.9971,1.0053,1.0118,0.9995,0.9898,1.0082,1.0372,1.1841,0.9734,0.9997,0.9864,1.0092,0.9971,1.0053,1.0118,1.0694,0.9898,4052.73,5851.31,4442.27,2973.58,2489.00,1527.25,206.40,3199.28,2324.97,587.70,1.0001,0.5929,0.9696,1.2355,0.8024,0.2586,1.3188,0.2793,0.1319,-0.8750,0.6221,0.6981,0.6789,0.6692,0.6894,0.7499,0.6579,0.7702,0.6866,0.7030,0.0183,0.0097,0.0182,0.0198,0.0231,0.0036,0.0026,0.0003,0.0097,0.0145,0.9621,0.9660,0.9809,0.9687,0.9632,0.9743,0.9979,1.0000,0.9747,1.0000,64.76,222.45,89.28,66.46,81.67,14.35,7.58,307.18,82.94,89.59,0.0000,0.0000,0.0000,0.0000,0.0000,0.0000,0.0000,0.0000,0.0000,0.0000,104304,74663,53998,54750,86225,66964,95775,572442,131417,91336,0,0,0,0,0,0,0,0,0,0,0.0000,0.0000,0.0000,0.0000,0.0000,0.0000,0.0000,0.0000,0.0000,0.0000,0,0,0,0,0,0,0,0,0,0,0,0,0,0,0,0,0,0,0,0,0.1440,0.0868,0.1450,0.0703,0.1061,0.0280,0.0815,0.1305,0.0223,0.1353,0.000,0.000,0.000,0.000,0.000,0.000,0.000,0.007,0.000,0.000,semi-presidential,parliamentary,parliamentary,parliamentary,parliamentary,semi-presidential,semi-presidential,electoral-authoritarian,electoral-authoritarian,parliamentary,0.800,0.800,0.800,0.800,0.800,0.800,0.654,0.500,0.500,0.800,100.0,100.0,100.0,95.0,100.0,100.0,100.0,100.0,100.0,100.0
2033-08-01,1.0075,0.9990,1.0287,0.9685,0.9775,0.9810,1.0081,0.9953,1.0038,1.0140,1.0015,0.9896,1.0075,1.0655,1.1248,0.9685,0.9973,0.9810,1.0081,0.9953,1.0038,1.0140,1.0509,0.9896,4070.79,5866.79,4453.27,2976.45,2499.36,1533.98,206.66,3203.28,2338.83,589.69,0.9957,0.5914,0.9673,1.2345,0.7994,0.2554,1.3182,0.2802,0.1304,-0.8838,0.6357,0.7170,0.6974,0.6689,0.6929,0.7757,0.6324,0.7354,0.6847,0.6980,0.0166,0.0107,0.0143,0.0173,0.0204,0.0059,0.0021,0.0002,0.0097,0.0104,0.9397,0.9455,0.9697,0.9491,0.9410,0.9580,0.9964,1.0000,0.9572,1.0000,64.79,221.83,88.71,66.40,81.71,14.24,7.53,308.60,83.57,89.62,0.0000,0.0000,0.0000,0.0000,0.0000,0.0000,0.0000,0.0000,0.0000,0.0000,104304,74663,53998,54750,86225,66964,95775,572442,131417,91336,0,0,0,0,0,0,0,0,0,0,0.0000,0.0000,0.0000,0.0000,0.0000,0.0000,0.0000,0.0000,0.0000,0.0000,0,0,0,0,0,0,0,0,0,0,0,0,0,0,0,0,0,0,0,0,0.1469,0.0877,0.1484,0.0716,0.1083,0.0282,0.0819,0.1312,0.0227,0.1351,0.000,0.000,0.000,0.000,0.000,0.000,0.000,0.007,0.000,0.000,semi-presidential,parliamentary,parliamentary,parliamentary,parliamentary,semi-presidential,semi-presidential,electoral-authoritarian,electoral-authoritarian,parliamentary,0.800,0.800,0.800,0.800,0.800,0.800,0.664,0.500,0.500,0.800,100.0,100.0,100.0,98.1,100.0,100.0,100.0,100.0,100.0,100.0
2033-09-01,1.0047,0.9985,1.0306,0.9662,0.9796,0.9772,1.0078,0.9975,1.0029,1.0146,1.0020,0.9921,1.0047,0.9985,1.0950,0.9832,0.9937,0.9772,1.0110,1.0504,1.0029,1.0146,1.0262,0.9926,4084.71,5869.74,4463.68,2982.32,2512.22,1538.77,207.43,3210.12,2348.26,589.68,0.9923,0.5911,0.9651,1.2322,0.7955,0.2525,1.3143,0.2808,0.1291,-0.8986,0.6603,0.7407,0.6901,0.6619,0.7046,0.7644,0.6373,0.7147,0.6804,0.7188,0.0080,0.0020,0.0205,0.0070,0.0101,0.0000,0.0035,0.0005,0.0025,0.0106,1.0000,1.0000,1.0000,1.0000,1.0000,1.0000,1.0000,1.0000,1.0000,1.0000,64.52,223.34,91.66,66.19,80.93,14.68,7.54,305.19,83.20,90.51,0.0000,0.0000,0.0000,0.0000,0.0000,0.0000,0.0000,0.0000,0.0000,0.0000,104304,74663,53998,54750,86225,66964,95775,572442,131417,91336,0,0,0,0,0,0,0,0,0,0,0.0000,0.0000,0.0000,0.0000,0.0000,0.0000,0.0000,0.0000,0.0000,0.0000,0,0,0,0,0,0,0,0,0,0,0,0,0,0,0,0,0,0,0,0,0.1504,0.0903,0.1516,0.0741,0.1111,0.0301,0.0835,0.1310,0.0245,0.1362,0.000,0.000,0.000,0.000,0.000,0.000,0.000,0.006,0.000,0.000,semi-presidential,parliamentary,parliamentary,parliamentary,parliamentary,semi-presidential,semi-presidential,electoral-authoritarian,electoral-authoritarian,parliamentary,0.800,0.800,0.800,0.800,0.800,0.800,0.674,0.500,0.500,0.800,100.0,100.0,100.0,100.0,100.0,100.0,90.0,100.0,100.0,100.0
2033-10-01,1.0009,0.9992,1.0298,0.9607,0.9799,0.9767,1.0066,0.9981,1.0022,1.0156,1.0013,0.9939,1.0009,1.0157,1.0298,0.9607,0.9829,0.9767,1.0066,0.9997,1.0022,1.0156,1.0013,0.9943,4100.96,5884.99,4490.44,2985.11,2524.53,1541.40,207.65,3219.87,2361.76,590.00,0.9885,0.5896,0.9594,1.2312,0.7915,0.2500,1.3135,0.2811,0.1276,-0.9129,0.6710,0.7261,0.6904,0.6631,0.7221,0.7510,0.6764,0.7062,0.6793,0.7040,0.0022,0.0020,0.0014,0.0023,0.0027,0.0016,0.0002,0.0000,0.0014,0.0011,0.9850,0.9857,0.9924,0.9876,0.9864,0.9888,0.9991,1.0000,0.9897,1.0000,64.12,222.16,89.78,65.69,81.03,14.74,7.63,303.69,83.57,90.48,0.0000,0.0000,0.0000,0.0000,0.0000,0.0000,0.0000,0.0000,0.0000,0.0000,104304,74663,53998,54750,86225,66964,95775,572442,131417,91336,0,0,0,0,0,0,0,0,0,0,0.0000,0.0000,0.0000,0.0000,0.0000,0.0000,0.0000,0.0000,0.0000,0.0000,0,0,0,0,0,0,0,0,0,0,0,0,0,0,0,0,0,0,0,0,0.1514,0.0914,0.1528,0.0755,0.1124,0.0312,0.0849,0.1341,0.0256,0.1353,0.000,0.000,0.000,0.000,0.000,0.000,0.000,0.006,0.000,0.000,semi-presidential,parliamentary,parliamentary,parliamentary,parliamentary,semi-presidential,semi-presidential,electoral-authoritarian,electoral-authoritarian,parliamentary,0.800,0.800,0.800,0.800,0.800,0.800,0.684,0.500,0.500,0.800,100.0,100.0,100.0,100.0,100.0,100.0,93.3,100.0,100.0,100.0
2033-11-01,0.9966,1.0000,1.0264,0.9628,0.9787,0.9776,1.0057,1.0005,1.0049,1.0151,1.0006,0.9951,0.9966,1.0216,1.0264,0.9940,0.9787,0.9996,1.0057,1.0661,1.0787,1.0155,1.0013,0.9954,4119.20,5912.57,4500.62,2997.37,2537.72,1546.54,208.56,3232.62,2382.52,590.56,0.9842,0.5869,0.9573,1.2263,0.7875,0.2471,1.3083,0.2813,0.1257,-0.9268,0.6828,0.7393,0.7350,0.6639,0.7367,0.7243,0.6622,0.7048,0.6981,0.6976,0.0065,0.0030,0.0182,0.0107,0.0071,0.0023,0.0097,0.0033,0.0046,0.0068,0.9803,0.9817,0.9901,0.9838,0.9816,0.9859,0.9988,1.0000,0.9868,1.0000,64.39,224.49,90.78,62.45,79.84,15.17,7.59,303.05,83.72,90.04,0.0000,0.0000,0.0000,0.0000,0.0000,0.0000,0.0000,0.0000,0.0000,0.0000,104304,74663,53998,54750,86225,66964,95775,572442,131417,91336,0,0,0,0,0,0,0,0,0,0,0.0000,0.0000,0.0000,0.0000,0.0000,0.0000,0.0000,0.0000,0.0000,0.0000,0,0,0,0,0,0,0,0,0,0,0,0,0,0,0,0,0,0,0,0,0.1539,0.0924,0.1541,0.0743,0.1140,0.0326,0.0828,0.1350,0.0269,0.1388,0.000,0.000,0.000,0.000,0.000,0.000,0.000,0.006,0.000,0.000,semi-presidential,parliamentary,parliamentary,parliamentary,parliamentary,semi-presidential,semi-presidential,electoral-authoritarian,electoral-authoritarian,parliamentary,0.800,0.800,0.800,0.800,0.800,0.800,0.694,0.500,0.500,0.800,100.0,100.0,100.0,100.0,100.0,100.0,96.5,100.0,100.0,100.0
2033-12-01,0.9934,1.0012,1.0239,0.9629,0.9787,0.9823,1.0053,1.0032,1.0039,1.0141,0.9966,0.9946,0.9934,1.0305,1.0239,0.9855,0.9794,1.1019,1.0053,1.0514,1.0039,1.0141,0.9966,0.9946,4125.83,5927.15,4514.24,3009.33,2551.21,1553.16,209.10,3238.69,2395.66,591.43,0.9826,0.5854,0.9543,1.2215,0.7835,0.2439,1.3051,0.2820,0.1243,-0.9402,0.6922,0.7654,0.7193,0.6812,0.7507,0.7311,0.6778,0.7161,0.7478,0.7018,0.0084,0.0060,0.0186,0.0081,0.0069,0.0041,0.0026,0.0003,0.0032,0.0036,0.9730,0.9756,0.9864,0.9778,0.9740,0.9816,0.9985,1.0000,0.9823,1.0000,64.86,226.35,93.87,65.44,81.61,15.54,7.69,305.93,84.36,90.43,0.0000,0.0000,0.0000,0.0000,0.0000,0.0000,0.0000,0.0000,0.0000,0.0000,104304,74663,53998,54750,86225,66964,95775,572442,131417,91336,0,0,0,0,0,0,0,0,0,0,0.0000,0.0000,0.0000,0.0000,0.0000,0.0000,0.0000,0.0000,0.0000,0.0000,0,0,0,0,0,0,0,0,0,0,0,0,0,0,0,0,0,0,0,0,0.1503,0.0909,0.1498,0.0736,0.1107,0.0320,0.0845,0.1353,0.0260,0.1378,0.000,0.000,0.000,0.000,0.000,0.000,0.000,0.005,0.000,0.000,semi-presidential,parliamentary,parliamentary,parliamentary,parliamentary,semi-presidential,semi-presidential,electoral-authoritarian,electoral-authoritarian,parliamentary,0.800,0.800,0.800,0.800,0.800,0.800,0.704,0.500,0.500,0.800,100.0,100.0,100.0,100.0,100.0,100.0,99.8,100.0,100.0,100.0
2034-01-01,0.9943,1.0025,1.0226,0.9678,0.9853,0.9889,1.0028,1.0051,1.0037,1.0126,0.9945,0.9924,1.0259,1.0347,1.0226,1.0073,1.0189,1.1467,1.0028,1.0518,1.0085,1.0126,0.9945,0.9924,4132.95,5932.34,4521.19,3012.57,2560.09,1560.83,209.49,3250.70,2402.23,590.43,0.9810,0.5849,0.9527,1.2202,0.7809,0.2406,1.3027,0.2822,0.1232,-0.9566,0.6816,0.7595,0.7110,0.6953,0.7592,0.7381,0.6711,0.6929,0.7243,0.7057,0.0117,0.0092,0.0237,0.0255,0.0174,0.0065,0.0110,0.0005,0.0051,0.0158,0.9703,0.9734,0.9850,0.9756,0.9712,0.9800,0.9984,1.0000,0.9806,1.0000,65.43,227.99,92.24,63.35,81.76,15.64,7.80,310.03,85.10,89.41,0.0000,0.0000,0.0000,0.0000,0.0000,0.0000,0.0000,0.0000,0.0000,0.0000,104304,74663,53998,54750,86225,66964,95775,572442,131417,91336,0,0,0,0,0,0,0,0,0,0,0.0000,0.0000,0.0000,0.0000,0.0000,0.0000,0.0000,0.0000,0.0000,0.0000,0,0,0,0,0,0,0,0,0,0,0,0,0,0,0,0,0,0,0,0,0.1387,0.0855,0.1379,0.0656,0.1018,0.0297,0.0823,0.1359,0.0233,0.1392,0.000,0.000,0.000,0.000,0.000,0.000,0.000,0.005,0.000,0.000,semi-presidential,parliamentary,parliamentary,parliamentary,parliamentary,semi-presidential,semi-presidential,electoral-authoritarian,electoral-authoritarian,parliamentary,0.800,0.800,0.800,0.800,0.800,0.800,0.714,0.500,0.500,0.800,100.0,100.0,100.0,100.0,100.0,100.0,100.0,90.0,100.0,100.0
2034-02-01,0.9900,1.0050,1.0197,0.9745,0.9915,0.9912,1.0012,1.0065,1.0037,1.0087,0.9943,0.9876,0.9900,1.0649,1.0197,1.0182,1.0237,1.0473,1.0012,1.0374,1.0043,1.0087,0.9943,0.9876,4121.86,5932.25,4508.56,3009.53,2555.99,1569.52,209.73,3267.76,2414.77,592.43,0.9837,0.5850,0.9555,1.2215,0.7823,0.2371,1.3012,0.2820,0.1218,-0.9681,0.6746,0.7439,0.7006,0.6724,0.7380,0.7398,0.6563,0.7384,0.7094,0.6726,0.0102,0.0080,0.0212,0.0265,0.0163,0.0060,0.0105,0.0002,0.0057,0.0140,0.9459,0.9511,0.9729,0.9545,0.9471,0.9625,0.9969,1.0000,0.9619,1.0000,64.76,228.03,92.27,63.12,80.66,15.97,7.90,305.07,84.35,90.16,0.0000,0.0000,0.0000,0.0000,0.0000,0.0000,0.0000,0.0000,0.0000,0.0000,104304,74663,53998,54750,86225,66964,95775,572442,131417,91336,0,0,0,0,0,0,0,0,0,0,0.0000,0.0000,0.0000,0.0000,0.0000,0.0000,0.0000,0.0000,0.0000,0.0000,0,0,0,0,0,0,0,0,0,0,0,0,0,0,0,0,0,0,0,0,0.1182,0.0752,0.1164,0.0541,0.0855,0.0251,0.0784,0.1258,0.0180,0.1387,0.000,0.000,0.000,0.000,0.000,0.000,0.000,0.006,0.000,0.000,semi-presidential,parliamentary,parliamentary,parliamentary,parliamentary,semi-presidential,semi-presidential,electoral-authoritarian,electoral-authoritarian,parliamentary,0.800,0.800,0.800,0.800,0.800,0.800,0.724,0.500,0.540,0.800,100.0,100.0,100.0,100.0,100.0,100.0,100.0,93.4,90.0,100.0
2034-03-01,0.9881,1.0094,1.0185,0.9800,0.9961,0.9910,0.9997,1.0079,1.0020,1.0052,0.9938,0.9848,0.9881,1.1260,1.0185,1.0270,1.0233,0.9910,0.9997,1.0409,1.0020,1.0052,0.9938,0.9848,4123.63,5916.95,4489.84,3011.17,2551.07,1572.68,210.31,3281.01,2420.00,592.27,0.9835,0.5865,0.9595,1.2209,0.7860,0.2345,1.2975,0.2821,0.1208,-0.9832,0.6489,0.7239,0.6440,0.6355,0.6867,0.7553,0.6537,0.7462,0.6999,0.7034,0.0159,0.0130,0.0238,0.0320,0.0212,0.0104,0.0106,0.0002,0.0113,0.0122,0.8985,0.9071,0.9497,0.9111,0.8997,0.9260,0.9936,1.0000,0.9194,1.0000,65.34,229.06,92.84,63.98,81.83,16.14,7.90,309.44,85.03,89.93,0.0000,0.0000,0.0000,0.0000,0.0000,0.0000,0.0000,0.0000,0.0000,0.0000,104304,74663,53998,54750,86225,66964,95775,572442,131417,91336,0,0,0,0,0,0,0,0,0,0,0.0000,0.0000,0.0000,0.0000,0.0000,0.0000,0.0000,0.0000,0.0000,0.0000,0,0,0,0,0,0,0,0,0,0,0,0,0,0,0,0,0,0,0,0,0.1257,0.0779,0.1249,0.0570,0.0911,0.0248,0.0781,0.1282,0.0181,0.1395,0.000,0.000,0.000,0.000,0.000,0.000,0.000,0.006,0.000,0.000,semi-presidential,parliamentary,parliamentary,parliamentary,parliamentary,semi-presidential,semi-presidential,electoral-authoritarian,electoral-authoritarian,parliamentary,0.800,0.800,0.800,0.800,0.800,0.800,0.734,0.500,0.530,0.800,100.0,100.0,100.0,100.0,100.0,100.0,100.0,96.8,93.1,100.0
2034-04-01,0.9876,1.0113,1.0150,0.9858,1.0019,0.9875,0.9975,1.0100,0.9972,1.0016,0.9976,0.9834,0.9876,1.0588,1.0150,1.0234,1.0312,0.9875,0.9975,1.0433,0.9972,1.0016,1.0878,0.9834,4130.65,5923.97,4488.73,3004.95,2558.35,1581.28,210.38,3298.60,2428.68,593.56,0.9819,0.5858,0.9599,1.2234,0.7841,0.2312,1.2839,0.2819,0.1196,-0.9958,0.6446,0.6859,0.5990,0.6236,0.6425,0.7259,0.6646,0.7311,0.6693,0.6935,0.0108,0.0055,0.0218,0.0211,0.0155,0.0041,0.0115,0.0005,0.0041,0.0171,0.9561,0.9609,0.9779,0.9640,0.9572,0.9707,0.9977,1.0000,0.9715,1.0000,65.85,229.21,94.23,64.75,82.99,16.29,7.88,313.40,85.94,90.50,0.0000,0.0000,0.0000,0.0000,0.0000,0.0000,0.0000,0.0000,0.0000,0.0000,104304,74663,53998,54750,86225,66964,95775,572442,131417,91336,0,0,0,0,0,0,0,0,0,0,0.0000,0.0000,0.0000,0.0000,0.0000,0.0000,0.0000,0.0000,0.0000,0.0000,0,0,0,0,0,0,0,0,0,0,0,0,0,0,0,0,0,0,0,0,0.1352,0.0849,0.1347,0.0619,0.0981,0.0250,0.0787,0.1297,0.0191,0.1393,0.000,0.000,0.000,0.000,0.000,0.000,0.000,0.006,0.000,0.000,semi-presidential,parliamentary,parliamentary,parliamentary,parliamentary,semi-presidential,semi-presidential,electoral-authoritarian,electoral-authoritarian,parliamentary,0.800,0.800,0.800,0.800,0.840,0.800,0.744,0.500,0.520,0.800,100.0,100.0,100.0,100.0,90.0,100.0,100.0,100.0,96.1,100.0
2034-05-01,0.9897,1.0157,1.0102,0.9886,1.0042,0.9830,0.9943,1.0087,0.9953,1.0007,0.9999,0.9824,1.0629,1.1211,1.0102,1.0262,1.0188,0.9830,0.9943,1.0087,0.9953,1.0007,1.0605,0.9824,4133.64,5938.47,4498.96,3006.60,2565.23,1588.75,210.27,3302.65,2434.60,594.40,0.9813,0.5844,0.9578,1.2227,0.7824,0.2281,1.2717,0.2827,0.1186,-1.0060,0.6518,0.7032,0.6113,0.5940,0.6540,0.7514,0.6583,0.7487,0.6804,0.7035,0.0202,0.0166,0.0246,0.0283,0.0227,0.0133,0.0096,0.0002,0.0131,0.0076,0.9074,0.9156,0.9542,0.9196,0.9085,0.9333,0.9944,1.0000,0.9282,1.0000,64.15,225.91,92.64,63.23,81.39,16.02,7.76,306.94,84.79,88.31,0.0000,0.0000,0.0000,0.0000,0.0000,0.0000,0.0000,0.0000,0.0000,0.0000,104304,74663,53998,54750,86225,66964,95775,572442,131417,91336,0,0,0,0,0,0,0,0,0,0,0.0000,0.0000,0.0000,0.0000,0.0000,0.0000,0.0000,0.0000,0.0000,0.0000,0,0,0,0,0,0,0,0,0,0,0,0,0,0,0,0,0,0,0,0,0.1376,0.0852,0.1367,0.0625,0.0995,0.0247,0.0785,0.1307,0.0186,0.1400,0.000,0.000,0.000,0.000,0.000,0.000,0.000,0.006,0.000,0.000,semi-presidential,parliamentary,parliamentary,parliamentary,parliamentary,semi-presidential,semi-presidential,electoral-authoritarian,electoral-authoritarian,parliamentary,0.800,0.800,0.800,0.800,0.830,0.800,0.754,0.500,0.510,0.800,100.0,100.0,100.0,100.0,92.7,100.0,100.0,100.0,99.1,100.0
2034-06-01,0.9879,1.0143,1.0060,0.9913,1.0054,0.9785,0.9906,1.0093,0.9958,0.9996,1.0014,0.9837,0.9879,1.0143,1.0060,1.0159,1.0142,0.9785,0.9906,1.0122,0.9981,0.9996,1.0322,0.9840,4138.86,5952.16,4508.40,3010.02,2573.89,1594.49,210.82,3316.72,2438.24,594.37,0.9802,0.5831,0.9559,1.2213,0.7802,0.2253,1.2558,0.2828,0.1177,-1.0209,0.6471,0.7170,0.6475,0.6000,0.6715,0.7502,0.6404,0.7291,0.6532,0.7137,0.0012,0.0000,0.0113,0.0070,0.0029,0.0000,0.0033,0.0002,0.0001,0.0044,1.0000,1.0000,1.0000,1.0000,1.0000,1.0000,1.0000,1.0000,1.0000,1.0000,65.90,229.15,95.36,66.31,83.69,16.35,7.78,313.65,86.44,91.48,0.0000,0.0000,0.0000,0.0000,0.0000,0.0000,0.0000,0.0000,0.0000,0.0000,104304,74663,53998,54750,86225,66964,95775,572442,131417,91336,0,0,0,0,0,0,0,0,0,0,0.0000,0.0000,0.0000,0.0000,0.0000,0.0000,0.0000,0.0000,0.0000,0.0000,0,0,0,0,0,0,0,0,0,0,0,0,0,0,0,0,0,0,0,0,0.1453,0.0891,0.1446,0.0677,0.1056,0.0262,0.0796,0.1337,0.0206,0.1399,0.000,0.000,0.000,0.000,0.000,0.000,0.000,0.005,0.000,0.000,semi-presidential,parliamentary,parliamentary,parliamentary,parliamentary,semi-presidential,semi-presidential,electoral-authoritarian,electoral-authoritarian,parliamentary,0.800,0.800,0.800,0.800,0.820,0.800,0.764,0.500,0.500,0.800,100.0,100.0,100.0,100.0,95.5,100.0,100.0,100.0,100.0,100.0
2034-07-01,0.9879,1.0113,1.0010,0.9942,1.0060,0.9742,0.9877,1.0097,0.9966,0.9998,1.0019,0.9823,0.9879,1.0113,1.0010,1.0215,1.0111,0.9742,0.9877,1.0191,1.0142,1.0003,1.0166,0.9823,4142.48,5953.31,4522.26,3008.50,2576.96,1603.03,211.05,3320.32,2449.61,596.92,0.9795,0.5831,0.9530,1.2220,0.7796,0.2221,1.2421,0.2837,0.1164,-1.0313,0.6546,0.7341,0.6658,0.6141,0.7050,0.7510,0.6635,0.7506,0.6494,0.7092,0.0010,0.0000,0.0108,0.0079,0.0024,0.0000,0.0053,0.0008,0.0006,0.0033,1.0000,1.0000,1.0000,1.0000,1.0000,1.0000,1.0000,1.0000,1.0000,1.0000,65.99,229.72,95.14,65.67,83.81,16.38,7.84,314.29,86.38,90.48,0.0000,0.0000,0.0000,0.0000,0.0000,0.0000,0.0000,0.0000,0.0000,0.0000,104304,74663,53998,54750,86225,66964,95775,572442,131417,91336,0,0,0,0,0,0,0,0,0,0,0.0000,0.0000,0.0000,0.0000,0.0000,0.0000,0.0000,0.0000,0.0000,0.0000,0,0,0,0,0,0,0,0,0,0,0,0,0,0,0,0,0,0,0,0,0.1353,0.0845,0.1338,0.0622,0.0979,0.0248,0.0781,0.1327,0.0187,0.1392,0.000,0.000,0.000,0.000,0.000,0.000,0.000,0.005,0.000,0.000,semi-presidential,parliamentary,parliamentary,parliamentary,parliamentary,semi-presidential,semi-presidential,electoral-authoritarian,electoral-authoritarian,parliamentary,0.800,0.800,0.800,0.800,0.810,0.800,0.774,0.500,0.500,0.800,100.0,100.0,100.0,100.0,98.6,100.0,100.0,100.0,100.0,100.0
2034-08-01,0.9881,1.0066,0.9997,0.9965,1.0072,0.9746,0.9864,1.0055,0.9964,1.0007,1.0016,0.9808,0.9942,1.0066,0.9997,1.0216,1.0153,0.9838,0.9864,1.0055,0.9964,1.0016,1.0016,0.9808,4147.03,5955.92,4519.43,3012.72,2584.50,1612.84,211.85,3334.26,2458.15,598.57,0.9785,0.5830,0.9537,1.2203,0.7777,0.2188,1.2252,0.2838,0.1153,-1.0431,0.6551,0.7385,0.6859,0.6126,0.6961,0.7571,0.6546,0.7259,0.6755,0.7348,0.0006,0.0006,0.0100,0.0078,0.0025,0.0005,0.0028,0.0000,0.0003,0.0024,1.0000,1.0000,1.0000,1.0000,1.0000,1.0000,1.0000,1.0000,1.0000,1.0000,65.48,227.00,92.97,64.86,83.00,15.88,7.69,312.47,86.06,90.20,0.0000,0.0000,0.0000,0.0000,0.0000,0.0000,0.0000,0.0000,0.0000,0.0000,104304,74663,53998,54750,86225,66964,95775,572442,131417,91336,0,0,0,0,0,0,0,0,0,0,0.0000,0.0000,0.0000,0.0000,0.0000,0.0000,0.0000,0.0000,0.0000,0.0000,0,0,0,0,0,0,0,0,0,0,0,0,0,0,0,0,0,0,0,0,0.1338,0.0830,0.1328,0.0608,0.0964,0.0285,0.0771,0.1356,0.0177,0.1391,0.000,0.000,0.000,0.000,0.000,0.000,0.000,0.005,0.000,0.000,semi-presidential,parliamentary,parliamentary,parliamentary,parliamentary,semi-presidential,semi-presidential,electoral-authoritarian,electoral-authoritarian,parliamentary,0.800,0.800,0.800,0.800,0.800,0.800,0.784,0.500,0.500,0.800,100.0,100.0,100.0,100.0,100.0,100.0,100.0,100.0,100.0,100.0
2034-09-01,0.9914,1.0018,0.9993,0.9969,1.0102,0.9753,0.9891,1.0021,0.9951,1.0006,1.0046,0.9815,1.0992,1.0018,0.9993,1.0163,1.0273,0.9915,1.0461,1.0021,0.9951,1.0006,1.0764,0.9817,4154.10,5971.03,4537.44,3011.29,2594.07,1621.45,212.17,3343.66,2464.28,599.53,0.9770,0.5816,0.9499,1.2209,0.7752,0.2157,1.2114,0.2843,0.1142,-1.0562,0.6571,0.7290,0.6695,0.6316,0.7070,0.7787,0.6810,0.7358,0.6716,0.7400,0.0119,0.0072,0.0197,0.0125,0.0142,0.0063,0.0082,0.0006,0.0054,0.0117,1.0000,1.0000,1.0000,1.0000,1.0000,1.0000,1.0000,1.0000,1.0000,1.0000,63.34,222.99,91.52,64.01,81.06,15.37,7.56,303.76,84.75,88.52,0.0000,0.0000,0.0000,0.0000,0.0000,0.0000,0.0000,0.0000,0.0000,0.0000,104304,74663,53998,54750,86225,66964,95775,572442,131417,91336,0,0,0,0,0,0,0,0,0,0,0.0000,0.0000,0.0000,0.0000,0.0000,0.0000,0.0000,0.0000,0.0000,0.0000,0,0,0,0,0,0,0,0,0,0,0,0,0,0,0,0,0,0,0,0,0.1436,0.0869,0.1426,0.0663,0.1039,0.0297,0.0786,0.1385,0.0192,0.1391,0.000,0.000,0.000,0.000,0.000,0.000,0.000,0.005,0.000,0.000,semi-presidential,parliamentary,parliamentary,parliamentary,parliamentary,semi-presidential,semi-presidential,electoral-authoritarian,electoral-authoritarian,parliamentary,0.800,0.800,0.800,0.800,0.770,0.800,0.794,0.500,0.500,0.800,100.0,100.0,100.0,100.0,100.0,100.0,100.0,100.0,100.0,100.0
2034-10-01,0.9957,0.9963,0.9995,0.9952,1.0156,0.9777,0.9912,1.0033,0.9934,1.0019,1.0048,0.9818,1.1368,0.9963,1.0072,1.0100,1.0434,1.0386,1.0364,1.0227,0.9934,1.0019,1.0072,0.9818,4170.22,5989.95,4546.93,3020.77,2597.27,1627.45,212.03,3353.55,2471.24,600.83,0.9730,0.5799,0.9480,1.2171,0.7746,0.2130,1.2055,0.2847,0.1132,-1.0686,0.6521,0.7324,0.6885,0.6270,0.7274,0.7736,0.6735,0.7411,0.6644,0.7290,0.0137,0.0105,0.0214,0.0148,0.0187,0.0090,0.0081,0.0004,0.0079,0.0138,1.0000,1.0000,1.0000,1.0000,1.0000,1.0000,1.0000,1.0000,1.0000,1.0000,62.79,223.12,93.36,64.90,81.19,15.48,7.61,300.89,83.93,88.26,0.0000,0.0000,0.0000,0.0000,0.0000,0.0000,0.0000,0.0000,0.0000,0.0000,104304,74663,53998,54750,86225,66964,95775,572442,131417,91336,0,0,0,0,0,0,0,0,0,0,0.0000,0.0000,0.0000,0.0000,0.0000,0.0000,0.0000,0.0000,0.0000,0.0000,0,0,0,0,0,0,0,0,0,0,0,0,0,0,0,0,0,0,0,0,0.1432,0.0871,0.1431,0.0672,0.1040,0.0335,0.0794,0.1380,0.0188,0.1370,0.000,0.000,0.000,0.000,0.000,0.000,0.000,0.004,0.000,0.000,semi-presidential,parliamentary,parliamentary,parliamentary,parliamentary,semi-presidential,semi-presidential,electoral-authoritarian,electoral-authoritarian,parliamentary,0.800,0.800,0.800,0.800,0.780,0.800,0.800,0.500,0.500,0.800,100.0,100.0,100.0,100.0,100.0,100.0,100.0,100.0,100.0,100.0
2034-11-01,1.0003,0.9885,1.0004,0.9927,1.0209,0.9810,0.9937,1.0035,0.9945,1.0029,1.0043,0.9829,1.1471,0.9885,1.0316,1.0078,1.0474,1.0625,1.0496,1.0075,1.0172,1.0029,1.0043,0.9832,4176.12,5981.98,4542.13,3024.44,2605.12,1637.85,212.67,3368.94,2481.53,601.28,0.9716,0.5808,0.9491,1.2157,0.7724,0.2099,1.1904,0.2847,0.1119,-1.0826,0.6630,0.7409,0.6887,0.6558,0.6978,0.7548,0.6547,0.7196,0.6636,0.7220,0.0155,0.0120,0.0232,0.0171,0.0208,0.0095,0.0088,0.0012,0.0101,0.0137,1.0000,1.0000,1.0000,1.0000,1.0000,1.0000,1.0000,1.0000,1.0000,1.0000,62.94,223.66,93.59,64.65,81.06,15.60,7.64,299.88,83.67,88.23,0.0000,0.0000,0.0000,0.0000,0.0000,0.0000,0.0000,0.0000,0.0000,0.0000,104304,74663,53998,54750,86225,66964,95775,572442,131417,91336,0,0,0,0,0,0,0,0,0,0,0.0000,0.0000,0.0000,0.0000,0.0000,0.0000,0.0000,0.0000,0.0000,0.0000,0,0,0,0,0,0,0,0,0,0,0,0,0,0,0,0,0,0,0,0,0.1442,0.0883,0.1445,0.0681,0.1046,0.0341,0.0803,0.1380,0.0193,0.1365,0.000,0.000,0.000,0.000,0.000,0.000,0.000,0.004,0.000,0.000,semi-presidential,parliamentary,parliamentary,parliamentary,parliamentary,semi-presidential,semi-presidential,electoral-authoritarian,electoral-authoritarian,parliamentary,0.800,0.800,0.800,0.800,0.790,0.800,0.800,0.500,0.500,0.800,100.0,100.0,100.0,100.0,100.0,100.0,100.0,100.0,100.0,100.0
2034-12-01,1.0056,0.9853,1.0004,0.9938,1.0252,0.9835,0.9926,1.0017,0.9951,1.0028,1.0019,0.9838,1.1759,0.9853,1.0027,1.0153,1.0477,1.0460,0.9926,1.0017,1.0105,1.0028,1.0019,0.9840,4187.12,5980.80,4567.97,3032.51,2612.42,1648.09,213.15,3386.88,2495.05,602.38,0.9691,0.5811,0.9438,1.2125,0.7702,0.2067,1.1765,0.2845,0.1106,-1.0953,0.6564,0.7013,0.6565,0.6483,0.6966,0.7711,0.6775,0.7352,0.6788,0.7149,0.0125,0.0121,0.0188,0.0191,0.0176,0.0107,0.0082,0.0006,0.0099,0.0086,1.0000,1.0000,1.0000,1.0000,1.0000,1.0000,1.0000,1.0000,1.0000,1.0000,63.10,222.67,91.10,63.00,80.62,15.42,7.58,302.38,84.62,87.49,0.0000,0.0000,0.0000,0.0000,0.0000,0.0000,0.0000,0.0000,0.0000,0.0000,104304,74663,53998,54750,86225,66964,95775,572442,131417,91336,0,0,0,0,0,0,0,0,0,0,0.0000,0.0000,0.0000,0.0000,0.0000,0.0000,0.0000,0.0000,0.0000,0.0000,0,0,0,0,0,0,0,0,0,0,0,0,0,0,0,0,0,0,0,0,0.1454,0.0927,0.1443,0.0674,0.1058,0.0349,0.0811,0.1412,0.0206,0.1392,0.000,0.000,0.000,0.000,0.000,0.000,0.000,0.004,0.000,0.000,semi-presidential,parliamentary,parliamentary,parliamentary,parliamentary,semi-presidential,semi-presidential,electoral-authoritarian,electoral-authoritarian,parliamentary,0.800,0.800,0.800,0.800,0.800,0.800,0.800,0.500,0.500,0.800,100.0,100.0,100.0,100.0,100.0,100.0,100.0,100.0,100.0,100.0
2035-01-01,1.0079,0.9824,0.9999,0.9946,1.0302,0.9852,0.9954,0.9999,0.9948,1.0029,0.9985,0.9850,1.0847,0.9824,0.9999,1.0145,1.0551,1.0261,1.0566,0.9999,0.9948,1.0029,0.9985,0.9853,4199.90,6002.07,4576.60,3043.36,2614.77,1655.62,213.68,3386.81,2509.96,603.27,0.9662,0.5791,0.9420,1.2082,0.7695,0.2039,1.1596,0.2857,0.1092,-1.1085,0.6619,0.6977,0.7014,0.6605,0.7080,0.7644,0.6792,0.7468,0.6758,0.7200,0.0081,0.0058,0.0173,0.0126,0.0127,0.0047,0.0045,0.0003,0.0036,0.0119,1.0000,1.0000,1.0000,1.0000,1.0000,1.0000,1.0000,1.0000,1.0000,1.0000,64.94,224.47,91.58,64.64,82.50,15.40,7.57,312.36,86.88,88.95,0.0000,0.0000,0.0000,0.0000,0.0000,0.0000,0.0000,0.0000,0.0000,0.0000,104304,74663,53998,54750,86225,66964,95775,572442,131417,91336,0,0,0,0,0,0,0,0,0,0,0.0000,0.0000,0.0000,0.0000,0.0000,0.0000,0.0000,0.0000,0.0000,0.0000,0,0,0,0,0,0,0,0,0,0,0,0,0,0,0,0,0,0,0,0,0.1464,0.0931,0.1458,0.0682,0.1070,0.0358,0.0860,0.1429,0.0214,0.1393,0.000,0.000,0.000,0.000,0.000,0.000,0.000,0.003,0.000,0.000,semi-presidential,parliamentary,parliamentary,parliamentary,parliamentary,semi-presidential,semi-presidential,electoral-authoritarian,electoral-authoritarian,parliamentary,0.800,0.800,0.800,0.800,0.800,0.800,0.800,0.500,0.500,0.800,100.0,100.0,100.0,100.0,100.0,100.0,100.0,100.0,100.0,100.0
2035-02-01,1.0079,0.9831,1.0012,0.9916,1.0346,0.9856,0.9992,1.0002,0.9927,1.0020,0.9940,0.9847,1.0079,0.9995,1.0503,1.0069,1.0567,0.9956,1.0798,1.0022,0.9927,1.0020,0.9940,0.9847,4200.10,6005.42,4586.29,3042.22,2619.53,1662.62,214.55,3401.62,2520.29,604.92,0.9663,0.5789,0.9399,1.2087,0.7682,0.2013,1.1441,0.2857,0.1080,-1.1202,0.6711,0.7278,0.6936,0.6795,0.6829,0.7625,0.6909,0.7032,0.6951,0.7121,0.0084,0.0038,0.0192,0.0093,0.0123,0.0016,0.0029,0.0004,0.0036,0.0124,0.9844,0.9858,0.9921,0.9872,0.9852,0.9892,0.9991,1.0000,0.9897,1.0000,66.63,227.06,94.04,67.82,84.90,15.55,7.65,320.57,88.31,90.70,0.0000,0.0000,0.0000,0.0000,0.0000,0.0000,0.0000,0.0000,0.0000,0.0000,104304,74663,53998,54750,86225,66964,95775,572442,131417,91336,0,0,0,0,0,0,0,0,0,0,0.0000,0.0000,0.0000,0.0000,0.0000,0.0000,0.0000,0.0000,0.0000,0.0000,0,0,0,0,0,0,0,0,0,0,0,0,0,0,0,0,0,0,0,0,0.1432,0.0918,0.1430,0.0681,0.1042,0.0347,0.0856,0.1406,0.0200,0.1362,0.000,0.000,0.000,0.000,0.000,0.000,0.000,0.003,0.000,0.000,semi-presidential,parliamentary,parliamentary,parliamentary,parliamentary,semi-presidential,semi-presidential,electoral-authoritarian,electoral-authoritarian,parliamentary,0.800,0.800,0.800,0.800,0.800,0.800,0.800,0.500,0.500,0.800,100.0,100.0,100.0,100.0,100.0,100.0,100.0,100.0,100.0,100.0
2035-03-01,1.0081,0.9843,1.0066,0.9872,1.0354,0.9889,1.0001,0.9988,0.9932,1.0005,0.9899,0.9864,1.0169,1.0169,1.1852,1.0008,1.0413,1.0780,1.0212,0.9988,1.0025,1.0005,0.9899,0.9868,4210.53,6020.79,4601.64,3052.75,2627.57,1673.46,215.30,3424.40,2526.35,605.49,0.9640,0.5775,0.9367,1.2047,0.7660,0.1983,1.1295,0.2851,0.1070,-1.1339,0.6594,0.7245,0.6885,0.6597,0.6842,0.7662,0.7028,0.7175,0.6939,0.7291,0.0196,0.0122,0.0262,0.0192,0.0203,0.0046,0.0017,0.0005,0.0112,0.0058,0.9691,0.9722,0.9843,0.9744,0.9700,0.9789,0.9982,1.0000,0.9793,1.0000,66.47,226.01,93.15,67.53,84.77,15.45,7.71,319.55,88.05,90.63,0.0000,0.0000,0.0000,0.0000,0.0000,0.0000,0.0000,0.0000,0.0000,0.0000,104304,74663,53998,54750,86225,66964,95775,572442,131417,91336,0,0,0,0,0,0,0,0,0,0,0.0000,0.0000,0.0000,0.0000,0.0000,0.0000,0.0000,0.0000,0.0000,0.0000,0,0,0,0,0,0,0,0,0,0,0,0,0,0,0,0,0,0,0,0,0.1457,0.0937,0.1467,0.0700,0.1068,0.0356,0.0871,0.1412,0.0211,0.1349,0.000,0.000,0.000,0.000,0.000,0.000,0.000,0.003,0.000,0.000,semi-presidential,parliamentary,parliamentary,parliamentary,parliamentary,semi-presidential,semi-presidential,electoral-authoritarian,electoral-authoritarian,parliamentary,0.800,0.800,0.800,0.800,0.800,0.800,0.800,0.500,0.500,0.800,100.0,100.0,100.0,100.0,100.0,100.0,100.0,100.0,100.0,100.0
2035-04-01,1.0091,0.9857,1.0084,0.9849,1.0382,0.9925,1.0000,0.9991,0.9927,0.9991,0.9863,0.9873,1.0423,1.0185,1.0689,1.0014,1.0533,1.0789,1.0000,1.0062,0.9927,0.9991,0.9863,0.9875,4226.44,6029.94,4602.09,3059.68,2639.86,1682.58,216.04,3432.52,2539.85,608.94,0.9604,0.5766,0.9366,1.2022,0.7625,0.1956,1.1153,0.2856,0.1057,-1.1422,0.6627,0.7355,0.6949,0.6746,0.6987,0.7797,0.7155,0.7402,0.6845,0.7251,0.0130,0.0099,0.0213,0.0139,0.0155,0.0059,0.0017,0.0000,0.0071,0.0067,0.9688,0.9720,0.9842,0.9743,0.9697,0.9788,0.9982,1.0000,0.9793,1.0000,66.31,226.54,93.88,67.58,84.58,15.49,7.73,320.17,88.67,90.32,0.0000,0.0000,0.0000,0.0000,0.0000,0.0000,0.0000,0.0000,0.0000,0.0000,104304,74663,53998,54750,86225,66964,95775,572442,131417,91336,0,0,0,0,0,0,0,0,0,0,0.0000,0.0000,0.0000,0.0000,0.0000,0.0000,0.0000,0.0000,0.0000,0.0000,0,0,0,0,0,0,0,0,0,0,0,0,0,0,0,0,0,0,0,0,0.1470,0.0944,0.1479,0.0707,0.1076,0.0365,0.0879,0.1435,0.0219,0.1359,0.000,0.000,0.000,0.000,0.000,0.000,0.000,0.002,0.000,0.000,semi-presidential,parliamentary,parliamentary,parliamentary,parliamentary,semi-presidential,semi-presidential,electoral-authoritarian,electoral-authoritarian,parliamentary,0.800,0.800,0.800,0.800,0.800,0.800,0.800,0.500,0.500,0.800,100.0,100.0,100.0,100.0,100.0,100.0,100.0,100.0,100.0,100.0
2035-05-01,1.0103,0.9863,1.0060,0.9879,1.0391,0.9979,1.0018,0.9986,0.9917,0.9990,0.9847,0.9869,1.0504,1.0017,1.0060,1.0157,1.0459,1.1345,1.0514,0.9986,0.9917,0.9993,0.9847,0.9869,4240.18,6051.25,4611.32,3068.24,2649.53,1694.46,216.05,3449.33,2548.07,610.49,0.9623,0.5746,0.9348,1.1990,0.7599,0.1925,1.1051,0.2855,0.1046,-1.1541,0.6756,0.7327,0.6794,0.6752,0.7283,0.7732,0.7225,0.7437,0.7112,0.7609,0.0090,0.0074,0.0173,0.0142,0.0090,0.0054,0.0063,0.0002,0.0038,0.0042,0.9856,0.9864,0.9927,0.9882,0.9868,0.9895,0.9991,1.0000,0.9903,1.0000,66.51,226.67,91.31,64.66,83.92,15.60,7.86,321.11,89.23,90.45,0.0000,0.0000,0.0000,0.0000,0.0000,0.0000,0.0000,0.0000,0.0000,0.0000,104304,74663,53998,54750,86225,66964,95775,572442,131417,91336,0,0,0,0,0,0,0,0,0,0,0.0000,0.0000,0.0000,0.0000,0.0000,0.0000,0.0000,0.0000,0.0000,0.0000,0,0,0,0,0,0,0,0,0,0,0,0,0,0,0,0,0,0,0,0,0.1451,0.0928,0.1445,0.0673,0.1060,0.0363,0.0878,0.1433,0.0222,0.1396,0.000,0.000,0.000,0.000,0.000,0.000,0.000,0.002,0.000,0.000,semi-presidential,parliamentary,parliamentary,parliamentary,parliamentary,semi-presidential,semi-presidential,electoral-authoritarian,electoral-authoritarian,parliamentary,0.800,0.800,0.800,0.800,0.800,0.800,0.800,0.500,0.500,0.800,100.0,100.0,100.0,100.0,100.0,100.0,100.0,100.0,100.0,100.0
2035-06-01,1.0121,0.9874,1.0024,0.9882,1.0405,1.0031,1.0010,0.9983,0.9902,0.9993,0.9847,0.9870,1.0735,1.0151,1.0024,1.0097,1.0499,1.1269,1.0010,0.9983,0.9902,0.9994,0.9847,0.9870,4248.76,6065.65,4626.54,3076.05,2662.26,1700.64,216.83,3468.54,2555.26,612.11,0.9604,0.5732,0.9318,1.1991,0.7564,0.1902,1.0912,0.2851,0.1035,-1.1658,0.6820,0.7512,0.6815,0.6815,0.7314,0.7923,0.6927,0.7634,0.6850,0.7519,0.0104,0.0099,0.0174,0.0136,0.0116,0.0073,0.0021,0.0000,0.0055,0.0028,0.9736,0.9762,0.9866,0.9784,0.9745,0.9821,0.9985,1.0000,0.9828,1.0000,66.25,226.48,92.31,66.14,84.27,15.56,7.73,321.02,89.33,90.53,0.0000,0.0000,0.0000,0.0000,0.0000,0.0000,0.0000,0.0000,0.0000,0.0000,104304,74663,53998,54750,86225,66964,95775,572442,131417,91336,0,0,0,0,0,0,0,0,0,0,0.0000,0.0000,0.0000,0.0000,0.0000,0.0000,0.0000,0.0000,0.0000,0.0000,0,0,0,0,0,0,0,0,0,0,0,0,0,0,0,0,0,0,0,0,0.1479,0.0942,0.1472,0.0695,0.1080,0.0368,0.0881,0.1437,0.0226,0.1398,0.000,0.000,0.000,0.000,0.000,0.000,0.000,0.002,0.000,0.000,semi-presidential,parliamentary,parliamentary,parliamentary,parliamentary,semi-presidential,semi-presidential,electoral-authoritarian,electoral-authoritarian,parliamentary,0.800,0.800,0.800,0.800,0.800,0.800,0.800,0.500,0.500,0.800,100.0,100.0,100.0,100.0,100.0,100.0,100.0,100.0,100.0,100.0
2035-07-01,1.0111,0.9868,1.0021,0.9860,1.0398,1.0067,0.9991,0.9975,0.9890,0.9974,0.9843,0.9888,1.0111,0.9868,1.0021,1.0010,1.0398,1.0970,0.9991,0.9975,0.9890,0.9974,0.9843,0.9891,4262.82,6074.37,4633.64,3094.47,2674.14,1708.87,217.24,3490.84,2570.52,613.95,0.9573,0.5724,0.9304,1.1920,0.7533,0.1877,1.0795,0.2846,0.1022,-1.1771,0.6879,0.7465,0.6981,0.6800,0.7371,0.7703,0.7051,0.7599,0.6578,0.7515,0.0016,0.0019,0.0112,0.0017,0.0011,0.0012,0.0000,0.0000,0.0005,0.0002,1.0000,1.0000,1.0000,1.0000,1.0000,1.0000,1.0000,1.0000,1.0000,1.0000,67.64,228.26,93.79,68.61,86.28,15.58,7.85,327.54,90.20,92.32,0.0000,0.0000,0.0000,0.0000,0.0000,0.0000,0.0000,0.0000,0.0000,0.0000,104304,74663,53998,54750,86225,66964,95775,572442,131417,91336,0,0,0,0,0,0,0,0,0,0,0.0000,0.0000,0.0000,0.0000,0.0000,0.0000,0.0000,0.0000,0.0000,0.0000,0,0,0,0,0,0,0,0,0,0,0,0,0,0,0,0,0,0,0,0,0.1524,0.0951,0.1489,0.0713,0.1089,0.0408,0.0884,0.1429,0.0266,0.1369,0.000,0.000,0.000,0.000,0.000,0.000,0.000,0.002,0.000,0.000,semi-presidential,parliamentary,parliamentary,parliamentary,parliamentary,semi-presidential,semi-presidential,electoral-authoritarian,electoral-authoritarian,parliamentary,0.800,0.800,0.800,0.800,0.800,0.800,0.800,0.500,0.500,0.800,100.0,100.0,100.0,100.0,100.0,100.0,100.0,100.0,100.0,100.0
2035-08-01,1.0077,0.9886,0.9989,0.9876,1.0375,1.0082,0.9958,0.9987,0.9903,0.9966,0.9839,0.9920,1.0077,1.0327,0.9989,1.0143,1.0375,1.0435,0.9958,1.0298,1.0216,0.9966,0.9839,0.9925,4275.33,6100.34,4633.25,3098.16,2682.56,1719.08,217.64,3505.13,2582.29,615.59,0.9545,0.5700,0.9306,1.1907,0.7511,0.1850,1.0681,0.2846,0.1010,-1.1887,0.6919,0.7466,0.6972,0.7127,0.7572,0.7693,0.7050,0.7836,0.6882,0.7499,0.0081,0.0060,0.0163,0.0115,0.0081,0.0044,0.0055,0.0014,0.0052,0.0034,0.9582,0.9625,0.9789,0.9654,0.9593,0.9715,0.9975,1.0000,0.9718,1.0000,67.82,228.99,92.61,66.40,85.73,15.94,7.94,326.59,90.72,93.41,0.0000,0.0000,0.0000,0.0000,0.0000,0.0000,0.0000,0.0000,0.0000,0.0000,104304,74663,53998,54750,86225,66964,95775,572442,131417,91336,0,0,0,0,0,0,0,0,0,0,0.0000,0.0000,0.0000,0.0000,0.0000,0.0000,0.0000,0.0000,0.0000,0.0000,0,0,0,0,0,0,0,0,0,0,0,0,0,0,0,0,0,0,0,0,0.1562,0.0975,0.1518,0.0725,0.1120,0.0434,0.0882,0.1425,0.0293,0.1395,0.000,0.000,0.000,0.000,0.000,0.000,0.000,0.001,0.000,0.000,semi-presidential,parliamentary,parliamentary,parliamentary,parliamentary,semi-presidential,semi-presidential,electoral-authoritarian,electoral-authoritarian,parliamentary,0.800,0.800,0.800,0.800,0.800,0.800,0.800,0.500,0.500,0.800,100.0,100.0,100.0,100.0,100.0,100.0,100.0,100.0,100.0,100.0
2035-09-01,1.0011,0.9878,0.9949,0.9927,1.0337,1.0081,0.9926,0.9985,0.9892,0.9968,0.9794,0.9940,1.0011,0.9878,0.9949,1.0211,1.0337,1.0081,0.9926,0.9985,0.9892,0.9974,0.9794,0.9943,4294.48,6120.93,4622.68,3114.04,2693.59,1724.54,218.36,3521.80,2593.46,616.71,0.9503,0.5681,0.9328,1.1847,0.7481,0.1828,1.0553,0.2845,0.0998,-1.2013,0.6890,0.7687,0.6693,0.6910,0.7444,0.7718,0.6944,0.7603,0.6937,0.7396,0.0000,0.0000,0.0091,0.0071,0.0000,0.0000,0.0053,0.0000,0.0000,0.0002,1.0000,1.0000,1.0000,1.0000,1.0000,1.0000,1.0000,1.0000,1.0000,1.0000,66.51,230.93,91.51,64.91,84.15,15.93,8.12,320.43,90.17,93.29,0.0000,0.0000,0.0000,0.0000,0.0000,0.0000,0.0000,0.0000,0.0000,0.0000,104304,74663,53998,54750,86225,66964,95775,572442,131417,91336,0,0,0,0,0,0,0,0,0,0,0.0000,0.0000,0.0000,0.0000,0.0000,0.0000,0.0000,0.0000,0.0000,0.0000,0,0,0,0,0,0,0,0,0,0,0,0,0,0,0,0,0,0,0,0,0.1576,0.0994,0.1539,0.0733,0.1135,0.0446,0.0874,0.1406,0.0306,0.1391,0.000,0.000,0.000,0.000,0.000,0.000,0.000,0.001,0.000,0.000,semi-presidential,parliamentary,parliamentary,parliamentary,parliamentary,semi-presidential,semi-presidential,electoral-authoritarian,electoral-authoritarian,parliamentary,0.800,0.800,0.800,0.800,0.800,0.800,0.800,0.500,0.500,0.800,100.0,100.0,100.0,100.0,100.0,100.0,100.0,100.0,100.0,100.0
2035-10-01,0.9944,0.9888,0.9948,0.9977,1.0299,1.0098,0.9916,0.9982,0.9899,1.0011,0.9772,0.9963,0.9944,1.0143,0.9948,1.0283,1.0299,1.0511,0.9916,0.9982,1.0048,1.0060,0.9772,0.9967,4311.64,6126.43,4628.48,3129.21,2705.58,1734.81,219.24,3534.35,2607.82,618.90,0.9465,0.5676,0.9316,1.1790,0.7450,0.1802,1.0419,0.2848,0.0985,-1.2117,0.6989,0.7721,0.6504,0.7147,0.7496,0.7546,0.7087,0.7620,0.7156,0.7369,0.0041,0.0040,0.0121,0.0120,0.0041,0.0029,0.0066,0.0006,0.0030,0.0006,0.9758,0.9779,0.9877,0.9801,0.9769,0.9832,0.9986,1.0000,0.9841,1.0000,66.37,230.85,90.78,64.64,83.91,15.84,8.00,320.01,90.42,93.09,0.0000,0.0000,0.0000,0.0000,0.0000,0.0000,0.0000,0.0000,0.0000,0.0000,104304,74663,53998,54750,86225,66964,95775,572442,131417,91336,0,0,0,0,0,0,0,0,0,0,0.0000,0.0000,0.0000,0.0000,0.0000,0.0000,0.0000,0.0000,0.0000,0.0000,0,0,0,0,0,0,0,0,0,0,0,0,0,0,0,0,0,0,0,0,0.1596,0.1013,0.1553,0.0748,0.1152,0.0460,0.0884,0.1429,0.0321,0.1384,0.000,0.000,0.000,0.000,0.000,0.000,0.000,0.001,0.000,0.000,semi-presidential,parliamentary,parliamentary,parliamentary,parliamentary,semi-presidential,semi-presidential,electoral-authoritarian,electoral-authoritarian,parliamentary,0.800,0.800,0.800,0.800,0.800,0.800,0.800,0.500,0.500,0.800,100.0,100.0,100.0,100.0,100.0,100.0,100.0,100.0,100.0,100.0
2035-11-01,0.9861,0.9907,0.9918,1.0020,1.0222,1.0133,0.9902,0.9971,0.9903,1.0016,0.9746,0.9991,0.9861,1.0362,0.9918,1.0322,1.0222,1.0983,0.9902,0.9971,0.9988,1.0025,0.9746,0.9995,4334.11,6144.18,4644.41,3133.43,2727.07,1750.26,219.84,3549.50,2626.62,619.86,0.9416,0.5660,0.9285,1.1775,0.7393,0.1770,1.0300,0.2849,0.0971,-1.2245,0.7015,0.7449,0.6615,0.7260,0.7551,0.7670,0.7295,0.7460,0.7110,0.7425,0.0076,0.0072,0.0143,0.0145,0.0071,0.0052,0.0055,0.0003,0.0048,0.0004,0.9569,0.9613,0.9782,0.9643,0.9580,0.9707,0.9975,1.0000,0.9710,1.0000,65.90,229.57,90.07,64.28,83.11,15.83,8.09,317.08,90.25,92.98,0.0000,0.0000,0.0000,0.0000,0.0000,0.0000,0.0000,0.0000,0.0000,0.0000,104304,74663,53998,54750,86225,66964,95775,572442,131417,91336,0,0,0,0,0,0,0,0,0,0,0.0000,0.0000,0.0000,0.0000,0.0000,0.0000,0.0000,0.0000,0.0000,0.0000,0,0,0,0,0,0,0,0,0,0,0,0,0,0,0,0,0,0,0,0,0.1615,0.1029,0.1572,0.0770,0.1169,0.0471,0.0859,0.1418,0.0336,0.1382,0.000,0.000,0.000,0.000,0.000,0.000,0.000,0.001,0.000,0.000,semi-presidential,parliamentary,parliamentary,parliamentary,parliamentary,semi-presidential,semi-presidential,electoral-authoritarian,electoral-authoritarian,parliamentary,0.800,0.800,0.800,0.800,0.800,0.800,0.800,0.500,0.500,0.800,100.0,100.0,100.0,100.0,100.0,100.0,100.0,100.0,100.0,100.0
2035-12-01,0.9826,0.9913,0.9902,1.0053,1.0156,1.0140,0.9906,0.9969,0.9918,1.0011,0.9755,0.9986,0.9826,1.0063,0.9902,1.0299,1.0156,1.0307,0.9979,0.9969,1.0178,1.0011,0.9941,0.9986,4349.50,6159.48,4650.90,3142.96,2740.75,1763.05,219.96,3564.50,2638.23,621.22,0.9384,0.5646,0.9273,1.1739,0.7358,0.1742,1.0204,0.2850,0.0959,-1.2364,0.7047,0.7450,0.6802,0.6969,0.7815,0.7977,0.7331,0.7400,0.7353,0.7348,0.0031,0.0022,0.0113,0.0079,0.0032,0.0017,0.0055,0.0011,0.0024,0.0019,0.9861,0.9865,0.9929,0.9885,0.9875,0.9895,0.9991,1.0000,0.9904,1.0000,67.81,232.19,91.49,66.03,86.11,15.89,8.10,327.62,92.42,93.07,0.0000,0.0000,0.0000,0.0000,0.0000,0.0000,0.0000,0.0000,0.0000,0.0000,104304,74663,53998,54750,86225,66964,95775,572442,131417,91336,0,0,0,0,0,0,0,0,0,0,0.0000,0.0000,0.0000,0.0000,0.0000,0.0000,0.0000,0.0000,0.0000,0.0000,0,0,0,0,0,0,0,0,0,0,0,0,0,0,0,0,0,0,0,0,0.1581,0.1010,0.1538,0.0753,0.1145,0.0462,0.0857,0.1439,0.0328,0.1379,0.000,0.000,0.000,0.000,0.000,0.000,0.000,0.000,0.000,0.000,semi-presidential,parliamentary,parliamentary,parliamentary,parliamentary,semi-presidential,semi-presidential,electoral-authoritarian,electoral-authoritarian,parliamentary,0.800,0.800,0.800,0.800,0.800,0.800,0.800,0.500,0.500,0.800,100.0,100.0,100.0,100.0,100.0,100.0,100.0,100.0,100.0,100.0
2036-01-01,0.9826,0.9953,0.9885,1.0090,1.0117,1.0151,0.9902,0.9969,0.9956,1.0003,0.9744,0.9970,0.9826,1.0890,0.9885,1.0415,1.0117,1.0406,0.9902,1.0028,1.0732,1.0003,0.9744,0.9970,4375.12,6158.40,4655.02,3149.30,2751.58,1773.87,220.01,3588.02,2650.82,623.67,0.9330,0.5648,0.9265,1.1715,0.7330,0.1717,1.0113,0.2845,0.0947,-1.2462,0.7042,0.7415,0.6800,0.7003,0.7822,0.8127,0.7139,0.7372,0.7037,0.7360,0.0127,0.0114,0.0181,0.0203,0.0144,0.0089,0.0086,0.0030,0.0118,0.0026,0.9146,0.9224,0.9573,0.9264,0.9157,0.9390,0.9945,1.0000,0.9352,1.0000,68.98,234.32,91.52,66.49,87.34,15.96,8.14,334.05,93.84,91.94,0.0000,0.0000,0.0000,0.0000,0.0000,0.0000,0.0000,0.0000,0.0000,0.0000,104304,74663,53998,54750,86225,66964,95775,572442,131417,91336,0,0,0,0,0,0,0,0,0,0,0.0000,0.0000,0.0000,0.0000,0.0000,0.0000,0.0000,0.0000,0.0000,0.0000,0,0,0,0,0,0,0,0,0,0,0,0,0,0,0,0,0,0,0,0,0.1503,0.0972,0.1460,0.0707,0.1086,0.0441,0.0866,0.1453,0.0305,0.1380,0.000,0.000,0.000,0.000,0.000,0.000,0.000,0.000,0.000,0.000,semi-presidential,parliamentary,parliamentary,parliamentary,parliamentary,semi-presidential,semi-presidential,electoral-authoritarian,electoral-authoritarian,parliamentary,0.780,0.800,0.800,0.800,0.800,0.800,0.800,0.500,0.500,0.800,100.0,100.0,100.0,100.0,100.0,100.0,100.0,100.0,100.0,100.0
