date,price_oil,price_gas,price_coal,price_electricity,price_food,price_critical-minerals,price_steel,price_consumer-goods,price_electronics,price_arms,price_pharma,price_services,import_price_oil,import_price_gas,import_price_coal,import_price_electricity,import_price_food,import_price_critical-minerals,import_price_steel,import_price_consumer-goods,import_price_electronics,import_price_arms,import_price_pharma,import_price_services,gdp_FRA,gdp_DEU,gdp_GBR,gdp_ITA,gdp_ESP,gdp_POL,gdp_UKR,gdp_RUS,gdp_TUR,gdp_NOR,debt_FRA,debt_DEU,debt_GBR,debt_ITA,debt_ESP,debt_POL,debt_UKR,debt_RUS,debt_TUR,debt_NOR,stability_FRA,stability_DEU,stability_GBR,stability_ITA,stability_ESP,stability_POL,stability_UKR,stability_RUS,stability_TUR,stability_NOR,shortage_FRA,shortage_DEU,shortage_GBR,shortage_ITA,shortage_ESP,shortage_POL,shortage_UKR,shortage_RUS,shortage_TUR,shortage_NOR,gas_coverage_FRA,gas_coverage_DEU,gas_coverage_GBR,gas_coverage_ITA,gas_coverage_ESP,gas_coverage_POL,gas_coverage_UKR,gas_coverage_RUS,gas_coverage_TUR,gas_coverage_NOR,maritime_trade_FRA,maritime_trade_DEU,maritime_trade_GBR,maritime_trade_ITA,maritime_trade_ESP,maritime_trade_POL,maritime_trade_UKR,maritime_trade_RUS,maritime_trade_TUR,maritime_trade_NOR,blockade_FRA,blockade_DEU,blockade_GBR,blockade_ITA,blockade_ESP,blockade_POL,blockade_UKR,blockade_RUS,blockade_TUR,blockade_NOR,tiles_FRA,tiles_DEU,tiles_GBR,tiles_ITA,tiles_ESP,tiles_POL,tiles_UKR,tiles_RUS,tiles_TUR,tiles_NOR,contested_FRA,contested_DEU,contested_GBR,contested_ITA,contested_ESP,contested_POL,contested_UKR,contested_RUS,contested_TUR,contested_NOR,exhaustion_FRA,exhaustion_DEU,exhaustion_GBR,exhaustion_ITA,exhaustion_ESP,exhaustion_POL,exhaustion_UKR,exhaustion_RUS,exhaustion_TUR,exhaustion_NOR,sanctions_against_FRA,sanctions_against_DEU,sanctions_against_GBR,sanctions_against_ITA,sanctions_against_ESP,sanctions_against_POL,sanctions_against_UKR,sanctions_against_RUS,sanctions_against_TUR,sanctions_against_NOR,at_war_FRA,at_war_DEU,at_war_GBR,at_war_ITA,at_war_ESP,at_war_POL,at_war_UKR,at_war_RUS,at_war_TUR,at_war_NOR,export_share_FRA,export_share_DEU,export_share_GBR,export_share_ITA,export_share_ESP,export_share_POL,export_share_UKR,export_share_RUS,export_share_TUR,export_share_NOR,circumvention_FRA,circumvention_DEU,circumvention_GBR,circumvention_ITA,circumvention_ESP,circumvention_POL,circumvention_UKR,circumvention_RUS,circumvention_TUR,circumvention_NOR,regime_FRA,regime_DEU,regime_GBR,regime_ITA,regime_ESP,regime_POL,regime_UKR,regime_RUS,regime_TUR,regime_NOR,legitimacy_FRA,legitimacy_DEU,legitimacy_GBR,legitimacy_ITA,legitimacy_ESP,legitimacy_POL,legitimacy_UKR,legitimacy_RUS,legitimacy_TUR,legitimacy_NOR,capital_FRA,capital_DEU,capital_GBR,capital_ITA,capital_ESP,capital_POL,capital_UKR,capital_RUS,capital_TUR,capital_NOR
2026-01-01,1.0000,1.0000,1.0000,1.0000,1.0000,1.0000,1.0000,1.0000,1.0000,1.0000,1.0000,1.0000,1.0000,1.0000,1.0000,1.0000,1.0000,1.0000,1.0000,1.0000,1.0000,1.0000,1.0000,1.0000,3366.32,5050.92,4002.59,2551.56,1906.45,1035.49,214.23,2561.31,1597.29,530.76,1.1600,0.6290,1.0230,1.3710,1.0040,0.5880,1.0870,0.1720,0.2350,0.4500,0.6600,0.7169,0.6747,0.6374,0.6767,0.7200,0.6678,0.6750,0.6750,0.7200,0.0000,0.0000,0.0000,0.0000,0.0000,0.0000,0.0000,0.0000,0.0000,0.0000,1.0000,1.0000,1.0000,1.0000,1.0000,1.0000,1.0000,1.0000,1.0000,1.0000,0.00,0.00,0.00,0.00,0.00,0.00,0.00,0.00,0.00,0.00,0.0000,0.0000,0.0000,0.0000,0.0000,0.0000,0.0000,0.0000,0.0000,0.0000,104304,74663,53998,54750,86225,66964,95775,572442,131417,91336,0,0,0,0,0,0,0,0,0,0,0.0000,0.0000,0.0000,0.0000,0.0000,0.0000,0.0000,0.0000,0.0000,0.0000,0,0,0,0,0,0,0,0,0,0,0,0,0,0,0,0,1,1,0,0,0.1189,0.0742,0.1337,0.0486,0.0868,0.0115,0.0806,0.1082,0.0016,0.1382,0.000,0.000,0.000,0.000,0.000,0.000,0.000,0.000,0.000,0.000,semi-presidential,parliamentary,parliamentary,parliamentary,parliamentary,semi-presidential,semi-presidential,electoral-authoritarian,electoral-authoritarian,parliamentary,0.800,0.800,0.800,0.800,0.800,0.800,0.800,0.500,0.500,0.800,30.0,30.0,30.0,30.0,30.0,30.0,30.0,30.0,30.0,30.0
2026-02-01,1.0000,1.0000,1.0000,1.0000,1.0000,1.0000,1.0000,1.0000,1.0000,1.0000,1.0000,1.0000,1.0737,1.0272,1.0377,1.0397,1.0268,1.0569,1.0247,1.0247,1.0417,1.0274,1.0247,1.0000,3368.44,5051.67,4009.21,2559.32,1912.47,1037.99,212.35,2560.27,1602.36,531.65,1.1628,0.6300,1.0246,1.3711,1.0032,0.5883,1.0988,0.1745,0.2346,0.4346,0.6600,0.7169,0.6747,0.6374,0.6767,0.7200,0.6678,0.6750,0.6750,0.7200,0.0139,0.0114,0.0296,0.0205,0.0185,0.0000,0.0278,0.0025,0.0136,0.0141,0.9793,0.9788,0.9899,0.9779,0.9796,1.0000,0.9876,1.0000,0.9729,1.0000,51.01,181.68,76.61,51.95,59.59,9.30,4.26,233.40,55.90,79.13,0.0000,0.0000,0.0000,0.0000,0.0000,0.0000,0.4600,0.0438,0.0000,0.0000,104304,74663,53998,54750,86225,66964,95775,572442,131417,91336,0,0,0,0,0,0,0,0,0,0,0.0000,0.0000,0.0000,0.0000,0.0000,0.0000,0.0100,0.0100,0.0000,0.0000,0,0,0,0,0,0,0,1,0,0,0,0,0,0,0,0,1,1,0,0,0.1187,0.0733,0.1335,0.0477,0.0862,0.0114,0.0722,0.1042,0.0015,0.1355,0.000,0.000,0.000,0.000,0.000,0.000,0.000,0.000,0.000,0.000,semi-presidential,parliamentary,parliamentary,parliamentary,parliamentary,semi-presidential,semi-presidential,electoral-authoritarian,electoral-authoritarian,parliamentary,0.800,0.800,0.800,0.800,0.800,0.800,0.800,0.500,0.500,0.800,33.3,32.9,32.5,33.6,33.3,33.1,30.0,33.3,33.8,32.9
2026-03-01,1.0024,0.9994,0.9990,1.0030,0.9969,1.0030,1.0005,0.9993,0.9997,1.0022,1.0013,0.9979,1.1481,1.0282,1.0372,1.0690,1.0225,1.0861,1.0331,1.0044,1.0131,1.0670,1.0582,0.9979,3361.53,5048.40,3996.15,2561.15,1913.38,1042.41,210.18,2563.02,1606.48,532.25,1.1689,0.6320,1.0310,1.3755,1.0059,0.5837,1.1116,0.1769,0.2340,0.4195,0.6524,0.7046,0.6640,0.6455,0.6734,0.7098,0.5714,0.6568,0.6685,0.7108,0.0182,0.0182,0.0314,0.0338,0.0215,0.0034,0.0862,0.0018,0.0146,0.0133,0.9794,0.9787,0.9899,0.9781,0.9799,1.0000,0.9681,1.0000,0.9731,1.0000,50.08,176.50,72.71,53.21,57.71,9.06,5.57,231.34,55.00,77.34,0.0000,0.0000,0.0000,0.0000,0.0000,0.0000,0.4605,0.0439,0.0000,0.0000,104304,74663,53998,54750,86225,66964,95775,572442,131417,91336,0,0,0,0,0,0,0,0,0,0,0.0000,0.0000,0.0000,0.0000,0.0000,0.0000,0.0200,0.0200,0.0000,0.0000,0,0,0,0,0,0,0,1,0,0,0,0,0,0,0,0,1,1,0,0,0.1019,0.0643,0.1137,0.0399,0.0732,0.0109,0.0635,0.1017,0.0013,0.1355,0.000,0.000,0.000,0.000,0.000,0.000,0.029,0.147,0.000,0.000,semi-presidential,parliamentary,parliamentary,parliamentary,parliamentary,semi-presidential,semi-presidential,electoral-authoritarian,electoral-authoritarian,parliamentary,0.800,0.800,0.800,0.770,0.800,0.800,0.800,0.500,0.500,0.800,36.6,35.6,35.1,37.3,36.6,36.2,32.5,36.5,37.5,35.7
2026-04-01,1.0060,0.9962,1.0011,1.0080,0.9966,1.0049,1.0025,0.9979,1.0012,1.0048,1.0029,0.9942,1.1290,1.0224,1.0976,1.0837,1.0226,1.0604,1.0542,0.9993,1.0367,1.0640,1.0503,0.9942,3352.33,5037.35,3974.82,2557.43,1914.79,1049.10,208.58,2566.16,1615.85,532.45,1.1755,0.6350,1.0393,1.3817,1.0073,0.5778,1.1217,0.1792,0.2327,0.4047,0.6321,0.6862,0.6273,0.6182,0.6520,0.7509,0.4977,0.6579,0.6544,0.7086,0.0201,0.0189,0.0339,0.0383,0.0242,0.0020,0.0860,0.0026,0.0179,0.0151,0.9812,0.9804,0.9908,0.9800,0.9818,1.0000,0.9688,1.0000,0.9755,1.0000,50.30,174.99,71.27,53.58,57.61,9.06,5.53,231.43,54.94,77.47,0.0000,0.0000,0.0000,0.0000,0.0000,0.0000,0.4592,0.0417,0.0000,0.0000,104304,74663,53998,54750,86225,66964,95775,572442,131417,91336,0,0,0,0,0,0,0,0,0,0,0.0000,0.0000,0.0000,0.0000,0.0000,0.0000,0.0300,0.0300,0.0000,0.0000,0,0,0,0,0,0,0,1,0,0,0,0,0,0,0,0,1,1,0,0,0.0916,0.0586,0.1015,0.0345,0.0648,0.0111,0.0652,0.1028,0.0014,0.1358,0.000,0.000,0.000,0.000,0.000,0.000,0.024,0.148,0.000,0.000,semi-presidential,parliamentary,parliamentary,parliamentary,parliamentary,semi-presidential,semi-presidential,electoral-authoritarian,electoral-authoritarian,parliamentary,0.800,0.800,0.800,0.780,0.800,0.800,0.780,0.500,0.500,0.800,39.7,38.3,37.4,40.8,39.8,39.6,29.6,39.7,41.1,38.5
2026-05-01,1.0076,0.9933,1.0033,1.0139,0.9953,1.0039,1.0071,0.9994,1.0035,1.0080,1.0024,0.9910,1.0943,1.0197,1.1082,1.0900,1.0208,1.0592,1.1149,1.0312,1.0519,1.0798,1.0038,0.9910,3339.24,5024.77,3961.26,2555.81,1907.16,1053.65,207.17,2564.82,1619.21,534.23,1.1833,0.6383,1.0455,1.3865,1.0135,0.5731,1.1311,0.1817,0.2323,0.3887,0.6139,0.6634,0.5709,0.5890,0.6494,0.7814,0.4675,0.6652,0.6784,0.7015,0.0201,0.0173,0.0350,0.0383,0.0239,0.0000,0.0770,0.0035,0.0175,0.0178,0.9810,0.9803,0.9907,0.9799,0.9817,1.0000,0.9684,1.0000,0.9753,1.0000,50.85,176.31,71.74,53.89,58.25,9.43,5.52,233.15,55.58,78.27,0.0000,0.0000,0.0000,0.0000,0.0000,0.0000,0.4599,0.0419,0.0000,0.0000,104304,74663,53998,54750,86225,66964,95775,572442,131417,91336,0,0,0,0,0,0,0,0,0,0,0.0000,0.0000,0.0000,0.0000,0.0000,0.0000,0.0400,0.0400,0.0000,0.0000,0,0,0,0,0,0,0,1,0,0,0,0,0,0,0,0,1,1,0,0,0.0907,0.0575,0.1003,0.0331,0.0639,0.0114,0.0620,0.1020,0.0014,0.1354,0.000,0.000,0.000,0.000,0.000,0.000,0.019,0.148,0.000,0.000,semi-presidential,parliamentary,parliamentary,parliamentary,parliamentary,semi-presidential,semi-presidential,electoral-authoritarian,electoral-authoritarian,parliamentary,0.800,0.800,0.800,0.790,0.800,0.800,0.790,0.500,0.500,0.800,42.7,40.9,39.5,44.2,42.9,43.1,31.5,42.9,44.9,41.3
2026-06-01,1.0080,0.9921,1.0025,1.0141,0.9952,1.0034,1.0137,0.9998,1.0076,1.0112,1.0020,0.9903,1.0879,1.0185,1.0384,1.0460,1.0210,1.0581,1.1280,1.0014,1.0552,1.0646,1.0036,0.9903,3341.89,5020.36,3951.79,2552.95,1907.76,1055.14,206.30,2567.54,1623.98,535.96,1.1852,0.6405,1.0504,1.3918,1.0154,0.5702,1.1375,0.1840,0.2317,0.3728,0.6039,0.6409,0.5577,0.5732,0.6024,0.7772,0.4465,0.6469,0.6613,0.7166,0.0138,0.0101,0.0290,0.0177,0.0182,0.0000,0.0660,0.0032,0.0118,0.0151,0.9810,0.9803,0.9907,0.9798,0.9815,1.0000,0.9678,1.0000,0.9752,1.0000,50.76,183.11,76.64,51.83,59.45,9.62,5.70,233.33,56.68,79.44,0.0000,0.0000,0.0000,0.0000,0.0000,0.0000,0.4579,0.0412,0.0000,0.0000,104304,74663,53998,54750,86225,66964,95775,572442,131417,91336,0,0,0,0,0,0,0,0,0,0,0.0000,0.0000,0.0000,0.0000,0.0000,0.0000,0.0500,0.0500,0.0000,0.0000,0,0,0,0,0,0,0,1,0,0,0,0,0,0,0,0,1,1,0,0,0.1074,0.0659,0.1209,0.0401,0.0762,0.0117,0.0645,0.1005,0.0015,0.1333,0.000,0.000,0.000,0.000,0.000,0.000,0.018,0.149,0.000,0.000,semi-presidential,parliamentary,parliamentary,parliamentary,parliamentary,semi-presidential,semi-presidential,electoral-authoritarian,electoral-authoritarian,parliamentary,0.800,0.800,0.800,0.800,0.800,0.800,0.800,0.500,0.500,0.800,45.7,43.4,41.5,47.4,45.8,46.6,33.3,46.0,48.6,44.1
2026-07-01,1.0105,0.9915,1.0030,1.0165,0.9935,1.0011,1.0172,0.9975,1.0085,1.0137,0.9997,0.9910,1.1011,1.0180,1.0459,1.0721,1.0184,1.0553,1.1188,0.9989,1.0449,1.0722,1.0011,0.9918,3347.54,5024.45,3947.37,2555.21,1905.87,1056.97,205.44,2576.14,1630.07,536.87,1.1863,0.6416,1.0542,1.3940,1.0187,0.5671,1.1440,0.1860,0.2309,0.3575,0.6083,0.6549,0.5509,0.5792,0.6048,0.7401,0.4547,0.6308,0.6536,0.7338,0.0142,0.0130,0.0286,0.0281,0.0182,0.0001,0.0863,0.0027,0.0118,0.0143,0.9809,0.9803,0.9907,0.9797,0.9814,1.0000,0.9675,1.0000,0.9751,1.0000,51.35,179.61,73.27,53.48,59.17,9.48,5.59,236.15,56.88,78.71,0.0000,0.0000,0.0000,0.0000,0.0000,0.0000,0.4572,0.0411,0.0000,0.0000,104304,74663,53998,54750,86225,66964,95775,572442,131417,91336,0,0,0,0,0,0,0,0,0,0,0.0000,0.0000,0.0000,0.0000,0.0000,0.0000,0.0600,0.0600,0.0000,0.0000,0,0,0,0,0,0,0,1,0,0,0,0,0,0,0,0,1,1,0,0,0.1121,0.0667,0.1267,0.0418,0.0804,0.0114,0.0626,0.1031,0.0014,0.1358,0.000,0.000,0.000,0.000,0.000,0.000,0.019,0.149,0.000,0.000,semi-presidential,parliamentary,parliamentary,parliamentary,parliamentary,semi-presidential,semi-presidential,electoral-authoritarian,electoral-authoritarian,parliamentary,0.800,0.800,0.800,0.800,0.800,0.800,0.800,0.500,0.500,0.800,48.7,45.9,43.5,50.6,48.7,49.9,35.1,49.0,52.2,47.1
2026-08-01,1.0110,0.9904,1.0041,1.0179,0.9921,0.9974,1.0156,0.9990,1.0085,1.0174,1.0025,0.9936,1.0916,1.0166,1.0673,1.0651,1.0169,1.0510,1.0173,1.0231,1.0220,1.0686,1.0683,0.9959,3351.63,5020.68,3943.67,2552.67,1903.54,1060.93,205.01,2579.33,1633.78,537.32,1.1875,0.6438,1.0576,1.3984,1.0222,0.5630,1.1481,0.1882,0.2304,0.3426,0.6264,0.6854,0.5614,0.5889,0.5991,0.7131,0.4527,0.6654,0.6626,0.7223,0.0155,0.0128,0.0293,0.0260,0.0188,0.0000,0.0644,0.0019,0.0113,0.0142,0.9811,0.9804,0.9907,0.9799,0.9815,1.0000,0.9675,1.0000,0.9753,1.0000,51.19,180.88,74.30,52.72,59.14,9.65,5.60,234.36,56.75,79.53,0.0000,0.0000,0.0000,0.0000,0.0000,0.0000,0.4569,0.0409,0.0000,0.0000,104304,74663,53998,54750,86225,66964,95775,572442,131417,91336,0,0,0,0,0,0,0,0,0,0,0.0000,0.0000,0.0000,0.0000,0.0000,0.0000,0.0700,0.0700,0.0000,0.0000,0,0,0,0,0,0,0,1,0,0,0,0,0,0,0,0,1,1,0,0,0.1184,0.0729,0.1288,0.0437,0.0824,0.0116,0.0648,0.1015,0.0015,0.1359,0.000,0.000,0.000,0.000,0.000,0.000,0.023,0.150,0.000,0.000,semi-presidential,parliamentary,parliamentary,parliamentary,parliamentary,semi-presidential,semi-presidential,electoral-authoritarian,electoral-authoritarian,parliamentary,0.800,0.800,0.800,0.800,0.800,0.800,0.800,0.540,0.500,0.800,51.8,48.6,45.5,54.0,51.5,53.0,37.0,42.3,55.8,50.0
2026-09-01,1.0115,0.9839,1.0043,1.0161,0.9911,0.9962,1.0144,1.0001,1.0072,1.0212,1.0048,0.9944,1.0919,1.0124,1.0399,1.0255,1.0158,1.0496,1.0162,1.0017,1.0211,1.0512,1.0394,0.9949,3351.16,5020.24,3945.74,2549.08,1901.11,1063.85,204.33,2588.61,1640.06,536.89,1.1900,0.6454,1.0591,1.4033,1.0257,0.5605,1.1536,0.1900,0.2302,0.3282,0.6316,0.6855,0.5645,0.5783,0.6037,0.7310,0.4807,0.6415,0.6539,0.7034,0.0117,0.0098,0.0159,0.0155,0.0157,0.0000,0.0639,0.0014,0.0103,0.0107,0.9793,0.9788,0.9898,0.9781,0.9796,1.0000,0.9629,1.0000,0.9735,1.0000,51.61,184.70,76.68,53.69,60.81,9.66,5.83,238.77,57.83,79.99,0.0000,0.0000,0.0000,0.0000,0.0000,0.0000,0.4558,0.0409,0.0000,0.0000,104304,74663,53998,54750,86225,66964,95775,572442,131417,91336,0,0,0,0,0,0,0,0,0,0,0.0000,0.0000,0.0000,0.0000,0.0000,0.0000,0.0800,0.0800,0.0000,0.0000,0,0,0,0,0,0,0,1,0,0,0,0,0,0,0,0,1,1,0,0,0.1184,0.0743,0.1335,0.0451,0.0824,0.0117,0.0657,0.1017,0.0015,0.1320,0.000,0.000,0.000,0.000,0.000,0.000,0.024,0.147,0.000,0.000,semi-presidential,parliamentary,parliamentary,parliamentary,parliamentary,semi-presidential,semi-presidential,electoral-authoritarian,electoral-authoritarian,parliamentary,0.800,0.800,0.800,0.800,0.800,0.800,0.770,0.530,0.500,0.800,55.0,51.3,47.5,57.2,54.4,56.2,39.0,45.3,59.5,52.7
2026-10-01,1.0134,0.9809,1.0073,1.0149,0.9887,0.9947,1.0130,1.0010,1.0018,1.0214,1.0065,0.9948,1.1016,1.0104,1.1372,1.0460,1.0130,1.0481,1.0148,1.0306,1.0151,1.0420,1.0631,0.9950,3347.60,5020.82,3944.38,2553.45,1905.96,1066.33,204.18,2593.93,1646.53,535.92,1.1933,0.6470,1.0602,1.4034,1.0253,0.5572,1.1561,0.1920,0.2299,0.3142,0.6272,0.6774,0.5934,0.5736,0.5966,0.7278,0.5030,0.6811,0.6568,0.6849,0.0204,0.0130,0.0339,0.0221,0.0237,0.0000,0.0867,0.0016,0.0168,0.0148,0.9783,0.9780,0.9893,0.9772,0.9785,1.0000,0.9607,1.0000,0.9726,1.0000,51.97,185.18,78.71,54.52,61.14,9.66,5.79,241.56,57.88,79.31,0.0000,0.0000,0.0000,0.0000,0.0000,0.0000,0.4616,0.0405,0.0000,0.0000,104304,74663,53998,54750,86225,66964,95775,572442,131417,91336,0,0,0,0,0,0,0,0,0,0,0.0000,0.0000,0.0000,0.0000,0.0000,0.0000,0.0900,0.0900,0.0000,0.0000,0,0,0,0,0,0,0,1,0,0,0,0,0,0,0,0,1,1,0,0,0.1231,0.0744,0.1339,0.0453,0.0823,0.0114,0.0633,0.1040,0.0014,0.1321,0.000,0.000,0.000,0.000,0.000,0.000,0.025,0.148,0.000,0.000,semi-presidential,parliamentary,parliamentary,parliamentary,parliamentary,semi-presidential,semi-presidential,electoral-authoritarian,electoral-authoritarian,parliamentary,0.800,0.800,0.800,0.800,0.780,0.800,0.780,0.520,0.500,0.800,58.1,53.9,49.7,60.4,57.2,59.4,41.1,48.6,63.1,55.4
2026-11-01,1.0108,0.9793,1.0105,1.0156,0.9888,0.9931,1.0129,1.0030,0.9993,1.0192,1.0061,0.9980,1.0890,1.0101,1.1437,1.0634,1.0139,1.0468,1.0225,1.0555,1.0123,1.0208,1.0092,0.9994,3349.01,5035.97,3953.53,2555.92,1912.48,1071.77,203.69,2590.80,1629.98,536.70,1.1946,0.6467,1.0593,1.4043,1.0240,0.5525,1.1605,0.1946,0.2328,0.2992,0.6161,0.6812,0.6039,0.5901,0.6221,0.7226,0.5106,0.6808,0.6684,0.6649,0.0204,0.0152,0.0337,0.0286,0.0239,0.0000,0.0617,0.0015,0.0171,0.0151,0.9771,0.9769,0.9887,0.9759,0.9771,1.0000,0.9597,1.0000,0.9712,1.0000,50.58,181.07,75.78,52.38,58.76,9.84,5.48,234.43,56.92,79.11,0.0000,0.0000,0.0000,0.0000,0.0000,0.0000,0.4617,0.0416,0.0000,0.0000,104304,74663,53998,54750,86225,66964,95775,572442,131417,91336,0,0,0,0,0,0,0,0,0,0,0.0000,0.0000,0.0000,0.0000,0.0000,0.0000,0.1000,0.1000,0.0000,0.0000,0,0,0,0,0,0,0,1,0,0,0,0,0,0,0,0,1,1,0,0,0.1258,0.0757,0.1361,0.0503,0.0890,0.0117,0.0694,0.1020,0.0026,0.1340,0.000,0.000,0.000,0.000,0.000,0.000,0.029,0.148,0.000,0.000,semi-presidential,parliamentary,parliamentary,parliamentary,parliamentary,semi-presidential,semi-presidential,electoral-authoritarian,electoral-authoritarian,parliamentary,0.800,0.800,0.800,0.800,0.790,0.800,0.790,0.510,0.500,0.800,61.2,56.6,51.9,63.7,60.2,62.6,43.4,52.0,66.8,58.0
2026-12-01,1.0099,0.9765,1.0134,1.0168,0.9882,0.9909,1.0110,1.0028,1.0003,1.0193,1.0043,0.9983,1.0915,1.0073,1.1417,1.0685,1.0130,1.0447,1.0125,1.0043,1.0257,1.0227,1.0058,0.9985,3351.88,5037.06,3965.95,2556.52,1916.20,1076.90,203.51,2595.72,1634.43,535.57,1.1951,0.6482,1.0574,1.4089,1.0242,0.5479,1.1631,0.1966,0.2328,0.2852,0.6173,0.7079,0.6241,0.5936,0.6503,0.7370,0.5111,0.6422,0.6269,0.6789,0.0175,0.0157,0.0305,0.0302,0.0222,0.0000,0.0603,0.0015,0.0171,0.0111,0.9772,0.9768,0.9887,0.9759,0.9773,1.0000,0.9603,1.0000,0.9711,1.0000,50.84,180.82,75.27,52.74,59.09,9.87,5.48,235.60,57.01,78.95,0.0000,0.0000,0.0000,0.0000,0.0000,0.0000,0.4616,0.0427,0.0000,0.0000,104304,74663,53998,54750,86225,66964,95775,572442,131417,91336,0,0,0,0,0,0,0,0,0,0,0.0000,0.0000,0.0000,0.0000,0.0000,0.0000,0.1100,0.1100,0.0000,0.0000,0,0,0,0,0,0,0,1,0,0,0,0,0,0,0,0,1,1,0,0,0.1261,0.0759,0.1363,0.0506,0.0895,0.0117,0.0682,0.1023,0.0028,0.1351,0.000,0.000,0.000,0.000,0.000,0.000,0.030,0.149,0.000,0.000,semi-presidential,parliamentary,parliamentary,parliamentary,parliamentary,semi-presidential,semi-presidential,electoral-authoritarian,electoral-authoritarian,parliamentary,0.800,0.800,0.800,0.800,0.800,0.800,0.800,0.500,0.500,0.800,64.2,59.4,54.3,52.1,63.4,65.9,45.6,55.0,70.2,60.6
2027-01-01,1.0097,0.9746,1.0146,1.0173,0.9871,1.0574,1.0092,1.0024,1.0211,1.0203,1.0033,0.9996,1.0916,1.0057,1.0798,1.0518,1.0115,2.5758,1.0108,1.0039,1.4118,1.0380,1.0048,1.0002,3358.22,5058.18,3962.75,2565.48,1914.69,1080.55,203.34,2597.01,1642.91,535.04,1.1940,0.6471,1.0597,1.4057,1.0272,0.5501,1.1698,0.1989,0.2322,0.2709,0.6213,0.6982,0.6551,0.5911,0.6566,0.7491,0.5366,0.6580,0.6213,0.6595,0.0390,0.0383,0.0574,0.0509,0.0474,0.0147,0.0774,0.0161,0.0328,0.0200,0.9769,0.9766,0.9886,0.9757,0.9770,1.0000,0.9600,1.0000,0.9709,1.0000,53.15,187.57,78.37,52.51,60.64,10.12,5.91,243.42,59.83,79.28,0.0000,0.0000,0.0000,0.0000,0.0000,0.0000,0.4601,0.0425,0.0000,0.0000,104304,74663,53998,54750,86225,66964,95775,572442,131417,91336,0,0,0,0,0,0,0,0,0,0,0.0000,0.0000,0.0000,0.0000,0.0000,0.0000,0.1200,0.1200,0.0000,0.0000,0,0,0,0,0,0,0,1,0,0,0,0,0,0,0,0,1,1,0,0,0.1274,0.0778,0.1379,0.0514,0.0905,0.0122,0.0690,0.1035,0.0072,0.1336,0.000,0.000,0.000,0.000,0.000,0.000,0.031,0.148,0.000,0.000,semi-presidential,parliamentary,parliamentary,parliamentary,parliamentary,semi-presidential,semi-presidential,electoral-authoritarian,electoral-authoritarian,parliamentary,0.800,0.850,0.800,0.800,0.800,0.800,0.800,0.500,0.500,0.800,67.3,72.2,56.8,45.4,66.6,69.2,47.9,58.2,73.6,63.2
2027-02-01,1.0130,0.9733,1.0146,1.0183,0.9849,1.0946,1.0067,1.0012,1.0283,1.0234,1.0028,1.0027,1.1260,1.0040,1.0509,1.0658,1.0090,1.9624,1.0083,1.0028,1.1737,1.0762,1.0043,1.0037,3364.52,5063.93,3970.22,2576.34,1919.34,1085.39,202.72,2603.81,1650.04,534.92,1.1956,0.6478,1.0588,1.4011,1.0266,0.5463,1.1750,0.2008,0.2318,0.2564,0.6161,0.6821,0.6199,0.6193,0.6230,0.7581,0.5261,0.6420,0.6453,0.6447,0.0263,0.0277,0.0408,0.0386,0.0302,0.0096,0.1020,0.0064,0.0200,0.0131,0.9771,0.9769,0.9887,0.9760,0.9772,1.0000,0.9598,1.0000,0.9713,1.0000,53.97,189.44,78.12,53.89,61.31,10.09,6.03,248.58,60.42,78.45,0.0000,0.0000,0.0000,0.0000,0.0000,0.0000,0.4602,0.0417,0.0000,0.0000,104304,74663,53998,54750,86225,66964,95775,572442,131417,91336,0,0,0,0,0,0,0,0,0,0,0.0000,0.0000,0.0000,0.0000,0.0000,0.0000,0.1300,0.1300,0.0000,0.0000,0,0,0,0,0,0,0,1,0,0,0,0,0,0,0,0,1,1,0,0,0.1300,0.0801,0.1400,0.0533,0.0927,0.0139,0.0700,0.1069,0.0091,0.1351,0.000,0.000,0.000,0.000,0.000,0.000,0.035,0.149,0.000,0.000,semi-presidential,parliamentary,parliamentary,parliamentary,parliamentary,semi-presidential,semi-presidential,electoral-authoritarian,electoral-authoritarian,parliamentary,0.800,0.840,0.800,0.800,0.800,0.800,0.800,0.500,0.500,0.800,55.4,74.8,59.1,49.0,69.6,72.6,50.2,61.3,77.2,65.6
2027-03-01,1.0151,0.9725,1.0165,1.0170,0.9820,1.1101,1.0050,1.0007,1.0298,1.0271,1.0010,1.0012,1.1014,1.0023,1.1115,1.0514,1.0058,1.5233,1.0067,1.0024,1.0519,1.0733,1.0026,1.0012,3372.47,5068.59,3980.14,2571.96,1921.59,1087.82,202.45,2614.81,1657.84,534.91,1.1933,0.6484,1.0611,1.4045,1.0271,0.5431,1.1780,0.2023,0.2314,0.2417,0.6255,0.6799,0.6311,0.6405,0.6300,0.7512,0.4903,0.6639,0.6648,0.6471,0.0206,0.0184,0.0339,0.0254,0.0230,0.0038,0.0975,0.0014,0.0155,0.0102,0.9780,0.9778,0.9891,0.9769,0.9780,1.0000,0.9589,1.0000,0.9725,1.0000,54.81,192.75,80.70,55.56,62.91,10.11,6.18,253.00,61.15,79.21,0.0000,0.0000,0.0000,0.0000,0.0000,0.0000,0.4610,0.0393,0.0000,0.0000,104304,74663,53998,54750,86225,66964,95775,572442,131417,91336,0,0,0,0,0,0,0,0,0,0,0.0000,0.0000,0.0000,0.0000,0.0000,0.0000,0.1400,0.1400,0.0000,0.0000,0,0,0,0,0,0,0,1,0,0,0,0,0,0,0,0,1,1,0,0,0.1173,0.0749,0.1302,0.0488,0.0830,0.0128,0.0664,0.1083,0.0074,0.1318,0.000,0.000,0.000,0.000,0.000,0.000,0.030,0.148,0.000,0.000,semi-presidential,parliamentary,parliamentary,parliamentary,parliamentary,semi-presidential,semi-presidential,electoral-authoritarian,electoral-authoritarian,parliamentary,0.800,0.830,0.800,0.800,0.800,0.800,0.800,0.500,0.500,0.800,58.5,77.5,61.5,52.7,72.7,76.0,52.3,64.6,80.9,68.1
2027-04-01,1.0151,0.9708,1.0195,1.0174,0.9803,1.1129,1.0024,1.0008,1.0277,1.0291,0.9963,1.0003,1.0929,1.0001,1.1436,1.0545,1.0041,1.1804,1.0040,1.0044,1.0426,1.0647,0.9979,1.0003,3373.44,5065.02,3987.71,2567.13,1919.42,1089.07,201.78,2622.85,1667.37,535.43,1.1933,0.6498,1.0597,1.4080,1.0297,0.5406,1.1832,0.2041,0.2306,0.2269,0.6271,0.6808,0.6595,0.5828,0.6274,0.7291,0.4901,0.6971,0.6963,0.6538,0.0170,0.0130,0.0301,0.0222,0.0211,0.0000,0.0731,0.0011,0.0156,0.0106,0.9783,0.9780,0.9893,0.9772,0.9784,1.0000,0.9591,1.0000,0.9727,1.0000,54.29,191.50,80.07,54.73,62.13,10.15,6.21,249.47,60.50,79.60,0.0000,0.0000,0.0000,0.0000,0.0000,0.0000,0.4615,0.0393,0.0000,0.0000,104304,74663,53998,54750,86225,66964,95775,572442,131417,91336,0,0,0,0,0,0,0,0,0,0,0.0000,0.0000,0.0000,0.0000,0.0000,0.0000,0.1500,0.1500,0.0000,0.0000,0,0,0,0,0,0,0,1,0,0,0,0,0,0,0,0,1,1,0,0,0.1264,0.0763,0.1353,0.0501,0.0864,0.0127,0.0684,0.1054,0.0072,0.1328,0.000,0.000,0.000,0.000,0.000,0.000,0.027,0.149,0.000,0.000,semi-presidential,parliamentary,parliamentary,parliamentary,parliamentary,semi-presidential,semi-presidential,electoral-authoritarian,electoral-authoritarian,parliamentary,0.800,0.820,0.800,0.800,0.800,0.800,0.800,0.500,0.500,0.800,61.7,80.1,64.1,56.0,75.7,79.2,54.4,68.0,84.8,70.6
2027-05-01,1.0137,0.9692,1.0192,1.0172,0.9807,1.1094,1.0016,1.0001,1.0257,1.0298,0.9917,1.0012,1.0908,0.9990,1.0540,1.0479,1.0054,1.1730,1.0032,1.0017,1.0406,1.0468,0.9932,1.0015,3385.32,5074.88,4004.55,2574.08,1926.41,1092.97,201.46,2627.66,1672.76,535.80,1.1889,0.6493,1.0556,1.4048,1.0273,0.5369,1.1861,0.2060,0.2305,0.2121,0.6165,0.6718,0.6597,0.5649,0.6034,0.7140,0.4858,0.6877,0.7213,0.6739,0.0108,0.0098,0.0239,0.0156,0.0152,0.0000,0.0709,0.0011,0.0101,0.0093,0.9778,0.9776,0.9891,0.9767,0.9779,1.0000,0.9588,1.0000,0.9722,1.0000,53.77,190.69,79.87,54.41,61.46,10.05,6.27,247.44,60.62,79.56,0.0000,0.0000,0.0000,0.0000,0.0000,0.0000,0.4614,0.0400,0.0000,0.0000,104304,74663,53998,54750,86225,66964,95775,572442,131417,91336,0,0,0,0,0,0,0,0,0,0,0.0000,0.0000,0.0000,0.0000,0.0000,0.0000,0.1600,0.1600,0.0000,0.0000,0,0,0,0,0,0,0,1,0,0,0,0,0,0,0,0,1,1,0,0,0.1326,0.0792,0.1429,0.0532,0.0911,0.0132,0.0726,0.1051,0.0083,0.1324,0.000,0.000,0.000,0.000,0.000,0.000,0.026,0.149,0.000,0.000,semi-presidential,parliamentary,parliamentary,parliamentary,parliamentary,semi-presidential,semi-presidential,electoral-authoritarian,electoral-authoritarian,parliamentary,0.800,0.810,0.800,0.800,0.800,0.800,0.800,0.500,0.500,0.780,30.0,82.7,66.6,59.1,78.6,82.3,56.5,71.4,88.9,73.2
2027-06-01,1.0138,0.9679,1.0174,1.0161,0.9787,1.0978,1.0003,1.0009,1.0264,1.0316,0.9861,1.0011,1.0946,0.9986,1.0532,1.0469,1.0025,1.1607,1.0019,1.0164,1.0416,1.0624,0.9876,1.0011,3394.68,5071.29,4006.62,2579.40,1929.18,1096.85,201.15,2630.38,1677.76,536.48,1.1854,0.6503,1.0551,1.4022,1.0268,0.5331,1.1888,0.2132,0.2304,0.1972,0.6300,0.6896,0.6895,0.5951,0.6298,0.7188,0.4916,0.6788,0.7120,0.6743,0.0119,0.0102,0.0251,0.0158,0.0158,0.0000,0.0735,0.0013,0.0105,0.0099,0.9771,0.9769,0.9887,0.9759,0.9771,1.0000,0.9587,1.0000,0.9713,1.0000,54.39,191.85,80.44,54.86,62.21,10.11,6.24,250.47,61.22,79.84,0.0000,0.0000,0.0000,0.0000,0.0000,0.0000,0.4609,0.0413,0.0000,0.0000,104304,74663,53998,54750,86225,66964,95775,572442,131417,91336,0,0,0,0,0,0,0,0,0,0,0.0000,0.0000,0.0000,0.0000,0.0000,0.0000,0.1700,0.1700,0.0000,0.0000,0,0,0,0,0,0,0,1,0,0,0,0,0,0,0,0,1,1,0,0,0.1312,0.0790,0.1421,0.0527,0.0904,0.0130,0.0692,0.1051,0.0080,0.1320,0.000,0.000,0.000,0.000,0.000,0.000,0.023,0.149,0.000,0.000,semi-presidential,parliamentary,parliamentary,parliamentary,parliamentary,semi-presidential,semi-presidential,electoral-authoritarian,electoral-authoritarian,parliamentary,0.800,0.800,0.800,0.800,0.800,0.800,0.800,0.500,0.500,0.790,32.9,85.5,69.3,62.5,81.6,85.4,58.6,74.7,93.0,75.8
2027-07-01,1.0109,0.9662,1.0158,1.0141,0.9786,1.0882,0.9993,1.0006,1.0230,1.0311,0.9827,1.0030,1.0863,0.9960,1.0508,1.0141,1.0031,1.1495,1.0009,1.0022,1.0379,1.0383,0.9841,1.0036,3401.41,5062.67,4019.80,2583.07,1933.31,1103.15,201.01,2632.60,1685.77,536.84,1.1829,0.6517,1.0515,1.4002,1.0254,0.5282,1.1903,0.2154,0.2279,0.1825,0.6353,0.6758,0.6592,0.6077,0.6290,0.7215,0.5033,0.6563,0.6871,0.6916,0.0107,0.0098,0.0097,0.0155,0.0150,0.0000,0.0602,0.0011,0.0101,0.0095,0.9779,0.9776,0.9891,0.9767,0.9779,1.0000,0.9588,1.0000,0.9722,1.0000,52.91,188.90,77.30,53.95,61.11,10.00,6.11,244.17,60.40,79.92,0.0000,0.0000,0.0000,0.0000,0.0000,0.0000,0.4613,0.0403,0.0000,0.0000,104304,74663,53998,54750,86225,66964,95775,572442,131417,91336,0,0,0,0,0,0,0,0,0,0,0.0000,0.0000,0.0000,0.0000,0.0000,0.0000,0.1800,0.1800,0.0000,0.0000,0,0,0,0,0,0,0,1,0,0,0,0,0,0,0,0,1,1,0,0,0.1334,0.0806,0.1445,0.0544,0.0924,0.0140,0.0731,0.1041,0.0093,0.1316,0.000,0.000,0.000,0.000,0.000,0.000,0.022,0.149,0.000,0.000,semi-presidential,parliamentary,parliamentary,parliamentary,parliamentary,semi-presidential,semi-presidential,electoral-authoritarian,electoral-authoritarian,parliamentary,0.800,0.800,0.800,0.800,0.800,0.800,0.800,0.500,0.500,0.800,35.7,88.1,71.8,65.9,84.6,88.6,60.7,77.9,96.8,78.5
2027-08-01,1.0127,0.9678,1.0107,1.0102,0.9776,1.0811,1.0010,0.9998,1.0173,1.0256,0.9835,1.0043,1.1026,1.0077,1.0469,1.0102,1.0017,1.1424,1.0408,1.0014,1.0319,1.0298,1.0048,1.0047,3414.51,5064.35,4028.52,2587.66,1939.41,1105.77,200.35,2636.35,1689.88,535.77,1.1781,0.6516,1.0491,1.3975,1.0222,0.5251,1.1947,0.2177,0.2280,0.1682,0.6350,0.6565,0.6764,0.6128,0.6355,0.7391,0.5105,0.6474,0.6793,0.6857,0.0143,0.0113,0.0126,0.0170,0.0180,0.0006,0.0869,0.0015,0.0116,0.0117,0.9692,0.9699,0.9846,0.9692,0.9691,0.9958,0.9465,1.0000,0.9656,1.0000,54.22,189.26,77.89,55.58,63.03,9.85,6.03,254.04,61.63,79.20,0.0000,0.0000,0.0000,0.0000,0.0000,0.0000,0.4605,0.0420,0.0000,0.0000,104304,74663,53998,54750,86225,66964,95775,572442,131417,91336,0,0,0,0,0,0,0,0,0,0,0.0000,0.0000,0.0000,0.0000,0.0000,0.0000,0.1900,0.1900,0.0000,0.0000,0,0,0,0,0,0,0,1,0,0,0,0,0,0,0,0,1,1,0,0,0.1338,0.0810,0.1457,0.0592,0.0974,0.0145,0.0725,0.1084,0.0101,0.1319,0.000,0.000,0.000,0.000,0.000,0.000,0.021,0.149,0.000,0.000,semi-presidential,parliamentary,parliamentary,parliamentary,parliamentary,semi-presidential,semi-presidential,electoral-authoritarian,electoral-authoritarian,parliamentary,0.800,0.800,0.800,0.800,0.800,0.800,0.800,0.500,0.500,0.800,38.6,90.6,74.4,69.4,30.0,91.9,62.9,81.0,100.0,81.2
2027-09-01,1.0141,0.9712,1.0073,1.0074,0.9780,1.0735,0.9986,0.9958,1.0107,1.0217,0.9836,1.0079,1.1042,1.0527,1.0438,1.0074,1.0025,1.1339,1.0002,0.9973,1.0249,1.0264,0.9850,1.0087,3425.14,5068.36,4041.86,2592.53,1946.96,1108.46,200.18,2645.59,1697.89,535.77,1.1741,0.6511,1.0474,1.3945,1.0181,0.5220,1.1960,0.2195,0.2275,0.1605,0.6445,0.6632,0.6742,0.6199,0.6506,0.7325,0.4875,0.6401,0.6783,0.6641,0.0180,0.0162,0.0136,0.0216,0.0223,0.0044,0.0842,0.0011,0.0151,0.0095,0.9300,0.9349,0.9640,0.9369,0.9305,0.9686,0.9456,1.0000,0.9400,1.0000,53.56,185.64,75.78,54.72,62.29,9.35,5.97,251.88,60.98,78.11,0.0000,0.0000,0.0000,0.0000,0.0000,0.0000,0.4594,0.0422,0.0000,0.0000,104304,74663,53998,54750,86225,66964,95775,572442,131417,91336,0,0,0,0,0,0,0,0,0,0,0.0000,0.0000,0.0000,0.0000,0.0000,0.0000,0.2000,0.2000,0.0000,0.0000,0,0,0,0,0,0,0,1,0,0,0,0,0,0,0,0,1,1,0,0,0.1368,0.0828,0.1484,0.0613,0.1000,0.0161,0.0766,0.1106,0.0123,0.1320,0.000,0.000,0.000,0.000,0.000,0.000,0.020,0.146,0.000,0.000,semi-presidential,parliamentary,parliamentary,parliamentary,parliamentary,semi-presidential,semi-presidential,electoral-authoritarian,electoral-authoritarian,parliamentary,0.800,0.800,0.800,0.800,0.800,0.800,0.800,0.500,0.500,0.800,41.5,93.2,76.9,72.9,32.9,95.1,65.0,84.1,100.0,83.8
2027-10-01,1.0140,0.9745,1.0021,1.0051,0.9781,1.0647,0.9978,0.9937,1.0062,1.0169,0.9847,1.0074,1.0957,1.0577,1.0384,1.0051,1.0023,1.1240,0.9994,0.9952,1.0199,1.0205,1.0145,1.0074,3444.89,5080.79,4060.62,2605.10,1956.29,1111.65,199.69,2653.89,1704.23,536.86,1.1672,0.6524,1.0426,1.3872,1.0130,0.5186,1.1990,0.2214,0.2273,0.1456,0.6478,0.6685,0.6843,0.6216,0.6665,0.7149,0.4964,0.6514,0.6787,0.6829,0.0190,0.0163,0.0146,0.0217,0.0229,0.0045,0.0639,0.0012,0.0152,0.0103,0.9285,0.9336,0.9633,0.9357,0.9290,0.9676,0.9461,1.0000,0.9391,1.0000,52.87,183.70,74.76,54.06,61.43,9.18,5.79,249.21,60.66,77.94,0.0000,0.0000,0.0000,0.0000,0.0000,0.0000,0.4594,0.0422,0.0000,0.0000,104304,74663,53998,54750,86225,66964,95775,572442,131417,91336,0,0,0,0,0,0,0,0,0,0,0.0000,0.0000,0.0000,0.0000,0.0000,0.0000,0.2100,0.2100,0.0000,0.0000,0,0,0,0,0,0,0,1,0,0,0,0,0,0,0,0,1,1,0,0,0.1325,0.0804,0.1439,0.0590,0.0968,0.0154,0.0755,0.1083,0.0117,0.1320,0.000,0.000,0.000,0.000,0.000,0.000,0.017,0.147,0.000,0.000,semi-presidential,parliamentary,parliamentary,parliamentary,parliamentary,semi-presidential,semi-presidential,electoral-authoritarian,electoral-authoritarian,parliamentary,0.800,0.800,0.800,0.800,0.800,0.800,0.840,0.500,0.500,0.800,44.5,95.8,79.6,30.0,35.9,98.2,57.1,87.2,100.0,86.4
2027-11-01,1.0129,0.9788,0.9969,1.0039,0.9772,1.0592,0.9974,0.9941,1.0058,1.0173,0.9873,1.0074,1.0934,1.0815,1.0334,1.0105,1.0010,1.1178,0.9989,1.0050,1.0194,1.0349,1.0596,1.0075,3457.53,5087.11,4077.48,2614.32,1967.87,1117.33,198.81,2649.83,1710.65,537.89,1.1628,0.6516,1.0381,1.3817,1.0089,0.5156,1.2043,0.2243,0.2270,0.1306,0.6581,0.6904,0.7030,0.6481,0.6808,0.7167,0.4738,0.6810,0.6876,0.7004,0.0233,0.0185,0.0208,0.0236,0.0264,0.0063,0.0675,0.0016,0.0170,0.0125,0.9105,0.9177,0.9540,0.9209,0.9114,0.9552,0.9462,1.0000,0.9275,1.0000,52.75,183.78,75.27,53.77,61.00,9.22,5.90,247.39,60.51,77.66,0.0000,0.0000,0.0000,0.0000,0.0000,0.0000,0.4593,0.0423,0.0000,0.0000,104304,74663,53998,54750,86225,66964,95775,572442,131417,91336,0,0,0,0,0,0,0,0,0,0,0.0000,0.0000,0.0000,0.0000,0.0000,0.0000,0.2200,0.2200,0.0000,0.0000,0,0,0,0,0,0,0,1,0,0,0,0,0,0,0,0,1,1,0,0,0.1366,0.0821,0.1480,0.0608,0.0995,0.0192,0.0745,0.1081,0.0120,0.1324,0.000,0.000,0.000,0.000,0.000,0.000,0.014,0.148,0.000,0.000,semi-presidential,parliamentary,parliamentary,parliamentary,parliamentary,semi-presidential,semi-presidential,electoral-authoritarian,electoral-authoritarian,parliamentary,0.800,0.800,0.800,0.800,0.800,0.800,0.830,0.500,0.500,0.800,47.5,98.5,82.3,23.1,38.9,30.0,59.1,90.6,100.0,89.2
2027-12-01,1.0149,0.9860,0.9952,1.0042,0.9793,1.0506,0.9938,0.9963,1.0051,1.0168,0.9897,1.0064,1.1034,1.1498,1.0310,1.0555,1.0161,1.1075,0.9952,1.0650,1.0180,1.0390,1.0773,1.0064,3453.17,5089.67,4088.56,2621.48,1975.04,1122.12,198.66,2652.60,1717.41,538.85,1.1673,0.6513,1.0352,1.3774,1.0050,0.5113,1.2052,0.2266,0.2267,0.1177,0.6600,0.6956,0.7057,0.6694,0.6923,0.7332,0.4637,0.6514,0.6722,0.7002,0.0334,0.0262,0.0431,0.0366,0.0385,0.0123,0.1028,0.0022,0.0258,0.0206,0.8612,0.8705,0.9293,0.8737,0.8621,0.9122,0.9452,1.0000,0.8778,1.0000,53.42,183.39,76.64,53.87,61.39,9.34,5.67,249.53,60.27,75.93,0.0000,0.0000,0.0000,0.0000,0.0000,0.0000,0.4595,0.0411,0.0000,0.0000,104304,74663,53998,54750,86225,66964,95775,572442,131417,91336,0,0,0,0,0,0,0,0,0,0,0.0000,0.0000,0.0000,0.0000,0.0000,0.0000,0.2300,0.2300,0.0000,0.0000,0,0,0,0,0,0,0,1,0,0,0,0,0,0,0,0,1,1,0,0,0.1303,0.0783,0.1397,0.0568,0.0939,0.0184,0.0747,0.1116,0.0109,0.1339,0.000,0.000,0.000,0.000,0.000,0.000,0.010,0.149,0.000,0.000,semi-presidential,parliamentary,parliamentary,parliamentary,parliamentary,semi-presidential,semi-presidential,electoral-authoritarian,electoral-authoritarian,parliamentary,0.800,0.800,0.800,0.800,0.800,0.800,0.820,0.500,0.500,0.800,50.6,100.0,85.0,26.3,42.1,33.1,61.0,93.7,100.0,91.9
2028-01-01,1.0154,0.9907,0.9984,1.0070,0.9829,1.0417,0.9928,0.9979,1.0046,1.0178,0.9945,1.0043,1.0959,1.1032,1.1323,1.0762,1.0276,1.0977,0.9941,1.0415,1.0172,1.0453,1.1298,1.0043,3459.41,5101.30,4089.83,2618.05,1975.83,1123.99,198.46,2659.00,1720.29,540.56,1.1694,0.6499,1.0350,1.3789,1.0045,0.5080,1.2064,0.2286,0.2270,0.1029,0.6260,0.6897,0.6912,0.6553,0.6774,0.7365,0.4682,0.6353,0.6631,0.6977,0.0343,0.0252,0.0465,0.0459,0.0409,0.0071,0.0812,0.0022,0.0255,0.0254,0.9032,0.9109,0.9504,0.9144,0.9042,0.9492,0.9479,1.0000,0.9213,1.0000,53.20,182.17,75.43,55.43,60.93,9.60,5.51,248.65,60.36,77.08,0.0000,0.0000,0.0000,0.0000,0.0000,0.0000,0.4595,0.0412,0.0000,0.0000,104304,74663,53998,54750,86225,66964,95775,572442,131417,91336,0,0,0,0,0,0,0,0,0,0,0.0000,0.0000,0.0000,0.0000,0.0000,0.0000,0.2400,0.2400,0.0000,0.0000,0,0,0,0,0,0,0,1,0,0,0,0,0,0,0,0,1,1,0,0,0.1221,0.0788,0.1307,0.0525,0.0880,0.0171,0.0729,0.1132,0.0093,0.1357,0.000,0.000,0.000,0.000,0.000,0.000,0.007,0.146,0.000,0.000,semi-presidential,parliamentary,parliamentary,parliamentary,parliamentary,semi-presidential,semi-presidential,electoral-authoritarian,electoral-authoritarian,parliamentary,0.800,0.800,0.800,0.800,0.800,0.800,0.810,0.500,0.500,0.800,53.4,100.0,87.7,29.5,45.1,36.2,63.0,96.8,100.0,94.7
2028-02-01,1.0189,0.9936,0.9982,1.0062,0.9855,1.0334,0.9939,0.9986,1.0055,1.0169,0.9999,1.0005,1.1407,1.0657,1.0341,1.0396,1.0254,1.0884,0.9972,1.0001,1.0186,1.0218,1.1143,1.0005,3454.45,5111.22,4076.47,2621.95,1978.36,1126.43,198.10,2662.09,1724.28,541.26,1.1712,0.6488,1.0385,1.3767,1.0033,0.5045,1.2085,0.2308,0.2270,0.0881,0.6144,0.6904,0.6608,0.6108,0.6467,0.7131,0.4857,0.6360,0.6378,0.7065,0.0222,0.0168,0.0341,0.0246,0.0288,0.0052,0.1002,0.0017,0.0154,0.0185,0.9400,0.9440,0.9695,0.9454,0.9404,0.9755,0.9498,1.0000,0.9471,1.0000,53.80,187.49,79.70,55.58,62.81,9.70,5.77,253.31,61.75,78.00,0.0000,0.0000,0.0000,0.0000,0.0000,0.0000,0.4596,0.0410,0.0000,0.0000,104304,74663,53998,54750,86225,66964,95775,572442,131417,91336,0,0,0,0,0,0,0,0,0,0,0.0000,0.0000,0.0000,0.0000,0.0000,0.0000,0.2500,0.2500,0.0000,0.0000,0,0,0,0,0,0,0,1,0,0,0,0,0,0,0,0,1,1,0,0,0.1080,0.0760,0.1161,0.0460,0.0768,0.0148,0.0697,0.1128,0.0067,0.1330,0.000,0.000,0.000,0.000,0.000,0.000,0.004,0.150,0.000,0.000,semi-presidential,parliamentary,parliamentary,parliamentary,parliamentary,semi-presidential,semi-presidential,electoral-authoritarian,electoral-authoritarian,parliamentary,0.800,0.800,0.800,0.800,0.800,0.800,0.800,0.500,0.500,0.800,56.2,100.0,90.3,32.4,48.0,39.2,65.1,99.8,100.0,97.5
2028-03-01,1.0229,0.9939,0.9975,1.0045,0.9849,1.0262,0.9933,0.9978,1.0051,1.0185,1.0050,0.9987,1.1740,1.0275,1.0343,1.0118,1.0090,1.0810,0.9948,0.9993,1.0185,1.0306,1.1335,0.9987,3455.12,5106.32,4080.08,2627.11,1977.08,1129.47,197.64,2667.61,1731.43,543.07,1.1711,0.6495,1.0377,1.3740,1.0040,0.5008,1.2114,0.2328,0.2277,0.0731,0.6054,0.7072,0.6146,0.6223,0.6412,0.7068,0.4667,0.6212,0.6342,0.7000,0.0197,0.0144,0.0202,0.0195,0.0226,0.0033,0.0908,0.0018,0.0136,0.0143,0.9751,0.9751,0.9878,0.9740,0.9749,1.0000,0.9605,1.0000,0.9693,1.0000,53.50,187.29,77.71,55.92,63.13,9.73,5.93,253.18,62.29,79.38,0.0000,0.0000,0.0000,0.0000,0.0000,0.0000,0.4595,0.0421,0.0000,0.0000,104304,74663,53998,54750,86225,66964,95775,572442,131417,91336,0,0,0,0,0,0,0,0,0,0,0.0000,0.0000,0.0000,0.0000,0.0000,0.0000,0.2600,0.2600,0.0000,0.0000,0,0,0,0,0,0,0,1,0,0,0,0,0,0,0,0,1,1,0,0,0.1172,0.0805,0.1271,0.0498,0.0842,0.0142,0.0682,0.1112,0.0062,0.1327,0.000,0.000,0.000,0.000,0.000,0.000,0.001,0.152,0.000,0.000,semi-presidential,parliamentary,parliamentary,parliamentary,parliamentary,semi-presidential,semi-presidential,electoral-authoritarian,electoral-authoritarian,parliamentary,0.800,0.800,0.800,0.800,0.800,0.800,0.800,0.500,0.500,0.800,58.9,100.0,92.6,35.4,50.8,42.1,67.0,100.0,100.0,100.0
2028-04-01,1.0237,0.9904,0.9979,1.0009,0.9865,1.0189,0.9932,0.9972,1.0011,1.0207,1.0089,0.9970,1.1105,1.0212,1.0357,1.0009,1.0207,1.0726,0.9947,0.9987,1.0141,1.0435,1.1079,0.9970,3469.12,5123.30,4079.23,2625.42,1983.09,1132.74,197.68,2668.36,1733.61,544.90,1.1665,0.6474,1.0381,1.3750,1.0011,0.4970,1.2111,0.2353,0.2281,0.0582,0.6243,0.6809,0.6288,0.6322,0.6263,0.7056,0.4644,0.6319,0.6427,0.7193,0.0143,0.0102,0.0142,0.0177,0.0198,0.0000,0.0790,0.0017,0.0108,0.0159,0.9774,0.9771,0.9890,0.9762,0.9775,1.0000,0.9622,1.0000,0.9716,1.0000,53.72,186.62,76.96,55.87,63.40,9.75,5.76,252.71,62.00,81.01,0.0000,0.0000,0.0000,0.0000,0.0000,0.0000,0.4596,0.0415,0.0000,0.0000,104304,74663,53998,54750,86225,66964,95775,572442,131417,91336,0,0,0,0,0,0,0,0,0,0,0.0000,0.0000,0.0000,0.0000,0.0000,0.0000,0.2700,0.2700,0.0000,0.0000,0,0,0,0,0,0,0,1,0,0,0,0,0,0,0,0,1,1,0,0,0.1168,0.0797,0.1278,0.0495,0.0839,0.0131,0.0688,0.1077,0.0087,0.1325,0.000,0.000,0.000,0.000,0.000,0.000,0.000,0.154,0.000,0.000,semi-presidential,parliamentary,parliamentary,parliamentary,parliamentary,semi-presidential,semi-presidential,electoral-authoritarian,electoral-authoritarian,parliamentary,0.800,0.800,0.800,0.800,0.800,0.800,0.800,0.500,0.500,0.800,61.7,100.0,94.9,38.4,53.6,45.0,69.0,100.0,100.0,100.0
2028-05-01,1.0254,0.9888,0.9993,0.9976,0.9853,1.0142,0.9938,0.9977,1.0017,1.0195,1.0101,0.9972,1.1135,1.0200,1.0744,0.9976,1.0089,1.0670,1.0079,1.0072,1.0147,1.0265,1.0412,0.9972,3475.42,5136.12,4083.15,2629.77,1988.78,1136.05,197.32,2674.69,1738.84,545.31,1.1645,0.6459,1.0373,1.3729,0.9983,0.4932,1.2132,0.2372,0.2280,0.0434,0.6431,0.7104,0.6323,0.6150,0.6424,0.7034,0.4906,0.6238,0.6328,0.7262,0.0156,0.0114,0.0142,0.0184,0.0191,0.0000,0.0840,0.0013,0.0121,0.0119,0.9770,0.9769,0.9888,0.9759,0.9771,1.0000,0.9612,1.0000,0.9713,1.0000,54.26,187.91,77.45,56.25,63.96,9.85,5.88,255.18,62.52,81.04,0.0000,0.0000,0.0000,0.0000,0.0000,0.0000,0.4594,0.0408,0.0000,0.0000,104304,74663,53998,54750,86225,66964,95775,572442,131417,91336,0,0,0,0,0,0,0,0,0,0,0.0000,0.0000,0.0000,0.0000,0.0000,0.0000,0.2800,0.2800,0.0000,0.0000,0,0,0,0,0,0,0,1,0,0,0,0,0,0,0,0,1,1,0,0,0.1280,0.0851,0.1401,0.0543,0.0922,0.0170,0.0673,0.1089,0.0094,0.1328,0.000,0.000,0.000,0.000,0.000,0.000,0.000,0.155,0.000,0.000,semi-presidential,parliamentary,parliamentary,parliamentary,parliamentary,semi-presidential,semi-presidential,electoral-authoritarian,electoral-authoritarian,parliamentary,0.800,0.800,0.800,0.800,0.800,0.800,0.800,0.500,0.500,0.800,64.6,100.0,97.3,41.3,56.4,47.9,71.1,100.0,100.0,100.0
2028-06-01,1.0294,0.9877,1.0035,0.9980,0.9867,1.0111,0.9957,0.9987,1.0006,1.0144,1.0087,0.9959,1.1699,1.0208,1.1700,1.0394,1.0190,1.0647,1.0562,1.0370,1.0137,1.0177,1.0104,0.9959,3487.20,5152.91,4081.61,2632.88,1989.65,1139.84,196.76,2679.87,1742.74,545.40,1.1606,0.6438,1.0408,1.3714,0.9979,0.4892,1.2167,0.2393,0.2272,0.0287,0.6437,0.7210,0.6414,0.6190,0.6622,0.7130,0.4827,0.6454,0.6417,0.7133,0.0275,0.0180,0.0400,0.0296,0.0325,0.0026,0.0988,0.0017,0.0220,0.0182,0.9754,0.9752,0.9880,0.9742,0.9753,1.0000,0.9609,1.0000,0.9693,1.0000,53.53,187.55,79.10,55.59,62.96,9.89,5.62,251.11,61.77,79.91,0.0000,0.0000,0.0000,0.0000,0.0000,0.0000,0.4586,0.0433,0.0000,0.0000,104304,74663,53998,54750,86225,66964,95775,572442,131417,91336,0,0,0,0,0,0,0,0,0,0,0.0000,0.0000,0.0000,0.0000,0.0000,0.0000,0.2900,0.2900,0.0000,0.0000,0,0,0,0,0,0,0,1,0,0,0,0,0,0,0,0,1,1,0,0,0.1264,0.0804,0.1302,0.0500,0.0916,0.0160,0.0686,0.1099,0.0082,0.1348,0.000,0.000,0.000,0.000,0.000,0.000,0.000,0.157,0.000,0.000,semi-presidential,parliamentary,parliamentary,parliamentary,parliamentary,semi-presidential,semi-presidential,electoral-authoritarian,electoral-authoritarian,parliamentary,0.800,0.800,0.800,0.800,0.800,0.800,0.800,0.500,0.500,0.800,67.5,100.0,99.7,44.2,59.3,50.9,73.2,100.0,30.0,100.0
2028-07-01,1.0351,0.9872,1.0067,1.0011,0.9882,1.0082,0.9965,1.0001,1.0008,1.0120,1.0092,0.9973,1.2386,1.0209,1.1450,1.0629,1.0213,1.0615,1.0346,1.0482,1.0221,1.0139,1.0408,0.9978,3501.43,5166.72,4090.76,2636.51,1997.57,1146.33,195.92,2689.78,1747.92,546.57,1.1559,0.6423,1.0388,1.3697,0.9941,0.4842,1.2221,0.2407,0.2257,0.0139,0.6476,0.7396,0.6204,0.6235,0.6469,0.7043,0.4629,0.6589,0.6387,0.6977,0.0306,0.0235,0.0413,0.0414,0.0357,0.0059,0.0971,0.0021,0.0225,0.0193,0.9749,0.9747,0.9878,0.9737,0.9748,1.0000,0.9606,1.0000,0.9688,1.0000,52.84,183.80,75.96,55.46,61.20,10.13,5.40,247.48,61.21,78.80,0.0000,0.0000,0.0000,0.0000,0.0000,0.0000,0.4583,0.0437,0.0000,0.0000,104304,74663,53998,54750,86225,66964,95775,572442,131417,91336,0,0,0,0,0,0,0,0,0,0,0.0000,0.0000,0.0000,0.0000,0.0000,0.0000,0.3000,0.3000,0.0000,0.0000,0,0,0,0,0,0,0,1,0,0,0,0,0,0,0,0,1,1,0,0,0.1357,0.0844,0.1400,0.0596,0.0989,0.0175,0.0703,0.1118,0.0096,0.1372,0.000,0.000,0.000,0.000,0.000,0.000,0.000,0.156,0.000,0.000,semi-presidential,parliamentary,parliamentary,parliamentary,parliamentary,semi-presidential,semi-presidential,electoral-authoritarian,electoral-authoritarian,parliamentary,0.800,0.800,0.800,0.800,0.800,0.800,0.800,0.500,0.500,0.800,70.5,100.0,100.0,47.1,62.2,53.8,65.2,100.0,32.8,100.0
2028-08-01,1.0416,0.9883,1.0064,1.0028,0.9912,1.0067,0.9990,1.0027,1.0031,1.0096,1.0082,0.9957,1.2622,1.0241,1.0447,1.0475,1.0317,1.0597,1.0448,1.0429,1.0394,1.0120,1.0098,0.9957,3502.21,5183.61,4085.65,2638.15,1998.62,1151.68,195.46,2691.58,1754.89,547.62,1.1557,0.6404,1.0404,1.3690,0.9936,0.4797,1.2251,0.2428,0.2241,0.0000,0.6547,0.7389,0.6332,0.6121,0.6572,0.7295,0.4438,0.6526,0.6401,0.7058,0.0238,0.0198,0.0349,0.0328,0.0314,0.0069,0.0985,0.0025,0.0177,0.0192,0.9737,0.9738,0.9872,0.9726,0.9735,1.0000,0.9506,1.0000,0.9678,1.0000,53.44,188.30,78.87,55.06,62.43,10.39,5.48,251.28,62.24,78.88,0.0000,0.0000,0.0000,0.0000,0.0000,0.0000,0.4582,0.0439,0.0000,0.0000,104304,74663,53998,54750,86225,66964,95775,572442,131417,91336,0,0,0,0,0,0,0,0,0,0,0.0000,0.0000,0.0000,0.0000,0.0000,0.0000,0.3100,0.3100,0.0000,0.0000,0,0,0,0,0,0,0,1,0,0,0,0,0,0,0,0,1,1,0,0,0.1242,0.0792,0.1273,0.0536,0.0897,0.0165,0.0686,0.1126,0.0081,0.1379,0.000,0.000,0.000,0.000,0.000,0.000,0.000,0.158,0.000,0.000,semi-presidential,parliamentary,parliamentary,parliamentary,parliamentary,semi-presidential,semi-presidential,electoral-authoritarian,electoral-authoritarian,parliamentary,0.800,0.800,0.800,0.800,0.800,0.800,0.800,0.500,0.500,0.800,73.5,100.0,100.0,50.0,65.1,56.8,67.0,100.0,35.6,100.0
2028-09-01,1.0461,0.9867,1.0046,1.0043,0.9946,1.0026,1.0008,1.0030,1.0023,1.0070,1.0081,0.9958,1.2057,1.0201,1.0427,1.0481,1.0369,1.0550,1.0423,1.0080,1.0154,1.0091,1.0096,0.9958,3510.50,5192.39,4088.41,2637.87,2004.24,1157.17,195.38,2697.93,1761.95,549.41,1.1531,0.6395,1.0401,1.3694,0.9910,0.4753,1.2258,0.2445,0.2224,-0.0148,0.6377,0.7518,0.6092,0.6074,0.6446,0.7394,0.4424,0.6274,0.6530,0.7005,0.0177,0.0158,0.0301,0.0292,0.0255,0.0034,0.0926,0.0013,0.0138,0.0168,0.9752,0.9750,0.9879,0.9739,0.9751,1.0000,0.9606,1.0000,0.9690,1.0000,54.27,190.03,79.29,55.54,63.38,10.57,5.46,253.99,62.65,80.57,0.0000,0.0000,0.0000,0.0000,0.0000,0.0000,0.4582,0.0438,0.0000,0.0000,104304,74663,53998,54750,86225,66964,95775,572442,131417,91336,0,0,0,0,0,0,0,0,0,0,0.0000,0.0000,0.0000,0.0000,0.0000,0.0000,0.3200,0.3200,0.0000,0.0000,0,0,0,0,0,0,0,1,0,0,0,0,0,0,0,0,1,1,0,0,0.1348,0.0844,0.1390,0.0587,0.0979,0.0169,0.0695,0.1145,0.0088,0.1379,0.000,0.000,0.000,0.000,0.000,0.000,0.000,0.154,0.000,0.000,semi-presidential,parliamentary,parliamentary,parliamentary,parliamentary,semi-presidential,semi-presidential,electoral-authoritarian,electoral-authoritarian,parliamentary,0.800,0.800,0.800,0.800,0.800,0.800,0.800,0.500,0.500,0.800,76.4,100.0,100.0,52.9,68.0,60.0,68.9,100.0,38.5,100.0
2028-10-01,1.0476,0.9854,1.0038,1.0067,0.9973,1.0012,1.0013,1.0046,1.0024,1.0045,1.0110,0.9964,1.1423,1.0191,1.0420,1.0549,1.0365,1.0534,1.0147,1.0412,1.0154,1.0068,1.0931,0.9966,3526.83,5201.78,4095.57,2647.23,2016.36,1162.13,194.67,2706.13,1767.10,551.37,1.1478,0.6386,1.0386,1.3648,0.9851,0.4710,1.2303,0.2461,0.2210,-0.0295,0.6425,0.7436,0.6188,0.5951,0.6561,0.7413,0.4563,0.6280,0.6632,0.7175,0.0164,0.0121,0.0307,0.0277,0.0226,0.0000,0.0943,0.0018,0.0115,0.0200,0.9750,0.9748,0.9878,0.9738,0.9749,1.0000,0.9603,1.0000,0.9688,1.0000,55.75,192.35,80.16,56.74,64.72,10.89,5.53,259.28,63.50,82.29,0.0000,0.0000,0.0000,0.0000,0.0000,0.0000,0.4582,0.0438,0.0000,0.0000,104304,74663,53998,54750,86225,66964,95775,572442,131417,91336,0,0,0,0,0,0,0,0,0,0,0.0000,0.0000,0.0000,0.0000,0.0000,0.0000,0.3300,0.3300,0.0000,0.0000,0,0,0,0,0,0,0,1,0,0,0,0,0,0,0,0,1,1,0,0,0.1351,0.0849,0.1394,0.0589,0.0981,0.0175,0.0703,0.1141,0.0129,0.1378,0.000,0.000,0.000,0.000,0.000,0.000,0.000,0.154,0.000,0.000,semi-presidential,parliamentary,parliamentary,parliamentary,parliamentary,semi-presidential,semi-presidential,electoral-authoritarian,electoral-authoritarian,parliamentary,0.800,0.800,0.800,0.800,0.800,0.800,0.800,0.500,0.500,0.800,79.3,100.0,100.0,55.7,70.9,63.1,70.8,100.0,41.5,100.0
2028-11-01,1.0475,0.9844,1.0009,1.0068,0.9992,1.0038,1.0015,1.0044,1.0028,1.0004,1.0103,0.9949,1.1347,1.0182,1.0390,1.0384,1.0335,1.0688,1.0030,1.0059,1.0160,1.0023,1.0120,0.9949,3531.70,5209.59,4095.01,2652.45,2019.31,1164.44,194.78,2713.05,1770.95,554.03,1.1463,0.6378,1.0391,1.3624,0.9838,0.4679,1.2298,0.2477,0.2197,-0.0442,0.6565,0.7392,0.6346,0.6141,0.6917,0.7401,0.4318,0.6307,0.6492,0.7390,0.0121,0.0113,0.0252,0.0195,0.0186,0.0002,0.0700,0.0011,0.0114,0.0119,0.9748,0.9747,0.9877,0.9736,0.9748,1.0000,0.9600,1.0000,0.9687,1.0000,55.82,193.89,82.28,57.41,65.59,10.97,5.55,258.95,63.77,83.46,0.0000,0.0000,0.0000,0.0000,0.0000,0.0000,0.4582,0.0438,0.0000,0.0000,104304,74663,53998,54750,86225,66964,95775,572442,131417,91336,0,0,0,0,0,0,0,0,0,0,0.0000,0.0000,0.0000,0.0000,0.0000,0.0000,0.3400,0.3400,0.0000,0.0000,0,0,0,0,0,0,0,1,0,0,0,0,0,0,0,0,1,1,0,0,0.1248,0.0800,0.1281,0.0545,0.0899,0.0163,0.0685,0.1101,0.0112,0.1362,0.000,0.000,0.000,0.000,0.000,0.000,0.000,0.156,0.000,0.000,semi-presidential,parliamentary,parliamentary,parliamentary,parliamentary,semi-presidential,semi-presidential,electoral-authoritarian,electoral-authoritarian,parliamentary,0.800,0.800,0.800,0.800,0.800,0.800,0.800,0.500,0.500,0.800,82.3,100.0,100.0,58.6,74.0,66.2,72.6,100.0,44.3,100.0
2028-12-01,1.0446,0.9822,1.0008,1.0097,1.0042,1.0065,1.0019,1.0035,1.0025,0.9958,1.0082,0.9925,1.1283,1.0150,1.0391,1.0592,1.0542,1.0752,1.0242,1.0049,1.0154,0.9968,1.0097,0.9925,3525.92,5222.73,4081.12,2654.97,2017.55,1170.09,194.04,2710.48,1774.87,555.84,1.1479,0.6362,1.0430,1.3613,0.9847,0.4634,1.2345,0.2502,0.2184,-0.0588,0.6422,0.7281,0.6303,0.6210,0.6736,0.7276,0.4775,0.6327,0.6407,0.7604,0.0125,0.0123,0.0272,0.0304,0.0220,0.0002,0.0679,0.0012,0.0112,0.0185,0.9755,0.9753,0.9881,0.9743,0.9756,1.0000,0.9605,1.0000,0.9694,1.0000,54.61,190.76,78.88,55.86,63.23,10.90,5.31,251.76,62.60,83.30,0.0000,0.0000,0.0000,0.0000,0.0000,0.0000,0.4582,0.0438,0.0000,0.0000,104304,74663,53998,54750,86225,66964,95775,572442,131417,91336,0,0,0,0,0,0,0,0,0,0,0.0000,0.0000,0.0000,0.0000,0.0000,0.0000,0.3500,0.3500,0.0000,0.0000,0,0,0,0,0,0,0,1,0,0,0,0,0,0,0,0,1,1,0,0,0.1158,0.0745,0.1183,0.0486,0.0829,0.0147,0.0674,0.1075,0.0093,0.1376,0.000,0.000,0.000,0.000,0.000,0.000,0.000,0.158,0.000,0.000,semi-presidential,parliamentary,parliamentary,parliamentary,parliamentary,semi-presidential,semi-presidential,electoral-authoritarian,electoral-authoritarian,parliamentary,0.800,0.800,0.800,0.800,0.800,0.800,0.800,0.500,0.500,0.800,85.2,100.0,100.0,61.5,77.0,69.3,74.6,100.0,47.1,100.0
2029-01-01,1.0403,0.9783,0.9994,1.0087,1.0107,1.0082,1.0046,1.0028,1.0024,0.9947,1.0059,0.9903,1.1221,1.0103,1.0377,1.0337,1.0657,1.0607,1.0498,1.0043,1.0156,0.9962,1.0076,0.9903,3524.25,5234.50,4081.39,2650.28,2014.41,1174.43,194.04,2714.85,1779.04,556.75,1.1484,0.6347,1.0430,1.3639,0.9864,0.4595,1.2346,0.2521,0.2172,-0.0735,0.6191,0.7308,0.5999,0.6122,0.6405,0.7405,0.4650,0.6197,0.6369,0.7474,0.0127,0.0104,0.0263,0.0213,0.0231,0.0000,0.0669,0.0013,0.0110,0.0214,0.9762,0.9759,0.9884,0.9750,0.9764,1.0000,0.9611,1.0000,0.9701,1.0000,53.82,191.98,80.79,55.82,63.37,10.87,5.33,248.01,62.34,83.75,0.0000,0.0000,0.0000,0.0000,0.0000,0.0000,0.4581,0.0439,0.0000,0.0000,104304,74663,53998,54750,86225,66964,95775,572442,131417,91336,0,0,0,0,0,0,0,0,0,0,0.0000,0.0000,0.0000,0.0000,0.0000,0.0000,0.3600,0.3600,0.0000,0.0000,0,0,0,0,0,0,0,1,0,0,0,0,0,0,0,0,1,1,0,0,0.1163,0.0749,0.1193,0.0497,0.0831,0.0136,0.0715,0.1084,0.0082,0.1347,0.000,0.000,0.000,0.000,0.000,0.000,0.000,0.153,0.000,0.000,semi-presidential,parliamentary,parliamentary,parliamentary,parliamentary,semi-presidential,semi-presidential,electoral-authoritarian,electoral-authoritarian,parliamentary,0.800,0.800,0.800,0.800,0.800,0.800,0.800,0.500,0.500,0.800,87.9,100.0,100.0,64.4,79.8,72.4,76.6,100.0,49.9,100.0
2029-02-01,1.0370,0.9761,0.9994,1.0067,1.0166,1.0071,1.0052,1.0015,1.0028,0.9919,0.9997,0.9911,1.1196,1.0087,1.0378,1.0301,1.0692,1.0595,1.0185,1.0031,1.0161,0.9930,1.0014,0.9914,3531.00,5241.22,4083.19,2653.43,2020.10,1177.96,194.28,2721.51,1786.43,556.76,1.1464,0.6340,1.0424,1.3626,0.9835,0.4599,1.2332,0.2539,0.2155,-0.0882,0.6102,0.7329,0.6078,0.5902,0.6085,0.7432,0.4815,0.6299,0.6477,0.7281,0.0119,0.0105,0.0242,0.0210,0.0221,0.0000,0.0665,0.0011,0.0111,0.0193,0.9756,0.9753,0.9881,0.9744,0.9757,1.0000,0.9600,1.0000,0.9695,1.0000,54.10,192.30,80.38,55.90,63.63,10.76,5.34,250.70,62.98,83.54,0.0000,0.0000,0.0000,0.0000,0.0000,0.0000,0.4582,0.0439,0.0000,0.0000,104304,74663,53998,54750,86225,66964,95775,572442,131417,91336,0,0,0,0,0,0,0,0,0,0,0.0000,0.0000,0.0000,0.0000,0.0000,0.0000,0.3700,0.3700,0.0000,0.0000,0,0,0,0,0,0,0,1,0,0,0,0,0,0,0,0,1,1,0,0,0.1300,0.0816,0.1354,0.0563,0.0939,0.0196,0.0737,0.1111,0.0149,0.1333,0.000,0.000,0.000,0.000,0.000,0.000,0.000,0.153,0.000,0.000,semi-presidential,parliamentary,parliamentary,parliamentary,parliamentary,semi-presidential,semi-presidential,electoral-authoritarian,electoral-authoritarian,parliamentary,0.800,0.800,0.800,0.800,0.800,0.800,0.800,0.500,0.500,0.800,90.7,100.0,100.0,67.2,82.4,70.5,78.7,100.0,52.8,100.0
2029-03-01,1.0333,0.9702,0.9991,1.0054,1.0195,1.0071,1.0036,1.0015,1.0019,0.9928,0.9951,0.9929,1.1146,1.0005,1.0375,1.0289,1.0598,1.0595,1.0052,1.0031,1.0151,1.0166,0.9967,0.9935,3540.68,5243.77,4071.71,2661.55,2026.13,1181.13,193.97,2733.53,1790.50,556.32,1.1433,0.6335,1.0452,1.3587,0.9806,0.4566,1.2352,0.2552,0.2142,-0.1030,0.6201,0.7319,0.6166,0.5980,0.6278,0.7442,0.4985,0.6402,0.6614,0.7115,0.0112,0.0103,0.0227,0.0186,0.0190,0.0000,0.0657,0.0012,0.0107,0.0144,0.9774,0.9769,0.9890,0.9762,0.9778,1.0000,0.9619,1.0000,0.9714,1.0000,53.29,190.86,79.79,54.80,62.66,10.79,5.31,245.45,62.02,83.16,0.0000,0.0000,0.0000,0.0000,0.0000,0.0000,0.4581,0.0439,0.0000,0.0000,104304,74663,53998,54750,86225,66964,95775,572442,131417,91336,0,0,0,0,0,0,0,0,0,0,0.0000,0.0000,0.0000,0.0000,0.0000,0.0000,0.3800,0.3800,0.0000,0.0000,0,0,0,0,0,0,0,1,0,0,0,0,0,0,0,0,1,1,0,0,0.1314,0.0828,0.1374,0.0574,0.0952,0.0208,0.0751,0.1096,0.0161,0.1328,0.000,0.000,0.000,0.000,0.000,0.000,0.000,0.152,0.000,0.000,semi-presidential,parliamentary,parliamentary,parliamentary,parliamentary,semi-presidential,semi-presidential,electoral-authoritarian,electoral-authoritarian,parliamentary,0.800,0.800,0.800,0.800,0.800,0.800,0.800,0.500,0.500,0.800,93.4,30.0,100.0,70.0,85.1,73.7,80.8,100.0,55.7,100.0
2029-04-01,1.0273,0.9674,0.9982,1.0025,1.0216,1.0042,1.0029,1.0032,1.0009,0.9936,0.9927,0.9950,1.1044,0.9986,1.0355,1.0025,1.0558,1.0557,1.0045,1.0248,1.0140,0.9957,0.9942,0.9956,3542.54,5271.99,4080.15,2665.87,2024.16,1187.09,194.17,2734.81,1796.82,558.05,1.1428,0.6300,1.0430,1.3564,0.9816,0.4581,1.2339,0.2574,0.2127,-0.1172,0.6323,0.7144,0.5920,0.6225,0.6425,0.7305,0.4885,0.6691,0.6555,0.6826,0.0121,0.0101,0.0117,0.0173,0.0182,0.0000,0.0584,0.0012,0.0106,0.0134,0.9766,0.9762,0.9885,0.9754,0.9767,1.0000,0.9598,1.0000,0.9706,1.0000,53.00,190.76,79.05,56.06,63.03,10.86,5.34,245.70,62.30,83.07,0.0000,0.0000,0.0000,0.0000,0.0000,0.0000,0.4574,0.0428,0.0000,0.0000,104304,74663,53998,54750,86225,66964,95775,572442,131417,91336,0,0,0,0,0,0,0,0,0,0,0.0000,0.0000,0.0000,0.0000,0.0000,0.0000,0.3900,0.3900,0.0000,0.0000,0,0,0,0,0,0,0,1,0,0,0,0,0,0,0,0,1,1,0,0,0.1331,0.0840,0.1384,0.0595,0.0971,0.0220,0.0763,0.1107,0.0174,0.1316,0.000,0.000,0.000,0.000,0.000,0.000,0.000,0.150,0.000,0.000,semi-presidential,parliamentary,parliamentary,parliamentary,parliamentary,semi-presidential,semi-presidential,electoral-authoritarian,electoral-authoritarian,parliamentary,0.800,0.800,0.800,0.800,0.800,0.800,0.800,0.500,0.500,0.800,96.3,33.0,100.0,72.9,88.0,76.7,82.9,100.0,58.6,100.0
2029-05-01,1.0212,0.9649,0.9965,1.0012,1.0244,1.0007,1.0009,1.0035,0.9995,0.9954,0.9924,0.9962,1.0989,0.9968,1.0347,1.0254,1.0630,1.0524,1.0025,1.0226,1.0126,1.0591,0.9969,0.9965,3542.68,5287.38,4088.62,2671.16,2027.33,1192.14,194.02,2749.50,1804.78,557.80,1.1429,0.6282,1.0409,1.3537,0.9801,0.4541,1.2349,0.2585,0.2110,-0.1318,0.6284,0.7476,0.6209,0.6314,0.6207,0.7694,0.5110,0.6372,0.6531,0.6990,0.0123,0.0103,0.0243,0.0183,0.0193,0.0000,0.0671,0.0016,0.0109,0.0149,0.9760,0.9757,0.9882,0.9748,0.9762,1.0000,0.9596,1.0000,0.9699,1.0000,52.60,191.42,80.89,55.73,62.24,10.92,5.27,243.63,61.91,82.83,0.0000,0.0000,0.0000,0.0000,0.0000,0.0000,0.4582,0.0438,0.0000,0.0000,104304,74663,53998,54750,86225,66964,95775,572442,131417,91336,0,0,0,0,0,0,0,0,0,0,0.0000,0.0000,0.0000,0.0000,0.0000,0.0000,0.4000,0.4000,0.0000,0.0000,0,0,0,0,0,0,0,1,0,0,0,0,0,0,0,0,1,1,0,0,0.1344,0.0849,0.1393,0.0603,0.0978,0.0228,0.0773,0.1098,0.0181,0.1317,0.000,0.000,0.000,0.000,0.000,0.000,0.000,0.150,0.000,0.000,semi-presidential,parliamentary,parliamentary,parliamentary,parliamentary,semi-presidential,semi-presidential,electoral-authoritarian,electoral-authoritarian,parliamentary,0.800,0.800,0.800,0.800,0.800,0.800,0.800,0.500,0.500,0.800,99.1,36.2,100.0,75.9,90.6,80.0,85.1,100.0,61.5,100.0
2029-06-01,1.0166,0.9615,0.9954,0.9980,1.0260,0.9965,0.9984,1.0028,1.0008,0.9984,0.9968,0.9957,1.0905,0.9907,1.0307,0.9980,1.0577,1.0461,0.9999,1.0044,1.0135,1.0359,1.0980,0.9957,3552.37,5311.23,4088.47,2677.56,2029.77,1196.53,194.43,2759.91,1812.54,558.61,1.1398,0.6304,1.0409,1.3505,0.9790,0.4503,1.2323,0.2600,0.2093,-0.1461,0.6233,0.7510,0.6462,0.6310,0.6348,0.7585,0.5059,0.6502,0.6569,0.6839,0.0137,0.0096,0.0135,0.0163,0.0186,0.0000,0.0627,0.0019,0.0102,0.0152,0.9781,0.9777,0.9893,0.9770,0.9784,1.0000,0.9600,1.0000,0.9725,1.0000,52.94,191.87,79.31,56.00,63.10,10.84,5.39,247.15,62.73,82.53,0.0000,0.0000,0.0000,0.0000,0.0000,0.0000,0.4561,0.0406,0.0000,0.0000,104304,74663,53998,54750,86225,66964,95775,572442,131417,91336,0,0,0,0,0,0,0,0,0,0,0.0000,0.0000,0.0000,0.0000,0.0000,0.0000,0.4100,0.4100,0.0000,0.0000,0,0,0,0,0,0,0,1,0,0,0,0,0,0,0,0,1,1,0,0,0.1347,0.0832,0.1361,0.0586,0.0952,0.0222,0.0765,0.1107,0.0175,0.1304,0.000,0.000,0.000,0.000,0.000,0.000,0.000,0.151,0.000,0.000,semi-presidential,parliamentary,parliamentary,parliamentary,parliamentary,semi-presidential,semi-presidential,electoral-authoritarian,electoral-authoritarian,parliamentary,0.800,0.800,0.800,0.800,0.800,0.800,0.800,0.500,0.500,0.800,100.0,39.4,100.0,78.9,93.4,83.3,87.3,100.0,64.4,100.0
2029-07-01,1.0132,0.9615,0.9957,0.9987,1.0269,0.9961,0.9971,1.0030,0.9994,1.0010,1.0001,0.9955,1.0892,0.9931,1.0319,1.0254,1.0539,1.0462,0.9986,1.0188,1.0120,1.0609,1.1022,0.9955,3569.22,5317.06,4104.97,2679.81,2037.91,1204.06,194.14,2769.43,1822.18,558.19,1.1345,0.6297,1.0368,1.3494,0.9752,0.4454,1.2342,0.2616,0.2074,-0.1607,0.6354,0.7648,0.6340,0.6404,0.6389,0.7487,0.5357,0.6462,0.6667,0.6868,0.0149,0.0103,0.0265,0.0168,0.0185,0.0000,0.0735,0.0020,0.0107,0.0148,0.9760,0.9759,0.9882,0.9749,0.9760,1.0000,0.9580,1.0000,0.9703,1.0000,53.54,193.48,81.36,56.63,63.46,10.89,5.38,251.29,63.32,82.28,0.0000,0.0000,0.0000,0.0000,0.0000,0.0000,0.4565,0.0415,0.0000,0.0000,104304,74663,53998,54750,86225,66964,95775,572442,131417,91336,0,0,0,0,0,0,0,0,0,0,0.0000,0.0000,0.0000,0.0000,0.0000,0.0000,0.4200,0.4200,0.0000,0.0000,0,0,0,0,0,0,0,1,0,0,0,0,0,0,0,0,1,1,0,0,0.1376,0.0840,0.1372,0.0592,0.0964,0.0223,0.0769,0.1126,0.0178,0.1325,0.000,0.000,0.000,0.000,0.000,0.000,0.000,0.152,0.000,0.000,semi-presidential,parliamentary,parliamentary,parliamentary,parliamentary,semi-presidential,semi-presidential,electoral-authoritarian,electoral-authoritarian,parliamentary,0.800,0.800,0.800,0.800,0.800,0.800,0.800,0.500,0.500,0.800,100.0,42.7,100.0,81.9,96.2,86.4,89.7,100.0,67.3,100.0
2029-08-01,1.0110,0.9583,0.9970,1.0003,1.0213,0.9954,0.9964,1.0014,0.9978,1.0056,1.0029,0.9953,1.0866,0.9873,1.0698,1.0375,1.0428,1.0447,0.9978,1.0028,1.0099,1.0630,1.0855,0.9953,3583.33,5339.74,4113.94,2680.76,2045.78,1208.35,193.62,2774.75,1825.30,557.77,1.1351,0.6270,1.0345,1.3489,0.9714,0.4418,1.2376,0.2636,0.2063,-0.1753,0.6523,0.7513,0.6591,0.6319,0.6643,0.7641,0.5095,0.6515,0.6799,0.6758,0.0158,0.0124,0.0242,0.0248,0.0186,0.0000,0.0723,0.0016,0.0117,0.0122,0.9781,0.9777,0.9892,0.9770,0.9784,1.0000,0.9598,1.0000,0.9725,1.0000,53.55,190.22,77.78,54.61,62.63,10.80,5.29,250.25,62.78,81.46,0.0000,0.0000,0.0000,0.0000,0.0000,0.0000,0.4570,0.0405,0.0000,0.0000,104304,74663,53998,54750,86225,66964,95775,572442,131417,91336,0,0,0,0,0,0,0,0,0,0,0.0000,0.0000,0.0000,0.0000,0.0000,0.0000,0.4300,0.4300,0.0000,0.0000,0,0,0,0,0,0,0,1,0,0,0,0,0,0,0,0,1,1,0,0,0.1370,0.0885,0.1370,0.0576,0.0963,0.0214,0.0684,0.1114,0.0174,0.1336,0.000,0.000,0.000,0.000,0.000,0.000,0.000,0.152,0.000,0.000,semi-presidential,parliamentary,parliamentary,parliamentary,parliamentary,semi-presidential,semi-presidential,electoral-authoritarian,electoral-authoritarian,parliamentary,0.800,0.800,0.800,0.800,0.800,0.800,0.800,0.500,0.500,0.800,100.0,45.9,30.0,84.9,99.1,89.7,92.0,100.0,70.4,100.0
2029-09-01,1.0107,0.9553,0.9962,0.9995,1.0194,0.9952,0.9947,1.0007,0.9968,1.0108,1.0077,0.9964,1.0882,0.9842,1.0315,1.0202,1.0410,1.0444,0.9962,1.0022,1.0091,1.0585,1.1174,0.9967,3599.71,5356.34,4122.44,2684.43,2057.56,1210.67,193.48,2787.87,1835.58,558.42,1.1299,0.6251,1.0325,1.3471,0.9659,0.4389,1.2387,0.2649,0.2043,-0.1895,0.6652,0.7610,0.6615,0.6202,0.6849,0.7529,0.4786,0.6381,0.6517,0.6634,0.0141,0.0098,0.0227,0.0148,0.0167,0.0000,0.0752,0.0017,0.0103,0.0129,0.9781,0.9777,0.9892,0.9770,0.9783,1.0000,0.9593,1.0000,0.9725,1.0000,54.30,193.24,80.98,56.82,64.64,10.71,5.44,255.02,63.72,81.63,0.0000,0.0000,0.0000,0.0000,0.0000,0.0000,0.4575,0.0404,0.0000,0.0000,104304,74663,53998,54750,86225,66964,95775,572442,131417,91336,0,0,0,0,0,0,0,0,0,0,0.0000,0.0000,0.0000,0.0000,0.0000,0.0000,0.4400,0.4400,0.0000,0.0000,0,0,0,0,0,0,0,1,0,0,0,0,0,0,0,0,1,1,0,0,0.1393,0.0906,0.1395,0.0603,0.0978,0.0227,0.0736,0.1129,0.0183,0.1310,0.000,0.000,0.000,0.000,0.000,0.000,0.000,0.152,0.000,0.000,semi-presidential,parliamentary,parliamentary,parliamentary,parliamentary,semi-presidential,semi-presidential,electoral-authoritarian,electoral-authoritarian,parliamentary,0.800,0.800,0.800,0.800,0.800,0.800,0.800,0.500,0.500,0.800,100.0,49.2,33.0,87.8,100.0,92.9,94.0,100.0,73.3,100.0
2029-10-01,1.0103,0.9541,0.9977,0.9987,1.0178,0.9958,0.9931,0.9971,1.0446,1.0139,1.0394,1.0120,1.0879,0.9841,1.0765,1.0195,1.0394,1.0451,0.9945,0.9985,1.6518,1.0560,1.5595,1.0139,3621.69,5377.72,4118.36,2687.44,2062.59,1224.12,193.66,2795.16,1847.79,557.02,1.1231,0.6226,1.0336,1.3457,0.9636,0.4350,1.2376,0.2668,0.2022,-0.2045,0.6729,0.7586,0.6604,0.6244,0.7083,0.7330,0.4801,0.6557,0.6693,0.6853,0.0278,0.0114,0.0493,0.0231,0.0434,0.0000,0.1129,0.0273,0.0339,0.0489,0.9772,0.9769,0.9888,0.9761,0.9773,1.0000,0.9581,1.0000,0.9715,1.0000,54.37,177.38,75.15,54.34,61.51,9.63,5.30,253.66,62.56,80.53,0.0000,0.0000,0.0000,0.0000,0.0000,0.0000,0.4580,0.0406,0.0000,0.0000,104304,74663,53998,54750,86225,66964,95775,572442,131417,91336,0,0,0,0,0,0,0,0,0,0,0.0000,0.0000,0.0000,0.0000,0.0000,0.0000,0.4500,0.4500,0.0000,0.0000,0,0,0,0,0,0,0,1,0,0,0,0,0,0,0,0,1,1,0,0,0.1527,0.1030,0.1526,0.0709,0.1098,0.0368,0.0835,0.1236,0.0281,0.1314,0.000,0.000,0.000,0.000,0.000,0.000,0.000,0.142,0.000,0.000,semi-presidential,parliamentary,parliamentary,parliamentary,parliamentary,semi-presidential,semi-presidential,electoral-authoritarian,electoral-authoritarian,parliamentary,0.800,0.800,0.800,0.800,0.800,0.800,0.800,0.500,0.500,0.800,100.0,52.5,35.9,90.7,100.0,96.0,96.1,100.0,76.2,30.0
2029-11-01,1.0090,0.9552,1.0025,0.9961,1.0186,0.9984,0.9928,0.9928,1.0618,1.0160,1.0601,1.0187,1.0857,0.9868,1.1800,1.0219,1.0438,1.0631,0.9942,0.9941,1.3870,1.0527,1.5067,1.0196,3644.60,5411.62,4122.60,2702.38,2069.01,1234.90,193.49,2814.62,1863.62,556.83,1.1162,0.6188,1.0327,1.3353,0.9606,0.4292,1.2389,0.2675,0.1997,-0.2191,0.6738,0.7737,0.6172,0.6218,0.6850,0.8099,0.4725,0.6309,0.6854,0.6313,0.0328,0.0150,0.0497,0.0282,0.0419,0.0002,0.1027,0.0155,0.0297,0.0399,0.9758,0.9758,0.9881,0.9747,0.9757,1.0000,0.9569,1.0000,0.9702,1.0000,58.61,202.42,80.28,55.90,65.72,11.20,5.74,264.33,70.09,81.89,0.0000,0.0000,0.0000,0.0000,0.0000,0.0000,0.4584,0.0409,0.0000,0.0000,104304,74663,53998,54750,86225,66964,95775,572442,131417,91336,0,0,0,0,0,0,0,0,0,0,0.0000,0.0000,0.0000,0.0000,0.0000,0.0000,0.4600,0.4600,0.0000,0.0000,0,0,0,0,0,0,0,1,0,0,0,0,0,0,0,0,1,1,0,0,0.1573,0.1077,0.1578,0.0751,0.1145,0.0415,0.0910,0.1283,0.0323,0.1297,0.000,0.000,0.000,0.000,0.000,0.000,0.000,0.137,0.000,0.000,semi-presidential,parliamentary,parliamentary,parliamentary,parliamentary,semi-presidential,semi-presidential,electoral-authoritarian,electoral-authoritarian,parliamentary,0.800,0.800,0.800,0.800,0.800,0.800,0.800,0.500,0.500,0.800,100.0,55.8,38.6,93.6,105.0,99.5,98.1,100.0,79.3,32.5
2029-12-01,1.0064,0.9559,1.0073,0.9974,1.0190,0.9998,0.9946,0.9924,1.0595,1.0168,1.0701,1.0186,1.0820,0.9875,1.1899,1.0322,1.0420,1.0495,1.0443,0.9938,1.0766,1.0391,1.3420,1.0186,3663.23,5445.38,4136.47,2707.01,2085.74,1244.50,193.91,2828.62,1880.66,556.22,1.1106,0.6149,1.0294,1.3329,0.9529,0.4238,1.2364,0.2687,0.1971,-0.2339,0.6742,0.7973,0.6090,0.6600,0.6831,0.8292,0.4575,0.6636,0.7085,0.6346,0.0300,0.0158,0.0404,0.0289,0.0311,0.0000,0.0839,0.0025,0.0187,0.0248,0.9758,0.9757,0.9881,0.9748,0.9758,1.0000,0.9574,1.0000,0.9702,1.0000,58.53,204.02,80.50,55.78,65.71,11.57,5.75,262.53,69.64,81.95,0.0000,0.0000,0.0000,0.0000,0.0000,0.0000,0.4586,0.0411,0.0000,0.0000,104304,74663,53998,54750,86225,66964,95775,572442,131417,91336,0,0,0,0,0,0,0,0,0,0,0.0000,0.0000,0.0000,0.0000,0.0000,0.0000,0.4700,0.4700,0.0000,0.0000,0,0,0,0,0,0,0,1,0,0,0,0,0,0,0,0,1,1,0,0,0.1582,0.1069,0.1567,0.0745,0.1141,0.0413,0.0906,0.1275,0.0321,0.1330,0.000,0.000,0.000,0.000,0.000,0.000,0.000,0.138,0.000,0.000,semi-presidential,parliamentary,parliamentary,parliamentary,parliamentary,semi-presidential,semi-presidential,electoral-authoritarian,electoral-authoritarian,parliamentary,0.800,0.800,0.800,0.800,0.800,0.800,0.800,0.500,0.500,0.800,100.0,59.3,41.3,96.8,100.0,100.0,100.0,100.0,82.6,35.1
2030-01-01,1.0025,0.9590,1.0070,0.9979,1.0207,1.0019,0.9978,0.9935,1.0534,1.0161,1.0760,1.0154,1.0778,1.0332,1.0438,1.0267,1.0516,1.0542,1.0683,1.0122,1.0701,1.0215,1.2208,1.0154,3677.32,5463.48,4129.03,2712.86,2092.38,1254.91,193.50,2839.52,1894.05,556.68,1.1064,0.6129,1.0314,1.3301,0.9500,0.4183,1.2391,0.2702,0.1949,-0.2482,0.6761,0.8125,0.6343,0.6543,0.7209,0.8249,0.4912,0.6810,0.7462,0.6326,0.0238,0.0157,0.0322,0.0245,0.0273,0.0038,0.0796,0.0023,0.0145,0.0211,0.9356,0.9400,0.9671,0.9416,0.9361,0.9730,0.9466,1.0000,0.9439,1.0000,57.82,204.58,81.80,55.23,65.46,11.65,5.70,261.06,69.72,81.23,0.0000,0.0000,0.0000,0.0000,0.0000,0.0000,0.4586,0.0421,0.0000,0.0000,104304,74663,53998,54750,86225,66964,95775,572442,131417,91336,0,0,0,0,0,0,0,0,0,0,0.0000,0.0000,0.0000,0.0000,0.0000,0.0000,0.4800,0.4800,0.0000,0.0000,0,0,0,0,0,0,0,1,0,0,0,0,0,0,0,0,1,1,0,0,0.1376,0.0956,0.1358,0.0635,0.0983,0.0361,0.0864,0.1219,0.0271,0.1323,0.000,0.000,0.000,0.000,0.000,0.000,0.000,0.140,0.000,0.000,semi-presidential,parliamentary,parliamentary,parliamentary,parliamentary,semi-presidential,semi-presidential,electoral-authoritarian,electoral-authoritarian,parliamentary,0.800,0.800,0.800,0.800,0.800,0.800,0.800,0.500,0.500,0.800,100.0,62.9,44.1,99.9,100.0,100.0,100.0,100.0,86.0,37.6
2030-02-01,0.9988,0.9620,1.0089,1.0020,1.0215,1.0011,0.9984,0.9938,1.0500,1.0154,1.0745,1.0144,1.0759,1.0364,1.0998,1.0503,1.0471,1.0517,1.0276,1.0153,1.0664,1.0193,1.0768,1.0144,3691.61,5495.72,4146.59,2715.71,2100.65,1261.26,194.23,2843.33,1905.26,557.21,1.1022,0.6093,1.0273,1.3288,0.9463,0.4142,1.2346,0.2723,0.1930,-0.2625,0.6758,0.7949,0.6027,0.6542,0.7081,0.8286,0.4645,0.6760,0.7331,0.6457,0.0225,0.0194,0.0287,0.0361,0.0266,0.0037,0.0721,0.0016,0.0167,0.0126,0.9357,0.9400,0.9672,0.9415,0.9361,0.9736,0.9472,1.0000,0.9435,1.0000,57.58,201.39,79.02,56.54,64.60,11.75,5.51,260.09,69.31,80.75,0.0000,0.0000,0.0000,0.0000,0.0000,0.0000,0.4585,0.0434,0.0000,0.0000,104304,74663,53998,54750,86225,66964,95775,572442,131417,91336,0,0,0,0,0,0,0,0,0,0,0.0000,0.0000,0.0000,0.0000,0.0000,0.0000,0.4900,0.4900,0.0000,0.0000,0,0,0,0,0,0,0,1,0,0,0,0,0,0,0,0,1,1,0,0,0.1495,0.1006,0.1476,0.0689,0.1074,0.0378,0.0877,0.1241,0.0288,0.1330,0.000,0.000,0.000,0.000,0.000,0.000,0.000,0.141,0.000,0.000,semi-presidential,parliamentary,parliamentary,parliamentary,parliamentary,semi-presidential,semi-presidential,electoral-authoritarian,electoral-authoritarian,parliamentary,0.800,0.800,0.800,0.800,0.800,0.800,0.800,0.500,0.500,0.800,100.0,66.4,46.7,100.0,100.0,100.0,100.0,100.0,89.4,40.2
2030-03-01,0.9968,0.9650,1.0117,1.0028,1.0198,0.9988,0.9972,0.9944,1.0455,1.0185,1.0684,1.0123,1.0753,1.0469,1.1443,1.0415,1.0409,1.0492,0.9986,0.9992,1.0618,1.0586,1.0706,1.0123,3705.50,5523.97,4149.26,2721.51,2106.59,1269.27,194.15,2850.37,1914.75,556.87,1.0982,0.6062,1.0267,1.3260,0.9438,0.4097,1.2352,0.2742,0.1973,-0.2772,0.6759,0.8055,0.6487,0.6350,0.7050,0.8039,0.5045,0.6453,0.7315,0.6614,0.0247,0.0207,0.0301,0.0334,0.0282,0.0043,0.0720,0.0014,0.0201,0.0098,0.9288,0.9339,0.9636,0.9359,0.9294,0.9690,0.9474,1.0000,0.9390,1.0000,57.61,203.06,80.49,55.82,65.55,11.67,5.53,262.07,69.40,80.79,0.0000,0.0000,0.0000,0.0000,0.0000,0.0000,0.4584,0.0436,0.0000,0.0000,104304,74663,53998,54750,86225,66964,95775,572442,131417,91336,0,0,0,0,0,0,0,0,0,0,0.0000,0.0000,0.0000,0.0000,0.0000,0.0000,0.5000,0.5000,0.0000,0.0000,0,0,0,0,0,0,0,1,0,0,0,0,0,0,0,0,0,0,0,0,0.1392,0.0950,0.1374,0.0688,0.0994,0.0348,0.0818,0.1251,0.0257,0.1332,0.000,0.000,0.000,0.000,0.000,0.000,0.000,0.139,0.000,0.000,semi-presidential,parliamentary,parliamentary,parliamentary,parliamentary,semi-presidential,semi-presidential,electoral-authoritarian,electoral-authoritarian,parliamentary,0.800,0.800,0.800,0.800,0.800,0.800,0.800,0.500,0.500,0.800,100.0,69.9,49.6,100.0,100.0,100.0,100.0,100.0,92.7,42.9
2030-04-01,0.9956,0.9682,1.0146,1.0010,1.0175,0.9993,0.9963,0.9961,1.0400,1.0190,1.0578,1.0109,0.9956,1.0143,1.1035,1.0212,1.0175,0.9993,0.9963,1.0155,1.0400,1.0190,1.0578,1.0109,3718.82,5536.75,4155.72,2736.72,2111.00,1275.98,196.77,2853.20,1927.48,557.43,1.0943,0.6049,1.0253,1.3187,0.9419,0.4056,1.2198,0.2754,0.1952,-0.2914,0.6748,0.8011,0.6326,0.6425,0.6908,0.7992,0.4983,0.6326,0.7254,0.6571,0.0131,0.0082,0.0198,0.0110,0.0126,0.0041,0.0097,0.0002,0.0073,0.0027,0.9569,0.9617,0.9775,0.9648,0.9577,0.9711,0.9867,1.0000,0.9724,1.0000,60.39,212.40,84.92,59.20,68.80,11.70,10.96,277.57,71.76,82.56,0.0000,0.0000,0.0000,0.0000,0.0000,0.0000,0.0000,0.0000,0.0000,0.0000,104304,74663,53998,54750,86225,66964,95775,572442,131417,91336,0,0,0,0,0,0,0,0,0,0,0.0000,0.0000,0.0000,0.0000,0.0000,0.0000,0.4800,0.4800,0.0000,0.0000,0,0,0,0,0,0,0,1,0,0,0,0,0,0,0,0,0,0,0,0,0.1434,0.0986,0.1430,0.0719,0.1028,0.0350,0.0888,0.1293,0.0256,0.1321,0.000,0.000,0.000,0.000,0.000,0.000,0.000,0.140,0.000,0.000,semi-presidential,parliamentary,parliamentary,parliamentary,parliamentary,semi-presidential,semi-presidential,electoral-authoritarian,electoral-authoritarian,parliamentary,0.800,0.800,0.800,0.800,0.800,0.800,0.800,0.500,0.500,0.800,100.0,73.4,52.4,100.0,100.0,100.0,100.0,30.0,96.1,45.5
2030-05-01,0.9931,0.9698,1.0178,0.9997,1.0148,0.9991,0.9954,0.9976,1.0322,1.0158,1.0512,1.0096,0.9931,1.0099,1.1326,1.0198,1.0148,0.9991,0.9954,1.0275,1.0322,1.0158,1.0512,1.0096,3735.52,5553.42,4172.10,2744.53,2121.91,1280.62,197.82,2868.37,1940.59,556.35,1.0895,0.6028,1.0213,1.3149,0.9371,0.4023,1.2152,0.2754,0.1931,-0.3065,0.6772,0.7756,0.6475,0.6709,0.6870,0.7873,0.6361,0.6180,0.7317,0.6694,0.0145,0.0083,0.0216,0.0121,0.0139,0.0035,0.0103,0.0003,0.0078,0.0038,0.9627,0.9669,0.9805,0.9695,0.9634,0.9750,0.9872,1.0000,0.9761,1.0000,59.90,211.28,85.47,59.81,68.95,11.71,10.40,277.48,71.39,82.74,0.0000,0.0000,0.0000,0.0000,0.0000,0.0000,0.0000,0.0000,0.0000,0.0000,104304,74663,53998,54750,86225,66964,95775,572442,131417,91336,0,0,0,0,0,0,0,0,0,0,0.0000,0.0000,0.0000,0.0000,0.0000,0.0000,0.4600,0.4600,0.0000,0.0000,0,0,0,0,0,0,0,1,0,0,0,0,0,0,0,0,0,0,0,0,0.1420,0.0973,0.1413,0.0711,0.1014,0.0339,0.0917,0.1285,0.0247,0.1328,0.000,0.000,0.000,0.000,0.000,0.000,0.000,0.140,0.000,0.000,semi-presidential,parliamentary,parliamentary,parliamentary,parliamentary,semi-presidential,semi-presidential,electoral-authoritarian,electoral-authoritarian,parliamentary,0.800,0.800,0.800,0.800,0.800,0.800,0.800,0.500,0.500,0.800,100.0,76.8,55.3,100.0,100.0,100.0,100.0,32.7,99.4,48.2
2030-06-01,0.9919,0.9746,1.0201,0.9977,1.0140,0.9998,0.9970,0.9979,1.0266,1.0120,1.0398,1.0062,0.9919,1.0851,1.1009,1.0219,1.0140,1.0170,1.0368,1.0053,1.0266,1.0120,1.0398,1.0062,3737.41,5577.49,4164.68,2753.01,2125.56,1288.83,198.96,2879.26,1952.30,557.27,1.0890,0.6002,1.0232,1.3110,0.9356,0.3979,1.2106,0.2758,0.1912,-0.3205,0.6821,0.7674,0.6719,0.6742,0.7142,0.7600,0.6583,0.6429,0.7311,0.6538,0.0212,0.0155,0.0257,0.0178,0.0204,0.0103,0.0132,0.0003,0.0140,0.0034,0.9015,0.9102,0.9494,0.9146,0.9027,0.9282,0.9829,1.0000,0.9242,1.0000,59.74,209.88,85.43,59.43,69.19,11.48,10.35,278.35,71.01,80.73,0.0000,0.0000,0.0000,0.0000,0.0000,0.0000,0.0000,0.0000,0.0000,0.0000,104304,74663,53998,54750,86225,66964,95775,572442,131417,91336,0,0,0,0,0,0,0,0,0,0,0.0000,0.0000,0.0000,0.0000,0.0000,0.0000,0.4400,0.4400,0.0000,0.0000,0,0,0,0,0,0,0,1,0,0,0,0,0,0,0,0,0,0,0,0,0.1272,0.0883,0.1262,0.0624,0.0898,0.0299,0.0904,0.1267,0.0206,0.1322,0.000,0.000,0.000,0.000,0.000,0.000,0.000,0.143,0.000,0.000,semi-presidential,parliamentary,parliamentary,parliamentary,parliamentary,semi-presidential,semi-presidential,electoral-authoritarian,electoral-authoritarian,parliamentary,0.800,0.800,0.800,0.800,0.800,0.800,0.800,0.500,0.500,0.800,100.0,80.1,58.3,100.0,100.0,100.0,100.0,35.5,100.0,50.8
2030-07-01,0.9919,0.9789,1.0212,0.9959,1.0111,0.9967,0.9956,0.9988,1.0225,1.0104,1.0298,1.0054,0.9947,1.0797,1.0675,1.0196,1.0111,0.9967,0.9956,1.0183,1.0225,1.0104,1.0298,1.0054,3743.77,5594.27,4173.93,2763.72,2129.35,1297.24,199.94,2895.71,1961.58,558.01,1.0874,0.5984,1.0211,1.3060,0.9380,0.3935,1.2074,0.2757,0.1895,-0.3346,0.6619,0.7758,0.6365,0.6731,0.6913,0.7709,0.6681,0.6501,0.7253,0.6804,0.0168,0.0130,0.0218,0.0141,0.0163,0.0091,0.0217,0.0001,0.0113,0.0020,0.9096,0.9180,0.9535,0.9224,0.9108,0.9350,0.9839,1.0000,0.9324,1.0000,60.19,210.72,85.98,60.25,70.03,11.52,10.46,282.18,71.83,81.08,0.0000,0.0000,0.0000,0.0000,0.0000,0.0000,0.0000,0.0000,0.0000,0.0000,104304,74663,53998,54750,86225,66964,95775,572442,131417,91336,0,0,0,0,0,0,0,0,0,0,0.0000,0.0000,0.0000,0.0000,0.0000,0.0000,0.4200,0.4200,0.0000,0.0000,0,0,0,0,0,0,0,1,0,0,0,0,0,0,0,0,0,0,0,0,0.1417,0.0958,0.1483,0.0699,0.1011,0.0314,0.0894,0.1292,0.0226,0.1320,0.000,0.000,0.000,0.000,0.000,0.000,0.000,0.144,0.000,0.000,semi-presidential,parliamentary,parliamentary,parliamentary,parliamentary,semi-presidential,semi-presidential,electoral-authoritarian,electoral-authoritarian,parliamentary,0.800,0.800,0.800,0.800,0.800,0.800,0.800,0.500,0.500,0.800,100.0,83.4,61.1,100.0,95.0,100.0,100.0,38.3,100.0,53.6
2030-08-01,0.9904,0.9814,1.0160,0.9948,1.0060,0.9928,0.9953,0.9997,1.0175,1.0058,1.0199,1.0009,0.9904,1.0397,1.0160,1.0156,1.0060,0.9928,0.9953,1.0158,1.0175,1.0058,1.0199,1.0009,3748.17,5608.24,4163.38,2765.81,2129.54,1303.36,200.14,2903.61,1973.64,557.15,1.0864,0.5969,1.0238,1.3050,0.9380,0.3899,1.2094,0.2764,0.1876,-0.3497,0.6566,0.7664,0.6551,0.6850,0.7051,0.7835,0.6618,0.6711,0.7124,0.6920,0.0084,0.0067,0.0152,0.0062,0.0080,0.0051,0.0090,0.0001,0.0049,0.0011,0.9457,0.9519,0.9718,0.9557,0.9467,0.9637,0.9867,1.0000,0.9654,1.0000,59.82,210.44,86.16,60.68,69.67,12.13,10.12,281.67,72.00,82.14,0.0000,0.0000,0.0000,0.0000,0.0000,0.0000,0.0000,0.0000,0.0000,0.0000,104304,74663,53998,54750,86225,66964,95775,572442,131417,91336,0,0,0,0,0,0,0,0,0,0,0.0000,0.0000,0.0000,0.0000,0.0000,0.0000,0.4000,0.4000,0.0000,0.0000,0,0,0,0,0,0,0,1,0,0,0,0,0,0,0,0,0,0,0,0,0.1218,0.0818,0.1212,0.0562,0.0869,0.0261,0.0805,0.1202,0.0197,0.1329,0.000,0.000,0.000,0.000,0.000,0.000,0.000,0.147,0.000,0.000,semi-presidential,parliamentary,parliamentary,parliamentary,parliamentary,semi-presidential,semi-presidential,electoral-authoritarian,electoral-authoritarian,parliamentary,0.800,0.800,0.800,0.800,0.800,0.800,0.800,0.500,0.500,0.800,100.0,86.7,64.0,100.0,98.1,100.0,100.0,41.3,100.0,56.4
2030-09-01,0.9866,0.9837,1.0131,0.9953,1.0015,0.9904,0.9939,1.0021,1.0118,0.9998,1.0123,1.0007,0.9866,1.0396,1.0132,1.0204,1.0015,0.9904,0.9939,1.0519,1.0118,0.9998,1.0123,1.0007,3764.92,5620.23,4170.68,2767.66,2138.52,1310.63,200.55,2915.36,1987.07,557.70,1.0818,0.5957,1.0249,1.3042,0.9341,0.3860,1.2106,0.2767,0.1855,-0.3639,0.6534,0.7602,0.6245,0.6734,0.6823,0.7739,0.6374,0.6520,0.7119,0.6737,0.0098,0.0068,0.0169,0.0079,0.0088,0.0049,0.0113,0.0003,0.0047,0.0035,0.9480,0.9539,0.9733,0.9576,0.9490,0.9653,0.9870,1.0000,0.9669,1.0000,58.64,208.96,85.60,60.02,68.45,12.25,9.90,276.39,71.22,81.89,0.0000,0.0000,0.0000,0.0000,0.0000,0.0000,0.0000,0.0000,0.0000,0.0000,104304,74663,53998,54750,86225,66964,95775,572442,131417,91336,0,0,0,0,0,0,0,0,0,0,0.0000,0.0000,0.0000,0.0000,0.0000,0.0000,0.3800,0.3800,0.0000,0.0000,0,0,0,0,0,0,0,1,0,0,0,0,0,0,0,0,0,0,0,0,0.1481,0.0938,0.1479,0.0685,0.1064,0.0291,0.0847,0.1224,0.0241,0.1347,0.000,0.000,0.000,0.000,0.000,0.000,0.000,0.147,0.000,0.000,semi-presidential,parliamentary,parliamentary,parliamentary,parliamentary,semi-presidential,semi-presidential,electoral-authoritarian,electoral-authoritarian,parliamentary,0.800,0.800,0.800,0.800,0.800,0.800,0.800,0.500,0.500,0.800,100.0,90.0,66.7,100.0,100.0,100.0,100.0,44.2,100.0,59.1
2030-10-01,0.9874,0.9825,1.0107,0.9919,0.9959,0.9880,0.9903,1.0017,1.0086,0.9949,1.0085,0.9991,1.0140,0.9825,1.0109,0.9919,0.9959,0.9880,0.9903,1.0017,1.0086,0.9949,1.0085,0.9991,3778.09,5620.07,4177.75,2768.34,2143.31,1319.96,200.33,2924.80,2000.20,557.61,1.0780,0.5957,1.0232,1.3040,0.9321,0.3816,1.2159,0.2773,0.1835,-0.3785,0.6618,0.7502,0.6334,0.6561,0.6984,0.7745,0.6286,0.6597,0.7540,0.6826,0.0015,0.0013,0.0008,0.0011,0.0015,0.0011,0.0213,0.0000,0.0008,0.0000,1.0000,1.0000,1.0000,1.0000,1.0000,1.0000,1.0000,1.0000,1.0000,1.0000,60.16,210.31,85.05,62.33,71.08,12.10,10.11,286.21,73.13,83.42,0.0000,0.0000,0.0000,0.0000,0.0000,0.0000,0.0000,0.0000,0.0000,0.0000,104304,74663,53998,54750,86225,66964,95775,572442,131417,91336,0,0,0,0,0,0,0,0,0,0,0.0000,0.0000,0.0000,0.0000,0.0000,0.0000,0.3600,0.3600,0.0000,0.0000,0,0,0,0,0,0,0,1,0,0,0,0,0,0,0,0,0,0,0,0,0.1365,0.0889,0.1378,0.0639,0.0985,0.0267,0.0806,0.1228,0.0214,0.1319,0.000,0.000,0.000,0.000,0.000,0.000,0.000,0.149,0.000,0.000,semi-presidential,parliamentary,parliamentary,parliamentary,parliamentary,semi-presidential,semi-presidential,electoral-authoritarian,electoral-authoritarian,parliamentary,0.800,0.800,0.800,0.800,0.800,0.800,0.800,0.500,0.500,0.800,100.0,93.2,69.5,100.0,100.0,100.0,100.0,47.1,100.0,61.9
2030-11-01,0.9896,0.9839,1.0081,0.9888,0.9905,0.9859,0.9878,1.0027,1.0071,0.9930,1.0067,0.9977,1.0659,1.0174,1.0083,0.9898,0.9905,0.9859,0.9878,1.0241,1.0071,0.9930,1.0067,0.9977,3779.99,5631.78,4184.29,2773.54,2148.82,1326.47,200.83,2939.64,2008.49,557.58,1.0774,0.5945,1.0215,1.3017,0.9298,0.3781,1.2173,0.2773,0.1820,-0.3931,0.6667,0.7298,0.6592,0.6449,0.6971,0.7917,0.5883,0.6431,0.7609,0.6755,0.0105,0.0084,0.0069,0.0074,0.0100,0.0067,0.0255,0.0001,0.0056,0.0015,0.9691,0.9726,0.9841,0.9748,0.9697,0.9793,0.9884,1.0000,0.9803,1.0000,59.27,208.88,84.93,61.60,70.22,12.10,10.05,282.78,72.95,81.74,0.0000,0.0000,0.0000,0.0000,0.0000,0.0000,0.0000,0.0000,0.0000,0.0000,104304,74663,53998,54750,86225,66964,95775,572442,131417,91336,0,0,0,0,0,0,0,0,0,0,0.0000,0.0000,0.0000,0.0000,0.0000,0.0000,0.3400,0.3400,0.0000,0.0000,0,0,0,0,0,0,0,1,0,0,0,0,0,0,0,0,0,0,0,0,0.1368,0.0882,0.1376,0.0634,0.0981,0.0260,0.0797,0.1226,0.0207,0.1321,0.000,0.000,0.000,0.000,0.000,0.000,0.000,0.151,0.000,0.000,semi-presidential,parliamentary,parliamentary,parliamentary,parliamentary,semi-presidential,semi-presidential,electoral-authoritarian,electoral-authoritarian,parliamentary,0.800,0.800,0.800,0.800,0.800,0.800,0.800,0.500,0.500,0.800,100.0,96.2,72.4,100.0,100.0,100.0,100.0,49.9,100.0,64.7
2030-12-01,0.9905,0.9849,1.0038,0.9825,0.9862,0.9834,0.9863,1.0037,1.0057,0.9915,1.0052,0.9969,1.0234,1.0097,1.0039,0.9825,0.9862,0.9834,0.9863,1.0232,1.0057,0.9915,1.0052,0.9969,3780.31,5651.91,4181.84,2779.79,2162.01,1332.71,201.00,2944.39,2020.71,559.22,1.0774,0.5924,1.0253,1.2988,0.9241,0.3747,1.2209,0.2783,0.1801,-0.4065,0.6502,0.7360,0.6526,0.6470,0.6899,0.7761,0.5984,0.6851,0.7289,0.6788,0.0061,0.0046,0.0038,0.0041,0.0057,0.0036,0.0239,0.0001,0.0031,0.0014,0.9772,0.9798,0.9883,0.9814,0.9777,0.9848,0.9890,1.0000,0.9855,1.0000,60.19,210.69,85.78,62.57,71.36,12.26,10.12,287.75,73.67,82.58,0.0000,0.0000,0.0000,0.0000,0.0000,0.0000,0.0000,0.0000,0.0000,0.0000,104304,74663,53998,54750,86225,66964,95775,572442,131417,91336,0,0,0,0,0,0,0,0,0,0,0.0000,0.0000,0.0000,0.0000,0.0000,0.0000,0.3200,0.3200,0.0000,0.0000,0,0,0,0,0,0,0,1,0,0,0,0,0,0,0,0,0,0,0,0,0.1396,0.0892,0.1412,0.0646,0.1000,0.0259,0.0806,0.1224,0.0207,0.1319,0.000,0.000,0.000,0.000,0.000,0.000,0.000,0.151,0.000,0.000,semi-presidential,parliamentary,parliamentary,parliamentary,parliamentary,semi-presidential,semi-presidential,electoral-authoritarian,electoral-authoritarian,parliamentary,0.800,0.800,0.800,0.800,0.800,0.800,0.800,0.500,0.500,0.800,100.0,99.3,75.3,100.0,100.0,100.0,100.0,52.9,100.0,67.4
2031-01-01,0.9912,0.9855,1.0009,0.9806,0.9865,0.9803,0.9862,1.0032,1.0022,0.9895,1.0034,0.9948,1.0167,1.0007,1.0011,1.0014,0.9890,0.9803,0.9941,1.0032,1.0022,0.9895,1.0034,0.9948,3792.64,5670.80,4197.45,2779.68,2167.71,1338.58,201.14,2946.53,2026.35,559.44,1.0740,0.5904,1.0217,1.2989,0.9216,0.3714,1.2249,0.2795,0.1789,-0.4209,0.6405,0.7545,0.6427,0.6623,0.7160,0.7735,0.5880,0.6645,0.7285,0.7041,0.0036,0.0030,0.0125,0.0031,0.0041,0.0023,0.0306,0.0000,0.0020,0.0010,0.9863,0.9878,0.9930,0.9888,0.9865,0.9908,0.9896,1.0000,0.9913,1.0000,60.33,211.40,87.39,62.86,71.61,12.26,10.22,289.00,73.81,83.05,0.0000,0.0000,0.0000,0.0000,0.0000,0.0000,0.0000,0.0000,0.0000,0.0000,104304,74663,53998,54750,86225,66964,95775,572442,131417,91336,0,0,0,0,0,0,0,0,0,0,0.0000,0.0000,0.0000,0.0000,0.0000,0.0000,0.3000,0.3000,0.0000,0.0000,0,0,0,0,0,0,0,1,0,0,0,0,0,0,0,0,0,0,0,0,0.1305,0.0843,0.1310,0.0598,0.0932,0.0244,0.0846,0.1220,0.0187,0.1324,0.000,0.000,0.000,0.000,0.000,0.000,0.000,0.153,0.000,0.000,semi-presidential,parliamentary,parliamentary,parliamentary,parliamentary,semi-presidential,semi-presidential,electoral-authoritarian,electoral-authoritarian,parliamentary,0.800,0.800,0.800,0.800,0.800,0.800,0.800,0.500,0.500,0.800,100.0,100.0,78.1,100.0,100.0,100.0,100.0,55.9,100.0,70.3
2031-02-01,0.9940,0.9842,0.9977,0.9792,0.9864,0.9788,0.9878,1.0062,0.9992,0.9858,1.0011,0.9948,1.0887,0.9842,0.9979,0.9999,0.9864,0.9788,1.0235,1.0644,0.9992,0.9858,1.0011,0.9948,3813.67,5683.75,4207.50,2792.83,2178.18,1347.24,201.19,2953.18,2036.85,559.48,1.0681,0.5891,1.0195,1.2928,0.9171,0.3674,1.2298,0.2803,0.1772,-0.4355,0.6552,0.7675,0.6813,0.6544,0.7095,0.7636,0.5855,0.6448,0.6959,0.7039,0.0105,0.0057,0.0183,0.0049,0.0091,0.0047,0.0353,0.0006,0.0037,0.0056,1.0000,1.0000,1.0000,1.0000,1.0000,1.0000,1.0000,1.0000,1.0000,1.0000,59.06,211.73,88.50,62.49,70.97,12.51,10.16,283.18,73.20,83.03,0.0000,0.0000,0.0000,0.0000,0.0000,0.0000,0.0000,0.0000,0.0000,0.0000,104304,74663,53998,54750,86225,66964,95775,572442,131417,91336,0,0,0,0,0,0,0,0,0,0,0.0000,0.0000,0.0000,0.0000,0.0000,0.0000,0.2800,0.2800,0.0000,0.0000,0,0,0,0,0,0,0,1,0,0,0,0,0,0,0,0,0,0,0,0,0.1434,0.0906,0.1447,0.0657,0.1027,0.0257,0.0862,0.1222,0.0205,0.1333,0.000,0.000,0.000,0.000,0.000,0.000,0.000,0.154,0.000,0.000,semi-presidential,parliamentary,parliamentary,parliamentary,parliamentary,semi-presidential,semi-presidential,electoral-authoritarian,electoral-authoritarian,parliamentary,0.800,0.800,0.800,0.800,0.800,0.800,0.800,0.500,0.500,0.800,100.0,100.0,81.1,100.0,100.0,100.0,30.0,58.7,100.0,73.2
2031-03-01,0.9966,0.9819,0.9961,0.9757,0.9846,0.9805,0.9884,1.0066,0.9974,0.9847,1.0000,0.9944,1.0953,0.9819,0.9965,0.9757,0.9846,1.0282,0.9953,1.0066,0.9974,0.9847,1.0000,0.9944,3821.35,5687.49,4219.50,2801.41,2186.55,1354.91,202.07,2959.77,2048.78,560.82,1.0660,0.5887,1.0169,1.2888,0.9137,0.3637,1.2268,0.2811,0.1754,-0.4490,0.6673,0.7619,0.6782,0.6854,0.7197,0.7769,0.5778,0.6593,0.6990,0.6976,0.0078,0.0070,0.0048,0.0060,0.0073,0.0056,0.0236,0.0000,0.0039,0.0003,1.0000,1.0000,1.0000,1.0000,1.0000,1.0000,1.0000,1.0000,1.0000,1.0000,59.13,211.04,86.90,62.66,71.27,12.53,10.09,284.00,73.45,82.95,0.0000,0.0000,0.0000,0.0000,0.0000,0.0000,0.0000,0.0000,0.0000,0.0000,104304,74663,53998,54750,86225,66964,95775,572442,131417,91336,0,0,0,0,0,0,0,0,0,0,0.0000,0.0000,0.0000,0.0000,0.0000,0.0000,0.2600,0.2600,0.0000,0.0000,0,0,0,0,0,0,0,1,0,0,0,0,0,0,0,0,0,0,0,0,0.1401,0.0892,0.1414,0.0643,0.1003,0.0251,0.0823,0.1225,0.0197,0.1323,0.000,0.000,0.000,0.000,0.000,0.000,0.000,0.155,0.000,0.000,semi-presidential,parliamentary,parliamentary,parliamentary,parliamentary,semi-presidential,semi-presidential,electoral-authoritarian,electoral-authoritarian,parliamentary,0.800,0.800,0.800,0.800,0.800,0.800,0.800,0.500,0.500,0.800,100.0,100.0,84.2,100.0,100.0,100.0,32.6,61.6,100.0,76.1
2031-04-01,0.9998,0.9801,0.9932,0.9736,0.9862,0.9818,0.9865,1.0067,0.9979,0.9829,0.9964,0.9934,1.1084,0.9801,0.9935,0.9929,0.9980,1.0126,0.9865,1.0177,1.0204,0.9829,0.9964,0.9934,3827.29,5701.06,4219.64,2811.60,2183.27,1360.19,202.15,2969.48,2053.69,560.84,1.0644,0.5873,1.0171,1.2842,0.9152,0.3607,1.2317,0.2815,0.1742,-0.4636,0.6649,0.7464,0.6836,0.6906,0.7256,0.7789,0.6057,0.6760,0.7240,0.7135,0.0084,0.0072,0.0171,0.0086,0.0115,0.0059,0.0293,0.0010,0.0050,0.0049,1.0000,1.0000,1.0000,1.0000,1.0000,1.0000,1.0000,1.0000,1.0000,1.0000,59.36,211.65,88.65,62.71,71.04,12.58,10.12,284.71,73.85,82.86,0.0000,0.0000,0.0000,0.0000,0.0000,0.0000,0.0000,0.0000,0.0000,0.0000,104304,74663,53998,54750,86225,66964,95775,572442,131417,91336,0,0,0,0,0,0,0,0,0,0,0.0000,0.0000,0.0000,0.0000,0.0000,0.0000,0.2400,0.2400,0.0000,0.0000,0,0,0,0,0,0,0,1,0,0,0,0,0,0,0,0,0,0,0,0,0.1363,0.0869,0.1376,0.0620,0.0976,0.0245,0.0847,0.1221,0.0188,0.1328,0.000,0.000,0.000,0.000,0.000,0.000,0.000,0.156,0.000,0.000,semi-presidential,parliamentary,parliamentary,parliamentary,parliamentary,semi-presidential,semi-presidential,electoral-authoritarian,electoral-authoritarian,parliamentary,0.800,0.800,0.800,0.800,0.800,0.800,0.800,0.500,0.500,0.800,100.0,100.0,87.2,100.0,100.0,100.0,35.3,64.6,100.0,79.1
2031-05-01,1.0014,0.9801,0.9925,0.9728,0.9860,0.9789,0.9874,1.0076,0.9976,0.9808,0.9959,0.9906,1.0606,0.9808,0.9930,0.9926,0.9860,0.9789,1.0094,1.0267,0.9976,0.9808,0.9959,0.9906,3826.99,5711.19,4210.52,2811.03,2182.07,1365.05,202.50,2971.80,2064.20,561.92,1.0646,0.5863,1.0195,1.2846,0.9157,0.3579,1.2352,0.2827,0.1725,-0.4773,0.6595,0.7520,0.6614,0.6942,0.6699,0.7590,0.5961,0.6846,0.6950,0.6966,0.0055,0.0034,0.0144,0.0029,0.0049,0.0028,0.0307,0.0002,0.0022,0.0023,1.0000,1.0000,1.0000,1.0000,1.0000,1.0000,0.9903,1.0000,1.0000,1.0000,60.64,214.18,89.91,64.18,72.35,12.84,10.23,291.54,74.81,83.34,0.0000,0.0000,0.0000,0.0000,0.0000,0.0000,0.0000,0.0000,0.0000,0.0000,104304,74663,53998,54750,86225,66964,95775,572442,131417,91336,0,0,0,0,0,0,0,0,0,0,0.0000,0.0000,0.0000,0.0000,0.0000,0.0000,0.2200,0.2200,0.0000,0.0000,0,0,0,0,0,0,0,1,0,0,0,0,0,0,0,0,0,0,0,0,0.1222,0.0793,0.1219,0.0546,0.0860,0.0220,0.0811,0.1211,0.0156,0.1338,0.000,0.000,0.000,0.000,0.000,0.000,0.000,0.159,0.000,0.000,semi-presidential,parliamentary,parliamentary,parliamentary,parliamentary,semi-presidential,semi-presidential,electoral-authoritarian,electoral-authoritarian,parliamentary,0.800,0.800,0.800,0.800,0.800,0.800,0.800,0.500,0.500,0.800,100.0,100.0,90.2,100.0,100.0,100.0,38.0,67.7,100.0,81.9
2031-06-01,1.0028,0.9808,0.9900,0.9737,0.9852,0.9777,0.9881,1.0082,0.9982,0.9811,0.9965,0.9905,1.0505,0.9962,0.9904,1.0034,0.9852,0.9777,1.0111,1.0269,1.0174,0.9930,1.0201,0.9905,3843.25,5729.40,4220.58,2817.10,2193.85,1372.77,202.71,2978.30,2072.36,562.10,1.0601,0.5846,1.0174,1.2818,0.9108,0.3543,1.2396,0.2834,0.1711,-0.4918,0.6488,0.7474,0.6337,0.6736,0.6594,0.7490,0.6007,0.6767,0.6953,0.7079,0.0074,0.0051,0.0166,0.0083,0.0070,0.0035,0.0336,0.0011,0.0037,0.0039,0.9860,0.9876,0.9928,0.9886,0.9863,0.9907,0.9894,1.0000,0.9911,1.0000,60.80,214.07,88.62,62.48,71.97,12.99,10.19,291.67,75.11,83.12,0.0000,0.0000,0.0000,0.0000,0.0000,0.0000,0.0000,0.0000,0.0000,0.0000,104304,74663,53998,54750,86225,66964,95775,572442,131417,91336,0,0,0,0,0,0,0,0,0,0,0.0000,0.0000,0.0000,0.0000,0.0000,0.0000,0.2000,0.2000,0.0000,0.0000,0,0,0,0,0,0,0,1,0,0,0,0,0,0,0,0,0,0,0,0,0.1407,0.0874,0.1408,0.0657,0.0995,0.0234,0.0823,0.1222,0.0184,0.1365,0.000,0.000,0.000,0.000,0.000,0.000,0.000,0.159,0.000,0.000,semi-presidential,parliamentary,parliamentary,parliamentary,parliamentary,semi-presidential,semi-presidential,electoral-authoritarian,electoral-authoritarian,parliamentary,0.800,0.800,0.800,0.800,0.800,0.800,0.800,0.500,0.500,0.800,100.0,100.0,92.9,100.0,100.0,90.0,40.8,70.7,100.0,84.9
2031-07-01,1.0043,0.9784,0.9873,0.9734,0.9888,0.9746,0.9920,1.0068,0.9977,0.9840,0.9952,0.9902,1.0592,0.9784,0.9878,0.9933,1.0115,0.9746,1.0757,1.0068,0.9977,1.0128,0.9952,0.9902,3856.16,5745.08,4240.78,2830.18,2198.14,1377.45,202.76,2984.35,2080.94,563.25,1.0566,0.5831,1.0128,1.2759,0.9091,0.3515,1.2451,0.2842,0.1696,-0.5054,0.6649,0.7598,0.6534,0.6717,0.6954,0.7667,0.5945,0.6787,0.6718,0.7077,0.0061,0.0031,0.0181,0.0069,0.0105,0.0026,0.0312,0.0006,0.0021,0.0116,1.0000,1.0000,1.0000,1.0000,1.0000,1.0000,1.0000,1.0000,1.0000,1.0000,60.66,215.19,89.61,63.67,72.61,12.87,10.16,290.54,75.23,84.10,0.0000,0.0000,0.0000,0.0000,0.0000,0.0000,0.0000,0.0000,0.0000,0.0000,104304,74663,53998,54750,86225,66964,95775,572442,131417,91336,0,0,0,0,0,0,0,0,0,0,0.0000,0.0000,0.0000,0.0000,0.0000,0.0000,0.1800,0.1800,0.0000,0.0000,0,0,0,0,0,0,0,1,0,0,0,0,0,0,0,0,0,0,0,0,0.1387,0.0866,0.1384,0.0654,0.0981,0.0231,0.0832,0.1205,0.0177,0.1347,0.000,0.000,0.000,0.000,0.000,0.000,0.000,0.160,0.000,0.000,semi-presidential,parliamentary,parliamentary,parliamentary,parliamentary,semi-presidential,semi-presidential,electoral-authoritarian,electoral-authoritarian,parliamentary,0.800,0.800,0.800,0.800,0.800,0.800,0.800,0.500,0.500,0.800,100.0,100.0,95.8,100.0,100.0,93.3,43.5,73.7,100.0,87.8
2031-08-01,1.0029,0.9773,0.9853,0.9715,0.9929,0.9711,0.9937,1.0078,0.9944,0.9881,0.9933,0.9898,1.0029,0.9773,0.9859,0.9908,1.0169,0.9711,1.0319,1.0272,0.9944,1.0121,0.9933,0.9898,3873.92,5748.06,4251.41,2833.55,2208.62,1386.43,202.81,2984.56,2090.21,562.96,1.0518,0.5829,1.0105,1.2745,0.9048,0.3476,1.2507,0.2855,0.1681,-0.5203,0.6725,0.7650,0.6887,0.6999,0.6815,0.7514,0.5942,0.6856,0.6839,0.7105,0.0022,0.0000,0.0157,0.0044,0.0070,0.0000,0.0077,0.0004,0.0001,0.0115,1.0000,1.0000,1.0000,1.0000,1.0000,1.0000,1.0000,1.0000,1.0000,1.0000,61.24,216.58,90.84,64.67,73.14,13.03,10.11,293.35,75.51,85.27,0.0000,0.0000,0.0000,0.0000,0.0000,0.0000,0.0000,0.0000,0.0000,0.0000,104304,74663,53998,54750,86225,66964,95775,572442,131417,91336,0,0,0,0,0,0,0,0,0,0,0.0000,0.0000,0.0000,0.0000,0.0000,0.0000,0.1600,0.1600,0.0000,0.0000,0,0,0,0,0,0,0,1,0,0,0,0,0,0,0,0,0,0,0,0,0.1370,0.0864,0.1382,0.0653,0.1012,0.0228,0.0832,0.1193,0.0171,0.1335,0.000,0.000,0.000,0.000,0.000,0.000,0.000,0.161,0.000,0.000,semi-presidential,parliamentary,parliamentary,parliamentary,parliamentary,semi-presidential,semi-presidential,electoral-authoritarian,electoral-authoritarian,parliamentary,0.800,0.800,0.800,0.800,0.800,0.800,0.800,0.500,0.500,0.800,100.0,100.0,98.9,100.0,100.0,96.5,46.2,76.8,100.0,90.8
2031-09-01,1.0023,0.9767,0.9851,0.9744,0.9986,0.9686,0.9950,1.0060,0.9915,0.9888,0.9915,0.9883,1.0034,0.9767,0.9858,1.0115,1.0296,0.9686,1.0367,1.0060,0.9915,1.0133,0.9915,0.9883,3874.70,5751.50,4259.57,2834.27,2213.42,1397.60,203.04,2990.47,2099.08,563.69,1.0516,0.5827,1.0088,1.2743,0.9029,0.3433,1.2549,0.2864,0.1666,-0.5342,0.6832,0.7539,0.6917,0.6837,0.7101,0.7711,0.6002,0.6642,0.7047,0.6946,0.0013,0.0012,0.0150,0.0142,0.0079,0.0000,0.0131,0.0003,0.0001,0.0130,1.0000,1.0000,1.0000,1.0000,1.0000,1.0000,1.0000,1.0000,1.0000,1.0000,61.53,213.13,86.35,61.39,72.07,12.87,9.95,294.70,75.56,84.40,0.0000,0.0000,0.0000,0.0000,0.0000,0.0000,0.0000,0.0000,0.0000,0.0000,104304,74663,53998,54750,86225,66964,95775,572442,131417,91336,0,0,0,0,0,0,0,0,0,0,0.0000,0.0000,0.0000,0.0000,0.0000,0.0000,0.1400,0.1400,0.0000,0.0000,0,0,0,0,0,0,0,1,0,0,0,0,0,0,0,0,0,0,0,0,0.1305,0.0815,0.1297,0.0588,0.0955,0.0212,0.0818,0.1197,0.0161,0.1360,0.000,0.000,0.000,0.000,0.000,0.000,0.000,0.162,0.000,0.000,semi-presidential,parliamentary,parliamentary,parliamentary,parliamentary,semi-presidential,semi-presidential,electoral-authoritarian,electoral-authoritarian,parliamentary,0.800,0.800,0.800,0.800,0.800,0.800,0.800,0.500,0.500,0.800,100.0,100.0,100.0,100.0,100.0,99.8,48.9,79.7,100.0,93.6
2031-10-01,1.0008,0.9780,0.9846,0.9764,1.0019,0.9684,0.9944,1.0056,0.9922,0.9901,0.9887,0.9900,1.0008,1.0105,0.9853,1.0144,1.0230,0.9684,0.9944,1.0056,1.0072,1.0150,0.9887,0.9905,3890.76,5755.46,4272.94,2831.60,2219.46,1403.05,203.17,2991.41,2110.17,564.21,1.0473,0.5824,1.0059,1.2756,0.9005,0.3405,1.2596,0.2877,0.1650,-0.5483,0.6671,0.7364,0.6897,0.6529,0.7022,0.7906,0.6118,0.6530,0.7159,0.6984,0.0042,0.0051,0.0156,0.0157,0.0094,0.0028,0.0103,0.0007,0.0032,0.0079,0.9698,0.9733,0.9846,0.9754,0.9704,0.9799,0.9882,1.0000,0.9809,1.0000,60.87,211.96,85.88,60.67,71.36,12.89,9.88,291.83,75.41,83.42,0.0000,0.0000,0.0000,0.0000,0.0000,0.0000,0.0000,0.0000,0.0000,0.0000,104304,74663,53998,54750,86225,66964,95775,572442,131417,91336,0,0,0,0,0,0,0,0,0,0,0.0000,0.0000,0.0000,0.0000,0.0000,0.0000,0.1200,0.1200,0.0000,0.0000,0,0,0,0,0,0,0,1,0,0,0,0,0,0,0,0,0,0,0,0,0.1409,0.0868,0.1411,0.0647,0.1040,0.0230,0.0841,0.1216,0.0182,0.1361,0.000,0.000,0.000,0.000,0.000,0.000,0.000,0.163,0.000,0.000,semi-presidential,parliamentary,parliamentary,parliamentary,parliamentary,semi-presidential,semi-presidential,electoral-authoritarian,electoral-authoritarian,parliamentary,0.800,0.800,0.800,0.800,0.800,0.800,0.800,0.500,0.500,0.800,100.0,100.0,100.0,100.0,100.0,100.0,51.7,82.6,100.0,96.5
2031-11-01,1.0020,0.9793,0.9871,0.9804,1.0052,0.9700,0.9962,1.0042,0.9941,0.9914,0.9900,0.9916,1.0440,1.0124,1.0801,1.0274,1.0250,1.0096,1.0426,1.0042,1.0395,1.0186,1.0297,0.9919,3899.58,5753.62,4284.79,2833.06,2227.72,1409.45,203.70,2997.92,2120.37,565.10,1.0449,0.5827,1.0033,1.2751,0.8973,0.3375,1.2615,0.2884,0.1634,-0.5620,0.6793,0.7278,0.6941,0.6247,0.7040,0.7690,0.6145,0.6475,0.7024,0.7064,0.0167,0.0126,0.0272,0.0284,0.0212,0.0053,0.0363,0.0022,0.0097,0.0135,0.9693,0.9729,0.9844,0.9750,0.9699,0.9796,0.9883,1.0000,0.9806,1.0000,61.09,209.40,83.94,60.89,71.07,12.80,9.87,292.12,75.48,82.64,0.0000,0.0000,0.0000,0.0000,0.0000,0.0000,0.0000,0.0000,0.0000,0.0000,104304,74663,53998,54750,86225,66964,95775,572442,131417,91336,0,0,0,0,0,0,0,0,0,0,0.0000,0.0000,0.0000,0.0000,0.0000,0.0000,0.1000,0.1000,0.0000,0.0000,0,0,0,0,0,0,0,1,0,0,0,0,0,0,0,0,0,0,0,0,0.1425,0.0874,0.1424,0.0655,0.1051,0.0239,0.0852,0.1245,0.0188,0.1362,0.000,0.000,0.000,0.000,0.000,0.000,0.000,0.162,0.000,0.000,semi-presidential,parliamentary,parliamentary,parliamentary,parliamentary,semi-presidential,semi-presidential,electoral-authoritarian,electoral-authoritarian,parliamentary,0.800,0.800,0.800,0.800,0.800,0.800,0.800,0.500,0.500,0.800,100.0,100.0,100.0,100.0,100.0,100.0,54.5,85.4,100.0,99.5
2031-12-01,1.0029,0.9782,0.9943,0.9882,1.0092,0.9712,0.9973,1.0026,0.9947,0.9914,0.9923,0.9925,1.0342,0.9782,1.2186,1.0410,1.0328,1.0034,1.0300,1.0026,1.0130,0.9928,1.0593,0.9927,3914.70,5756.49,4294.11,2842.27,2238.58,1415.67,203.69,3007.87,2129.32,564.86,1.0406,0.5826,1.0011,1.2712,0.8930,0.3345,1.2665,0.2888,0.1620,-0.5769,0.6657,0.7152,0.6897,0.6163,0.7071,0.7594,0.6217,0.6702,0.6881,0.7019,0.0209,0.0136,0.0320,0.0349,0.0253,0.0018,0.0333,0.0012,0.0109,0.0169,1.0000,1.0000,1.0000,1.0000,1.0000,1.0000,1.0000,1.0000,1.0000,1.0000,61.54,206.85,82.21,61.73,71.02,12.81,9.81,292.42,75.23,83.64,0.0000,0.0000,0.0000,0.0000,0.0000,0.0000,0.0000,0.0000,0.0000,0.0000,104304,74663,53998,54750,86225,66964,95775,572442,131417,91336,0,0,0,0,0,0,0,0,0,0,0.0000,0.0000,0.0000,0.0000,0.0000,0.0000,0.0800,0.0800,0.0000,0.0000,0,0,0,0,0,0,0,1,0,0,0,0,0,0,0,0,0,0,0,0,0.1431,0.0873,0.1433,0.0659,0.1058,0.0245,0.0863,0.1246,0.0190,0.1366,0.000,0.000,0.000,0.000,0.000,0.000,0.000,0.162,0.000,0.000,semi-presidential,parliamentary,parliamentary,parliamentary,parliamentary,semi-presidential,semi-presidential,electoral-authoritarian,electoral-authoritarian,parliamentary,0.800,0.800,0.800,0.800,0.800,0.800,0.800,0.500,0.500,0.800,100.0,100.0,100.0,100.0,100.0,100.0,57.3,88.4,100.0,100.0
2032-01-01,1.0012,0.9825,0.9988,0.9930,1.0093,0.9737,0.9989,0.9993,0.9979,0.9948,0.9927,0.9941,1.0012,1.0779,1.1477,1.0477,1.0104,1.0329,1.0353,0.9993,1.0622,1.0235,1.0030,0.9944,3923.52,5766.28,4304.50,2848.11,2253.32,1421.61,203.77,3016.03,2141.13,565.38,1.0432,0.5817,0.9986,1.2687,0.8873,0.3317,1.2707,0.2894,0.1603,-0.5909,0.6677,0.7065,0.6848,0.6413,0.7178,0.7558,0.6068,0.6909,0.6909,0.6800,0.0247,0.0205,0.0314,0.0367,0.0257,0.0094,0.0142,0.0028,0.0174,0.0066,0.9145,0.9226,0.9570,0.9267,0.9157,0.9387,0.9846,1.0000,0.9363,1.0000,60.86,205.84,81.26,60.87,70.23,12.50,9.72,289.03,75.03,81.48,0.0000,0.0000,0.0000,0.0000,0.0000,0.0000,0.0000,0.0000,0.0000,0.0000,104304,74663,53998,54750,86225,66964,95775,572442,131417,91336,0,0,0,0,0,0,0,0,0,0,0.0000,0.0000,0.0000,0.0000,0.0000,0.0000,0.0600,0.0600,0.0000,0.0000,0,0,0,0,0,0,0,1,0,0,0,0,0,0,0,0,0,0,0,0,0.1447,0.0884,0.1446,0.0671,0.1066,0.0253,0.0873,0.1248,0.0201,0.1366,0.000,0.000,0.000,0.000,0.000,0.000,0.000,0.161,0.000,0.000,semi-presidential,parliamentary,parliamentary,parliamentary,parliamentary,semi-presidential,semi-presidential,electoral-authoritarian,electoral-authoritarian,parliamentary,0.800,0.800,0.800,0.800,0.800,0.800,0.800,0.500,0.500,0.800,100.0,100.0,100.0,100.0,100.0,100.0,60.1,91.5,100.0,100.0
2032-02-01,0.9984,0.9852,1.0008,0.9943,1.0101,0.9780,1.0004,0.9973,0.9998,0.9985,0.9921,0.9955,0.9984,1.0485,1.0755,1.0248,1.0163,1.0853,1.0149,0.9973,1.0174,1.0147,0.9921,0.9958,3925.34,5789.44,4314.38,2858.36,2263.30,1428.30,204.01,3026.61,2147.37,565.23,1.0427,0.5795,0.9964,1.2643,0.8836,0.3286,1.2736,0.2898,0.1591,-0.6017,0.6597,0.7139,0.6879,0.6461,0.7406,0.7465,0.6143,0.6906,0.7032,0.6875,0.0159,0.0130,0.0233,0.0200,0.0168,0.0069,0.0088,0.0008,0.0093,0.0041,0.9410,0.9478,0.9700,0.9520,0.9422,0.9607,0.9867,1.0000,0.9627,1.0000,60.89,210.35,84.10,60.04,71.35,12.42,9.79,290.64,76.52,82.74,0.0000,0.0000,0.0000,0.0000,0.0000,0.0000,0.0000,0.0000,0.0000,0.0000,104304,74663,53998,54750,86225,66964,95775,572442,131417,91336,0,0,0,0,0,0,0,0,0,0,0.0000,0.0000,0.0000,0.0000,0.0000,0.0000,0.0400,0.0400,0.0000,0.0000,0,0,0,0,0,0,0,1,0,0,0,0,0,0,0,0,0,0,0,0,0.1461,0.0901,0.1457,0.0683,0.1080,0.0261,0.0883,0.1252,0.0215,0.1368,0.000,0.000,0.000,0.000,0.000,0.000,0.000,0.162,0.000,0.000,semi-presidential,parliamentary,parliamentary,parliamentary,parliamentary,semi-presidential,semi-presidential,electoral-authoritarian,electoral-authoritarian,parliamentary,0.800,0.800,0.800,0.800,0.800,0.800,0.800,0.500,0.500,0.800,100.0,100.0,100.0,100.0,100.0,100.0,62.9,94.6,100.0,95.0
2032-03-01,0.9957,0.9855,1.0030,0.9935,1.0089,0.9853,1.0029,0.9940,1.0025,1.0029,0.9884,0.9976,0.9957,0.9938,1.0881,1.0106,1.0089,1.1767,1.0542,0.9940,1.0499,1.0129,0.9884,0.9981,3929.68,5808.52,4333.86,2865.51,2274.11,1432.85,204.90,3031.81,2153.71,567.31,1.0416,0.5777,0.9920,1.2612,0.8795,0.3261,1.2722,0.2906,0.1578,-0.6141,0.6490,0.7340,0.6843,0.6654,0.7434,0.7511,0.6216,0.7099,0.6817,0.6984,0.0120,0.0078,0.0218,0.0108,0.0115,0.0032,0.0089,0.0021,0.0066,0.0051,0.9928,0.9936,0.9963,0.9941,0.9929,0.9952,0.9900,1.0000,0.9954,1.0000,61.48,213.19,85.63,62.51,72.64,12.22,9.89,295.06,77.85,84.18,0.0000,0.0000,0.0000,0.0000,0.0000,0.0000,0.0000,0.0000,0.0000,0.0000,104304,74663,53998,54750,86225,66964,95775,572442,131417,91336,0,0,0,0,0,0,0,0,0,0,0.0000,0.0000,0.0000,0.0000,0.0000,0.0000,0.0200,0.0200,0.0000,0.0000,0,0,0,0,0,0,0,1,0,0,0,0,0,0,0,0,0,0,0,0,0.1475,0.0918,0.1471,0.0709,0.1094,0.0273,0.0875,0.1255,0.0226,0.1344,0.000,0.000,0.000,0.000,0.000,0.000,0.000,0.161,0.000,0.000,semi-presidential,parliamentary,parliamentary,parliamentary,parliamentary,semi-presidential,semi-presidential,electoral-authoritarian,electoral-authoritarian,parliamentary,0.800,0.800,0.800,0.800,0.800,0.800,0.800,0.500,0.500,0.800,100.0,100.0,100.0,100.0,100.0,100.0,65.8,97.8,100.0,97.9
2032-04-01,0.9943,0.9874,1.0000,0.9904,1.0056,0.9884,1.0042,0.9916,1.0032,1.0079,0.9865,0.9976,0.9943,1.0326,1.0002,1.0085,1.0056,1.0633,1.0342,0.9916,1.0194,1.0163,0.9865,0.9976,3945.74,5814.10,4356.13,2877.36,2289.94,1437.25,205.64,3039.97,2163.06,567.22,1.0374,0.5772,0.9870,1.2601,0.8737,0.3237,1.2713,0.2912,0.1564,-0.6288,0.6457,0.7526,0.7016,0.6677,0.7452,0.7421,0.6680,0.6840,0.6754,0.7325,0.0081,0.0068,0.0162,0.0063,0.0077,0.0049,0.0059,0.0008,0.0047,0.0018,0.9582,0.9631,0.9788,0.9660,0.9590,0.9722,0.9879,1.0000,0.9736,1.0000,61.73,213.40,85.34,62.26,73.14,11.97,9.97,297.89,78.37,83.43,0.0000,0.0000,0.0000,0.0000,0.0000,0.0000,0.0000,0.0000,0.0000,0.0000,104304,74663,53998,54750,86225,66964,95775,572442,131417,91336,0,0,0,0,0,0,0,0,0,0,0.0000,0.0000,0.0000,0.0000,0.0000,0.0000,0.0000,0.0000,0.0000,0.0000,0,0,0,0,0,0,0,1,0,0,0,0,0,0,0,0,0,0,0,0,0.1459,0.0918,0.1470,0.0705,0.1088,0.0268,0.0846,0.1247,0.0223,0.1336,0.000,0.000,0.000,0.000,0.000,0.000,0.000,0.161,0.000,0.000,semi-presidential,parliamentary,parliamentary,parliamentary,parliamentary,semi-presidential,semi-presidential,electoral-authoritarian,electoral-authoritarian,parliamentary,0.800,0.800,0.840,0.800,0.800,0.800,0.800,0.500,0.500,0.800,100.0,100.0,90.0,95.0,100.0,100.0,68.9,100.0,100.0,100.0
2032-05-01,0.9933,0.9904,0.9995,0.9860,1.0020,0.9879,1.0058,0.9940,1.0000,1.0104,0.9845,0.9976,0.9933,1.0611,0.9999,0.9860,1.0020,0.9879,1.0336,1.0321,1.0000,1.0104,0.9845,0.9976,3956.72,5818.34,4364.24,2892.71,2300.25,1443.57,205.94,3055.37,2172.89,568.67,1.0346,0.5768,0.9852,1.2535,0.8701,0.3208,1.2726,0.2911,0.1549,-0.6418,0.6624,0.7396,0.7082,0.7022,0.7688,0.7357,0.6819,0.6912,0.6766,0.7162,0.0120,0.0081,0.0078,0.0075,0.0109,0.0061,0.0048,0.0004,0.0061,0.0039,0.9351,0.9423,0.9671,0.9466,0.9362,0.9561,0.9865,1.0000,0.9574,1.0000,61.86,213.32,85.13,63.57,74.20,12.08,10.06,298.14,78.31,83.17,0.0000,0.0000,0.0000,0.0000,0.0000,0.0000,0.0000,0.0000,0.0000,0.0000,104304,74663,53998,54750,86225,66964,95775,572442,131417,91336,0,0,0,0,0,0,0,0,0,0,0.0000,0.0000,0.0000,0.0000,0.0000,0.0000,0.0000,0.0000,0.0000,0.0000,0,0,0,0,0,0,0,1,0,0,0,0,0,0,0,0,0,0,0,0,0.1456,0.0919,0.1519,0.0711,0.1089,0.0266,0.0845,0.1263,0.0221,0.1327,0.000,0.000,0.000,0.000,0.000,0.000,0.000,0.161,0.000,0.000,semi-presidential,parliamentary,parliamentary,parliamentary,parliamentary,semi-presidential,semi-presidential,electoral-authoritarian,electoral-authoritarian,parliamentary,0.800,0.800,0.830,0.800,0.800,0.800,0.800,0.500,0.500,0.800,100.0,100.0,93.2,98.3,100.0,100.0,72.1,100.0,100.0,100.0
2032-06-01,0.9943,0.9926,0.9984,0.9856,0.9996,0.9879,1.0051,0.9964,0.9992,1.0131,0.9833,1.0002,1.0295,1.0447,0.9987,1.0049,0.9996,0.9879,1.0051,1.0538,0.9992,1.0201,0.9833,1.0007,3965.59,5826.76,4377.72,2900.33,2317.89,1450.39,205.86,3064.05,2178.09,568.83,1.0323,0.5760,0.9823,1.2502,0.8637,0.3177,1.2764,0.2916,0.1538,-0.6562,0.6654,0.7297,0.6994,0.7199,0.7573,0.7485,0.6695,0.7197,0.6882,0.7261,0.0118,0.0078,0.0189,0.0071,0.0106,0.0060,0.0294,0.0004,0.0055,0.0043,0.9519,0.9575,0.9756,0.9609,0.9529,0.9680,0.9878,1.0000,0.9696,1.0000,62.56,215.25,88.26,64.69,74.96,12.40,10.20,301.48,78.92,83.51,0.0000,0.0000,0.0000,0.0000,0.0000,0.0000,0.0000,0.0000,0.0000,0.0000,104304,74663,53998,54750,86225,66964,95775,572442,131417,91336,0,0,0,0,0,0,0,0,0,0,0.0000,0.0000,0.0000,0.0000,0.0000,0.0000,0.0000,0.0000,0.0000,0.0000,0,0,0,0,0,0,0,1,0,0,0,0,0,0,0,0,0,0,0,0,0.1490,0.0939,0.1540,0.0734,0.1108,0.0288,0.0872,0.1287,0.0242,0.1345,0.000,0.000,0.000,0.000,0.000,0.000,0.000,0.160,0.000,0.000,semi-presidential,parliamentary,parliamentary,parliamentary,parliamentary,semi-presidential,semi-presidential,electoral-authoritarian,electoral-authoritarian,parliamentary,0.800,0.800,0.820,0.800,0.800,0.800,0.800,0.500,0.500,0.800,100.0,100.0,96.3,100.0,100.0,100.0,75.3,100.0,100.0,100.0
2032-07-01,0.9921,0.9929,0.9996,0.9851,0.9956,0.9891,1.0082,0.9974,0.9997,1.0152,0.9857,1.0041,0.9921,0.9998,1.0463,1.0021,0.9956,1.0199,1.0799,1.0167,1.0101,1.0189,1.0486,1.0047,3970.06,5859.73,4390.63,2919.17,2330.76,1454.80,206.24,3071.58,2187.33,568.27,1.0311,0.5727,0.9794,1.2422,0.8591,0.3152,1.2773,0.2923,0.1524,-0.6715,0.6648,0.7298,0.7056,0.7020,0.7754,0.7537,0.6355,0.7242,0.6739,0.7161,0.0099,0.0029,0.0201,0.0046,0.0082,0.0010,0.0093,0.0012,0.0030,0.0086,0.9941,0.9948,0.9970,0.9952,0.9942,0.9961,0.9904,1.0000,0.9963,1.0000,62.54,216.38,89.13,65.19,75.00,12.74,10.02,300.16,78.77,85.05,0.0000,0.0000,0.0000,0.0000,0.0000,0.0000,0.0000,0.0000,0.0000,0.0000,104304,74663,53998,54750,86225,66964,95775,572442,131417,91336,0,0,0,0,0,0,0,0,0,0,0.0000,0.0000,0.0000,0.0000,0.0000,0.0000,0.0000,0.0000,0.0000,0.0000,0,0,0,0,0,0,0,1,0,0,0,0,0,0,0,0,0,0,0,0,0.1527,0.0964,0.1572,0.0759,0.1142,0.0314,0.0873,0.1294,0.0267,0.1354,0.000,0.000,0.000,0.000,0.000,0.000,0.000,0.157,0.000,0.000,semi-presidential,parliamentary,parliamentary,parliamentary,parliamentary,semi-presidential,semi-presidential,electoral-authoritarian,electoral-authoritarian,parliamentary,0.800,0.800,0.810,0.800,0.800,0.800,0.800,0.500,0.500,0.800,100.0,100.0,99.4,100.0,100.0,100.0,78.2,100.0,100.0,100.0
2032-08-01,0.9908,0.9937,1.0008,0.9825,0.9918,0.9885,1.0127,0.9976,0.9989,1.0156,0.9877,1.0066,0.9908,1.0134,1.0495,0.9992,0.9918,0.9885,1.1128,1.0024,0.9989,1.0169,1.0377,1.0069,3975.98,5876.22,4414.16,2935.39,2345.93,1461.86,206.91,3087.78,2200.29,568.34,1.0296,0.5712,0.9743,1.2352,0.8534,0.3120,1.2762,0.2921,0.1507,-0.6860,0.6589,0.7690,0.6962,0.7210,0.7665,0.7396,0.6430,0.7149,0.6831,0.6904,0.0108,0.0038,0.0205,0.0054,0.0092,0.0017,0.0067,0.0007,0.0036,0.0079,0.9822,0.9843,0.9910,0.9856,0.9826,0.9882,0.9896,1.0000,0.9888,1.0000,62.74,217.83,90.12,65.82,75.83,12.82,10.10,302.57,79.06,84.76,0.0000,0.0000,0.0000,0.0000,0.0000,0.0000,0.0000,0.0000,0.0000,0.0000,104304,74663,53998,54750,86225,66964,95775,572442,131417,91336,0,0,0,0,0,0,0,0,0,0,0.0000,0.0000,0.0000,0.0000,0.0000,0.0000,0.0000,0.0000,0.0000,0.0000,0,0,0,0,0,0,0,1,0,0,0,0,0,0,0,0,0,0,0,0,0.1538,0.0984,0.1588,0.0778,0.1158,0.0329,0.0893,0.1309,0.0280,0.1342,0.000,0.000,0.000,0.000,0.000,0.000,0.000,0.155,0.000,0.000,semi-presidential,parliamentary,parliamentary,parliamentary,parliamentary,semi-presidential,semi-presidential,electoral-authoritarian,electoral-authoritarian,parliamentary,0.800,0.800,0.800,0.800,0.800,0.800,0.800,0.500,0.500,0.800,100.0,100.0,100.0,100.0,100.0,100.0,81.2,100.0,100.0,100.0
2032-09-01,0.9893,0.9908,0.9967,0.9847,0.9893,0.9876,1.0124,0.9987,0.9971,1.0120,0.9880,1.0063,0.9893,0.9908,0.9969,1.0110,0.9893,0.9876,1.0124,1.0257,0.9971,1.0120,1.0020,1.0063,3994.30,5891.86,4428.93,2938.51,2360.18,1471.86,207.51,3107.82,2216.29,568.06,1.0249,0.5697,0.9711,1.2337,0.8483,0.3082,1.2755,0.2916,0.1489,-0.7010,0.6565,0.7677,0.7225,0.7344,0.7717,0.7467,0.6626,0.7199,0.7117,0.6875,0.0018,0.0000,0.0116,0.0050,0.0012,0.0000,0.0062,0.0003,0.0001,0.0025,1.0000,1.0000,1.0000,1.0000,1.0000,1.0000,1.0000,1.0000,1.0000,1.0000,62.44,218.19,88.91,63.62,75.31,13.04,10.10,301.07,78.90,85.25,0.0000,0.0000,0.0000,0.0000,0.0000,0.0000,0.0000,0.0000,0.0000,0.0000,104304,74663,53998,54750,86225,66964,95775,572442,131417,91336,0,0,0,0,0,0,0,0,0,0,0.0000,0.0000,0.0000,0.0000,0.0000,0.0000,0.0000,0.0000,0.0000,0.0000,0,0,0,0,0,0,0,1,0,0,0,0,0,0,0,0,0,0,0,0,0.1524,0.0974,0.1570,0.0758,0.1211,0.0379,0.0896,0.1286,0.0281,0.1366,0.000,0.000,0.000,0.000,0.000,0.000,0.000,0.156,0.000,0.000,semi-presidential,parliamentary,parliamentary,parliamentary,parliamentary,semi-presidential,semi-presidential,electoral-authoritarian,electoral-authoritarian,parliamentary,0.800,0.800,0.800,0.800,0.800,0.800,0.800,0.500,0.500,0.800,100.0,100.0,100.0,100.0,100.0,100.0,84.3,100.0,100.0,100.0
2032-10-01,0.9864,0.9870,0.9922,0.9857,0.9840,0.9886,1.0125,1.0020,0.9961,1.0092,0.9916,1.0070,1.0659,1.0209,1.0302,1.0150,1.0041,1.0627,1.0175,1.0703,1.0086,1.0098,1.0877,1.0071,4019.07,5905.55,4444.07,2949.95,2374.55,1481.03,206.34,3115.47,2231.16,567.82,1.0186,0.5684,0.9679,1.2290,0.8433,0.3046,1.2853,0.2923,0.1471,-0.7158,0.6768,0.7675,0.7300,0.6962,0.7789,0.7716,0.6688,0.7509,0.7528,0.6840,0.0189,0.0116,0.0281,0.0220,0.0201,0.0003,0.0681,0.0019,0.0116,0.0171,0.9743,0.9741,0.9877,0.9732,0.9745,1.0000,0.9645,1.0000,0.9684,1.0000,59.65,212.53,88.58,60.80,72.91,13.48,5.44,284.28,75.96,83.74,0.0000,0.0000,0.0000,0.0000,0.0000,0.0000,0.4581,0.0441,0.0000,0.0000,104304,74663,53998,54750,86225,66964,95775,572442,131417,91336,0,0,0,0,0,0,0,0,0,0,0.0000,0.0000,0.0000,0.0000,0.0000,0.0000,0.0100,0.0100,0.0000,0.0000,0,0,0,0,0,0,0,1,0,0,0,0,0,0,0,0,1,1,0,0,0.1542,0.0985,0.1595,0.0770,0.1230,0.0385,0.0784,0.1234,0.0342,0.1339,0.000,0.000,0.000,0.000,0.000,0.000,0.000,0.156,0.000,0.000,semi-presidential,parliamentary,parliamentary,parliamentary,parliamentary,semi-presidential,semi-presidential,electoral-authoritarian,electoral-authoritarian,parliamentary,0.800,0.800,0.800,0.800,0.800,0.800,0.800,0.500,0.500,0.800,100.0,100.0,100.0,100.0,100.0,100.0,87.5,100.0,100.0,100.0
2032-11-01,0.9812,0.9857,0.9878,0.9888,0.9823,0.9939,1.0143,1.0038,0.9948,1.0065,0.9911,1.0049,1.0557,1.0200,1.0257,1.0227,1.0025,1.1222,1.0576,1.0425,1.0072,1.0106,0.9926,1.0049,4026.31,5912.51,4447.49,2953.15,2385.24,1490.74,205.14,3121.44,2241.60,569.09,1.0169,0.5677,0.9672,1.2278,0.8396,0.3009,1.2955,0.2932,0.1457,-0.7287,0.6812,0.7574,0.7137,0.6938,0.7776,0.7861,0.5748,0.7250,0.7343,0.6733,0.0162,0.0127,0.0248,0.0254,0.0183,0.0010,0.0627,0.0016,0.0116,0.0123,0.9739,0.9738,0.9875,0.9728,0.9740,1.0000,0.9640,1.0000,0.9680,1.0000,58.59,211.95,87.38,59.01,71.07,13.72,5.56,278.44,74.96,83.44,0.0000,0.0000,0.0000,0.0000,0.0000,0.0000,0.4581,0.0440,0.0000,0.0000,104304,74663,53998,54750,86225,66964,95775,572442,131417,91336,0,0,0,0,0,0,0,0,0,0,0.0000,0.0000,0.0000,0.0000,0.0000,0.0000,0.0200,0.0200,0.0000,0.0000,0,0,0,0,0,0,0,1,0,0,0,0,0,0,0,0,1,1,0,0,0.1414,0.0916,0.1452,0.0691,0.1117,0.0359,0.0795,0.1187,0.0305,0.1334,0.000,0.000,0.000,0.000,0.000,0.000,0.000,0.158,0.000,0.000,semi-presidential,parliamentary,parliamentary,parliamentary,parliamentary,semi-presidential,semi-presidential,electoral-authoritarian,electoral-authoritarian,parliamentary,0.800,0.800,0.800,0.800,0.800,0.800,0.800,0.500,0.500,0.800,100.0,100.0,100.0,100.0,100.0,100.0,90.1,100.0,100.0,100.0
2032-12-01,0.9778,0.9847,0.9843,0.9901,0.9808,0.9949,1.0124,1.0039,0.9955,1.0060,0.9914,1.0005,1.0527,1.0188,1.0219,1.0176,1.0009,1.0438,1.0142,1.0054,1.0078,1.0105,0.9953,1.0005,4033.53,5920.20,4437.65,2968.26,2388.99,1498.26,204.24,3125.41,2249.66,569.19,1.0152,0.5670,0.9694,1.2216,0.8383,0.2977,1.3038,0.2942,0.1444,-0.7431,0.6731,0.7429,0.6943,0.6785,0.7664,0.7946,0.5185,0.7085,0.7364,0.6958,0.0117,0.0108,0.0197,0.0208,0.0153,0.0000,0.0595,0.0010,0.0111,0.0080,0.9740,0.9739,0.9876,0.9730,0.9741,1.0000,0.9638,1.0000,0.9682,1.0000,59.17,212.86,88.67,60.74,72.31,13.76,5.62,281.73,75.82,83.55,0.0000,0.0000,0.0000,0.0000,0.0000,0.0000,0.4584,0.0436,0.0000,0.0000,104304,74663,53998,54750,86225,66964,95775,572442,131417,91336,0,0,0,0,0,0,0,0,0,0,0.0000,0.0000,0.0000,0.0000,0.0000,0.0000,0.0300,0.0300,0.0000,0.0000,0,0,0,0,0,0,0,1,0,0,0,0,0,0,0,0,1,1,0,0,0.1225,0.0814,0.1252,0.0589,0.0959,0.0309,0.0744,0.1155,0.0248,0.1333,0.000,0.000,0.000,0.000,0.000,0.000,0.000,0.161,0.000,0.000,semi-presidential,parliamentary,parliamentary,parliamentary,parliamentary,semi-presidential,semi-presidential,electoral-authoritarian,electoral-authoritarian,parliamentary,0.800,0.800,0.800,0.800,0.800,0.800,0.800,0.500,0.500,0.800,100.0,100.0,100.0,100.0,100.0,100.0,92.4,100.0,100.0,100.0
2033-01-01,0.9749,0.9826,0.9808,0.9899,0.9792,0.9937,1.0077,1.0022,0.9963,1.0044,0.9915,0.9987,1.0499,1.0159,1.0184,1.0097,0.9991,1.0422,1.0094,1.0037,1.0087,1.0086,0.9931,0.9987,4045.34,5926.67,4441.34,2974.09,2402.15,1504.31,204.26,3138.33,2262.07,569.87,1.0123,0.5664,0.9686,1.2192,0.8338,0.2948,1.3062,0.2945,0.1428,-0.7566,0.6680,0.7361,0.6461,0.7046,0.7267,0.7863,0.4923,0.7021,0.6987,0.6843,0.0116,0.0106,0.0196,0.0168,0.0151,0.0000,0.0585,0.0010,0.0110,0.0078,0.9746,0.9744,0.9879,0.9735,0.9748,1.0000,0.9643,1.0000,0.9688,1.0000,59.12,212.29,88.88,62.27,72.64,13.56,5.59,281.86,76.07,83.41,0.0000,0.0000,0.0000,0.0000,0.0000,0.0000,0.4584,0.0435,0.0000,0.0000,104304,74663,53998,54750,86225,66964,95775,572442,131417,91336,0,0,0,0,0,0,0,0,0,0,0.0000,0.0000,0.0000,0.0000,0.0000,0.0000,0.0400,0.0400,0.0000,0.0000,0,0,0,0,0,0,0,1,0,0,0,0,0,0,0,0,1,1,0,0,0.1374,0.0879,0.1453,0.0671,0.1076,0.0323,0.0752,0.1153,0.0268,0.1318,0.000,0.000,0.000,0.000,0.000,0.000,0.000,0.163,0.000,0.000,semi-presidential,parliamentary,parliamentary,parliamentary,parliamentary,semi-presidential,semi-presidential,electoral-authoritarian,electoral-authoritarian,parliamentary,0.800,0.800,0.800,0.800,0.800,0.800,0.800,0.500,0.500,0.800,100.0,100.0,100.0,100.0,100.0,100.0,94.6,100.0,100.0,100.0
2033-02-01,0.9743,0.9817,0.9816,0.9911,0.9778,0.9934,1.0052,1.0024,0.9987,1.0049,0.9928,1.0001,1.0514,1.0157,1.0357,1.0184,0.9977,1.0418,1.0068,1.0103,1.0484,1.0198,1.0317,1.0004,4068.67,5936.08,4468.43,2987.43,2412.54,1512.03,203.80,3139.69,2272.17,571.26,1.0066,0.5655,0.9626,1.2138,0.8303,0.2916,1.3116,0.2958,0.1414,-0.7692,0.6715,0.7242,0.6449,0.6943,0.7313,0.7731,0.5157,0.7095,0.7059,0.6872,0.0145,0.0115,0.0230,0.0225,0.0187,0.0000,0.0654,0.0028,0.0131,0.0114,0.9740,0.9739,0.9876,0.9730,0.9741,1.0000,0.9636,1.0000,0.9682,1.0000,60.47,213.72,88.06,61.42,73.71,14.23,5.72,288.06,77.40,83.25,0.0000,0.0000,0.0000,0.0000,0.0000,0.0000,0.4578,0.0435,0.0000,0.0000,104304,74663,53998,54750,86225,66964,95775,572442,131417,91336,0,0,0,0,0,0,0,0,0,0,0.0000,0.0000,0.0000,0.0000,0.0000,0.0000,0.0500,0.0500,0.0000,0.0000,0,0,0,0,0,0,0,1,0,0,0,0,0,0,0,0,1,1,0,0,0.1490,0.0939,0.1579,0.0783,0.1180,0.0353,0.0782,0.1214,0.0299,0.1324,0.000,0.000,0.000,0.000,0.000,0.000,0.000,0.162,0.000,0.000,semi-presidential,parliamentary,parliamentary,parliamentary,parliamentary,semi-presidential,semi-presidential,electoral-authoritarian,electoral-authoritarian,parliamentary,0.800,0.800,0.800,0.800,0.800,0.800,0.800,0.500,0.500,0.800,100.0,100.0,100.0,100.0,100.0,100.0,96.9,100.0,100.0,100.0
2033-03-01,0.9772,0.9788,0.9810,0.9919,0.9783,0.9937,1.0039,1.0065,0.9987,1.0046,0.9929,0.9968,1.0917,1.0107,1.0181,1.0166,1.0005,1.0413,1.0055,1.0957,1.0109,1.0099,0.9944,0.9968,4068.74,5933.42,4453.80,2989.95,2419.52,1519.40,202.94,3141.81,2281.89,572.24,1.0067,0.5658,0.9657,1.2128,0.8281,0.2885,1.3194,0.2971,0.1401,-0.7823,0.6811,0.7320,0.6898,0.7028,0.7358,0.7765,0.5144,0.6928,0.7090,0.7054,0.0183,0.0127,0.0261,0.0215,0.0211,0.0017,0.0816,0.0018,0.0123,0.0146,0.9757,0.9754,0.9884,0.9747,0.9760,1.0000,0.9650,1.0000,0.9701,1.0000,61.70,216.84,91.35,63.36,75.75,14.71,5.94,293.00,78.11,83.75,0.0000,0.0000,0.0000,0.0000,0.0000,0.0000,0.4555,0.0425,0.0000,0.0000,104304,74663,53998,54750,86225,66964,95775,572442,131417,91336,0,0,0,0,0,0,0,0,0,0,0.0000,0.0000,0.0000,0.0000,0.0000,0.0000,0.0600,0.0600,0.0000,0.0000,0,0,0,0,0,0,0,1,0,0,0,0,0,0,0,0,1,1,0,0,0.1288,0.0820,0.1318,0.0650,0.0974,0.0305,0.0759,0.1187,0.0238,0.1324,0.000,0.000,0.000,0.000,0.000,0.000,0.000,0.165,0.000,0.000,semi-presidential,parliamentary,parliamentary,parliamentary,parliamentary,semi-presidential,semi-presidential,electoral-authoritarian,electoral-authoritarian,parliamentary,0.800,0.800,0.800,0.800,0.800,0.800,0.800,0.500,0.500,0.800,100.0,100.0,100.0,100.0,100.0,100.0,99.2,100.0,100.0,100.0
2033-04-01,0.9784,0.9752,0.9839,0.9936,0.9792,0.9949,1.0036,1.0097,0.9982,1.0044,0.9928,0.9958,1.0570,1.0072,1.1067,1.0243,1.0040,1.0428,1.0052,1.0764,1.0105,1.0093,0.9944,0.9958,4078.15,5931.61,4470.03,3000.22,2428.07,1525.59,202.89,3148.17,2293.99,573.58,1.0045,0.5660,0.9623,1.2088,0.8253,0.2856,1.3219,0.2979,0.1386,-0.7949,0.6591,0.7127,0.6304,0.6732,0.7228,0.7699,0.4801,0.6751,0.7017,0.7062,0.0208,0.0140,0.0294,0.0288,0.0245,0.0000,0.0673,0.0016,0.0144,0.0152,0.9756,0.9752,0.9883,0.9745,0.9759,1.0000,0.9649,1.0000,0.9698,1.0000,61.29,216.18,90.86,62.17,75.03,15.20,5.79,288.99,77.11,83.91,0.0000,0.0000,0.0000,0.0000,0.0000,0.0000,0.4558,0.0432,0.0000,0.0000,104304,74663,53998,54750,86225,66964,95775,572442,131417,91336,0,0,0,0,0,0,0,0,0,0,0.0000,0.0000,0.0000,0.0000,0.0000,0.0000,0.0700,0.0700,0.0000,0.0000,0,0,0,0,0,0,0,1,0,0,0,0,0,0,0,0,1,1,0,0,0.1439,0.0887,0.1476,0.0722,0.1095,0.0324,0.0773,0.1191,0.0257,0.1323,0.000,0.000,0.000,0.000,0.000,0.000,0.000,0.167,0.000,0.000,semi-presidential,parliamentary,parliamentary,parliamentary,parliamentary,semi-presidential,semi-presidential,electoral-authoritarian,electoral-authoritarian,parliamentary,0.800,0.800,0.800,0.800,0.800,0.800,0.800,0.500,0.500,0.800,100.0,100.0,100.0,100.0,100.0,100.0,100.0,100.0,100.0,100.0
2033-05-01,0.9801,0.9749,0.9824,0.9964,0.9765,0.9969,1.0033,1.0090,0.9973,1.0046,0.9920,0.9987,1.0596,1.0085,1.0200,1.0263,0.9960,1.0474,1.0048,1.0105,1.0095,1.0097,0.9935,0.9992,4097.72,5933.42,4494.51,3002.09,2435.44,1535.56,202.47,3151.30,2306.08,575.00,0.9998,0.5658,0.9571,1.2081,0.8229,0.2820,1.3267,0.2991,0.1371,-0.8073,0.6606,0.7005,0.6621,0.6784,0.7091,0.7617,0.4981,0.6690,0.7084,0.7121,0.0119,0.0109,0.0193,0.0226,0.0154,0.0000,0.0643,0.0010,0.0113,0.0080,0.9742,0.9741,0.9876,0.9732,0.9743,1.0000,0.9632,1.0000,0.9684,1.0000,62.07,217.48,91.13,62.96,76.00,15.20,5.83,294.95,78.79,84.08,0.0000,0.0000,0.0000,0.0000,0.0000,0.0000,0.4558,0.0432,0.0000,0.0000,104304,74663,53998,54750,86225,66964,95775,572442,131417,91336,0,0,0,0,0,0,0,0,0,0,0.0000,0.0000,0.0000,0.0000,0.0000,0.0000,0.0800,0.0800,0.0000,0.0000,0,0,0,0,0,0,0,1,0,0,0,0,0,0,0,0,1,1,0,0,0.1523,0.0936,0.1568,0.0776,0.1171,0.0349,0.0754,0.1218,0.0291,0.1324,0.000,0.000,0.000,0.000,0.000,0.000,0.000,0.165,0.000,0.000,semi-presidential,parliamentary,parliamentary,parliamentary,parliamentary,semi-presidential,semi-presidential,electoral-authoritarian,electoral-authoritarian,parliamentary,0.800,0.800,0.800,0.800,0.800,0.800,0.800,0.500,0.500,0.800,100.0,100.0,100.0,100.0,100.0,100.0,100.0,100.0,100.0,100.0
2033-06-01,0.9803,0.9747,0.9811,0.9955,0.9749,1.0017,1.0001,1.0055,0.9959,1.0037,0.9891,0.9988,1.0577,1.0083,1.0188,1.0121,0.9944,1.1175,1.0017,1.0070,1.0082,1.0082,0.9906,0.9988,4105.60,5958.77,4517.80,3008.38,2445.33,1544.52,202.26,3166.31,2315.58,575.33,0.9980,0.5634,0.9522,1.2057,0.8197,0.2786,1.3300,0.2991,0.1358,-0.8213,0.6762,0.6952,0.7036,0.6574,0.7091,0.7739,0.4975,0.6673,0.7124,0.7267,0.0129,0.0121,0.0205,0.0169,0.0160,0.0009,0.0597,0.0010,0.0115,0.0077,0.9742,0.9741,0.9876,0.9732,0.9743,1.0000,0.9632,1.0000,0.9685,1.0000,61.50,216.00,91.77,65.07,75.84,14.78,5.74,292.60,78.97,84.39,0.0000,0.0000,0.0000,0.0000,0.0000,0.0000,0.4558,0.0432,0.0000,0.0000,104304,74663,53998,54750,86225,66964,95775,572442,131417,91336,0,0,0,0,0,0,0,0,0,0,0.0000,0.0000,0.0000,0.0000,0.0000,0.0000,0.0900,0.0900,0.0000,0.0000,0,0,0,0,0,0,0,1,0,0,0,0,0,0,0,0,1,1,0,0,0.1526,0.0931,0.1569,0.0791,0.1167,0.0348,0.0768,0.1198,0.0289,0.1312,0.000,0.000,0.000,0.000,0.000,0.000,0.000,0.165,0.000,0.000,semi-presidential,parliamentary,parliamentary,parliamentary,parliamentary,semi-presidential,semi-presidential,electoral-authoritarian,electoral-authoritarian,parliamentary,0.800,0.800,0.800,0.800,0.800,0.800,0.800,0.500,0.500,0.800,100.0,100.0,100.0,100.0,100.0,100.0,100.0,100.0,100.0,100.0
2033-07-01,0.9777,0.9754,0.9821,0.9978,0.9737,1.0033,1.0001,1.0051,0.9951,1.0009,0.9876,0.9969,1.0523,1.0096,1.0421,1.0276,0.9933,1.0517,1.0074,1.0065,1.0072,1.0041,0.9890,0.9969,4111.06,5966.93,4524.46,3014.42,2457.92,1550.20,202.42,3172.26,2328.76,575.09,0.9968,0.5627,0.9509,1.2034,0.8156,0.2759,1.3307,0.3000,0.1343,-0.8361,0.6705,0.7281,0.7237,0.6591,0.7136,0.7806,0.5139,0.6922,0.7136,0.7113,0.0135,0.0116,0.0208,0.0239,0.0170,0.0000,0.0596,0.0011,0.0120,0.0083,0.9735,0.9735,0.9873,0.9725,0.9735,1.0000,0.9645,1.0000,0.9678,1.0000,60.43,215.45,89.37,61.22,74.03,14.85,5.50,288.62,78.44,84.06,0.0000,0.0000,0.0000,0.0000,0.0000,0.0000,0.4558,0.0433,0.0000,0.0000,104304,74663,53998,54750,86225,66964,95775,572442,131417,91336,0,0,0,0,0,0,0,0,0,0,0.0000,0.0000,0.0000,0.0000,0.0000,0.0000,0.1000,0.1000,0.0000,0.0000,0,0,0,0,0,0,0,1,0,0,0,0,0,0,0,0,1,1,0,0,0.1395,0.0866,0.1430,0.0697,0.1060,0.0320,0.0748,0.1178,0.0258,0.1329,0.000,0.000,0.000,0.000,0.000,0.000,0.000,0.167,0.000,0.000,semi-presidential,parliamentary,parliamentary,parliamentary,parliamentary,semi-presidential,semi-presidential,electoral-authoritarian,electoral-authoritarian,parliamentary,0.800,0.800,0.800,0.800,0.800,0.800,0.800,0.500,0.500,0.800,100.0,100.0,100.0,100.0,100.0,100.0,100.0,100.0,100.0,100.0
2033-08-01,0.9770,0.9785,0.9817,1.0019,0.9735,1.0036,1.0006,1.0029,0.9950,0.9956,0.9887,0.9955,1.0534,1.0519,1.0195,1.0389,0.9934,1.0518,1.0177,1.0042,1.0070,0.9975,1.0220,0.9955,4114.70,5974.30,4536.49,3015.53,2471.03,1553.01,202.36,3181.18,2336.78,577.08,0.9960,0.5620,0.9484,1.2030,0.8115,0.2737,1.3327,0.3006,0.1330,-0.8477,0.6646,0.7294,0.7036,0.6561,0.7278,0.7642,0.5307,0.6914,0.7243,0.6976,0.0184,0.0156,0.0242,0.0297,0.0215,0.0034,0.0644,0.0013,0.0145,0.0098,0.9371,0.9415,0.9688,0.9429,0.9376,0.9756,0.9534,1.0000,0.9447,1.0000,60.76,214.69,87.53,60.25,74.37,14.58,5.45,292.26,79.32,83.05,0.0000,0.0000,0.0000,0.0000,0.0000,0.0000,0.4544,0.0433,0.0000,0.0000,104304,74663,53998,54750,86225,66964,95775,572442,131417,91336,0,0,0,0,0,0,0,0,0,0,0.0000,0.0000,0.0000,0.0000,0.0000,0.0000,0.1100,0.1100,0.0000,0.0000,0,0,0,0,0,0,0,1,0,0,0,0,0,0,0,0,1,1,0,0,0.1421,0.0870,0.1457,0.0700,0.1078,0.0315,0.0763,0.1189,0.0257,0.1325,0.000,0.000,0.000,0.000,0.000,0.000,0.000,0.169,0.000,0.000,semi-presidential,parliamentary,parliamentary,parliamentary,parliamentary,semi-presidential,semi-presidential,electoral-authoritarian,electoral-authoritarian,parliamentary,0.800,0.800,0.800,0.800,0.800,0.800,0.800,0.500,0.500,0.800,100.0,100.0,100.0,100.0,100.0,100.0,100.0,100.0,100.0,100.0
2033-09-01,0.9794,0.9813,0.9819,1.0035,0.9774,1.0018,1.0007,1.0030,0.9955,0.9950,0.9877,0.9940,1.0638,1.0486,1.0200,1.0313,1.0179,1.0499,1.0023,1.0044,1.0076,0.9979,0.9891,0.9940,4130.78,5979.18,4549.48,3023.67,2477.26,1558.83,200.28,3184.73,2340.67,579.11,0.9923,0.5616,0.9458,1.1998,0.8095,0.2710,1.3480,0.3017,0.1321,-0.8591,0.6555,0.7279,0.6958,0.6357,0.7367,0.7353,0.5285,0.6990,0.6864,0.7262,0.0166,0.0151,0.0240,0.0289,0.0250,0.0031,0.0647,0.0010,0.0143,0.0149,0.9430,0.9467,0.9718,0.9477,0.9434,0.9797,0.9542,1.0000,0.9483,1.0000,62.17,217.19,89.87,62.87,76.67,14.50,5.63,300.03,80.90,83.73,0.0000,0.0000,0.0000,0.0000,0.0000,0.0000,0.4543,0.0435,0.0000,0.0000,104304,74663,53998,54750,86225,66964,95775,572442,131417,91336,0,0,0,0,0,0,0,0,0,0,0.0000,0.0000,0.0000,0.0000,0.0000,0.0000,0.1200,0.1200,0.0000,0.0000,0,0,0,0,0,0,0,1,0,0,0,0,0,0,0,0,1,1,0,0,0.1397,0.0858,0.1435,0.0693,0.1063,0.0306,0.0772,0.1242,0.0248,0.1328,0.000,0.000,0.000,0.000,0.000,0.000,0.000,0.166,0.000,0.000,semi-presidential,parliamentary,parliamentary,parliamentary,parliamentary,semi-presidential,semi-presidential,electoral-authoritarian,electoral-authoritarian,parliamentary,0.800,0.800,0.800,0.800,0.800,0.800,0.800,0.500,0.500,0.800,100.0,100.0,100.0,100.0,100.0,100.0,100.0,100.0,100.0,100.0
2033-10-01,0.9827,0.9842,0.9807,1.0044,0.9792,1.0018,0.9997,1.0015,0.9948,0.9933,0.9871,0.9919,1.1019,1.0568,1.0180,1.0303,1.0103,1.0499,1.0013,1.0029,1.0068,0.9958,0.9885,0.9919,4133.51,5983.23,4544.78,3027.80,2486.85,1565.38,200.38,3187.57,2347.10,579.72,0.9917,0.5612,0.9468,1.1980,0.8062,0.2681,1.3487,0.3029,0.1309,-0.8728,0.6689,0.7147,0.6971,0.6402,0.7051,0.7348,0.5287,0.7037,0.6676,0.7369,0.0194,0.0174,0.0247,0.0284,0.0257,0.0052,0.0810,0.0010,0.0158,0.0112,0.9382,0.9425,0.9694,0.9438,0.9387,0.9761,0.9540,1.0000,0.9455,1.0000,62.36,216.69,89.68,63.37,77.11,14.38,5.60,301.21,81.20,83.95,0.0000,0.0000,0.0000,0.0000,0.0000,0.0000,0.4605,0.0428,0.0000,0.0000,104304,74663,53998,54750,86225,66964,95775,572442,131417,91336,0,0,0,0,0,0,0,0,0,0,0.0000,0.0000,0.0000,0.0000,0.0000,0.0000,0.1300,0.1300,0.0000,0.0000,0,0,0,0,0,0,0,1,0,0,0,0,0,0,0,0,1,1,0,0,0.1336,0.0822,0.1370,0.0656,0.1006,0.0285,0.0752,0.1224,0.0227,0.1335,0.000,0.000,0.000,0.000,0.000,0.000,0.000,0.168,0.000,0.000,semi-presidential,parliamentary,parliamentary,parliamentary,parliamentary,semi-presidential,semi-presidential,electoral-authoritarian,electoral-authoritarian,parliamentary,0.800,0.800,0.800,0.800,0.800,0.800,0.800,0.500,0.500,0.800,100.0,100.0,100.0,100.0,100.0,100.0,100.0,100.0,100.0,100.0
2033-11-01,0.9806,0.9901,0.9823,1.0068,0.9806,1.0007,1.0011,1.0003,0.9946,0.9917,0.9858,0.9916,1.0555,1.1227,1.0654,1.0434,1.0089,1.0487,1.0390,1.0016,1.0065,0.9962,0.9871,0.9916,4149.14,5998.17,4550.36,3037.87,2495.48,1573.34,200.45,3204.39,2357.71,580.77,0.9878,0.5598,0.9457,1.1940,0.8033,0.2650,1.3495,0.3027,0.1296,-0.8857,0.6530,0.7024,0.6720,0.6392,0.7050,0.7457,0.5267,0.6865,0.6673,0.7247,0.0281,0.0232,0.0318,0.0401,0.0332,0.0090,0.0630,0.0012,0.0222,0.0125,0.8872,0.8952,0.9442,0.8981,0.8881,0.9360,0.9532,1.0000,0.9021,1.0000,60.16,213.69,86.54,59.52,73.74,14.32,5.45,288.65,78.71,82.32,0.0000,0.0000,0.0000,0.0000,0.0000,0.0000,0.4605,0.0429,0.0000,0.0000,104304,74663,53998,54750,86225,66964,95775,572442,131417,91336,0,0,0,0,0,0,0,0,0,0,0.0000,0.0000,0.0000,0.0000,0.0000,0.0000,0.1400,0.1400,0.0000,0.0000,0,0,0,0,0,0,0,1,0,0,0,0,0,0,0,0,1,1,0,0,0.1491,0.0869,0.1494,0.0702,0.1098,0.0296,0.0765,0.1209,0.0243,0.1340,0.000,0.000,0.000,0.000,0.000,0.000,0.000,0.168,0.000,0.000,semi-presidential,parliamentary,parliamentary,parliamentary,parliamentary,semi-presidential,semi-presidential,electoral-authoritarian,electoral-authoritarian,parliamentary,0.800,0.800,0.800,0.800,0.800,0.800,0.800,0.500,0.500,0.800,100.0,100.0,100.0,100.0,100.0,100.0,100.0,100.0,100.0,100.0
2033-12-01,0.9830,0.9992,0.9826,1.0051,0.9814,0.9990,1.0032,1.0001,0.9950,0.9894,0.9855,0.9936,1.0712,1.1969,1.0199,1.0262,1.0050,1.0467,1.0399,1.0015,1.0070,0.9932,0.9869,0.9940,4158.17,6005.13,4564.95,3046.30,2508.45,1585.17,200.45,3223.23,2367.94,581.51,0.9856,0.5592,0.9427,1.1907,0.7992,0.2613,1.3506,0.3023,0.1283,-0.8992,0.6601,0.7149,0.6622,0.6500,0.6996,0.7469,0.5408,0.6982,0.6704,0.7226,0.0328,0.0292,0.0334,0.0343,0.0369,0.0157,0.0653,0.0012,0.0283,0.0105,0.8362,0.8463,0.9196,0.8487,0.8371,0.8914,0.9529,1.0000,0.8493,1.0000,61.63,215.38,90.33,63.81,77.02,14.18,5.64,297.23,79.98,81.24,0.0000,0.0000,0.0000,0.0000,0.0000,0.0000,0.4606,0.0426,0.0000,0.0000,104304,74663,53998,54750,86225,66964,95775,572442,131417,91336,0,0,0,0,0,0,0,0,0,0,0.0000,0.0000,0.0000,0.0000,0.0000,0.0000,0.1500,0.1500,0.0000,0.0000,0,0,0,0,0,0,0,1,0,0,0,0,0,0,0,0,1,1,0,0,0.1527,0.0893,0.1529,0.0749,0.1123,0.0309,0.0780,0.1246,0.0255,0.1326,0.000,0.000,0.000,0.000,0.000,0.000,0.000,0.166,0.000,0.000,semi-presidential,parliamentary,parliamentary,parliamentary,parliamentary,semi-presidential,semi-presidential,electoral-authoritarian,electoral-authoritarian,parliamentary,0.800,0.800,0.800,0.800,0.800,0.800,0.800,0.500,0.500,0.800,100.0,100.0,100.0,100.0,100.0,100.0,100.0,100.0,100.0,100.0
2034-01-01,0.9831,1.0042,0.9831,1.0008,0.9862,0.9970,1.0025,0.9967,0.9963,0.9889,0.9859,0.9948,1.0602,1.1216,1.0246,1.0059,1.0301,1.0445,1.0041,0.9981,1.0109,0.9948,0.9889,0.9951,4178.87,6009.34,4577.48,3056.09,2513.07,1590.81,200.31,3230.09,2378.61,582.06,0.9859,0.5588,0.9402,1.1869,0.7978,0.2586,1.3525,0.3030,0.1269,-0.9129,0.6554,0.7042,0.6683,0.6606,0.7095,0.7740,0.5313,0.7338,0.6775,0.7150,0.0224,0.0201,0.0205,0.0292,0.0315,0.0074,0.0599,0.0011,0.0188,0.0166,0.9004,0.9078,0.9509,0.9106,0.9013,0.9473,0.9562,1.0000,0.9151,1.0000,61.70,214.92,87.56,64.02,76.81,14.05,5.62,299.20,81.64,83.42,0.0000,0.0000,0.0000,0.0000,0.0000,0.0000,0.4606,0.0427,0.0000,0.0000,104304,74663,53998,54750,86225,66964,95775,572442,131417,91336,0,0,0,0,0,0,0,0,0,0,0.0000,0.0000,0.0000,0.0000,0.0000,0.0000,0.1600,0.1600,0.0000,0.0000,0,0,0,0,0,0,0,1,0,0,0,0,0,0,0,0,1,1,0,0,0.1517,0.0899,0.1540,0.0755,0.1134,0.0315,0.0794,0.1251,0.0260,0.1309,0.000,0.000,0.000,0.000,0.000,0.000,0.000,0.165,0.000,0.000,semi-presidential,parliamentary,parliamentary,parliamentary,parliamentary,semi-presidential,semi-presidential,electoral-authoritarian,electoral-authoritarian,parliamentary,0.800,0.800,0.800,0.800,0.800,0.800,0.800,0.500,0.500,0.800,100.0,100.0,100.0,100.0,100.0,100.0,100.0,100.0,100.0,100.0
2034-02-01,0.9807,1.0092,0.9840,0.9970,0.9875,0.9954,1.0016,0.9946,0.9993,0.9865,0.9845,0.9939,1.0548,1.1226,1.0378,0.9970,1.0143,1.0425,1.0032,0.9959,1.0528,0.9913,0.9860,0.9939,4197.61,6009.99,4574.98,3073.62,2522.84,1595.82,200.11,3234.42,2391.49,583.34,0.9845,0.5588,0.9408,1.1801,0.7947,0.2560,1.3547,0.3039,0.1255,-0.9255,0.6721,0.7045,0.6844,0.6731,0.6949,0.7552,0.5293,0.6998,0.6702,0.7076,0.0226,0.0199,0.0167,0.0267,0.0289,0.0070,0.0591,0.0027,0.0200,0.0112,0.9040,0.9112,0.9527,0.9140,0.9048,0.9503,0.9573,1.0000,0.9187,1.0000,61.28,213.56,86.12,62.95,75.68,13.97,5.48,295.65,81.64,83.54,0.0000,0.0000,0.0000,0.0000,0.0000,0.0000,0.4607,0.0425,0.0000,0.0000,104304,74663,53998,54750,86225,66964,95775,572442,131417,91336,0,0,0,0,0,0,0,0,0,0,0.0000,0.0000,0.0000,0.0000,0.0000,0.0000,0.1700,0.1700,0.0000,0.0000,0,0,0,0,0,0,0,1,0,0,0,0,0,0,0,0,1,1,0,0,0.1450,0.0866,0.1474,0.0714,0.1078,0.0299,0.0780,0.1225,0.0244,0.1310,0.000,0.000,0.000,0.000,0.000,0.000,0.000,0.166,0.000,0.000,semi-presidential,parliamentary,parliamentary,parliamentary,parliamentary,semi-presidential,semi-presidential,electoral-authoritarian,electoral-authoritarian,parliamentary,0.800,0.800,0.800,0.800,0.800,0.800,0.800,0.500,0.500,0.800,100.0,100.0,100.0,100.0,100.0,100.0,100.0,100.0,100.0,100.0
2034-03-01,0.9779,1.0099,0.9853,0.9953,0.9893,0.9947,0.9993,0.9930,1.0004,0.9878,0.9838,0.9937,1.0512,1.0459,1.0635,1.0111,1.0207,1.0417,1.0009,0.9943,1.0357,1.0243,0.9852,0.9937,4203.70,6015.99,4590.69,3076.67,2530.98,1601.72,199.99,3246.62,2402.17,585.26,0.9832,0.5582,0.9376,1.1790,0.7922,0.2533,1.3563,0.3042,0.1242,-0.9371,0.6814,0.6986,0.6672,0.7032,0.7094,0.7355,0.5194,0.6818,0.6809,0.7186,0.0145,0.0119,0.0234,0.0208,0.0214,0.0000,0.0577,0.0022,0.0134,0.0127,0.9731,0.9733,0.9873,0.9722,0.9729,1.0000,0.9599,1.0000,0.9676,1.0000,62.01,214.57,87.16,63.83,75.66,14.02,5.33,297.83,82.55,85.78,0.0000,0.0000,0.0000,0.0000,0.0000,0.0000,0.4606,0.0426,0.0000,0.0000,104304,74663,53998,54750,86225,66964,95775,572442,131417,91336,0,0,0,0,0,0,0,0,0,0,0.0000,0.0000,0.0000,0.0000,0.0000,0.0000,0.1800,0.1800,0.0000,0.0000,0,0,0,0,0,0,0,1,0,0,0,0,0,0,0,0,1,1,0,0,0.1505,0.0884,0.1517,0.0739,0.1116,0.0306,0.0786,0.1261,0.0253,0.1313,0.000,0.000,0.000,0.000,0.000,0.000,0.000,0.159,0.000,0.000,semi-presidential,parliamentary,parliamentary,parliamentary,parliamentary,semi-presidential,semi-presidential,electoral-authoritarian,electoral-authoritarian,parliamentary,0.800,0.840,0.800,0.800,0.800,0.800,0.800,0.500,0.500,0.800,100.0,90.0,100.0,100.0,100.0,100.0,100.0,100.0,100.0,100.0
2034-04-01,0.9725,1.0079,0.9878,0.9936,0.9921,0.9951,0.9982,0.9947,1.0028,0.9898,0.9861,0.9931,1.0407,1.0405,1.0958,1.0095,1.0263,1.0412,0.9997,1.0273,1.0486,1.0243,1.0441,0.9931,4222.51,6013.64,4590.12,3080.66,2537.28,1611.05,200.32,3244.92,2412.03,585.86,0.9789,0.5585,0.9376,1.1777,0.7953,0.2500,1.3548,0.3057,0.1229,-0.9507,0.6712,0.6855,0.6836,0.6674,0.7098,0.7439,0.5198,0.6843,0.6790,0.7320,0.0194,0.0123,0.0295,0.0228,0.0260,0.0000,0.0589,0.0032,0.0145,0.0193,0.9755,0.9754,0.9884,0.9745,0.9755,1.0000,0.9681,1.0000,0.9700,1.0000,61.16,214.68,87.85,63.01,74.69,14.36,5.31,290.90,81.55,86.29,0.0000,0.0000,0.0000,0.0000,0.0000,0.0000,0.4582,0.0410,0.0000,0.0000,104304,74663,53998,54750,86225,66964,95775,572442,131417,91336,0,0,0,0,0,0,0,0,0,0,0.0000,0.0000,0.0000,0.0000,0.0000,0.0000,0.1900,0.1900,0.0000,0.0000,0,0,0,0,0,0,0,1,0,0,0,0,0,0,0,0,1,1,0,0,0.1477,0.0910,0.1488,0.0723,0.1093,0.0356,0.0780,0.1232,0.0246,0.1325,0.000,0.000,0.000,0.000,0.000,0.000,0.000,0.160,0.000,0.000,semi-presidential,parliamentary,parliamentary,parliamentary,parliamentary,semi-presidential,semi-presidential,electoral-authoritarian,electoral-authoritarian,parliamentary,0.800,0.830,0.800,0.800,0.800,0.800,0.800,0.500,0.500,0.800,100.0,92.8,100.0,100.0,100.0,100.0,100.0,100.0,100.0,100.0
2034-05-01,0.9696,1.0062,0.9899,0.9925,0.9986,0.9930,0.9991,0.9966,1.0030,0.9926,0.9867,0.9927,1.0396,1.0390,1.0914,1.0090,1.0488,1.0389,1.0192,1.0346,1.0151,1.0295,1.0033,0.9927,4235.19,6021.34,4601.26,3089.22,2552.11,1620.55,200.63,3253.03,2416.36,587.39,0.9760,0.5578,0.9352,1.1746,0.7978,0.2468,1.3532,0.3064,0.1220,-0.9628,0.6809,0.6832,0.6602,0.6552,0.7015,0.7589,0.5424,0.6566,0.6851,0.7203,0.0185,0.0122,0.0296,0.0250,0.0278,0.0000,0.0598,0.0018,0.0132,0.0240,0.9753,0.9753,0.9883,0.9744,0.9754,1.0000,0.9678,1.0000,0.9699,1.0000,61.94,215.89,88.92,63.87,75.85,14.59,5.32,294.80,82.36,86.24,0.0000,0.0000,0.0000,0.0000,0.0000,0.0000,0.4585,0.0410,0.0000,0.0000,104304,74663,53998,54750,86225,66964,95775,572442,131417,91336,0,0,0,0,0,0,0,0,0,0,0.0000,0.0000,0.0000,0.0000,0.0000,0.0000,0.2000,0.2000,0.0000,0.0000,0,0,0,0,0,0,0,1,0,0,0,0,0,0,0,0,1,1,0,0,0.1501,0.0917,0.1502,0.0731,0.1103,0.0359,0.0786,0.1247,0.0249,0.1325,0.000,0.000,0.000,0.000,0.000,0.000,0.000,0.160,0.000,0.000,semi-presidential,parliamentary,parliamentary,parliamentary,parliamentary,semi-presidential,semi-presidential,electoral-authoritarian,electoral-authoritarian,parliamentary,0.800,0.820,0.800,0.800,0.800,0.800,0.800,0.500,0.500,0.800,100.0,95.5,100.0,100.0,100.0,100.0,100.0,100.0,100.0,100.0
2034-06-01,0.9675,1.0037,0.9924,0.9893,1.0046,0.9915,0.9988,0.9987,1.0005,0.9934,0.9909,0.9929,1.0378,1.0357,1.1013,1.0055,1.0519,1.0372,1.0003,1.0406,1.0124,1.0142,1.0948,0.9929,4261.83,6039.49,4610.74,3099.02,2563.03,1629.12,200.40,3263.23,2419.87,589.07,0.9699,0.5561,0.9334,1.1710,0.7945,0.2437,1.3551,0.3068,0.1210,-0.9745,0.6806,0.7010,0.6731,0.6683,0.7388,0.7739,0.5536,0.6731,0.6657,0.7274,0.0214,0.0124,0.0327,0.0248,0.0291,0.0000,0.0616,0.0020,0.0134,0.0263,0.9758,0.9757,0.9885,0.9749,0.9759,1.0000,0.9679,1.0000,0.9704,1.0000,62.18,216.95,90.26,64.28,76.69,14.93,5.52,295.46,82.00,86.39,0.0000,0.0000,0.0000,0.0000,0.0000,0.0000,0.4585,0.0408,0.0000,0.0000,104304,74663,53998,54750,86225,66964,95775,572442,131417,91336,0,0,0,0,0,0,0,0,0,0,0.0000,0.0000,0.0000,0.0000,0.0000,0.0000,0.2100,0.2100,0.0000,0.0000,0,0,0,0,0,0,0,1,0,0,0,0,0,0,0,0,1,1,0,0,0.1506,0.0927,0.1525,0.0743,0.1118,0.0364,0.0795,0.1246,0.0251,0.1305,0.000,0.000,0.000,0.000,0.000,0.000,0.000,0.160,0.000,0.000,semi-presidential,parliamentary,parliamentary,parliamentary,parliamentary,semi-presidential,semi-presidential,electoral-authoritarian,electoral-authoritarian,parliamentary,0.800,0.810,0.800,0.800,0.800,0.800,0.800,0.500,0.500,0.800,100.0,98.4,100.0,100.0,100.0,100.0,100.0,90.0,100.0,100.0
2034-07-01,0.9680,1.0032,0.9954,0.9860,1.0119,0.9908,1.0004,0.9998,0.9968,0.9938,0.9948,0.9922,1.0419,1.0369,1.1232,1.0025,1.0643,1.0367,1.0388,1.0209,1.0085,1.0033,1.0967,0.9922,4276.85,6048.91,4627.00,3104.65,2571.56,1638.44,200.07,3270.07,2434.12,589.14,0.9666,0.5553,0.9301,1.1689,0.7919,0.2405,1.3576,0.3076,0.1196,-0.9889,0.6874,0.7140,0.6736,0.6757,0.7362,0.7760,0.5338,0.6843,0.6465,0.7264,0.0231,0.0133,0.0348,0.0273,0.0320,0.0000,0.0639,0.0019,0.0146,0.0287,0.9744,0.9745,0.9879,0.9735,0.9744,1.0000,0.9667,1.0000,0.9689,1.0000,63.75,218.51,91.55,65.81,78.48,15.02,5.70,302.71,82.74,86.60,0.0000,0.0000,0.0000,0.0000,0.0000,0.0000,0.4598,0.0416,0.0000,0.0000,104304,74663,53998,54750,86225,66964,95775,572442,131417,91336,0,0,0,0,0,0,0,0,0,0,0.0000,0.0000,0.0000,0.0000,0.0000,0.0000,0.2200,0.2200,0.0000,0.0000,0,0,0,0,0,0,0,1,0,0,0,0,0,0,0,0,1,1,0,0,0.1460,0.0904,0.1471,0.0719,0.1080,0.0353,0.0792,0.1260,0.0238,0.1303,0.000,0.000,0.000,0.000,0.000,0.000,0.000,0.160,0.000,0.000,semi-presidential,parliamentary,parliamentary,parliamentary,parliamentary,semi-presidential,semi-presidential,electoral-authoritarian,electoral-authoritarian,parliamentary,0.800,0.800,0.800,0.800,0.800,0.800,0.800,0.500,0.500,0.800,100.0,100.0,100.0,100.0,100.0,100.0,100.0,93.1,100.0,100.0
2034-08-01,0.9673,1.0071,0.9978,0.9888,1.0175,0.9946,1.0004,0.9985,0.9961,0.9954,0.9984,0.9931,1.0406,1.0979,1.1045,1.0242,1.0626,1.0877,1.0110,0.9997,1.0077,1.0297,1.1022,0.9933,4306.36,6046.65,4634.31,3107.73,2580.67,1645.71,199.99,3276.31,2446.59,590.25,0.9600,0.5555,0.9287,1.1678,0.7893,0.2377,1.3584,0.3084,0.1182,-1.0015,0.6871,0.7121,0.6854,0.6710,0.7234,0.7806,0.5173,0.6685,0.6787,0.7046,0.0280,0.0204,0.0362,0.0400,0.0354,0.0055,0.0664,0.0018,0.0185,0.0230,0.9224,0.9286,0.9616,0.9312,0.9231,0.9653,0.9575,1.0000,0.9359,1.0000,62.74,215.78,87.54,61.28,76.19,14.91,5.42,298.84,82.26,84.19,0.0000,0.0000,0.0000,0.0000,0.0000,0.0000,0.4607,0.0421,0.0000,0.0000,104304,74663,53998,54750,86225,66964,95775,572442,131417,91336,0,0,0,0,0,0,0,0,0,0,0.0000,0.0000,0.0000,0.0000,0.0000,0.0000,0.2300,0.2300,0.0000,0.0000,0,0,0,0,0,0,0,1,0,0,0,0,0,0,0,0,1,1,0,0,0.1521,0.0929,0.1528,0.0727,0.1126,0.0368,0.0806,0.1291,0.0256,0.1343,0.000,0.000,0.000,0.000,0.000,0.000,0.000,0.160,0.000,0.000,semi-presidential,parliamentary,parliamentary,parliamentary,parliamentary,semi-presidential,semi-presidential,electoral-authoritarian,electoral-authoritarian,parliamentary,0.800,0.800,0.800,0.800,0.800,0.800,0.800,0.500,0.500,0.800,100.0,100.0,100.0,100.0,100.0,100.0,100.0,96.0,100.0,100.0
2034-09-01,0.9690,1.0093,1.0008,0.9903,1.0179,0.9990,0.9971,0.9952,0.9941,0.9938,1.0027,0.9954,1.0426,1.0610,1.1244,1.0172,1.0380,1.1016,0.9986,0.9964,1.0054,0.9997,1.1020,0.9958,4324.89,6053.53,4643.93,3116.58,2587.05,1651.68,200.42,3281.29,2460.36,590.64,0.9559,0.5549,0.9269,1.1646,0.7874,0.2351,1.3556,0.3093,0.1168,-1.0154,0.6914,0.6904,0.6750,0.6566,0.7166,0.7702,0.5129,0.6578,0.6938,0.7034,0.0238,0.0164,0.0312,0.0291,0.0259,0.0022,0.0658,0.0014,0.0159,0.0136,0.9585,0.9605,0.9798,0.9606,0.9585,0.9893,0.9591,1.0000,0.9590,1.0000,64.35,216.21,87.89,63.51,78.20,14.65,5.60,307.46,83.92,85.35,0.0000,0.0000,0.0000,0.0000,0.0000,0.0000,0.4594,0.0408,0.0000,0.0000,104304,74663,53998,54750,86225,66964,95775,572442,131417,91336,0,0,0,0,0,0,0,0,0,0,0.0000,0.0000,0.0000,0.0000,0.0000,0.0000,0.2400,0.2400,0.0000,0.0000,0,0,0,0,0,0,0,1,0,0,0,0,0,0,0,0,1,1,0,0,0.1543,0.0941,0.1546,0.0746,0.1145,0.0380,0.0817,0.1326,0.0271,0.1346,0.000,0.000,0.000,0.000,0.000,0.000,0.000,0.159,0.000,0.000,semi-presidential,parliamentary,parliamentary,parliamentary,parliamentary,semi-presidential,semi-presidential,electoral-authoritarian,electoral-authoritarian,parliamentary,0.800,0.800,0.800,0.800,0.800,0.800,0.800,0.500,0.500,0.800,100.0,100.0,100.0,100.0,100.0,100.0,100.0,98.9,100.0,100.0
2034-10-01,0.9703,1.0102,1.0017,0.9905,1.0219,0.9992,0.9978,0.9925,0.9917,0.9902,1.0051,0.9990,1.0462,1.0460,1.0613,1.0095,1.0601,1.0459,1.0075,0.9937,1.0031,0.9944,1.0627,0.9995,4349.82,6074.15,4661.63,3132.71,2603.22,1661.03,200.57,3295.90,2475.77,591.62,0.9504,0.5530,0.9234,1.1586,0.7827,0.2321,1.3545,0.3094,0.1153,-1.0283,0.6950,0.6993,0.6696,0.6678,0.7144,0.7547,0.5314,0.6535,0.6964,0.6909,0.0154,0.0114,0.0249,0.0215,0.0224,0.0000,0.0628,0.0013,0.0120,0.0177,0.9733,0.9735,0.9873,0.9724,0.9730,1.0000,0.9600,1.0000,0.9678,1.0000,64.54,215.35,88.28,65.16,78.47,14.28,5.47,308.96,84.90,86.26,0.0000,0.0000,0.0000,0.0000,0.0000,0.0000,0.4593,0.0423,0.0000,0.0000,104304,74663,53998,54750,86225,66964,95775,572442,131417,91336,0,0,0,0,0,0,0,0,0,0,0.0000,0.0000,0.0000,0.0000,0.0000,0.0000,0.2500,0.2500,0.0000,0.0000,0,0,0,0,0,0,0,1,0,0,0,0,0,0,0,0,1,1,0,0,0.1570,0.0961,0.1573,0.0778,0.1167,0.0399,0.0845,0.1336,0.0295,0.1337,0.000,0.000,0.000,0.000,0.000,0.000,0.000,0.156,0.000,0.000,semi-presidential,parliamentary,parliamentary,parliamentary,parliamentary,semi-presidential,semi-presidential,electoral-authoritarian,electoral-authoritarian,parliamentary,0.800,0.800,0.800,0.800,0.800,0.800,0.800,0.500,0.500,0.800,100.0,100.0,100.0,100.0,100.0,100.0,100.0,100.0,100.0,100.0
2034-11-01,0.9732,1.0100,1.0008,0.9911,1.0220,1.0043,0.9986,0.9915,0.9902,0.9867,1.0082,0.9997,1.0717,1.0449,1.0379,1.0136,1.0409,1.1263,1.0186,0.9927,1.0016,0.9910,1.0868,0.9998,4376.17,6086.86,4662.24,3145.49,2617.63,1672.72,200.61,3313.27,2484.40,592.22,0.9447,0.5519,0.9233,1.1539,0.7785,0.2288,1.3545,0.3091,0.1142,-1.0418,0.7000,0.7251,0.6864,0.6947,0.7398,0.7597,0.5302,0.6874,0.6948,0.6963,0.0176,0.0137,0.0250,0.0210,0.0194,0.0022,0.0662,0.0015,0.0124,0.0116,0.9737,0.9738,0.9875,0.9727,0.9736,1.0000,0.9675,1.0000,0.9681,1.0000,64.97,215.71,87.73,64.64,78.92,14.33,5.56,311.14,85.53,86.67,0.0000,0.0000,0.0000,0.0000,0.0000,0.0000,0.4591,0.0425,0.0000,0.0000,104304,74663,53998,54750,86225,66964,95775,572442,131417,91336,0,0,0,0,0,0,0,0,0,0,0.0000,0.0000,0.0000,0.0000,0.0000,0.0000,0.2600,0.2600,0.0000,0.0000,0,0,0,0,0,0,0,1,0,0,0,0,0,0,0,0,1,1,0,0,0.1576,0.0967,0.1585,0.0778,0.1175,0.0439,0.0847,0.1339,0.0303,0.1349,0.000,0.000,0.000,0.000,0.000,0.000,0.000,0.156,0.000,0.000,semi-presidential,parliamentary,parliamentary,parliamentary,parliamentary,semi-presidential,semi-presidential,electoral-authoritarian,electoral-authoritarian,parliamentary,0.800,0.800,0.800,0.800,0.800,0.800,0.800,0.500,0.500,0.800,100.0,100.0,100.0,100.0,100.0,100.0,100.0,100.0,100.0,100.0
2034-12-01,0.9758,1.0080,0.9971,0.9906,1.0218,1.0073,0.9967,0.9938,0.9928,0.9858,1.0076,0.9996,1.0693,1.0417,1.0337,1.0074,1.0404,1.0796,0.9982,1.0366,1.0414,0.9913,1.0092,0.9996,4406.70,6097.59,4683.77,3159.82,2631.69,1681.19,201.11,3326.54,2495.37,593.63,0.9383,0.5509,0.9192,1.1488,0.7743,0.2259,1.3514,0.3093,0.1129,-1.0539,0.7022,0.7332,0.6691,0.6991,0.7426,0.7856,0.5222,0.7046,0.6722,0.6963,0.0153,0.0122,0.0233,0.0169,0.0187,0.0013,0.0642,0.0028,0.0131,0.0112,0.9747,0.9746,0.9880,0.9737,0.9747,1.0000,0.9685,1.0000,0.9690,1.0000,65.77,217.67,89.80,66.31,79.95,14.75,5.72,312.15,85.90,87.16,0.0000,0.0000,0.0000,0.0000,0.0000,0.0000,0.4563,0.0423,0.0000,0.0000,104304,74663,53998,54750,86225,66964,95775,572442,131417,91336,0,0,0,0,0,0,0,0,0,0,0.0000,0.0000,0.0000,0.0000,0.0000,0.0000,0.2700,0.2700,0.0000,0.0000,0,0,0,0,0,0,0,1,0,0,0,0,0,0,0,0,1,1,0,0,0.1571,0.1008,0.1573,0.0785,0.1170,0.0441,0.0840,0.1319,0.0299,0.1336,0.000,0.000,0.000,0.000,0.000,0.000,0.000,0.157,0.000,0.000,semi-presidential,parliamentary,parliamentary,parliamentary,parliamentary,semi-presidential,semi-presidential,electoral-authoritarian,electoral-authoritarian,parliamentary,0.800,0.800,0.800,0.800,0.800,0.800,0.800,0.500,0.500,0.800,100.0,100.0,100.0,100.0,100.0,100.0,100.0,100.0,100.0,100.0
2035-01-01,0.9786,1.0037,0.9970,0.9903,1.0171,1.0096,0.9968,0.9962,0.9934,0.9888,1.0071,0.9998,1.0758,1.0359,1.0337,1.0086,1.0352,1.0655,0.9996,1.0425,1.0055,1.0274,1.0087,0.9998,4415.40,6109.23,4696.22,3172.65,2640.77,1694.13,201.71,3343.56,2501.24,594.97,0.9365,0.5499,0.9168,1.1442,0.7717,0.2224,1.3476,0.3091,0.1119,-1.0661,0.7047,0.7213,0.6921,0.7160,0.7411,0.7816,0.5460,0.7061,0.6719,0.7043,0.0153,0.0119,0.0228,0.0169,0.0176,0.0012,0.0657,0.0018,0.0118,0.0103,0.9757,0.9755,0.9885,0.9747,0.9760,1.0000,0.9694,1.0000,0.9701,1.0000,66.03,218.53,90.70,66.20,80.31,15.13,5.62,311.44,85.64,87.44,0.0000,0.0000,0.0000,0.0000,0.0000,0.0000,0.4564,0.0421,0.0000,0.0000,104304,74663,53998,54750,86225,66964,95775,572442,131417,91336,0,0,0,0,0,0,0,0,0,0,0.0000,0.0000,0.0000,0.0000,0.0000,0.0000,0.2800,0.2800,0.0000,0.0000,0,0,0,0,0,0,0,1,0,0,0,0,0,0,0,0,1,1,0,0,0.1582,0.1013,0.1581,0.0788,0.1177,0.0439,0.0779,0.1317,0.0300,0.1339,0.000,0.000,0.000,0.000,0.000,0.000,0.000,0.157,0.000,0.000,semi-presidential,parliamentary,parliamentary,parliamentary,parliamentary,semi-presidential,semi-presidential,electoral-authoritarian,electoral-authoritarian,parliamentary,0.800,0.800,0.800,0.800,0.800,0.800,0.800,0.500,0.500,0.800,100.0,100.0,100.0,100.0,100.0,100.0,100.0,100.0,100.0,100.0
2035-02-01,0.9810,1.0002,0.9959,0.9913,1.0096,1.0125,0.9997,0.9986,0.9939,0.9918,1.0070,0.9969,1.0604,1.0313,1.0309,1.0146,1.0274,1.0807,1.0658,1.0477,1.0056,1.0300,1.0086,0.9969,4422.00,6125.52,4704.77,3170.35,2646.84,1705.19,201.69,3358.18,2513.86,595.75,0.9353,0.5484,0.9202,1.1451,0.7700,0.2192,1.3479,0.3091,0.1106,-1.0793,0.6903,0.7222,0.6926,0.7152,0.7280,0.8022,0.5696,0.6991,0.6409,0.7136,0.0162,0.0108,0.0245,0.0188,0.0177,0.0006,0.0672,0.0021,0.0109,0.0132,0.9765,0.9763,0.9888,0.9755,0.9767,1.0000,0.9689,1.0000,0.9711,1.0000,66.68,220.79,91.44,65.91,80.86,15.61,5.69,314.49,86.08,87.69,0.0000,0.0000,0.0000,0.0000,0.0000,0.0000,0.4531,0.0403,0.0000,0.0000,104304,74663,53998,54750,86225,66964,95775,572442,131417,91336,0,0,0,0,0,0,0,0,0,0,0.0000,0.0000,0.0000,0.0000,0.0000,0.0000,0.2900,0.2900,0.0000,0.0000,0,0,0,0,0,0,0,1,0,0,0,0,0,0,0,0,1,1,0,0,0.1389,0.0911,0.1380,0.0680,0.1026,0.0386,0.0702,0.1274,0.0252,0.1350,0.000,0.000,0.000,0.000,0.000,0.000,0.000,0.160,0.000,0.000,semi-presidential,parliamentary,parliamentary,parliamentary,parliamentary,semi-presidential,semi-presidential,electoral-authoritarian,electoral-authoritarian,parliamentary,0.800,0.800,0.800,0.800,0.800,0.800,0.800,0.500,0.500,0.800,100.0,100.0,100.0,100.0,100.0,100.0,100.0,100.0,100.0,100.0
2035-03-01,0.9839,0.9976,0.9960,0.9909,1.0050,1.0120,1.0016,0.9993,0.9936,0.9941,1.0068,0.9971,1.0922,1.0288,1.0309,1.0083,1.0228,1.0582,1.0453,1.0091,1.0048,1.0261,1.0084,0.9971,4452.03,6138.04,4723.48,3172.20,2655.90,1715.54,201.65,3369.57,2528.64,597.58,0.9291,0.5474,0.9166,1.1444,0.7673,0.2162,1.3483,0.3096,0.1092,-1.0906,0.6804,0.7279,0.6847,0.6727,0.7172,0.8039,0.5535,0.7166,0.6696,0.7178,0.0151,0.0120,0.0222,0.0166,0.0176,0.0017,0.0726,0.0015,0.0118,0.0095,0.9763,0.9762,0.9888,0.9754,0.9765,1.0000,0.9683,1.0000,0.9710,1.0000,67.06,221.80,93.20,67.80,82.03,15.76,5.80,316.94,86.80,88.01,0.0000,0.0000,0.0000,0.0000,0.0000,0.0000,0.4535,0.0402,0.0000,0.0000,104304,74663,53998,54750,86225,66964,95775,572442,131417,91336,0,0,0,0,0,0,0,0,0,0,0.0000,0.0000,0.0000,0.0000,0.0000,0.0000,0.3000,0.3000,0.0000,0.0000,0,0,0,0,0,0,0,1,0,0,0,0,0,0,0,0,1,1,0,0,0.1552,0.0997,0.1557,0.0776,0.1156,0.0424,0.0788,0.1309,0.0281,0.1336,0.000,0.000,0.000,0.000,0.000,0.000,0.000,0.160,0.000,0.000,semi-presidential,parliamentary,parliamentary,parliamentary,parliamentary,semi-presidential,semi-presidential,electoral-authoritarian,electoral-authoritarian,parliamentary,0.800,0.800,0.800,0.800,0.800,0.800,0.800,0.500,0.500,0.800,100.0,100.0,100.0,100.0,100.0,100.0,100.0,100.0,100.0,100.0
2035-04-01,0.9864,0.9949,0.9974,0.9909,0.9980,1.0144,1.0024,1.0007,0.9954,0.9952,1.0063,0.9983,1.0739,1.0263,1.0695,1.0107,1.0157,1.0711,1.0218,1.0293,1.0299,1.0181,1.0079,0.9984,4465.63,6163.31,4731.34,3182.45,2667.92,1724.82,201.13,3384.84,2536.54,598.58,0.9264,0.5453,0.9151,1.1408,0.7640,0.2134,1.3520,0.3097,0.1081,-1.1034,0.6906,0.7196,0.6972,0.6664,0.7187,0.7991,0.5386,0.6995,0.6832,0.7257,0.0167,0.0123,0.0246,0.0200,0.0197,0.0008,0.0655,0.0024,0.0133,0.0111,0.9761,0.9760,0.9886,0.9752,0.9763,1.0000,0.9680,1.0000,0.9708,1.0000,68.01,223.51,93.87,67.41,82.31,16.19,5.94,318.49,87.25,88.38,0.0000,0.0000,0.0000,0.0000,0.0000,0.0000,0.4539,0.0405,0.0000,0.0000,104304,74663,53998,54750,86225,66964,95775,572442,131417,91336,0,0,0,0,0,0,0,0,0,0,0.0000,0.0000,0.0000,0.0000,0.0000,0.0000,0.3100,0.3100,0.0000,0.0000,0,0,0,0,0,0,0,1,0,0,0,0,0,0,0,0,1,1,0,0,0.1567,0.1005,0.1570,0.0779,0.1165,0.0432,0.0770,0.1316,0.0288,0.1344,0.000,0.000,0.000,0.000,0.000,0.000,0.000,0.160,0.000,0.000,semi-presidential,parliamentary,parliamentary,parliamentary,parliamentary,semi-presidential,semi-presidential,electoral-authoritarian,electoral-authoritarian,parliamentary,0.800,0.800,0.800,0.800,0.840,0.800,0.800,0.500,0.500,0.800,100.0,100.0,100.0,100.0,90.0,100.0,100.0,100.0,100.0,100.0
2035-05-01,0.9902,0.9923,0.9983,0.9881,0.9913,1.0146,1.0031,1.0007,0.9958,0.9956,1.0060,0.9981,1.1227,1.0239,1.0527,1.0044,1.0090,1.0611,1.0162,1.0020,1.0071,1.0053,1.0076,0.9981,4490.82,6162.82,4741.11,3195.92,2678.82,1736.33,201.06,3393.17,2547.94,598.07,0.9214,0.5455,0.9133,1.1360,0.7610,0.2103,1.3528,0.3105,0.1069,-1.1189,0.6893,0.7444,0.6878,0.6728,0.7118,0.7860,0.5103,0.7079,0.6790,0.7216,0.0166,0.0141,0.0229,0.0189,0.0196,0.0027,0.0835,0.0011,0.0133,0.0079,0.9759,0.9757,0.9885,0.9750,0.9761,1.0000,0.9678,1.0000,0.9705,1.0000,68.30,224.37,94.73,68.48,83.11,16.26,6.08,320.04,87.71,88.51,0.0000,0.0000,0.0000,0.0000,0.0000,0.0000,0.4547,0.0409,0.0000,0.0000,104304,74663,53998,54750,86225,66964,95775,572442,131417,91336,0,0,0,0,0,0,0,0,0,0,0.0000,0.0000,0.0000,0.0000,0.0000,0.0000,0.3200,0.3200,0.0000,0.0000,0,0,0,0,0,0,0,1,0,0,0,0,0,0,0,0,1,1,0,0,0.1540,0.1002,0.1558,0.0777,0.1152,0.0427,0.0763,0.1307,0.0281,0.1325,0.000,0.000,0.000,0.000,0.000,0.000,0.000,0.161,0.000,0.000,semi-presidential,parliamentary,parliamentary,parliamentary,parliamentary,semi-presidential,semi-presidential,electoral-authoritarian,electoral-authoritarian,parliamentary,0.800,0.800,0.800,0.800,0.830,0.800,0.800,0.500,0.500,0.800,100.0,100.0,100.0,100.0,93.0,100.0,100.0,100.0,100.0,100.0
2035-06-01,0.9965,0.9894,1.0026,0.9865,0.9893,1.0144,1.0012,0.9997,0.9985,0.9942,1.0059,0.9975,1.2051,1.0211,1.1610,1.0031,1.0071,1.0612,1.0027,1.0010,1.0499,0.9999,1.0075,0.9975,4500.92,6183.09,4765.77,3199.15,2685.46,1748.02,201.24,3410.44,2558.06,600.48,0.9194,0.5438,0.9084,1.1349,0.7592,0.2073,1.3519,0.3104,0.1057,-1.1290,0.6975,0.7210,0.6897,0.6955,0.7236,0.7925,0.4953,0.6861,0.6672,0.6924,0.0284,0.0222,0.0330,0.0307,0.0326,0.0071,0.0858,0.0025,0.0226,0.0102,0.9757,0.9754,0.9884,0.9747,0.9759,1.0000,0.9678,1.0000,0.9702,1.0000,67.07,221.85,93.45,67.28,81.71,16.18,5.88,313.03,86.59,87.29,0.0000,0.0000,0.0000,0.0000,0.0000,0.0000,0.4556,0.0416,0.0000,0.0000,104304,74663,53998,54750,86225,66964,95775,572442,131417,91336,0,0,0,0,0,0,0,0,0,0,0.0000,0.0000,0.0000,0.0000,0.0000,0.0000,0.3300,0.3300,0.0000,0.0000,0,0,0,0,0,0,0,1,0,0,0,0,0,0,0,0,1,1,0,0,0.1523,0.0982,0.1520,0.0761,0.1130,0.0425,0.0810,0.1313,0.0273,0.1330,0.000,0.000,0.000,0.000,0.000,0.000,0.000,0.162,0.000,0.000,semi-presidential,parliamentary,parliamentary,parliamentary,parliamentary,semi-presidential,semi-presidential,electoral-authoritarian,electoral-authoritarian,parliamentary,0.800,0.800,0.800,0.800,0.820,0.800,0.800,0.500,0.500,0.800,100.0,100.0,100.0,100.0,96.2,100.0,100.0,100.0,100.0,100.0
2035-07-01,1.0035,0.9908,1.0015,0.9829,0.9911,1.0094,0.9992,0.9991,0.9993,0.9936,1.0063,0.9956,1.2421,1.0289,1.0379,1.0001,1.0201,1.0558,1.0007,1.0003,1.0151,1.0002,1.0167,0.9956,4517.34,6193.73,4763.65,3208.48,2690.96,1760.14,201.26,3416.15,2568.91,601.35,0.9162,0.5430,0.9087,1.1316,0.7577,0.2043,1.3520,0.3114,0.1045,-1.1421,0.6862,0.7266,0.7129,0.6726,0.7123,0.7964,0.5033,0.6889,0.6668,0.7092,0.0227,0.0206,0.0273,0.0262,0.0287,0.0091,0.0865,0.0012,0.0189,0.0110,0.9704,0.9709,0.9858,0.9701,0.9702,0.9980,0.9566,1.0000,0.9661,1.0000,67.65,223.49,94.01,67.99,82.29,16.12,5.93,318.72,88.48,87.30,0.0000,0.0000,0.0000,0.0000,0.0000,0.0000,0.4556,0.0420,0.0000,0.0000,104304,74663,53998,54750,86225,66964,95775,572442,131417,91336,0,0,0,0,0,0,0,0,0,0,0.0000,0.0000,0.0000,0.0000,0.0000,0.0000,0.3400,0.3400,0.0000,0.0000,0,0,0,0,0,0,0,1,0,0,0,0,0,0,0,0,1,1,0,0,0.1414,0.0931,0.1429,0.0705,0.1051,0.0395,0.0823,0.1311,0.0247,0.1321,0.000,0.000,0.000,0.000,0.000,0.000,0.000,0.164,0.000,0.000,semi-presidential,parliamentary,parliamentary,parliamentary,parliamentary,semi-presidential,semi-presidential,electoral-authoritarian,electoral-authoritarian,parliamentary,0.800,0.800,0.800,0.800,0.810,0.800,0.800,0.500,0.500,0.800,100.0,100.0,100.0,100.0,99.3,100.0,100.0,100.0,100.0,100.0
2035-08-01,1.0060,0.9915,0.9991,0.9791,0.9892,1.0058,0.9994,1.0003,0.9968,0.9926,1.0078,0.9958,1.0944,1.0254,1.0353,0.9960,1.0069,1.0518,1.0040,1.0232,1.0082,0.9985,1.0436,0.9958,4518.02,6196.27,4782.58,3218.01,2702.90,1770.33,201.50,3425.04,2577.37,602.19,0.9162,0.5429,0.9052,1.1283,0.7545,0.2017,1.3507,0.3120,0.1034,-1.1552,0.6900,0.7181,0.6805,0.6707,0.7020,0.8013,0.4993,0.6681,0.6853,0.7090,0.0145,0.0111,0.0229,0.0156,0.0170,0.0004,0.0656,0.0014,0.0114,0.0102,0.9739,0.9739,0.9875,0.9729,0.9738,1.0000,0.9661,1.0000,0.9684,1.0000,70.35,227.43,95.86,70.30,85.15,16.61,5.93,330.58,90.36,89.79,0.0000,0.0000,0.0000,0.0000,0.0000,0.0000,0.4556,0.0419,0.0000,0.0000,104304,74663,53998,54750,86225,66964,95775,572442,131417,91336,0,0,0,0,0,0,0,0,0,0,0.0000,0.0000,0.0000,0.0000,0.0000,0.0000,0.3500,0.3500,0.0000,0.0000,0,0,0,0,0,0,0,1,0,0,0,0,0,0,0,0,1,1,0,0,0.1534,0.0991,0.1546,0.0766,0.1139,0.0418,0.0805,0.1318,0.0267,0.1321,0.000,0.000,0.000,0.000,0.000,0.000,0.000,0.164,0.000,0.000,semi-presidential,parliamentary,parliamentary,parliamentary,parliamentary,semi-presidential,semi-presidential,electoral-authoritarian,electoral-authoritarian,parliamentary,0.800,0.800,0.800,0.800,0.800,0.800,0.800,0.500,0.500,0.800,100.0,100.0,100.0,100.0,100.0,100.0,85.0,100.0,100.0,100.0
2035-09-01,1.0092,0.9932,0.9972,0.9783,0.9873,1.0019,0.9992,0.9985,0.9967,0.9931,1.0066,0.9930,1.1178,1.0354,1.0334,0.9957,1.0050,1.0476,1.0007,0.9997,1.0081,1.0063,1.0082,0.9930,4531.57,6199.53,4783.86,3220.34,2703.37,1779.96,201.18,3431.56,2581.49,601.93,0.9136,0.5427,0.9050,1.1275,0.7545,0.1991,1.3561,0.3129,0.1025,-1.1705,0.6719,0.7102,0.6962,0.6833,0.7185,0.7944,0.5345,0.6741,0.6785,0.7114,0.0144,0.0130,0.0217,0.0173,0.0176,0.0018,0.0817,0.0010,0.0127,0.0070,0.9667,0.9677,0.9839,0.9671,0.9666,0.9955,0.9569,1.0000,0.9638,1.0000,70.64,226.78,95.13,70.41,85.56,16.43,6.00,332.98,91.11,89.75,0.0000,0.0000,0.0000,0.0000,0.0000,0.0000,0.4556,0.0420,0.0000,0.0000,104304,74663,53998,54750,86225,66964,95775,572442,131417,91336,0,0,0,0,0,0,0,0,0,0,0.0000,0.0000,0.0000,0.0000,0.0000,0.0000,0.3600,0.3600,0.0000,0.0000,0,0,0,0,0,0,0,1,0,0,0,0,0,0,0,0,1,1,0,0,0.1352,0.0888,0.1351,0.0662,0.0996,0.0404,0.0764,0.1286,0.0226,0.1347,0.000,0.000,0.000,0.000,0.000,0.000,0.000,0.167,0.000,0.000,semi-presidential,parliamentary,parliamentary,parliamentary,parliamentary,semi-presidential,semi-presidential,electoral-authoritarian,electoral-authoritarian,parliamentary,0.800,0.800,0.800,0.800,0.800,0.800,0.800,0.500,0.500,0.800,100.0,105.0,100.0,100.0,100.0,100.0,87.4,100.0,100.0,100.0
2035-10-01,1.0150,0.9947,0.9991,0.9785,0.9849,1.0026,0.9999,0.9963,0.9977,0.9938,1.0079,0.9905,1.2114,1.0302,1.0907,1.0003,1.0024,1.0481,1.0188,0.9975,1.0215,1.0125,1.0429,0.9905,4534.68,6208.73,4788.85,3212.19,2708.71,1787.78,201.22,3448.34,2588.27,603.03,0.9131,0.5420,0.9041,1.1305,0.7531,0.1969,1.3562,0.3128,0.1020,-1.1831,0.6780,0.7085,0.6837,0.6692,0.6999,0.7991,0.5101,0.6385,0.6743,0.6902,0.0249,0.0195,0.0302,0.0274,0.0278,0.0062,0.0902,0.0018,0.0184,0.0104,0.9729,0.9732,0.9871,0.9721,0.9727,0.9996,0.9574,1.0000,0.9678,1.0000,69.22,227.18,93.17,68.28,83.91,16.15,5.98,327.01,90.92,88.59,0.0000,0.0000,0.0000,0.0000,0.0000,0.0000,0.4553,0.0415,0.0000,0.0000,104304,74663,53998,54750,86225,66964,95775,572442,131417,91336,0,0,0,0,0,0,0,0,0,0,0.0000,0.0000,0.0000,0.0000,0.0000,0.0000,0.3700,0.3700,0.0000,0.0000,0,0,0,0,0,0,0,1,0,0,0,0,0,0,0,0,1,1,0,0,0.1354,0.0880,0.1344,0.0648,0.0989,0.0391,0.0740,0.1291,0.0214,0.1368,0.000,0.000,0.000,0.000,0.000,0.000,0.000,0.169,0.000,0.000,semi-presidential,parliamentary,parliamentary,parliamentary,parliamentary,semi-presidential,semi-presidential,electoral-authoritarian,electoral-authoritarian,parliamentary,0.800,0.800,0.800,0.800,0.800,0.800,0.800,0.500,0.500,0.800,100.0,100.0,100.0,100.0,100.0,100.0,89.8,100.0,100.0,100.0
2035-11-01,1.0201,0.9971,1.0013,0.9784,0.9845,1.0039,1.0011,0.9959,0.9972,0.9954,1.0085,0.9902,1.1887,1.0532,1.0971,0.9999,1.0024,1.0492,1.0274,0.9971,1.0089,1.0217,1.0243,0.9902,4560.15,6220.82,4790.17,3222.43,2717.27,1797.99,201.52,3463.62,2596.36,604.29,0.9081,0.5411,0.9039,1.1270,0.7508,0.1944,1.3546,0.3128,0.1015,-1.1955,0.6642,0.7136,0.6739,0.6169,0.6880,0.7780,0.5007,0.6636,0.6645,0.7000,0.0257,0.0203,0.0307,0.0276,0.0285,0.0064,0.0885,0.0014,0.0183,0.0097,0.9535,0.9562,0.9773,0.9566,0.9537,0.9862,0.9573,1.0000,0.9559,1.0000,69.61,227.83,93.58,68.67,84.71,16.16,5.91,329.89,91.46,88.63,0.0000,0.0000,0.0000,0.0000,0.0000,0.0000,0.4542,0.0410,0.0000,0.0000,104304,74663,53998,54750,86225,66964,95775,572442,131417,91336,0,0,0,0,0,0,0,0,0,0,0.0000,0.0000,0.0000,0.0000,0.0000,0.0000,0.3800,0.3800,0.0000,0.0000,0,0,0,0,0,0,0,1,0,0,0,0,0,0,0,0,1,1,0,0,0.1521,0.0941,0.1483,0.0708,0.1087,0.0416,0.0787,0.1317,0.0232,0.1369,0.000,0.000,0.000,0.000,0.000,0.000,0.000,0.170,0.000,0.000,semi-presidential,parliamentary,parliamentary,parliamentary,parliamentary,semi-presidential,semi-presidential,electoral-authoritarian,electoral-authoritarian,parliamentary,0.800,0.800,0.800,0.800,0.800,0.800,0.800,0.500,0.500,0.800,100.0,100.0,100.0,100.0,100.0,100.0,92.1,100.0,100.0,100.0
2035-12-01,1.0231,0.9999,1.0029,0.9777,0.9857,1.0020,1.0022,0.9981,0.9979,0.9975,1.0115,0.9887,1.1313,1.0685,1.0819,0.9963,1.0104,1.0470,1.0254,1.0393,1.0109,1.0250,1.0843,0.9887,4585.59,6227.95,4789.24,3227.32,2724.01,1807.03,200.99,3477.73,2608.68,605.95,0.9029,0.5406,0.9042,1.1255,0.7490,0.1922,1.3583,0.3129,0.1008,-1.2071,0.6729,0.7221,0.6685,0.6394,0.7018,0.7750,0.5027,0.6857,0.6529,0.7073,0.0256,0.0173,0.0333,0.0242,0.0289,0.0043,0.0907,0.0021,0.0164,0.0166,0.9419,0.9459,0.9714,0.9472,0.9423,0.9782,0.9574,1.0000,0.9487,1.0000,71.47,231.37,96.11,70.86,86.89,16.61,5.93,337.25,92.76,89.80,0.0000,0.0000,0.0000,0.0000,0.0000,0.0000,0.4536,0.0407,0.0000,0.0000,104304,74663,53998,54750,86225,66964,95775,572442,131417,91336,0,0,0,0,0,0,0,0,0,0,0.0000,0.0000,0.0000,0.0000,0.0000,0.0000,0.3900,0.3900,0.0000,0.0000,0,0,0,0,0,0,0,1,0,0,0,0,0,0,0,0,1,1,0,0,0.1435,0.0901,0.1396,0.0671,0.1020,0.0396,0.0783,0.1301,0.0214,0.1364,0.000,0.000,0.000,0.000,0.000,0.000,0.000,0.172,0.000,0.000,semi-presidential,parliamentary,parliamentary,parliamentary,parliamentary,semi-presidential,semi-presidential,electoral-authoritarian,electoral-authoritarian,parliamentary,0.800,0.800,0.800,0.800,0.800,0.800,0.800,0.500,0.500,0.800,100.0,100.0,100.0,100.0,100.0,100.0,94.3,100.0,100.0,100.0
2036-01-01,1.0257,1.0030,1.0014,0.9793,0.9873,1.0023,1.0034,0.9999,0.9977,0.9980,1.0149,0.9898,1.1144,1.0745,1.0363,1.0065,1.0144,1.0470,1.0335,1.0385,1.0092,1.0156,1.1056,0.9900,4592.70,6243.53,4791.34,3233.69,2734.50,1817.08,201.30,3498.67,2614.16,607.12,0.9015,0.5443,0.9038,1.1234,0.7463,0.1899,1.3565,0.3124,0.1004,-1.2197,0.6802,0.7204,0.6542,0.6403,0.6926,0.7711,0.4721,0.6708,0.6491,0.7199,0.0222,0.0149,0.0307,0.0256,0.0258,0.0035,0.0926,0.0020,0.0141,0.0177,0.9392,0.9436,0.9701,0.9451,0.9397,0.9763,0.9580,1.0000,0.9471,1.0000,72.74,233.39,95.62,69.41,87.25,17.08,6.13,340.71,93.66,90.68,0.0000,0.0000,0.0000,0.0000,0.0000,0.0000,0.4519,0.0405,0.0000,0.0000,104304,74663,53998,54750,86225,66964,95775,572442,131417,91336,0,0,0,0,0,0,0,0,0,0,0.0000,0.0000,0.0000,0.0000,0.0000,0.0000,0.4000,0.4000,0.0000,0.0000,0,0,0,0,0,0,0,1,0,0,0,0,0,0,0,0,1,1,0,0,0.1546,0.0952,0.1502,0.0712,0.1101,0.0422,0.0801,0.1323,0.0240,0.1394,0.000,0.000,0.000,0.000,0.000,0.000,0.000,0.171,0.000,0.000,semi-presidential,parliamentary,parliamentary,parliamentary,parliamentary,semi-presidential,semi-presidential,electoral-authoritarian,electoral-authoritarian,parliamentary,0.800,0.800,0.800,0.800,0.800,0.800,0.800,0.500,0.500,0.800,100.0,100.0,100.0,100.0,100.0,100.0,96.4,100.0,100.0,100.0
