date,price_oil,price_gas,price_coal,price_electricity,price_food,price_critical-minerals,price_steel,price_consumer-goods,price_electronics,price_arms,price_pharma,price_services,import_price_oil,import_price_gas,import_price_coal,import_price_electricity,import_price_food,import_price_critical-minerals,import_price_steel,import_price_consumer-goods,import_price_electronics,import_price_arms,import_price_pharma,import_price_services,gdp_FRA,gdp_DEU,gdp_GBR,gdp_ITA,gdp_ESP,gdp_POL,gdp_UKR,gdp_RUS,gdp_TUR,gdp_NOR,debt_FRA,debt_DEU,debt_GBR,debt_ITA,debt_ESP,debt_POL,debt_UKR,debt_RUS,debt_TUR,debt_NOR,stability_FRA,stability_DEU,stability_GBR,stability_ITA,stability_ESP,stability_POL,stability_UKR,stability_RUS,stability_TUR,stability_NOR,shortage_FRA,shortage_DEU,shortage_GBR,shortage_ITA,shortage_ESP,shortage_POL,shortage_UKR,shortage_RUS,shortage_TUR,shortage_NOR,gas_coverage_FRA,gas_coverage_DEU,gas_coverage_GBR,gas_coverage_ITA,gas_coverage_ESP,gas_coverage_POL,gas_coverage_UKR,gas_coverage_RUS,gas_coverage_TUR,gas_coverage_NOR,maritime_trade_FRA,maritime_trade_DEU,maritime_trade_GBR,maritime_trade_ITA,maritime_trade_ESP,maritime_trade_POL,maritime_trade_UKR,maritime_trade_RUS,maritime_trade_TUR,maritime_trade_NOR,blockade_FRA,blockade_DEU,blockade_GBR,blockade_ITA,blockade_ESP,blockade_POL,blockade_UKR,blockade_RUS,blockade_TUR,blockade_NOR,tiles_FRA,tiles_DEU,tiles_GBR,tiles_ITA,tiles_ESP,tiles_POL,tiles_UKR,tiles_RUS,tiles_TUR,tiles_NOR,contested_FRA,contested_DEU,contested_GBR,contested_ITA,contested_ESP,contested_POL,contested_UKR,contested_RUS,contested_TUR,contested_NOR,exhaustion_FRA,exhaustion_DEU,exhaustion_GBR,exhaustion_ITA,exhaustion_ESP,exhaustion_POL,exhaustion_UKR,exhaustion_RUS,exhaustion_TUR,exhaustion_NOR,sanctions_against_FRA,sanctions_against_DEU,sanctions_against_GBR,sanctions_against_ITA,sanctions_against_ESP,sanctions_against_POL,sanctions_against_UKR,sanctions_against_RUS,sanctions_against_TUR,sanctions_against_NOR,at_war_FRA,at_war_DEU,at_war_GBR,at_war_ITA,at_war_ESP,at_war_POL,at_war_UKR,at_war_RUS,at_war_TUR,at_war_NOR,export_share_FRA,export_share_DEU,export_share_GBR,export_share_ITA,export_share_ESP,export_share_POL,export_share_UKR,export_share_RUS,export_share_TUR,export_share_NOR,circumvention_FRA,circumvention_DEU,circumvention_GBR,circumvention_ITA,circumvention_ESP,circumvention_POL,circumvention_UKR,circumvention_RUS,circumvention_TUR,circumvention_NOR,regime_FRA,regime_DEU,regime_GBR,regime_ITA,regime_ESP,regime_POL,regime_UKR,regime_RUS,regime_TUR,regime_NOR,legitimacy_FRA,legitimacy_DEU,legitimacy_GBR,legitimacy_ITA,legitimacy_ESP,legitimacy_POL,legitimacy_UKR,legitimacy_RUS,legitimacy_TUR,legitimacy_NOR,capital_FRA,capital_DEU,capital_GBR,capital_ITA,capital_ESP,capital_POL,capital_UKR,capital_RUS,capital_TUR,capital_NOR
2026-01-01,1.0000,1.0000,1.0000,1.0000,1.0000,1.0000,1.0000,1.0000,1.0000,1.0000,1.0000,1.0000,1.0000,1.0000,1.0000,1.0000,1.0000,1.0000,1.0000,1.0000,1.0000,1.0000,1.0000,1.0000,3366.32,5050.92,4002.59,2551.56,1906.45,1035.49,214.23,2561.31,1597.29,530.76,1.1600,0.6290,1.0230,1.3710,1.0040,0.5880,1.0870,0.1720,0.2350,0.4500,0.6600,0.7169,0.6747,0.6374,0.6767,0.7200,0.6678,0.6750,0.6750,0.7200,0.0000,0.0000,0.0000,0.0000,0.0000,0.0000,0.0000,0.0000,0.0000,0.0000,1.0000,1.0000,1.0000,1.0000,1.0000,1.0000,1.0000,1.0000,1.0000,1.0000,0.00,0.00,0.00,0.00,0.00,0.00,0.00,0.00,0.00,0.00,0.0000,0.0000,0.0000,0.0000,0.0000,0.0000,0.0000,0.0000,0.0000,0.0000,104304,74663,53998,54750,86225,66964,95775,572442,131417,91336,0,0,0,0,0,0,0,0,0,0,0.0000,0.0000,0.0000,0.0000,0.0000,0.0000,0.0000,0.0000,0.0000,0.0000,0,0,0,0,0,0,0,0,0,0,0,0,0,0,0,0,1,1,0,0,0.1189,0.0742,0.1337,0.0486,0.0868,0.0115,0.0806,0.1082,0.0016,0.1382,0.000,0.000,0.000,0.000,0.000,0.000,0.000,0.000,0.000,0.000,semi-presidential,parliamentary,parliamentary,parliamentary,parliamentary,semi-presidential,semi-presidential,electoral-authoritarian,electoral-authoritarian,parliamentary,0.800,0.800,0.800,0.800,0.800,0.800,0.800,0.500,0.500,0.800,30.0,30.0,30.0,30.0,30.0,30.0,30.0,30.0,30.0,30.0
2026-02-01,1.0000,1.0000,1.0000,1.0000,1.0000,1.0000,1.0000,1.0000,1.0000,1.0000,1.0000,1.0000,1.0737,1.0272,1.0377,1.0397,1.0268,1.0569,1.0247,1.0247,1.0417,1.0274,1.0247,1.0000,3361.18,5060.32,4005.50,2553.21,1911.25,1038.62,212.43,2557.75,1599.90,532.02,1.1683,0.6290,1.0255,1.3744,1.0039,0.5880,1.0983,0.1747,0.2349,0.4343,0.6600,0.7169,0.6747,0.6374,0.6767,0.7200,0.6678,0.6750,0.6750,0.7200,0.0139,0.0114,0.0296,0.0205,0.0185,0.0000,0.0278,0.0025,0.0136,0.0141,0.9793,0.9788,0.9899,0.9779,0.9796,1.0000,0.9876,1.0000,0.9729,1.0000,51.01,181.68,76.61,51.95,59.59,9.30,4.26,233.40,55.90,79.13,0.0000,0.0000,0.0000,0.0000,0.0000,0.0000,0.4600,0.0438,0.0000,0.0000,104304,74663,53998,54750,86225,66964,95775,572442,131417,91336,0,0,0,0,0,0,0,0,0,0,0.0000,0.0000,0.0000,0.0000,0.0000,0.0000,0.0100,0.0100,0.0000,0.0000,0,0,0,0,0,0,0,1,0,0,0,0,0,0,0,0,1,1,0,0,0.1190,0.0732,0.1336,0.0478,0.0863,0.0114,0.0722,0.1043,0.0015,0.1354,0.000,0.000,0.000,0.000,0.000,0.000,0.000,0.000,0.000,0.000,semi-presidential,parliamentary,parliamentary,parliamentary,parliamentary,semi-presidential,semi-presidential,electoral-authoritarian,electoral-authoritarian,parliamentary,0.800,0.800,0.800,0.800,0.800,0.800,0.800,0.500,0.500,0.800,33.3,32.9,32.5,33.6,33.3,33.1,30.0,33.3,33.8,32.9
2026-03-01,1.0042,1.0026,1.0020,1.0003,1.0008,1.0000,0.9998,1.0027,0.9999,1.0018,1.0014,0.9975,1.2133,1.0820,1.1053,1.0608,1.0316,1.0565,1.0080,1.0762,1.0135,1.0557,1.0549,0.9975,3356.08,5060.26,3997.74,2548.81,1905.18,1039.97,210.92,2551.42,1605.26,532.09,1.1738,0.6305,1.0306,1.3812,1.0092,0.5871,1.1077,0.1776,0.2342,0.4196,0.6400,0.7217,0.6576,0.6226,0.6734,0.7165,0.5736,0.6701,0.6352,0.7138,0.0355,0.0282,0.0456,0.0408,0.0391,0.0108,0.0917,0.0023,0.0279,0.0189,0.9344,0.9377,0.9666,0.9404,0.9362,0.9681,0.9596,1.0000,0.9421,1.0000,49.05,178.37,74.84,51.25,57.61,9.29,5.62,226.94,54.89,77.09,0.0000,0.0000,0.0000,0.0000,0.0000,0.0000,0.4605,0.0439,0.0000,0.0000,104304,74663,53998,54750,86225,66964,95775,572442,131417,91336,0,0,0,0,0,0,0,0,0,0,0.0000,0.0000,0.0000,0.0000,0.0000,0.0000,0.0200,0.0000,0.0000,0.0000,0,0,0,0,0,0,0,1,0,0,0,0,0,0,0,0,1,1,0,0,0.0990,0.0638,0.1102,0.0386,0.0710,0.0116,0.0685,0.1037,0.0015,0.1346,0.000,0.000,0.000,0.000,0.000,0.000,0.028,0.147,0.000,0.000,semi-presidential,parliamentary,parliamentary,parliamentary,parliamentary,semi-presidential,semi-presidential,electoral-authoritarian,electoral-authoritarian,parliamentary,0.800,0.800,0.800,0.800,0.800,0.800,0.800,0.500,0.500,0.800,36.5,35.7,35.0,37.1,36.6,36.3,32.5,36.6,37.2,35.7
2026-04-01,1.0089,1.0082,1.0025,1.0005,1.0029,0.9998,1.0005,1.0072,1.0020,1.0055,1.0044,0.9984,1.1697,1.1437,1.0462,1.0497,1.0410,1.0551,1.0061,1.0850,1.0342,1.0794,1.0705,0.9991,3350.53,5070.02,4000.35,2547.89,1901.31,1043.44,210.24,2553.09,1608.20,532.91,1.1792,0.6309,1.0327,1.3870,1.0135,0.5830,1.1129,0.1800,0.2339,0.4042,0.6213,0.7027,0.6221,0.5909,0.6142,0.7291,0.5033,0.6336,0.6315,0.6967,0.0352,0.0275,0.0461,0.0371,0.0410,0.0132,0.0946,0.0032,0.0283,0.0216,0.8864,0.8947,0.9420,0.8984,0.8877,0.9329,0.9517,1.0000,0.9051,1.0000,50.33,184.22,78.98,52.16,59.50,9.79,5.73,232.56,56.31,78.71,0.0000,0.0000,0.0000,0.0000,0.0000,0.0000,0.4595,0.0420,0.0000,0.0000,104304,74663,53998,54750,86225,66964,95775,572442,131417,91336,0,0,0,0,0,0,0,0,0,0,0.0000,0.0000,0.0000,0.0000,0.0000,0.0000,0.0300,0.0100,0.0000,0.0000,0,0,0,0,0,0,0,1,0,0,0,0,0,0,0,0,1,1,0,0,0.1178,0.0729,0.1323,0.0473,0.0853,0.0121,0.0710,0.1040,0.0015,0.1336,0.000,0.000,0.000,0.000,0.000,0.000,0.029,0.147,0.000,0.000,semi-presidential,parliamentary,parliamentary,parliamentary,parliamentary,semi-presidential,semi-presidential,electoral-authoritarian,electoral-authoritarian,parliamentary,0.800,0.800,0.800,0.800,0.800,0.800,0.800,0.500,0.500,0.800,39.6,38.5,37.4,40.5,39.6,39.5,34.6,39.6,40.7,38.4
2026-05-01,1.0117,1.0111,1.0057,1.0010,1.0053,0.9981,1.0026,1.0072,1.0028,1.0073,1.0081,0.9991,1.1140,1.0854,1.1408,1.0487,1.0456,1.0525,1.0512,1.0090,1.0163,1.0435,1.1058,0.9997,3357.68,5062.58,3985.22,2545.79,1902.91,1047.82,209.64,2556.15,1611.72,531.42,1.1799,0.6334,1.0392,1.3971,1.0149,0.5785,1.1177,0.1822,0.2334,0.3905,0.6083,0.7129,0.6222,0.5780,0.5764,0.7301,0.4904,0.6457,0.6295,0.6929,0.0284,0.0198,0.0424,0.0326,0.0344,0.0048,0.0893,0.0020,0.0250,0.0214,0.9395,0.9421,0.9693,0.9449,0.9416,0.9704,0.9616,1.0000,0.9462,1.0000,51.38,186.68,80.09,53.43,60.64,9.95,5.77,236.91,56.89,79.96,0.0000,0.0000,0.0000,0.0000,0.0000,0.0000,0.4590,0.0409,0.0000,0.0000,104304,74663,53998,54750,86225,66964,95775,572442,131417,91336,0,0,0,0,0,0,0,0,0,0,0.0000,0.0000,0.0000,0.0000,0.0000,0.0000,0.0400,0.0200,0.0000,0.0000,0,0,0,0,0,0,0,1,0,0,0,0,0,0,0,0,1,1,0,0,0.1180,0.0738,0.1335,0.0481,0.0856,0.0122,0.0716,0.1043,0.0015,0.1347,0.000,0.000,0.000,0.000,0.000,0.000,0.030,0.148,0.000,0.000,semi-presidential,parliamentary,parliamentary,parliamentary,parliamentary,semi-presidential,semi-presidential,electoral-authoritarian,electoral-authoritarian,parliamentary,0.800,0.800,0.800,0.800,0.800,0.800,0.800,0.500,0.500,0.800,42.6,41.4,39.7,43.7,42.3,42.7,36.7,42.7,44.1,41.2
2026-06-01,1.0143,1.0119,1.0048,0.9996,1.0104,0.9927,1.0015,1.0075,1.0023,1.0087,1.0124,0.9982,1.1098,1.0403,1.0415,0.9996,1.0626,1.0470,1.0032,1.0093,1.0164,1.0120,1.0941,0.9982,3343.29,5063.37,3985.75,2547.98,1906.19,1050.03,208.92,2558.95,1619.59,532.06,1.1918,0.6348,1.0414,1.3998,1.0154,0.5753,1.1232,0.1844,0.2394,0.3753,0.6241,0.6933,0.5807,0.5673,0.5904,0.7355,0.4853,0.6510,0.6259,0.6589,0.0136,0.0102,0.0150,0.0206,0.0230,0.0002,0.0852,0.0015,0.0107,0.0216,0.9798,0.9793,0.9902,0.9785,0.9802,1.0000,0.9687,1.0000,0.9737,1.0000,51.64,187.53,79.15,54.50,61.73,9.95,5.93,239.28,57.27,80.39,0.0000,0.0000,0.0000,0.0000,0.0000,0.0000,0.4578,0.0421,0.0000,0.0000,104304,74663,53998,54750,86225,66964,95775,572442,131417,91336,0,0,0,0,0,0,0,0,0,0,0.0000,0.0000,0.0000,0.0000,0.0000,0.0000,0.0500,0.0300,0.0000,0.0000,0,0,0,0,0,0,0,1,0,0,0,0,0,0,0,0,1,1,0,0,0.1118,0.0712,0.1256,0.0457,0.0806,0.0123,0.0707,0.1041,0.0015,0.1339,0.000,0.000,0.000,0.000,0.000,0.000,0.029,0.148,0.000,0.000,semi-presidential,parliamentary,parliamentary,parliamentary,parliamentary,semi-presidential,semi-presidential,electoral-authoritarian,electoral-authoritarian,parliamentary,0.800,0.800,0.800,0.800,0.800,0.800,0.800,0.500,0.500,0.800,35.7,44.1,41.8,46.9,45.1,46.0,38.7,45.9,47.6,43.7
2026-07-01,1.0163,1.0125,1.0041,0.9971,1.0188,0.9911,1.0009,1.0072,1.0008,1.0102,1.0133,0.9973,1.1101,1.0417,1.0419,0.9971,1.0853,1.0457,1.0026,1.0090,1.0150,1.0441,1.0397,0.9973,3336.95,5042.13,3993.23,2548.88,1901.74,1052.27,208.33,2560.35,1621.76,532.63,1.1971,0.6392,1.0415,1.4028,1.0201,0.5721,1.1280,0.1878,0.2391,0.3601,0.6178,0.7007,0.5992,0.5851,0.6126,0.7220,0.4787,0.6511,0.6637,0.6794,0.0120,0.0102,0.0144,0.0231,0.0248,0.0000,0.0840,0.0014,0.0108,0.0244,0.9793,0.9787,0.9899,0.9779,0.9796,1.0000,0.9687,1.0000,0.9730,1.0000,51.39,187.40,79.11,54.51,61.80,9.92,5.95,239.19,57.40,80.80,0.0000,0.0000,0.0000,0.0000,0.0000,0.0000,0.4581,0.0433,0.0000,0.0000,104304,74663,53998,54750,86225,66964,95775,572442,131417,91336,0,0,0,0,0,0,0,0,0,0,0.0000,0.0000,0.0000,0.0000,0.0000,0.0000,0.0600,0.0400,0.0000,0.0000,0,0,0,0,0,0,0,1,0,0,0,0,0,0,0,0,1,1,0,0,0.1105,0.0707,0.1243,0.0450,0.0800,0.0123,0.0708,0.1037,0.0016,0.1341,0.000,0.000,0.000,0.000,0.000,0.000,0.028,0.149,0.000,0.000,semi-presidential,parliamentary,parliamentary,parliamentary,parliamentary,semi-presidential,semi-presidential,electoral-authoritarian,electoral-authoritarian,parliamentary,0.800,0.800,0.800,0.820,0.800,0.800,0.800,0.500,0.500,0.800,38.8,46.9,44.0,45.2,48.0,49.1,40.7,49.0,51.2,46.4
2026-08-01,1.0175,1.0100,1.0056,0.9956,1.0257,0.9891,1.0003,1.0075,0.9999,1.0101,1.0105,0.9958,1.0994,1.0368,1.0819,0.9956,1.0846,1.0422,1.0020,1.0126,1.0135,1.0143,1.0122,0.9958,3325.03,5027.13,3977.78,2553.76,1898.67,1054.92,207.66,2568.07,1626.01,533.03,1.2042,0.6518,1.0473,1.4033,1.0241,0.5688,1.1333,0.1896,0.2386,0.3451,0.6085,0.6540,0.6283,0.5953,0.5895,0.7099,0.4791,0.6550,0.6492,0.6980,0.0136,0.0110,0.0153,0.0239,0.0249,0.0000,0.0614,0.0011,0.0116,0.0215,0.9809,0.9803,0.9907,0.9798,0.9815,1.0000,0.9696,1.0000,0.9752,1.0000,50.95,186.09,78.86,54.09,61.11,9.98,5.95,236.02,56.74,80.91,0.0000,0.0000,0.0000,0.0000,0.0000,0.0000,0.4554,0.0411,0.0000,0.0000,104304,74663,53998,54750,86225,66964,95775,572442,131417,91336,0,0,0,0,0,0,0,0,0,0,0.0000,0.0000,0.0000,0.0000,0.0000,0.0000,0.0700,0.0500,0.0000,0.0000,0,0,0,0,0,0,0,1,0,0,0,0,0,0,0,0,1,1,0,0,0.1101,0.0717,0.1195,0.0425,0.0762,0.0123,0.0701,0.1026,0.0017,0.1341,0.000,0.000,0.000,0.000,0.000,0.000,0.025,0.149,0.000,0.000,semi-presidential,parliamentary,parliamentary,parliamentary,parliamentary,semi-presidential,semi-presidential,electoral-authoritarian,electoral-authoritarian,parliamentary,0.800,0.800,0.800,0.810,0.800,0.800,0.800,0.500,0.500,0.800,41.8,49.4,46.4,48.5,50.8,52.2,42.7,52.2,54.8,49.2
2026-09-01,1.0159,1.0064,1.0043,0.9988,1.0337,0.9870,0.9979,1.0096,1.0014,1.0142,1.0064,0.9967,1.0977,1.0338,1.0416,1.0609,1.0961,1.0408,0.9990,1.0943,1.0792,1.0797,1.0078,0.9974,3321.75,5018.76,3979.05,2553.64,1901.19,1059.71,207.32,2565.66,1631.24,533.54,1.2078,0.6546,1.0525,1.4062,1.0251,0.5643,1.1368,0.1922,0.2379,0.3300,0.5999,0.6673,0.5947,0.6068,0.5818,0.6967,0.4850,0.6652,0.6357,0.6912,0.0148,0.0137,0.0342,0.0365,0.0273,0.0002,0.0653,0.0045,0.0128,0.0292,0.9804,0.9796,0.9904,0.9792,0.9810,1.0000,0.9695,1.0000,0.9745,1.0000,49.93,179.26,74.85,52.35,57.57,10.18,5.43,228.81,55.53,79.81,0.0000,0.0000,0.0000,0.0000,0.0000,0.0000,0.4556,0.0429,0.0000,0.0000,104304,74663,53998,54750,86225,66964,95775,572442,131417,91336,0,0,0,0,0,0,0,0,0,0,0.0000,0.0000,0.0000,0.0000,0.0000,0.0000,0.0800,0.0600,0.0000,0.0000,0,0,0,0,0,0,0,1,0,0,0,0,0,0,0,0,1,1,0,0,0.1251,0.0748,0.1354,0.0457,0.0843,0.0124,0.0721,0.1003,0.0020,0.1373,0.000,0.000,0.000,0.000,0.000,0.000,0.026,0.150,0.000,0.000,semi-presidential,parliamentary,parliamentary,parliamentary,parliamentary,semi-presidential,semi-presidential,electoral-authoritarian,electoral-authoritarian,parliamentary,0.800,0.800,0.800,0.800,0.800,0.800,0.800,0.500,0.500,0.800,44.7,52.0,43.6,52.0,53.5,55.2,44.7,55.4,58.3,51.9
2026-10-01,1.0174,1.0048,1.0047,1.0031,1.0357,0.9851,0.9967,1.0090,1.0044,1.0181,1.0062,0.9991,1.1063,1.0314,1.0443,1.0701,1.0725,1.0375,0.9977,1.0105,1.0692,1.0784,1.0076,1.0006,3329.31,5021.28,3977.26,2561.63,1908.70,1067.43,206.68,2571.32,1636.01,534.06,1.2072,0.6560,1.0545,1.4045,1.0234,0.5584,1.1420,0.1943,0.2373,0.3149,0.6008,0.6597,0.6127,0.5910,0.5967,0.7197,0.5027,0.6576,0.6514,0.6830,0.0109,0.0141,0.0268,0.0339,0.0192,0.0003,0.0830,0.0032,0.0119,0.0144,0.9810,0.9803,0.9907,0.9798,0.9815,1.0000,0.9689,1.0000,0.9753,1.0000,51.25,179.82,74.68,53.96,59.06,10.22,5.59,236.00,56.80,79.68,0.0000,0.0000,0.0000,0.0000,0.0000,0.0000,0.4549,0.0406,0.0000,0.0000,104304,74663,53998,54750,86225,66964,95775,572442,131417,91336,0,0,0,0,0,0,0,0,0,0,0.0000,0.0000,0.0000,0.0000,0.0000,0.0000,0.0900,0.0700,0.0000,0.0000,0,0,0,0,0,0,0,1,0,0,0,0,0,0,0,0,1,1,0,0,0.1267,0.0761,0.1374,0.0510,0.0899,0.0124,0.0737,0.1037,0.0035,0.1372,0.000,0.000,0.000,0.000,0.000,0.000,0.030,0.150,0.000,0.000,semi-presidential,parliamentary,parliamentary,parliamentary,parliamentary,semi-presidential,semi-presidential,electoral-authoritarian,electoral-authoritarian,parliamentary,0.800,0.800,0.800,0.800,0.800,0.800,0.800,0.500,0.500,0.800,47.7,54.6,45.9,55.3,56.4,58.4,46.8,58.6,61.9,54.6
2026-11-01,1.0204,1.0063,1.0030,1.0061,1.0352,0.9862,0.9951,1.0120,1.0065,1.0223,1.0061,0.9983,1.1240,1.0446,1.0384,1.0679,1.0599,1.0386,0.9962,1.0658,1.0440,1.0746,1.0076,0.9983,3334.53,5025.56,3975.67,2567.61,1907.64,1070.97,206.50,2574.68,1642.03,534.03,1.2071,0.6572,1.0564,1.4035,1.0263,0.5546,1.1446,0.1965,0.2366,0.3001,0.6199,0.6705,0.6094,0.6112,0.6327,0.7555,0.4890,0.6804,0.6581,0.6895,0.0154,0.0157,0.0293,0.0311,0.0191,0.0021,0.0856,0.0025,0.0126,0.0132,0.9712,0.9699,0.9857,0.9713,0.9735,0.9915,0.9679,1.0000,0.9673,1.0000,51.54,182.12,76.40,53.88,59.88,10.59,5.63,237.67,57.36,79.51,0.0000,0.0000,0.0000,0.0000,0.0000,0.0000,0.4555,0.0407,0.0000,0.0000,104304,74663,53998,54750,86225,66964,95775,572442,131417,91336,0,0,0,0,0,0,0,0,0,0,0.0000,0.0000,0.0000,0.0000,0.0000,0.0000,0.1000,0.0800,0.0000,0.0000,0,0,0,0,0,0,0,1,0,0,0,0,0,0,0,0,1,1,0,0,0.1211,0.0739,0.1308,0.0483,0.0858,0.0128,0.0711,0.1048,0.0029,0.1378,0.000,0.000,0.000,0.000,0.000,0.000,0.029,0.151,0.000,0.000,semi-presidential,parliamentary,parliamentary,parliamentary,parliamentary,semi-presidential,semi-presidential,electoral-authoritarian,electoral-authoritarian,parliamentary,0.800,0.800,0.800,0.800,0.800,0.800,0.800,0.500,0.500,0.800,50.8,57.2,48.1,58.8,59.4,61.8,48.9,61.9,65.5,57.3
2026-12-01,1.0231,1.0086,1.0013,1.0081,1.0330,0.9895,0.9930,1.0127,1.0055,1.0262,1.0054,0.9999,1.1231,1.0686,1.0363,1.0671,1.0574,1.0759,0.9940,1.0247,1.0186,1.0725,1.0069,1.0006,3338.64,5043.57,3974.25,2573.33,1912.10,1075.06,206.18,2578.41,1646.29,535.72,1.2071,0.6565,1.0583,1.4023,1.0261,0.5507,1.1481,0.1986,0.2360,0.2844,0.6259,0.6801,0.6061,0.6145,0.6201,0.7440,0.4957,0.6727,0.6562,0.6975,0.0164,0.0181,0.0287,0.0317,0.0198,0.0041,0.0836,0.0011,0.0136,0.0100,0.9519,0.9528,0.9756,0.9552,0.9542,0.9783,0.9636,1.0000,0.9545,1.0000,51.84,182.92,77.07,53.95,60.21,10.71,5.60,238.90,57.66,79.80,0.0000,0.0000,0.0000,0.0000,0.0000,0.0000,0.4617,0.0403,0.0000,0.0000,104304,74663,53998,54750,86225,66964,95775,572442,131417,91336,0,0,0,0,0,0,0,0,0,0,0.0000,0.0000,0.0000,0.0000,0.0000,0.0000,0.1100,0.0900,0.0000,0.0000,0,0,0,0,0,0,0,1,0,0,0,0,0,0,0,0,1,1,0,0,0.1275,0.0771,0.1381,0.0515,0.0906,0.0128,0.0700,0.1047,0.0038,0.1378,0.000,0.000,0.000,0.000,0.000,0.000,0.031,0.152,0.000,0.000,semi-presidential,parliamentary,parliamentary,parliamentary,parliamentary,semi-presidential,semi-presidential,electoral-authoritarian,electoral-authoritarian,parliamentary,0.800,0.800,0.800,0.800,0.800,0.800,0.800,0.500,0.500,0.800,53.9,59.9,50.4,62.3,62.4,65.1,51.0,65.2,69.1,60.0
2027-01-01,1.0250,1.0098,1.0004,1.0125,1.0876,0.9933,0.9905,1.0242,1.0469,1.0290,1.0065,1.0018,1.1140,1.0397,1.0355,1.0729,1.2388,1.0854,0.9915,1.2475,1.6156,1.0694,1.0357,1.0025,3340.47,5058.34,3975.91,2584.75,1907.48,1077.85,205.98,2581.04,1654.24,535.54,1.2076,0.6563,1.0594,1.3978,1.0309,0.5474,1.1508,0.2008,0.2350,0.2696,0.6280,0.7147,0.6034,0.6154,0.6387,0.7320,0.4969,0.6797,0.6639,0.7167,0.0224,0.0137,0.0559,0.0568,0.0624,0.0009,0.1158,0.0248,0.0308,0.0846,0.9785,0.9778,0.9895,0.9775,0.9792,0.9980,0.9679,1.0000,0.9730,1.0000,52.46,180.63,78.47,51.90,59.14,10.95,5.48,238.51,57.23,80.81,0.0000,0.0000,0.0000,0.0000,0.0000,0.0000,0.4606,0.0403,0.0000,0.0000,104304,74663,53998,54750,86225,66964,95775,572442,131417,91336,0,0,0,0,0,0,0,0,0,0,0.0000,0.0000,0.0000,0.0000,0.0000,0.0000,0.1200,0.1000,0.0000,0.0000,0,0,0,0,0,0,0,1,0,0,0,0,0,0,0,0,1,1,0,0,0.1303,0.0813,0.1395,0.0527,0.0925,0.0166,0.0797,0.1059,0.0090,0.1386,0.000,0.000,0.000,0.000,0.000,0.000,0.032,0.151,0.000,0.000,semi-presidential,parliamentary,parliamentary,parliamentary,parliamentary,semi-presidential,semi-presidential,electoral-authoritarian,electoral-authoritarian,parliamentary,0.800,0.800,0.800,0.800,0.800,0.800,0.800,0.500,0.500,0.800,57.1,62.7,52.6,65.9,65.5,68.3,53.1,68.6,72.8,62.9
2027-02-01,1.0244,1.0119,1.0025,1.0143,1.1242,0.9969,0.9894,1.0277,1.0579,1.0316,1.0072,1.0021,1.1041,1.0639,1.1004,1.0734,1.2481,1.0866,0.9904,1.0939,1.2712,1.0676,1.0231,1.0022,3349.45,5065.46,3972.95,2584.15,1906.91,1083.18,206.15,2576.97,1660.69,535.78,1.2053,0.6569,1.0615,1.3996,1.0333,0.5429,1.1513,0.2036,0.2342,0.2547,0.6174,0.7366,0.5927,0.6217,0.5791,0.7185,0.4903,0.6828,0.6676,0.6545,0.0219,0.0181,0.0445,0.0512,0.0485,0.0028,0.0750,0.0095,0.0236,0.0548,0.9593,0.9592,0.9795,0.9614,0.9618,0.9833,0.9657,1.0000,0.9593,1.0000,54.87,198.95,84.18,53.40,61.99,12.63,5.84,241.66,61.32,82.69,0.0000,0.0000,0.0000,0.0000,0.0000,0.0000,0.4608,0.0405,0.0000,0.0000,104304,74663,53998,54750,86225,66964,95775,572442,131417,91336,0,0,0,0,0,0,0,0,0,0,0.0000,0.0000,0.0000,0.0000,0.0000,0.0000,0.1300,0.1100,0.0000,0.0000,0,0,0,0,0,0,0,1,0,0,0,0,0,0,0,0,1,1,0,0,0.1307,0.0824,0.1399,0.0536,0.0925,0.0177,0.0822,0.1050,0.0092,0.1387,0.000,0.000,0.000,0.000,0.000,0.000,0.031,0.151,0.000,0.000,semi-presidential,parliamentary,parliamentary,parliamentary,parliamentary,semi-presidential,semi-presidential,electoral-authoritarian,electoral-authoritarian,parliamentary,0.800,0.800,0.840,0.800,0.800,0.800,0.800,0.500,0.500,0.800,60.1,65.7,44.8,69.5,68.3,71.4,55.2,71.9,76.6,65.5
2027-03-01,1.0226,1.0132,1.0032,1.0144,1.1477,0.9971,0.9858,1.0287,1.0581,1.0335,1.0326,1.0166,1.1006,1.0477,1.0569,1.0427,1.2506,1.0506,0.9869,1.0309,1.0761,1.0579,1.5704,1.0189,3361.35,5080.07,3995.65,2595.26,1914.39,1089.82,206.06,2578.37,1670.67,535.46,1.2016,0.6594,1.0595,1.3948,1.0311,0.5379,1.1531,0.2059,0.2329,0.2420,0.6227,0.7213,0.5675,0.5879,0.5699,0.7384,0.5200,0.6140,0.6466,0.6488,0.0263,0.0110,0.0501,0.0300,0.0419,0.0007,0.0813,0.0045,0.0119,0.0604,0.9747,0.9737,0.9875,0.9743,0.9762,0.9947,0.9682,1.0000,0.9700,1.0000,54.77,203.21,89.81,56.72,63.43,12.90,6.11,240.14,62.02,83.75,0.0000,0.0000,0.0000,0.0000,0.0000,0.0000,0.4609,0.0406,0.0000,0.0000,104304,74663,53998,54750,86225,66964,95775,572442,131417,91336,0,0,0,0,0,0,0,0,0,0,0.0000,0.0000,0.0000,0.0000,0.0000,0.0000,0.1400,0.1200,0.0000,0.0000,0,0,0,0,0,0,0,1,0,0,0,0,0,0,0,0,1,1,0,0,0.1420,0.0936,0.1552,0.0657,0.1025,0.0270,0.0929,0.1103,0.0185,0.1366,0.000,0.000,0.000,0.000,0.000,0.000,0.042,0.142,0.000,0.000,semi-presidential,parliamentary,parliamentary,parliamentary,parliamentary,semi-presidential,semi-presidential,electoral-authoritarian,electoral-authoritarian,parliamentary,0.800,0.800,0.830,0.800,0.800,0.800,0.800,0.500,0.500,0.800,63.3,68.6,46.9,72.9,71.0,74.7,57.5,74.9,80.1,68.1
2027-04-01,1.0226,1.0141,1.0058,1.0191,1.1547,0.9942,0.9828,1.0243,1.0550,1.0359,1.0514,1.0251,1.1031,1.0418,1.1211,1.0767,1.2071,1.0474,0.9838,1.0261,1.0723,1.0677,1.5456,1.0262,3377.94,5099.23,4019.25,2604.26,1921.02,1093.77,206.49,2585.94,1676.44,534.66,1.1960,0.6581,1.0542,1.3908,1.0291,0.5342,1.1517,0.2077,0.2322,0.2278,0.6299,0.7222,0.6316,0.6234,0.6134,0.7619,0.5211,0.6096,0.6735,0.6276,0.0285,0.0132,0.0481,0.0391,0.0348,0.0000,0.0804,0.0038,0.0152,0.0409,0.9804,0.9799,0.9905,0.9791,0.9807,1.0000,0.9686,1.0000,0.9744,1.0000,54.73,201.93,85.00,54.04,62.81,12.85,5.97,242.30,61.33,82.85,0.0000,0.0000,0.0000,0.0000,0.0000,0.0000,0.4610,0.0410,0.0000,0.0000,104304,74663,53998,54750,86225,66964,95775,572442,131417,91336,0,0,0,0,0,0,0,0,0,0,0.0000,0.0000,0.0000,0.0000,0.0000,0.0000,0.1500,0.1300,0.0000,0.0000,0,0,0,0,0,0,0,1,0,0,0,0,0,0,0,0,1,1,0,0,0.1530,0.0986,0.1621,0.0687,0.1094,0.0320,0.0983,0.1173,0.0234,0.1393,0.000,0.000,0.000,0.000,0.000,0.000,0.046,0.137,0.000,0.000,semi-presidential,parliamentary,parliamentary,parliamentary,parliamentary,semi-presidential,semi-presidential,electoral-authoritarian,electoral-authoritarian,parliamentary,0.800,0.800,0.820,0.800,0.800,0.830,0.800,0.500,0.500,0.800,66.4,71.6,49.3,76.4,74.0,68.1,59.7,77.7,83.9,70.5
2027-05-01,1.0238,1.0130,1.0045,1.0253,1.1557,0.9902,0.9812,1.0212,1.0504,1.0360,1.0631,1.0283,1.1070,1.0402,1.0401,1.0775,1.1841,1.0428,0.9823,1.0231,1.0673,1.0426,1.3648,1.0288,3393.58,5118.82,4037.67,2621.88,1929.66,1100.12,207.10,2593.98,1685.88,534.91,1.1943,0.6635,1.0499,1.3821,1.0258,0.5294,1.1491,0.2095,0.2310,0.2129,0.6372,0.7303,0.6641,0.6224,0.6278,0.7673,0.5411,0.6202,0.6677,0.6306,0.0186,0.0096,0.0333,0.0301,0.0207,0.0000,0.0772,0.0025,0.0100,0.0227,0.9807,0.9801,0.9907,0.9796,0.9812,1.0000,0.9693,1.0000,0.9750,1.0000,55.22,203.41,85.61,55.17,63.69,12.71,6.24,245.87,61.66,82.68,0.0000,0.0000,0.0000,0.0000,0.0000,0.0000,0.4612,0.0407,0.0000,0.0000,104304,74663,53998,54750,86225,66964,95775,572442,131417,91336,0,0,0,0,0,0,0,0,0,0,0.0000,0.0000,0.0000,0.0000,0.0000,0.0000,0.1600,0.1400,0.0000,0.0000,0,0,0,0,0,0,0,1,0,0,0,0,0,0,0,0,1,1,0,0,0.1555,0.1007,0.1650,0.0747,0.1160,0.0336,0.1001,0.1197,0.0256,0.1390,0.000,0.000,0.000,0.000,0.000,0.000,0.044,0.135,0.000,0.000,semi-presidential,parliamentary,parliamentary,parliamentary,parliamentary,semi-presidential,semi-presidential,electoral-authoritarian,electoral-authoritarian,parliamentary,0.800,0.800,0.810,0.800,0.800,0.820,0.800,0.500,0.500,0.800,25.0,74.5,51.8,80.0,77.0,71.5,62.1,80.7,87.6,72.9
2027-06-01,1.0234,1.0123,1.0022,1.0308,1.1500,0.9907,0.9819,1.0188,1.0449,1.0347,1.0695,1.0279,1.1051,1.0409,1.0389,1.0788,1.1737,1.0439,0.9940,1.0207,1.0617,1.0405,1.2288,1.0279,3409.91,5137.99,4050.93,2624.33,1937.72,1104.34,207.14,2608.70,1697.35,536.02,1.1884,0.6647,1.0468,1.3840,1.0226,0.5256,1.1494,0.2108,0.2295,0.1977,0.6590,0.7502,0.6866,0.6639,0.6424,0.7687,0.5590,0.6343,0.6701,0.6424,0.0154,0.0098,0.0281,0.0276,0.0175,0.0000,0.0670,0.0019,0.0104,0.0157,0.9797,0.9791,0.9902,0.9785,0.9801,1.0000,0.9689,1.0000,0.9737,1.0000,54.45,201.69,85.18,54.96,62.92,12.52,6.12,243.33,61.30,82.61,0.0000,0.0000,0.0000,0.0000,0.0000,0.0000,0.4605,0.0421,0.0000,0.0000,104304,74663,53998,54750,86225,66964,95775,572442,131417,91336,0,0,0,0,0,0,0,0,0,0,0.0000,0.0000,0.0000,0.0000,0.0000,0.0000,0.1700,0.1500,0.0000,0.0000,0,0,0,0,0,0,0,1,0,0,0,0,0,0,0,0,1,1,0,0,0.1521,0.0987,0.1619,0.0736,0.1136,0.0322,0.0925,0.1201,0.0246,0.1389,0.000,0.000,0.000,0.000,0.000,0.000,0.039,0.132,0.000,0.000,semi-presidential,parliamentary,parliamentary,parliamentary,parliamentary,semi-presidential,semi-presidential,electoral-authoritarian,electoral-authoritarian,parliamentary,0.800,0.800,0.800,0.800,0.800,0.810,0.800,0.500,0.500,0.800,28.0,77.6,54.5,83.9,80.1,75.0,64.6,83.7,91.3,75.4
2027-07-01,1.0209,1.0098,0.9984,1.0341,1.1399,0.9905,0.9841,1.0170,1.0385,1.0315,1.0691,1.0250,1.1001,1.0376,1.0350,1.0771,1.1635,1.0436,1.0338,1.0188,1.0547,1.0355,1.0714,1.0250,3417.68,5160.30,4057.14,2631.06,1944.03,1114.22,207.15,2612.25,1709.80,537.28,1.1854,0.6623,1.0452,1.3806,1.0200,0.5192,1.1496,0.2130,0.2279,0.1824,0.6614,0.7391,0.6894,0.6315,0.6641,0.7515,0.5636,0.6843,0.6945,0.6757,0.0121,0.0097,0.0236,0.0250,0.0152,0.0000,0.0606,0.0015,0.0103,0.0106,0.9802,0.9795,0.9904,0.9790,0.9807,1.0000,0.9694,1.0000,0.9743,1.0000,53.40,199.21,84.38,53.66,61.87,12.29,5.91,238.61,60.42,82.49,0.0000,0.0000,0.0000,0.0000,0.0000,0.0000,0.4604,0.0422,0.0000,0.0000,104304,74663,53998,54750,86225,66964,95775,572442,131417,91336,0,0,0,0,0,0,0,0,0,0,0.0000,0.0000,0.0000,0.0000,0.0000,0.0000,0.1800,0.1600,0.0000,0.0000,0,0,0,0,0,0,0,1,0,0,0,0,0,0,0,0,1,1,0,0,0.1348,0.0891,0.1428,0.0640,0.0998,0.0277,0.0817,0.1135,0.0204,0.1386,0.000,0.000,0.000,0.000,0.000,0.000,0.034,0.134,0.000,0.000,semi-presidential,parliamentary,parliamentary,parliamentary,parliamentary,semi-presidential,semi-presidential,electoral-authoritarian,electoral-authoritarian,parliamentary,0.800,0.800,0.800,0.800,0.800,0.800,0.800,0.500,0.500,0.800,31.1,70.6,57.1,87.5,83.4,78.3,67.1,87.1,95.3,78.0
2027-08-01,1.0196,1.0065,0.9946,1.0354,1.1270,0.9919,0.9864,1.0133,1.0304,1.0304,1.0605,1.0220,1.1000,1.0340,1.0314,1.0706,1.1505,1.0450,1.0332,1.0151,1.0460,1.0362,1.0627,1.0220,3425.49,5169.04,4055.74,2637.33,1949.66,1117.54,206.87,2613.77,1722.50,537.74,1.1825,0.6614,1.0453,1.3772,1.0171,0.5160,1.1513,0.2153,0.2263,0.1675,0.6530,0.7725,0.6686,0.6255,0.6716,0.7886,0.5638,0.6745,0.7149,0.6921,0.0121,0.0097,0.0235,0.0208,0.0152,0.0000,0.0609,0.0014,0.0103,0.0105,0.9804,0.9797,0.9905,0.9792,0.9810,1.0000,0.9695,1.0000,0.9746,1.0000,53.18,196.98,83.71,54.10,62.05,11.88,5.99,239.58,60.39,82.26,0.0000,0.0000,0.0000,0.0000,0.0000,0.0000,0.4603,0.0423,0.0000,0.0000,104304,74663,53998,54750,86225,66964,95775,572442,131417,91336,0,0,0,0,0,0,0,0,0,0,0.0000,0.0000,0.0000,0.0000,0.0000,0.0000,0.1900,0.1700,0.0000,0.0000,0,0,0,0,0,0,0,1,0,0,0,0,0,0,0,0,1,1,0,0,0.1319,0.0866,0.1405,0.0624,0.0975,0.0254,0.0766,0.1120,0.0188,0.1384,0.000,0.000,0.000,0.000,0.000,0.000,0.028,0.136,0.000,0.000,semi-presidential,parliamentary,parliamentary,parliamentary,parliamentary,semi-presidential,semi-presidential,electoral-authoritarian,electoral-authoritarian,parliamentary,0.800,0.800,0.800,0.800,0.800,0.800,0.800,0.500,0.500,0.800,34.1,73.8,59.7,91.0,30.0,81.9,69.6,90.4,99.3,80.7
2027-09-01,1.0205,1.0059,0.9924,1.0322,1.1142,0.9945,0.9873,1.0103,1.0259,1.0324,1.0492,1.0194,1.1031,1.0342,1.0292,1.0460,1.1375,1.0576,0.9945,1.0121,1.0413,1.0502,1.0514,1.0194,3445.29,5175.68,4070.17,2649.23,1952.38,1119.96,206.38,2611.14,1730.58,539.33,1.1784,0.6607,1.0415,1.3709,1.0155,0.5131,1.1581,0.2180,0.2254,0.1522,0.6477,0.7556,0.6524,0.6307,0.6704,0.7618,0.5506,0.6531,0.7296,0.6939,0.0112,0.0101,0.0169,0.0151,0.0148,0.0001,0.0623,0.0012,0.0104,0.0089,0.9799,0.9793,0.9903,0.9787,0.9804,1.0000,0.9687,1.0000,0.9739,1.0000,53.75,195.90,83.10,56.71,63.55,11.45,6.08,245.84,61.72,82.30,0.0000,0.0000,0.0000,0.0000,0.0000,0.0000,0.4595,0.0421,0.0000,0.0000,104304,74663,53998,54750,86225,66964,95775,572442,131417,91336,0,0,0,0,0,0,0,0,0,0,0.0000,0.0000,0.0000,0.0000,0.0000,0.0000,0.2000,0.1800,0.0000,0.0000,0,0,0,0,0,0,0,1,0,0,0,0,0,0,0,0,1,1,0,0,0.1306,0.0857,0.1409,0.0632,0.0971,0.0268,0.0744,0.1125,0.0174,0.1340,0.000,0.000,0.000,0.000,0.000,0.000,0.024,0.138,0.000,0.000,semi-presidential,parliamentary,parliamentary,parliamentary,parliamentary,semi-presidential,semi-presidential,electoral-authoritarian,electoral-authoritarian,parliamentary,0.800,0.800,0.800,0.800,0.800,0.800,0.800,0.500,0.500,0.800,37.0,76.9,62.2,94.6,33.0,85.3,72.0,93.5,100.0,83.4
2027-10-01,1.0228,1.0062,0.9900,1.0275,1.1009,0.9970,0.9880,1.0078,1.0223,1.0299,1.0381,1.0162,1.1122,1.0339,1.0260,1.0275,1.1241,1.0626,0.9985,1.0096,1.0374,1.0360,1.0402,1.0162,3442.49,5180.09,4074.65,2658.16,1952.76,1127.40,205.80,2610.89,1733.95,539.17,1.1792,0.6599,1.0400,1.3657,1.0152,0.5081,1.1614,0.2204,0.2250,0.1374,0.6592,0.7315,0.6776,0.6579,0.6522,0.7324,0.5201,0.6385,0.7094,0.7124,0.0112,0.0100,0.0096,0.0150,0.0147,0.0002,0.0817,0.0012,0.0103,0.0090,0.9804,0.9798,0.9905,0.9792,0.9808,1.0000,0.9685,1.0000,0.9745,1.0000,54.33,194.75,81.16,57.08,64.16,11.11,6.13,249.87,62.48,82.45,0.0000,0.0000,0.0000,0.0000,0.0000,0.0000,0.4599,0.0410,0.0000,0.0000,104304,74663,53998,54750,86225,66964,95775,572442,131417,91336,0,0,0,0,0,0,0,0,0,0,0.0000,0.0000,0.0000,0.0000,0.0000,0.0000,0.2100,0.1900,0.0000,0.0000,0,0,0,0,0,0,0,1,0,0,0,0,0,0,0,0,1,1,0,0,0.1232,0.0807,0.1326,0.0583,0.0907,0.0238,0.0696,0.1122,0.0149,0.1345,0.000,0.000,0.000,0.000,0.000,0.000,0.019,0.142,0.000,0.000,semi-presidential,parliamentary,parliamentary,parliamentary,parliamentary,semi-presidential,semi-presidential,electoral-authoritarian,electoral-authoritarian,parliamentary,0.800,0.800,0.800,0.800,0.800,0.800,0.800,0.500,0.500,0.800,40.0,79.9,64.8,30.0,35.9,88.5,74.2,96.6,100.0,86.3
2027-11-01,1.0234,1.0046,0.9850,1.0196,1.0847,0.9965,0.9884,1.0067,1.0170,1.0289,1.0304,1.0160,1.1055,1.0323,1.0216,1.0196,1.1080,1.0492,0.9978,1.0084,1.0318,1.0374,1.0324,1.0160,3455.32,5191.63,4089.36,2660.62,1956.80,1134.29,205.33,2613.93,1743.25,540.72,1.1748,0.6583,1.0362,1.3639,1.0129,0.5028,1.1642,0.2227,0.2239,0.1223,0.6375,0.7164,0.6737,0.6500,0.6424,0.7580,0.4962,0.6280,0.6633,0.6938,0.0110,0.0098,0.0094,0.0149,0.0146,0.0000,0.0607,0.0012,0.0103,0.0090,0.9803,0.9796,0.9904,0.9791,0.9809,1.0000,0.9692,1.0000,0.9745,1.0000,53.12,192.54,80.17,56.24,62.78,10.99,6.13,244.61,61.46,82.30,0.0000,0.0000,0.0000,0.0000,0.0000,0.0000,0.4595,0.0420,0.0000,0.0000,104304,74663,53998,54750,86225,66964,95775,572442,131417,91336,0,0,0,0,0,0,0,0,0,0,0.0000,0.0000,0.0000,0.0000,0.0000,0.0000,0.2200,0.2000,0.0000,0.0000,0,0,0,0,0,0,0,1,0,0,0,0,0,0,0,0,1,1,0,0,0.1407,0.0886,0.1535,0.0674,0.1050,0.0248,0.0685,0.1099,0.0167,0.1341,0.000,0.000,0.000,0.000,0.000,0.000,0.016,0.143,0.000,0.000,semi-presidential,parliamentary,parliamentary,parliamentary,parliamentary,semi-presidential,semi-presidential,electoral-authoritarian,electoral-authoritarian,parliamentary,0.800,0.800,0.800,0.800,0.800,0.800,0.800,0.500,0.500,0.800,42.9,82.7,67.3,33.1,38.7,30.0,76.3,99.6,100.0,89.0
2027-12-01,1.0204,1.0036,0.9842,1.0139,1.1402,0.9944,0.9907,1.0078,1.0147,1.0279,1.0214,1.0149,1.0975,1.0314,1.0210,1.0139,1.2858,1.0468,1.0441,1.0320,1.0291,1.0362,1.0233,1.0149,3471.16,5209.96,4097.35,2667.40,1962.90,1138.93,205.68,2624.93,1749.69,541.43,1.1695,0.6558,1.0341,1.3601,1.0096,0.5047,1.1623,0.2242,0.2232,0.1073,0.6489,0.7165,0.6879,0.6408,0.6453,0.7703,0.4934,0.6404,0.6807,0.7151,0.0132,0.0096,0.0207,0.0339,0.0391,0.0000,0.0600,0.0016,0.0102,0.0555,0.9803,0.9797,0.9905,0.9791,0.9808,1.0000,0.9689,1.0000,0.9745,1.0000,51.76,191.27,79.60,54.74,60.79,10.76,5.75,237.52,60.68,82.40,0.0000,0.0000,0.0000,0.0000,0.0000,0.0000,0.4597,0.0418,0.0000,0.0000,104304,74663,53998,54750,86225,66964,95775,572442,131417,91336,0,0,0,0,0,0,0,0,0,0,0.0000,0.0000,0.0000,0.0000,0.0000,0.0000,0.2300,0.2100,0.0000,0.0000,0,0,0,0,0,0,0,1,0,0,0,0,0,0,0,0,1,1,0,0,0.1358,0.0858,0.1471,0.0642,0.1002,0.0260,0.0911,0.1111,0.0164,0.1342,0.000,0.000,0.000,0.000,0.000,0.000,0.011,0.144,0.000,0.000,semi-presidential,parliamentary,parliamentary,parliamentary,parliamentary,semi-presidential,semi-presidential,electoral-authoritarian,electoral-authoritarian,parliamentary,0.800,0.800,0.800,0.800,0.800,0.800,0.800,0.500,0.500,0.800,45.9,85.6,70.0,36.1,41.5,33.3,78.4,100.0,100.0,91.8
2028-01-01,1.0182,1.0018,0.9815,1.0107,1.1768,0.9953,0.9942,1.0085,1.0142,1.0265,1.0129,1.0093,1.0961,1.0292,1.0182,1.0107,1.2923,1.0477,1.0746,1.0212,1.0286,1.0339,1.0147,1.0093,3468.66,5220.18,4090.23,2671.77,1959.63,1143.08,206.07,2629.45,1757.69,541.47,1.1704,0.6544,1.0330,1.3577,1.0112,0.5007,1.1601,0.2293,0.2202,0.0926,0.6614,0.7322,0.6719,0.6366,0.6448,0.7721,0.5302,0.6708,0.6871,0.6793,0.0135,0.0096,0.0182,0.0287,0.0332,0.0000,0.0608,0.0017,0.0102,0.0449,0.9805,0.9798,0.9905,0.9794,0.9811,1.0000,0.9691,1.0000,0.9747,1.0000,52.16,192.06,80.02,55.09,61.31,10.88,5.79,239.36,60.96,82.35,0.0000,0.0000,0.0000,0.0000,0.0000,0.0000,0.4597,0.0418,0.0000,0.0000,104304,74663,53998,54750,86225,66964,95775,572442,131417,91336,0,0,0,0,0,0,0,0,0,0,0.0000,0.0000,0.0000,0.0000,0.0000,0.0000,0.2400,0.2200,0.0000,0.0000,0,0,0,0,0,0,0,1,0,0,0,0,0,0,0,0,1,1,0,0,0.1054,0.0748,0.1121,0.0522,0.0803,0.0211,0.0864,0.1070,0.0109,0.1340,0.000,0.000,0.000,0.000,0.000,0.000,0.007,0.148,0.000,0.000,semi-presidential,parliamentary,parliamentary,parliamentary,parliamentary,semi-presidential,semi-presidential,electoral-authoritarian,electoral-authoritarian,parliamentary,0.800,0.800,0.800,0.800,0.800,0.800,0.800,0.500,0.500,0.800,48.9,88.6,72.5,39.2,44.4,36.6,80.7,100.0,100.0,94.6
2028-02-01,1.0176,1.0146,0.9827,1.0076,1.2315,0.9962,0.9972,1.0070,1.0138,1.0239,1.0103,1.0023,1.0974,1.2953,1.0513,1.0175,1.3621,1.0488,1.0693,1.0088,1.0282,1.0298,1.0121,1.0023,3450.95,5220.12,4071.86,2661.87,1959.39,1143.24,205.47,2631.33,1761.10,540.33,1.1765,0.6543,1.0378,1.3626,1.0113,0.4986,1.1635,0.2318,0.2199,0.0779,0.6398,0.7236,0.6466,0.6393,0.6106,0.7573,0.5498,0.6616,0.6879,0.6703,0.0439,0.0377,0.0375,0.0587,0.0664,0.0229,0.0667,0.0015,0.0384,0.0504,0.7745,0.7875,0.8870,0.7905,0.7755,0.8368,0.9467,1.0000,0.7902,1.0000,51.80,190.12,79.19,54.16,61.17,10.50,5.71,238.47,60.45,79.15,0.0000,0.0000,0.0000,0.0000,0.0000,0.0000,0.4596,0.0419,0.0000,0.0000,104304,74663,53998,54750,86225,66964,95775,572442,131417,91336,0,0,0,0,0,0,0,0,0,0,0.0000,0.0000,0.0000,0.0000,0.0000,0.0000,0.2500,0.2300,0.0000,0.0000,0,0,0,0,0,0,0,1,0,0,0,0,0,0,0,0,1,1,0,0,0.0916,0.0687,0.0952,0.0431,0.0672,0.0178,0.0865,0.1073,0.0073,0.1352,0.000,0.000,0.000,0.000,0.000,0.000,0.003,0.152,0.000,0.000,semi-presidential,parliamentary,parliamentary,parliamentary,parliamentary,semi-presidential,semi-presidential,electoral-authoritarian,electoral-authoritarian,parliamentary,0.800,0.800,0.800,0.800,0.800,0.800,0.800,0.500,0.500,0.800,51.8,91.5,75.0,42.3,47.1,39.8,83.1,100.0,100.0,97.2
2028-03-01,1.0177,1.0220,0.9862,1.0078,1.2613,0.9947,0.9984,1.0055,1.0137,1.0231,1.0109,0.9977,1.0986,1.2145,1.1443,1.0594,1.3597,1.0471,1.0455,1.0072,1.0296,1.0372,1.0474,0.9977,3438.65,5224.00,4051.75,2655.31,1961.24,1147.22,206.02,2633.61,1771.50,540.92,1.1809,0.6539,1.0432,1.3632,1.0105,0.4948,1.1605,0.2342,0.2187,0.0629,0.6073,0.6990,0.5932,0.5759,0.5923,0.7042,0.5084,0.6558,0.6487,0.6355,0.0406,0.0313,0.0503,0.0505,0.0568,0.0144,0.0770,0.0016,0.0377,0.0408,0.8440,0.8543,0.9216,0.8578,0.8450,0.8974,0.9510,1.0000,0.8621,1.0000,52.64,192.20,81.30,55.38,61.72,10.67,5.74,242.46,61.93,81.26,0.0000,0.0000,0.0000,0.0000,0.0000,0.0000,0.4595,0.0420,0.0000,0.0000,104304,74663,53998,54750,86225,66964,95775,572442,131417,91336,0,0,0,0,0,0,0,0,0,0,0.0000,0.0000,0.0000,0.0000,0.0000,0.0000,0.2600,0.2400,0.0000,0.0000,0,0,0,0,0,0,0,1,0,0,0,0,0,0,0,0,1,1,0,0,0.0999,0.0716,0.1050,0.0460,0.0734,0.0163,0.0871,0.1073,0.0060,0.1355,0.000,0.000,0.000,0.000,0.000,0.000,0.023,0.154,0.000,0.000,semi-presidential,parliamentary,parliamentary,parliamentary,parliamentary,semi-presidential,semi-presidential,electoral-authoritarian,electoral-authoritarian,parliamentary,0.800,0.800,0.800,0.800,0.800,0.800,0.800,0.500,0.500,0.800,54.6,94.3,67.2,45.0,49.7,42.8,85.3,100.0,100.0,99.7
2028-04-01,1.0159,1.0267,0.9902,1.0095,1.2777,0.9947,0.9983,1.0029,1.0127,1.0231,1.0073,0.9945,1.0939,1.1446,1.1527,1.0570,1.3455,1.0471,0.9995,1.0046,1.0267,1.0281,1.0090,0.9945,3428.22,5224.04,4039.80,2653.31,1958.50,1152.32,205.91,2629.19,1780.40,541.39,1.1847,0.6540,1.0466,1.3644,1.0120,0.4906,1.1613,0.2371,0.2177,0.0480,0.5880,0.6906,0.5543,0.5469,0.5898,0.7105,0.5366,0.6490,0.6594,0.6466,0.0300,0.0237,0.0400,0.0405,0.0413,0.0075,0.0683,0.0010,0.0273,0.0265,0.9031,0.9104,0.9514,0.9138,0.9044,0.9466,0.9561,1.0000,0.9199,1.0000,52.17,190.80,78.92,54.29,61.04,10.65,5.66,240.98,62.26,82.52,0.0000,0.0000,0.0000,0.0000,0.0000,0.0000,0.4597,0.0416,0.0000,0.0000,104304,74663,53998,54750,86225,66964,95775,572442,131417,91336,0,0,0,0,0,0,0,0,0,0,0.0000,0.0000,0.0000,0.0000,0.0000,0.0000,0.2700,0.2500,0.0000,0.0000,0,0,0,0,0,0,0,1,0,0,0,0,0,0,0,0,1,1,0,0,0.1153,0.0749,0.1156,0.0488,0.0810,0.0179,0.0877,0.1066,0.0108,0.1380,0.000,0.000,0.000,0.000,0.000,0.000,0.019,0.154,0.000,0.000,semi-presidential,parliamentary,parliamentary,parliamentary,parliamentary,semi-presidential,semi-presidential,electoral-authoritarian,electoral-authoritarian,parliamentary,0.800,0.800,0.800,0.800,0.800,0.800,0.800,0.500,0.500,0.800,57.2,97.1,69.2,47.5,52.3,45.7,87.6,100.0,100.0,100.0
2028-05-01,1.0133,1.0295,0.9933,1.0118,1.2797,0.9952,0.9972,1.0021,1.0123,1.0243,1.0041,0.9929,1.0909,1.1039,1.1323,1.0621,1.3093,1.0478,0.9984,1.0036,1.0263,1.0527,1.0057,0.9929,3432.03,5233.72,4030.22,2658.85,1965.96,1158.05,205.95,2631.21,1785.46,542.32,1.1837,0.6529,1.0494,1.3618,1.0083,0.4862,1.1611,0.2396,0.2172,0.0330,0.5813,0.6877,0.5421,0.5507,0.5787,0.7267,0.5386,0.6295,0.6690,0.6667,0.0231,0.0184,0.0328,0.0341,0.0274,0.0039,0.0659,0.0011,0.0205,0.0121,0.9410,0.9434,0.9706,0.9460,0.9431,0.9724,0.9639,1.0000,0.9467,1.0000,51.66,190.13,77.39,54.13,60.29,10.83,5.65,239.09,62.18,82.49,0.0000,0.0000,0.0000,0.0000,0.0000,0.0000,0.4595,0.0421,0.0000,0.0000,104304,74663,53998,54750,86225,66964,95775,572442,131417,91336,0,0,0,0,0,0,0,0,0,0,0.0000,0.0000,0.0000,0.0000,0.0000,0.0000,0.2800,0.2600,0.0000,0.0000,0,0,0,0,0,0,0,1,0,0,0,0,0,0,0,0,1,1,0,0,0.1234,0.0780,0.1250,0.0516,0.0872,0.0174,0.0874,0.1061,0.0107,0.1394,0.000,0.000,0.000,0.000,0.000,0.000,0.017,0.154,0.000,0.000,semi-presidential,parliamentary,parliamentary,parliamentary,parliamentary,semi-presidential,semi-presidential,electoral-authoritarian,electoral-authoritarian,parliamentary,0.800,0.800,0.800,0.800,0.800,0.800,0.800,0.500,0.500,0.800,59.8,99.8,71.1,50.0,54.8,48.8,90.0,100.0,100.0,100.0
2028-06-01,1.0126,1.0308,0.9943,1.0135,1.2678,0.9936,0.9977,1.0027,1.0102,1.0223,1.0042,0.9929,1.0918,1.0616,1.0596,1.0498,1.2892,1.0459,1.0006,1.0086,1.0241,1.0273,1.0059,0.9930,3443.50,5236.92,4035.64,2662.88,1971.18,1160.24,205.91,2634.09,1792.95,542.09,1.1799,0.6546,1.0484,1.3599,1.0056,0.4833,1.1614,0.2419,0.2155,0.0181,0.5993,0.6991,0.5487,0.5882,0.6357,0.7413,0.5298,0.6389,0.6510,0.6889,0.0132,0.0109,0.0240,0.0208,0.0161,0.0001,0.0651,0.0011,0.0115,0.0089,0.9784,0.9779,0.9897,0.9772,0.9788,0.9992,0.9700,1.0000,0.9724,1.0000,52.18,191.76,78.42,54.27,61.48,10.92,5.72,243.22,62.77,82.77,0.0000,0.0000,0.0000,0.0000,0.0000,0.0000,0.4588,0.0420,0.0000,0.0000,104304,74663,53998,54750,86225,66964,95775,572442,131417,91336,0,0,0,0,0,0,0,0,0,0,0.0000,0.0000,0.0000,0.0000,0.0000,0.0000,0.2900,0.2700,0.0000,0.0000,0,0,0,0,0,0,0,1,0,0,0,0,0,0,0,0,1,1,0,0,0.1336,0.0832,0.1368,0.0568,0.0959,0.0165,0.0737,0.1050,0.0111,0.1397,0.000,0.000,0.000,0.000,0.000,0.000,0.017,0.155,0.000,0.000,semi-presidential,parliamentary,parliamentary,parliamentary,parliamentary,semi-presidential,semi-presidential,electoral-authoritarian,electoral-authoritarian,parliamentary,0.800,0.800,0.800,0.800,0.800,0.800,0.800,0.500,0.500,0.800,62.5,100.0,73.1,52.8,57.6,51.9,92.3,100.0,30.0,100.0
2028-07-01,1.0098,1.0294,0.9980,1.0136,1.2452,0.9921,0.9985,1.0047,1.0067,1.0213,1.0039,0.9953,1.0887,1.0594,1.1570,1.0490,1.2667,1.0449,1.0156,1.0437,1.0206,1.0266,1.0056,0.9960,3451.60,5253.53,4040.06,2664.04,1977.53,1161.78,205.30,2635.15,1800.11,541.85,1.1773,0.6526,1.0475,1.3594,1.0024,0.4806,1.1650,0.2492,0.2139,0.0033,0.6231,0.7153,0.5935,0.6071,0.6550,0.7259,0.5324,0.6409,0.6397,0.6814,0.0215,0.0140,0.0326,0.0241,0.0238,0.0000,0.0649,0.0015,0.0176,0.0136,0.9789,0.9783,0.9899,0.9777,0.9794,1.0000,0.9708,1.0000,0.9728,1.0000,51.27,190.56,79.43,54.44,60.77,11.07,5.68,237.04,61.53,82.80,0.0000,0.0000,0.0000,0.0000,0.0000,0.0000,0.4584,0.0435,0.0000,0.0000,104304,74663,53998,54750,86225,66964,95775,572442,131417,91336,0,0,0,0,0,0,0,0,0,0,0.0000,0.0000,0.0000,0.0000,0.0000,0.0000,0.3000,0.2800,0.0000,0.0000,0,0,0,0,0,0,0,1,0,0,0,0,0,0,0,0,1,1,0,0,0.1347,0.0844,0.1387,0.0593,0.0975,0.0166,0.0608,0.1017,0.0119,0.1385,0.000,0.000,0.000,0.000,0.000,0.000,0.019,0.154,0.000,0.000,semi-presidential,parliamentary,parliamentary,parliamentary,parliamentary,semi-presidential,semi-presidential,electoral-authoritarian,electoral-authoritarian,parliamentary,0.800,0.800,0.800,0.800,0.800,0.800,0.800,0.500,0.500,0.800,65.3,100.0,75.2,55.6,60.5,54.9,94.6,100.0,32.8,100.0
2028-08-01,1.0090,1.0298,1.0010,1.0133,1.2221,0.9893,1.0018,1.0068,1.0054,1.0202,1.0029,0.9989,1.0899,1.0604,1.1345,1.0439,1.2437,1.0416,1.0741,1.0460,1.0192,1.0265,1.0046,0.9998,3451.58,5254.52,4049.02,2671.43,1988.77,1167.07,204.68,2635.18,1805.37,541.84,1.1774,0.6526,1.0494,1.3557,0.9968,0.4805,1.1687,0.2515,0.2125,-0.0116,0.6293,0.7264,0.6101,0.6088,0.6684,0.7129,0.5070,0.6624,0.6345,0.6656,0.0216,0.0132,0.0330,0.0211,0.0235,0.0000,0.0682,0.0018,0.0159,0.0156,0.9786,0.9780,0.9898,0.9773,0.9789,1.0000,0.9704,1.0000,0.9723,1.0000,52.10,192.63,81.38,56.01,62.14,11.23,5.81,241.82,62.44,82.90,0.0000,0.0000,0.0000,0.0000,0.0000,0.0000,0.4584,0.0435,0.0000,0.0000,104304,74663,53998,54750,86225,66964,95775,572442,131417,91336,0,0,0,0,0,0,0,0,0,0,0.0000,0.0000,0.0000,0.0000,0.0000,0.0000,0.3100,0.2900,0.0000,0.0000,0,0,0,0,0,0,0,1,0,0,0,0,0,0,0,0,1,1,0,0,0.1374,0.0873,0.1415,0.0621,0.0997,0.0187,0.0615,0.1051,0.0140,0.1373,0.000,0.000,0.000,0.000,0.000,0.000,0.021,0.152,0.000,0.000,semi-presidential,parliamentary,parliamentary,parliamentary,parliamentary,semi-presidential,semi-presidential,electoral-authoritarian,electoral-authoritarian,parliamentary,0.800,0.800,0.800,0.800,0.800,0.800,0.800,0.500,0.500,0.800,68.1,100.0,77.5,58.5,63.4,52.9,96.8,100.0,35.6,100.0
2028-09-01,1.0071,1.0296,1.0058,1.0093,1.1977,0.9876,1.0025,1.0062,1.0069,1.0174,1.0010,1.0000,1.0862,1.0600,1.1880,1.0093,1.2195,1.0395,1.0050,1.0079,1.0210,1.0218,1.0027,1.0003,3465.81,5276.59,4054.84,2675.35,1992.89,1170.14,203.84,2638.48,1816.32,541.71,1.1727,0.6499,1.0480,1.3538,0.9948,0.4771,1.1737,0.2535,0.2134,-0.0265,0.6198,0.7163,0.6391,0.6339,0.6998,0.7456,0.4832,0.6303,0.6157,0.6614,0.0208,0.0147,0.0183,0.0243,0.0239,0.0000,0.0563,0.0011,0.0162,0.0107,0.9787,0.9781,0.9898,0.9775,0.9791,1.0000,0.9706,1.0000,0.9725,1.0000,51.40,191.09,78.69,55.54,62.12,11.20,5.65,239.59,62.19,82.95,0.0000,0.0000,0.0000,0.0000,0.0000,0.0000,0.4585,0.0434,0.0000,0.0000,104304,74663,53998,54750,86225,66964,95775,572442,131417,91336,0,0,0,0,0,0,0,0,0,0,0.0000,0.0000,0.0000,0.0000,0.0000,0.0000,0.3200,0.2600,0.0000,0.0000,0,0,0,0,0,0,0,1,0,0,0,0,0,0,0,0,1,1,0,0,0.1361,0.0876,0.1425,0.0629,0.1006,0.0188,0.0587,0.1044,0.0145,0.1353,0.000,0.000,0.000,0.000,0.000,0.000,0.021,0.152,0.000,0.000,semi-presidential,parliamentary,parliamentary,parliamentary,parliamentary,semi-presidential,semi-presidential,electoral-authoritarian,electoral-authoritarian,parliamentary,0.800,0.800,0.800,0.800,0.800,0.800,0.800,0.470,0.500,0.800,70.9,100.0,79.9,61.5,66.6,56.1,98.8,100.0,38.2,100.0
2028-10-01,1.0043,1.0288,1.0095,1.0040,1.1755,0.9860,1.0049,1.0078,1.0059,1.0140,0.9967,1.0020,1.0823,1.0590,1.1703,1.0040,1.1973,1.0376,1.0626,1.0408,1.0199,1.0187,0.9983,1.0024,3490.70,5288.22,4066.12,2680.04,1998.72,1177.23,203.57,2646.23,1825.64,541.44,1.1646,0.6485,1.0453,1.3514,0.9960,0.4722,1.1755,0.2551,0.2116,-0.0413,0.6389,0.7348,0.6538,0.6363,0.6911,0.7393,0.4643,0.6186,0.6385,0.6648,0.0225,0.0139,0.0205,0.0229,0.0246,0.0000,0.0588,0.0017,0.0154,0.0149,0.9788,0.9782,0.9899,0.9776,0.9793,1.0000,0.9709,1.0000,0.9727,1.0000,51.12,191.77,79.50,55.39,61.74,11.35,5.62,237.88,62.10,82.94,0.0000,0.0000,0.0000,0.0000,0.0000,0.0000,0.4584,0.0436,0.0000,0.0000,104304,74663,53998,54750,86225,66964,95775,572442,131417,91336,0,0,0,0,0,0,0,0,0,0,0.0000,0.0000,0.0000,0.0000,0.0000,0.0000,0.3300,0.2700,0.0000,0.0000,0,0,0,0,0,0,0,1,0,0,0,0,0,0,0,0,1,1,0,0,0.1370,0.0892,0.1439,0.0644,0.1019,0.0199,0.0593,0.1080,0.0157,0.1351,0.000,0.000,0.000,0.000,0.000,0.000,0.020,0.147,0.000,0.000,semi-presidential,parliamentary,parliamentary,parliamentary,parliamentary,semi-presidential,semi-presidential,electoral-authoritarian,electoral-authoritarian,parliamentary,0.800,0.800,0.800,0.800,0.800,0.800,0.800,0.480,0.500,0.800,73.8,100.0,82.4,64.5,69.7,59.2,100.0,100.0,41.0,100.0
2028-11-01,1.0041,1.0276,1.0101,0.9997,1.1540,0.9838,1.0070,1.0073,1.0061,1.0091,0.9929,1.0030,1.0846,1.0577,1.0591,0.9997,1.1765,1.0350,1.0535,1.0091,1.0201,1.0125,0.9944,1.0033,3508.84,5305.20,4086.83,2687.00,2008.19,1181.81,203.21,2645.66,1828.86,540.78,1.1588,0.6465,1.0401,1.3479,0.9914,0.4684,1.1778,0.2574,0.2104,-0.0562,0.6525,0.7344,0.6572,0.6436,0.6761,0.7550,0.4792,0.6420,0.6591,0.6647,0.0133,0.0104,0.0112,0.0155,0.0165,0.0000,0.0586,0.0014,0.0110,0.0104,0.9789,0.9783,0.9899,0.9777,0.9794,1.0000,0.9710,1.0000,0.9728,1.0000,52.20,192.86,80.20,56.75,63.00,11.36,5.62,243.78,63.48,82.79,0.0000,0.0000,0.0000,0.0000,0.0000,0.0000,0.4584,0.0436,0.0000,0.0000,104304,74663,53998,54750,86225,66964,95775,572442,131417,91336,0,0,0,0,0,0,0,0,0,0,0.0000,0.0000,0.0000,0.0000,0.0000,0.0000,0.3400,0.2800,0.0000,0.0000,0,0,0,0,0,0,0,1,0,0,0,0,0,0,0,0,1,1,0,0,0.1381,0.0898,0.1444,0.0655,0.1025,0.0260,0.0599,0.1161,0.0164,0.1350,0.000,0.000,0.000,0.000,0.000,0.000,0.019,0.141,0.000,0.000,semi-presidential,parliamentary,parliamentary,parliamentary,parliamentary,semi-presidential,semi-presidential,electoral-authoritarian,electoral-authoritarian,parliamentary,0.800,0.800,0.800,0.800,0.800,0.800,0.800,0.490,0.500,0.800,76.8,100.0,84.9,67.5,72.7,62.4,100.0,100.0,44.0,100.0
2028-12-01,1.0040,1.0271,1.0104,0.9965,1.1303,0.9821,1.0101,1.0041,1.0050,1.0056,0.9946,1.0019,1.0847,1.0579,1.0491,0.9965,1.1528,1.0330,1.0828,1.0058,1.0189,1.0091,1.0401,1.0019,3513.66,5320.28,4099.10,2689.21,2014.19,1188.14,202.07,2654.43,1837.99,540.51,1.1571,0.6447,1.0371,1.3469,0.9885,0.4639,1.1846,0.2589,0.2116,-0.0710,0.6596,0.7489,0.6895,0.6491,0.6946,0.7443,0.4829,0.6282,0.6599,0.6497,0.0147,0.0101,0.0131,0.0149,0.0173,0.0000,0.0607,0.0018,0.0109,0.0130,0.9784,0.9778,0.9897,0.9772,0.9789,1.0000,0.9706,1.0000,0.9723,1.0000,52.34,192.36,79.50,56.59,63.02,11.13,5.58,245.15,63.69,82.47,0.0000,0.0000,0.0000,0.0000,0.0000,0.0000,0.4583,0.0437,0.0000,0.0000,104304,74663,53998,54750,86225,66964,95775,572442,131417,91336,0,0,0,0,0,0,0,0,0,0,0.0000,0.0000,0.0000,0.0000,0.0000,0.0000,0.3500,0.2900,0.0000,0.0000,0,0,0,0,0,0,0,1,0,0,0,0,0,0,0,0,1,1,0,0,0.1302,0.0853,0.1358,0.0611,0.0962,0.0238,0.0533,0.1139,0.0198,0.1348,0.000,0.000,0.000,0.000,0.000,0.000,0.017,0.142,0.000,0.000,semi-presidential,parliamentary,parliamentary,parliamentary,parliamentary,semi-presidential,semi-presidential,electoral-authoritarian,electoral-authoritarian,parliamentary,0.800,0.800,0.800,0.800,0.800,0.800,0.800,0.500,0.500,0.800,79.8,100.0,87.5,70.6,75.9,65.5,100.0,100.0,46.9,100.0
2029-01-01,1.0078,1.0252,1.0127,0.9930,1.1091,0.9833,1.0116,1.0013,1.0022,1.0035,0.9940,1.0010,1.1446,1.0554,1.1218,0.9930,1.1315,1.0341,1.0475,1.0029,1.0158,1.0073,0.9956,1.0010,3519.95,5328.81,4106.59,2693.88,2023.98,1193.29,201.58,2654.80,1846.49,541.62,1.1550,0.6438,1.0350,1.3447,0.9839,0.4598,1.1878,0.2611,0.2098,-0.0857,0.6460,0.7534,0.6991,0.6369,0.6873,0.7707,0.4536,0.6685,0.6855,0.6522,0.0203,0.0153,0.0168,0.0223,0.0237,0.0024,0.0836,0.0013,0.0153,0.0107,0.9788,0.9782,0.9899,0.9776,0.9794,1.0000,0.9709,1.0000,0.9728,1.0000,52.83,191.76,78.88,56.80,63.97,10.85,5.68,248.95,63.99,82.14,0.0000,0.0000,0.0000,0.0000,0.0000,0.0000,0.4583,0.0437,0.0000,0.0000,104304,74663,53998,54750,86225,66964,95775,572442,131417,91336,0,0,0,0,0,0,0,0,0,0,0.0000,0.0000,0.0000,0.0000,0.0000,0.0000,0.3600,0.3000,0.0000,0.0000,0,0,0,0,0,0,0,1,0,0,0,0,0,0,0,0,1,1,0,0,0.1317,0.0854,0.1375,0.0612,0.0970,0.0235,0.0602,0.1161,0.0197,0.1345,0.000,0.000,0.000,0.000,0.000,0.000,0.019,0.143,0.000,0.000,semi-presidential,parliamentary,parliamentary,parliamentary,parliamentary,semi-presidential,semi-presidential,electoral-authoritarian,electoral-authoritarian,parliamentary,0.800,0.800,0.800,0.800,0.800,0.800,0.800,0.500,0.500,0.800,87.8,100.0,90.2,73.6,78.9,68.8,100.0,100.0,50.0,100.0
2029-02-01,1.0115,1.0214,1.0136,0.9873,1.0885,0.9842,1.0125,1.0023,1.0030,1.0032,0.9962,1.0001,1.1449,1.0506,1.0733,0.9873,1.1109,1.0348,1.0315,1.0214,1.0200,1.0081,1.0552,1.0001,3531.38,5348.53,4110.91,2701.13,2033.30,1197.89,200.60,2665.35,1859.44,542.28,1.1513,0.6415,1.0369,1.3412,0.9794,0.4560,1.1938,0.2624,0.2076,-0.1004,0.6380,0.7393,0.6846,0.6406,0.6994,0.7647,0.4485,0.6306,0.6852,0.6851,0.0188,0.0135,0.0158,0.0188,0.0217,0.0022,0.0856,0.0018,0.0133,0.0129,0.9795,0.9788,0.9902,0.9783,0.9801,1.0000,0.9713,1.0000,0.9735,1.0000,53.11,192.95,79.63,56.82,64.33,11.04,5.76,249.54,64.45,82.50,0.0000,0.0000,0.0000,0.0000,0.0000,0.0000,0.4583,0.0436,0.0000,0.0000,104304,74663,53998,54750,86225,66964,95775,572442,131417,91336,0,0,0,0,0,0,0,0,0,0,0.0000,0.0000,0.0000,0.0000,0.0000,0.0000,0.3700,0.3100,0.0000,0.0000,0,0,0,0,0,0,0,1,0,0,0,0,0,0,0,0,1,1,0,0,0.1300,0.0846,0.1364,0.0604,0.0960,0.0229,0.0587,0.1146,0.0189,0.1346,0.000,0.000,0.000,0.000,0.000,0.000,0.016,0.145,0.000,0.000,semi-presidential,parliamentary,parliamentary,parliamentary,parliamentary,semi-presidential,semi-presidential,electoral-authoritarian,electoral-authoritarian,parliamentary,0.800,0.800,0.800,0.800,0.800,0.800,0.800,0.500,0.500,0.800,90.6,100.0,92.9,76.7,82.1,72.1,100.0,100.0,53.0,100.0
2029-03-01,1.0151,1.0199,1.0095,0.9821,1.0674,0.9851,1.0111,1.0037,1.0035,1.0032,0.9979,1.0036,1.1560,1.0498,1.0477,0.9821,1.0898,1.0355,1.0125,1.0350,1.0171,1.0081,1.0459,1.0045,3548.22,5361.74,4122.05,2701.10,2040.74,1206.80,199.95,2674.96,1871.61,543.18,1.1459,0.6395,1.0344,1.3413,0.9760,0.4506,1.1978,0.2637,0.2055,-0.1081,0.6441,0.7511,0.6755,0.6524,0.7190,0.7625,0.4284,0.6529,0.7027,0.6949,0.0175,0.0132,0.0145,0.0177,0.0205,0.0026,0.0859,0.0016,0.0128,0.0126,0.9790,0.9783,0.9899,0.9778,0.9795,1.0000,0.9706,1.0000,0.9729,1.0000,53.45,194.50,80.46,57.41,64.94,11.21,5.76,251.91,65.25,82.67,0.0000,0.0000,0.0000,0.0000,0.0000,0.0000,0.4584,0.0435,0.0000,0.0000,104304,74663,53998,54750,86225,66964,95775,572442,131417,91336,0,0,0,0,0,0,0,0,0,0,0.0000,0.0000,0.0000,0.0000,0.0000,0.0000,0.3800,0.3200,0.0000,0.0000,0,0,0,0,0,0,0,1,0,0,0,0,0,0,0,0,1,1,0,0,0.1380,0.0898,0.1453,0.0658,0.1031,0.0251,0.0564,0.1156,0.0218,0.1348,0.000,0.000,0.000,0.000,0.000,0.000,0.014,0.143,0.000,0.000,semi-presidential,parliamentary,parliamentary,parliamentary,parliamentary,semi-presidential,semi-presidential,electoral-authoritarian,electoral-authoritarian,parliamentary,0.800,0.800,0.800,0.800,0.800,0.800,0.800,0.500,0.500,0.780,93.6,30.0,95.4,79.8,85.4,75.4,100.0,100.0,56.2,100.0
2029-04-01,1.0199,1.0177,1.0048,0.9743,1.0484,0.9861,1.0112,1.0051,1.0027,1.0025,1.0008,1.0075,1.1885,1.0473,1.0431,0.9743,1.0707,1.0364,1.0126,1.0326,1.0162,1.0070,1.0754,1.0083,3564.00,5376.26,4135.31,2710.20,2040.34,1211.14,199.46,2683.09,1885.05,543.15,1.1409,0.6375,1.0313,1.3369,0.9763,0.4469,1.2008,0.2652,0.2032,-0.1210,0.6555,0.7487,0.6838,0.6453,0.7163,0.7805,0.4244,0.6660,0.7171,0.7131,0.0200,0.0149,0.0163,0.0192,0.0228,0.0041,0.0870,0.0018,0.0138,0.0134,0.9792,0.9785,0.9900,0.9780,0.9798,1.0000,0.9707,1.0000,0.9732,1.0000,53.34,194.91,81.11,57.34,64.94,11.41,5.72,250.72,65.27,82.89,0.0000,0.0000,0.0000,0.0000,0.0000,0.0000,0.4584,0.0435,0.0000,0.0000,104304,74663,53998,54750,86225,66964,95775,572442,131417,91336,0,0,0,0,0,0,0,0,0,0,0.0000,0.0000,0.0000,0.0000,0.0000,0.0000,0.3900,0.3300,0.0000,0.0000,0,0,0,0,0,0,0,1,0,0,0,0,0,0,0,0,1,1,0,0,0.1413,0.0927,0.1484,0.0684,0.1064,0.0281,0.0627,0.1189,0.0243,0.1359,0.000,0.000,0.000,0.000,0.000,0.000,0.012,0.141,0.000,0.000,semi-presidential,parliamentary,parliamentary,parliamentary,parliamentary,semi-presidential,semi-presidential,electoral-authoritarian,electoral-authoritarian,parliamentary,0.800,0.800,0.800,0.800,0.800,0.800,0.800,0.500,0.500,0.790,96.5,33.2,98.1,82.8,88.6,78.7,100.0,100.0,59.5,100.0
2029-05-01,1.0251,1.0190,1.0019,0.9693,1.0344,0.9871,1.0126,1.0049,1.0003,1.0031,1.0045,1.0106,1.2158,1.0526,1.0404,0.9693,1.0566,1.0373,1.0465,1.0066,1.0135,1.0184,1.1025,1.0112,3585.37,5388.15,4156.30,2717.37,2052.91,1215.11,199.02,2697.09,1897.29,544.20,1.1341,0.6360,1.0264,1.3334,0.9703,0.4433,1.2034,0.2661,0.2011,-0.1353,0.6629,0.7419,0.6964,0.6553,0.7153,0.7659,0.4270,0.6516,0.7389,0.6972,0.0224,0.0167,0.0179,0.0208,0.0249,0.0055,0.0883,0.0019,0.0151,0.0139,0.9761,0.9752,0.9885,0.9752,0.9771,0.9975,0.9702,1.0000,0.9703,1.0000,53.23,194.59,81.19,57.57,65.09,11.34,5.72,251.68,65.60,82.10,0.0000,0.0000,0.0000,0.0000,0.0000,0.0000,0.4584,0.0436,0.0000,0.0000,104304,74663,53998,54750,86225,66964,95775,572442,131417,91336,0,0,0,0,0,0,0,0,0,0,0.0000,0.0000,0.0000,0.0000,0.0000,0.0000,0.4000,0.3400,0.0000,0.0000,0,0,0,0,0,0,0,1,0,0,0,0,0,0,0,0,1,1,0,0,0.1439,0.0949,0.1507,0.0706,0.1086,0.0304,0.0689,0.1229,0.0264,0.1349,0.000,0.000,0.000,0.000,0.000,0.000,0.009,0.141,0.000,0.000,semi-presidential,parliamentary,parliamentary,parliamentary,parliamentary,semi-presidential,semi-presidential,electoral-authoritarian,electoral-authoritarian,parliamentary,0.800,0.800,0.800,0.800,0.800,0.800,0.800,0.500,0.500,0.800,99.6,36.4,100.0,85.9,91.9,82.0,100.0,100.0,62.9,100.0
2029-06-01,1.0265,1.0219,0.9975,0.9661,1.0192,0.9885,1.0120,1.0074,0.9974,1.0030,1.0063,1.0132,1.1097,1.0935,1.0352,0.9661,1.0413,1.0383,1.0134,1.0553,1.0102,1.0080,1.0538,1.0136,3604.59,5407.61,4179.58,2724.19,2056.54,1224.49,198.68,2705.68,1906.67,544.21,1.1282,0.6337,1.0209,1.3301,0.9686,0.4378,1.2055,0.2666,0.1994,-0.1502,0.6699,0.7359,0.7130,0.6562,0.7314,0.7451,0.4300,0.6694,0.7512,0.7038,0.0198,0.0145,0.0162,0.0192,0.0224,0.0035,0.0639,0.0017,0.0141,0.0135,0.9431,0.9462,0.9716,0.9479,0.9443,0.9751,0.9639,1.0000,0.9486,1.0000,54.50,197.12,83.09,58.83,66.35,11.65,5.70,256.71,66.25,83.58,0.0000,0.0000,0.0000,0.0000,0.0000,0.0000,0.4580,0.0428,0.0000,0.0000,104304,74663,53998,54750,86225,66964,95775,572442,131417,91336,0,0,0,0,0,0,0,0,0,0,0.0000,0.0000,0.0000,0.0000,0.0000,0.0000,0.4100,0.3500,0.0000,0.0000,0,0,0,0,0,0,0,1,0,0,0,0,0,0,0,0,1,1,0,0,0.1461,0.0966,0.1527,0.0726,0.1110,0.0318,0.0684,0.1234,0.0279,0.1355,0.000,0.000,0.000,0.000,0.000,0.000,0.006,0.140,0.000,0.000,semi-presidential,parliamentary,parliamentary,parliamentary,parliamentary,semi-presidential,semi-presidential,electoral-authoritarian,electoral-authoritarian,parliamentary,0.800,0.800,0.800,0.800,0.800,0.800,0.800,0.500,0.500,0.800,100.0,39.5,100.0,89.0,95.2,85.2,100.0,100.0,66.4,100.0
2029-07-01,1.0260,1.0211,0.9956,0.9683,1.0073,0.9880,1.0096,1.0081,0.9961,1.0029,1.0072,1.0151,1.1081,1.0514,1.0341,1.0096,1.0294,1.0379,1.0109,1.0459,1.0086,1.0355,1.0527,1.0155,3627.41,5426.63,4188.00,2727.67,2069.25,1235.63,198.17,2719.78,1920.12,546.12,1.1212,0.6314,1.0191,1.3286,0.9628,0.4319,1.2086,0.2665,0.1972,-0.1645,0.6746,0.7480,0.7167,0.6530,0.7076,0.7726,0.4444,0.6539,0.7386,0.6905,0.0142,0.0104,0.0268,0.0214,0.0171,0.0000,0.0740,0.0017,0.0108,0.0126,0.9787,0.9781,0.9898,0.9775,0.9792,1.0000,0.9711,1.0000,0.9726,1.0000,54.03,196.85,83.15,55.69,64.19,11.86,5.43,252.39,65.31,83.10,0.0000,0.0000,0.0000,0.0000,0.0000,0.0000,0.4584,0.0435,0.0000,0.0000,104304,74663,53998,54750,86225,66964,95775,572442,131417,91336,0,0,0,0,0,0,0,0,0,0,0.0000,0.0000,0.0000,0.0000,0.0000,0.0000,0.4200,0.3600,0.0000,0.0000,0,0,0,0,0,0,0,1,0,0,0,0,0,0,0,0,1,1,0,0,0.1491,0.0979,0.1548,0.0725,0.1126,0.0370,0.0723,0.1280,0.0293,0.1384,0.000,0.000,0.000,0.000,0.000,0.000,0.001,0.135,0.000,0.000,semi-presidential,parliamentary,parliamentary,parliamentary,parliamentary,semi-presidential,semi-presidential,electoral-authoritarian,electoral-authoritarian,parliamentary,0.800,0.800,0.800,0.800,0.800,0.800,0.800,0.500,0.500,0.800,100.0,42.7,100.0,92.1,98.4,88.5,100.0,100.0,69.8,100.0
2029-08-01,1.0269,1.0214,0.9964,0.9724,1.0010,0.9843,1.0089,1.0086,0.9943,1.0037,1.0127,1.0123,1.1080,1.0509,1.0489,1.0190,1.0227,1.0329,1.0102,1.0215,1.0064,1.0213,1.1571,1.0123,3632.41,5438.75,4200.99,2731.68,2078.26,1241.30,197.70,2736.94,1927.56,546.96,1.1197,0.6300,1.0212,1.3269,0.9585,0.4299,1.2116,0.2662,0.1957,-0.1791,0.6793,0.7646,0.6993,0.6448,0.7209,0.8027,0.4482,0.6530,0.7418,0.7100,0.0168,0.0110,0.0270,0.0276,0.0190,0.0000,0.0761,0.0019,0.0111,0.0151,0.9794,0.9788,0.9901,0.9781,0.9798,1.0000,0.9708,1.0000,0.9734,1.0000,54.75,197.50,82.35,56.36,64.82,11.98,5.44,256.12,66.01,83.30,0.0000,0.0000,0.0000,0.0000,0.0000,0.0000,0.4580,0.0420,0.0000,0.0000,104304,74663,53998,54750,86225,66964,95775,572442,131417,91336,0,0,0,0,0,0,0,0,0,0,0.0000,0.0000,0.0000,0.0000,0.0000,0.0000,0.4300,0.3700,0.0000,0.0000,0,0,0,0,0,0,0,1,0,0,0,0,0,0,0,0,1,1,0,0,0.1316,0.0933,0.1347,0.0619,0.0979,0.0332,0.0740,0.1263,0.0248,0.1387,0.000,0.000,0.000,0.000,0.000,0.000,0.000,0.138,0.000,0.000,semi-presidential,parliamentary,parliamentary,parliamentary,parliamentary,semi-presidential,semi-presidential,electoral-authoritarian,electoral-authoritarian,parliamentary,0.800,0.800,0.800,0.800,0.800,0.800,0.800,0.500,0.500,0.800,100.0,46.0,30.0,95.2,100.0,92.0,100.0,100.0,73.2,100.0
2029-09-01,1.0252,1.0178,0.9976,0.9780,0.9950,0.9831,1.0081,1.0067,0.9958,1.0049,1.0171,1.0094,1.1052,1.0466,1.0695,1.0263,1.0167,1.0320,1.0093,1.0082,1.0268,1.0318,1.1302,1.0094,3637.47,5434.98,4194.06,2732.23,2080.79,1247.91,197.54,2744.24,1938.05,547.33,1.1183,0.6305,1.0231,1.3329,0.9573,0.4259,1.2126,0.2668,0.1938,-0.1939,0.6616,0.7509,0.6957,0.6360,0.7188,0.7852,0.4475,0.6822,0.7062,0.7062,0.0165,0.0116,0.0265,0.0306,0.0197,0.0000,0.0726,0.0024,0.0124,0.0139,0.9796,0.9789,0.9902,0.9785,0.9803,1.0000,0.9716,1.0000,0.9738,1.0000,53.92,195.72,81.13,55.70,63.64,11.93,5.33,250.56,65.28,83.15,0.0000,0.0000,0.0000,0.0000,0.0000,0.0000,0.4582,0.0429,0.0000,0.0000,104304,74663,53998,54750,86225,66964,95775,572442,131417,91336,0,0,0,0,0,0,0,0,0,0,0.0000,0.0000,0.0000,0.0000,0.0000,0.0000,0.4400,0.3800,0.0000,0.0000,0,0,0,0,0,0,0,1,0,0,0,0,0,0,0,0,1,1,0,0,0.1288,0.0912,0.1323,0.0598,0.0957,0.0314,0.0720,0.1225,0.0230,0.1386,0.000,0.000,0.000,0.000,0.000,0.000,0.000,0.140,0.000,0.000,semi-presidential,parliamentary,parliamentary,parliamentary,parliamentary,semi-presidential,semi-presidential,electoral-authoritarian,electoral-authoritarian,parliamentary,0.800,0.800,0.800,0.800,0.800,0.800,0.800,0.500,0.500,0.800,100.0,49.3,33.2,98.2,100.0,95.4,100.0,100.0,76.4,100.0
2029-10-01,1.0255,1.0173,1.0000,0.9850,0.9891,0.9813,1.0076,1.0037,0.9968,1.0050,1.0190,1.0088,1.1067,1.0466,1.1131,1.0339,1.0119,1.0297,1.0088,1.0052,1.0164,1.0079,1.0700,1.0088,3646.21,5445.58,4202.29,2744.38,2086.43,1255.14,196.79,2751.90,1945.51,548.75,1.1157,0.6292,1.0214,1.3302,0.9548,0.4214,1.2173,0.2674,0.1923,-0.2083,0.6534,0.7191,0.6493,0.6241,0.6892,0.7787,0.4586,0.6602,0.7043,0.7029,0.0175,0.0127,0.0264,0.0347,0.0211,0.0000,0.0703,0.0015,0.0140,0.0116,0.9792,0.9786,0.9900,0.9780,0.9797,1.0000,0.9706,1.0000,0.9732,1.0000,54.75,196.22,80.50,57.16,64.62,11.76,5.41,255.99,66.51,83.01,0.0000,0.0000,0.0000,0.0000,0.0000,0.0000,0.4582,0.0423,0.0000,0.0000,104304,74663,53998,54750,86225,66964,95775,572442,131417,91336,0,0,0,0,0,0,0,0,0,0,0.0000,0.0000,0.0000,0.0000,0.0000,0.0000,0.4500,0.3900,0.0000,0.0000,0,0,0,0,0,0,0,1,0,0,0,0,0,0,0,0,1,1,0,0,0.1417,0.0975,0.1460,0.0716,0.1056,0.0330,0.0736,0.1263,0.0249,0.1383,0.000,0.000,0.000,0.000,0.000,0.000,0.000,0.141,0.000,0.000,semi-presidential,parliamentary,parliamentary,parliamentary,parliamentary,semi-presidential,semi-presidential,electoral-authoritarian,electoral-authoritarian,parliamentary,0.800,0.800,0.800,0.800,0.800,0.800,0.800,0.500,0.500,0.800,100.0,52.3,36.0,100.0,100.0,98.7,100.0,100.0,79.6,30.0
2029-11-01,1.0230,1.0154,1.0006,0.9890,0.9862,0.9807,1.0055,1.0027,0.9950,1.0060,1.0193,1.0071,1.1030,1.0451,1.0493,1.0287,1.0087,1.0295,1.0067,1.0042,1.0074,1.0242,1.0210,1.0071,3660.32,5450.61,4214.00,2749.32,2090.02,1259.52,196.97,2752.20,1960.05,551.05,1.1116,0.6287,1.0189,1.3282,0.9532,0.4180,1.2163,0.2716,0.1901,-0.2224,0.6534,0.7257,0.6513,0.6538,0.6884,0.7821,0.4380,0.6356,0.6809,0.7125,0.0117,0.0104,0.0199,0.0266,0.0157,0.0000,0.0655,0.0011,0.0109,0.0082,0.9787,0.9781,0.9904,0.9776,0.9793,1.0000,0.9706,1.0000,0.9727,1.0000,53.72,195.02,79.86,55.84,63.58,11.70,5.31,250.48,65.94,83.17,0.0000,0.0000,0.0000,0.0000,0.0000,0.0000,0.4583,0.0437,0.0000,0.0000,104304,74663,53998,54750,86225,66964,95775,572442,131417,91336,0,0,0,0,0,0,0,0,0,0,0.0000,0.0000,0.0000,0.0000,0.0000,0.0000,0.4600,0.4000,0.0000,0.0000,0,0,0,0,0,0,0,1,0,0,0,0,0,0,0,0,1,1,0,0,0.1341,0.0932,0.1378,0.0674,0.0996,0.0313,0.0746,0.1227,0.0231,0.1381,0.000,0.000,0.000,0.000,0.000,0.000,0.000,0.143,0.000,0.000,semi-presidential,parliamentary,parliamentary,parliamentary,parliamentary,semi-presidential,semi-presidential,electoral-authoritarian,electoral-authoritarian,parliamentary,0.800,0.800,0.800,0.800,0.800,0.800,0.800,0.500,0.500,0.800,100.0,55.3,38.9,100.0,100.0,100.0,100.0,100.0,82.6,33.0
2029-12-01,1.0227,1.0153,1.0008,0.9908,0.9829,0.9807,1.0032,1.0032,0.9938,1.0045,1.0196,1.0037,1.1034,1.0449,1.0388,1.0239,1.0053,1.0290,1.0044,1.0102,1.0059,1.0077,1.0241,1.0037,3656.64,5462.12,4205.99,2751.47,2088.14,1266.80,197.63,2768.25,1964.45,551.65,1.1128,0.6274,1.0211,1.3275,0.9541,0.4137,1.2123,0.2715,0.1889,-0.2371,0.6636,0.7248,0.6670,0.6479,0.6824,0.7589,0.4744,0.6088,0.7193,0.7395,0.0113,0.0099,0.0194,0.0220,0.0151,0.0000,0.0668,0.0010,0.0105,0.0085,0.9789,0.9783,0.9905,0.9777,0.9794,1.0000,0.9700,1.0000,0.9729,1.0000,54.62,195.89,80.90,56.00,64.74,11.72,5.39,255.62,67.17,83.52,0.0000,0.0000,0.0000,0.0000,0.0000,0.0000,0.4582,0.0428,0.0000,0.0000,104304,74663,53998,54750,86225,66964,95775,572442,131417,91336,0,0,0,0,0,0,0,0,0,0,0.0000,0.0000,0.0000,0.0000,0.0000,0.0000,0.4700,0.4100,0.0000,0.0000,0,0,0,0,0,0,0,1,0,0,0,0,0,0,0,0,1,1,0,0,0.1205,0.0848,0.1230,0.0592,0.0883,0.0275,0.0699,0.1201,0.0194,0.1385,0.000,0.000,0.000,0.000,0.000,0.000,0.000,0.146,0.000,0.000,semi-presidential,parliamentary,parliamentary,parliamentary,parliamentary,semi-presidential,semi-presidential,electoral-authoritarian,electoral-authoritarian,parliamentary,0.800,0.800,0.800,0.800,0.800,0.800,0.800,0.500,0.500,0.800,100.0,58.4,41.9,100.0,100.0,100.0,100.0,100.0,85.9,36.1
2030-01-01,1.0246,1.0152,1.0016,0.9925,0.9764,0.9815,1.0003,1.0016,0.9939,1.0027,1.0205,1.0029,1.1099,1.0453,1.0560,1.0243,0.9991,1.0304,1.0014,1.0031,1.0063,1.0055,1.0420,1.0029,3661.49,5476.60,4218.35,2758.36,2096.19,1270.57,197.24,2775.61,1974.96,555.46,1.1115,0.6258,1.0184,1.3245,0.9505,0.4106,1.2146,0.2721,0.1871,-0.2503,0.6429,0.7171,0.6364,0.6409,0.6553,0.7749,0.5119,0.6495,0.6929,0.7250,0.0131,0.0108,0.0209,0.0234,0.0169,0.0000,0.0678,0.0011,0.0114,0.0091,0.9784,0.9778,0.9902,0.9771,0.9788,1.0000,0.9718,1.0000,0.9722,1.0000,55.48,196.62,80.63,56.92,65.77,11.57,5.45,261.25,68.09,83.52,0.0000,0.0000,0.0000,0.0000,0.0000,0.0000,0.4583,0.0437,0.0000,0.0000,104304,74663,53998,54750,86225,66964,95775,572442,131417,91336,0,0,0,0,0,0,0,0,0,0,0.0000,0.0000,0.0000,0.0000,0.0000,0.0000,0.4800,0.4200,0.0000,0.0000,0,0,0,0,0,0,0,1,0,0,0,0,0,0,0,0,1,1,0,0,0.1356,0.0924,0.1395,0.0671,0.1000,0.0289,0.0689,0.1236,0.0212,0.1377,0.000,0.000,0.000,0.000,0.000,0.000,0.000,0.147,0.000,0.000,semi-presidential,parliamentary,parliamentary,parliamentary,parliamentary,semi-presidential,semi-presidential,electoral-authoritarian,electoral-authoritarian,parliamentary,0.800,0.800,0.800,0.800,0.800,0.800,0.800,0.500,0.500,0.800,100.0,61.4,44.7,100.0,100.0,100.0,100.0,100.0,89.0,39.2
2030-02-01,1.0258,1.0135,1.0004,0.9940,0.9722,0.9839,1.0002,0.9991,0.9952,1.0003,1.0164,1.0014,1.1103,1.0430,1.0391,1.0241,0.9948,1.0432,1.0014,1.0005,1.0199,1.0027,1.0181,1.0014,3662.18,5488.58,4231.17,2762.54,2104.87,1277.43,196.81,2786.52,1982.52,555.70,1.1114,0.6244,1.0156,1.3198,0.9467,0.4065,1.2173,0.2723,0.1856,-0.2652,0.6414,0.7384,0.6580,0.6448,0.6831,0.7444,0.4815,0.6434,0.7082,0.7718,0.0114,0.0104,0.0194,0.0217,0.0157,0.0001,0.0665,0.0015,0.0112,0.0084,0.9787,0.9781,0.9904,0.9775,0.9793,1.0000,0.9721,1.0000,0.9727,1.0000,55.26,196.10,79.91,56.63,65.45,11.41,5.38,260.00,68.27,84.01,0.0000,0.0000,0.0000,0.0000,0.0000,0.0000,0.4583,0.0437,0.0000,0.0000,104304,74663,53998,54750,86225,66964,95775,572442,131417,91336,0,0,0,0,0,0,0,0,0,0,0.0000,0.0000,0.0000,0.0000,0.0000,0.0000,0.4900,0.4300,0.0000,0.0000,0,0,0,0,0,0,0,1,0,0,0,0,0,0,0,0,1,1,0,0,0.1307,0.0891,0.1339,0.0640,0.0957,0.0274,0.0696,0.1211,0.0199,0.1387,0.000,0.000,0.000,0.000,0.000,0.000,0.000,0.148,0.000,0.000,semi-presidential,parliamentary,parliamentary,parliamentary,parliamentary,semi-presidential,semi-presidential,electoral-authoritarian,electoral-authoritarian,parliamentary,0.800,0.800,0.800,0.800,0.800,0.800,0.800,0.500,0.500,0.800,100.0,64.6,47.6,100.0,100.0,100.0,100.0,100.0,92.2,42.5
2030-03-01,1.0239,1.0092,1.0008,0.9945,0.9677,0.9844,1.0016,0.9987,0.9957,0.9963,1.0147,1.0039,1.1047,1.0374,1.0396,1.0200,0.9902,1.0334,1.0335,1.0001,1.0082,1.0001,1.0165,1.0045,3668.67,5500.01,4252.45,2773.93,2114.95,1279.83,196.47,2796.84,1993.25,557.72,1.1097,0.6231,1.0105,1.3148,0.9422,0.4039,1.2195,0.2727,0.1839,-0.2791,0.6352,0.7391,0.6777,0.6288,0.6944,0.7492,0.4672,0.6553,0.6872,0.7383,0.0119,0.0100,0.0200,0.0185,0.0155,0.0000,0.0641,0.0012,0.0105,0.0096,0.9796,0.9788,0.9908,0.9785,0.9803,1.0000,0.9727,1.0000,0.9737,1.0000,53.88,194.96,80.03,55.86,64.20,11.44,5.36,252.63,67.15,83.97,0.0000,0.0000,0.0000,0.0000,0.0000,0.0000,0.4582,0.0438,0.0000,0.0000,104304,74663,53998,54750,86225,66964,95775,572442,131417,91336,0,0,0,0,0,0,0,0,0,0,0.0000,0.0000,0.0000,0.0000,0.0000,0.0000,0.5000,0.4400,0.0000,0.0000,0,0,0,0,0,0,0,1,0,0,0,0,0,0,0,0,1,1,0,0,0.1413,0.0955,0.1455,0.0748,0.1044,0.0301,0.0713,0.1210,0.0227,0.1378,0.000,0.000,0.000,0.000,0.000,0.000,0.000,0.147,0.000,0.000,semi-presidential,parliamentary,parliamentary,parliamentary,parliamentary,semi-presidential,semi-presidential,electoral-authoritarian,electoral-authoritarian,parliamentary,0.800,0.800,0.800,0.800,0.800,0.800,0.800,0.500,0.500,0.800,100.0,67.7,50.7,100.0,100.0,100.0,100.0,100.0,95.3,45.6
2030-04-01,1.0224,1.0073,1.0015,0.9954,0.9625,0.9857,0.9997,0.9972,0.9961,0.9949,1.0098,1.0044,1.1040,1.0370,1.0548,1.0235,0.9849,1.0345,1.0009,0.9986,1.0084,0.9996,1.0114,1.0045,3691.76,5515.91,4264.02,2780.20,2122.22,1290.28,195.86,2802.84,2001.89,558.36,1.1029,0.6214,1.0075,1.3121,0.9391,0.3987,1.2234,0.2733,0.1863,-0.2937,0.6394,0.7388,0.6986,0.6557,0.7104,0.7310,0.4558,0.6511,0.7214,0.7514,0.0122,0.0106,0.0199,0.0213,0.0162,0.0000,0.0642,0.0010,0.0112,0.0083,0.9785,0.9778,0.9903,0.9773,0.9790,1.0000,0.9711,1.0000,0.9724,1.0000,54.56,195.48,79.62,56.35,64.91,11.25,5.42,257.76,68.11,83.91,0.0000,0.0000,0.0000,0.0000,0.0000,0.0000,0.4583,0.0436,0.0000,0.0000,104304,74663,53998,54750,86225,66964,95775,572442,131417,91336,0,0,0,0,0,0,0,0,0,0,0.0000,0.0000,0.0000,0.0000,0.0000,0.0000,0.5100,0.4500,0.0000,0.0000,0,0,0,0,0,0,0,1,0,0,0,0,0,0,0,0,1,1,0,0,0.1411,0.0956,0.1462,0.0749,0.1113,0.0300,0.0711,0.1231,0.0229,0.1380,0.000,0.000,0.000,0.000,0.000,0.000,0.000,0.147,0.000,0.000,semi-presidential,parliamentary,parliamentary,parliamentary,parliamentary,semi-presidential,semi-presidential,electoral-authoritarian,electoral-authoritarian,parliamentary,0.800,0.800,0.800,0.800,0.800,0.800,0.800,0.500,0.500,0.800,100.0,70.8,53.8,100.0,100.0,100.0,100.0,30.0,98.6,48.8
2030-05-01,1.0228,1.0041,1.0006,0.9959,0.9593,0.9863,0.9977,0.9973,0.9955,0.9966,1.0023,1.0025,1.1062,1.0329,1.0391,1.0201,0.9818,1.0350,0.9989,0.9987,1.0078,1.0336,1.0039,1.0025,3698.07,5530.93,4274.96,2789.56,2123.92,1295.24,196.57,2810.94,2018.98,559.75,1.1011,0.6197,1.0047,1.3079,0.9384,0.3953,1.2192,0.2737,0.1839,-0.3077,0.6569,0.7433,0.7063,0.6588,0.7033,0.7741,0.4475,0.6353,0.6923,0.7430,0.0111,0.0101,0.0192,0.0184,0.0151,0.0000,0.0654,0.0012,0.0106,0.0080,0.9791,0.9784,0.9905,0.9779,0.9797,1.0000,0.9715,1.0000,0.9732,1.0000,55.32,196.17,80.27,57.12,65.84,11.26,5.50,261.06,68.46,83.89,0.0000,0.0000,0.0000,0.0000,0.0000,0.0000,0.4584,0.0435,0.0000,0.0000,104304,74663,53998,54750,86225,66964,95775,572442,131417,91336,0,0,0,0,0,0,0,0,0,0,0.0000,0.0000,0.0000,0.0000,0.0000,0.0000,0.5200,0.4600,0.0000,0.0000,0,0,0,0,0,0,0,1,0,0,0,0,0,0,0,0,1,1,0,0,0.1351,0.0884,0.1325,0.0677,0.1009,0.0277,0.0732,0.1211,0.0232,0.1373,0.000,0.000,0.000,0.000,0.000,0.000,0.000,0.149,0.000,0.000,semi-presidential,parliamentary,parliamentary,parliamentary,parliamentary,semi-presidential,semi-presidential,electoral-authoritarian,electoral-authoritarian,parliamentary,0.800,0.800,0.800,0.800,0.800,0.800,0.800,0.500,0.500,0.800,100.0,74.0,57.0,100.0,100.0,100.0,100.0,32.8,100.0,52.0
2030-06-01,1.0240,1.0029,0.9997,0.9922,0.9567,0.9887,0.9984,0.9965,0.9951,0.9957,0.9959,1.0019,1.1053,1.0312,1.0366,0.9930,0.9790,1.0460,1.0010,0.9979,1.0072,1.0012,0.9974,1.0019,3701.73,5547.40,4290.13,2793.10,2133.10,1303.27,196.94,2821.62,2027.68,561.45,1.0999,0.6179,0.9980,1.3063,0.9345,0.3910,1.2169,0.2739,0.1876,-0.3216,0.6466,0.7500,0.6996,0.6635,0.6767,0.7631,0.5031,0.6269,0.7427,0.7398,0.0110,0.0100,0.0099,0.0157,0.0149,0.0001,0.0590,0.0010,0.0104,0.0081,0.9795,0.9789,0.9907,0.9783,0.9800,1.0000,0.9708,1.0000,0.9737,1.0000,55.99,196.60,79.86,58.81,67.04,11.65,5.59,265.90,69.88,84.26,0.0000,0.0000,0.0000,0.0000,0.0000,0.0000,0.4575,0.0416,0.0000,0.0000,104304,74663,53998,54750,86225,66964,95775,572442,131417,91336,0,0,0,0,0,0,0,0,0,0,0.0000,0.0000,0.0000,0.0000,0.0000,0.0000,0.5300,0.4700,0.0000,0.0000,0,0,0,0,0,0,0,1,0,0,0,0,0,0,0,0,1,1,0,0,0.1406,0.0916,0.1399,0.0720,0.1054,0.0285,0.0748,0.1228,0.0239,0.1337,0.000,0.000,0.000,0.000,0.000,0.000,0.000,0.150,0.000,0.000,semi-presidential,parliamentary,parliamentary,parliamentary,parliamentary,semi-presidential,semi-presidential,electoral-authoritarian,electoral-authoritarian,parliamentary,0.800,0.800,0.800,0.800,0.800,0.800,0.800,0.500,0.500,0.800,100.0,77.2,60.2,100.0,100.0,100.0,100.0,35.5,100.0,55.1
2030-07-01,1.0267,1.0005,1.0007,0.9901,0.9521,0.9898,1.0002,0.9960,0.9948,0.9915,0.9903,1.0006,1.1280,1.0294,1.0625,1.0100,0.9745,1.0388,1.0528,0.9974,1.0071,0.9971,0.9918,1.0006,3716.37,5550.91,4298.71,2796.82,2140.51,1310.59,196.78,2832.75,2033.56,562.03,1.0955,0.6175,0.9959,1.3046,0.9313,0.3870,1.2200,0.2740,0.1863,-0.3342,0.6387,0.7507,0.7032,0.6471,0.6933,0.7676,0.5169,0.6287,0.7271,0.7417,0.0151,0.0116,0.0231,0.0182,0.0187,0.0005,0.0879,0.0013,0.0120,0.0105,0.9789,0.9782,0.9904,0.9777,0.9795,1.0000,0.9709,1.0000,0.9730,1.0000,56.33,197.23,81.50,58.83,67.45,11.65,5.65,267.64,70.00,84.15,0.0000,0.0000,0.0000,0.0000,0.0000,0.0000,0.4585,0.0434,0.0000,0.0000,104304,74663,53998,54750,86225,66964,95775,572442,131417,91336,0,0,0,0,0,0,0,0,0,0,0.0000,0.0000,0.0000,0.0000,0.0000,0.0000,0.5400,0.4800,0.0000,0.0000,0,0,0,0,0,0,0,1,0,0,0,0,0,0,0,0,1,1,0,0,0.1349,0.0888,0.1411,0.0689,0.1013,0.0269,0.0707,0.1224,0.0224,0.1339,0.000,0.000,0.000,0.000,0.000,0.000,0.000,0.151,0.000,0.000,semi-presidential,parliamentary,parliamentary,parliamentary,parliamentary,semi-presidential,semi-presidential,electoral-authoritarian,electoral-authoritarian,parliamentary,0.800,0.800,0.800,0.800,0.800,0.800,0.800,0.500,0.500,0.800,100.0,80.4,63.4,100.0,100.0,100.0,100.0,38.2,100.0,58.3
2030-08-01,1.0269,0.9984,1.0037,0.9865,0.9509,0.9908,1.0018,0.9967,0.9957,0.9899,0.9881,0.9980,1.1104,1.0273,1.1334,0.9865,0.9736,1.0398,1.0275,1.0001,1.0082,0.9972,0.9896,0.9980,3704.27,5563.05,4304.07,2795.33,2145.64,1319.96,196.26,2848.25,2043.73,563.31,1.0992,0.6160,0.9948,1.3054,0.9291,0.3854,1.2235,0.2737,0.1846,-0.3483,0.6521,0.7260,0.6951,0.6365,0.7012,0.7694,0.4830,0.6385,0.6933,0.7148,0.0182,0.0131,0.0165,0.0222,0.0220,0.0000,0.0595,0.0012,0.0142,0.0107,0.9788,0.9782,0.9904,0.9777,0.9794,1.0000,0.9706,1.0000,0.9729,1.0000,55.86,196.48,80.98,59.04,67.23,11.80,5.69,264.29,69.62,84.67,0.0000,0.0000,0.0000,0.0000,0.0000,0.0000,0.4585,0.0434,0.0000,0.0000,104304,74663,53998,54750,86225,66964,95775,572442,131417,91336,0,0,0,0,0,0,0,0,0,0,0.0000,0.0000,0.0000,0.0000,0.0000,0.0000,0.5500,0.4900,0.0000,0.0000,0,0,0,0,0,0,0,1,0,0,0,0,0,0,0,0,1,1,0,0,0.1263,0.0834,0.1309,0.0638,0.0936,0.0248,0.0726,0.1186,0.0197,0.1337,0.000,0.000,0.000,0.000,0.000,0.000,0.000,0.154,0.000,0.000,semi-presidential,parliamentary,parliamentary,parliamentary,parliamentary,semi-presidential,semi-presidential,electoral-authoritarian,electoral-authoritarian,parliamentary,0.800,0.800,0.800,0.800,0.800,0.800,0.800,0.500,0.500,0.800,100.0,83.5,66.5,100.0,100.0,100.0,100.0,41.0,100.0,61.3
2030-09-01,1.0255,0.9975,1.0046,0.9837,0.9512,0.9880,1.0045,1.0002,0.9990,0.9874,0.9845,0.9984,1.1068,1.0268,1.0629,0.9837,0.9744,1.0366,1.0644,1.0695,1.0635,0.9944,0.9860,0.9985,3704.37,5580.82,4313.59,2804.48,2156.71,1325.99,195.90,2858.96,2052.65,563.70,1.0994,0.6209,0.9927,1.3012,0.9244,0.3818,1.2261,0.2739,0.1831,-0.3630,0.6246,0.7168,0.6887,0.6183,0.6937,0.7975,0.4734,0.6519,0.6900,0.7200,0.0177,0.0107,0.0174,0.0181,0.0218,0.0000,0.0656,0.0040,0.0134,0.0172,0.9785,0.9779,0.9904,0.9773,0.9790,1.0000,0.9699,1.0000,0.9725,1.0000,55.66,199.07,82.49,59.34,67.43,12.29,5.68,263.85,70.45,85.11,0.0000,0.0000,0.0000,0.0000,0.0000,0.0000,0.4586,0.0432,0.0000,0.0000,104304,74663,53998,54750,86225,66964,95775,572442,131417,91336,0,0,0,0,0,0,0,0,0,0,0.0000,0.0000,0.0000,0.0000,0.0000,0.0000,0.5600,0.5000,0.0000,0.0000,0,0,0,0,0,0,0,1,0,0,0,0,0,0,0,0,0,0,0,0,0.1419,0.0916,0.1482,0.0722,0.1058,0.0273,0.0776,0.1202,0.0225,0.1338,0.000,0.000,0.000,0.000,0.000,0.000,0.000,0.154,0.000,0.000,semi-presidential,parliamentary,parliamentary,parliamentary,parliamentary,semi-presidential,semi-presidential,electoral-authoritarian,electoral-authoritarian,parliamentary,0.800,0.800,0.800,0.800,0.800,0.800,0.800,0.500,0.500,0.800,100.0,86.5,69.6,100.0,100.0,100.0,100.0,43.8,100.0,64.3
2030-10-01,1.0253,0.9961,1.0070,0.9827,0.9508,0.9871,1.0071,1.0004,0.9998,0.9898,0.9811,0.9975,1.0253,0.9961,1.0848,1.0028,0.9508,0.9871,1.0775,1.0112,1.0157,1.0286,0.9811,0.9975,3717.81,5589.71,4314.38,2811.80,2164.03,1333.02,197.28,2867.47,2070.46,564.35,1.0956,0.6200,0.9926,1.2979,0.9212,0.3780,1.2189,0.2743,0.1807,-0.3774,0.6207,0.7440,0.6900,0.6421,0.7076,0.7827,0.4623,0.6624,0.6938,0.7072,0.0080,0.0025,0.0181,0.0054,0.0076,0.0000,0.0119,0.0014,0.0036,0.0054,1.0000,1.0000,1.0000,1.0000,1.0000,1.0000,1.0000,1.0000,1.0000,1.0000,58.19,206.01,85.40,61.95,69.82,12.40,10.28,277.62,72.56,86.29,0.0000,0.0000,0.0000,0.0000,0.0000,0.0000,0.0000,0.0000,0.0000,0.0000,104304,74663,53998,54750,86225,66964,95775,572442,131417,91336,0,0,0,0,0,0,0,0,0,0,0.0000,0.0000,0.0000,0.0000,0.0000,0.0000,0.5400,0.4800,0.0000,0.0000,0,0,0,0,0,0,0,1,0,0,0,0,0,0,0,0,0,0,0,0,0.1357,0.0888,0.1415,0.0688,0.1010,0.0263,0.0831,0.1230,0.0209,0.1367,0.000,0.000,0.000,0.000,0.000,0.000,0.000,0.155,0.000,0.000,semi-presidential,parliamentary,parliamentary,parliamentary,parliamentary,semi-presidential,semi-presidential,electoral-authoritarian,electoral-authoritarian,parliamentary,0.800,0.800,0.800,0.800,0.800,0.800,0.800,0.500,0.500,0.800,100.0,89.7,72.7,100.0,100.0,100.0,100.0,46.8,100.0,67.2
2030-11-01,1.0233,0.9927,1.0118,0.9851,0.9504,0.9883,1.0100,0.9995,0.9975,0.9944,0.9815,0.9977,1.0233,0.9927,1.1716,1.0209,0.9504,1.0196,1.0840,0.9995,0.9975,1.0198,1.0017,0.9978,3735.22,5603.52,4337.05,2827.56,2166.85,1337.93,198.72,2877.37,2079.54,566.22,1.0906,0.6185,0.9875,1.2906,0.9199,0.3747,1.2124,0.2745,0.1792,-0.3910,0.6457,0.7377,0.6677,0.6557,0.7086,0.7765,0.5716,0.6493,0.7282,0.7164,0.0143,0.0059,0.0239,0.0187,0.0130,0.0004,0.0120,0.0006,0.0075,0.0065,1.0000,1.0000,1.0000,1.0000,1.0000,1.0000,1.0000,1.0000,1.0000,1.0000,58.04,204.55,82.96,59.23,69.19,12.36,9.90,276.22,72.23,85.82,0.0000,0.0000,0.0000,0.0000,0.0000,0.0000,0.0000,0.0000,0.0000,0.0000,104304,74663,53998,54750,86225,66964,95775,572442,131417,91336,0,0,0,0,0,0,0,0,0,0,0.0000,0.0000,0.0000,0.0000,0.0000,0.0000,0.5200,0.4600,0.0000,0.0000,0,0,0,0,0,0,0,1,0,0,0,0,0,0,0,0,0,0,0,0,0.1427,0.0915,0.1472,0.0701,0.1065,0.0271,0.0847,0.1246,0.0220,0.1388,0.000,0.000,0.000,0.000,0.000,0.000,0.000,0.155,0.000,0.000,semi-presidential,parliamentary,parliamentary,parliamentary,parliamentary,semi-presidential,semi-presidential,electoral-authoritarian,electoral-authoritarian,parliamentary,0.800,0.800,0.800,0.800,0.800,0.800,0.800,0.500,0.500,0.800,100.0,92.8,75.7,100.0,100.0,100.0,100.0,49.6,100.0,70.2
2030-12-01,1.0185,0.9916,1.0182,0.9868,0.9504,0.9931,1.0126,1.0001,0.9977,0.9979,0.9821,0.9999,1.0185,0.9916,1.2221,1.0237,0.9505,1.1124,1.0745,1.0116,1.0018,1.0113,0.9994,1.0003,3742.83,5616.18,4353.36,2831.23,2173.11,1343.50,199.52,2883.66,2091.29,566.95,1.0884,0.6171,0.9838,1.2889,0.9174,0.3714,1.2106,0.2752,0.1774,-0.4053,0.6605,0.7289,0.6926,0.6897,0.6885,0.7631,0.6250,0.6507,0.7249,0.7349,0.0188,0.0093,0.0284,0.0219,0.0171,0.0015,0.0113,0.0007,0.0114,0.0077,1.0000,1.0000,1.0000,1.0000,1.0000,1.0000,1.0000,1.0000,1.0000,1.0000,57.25,203.71,83.64,59.43,67.91,12.50,9.77,270.92,71.78,85.95,0.0000,0.0000,0.0000,0.0000,0.0000,0.0000,0.0000,0.0000,0.0000,0.0000,104304,74663,53998,54750,86225,66964,95775,572442,131417,91336,0,0,0,0,0,0,0,0,0,0,0.0000,0.0000,0.0000,0.0000,0.0000,0.0000,0.5000,0.4400,0.0000,0.0000,0,0,0,0,0,0,0,1,0,0,0,0,0,0,0,0,0,0,0,0,0.1448,0.0930,0.1492,0.0724,0.1079,0.0285,0.0870,0.1242,0.0234,0.1387,0.000,0.000,0.000,0.000,0.000,0.000,0.000,0.154,0.000,0.000,semi-presidential,parliamentary,parliamentary,parliamentary,parliamentary,semi-presidential,semi-presidential,electoral-authoritarian,electoral-authoritarian,parliamentary,0.800,0.800,0.800,0.800,0.800,0.800,0.800,0.500,0.500,0.800,100.0,95.9,78.8,100.0,100.0,100.0,100.0,52.5,100.0,73.3
2031-01-01,1.0146,0.9934,1.0208,0.9883,0.9540,0.9975,1.0144,1.0019,1.0001,1.0013,0.9827,0.9978,1.0146,1.0383,1.1127,1.0199,0.9798,1.1056,1.0515,1.0332,1.0465,1.0088,0.9947,0.9978,3750.18,5626.41,4357.36,2844.02,2176.04,1347.21,200.16,2896.49,2096.07,567.46,1.0864,0.6160,0.9830,1.2832,0.9162,0.3686,1.2108,0.2752,0.1762,-0.4197,0.6567,0.7331,0.6978,0.6706,0.6909,0.7648,0.6281,0.6426,0.7058,0.7258,0.0169,0.0103,0.0275,0.0243,0.0223,0.0053,0.0142,0.0022,0.0098,0.0150,0.9596,0.9635,0.9807,0.9663,0.9609,0.9717,0.9932,1.0000,0.9722,1.0000,57.83,206.34,85.58,60.02,68.80,12.70,9.82,274.31,73.03,86.17,0.0000,0.0000,0.0000,0.0000,0.0000,0.0000,0.0000,0.0000,0.0000,0.0000,104304,74663,53998,54750,86225,66964,95775,572442,131417,91336,0,0,0,0,0,0,0,0,0,0,0.0000,0.0000,0.0000,0.0000,0.0000,0.0000,0.4800,0.4200,0.0000,0.0000,0,0,0,0,0,0,0,1,0,0,0,0,0,0,0,0,0,0,0,0,0.1310,0.0862,0.1346,0.0646,0.0969,0.0261,0.0843,0.1221,0.0204,0.1386,0.000,0.000,0.000,0.000,0.000,0.000,0.000,0.156,0.000,0.000,semi-presidential,parliamentary,parliamentary,parliamentary,parliamentary,semi-presidential,semi-presidential,electoral-authoritarian,electoral-authoritarian,parliamentary,0.800,0.800,0.800,0.800,0.800,0.800,0.800,0.500,0.500,0.800,100.0,99.0,81.9,100.0,100.0,100.0,100.0,55.3,100.0,76.4
2031-02-01,1.0116,0.9930,1.0206,0.9887,0.9598,0.9984,1.0137,1.0018,1.0034,1.0004,0.9860,0.9993,1.0116,0.9930,1.0207,1.0089,0.9964,1.0205,1.0137,1.0018,1.0610,1.0004,1.0627,0.9996,3759.93,5649.64,4366.59,2844.64,2182.91,1354.02,200.69,2899.60,2106.02,569.74,1.0837,0.6135,0.9810,1.2830,0.9134,0.3650,1.2120,0.2761,0.1746,-0.4327,0.6546,0.7320,0.6754,0.6842,0.6753,0.7387,0.6309,0.6493,0.6645,0.7074,0.0029,0.0005,0.0167,0.0087,0.0118,0.0003,0.0114,0.0026,0.0023,0.0170,1.0000,1.0000,1.0000,1.0000,1.0000,1.0000,1.0000,1.0000,1.0000,1.0000,58.58,208.85,87.90,63.01,70.14,12.76,10.19,278.33,74.45,86.47,0.0000,0.0000,0.0000,0.0000,0.0000,0.0000,0.0000,0.0000,0.0000,0.0000,104304,74663,53998,54750,86225,66964,95775,572442,131417,91336,0,0,0,0,0,0,0,0,0,0,0.0000,0.0000,0.0000,0.0000,0.0000,0.0000,0.4600,0.4000,0.0000,0.0000,0,0,0,0,0,0,0,1,0,0,0,0,0,0,0,0,0,0,0,0,0.1444,0.0933,0.1489,0.0737,0.1073,0.0285,0.0875,0.1254,0.0235,0.1369,0.000,0.000,0.000,0.000,0.000,0.000,0.000,0.156,0.000,0.000,semi-presidential,parliamentary,parliamentary,parliamentary,parliamentary,semi-presidential,semi-presidential,electoral-authoritarian,electoral-authoritarian,parliamentary,0.800,0.800,0.800,0.800,0.800,0.800,0.800,0.500,0.500,0.800,100.0,100.0,84.9,100.0,100.0,100.0,100.0,58.1,100.0,79.3
2031-03-01,1.0101,0.9932,1.0206,0.9906,0.9632,1.0017,1.0141,1.0014,1.0033,1.0005,0.9906,0.9999,1.0101,0.9993,1.0223,1.0202,0.9896,1.0915,1.0307,1.0014,1.0053,1.0014,1.1277,1.0000,3775.10,5667.73,4377.27,2857.56,2195.30,1362.01,201.07,2908.63,2120.76,569.60,1.0794,0.6115,0.9787,1.2773,0.9083,0.3611,1.2145,0.2816,0.1727,-0.4476,0.6614,0.7553,0.6810,0.6641,0.6814,0.7464,0.6318,0.6277,0.6755,0.7285,0.0073,0.0027,0.0194,0.0139,0.0111,0.0018,0.0107,0.0008,0.0014,0.0151,0.9949,0.9943,0.9976,0.9957,0.9961,0.9952,0.9998,1.0000,0.9960,1.0000,59.07,209.90,86.45,60.80,70.21,12.93,10.12,280.87,74.89,86.50,0.0000,0.0000,0.0000,0.0000,0.0000,0.0000,0.0000,0.0000,0.0000,0.0000,104304,74663,53998,54750,86225,66964,95775,572442,131417,91336,0,0,0,0,0,0,0,0,0,0,0.0000,0.0000,0.0000,0.0000,0.0000,0.0000,0.4400,0.3800,0.0000,0.0000,0,0,0,0,0,0,0,1,0,0,0,0,0,0,0,0,0,0,0,0,0.1448,0.0938,0.1494,0.0722,0.1119,0.0292,0.0883,0.1270,0.0243,0.1384,0.000,0.000,0.000,0.000,0.000,0.000,0.000,0.156,0.000,0.000,semi-presidential,parliamentary,parliamentary,parliamentary,parliamentary,semi-presidential,semi-presidential,electoral-authoritarian,electoral-authoritarian,parliamentary,0.800,0.800,0.800,0.800,0.800,0.800,0.800,0.500,0.500,0.800,100.0,100.0,88.0,100.0,100.0,100.0,100.0,60.9,100.0,82.4
2031-04-01,1.0085,0.9933,1.0197,0.9929,0.9701,1.0040,1.0144,0.9997,1.0027,1.0020,0.9937,1.0003,1.0085,0.9957,1.0198,1.0222,1.0112,1.0590,1.0217,0.9997,1.0027,1.0045,1.0716,1.0004,3798.70,5677.39,4388.44,2867.32,2196.62,1371.29,202.13,2922.01,2134.17,571.24,1.0727,0.6105,0.9763,1.2730,0.9098,0.3569,1.2133,0.2815,0.1708,-0.4610,0.6707,0.7621,0.6854,0.6851,0.7104,0.7626,0.6233,0.6356,0.7071,0.7052,0.0040,0.0015,0.0171,0.0157,0.0119,0.0010,0.0083,0.0004,0.0007,0.0173,0.9980,0.9977,0.9990,0.9983,0.9985,0.9980,1.0000,1.0000,0.9984,1.0000,59.09,209.55,85.72,60.63,70.24,12.77,9.94,281.73,75.24,86.28,0.0000,0.0000,0.0000,0.0000,0.0000,0.0000,0.0000,0.0000,0.0000,0.0000,104304,74663,53998,54750,86225,66964,95775,572442,131417,91336,0,0,0,0,0,0,0,0,0,0,0.0000,0.0000,0.0000,0.0000,0.0000,0.0000,0.4200,0.3600,0.0000,0.0000,0,0,0,0,0,0,0,1,0,0,0,0,0,0,0,0,0,0,0,0,0.1449,0.0941,0.1498,0.0725,0.1128,0.0294,0.0888,0.1270,0.0247,0.1379,0.000,0.000,0.000,0.000,0.000,0.000,0.000,0.156,0.000,0.000,semi-presidential,parliamentary,parliamentary,parliamentary,parliamentary,semi-presidential,semi-presidential,electoral-authoritarian,electoral-authoritarian,parliamentary,0.800,0.800,0.800,0.800,0.800,0.800,0.800,0.500,0.500,0.800,100.0,100.0,91.0,100.0,100.0,100.0,100.0,63.6,100.0,85.4
2031-05-01,1.0085,0.9920,1.0193,0.9934,0.9713,1.0053,1.0147,0.9994,1.0006,1.0056,0.9987,1.0002,1.0106,0.9920,1.0194,1.0158,0.9823,1.0389,1.0165,0.9994,1.0006,1.0079,1.1256,1.0002,3813.29,5673.46,4397.93,2875.92,2210.59,1377.93,202.84,2931.17,2148.03,570.63,1.0687,0.6109,0.9743,1.2692,0.9043,0.3532,1.2145,0.2819,0.1689,-0.4763,0.6823,0.7511,0.6898,0.6809,0.6829,0.7804,0.6472,0.6628,0.7379,0.7214,0.0046,0.0007,0.0153,0.0054,0.0058,0.0004,0.0158,0.0006,0.0004,0.0085,1.0000,1.0000,1.0000,1.0000,1.0000,1.0000,1.0000,1.0000,1.0000,1.0000,60.09,210.50,87.58,63.19,71.69,12.88,10.16,286.79,76.00,86.66,0.0000,0.0000,0.0000,0.0000,0.0000,0.0000,0.0000,0.0000,0.0000,0.0000,104304,74663,53998,54750,86225,66964,95775,572442,131417,91336,0,0,0,0,0,0,0,0,0,0,0.0000,0.0000,0.0000,0.0000,0.0000,0.0000,0.4000,0.3400,0.0000,0.0000,0,0,0,0,0,0,0,1,0,0,0,0,0,0,0,0,0,0,0,0,0.1439,0.0936,0.1485,0.0729,0.1111,0.0291,0.0888,0.1285,0.0244,0.1383,0.000,0.000,0.000,0.000,0.000,0.000,0.000,0.156,0.000,0.000,semi-presidential,parliamentary,parliamentary,parliamentary,parliamentary,semi-presidential,semi-presidential,electoral-authoritarian,electoral-authoritarian,parliamentary,0.800,0.800,0.800,0.800,0.800,0.800,0.800,0.500,0.500,0.800,100.0,100.0,94.1,100.0,100.0,100.0,100.0,66.5,100.0,88.4
2031-06-01,1.0121,0.9924,1.0184,0.9954,0.9725,1.0101,1.0152,0.9998,1.0022,1.0053,1.0028,0.9987,1.1361,1.0020,1.0185,1.0250,0.9834,1.1249,1.0296,1.0126,1.0363,1.0053,1.1100,0.9987,3808.07,5690.33,4411.15,2880.94,2212.37,1387.21,203.51,2957.58,2160.27,570.24,1.0702,0.6091,0.9715,1.2670,0.9039,0.3489,1.2162,0.2807,0.1672,-0.4914,0.6847,0.7260,0.6863,0.6926,0.7251,0.7717,0.6445,0.6493,0.7280,0.6998,0.0158,0.0110,0.0230,0.0182,0.0171,0.0087,0.0353,0.0019,0.0077,0.0100,0.9916,0.9917,0.9960,0.9930,0.9925,0.9933,0.9990,1.0000,0.9941,1.0000,58.58,208.77,86.29,60.54,70.09,12.90,10.28,279.62,75.63,84.99,0.0000,0.0000,0.0000,0.0000,0.0000,0.0000,0.0000,0.0000,0.0000,0.0000,104304,74663,53998,54750,86225,66964,95775,572442,131417,91336,0,0,0,0,0,0,0,0,0,0,0.0000,0.0000,0.0000,0.0000,0.0000,0.0000,0.3800,0.3200,0.0000,0.0000,0,0,0,0,0,0,0,1,0,0,0,0,0,0,0,0,0,0,0,0,0.1362,0.0890,0.1392,0.0672,0.1047,0.0274,0.0869,0.1265,0.0224,0.1387,0.000,0.000,0.000,0.000,0.000,0.000,0.000,0.158,0.000,0.000,semi-presidential,parliamentary,parliamentary,parliamentary,parliamentary,semi-presidential,semi-presidential,electoral-authoritarian,electoral-authoritarian,parliamentary,0.800,0.800,0.800,0.800,0.800,0.800,0.800,0.500,0.500,0.800,100.0,100.0,97.2,100.0,100.0,100.0,100.0,69.4,100.0,91.3
2031-07-01,1.0120,0.9939,1.0162,0.9979,0.9732,1.0129,1.0145,0.9998,1.0033,1.0071,1.0049,0.9991,1.0158,1.0315,1.0163,1.0304,0.9800,1.0851,1.0145,1.0020,1.0268,1.0091,1.0630,0.9992,3817.28,5702.48,4426.05,2892.17,2219.62,1395.80,203.79,2966.14,2169.47,570.40,1.0677,0.6078,0.9683,1.2622,0.9012,0.3448,1.2204,0.2811,0.1658,-0.5061,0.6540,0.7379,0.6921,0.6716,0.6994,0.7811,0.6426,0.7132,0.7064,0.6928,0.0080,0.0058,0.0162,0.0145,0.0091,0.0042,0.0220,0.0012,0.0045,0.0051,0.9658,0.9691,0.9838,0.9716,0.9669,0.9762,0.9941,1.0000,0.9769,1.0000,60.80,212.69,87.02,61.73,72.27,13.12,10.31,290.92,77.54,86.65,0.0000,0.0000,0.0000,0.0000,0.0000,0.0000,0.0000,0.0000,0.0000,0.0000,104304,74663,53998,54750,86225,66964,95775,572442,131417,91336,0,0,0,0,0,0,0,0,0,0,0.0000,0.0000,0.0000,0.0000,0.0000,0.0000,0.3600,0.3000,0.0000,0.0000,0,0,0,0,0,0,0,1,0,0,0,0,0,0,0,0,0,0,0,0,0.1445,0.0935,0.1487,0.0713,0.1116,0.0287,0.0888,0.1279,0.0239,0.1387,0.000,0.000,0.000,0.000,0.000,0.000,0.000,0.158,0.000,0.000,semi-presidential,parliamentary,parliamentary,parliamentary,parliamentary,semi-presidential,semi-presidential,electoral-authoritarian,electoral-authoritarian,parliamentary,0.800,0.800,0.800,0.800,0.800,0.800,0.800,0.500,0.500,0.800,100.0,100.0,100.0,100.0,100.0,100.0,100.0,72.6,100.0,94.1
2031-08-01,1.0106,0.9951,1.0101,0.9986,0.9746,1.0128,1.0105,0.9979,1.0020,1.0060,1.0083,1.0006,1.0106,1.0254,1.0101,1.0230,0.9869,1.0128,1.0105,0.9979,1.0020,1.0060,1.0881,1.0009,3831.41,5721.90,4444.78,2895.96,2225.40,1404.11,204.10,2976.21,2184.55,572.63,1.0635,0.6058,0.9640,1.2606,0.8991,0.3408,1.2247,0.2814,0.1639,-0.5188,0.6525,0.7412,0.6990,0.6830,0.7113,0.7834,0.6223,0.6794,0.6941,0.6924,0.0064,0.0035,0.0151,0.0090,0.0084,0.0027,0.0075,0.0003,0.0026,0.0069,0.9724,0.9751,0.9869,0.9772,0.9733,0.9809,0.9952,1.0000,0.9817,1.0000,60.18,211.31,87.37,63.08,71.92,12.95,10.25,288.43,77.28,86.69,0.0000,0.0000,0.0000,0.0000,0.0000,0.0000,0.0000,0.0000,0.0000,0.0000,104304,74663,53998,54750,86225,66964,95775,572442,131417,91336,0,0,0,0,0,0,0,0,0,0,0.0000,0.0000,0.0000,0.0000,0.0000,0.0000,0.3400,0.2800,0.0000,0.0000,0,0,0,0,0,0,0,1,0,0,0,0,0,0,0,0,0,0,0,0,0.1455,0.0942,0.1497,0.0735,0.1128,0.0294,0.0898,0.1264,0.0248,0.1382,0.000,0.000,0.000,0.000,0.000,0.000,0.000,0.157,0.000,0.000,semi-presidential,parliamentary,parliamentary,parliamentary,parliamentary,semi-presidential,semi-presidential,electoral-authoritarian,electoral-authoritarian,parliamentary,0.800,0.800,0.800,0.800,0.800,0.800,0.800,0.500,0.500,0.800,100.0,100.0,100.0,100.0,100.0,100.0,100.0,75.6,100.0,97.0
2031-09-01,1.0071,0.9966,1.0053,0.9961,0.9749,1.0136,1.0062,0.9955,0.9991,1.0008,1.0083,0.9991,1.0071,1.0345,1.0054,1.0137,0.9776,1.0328,1.0062,0.9955,0.9991,1.0008,1.0083,0.9991,3841.30,5717.67,4450.58,2901.74,2232.12,1411.29,204.76,2981.92,2193.59,573.25,1.0607,0.6063,0.9627,1.2581,0.8966,0.3372,1.2271,0.2821,0.1624,-0.5330,0.6599,0.7555,0.7141,0.6740,0.7051,0.7799,0.6236,0.6892,0.7446,0.7238,0.0051,0.0047,0.0124,0.0048,0.0056,0.0036,0.0029,0.0000,0.0034,0.0007,0.9657,0.9691,0.9838,0.9715,0.9668,0.9762,0.9941,1.0000,0.9768,1.0000,59.23,209.25,87.16,63.61,71.01,12.69,9.98,284.29,76.89,86.85,0.0000,0.0000,0.0000,0.0000,0.0000,0.0000,0.0000,0.0000,0.0000,0.0000,104304,74663,53998,54750,86225,66964,95775,572442,131417,91336,0,0,0,0,0,0,0,0,0,0,0.0000,0.0000,0.0000,0.0000,0.0000,0.0000,0.3200,0.2600,0.0000,0.0000,0,0,0,0,0,0,0,1,0,0,0,0,0,0,0,0,0,0,0,0,0.1344,0.0886,0.1391,0.0684,0.1038,0.0270,0.0874,0.1220,0.0219,0.1357,0.000,0.000,0.000,0.000,0.000,0.000,0.000,0.158,0.000,0.000,semi-presidential,parliamentary,parliamentary,parliamentary,parliamentary,semi-presidential,semi-presidential,electoral-authoritarian,electoral-authoritarian,parliamentary,0.800,0.800,0.800,0.800,0.800,0.800,0.800,0.500,0.500,0.800,100.0,100.0,100.0,100.0,100.0,100.0,100.0,78.7,100.0,100.0
2031-10-01,1.0077,0.9974,0.9991,0.9958,0.9760,1.0145,1.0053,0.9944,0.9980,0.9956,1.0063,0.9971,1.0266,1.0158,0.9992,1.0137,0.9852,1.0362,1.0053,0.9944,0.9980,0.9956,1.0063,0.9971,3841.21,5719.37,4444.97,2905.81,2236.83,1417.33,205.04,2984.34,2205.23,574.23,1.0608,0.6059,0.9640,1.2564,0.8950,0.3339,1.2319,0.2831,0.1608,-0.5469,0.6602,0.7245,0.6926,0.6805,0.7129,0.7798,0.6315,0.6743,0.7075,0.7213,0.0036,0.0034,0.0120,0.0048,0.0056,0.0026,0.0247,0.0000,0.0022,0.0024,0.9833,0.9845,0.9921,0.9862,0.9844,0.9879,0.9974,1.0000,0.9888,1.0000,60.87,209.84,87.18,64.55,72.60,12.50,10.29,292.36,78.32,86.73,0.0000,0.0000,0.0000,0.0000,0.0000,0.0000,0.0000,0.0000,0.0000,0.0000,104304,74663,53998,54750,86225,66964,95775,572442,131417,91336,0,0,0,0,0,0,0,0,0,0,0.0000,0.0000,0.0000,0.0000,0.0000,0.0000,0.3000,0.2400,0.0000,0.0000,0,0,0,0,0,0,0,1,0,0,0,0,0,0,0,0,0,0,0,0,0.1303,0.0852,0.1336,0.0649,0.0995,0.0253,0.0859,0.1234,0.0204,0.1371,0.000,0.000,0.000,0.000,0.000,0.000,0.000,0.160,0.000,0.000,semi-presidential,parliamentary,parliamentary,parliamentary,parliamentary,semi-presidential,semi-presidential,electoral-authoritarian,electoral-authoritarian,parliamentary,0.800,0.800,0.800,0.800,0.800,0.800,0.800,0.500,0.500,0.800,100.0,100.0,100.0,100.0,100.0,100.0,100.0,81.7,100.0,100.0
2031-11-01,1.0075,0.9988,0.9974,0.9940,0.9796,1.0107,1.0040,0.9947,0.9986,0.9912,1.0053,0.9971,1.0086,1.0356,0.9978,1.0123,1.0035,1.0107,1.0040,1.0000,1.0102,0.9912,1.0053,0.9972,3848.63,5731.35,4459.50,2913.60,2239.60,1420.52,204.83,2993.03,2216.57,575.52,1.0588,0.6045,0.9610,1.2531,0.8942,0.3313,1.2397,0.2835,0.1592,-0.5604,0.6446,0.7161,0.6630,0.6712,0.7064,0.7727,0.6171,0.6652,0.7235,0.7218,0.0049,0.0042,0.0145,0.0087,0.0105,0.0032,0.0087,0.0005,0.0035,0.0082,0.9668,0.9700,0.9843,0.9724,0.9678,0.9770,0.9943,1.0000,0.9777,1.0000,61.09,210.19,87.47,64.56,72.69,13.14,10.22,292.52,78.82,87.13,0.0000,0.0000,0.0000,0.0000,0.0000,0.0000,0.0000,0.0000,0.0000,0.0000,104304,74663,53998,54750,86225,66964,95775,572442,131417,91336,0,0,0,0,0,0,0,0,0,0,0.0000,0.0000,0.0000,0.0000,0.0000,0.0000,0.2800,0.2200,0.0000,0.0000,0,0,0,0,0,0,0,1,0,0,0,0,0,0,0,0,0,0,0,0,0.1424,0.0912,0.1469,0.0715,0.1098,0.0272,0.0881,0.1259,0.0222,0.1363,0.000,0.000,0.000,0.000,0.000,0.000,0.000,0.162,0.000,0.000,semi-presidential,parliamentary,parliamentary,parliamentary,parliamentary,semi-presidential,semi-presidential,electoral-authoritarian,electoral-authoritarian,parliamentary,0.800,0.800,0.800,0.800,0.800,0.800,0.800,0.500,0.500,0.800,100.0,100.0,100.0,100.0,100.0,100.0,100.0,84.7,100.0,100.0
2031-12-01,1.0069,1.0005,0.9957,0.9949,0.9832,1.0075,1.0031,0.9948,1.0004,0.9889,1.0037,1.0000,1.0069,1.0414,0.9960,1.0214,1.0076,1.0075,1.0031,1.0031,1.0410,0.9889,1.0037,1.0005,3861.09,5747.40,4473.07,2923.39,2250.82,1427.11,205.93,3006.85,2232.60,577.48,1.0555,0.6029,0.9581,1.2489,0.8897,0.3279,1.2397,0.2835,0.1573,-0.5732,0.6481,0.7272,0.6761,0.6716,0.6899,0.7465,0.6011,0.6719,0.7126,0.7200,0.0056,0.0047,0.0154,0.0138,0.0120,0.0036,0.0080,0.0016,0.0049,0.0097,0.9630,0.9666,0.9826,0.9693,0.9642,0.9743,0.9938,1.0000,0.9749,1.0000,61.14,210.75,86.26,62.68,72.02,13.21,10.22,292.37,79.18,87.17,0.0000,0.0000,0.0000,0.0000,0.0000,0.0000,0.0000,0.0000,0.0000,0.0000,104304,74663,53998,54750,86225,66964,95775,572442,131417,91336,0,0,0,0,0,0,0,0,0,0,0.0000,0.0000,0.0000,0.0000,0.0000,0.0000,0.2600,0.2000,0.0000,0.0000,0,0,0,0,0,0,0,1,0,0,0,0,0,0,0,0,0,0,0,0,0.1450,0.0933,0.1493,0.0723,0.1120,0.0290,0.0895,0.1319,0.0244,0.1382,0.000,0.000,0.000,0.000,0.000,0.000,0.000,0.155,0.000,0.000,semi-presidential,parliamentary,parliamentary,parliamentary,parliamentary,semi-presidential,semi-presidential,electoral-authoritarian,electoral-authoritarian,parliamentary,0.800,0.800,0.800,0.800,0.800,0.800,0.800,0.500,0.500,0.800,100.0,100.0,100.0,100.0,100.0,100.0,100.0,87.7,100.0,100.0
2032-01-01,1.0029,1.0054,0.9942,0.9939,0.9878,1.0078,1.0012,0.9950,1.0025,0.9879,1.0045,1.0015,1.0029,1.1259,0.9946,1.0186,1.0161,1.0162,1.0012,0.9965,1.0442,0.9879,1.0212,1.0018,3878.67,5755.43,4485.71,2931.38,2260.08,1433.34,206.18,3022.56,2249.51,578.88,1.0507,0.6061,0.9555,1.2453,0.8859,0.3246,1.2444,0.2853,0.1554,-0.5866,0.6603,0.7356,0.6856,0.6727,0.7094,0.7518,0.6411,0.6772,0.7282,0.7308,0.0154,0.0135,0.0220,0.0204,0.0225,0.0108,0.0099,0.0017,0.0128,0.0113,0.8956,0.9048,0.9515,0.9092,0.8969,0.9237,0.9847,1.0000,0.9190,1.0000,60.21,210.32,87.13,63.19,71.08,13.33,10.17,286.55,78.93,87.60,0.0000,0.0000,0.0000,0.0000,0.0000,0.0000,0.0000,0.0000,0.0000,0.0000,104304,74663,53998,54750,86225,66964,95775,572442,131417,91336,0,0,0,0,0,0,0,0,0,0,0.0000,0.0000,0.0000,0.0000,0.0000,0.0000,0.2400,0.1800,0.0000,0.0000,0,0,0,0,0,0,0,1,0,0,0,0,0,0,0,0,0,0,0,0,0.1461,0.0945,0.1506,0.0742,0.1129,0.0300,0.0912,0.1296,0.0249,0.1373,0.000,0.000,0.000,0.000,0.000,0.000,0.000,0.154,0.000,0.000,semi-presidential,parliamentary,parliamentary,parliamentary,parliamentary,semi-presidential,semi-presidential,electoral-authoritarian,electoral-authoritarian,parliamentary,0.800,0.800,0.800,0.800,0.800,0.800,0.800,0.500,0.500,0.800,100.0,95.0,100.0,100.0,100.0,100.0,100.0,90.7,100.0,100.0
2032-02-01,0.9987,1.0115,0.9926,0.9976,0.9911,1.0063,0.9988,0.9951,1.0015,0.9868,1.0054,1.0021,0.9987,1.1568,0.9930,1.0402,1.0129,1.0063,0.9988,1.0091,1.0015,0.9868,1.0421,1.0023,3878.87,5770.93,4496.92,2932.34,2273.05,1439.41,206.25,3042.15,2261.18,579.46,1.0507,0.6044,0.9532,1.2448,0.8807,0.3214,1.2501,0.2850,0.1538,-0.6008,0.6707,0.7375,0.6940,0.6602,0.7088,0.7535,0.6284,0.7114,0.7451,0.7319,0.0192,0.0159,0.0234,0.0311,0.0233,0.0129,0.0104,0.0002,0.0142,0.0094,0.8767,0.8865,0.9430,0.8907,0.8779,0.9075,0.9838,1.0000,0.8989,1.0000,59.72,209.87,84.80,61.43,70.12,13.35,10.02,284.96,78.52,86.54,0.0000,0.0000,0.0000,0.0000,0.0000,0.0000,0.0000,0.0000,0.0000,0.0000,104304,74663,53998,54750,86225,66964,95775,572442,131417,91336,0,0,0,0,0,0,0,0,0,0,0.0000,0.0000,0.0000,0.0000,0.0000,0.0000,0.2200,0.1600,0.0000,0.0000,0,0,0,0,0,0,0,1,0,0,0,0,0,0,0,0,0,0,0,0,0.1473,0.0948,0.1512,0.0733,0.1197,0.0304,0.0919,0.1303,0.0255,0.1388,0.000,0.000,0.000,0.000,0.000,0.000,0.000,0.154,0.000,0.000,semi-presidential,parliamentary,parliamentary,parliamentary,parliamentary,semi-presidential,semi-presidential,electoral-authoritarian,electoral-authoritarian,parliamentary,0.800,0.800,0.800,0.800,0.800,0.800,0.800,0.500,0.500,0.800,100.0,98.1,100.0,100.0,100.0,100.0,100.0,93.9,100.0,100.0
2032-03-01,0.9946,1.0133,0.9916,1.0008,0.9944,1.0051,0.9966,0.9919,1.0015,0.9852,1.0074,1.0030,0.9946,1.0591,0.9921,1.0323,1.0169,1.0051,0.9966,0.9919,1.0015,0.9852,1.0530,1.0031,3884.45,5775.28,4501.95,2933.61,2281.12,1447.33,207.05,3061.23,2266.72,580.27,1.0492,0.6040,0.9522,1.2444,0.8775,0.3177,1.2512,0.2847,0.1527,-0.6147,0.6538,0.7366,0.6989,0.6422,0.7268,0.7434,0.6152,0.7287,0.7499,0.7189,0.0073,0.0052,0.0158,0.0165,0.0117,0.0040,0.0076,0.0002,0.0038,0.0092,0.9586,0.9629,0.9805,0.9659,0.9597,0.9718,0.9929,1.0000,0.9729,1.0000,59.76,209.34,84.05,61.33,70.44,13.07,9.88,287.27,79.56,87.34,0.0000,0.0000,0.0000,0.0000,0.0000,0.0000,0.0000,0.0000,0.0000,0.0000,104304,74663,53998,54750,86225,66964,95775,572442,131417,91336,0,0,0,0,0,0,0,0,0,0,0.0000,0.0000,0.0000,0.0000,0.0000,0.0000,0.2000,0.1400,0.0000,0.0000,0,0,0,0,0,0,0,1,0,0,0,0,0,0,0,0,0,0,0,0,0.1478,0.0953,0.1521,0.0740,0.1209,0.0308,0.0923,0.1308,0.0265,0.1386,0.000,0.000,0.000,0.000,0.000,0.000,0.000,0.153,0.000,0.000,semi-presidential,parliamentary,parliamentary,parliamentary,parliamentary,semi-presidential,semi-presidential,electoral-authoritarian,electoral-authoritarian,parliamentary,0.800,0.800,0.800,0.800,0.800,0.800,0.800,0.500,0.500,0.800,100.0,100.0,100.0,100.0,100.0,100.0,100.0,97.2,100.0,100.0
2032-04-01,0.9901,1.0163,0.9936,1.0032,1.0013,1.0023,0.9966,0.9910,1.0009,0.9878,1.0112,1.0010,0.9901,1.0910,1.0676,1.0373,1.0391,1.0023,0.9994,0.9910,1.0009,0.9957,1.1081,1.0010,3890.18,5783.73,4509.09,2934.18,2294.20,1455.90,207.69,3071.59,2275.40,580.63,1.0527,0.6031,0.9508,1.2442,0.8725,0.3139,1.2530,0.2853,0.1514,-0.6290,0.6543,0.7282,0.6905,0.6312,0.7212,0.7534,0.6403,0.7430,0.7196,0.7028,0.0175,0.0108,0.0260,0.0287,0.0246,0.0065,0.0103,0.0004,0.0094,0.0182,0.9336,0.9403,0.9690,0.9443,0.9349,0.9537,0.9893,1.0000,0.9537,1.0000,59.62,209.03,83.73,61.49,70.44,12.97,9.73,286.83,79.26,87.28,0.0000,0.0000,0.0000,0.0000,0.0000,0.0000,0.0000,0.0000,0.0000,0.0000,104304,74663,53998,54750,86225,66964,95775,572442,131417,91336,0,0,0,0,0,0,0,0,0,0,0.0000,0.0000,0.0000,0.0000,0.0000,0.0000,0.1800,0.1200,0.0000,0.0000,0,0,0,0,0,0,0,1,0,0,0,0,0,0,0,0,0,0,0,0,0.1350,0.0882,0.1381,0.0668,0.1093,0.0282,0.0897,0.1282,0.0230,0.1385,0.000,0.000,0.000,0.000,0.000,0.000,0.000,0.155,0.000,0.000,semi-presidential,parliamentary,parliamentary,parliamentary,parliamentary,semi-presidential,semi-presidential,electoral-authoritarian,electoral-authoritarian,parliamentary,0.800,0.800,0.800,0.800,0.800,0.800,0.800,0.500,0.500,0.800,100.0,100.0,100.0,100.0,100.0,100.0,100.0,100.0,100.0,100.0
2032-05-01,0.9879,1.0197,0.9966,1.0047,1.0051,1.0011,0.9947,0.9938,1.0031,0.9891,1.0164,1.0029,0.9879,1.1041,1.1059,1.0356,1.0298,1.0011,0.9947,1.0488,1.0452,0.9940,1.1494,1.0033,3912.13,5800.40,4512.25,2938.70,2306.11,1461.13,208.39,3079.03,2284.35,580.04,1.0469,0.6014,0.9502,1.2425,0.8681,0.3109,1.2542,0.2861,0.1500,-0.6444,0.6499,0.7328,0.6866,0.6163,0.7302,0.7632,0.6543,0.7142,0.7051,0.6925,0.0249,0.0129,0.0330,0.0282,0.0290,0.0073,0.0153,0.0025,0.0133,0.0206,0.9254,0.9328,0.9653,0.9371,0.9267,0.9478,0.9882,1.0000,0.9472,1.0000,60.73,212.23,85.69,61.89,72.43,13.42,10.07,292.17,80.43,87.66,0.0000,0.0000,0.0000,0.0000,0.0000,0.0000,0.0000,0.0000,0.0000,0.0000,104304,74663,53998,54750,86225,66964,95775,572442,131417,91336,0,0,0,0,0,0,0,0,0,0,0.0000,0.0000,0.0000,0.0000,0.0000,0.0000,0.1600,0.1000,0.0000,0.0000,0,0,0,0,0,0,0,1,0,0,0,0,0,0,0,0,0,0,0,0,0.1472,0.0954,0.1567,0.0741,0.1206,0.0312,0.0930,0.1330,0.0259,0.1388,0.000,0.000,0.000,0.000,0.000,0.000,0.000,0.153,0.000,0.000,semi-presidential,parliamentary,parliamentary,parliamentary,parliamentary,semi-presidential,semi-presidential,electoral-authoritarian,electoral-authoritarian,parliamentary,0.800,0.800,0.800,0.800,0.800,0.800,0.800,0.500,0.500,0.800,100.0,100.0,100.0,100.0,100.0,100.0,100.0,100.0,100.0,100.0
2032-06-01,0.9868,1.0200,0.9985,1.0059,1.0055,0.9992,0.9929,0.9960,1.0034,0.9909,1.0205,1.0047,0.9868,1.0269,1.0678,1.0268,1.0091,0.9992,0.9929,1.0318,1.0042,0.9944,1.1172,1.0050,3932.07,5816.98,4522.70,2949.09,2318.90,1464.23,208.92,3093.20,2298.63,582.39,1.0416,0.5998,0.9481,1.2381,0.8633,0.3082,1.2561,0.2863,0.1483,-0.6565,0.6626,0.7440,0.6636,0.6278,0.7393,0.7548,0.6601,0.7014,0.7029,0.6729,0.0104,0.0031,0.0193,0.0089,0.0095,0.0007,0.0085,0.0006,0.0034,0.0090,0.9942,0.9937,0.9973,0.9951,0.9955,0.9948,1.0000,1.0000,0.9956,1.0000,61.57,214.31,88.09,64.14,74.11,13.77,10.27,296.04,81.05,87.92,0.0000,0.0000,0.0000,0.0000,0.0000,0.0000,0.0000,0.0000,0.0000,0.0000,104304,74663,53998,54750,86225,66964,95775,572442,131417,91336,0,0,0,0,0,0,0,0,0,0,0.0000,0.0000,0.0000,0.0000,0.0000,0.0000,0.1400,0.0800,0.0000,0.0000,0,0,0,0,0,0,0,1,0,0,0,0,0,0,0,0,0,0,0,0,0.1488,0.0970,0.1579,0.0763,0.1221,0.0327,0.0941,0.1347,0.0273,0.1380,0.000,0.000,0.000,0.000,0.000,0.000,0.000,0.153,0.000,0.000,semi-presidential,parliamentary,parliamentary,parliamentary,parliamentary,semi-presidential,semi-presidential,electoral-authoritarian,electoral-authoritarian,parliamentary,0.800,0.800,0.800,0.800,0.800,0.800,0.800,0.500,0.500,0.800,100.0,100.0,100.0,100.0,100.0,100.0,100.0,100.0,100.0,100.0
2032-07-01,0.9871,1.0184,0.9978,1.0083,1.0063,0.9971,0.9925,0.9971,1.0043,0.9924,1.0231,1.0055,0.9983,1.0184,0.9982,1.0330,1.0134,0.9971,0.9925,1.0222,1.0234,0.9961,1.0931,1.0056,3947.45,5835.56,4541.00,2970.66,2330.30,1473.74,209.92,3106.78,2304.89,583.99,1.0376,0.5980,0.9444,1.2291,0.8591,0.3042,1.2550,0.2866,0.1472,-0.6694,0.6785,0.7570,0.6799,0.6612,0.7639,0.7278,0.6589,0.7214,0.7407,0.7234,0.0039,0.0004,0.0132,0.0069,0.0050,0.0003,0.0270,0.0011,0.0009,0.0073,1.0000,1.0000,1.0000,1.0000,1.0000,1.0000,1.0000,1.0000,1.0000,1.0000,62.58,216.33,88.27,63.84,75.11,13.95,10.40,300.95,82.27,88.20,0.0000,0.0000,0.0000,0.0000,0.0000,0.0000,0.0000,0.0000,0.0000,0.0000,104304,74663,53998,54750,86225,66964,95775,572442,131417,91336,0,0,0,0,0,0,0,0,0,0,0.0000,0.0000,0.0000,0.0000,0.0000,0.0000,0.1200,0.0600,0.0000,0.0000,0,0,0,0,0,0,0,1,0,0,0,0,0,0,0,0,0,0,0,0,0.1496,0.0979,0.1583,0.0820,0.1228,0.0332,0.0944,0.1360,0.0283,0.1382,0.000,0.000,0.000,0.000,0.000,0.000,0.000,0.153,0.000,0.000,semi-presidential,parliamentary,parliamentary,parliamentary,parliamentary,semi-presidential,semi-presidential,electoral-authoritarian,electoral-authoritarian,parliamentary,0.800,0.800,0.800,0.800,0.800,0.800,0.800,0.500,0.500,0.800,100.0,100.0,100.0,100.0,100.0,100.0,100.0,100.0,100.0,100.0
2032-08-01,0.9881,1.0180,1.0001,1.0118,1.0051,0.9974,0.9931,0.9975,1.0045,0.9934,1.0218,1.0051,1.0217,1.0180,1.0810,1.0400,1.0051,1.0049,1.0084,1.0061,1.0098,0.9961,1.0218,1.0051,3963.83,5841.55,4570.81,2980.52,2345.60,1484.58,210.54,3126.75,2317.34,584.32,1.0334,0.5975,0.9383,1.2250,0.8535,0.2999,1.2558,0.2864,0.1456,-0.6838,0.6850,0.7568,0.7003,0.7075,0.7663,0.7501,0.6694,0.7215,0.6980,0.7360,0.0086,0.0046,0.0157,0.0143,0.0084,0.0016,0.0273,0.0004,0.0045,0.0026,1.0000,1.0000,1.0000,1.0000,1.0000,1.0000,1.0000,1.0000,1.0000,1.0000,62.41,216.27,87.81,63.39,74.97,14.08,10.48,299.82,81.85,88.07,0.0000,0.0000,0.0000,0.0000,0.0000,0.0000,0.0000,0.0000,0.0000,0.0000,104304,74663,53998,54750,86225,66964,95775,572442,131417,91336,0,0,0,0,0,0,0,0,0,0,0.0000,0.0000,0.0000,0.0000,0.0000,0.0000,0.1000,0.0400,0.0000,0.0000,0,0,0,0,0,0,0,1,0,0,0,0,0,0,0,0,0,0,0,0,0.1519,0.0969,0.1556,0.0806,0.1208,0.0382,0.0921,0.1354,0.0273,0.1386,0.000,0.000,0.000,0.000,0.000,0.000,0.000,0.153,0.000,0.000,semi-presidential,parliamentary,parliamentary,parliamentary,parliamentary,semi-presidential,semi-presidential,electoral-authoritarian,electoral-authoritarian,parliamentary,0.800,0.800,0.800,0.800,0.800,0.800,0.800,0.500,0.500,0.800,100.0,100.0,100.0,100.0,100.0,100.0,100.0,100.0,100.0,100.0
2032-09-01,0.9896,1.0198,1.0018,1.0142,1.0034,0.9961,0.9911,1.0004,1.0039,0.9932,1.0208,1.0040,1.0425,1.0632,1.0650,1.0427,1.0034,0.9961,0.9911,1.0577,1.0039,0.9932,1.0208,1.0040,3972.40,5844.58,4600.02,2986.38,2355.88,1490.61,211.70,3139.31,2334.22,585.01,1.0313,0.5974,0.9324,1.2267,0.8498,0.2966,1.2530,0.2867,0.1438,-0.6977,0.6883,0.7504,0.7426,0.6975,0.7744,0.7706,0.6673,0.7632,0.7142,0.7207,0.0162,0.0101,0.0207,0.0180,0.0149,0.0063,0.0299,0.0004,0.0080,0.0050,0.9609,0.9646,0.9817,0.9679,0.9623,0.9730,0.9936,1.0000,0.9744,1.0000,62.44,217.21,89.78,64.18,75.57,14.44,10.61,300.19,82.01,88.10,0.0000,0.0000,0.0000,0.0000,0.0000,0.0000,0.0000,0.0000,0.0000,0.0000,104304,74663,53998,54750,86225,66964,95775,572442,131417,91336,0,0,0,0,0,0,0,0,0,0,0.0000,0.0000,0.0000,0.0000,0.0000,0.0000,0.0800,0.0200,0.0000,0.0000,0,0,0,0,0,0,0,1,0,0,0,0,0,0,0,0,0,0,0,0,0.1463,0.0940,0.1492,0.0775,0.1159,0.0369,0.0897,0.1343,0.0256,0.1388,0.000,0.000,0.000,0.000,0.000,0.000,0.000,0.155,0.000,0.000,semi-presidential,parliamentary,parliamentary,parliamentary,parliamentary,semi-presidential,semi-presidential,electoral-authoritarian,electoral-authoritarian,parliamentary,0.800,0.800,0.800,0.800,0.800,0.800,0.800,0.500,0.500,0.800,100.0,100.0,100.0,95.0,100.0,100.0,100.0,100.0,100.0,100.0
2032-10-01,0.9927,1.0182,1.0051,1.0167,0.9989,0.9956,0.9918,0.9998,1.0028,0.9955,1.0200,1.0032,1.0991,1.0182,1.1212,1.0418,0.9989,0.9956,1.0062,0.9998,1.0028,0.9979,1.0200,1.0032,3974.72,5854.01,4616.02,2987.06,2370.71,1501.26,212.09,3148.26,2349.44,585.99,1.0348,0.5965,0.9290,1.2266,0.8446,0.2924,1.2545,0.2874,0.1421,-0.7113,0.6761,0.7310,0.7615,0.6881,0.7588,0.7558,0.6861,0.7679,0.7387,0.7075,0.0156,0.0102,0.0200,0.0191,0.0153,0.0054,0.0277,0.0001,0.0086,0.0024,1.0000,1.0000,1.0000,1.0000,1.0000,1.0000,1.0000,1.0000,1.0000,1.0000,61.50,215.36,89.28,63.66,74.43,14.37,10.40,295.48,81.31,87.68,0.0000,0.0000,0.0000,0.0000,0.0000,0.0000,0.0000,0.0000,0.0000,0.0000,104304,74663,53998,54750,86225,66964,95775,572442,131417,91336,0,0,0,0,0,0,0,0,0,0,0.0000,0.0000,0.0000,0.0000,0.0000,0.0000,0.0600,0.0000,0.0000,0.0000,0,0,0,0,0,0,0,1,0,0,0,0,0,0,0,0,0,0,0,0,0.1481,0.0943,0.1516,0.0786,0.1172,0.0365,0.0857,0.1339,0.0254,0.1395,0.000,0.000,0.000,0.000,0.000,0.000,0.000,0.156,0.000,0.000,semi-presidential,parliamentary,parliamentary,parliamentary,parliamentary,semi-presidential,semi-presidential,electoral-authoritarian,electoral-authoritarian,parliamentary,0.800,0.800,0.800,0.800,0.800,0.800,0.800,0.500,0.500,0.800,95.0,100.0,100.0,100.0,100.0,100.0,100.0,100.0,100.0,100.0
2032-11-01,0.9965,1.0195,1.0063,1.0172,0.9941,0.9962,0.9944,0.9992,1.0047,0.9947,1.0202,1.0020,1.1240,1.0524,1.0507,1.0382,0.9941,1.0121,1.0497,0.9992,1.0393,0.9947,1.0222,1.0020,3991.60,5857.14,4640.44,3005.24,2380.26,1508.18,211.98,3160.23,2358.82,585.85,1.0305,0.5963,0.9241,1.2193,0.8413,0.2889,1.2587,0.2878,0.1408,-0.7264,0.6751,0.7244,0.7492,0.6554,0.7598,0.7745,0.6694,0.7417,0.7368,0.7119,0.0179,0.0134,0.0208,0.0169,0.0178,0.0098,0.0302,0.0016,0.0112,0.0041,0.9705,0.9728,0.9862,0.9757,0.9721,0.9790,0.9956,1.0000,0.9804,1.0000,61.57,215.95,90.40,64.75,75.13,14.44,10.52,296.90,82.58,87.82,0.0000,0.0000,0.0000,0.0000,0.0000,0.0000,0.0000,0.0000,0.0000,0.0000,104304,74663,53998,54750,86225,66964,95775,572442,131417,91336,0,0,0,0,0,0,0,0,0,0,0.0000,0.0000,0.0000,0.0000,0.0000,0.0000,0.0400,0.0000,0.0000,0.0000,0,0,0,0,0,0,0,1,0,0,0,0,0,0,0,0,0,0,0,0,0.1442,0.0925,0.1477,0.0766,0.1145,0.0353,0.0844,0.1385,0.0245,0.1401,0.000,0.000,0.000,0.000,0.000,0.000,0.000,0.151,0.000,0.000,semi-presidential,parliamentary,parliamentary,parliamentary,parliamentary,semi-presidential,semi-presidential,electoral-authoritarian,electoral-authoritarian,parliamentary,0.800,0.800,0.800,0.800,0.800,0.800,0.800,0.500,0.500,0.800,98.0,100.0,100.0,100.0,100.0,100.0,100.0,100.0,100.0,100.0
2032-12-01,1.0062,1.0208,1.0060,1.0198,0.9911,0.9965,0.9946,1.0007,1.0050,0.9961,1.0184,0.9999,1.3039,1.0514,1.0062,1.0470,0.9911,1.0035,1.0025,1.0345,1.0146,0.9981,1.0184,0.9999,4002.61,5860.09,4659.97,3009.67,2391.24,1512.40,211.90,3173.88,2367.21,588.09,1.0278,0.5961,0.9203,1.2177,0.8375,0.2859,1.2654,0.2880,0.1396,-0.7385,0.6812,0.7120,0.7522,0.6887,0.7423,0.7632,0.6403,0.7312,0.7285,0.7016,0.0248,0.0218,0.0227,0.0261,0.0242,0.0199,0.0357,0.0006,0.0187,0.0030,0.9726,0.9746,0.9872,0.9774,0.9743,0.9803,0.9961,1.0000,0.9817,1.0000,59.22,213.10,89.08,61.68,72.51,14.49,10.29,285.03,80.20,85.42,0.0000,0.0000,0.0000,0.0000,0.0000,0.0000,0.0000,0.0000,0.0000,0.0000,104304,74663,53998,54750,86225,66964,95775,572442,131417,91336,0,0,0,0,0,0,0,0,0,0,0.0000,0.0000,0.0000,0.0000,0.0000,0.0000,0.0200,0.0000,0.0000,0.0000,0,0,0,0,0,0,0,1,0,0,0,0,0,0,0,0,0,0,0,0,0.1370,0.0885,0.1398,0.0716,0.1079,0.0335,0.0839,0.1372,0.0226,0.1406,0.000,0.000,0.000,0.000,0.000,0.000,0.000,0.154,0.000,0.000,semi-presidential,parliamentary,parliamentary,parliamentary,parliamentary,semi-presidential,semi-presidential,electoral-authoritarian,electoral-authoritarian,parliamentary,0.800,0.800,0.800,0.800,0.800,0.800,0.800,0.500,0.500,0.800,100.0,100.0,100.0,100.0,100.0,100.0,100.0,100.0,100.0,100.0
2033-01-01,1.0154,1.0195,1.0012,1.0185,0.9909,0.9973,0.9940,1.0023,1.0037,0.9989,1.0127,0.9971,1.2932,1.0195,1.0014,1.0326,0.9909,1.0176,0.9940,1.0240,1.0037,0.9992,1.0127,0.9971,4019.39,5861.40,4658.27,3021.10,2397.11,1518.32,212.04,3183.95,2376.47,590.59,1.0236,0.5961,0.9207,1.2132,0.8356,0.2826,1.2678,0.2885,0.1383,-0.7503,0.6743,0.6967,0.7443,0.6641,0.7356,0.7290,0.6143,0.7316,0.7077,0.7358,0.0189,0.0171,0.0188,0.0157,0.0185,0.0160,0.0299,0.0001,0.0145,0.0015,1.0000,1.0000,1.0000,1.0000,1.0000,1.0000,1.0000,1.0000,1.0000,1.0000,60.00,214.52,92.13,65.32,74.33,14.69,10.33,289.01,80.84,86.62,0.0000,0.0000,0.0000,0.0000,0.0000,0.0000,0.0000,0.0000,0.0000,0.0000,104304,74663,53998,54750,86225,66964,95775,572442,131417,91336,0,0,0,0,0,0,0,0,0,0,0.0000,0.0000,0.0000,0.0000,0.0000,0.0000,0.0000,0.0000,0.0000,0.0000,0,0,0,0,0,0,0,1,0,0,0,0,0,0,0,0,0,0,0,0,0.1309,0.0851,0.1384,0.0694,0.1029,0.0317,0.0858,0.1341,0.0203,0.1396,0.000,0.000,0.000,0.000,0.000,0.000,0.000,0.157,0.000,0.000,semi-presidential,parliamentary,parliamentary,parliamentary,parliamentary,semi-presidential,semi-presidential,electoral-authoritarian,electoral-authoritarian,parliamentary,0.800,0.800,0.800,0.800,0.800,0.800,0.800,0.500,0.500,0.800,100.0,100.0,100.0,100.0,100.0,100.0,100.0,100.0,100.0,100.0
2033-02-01,1.0234,1.0195,0.9973,1.0163,0.9919,0.9952,0.9913,1.0033,1.0018,1.0020,1.0097,0.9925,1.2695,1.0195,0.9975,1.0303,1.0009,0.9952,0.9913,1.0229,1.0018,1.0020,1.0097,0.9925,4015.75,5859.01,4641.96,3022.43,2401.29,1521.30,212.53,3192.77,2384.06,592.53,1.0247,0.5965,0.9240,1.2128,0.8342,0.2799,1.2681,0.2891,0.1371,-0.7628,0.6815,0.6939,0.7023,0.6778,0.7217,0.7258,0.6120,0.7200,0.6937,0.7537,0.0164,0.0147,0.0180,0.0151,0.0183,0.0137,0.0283,0.0001,0.0124,0.0037,1.0000,1.0000,1.0000,1.0000,1.0000,1.0000,1.0000,1.0000,1.0000,1.0000,60.94,215.47,92.57,66.36,75.31,14.80,10.32,293.50,81.86,87.74,0.0000,0.0000,0.0000,0.0000,0.0000,0.0000,0.0000,0.0000,0.0000,0.0000,104304,74663,53998,54750,86225,66964,95775,572442,131417,91336,0,0,0,0,0,0,0,0,0,0,0.0000,0.0000,0.0000,0.0000,0.0000,0.0000,0.0000,0.0000,0.0000,0.0000,0,0,0,0,0,0,0,1,0,0,0,0,0,0,0,0,0,0,0,0,0.1167,0.0772,0.1229,0.0608,0.0904,0.0277,0.0822,0.1306,0.0162,0.1402,0.000,0.000,0.000,0.000,0.000,0.000,0.000,0.161,0.000,0.000,semi-presidential,parliamentary,parliamentary,parliamentary,parliamentary,semi-presidential,semi-presidential,electoral-authoritarian,electoral-authoritarian,parliamentary,0.800,0.800,0.800,0.800,0.800,0.800,0.800,0.500,0.500,0.800,100.0,100.0,100.0,100.0,100.0,100.0,100.0,100.0,100.0,100.0
2033-03-01,1.0308,1.0195,0.9932,1.0108,0.9935,0.9953,0.9914,1.0045,1.0005,1.0051,1.0086,0.9909,1.2792,1.0204,0.9934,1.0166,1.0066,0.9986,0.9914,1.0272,1.0005,1.0051,1.0086,0.9909,4012.34,5853.61,4650.34,3037.68,2401.04,1523.18,212.36,3199.18,2393.44,592.20,1.0257,0.5972,0.9224,1.2069,0.8345,0.2774,1.2721,0.2899,0.1358,-0.7784,0.6583,0.6836,0.6595,0.6577,0.7012,0.7171,0.6210,0.7118,0.6912,0.7588,0.0168,0.0149,0.0140,0.0161,0.0195,0.0139,0.0283,0.0001,0.0125,0.0052,0.9992,0.9992,0.9996,0.9993,0.9994,0.9993,1.0000,1.0000,0.9994,1.0000,61.10,215.87,92.17,66.52,75.95,14.93,10.39,294.65,82.33,88.29,0.0000,0.0000,0.0000,0.0000,0.0000,0.0000,0.0000,0.0000,0.0000,0.0000,104304,74663,53998,54750,86225,66964,95775,572442,131417,91336,0,0,0,0,0,0,0,0,0,0,0.0000,0.0000,0.0000,0.0000,0.0000,0.0000,0.0000,0.0000,0.0000,0.0000,0,0,0,0,0,0,0,1,0,0,0,0,0,0,0,0,0,0,0,0,0.1295,0.0832,0.1386,0.0679,0.1019,0.0286,0.0837,0.1333,0.0166,0.1390,0.000,0.000,0.000,0.000,0.000,0.000,0.000,0.163,0.000,0.000,semi-presidential,parliamentary,parliamentary,parliamentary,parliamentary,semi-presidential,semi-presidential,electoral-authoritarian,electoral-authoritarian,parliamentary,0.800,0.800,0.800,0.800,0.800,0.800,0.800,0.500,0.500,0.800,100.0,100.0,100.0,100.0,100.0,100.0,100.0,100.0,100.0,100.0
2033-04-01,1.0339,1.0207,0.9916,1.0070,0.9974,0.9926,0.9900,1.0023,1.0007,1.0064,1.0075,0.9898,1.1365,1.0487,0.9921,1.0224,1.0217,0.9926,0.9900,1.0023,1.0111,1.0064,1.0075,0.9898,4012.96,5848.43,4655.43,3049.03,2408.21,1530.21,212.14,3210.23,2402.47,593.61,1.0257,0.5978,0.9215,1.2025,0.8319,0.2740,1.2764,0.2902,0.1345,-0.7916,0.6400,0.6707,0.6737,0.6871,0.6687,0.7044,0.6028,0.7046,0.6729,0.7221,0.0103,0.0093,0.0164,0.0129,0.0157,0.0076,0.0237,0.0004,0.0064,0.0080,0.9749,0.9765,0.9882,0.9793,0.9768,0.9817,0.9970,1.0000,0.9831,1.0000,63.60,218.45,92.93,68.62,77.77,14.80,10.39,308.21,85.55,90.34,0.0000,0.0000,0.0000,0.0000,0.0000,0.0000,0.0000,0.0000,0.0000,0.0000,104304,74663,53998,54750,86225,66964,95775,572442,131417,91336,0,0,0,0,0,0,0,0,0,0,0.0000,0.0000,0.0000,0.0000,0.0000,0.0000,0.0000,0.0000,0.0000,0.0000,0,0,0,0,0,0,0,0,0,0,0,0,0,0,0,0,0,0,0,0,0.1335,0.0844,0.1432,0.0696,0.1048,0.0284,0.0844,0.1343,0.0166,0.1389,0.000,0.000,0.000,0.000,0.000,0.000,0.000,0.164,0.000,0.000,semi-presidential,parliamentary,parliamentary,parliamentary,parliamentary,semi-presidential,semi-presidential,electoral-authoritarian,electoral-authoritarian,parliamentary,0.800,0.800,0.800,0.800,0.800,0.800,0.800,0.500,0.500,0.800,100.0,100.0,100.0,100.0,100.0,100.0,100.0,100.0,100.0,100.0
2033-05-01,1.0346,1.0214,0.9889,1.0018,0.9997,0.9898,0.9911,1.0035,1.0021,1.0107,1.0070,0.9895,1.1102,1.0657,1.0261,1.0018,1.0369,1.0389,1.0102,1.0216,1.0325,1.0107,1.0085,0.9895,4028.57,5856.89,4666.48,3059.10,2409.62,1537.74,210.83,3220.26,2413.75,595.07,1.0219,0.5971,0.9194,1.1987,0.8314,0.2705,1.2870,0.2906,0.1331,-0.8048,0.6387,0.6667,0.6684,0.6998,0.6731,0.7238,0.5976,0.6999,0.6882,0.7181,0.0148,0.0122,0.0133,0.0207,0.0221,0.0014,0.0264,0.0019,0.0130,0.0147,0.9643,0.9639,0.9840,0.9651,0.9663,0.9899,0.9903,1.0000,0.9616,1.0000,63.39,215.73,91.80,68.23,78.47,15.38,4.21,302.65,84.80,91.63,0.0000,0.0000,0.0000,0.0000,0.0000,0.0000,0.4615,0.0433,0.0000,0.0000,104304,74663,53998,54750,86225,66964,95775,572442,131417,91336,0,0,0,0,0,0,0,0,0,0,0.0000,0.0000,0.0000,0.0000,0.0000,0.0000,0.0100,0.0100,0.0000,0.0000,0,0,0,0,0,0,0,1,0,0,0,0,0,0,0,0,1,1,0,0,0.1411,0.0856,0.1477,0.0717,0.1082,0.0285,0.0767,0.1297,0.0168,0.1386,0.000,0.000,0.000,0.000,0.000,0.000,0.000,0.145,0.000,0.000,semi-presidential,parliamentary,parliamentary,parliamentary,parliamentary,semi-presidential,semi-presidential,electoral-authoritarian,electoral-authoritarian,parliamentary,0.800,0.800,0.800,0.800,0.800,0.800,0.800,0.500,0.500,0.800,100.0,100.0,100.0,100.0,100.0,100.0,100.0,100.0,100.0,100.0
2033-06-01,1.0343,1.0209,0.9871,0.9968,1.0018,0.9904,0.9917,1.0050,1.0018,1.0167,1.0071,0.9909,1.1259,1.0519,1.0248,1.0126,1.0364,1.0393,1.0135,1.0424,1.0144,1.0409,1.0204,0.9913,4045.44,5886.31,4690.11,3071.52,2410.66,1540.29,209.74,3227.10,2425.40,594.78,1.0178,0.5943,0.9149,1.1939,0.8381,0.2679,1.2963,0.2913,0.1318,-0.8203,0.6563,0.6812,0.6779,0.6886,0.6559,0.7390,0.5460,0.7208,0.6719,0.7229,0.0144,0.0105,0.0230,0.0186,0.0205,0.0000,0.0841,0.0016,0.0111,0.0153,0.9769,0.9765,0.9898,0.9758,0.9773,1.0000,0.9728,1.0000,0.9709,1.0000,63.75,218.26,94.16,68.67,78.20,15.49,5.99,304.94,84.86,91.80,0.0000,0.0000,0.0000,0.0000,0.0000,0.0000,0.4615,0.0433,0.0000,0.0000,104304,74663,53998,54750,86225,66964,95775,572442,131417,91336,0,0,0,0,0,0,0,0,0,0,0.0000,0.0000,0.0000,0.0000,0.0000,0.0000,0.0200,0.0200,0.0000,0.0000,0,0,0,0,0,0,0,1,0,0,0,0,0,0,0,0,1,1,0,0,0.1447,0.0876,0.1507,0.0740,0.1112,0.0303,0.0774,0.1299,0.0235,0.1368,0.000,0.000,0.000,0.000,0.000,0.000,0.000,0.146,0.000,0.000,semi-presidential,parliamentary,parliamentary,parliamentary,parliamentary,semi-presidential,semi-presidential,electoral-authoritarian,electoral-authoritarian,parliamentary,0.800,0.800,0.800,0.800,0.800,0.800,0.800,0.500,0.500,0.800,100.0,100.0,100.0,100.0,100.0,100.0,100.0,100.0,100.0,100.0
2033-07-01,1.0332,1.0223,0.9871,0.9942,0.9988,0.9917,0.9928,1.0073,1.0002,1.0199,1.0049,0.9890,1.1133,1.0564,1.0231,1.0106,1.0198,1.0395,1.0170,1.0539,1.0123,1.0383,1.0066,0.9890,4049.14,5879.87,4689.13,3073.66,2416.20,1540.73,208.63,3237.99,2439.24,596.02,1.0170,0.6000,0.9151,1.1931,0.8361,0.2657,1.3058,0.2917,0.1303,-0.8337,0.6728,0.7295,0.7097,0.7016,0.6538,0.7209,0.4843,0.7217,0.6803,0.6950,0.0144,0.0105,0.0223,0.0158,0.0171,0.0004,0.0642,0.0015,0.0109,0.0117,0.9743,0.9738,0.9886,0.9737,0.9752,0.9969,0.9724,1.0000,0.9693,1.0000,63.37,219.34,95.67,68.98,77.66,15.83,6.00,302.52,84.61,92.11,0.0000,0.0000,0.0000,0.0000,0.0000,0.0000,0.4617,0.0412,0.0000,0.0000,104304,74663,53998,54750,86225,66964,95775,572442,131417,91336,0,0,0,0,0,0,0,0,0,0,0.0000,0.0000,0.0000,0.0000,0.0000,0.0000,0.0300,0.0300,0.0000,0.0000,0,0,0,0,0,0,0,1,0,0,0,0,0,0,0,0,1,1,0,0,0.1318,0.0818,0.1367,0.0669,0.0999,0.0278,0.0698,0.1243,0.0204,0.1370,0.000,0.000,0.000,0.000,0.000,0.000,0.000,0.148,0.000,0.000,semi-presidential,parliamentary,parliamentary,parliamentary,parliamentary,semi-presidential,semi-presidential,electoral-authoritarian,electoral-authoritarian,parliamentary,0.800,0.800,0.800,0.800,0.800,0.800,0.800,0.540,0.500,0.800,100.0,100.0,100.0,100.0,100.0,100.0,100.0,90.0,100.0,100.0
2033-08-01,1.0319,1.0228,0.9894,0.9951,0.9967,0.9933,0.9955,1.0091,0.9989,1.0213,1.0031,0.9901,1.1123,1.0530,1.0907,1.0169,1.0178,1.0413,1.0584,1.0460,1.0109,1.0366,1.0047,0.9903,4057.34,5877.36,4701.78,3075.65,2426.41,1549.71,208.10,3248.91,2453.49,598.49,1.0148,0.6004,0.9128,1.1925,0.8327,0.2621,1.3116,0.2920,0.1288,-0.8453,0.6573,0.7064,0.6835,0.6892,0.6684,0.7014,0.4700,0.7184,0.7162,0.7043,0.0193,0.0122,0.0271,0.0226,0.0218,0.0000,0.0672,0.0016,0.0132,0.0139,0.9776,0.9773,0.9902,0.9765,0.9779,1.0000,0.9727,1.0000,0.9718,1.0000,63.41,219.41,95.51,68.04,77.55,16.05,6.12,301.93,84.53,92.24,0.0000,0.0000,0.0000,0.0000,0.0000,0.0000,0.4621,0.0415,0.0000,0.0000,104304,74663,53998,54750,86225,66964,95775,572442,131417,91336,0,0,0,0,0,0,0,0,0,0,0.0000,0.0000,0.0000,0.0000,0.0000,0.0000,0.0400,0.0400,0.0000,0.0000,0,0,0,0,0,0,0,1,0,0,0,0,0,0,0,0,1,1,0,0,0.1461,0.0879,0.1504,0.0732,0.1109,0.0301,0.0729,0.1282,0.0234,0.1401,0.000,0.000,0.000,0.000,0.000,0.000,0.000,0.147,0.000,0.000,semi-presidential,parliamentary,parliamentary,parliamentary,parliamentary,semi-presidential,semi-presidential,electoral-authoritarian,electoral-authoritarian,parliamentary,0.800,0.800,0.800,0.800,0.800,0.800,0.800,0.530,0.500,0.800,100.0,100.0,100.0,100.0,100.0,100.0,90.0,93.2,100.0,100.0
2033-09-01,1.0335,1.0239,0.9931,0.9968,0.9948,0.9932,0.9987,1.0095,0.9979,1.0211,1.0009,0.9913,1.1218,1.0541,1.1383,1.0243,1.0154,1.0416,1.0723,1.0206,1.0097,1.0306,1.0024,0.9915,4068.85,5884.87,4728.14,3078.21,2444.17,1555.65,207.79,3253.26,2464.78,600.06,1.0119,0.5996,0.9078,1.1914,0.8268,0.2589,1.3159,0.2930,0.1274,-0.8582,0.6522,0.6963,0.6834,0.6590,0.6929,0.7403,0.4980,0.7161,0.7068,0.7348,0.0213,0.0137,0.0290,0.0289,0.0243,0.0000,0.0866,0.0014,0.0151,0.0131,0.9776,0.9772,0.9902,0.9764,0.9778,1.0000,0.9726,1.0000,0.9717,1.0000,64.51,221.54,98.06,67.16,78.05,16.19,6.29,307.34,85.39,91.68,0.0000,0.0000,0.0000,0.0000,0.0000,0.0000,0.4611,0.0415,0.0000,0.0000,104304,74663,53998,54750,86225,66964,95775,572442,131417,91336,0,0,0,0,0,0,0,0,0,0,0.0000,0.0000,0.0000,0.0000,0.0000,0.0000,0.0500,0.0500,0.0000,0.0000,0,0,0,0,0,0,0,1,0,0,0,0,0,0,0,0,1,1,0,0,0.1470,0.0887,0.1509,0.0732,0.1115,0.0310,0.0736,0.1324,0.0241,0.1408,0.000,0.000,0.000,0.000,0.000,0.000,0.000,0.147,0.000,0.000,semi-presidential,parliamentary,parliamentary,parliamentary,parliamentary,semi-presidential,semi-presidential,electoral-authoritarian,electoral-authoritarian,parliamentary,0.800,0.800,0.800,0.800,0.800,0.800,0.800,0.520,0.500,0.800,100.0,100.0,100.0,100.0,100.0,100.0,92.2,96.4,100.0,100.0
2033-10-01,1.0340,1.0234,0.9974,0.9993,0.9906,0.9929,1.0012,1.0063,0.9960,1.0189,1.0005,0.9918,1.1206,1.0536,1.1638,1.0288,1.0110,1.0414,1.0605,1.0076,1.0077,1.0279,1.0020,0.9919,4085.45,5887.56,4725.32,3084.75,2447.62,1560.07,207.40,3268.98,2471.86,602.28,1.0079,0.5993,0.9084,1.1889,0.8298,0.2560,1.3206,0.2929,0.1263,-0.8701,0.6553,0.6997,0.7040,0.6411,0.7281,0.7379,0.4922,0.6974,0.7211,0.7323,0.0219,0.0144,0.0291,0.0315,0.0250,0.0000,0.0777,0.0013,0.0159,0.0120,0.9776,0.9771,0.9901,0.9765,0.9779,1.0000,0.9731,1.0000,0.9717,1.0000,64.25,219.80,96.20,65.86,77.59,15.91,6.18,306.05,84.98,92.10,0.0000,0.0000,0.0000,0.0000,0.0000,0.0000,0.4611,0.0420,0.0000,0.0000,104304,74663,53998,54750,86225,66964,95775,572442,131417,91336,0,0,0,0,0,0,0,0,0,0,0.0000,0.0000,0.0000,0.0000,0.0000,0.0000,0.0600,0.0600,0.0000,0.0000,0,0,0,0,0,0,0,1,0,0,0,0,0,0,0,0,1,1,0,0,0.1470,0.0887,0.1521,0.0728,0.1126,0.0305,0.0709,0.1305,0.0242,0.1407,0.000,0.000,0.000,0.000,0.000,0.000,0.000,0.147,0.000,0.000,semi-presidential,parliamentary,parliamentary,parliamentary,parliamentary,semi-presidential,semi-presidential,electoral-authoritarian,electoral-authoritarian,parliamentary,0.800,0.800,0.800,0.800,0.800,0.800,0.800,0.510,0.500,0.800,100.0,100.0,100.0,100.0,95.0,100.0,94.4,99.6,100.0,100.0
2033-11-01,1.0353,1.0233,0.9990,1.0000,0.9874,0.9936,1.0011,1.0068,0.9959,1.0177,0.9993,0.9923,1.1244,1.0537,1.0786,1.0219,1.0077,1.0421,1.0023,1.0107,1.0076,1.0269,1.0008,0.9925,4097.29,5892.48,4731.26,3087.14,2456.61,1562.72,206.79,3270.82,2480.75,604.13,1.0051,0.5988,0.9073,1.1880,0.8269,0.2533,1.3315,0.2940,0.1251,-0.8826,0.6654,0.6879,0.6712,0.6445,0.7277,0.7315,0.4983,0.7216,0.7023,0.7418,0.0144,0.0117,0.0212,0.0217,0.0181,0.0000,0.0822,0.0010,0.0124,0.0084,0.9773,0.9770,0.9900,0.9762,0.9777,1.0000,0.9729,1.0000,0.9715,1.0000,64.79,220.70,98.10,68.45,78.54,16.10,6.23,309.28,86.12,92.35,0.0000,0.0000,0.0000,0.0000,0.0000,0.0000,0.4610,0.0421,0.0000,0.0000,104304,74663,53998,54750,86225,66964,95775,572442,131417,91336,0,0,0,0,0,0,0,0,0,0,0.0000,0.0000,0.0000,0.0000,0.0000,0.0000,0.0700,0.0700,0.0000,0.0000,0,0,0,0,0,0,0,1,0,0,0,0,0,0,0,0,1,1,0,0,0.1477,0.0892,0.1523,0.0745,0.1127,0.0312,0.0723,0.1325,0.0249,0.1407,0.000,0.000,0.000,0.000,0.000,0.000,0.000,0.147,0.000,0.000,semi-presidential,parliamentary,parliamentary,parliamentary,parliamentary,semi-presidential,semi-presidential,electoral-authoritarian,electoral-authoritarian,parliamentary,0.800,0.800,0.800,0.800,0.800,0.800,0.800,0.500,0.500,0.800,100.0,100.0,100.0,100.0,98.2,100.0,96.6,100.0,100.0,100.0
2033-12-01,1.0353,1.0247,1.0006,0.9980,0.9856,0.9933,1.0011,1.0044,0.9954,1.0164,0.9996,0.9959,1.1183,1.0616,1.0813,1.0141,1.0060,1.0416,1.0024,1.0057,1.0071,1.0253,1.0032,0.9966,4115.85,5908.11,4750.67,3087.77,2458.47,1573.96,206.45,3282.37,2491.17,605.58,1.0007,0.5972,0.9034,1.1878,0.8265,0.2493,1.3357,0.2943,0.1238,-0.8956,0.6690,0.6935,0.6713,0.6399,0.7194,0.7203,0.4931,0.6861,0.6919,0.7446,0.0151,0.0124,0.0218,0.0194,0.0188,0.0006,0.0615,0.0010,0.0130,0.0086,0.9719,0.9714,0.9875,0.9716,0.9731,0.9955,0.9724,1.0000,0.9673,1.0000,64.65,219.58,97.95,69.52,78.64,15.88,6.17,308.62,86.48,93.08,0.0000,0.0000,0.0000,0.0000,0.0000,0.0000,0.4611,0.0421,0.0000,0.0000,104304,74663,53998,54750,86225,66964,95775,572442,131417,91336,0,0,0,0,0,0,0,0,0,0,0.0000,0.0000,0.0000,0.0000,0.0000,0.0000,0.0800,0.0800,0.0000,0.0000,0,0,0,0,0,0,0,1,0,0,0,0,0,0,0,0,1,1,0,0,0.1498,0.0911,0.1548,0.0777,0.1154,0.0332,0.0761,0.1361,0.0269,0.1390,0.000,0.000,0.000,0.000,0.000,0.000,0.000,0.141,0.000,0.000,semi-presidential,parliamentary,parliamentary,parliamentary,parliamentary,semi-presidential,semi-presidential,electoral-authoritarian,electoral-authoritarian,parliamentary,0.800,0.800,0.800,0.800,0.800,0.800,0.800,0.500,0.500,0.800,100.0,100.0,100.0,100.0,100.0,100.0,98.8,100.0,100.0,100.0
2034-01-01,1.0342,1.0248,1.0034,0.9977,0.9829,0.9958,1.0027,1.0046,0.9974,1.0137,0.9974,0.9984,1.1159,1.0553,1.1211,1.0162,1.0030,1.0553,1.0378,1.0105,1.0353,1.0231,0.9989,0.9989,4132.67,5924.56,4764.33,3097.70,2468.36,1579.73,206.76,3298.42,2503.34,607.57,0.9967,0.5954,0.9008,1.1840,0.8234,0.2462,1.3355,0.2941,0.1225,-0.9078,0.6790,0.7109,0.6880,0.6432,0.6977,0.7529,0.5017,0.6919,0.6833,0.7410,0.0182,0.0130,0.0258,0.0227,0.0221,0.0001,0.0642,0.0022,0.0148,0.0113,0.9773,0.9769,0.9900,0.9762,0.9776,1.0000,0.9730,1.0000,0.9714,1.0000,64.74,220.21,97.84,68.55,77.93,16.08,6.16,306.72,86.36,93.32,0.0000,0.0000,0.0000,0.0000,0.0000,0.0000,0.4610,0.0421,0.0000,0.0000,104304,74663,53998,54750,86225,66964,95775,572442,131417,91336,0,0,0,0,0,0,0,0,0,0,0.0000,0.0000,0.0000,0.0000,0.0000,0.0000,0.0900,0.0900,0.0000,0.0000,0,0,0,0,0,0,0,1,0,0,0,0,0,0,0,0,1,1,0,0,0.1525,0.0930,0.1570,0.0789,0.1172,0.0348,0.0798,0.1371,0.0285,0.1400,0.000,0.000,0.000,0.000,0.000,0.000,0.000,0.140,0.000,0.000,semi-presidential,parliamentary,parliamentary,parliamentary,parliamentary,semi-presidential,semi-presidential,electoral-authoritarian,electoral-authoritarian,parliamentary,0.800,0.800,0.800,0.800,0.800,0.800,0.800,0.500,0.500,0.800,100.0,100.0,100.0,100.0,100.0,100.0,100.0,100.0,100.0,100.0
2034-02-01,1.0323,1.0254,1.0037,0.9964,0.9842,0.9979,1.0035,1.0042,0.9965,1.0087,0.9989,0.9969,1.1129,1.0561,1.0404,1.0126,1.0131,1.0489,1.0212,1.0056,1.0082,1.0158,1.0332,0.9969,4146.35,5929.32,4781.52,3101.91,2476.69,1587.82,207.20,3308.37,2514.38,606.34,0.9935,0.5948,0.8976,1.1824,0.8207,0.2428,1.3343,0.2946,0.1212,-0.9248,0.6840,0.7207,0.6956,0.6604,0.7108,0.7513,0.5358,0.7283,0.6797,0.7352,0.0127,0.0102,0.0211,0.0173,0.0180,0.0000,0.0613,0.0012,0.0107,0.0117,0.9772,0.9768,0.9900,0.9760,0.9774,1.0000,0.9728,1.0000,0.9712,1.0000,64.68,220.46,98.31,69.15,78.03,16.04,5.98,307.45,86.92,93.60,0.0000,0.0000,0.0000,0.0000,0.0000,0.0000,0.4611,0.0420,0.0000,0.0000,104304,74663,53998,54750,86225,66964,95775,572442,131417,91336,0,0,0,0,0,0,0,0,0,0,0.0000,0.0000,0.0000,0.0000,0.0000,0.0000,0.1000,0.1000,0.0000,0.0000,0,0,0,0,0,0,0,1,0,0,0,0,0,0,0,0,1,1,0,0,0.1419,0.0879,0.1458,0.0735,0.1086,0.0378,0.0819,0.1344,0.0262,0.1398,0.000,0.000,0.000,0.000,0.000,0.000,0.000,0.141,0.000,0.000,semi-presidential,parliamentary,parliamentary,parliamentary,parliamentary,semi-presidential,semi-presidential,electoral-authoritarian,electoral-authoritarian,parliamentary,0.800,0.800,0.800,0.800,0.800,0.800,0.800,0.500,0.500,0.800,100.0,100.0,100.0,100.0,100.0,100.0,100.0,100.0,100.0,100.0
2034-03-01,1.0316,1.0265,1.0036,0.9947,0.9867,1.0002,1.0025,1.0029,0.9958,1.0077,1.0008,0.9972,1.1139,1.0575,1.0406,1.0109,1.0239,1.0605,1.0037,1.0043,1.0074,1.0171,1.0540,0.9973,4163.62,5954.42,4793.59,3114.20,2481.85,1595.11,206.83,3321.99,2529.60,607.55,0.9894,0.5922,0.8955,1.1778,0.8192,0.2395,1.3381,0.2947,0.1197,-0.9380,0.6853,0.7176,0.7042,0.6550,0.7167,0.7567,0.5658,0.7149,0.6669,0.6958,0.0131,0.0105,0.0222,0.0192,0.0202,0.0001,0.0622,0.0012,0.0109,0.0146,0.9770,0.9767,0.9899,0.9758,0.9772,1.0000,0.9728,1.0000,0.9709,1.0000,65.22,220.37,98.15,69.35,78.54,15.88,6.16,310.78,87.59,93.25,0.0000,0.0000,0.0000,0.0000,0.0000,0.0000,0.4609,0.0423,0.0000,0.0000,104304,74663,53998,54750,86225,66964,95775,572442,131417,91336,0,0,0,0,0,0,0,0,0,0,0.0000,0.0000,0.0000,0.0000,0.0000,0.0000,0.1100,0.1100,0.0000,0.0000,0,0,0,0,0,0,0,1,0,0,0,0,0,0,0,0,1,1,0,0,0.1510,0.0918,0.1562,0.0782,0.1163,0.0396,0.0842,0.1369,0.0279,0.1392,0.000,0.000,0.000,0.000,0.000,0.000,0.000,0.141,0.000,0.000,semi-presidential,parliamentary,parliamentary,parliamentary,parliamentary,semi-presidential,semi-presidential,electoral-authoritarian,electoral-authoritarian,parliamentary,0.800,0.800,0.800,0.800,0.800,0.800,0.800,0.500,0.500,0.800,100.0,100.0,100.0,100.0,100.0,100.0,100.0,100.0,100.0,100.0
2034-04-01,1.0317,1.0269,1.0034,0.9918,0.9853,0.9980,1.0024,1.0022,0.9963,1.0053,1.0012,0.9974,1.1144,1.0577,1.0402,1.0082,1.0055,1.0463,1.0036,1.0036,1.0079,1.0141,1.0129,0.9975,4178.31,5968.06,4805.38,3119.53,2494.08,1603.48,206.24,3342.77,2539.07,609.46,0.9860,0.5909,0.8933,1.1757,0.8153,0.2361,1.3432,0.2942,0.1186,-0.9502,0.6911,0.7514,0.6998,0.6713,0.7003,0.7509,0.5402,0.7165,0.6947,0.7051,0.0116,0.0102,0.0191,0.0156,0.0153,0.0000,0.0616,0.0010,0.0108,0.0079,0.9771,0.9767,0.9899,0.9760,0.9773,1.0000,0.9730,1.0000,0.9712,1.0000,65.86,221.59,98.36,69.63,79.13,15.94,6.15,314.08,88.52,93.41,0.0000,0.0000,0.0000,0.0000,0.0000,0.0000,0.4610,0.0420,0.0000,0.0000,104304,74663,53998,54750,86225,66964,95775,572442,131417,91336,0,0,0,0,0,0,0,0,0,0,0.0000,0.0000,0.0000,0.0000,0.0000,0.0000,0.1200,0.1200,0.0000,0.0000,0,0,0,0,0,0,0,1,0,0,0,0,0,0,0,0,1,1,0,0,0.1508,0.0960,0.1563,0.0785,0.1159,0.0394,0.0817,0.1365,0.0279,0.1382,0.000,0.000,0.000,0.000,0.000,0.000,0.000,0.141,0.000,0.000,semi-presidential,parliamentary,parliamentary,parliamentary,parliamentary,semi-presidential,semi-presidential,electoral-authoritarian,electoral-authoritarian,parliamentary,0.800,0.800,0.800,0.800,0.800,0.800,0.800,0.500,0.500,0.800,100.0,100.0,100.0,100.0,100.0,100.0,100.0,100.0,100.0,100.0
2034-05-01,1.0306,1.0238,1.0034,0.9917,0.9843,0.9930,1.0005,1.0029,0.9971,1.0024,1.0001,0.9965,1.1120,1.0531,1.0401,1.0116,1.0044,1.0408,1.0017,1.0185,1.0155,1.0111,1.0016,0.9965,4192.61,5986.72,4811.78,3130.64,2506.90,1614.96,205.63,3348.86,2546.39,610.36,0.9827,0.5892,0.8922,1.1716,0.8113,0.2323,1.3485,0.2949,0.1175,-0.9569,0.6911,0.7479,0.6970,0.6756,0.7312,0.7602,0.5163,0.7096,0.6802,0.7236,0.0118,0.0101,0.0196,0.0171,0.0155,0.0000,0.0629,0.0013,0.0108,0.0085,0.9781,0.9776,0.9904,0.9771,0.9786,1.0000,0.9739,1.0000,0.9724,1.0000,65.34,221.34,97.68,67.98,78.32,16.12,6.07,309.59,87.71,93.51,0.0000,0.0000,0.0000,0.0000,0.0000,0.0000,0.4610,0.0421,0.0000,0.0000,104304,74663,53998,54750,86225,66964,95775,572442,131417,91336,0,0,0,0,0,0,0,0,0,0,0.0000,0.0000,0.0000,0.0000,0.0000,0.0000,0.1300,0.1300,0.0000,0.0000,0,0,0,0,0,0,0,1,0,0,0,0,0,0,0,0,1,1,0,0,0.1456,0.0929,0.1498,0.0745,0.1112,0.0380,0.0806,0.1344,0.0268,0.1403,0.000,0.000,0.000,0.000,0.000,0.000,0.000,0.142,0.000,0.000,semi-presidential,parliamentary,parliamentary,parliamentary,parliamentary,semi-presidential,semi-presidential,electoral-authoritarian,electoral-authoritarian,parliamentary,0.800,0.800,0.800,0.800,0.800,0.800,0.800,0.500,0.500,0.800,100.0,100.0,100.0,100.0,100.0,100.0,100.0,100.0,100.0,100.0
2034-06-01,1.0271,1.0231,1.0020,0.9899,0.9841,0.9912,0.9988,1.0037,0.9985,0.9984,0.9995,0.9946,1.1055,1.0533,1.0387,1.0065,1.0047,1.0386,1.0000,1.0164,1.0244,1.0056,1.0010,0.9946,4198.68,5988.02,4810.60,3138.49,2513.35,1619.77,205.67,3355.56,2559.98,609.53,0.9813,0.5891,0.8925,1.1688,0.8094,0.2294,1.3495,0.2957,0.1161,-0.9733,0.6902,0.7516,0.6824,0.6942,0.7427,0.7795,0.4946,0.6916,0.6551,0.7330,0.0116,0.0100,0.0196,0.0157,0.0156,0.0000,0.0587,0.0016,0.0111,0.0087,0.9774,0.9770,0.9901,0.9763,0.9777,1.0000,0.9731,1.0000,0.9716,1.0000,64.81,221.63,98.45,68.60,77.95,16.32,5.88,306.79,87.63,93.67,0.0000,0.0000,0.0000,0.0000,0.0000,0.0000,0.4610,0.0421,0.0000,0.0000,104304,74663,53998,54750,86225,66964,95775,572442,131417,91336,0,0,0,0,0,0,0,0,0,0,0.0000,0.0000,0.0000,0.0000,0.0000,0.0000,0.1400,0.1400,0.0000,0.0000,0,0,0,0,0,0,0,1,0,0,0,0,0,0,0,0,1,1,0,0,0.1379,0.0890,0.1419,0.0705,0.1050,0.0360,0.0803,0.1301,0.0243,0.1392,0.000,0.000,0.000,0.000,0.000,0.000,0.000,0.143,0.000,0.000,semi-presidential,parliamentary,parliamentary,parliamentary,parliamentary,semi-presidential,semi-presidential,electoral-authoritarian,electoral-authoritarian,parliamentary,0.800,0.800,0.800,0.800,0.800,0.800,0.800,0.500,0.500,0.800,100.0,100.0,100.0,100.0,100.0,100.0,100.0,100.0,100.0,100.0
2034-07-01,1.0222,1.0252,0.9991,0.9887,0.9846,0.9905,0.9992,1.0021,0.9975,0.9968,0.9998,0.9926,1.0988,1.0781,1.0357,1.0065,1.0071,1.0379,1.0079,1.0034,1.0090,1.0063,1.0076,0.9926,4204.81,5995.79,4807.50,3147.04,2516.54,1626.09,205.28,3360.72,2566.93,611.94,0.9799,0.5884,0.8932,1.1656,0.8086,0.2263,1.3531,0.2966,0.1150,-0.9845,0.6792,0.7354,0.6673,0.6896,0.7261,0.7535,0.5110,0.6819,0.6945,0.7036,0.0142,0.0127,0.0212,0.0181,0.0181,0.0021,0.0576,0.0010,0.0125,0.0085,0.9574,0.9580,0.9808,0.9596,0.9594,0.9852,0.9707,1.0000,0.9575,1.0000,64.20,220.04,97.52,68.24,77.21,16.11,5.96,304.68,87.60,93.27,0.0000,0.0000,0.0000,0.0000,0.0000,0.0000,0.4594,0.0422,0.0000,0.0000,104304,74663,53998,54750,86225,66964,95775,572442,131417,91336,0,0,0,0,0,0,0,0,0,0,0.0000,0.0000,0.0000,0.0000,0.0000,0.0000,0.1500,0.1500,0.0000,0.0000,0,0,0,0,0,0,0,1,0,0,0,0,0,0,0,0,1,1,0,0,0.1360,0.0871,0.1397,0.0688,0.1032,0.0347,0.0801,0.1314,0.0231,0.1386,0.000,0.000,0.000,0.000,0.000,0.000,0.000,0.140,0.000,0.000,semi-presidential,parliamentary,parliamentary,parliamentary,parliamentary,semi-presidential,semi-presidential,electoral-authoritarian,electoral-authoritarian,parliamentary,0.800,0.800,0.800,0.800,0.800,0.800,0.800,0.500,0.500,0.800,100.0,100.0,100.0,100.0,100.0,100.0,100.0,100.0,100.0,100.0
2034-08-01,1.0142,1.0248,0.9923,0.9891,0.9848,0.9903,1.0000,1.0015,0.9962,0.9974,0.9986,0.9931,1.0869,1.0551,1.0283,1.0109,1.0053,1.0373,1.0202,1.0027,1.0076,1.0102,1.0001,0.9932,4216.58,6021.74,4817.04,3155.70,2525.45,1633.77,205.07,3358.97,2575.65,611.82,0.9773,0.5859,0.8915,1.1625,0.8057,0.2231,1.3554,0.2981,0.1139,-0.9997,0.6713,0.7312,0.6496,0.6886,0.7040,0.7548,0.5084,0.6756,0.6777,0.7249,0.0114,0.0098,0.0193,0.0179,0.0149,0.0000,0.0555,0.0011,0.0104,0.0082,0.9774,0.9770,0.9901,0.9763,0.9777,1.0000,0.9733,1.0000,0.9716,1.0000,62.94,218.35,95.60,65.78,75.18,16.13,5.85,297.47,86.24,93.12,0.0000,0.0000,0.0000,0.0000,0.0000,0.0000,0.4595,0.0419,0.0000,0.0000,104304,74663,53998,54750,86225,66964,95775,572442,131417,91336,0,0,0,0,0,0,0,0,0,0,0.0000,0.0000,0.0000,0.0000,0.0000,0.0000,0.1600,0.1600,0.0000,0.0000,0,0,0,0,0,0,0,1,0,0,0,0,0,0,0,0,1,1,0,0,0.1483,0.0929,0.1529,0.0746,0.1132,0.0369,0.0820,0.1316,0.0257,0.1400,0.000,0.000,0.000,0.000,0.000,0.000,0.000,0.140,0.000,0.000,semi-presidential,parliamentary,parliamentary,parliamentary,parliamentary,semi-presidential,semi-presidential,electoral-authoritarian,electoral-authoritarian,parliamentary,0.800,0.800,0.800,0.800,0.800,0.800,0.800,0.500,0.500,0.800,100.0,100.0,100.0,100.0,100.0,100.0,100.0,100.0,100.0,100.0
2034-09-01,1.0069,1.0230,0.9878,0.9889,0.9875,0.9928,1.0003,1.0004,0.9970,0.9961,1.0031,0.9915,1.0789,1.0524,1.0238,1.0094,1.0229,1.0537,1.0064,1.0017,1.0121,1.0056,1.1132,0.9915,4219.76,6026.36,4817.83,3153.42,2534.68,1645.57,205.07,3363.13,2590.47,612.45,0.9766,0.5856,0.8914,1.1634,0.8028,0.2194,1.3562,0.2991,0.1125,-1.0136,0.6753,0.7573,0.6667,0.6853,0.7083,0.7578,0.5115,0.6603,0.6680,0.7117,0.0143,0.0100,0.0246,0.0202,0.0204,0.0002,0.0587,0.0016,0.0105,0.0168,0.9781,0.9776,0.9904,0.9770,0.9785,1.0000,0.9738,1.0000,0.9724,1.0000,62.76,218.60,95.54,65.61,75.03,16.01,5.78,296.56,86.14,92.67,0.0000,0.0000,0.0000,0.0000,0.0000,0.0000,0.4595,0.0416,0.0000,0.0000,104304,74663,53998,54750,86225,66964,95775,572442,131417,91336,0,0,0,0,0,0,0,0,0,0,0.0000,0.0000,0.0000,0.0000,0.0000,0.0000,0.1700,0.1700,0.0000,0.0000,0,0,0,0,0,0,0,1,0,0,0,0,0,0,0,0,1,1,0,0,0.1382,0.0877,0.1418,0.0691,0.1046,0.0343,0.0801,0.1287,0.0232,0.1388,0.000,0.000,0.000,0.000,0.000,0.000,0.000,0.141,0.000,0.000,semi-presidential,parliamentary,parliamentary,parliamentary,parliamentary,semi-presidential,semi-presidential,electoral-authoritarian,electoral-authoritarian,parliamentary,0.800,0.800,0.800,0.800,0.800,0.800,0.800,0.500,0.500,0.800,100.0,100.0,100.0,90.0,100.0,100.0,100.0,100.0,100.0,100.0
2034-10-01,1.0013,1.0195,0.9856,0.9899,0.9906,0.9941,0.9993,0.9990,1.0006,0.9925,1.0041,0.9894,1.0744,1.0483,1.0221,1.0142,1.0285,1.0413,1.0004,1.0002,1.0744,0.9999,1.0321,0.9894,4226.60,6042.23,4820.07,3153.95,2541.39,1654.06,204.20,3371.79,2597.72,611.24,0.9748,0.5841,0.8911,1.1633,0.8007,0.2161,1.3626,0.2998,0.1115,-1.0305,0.6591,0.7431,0.6546,0.6700,0.7099,0.7879,0.5194,0.6581,0.6897,0.7062,0.0115,0.0098,0.0220,0.0232,0.0207,0.0000,0.0597,0.0035,0.0123,0.0156,0.9785,0.9780,0.9905,0.9775,0.9791,1.0000,0.9742,1.0000,0.9728,1.0000,62.95,218.56,93.90,63.89,74.95,15.96,5.64,297.19,86.80,92.13,0.0000,0.0000,0.0000,0.0000,0.0000,0.0000,0.4596,0.0419,0.0000,0.0000,104304,74663,53998,54750,86225,66964,95775,572442,131417,91336,0,0,0,0,0,0,0,0,0,0,0.0000,0.0000,0.0000,0.0000,0.0000,0.0000,0.1800,0.1800,0.0000,0.0000,0,0,0,0,0,0,0,1,0,0,0,0,0,0,0,0,1,1,0,0,0.1327,0.0845,0.1359,0.0650,0.1003,0.0358,0.0789,0.1311,0.0216,0.1392,0.000,0.000,0.000,0.000,0.000,0.000,0.000,0.138,0.000,0.000,semi-presidential,parliamentary,parliamentary,parliamentary,parliamentary,semi-presidential,semi-presidential,electoral-authoritarian,electoral-authoritarian,parliamentary,0.800,0.800,0.800,0.800,0.800,0.800,0.800,0.500,0.500,0.800,100.0,100.0,100.0,93.1,100.0,100.0,100.0,100.0,100.0,100.0
2034-11-01,0.9958,1.0187,0.9815,0.9918,0.9952,0.9944,0.9979,1.0006,1.0023,0.9888,1.0080,0.9915,1.0688,1.0486,1.0180,1.0187,1.0395,1.0415,0.9990,1.0317,1.0360,0.9957,1.1066,0.9919,4234.54,6067.29,4821.63,3152.12,2543.81,1666.31,204.07,3389.44,2613.10,612.58,0.9730,0.5818,0.8909,1.1641,0.8000,0.2124,1.3641,0.2998,0.1101,-1.0430,0.6559,0.7486,0.6529,0.6553,0.7036,0.7756,0.4876,0.6542,0.6683,0.6759,0.0153,0.0099,0.0265,0.0257,0.0235,0.0000,0.0626,0.0025,0.0112,0.0221,0.9776,0.9771,0.9901,0.9765,0.9780,1.0000,0.9733,1.0000,0.9718,1.0000,63.18,220.35,94.49,63.63,75.33,16.21,5.60,299.00,87.30,91.75,0.0000,0.0000,0.0000,0.0000,0.0000,0.0000,0.4594,0.0421,0.0000,0.0000,104304,74663,53998,54750,86225,66964,95775,572442,131417,91336,0,0,0,0,0,0,0,0,0,0,0.0000,0.0000,0.0000,0.0000,0.0000,0.0000,0.1900,0.1900,0.0000,0.0000,0,0,0,0,0,0,0,1,0,0,0,0,0,0,0,0,1,1,0,0,0.1473,0.0920,0.1517,0.0728,0.1124,0.0396,0.0859,0.1349,0.0248,0.1382,0.000,0.000,0.000,0.000,0.000,0.000,0.000,0.137,0.000,0.000,semi-presidential,parliamentary,parliamentary,parliamentary,parliamentary,semi-presidential,semi-presidential,electoral-authoritarian,electoral-authoritarian,parliamentary,0.800,0.800,0.800,0.800,0.800,0.800,0.800,0.500,0.500,0.800,100.0,100.0,100.0,96.1,100.0,100.0,100.0,100.0,100.0,100.0
2034-12-01,0.9905,1.0146,0.9791,0.9919,1.0009,0.9897,0.9992,1.0008,1.0034,0.9855,1.0100,0.9909,1.0631,1.0431,1.0157,1.0124,1.0499,1.0364,1.0244,1.0020,1.0238,0.9924,1.0558,0.9909,4240.27,6080.04,4823.92,3155.57,2545.68,1670.95,204.25,3401.30,2626.76,612.56,0.9717,0.5806,0.8905,1.1630,0.7995,0.2098,1.3634,0.3003,0.1088,-1.0579,0.6547,0.7710,0.6443,0.6297,0.6813,0.7944,0.5000,0.7036,0.6924,0.6913,0.0128,0.0098,0.0237,0.0229,0.0225,0.0000,0.0584,0.0016,0.0106,0.0200,0.9786,0.9780,0.9906,0.9775,0.9792,1.0000,0.9741,1.0000,0.9729,1.0000,62.87,220.82,95.86,64.61,75.38,16.35,5.59,296.55,87.04,91.73,0.0000,0.0000,0.0000,0.0000,0.0000,0.0000,0.4594,0.0422,0.0000,0.0000,104304,74663,53998,54750,86225,66964,95775,572442,131417,91336,0,0,0,0,0,0,0,0,0,0,0.0000,0.0000,0.0000,0.0000,0.0000,0.0000,0.2000,0.2000,0.0000,0.0000,0,0,0,0,0,0,0,1,0,0,0,0,0,0,0,0,1,1,0,0,0.1428,0.0936,0.1466,0.0710,0.1085,0.0387,0.0851,0.1326,0.0237,0.1372,0.000,0.000,0.000,0.000,0.000,0.000,0.000,0.138,0.000,0.000,semi-presidential,parliamentary,parliamentary,parliamentary,parliamentary,semi-presidential,semi-presidential,electoral-authoritarian,electoral-authoritarian,parliamentary,0.800,0.800,0.800,0.800,0.800,0.800,0.800,0.500,0.500,0.800,100.0,100.0,100.0,99.0,100.0,100.0,100.0,100.0,100.0,100.0
2035-01-01,0.9869,1.0086,0.9775,0.9917,1.0072,0.9858,1.0000,1.0019,1.0050,0.9811,1.0109,0.9902,1.0604,1.0361,1.0140,1.0112,1.0574,1.0320,1.0167,1.0225,1.0341,0.9870,1.0315,0.9902,4248.78,6098.28,4825.32,3158.36,2546.71,1676.99,204.28,3420.79,2631.70,611.99,0.9699,0.5789,0.8903,1.1621,0.7992,0.2070,1.3635,0.3001,0.1078,-1.0736,0.6533,0.7639,0.6414,0.6337,0.6722,0.7650,0.5221,0.7050,0.6996,0.6725,0.0127,0.0098,0.0237,0.0226,0.0229,0.0000,0.0597,0.0020,0.0108,0.0205,0.9793,0.9786,0.9908,0.9783,0.9800,1.0000,0.9744,1.0000,0.9737,1.0000,63.31,222.18,96.85,65.11,76.11,16.52,5.62,298.57,87.57,91.38,0.0000,0.0000,0.0000,0.0000,0.0000,0.0000,0.4565,0.0419,0.0000,0.0000,104304,74663,53998,54750,86225,66964,95775,572442,131417,91336,0,0,0,0,0,0,0,0,0,0,0.0000,0.0000,0.0000,0.0000,0.0000,0.0000,0.2100,0.2100,0.0000,0.0000,0,0,0,0,0,0,0,1,0,0,0,0,0,0,0,0,1,1,0,0,0.1425,0.0934,0.1464,0.0710,0.1082,0.0384,0.0853,0.1325,0.0234,0.1362,0.000,0.000,0.000,0.000,0.000,0.000,0.000,0.138,0.000,0.000,semi-presidential,parliamentary,parliamentary,parliamentary,parliamentary,semi-presidential,semi-presidential,electoral-authoritarian,electoral-authoritarian,parliamentary,0.800,0.800,0.800,0.800,0.800,0.800,0.800,0.500,0.500,0.800,100.0,100.0,100.0,100.0,100.0,100.0,100.0,100.0,100.0,100.0
2035-02-01,0.9830,1.0032,0.9812,0.9917,1.0093,0.9828,1.0015,1.0029,1.0070,0.9787,1.0107,0.9900,1.0562,1.0307,1.1237,1.0136,1.0413,1.0287,1.0366,1.0239,1.0475,0.9860,1.0123,0.9900,4260.82,6101.31,4833.17,3165.33,2561.01,1681.50,204.46,3432.54,2641.29,613.44,0.9672,0.5787,0.8887,1.1596,0.7947,0.2046,1.3625,0.3007,0.1067,-1.0856,0.6573,0.7604,0.6414,0.6340,0.6563,0.7521,0.5276,0.7192,0.6654,0.6609,0.0201,0.0133,0.0295,0.0279,0.0266,0.0000,0.0608,0.0024,0.0155,0.0158,0.9791,0.9785,0.9907,0.9781,0.9798,1.0000,0.9738,1.0000,0.9735,1.0000,63.39,223.14,97.13,64.57,76.00,16.79,5.74,297.61,87.02,90.94,0.0000,0.0000,0.0000,0.0000,0.0000,0.0000,0.4564,0.0420,0.0000,0.0000,104304,74663,53998,54750,86225,66964,95775,572442,131417,91336,0,0,0,0,0,0,0,0,0,0,0.0000,0.0000,0.0000,0.0000,0.0000,0.0000,0.2200,0.2200,0.0000,0.0000,0,0,0,0,0,0,0,1,0,0,0,0,0,0,0,0,1,1,0,0,0.1497,0.0951,0.1494,0.0721,0.1101,0.0391,0.0856,0.1339,0.0234,0.1357,0.000,0.000,0.000,0.000,0.000,0.000,0.000,0.138,0.000,0.000,semi-presidential,parliamentary,parliamentary,parliamentary,parliamentary,semi-presidential,semi-presidential,electoral-authoritarian,electoral-authoritarian,parliamentary,0.800,0.800,0.800,0.800,0.800,0.800,0.800,0.500,0.500,0.800,100.0,100.0,100.0,100.0,100.0,100.0,100.0,100.0,100.0,100.0
2035-03-01,0.9796,0.9989,0.9867,0.9904,1.0096,0.9812,1.0037,1.0039,1.0071,0.9770,1.0110,0.9906,1.0523,1.0264,1.1948,1.0067,1.0298,1.0269,1.0556,1.0217,1.0192,0.9843,1.0150,0.9908,4275.35,6114.13,4843.96,3174.92,2568.65,1689.67,204.99,3444.04,2648.46,613.46,0.9640,0.5776,0.8867,1.1562,0.7925,0.2016,1.3591,0.3013,0.1057,-1.1002,0.6625,0.7338,0.6471,0.6453,0.6918,0.7325,0.5274,0.7218,0.6745,0.6873,0.0249,0.0154,0.0331,0.0268,0.0277,0.0000,0.0586,0.0014,0.0172,0.0134,0.9791,0.9785,0.9907,0.9781,0.9798,1.0000,0.9734,1.0000,0.9735,1.0000,63.48,223.43,98.97,66.46,76.94,17.00,5.79,297.51,86.72,91.02,0.0000,0.0000,0.0000,0.0000,0.0000,0.0000,0.4565,0.0419,0.0000,0.0000,104304,74663,53998,54750,86225,66964,95775,572442,131417,91336,0,0,0,0,0,0,0,0,0,0,0.0000,0.0000,0.0000,0.0000,0.0000,0.0000,0.2300,0.2300,0.0000,0.0000,0,0,0,0,0,0,0,1,0,0,0,0,0,0,0,0,1,1,0,0,0.1507,0.0958,0.1507,0.0738,0.1111,0.0397,0.0859,0.1335,0.0235,0.1337,0.000,0.000,0.000,0.000,0.000,0.000,0.000,0.138,0.000,0.000,semi-presidential,parliamentary,parliamentary,parliamentary,parliamentary,semi-presidential,semi-presidential,electoral-authoritarian,electoral-authoritarian,parliamentary,0.800,0.800,0.800,0.800,0.800,0.800,0.800,0.500,0.500,0.800,100.0,100.0,100.0,100.0,100.0,100.0,100.0,100.0,100.0,100.0
2035-04-01,0.9743,0.9990,0.9917,0.9879,1.0109,0.9801,1.0070,1.0030,1.0064,0.9762,1.0149,0.9917,1.0451,1.0279,1.1699,1.0044,1.0379,1.0257,1.0797,1.0043,1.0185,0.9846,1.1124,0.9919,4296.30,6121.66,4862.17,3184.16,2574.44,1698.66,205.69,3452.92,2662.14,612.46,0.9594,0.5770,0.8835,1.1529,0.7909,0.1986,1.3543,0.3021,0.1044,-1.1166,0.6695,0.7352,0.6573,0.6606,0.6970,0.7467,0.5540,0.7062,0.6546,0.6800,0.0256,0.0144,0.0352,0.0261,0.0291,0.0000,0.0602,0.0018,0.0161,0.0186,0.9779,0.9775,0.9902,0.9768,0.9783,1.0000,0.9718,1.0000,0.9721,1.0000,63.26,223.31,98.99,66.62,76.55,16.96,5.80,297.70,87.17,90.74,0.0000,0.0000,0.0000,0.0000,0.0000,0.0000,0.4565,0.0419,0.0000,0.0000,104304,74663,53998,54750,86225,66964,95775,572442,131417,91336,0,0,0,0,0,0,0,0,0,0,0.0000,0.0000,0.0000,0.0000,0.0000,0.0000,0.2400,0.2400,0.0000,0.0000,0,0,0,0,0,0,0,1,0,0,0,0,0,0,0,0,1,1,0,0,0.1507,0.0966,0.1514,0.0745,0.1118,0.0403,0.0867,0.1336,0.0241,0.1325,0.000,0.000,0.000,0.000,0.000,0.000,0.000,0.137,0.000,0.000,semi-presidential,parliamentary,parliamentary,parliamentary,parliamentary,semi-presidential,semi-presidential,electoral-authoritarian,electoral-authoritarian,parliamentary,0.800,0.800,0.800,0.800,0.800,0.800,0.800,0.500,0.500,0.800,90.0,100.0,100.0,100.0,100.0,100.0,100.0,100.0,100.0,100.0
2035-05-01,0.9730,1.0004,0.9979,0.9861,1.0113,0.9797,1.0089,1.0022,1.0069,0.9744,1.0146,0.9934,1.0468,1.0346,1.2078,1.0028,1.0319,1.0251,1.0501,1.0034,1.0189,0.9815,1.0161,0.9937,4306.19,6135.62,4858.13,3194.33,2583.09,1708.06,206.06,3459.09,2670.11,612.87,0.9572,0.5757,0.8843,1.1490,0.7884,0.1956,1.3519,0.3062,0.1033,-1.1304,0.6931,0.7296,0.6799,0.6644,0.6885,0.7582,0.5762,0.6884,0.6860,0.6562,0.0247,0.0162,0.0324,0.0277,0.0279,0.0006,0.0589,0.0012,0.0179,0.0119,0.9735,0.9726,0.9881,0.9730,0.9748,0.9956,0.9715,1.0000,0.9686,1.0000,64.74,224.37,99.44,67.71,78.33,16.98,5.87,305.73,88.77,90.40,0.0000,0.0000,0.0000,0.0000,0.0000,0.0000,0.4557,0.0416,0.0000,0.0000,104304,74663,53998,54750,86225,66964,95775,572442,131417,91336,0,0,0,0,0,0,0,0,0,0,0.0000,0.0000,0.0000,0.0000,0.0000,0.0000,0.2500,0.2500,0.0000,0.0000,0,0,0,0,0,0,0,1,0,0,0,0,0,0,0,0,1,1,0,0,0.1527,0.0976,0.1535,0.0756,0.1131,0.0414,0.0880,0.1375,0.0252,0.1324,0.000,0.000,0.000,0.000,0.000,0.000,0.000,0.136,0.000,0.000,semi-presidential,parliamentary,parliamentary,parliamentary,parliamentary,semi-presidential,semi-presidential,electoral-authoritarian,electoral-authoritarian,parliamentary,0.800,0.800,0.800,0.800,0.800,0.800,0.800,0.500,0.500,0.800,93.1,100.0,100.0,100.0,100.0,100.0,100.0,100.0,100.0,100.0
2035-06-01,0.9700,1.0029,1.0027,0.9847,1.0100,0.9791,1.0100,1.0015,1.0045,0.9732,1.0156,0.9936,1.0421,1.0620,1.1725,1.0023,1.0292,1.0246,1.0350,1.0028,1.0163,0.9810,1.0407,0.9936,4324.11,6155.94,4865.05,3197.11,2588.94,1715.19,206.28,3467.66,2678.67,612.89,0.9533,0.5739,0.8831,1.1479,0.7867,0.1929,1.3507,0.3071,0.1023,-1.1449,0.6827,0.7343,0.6526,0.6670,0.7039,0.7691,0.5725,0.6541,0.6650,0.6673,0.0253,0.0176,0.0320,0.0274,0.0282,0.0027,0.0579,0.0012,0.0183,0.0112,0.9501,0.9527,0.9771,0.9538,0.9510,0.9810,0.9668,1.0000,0.9535,1.0000,64.05,223.44,99.24,67.40,77.67,17.02,5.83,302.50,88.47,90.44,0.0000,0.0000,0.0000,0.0000,0.0000,0.0000,0.4556,0.0418,0.0000,0.0000,104304,74663,53998,54750,86225,66964,95775,572442,131417,91336,0,0,0,0,0,0,0,0,0,0,0.0000,0.0000,0.0000,0.0000,0.0000,0.0000,0.2600,0.2600,0.0000,0.0000,0,0,0,0,0,0,0,1,0,0,0,0,0,0,0,0,1,1,0,0,0.1527,0.0975,0.1533,0.0759,0.1134,0.0415,0.0856,0.1361,0.0254,0.1328,0.000,0.000,0.000,0.000,0.000,0.000,0.000,0.136,0.000,0.000,semi-presidential,parliamentary,parliamentary,parliamentary,parliamentary,semi-presidential,semi-presidential,electoral-authoritarian,electoral-authoritarian,parliamentary,0.800,0.800,0.800,0.800,0.800,0.800,0.800,0.500,0.500,0.800,96.1,100.0,100.0,100.0,100.0,100.0,100.0,100.0,100.0,100.0
2035-07-01,0.9664,1.0015,1.0054,0.9810,1.0097,0.9819,1.0122,1.0013,1.0047,0.9746,1.0187,0.9931,1.0373,1.0301,1.1226,0.9979,1.0292,1.0524,1.0615,1.0025,1.0166,1.0006,1.0987,0.9931,4342.15,6168.62,4870.29,3203.59,2588.01,1725.89,206.17,3487.17,2693.81,612.69,0.9493,0.5727,0.8822,1.1457,0.7872,0.1899,1.3517,0.3071,0.1010,-1.1598,0.6877,0.7430,0.6553,0.6531,0.6964,0.7585,0.5715,0.6638,0.6663,0.6732,0.0206,0.0130,0.0298,0.0210,0.0227,0.0003,0.0596,0.0017,0.0137,0.0138,0.9782,0.9777,0.9903,0.9772,0.9787,1.0000,0.9728,1.0000,0.9725,1.0000,63.93,223.90,99.29,66.86,77.13,17.09,5.80,301.19,88.49,90.28,0.0000,0.0000,0.0000,0.0000,0.0000,0.0000,0.4557,0.0417,0.0000,0.0000,104304,74663,53998,54750,86225,66964,95775,572442,131417,91336,0,0,0,0,0,0,0,0,0,0,0.0000,0.0000,0.0000,0.0000,0.0000,0.0000,0.2700,0.2700,0.0000,0.0000,0,0,0,0,0,0,0,1,0,0,0,0,0,0,0,0,1,1,0,0,0.1480,0.0958,0.1497,0.0740,0.1106,0.0403,0.0865,0.1336,0.0245,0.1306,0.000,0.000,0.000,0.000,0.000,0.000,0.000,0.136,0.000,0.000,semi-presidential,parliamentary,parliamentary,parliamentary,parliamentary,semi-presidential,semi-presidential,electoral-authoritarian,electoral-authoritarian,parliamentary,0.800,0.800,0.800,0.800,0.800,0.800,0.800,0.500,0.500,0.800,99.2,100.0,100.0,100.0,100.0,100.0,100.0,100.0,100.0,100.0
2035-08-01,0.9667,0.9992,1.0038,0.9772,1.0051,0.9852,1.0111,1.0010,1.0034,0.9756,1.0206,0.9947,1.0402,1.0268,1.0391,0.9944,1.0237,1.0616,1.0124,1.0023,1.0150,0.9965,1.0675,0.9949,4356.57,6190.25,4869.83,3217.62,2599.60,1737.44,206.47,3497.51,2707.26,613.39,0.9462,0.5707,0.8824,1.1408,0.7838,0.1870,1.3500,0.3078,0.0997,-1.1730,0.6928,0.7416,0.6538,0.6549,0.6718,0.7763,0.5591,0.6882,0.6787,0.6726,0.0127,0.0104,0.0214,0.0153,0.0154,0.0004,0.0606,0.0012,0.0104,0.0090,0.9789,0.9784,0.9906,0.9779,0.9795,1.0000,0.9730,1.0000,0.9734,1.0000,65.74,225.86,100.18,68.19,79.02,17.08,6.03,311.62,90.57,90.02,0.0000,0.0000,0.0000,0.0000,0.0000,0.0000,0.4544,0.0408,0.0000,0.0000,104304,74663,53998,54750,86225,66964,95775,572442,131417,91336,0,0,0,0,0,0,0,0,0,0,0.0000,0.0000,0.0000,0.0000,0.0000,0.0000,0.2800,0.2800,0.0000,0.0000,0,0,0,0,0,0,0,1,0,0,0,0,0,0,0,0,1,1,0,0,0.1523,0.0982,0.1545,0.0764,0.1136,0.0451,0.0821,0.1368,0.0295,0.1299,0.000,0.000,0.000,0.000,0.000,0.000,0.000,0.135,0.000,0.000,semi-presidential,parliamentary,parliamentary,parliamentary,parliamentary,semi-presidential,semi-presidential,electoral-authoritarian,electoral-authoritarian,parliamentary,0.800,0.800,0.800,0.800,0.800,0.800,0.800,0.500,0.500,0.800,100.0,100.0,100.0,100.0,100.0,100.0,100.0,100.0,100.0,100.0
2035-09-01,0.9654,0.9961,1.0019,0.9753,1.0017,0.9878,1.0095,1.0012,1.0032,0.9755,1.0206,0.9957,1.0373,1.0234,1.0374,0.9926,1.0203,1.0512,1.0108,1.0045,1.0148,0.9846,1.0222,0.9958,4374.27,6202.05,4876.88,3228.09,2607.08,1747.75,206.71,3507.43,2715.51,612.99,0.9424,0.5697,0.8812,1.1371,0.7817,0.1842,1.3488,0.3086,0.0987,-1.1883,0.6930,0.7595,0.6470,0.6818,0.7042,0.7827,0.5508,0.6819,0.6801,0.6841,0.0111,0.0101,0.0196,0.0150,0.0143,0.0002,0.0568,0.0010,0.0102,0.0071,0.9791,0.9785,0.9907,0.9781,0.9797,1.0000,0.9731,1.0000,0.9737,1.0000,65.13,225.61,99.87,67.68,78.27,17.19,6.00,307.94,90.10,90.00,0.0000,0.0000,0.0000,0.0000,0.0000,0.0000,0.4549,0.0409,0.0000,0.0000,104304,74663,53998,54750,86225,66964,95775,572442,131417,91336,0,0,0,0,0,0,0,0,0,0,0.0000,0.0000,0.0000,0.0000,0.0000,0.0000,0.2900,0.2900,0.0000,0.0000,0,0,0,0,0,0,0,1,0,0,0,0,0,0,0,0,1,1,0,0,0.1538,0.0991,0.1550,0.0772,0.1148,0.0460,0.0838,0.1360,0.0305,0.1312,0.000,0.000,0.000,0.000,0.000,0.000,0.000,0.135,0.000,0.000,semi-presidential,parliamentary,parliamentary,parliamentary,parliamentary,semi-presidential,semi-presidential,electoral-authoritarian,electoral-authoritarian,parliamentary,0.800,0.800,0.800,0.800,0.800,0.800,0.800,0.500,0.500,0.800,100.0,100.0,100.0,100.0,100.0,100.0,100.0,100.0,100.0,100.0
2035-10-01,0.9648,0.9940,0.9976,0.9723,0.9983,0.9894,1.0059,1.0010,1.0048,0.9772,1.0149,0.9981,1.0382,1.0218,1.0334,0.9898,1.0170,1.0354,1.0071,1.0022,1.0371,1.0040,1.0165,0.9985,4393.01,6206.27,4892.43,3236.31,2623.38,1755.24,206.66,3525.83,2721.27,613.24,0.9384,0.5694,0.8785,1.1343,0.7770,0.1818,1.3495,0.3087,0.0977,-1.2023,0.6971,0.7601,0.6561,0.6904,0.7048,0.7896,0.5532,0.6731,0.6707,0.6787,0.0108,0.0099,0.0198,0.0151,0.0148,0.0000,0.0586,0.0020,0.0111,0.0077,0.9786,0.9780,0.9905,0.9776,0.9792,1.0000,0.9727,1.0000,0.9730,1.0000,65.52,225.97,99.54,67.66,78.69,17.16,5.86,310.38,90.80,89.73,0.0000,0.0000,0.0000,0.0000,0.0000,0.0000,0.4558,0.0416,0.0000,0.0000,104304,74663,53998,54750,86225,66964,95775,572442,131417,91336,0,0,0,0,0,0,0,0,0,0,0.0000,0.0000,0.0000,0.0000,0.0000,0.0000,0.3000,0.3000,0.0000,0.0000,0,0,0,0,0,0,0,1,0,0,0,0,0,0,0,0,1,1,0,0,0.1555,0.1009,0.1568,0.0790,0.1162,0.0476,0.0852,0.1367,0.0319,0.1305,0.000,0.000,0.000,0.000,0.000,0.000,0.000,0.134,0.000,0.000,semi-presidential,parliamentary,parliamentary,parliamentary,parliamentary,semi-presidential,semi-presidential,electoral-authoritarian,electoral-authoritarian,parliamentary,0.800,0.800,0.800,0.800,0.800,0.800,0.800,0.500,0.500,0.800,100.0,100.0,100.0,100.0,100.0,100.0,100.0,100.0,100.0,100.0
2035-11-01,0.9666,0.9942,0.9967,0.9715,0.9963,0.9907,1.0038,1.0010,1.0089,0.9809,1.0090,0.9980,1.0415,1.0220,1.0320,0.9890,1.0149,1.0363,1.0050,1.0022,1.0875,1.0150,1.0104,0.9980,4409.23,6219.83,4910.10,3242.20,2630.66,1764.47,207.15,3545.22,2730.13,613.73,0.9349,0.5682,0.8754,1.1322,0.7750,0.1792,1.3466,0.3087,0.0967,-1.2158,0.7016,0.7408,0.6835,0.6843,0.7398,0.7712,0.5425,0.7050,0.6596,0.6799,0.0109,0.0099,0.0205,0.0155,0.0162,0.0000,0.0636,0.0038,0.0127,0.0087,0.9786,0.9782,0.9905,0.9775,0.9790,1.0000,0.9720,1.0000,0.9730,1.0000,67.25,228.14,99.91,68.76,80.86,17.17,5.84,319.50,92.81,89.75,0.0000,0.0000,0.0000,0.0000,0.0000,0.0000,0.4542,0.0407,0.0000,0.0000,104304,74663,53998,54750,86225,66964,95775,572442,131417,91336,0,0,0,0,0,0,0,0,0,0,0.0000,0.0000,0.0000,0.0000,0.0000,0.0000,0.3100,0.3100,0.0000,0.0000,0,0,0,0,0,0,0,1,0,0,0,0,0,0,0,0,1,1,0,0,0.1557,0.1004,0.1558,0.0784,0.1161,0.0477,0.0864,0.1405,0.0320,0.1319,0.000,0.000,0.000,0.000,0.000,0.000,0.000,0.134,0.000,0.000,semi-presidential,parliamentary,parliamentary,parliamentary,parliamentary,semi-presidential,semi-presidential,electoral-authoritarian,electoral-authoritarian,parliamentary,0.800,0.800,0.800,0.800,0.800,0.800,0.800,0.500,0.500,0.800,100.0,100.0,100.0,100.0,100.0,100.0,100.0,100.0,100.0,100.0
2035-12-01,0.9670,0.9965,1.0012,0.9714,0.9951,0.9931,1.0016,1.0018,1.0111,0.9846,1.0064,0.9965,1.0398,1.0529,1.1626,0.9963,1.0137,1.0529,1.0027,1.0221,1.0573,1.0191,1.0078,0.9965,4414.40,6241.42,4915.09,3244.68,2636.86,1775.91,206.60,3556.49,2742.92,613.88,0.9340,0.5663,0.8746,1.1314,0.7734,0.1764,1.3505,0.3093,0.0955,-1.2300,0.7011,0.7394,0.6929,0.6805,0.7237,0.7718,0.5514,0.6941,0.6584,0.6856,0.0244,0.0175,0.0323,0.0305,0.0282,0.0028,0.0646,0.0027,0.0190,0.0111,0.9521,0.9544,0.9780,0.9555,0.9530,0.9815,0.9669,1.0000,0.9549,1.0000,67.10,228.37,99.07,66.94,80.17,17.37,5.82,316.71,92.04,89.89,0.0000,0.0000,0.0000,0.0000,0.0000,0.0000,0.4527,0.0403,0.0000,0.0000,104304,74663,53998,54750,86225,66964,95775,572442,131417,91336,0,0,0,0,0,0,0,0,0,0,0.0000,0.0000,0.0000,0.0000,0.0000,0.0000,0.3200,0.3200,0.0000,0.0000,0,0,0,0,0,0,0,1,0,0,0,0,0,0,0,0,1,1,0,0,0.1470,0.0953,0.1463,0.0724,0.1089,0.0451,0.0854,0.1383,0.0291,0.1339,0.000,0.000,0.000,0.000,0.000,0.000,0.000,0.135,0.000,0.000,semi-presidential,parliamentary,parliamentary,parliamentary,parliamentary,semi-presidential,semi-presidential,electoral-authoritarian,electoral-authoritarian,parliamentary,0.800,0.800,0.800,0.800,0.800,0.800,0.800,0.500,0.500,0.800,100.0,100.0,100.0,100.0,100.0,100.0,100.0,100.0,100.0,100.0
2036-01-01,0.9675,0.9967,1.0037,0.9714,0.9961,0.9944,1.0013,1.0037,1.0089,0.9877,1.0046,0.9995,1.0401,1.0244,1.1096,0.9900,1.0204,1.0398,1.0024,1.0369,1.0211,1.0161,1.0060,0.9999,4428.11,6268.84,4928.09,3248.08,2645.18,1785.22,206.74,3569.10,2762.59,613.78,0.9312,0.5639,0.8723,1.1302,0.7711,0.1740,1.3499,0.3099,0.0941,-1.2447,0.6827,0.7526,0.6772,0.6596,0.7118,0.7837,0.5165,0.6716,0.6659,0.6870,0.0172,0.0120,0.0267,0.0211,0.0215,0.0000,0.0624,0.0014,0.0130,0.0118,0.9788,0.9784,0.9906,0.9777,0.9792,1.0000,0.9722,1.0000,0.9732,1.0000,67.27,233.31,102.03,69.24,81.65,17.64,5.94,319.87,93.24,90.39,0.0000,0.0000,0.0000,0.0000,0.0000,0.0000,0.4526,0.0401,0.0000,0.0000,104304,74663,53998,54750,86225,66964,95775,572442,131417,91336,0,0,0,0,0,0,0,0,0,0,0.0000,0.0000,0.0000,0.0000,0.0000,0.0000,0.3300,0.3300,0.0000,0.0000,0,0,0,0,0,0,0,1,0,0,0,0,0,0,0,0,1,1,0,0,0.1582,0.1025,0.1581,0.0801,0.1180,0.0493,0.0912,0.1427,0.0330,0.1329,0.000,0.000,0.000,0.000,0.000,0.000,0.000,0.134,0.000,0.000,semi-presidential,parliamentary,parliamentary,parliamentary,parliamentary,semi-presidential,semi-presidential,electoral-authoritarian,electoral-authoritarian,parliamentary,0.800,0.800,0.820,0.800,0.800,0.800,0.800,0.500,0.500,0.800,100.0,100.0,95.0,100.0,100.0,100.0,100.0,100.0,100.0,100.0
