date,price_oil,price_gas,price_coal,price_electricity,price_food,price_critical-minerals,price_steel,price_consumer-goods,price_electronics,price_arms,price_pharma,price_services,import_price_oil,import_price_gas,import_price_coal,import_price_electricity,import_price_food,import_price_critical-minerals,import_price_steel,import_price_consumer-goods,import_price_electronics,import_price_arms,import_price_pharma,import_price_services,gdp_FRA,gdp_DEU,gdp_GBR,gdp_ITA,gdp_ESP,gdp_POL,gdp_UKR,gdp_RUS,gdp_TUR,gdp_NOR,debt_FRA,debt_DEU,debt_GBR,debt_ITA,debt_ESP,debt_POL,debt_UKR,debt_RUS,debt_TUR,debt_NOR,stability_FRA,stability_DEU,stability_GBR,stability_ITA,stability_ESP,stability_POL,stability_UKR,stability_RUS,stability_TUR,stability_NOR,shortage_FRA,shortage_DEU,shortage_GBR,shortage_ITA,shortage_ESP,shortage_POL,shortage_UKR,shortage_RUS,shortage_TUR,shortage_NOR,gas_coverage_FRA,gas_coverage_DEU,gas_coverage_GBR,gas_coverage_ITA,gas_coverage_ESP,gas_coverage_POL,gas_coverage_UKR,gas_coverage_RUS,gas_coverage_TUR,gas_coverage_NOR,maritime_trade_FRA,maritime_trade_DEU,maritime_trade_GBR,maritime_trade_ITA,maritime_trade_ESP,maritime_trade_POL,maritime_trade_UKR,maritime_trade_RUS,maritime_trade_TUR,maritime_trade_NOR,blockade_FRA,blockade_DEU,blockade_GBR,blockade_ITA,blockade_ESP,blockade_POL,blockade_UKR,blockade_RUS,blockade_TUR,blockade_NOR,tiles_FRA,tiles_DEU,tiles_GBR,tiles_ITA,tiles_ESP,tiles_POL,tiles_UKR,tiles_RUS,tiles_TUR,tiles_NOR,contested_FRA,contested_DEU,contested_GBR,contested_ITA,contested_ESP,contested_POL,contested_UKR,contested_RUS,contested_TUR,contested_NOR,exhaustion_FRA,exhaustion_DEU,exhaustion_GBR,exhaustion_ITA,exhaustion_ESP,exhaustion_POL,exhaustion_UKR,exhaustion_RUS,exhaustion_TUR,exhaustion_NOR,sanctions_against_FRA,sanctions_against_DEU,sanctions_against_GBR,sanctions_against_ITA,sanctions_against_ESP,sanctions_against_POL,sanctions_against_UKR,sanctions_against_RUS,sanctions_against_TUR,sanctions_against_NOR,at_war_FRA,at_war_DEU,at_war_GBR,at_war_ITA,at_war_ESP,at_war_POL,at_war_UKR,at_war_RUS,at_war_TUR,at_war_NOR,export_share_FRA,export_share_DEU,export_share_GBR,export_share_ITA,export_share_ESP,export_share_POL,export_share_UKR,export_share_RUS,export_share_TUR,export_share_NOR,circumvention_FRA,circumvention_DEU,circumvention_GBR,circumvention_ITA,circumvention_ESP,circumvention_POL,circumvention_UKR,circumvention_RUS,circumvention_TUR,circumvention_NOR,regime_FRA,regime_DEU,regime_GBR,regime_ITA,regime_ESP,regime_POL,regime_UKR,regime_RUS,regime_TUR,regime_NOR,legitimacy_FRA,legitimacy_DEU,legitimacy_GBR,legitimacy_ITA,legitimacy_ESP,legitimacy_POL,legitimacy_UKR,legitimacy_RUS,legitimacy_TUR,legitimacy_NOR,capital_FRA,capital_DEU,capital_GBR,capital_ITA,capital_ESP,capital_POL,capital_UKR,capital_RUS,capital_TUR,capital_NOR
2026-01-01,1.0000,1.0000,1.0000,1.0000,1.0000,1.0000,1.0000,1.0000,1.0000,1.0000,1.0000,1.0000,1.0000,1.0000,1.0000,1.0000,1.0000,1.0000,1.0000,1.0000,1.0000,1.0000,1.0000,1.0000,3366.32,5050.92,4002.59,2551.56,1906.45,1035.49,214.23,2561.31,1597.29,530.76,1.1600,0.6290,1.0230,1.3710,1.0040,0.5880,1.0870,0.1720,0.2350,0.4500,0.6600,0.7169,0.6747,0.6374,0.6767,0.7200,0.6678,0.6750,0.6750,0.7200,0.0000,0.0000,0.0000,0.0000,0.0000,0.0000,0.0000,0.0000,0.0000,0.0000,1.0000,1.0000,1.0000,1.0000,1.0000,1.0000,1.0000,1.0000,1.0000,1.0000,0.00,0.00,0.00,0.00,0.00,0.00,0.00,0.00,0.00,0.00,0.0000,0.0000,0.0000,0.0000,0.0000,0.0000,0.0000,0.0000,0.0000,0.0000,104304,74663,53998,54750,86225,66964,95775,572442,131417,91336,0,0,0,0,0,0,0,0,0,0,0.0000,0.0000,0.0000,0.0000,0.0000,0.0000,0.0000,0.0000,0.0000,0.0000,0,0,0,0,0,0,0,0,0,0,0,0,0,0,0,0,1,1,0,0,0.1189,0.0742,0.1337,0.0486,0.0868,0.0115,0.0806,0.1082,0.0016,0.1382,0.000,0.000,0.000,0.000,0.000,0.000,0.000,0.000,0.000,0.000,semi-presidential,parliamentary,parliamentary,parliamentary,parliamentary,semi-presidential,semi-presidential,electoral-authoritarian,electoral-authoritarian,parliamentary,0.800,0.800,0.800,0.800,0.800,0.800,0.800,0.500,0.500,0.800,30.0,30.0,30.0,30.0,30.0,30.0,30.0,30.0,30.0,30.0
2026-02-01,1.0000,1.0000,1.0000,1.0000,1.0000,1.0000,1.0000,1.0000,1.0000,1.0000,1.0000,1.0000,1.0737,1.0272,1.0377,1.0397,1.0268,1.0569,1.0247,1.0247,1.0417,1.0274,1.0247,1.0000,3364.80,5055.74,4011.27,2555.09,1909.93,1037.99,213.16,2563.07,1601.32,529.79,1.1641,0.6295,1.0241,1.3734,1.0046,0.5883,1.0946,0.1744,0.2347,0.4362,0.6600,0.7169,0.6747,0.6374,0.6767,0.7200,0.6678,0.6750,0.6750,0.7200,0.0139,0.0114,0.0296,0.0205,0.0185,0.0000,0.0278,0.0025,0.0136,0.0141,0.9793,0.9788,0.9899,0.9779,0.9796,1.0000,0.9876,1.0000,0.9729,1.0000,51.01,181.68,76.61,51.95,59.59,9.30,4.26,233.40,55.90,79.13,0.0000,0.0000,0.0000,0.0000,0.0000,0.0000,0.4600,0.0438,0.0000,0.0000,104304,74663,53998,54750,86225,66964,95775,572442,131417,91336,0,0,0,0,0,0,0,0,0,0,0.0000,0.0000,0.0000,0.0000,0.0000,0.0000,0.0100,0.0100,0.0000,0.0000,0,0,0,0,0,0,0,1,0,0,0,0,0,0,0,0,1,1,0,0,0.1189,0.0733,0.1334,0.0478,0.0863,0.0114,0.0720,0.1041,0.0015,0.1360,0.000,0.000,0.000,0.000,0.000,0.000,0.000,0.000,0.000,0.000,semi-presidential,parliamentary,parliamentary,parliamentary,parliamentary,semi-presidential,semi-presidential,electoral-authoritarian,electoral-authoritarian,parliamentary,0.800,0.800,0.800,0.800,0.800,0.800,0.800,0.500,0.500,0.800,33.3,32.9,32.5,33.6,33.3,33.1,30.0,33.3,33.8,32.9
2026-03-01,1.0030,0.9986,1.0004,1.0049,0.9985,0.9994,0.9979,1.0005,1.0007,1.0032,0.9986,1.0007,1.1676,1.0270,1.0438,1.0784,1.0245,1.0560,0.9993,1.0385,1.0435,1.0908,1.0000,1.0013,3368.25,5061.07,4016.71,2554.25,1907.91,1041.19,211.26,2567.35,1608.32,530.48,1.1666,0.6304,1.0247,1.3783,1.0078,0.5844,1.1059,0.1766,0.2338,0.4210,0.6463,0.7118,0.6591,0.6315,0.6621,0.7186,0.6018,0.6519,0.6684,0.6960,0.0185,0.0200,0.0315,0.0383,0.0232,0.0043,0.0867,0.0029,0.0162,0.0130,0.9796,0.9789,0.9900,0.9783,0.9801,1.0000,0.9684,1.0000,0.9734,1.0000,49.68,175.37,71.95,53.18,57.05,9.05,5.56,229.44,54.68,76.67,0.0000,0.0000,0.0000,0.0000,0.0000,0.0000,0.4605,0.0439,0.0000,0.0000,104304,74663,53998,54750,86225,66964,95775,572442,131417,91336,0,0,0,0,0,0,0,0,0,0,0.0000,0.0000,0.0000,0.0000,0.0000,0.0000,0.0200,0.0200,0.0000,0.0000,0,0,0,0,0,0,0,1,0,0,0,0,0,0,0,0,1,1,0,0,0.1193,0.0723,0.1341,0.0484,0.0874,0.0117,0.0694,0.1024,0.0014,0.1355,0.000,0.000,0.000,0.000,0.000,0.000,0.032,0.147,0.000,0.000,semi-presidential,parliamentary,parliamentary,parliamentary,parliamentary,semi-presidential,semi-presidential,electoral-authoritarian,electoral-authoritarian,parliamentary,0.800,0.820,0.800,0.800,0.800,0.800,0.800,0.500,0.500,0.800,36.5,30.7,35.1,37.2,36.5,36.3,32.6,36.5,37.5,35.6
2026-04-01,1.0056,0.9956,1.0043,1.0101,0.9968,1.0004,0.9951,1.0016,1.0028,1.0041,0.9999,0.9997,1.0951,1.0216,1.1547,1.0912,1.0222,1.0554,0.9964,1.0266,1.0457,1.0252,1.0349,0.9997,3379.55,5063.50,4014.16,2548.18,1914.25,1043.66,210.00,2574.27,1613.46,530.59,1.1661,0.6317,1.0281,1.3858,1.0066,0.5809,1.1141,0.1785,0.2331,0.4062,0.6450,0.7043,0.6553,0.6090,0.6355,0.7058,0.5223,0.6661,0.6601,0.7022,0.0206,0.0189,0.0348,0.0399,0.0250,0.0001,0.0841,0.0026,0.0206,0.0151,0.9814,0.9807,0.9909,0.9803,0.9820,1.0000,0.9688,1.0000,0.9758,1.0000,51.08,176.53,72.36,53.73,58.04,9.34,5.57,233.86,55.24,77.71,0.0000,0.0000,0.0000,0.0000,0.0000,0.0000,0.4591,0.0410,0.0000,0.0000,104304,74663,53998,54750,86225,66964,95775,572442,131417,91336,0,0,0,0,0,0,0,0,0,0,0.0000,0.0000,0.0000,0.0000,0.0000,0.0000,0.0300,0.0300,0.0000,0.0000,0,0,0,0,0,0,0,1,0,0,0,0,0,0,0,0,1,1,0,0,0.1121,0.0689,0.1260,0.0451,0.0815,0.0114,0.0675,0.1024,0.0014,0.1357,0.000,0.000,0.000,0.000,0.000,0.000,0.031,0.148,0.000,0.000,semi-presidential,parliamentary,parliamentary,parliamentary,parliamentary,semi-presidential,semi-presidential,electoral-authoritarian,electoral-authoritarian,parliamentary,0.800,0.810,0.800,0.800,0.800,0.800,0.800,0.500,0.500,0.800,39.8,33.5,37.5,40.7,39.6,39.4,34.9,39.7,41.1,38.4
2026-05-01,1.0078,0.9948,1.0079,1.0131,0.9940,1.0017,0.9951,1.0020,1.0033,1.0033,0.9984,0.9978,1.1009,1.0227,1.1569,1.0835,1.0192,1.0576,0.9964,1.0034,1.0168,1.0034,0.9998,0.9978,3371.91,5059.59,4015.65,2544.97,1912.04,1046.33,208.31,2567.22,1616.42,531.01,1.1718,0.6340,1.0303,1.3915,1.0099,0.5773,1.1247,0.1813,0.2327,0.3913,0.6586,0.7002,0.6288,0.5693,0.6566,0.7024,0.4844,0.6845,0.6610,0.6810,0.0188,0.0180,0.0317,0.0360,0.0231,0.0000,0.0805,0.0010,0.0197,0.0113,0.9799,0.9792,0.9901,0.9786,0.9804,1.0000,0.9680,1.0000,0.9738,1.0000,51.42,178.62,73.64,53.28,58.83,9.42,5.57,235.40,55.78,78.06,0.0000,0.0000,0.0000,0.0000,0.0000,0.0000,0.4601,0.0432,0.0000,0.0000,104304,74663,53998,54750,86225,66964,95775,572442,131417,91336,0,0,0,0,0,0,0,0,0,0,0.0000,0.0000,0.0000,0.0000,0.0000,0.0000,0.0400,0.0400,0.0000,0.0000,0,0,0,0,0,0,0,1,0,0,0,0,0,0,0,0,1,1,0,0,0.1050,0.0657,0.1168,0.0411,0.0756,0.0113,0.0642,0.1029,0.0013,0.1358,0.000,0.000,0.000,0.000,0.000,0.000,0.029,0.148,0.000,0.000,semi-presidential,parliamentary,parliamentary,parliamentary,parliamentary,semi-presidential,semi-presidential,electoral-authoritarian,electoral-authoritarian,parliamentary,0.800,0.800,0.800,0.800,0.800,0.800,0.800,0.500,0.500,0.800,43.1,36.2,39.9,43.8,42.8,42.4,36.9,43.1,44.8,41.0
2026-06-01,1.0105,0.9951,1.0089,1.0160,0.9891,1.0010,0.9944,1.0015,1.0030,1.0036,0.9979,0.9997,1.1046,1.0233,1.0718,1.0742,1.0141,1.0565,0.9958,1.0029,1.0166,1.0044,0.9993,1.0011,3374.98,5064.42,4016.29,2547.33,1910.77,1049.75,207.04,2572.12,1623.69,532.40,1.1735,0.6351,1.0354,1.3940,1.0139,0.5745,1.1333,0.1833,0.2318,0.3756,0.6343,0.6857,0.6244,0.5630,0.6330,0.7044,0.4612,0.6419,0.6466,0.6844,0.0130,0.0142,0.0259,0.0291,0.0174,0.0000,0.0805,0.0011,0.0130,0.0101,0.9796,0.9790,0.9900,0.9783,0.9801,1.0000,0.9678,1.0000,0.9734,1.0000,51.40,180.08,74.50,53.21,59.18,9.41,5.58,236.47,56.23,78.28,0.0000,0.0000,0.0000,0.0000,0.0000,0.0000,0.4580,0.0436,0.0000,0.0000,104304,74663,53998,54750,86225,66964,95775,572442,131417,91336,0,0,0,0,0,0,0,0,0,0,0.0000,0.0000,0.0000,0.0000,0.0000,0.0000,0.0500,0.0500,0.0000,0.0000,0,0,0,0,0,0,0,1,0,0,0,0,0,0,0,0,1,1,0,0,0.1185,0.0724,0.1335,0.0476,0.0867,0.0110,0.0640,0.1026,0.0012,0.1359,0.000,0.000,0.000,0.000,0.000,0.000,0.031,0.149,0.000,0.000,semi-presidential,parliamentary,parliamentary,parliamentary,parliamentary,semi-presidential,semi-presidential,electoral-authoritarian,electoral-authoritarian,parliamentary,0.800,0.800,0.800,0.800,0.770,0.770,0.800,0.500,0.500,0.800,46.2,38.9,42.2,47.0,45.9,45.4,38.8,46.1,48.4,43.7
2026-07-01,1.0122,0.9907,1.0090,1.0165,0.9838,1.0639,0.9941,1.0032,1.0228,1.0038,0.9973,0.9978,1.1031,1.0173,1.0471,1.0485,1.0081,2.5406,0.9955,1.0213,1.3982,1.0040,0.9987,0.9978,3361.27,5058.95,4005.77,2542.13,1909.87,1052.51,206.26,2570.60,1629.50,532.89,1.1808,0.6374,1.0401,1.4004,1.0166,0.5740,1.1393,0.1857,0.2315,0.3606,0.6366,0.6935,0.6188,0.5785,0.6207,0.7024,0.4431,0.6557,0.6563,0.7066,0.0365,0.0367,0.0502,0.0492,0.0448,0.0142,0.0896,0.0157,0.0310,0.0203,0.9808,0.9799,0.9906,0.9796,0.9815,1.0000,0.9690,1.0000,0.9749,1.0000,53.08,187.72,79.14,51.51,59.76,9.88,5.84,239.13,58.20,79.25,0.0000,0.0000,0.0000,0.0000,0.0000,0.0000,0.4580,0.0436,0.0000,0.0000,104304,74663,53998,54750,86225,66964,95775,572442,131417,91336,0,0,0,0,0,0,0,0,0,0,0.0000,0.0000,0.0000,0.0000,0.0000,0.0000,0.0600,0.0300,0.0000,0.0000,0,0,0,0,0,0,0,1,0,0,0,0,0,0,0,0,1,1,0,0,0.1047,0.0672,0.1163,0.0408,0.0749,0.0116,0.0608,0.1013,0.0012,0.1352,0.000,0.000,0.000,0.000,0.000,0.000,0.028,0.149,0.000,0.000,semi-presidential,parliamentary,parliamentary,parliamentary,parliamentary,semi-presidential,semi-presidential,electoral-authoritarian,electoral-authoritarian,parliamentary,0.800,0.800,0.800,0.800,0.780,0.780,0.800,0.500,0.500,0.800,49.4,41.7,44.5,50.2,48.9,48.5,40.6,49.3,52.0,46.5
2026-08-01,1.0108,0.9898,1.0093,1.0154,0.9817,1.1024,0.9942,1.0043,1.0303,1.0041,0.9963,0.9967,1.0925,1.0175,1.0472,1.0335,1.0060,1.9906,0.9957,1.0147,1.1663,1.0065,0.9978,0.9967,3352.02,5064.03,3999.88,2542.58,1892.51,1053.87,205.47,2577.57,1636.99,532.71,1.1863,0.6385,1.0434,1.4035,1.0212,0.5722,1.1454,0.1874,0.2311,0.3460,0.6073,0.6700,0.5774,0.5445,0.6059,0.7001,0.4427,0.6363,0.6422,0.6909,0.0250,0.0249,0.0354,0.0307,0.0287,0.0084,0.0641,0.0060,0.0185,0.0132,0.9799,0.9792,0.9902,0.9787,0.9805,1.0000,0.9678,1.0000,0.9738,1.0000,52.62,191.16,82.16,52.53,59.92,10.15,5.96,236.48,58.23,79.96,0.0000,0.0000,0.0000,0.0000,0.0000,0.0000,0.4561,0.0434,0.0000,0.0000,104304,74663,53998,54750,86225,66964,95775,572442,131417,91336,0,0,0,0,0,0,0,0,0,0,0.0000,0.0000,0.0000,0.0000,0.0000,0.0000,0.0700,0.0400,0.0000,0.0000,0,0,0,0,0,0,0,1,0,0,0,0,0,0,0,0,1,1,0,0,0.1148,0.0739,0.1237,0.0441,0.0799,0.0122,0.0654,0.0998,0.0017,0.1334,0.000,0.000,0.000,0.000,0.000,0.000,0.027,0.148,0.000,0.000,semi-presidential,parliamentary,parliamentary,parliamentary,parliamentary,semi-presidential,semi-presidential,electoral-authoritarian,electoral-authoritarian,parliamentary,0.800,0.800,0.800,0.800,0.000,0.790,0.800,0.500,0.500,0.800,52.4,44.3,46.6,53.3,51.8,51.6,42.4,52.4,55.6,49.2
2026-09-01,1.0111,0.9882,1.0119,1.0129,0.9791,1.1235,0.9944,1.0053,1.0313,1.0036,0.9970,0.9963,1.0948,1.0155,1.1260,1.0129,1.0030,1.6175,0.9959,1.0161,1.0477,1.0056,1.0053,0.9963,3355.19,5076.51,3997.12,2538.34,1894.08,1056.95,204.58,2572.08,1643.12,532.92,1.1871,0.6386,1.0457,1.4108,1.0231,0.5685,1.1521,0.1901,0.2308,0.3311,0.6000,0.6845,0.5722,0.5612,0.3684,0.6875,0.4669,0.6493,0.6549,0.6835,0.0238,0.0205,0.0224,0.0280,0.0255,0.0046,0.0615,0.0013,0.0154,0.0113,0.9802,0.9795,0.9903,0.9790,0.9808,1.0000,0.9680,1.0000,0.9742,1.0000,53.11,192.41,81.72,53.42,61.26,10.21,6.17,240.24,58.57,80.13,0.0000,0.0000,0.0000,0.0000,0.0000,0.0000,0.4554,0.0432,0.0000,0.0000,104304,74663,53998,54750,86225,66964,95775,572442,131417,91336,0,0,0,0,0,0,0,0,0,0,0.0000,0.0000,0.0000,0.0000,0.0000,0.0000,0.0800,0.0500,0.0000,0.0000,0,0,0,0,0,0,0,1,0,0,0,0,0,0,0,0,1,1,0,0,0.1213,0.0752,0.1316,0.0454,0.0821,0.0123,0.0649,0.1017,0.0014,0.1327,0.000,0.000,0.000,0.000,0.000,0.000,0.026,0.148,0.000,0.000,semi-presidential,parliamentary,parliamentary,parliamentary,parliamentary,semi-presidential,semi-presidential,electoral-authoritarian,electoral-authoritarian,parliamentary,0.800,0.800,0.800,0.800,0.010,0.800,0.800,0.500,0.500,0.800,55.4,47.0,48.7,56.4,53.9,54.5,44.3,55.5,59.2,51.9
2026-10-01,1.0138,0.9884,1.0154,1.0106,0.9766,1.1312,0.9956,1.0072,1.0278,1.0008,0.9956,0.9959,1.1089,1.0160,1.1636,1.0106,1.0001,1.3205,1.0233,1.0460,1.0437,1.0016,0.9971,0.9959,3361.78,5088.98,4002.61,2543.26,1898.90,1058.91,204.16,2575.56,1646.77,532.35,1.1904,0.6387,1.0458,1.4108,1.0231,0.5656,1.1562,0.1921,0.2309,0.3167,0.6110,0.7060,0.5873,0.5476,0.4124,0.6982,0.4652,0.6195,0.6572,0.6804,0.0233,0.0161,0.0222,0.0255,0.0260,0.0014,0.0853,0.0017,0.0157,0.0143,0.9800,0.9794,0.9902,0.9787,0.9805,1.0000,0.9675,1.0000,0.9738,1.0000,53.59,193.72,82.67,54.12,62.13,10.33,6.14,243.41,59.44,79.92,0.0000,0.0000,0.0000,0.0000,0.0000,0.0000,0.4555,0.0432,0.0000,0.0000,104304,74663,53998,54750,86225,66964,95775,572442,131417,91336,0,0,0,0,0,0,0,0,0,0,0.0000,0.0000,0.0000,0.0000,0.0000,0.0000,0.0900,0.0600,0.0000,0.0000,0,0,0,0,0,0,0,1,0,0,0,0,0,0,0,0,1,1,0,0,0.1216,0.0753,0.1319,0.0492,0.0863,0.0123,0.0646,0.1043,0.0013,0.1330,0.000,0.000,0.000,0.000,0.000,0.000,0.026,0.149,0.000,0.000,semi-presidential,parliamentary,parliamentary,parliamentary,parliamentary,semi-presidential,semi-presidential,electoral-authoritarian,electoral-authoritarian,parliamentary,0.800,0.800,0.800,0.800,0.020,0.800,0.800,0.500,0.500,0.800,48.4,49.8,50.9,59.4,56.3,57.6,46.2,58.5,62.8,54.5
2026-11-01,1.0177,0.9896,1.0156,1.0101,0.9759,1.1257,0.9972,1.0061,1.0234,0.9950,0.9936,0.9975,1.1547,1.0203,1.0535,1.0289,1.0000,1.1928,1.0439,1.0078,1.0387,0.9950,0.9951,0.9984,3370.02,5095.55,4007.76,2553.19,1905.27,1061.02,203.61,2576.92,1655.08,531.64,1.1888,0.6395,1.0460,1.4077,1.0221,0.5627,1.1610,0.1942,0.2304,0.3024,0.6342,0.7218,0.6093,0.5831,0.5053,0.6922,0.4741,0.6504,0.6547,0.6674,0.0160,0.0134,0.0237,0.0187,0.0197,0.0027,0.0843,0.0014,0.0127,0.0112,0.9775,0.9765,0.9889,0.9764,0.9784,0.9976,0.9673,1.0000,0.9716,1.0000,52.87,192.70,83.47,53.68,61.24,10.19,6.00,241.41,59.31,79.16,0.0000,0.0000,0.0000,0.0000,0.0000,0.0000,0.4554,0.0433,0.0000,0.0000,104304,74663,53998,54750,86225,66964,95775,572442,131417,91336,0,0,0,0,0,0,0,0,0,0,0.0000,0.0000,0.0000,0.0000,0.0000,0.0000,0.1000,0.0700,0.0000,0.0000,0,0,0,0,0,0,0,1,0,0,0,0,0,0,0,0,1,1,0,0,0.1253,0.0772,0.1359,0.0511,0.0892,0.0123,0.0687,0.1051,0.0023,0.1338,0.000,0.000,0.000,0.000,0.000,0.000,0.028,0.150,0.000,0.000,semi-presidential,parliamentary,parliamentary,parliamentary,parliamentary,semi-presidential,semi-presidential,electoral-authoritarian,electoral-authoritarian,parliamentary,0.800,0.800,0.800,0.800,0.030,0.800,0.800,0.500,0.500,0.800,51.6,52.7,53.1,62.7,59.3,60.5,48.1,61.6,66.4,57.1
2026-12-01,1.0185,0.9914,1.0180,1.0081,0.9757,1.1178,0.9972,1.0052,1.0210,0.9883,0.9945,0.9972,1.1029,1.0366,1.1279,1.0081,1.0003,1.1841,0.9988,1.0069,1.0363,0.9883,1.0097,0.9972,3375.20,5092.59,4011.22,2548.74,1907.83,1063.07,203.40,2574.72,1656.68,532.22,1.1879,0.6415,1.0466,1.4121,1.0231,0.5597,1.1639,0.1966,0.2308,0.2873,0.6409,0.7220,0.6285,0.6106,0.5362,0.6896,0.4730,0.6630,0.6733,0.6542,0.0186,0.0145,0.0163,0.0227,0.0226,0.0017,0.0620,0.0012,0.0148,0.0110,0.9646,0.9643,0.9822,0.9657,0.9666,0.9877,0.9650,1.0000,0.9627,1.0000,53.05,192.07,81.62,54.00,61.76,10.14,5.91,242.34,59.55,80.21,0.0000,0.0000,0.0000,0.0000,0.0000,0.0000,0.4615,0.0429,0.0000,0.0000,104304,74663,53998,54750,86225,66964,95775,572442,131417,91336,0,0,0,0,0,0,0,0,0,0,0.0000,0.0000,0.0000,0.0000,0.0000,0.0000,0.1100,0.0800,0.0000,0.0000,0,0,0,0,0,0,0,1,0,0,0,0,0,0,0,0,1,1,0,0,0.1225,0.0759,0.1329,0.0500,0.0873,0.0122,0.0687,0.1038,0.0021,0.1333,0.000,0.000,0.000,0.000,0.000,0.000,0.028,0.151,0.000,0.000,semi-presidential,parliamentary,parliamentary,parliamentary,parliamentary,semi-presidential,semi-presidential,electoral-authoritarian,electoral-authoritarian,parliamentary,0.800,0.800,0.800,0.800,0.040,0.800,0.800,0.500,0.500,0.800,54.8,55.6,55.5,66.2,62.5,63.5,50.1,64.8,70.2,59.6
2027-01-01,1.0218,0.9927,1.0183,1.0057,0.9769,1.1060,0.9977,1.0051,1.0189,0.9828,0.9959,0.9986,1.1376,1.0259,1.0558,1.0057,1.0080,1.1708,1.0075,1.0067,1.0339,0.9828,1.0324,0.9993,3372.78,5106.91,4017.70,2549.30,1912.37,1066.48,202.79,2577.25,1661.70,533.40,1.1898,0.6413,1.0464,1.4136,1.0231,0.5561,1.1690,0.1987,0.2307,0.2719,0.6383,0.6988,0.6353,0.5789,0.4985,0.6918,0.4998,0.6497,0.6444,0.6693,0.0146,0.0123,0.0133,0.0188,0.0200,0.0019,0.0842,0.0014,0.0120,0.0130,0.9756,0.9743,0.9879,0.9748,0.9770,0.9955,0.9672,1.0000,0.9702,1.0000,53.07,191.79,81.49,53.96,61.93,10.07,5.88,243.64,59.92,79.72,0.0000,0.0000,0.0000,0.0000,0.0000,0.0000,0.4600,0.0427,0.0000,0.0000,104304,74663,53998,54750,86225,66964,95775,572442,131417,91336,0,0,0,0,0,0,0,0,0,0,0.0000,0.0000,0.0000,0.0000,0.0000,0.0000,0.1200,0.0900,0.0000,0.0000,0,0,0,0,0,0,0,1,0,0,0,0,0,0,0,0,1,1,0,0,0.1260,0.0776,0.1368,0.0519,0.0901,0.0121,0.0708,0.1058,0.0065,0.1335,0.000,0.000,0.000,0.000,0.000,0.000,0.030,0.151,0.000,0.000,semi-presidential,parliamentary,parliamentary,parliamentary,parliamentary,semi-presidential,semi-presidential,electoral-authoritarian,electoral-authoritarian,parliamentary,0.800,0.800,0.800,0.800,0.050,0.800,0.800,0.500,0.500,0.800,58.0,58.4,57.9,69.4,65.4,66.5,52.2,68.0,73.7,62.2
2027-02-01,1.0237,0.9958,1.0180,1.0015,0.9770,1.0909,0.9980,1.0052,1.0167,0.9769,0.9982,1.0020,1.1166,1.0728,1.0555,1.0015,1.0015,1.1539,1.0059,1.0075,1.0315,0.9769,1.0577,1.0031,3377.07,5118.23,4030.37,2554.83,1918.02,1068.27,202.42,2584.77,1669.57,531.87,1.1890,0.6413,1.0443,1.4121,1.0223,0.5533,1.1726,0.2003,0.2302,0.2578,0.6201,0.7084,0.6449,0.5833,0.5033,0.6949,0.4862,0.6565,0.6434,0.6925,0.0192,0.0157,0.0154,0.0211,0.0228,0.0043,0.0852,0.0015,0.0149,0.0123,0.9359,0.9396,0.9672,0.9418,0.9373,0.9691,0.9591,1.0000,0.9437,1.0000,53.29,192.48,81.98,54.41,62.60,10.16,5.87,245.21,60.15,80.74,0.0000,0.0000,0.0000,0.0000,0.0000,0.0000,0.4600,0.0427,0.0000,0.0000,104304,74663,53998,54750,86225,66964,95775,572442,131417,91336,0,0,0,0,0,0,0,0,0,0,0.0000,0.0000,0.0000,0.0000,0.0000,0.0000,0.1300,0.1000,0.0000,0.0000,0,0,0,0,0,0,0,1,0,0,0,0,0,0,0,0,1,1,0,0,0.1282,0.0798,0.1392,0.0541,0.0925,0.0134,0.0723,0.1044,0.0085,0.1345,0.000,0.000,0.000,0.000,0.000,0.000,0.034,0.152,0.000,0.000,semi-presidential,parliamentary,parliamentary,parliamentary,parliamentary,semi-presidential,semi-presidential,electoral-authoritarian,electoral-authoritarian,parliamentary,0.800,0.800,0.800,0.800,0.060,0.800,0.800,0.500,0.500,0.800,61.1,61.2,60.3,72.7,68.3,69.5,54.3,71.1,77.3,64.9
2027-03-01,1.0224,0.9962,1.0173,1.0001,1.0230,1.0781,0.9992,1.0184,1.0549,0.9726,1.0003,1.0049,1.1040,1.0239,1.0547,1.0001,1.1766,1.1397,1.0290,1.3112,1.6036,0.9726,1.0608,1.0058,3386.05,5125.64,4045.63,2555.49,1924.88,1073.78,201.65,2583.54,1676.67,530.79,1.1863,0.6416,1.0412,1.4129,1.0207,0.5486,1.1784,0.2027,0.2299,0.2455,0.6165,0.7036,0.6698,0.5964,0.5242,0.6875,0.4822,0.6528,0.6518,0.6614,0.0264,0.0099,0.0477,0.0422,0.0673,0.0000,0.0983,0.0259,0.0307,0.0937,0.9801,0.9794,0.9903,0.9788,0.9805,1.0000,0.9679,1.0000,0.9739,1.0000,51.48,183.13,82.44,52.79,59.39,10.17,5.47,235.42,56.66,80.82,0.0000,0.0000,0.0000,0.0000,0.0000,0.0000,0.4600,0.0427,0.0000,0.0000,104304,74663,53998,54750,86225,66964,95775,572442,131417,91336,0,0,0,0,0,0,0,0,0,0,0.0000,0.0000,0.0000,0.0000,0.0000,0.0000,0.1400,0.1100,0.0000,0.0000,0,0,0,0,0,0,0,1,0,0,0,0,0,0,0,0,1,1,0,0,0.1316,0.0848,0.1460,0.0573,0.0946,0.0177,0.0786,0.1025,0.0105,0.1344,0.000,0.000,0.000,0.000,0.000,0.000,0.036,0.152,0.000,0.000,semi-presidential,parliamentary,parliamentary,parliamentary,parliamentary,semi-presidential,semi-presidential,electoral-authoritarian,electoral-authoritarian,parliamentary,0.800,0.800,0.800,0.800,0.070,0.800,0.800,0.500,0.500,0.800,64.2,64.0,62.8,76.1,71.4,72.4,56.3,74.3,80.9,67.4
2027-04-01,1.0201,0.9954,1.0159,0.9977,1.0654,1.0597,0.9986,1.0243,1.0692,0.9693,1.0016,1.0053,1.1002,1.0229,1.0534,0.9977,1.2037,1.1191,1.0001,1.1398,1.3416,0.9693,1.0338,1.0055,3390.26,5145.57,4042.56,2559.41,1927.94,1078.71,201.64,2585.35,1686.20,530.29,1.1850,0.6401,1.0427,1.4118,1.0208,0.5442,1.1796,0.2048,0.2292,0.2314,0.6201,0.7065,0.6646,0.5677,0.5067,0.7390,0.4607,0.6087,0.6569,0.5938,0.0168,0.0098,0.0294,0.0361,0.0486,0.0000,0.0787,0.0128,0.0197,0.0650,0.9802,0.9794,0.9903,0.9789,0.9807,1.0000,0.9689,1.0000,0.9742,1.0000,54.84,206.75,89.26,54.42,63.49,12.17,5.82,242.20,62.71,81.59,0.0000,0.0000,0.0000,0.0000,0.0000,0.0000,0.4600,0.0427,0.0000,0.0000,104304,74663,53998,54750,86225,66964,95775,572442,131417,91336,0,0,0,0,0,0,0,0,0,0,0.0000,0.0000,0.0000,0.0000,0.0000,0.0000,0.1500,0.1200,0.0000,0.0000,0,0,0,0,0,0,0,1,0,0,0,0,0,0,0,0,1,1,0,0,0.1369,0.0859,0.1469,0.0580,0.0951,0.0191,0.0811,0.1017,0.0109,0.1328,0.000,0.000,0.000,0.000,0.000,0.000,0.036,0.152,0.000,0.000,semi-presidential,parliamentary,parliamentary,parliamentary,parliamentary,semi-presidential,semi-presidential,electoral-authoritarian,electoral-authoritarian,parliamentary,0.800,0.800,0.800,0.800,0.080,0.800,0.800,0.500,0.500,0.800,67.2,66.8,65.4,79.3,74.5,75.7,58.3,77.2,84.5,69.7
2027-05-01,1.0179,0.9936,1.0125,0.9941,1.0935,1.0479,0.9968,1.0269,1.0694,0.9632,1.0019,1.0072,1.0978,1.0207,1.0499,0.9941,1.2070,1.1060,0.9983,1.0784,1.0890,0.9632,1.0115,1.0077,3399.06,5162.07,4056.65,2567.79,1941.76,1083.29,201.85,2594.39,1696.77,531.91,1.1816,0.6388,1.0395,1.4139,1.0151,0.5400,1.1792,0.2064,0.2284,0.2161,0.6172,0.7263,0.6351,0.5689,0.5117,0.7499,0.4846,0.6161,0.6676,0.5943,0.0132,0.0098,0.0194,0.0296,0.0341,0.0000,0.0641,0.0018,0.0102,0.0440,0.9804,0.9797,0.9905,0.9793,0.9811,1.0000,0.9693,1.0000,0.9746,1.0000,54.94,209.17,90.97,54.92,64.26,12.61,5.87,241.38,63.25,81.66,0.0000,0.0000,0.0000,0.0000,0.0000,0.0000,0.4600,0.0427,0.0000,0.0000,104304,74663,53998,54750,86225,66964,95775,572442,131417,91336,0,0,0,0,0,0,0,0,0,0,0.0000,0.0000,0.0000,0.0000,0.0000,0.0000,0.1600,0.1300,0.0000,0.0000,0,0,0,0,0,0,0,1,0,0,0,0,0,0,0,0,1,1,0,0,0.1381,0.0875,0.1478,0.0633,0.1001,0.0207,0.0838,0.1017,0.0124,0.1319,0.000,0.000,0.000,0.000,0.000,0.000,0.035,0.151,0.000,0.000,semi-presidential,parliamentary,parliamentary,parliamentary,parliamentary,semi-presidential,semi-presidential,electoral-authoritarian,electoral-authoritarian,parliamentary,0.800,0.800,0.800,0.800,0.090,0.800,0.800,0.500,0.500,0.800,30.0,69.7,67.8,82.5,77.5,79.0,60.3,80.1,88.3,72.0
2027-06-01,1.0159,0.9940,1.0070,0.9932,1.1140,1.0367,0.9958,1.0283,1.0627,0.9622,1.0332,1.0256,1.0958,1.0221,1.0443,1.0142,1.2071,1.0937,0.9973,1.0677,1.0812,0.9622,1.5779,1.0273,3413.55,5184.19,4074.13,2587.65,1949.52,1091.78,202.61,2597.17,1706.93,531.46,1.1763,0.6366,1.0351,1.4034,1.0122,0.5379,1.1754,0.2085,0.2276,0.2017,0.6237,0.7335,0.6656,0.6065,0.5651,0.7526,0.5178,0.6407,0.6959,0.6338,0.0265,0.0099,0.0471,0.0261,0.0398,0.0000,0.0829,0.0049,0.0115,0.0594,0.9798,0.9792,0.9902,0.9786,0.9803,1.0000,0.9681,1.0000,0.9737,1.0000,54.85,208.86,93.77,55.95,64.47,12.84,5.82,241.86,62.99,81.60,0.0000,0.0000,0.0000,0.0000,0.0000,0.0000,0.4600,0.0427,0.0000,0.0000,104304,74663,53998,54750,86225,66964,95775,572442,131417,91336,0,0,0,0,0,0,0,0,0,0,0.0000,0.0000,0.0000,0.0000,0.0000,0.0000,0.1700,0.1400,0.0000,0.0000,0,0,0,0,0,0,0,1,0,0,0,0,0,0,0,0,1,1,0,0,0.1528,0.1001,0.1628,0.0760,0.1143,0.0319,0.0969,0.1169,0.0237,0.1322,0.000,0.000,0.000,0.000,0.000,0.000,0.047,0.134,0.000,0.000,semi-presidential,parliamentary,parliamentary,parliamentary,parliamentary,semi-presidential,semi-presidential,electoral-authoritarian,electoral-authoritarian,parliamentary,0.800,0.800,0.800,0.800,0.100,0.800,0.800,0.500,0.500,0.800,32.8,72.7,70.4,86.0,80.8,82.4,62.6,83.2,92.2,74.5
2027-07-01,1.0130,0.9970,1.0058,0.9916,1.1261,1.0269,1.0000,1.0261,1.0548,0.9659,1.0532,1.0319,1.0915,1.0746,1.0434,0.9916,1.1972,1.0828,1.0881,1.0281,1.0727,1.0344,1.5167,1.0327,3436.22,5209.64,4100.68,2607.73,1961.10,1098.66,203.35,2601.78,1718.23,530.16,1.1682,0.6338,1.0283,1.3926,1.0072,0.5326,1.1715,0.2105,0.2267,0.1936,0.6353,0.7476,0.6683,0.6733,0.5851,0.7820,0.5612,0.6475,0.7046,0.6137,0.0316,0.0155,0.0353,0.0278,0.0406,0.0045,0.0821,0.0049,0.0152,0.0490,0.9361,0.9396,0.9676,0.9417,0.9376,0.9690,0.9602,1.0000,0.9431,1.0000,53.97,207.77,92.23,56.25,64.64,12.79,5.81,240.08,62.58,81.68,0.0000,0.0000,0.0000,0.0000,0.0000,0.0000,0.4600,0.0427,0.0000,0.0000,104304,74663,53998,54750,86225,66964,95775,572442,131417,91336,0,0,0,0,0,0,0,0,0,0,0.0000,0.0000,0.0000,0.0000,0.0000,0.0000,0.1800,0.1500,0.0000,0.0000,0,0,0,0,0,0,0,1,0,0,0,0,0,0,0,0,1,1,0,0,0.1573,0.1040,0.1677,0.0803,0.1189,0.0356,0.1015,0.1214,0.0276,0.1324,0.000,0.000,0.000,0.000,0.000,0.000,0.046,0.130,0.000,0.000,semi-presidential,parliamentary,parliamentary,parliamentary,parliamentary,semi-presidential,semi-presidential,electoral-authoritarian,electoral-authoritarian,parliamentary,0.800,0.800,0.800,0.800,0.110,0.800,0.800,0.500,0.500,0.800,35.7,75.7,72.9,89.9,84.3,85.9,65.1,86.3,96.2,76.8
2027-08-01,1.0100,0.9992,1.0063,0.9894,1.1266,1.0205,1.0025,1.0219,1.0456,0.9694,1.0637,1.0330,1.0844,1.0519,1.0461,0.9894,1.1512,1.0744,1.0587,1.0238,1.0621,1.0455,1.3268,1.0331,3456.84,5229.41,4125.68,2619.56,1976.36,1109.28,203.67,2616.08,1726.79,530.64,1.1640,0.6315,1.0219,1.3861,0.9997,0.5256,1.1698,0.2117,0.2262,0.1789,0.6400,0.7532,0.7071,0.6998,0.5788,0.7839,0.5820,0.6513,0.7139,0.6093,0.0225,0.0125,0.0219,0.0178,0.0238,0.0024,0.0717,0.0033,0.0124,0.0225,0.9580,0.9596,0.9788,0.9606,0.9591,0.9840,0.9646,1.0000,0.9596,1.0000,53.42,205.93,91.47,56.29,64.29,12.56,5.80,239.83,61.88,81.09,0.0000,0.0000,0.0000,0.0000,0.0000,0.0000,0.4574,0.0406,0.0000,0.0000,104304,74663,53998,54750,86225,66964,95775,572442,131417,91336,0,0,0,0,0,0,0,0,0,0,0.0000,0.0000,0.0000,0.0000,0.0000,0.0000,0.1900,0.1600,0.0000,0.0000,0,0,0,0,0,0,0,1,0,0,0,0,0,0,0,0,1,1,0,0,0.1579,0.1042,0.1686,0.0810,0.1195,0.0356,0.1021,0.1222,0.0282,0.1319,0.000,0.000,0.000,0.000,0.000,0.000,0.043,0.130,0.000,0.000,semi-presidential,parliamentary,parliamentary,parliamentary,parliamentary,semi-presidential,semi-presidential,electoral-authoritarian,electoral-authoritarian,parliamentary,0.800,0.800,0.800,0.800,0.120,0.800,0.850,0.500,0.500,0.800,38.6,78.8,75.7,94.1,30.0,89.5,67.7,89.5,100.0,79.1
2027-09-01,1.0072,1.0029,1.0067,0.9878,1.2037,1.0178,1.0057,1.0168,1.0388,0.9725,1.0670,1.0321,1.0808,1.0943,1.0459,0.9878,1.3611,1.0710,1.0767,1.0186,1.0546,1.0419,1.1512,1.0321,3483.98,5266.57,4152.97,2636.08,1988.05,1116.83,204.29,2625.00,1740.53,530.59,1.1549,0.6270,1.0151,1.3773,0.9938,0.5201,1.1662,0.2133,0.2250,0.1643,0.6517,0.7557,0.7354,0.6915,0.5929,0.8198,0.5598,0.7044,0.7068,0.6433,0.0227,0.0167,0.0265,0.0413,0.0497,0.0058,0.0660,0.0024,0.0158,0.0615,0.9247,0.9293,0.9618,0.9320,0.9264,0.9597,0.9593,1.0000,0.9346,1.0000,53.07,203.39,89.26,55.34,63.53,11.83,5.50,240.25,61.83,80.62,0.0000,0.0000,0.0000,0.0000,0.0000,0.0000,0.4562,0.0401,0.0000,0.0000,104304,74663,53998,54750,86225,66964,95775,572442,131417,91336,0,0,0,0,0,0,0,0,0,0,0.0000,0.0000,0.0000,0.0000,0.0000,0.0000,0.2000,0.1700,0.0000,0.0000,0,0,0,0,0,0,0,1,0,0,0,0,0,0,0,0,1,1,0,0,0.1525,0.1004,0.1624,0.0774,0.1152,0.0382,0.1068,0.1225,0.0271,0.1320,0.000,0.000,0.000,0.000,0.000,0.000,0.036,0.129,0.000,0.000,semi-presidential,parliamentary,parliamentary,parliamentary,parliamentary,semi-presidential,semi-presidential,electoral-authoritarian,electoral-authoritarian,parliamentary,0.800,0.800,0.800,0.800,0.130,0.800,0.840,0.500,0.500,0.800,41.6,81.9,78.6,98.1,33.1,93.3,70.2,93.0,100.0,81.6
2027-10-01,1.0044,1.0030,1.0077,0.9874,1.2540,1.0172,1.0056,1.0140,1.0335,0.9760,1.0671,1.0292,1.0775,1.0298,1.0693,1.0035,1.3827,1.0702,1.0133,1.0158,1.0487,1.0669,1.0777,1.0292,3499.24,5285.84,4165.67,2641.99,1994.62,1125.00,204.99,2633.39,1747.79,530.35,1.1499,0.6246,1.0119,1.3738,0.9905,0.5144,1.1672,0.2150,0.2247,0.1498,0.6612,0.7856,0.7506,0.6965,0.5939,0.8091,0.5863,0.6953,0.7380,0.6151,0.0124,0.0102,0.0253,0.0312,0.0350,0.0001,0.0605,0.0018,0.0110,0.0461,0.9810,0.9804,0.9908,0.9798,0.9814,1.0000,0.9699,1.0000,0.9753,1.0000,52.89,202.99,90.04,55.05,62.86,11.66,5.45,239.81,61.45,80.17,0.0000,0.0000,0.0000,0.0000,0.0000,0.0000,0.4563,0.0402,0.0000,0.0000,104304,74663,53998,54750,86225,66964,95775,572442,131417,91336,0,0,0,0,0,0,0,0,0,0,0.0000,0.0000,0.0000,0.0000,0.0000,0.0000,0.2100,0.1800,0.0000,0.0000,0,0,0,0,0,0,0,1,0,0,0,0,0,0,0,0,1,1,0,0,0.1386,0.0924,0.1466,0.0691,0.1035,0.0348,0.1059,0.1199,0.0236,0.1319,0.000,0.000,0.000,0.000,0.000,0.000,0.029,0.131,0.000,0.000,semi-presidential,parliamentary,parliamentary,parliamentary,parliamentary,semi-presidential,semi-presidential,electoral-authoritarian,electoral-authoritarian,parliamentary,0.800,0.800,0.800,0.800,0.140,0.800,0.830,0.540,0.500,0.800,44.6,85.2,81.5,30.0,36.3,97.0,72.8,86.4,100.0,83.9
2027-11-01,1.0041,1.0057,1.0067,0.9853,1.2879,1.0129,1.0058,1.0114,1.0310,0.9809,1.0651,1.0271,1.0786,1.0712,1.0417,0.9853,1.3887,1.0652,1.0073,1.0131,1.0461,1.0501,1.0674,1.0271,3504.25,5287.49,4176.60,2651.00,1998.71,1132.79,206.09,2646.37,1761.34,529.97,1.1482,0.6243,1.0094,1.3688,0.9884,0.5085,1.1608,0.2163,0.2236,0.1353,0.6692,0.7797,0.7282,0.6695,0.5909,0.8111,0.6166,0.6806,0.7278,0.6171,0.0149,0.0136,0.0145,0.0289,0.0323,0.0034,0.0614,0.0017,0.0131,0.0354,0.9471,0.9498,0.9733,0.9514,0.9485,0.9760,0.9636,1.0000,0.9519,1.0000,53.61,202.63,87.90,55.61,64.10,11.45,5.56,245.56,62.64,80.07,0.0000,0.0000,0.0000,0.0000,0.0000,0.0000,0.4559,0.0396,0.0000,0.0000,104304,74663,53998,54750,86225,66964,95775,572442,131417,91336,0,0,0,0,0,0,0,0,0,0,0.0000,0.0000,0.0000,0.0000,0.0000,0.0000,0.2200,0.1900,0.0000,0.0000,0,0,0,0,0,0,0,1,0,0,0,0,0,0,0,0,1,1,0,0,0.1421,0.0933,0.1505,0.0699,0.1060,0.0343,0.1078,0.1208,0.0232,0.1319,0.000,0.000,0.000,0.000,0.000,0.000,0.024,0.132,0.000,0.000,semi-presidential,parliamentary,parliamentary,parliamentary,parliamentary,semi-presidential,semi-presidential,electoral-authoritarian,electoral-authoritarian,parliamentary,0.800,0.800,0.800,0.800,0.150,0.800,0.820,0.530,0.500,0.800,47.7,88.4,84.4,33.3,39.5,30.0,75.6,89.7,100.0,86.3
2027-12-01,1.0047,1.0080,1.0077,0.9871,1.2999,1.0038,1.0088,1.0082,1.0299,0.9860,1.0595,1.0249,1.0805,1.0675,1.0675,1.0380,1.3576,1.0555,1.1135,1.0096,1.0458,1.0778,1.0614,1.0249,3519.63,5292.42,4180.49,2658.94,2006.28,1139.22,206.51,2652.03,1771.89,530.72,1.1433,0.6268,1.0135,1.3646,0.9847,0.5033,1.1584,0.2182,0.2229,0.1206,0.6565,0.7413,0.7152,0.6633,0.5761,0.8122,0.6319,0.6966,0.7355,0.6214,0.0189,0.0171,0.0291,0.0358,0.0275,0.0028,0.0651,0.0022,0.0146,0.0249,0.9523,0.9546,0.9760,0.9559,0.9535,0.9799,0.9647,1.0000,0.9558,1.0000,53.84,197.14,83.50,54.03,62.25,11.36,5.45,246.54,62.60,78.94,0.0000,0.0000,0.0000,0.0000,0.0000,0.0000,0.4558,0.0397,0.0000,0.0000,104304,74663,53998,54750,86225,66964,95775,572442,131417,91336,0,0,0,0,0,0,0,0,0,0,0.0000,0.0000,0.0000,0.0000,0.0000,0.0000,0.2300,0.2000,0.0000,0.0000,0,0,0,0,0,0,0,1,0,0,0,0,0,0,0,0,1,1,0,0,0.1398,0.0899,0.1480,0.0662,0.1040,0.0328,0.1072,0.1214,0.0220,0.1353,0.000,0.000,0.000,0.000,0.000,0.000,0.020,0.134,0.000,0.000,semi-presidential,parliamentary,parliamentary,parliamentary,parliamentary,semi-presidential,semi-presidential,electoral-authoritarian,electoral-authoritarian,parliamentary,0.800,0.800,0.800,0.800,0.160,0.800,0.810,0.520,0.500,0.800,50.7,91.4,87.2,36.5,42.5,33.6,78.5,93.1,100.0,88.7
2028-01-01,1.0043,1.0080,1.0058,0.9861,1.3023,0.9992,1.0120,1.0075,1.0252,0.9937,1.0560,1.0226,1.0787,1.0347,1.0407,1.0056,1.3334,1.0504,1.0605,1.0091,1.0396,1.0610,1.0581,1.0226,3532.67,5306.35,4187.66,2669.37,2013.37,1144.61,207.53,2654.25,1779.18,529.41,1.1392,0.6252,1.0139,1.3592,0.9812,0.4986,1.1527,0.2203,0.2225,0.1063,0.6653,0.7135,0.6816,0.6542,0.5707,0.7952,0.6124,0.6778,0.7242,0.6584,0.0114,0.0092,0.0212,0.0148,0.0157,0.0000,0.0621,0.0017,0.0098,0.0124,0.9811,0.9805,0.9909,0.9800,0.9816,1.0000,0.9704,1.0000,0.9755,1.0000,53.55,199.70,87.50,55.57,63.39,11.40,5.56,245.73,62.74,79.63,0.0000,0.0000,0.0000,0.0000,0.0000,0.0000,0.4569,0.0396,0.0000,0.0000,104304,74663,53998,54750,86225,66964,95775,572442,131417,91336,0,0,0,0,0,0,0,0,0,0,0.0000,0.0000,0.0000,0.0000,0.0000,0.0000,0.2400,0.2100,0.0000,0.0000,0,0,0,0,0,0,0,1,0,0,0,0,0,0,0,0,1,1,0,0,0.1369,0.0942,0.1455,0.0660,0.1073,0.0313,0.1053,0.1184,0.0206,0.1323,0.000,0.000,0.000,0.000,0.000,0.000,0.015,0.135,0.000,0.000,semi-presidential,parliamentary,parliamentary,parliamentary,parliamentary,semi-presidential,semi-presidential,electoral-authoritarian,electoral-authoritarian,parliamentary,0.800,0.800,0.800,0.800,0.170,0.800,0.800,0.510,0.500,0.800,53.7,94.2,89.8,39.6,45.5,37.0,81.2,96.4,100.0,91.2
2028-02-01,1.0052,1.0112,1.0064,0.9853,1.2981,0.9992,1.0097,1.0024,1.0204,0.9956,1.0492,1.0202,1.0812,1.0904,1.0526,1.0091,1.3192,1.0505,1.0110,1.0039,1.0343,1.0403,1.0513,1.0202,3541.08,5310.35,4185.18,2680.21,2025.38,1148.96,207.75,2656.76,1789.35,530.26,1.1365,0.6248,1.0148,1.3538,0.9755,0.4944,1.1515,0.2224,0.2249,0.0915,0.6689,0.7265,0.6578,0.6707,0.5852,0.7784,0.6271,0.6482,0.7096,0.6367,0.0173,0.0154,0.0243,0.0196,0.0201,0.0045,0.0617,0.0013,0.0155,0.0081,0.9360,0.9395,0.9670,0.9417,0.9376,0.9678,0.9627,1.0000,0.9432,1.0000,53.79,197.22,85.69,55.35,63.46,10.86,5.58,248.43,63.17,79.11,0.0000,0.0000,0.0000,0.0000,0.0000,0.0000,0.4565,0.0396,0.0000,0.0000,104304,74663,53998,54750,86225,66964,95775,572442,131417,91336,0,0,0,0,0,0,0,0,0,0,0.0000,0.0000,0.0000,0.0000,0.0000,0.0000,0.2500,0.2200,0.0000,0.0000,0,0,0,0,0,0,0,1,0,0,0,0,0,0,0,0,1,1,0,0,0.1355,0.0958,0.1442,0.0641,0.1055,0.0290,0.0985,0.1179,0.0191,0.1322,0.000,0.000,0.000,0.000,0.000,0.000,0.011,0.137,0.000,0.000,semi-presidential,parliamentary,parliamentary,parliamentary,parliamentary,semi-presidential,semi-presidential,electoral-authoritarian,electoral-authoritarian,parliamentary,0.800,0.770,0.800,0.800,0.180,0.800,0.800,0.500,0.500,0.800,56.8,107.2,92.3,42.8,48.5,40.4,84.1,99.5,100.0,93.6
2028-03-01,1.0017,1.0275,1.0057,0.9849,1.3223,1.0021,1.0096,0.9989,1.0171,0.9975,1.0446,1.0171,1.0743,1.3859,1.0416,1.0690,1.4074,1.0773,1.0461,1.0002,1.0303,1.0683,1.0462,1.0171,3545.11,5335.65,4192.63,2686.85,2027.78,1152.35,208.05,2665.37,1793.93,530.80,1.1354,0.6220,1.0134,1.3505,0.9744,0.4906,1.1498,0.2240,0.2249,0.0767,0.6614,0.6566,0.6371,0.6860,0.5823,0.7623,0.6118,0.6248,0.7199,0.6625,0.0482,0.0480,0.0497,0.0709,0.0622,0.0299,0.0593,0.0015,0.0524,0.0310,0.7187,0.7341,0.8570,0.7367,0.7197,0.7886,0.9469,1.0000,0.7330,1.0000,50.69,185.07,77.13,51.59,58.27,10.17,5.06,231.88,59.86,73.73,0.0000,0.0000,0.0000,0.0000,0.0000,0.0000,0.4577,0.0406,0.0000,0.0000,104304,74663,53998,54750,86225,66964,95775,572442,131417,91336,0,0,0,0,0,0,0,0,0,0,0.0000,0.0000,0.0000,0.0000,0.0000,0.0000,0.2600,0.2300,0.0000,0.0000,0,0,0,0,0,0,0,1,0,0,0,0,0,0,0,0,1,1,0,0,0.1276,0.0883,0.1344,0.0631,0.0987,0.0269,0.1035,0.1139,0.0170,0.1339,0.000,0.000,0.000,0.000,0.000,0.000,0.008,0.139,0.000,0.000,semi-presidential,parliamentary,parliamentary,parliamentary,parliamentary,semi-presidential,semi-presidential,electoral-authoritarian,electoral-authoritarian,parliamentary,0.800,0.780,0.800,0.800,0.190,0.800,0.800,0.500,0.500,0.800,59.8,100.0,94.6,46.1,51.5,43.6,86.9,100.0,100.0,96.2
2028-04-01,1.0015,1.0348,1.0064,0.9866,1.3247,1.0038,1.0100,0.9966,1.0180,0.9978,1.0380,1.0151,1.0771,1.2179,1.0565,1.0334,1.3553,1.0560,1.0112,0.9979,1.0317,0.9982,1.0398,1.0151,3556.14,5347.19,4201.52,2685.35,2036.75,1157.07,208.71,2675.46,1798.80,531.89,1.1320,0.6207,1.0117,1.3533,0.9703,0.4863,1.1463,0.2255,0.2249,0.0628,0.6381,0.6981,0.6382,0.6456,0.5482,0.7291,0.6000,0.6420,0.6693,0.6663,0.0291,0.0276,0.0322,0.0373,0.0336,0.0132,0.0596,0.0010,0.0281,0.0108,0.8536,0.8638,0.9256,0.8674,0.8547,0.9060,0.9535,1.0000,0.8728,1.0000,53.30,192.98,80.75,54.43,61.97,10.31,5.36,247.54,63.58,78.96,0.0000,0.0000,0.0000,0.0000,0.0000,0.0000,0.4589,0.0404,0.0000,0.0000,104304,74663,53998,54750,86225,66964,95775,572442,131417,91336,0,0,0,0,0,0,0,0,0,0,0.0000,0.0000,0.0000,0.0000,0.0000,0.0000,0.2700,0.2400,0.0000,0.0000,0,0,0,0,0,0,0,1,0,0,0,0,0,0,0,0,1,1,0,0,0.1397,0.0920,0.1416,0.0663,0.1034,0.0297,0.1033,0.1160,0.0236,0.1344,0.000,0.000,0.000,0.000,0.000,0.000,0.004,0.140,0.000,0.000,semi-presidential,parliamentary,parliamentary,parliamentary,parliamentary,semi-presidential,semi-presidential,electoral-authoritarian,electoral-authoritarian,parliamentary,0.800,0.790,0.800,0.820,0.200,0.800,0.800,0.500,0.500,0.800,62.7,100.0,97.1,49.3,54.4,46.7,89.6,100.0,100.0,98.8
2028-05-01,1.0020,1.0381,1.0084,0.9889,1.3171,1.0056,1.0098,0.9943,1.0168,0.9951,1.0303,1.0122,1.0819,1.1234,1.1082,1.0437,1.3383,1.0589,1.0131,0.9956,1.0306,0.9954,1.0318,1.0122,3556.82,5366.68,4208.31,2682.17,2049.95,1163.02,208.81,2680.73,1809.20,531.29,1.1319,0.6185,1.0104,1.3551,0.9641,0.4816,1.1457,0.2273,0.2242,0.0501,0.6467,0.7035,0.6499,0.6187,0.5812,0.7304,0.6129,0.6497,0.6563,0.6729,0.0218,0.0206,0.0277,0.0355,0.0245,0.0045,0.0571,0.0010,0.0200,0.0090,0.9320,0.9363,0.9654,0.9387,0.9334,0.9676,0.9640,1.0000,0.9409,1.0000,53.61,190.70,78.40,55.55,61.84,10.27,5.33,248.90,63.58,79.28,0.0000,0.0000,0.0000,0.0000,0.0000,0.0000,0.4591,0.0426,0.0000,0.0000,104304,74663,53998,54750,86225,66964,95775,572442,131417,91336,0,0,0,0,0,0,0,0,0,0,0.0000,0.0000,0.0000,0.0000,0.0000,0.0000,0.2800,0.2500,0.0000,0.0000,0,0,0,0,0,0,0,1,0,0,0,0,0,0,0,0,1,1,0,0,0.1312,0.0859,0.1325,0.0611,0.0965,0.0265,0.0910,0.1167,0.0205,0.1377,0.000,0.000,0.000,0.000,0.000,0.000,0.001,0.139,0.000,0.000,semi-presidential,parliamentary,parliamentary,parliamentary,parliamentary,semi-presidential,semi-presidential,electoral-authoritarian,electoral-authoritarian,parliamentary,0.800,0.800,0.800,0.810,0.210,0.800,0.800,0.500,0.500,0.800,65.7,100.0,99.5,52.2,57.3,49.8,92.4,100.0,100.0,100.0
2028-06-01,1.0029,1.0402,1.0090,0.9937,1.3018,1.0036,1.0095,0.9942,1.0151,0.9940,1.0234,1.0092,1.0855,1.0919,1.0573,1.0491,1.3231,1.0573,1.0107,0.9955,1.0290,0.9942,1.0249,1.0092,3571.97,5339.28,4215.24,2683.52,2059.60,1168.77,208.46,2684.45,1819.57,532.22,1.1272,0.6257,1.0091,1.3547,0.9597,0.4828,1.1477,0.2292,0.2227,0.0353,0.6338,0.7278,0.6547,0.5854,0.6071,0.7444,0.5898,0.6485,0.6801,0.6609,0.0144,0.0158,0.0212,0.0332,0.0171,0.0018,0.0559,0.0011,0.0129,0.0080,0.9612,0.9612,0.9806,0.9628,0.9631,0.9870,0.9702,1.0000,0.9598,1.0000,53.54,191.07,77.88,56.27,62.11,10.26,5.32,250.20,63.79,79.22,0.0000,0.0000,0.0000,0.0000,0.0000,0.0000,0.4581,0.0440,0.0000,0.0000,104304,74663,53998,54750,86225,66964,95775,572442,131417,91336,0,0,0,0,0,0,0,0,0,0,0.0000,0.0000,0.0000,0.0000,0.0000,0.0000,0.2900,0.2600,0.0000,0.0000,0,0,0,0,0,0,0,1,0,0,0,0,0,0,0,0,1,1,0,0,0.1281,0.0845,0.1304,0.0591,0.0948,0.0239,0.0808,0.1141,0.0185,0.1376,0.000,0.000,0.000,0.000,0.000,0.000,0.000,0.142,0.000,0.000,semi-presidential,parliamentary,parliamentary,parliamentary,parliamentary,semi-presidential,semi-presidential,electoral-authoritarian,electoral-authoritarian,parliamentary,0.800,0.800,0.800,0.800,0.220,0.800,0.800,0.500,0.500,0.800,68.5,100.0,100.0,54.9,60.5,52.9,95.0,100.0,30.0,100.0
2028-07-01,1.0031,1.0433,1.0077,0.9947,1.2785,1.0007,1.0101,0.9965,1.0136,0.9941,1.0196,1.0063,1.0848,1.1216,1.0467,1.0365,1.2999,1.0539,1.0126,1.0328,1.0274,0.9943,1.0212,1.0063,3574.15,5348.56,4208.62,2685.53,2057.89,1174.12,207.82,2686.79,1829.51,533.84,1.1307,0.6247,1.0110,1.3539,0.9606,0.4803,1.1514,0.2363,0.2217,0.0204,0.6517,0.7203,0.6595,0.5872,0.6175,0.7650,0.5540,0.6299,0.6878,0.6821,0.0186,0.0170,0.0249,0.0289,0.0209,0.0038,0.0575,0.0014,0.0147,0.0102,0.9382,0.9417,0.9687,0.9438,0.9395,0.9726,0.9657,1.0000,0.9451,1.0000,53.57,192.87,79.96,55.06,62.72,10.47,5.33,249.84,64.16,79.79,0.0000,0.0000,0.0000,0.0000,0.0000,0.0000,0.4581,0.0440,0.0000,0.0000,104304,74663,53998,54750,86225,66964,95775,572442,131417,91336,0,0,0,0,0,0,0,0,0,0,0.0000,0.0000,0.0000,0.0000,0.0000,0.0000,0.3000,0.2700,0.0000,0.0000,0,0,0,0,0,0,0,1,0,0,0,0,0,0,0,0,1,1,0,0,0.1247,0.0824,0.1274,0.0568,0.0924,0.0212,0.0678,0.1097,0.0163,0.1377,0.000,0.000,0.000,0.000,0.000,0.000,0.000,0.144,0.000,0.000,semi-presidential,parliamentary,parliamentary,parliamentary,parliamentary,semi-presidential,semi-presidential,electoral-authoritarian,electoral-authoritarian,parliamentary,0.800,0.800,0.800,0.800,0.230,0.800,0.800,0.500,0.500,0.800,71.4,100.0,100.0,57.6,63.6,56.2,97.4,100.0,28.1,100.0
2028-08-01,1.0045,1.0467,1.0046,0.9958,1.2510,0.9988,1.0101,0.9983,1.0138,0.9934,1.0154,1.0047,1.0875,1.1303,1.0434,1.0371,1.2731,1.0517,1.0113,1.0336,1.0277,0.9941,1.0169,1.0047,3579.48,5373.64,4212.19,2691.23,2061.11,1180.68,207.57,2685.66,1837.84,536.05,1.1291,0.6218,1.0106,1.3513,0.9592,0.4755,1.1530,0.2386,0.2199,0.0055,0.6284,0.7212,0.6350,0.5872,0.5992,0.7638,0.5221,0.6398,0.6946,0.7027,0.0191,0.0176,0.0253,0.0294,0.0216,0.0042,0.0585,0.0014,0.0151,0.0102,0.9339,0.9380,0.9665,0.9403,0.9352,0.9698,0.9652,1.0000,0.9423,1.0000,54.21,194.44,80.74,55.40,63.41,10.69,5.41,252.76,64.98,80.28,0.0000,0.0000,0.0000,0.0000,0.0000,0.0000,0.4581,0.0440,0.0000,0.0000,104304,74663,53998,54750,86225,66964,95775,572442,131417,91336,0,0,0,0,0,0,0,0,0,0,0.0000,0.0000,0.0000,0.0000,0.0000,0.0000,0.3100,0.2800,0.0000,0.0000,0,0,0,0,0,0,0,1,0,0,0,0,0,0,0,0,1,1,0,0,0.1319,0.0856,0.1358,0.0601,0.0981,0.0205,0.0615,0.1088,0.0163,0.1379,0.000,0.000,0.000,0.000,0.000,0.000,0.000,0.146,0.000,0.000,semi-presidential,parliamentary,parliamentary,parliamentary,parliamentary,semi-presidential,semi-presidential,electoral-authoritarian,electoral-authoritarian,parliamentary,0.800,0.800,0.800,0.800,0.240,0.800,0.800,0.500,0.500,0.800,74.3,90.0,100.0,60.4,66.7,59.5,99.7,100.0,31.2,100.0
2028-09-01,1.0091,1.0455,1.0040,0.9968,1.2209,0.9995,1.0088,1.0003,1.0117,0.9924,1.0104,1.0032,1.1707,1.0768,1.0430,1.0303,1.2431,1.0523,1.0100,1.0332,1.0255,0.9931,1.0119,1.0032,3581.87,5382.31,4210.47,2695.97,2062.24,1185.41,206.67,2688.36,1848.60,535.98,1.1315,0.6209,1.0114,1.3491,0.9588,0.4713,1.1582,0.2406,0.2178,-0.0113,0.6315,0.7587,0.6380,0.6064,0.5628,0.7680,0.5161,0.6268,0.6993,0.7310,0.0177,0.0158,0.0238,0.0256,0.0205,0.0037,0.0832,0.0013,0.0137,0.0102,0.9782,0.9776,0.9894,0.9771,0.9788,1.0000,0.9734,1.0000,0.9721,1.0000,54.23,196.26,82.02,55.09,64.18,10.84,5.53,253.56,65.09,80.67,0.0000,0.0000,0.0000,0.0000,0.0000,0.0000,0.4581,0.0440,0.0000,0.0000,104304,74663,53998,54750,86225,66964,95775,572442,131417,91336,0,0,0,0,0,0,0,0,0,0,0.0000,0.0000,0.0000,0.0000,0.0000,0.0000,0.3200,0.2900,0.0000,0.0000,0,0,0,0,0,0,0,1,0,0,0,0,0,0,0,0,1,1,0,0,0.1306,0.0852,0.1349,0.0592,0.0973,0.0192,0.0552,0.1085,0.0153,0.1384,0.000,0.000,0.000,0.000,0.000,0.000,0.000,0.149,0.000,0.000,semi-presidential,parliamentary,parliamentary,parliamentary,parliamentary,semi-presidential,semi-presidential,electoral-authoritarian,electoral-authoritarian,parliamentary,0.800,0.800,0.800,0.800,0.250,0.800,0.800,0.500,0.500,0.800,77.1,93.1,100.0,63.2,69.5,62.8,100.0,100.0,34.4,100.0
2028-10-01,1.0158,1.0447,1.0048,0.9969,1.1898,0.9995,1.0098,1.0008,1.0070,0.9955,1.0096,1.0036,1.2511,1.0761,1.0610,1.0264,1.2121,1.0521,1.0316,1.0085,1.0204,1.0581,1.0111,1.0037,3596.55,5400.41,4212.02,2692.87,2067.71,1187.80,206.24,2692.46,1858.42,537.09,1.1271,0.6189,1.0114,1.3509,0.9564,0.4681,1.1609,0.2424,0.2159,-0.0262,0.6287,0.7461,0.6373,0.6155,0.5509,0.7552,0.4686,0.6099,0.7053,0.7142,0.0231,0.0206,0.0274,0.0292,0.0262,0.0079,0.0851,0.0016,0.0178,0.0097,0.9782,0.9775,0.9894,0.9770,0.9787,1.0000,0.9733,1.0000,0.9721,1.0000,52.98,194.63,82.08,54.10,63.14,10.79,5.50,248.76,64.42,79.85,0.0000,0.0000,0.0000,0.0000,0.0000,0.0000,0.4581,0.0440,0.0000,0.0000,104304,74663,53998,54750,86225,66964,95775,572442,131417,91336,0,0,0,0,0,0,0,0,0,0,0.0000,0.0000,0.0000,0.0000,0.0000,0.0000,0.3300,0.3000,0.0000,0.0000,0,0,0,0,0,0,0,1,0,0,0,0,0,0,0,0,1,1,0,0,0.1395,0.0897,0.1454,0.0642,0.1046,0.0196,0.0513,0.1092,0.0164,0.1377,0.000,0.000,0.000,0.000,0.000,0.000,0.000,0.150,0.000,0.000,semi-presidential,parliamentary,parliamentary,parliamentary,parliamentary,semi-presidential,semi-presidential,electoral-authoritarian,electoral-authoritarian,parliamentary,0.800,0.800,0.800,0.800,0.260,0.800,0.800,0.500,0.500,0.800,79.9,96.1,100.0,66.1,72.2,66.0,100.0,100.0,37.6,100.0
2028-11-01,1.0215,1.0431,1.0079,0.9978,1.1575,0.9976,1.0106,1.0001,1.0027,0.9982,1.0070,1.0039,1.2178,1.0723,1.1407,1.0402,1.1795,1.0484,1.0353,1.0015,1.0152,1.0598,1.0085,1.0040,3598.58,5403.36,4207.05,2702.96,2074.67,1192.85,205.60,2697.73,1869.50,536.18,1.1266,0.6186,1.0127,1.3460,0.9533,0.4638,1.1648,0.2441,0.2188,-0.0412,0.6443,0.7498,0.6393,0.5976,0.5739,0.7322,0.4626,0.6106,0.6884,0.7189,0.0253,0.0213,0.0307,0.0352,0.0283,0.0057,0.0834,0.0014,0.0202,0.0107,0.9798,0.9791,0.9902,0.9787,0.9803,1.0000,0.9736,1.0000,0.9741,1.0000,53.61,193.61,80.78,55.01,63.36,10.74,5.48,251.42,64.74,80.40,0.0000,0.0000,0.0000,0.0000,0.0000,0.0000,0.4554,0.0412,0.0000,0.0000,104304,74663,53998,54750,86225,66964,95775,572442,131417,91336,0,0,0,0,0,0,0,0,0,0,0.0000,0.0000,0.0000,0.0000,0.0000,0.0000,0.3000,0.3100,0.0000,0.0000,0,0,0,0,0,0,0,1,0,0,0,0,0,0,0,0,1,1,0,0,0.1400,0.0896,0.1458,0.0640,0.1049,0.0247,0.0486,0.1097,0.0164,0.1398,0.000,0.000,0.000,0.000,0.000,0.000,0.000,0.151,0.000,0.000,semi-presidential,parliamentary,parliamentary,parliamentary,parliamentary,semi-presidential,semi-presidential,electoral-authoritarian,electoral-authoritarian,parliamentary,0.800,0.800,0.800,0.800,0.270,0.800,0.770,0.500,0.500,0.800,82.8,99.2,100.0,58.9,75.1,69.1,100.0,100.0,40.7,100.0
2028-12-01,1.0260,1.0406,1.0077,0.9997,1.1294,0.9973,1.0119,0.9994,0.9996,0.9970,1.0016,1.0022,1.1885,1.0693,1.0444,1.0385,1.1514,1.0480,1.0419,1.0008,1.0119,0.9981,1.0030,1.0022,3599.44,5410.40,4196.04,2703.79,2078.53,1196.46,204.20,2701.76,1875.95,538.77,1.1262,0.6176,1.0153,1.3457,0.9516,0.4602,1.1731,0.2459,0.2173,-0.0559,0.6266,0.7285,0.6148,0.6419,0.5920,0.7336,0.4547,0.6311,0.7014,0.6811,0.0166,0.0157,0.0226,0.0279,0.0196,0.0038,0.0815,0.0011,0.0130,0.0093,0.9800,0.9794,0.9903,0.9790,0.9806,1.0000,0.9738,1.0000,0.9744,1.0000,54.13,194.56,81.07,55.59,64.16,10.71,5.47,255.34,65.45,80.79,0.0000,0.0000,0.0000,0.0000,0.0000,0.0000,0.4560,0.0412,0.0000,0.0000,104304,74663,53998,54750,86225,66964,95775,572442,131417,91336,0,0,0,0,0,0,0,0,0,0,0.0000,0.0000,0.0000,0.0000,0.0000,0.0000,0.3100,0.3200,0.0000,0.0000,0,0,0,0,0,0,0,1,0,0,0,0,0,0,0,0,1,1,0,0,0.1275,0.0830,0.1323,0.0576,0.0950,0.0225,0.0477,0.1083,0.0144,0.1391,0.000,0.000,0.000,0.000,0.000,0.000,0.000,0.153,0.000,0.000,semi-presidential,parliamentary,parliamentary,parliamentary,parliamentary,semi-presidential,semi-presidential,electoral-authoritarian,electoral-authoritarian,parliamentary,0.800,0.800,0.800,0.800,0.280,0.800,0.780,0.500,0.500,0.800,85.6,100.0,100.0,61.9,78.1,72.2,100.0,100.0,43.9,100.0
2029-01-01,1.0274,1.0402,1.0058,1.0022,1.1040,0.9952,1.0104,1.0014,0.9974,0.9958,0.9988,0.9992,1.1126,1.0715,1.0448,1.0422,1.1262,1.0468,1.0115,1.0411,1.0099,0.9968,1.0003,0.9992,3594.82,5414.14,4195.98,2711.64,2078.41,1202.56,203.68,2699.87,1887.88,540.63,1.1276,0.6171,1.0154,1.3420,0.9517,0.4556,1.1763,0.2483,0.2151,-0.0666,0.6202,0.7158,0.5959,0.6266,0.6025,0.7293,0.4324,0.6193,0.6775,0.7143,0.0131,0.0120,0.0195,0.0272,0.0160,0.0000,0.0578,0.0013,0.0109,0.0107,0.9782,0.9776,0.9894,0.9771,0.9787,1.0000,0.9729,1.0000,0.9721,1.0000,54.42,195.46,80.98,56.35,64.40,10.95,5.35,256.63,65.69,81.78,0.0000,0.0000,0.0000,0.0000,0.0000,0.0000,0.4581,0.0439,0.0000,0.0000,104304,74663,53998,54750,86225,66964,95775,572442,131417,91336,0,0,0,0,0,0,0,0,0,0,0.0000,0.0000,0.0000,0.0000,0.0000,0.0000,0.3200,0.3300,0.0000,0.0000,0,0,0,0,0,0,0,1,0,0,0,0,0,0,0,0,1,1,0,0,0.1185,0.0778,0.1221,0.0523,0.0877,0.0206,0.0520,0.1061,0.0167,0.1395,0.000,0.000,0.000,0.000,0.000,0.000,0.000,0.157,0.000,0.000,semi-presidential,parliamentary,parliamentary,parliamentary,parliamentary,semi-presidential,semi-presidential,electoral-authoritarian,electoral-authoritarian,parliamentary,0.800,0.800,0.800,0.800,0.290,0.800,0.790,0.500,0.500,0.800,88.4,100.0,100.0,64.9,71.1,75.2,100.0,100.0,46.9,95.0
2029-02-01,1.0981,1.0685,1.0034,1.0081,1.0761,0.9973,1.0074,1.0008,0.9965,0.9962,0.9977,0.9959,2.3143,1.5539,1.0424,1.1698,1.0984,1.0489,1.0185,1.0685,1.0531,1.0604,1.0482,0.9959,3575.61,5397.04,4185.65,2705.25,2069.03,1203.57,202.09,2705.06,1894.00,541.65,1.1338,0.6191,1.0179,1.3450,0.9559,0.4529,1.1856,0.2496,0.2136,-0.0821,0.6060,0.7094,0.6145,0.6288,0.5738,0.7479,0.4512,0.5926,0.7108,0.7420,0.1272,0.1292,0.0891,0.1586,0.1361,0.1073,0.1052,0.0036,0.1287,0.0156,0.6365,0.6551,0.8192,0.6578,0.6374,0.7188,0.9522,1.0000,0.6470,1.0000,37.08,153.10,61.79,43.59,45.03,7.94,4.50,171.99,48.20,57.24,0.0000,0.0000,0.0000,0.0000,0.0000,0.0000,0.4581,0.0440,0.0000,0.0000,104304,74663,53998,54750,86225,66964,95775,572442,131417,91336,0,0,0,0,0,0,0,0,0,0,0.0000,0.0000,0.0000,0.0000,0.0000,0.0000,0.3300,0.3400,0.0000,0.0000,0,0,0,0,0,0,0,1,0,0,0,0,0,0,0,0,1,1,0,0,0.1128,0.0707,0.1163,0.0490,0.0826,0.0163,0.0447,0.1129,0.0142,0.1488,0.000,0.000,0.000,0.000,0.000,0.000,0.000,0.163,0.000,0.000,semi-presidential,parliamentary,parliamentary,parliamentary,parliamentary,semi-presidential,semi-presidential,electoral-authoritarian,electoral-authoritarian,parliamentary,0.800,0.800,0.800,0.800,0.300,0.800,0.800,0.500,0.500,0.800,91.1,100.0,100.0,67.8,73.9,78.4,100.0,100.0,50.1,98.0
2029-03-01,1.1438,1.0850,1.0031,1.0163,1.0510,0.9985,1.0050,1.0024,0.9975,0.9959,0.9949,0.9922,2.1941,1.4515,1.0412,1.1357,1.0732,1.0497,1.0059,1.0120,1.0089,0.9964,0.9960,0.9922,3564.98,5390.37,4171.46,2695.14,2068.78,1206.54,200.47,2713.72,1895.63,545.06,1.1373,0.6218,1.0215,1.3502,0.9561,0.4497,1.1953,0.2504,0.2127,-0.0975,0.5578,0.6111,0.5643,0.5274,0.4895,0.6686,0.4184,0.6024,0.6282,0.7317,0.0985,0.1021,0.0669,0.1255,0.1039,0.0823,0.0937,0.0009,0.0979,0.0088,0.7282,0.7430,0.8653,0.7460,0.7291,0.7979,0.9585,1.0000,0.7408,1.0000,42.22,166.43,67.82,48.27,50.78,9.28,4.74,197.76,54.25,65.40,0.0000,0.0000,0.0000,0.0000,0.0000,0.0000,0.4589,0.0427,0.0000,0.0000,104304,74663,53998,54750,86225,66964,95775,572442,131417,91336,0,0,0,0,0,0,0,0,0,0,0.0000,0.0000,0.0000,0.0000,0.0000,0.0000,0.3400,0.3500,0.0000,0.0000,0,0,0,0,0,0,0,1,0,0,0,0,0,0,0,0,1,1,0,0,0.1037,0.0669,0.1069,0.0441,0.0750,0.0145,0.0397,0.1232,0.0115,0.1531,0.000,0.000,0.000,0.000,0.000,0.000,0.000,0.156,0.000,0.000,semi-presidential,parliamentary,parliamentary,parliamentary,parliamentary,semi-presidential,semi-presidential,electoral-authoritarian,electoral-authoritarian,parliamentary,0.800,0.800,0.800,0.800,0.310,0.800,0.800,0.500,0.500,0.800,93.6,30.0,100.0,70.4,76.4,81.2,100.0,100.0,53.0,100.0
2029-04-01,1.1750,1.0949,1.0035,1.0256,1.0282,0.9992,1.0047,1.0020,0.9986,0.9964,0.9941,0.9911,1.9552,1.3207,1.0427,1.1060,1.0504,1.0508,1.0056,1.0032,1.0106,0.9971,0.9953,0.9911,3559.98,5379.51,4160.66,2692.00,2064.12,1205.49,199.32,2721.66,1902.51,547.66,1.1390,0.6233,1.0244,1.3521,0.9584,0.4479,1.2023,0.2510,0.2111,-0.1133,0.5510,0.5948,0.5437,0.4835,0.4734,0.6590,0.4097,0.6241,0.6013,0.7614,0.0683,0.0700,0.0482,0.0911,0.0723,0.0516,0.0882,0.0010,0.0633,0.0083,0.8309,0.8415,0.9161,0.8448,0.8318,0.8874,0.9635,1.0000,0.8462,1.0000,48.58,181.05,73.64,53.88,57.93,10.61,5.02,229.25,61.39,75.42,0.0000,0.0000,0.0000,0.0000,0.0000,0.0000,0.4581,0.0440,0.0000,0.0000,104304,74663,53998,54750,86225,66964,95775,572442,131417,91336,0,0,0,0,0,0,0,0,0,0,0.0000,0.0000,0.0000,0.0000,0.0000,0.0000,0.3500,0.3600,0.0000,0.0000,0,0,0,0,0,0,0,1,0,0,0,0,0,0,0,0,1,1,0,0,0.1231,0.0763,0.1279,0.0523,0.0900,0.0164,0.0457,0.1275,0.0132,0.1567,0.000,0.000,0.000,0.000,0.000,0.000,0.000,0.159,0.000,0.000,semi-presidential,parliamentary,parliamentary,parliamentary,parliamentary,semi-presidential,semi-presidential,electoral-authoritarian,electoral-authoritarian,parliamentary,0.800,0.800,0.800,0.770,0.320,0.800,0.800,0.500,0.500,0.800,96.0,32.4,100.0,72.6,78.7,83.9,100.0,100.0,55.7,100.0
2029-05-01,1.1936,1.0967,1.0040,1.0323,1.0089,1.0007,1.0051,1.0026,0.9985,0.9981,0.9903,0.9920,1.7428,1.1462,1.0446,1.0752,1.0310,1.0524,1.0062,1.0040,1.0109,1.0171,0.9916,0.9923,3549.05,5388.01,4158.11,2694.46,2066.32,1210.76,198.13,2733.22,1908.85,549.80,1.1427,0.6227,1.0252,1.3511,0.9575,0.4438,1.2097,0.2513,0.2097,-0.1293,0.5581,0.5952,0.5420,0.5084,0.4639,0.6311,0.4008,0.6485,0.6121,0.7872,0.0372,0.0370,0.0289,0.0537,0.0410,0.0239,0.0840,0.0011,0.0330,0.0085,0.9647,0.9651,0.9828,0.9654,0.9657,0.9919,0.9753,1.0000,0.9618,1.0000,53.83,194.79,79.46,57.76,64.15,11.17,5.30,256.15,67.67,84.04,0.0000,0.0000,0.0000,0.0000,0.0000,0.0000,0.4581,0.0440,0.0000,0.0000,104304,74663,53998,54750,86225,66964,95775,572442,131417,91336,0,0,0,0,0,0,0,0,0,0,0.0000,0.0000,0.0000,0.0000,0.0000,0.0000,0.3600,0.3700,0.0000,0.0000,0,0,0,0,0,0,0,1,0,0,0,0,0,0,0,0,1,1,0,0,0.1315,0.0812,0.1361,0.0560,0.0963,0.0178,0.0489,0.1300,0.0149,0.1584,0.000,0.000,0.000,0.000,0.000,0.000,0.000,0.160,0.000,0.000,semi-presidential,parliamentary,parliamentary,parliamentary,parliamentary,semi-presidential,semi-presidential,electoral-authoritarian,electoral-authoritarian,parliamentary,0.800,0.800,0.800,0.780,0.330,0.800,0.800,0.500,0.500,0.800,93.5,34.7,100.0,74.9,80.9,86.5,100.0,100.0,58.4,100.0
2029-06-01,1.2025,1.0963,1.0019,1.0363,0.9932,1.0008,1.0033,1.0027,0.9979,1.0010,0.9884,0.9919,1.4948,1.1307,1.0401,1.0695,1.0150,1.0518,1.0044,1.0041,1.0102,1.0503,0.9898,0.9919,3543.67,5404.45,4162.59,2695.13,2066.42,1210.50,196.90,2750.47,1917.40,551.27,1.1446,0.6211,1.0242,1.3508,0.9575,0.4417,1.2175,0.2510,0.2080,-0.1454,0.5779,0.6374,0.5688,0.5500,0.4892,0.6659,0.3984,0.6585,0.6336,0.7826,0.0219,0.0211,0.0205,0.0365,0.0258,0.0090,0.0810,0.0013,0.0184,0.0083,0.9767,0.9764,0.9889,0.9756,0.9769,1.0000,0.9759,1.0000,0.9706,1.0000,57.84,202.52,82.06,60.59,68.52,11.49,5.48,276.19,71.72,88.57,0.0000,0.0000,0.0000,0.0000,0.0000,0.0000,0.4575,0.0431,0.0000,0.0000,104304,74663,53998,54750,86225,66964,95775,572442,131417,91336,0,0,0,0,0,0,0,0,0,0,0.0000,0.0000,0.0000,0.0000,0.0000,0.0000,0.3700,0.3800,0.0000,0.0000,0,0,0,0,0,0,0,1,0,0,0,0,0,0,0,0,1,1,0,0,0.1315,0.0812,0.1353,0.0557,0.0963,0.0183,0.0529,0.1295,0.0152,0.1592,0.000,0.000,0.000,0.000,0.000,0.000,0.000,0.161,0.000,0.000,semi-presidential,parliamentary,parliamentary,parliamentary,parliamentary,semi-presidential,semi-presidential,electoral-authoritarian,electoral-authoritarian,parliamentary,0.800,0.800,0.800,0.790,0.340,0.800,0.800,0.500,0.500,0.800,96.0,37.3,100.0,77.5,83.3,89.2,100.0,100.0,61.2,100.0
2029-07-01,1.2008,1.0924,0.9976,1.0391,0.9799,0.9994,1.0027,1.0016,0.9975,1.0003,0.9878,0.9918,1.3029,1.1237,1.0341,1.0653,1.0015,1.0493,1.0038,1.0030,1.0096,1.0023,0.9892,0.9918,3547.82,5417.83,4168.72,2695.35,2076.63,1217.57,196.12,2765.64,1925.86,554.01,1.1433,0.6199,1.0228,1.3508,0.9577,0.4370,1.2225,0.2510,0.2063,-0.1581,0.5822,0.6767,0.6033,0.5683,0.5134,0.6532,0.4033,0.6903,0.6733,0.7697,0.0109,0.0104,0.0141,0.0239,0.0147,0.0000,0.0748,0.0010,0.0104,0.0082,0.9788,0.9783,0.9898,0.9777,0.9792,1.0000,0.9765,1.0000,0.9730,1.0000,60.52,207.08,83.57,61.85,71.30,11.72,5.66,286.59,73.63,93.32,0.0000,0.0000,0.0000,0.0000,0.0000,0.0000,0.4563,0.0415,0.0000,0.0000,104304,74663,53998,54750,86225,66964,95775,572442,131417,91336,0,0,0,0,0,0,0,0,0,0,0.0000,0.0000,0.0000,0.0000,0.0000,0.0000,0.3800,0.3900,0.0000,0.0000,0,0,0,0,0,0,0,1,0,0,0,0,0,0,0,0,1,1,0,0,0.1309,0.0811,0.1349,0.0556,0.0956,0.0182,0.0541,0.1221,0.0151,0.1582,0.000,0.000,0.000,0.000,0.000,0.000,0.000,0.161,0.000,0.000,semi-presidential,parliamentary,parliamentary,parliamentary,parliamentary,semi-presidential,semi-presidential,electoral-authoritarian,electoral-authoritarian,parliamentary,0.800,0.800,0.800,0.800,0.350,0.800,0.800,0.500,0.500,0.800,98.6,40.1,100.0,80.1,85.7,91.8,100.0,100.0,64.2,100.0
2029-08-01,1.1932,1.0884,0.9953,1.0417,0.9704,0.9964,1.0015,0.9981,0.9974,1.0027,0.9912,0.9914,1.2884,1.1214,1.0340,1.0629,0.9924,1.0471,1.0026,0.9995,1.0099,1.0433,1.0756,0.9914,3549.34,5415.79,4179.28,2698.25,2079.36,1221.18,195.49,2775.14,1933.58,556.83,1.1429,0.6204,1.0202,1.3493,0.9567,0.4335,1.2267,0.2515,0.2047,-0.1737,0.6014,0.6999,0.6253,0.5827,0.6095,0.6987,0.4081,0.6954,0.6714,0.7788,0.0138,0.0107,0.0150,0.0245,0.0168,0.0000,0.0608,0.0018,0.0110,0.0117,0.9776,0.9771,0.9892,0.9764,0.9780,1.0000,0.9759,1.0000,0.9715,1.0000,58.75,204.07,81.49,60.48,69.12,11.52,5.45,277.16,72.63,93.94,0.0000,0.0000,0.0000,0.0000,0.0000,0.0000,0.4582,0.0438,0.0000,0.0000,104304,74663,53998,54750,86225,66964,95775,572442,131417,91336,0,0,0,0,0,0,0,0,0,0,0.0000,0.0000,0.0000,0.0000,0.0000,0.0000,0.3900,0.4000,0.0000,0.0000,0,0,0,0,0,0,0,1,0,0,0,0,0,0,0,0,1,1,0,0,0.1293,0.0858,0.1326,0.0545,0.0944,0.0216,0.0582,0.1178,0.0149,0.1575,0.000,0.000,0.000,0.000,0.000,0.000,0.000,0.162,0.000,0.000,semi-presidential,parliamentary,parliamentary,parliamentary,parliamentary,semi-presidential,semi-presidential,electoral-authoritarian,electoral-authoritarian,parliamentary,0.800,0.800,0.800,0.800,0.360,0.800,0.800,0.500,0.500,0.800,100.0,38.0,30.0,72.8,88.7,94.7,100.0,100.0,67.2,100.0
2029-09-01,1.1824,1.0843,0.9952,1.0413,0.9628,0.9933,1.0005,0.9954,1.0000,1.0027,0.9959,0.9933,1.2693,1.1153,1.0322,1.0488,0.9844,1.0424,1.0017,0.9967,1.0440,1.0061,1.1059,0.9938,3557.01,5440.96,4190.98,2702.04,2080.91,1229.52,195.39,2780.73,1942.61,559.24,1.1405,0.6177,1.0174,1.3474,0.9562,0.4283,1.2274,0.2525,0.2029,-0.1891,0.6089,0.7182,0.6532,0.6141,0.5779,0.7066,0.4244,0.6957,0.6869,0.7912,0.0138,0.0096,0.0160,0.0170,0.0174,0.0000,0.0600,0.0029,0.0115,0.0138,0.9788,0.9784,0.9898,0.9778,0.9792,1.0000,0.9756,1.0000,0.9730,1.0000,57.86,203.01,81.77,59.31,68.13,11.35,5.45,271.87,72.43,93.95,0.0000,0.0000,0.0000,0.0000,0.0000,0.0000,0.4565,0.0416,0.0000,0.0000,104304,74663,53998,54750,86225,66964,95775,572442,131417,91336,0,0,0,0,0,0,0,0,0,0,0.0000,0.0000,0.0000,0.0000,0.0000,0.0000,0.4000,0.4100,0.0000,0.0000,0,0,0,0,0,0,0,1,0,0,0,0,0,0,0,0,1,1,0,0,0.1330,0.0882,0.1367,0.0573,0.0974,0.0229,0.0610,0.1172,0.0162,0.1556,0.000,0.000,0.000,0.000,0.000,0.000,0.000,0.161,0.000,0.000,semi-presidential,parliamentary,parliamentary,parliamentary,parliamentary,semi-presidential,semi-presidential,electoral-authoritarian,electoral-authoritarian,parliamentary,0.800,0.800,0.800,0.800,0.370,0.800,0.800,0.500,0.500,0.800,100.0,41.0,32.9,75.7,91.5,97.6,100.0,100.0,70.3,100.0
2029-10-01,1.1727,1.0807,0.9950,1.0370,0.9591,0.9906,1.0010,0.9936,1.0015,1.0015,0.9974,0.9974,1.2629,1.1131,1.0337,1.0370,0.9808,1.0405,1.0080,0.9949,1.0278,1.0052,1.0334,0.9984,3567.76,5465.91,4201.54,2710.54,2092.89,1234.26,195.22,2793.94,1950.76,562.84,1.1371,0.6212,1.0149,1.3433,0.9559,0.4245,1.2286,0.2530,0.2013,-0.2042,0.6226,0.7446,0.6692,0.6190,0.5766,0.7460,0.4480,0.6604,0.6856,0.7858,0.0123,0.0101,0.0113,0.0155,0.0161,0.0000,0.0577,0.0018,0.0112,0.0108,0.9777,0.9773,0.9893,0.9766,0.9781,1.0000,0.9751,1.0000,0.9716,1.0000,57.70,202.97,81.72,59.73,68.16,11.24,5.45,271.76,72.73,93.77,0.0000,0.0000,0.0000,0.0000,0.0000,0.0000,0.4583,0.0437,0.0000,0.0000,104304,74663,53998,54750,86225,66964,95775,572442,131417,91336,0,0,0,0,0,0,0,0,0,0,0.0000,0.0000,0.0000,0.0000,0.0000,0.0000,0.4100,0.4200,0.0000,0.0000,0,0,0,0,0,0,0,1,0,0,0,0,0,0,0,0,1,1,0,0,0.1347,0.0910,0.1401,0.0604,0.0992,0.0254,0.0674,0.1185,0.0184,0.1509,0.000,0.000,0.000,0.000,0.000,0.000,0.000,0.158,0.000,0.000,semi-presidential,parliamentary,parliamentary,parliamentary,parliamentary,semi-presidential,semi-presidential,electoral-authoritarian,electoral-authoritarian,parliamentary,0.800,0.800,0.800,0.800,0.380,0.800,0.800,0.500,0.500,0.800,100.0,44.2,35.9,78.6,94.3,100.0,100.0,100.0,73.3,30.0
2029-11-01,1.1602,1.0746,0.9965,1.0328,0.9559,0.9861,1.0023,0.9927,1.0031,0.9985,0.9969,0.9971,1.2469,1.1058,1.0765,1.0328,0.9774,1.0354,1.0302,0.9941,1.0354,1.0008,0.9985,0.9971,3574.67,5470.35,4204.20,2704.07,2101.34,1240.88,195.38,2798.83,1958.07,566.29,1.1349,0.6209,1.0183,1.3465,0.9523,0.4201,1.2276,0.2572,0.1998,-0.2191,0.6393,0.7861,0.6818,0.6450,0.6237,0.7413,0.4728,0.6638,0.6644,0.8006,0.0145,0.0112,0.0134,0.0181,0.0186,0.0000,0.0557,0.0020,0.0127,0.0105,0.9786,0.9780,0.9897,0.9775,0.9791,1.0000,0.9752,1.0000,0.9726,1.0000,56.57,201.94,80.95,58.43,66.99,11.24,5.27,264.98,71.61,93.60,0.0000,0.0000,0.0000,0.0000,0.0000,0.0000,0.4583,0.0436,0.0000,0.0000,104304,74663,53998,54750,86225,66964,95775,572442,131417,91336,0,0,0,0,0,0,0,0,0,0,0.0000,0.0000,0.0000,0.0000,0.0000,0.0000,0.4200,0.4300,0.0000,0.0000,0,0,0,0,0,0,0,1,0,0,0,0,0,0,0,0,1,1,0,0,0.1329,0.0902,0.1382,0.0596,0.0978,0.0251,0.0674,0.1159,0.0180,0.1496,0.000,0.000,0.000,0.000,0.000,0.000,0.000,0.158,0.000,0.000,semi-presidential,parliamentary,parliamentary,parliamentary,parliamentary,semi-presidential,semi-presidential,electoral-authoritarian,electoral-authoritarian,parliamentary,0.800,0.800,0.800,0.800,0.390,0.800,0.800,0.500,0.500,0.800,100.0,47.6,38.9,81.6,97.3,100.0,100.0,100.0,76.3,33.5
2029-12-01,1.1480,1.0733,0.9978,1.0299,0.9534,0.9840,1.0030,0.9922,1.0033,0.9968,0.9943,0.9955,1.2334,1.1065,1.0757,1.0353,0.9748,1.0331,1.0238,0.9935,1.0164,0.9989,0.9959,0.9955,3571.29,5469.21,4198.81,2702.89,2100.70,1245.86,195.78,2799.66,1968.36,568.27,1.1361,0.6213,1.0197,1.3472,0.9557,0.4162,1.2251,0.2589,0.1980,-0.2344,0.6413,0.7622,0.6710,0.6073,0.6530,0.7481,0.5035,0.6481,0.6616,0.8136,0.0143,0.0113,0.0159,0.0180,0.0180,0.0000,0.0543,0.0012,0.0122,0.0096,0.9771,0.9767,0.9889,0.9759,0.9773,1.0000,0.9737,1.0000,0.9709,1.0000,56.59,201.96,81.28,58.45,67.02,11.23,5.22,265.79,72.07,93.45,0.0000,0.0000,0.0000,0.0000,0.0000,0.0000,0.4582,0.0438,0.0000,0.0000,104304,74663,53998,54750,86225,66964,95775,572442,131417,91336,0,0,0,0,0,0,0,0,0,0,0.0000,0.0000,0.0000,0.0000,0.0000,0.0000,0.4300,0.4400,0.0000,0.0000,0,0,0,0,0,0,0,1,0,0,0,0,0,0,0,0,1,1,0,0,0.1232,0.0844,0.1270,0.0541,0.0900,0.0231,0.0657,0.1147,0.0159,0.1494,0.000,0.000,0.000,0.000,0.000,0.000,0.000,0.159,0.000,0.000,semi-presidential,parliamentary,parliamentary,parliamentary,parliamentary,semi-presidential,semi-presidential,electoral-authoritarian,electoral-authoritarian,parliamentary,0.800,0.800,0.800,0.800,0.400,0.820,0.800,0.500,0.500,0.800,100.0,50.9,41.9,84.5,100.0,95.0,100.0,100.0,79.2,37.1
2030-01-01,1.1341,1.0718,0.9973,1.0308,0.9542,0.9830,1.0018,0.9919,1.0037,0.9966,0.9956,0.9929,1.2170,1.1047,1.0361,1.0466,0.9806,1.0322,1.0029,0.9932,1.0167,0.9984,1.0357,0.9929,3570.15,5492.16,4190.85,2707.32,2099.51,1250.14,195.46,2804.33,1980.33,569.89,1.1367,0.6189,1.0218,1.3451,0.9563,0.4126,1.2271,0.2603,0.1960,-0.2497,0.6270,0.7411,0.6391,0.6066,0.6502,0.7368,0.5197,0.6116,0.6541,0.7925,0.0121,0.0102,0.0144,0.0217,0.0168,0.0000,0.0531,0.0013,0.0106,0.0111,0.9772,0.9768,0.9890,0.9760,0.9775,1.0000,0.9757,1.0000,0.9710,1.0000,55.66,200.59,79.55,57.39,65.62,11.23,5.12,261.63,71.73,92.89,0.0000,0.0000,0.0000,0.0000,0.0000,0.0000,0.4582,0.0438,0.0000,0.0000,104304,74663,53998,54750,86225,66964,95775,572442,131417,91336,0,0,0,0,0,0,0,0,0,0,0.0000,0.0000,0.0000,0.0000,0.0000,0.0000,0.4400,0.4500,0.0000,0.0000,0,0,0,0,0,0,0,1,0,0,0,0,0,0,0,0,1,1,0,0,0.1177,0.0800,0.1200,0.0548,0.0854,0.0218,0.0698,0.1128,0.0146,0.1520,0.000,0.000,0.000,0.000,0.000,0.000,0.000,0.160,0.000,0.000,semi-presidential,parliamentary,parliamentary,parliamentary,parliamentary,semi-presidential,semi-presidential,electoral-authoritarian,electoral-authoritarian,parliamentary,0.800,0.800,0.800,0.800,0.410,0.810,0.800,0.500,0.500,0.800,100.0,54.0,44.7,87.3,100.0,98.1,100.0,100.0,82.1,40.5
2030-02-01,1.1189,1.0670,0.9978,1.0324,0.9526,0.9802,1.0010,0.9936,1.0054,0.9999,0.9966,0.9917,1.1993,1.0982,1.0391,1.0510,0.9743,1.0290,1.0021,1.0298,1.0417,1.0454,1.0245,0.9917,3569.60,5493.74,4194.85,2707.21,2097.71,1254.26,194.48,2808.41,1987.48,570.23,1.1370,0.6190,1.0210,1.3452,0.9573,0.4091,1.2334,0.2618,0.1945,-0.2655,0.6208,0.7695,0.6208,0.6139,0.6137,0.7244,0.5009,0.6176,0.6834,0.7729,0.0134,0.0102,0.0159,0.0232,0.0171,0.0000,0.0558,0.0028,0.0114,0.0123,0.9784,0.9778,0.9896,0.9772,0.9788,1.0000,0.9762,1.0000,0.9723,1.0000,54.57,200.71,79.45,56.31,64.46,11.45,5.04,255.36,70.86,92.41,0.0000,0.0000,0.0000,0.0000,0.0000,0.0000,0.4582,0.0439,0.0000,0.0000,104304,74663,53998,54750,86225,66964,95775,572442,131417,91336,0,0,0,0,0,0,0,0,0,0,0.0000,0.0000,0.0000,0.0000,0.0000,0.0000,0.4500,0.4600,0.0000,0.0000,0,0,0,0,0,0,0,1,0,0,0,0,0,0,0,0,1,1,0,0,0.1247,0.0836,0.1272,0.0579,0.0906,0.0220,0.0671,0.1099,0.0147,0.1508,0.000,0.000,0.000,0.000,0.000,0.000,0.000,0.161,0.000,0.000,semi-presidential,parliamentary,parliamentary,parliamentary,parliamentary,semi-presidential,semi-presidential,electoral-authoritarian,electoral-authoritarian,parliamentary,0.800,0.800,0.800,0.800,0.420,0.800,0.800,0.500,0.500,0.800,100.0,57.3,47.4,90.2,100.0,100.0,100.0,100.0,85.2,43.9
2030-03-01,1.1087,1.0597,0.9952,1.0355,0.9496,0.9799,1.0023,0.9934,1.0044,1.0019,0.9972,0.9922,1.1870,1.0878,1.0318,1.0582,0.9707,1.0272,1.0382,0.9946,1.0169,1.0416,1.0170,0.9924,3582.80,5513.64,4194.56,2712.04,2104.72,1260.76,193.90,2809.42,1997.34,571.15,1.1330,0.6170,1.0212,1.3429,0.9543,0.4050,1.2373,0.2637,0.1928,-0.2808,0.6180,0.7408,0.6290,0.6026,0.5874,0.7162,0.4534,0.6188,0.6837,0.7444,0.0117,0.0095,0.0136,0.0247,0.0150,0.0000,0.0550,0.0016,0.0098,0.0104,0.9806,0.9799,0.9906,0.9795,0.9812,1.0000,0.9765,1.0000,0.9750,1.0000,54.78,200.88,79.30,56.73,64.73,11.41,5.14,256.81,70.85,91.56,0.0000,0.0000,0.0000,0.0000,0.0000,0.0000,0.4560,0.0414,0.0000,0.0000,104304,74663,53998,54750,86225,66964,95775,572442,131417,91336,0,0,0,0,0,0,0,0,0,0,0.0000,0.0000,0.0000,0.0000,0.0000,0.0000,0.4600,0.4700,0.0000,0.0000,0,0,0,0,0,0,0,1,0,0,0,0,0,0,0,0,1,1,0,0,0.1322,0.0875,0.1362,0.0619,0.0966,0.0227,0.0655,0.1098,0.0158,0.1492,0.000,0.000,0.000,0.000,0.000,0.000,0.000,0.160,0.000,0.000,semi-presidential,parliamentary,parliamentary,parliamentary,parliamentary,semi-presidential,semi-presidential,electoral-authoritarian,electoral-authoritarian,parliamentary,0.800,0.800,0.800,0.800,0.430,0.800,0.800,0.500,0.500,0.800,100.0,60.5,50.2,93.0,100.0,100.0,100.0,100.0,88.2,47.1
2030-04-01,1.0968,1.0518,0.9961,1.0358,0.9504,0.9820,1.0052,0.9958,1.0023,1.0018,1.0006,0.9924,1.1736,1.0797,1.0500,1.0483,0.9768,1.0357,1.0628,1.0372,1.0147,1.0060,1.0806,0.9925,3588.08,5517.00,4203.22,2714.11,2112.50,1262.95,193.43,2811.33,2004.65,572.87,1.1315,0.6167,1.0272,1.3420,0.9509,0.4022,1.2404,0.2645,0.1913,-0.2956,0.6382,0.7484,0.6290,0.6092,0.6263,0.7452,0.4540,0.6065,0.6948,0.7364,0.0175,0.0100,0.0208,0.0210,0.0205,0.0001,0.0585,0.0022,0.0106,0.0180,0.9806,0.9799,0.9906,0.9796,0.9812,1.0000,0.9759,1.0000,0.9750,1.0000,54.28,201.31,80.85,55.33,64.69,11.59,5.22,254.14,70.17,91.14,0.0000,0.0000,0.0000,0.0000,0.0000,0.0000,0.4568,0.0416,0.0000,0.0000,104304,74663,53998,54750,86225,66964,95775,572442,131417,91336,0,0,0,0,0,0,0,0,0,0,0.0000,0.0000,0.0000,0.0000,0.0000,0.0000,0.4700,0.4800,0.0000,0.0000,0,0,0,0,0,0,0,1,0,0,0,0,0,0,0,0,1,1,0,0,0.1327,0.0882,0.1361,0.0623,0.0967,0.0233,0.0711,0.1108,0.0160,0.1475,0.000,0.000,0.000,0.000,0.000,0.000,0.000,0.160,0.000,0.000,semi-presidential,parliamentary,parliamentary,parliamentary,parliamentary,semi-presidential,semi-presidential,electoral-authoritarian,electoral-authoritarian,parliamentary,0.800,0.800,0.800,0.800,0.440,0.800,0.800,0.500,0.500,0.800,100.0,63.7,52.9,95.8,100.0,100.0,100.0,30.0,91.4,50.2
2030-05-01,1.0857,1.0421,0.9933,1.0335,0.9502,0.9828,1.0070,0.9968,1.0001,0.9997,1.0059,0.9918,1.1647,1.0701,1.0318,1.0383,0.9723,1.0312,1.0451,1.0129,1.0128,1.0030,1.1416,0.9918,3592.07,5528.32,4208.60,2723.27,2114.88,1265.48,193.13,2816.14,2014.51,573.77,1.1304,0.6153,1.0262,1.3376,0.9500,0.3993,1.2425,0.2651,0.1896,-0.3106,0.6372,0.7227,0.6403,0.6082,0.6398,0.7205,0.4606,0.5948,0.6943,0.7317,0.0163,0.0095,0.0193,0.0148,0.0183,0.0000,0.0587,0.0022,0.0103,0.0163,0.9804,0.9797,0.9905,0.9794,0.9812,1.0000,0.9756,1.0000,0.9747,1.0000,53.60,200.53,82.41,55.92,64.73,11.68,5.16,250.73,69.45,90.72,0.0000,0.0000,0.0000,0.0000,0.0000,0.0000,0.4584,0.0436,0.0000,0.0000,104304,74663,53998,54750,86225,66964,95775,572442,131417,91336,0,0,0,0,0,0,0,0,0,0,0.0000,0.0000,0.0000,0.0000,0.0000,0.0000,0.4800,0.4900,0.0000,0.0000,0,0,0,0,0,0,0,1,0,0,0,0,0,0,0,0,1,1,0,0,0.1274,0.0858,0.1315,0.0608,0.0928,0.0224,0.0724,0.1064,0.0148,0.1430,0.000,0.000,0.000,0.000,0.000,0.000,0.000,0.160,0.000,0.000,semi-presidential,parliamentary,parliamentary,parliamentary,parliamentary,semi-presidential,semi-presidential,electoral-authoritarian,electoral-authoritarian,parliamentary,0.800,0.800,0.800,0.800,0.450,0.800,0.800,0.500,0.500,0.800,100.0,66.7,55.7,98.7,100.0,100.0,100.0,32.5,94.5,53.3
2030-06-01,1.0752,1.0333,0.9923,1.0285,0.9545,0.9834,1.0044,0.9952,1.0000,0.9984,1.0109,0.9893,1.1542,1.0614,1.0311,1.0285,1.0006,1.0318,1.0056,0.9966,1.0127,1.0026,1.1355,0.9893,3597.01,5534.12,4200.35,2721.27,2115.43,1269.92,192.73,2818.58,2021.23,575.17,1.1290,0.6143,1.0285,1.3386,0.9498,0.3958,1.2453,0.2660,0.1882,-0.3252,0.6355,0.7282,0.6491,0.6377,0.6206,0.7162,0.4652,0.5980,0.7077,0.7172,0.0142,0.0096,0.0166,0.0192,0.0225,0.0000,0.0569,0.0018,0.0102,0.0214,0.9803,0.9795,0.9904,0.9792,0.9810,1.0000,0.9748,1.0000,0.9745,1.0000,53.39,199.63,81.37,55.56,64.42,11.38,5.16,250.88,69.66,89.89,0.0000,0.0000,0.0000,0.0000,0.0000,0.0000,0.4583,0.0437,0.0000,0.0000,104304,74663,53998,54750,86225,66964,95775,572442,131417,91336,0,0,0,0,0,0,0,0,0,0,0.0000,0.0000,0.0000,0.0000,0.0000,0.0000,0.4900,0.5000,0.0000,0.0000,0,0,0,0,0,0,0,1,0,0,0,0,0,0,0,0,1,1,0,0,0.1189,0.0785,0.1175,0.0537,0.0875,0.0197,0.0705,0.1079,0.0121,0.1401,0.000,0.000,0.000,0.000,0.000,0.000,0.000,0.158,0.000,0.000,semi-presidential,parliamentary,parliamentary,parliamentary,parliamentary,semi-presidential,semi-presidential,electoral-authoritarian,electoral-authoritarian,parliamentary,0.800,0.800,0.800,0.800,0.460,0.800,0.800,0.500,0.500,0.800,100.0,69.8,58.6,100.0,100.0,100.0,100.0,35.1,97.7,56.3
2030-07-01,1.0670,1.0251,0.9916,1.0275,0.9569,0.9828,1.0019,0.9939,1.0005,1.0013,1.0123,0.9890,1.1465,1.0527,1.0304,1.0329,0.9942,1.0311,1.0031,0.9952,1.0165,1.0389,1.0534,0.9890,3607.90,5543.05,4208.79,2727.51,2122.07,1272.58,192.36,2830.27,2035.53,574.87,1.1257,0.6132,1.0268,1.3356,0.9470,0.3929,1.2478,0.2661,0.1861,-0.3407,0.6368,0.7193,0.6245,0.6149,0.6165,0.7223,0.4560,0.5871,0.6964,0.7198,0.0117,0.0096,0.0157,0.0176,0.0190,0.0000,0.0563,0.0017,0.0103,0.0146,0.9804,0.9796,0.9904,0.9794,0.9812,1.0000,0.9741,1.0000,0.9747,1.0000,53.71,199.14,81.88,55.90,64.73,11.80,5.08,251.73,69.88,89.34,0.0000,0.0000,0.0000,0.0000,0.0000,0.0000,0.4584,0.0436,0.0000,0.0000,104304,74663,53998,54750,86225,66964,95775,572442,131417,91336,0,0,0,0,0,0,0,0,0,0,0.0000,0.0000,0.0000,0.0000,0.0000,0.0000,0.5000,0.5100,0.0000,0.0000,0,0,0,0,0,0,0,1,0,0,0,0,0,0,0,0,0,0,0,0,0.1340,0.0846,0.1377,0.0601,0.0983,0.0213,0.0724,0.1095,0.0170,0.1415,0.000,0.000,0.000,0.000,0.000,0.000,0.000,0.158,0.000,0.000,semi-presidential,parliamentary,parliamentary,parliamentary,parliamentary,semi-presidential,semi-presidential,electoral-authoritarian,electoral-authoritarian,parliamentary,0.800,0.800,0.800,0.800,0.470,0.800,0.800,0.500,0.500,0.820,100.0,72.8,61.3,100.0,100.0,100.0,100.0,37.5,100.0,54.3
2030-08-01,1.0600,1.0181,0.9967,1.0288,0.9594,0.9843,1.0006,0.9952,1.0006,1.0047,1.0111,0.9883,1.0600,1.0181,1.1569,1.0477,0.9764,0.9843,1.0006,1.0300,1.0006,1.0412,1.0111,0.9883,3621.31,5552.26,4213.78,2722.09,2127.01,1276.66,194.41,2833.64,2042.51,576.20,1.1216,0.6120,1.0259,1.3384,0.9448,0.3916,1.2359,0.2670,0.1847,-0.3551,0.6492,0.7159,0.6480,0.6358,0.6146,0.7092,0.4555,0.6236,0.6096,0.6928,0.0125,0.0059,0.0168,0.0211,0.0158,0.0000,0.0034,0.0006,0.0063,0.0099,1.0000,1.0000,1.0000,1.0000,1.0000,1.0000,1.0000,1.0000,1.0000,1.0000,55.91,203.75,81.39,56.57,66.09,11.87,9.29,263.76,71.52,89.59,0.0000,0.0000,0.0000,0.0000,0.0000,0.0000,0.0000,0.0000,0.0000,0.0000,104304,74663,53998,54750,86225,66964,95775,572442,131417,91336,0,0,0,0,0,0,0,0,0,0,0.0000,0.0000,0.0000,0.0000,0.0000,0.0000,0.4800,0.4900,0.0000,0.0000,0,0,0,0,0,0,0,1,0,0,0,0,0,0,0,0,0,0,0,0,0.1310,0.0831,0.1344,0.0574,0.0964,0.0210,0.0799,0.1145,0.0162,0.1440,0.000,0.000,0.000,0.000,0.000,0.000,0.000,0.158,0.000,0.000,semi-presidential,parliamentary,parliamentary,parliamentary,parliamentary,semi-presidential,semi-presidential,electoral-authoritarian,electoral-authoritarian,parliamentary,0.800,0.800,0.800,0.800,0.480,0.800,0.800,0.500,0.500,0.810,100.0,75.8,64.2,100.0,100.0,100.0,100.0,40.2,100.0,57.2
2030-09-01,1.0476,1.0121,1.0014,1.0277,0.9594,0.9835,1.0025,0.9961,0.9991,1.0087,1.0097,0.9899,1.0476,1.0121,1.1612,1.0321,0.9602,0.9835,1.0333,1.0032,0.9991,1.0214,1.0097,0.9903,3630.59,5562.10,4223.22,2733.03,2131.79,1280.73,195.95,2839.12,2053.43,577.52,1.1189,0.6108,1.0238,1.3332,0.9425,0.3887,1.2282,0.2677,0.1830,-0.3693,0.6590,0.7248,0.6518,0.6016,0.6141,0.7157,0.5890,0.6106,0.6842,0.7133,0.0120,0.0051,0.0146,0.0108,0.0117,0.0000,0.0021,0.0003,0.0062,0.0047,1.0000,1.0000,1.0000,1.0000,1.0000,1.0000,1.0000,1.0000,1.0000,1.0000,54.77,203.59,83.72,57.41,65.78,11.98,9.21,257.42,70.82,89.37,0.0000,0.0000,0.0000,0.0000,0.0000,0.0000,0.0000,0.0000,0.0000,0.0000,104304,74663,53998,54750,86225,66964,95775,572442,131417,91336,0,0,0,0,0,0,0,0,0,0,0.0000,0.0000,0.0000,0.0000,0.0000,0.0000,0.4600,0.4700,0.0000,0.0000,0,0,0,0,0,0,0,1,0,0,0,0,0,0,0,0,0,0,0,0,0.1368,0.0867,0.1407,0.0617,0.1007,0.0221,0.0812,0.1126,0.0176,0.1404,0.000,0.000,0.000,0.000,0.000,0.000,0.000,0.157,0.000,0.000,semi-presidential,parliamentary,parliamentary,parliamentary,parliamentary,semi-presidential,semi-presidential,electoral-authoritarian,electoral-authoritarian,parliamentary,0.800,0.800,0.800,0.800,0.490,0.800,0.800,0.500,0.500,0.800,100.0,78.9,67.1,100.0,100.0,100.0,100.0,42.8,100.0,60.2
2030-10-01,1.0382,1.0085,1.0042,1.0267,0.9600,0.9857,1.0029,0.9949,0.9983,1.0086,1.0087,0.9886,1.0382,1.0085,1.1118,1.0311,0.9658,1.0418,1.0139,0.9949,0.9983,1.0086,1.0087,0.9886,3644.10,5566.68,4222.62,2742.31,2135.53,1286.18,196.59,2844.59,2061.54,579.44,1.1148,0.6103,1.0240,1.3285,0.9406,0.3851,1.2270,0.2685,0.1815,-0.3831,0.6594,0.7363,0.6602,0.6305,0.6252,0.7183,0.6479,0.6024,0.6947,0.7232,0.0086,0.0046,0.0116,0.0092,0.0095,0.0007,0.0006,0.0001,0.0045,0.0036,1.0000,1.0000,1.0000,1.0000,1.0000,1.0000,1.0000,1.0000,1.0000,1.0000,55.26,203.77,83.67,57.88,66.32,11.81,9.37,261.59,71.90,88.86,0.0000,0.0000,0.0000,0.0000,0.0000,0.0000,0.0000,0.0000,0.0000,0.0000,104304,74663,53998,54750,86225,66964,95775,572442,131417,91336,0,0,0,0,0,0,0,0,0,0,0.0000,0.0000,0.0000,0.0000,0.0000,0.0000,0.4400,0.4500,0.0000,0.0000,0,0,0,0,0,0,0,1,0,0,0,0,0,0,0,0,0,0,0,0,0.1315,0.0820,0.1311,0.0570,0.0935,0.0206,0.0800,0.1125,0.0160,0.1393,0.000,0.000,0.000,0.000,0.000,0.000,0.000,0.158,0.000,0.000,semi-presidential,parliamentary,parliamentary,parliamentary,parliamentary,semi-presidential,semi-presidential,electoral-authoritarian,electoral-authoritarian,parliamentary,0.800,0.800,0.800,0.800,0.500,0.800,0.800,0.500,0.500,0.800,100.0,82.0,70.0,100.0,100.0,100.0,100.0,45.4,100.0,63.2
2030-11-01,1.0315,1.0061,1.0070,1.0228,0.9593,0.9869,1.0048,0.9931,0.9968,1.0058,1.0066,0.9874,1.0315,1.0061,1.1116,1.0228,0.9593,1.0172,1.0443,0.9931,0.9968,1.0058,1.0066,0.9874,3649.66,5589.48,4226.65,2749.97,2144.44,1291.46,197.18,2845.06,2070.38,580.83,1.1102,0.6078,1.0228,1.3248,0.9365,0.3816,1.2271,0.2699,0.1800,-0.3971,0.6685,0.7338,0.6527,0.6516,0.6307,0.7343,0.6433,0.5959,0.6960,0.7410,0.0088,0.0040,0.0088,0.0076,0.0081,0.0004,0.0014,0.0002,0.0043,0.0032,1.0000,1.0000,1.0000,1.0000,1.0000,1.0000,1.0000,1.0000,1.0000,1.0000,55.90,203.40,82.89,58.47,67.18,11.63,9.34,266.20,72.74,88.62,0.0000,0.0000,0.0000,0.0000,0.0000,0.0000,0.0000,0.0000,0.0000,0.0000,104304,74663,53998,54750,86225,66964,95775,572442,131417,91336,0,0,0,0,0,0,0,0,0,0,0.0000,0.0000,0.0000,0.0000,0.0000,0.0000,0.4200,0.4300,0.0000,0.0000,0,0,0,0,0,0,0,1,0,0,0,0,0,0,0,0,0,0,0,0,0.1296,0.0807,0.1303,0.0562,0.0920,0.0193,0.0779,0.1128,0.0150,0.1364,0.000,0.000,0.000,0.000,0.000,0.000,0.000,0.159,0.000,0.000,semi-presidential,parliamentary,parliamentary,parliamentary,parliamentary,semi-presidential,semi-presidential,electoral-authoritarian,electoral-authoritarian,parliamentary,0.800,0.800,0.800,0.800,0.510,0.800,0.800,0.500,0.500,0.800,100.0,85.1,72.9,100.0,100.0,100.0,100.0,47.9,100.0,66.3
2030-12-01,1.0260,1.0019,1.0083,1.0203,0.9595,0.9846,1.0041,0.9939,0.9972,1.0020,1.0051,0.9889,1.0260,1.0019,1.0601,1.0254,0.9611,0.9846,1.0041,1.0119,1.0091,1.0020,1.0051,0.9893,3670.15,5606.42,4235.62,2758.41,2152.08,1296.90,197.78,2844.15,2078.67,581.94,1.1038,0.6064,1.0204,1.3207,0.9331,0.3850,1.2281,0.2713,0.1785,-0.4112,0.6538,0.7622,0.6505,0.6609,0.6599,0.7414,0.6521,0.5916,0.6910,0.7467,0.0044,0.0017,0.0077,0.0039,0.0048,0.0000,0.0015,0.0006,0.0024,0.0030,1.0000,1.0000,1.0000,1.0000,1.0000,1.0000,1.0000,1.0000,1.0000,1.0000,55.83,204.41,83.64,58.31,67.32,11.71,9.33,266.14,72.91,88.42,0.0000,0.0000,0.0000,0.0000,0.0000,0.0000,0.0000,0.0000,0.0000,0.0000,104304,74663,53998,54750,86225,66964,95775,572442,131417,91336,0,0,0,0,0,0,0,0,0,0,0.0000,0.0000,0.0000,0.0000,0.0000,0.0000,0.4000,0.4100,0.0000,0.0000,0,0,0,0,0,0,0,1,0,0,0,0,0,0,0,0,0,0,0,0,0.1391,0.0856,0.1400,0.0609,0.0996,0.0210,0.0809,0.1147,0.0171,0.1368,0.000,0.000,0.000,0.000,0.000,0.000,0.000,0.157,0.000,0.000,semi-presidential,parliamentary,parliamentary,parliamentary,parliamentary,semi-presidential,semi-presidential,electoral-authoritarian,electoral-authoritarian,parliamentary,0.800,0.800,0.800,0.800,0.520,0.800,0.800,0.500,0.500,0.800,100.0,88.3,75.8,100.0,100.0,100.0,100.0,50.4,100.0,69.5
2031-01-01,1.0153,0.9971,1.0077,1.0172,0.9629,0.9830,1.0028,0.9953,0.9972,1.0009,1.0009,0.9898,1.0153,0.9971,1.0080,1.0226,0.9865,0.9830,1.0028,1.0248,0.9978,1.0009,1.0009,0.9900,3670.56,5614.50,4246.33,2756.94,2158.03,1300.45,198.54,2850.10,2088.07,582.24,1.1036,0.6129,1.0176,1.3214,0.9307,0.3820,1.2284,0.2722,0.1769,-0.4257,0.6639,0.7727,0.6615,0.6694,0.6758,0.7542,0.6466,0.5873,0.6719,0.7425,0.0015,0.0000,0.0074,0.0042,0.0064,0.0000,0.0016,0.0002,0.0001,0.0097,1.0000,1.0000,1.0000,1.0000,1.0000,1.0000,1.0000,1.0000,1.0000,1.0000,54.20,202.90,83.35,56.73,65.12,11.84,9.01,256.04,71.51,87.93,0.0000,0.0000,0.0000,0.0000,0.0000,0.0000,0.0000,0.0000,0.0000,0.0000,104304,74663,53998,54750,86225,66964,95775,572442,131417,91336,0,0,0,0,0,0,0,0,0,0,0.0000,0.0000,0.0000,0.0000,0.0000,0.0000,0.3800,0.3900,0.0000,0.0000,0,0,0,0,0,0,0,1,0,0,0,0,0,0,0,0,0,0,0,0,0.1403,0.0864,0.1406,0.0618,0.1002,0.0216,0.0815,0.1108,0.0176,0.1354,0.000,0.000,0.000,0.000,0.000,0.000,0.000,0.156,0.000,0.000,semi-presidential,parliamentary,parliamentary,parliamentary,parliamentary,semi-presidential,semi-presidential,electoral-authoritarian,electoral-authoritarian,parliamentary,0.800,0.800,0.800,0.800,0.530,0.800,0.800,0.500,0.500,0.800,100.0,90.9,78.7,100.0,100.0,100.0,100.0,52.9,100.0,72.6
2031-02-01,1.0080,0.9929,1.0123,1.0163,0.9691,0.9855,1.0021,0.9956,0.9975,0.9983,0.9962,0.9888,1.0080,0.9929,1.1716,1.0258,1.0056,1.0474,1.0021,1.0030,1.0059,0.9983,0.9962,0.9888,3676.13,5613.23,4255.46,2755.82,2165.21,1305.34,198.87,2861.15,2092.72,583.24,1.1020,0.6135,1.0154,1.3220,0.9278,0.3787,1.2317,0.2727,0.1758,-0.4397,0.6453,0.7643,0.6829,0.6442,0.6721,0.7464,0.6539,0.5975,0.6632,0.7220,0.0121,0.0063,0.0191,0.0206,0.0199,0.0008,0.0009,0.0004,0.0068,0.0157,1.0000,1.0000,1.0000,1.0000,1.0000,1.0000,1.0000,1.0000,1.0000,1.0000,54.68,203.93,83.07,56.13,65.89,11.75,9.10,258.80,71.71,87.36,0.0000,0.0000,0.0000,0.0000,0.0000,0.0000,0.0000,0.0000,0.0000,0.0000,104304,74663,53998,54750,86225,66964,95775,572442,131417,91336,0,0,0,0,0,0,0,0,0,0,0.0000,0.0000,0.0000,0.0000,0.0000,0.0000,0.3600,0.3700,0.0000,0.0000,0,0,0,0,0,0,0,1,0,0,0,0,0,0,0,0,0,0,0,0,0.1339,0.0831,0.1329,0.0575,0.0950,0.0210,0.0811,0.1120,0.0162,0.1367,0.000,0.000,0.000,0.000,0.000,0.000,0.000,0.157,0.000,0.000,semi-presidential,parliamentary,parliamentary,parliamentary,parliamentary,semi-presidential,semi-presidential,electoral-authoritarian,electoral-authoritarian,parliamentary,0.800,0.800,0.800,0.800,0.540,0.800,0.800,0.500,0.500,0.800,100.0,93.4,81.8,100.0,100.0,100.0,100.0,55.4,100.0,75.7
2031-03-01,1.0021,0.9886,1.0169,1.0118,0.9761,0.9879,1.0002,0.9974,0.9991,0.9968,0.9919,0.9887,1.0021,0.9886,1.1881,1.0118,1.0202,1.0542,1.0002,1.0333,1.0303,0.9968,0.9919,0.9887,3679.91,5620.36,4269.05,2759.81,2171.69,1312.64,198.69,2865.51,2104.23,582.60,1.1009,0.6131,1.0122,1.3202,0.9253,0.3746,1.2385,0.2738,0.1740,-0.4548,0.6413,0.7382,0.6826,0.6189,0.6754,0.7390,0.6340,0.6155,0.6525,0.7109,0.0143,0.0068,0.0196,0.0207,0.0239,0.0009,0.0031,0.0015,0.0081,0.0212,1.0000,1.0000,1.0000,1.0000,1.0000,1.0000,1.0000,1.0000,1.0000,1.0000,54.86,204.53,84.59,58.02,66.57,11.88,9.23,259.27,71.85,87.40,0.0000,0.0000,0.0000,0.0000,0.0000,0.0000,0.0000,0.0000,0.0000,0.0000,104304,74663,53998,54750,86225,66964,95775,572442,131417,91336,0,0,0,0,0,0,0,0,0,0,0.0000,0.0000,0.0000,0.0000,0.0000,0.0000,0.3400,0.3500,0.0000,0.0000,0,0,0,0,0,0,0,1,0,0,0,0,0,0,0,0,0,0,0,0,0.1386,0.0859,0.1393,0.0613,0.1031,0.0211,0.0820,0.1114,0.0168,0.1332,0.000,0.000,0.000,0.000,0.000,0.000,0.000,0.157,0.000,0.000,semi-presidential,parliamentary,parliamentary,parliamentary,parliamentary,semi-presidential,semi-presidential,electoral-authoritarian,electoral-authoritarian,parliamentary,0.800,0.800,0.800,0.800,0.530,0.800,0.800,0.500,0.500,0.800,100.0,95.8,84.8,100.0,100.0,100.0,100.0,58.1,100.0,78.6
2031-04-01,0.9963,0.9817,1.0209,1.0117,0.9842,0.9928,0.9987,0.9991,1.0004,0.9955,0.9845,0.9894,0.9963,0.9817,1.1563,1.0229,1.0284,1.1143,0.9987,1.0383,1.0333,0.9955,0.9845,0.9896,3685.39,5620.16,4278.19,2761.57,2182.75,1314.96,199.39,2879.12,2111.01,582.89,1.0994,0.6135,1.0102,1.3194,0.9208,0.3721,1.2401,0.2741,0.1727,-0.4691,0.6375,0.7329,0.6928,0.6242,0.6691,0.7597,0.6031,0.6052,0.6603,0.6842,0.0131,0.0069,0.0219,0.0223,0.0223,0.0016,0.0033,0.0015,0.0071,0.0210,1.0000,1.0000,1.0000,1.0000,1.0000,1.0000,1.0000,1.0000,1.0000,1.0000,55.16,205.57,85.07,56.86,66.54,12.16,9.25,260.49,72.12,86.64,0.0000,0.0000,0.0000,0.0000,0.0000,0.0000,0.0000,0.0000,0.0000,0.0000,104304,74663,53998,54750,86225,66964,95775,572442,131417,91336,0,0,0,0,0,0,0,0,0,0,0.0000,0.0000,0.0000,0.0000,0.0000,0.0000,0.3200,0.3300,0.0000,0.0000,0,0,0,0,0,0,0,1,0,0,0,0,0,0,0,0,0,0,0,0,0.1412,0.0869,0.1404,0.0613,0.1045,0.0225,0.0833,0.1131,0.0176,0.1353,0.000,0.000,0.000,0.000,0.000,0.000,0.000,0.157,0.000,0.000,semi-presidential,parliamentary,parliamentary,parliamentary,parliamentary,semi-presidential,semi-presidential,electoral-authoritarian,electoral-authoritarian,parliamentary,0.800,0.800,0.800,0.800,0.540,0.800,0.800,0.500,0.500,0.800,100.0,98.2,88.0,100.0,100.0,100.0,100.0,60.7,100.0,81.5
2031-05-01,0.9949,0.9795,1.0185,1.0133,0.9891,0.9975,0.9984,1.0015,1.0026,0.9946,0.9815,0.9898,0.9949,0.9795,1.0185,1.0297,1.0199,1.1170,0.9984,1.0557,1.0516,0.9946,0.9815,0.9899,3694.75,5640.30,4296.28,2767.52,2191.80,1316.56,199.72,2889.19,2118.79,583.60,1.0967,0.6117,1.0060,1.3166,0.9173,0.3697,1.2443,0.2747,0.1713,-0.4831,0.6393,0.7201,0.6819,0.6197,0.6840,0.7333,0.6286,0.6359,0.6600,0.6825,0.0048,0.0027,0.0127,0.0141,0.0114,0.0015,0.0046,0.0023,0.0026,0.0154,1.0000,1.0000,1.0000,1.0000,1.0000,1.0000,1.0000,1.0000,1.0000,1.0000,57.28,209.43,86.20,57.83,69.21,12.44,9.63,273.76,74.91,86.57,0.0000,0.0000,0.0000,0.0000,0.0000,0.0000,0.0000,0.0000,0.0000,0.0000,104304,74663,53998,54750,86225,66964,95775,572442,131417,91336,0,0,0,0,0,0,0,0,0,0,0.0000,0.0000,0.0000,0.0000,0.0000,0.0000,0.3000,0.3100,0.0000,0.0000,0,0,0,0,0,0,0,1,0,0,0,0,0,0,0,0,0,0,0,0,0.1415,0.0871,0.1404,0.0609,0.1050,0.0230,0.0842,0.1168,0.0187,0.1357,0.000,0.000,0.000,0.000,0.000,0.000,0.000,0.156,0.000,0.000,semi-presidential,parliamentary,parliamentary,parliamentary,parliamentary,semi-presidential,semi-presidential,electoral-authoritarian,electoral-authoritarian,parliamentary,0.800,0.800,0.800,0.800,0.550,0.800,0.800,0.500,0.500,0.800,100.0,100.0,91.0,100.0,100.0,100.0,100.0,63.4,100.0,84.3
2031-06-01,0.9933,0.9830,1.0154,1.0157,0.9898,0.9989,0.9980,1.0011,1.0016,0.9946,0.9791,0.9899,0.9933,1.0705,1.0155,1.0469,0.9960,1.0344,0.9989,1.0041,1.0016,0.9996,0.9791,0.9900,3717.94,5652.65,4309.57,2771.81,2199.53,1321.07,200.05,2894.55,2124.99,584.64,1.0900,0.6108,1.0029,1.3146,0.9143,0.3665,1.2486,0.2757,0.1701,-0.4968,0.6494,0.7465,0.7058,0.6354,0.6979,0.7140,0.6282,0.6437,0.6680,0.6924,0.0116,0.0116,0.0123,0.0225,0.0126,0.0083,0.0019,0.0000,0.0084,0.0019,0.9229,0.9295,0.9601,0.9337,0.9246,0.9439,0.9879,1.0000,0.9419,1.0000,57.37,208.66,85.44,57.89,69.18,12.48,9.64,274.59,75.14,86.45,0.0000,0.0000,0.0000,0.0000,0.0000,0.0000,0.0000,0.0000,0.0000,0.0000,104304,74663,53998,54750,86225,66964,95775,572442,131417,91336,0,0,0,0,0,0,0,0,0,0,0.0000,0.0000,0.0000,0.0000,0.0000,0.0000,0.2800,0.2900,0.0000,0.0000,0,0,0,0,0,0,0,1,0,0,0,0,0,0,0,0,0,0,0,0,0.1411,0.0871,0.1407,0.0603,0.1050,0.0229,0.0844,0.1170,0.0186,0.1358,0.000,0.000,0.000,0.000,0.000,0.000,0.000,0.156,0.000,0.000,semi-presidential,parliamentary,parliamentary,parliamentary,parliamentary,semi-presidential,semi-presidential,electoral-authoritarian,electoral-authoritarian,parliamentary,0.800,0.800,0.800,0.800,0.560,0.800,0.800,0.500,0.500,0.800,100.0,100.0,94.2,100.0,100.0,100.0,100.0,66.3,100.0,87.1
2031-07-01,0.9911,0.9841,1.0120,1.0175,0.9897,1.0000,0.9974,1.0007,1.0040,0.9937,0.9799,0.9904,0.9911,1.0122,1.0121,1.0363,0.9897,1.0285,0.9974,1.0007,1.0442,0.9937,0.9933,0.9906,3742.06,5662.80,4319.28,2783.61,2211.24,1326.34,200.59,2903.49,2137.27,585.19,1.0830,0.6101,1.0007,1.3090,0.9097,0.3631,1.2518,0.2764,0.1683,-0.5098,0.6634,0.7457,0.7134,0.6381,0.6936,0.7214,0.6339,0.6582,0.6735,0.7079,0.0044,0.0045,0.0069,0.0107,0.0046,0.0033,0.0021,0.0016,0.0040,0.0018,0.9749,0.9741,0.9882,0.9787,0.9794,0.9787,1.0000,1.0000,0.9832,1.0000,57.44,210.26,85.81,57.61,69.24,12.69,9.38,273.83,75.57,87.46,0.0000,0.0000,0.0000,0.0000,0.0000,0.0000,0.0000,0.0000,0.0000,0.0000,104304,74663,53998,54750,86225,66964,95775,572442,131417,91336,0,0,0,0,0,0,0,0,0,0,0.0000,0.0000,0.0000,0.0000,0.0000,0.0000,0.2600,0.2700,0.0000,0.0000,0,0,0,0,0,0,0,1,0,0,0,0,0,0,0,0,0,0,0,0,0.1415,0.0878,0.1412,0.0609,0.1054,0.0233,0.0845,0.1162,0.0190,0.1358,0.000,0.000,0.000,0.000,0.000,0.000,0.000,0.156,0.000,0.000,semi-presidential,parliamentary,parliamentary,parliamentary,parliamentary,semi-presidential,semi-presidential,electoral-authoritarian,electoral-authoritarian,parliamentary,0.800,0.800,0.800,0.800,0.570,0.800,0.800,0.500,0.500,0.800,100.0,100.0,97.5,100.0,100.0,100.0,100.0,69.2,100.0,90.1
2031-08-01,0.9854,0.9845,1.0099,1.0170,0.9893,0.9997,0.9972,1.0008,1.0052,0.9918,0.9801,0.9902,0.9854,0.9966,1.0102,1.0251,0.9893,0.9997,0.9972,1.0008,1.0226,0.9918,0.9801,0.9902,3752.23,5671.20,4332.73,2789.93,2223.70,1332.05,201.26,2915.78,2149.44,585.42,1.0800,0.6096,0.9977,1.3060,0.9049,0.3597,1.2543,0.2768,0.1666,-0.5241,0.6779,0.7448,0.7075,0.6691,0.7144,0.7367,0.6378,0.6625,0.7082,0.6881,0.0015,0.0016,0.0043,0.0028,0.0017,0.0013,0.0008,0.0007,0.0016,0.0005,0.9893,0.9889,0.9950,0.9909,0.9913,0.9909,1.0000,1.0000,0.9928,1.0000,56.43,209.67,87.28,58.80,68.45,12.74,9.27,267.07,74.88,87.60,0.0000,0.0000,0.0000,0.0000,0.0000,0.0000,0.0000,0.0000,0.0000,0.0000,104304,74663,53998,54750,86225,66964,95775,572442,131417,91336,0,0,0,0,0,0,0,0,0,0,0.0000,0.0000,0.0000,0.0000,0.0000,0.0000,0.2400,0.2500,0.0000,0.0000,0,0,0,0,0,0,0,1,0,0,0,0,0,0,0,0,0,0,0,0,0.1401,0.0869,0.1387,0.0654,0.1035,0.0228,0.0835,0.1128,0.0183,0.1343,0.000,0.000,0.000,0.000,0.000,0.000,0.000,0.156,0.000,0.000,semi-presidential,parliamentary,parliamentary,parliamentary,parliamentary,semi-presidential,semi-presidential,electoral-authoritarian,electoral-authoritarian,parliamentary,0.800,0.800,0.800,0.800,0.580,0.800,0.800,0.500,0.500,0.800,100.0,100.0,100.0,100.0,100.0,100.0,100.0,72.1,100.0,92.9
2031-09-01,0.9819,0.9831,1.0046,1.0146,0.9901,1.0001,0.9989,1.0002,1.0056,0.9901,0.9782,0.9910,0.9819,0.9831,1.0048,1.0203,0.9971,1.0095,1.0360,1.0002,1.0131,0.9901,0.9782,0.9912,3755.84,5684.13,4334.03,2807.97,2230.28,1335.86,201.39,2917.38,2157.38,584.25,1.0790,0.6086,0.9975,1.2977,0.9026,0.3567,1.2601,0.2782,0.1653,-0.5397,0.6763,0.7477,0.7110,0.6600,0.7206,0.7465,0.6557,0.6771,0.7186,0.6846,0.0013,0.0002,0.0056,0.0014,0.0028,0.0001,0.0015,0.0005,0.0004,0.0040,1.0000,1.0000,1.0000,1.0000,1.0000,1.0000,1.0000,1.0000,1.0000,1.0000,57.20,210.62,87.95,59.84,69.61,12.68,9.38,271.63,75.62,87.42,0.0000,0.0000,0.0000,0.0000,0.0000,0.0000,0.0000,0.0000,0.0000,0.0000,104304,74663,53998,54750,86225,66964,95775,572442,131417,91336,0,0,0,0,0,0,0,0,0,0,0.0000,0.0000,0.0000,0.0000,0.0000,0.0000,0.2200,0.2300,0.0000,0.0000,0,0,0,0,0,0,0,1,0,0,0,0,0,0,0,0,0,0,0,0,0.1420,0.0882,0.1419,0.0668,0.1055,0.0233,0.0848,0.1135,0.0187,0.1327,0.000,0.000,0.000,0.000,0.000,0.000,0.000,0.156,0.000,0.000,semi-presidential,parliamentary,parliamentary,parliamentary,parliamentary,semi-presidential,semi-presidential,electoral-authoritarian,electoral-authoritarian,parliamentary,0.800,0.800,0.800,0.800,0.590,0.800,0.800,0.500,0.500,0.800,100.0,100.0,100.0,100.0,100.0,100.0,100.0,75.1,100.0,95.7
2031-10-01,0.9784,0.9827,1.0007,1.0118,0.9897,0.9989,1.0013,1.0029,1.0065,0.9868,0.9783,0.9921,0.9784,0.9827,1.0009,1.0177,0.9897,0.9989,1.0595,1.0568,1.0247,0.9868,0.9809,0.9924,3774.92,5709.35,4341.72,2816.44,2237.45,1342.29,202.06,2928.43,2168.67,584.74,1.0736,0.6061,0.9958,1.2938,0.9000,0.3529,1.2624,0.2787,0.1637,-0.5537,0.6652,0.7409,0.6970,0.6960,0.7103,0.7279,0.6402,0.6474,0.6998,0.6656,0.0045,0.0000,0.0092,0.0002,0.0035,0.0000,0.0052,0.0013,0.0009,0.0074,1.0000,1.0000,1.0000,1.0000,1.0000,1.0000,1.0000,1.0000,1.0000,1.0000,57.05,212.09,89.29,60.44,69.96,13.00,9.43,271.18,75.71,87.30,0.0000,0.0000,0.0000,0.0000,0.0000,0.0000,0.0000,0.0000,0.0000,0.0000,104304,74663,53998,54750,86225,66964,95775,572442,131417,91336,0,0,0,0,0,0,0,0,0,0,0.0000,0.0000,0.0000,0.0000,0.0000,0.0000,0.2000,0.2100,0.0000,0.0000,0,0,0,0,0,0,0,1,0,0,0,0,0,0,0,0,0,0,0,0,0.1421,0.0891,0.1427,0.0681,0.1062,0.0241,0.0846,0.1136,0.0193,0.1316,0.000,0.000,0.000,0.000,0.000,0.000,0.000,0.155,0.000,0.000,semi-presidential,parliamentary,parliamentary,parliamentary,parliamentary,semi-presidential,semi-presidential,electoral-authoritarian,electoral-authoritarian,parliamentary,0.800,0.800,0.800,0.800,0.600,0.800,0.800,0.500,0.500,0.800,100.0,100.0,100.0,100.0,100.0,100.0,100.0,77.9,100.0,98.4
2031-11-01,0.9790,0.9835,0.9997,1.0097,0.9924,0.9948,1.0030,1.0035,1.0064,0.9848,0.9815,0.9928,0.9966,1.0043,1.0001,1.0166,1.0110,0.9948,1.0416,1.0171,1.0064,0.9848,1.0653,0.9930,3796.42,5721.48,4342.56,2826.21,2249.06,1347.98,202.96,2941.14,2180.21,585.19,1.0675,0.6048,0.9957,1.2894,0.8956,0.3495,1.2630,0.2791,0.1620,-0.5677,0.6780,0.7603,0.6897,0.7015,0.6921,0.7457,0.6504,0.6703,0.7058,0.6774,0.0082,0.0037,0.0131,0.0063,0.0105,0.0031,0.0132,0.0007,0.0025,0.0128,0.9816,0.9808,0.9913,0.9844,0.9851,0.9841,1.0000,1.0000,0.9876,1.0000,58.90,214.77,90.95,61.87,72.26,13.62,9.65,280.40,77.37,87.54,0.0000,0.0000,0.0000,0.0000,0.0000,0.0000,0.0000,0.0000,0.0000,0.0000,104304,74663,53998,54750,86225,66964,95775,572442,131417,91336,0,0,0,0,0,0,0,0,0,0,0.0000,0.0000,0.0000,0.0000,0.0000,0.0000,0.1800,0.1900,0.0000,0.0000,0,0,0,0,0,0,0,1,0,0,0,0,0,0,0,0,0,0,0,0,0.1430,0.0899,0.1434,0.0686,0.1066,0.0252,0.0857,0.1182,0.0198,0.1322,0.000,0.000,0.000,0.000,0.000,0.000,0.000,0.155,0.000,0.000,semi-presidential,parliamentary,parliamentary,parliamentary,parliamentary,semi-presidential,semi-presidential,electoral-authoritarian,electoral-authoritarian,parliamentary,0.800,0.800,0.800,0.800,0.610,0.800,0.800,0.500,0.500,0.800,100.0,100.0,100.0,100.0,100.0,100.0,100.0,80.9,100.0,100.0
2031-12-01,0.9812,0.9814,0.9979,1.0068,0.9955,0.9922,1.0047,1.0033,1.0071,0.9825,0.9874,0.9936,1.0620,0.9814,0.9984,1.0135,1.0163,0.9922,1.0425,1.0033,1.0207,0.9825,1.1425,0.9938,3795.24,5745.39,4354.30,2825.68,2258.45,1350.41,203.16,2944.65,2184.90,585.10,1.0680,0.6023,0.9930,1.2897,0.8922,0.3468,1.2678,0.2803,0.1609,-0.5822,0.6842,0.7474,0.6680,0.7012,0.7029,0.7455,0.6670,0.6934,0.7127,0.6723,0.0113,0.0048,0.0161,0.0079,0.0144,0.0040,0.0374,0.0014,0.0033,0.0163,1.0000,1.0000,1.0000,1.0000,1.0000,1.0000,1.0000,1.0000,1.0000,1.0000,58.47,214.30,90.60,61.44,71.88,13.66,9.69,277.92,77.19,87.07,0.0000,0.0000,0.0000,0.0000,0.0000,0.0000,0.0000,0.0000,0.0000,0.0000,104304,74663,53998,54750,86225,66964,95775,572442,131417,91336,0,0,0,0,0,0,0,0,0,0,0.0000,0.0000,0.0000,0.0000,0.0000,0.0000,0.1600,0.1700,0.0000,0.0000,0,0,0,0,0,0,0,1,0,0,0,0,0,0,0,0,0,0,0,0,0.1439,0.0904,0.1437,0.0695,0.1072,0.0257,0.0865,0.1185,0.0202,0.1315,0.000,0.000,0.000,0.000,0.000,0.000,0.000,0.155,0.000,0.000,semi-presidential,parliamentary,parliamentary,parliamentary,parliamentary,semi-presidential,semi-presidential,electoral-authoritarian,electoral-authoritarian,parliamentary,0.800,0.800,0.800,0.840,0.620,0.800,0.800,0.500,0.500,0.800,100.0,100.0,100.0,90.0,100.0,100.0,100.0,84.0,100.0,100.0
2032-01-01,0.9836,0.9819,0.9991,1.0051,0.9949,0.9899,1.0055,1.0052,1.0087,0.9817,0.9893,0.9946,1.0676,0.9942,1.0466,1.0123,0.9949,0.9899,1.0257,1.0424,1.0394,0.9817,1.0380,0.9949,3813.11,5738.47,4368.67,2810.54,2265.25,1356.99,203.67,2950.99,2193.26,584.33,1.0631,0.6031,0.9899,1.2898,0.8897,0.3432,1.2705,0.2813,0.1596,-0.5975,0.6576,0.7634,0.6820,0.6561,0.6897,0.7232,0.6279,0.6809,0.6742,0.6694,0.0143,0.0082,0.0160,0.0092,0.0134,0.0055,0.0362,0.0017,0.0068,0.0076,0.9891,0.9885,0.9949,0.9907,0.9913,0.9905,1.0000,1.0000,0.9926,1.0000,58.64,216.60,92.41,61.94,72.77,13.98,9.84,278.75,77.54,87.40,0.0000,0.0000,0.0000,0.0000,0.0000,0.0000,0.0000,0.0000,0.0000,0.0000,104304,74663,53998,54750,86225,66964,95775,572442,131417,91336,0,0,0,0,0,0,0,0,0,0,0.0000,0.0000,0.0000,0.0000,0.0000,0.0000,0.1400,0.1500,0.0000,0.0000,0,0,0,0,0,0,0,1,0,0,0,0,0,0,0,0,0,0,0,0,0.1449,0.0919,0.1445,0.0707,0.1083,0.0266,0.0862,0.1201,0.0210,0.1329,0.000,0.000,0.000,0.000,0.000,0.000,0.000,0.155,0.000,0.000,semi-presidential,parliamentary,parliamentary,parliamentary,parliamentary,semi-presidential,semi-presidential,electoral-authoritarian,electoral-authoritarian,parliamentary,0.800,0.800,0.800,0.093,0.630,0.800,0.800,0.540,0.500,0.800,100.0,100.0,100.0,93.0,100.0,100.0,100.0,77.0,100.0,100.0
2032-02-01,0.9882,0.9817,0.9972,1.0040,0.9972,0.9883,1.0053,1.0066,1.0110,0.9820,0.9888,0.9956,1.1459,0.9817,0.9976,1.0111,1.0136,0.9883,1.0053,1.0325,1.0558,0.9876,0.9888,0.9959,3825.68,5756.00,4384.48,2819.78,2270.72,1358.29,203.62,2956.29,2196.73,585.01,1.0598,0.6014,0.9864,1.2863,0.8874,0.3408,1.2765,0.2824,0.1585,-0.6113,0.6697,0.7366,0.6900,0.4028,0.6895,0.7335,0.6352,0.6773,0.6784,0.6603,0.0123,0.0099,0.0134,0.0118,0.0167,0.0083,0.0360,0.0019,0.0070,0.0086,1.0000,1.0000,1.0000,1.0000,1.0000,1.0000,1.0000,1.0000,1.0000,1.0000,57.80,215.59,92.44,61.38,71.69,14.10,9.77,274.35,77.52,86.53,0.0000,0.0000,0.0000,0.0000,0.0000,0.0000,0.0000,0.0000,0.0000,0.0000,104304,74663,53998,54750,86225,66964,95775,572442,131417,91336,0,0,0,0,0,0,0,0,0,0,0.0000,0.0000,0.0000,0.0000,0.0000,0.0000,0.1200,0.1300,0.0000,0.0000,0,0,0,0,0,0,0,1,0,0,0,0,0,0,0,0,0,0,0,0,0.1460,0.0925,0.1453,0.0716,0.1092,0.0275,0.0880,0.1208,0.0218,0.1332,0.000,0.000,0.000,0.000,0.000,0.000,0.000,0.155,0.000,0.000,semi-presidential,parliamentary,parliamentary,parliamentary,parliamentary,semi-presidential,semi-presidential,electoral-authoritarian,electoral-authoritarian,parliamentary,0.800,0.800,0.800,0.103,0.640,0.800,0.800,0.530,0.500,0.800,100.0,100.0,100.0,95.2,100.0,100.0,100.0,80.0,100.0,100.0
2032-03-01,0.9910,0.9811,0.9961,1.0032,0.9983,0.9889,1.0043,1.0065,1.0089,0.9817,0.9890,0.9962,1.0989,0.9811,0.9965,1.0116,1.0081,1.0063,1.0043,1.0065,1.0089,0.9817,0.9953,0.9963,3853.08,5774.13,4404.00,2826.66,2275.22,1365.61,203.74,2961.88,2206.71,585.45,1.0524,0.5996,0.9818,1.2836,0.8856,0.3371,1.2812,0.2834,0.1571,-0.6253,0.6728,0.7435,0.7015,0.4705,0.6725,0.7106,0.6155,0.6559,0.6631,0.6758,0.0078,0.0070,0.0092,0.0084,0.0098,0.0057,0.0318,0.0000,0.0036,0.0032,1.0000,1.0000,1.0000,1.0000,1.0000,1.0000,1.0000,1.0000,1.0000,1.0000,59.22,217.09,93.12,62.03,72.82,14.15,9.81,279.51,77.75,87.42,0.0000,0.0000,0.0000,0.0000,0.0000,0.0000,0.0000,0.0000,0.0000,0.0000,104304,74663,53998,54750,86225,66964,95775,572442,131417,91336,0,0,0,0,0,0,0,0,0,0,0.0000,0.0000,0.0000,0.0000,0.0000,0.0000,0.1000,0.1100,0.0000,0.0000,0,0,0,0,0,0,0,1,0,0,0,0,0,0,0,0,0,0,0,0,0.1462,0.0928,0.1456,0.0779,0.1162,0.0278,0.0884,0.1221,0.0222,0.1339,0.000,0.000,0.000,0.000,0.000,0.000,0.000,0.154,0.000,0.000,semi-presidential,parliamentary,parliamentary,parliamentary,parliamentary,semi-presidential,semi-presidential,electoral-authoritarian,electoral-authoritarian,parliamentary,0.800,0.800,0.800,0.113,0.650,0.800,0.800,0.520,0.500,0.800,100.0,100.0,100.0,97.8,100.0,100.0,100.0,82.9,100.0,100.0
2032-04-01,0.9923,0.9847,0.9980,1.0027,0.9998,0.9895,1.0024,1.0074,1.0050,0.9811,0.9876,0.9976,1.0361,1.0749,1.0727,1.0260,1.0116,1.0025,1.0024,1.0363,1.0050,0.9811,0.9876,0.9978,3872.72,5794.38,4418.03,2836.97,2286.46,1371.36,204.45,2974.68,2218.17,585.70,1.0471,0.6015,0.9786,1.2793,0.8812,0.3338,1.2819,0.2837,0.1555,-0.6396,0.6839,0.7563,0.7176,0.5043,0.6481,0.7356,0.6069,0.6658,0.6874,0.6958,0.0209,0.0164,0.0207,0.0255,0.0225,0.0104,0.0332,0.0002,0.0113,0.0069,0.9170,0.9237,0.9608,0.9307,0.9208,0.9405,0.9877,1.0000,0.9493,1.0000,60.58,217.14,91.90,60.62,73.33,14.29,9.72,284.83,78.14,88.20,0.0000,0.0000,0.0000,0.0000,0.0000,0.0000,0.0000,0.0000,0.0000,0.0000,104304,74663,53998,54750,86225,66964,95775,572442,131417,91336,0,0,0,0,0,0,0,0,0,0,0.0000,0.0000,0.0000,0.0000,0.0000,0.0000,0.0800,0.0900,0.0000,0.0000,0,0,0,0,0,0,0,1,0,0,0,0,0,0,0,0,0,0,0,0,0.1475,0.0933,0.1469,0.0773,0.1169,0.0286,0.0892,0.1239,0.0229,0.1355,0.000,0.000,0.000,0.000,0.000,0.000,0.000,0.153,0.000,0.000,semi-presidential,parliamentary,parliamentary,parliamentary,parliamentary,semi-presidential,semi-presidential,electoral-authoritarian,electoral-authoritarian,parliamentary,0.800,0.800,0.800,0.123,0.660,0.800,0.800,0.510,0.500,0.800,100.0,95.0,100.0,100.0,100.0,100.0,100.0,85.8,100.0,100.0
2032-05-01,0.9949,0.9860,1.0003,1.0054,1.0003,0.9868,1.0020,1.0091,1.0054,0.9796,0.9876,0.9999,1.0907,1.0175,1.0891,1.0325,1.0050,0.9868,1.0020,1.0453,1.0162,0.9796,0.9905,1.0004,3887.56,5813.05,4444.65,2846.77,2295.67,1379.88,205.46,2986.07,2230.11,587.93,1.0432,0.5997,0.9728,1.2752,0.8777,0.3299,1.2804,0.2841,0.1539,-0.6517,0.6851,0.7732,0.6936,0.5529,0.6834,0.7327,0.6236,0.6806,0.6877,0.6917,0.0182,0.0136,0.0183,0.0246,0.0182,0.0081,0.0338,0.0006,0.0095,0.0060,0.9719,0.9715,0.9868,0.9763,0.9763,0.9767,0.9988,1.0000,0.9816,1.0000,60.05,216.77,90.72,59.21,72.49,14.50,9.72,281.89,77.92,87.59,0.0000,0.0000,0.0000,0.0000,0.0000,0.0000,0.0000,0.0000,0.0000,0.0000,104304,74663,53998,54750,86225,66964,95775,572442,131417,91336,0,0,0,0,0,0,0,0,0,0,0.0000,0.0000,0.0000,0.0000,0.0000,0.0000,0.0600,0.0700,0.0000,0.0000,0,0,0,0,0,0,0,1,0,0,0,0,0,0,0,0,0,0,0,0,0.1497,0.0950,0.1529,0.0784,0.1191,0.0304,0.0906,0.1259,0.0245,0.1356,0.000,0.000,0.000,0.000,0.000,0.000,0.000,0.152,0.000,0.000,semi-presidential,parliamentary,parliamentary,parliamentary,parliamentary,semi-presidential,semi-presidential,electoral-authoritarian,electoral-authoritarian,parliamentary,0.800,0.800,0.800,0.133,0.670,0.800,0.800,0.500,0.500,0.800,100.0,97.6,100.0,100.0,100.0,100.0,100.0,88.8,100.0,90.0
2032-06-01,0.9981,0.9873,1.0004,1.0107,1.0030,0.9843,0.9997,1.0084,1.0052,0.9789,0.9899,1.0001,1.1099,1.0208,1.0092,1.0402,1.0211,0.9843,0.9997,1.0084,1.0052,0.9789,1.0487,1.0001,3900.93,5824.11,4460.92,2857.16,2308.81,1388.19,205.74,2997.85,2242.90,589.10,1.0398,0.5986,0.9694,1.2708,0.8727,0.3261,1.2862,0.2845,0.1523,-0.6649,0.6854,0.7676,0.7167,0.5551,0.6873,0.7507,0.6578,0.6938,0.6906,0.7288,0.0142,0.0119,0.0147,0.0250,0.0169,0.0091,0.0337,0.0003,0.0067,0.0086,0.9700,0.9699,0.9859,0.9748,0.9744,0.9755,0.9984,1.0000,0.9805,1.0000,60.04,217.85,90.50,58.62,72.35,14.47,9.68,282.87,78.53,87.80,0.0000,0.0000,0.0000,0.0000,0.0000,0.0000,0.0000,0.0000,0.0000,0.0000,104304,74663,53998,54750,86225,66964,95775,572442,131417,91336,0,0,0,0,0,0,0,0,0,0,0.0000,0.0000,0.0000,0.0000,0.0000,0.0000,0.0400,0.0500,0.0000,0.0000,0,0,0,0,0,0,0,1,0,0,0,0,0,0,0,0,0,0,0,0,0.1499,0.0954,0.1534,0.0780,0.1190,0.0305,0.0912,0.1264,0.0250,0.1363,0.000,0.000,0.000,0.000,0.000,0.000,0.000,0.152,0.000,0.000,semi-presidential,parliamentary,parliamentary,parliamentary,parliamentary,semi-presidential,semi-presidential,electoral-authoritarian,electoral-authoritarian,parliamentary,0.800,0.800,0.800,0.143,0.680,0.800,0.800,0.500,0.500,0.800,100.0,100.0,100.0,100.0,100.0,100.0,100.0,92.0,100.0,93.1
2032-07-01,0.9990,0.9895,1.0016,1.0119,1.0066,0.9855,1.0003,1.0047,1.0015,0.9773,0.9943,1.0007,1.0331,1.0474,1.0517,1.0334,1.0302,1.0163,1.0067,1.0047,1.0015,0.9773,1.1040,1.0009,3918.68,5841.67,4469.87,2870.96,2324.89,1390.60,206.53,3003.99,2255.54,589.18,1.0351,0.5969,0.9675,1.2648,0.8667,0.3237,1.2855,0.2854,0.1507,-0.6795,0.6840,0.7558,0.7220,0.5935,0.7178,0.7676,0.6427,0.7166,0.6934,0.7259,0.0168,0.0110,0.0199,0.0233,0.0198,0.0073,0.0330,0.0005,0.0077,0.0139,0.9474,0.9501,0.9752,0.9560,0.9516,0.9606,0.9940,1.0000,0.9673,1.0000,61.47,218.95,91.48,60.78,74.38,14.16,9.72,290.43,79.49,89.13,0.0000,0.0000,0.0000,0.0000,0.0000,0.0000,0.0000,0.0000,0.0000,0.0000,104304,74663,53998,54750,86225,66964,95775,572442,131417,91336,0,0,0,0,0,0,0,0,0,0,0.0000,0.0000,0.0000,0.0000,0.0000,0.0000,0.0200,0.0300,0.0000,0.0000,0,0,0,0,0,0,0,1,0,0,0,0,0,0,0,0,0,0,0,0,0.1502,0.0955,0.1541,0.0790,0.1194,0.0307,0.0917,0.1278,0.0252,0.1368,0.000,0.000,0.000,0.000,0.000,0.000,0.000,0.152,0.000,0.000,semi-presidential,parliamentary,parliamentary,parliamentary,parliamentary,semi-presidential,semi-presidential,electoral-authoritarian,electoral-authoritarian,parliamentary,0.800,0.800,0.800,0.153,0.690,0.800,0.800,0.500,0.500,0.800,100.0,100.0,100.0,100.0,100.0,100.0,100.0,95.2,100.0,96.1
2032-08-01,0.9964,0.9912,1.0005,1.0125,1.0078,0.9891,1.0017,0.9991,0.9994,0.9753,0.9972,0.9973,0.9964,1.0323,1.0008,1.0274,1.0183,1.0758,1.0303,0.9991,0.9994,0.9753,1.0647,0.9973,3916.57,5851.79,4460.05,2869.54,2328.45,1397.31,207.54,3018.54,2269.35,589.17,1.0358,0.5959,0.9697,1.2656,0.8654,0.3202,1.2830,0.2856,0.1490,-0.6941,0.6875,0.7538,0.7060,0.6045,0.7492,0.7422,0.6526,0.7034,0.7011,0.7073,0.0097,0.0069,0.0130,0.0121,0.0099,0.0052,0.0035,0.0004,0.0039,0.0074,0.9631,0.9639,0.9827,0.9691,0.9675,0.9710,0.9971,1.0000,0.9765,1.0000,60.25,215.85,89.62,60.65,72.74,13.62,9.48,285.10,79.07,88.83,0.0000,0.0000,0.0000,0.0000,0.0000,0.0000,0.0000,0.0000,0.0000,0.0000,104304,74663,53998,54750,86225,66964,95775,572442,131417,91336,0,0,0,0,0,0,0,0,0,0,0.0000,0.0000,0.0000,0.0000,0.0000,0.0000,0.0000,0.0100,0.0000,0.0000,0,0,0,0,0,0,0,1,0,0,0,0,0,0,0,0,0,0,0,0,0.1277,0.0831,0.1295,0.0662,0.1004,0.0305,0.0868,0.1204,0.0202,0.1369,0.000,0.000,0.000,0.000,0.000,0.000,0.000,0.154,0.000,0.000,semi-presidential,parliamentary,parliamentary,parliamentary,parliamentary,semi-presidential,semi-presidential,electoral-authoritarian,electoral-authoritarian,parliamentary,0.800,0.800,0.800,0.163,0.700,0.800,0.800,0.500,0.500,0.800,100.0,100.0,100.0,100.0,100.0,100.0,100.0,98.4,100.0,99.1
2032-09-01,0.9972,0.9926,1.0017,1.0127,1.0123,0.9939,1.0008,0.9955,0.9958,0.9731,0.9991,0.9973,1.0251,1.0278,1.0502,1.0280,1.0392,1.1101,1.0008,0.9955,0.9958,0.9731,1.0485,0.9973,3930.77,5849.05,4474.89,2879.06,2341.98,1406.93,207.91,3033.20,2280.41,590.03,1.0321,0.5963,0.9665,1.2616,0.8605,0.3162,1.2841,0.2857,0.1475,-0.7077,0.6654,0.7468,0.6677,0.5767,0.7185,0.7492,0.6861,0.7178,0.7281,0.6984,0.0130,0.0099,0.0170,0.0196,0.0169,0.0063,0.0203,0.0002,0.0062,0.0119,0.9686,0.9687,0.9853,0.9736,0.9730,0.9747,0.9982,1.0000,0.9797,1.0000,61.05,215.26,88.18,60.90,73.98,13.10,9.65,292.11,80.13,88.61,0.0000,0.0000,0.0000,0.0000,0.0000,0.0000,0.0000,0.0000,0.0000,0.0000,104304,74663,53998,54750,86225,66964,95775,572442,131417,91336,0,0,0,0,0,0,0,0,0,0,0.0000,0.0000,0.0000,0.0000,0.0000,0.0000,0.0000,0.0000,0.0000,0.0000,0,0,0,0,0,0,0,1,0,0,0,0,0,0,0,0,0,0,0,0,0.1471,0.0922,0.1505,0.0765,0.1166,0.0330,0.0903,0.1254,0.0231,0.1370,0.000,0.000,0.000,0.000,0.000,0.000,0.000,0.155,0.000,0.000,semi-presidential,parliamentary,parliamentary,parliamentary,parliamentary,semi-presidential,semi-presidential,electoral-authoritarian,electoral-authoritarian,parliamentary,0.800,0.800,0.800,0.173,0.710,0.800,0.800,0.500,0.500,0.800,100.0,100.0,100.0,100.0,100.0,100.0,100.0,100.0,100.0,100.0
2032-10-01,0.9980,0.9978,1.0041,1.0126,1.0124,0.9974,0.9998,0.9935,0.9943,0.9737,0.9972,0.9959,1.0270,1.1298,1.0979,1.0380,1.0133,1.0859,0.9998,0.9935,0.9943,0.9926,0.9972,0.9959,3932.32,5861.90,4465.96,2876.87,2350.76,1417.81,208.49,3041.81,2292.78,589.95,1.0318,0.5951,0.9685,1.2627,0.8574,0.3118,1.2836,0.2863,0.1460,-0.7224,0.6733,0.7121,0.6850,0.5937,0.7311,0.7693,0.6709,0.7437,0.7042,0.7017,0.0265,0.0220,0.0230,0.0317,0.0258,0.0141,0.0251,0.0001,0.0151,0.0017,0.8790,0.8912,0.9431,0.8991,0.8816,0.9161,0.9802,1.0000,0.9273,1.0000,61.24,213.19,86.75,60.83,74.01,12.98,9.68,293.58,80.58,88.61,0.0000,0.0000,0.0000,0.0000,0.0000,0.0000,0.0000,0.0000,0.0000,0.0000,104304,74663,53998,54750,86225,66964,95775,572442,131417,91336,0,0,0,0,0,0,0,0,0,0,0.0000,0.0000,0.0000,0.0000,0.0000,0.0000,0.0000,0.0000,0.0000,0.0000,0,0,0,0,0,0,0,1,0,0,0,0,0,0,0,0,0,0,0,0,0.1378,0.0865,0.1408,0.0706,0.1084,0.0306,0.0882,0.1245,0.0206,0.1377,0.000,0.000,0.000,0.000,0.000,0.000,0.000,0.156,0.000,0.000,semi-presidential,parliamentary,parliamentary,parliamentary,parliamentary,semi-presidential,semi-presidential,electoral-authoritarian,electoral-authoritarian,parliamentary,0.800,0.800,0.800,0.183,0.720,0.800,0.800,0.500,0.500,0.800,100.0,100.0,100.0,100.0,100.0,100.0,100.0,100.0,100.0,100.0
2032-11-01,0.9984,1.0015,1.0048,1.0130,1.0109,1.0003,0.9976,0.9915,0.9942,0.9751,0.9950,0.9933,1.0146,1.0934,1.0326,1.0295,1.0109,1.0711,0.9976,0.9915,0.9942,1.0021,0.9950,0.9933,3922.28,5862.25,4471.06,2874.38,2361.71,1425.83,208.63,3051.94,2301.35,589.83,1.0346,0.5951,0.9675,1.2637,0.8535,0.3082,1.2857,0.2868,0.1447,-0.7373,0.6557,0.7129,0.6462,0.5669,0.7114,0.7864,0.6666,0.7348,0.7091,0.6988,0.0159,0.0140,0.0147,0.0185,0.0150,0.0099,0.0133,0.0002,0.0091,0.0005,0.9163,0.9234,0.9608,0.9302,0.9200,0.9405,0.9883,1.0000,0.9493,1.0000,61.45,214.05,86.75,61.02,74.41,12.85,9.70,295.88,81.57,88.81,0.0000,0.0000,0.0000,0.0000,0.0000,0.0000,0.0000,0.0000,0.0000,0.0000,104304,74663,53998,54750,86225,66964,95775,572442,131417,91336,0,0,0,0,0,0,0,0,0,0,0.0000,0.0000,0.0000,0.0000,0.0000,0.0000,0.0000,0.0000,0.0000,0.0000,0,0,0,0,0,0,0,0,0,0,0,0,0,0,0,0,0,0,0,0,0.1294,0.0817,0.1309,0.0654,0.1008,0.0280,0.0835,0.1217,0.0183,0.1375,0.000,0.000,0.000,0.000,0.000,0.000,0.000,0.158,0.000,0.000,semi-presidential,parliamentary,parliamentary,parliamentary,parliamentary,semi-presidential,semi-presidential,electoral-authoritarian,electoral-authoritarian,parliamentary,0.800,0.800,0.800,0.193,0.730,0.800,0.800,0.500,0.500,0.800,100.0,100.0,100.0,100.0,100.0,100.0,100.0,100.0,100.0,100.0
2032-12-01,1.0026,1.0017,1.0076,1.0115,1.0109,1.0001,0.9949,0.9905,0.9936,0.9735,0.9955,0.9912,1.1195,1.0019,1.1106,1.0178,1.0110,1.0001,0.9949,0.9905,0.9936,0.9735,1.0013,0.9912,3918.69,5874.11,4480.00,2874.44,2367.76,1430.16,208.86,3066.58,2308.83,590.25,1.0355,0.5940,0.9656,1.2687,0.8514,0.3054,1.2871,0.2869,0.1435,-0.7515,0.6286,0.7076,0.6523,0.5337,0.7292,0.7842,0.6510,0.7126,0.6783,0.6968,0.0157,0.0109,0.0147,0.0135,0.0155,0.0064,0.0035,0.0000,0.0081,0.0018,0.9998,0.9998,0.9999,0.9999,0.9999,0.9999,1.0000,1.0000,0.9999,1.0000,59.53,211.36,86.74,61.66,73.47,12.80,7.44,286.89,80.58,87.42,0.0000,0.0000,0.0000,0.0000,0.0000,0.0000,0.0000,0.0000,0.0000,0.0000,104304,74663,53998,54750,86225,66964,95775,572442,131417,91336,0,0,0,0,0,0,0,0,0,0,0.0000,0.0000,0.0000,0.0000,0.0000,0.0000,0.0000,0.0000,0.0000,0.0000,0,0,0,0,0,0,0,0,0,0,0,0,0,0,0,0,0,0,0,0,0.1292,0.0810,0.1312,0.0661,0.1009,0.0269,0.0848,0.1215,0.0172,0.1363,0.000,0.000,0.000,0.000,0.000,0.000,0.000,0.140,0.000,0.000,semi-presidential,parliamentary,parliamentary,parliamentary,parliamentary,semi-presidential,semi-presidential,electoral-authoritarian,electoral-authoritarian,parliamentary,0.800,0.800,0.800,0.203,0.740,0.800,0.800,0.500,0.500,0.800,100.0,100.0,100.0,100.0,100.0,100.0,100.0,100.0,100.0,100.0
2033-01-01,1.0034,1.0008,1.0090,1.0097,1.0139,1.0027,0.9953,0.9906,0.9937,0.9731,0.9941,0.9891,1.0306,1.0008,1.0624,1.0159,1.0336,1.0666,1.0044,0.9916,0.9961,0.9731,0.9941,0.9891,3921.82,5859.16,4496.58,2870.63,2373.41,1439.03,209.47,3080.79,2321.65,589.70,1.0347,0.5956,0.9621,1.2705,0.8496,0.3017,1.2861,0.2869,0.1419,-0.7669,0.6163,0.7175,0.6645,0.5255,0.7181,0.7577,0.6496,0.7389,0.6923,0.6964,0.0071,0.0048,0.0118,0.0096,0.0109,0.0023,0.0012,0.0001,0.0035,0.0077,1.0000,1.0000,1.0000,1.0000,1.0000,1.0000,1.0000,1.0000,1.0000,1.0000,61.41,214.72,87.72,62.86,75.22,12.89,7.41,296.11,82.00,88.67,0.0000,0.0000,0.0000,0.0000,0.0000,0.0000,0.0000,0.0000,0.0000,0.0000,104304,74663,53998,54750,86225,66964,95775,572442,131417,91336,0,0,0,0,0,0,0,0,0,0,0.0000,0.0000,0.0000,0.0000,0.0000,0.0000,0.0000,0.0000,0.0000,0.0000,0,0,0,0,0,0,0,0,0,0,0,0,0,0,0,0,0,0,0,0,0.1324,0.0805,0.1346,0.0654,0.1003,0.0258,0.0838,0.1206,0.0211,0.1365,0.000,0.000,0.000,0.000,0.000,0.000,0.000,0.122,0.000,0.000,semi-presidential,parliamentary,parliamentary,parliamentary,parliamentary,semi-presidential,semi-presidential,electoral-authoritarian,electoral-authoritarian,parliamentary,0.800,0.800,0.800,0.213,0.750,0.800,0.800,0.500,0.500,0.800,100.0,100.0,100.0,100.0,100.0,100.0,100.0,100.0,100.0,100.0
2033-02-01,1.0025,0.9993,1.0078,1.0069,1.0124,1.0006,0.9964,0.9920,0.9966,0.9754,0.9951,0.9893,1.0025,0.9993,1.0078,1.0133,1.0124,1.0006,1.0224,1.0208,1.0529,0.9935,1.0217,0.9894,3924.23,5866.62,4499.55,2877.54,2385.63,1446.26,209.96,3086.86,2330.29,588.93,1.0341,0.5949,0.9615,1.2676,0.8454,0.2984,1.2858,0.2878,0.1406,-0.7826,0.6233,0.6923,0.6839,0.4940,0.7080,0.7631,0.6666,0.7393,0.7005,0.6804,0.0031,0.0000,0.0083,0.0007,0.0037,0.0000,0.0054,0.0028,0.0023,0.0063,1.0000,1.0000,1.0000,1.0000,1.0000,1.0000,1.0000,1.0000,1.0000,1.0000,62.05,216.22,88.87,63.22,75.84,13.32,7.52,298.27,82.94,89.13,0.0000,0.0000,0.0000,0.0000,0.0000,0.0000,0.0000,0.0000,0.0000,0.0000,104304,74663,53998,54750,86225,66964,95775,572442,131417,91336,0,0,0,0,0,0,0,0,0,0,0.0000,0.0000,0.0000,0.0000,0.0000,0.0000,0.0000,0.0000,0.0000,0.0000,0,0,0,0,0,0,0,0,0,0,0,0,0,0,0,0,0,0,0,0,0.1451,0.0862,0.1494,0.0720,0.1103,0.0274,0.0829,0.1195,0.0232,0.1357,0.000,0.000,0.000,0.000,0.000,0.000,0.000,0.102,0.000,0.000,semi-presidential,parliamentary,parliamentary,parliamentary,parliamentary,semi-presidential,semi-presidential,electoral-authoritarian,electoral-authoritarian,parliamentary,0.800,0.800,0.800,0.223,0.760,0.800,0.800,0.500,0.500,0.800,100.0,100.0,100.0,100.0,100.0,100.0,100.0,100.0,100.0,100.0
2033-03-01,1.0019,0.9988,1.0067,1.0033,1.0115,0.9994,1.0005,0.9945,0.9981,0.9766,0.9948,0.9900,1.0019,0.9988,1.0067,1.0100,1.0115,0.9994,1.1030,1.0503,1.0320,0.9903,0.9948,0.9902,3935.03,5876.56,4520.29,2882.81,2389.95,1448.98,210.82,3099.58,2349.98,588.58,1.0313,0.5990,0.9572,1.2653,0.8441,0.2960,1.2829,0.2880,0.1387,-0.7978,0.6278,0.7068,0.6711,0.5396,0.7308,0.7642,0.6691,0.7019,0.7085,0.6690,0.0059,0.0000,0.0117,0.0004,0.0050,0.0000,0.0072,0.0024,0.0016,0.0099,1.0000,1.0000,1.0000,1.0000,1.0000,1.0000,1.0000,1.0000,1.0000,1.0000,62.35,218.07,90.40,63.91,76.56,13.73,7.60,299.56,83.41,89.20,0.0000,0.0000,0.0000,0.0000,0.0000,0.0000,0.0000,0.0000,0.0000,0.0000,104304,74663,53998,54750,86225,66964,95775,572442,131417,91336,0,0,0,0,0,0,0,0,0,0,0.0000,0.0000,0.0000,0.0000,0.0000,0.0000,0.0000,0.0000,0.0000,0.0000,0,0,0,0,0,0,0,0,0,0,0,0,0,0,0,0,0,0,0,0,0.1449,0.0870,0.1494,0.0727,0.1110,0.0283,0.0838,0.1195,0.0233,0.1348,0.000,0.000,0.000,0.000,0.000,0.000,0.000,0.082,0.000,0.000,semi-presidential,parliamentary,parliamentary,parliamentary,parliamentary,semi-presidential,semi-presidential,electoral-authoritarian,electoral-authoritarian,parliamentary,0.800,0.800,0.800,0.233,0.770,0.800,0.800,0.500,0.500,0.800,100.0,100.0,100.0,100.0,100.0,100.0,100.0,100.0,100.0,100.0
2033-04-01,1.0025,0.9986,1.0063,0.9995,1.0104,0.9987,1.0013,0.9947,1.0007,0.9773,0.9964,0.9907,1.0221,0.9986,1.0063,1.0066,1.0104,0.9987,1.0194,0.9988,1.0509,0.9882,1.0365,0.9909,3944.09,5906.78,4536.48,2895.32,2398.47,1457.25,210.80,3101.74,2360.23,588.14,1.0289,0.5960,0.9539,1.2599,0.8411,0.2925,1.2853,0.2892,0.1374,-0.8131,0.6449,0.7181,0.7001,0.5395,0.7076,0.7319,0.6963,0.7079,0.7494,0.6691,0.0034,0.0013,0.0081,0.0017,0.0042,0.0011,0.0047,0.0023,0.0026,0.0046,1.0000,1.0000,1.0000,1.0000,1.0000,1.0000,1.0000,1.0000,1.0000,1.0000,62.46,218.59,90.83,63.87,76.53,13.80,7.65,300.26,84.22,88.72,0.0000,0.0000,0.0000,0.0000,0.0000,0.0000,0.0000,0.0000,0.0000,0.0000,104304,74663,53998,54750,86225,66964,95775,572442,131417,91336,0,0,0,0,0,0,0,0,0,0,0.0000,0.0000,0.0000,0.0000,0.0000,0.0000,0.0000,0.0000,0.0000,0.0000,0,0,0,0,0,0,0,0,0,0,0,0,0,0,0,0,0,0,0,0,0.1456,0.0873,0.1501,0.0731,0.1114,0.0287,0.0844,0.1214,0.0239,0.1349,0.000,0.000,0.000,0.000,0.000,0.000,0.000,0.062,0.000,0.000,semi-presidential,parliamentary,parliamentary,parliamentary,parliamentary,semi-presidential,semi-presidential,electoral-authoritarian,electoral-authoritarian,parliamentary,0.800,0.800,0.800,0.243,0.780,0.800,0.800,0.500,0.500,0.800,100.0,100.0,100.0,100.0,100.0,100.0,100.0,100.0,100.0,100.0
2033-05-01,1.0042,0.9971,1.0063,0.9989,1.0102,1.0012,0.9979,0.9936,1.0019,0.9782,0.9967,0.9899,1.0669,0.9971,1.0063,1.0092,1.0102,1.0628,0.9979,0.9936,1.0292,0.9904,1.0089,0.9899,3963.97,5916.49,4549.30,2903.58,2410.08,1464.35,211.53,3114.60,2372.39,587.67,1.0239,0.5951,0.9510,1.2562,0.8371,0.2893,1.2830,0.2894,0.1359,-0.8285,0.6532,0.7521,0.7141,0.5689,0.7207,0.7524,0.6670,0.6892,0.7405,0.6664,0.0061,0.0054,0.0085,0.0069,0.0063,0.0042,0.0033,0.0012,0.0036,0.0014,1.0000,1.0000,1.0000,1.0000,1.0000,1.0000,1.0000,1.0000,1.0000,1.0000,61.55,218.23,89.70,62.19,75.61,13.70,7.62,297.38,84.15,87.98,0.0000,0.0000,0.0000,0.0000,0.0000,0.0000,0.0000,0.0000,0.0000,0.0000,104304,74663,53998,54750,86225,66964,95775,572442,131417,91336,0,0,0,0,0,0,0,0,0,0,0.0000,0.0000,0.0000,0.0000,0.0000,0.0000,0.0000,0.0000,0.0000,0.0000,0,0,0,0,0,0,0,0,0,0,0,0,0,0,0,0,0,0,0,0,0.1408,0.0848,0.1439,0.0695,0.1072,0.0280,0.0845,0.1219,0.0232,0.1372,0.000,0.000,0.000,0.000,0.000,0.000,0.000,0.043,0.000,0.000,semi-presidential,parliamentary,parliamentary,parliamentary,parliamentary,semi-presidential,semi-presidential,electoral-authoritarian,electoral-authoritarian,parliamentary,0.800,0.800,0.800,0.253,0.790,0.800,0.800,0.500,0.500,0.800,100.0,100.0,100.0,100.0,100.0,100.0,100.0,100.0,100.0,100.0
2033-06-01,1.0043,0.9968,1.0030,0.9976,1.0090,1.0018,0.9973,0.9930,1.0014,0.9798,0.9962,0.9923,1.0078,0.9968,1.0030,1.0049,1.0090,1.0162,0.9973,0.9930,1.0014,0.9912,0.9962,0.9927,3985.10,5929.66,4568.04,2908.10,2418.05,1470.09,212.11,3120.67,2382.57,588.86,1.0185,0.5938,0.9470,1.2543,0.8345,0.2863,1.2814,0.2902,0.1346,-0.8415,0.6701,0.7465,0.7158,0.5713,0.7361,0.7567,0.6801,0.7143,0.7442,0.6642,0.0005,0.0005,0.0047,0.0005,0.0005,0.0004,0.0002,0.0001,0.0003,0.0003,1.0000,1.0000,1.0000,1.0000,1.0000,1.0000,1.0000,1.0000,1.0000,1.0000,63.01,220.75,90.87,63.64,77.51,13.71,7.67,304.03,85.47,88.82,0.0000,0.0000,0.0000,0.0000,0.0000,0.0000,0.0000,0.0000,0.0000,0.0000,104304,74663,53998,54750,86225,66964,95775,572442,131417,91336,0,0,0,0,0,0,0,0,0,0,0.0000,0.0000,0.0000,0.0000,0.0000,0.0000,0.0000,0.0000,0.0000,0.0000,0,0,0,0,0,0,0,0,0,0,0,0,0,0,0,0,0,0,0,0,0.1475,0.0886,0.1513,0.0742,0.1130,0.0299,0.0850,0.1223,0.0253,0.1362,0.000,0.000,0.000,0.000,0.000,0.000,0.000,0.025,0.000,0.000,semi-presidential,parliamentary,parliamentary,parliamentary,parliamentary,semi-presidential,semi-presidential,electoral-authoritarian,electoral-authoritarian,parliamentary,0.800,0.800,0.800,0.263,0.800,0.800,0.800,0.500,0.500,0.800,100.0,100.0,100.0,100.0,100.0,100.0,100.0,100.0,100.0,100.0
2033-07-01,1.0038,0.9964,1.0023,0.9926,1.0063,1.0003,0.9976,0.9921,1.0010,0.9813,0.9948,0.9943,1.0038,0.9964,1.0023,0.9926,1.0063,1.0003,1.0002,0.9921,1.0010,0.9895,0.9948,0.9948,3989.00,5943.15,4583.90,2915.16,2422.92,1479.63,212.25,3126.21,2394.97,590.34,1.0176,0.5926,0.9438,1.2512,0.8328,0.2826,1.2823,0.2911,0.1331,-0.8520,0.6856,0.7522,0.7276,0.5851,0.7339,0.7490,0.6896,0.7014,0.7330,0.6921,0.0001,0.0000,0.0001,0.0000,0.0001,0.0000,0.0002,0.0001,0.0000,0.0004,1.0000,1.0000,1.0000,1.0000,1.0000,1.0000,1.0000,1.0000,1.0000,1.0000,63.07,220.30,89.94,63.39,77.41,13.63,7.68,303.90,85.73,89.11,0.0000,0.0000,0.0000,0.0000,0.0000,0.0000,0.0000,0.0000,0.0000,0.0000,104304,74663,53998,54750,86225,66964,95775,572442,131417,91336,0,0,0,0,0,0,0,0,0,0,0.0000,0.0000,0.0000,0.0000,0.0000,0.0000,0.0000,0.0000,0.0000,0.0000,0,0,0,0,0,0,0,0,0,0,0,0,0,0,0,0,0,0,0,0,0.1482,0.0899,0.1532,0.0756,0.1142,0.0304,0.0843,0.1217,0.0259,0.1334,0.000,0.000,0.000,0.000,0.000,0.000,0.000,0.008,0.000,0.000,semi-presidential,parliamentary,parliamentary,parliamentary,parliamentary,semi-presidential,semi-presidential,electoral-authoritarian,electoral-authoritarian,parliamentary,0.800,0.800,0.800,0.273,0.800,0.800,0.800,0.500,0.500,0.820,100.0,100.0,100.0,100.0,100.0,100.0,100.0,100.0,100.0,100.0
2033-08-01,1.0031,0.9952,0.9981,0.9896,1.0059,1.0010,1.0000,0.9890,1.0000,0.9841,0.9936,0.9950,1.0031,0.9952,0.9981,0.9977,1.0059,1.0169,1.0576,0.9890,1.0000,0.9934,0.9936,0.9952,4011.67,5958.56,4611.62,2928.64,2427.60,1485.94,212.46,3137.13,2405.68,592.39,1.0119,0.5913,0.9382,1.2455,0.8312,0.2796,1.2827,0.2915,0.1318,-0.8639,0.6742,0.7576,0.7297,0.5994,0.7144,0.7691,0.6663,0.6954,0.7424,0.7096,0.0020,0.0003,0.0072,0.0003,0.0014,0.0002,0.0018,0.0004,0.0002,0.0027,1.0000,1.0000,1.0000,1.0000,1.0000,1.0000,1.0000,1.0000,1.0000,1.0000,62.98,219.66,89.61,63.17,76.98,13.46,7.61,303.49,86.05,90.40,0.0000,0.0000,0.0000,0.0000,0.0000,0.0000,0.0000,0.0000,0.0000,0.0000,104304,74663,53998,54750,86225,66964,95775,572442,131417,91336,0,0,0,0,0,0,0,0,0,0,0.0000,0.0000,0.0000,0.0000,0.0000,0.0000,0.0000,0.0000,0.0000,0.0000,0,0,0,0,0,0,0,0,0,0,0,0,0,0,0,0,0,0,0,0,0.1488,0.0900,0.1533,0.0757,0.1150,0.0310,0.0881,0.1219,0.0267,0.1369,0.000,0.000,0.000,0.000,0.000,0.000,0.000,0.000,0.000,0.000,semi-presidential,parliamentary,parliamentary,parliamentary,parliamentary,semi-presidential,semi-presidential,electoral-authoritarian,electoral-authoritarian,parliamentary,0.800,0.800,0.800,0.283,0.800,0.800,0.800,0.500,0.500,0.810,100.0,100.0,100.0,100.0,100.0,100.0,100.0,100.0,100.0,100.0
2033-09-01,1.0037,0.9916,0.9914,0.9885,1.0053,1.0024,0.9992,0.9890,0.9995,0.9859,0.9939,0.9964,1.0270,0.9916,0.9914,0.9971,1.0053,1.0369,0.9992,0.9901,0.9995,0.9929,1.0024,0.9967,4029.08,5951.24,4630.05,2936.44,2438.59,1495.37,213.14,3148.25,2421.47,594.07,1.0076,0.5922,0.9345,1.2421,0.8275,0.2760,1.2800,0.2919,0.1302,-0.8763,0.6870,0.7557,0.7526,0.6257,0.7099,0.7653,0.6610,0.7054,0.7435,0.7317,0.0026,0.0023,0.0067,0.0022,0.0023,0.0017,0.0010,0.0001,0.0010,0.0006,1.0000,1.0000,1.0000,1.0000,1.0000,1.0000,1.0000,1.0000,1.0000,1.0000,62.95,219.53,89.75,62.88,76.75,13.48,7.62,302.50,85.82,90.19,0.0000,0.0000,0.0000,0.0000,0.0000,0.0000,0.0000,0.0000,0.0000,0.0000,104304,74663,53998,54750,86225,66964,95775,572442,131417,91336,0,0,0,0,0,0,0,0,0,0,0.0000,0.0000,0.0000,0.0000,0.0000,0.0000,0.0000,0.0000,0.0000,0.0000,0,0,0,0,0,0,0,0,0,0,0,0,0,0,0,0,0,0,0,0,0.1554,0.0914,0.1548,0.0768,0.1160,0.0320,0.0885,0.1227,0.0278,0.1382,0.000,0.000,0.000,0.000,0.000,0.000,0.000,0.000,0.000,0.000,semi-presidential,parliamentary,parliamentary,parliamentary,parliamentary,semi-presidential,semi-presidential,electoral-authoritarian,electoral-authoritarian,parliamentary,0.800,0.800,0.800,0.293,0.800,0.800,0.800,0.500,0.500,0.840,100.0,100.0,100.0,100.0,100.0,100.0,100.0,100.0,100.0,90.0
2033-10-01,1.0032,0.9858,0.9885,0.9870,1.0064,1.0034,0.9970,0.9876,0.9979,0.9871,0.9953,0.9982,1.0032,0.9858,0.9885,0.9954,1.0159,1.0287,0.9970,0.9876,0.9979,0.9925,1.0321,0.9985,4054.66,5961.98,4648.42,2948.75,2451.61,1503.13,213.34,3150.62,2435.36,595.03,1.0012,0.5912,0.9309,1.2372,0.8233,0.2728,1.2800,0.2931,0.1287,-0.8897,0.6934,0.7274,0.7538,0.6099,0.7300,0.7723,0.6720,0.7160,0.7652,0.7253,0.0016,0.0005,0.0079,0.0020,0.0032,0.0003,0.0012,0.0002,0.0002,0.0046,1.0000,1.0000,1.0000,1.0000,1.0000,1.0000,1.0000,1.0000,1.0000,1.0000,63.00,218.02,88.99,62.45,76.51,13.46,7.57,301.40,85.55,90.38,0.0000,0.0000,0.0000,0.0000,0.0000,0.0000,0.0000,0.0000,0.0000,0.0000,104304,74663,53998,54750,86225,66964,95775,572442,131417,91336,0,0,0,0,0,0,0,0,0,0,0.0000,0.0000,0.0000,0.0000,0.0000,0.0000,0.0000,0.0000,0.0000,0.0000,0,0,0,0,0,0,0,0,0,0,0,0,0,0,0,0,0,0,0,0,0.1563,0.0922,0.1562,0.0778,0.1173,0.0330,0.0908,0.1295,0.0289,0.1375,0.000,0.000,0.000,0.000,0.000,0.000,0.000,0.000,0.000,0.000,semi-presidential,parliamentary,parliamentary,parliamentary,parliamentary,semi-presidential,semi-presidential,electoral-authoritarian,electoral-authoritarian,parliamentary,0.800,0.800,0.800,0.303,0.800,0.800,0.800,0.500,0.500,0.830,100.0,100.0,100.0,100.0,100.0,100.0,100.0,100.0,100.0,100.0
2033-11-01,1.0047,0.9812,0.9856,0.9855,1.0084,1.0029,0.9948,0.9845,0.9982,0.9901,0.9956,0.9996,1.0550,0.9812,0.9856,0.9941,1.0229,1.0029,0.9948,0.9845,1.0029,0.9945,1.0031,0.9999,4074.56,5976.14,4679.59,2961.71,2461.18,1508.15,214.15,3167.01,2448.08,595.53,0.9964,0.5899,0.9248,1.2319,0.8203,0.2702,1.2762,0.2931,0.1273,-0.9036,0.6984,0.7330,0.7469,0.6269,0.7542,0.7724,0.6679,0.6884,0.7455,0.7313,0.0039,0.0033,0.0088,0.0052,0.0071,0.0027,0.0019,0.0003,0.0019,0.0051,1.0000,1.0000,1.0000,1.0000,1.0000,1.0000,1.0000,1.0000,1.0000,1.0000,62.50,215.93,87.37,61.65,75.75,13.06,7.50,299.99,85.90,89.47,0.0000,0.0000,0.0000,0.0000,0.0000,0.0000,0.0000,0.0000,0.0000,0.0000,104304,74663,53998,54750,86225,66964,95775,572442,131417,91336,0,0,0,0,0,0,0,0,0,0,0.0000,0.0000,0.0000,0.0000,0.0000,0.0000,0.0000,0.0000,0.0000,0.0000,0,0,0,0,0,0,0,0,0,0,0,0,0,0,0,0,0,0,0,0,0.1577,0.0929,0.1570,0.0786,0.1185,0.0337,0.0916,0.1307,0.0299,0.1374,0.000,0.000,0.000,0.000,0.000,0.000,0.000,0.000,0.000,0.000,semi-presidential,parliamentary,parliamentary,parliamentary,parliamentary,semi-presidential,semi-presidential,electoral-authoritarian,electoral-authoritarian,parliamentary,0.800,0.800,0.800,0.313,0.800,0.800,0.800,0.500,0.500,0.820,100.0,100.0,100.0,100.0,100.0,100.0,100.0,100.0,100.0,100.0
2033-12-01,1.0056,0.9790,0.9848,0.9840,1.0080,1.0046,0.9936,0.9831,0.9995,0.9918,0.9931,1.0014,1.0407,0.9790,0.9848,0.9927,1.0080,1.0468,0.9936,0.9831,1.0264,0.9947,0.9931,1.0017,4088.06,5976.58,4721.32,2970.64,2477.10,1514.88,214.67,3173.75,2467.04,596.81,0.9931,0.5899,0.9167,1.2284,0.8152,0.2672,1.2781,0.2939,0.1256,-0.9164,0.7014,0.7327,0.7786,0.6379,0.7473,0.7497,0.6963,0.7234,0.7324,0.7216,0.0033,0.0032,0.0076,0.0030,0.0038,0.0025,0.0021,0.0011,0.0024,0.0009,1.0000,1.0000,1.0000,1.0000,1.0000,1.0000,1.0000,1.0000,1.0000,1.0000,63.37,216.78,87.45,62.19,76.32,12.95,7.57,304.68,87.07,89.58,0.0000,0.0000,0.0000,0.0000,0.0000,0.0000,0.0000,0.0000,0.0000,0.0000,104304,74663,53998,54750,86225,66964,95775,572442,131417,91336,0,0,0,0,0,0,0,0,0,0,0.0000,0.0000,0.0000,0.0000,0.0000,0.0000,0.0000,0.0000,0.0000,0.0000,0,0,0,0,0,0,0,0,0,0,0,0,0,0,0,0,0,0,0,0,0.1595,0.0943,0.1582,0.0798,0.1196,0.0347,0.0923,0.1332,0.0309,0.1374,0.000,0.000,0.000,0.000,0.000,0.000,0.000,0.000,0.000,0.000,semi-presidential,parliamentary,parliamentary,parliamentary,parliamentary,semi-presidential,semi-presidential,electoral-authoritarian,electoral-authoritarian,parliamentary,0.800,0.800,0.800,0.323,0.800,0.800,0.800,0.500,0.500,0.810,100.0,100.0,100.0,100.0,100.0,100.0,95.0,100.0,100.0,100.0
2034-01-01,1.0082,0.9790,0.9812,0.9806,1.0071,1.0051,0.9917,0.9830,1.0024,0.9918,0.9924,1.0003,1.0939,0.9791,0.9812,0.9899,1.0071,1.0168,0.9917,0.9830,1.0585,0.9918,0.9924,1.0003,4101.91,5975.79,4727.51,2983.11,2487.28,1525.94,215.46,3183.68,2481.89,597.79,0.9897,0.5901,0.9155,1.2234,0.8121,0.2634,1.2742,0.2945,0.1241,-0.9267,0.6975,0.7216,0.8068,0.6127,0.7731,0.7515,0.6989,0.7157,0.7431,0.7241,0.0065,0.0059,0.0095,0.0056,0.0079,0.0048,0.0046,0.0022,0.0051,0.0016,0.9999,0.9999,1.0000,0.9999,0.9999,0.9999,1.0000,1.0000,1.0000,1.0000,62.79,216.08,87.51,61.66,75.82,12.99,7.62,302.20,87.69,89.15,0.0000,0.0000,0.0000,0.0000,0.0000,0.0000,0.0000,0.0000,0.0000,0.0000,104304,74663,53998,54750,86225,66964,95775,572442,131417,91336,0,0,0,0,0,0,0,0,0,0,0.0000,0.0000,0.0000,0.0000,0.0000,0.0000,0.0000,0.0000,0.0000,0.0000,0,0,0,0,0,0,0,0,0,0,0,0,0,0,0,0,0,0,0,0,0.1512,0.0906,0.1512,0.0755,0.1135,0.0328,0.0896,0.1299,0.0287,0.1363,0.000,0.000,0.000,0.000,0.000,0.000,0.000,0.000,0.000,0.000,semi-presidential,parliamentary,parliamentary,parliamentary,parliamentary,semi-presidential,semi-presidential,electoral-authoritarian,electoral-authoritarian,parliamentary,0.800,0.800,0.800,0.333,0.800,0.800,0.800,0.500,0.500,0.800,100.0,100.0,100.0,100.0,100.0,100.0,98.3,100.0,100.0,100.0
2034-02-01,1.0084,0.9794,0.9792,0.9804,1.0062,1.0069,0.9911,0.9846,1.0036,0.9919,0.9897,0.9993,1.0174,0.9877,0.9792,0.9955,1.0062,1.0505,0.9911,1.0185,1.0310,0.9926,0.9897,0.9993,4109.32,5988.66,4735.05,2987.70,2492.91,1532.12,215.95,3192.02,2497.33,598.58,0.9880,0.5889,0.9141,1.2217,0.8106,0.2605,1.2718,0.2951,0.1225,-0.9403,0.6945,0.7103,0.7610,0.6188,0.7609,0.7710,0.7090,0.7217,0.7283,0.7298,0.0042,0.0026,0.0096,0.0060,0.0038,0.0020,0.0030,0.0013,0.0023,0.0032,0.9926,0.9921,0.9965,0.9937,0.9942,0.9934,0.9995,1.0000,0.9950,1.0000,64.86,219.12,88.11,62.38,77.63,13.38,7.65,310.18,89.13,90.44,0.0000,0.0000,0.0000,0.0000,0.0000,0.0000,0.0000,0.0000,0.0000,0.0000,104304,74663,53998,54750,86225,66964,95775,572442,131417,91336,0,0,0,0,0,0,0,0,0,0,0.0000,0.0000,0.0000,0.0000,0.0000,0.0000,0.0000,0.0000,0.0000,0.0000,0,0,0,0,0,0,0,0,0,0,0,0,0,0,0,0,0,0,0,0,0.1523,0.0902,0.1510,0.0748,0.1140,0.0382,0.0892,0.1314,0.0289,0.1392,0.000,0.000,0.000,0.000,0.000,0.000,0.000,0.000,0.000,0.000,semi-presidential,parliamentary,parliamentary,parliamentary,parliamentary,semi-presidential,semi-presidential,electoral-authoritarian,electoral-authoritarian,parliamentary,0.800,0.800,0.800,0.343,0.800,0.800,0.800,0.500,0.500,0.800,100.0,100.0,100.0,100.0,100.0,100.0,100.0,100.0,100.0,100.0
2034-03-01,1.0096,0.9774,0.9788,0.9836,1.0048,1.0028,0.9919,0.9858,1.0047,0.9917,0.9927,0.9965,1.0548,0.9774,0.9788,1.0080,1.0048,1.0028,1.0186,1.0200,1.0324,0.9917,1.0837,0.9965,4109.00,5983.95,4736.68,2994.21,2494.50,1539.61,216.61,3212.73,2507.11,600.33,0.9881,0.5894,0.9139,1.2222,0.8103,0.2574,1.2683,0.2947,0.1213,-0.9523,0.6850,0.7275,0.7366,0.6192,0.7414,0.7546,0.6968,0.7182,0.7268,0.7232,0.0086,0.0030,0.0137,0.0126,0.0075,0.0025,0.0075,0.0018,0.0028,0.0087,1.0000,1.0000,1.0000,1.0000,1.0000,1.0000,1.0000,1.0000,1.0000,1.0000,64.87,221.01,88.56,63.38,77.12,13.68,7.64,310.63,89.07,89.99,0.0000,0.0000,0.0000,0.0000,0.0000,0.0000,0.0000,0.0000,0.0000,0.0000,104304,74663,53998,54750,86225,66964,95775,572442,131417,91336,0,0,0,0,0,0,0,0,0,0,0.0000,0.0000,0.0000,0.0000,0.0000,0.0000,0.0000,0.0000,0.0000,0.0000,0,0,0,0,0,0,0,0,0,0,0,0,0,0,0,0,0,0,0,0,0.1371,0.0829,0.1349,0.0658,0.1018,0.0345,0.0845,0.1323,0.0252,0.1395,0.000,0.000,0.000,0.000,0.000,0.000,0.000,0.000,0.000,0.000,semi-presidential,parliamentary,parliamentary,parliamentary,parliamentary,semi-presidential,semi-presidential,electoral-authoritarian,electoral-authoritarian,parliamentary,0.800,0.800,0.800,0.353,0.800,0.800,0.800,0.500,0.500,0.800,100.0,100.0,100.0,100.0,100.0,100.0,100.0,100.0,100.0,100.0
2034-04-01,1.0121,0.9776,0.9756,0.9848,1.0035,0.9988,0.9922,0.9882,1.0022,0.9919,0.9964,0.9963,1.0980,0.9822,0.9756,1.0045,1.0035,0.9988,0.9952,1.0319,1.0022,0.9925,1.0846,0.9963,4127.66,5989.80,4744.75,3005.67,2506.13,1548.00,216.74,3220.15,2513.99,600.59,0.9837,0.5889,0.9124,1.2247,0.8068,0.2542,1.2677,0.2954,0.1202,-0.9667,0.6635,0.7077,0.6978,0.6316,0.7062,0.7575,0.6970,0.7591,0.7045,0.7331,0.0118,0.0062,0.0147,0.0120,0.0099,0.0052,0.0072,0.0007,0.0035,0.0074,0.9959,0.9956,0.9981,0.9965,0.9968,0.9964,0.9997,1.0000,0.9972,1.0000,64.07,220.17,89.60,62.37,76.83,13.91,7.65,307.85,88.98,89.77,0.0000,0.0000,0.0000,0.0000,0.0000,0.0000,0.0000,0.0000,0.0000,0.0000,104304,74663,53998,54750,86225,66964,95775,572442,131417,91336,0,0,0,0,0,0,0,0,0,0,0.0000,0.0000,0.0000,0.0000,0.0000,0.0000,0.0000,0.0000,0.0000,0.0000,0,0,0,0,0,0,0,0,0,0,0,0,0,0,0,0,0,0,0,0,0.1541,0.0946,0.1533,0.0748,0.1152,0.0375,0.0871,0.1350,0.0282,0.1401,0.000,0.000,0.000,0.000,0.000,0.000,0.000,0.000,0.000,0.000,semi-presidential,parliamentary,parliamentary,parliamentary,parliamentary,semi-presidential,semi-presidential,electoral-authoritarian,electoral-authoritarian,parliamentary,0.800,0.800,0.800,0.363,0.800,0.800,0.800,0.500,0.500,0.800,100.0,100.0,100.0,100.0,100.0,100.0,100.0,100.0,100.0,100.0
2034-05-01,1.0137,0.9776,0.9732,0.9905,1.0031,0.9965,0.9945,0.9907,1.0013,0.9941,0.9997,0.9970,1.0679,0.9778,0.9732,1.0176,1.0031,0.9965,1.0537,1.0460,1.0013,1.0004,1.0925,0.9972,4140.79,6009.54,4775.72,3017.22,2522.42,1556.45,217.49,3227.54,2529.58,601.55,0.9803,0.5872,0.9065,1.2202,0.8019,0.2509,1.2633,0.2961,0.1188,-0.9800,0.6711,0.7301,0.6920,0.6494,0.7192,0.7666,0.6786,0.7395,0.6946,0.7193,0.0114,0.0036,0.0157,0.0152,0.0087,0.0030,0.0086,0.0011,0.0021,0.0111,0.9998,0.9998,0.9999,0.9999,0.9999,0.9999,1.0000,1.0000,0.9999,1.0000,65.02,222.31,90.38,63.72,77.93,14.32,7.63,311.53,89.35,90.43,0.0000,0.0000,0.0000,0.0000,0.0000,0.0000,0.0000,0.0000,0.0000,0.0000,104304,74663,53998,54750,86225,66964,95775,572442,131417,91336,0,0,0,0,0,0,0,0,0,0,0.0000,0.0000,0.0000,0.0000,0.0000,0.0000,0.0000,0.0000,0.0000,0.0000,0,0,0,0,0,0,0,0,0,0,0,0,0,0,0,0,0,0,0,0,0.1563,0.0958,0.1549,0.0759,0.1166,0.0385,0.0890,0.1363,0.0289,0.1402,0.000,0.000,0.000,0.000,0.000,0.000,0.000,0.000,0.000,0.000,semi-presidential,parliamentary,parliamentary,parliamentary,parliamentary,semi-presidential,semi-presidential,electoral-authoritarian,electoral-authoritarian,parliamentary,0.800,0.800,0.800,0.373,0.800,0.800,0.800,0.500,0.500,0.800,100.0,100.0,100.0,100.0,100.0,100.0,100.0,100.0,100.0,100.0
2034-06-01,1.0111,0.9749,0.9731,0.9954,0.9977,0.9968,0.9958,0.9909,1.0001,0.9973,1.0011,0.9978,1.0111,0.9749,0.9731,1.0198,0.9977,1.0038,1.0206,0.9933,1.0001,1.0020,1.0327,0.9980,4160.57,6027.03,4783.92,3030.72,2529.60,1567.06,217.76,3241.17,2542.55,603.74,0.9755,0.5858,0.9051,1.2148,0.7999,0.2474,1.2618,0.2963,0.1174,-0.9912,0.6713,0.7458,0.7340,0.6610,0.7467,0.7682,0.6887,0.7228,0.7109,0.7193,0.0020,0.0001,0.0068,0.0108,0.0013,0.0001,0.0018,0.0003,0.0001,0.0029,1.0000,1.0000,1.0000,1.0000,1.0000,1.0000,1.0000,1.0000,1.0000,1.0000,64.98,222.75,90.85,63.21,77.63,14.51,7.62,309.72,88.84,91.28,0.0000,0.0000,0.0000,0.0000,0.0000,0.0000,0.0000,0.0000,0.0000,0.0000,104304,74663,53998,54750,86225,66964,95775,572442,131417,91336,0,0,0,0,0,0,0,0,0,0,0.0000,0.0000,0.0000,0.0000,0.0000,0.0000,0.0000,0.0000,0.0000,0.0000,0,0,0,0,0,0,0,0,0,0,0,0,0,0,0,0,0,0,0,0,0.1565,0.0964,0.1563,0.0764,0.1177,0.0385,0.0831,0.1335,0.0293,0.1395,0.000,0.000,0.000,0.000,0.000,0.000,0.000,0.000,0.000,0.000,semi-presidential,parliamentary,parliamentary,parliamentary,parliamentary,semi-presidential,semi-presidential,electoral-authoritarian,electoral-authoritarian,parliamentary,0.800,0.800,0.800,0.383,0.800,0.800,0.800,0.500,0.500,0.800,100.0,100.0,100.0,100.0,100.0,100.0,100.0,100.0,100.0,100.0
2034-07-01,1.0078,0.9721,0.9793,0.9981,0.9917,0.9992,0.9947,0.9915,0.9998,1.0010,1.0026,0.9984,1.0078,0.9721,1.1859,1.0212,0.9917,1.0592,0.9947,1.0017,0.9998,1.0042,1.0416,0.9985,4171.26,6017.52,4795.51,3048.68,2541.09,1574.65,218.03,3247.38,2557.41,605.27,0.9731,0.5869,0.9027,1.2078,0.7966,0.2443,1.2604,0.2972,0.1160,-1.0035,0.6824,0.7638,0.7229,0.6550,0.7438,0.7847,0.6787,0.7096,0.7135,0.7389,0.0168,0.0079,0.0212,0.0250,0.0157,0.0008,0.0020,0.0002,0.0086,0.0059,1.0000,1.0000,1.0000,1.0000,1.0000,1.0000,1.0000,1.0000,1.0000,1.0000,64.59,222.06,90.86,62.75,77.08,14.63,7.65,305.42,87.41,91.35,0.0000,0.0000,0.0000,0.0000,0.0000,0.0000,0.0000,0.0000,0.0000,0.0000,104304,74663,53998,54750,86225,66964,95775,572442,131417,91336,0,0,0,0,0,0,0,0,0,0,0.0000,0.0000,0.0000,0.0000,0.0000,0.0000,0.0000,0.0000,0.0000,0.0000,0,0,0,0,0,0,0,0,0,0,0,0,0,0,0,0,0,0,0,0,0.1573,0.0971,0.1567,0.0768,0.1180,0.0389,0.0822,0.1331,0.0287,0.1393,0.000,0.000,0.000,0.000,0.000,0.000,0.000,0.000,0.000,0.000,semi-presidential,parliamentary,parliamentary,parliamentary,parliamentary,semi-presidential,semi-presidential,electoral-authoritarian,electoral-authoritarian,parliamentary,0.800,0.800,0.800,0.393,0.800,0.800,0.800,0.500,0.500,0.800,100.0,100.0,100.0,100.0,100.0,100.0,100.0,100.0,100.0,100.0
2034-08-01,1.0051,0.9723,0.9799,1.0023,0.9850,1.0026,0.9933,0.9930,0.9966,1.0060,1.0043,1.0015,1.0051,0.9761,1.0050,1.0242,0.9850,1.0832,0.9933,1.0204,0.9966,1.0088,1.0449,1.0019,4196.54,6036.82,4808.85,3066.00,2559.69,1582.61,218.16,3254.54,2572.76,606.10,0.9672,0.5853,0.9001,1.2011,0.7911,0.2411,1.2599,0.2980,0.1146,-1.0168,0.6747,0.7207,0.7132,0.6496,0.7517,0.7758,0.6697,0.7061,0.7209,0.7405,0.0063,0.0031,0.0106,0.0129,0.0048,0.0015,0.0026,0.0003,0.0018,0.0045,0.9966,0.9963,0.9984,0.9971,0.9974,0.9969,0.9997,1.0000,0.9977,1.0000,64.91,222.25,91.75,63.32,77.89,14.79,7.65,309.50,89.02,91.49,0.0000,0.0000,0.0000,0.0000,0.0000,0.0000,0.0000,0.0000,0.0000,0.0000,104304,74663,53998,54750,86225,66964,95775,572442,131417,91336,0,0,0,0,0,0,0,0,0,0,0.0000,0.0000,0.0000,0.0000,0.0000,0.0000,0.0000,0.0000,0.0000,0.0000,0,0,0,0,0,0,0,0,0,0,0,0,0,0,0,0,0,0,0,0,0.1592,0.0990,0.1592,0.0790,0.1201,0.0446,0.0836,0.1357,0.0314,0.1393,0.000,0.000,0.000,0.000,0.000,0.000,0.000,0.000,0.000,0.000,semi-presidential,parliamentary,parliamentary,parliamentary,parliamentary,semi-presidential,semi-presidential,electoral-authoritarian,electoral-authoritarian,parliamentary,0.800,0.800,0.800,0.403,0.800,0.800,0.800,0.500,0.500,0.800,100.0,100.0,100.0,100.0,100.0,100.0,90.0,100.0,100.0,100.0
2034-09-01,1.0011,0.9751,0.9816,1.0012,0.9813,1.0039,0.9896,0.9932,0.9920,1.0109,1.0015,1.0032,1.0011,1.0442,1.0463,1.0160,0.9813,1.0358,0.9896,0.9932,0.9920,1.0109,1.0015,1.0035,4214.44,6044.46,4832.14,3084.27,2567.80,1593.57,218.73,3282.00,2583.42,607.76,0.9631,0.5848,0.8958,1.1942,0.7890,0.2374,1.2569,0.2970,0.1133,-1.0287,0.6875,0.7410,0.7108,0.6963,0.7827,0.7761,0.6662,0.7112,0.7120,0.7297,0.0141,0.0112,0.0147,0.0158,0.0134,0.0070,0.0006,0.0000,0.0083,0.0011,0.9350,0.9399,0.9692,0.9458,0.9383,0.9530,0.9962,1.0000,0.9604,1.0000,64.21,220.37,92.78,63.66,77.72,14.66,7.65,306.41,88.50,91.61,0.0000,0.0000,0.0000,0.0000,0.0000,0.0000,0.0000,0.0000,0.0000,0.0000,104304,74663,53998,54750,86225,66964,95775,572442,131417,91336,0,0,0,0,0,0,0,0,0,0,0.0000,0.0000,0.0000,0.0000,0.0000,0.0000,0.0000,0.0000,0.0000,0.0000,0,0,0,0,0,0,0,0,0,0,0,0,0,0,0,0,0,0,0,0,0.1609,0.1002,0.1603,0.0810,0.1216,0.0456,0.0878,0.1349,0.0322,0.1379,0.000,0.000,0.000,0.000,0.000,0.000,0.000,0.000,0.000,0.000,semi-presidential,parliamentary,parliamentary,parliamentary,parliamentary,semi-presidential,semi-presidential,electoral-authoritarian,electoral-authoritarian,parliamentary,0.800,0.800,0.800,0.413,0.800,0.800,0.800,0.500,0.500,0.800,100.0,100.0,100.0,100.0,100.0,100.0,93.1,100.0,100.0,100.0
2034-10-01,0.9984,0.9767,0.9817,1.0003,0.9788,1.0069,0.9890,0.9927,0.9919,1.0124,0.9985,1.0049,0.9984,1.0168,0.9882,1.0090,0.9788,1.0822,0.9890,0.9927,0.9919,1.0124,0.9985,1.0052,4229.48,6070.83,4869.71,3097.86,2581.99,1604.15,218.83,3298.43,2592.72,609.14,0.9597,0.5825,0.8890,1.1889,0.7847,0.2338,1.2568,0.2969,0.1122,-1.0411,0.6908,0.7247,0.7294,0.6939,0.7440,0.7871,0.6748,0.7587,0.7146,0.7332,0.0071,0.0069,0.0092,0.0064,0.0061,0.0050,0.0003,0.0000,0.0039,0.0002,0.9628,0.9640,0.9825,0.9689,0.9666,0.9712,0.9977,1.0000,0.9766,1.0000,65.06,221.24,93.98,65.82,78.82,14.63,7.72,311.68,89.72,91.85,0.0000,0.0000,0.0000,0.0000,0.0000,0.0000,0.0000,0.0000,0.0000,0.0000,104304,74663,53998,54750,86225,66964,95775,572442,131417,91336,0,0,0,0,0,0,0,0,0,0,0.0000,0.0000,0.0000,0.0000,0.0000,0.0000,0.0000,0.0000,0.0000,0.0000,0,0,0,0,0,0,0,0,0,0,0,0,0,0,0,0,0,0,0,0,0.1626,0.1010,0.1613,0.0831,0.1225,0.0466,0.0903,0.1368,0.0334,0.1371,0.000,0.000,0.000,0.000,0.000,0.000,0.000,0.000,0.000,0.000,semi-presidential,parliamentary,parliamentary,parliamentary,parliamentary,semi-presidential,semi-presidential,electoral-authoritarian,electoral-authoritarian,parliamentary,0.800,0.800,0.800,0.423,0.800,0.800,0.800,0.500,0.500,0.800,100.0,105.0,100.0,100.0,100.0,100.0,96.3,100.0,100.0,100.0
2034-11-01,0.9950,0.9776,0.9822,0.9948,0.9751,1.0104,0.9911,0.9942,0.9939,1.0124,0.9976,1.0030,0.9950,1.0007,1.0040,0.9948,0.9751,1.0914,1.0317,1.0181,1.0261,1.0124,0.9976,1.0030,4242.07,6097.82,4885.40,3115.90,2585.89,1615.13,218.67,3306.16,2601.38,609.34,0.9570,0.5801,0.8862,1.1821,0.7885,0.2302,1.2582,0.2977,0.1111,-1.0555,0.6936,0.7464,0.7676,0.7018,0.7592,0.7891,0.6782,0.7556,0.6962,0.7341,0.0083,0.0055,0.0077,0.0058,0.0074,0.0035,0.0038,0.0016,0.0045,0.0049,0.9794,0.9784,0.9903,0.9826,0.9832,0.9821,0.9985,1.0000,0.9862,1.0000,65.14,222.94,94.59,66.15,79.19,14.93,7.80,311.70,89.86,92.14,0.0000,0.0000,0.0000,0.0000,0.0000,0.0000,0.0000,0.0000,0.0000,0.0000,104304,74663,53998,54750,86225,66964,95775,572442,131417,91336,0,0,0,0,0,0,0,0,0,0,0.0000,0.0000,0.0000,0.0000,0.0000,0.0000,0.0000,0.0000,0.0000,0.0000,0,0,0,0,0,0,0,0,0,0,0,0,0,0,0,0,0,0,0,0,0.1487,0.0946,0.1490,0.0762,0.1125,0.0427,0.0855,0.1316,0.0292,0.1343,0.000,0.000,0.000,0.000,0.000,0.000,0.000,0.000,0.000,0.000,semi-presidential,parliamentary,parliamentary,parliamentary,parliamentary,semi-presidential,semi-presidential,electoral-authoritarian,electoral-authoritarian,parliamentary,0.800,0.800,0.800,0.433,0.800,0.800,0.800,0.500,0.500,0.800,100.0,100.0,100.0,100.0,100.0,100.0,99.4,100.0,100.0,100.0
2034-12-01,0.9930,0.9810,0.9846,0.9902,0.9730,1.0130,0.9957,0.9952,0.9944,1.0124,0.9970,0.9996,0.9930,1.0660,1.0767,1.0014,0.9730,1.0790,1.1076,1.0225,1.0122,1.0124,0.9970,0.9996,4241.76,6123.79,4898.02,3121.78,2593.02,1621.23,219.23,3317.68,2605.60,610.91,0.9572,0.5779,0.8840,1.1800,0.7863,0.2273,1.2556,0.2981,0.1102,-1.0674,0.6904,0.7676,0.7543,0.6807,0.7250,0.7962,0.6460,0.7171,0.6676,0.7185,0.0234,0.0146,0.0253,0.0170,0.0214,0.0088,0.0060,0.0014,0.0116,0.0090,0.9198,0.9268,0.9621,0.9333,0.9229,0.9432,0.9956,1.0000,0.9517,1.0000,65.76,224.97,97.07,67.18,79.98,15.21,7.82,314.59,90.22,92.27,0.0000,0.0000,0.0000,0.0000,0.0000,0.0000,0.0000,0.0000,0.0000,0.0000,104304,74663,53998,54750,86225,66964,95775,572442,131417,91336,0,0,0,0,0,0,0,0,0,0,0.0000,0.0000,0.0000,0.0000,0.0000,0.0000,0.0000,0.0000,0.0000,0.0000,0,0,0,0,0,0,0,0,0,0,0,0,0,0,0,0,0,0,0,0,0.1368,0.0913,0.1358,0.0691,0.1020,0.0391,0.0836,0.1292,0.0255,0.1344,0.000,0.000,0.000,0.000,0.000,0.000,0.000,0.000,0.000,0.000,semi-presidential,parliamentary,parliamentary,parliamentary,parliamentary,semi-presidential,semi-presidential,electoral-authoritarian,electoral-authoritarian,parliamentary,0.800,0.800,0.800,0.443,0.800,0.800,0.800,0.500,0.500,0.800,100.0,100.0,100.0,100.0,100.0,100.0,100.0,100.0,100.0,100.0
2035-01-01,0.9925,0.9856,0.9878,0.9887,0.9708,1.0142,1.0034,0.9964,0.9945,1.0123,0.9968,0.9960,0.9925,1.0958,1.1004,1.0020,0.9708,1.0426,1.1703,1.0198,0.9978,1.0123,0.9968,0.9960,4226.36,6126.91,4886.74,3122.43,2591.33,1630.55,219.52,3330.02,2618.31,610.57,0.9609,0.5778,0.8861,1.1800,0.7869,0.2240,1.2546,0.2985,0.1091,-1.0828,0.6676,0.7755,0.7262,0.6385,0.7089,0.7665,0.6578,0.7235,0.6576,0.7229,0.0289,0.0173,0.0299,0.0209,0.0264,0.0104,0.0072,0.0011,0.0137,0.0112,0.8960,0.9065,0.9509,0.9135,0.8984,0.9280,0.9945,1.0000,0.9377,1.0000,66.66,227.75,98.71,68.14,81.58,15.49,7.87,320.03,91.10,92.81,0.0000,0.0000,0.0000,0.0000,0.0000,0.0000,0.0000,0.0000,0.0000,0.0000,104304,74663,53998,54750,86225,66964,95775,572442,131417,91336,0,0,0,0,0,0,0,0,0,0,0.0000,0.0000,0.0000,0.0000,0.0000,0.0000,0.0000,0.0000,0.0000,0.0000,0,0,0,0,0,0,0,0,0,0,0,0,0,0,0,0,0,0,0,0,0.1350,0.0892,0.1328,0.0665,0.0995,0.0372,0.0818,0.1296,0.0235,0.1371,0.000,0.000,0.000,0.000,0.000,0.000,0.000,0.000,0.000,0.000,semi-presidential,parliamentary,parliamentary,parliamentary,parliamentary,semi-presidential,semi-presidential,electoral-authoritarian,electoral-authoritarian,parliamentary,0.800,0.800,0.800,0.453,0.800,0.800,0.800,0.500,0.500,0.800,100.0,100.0,100.0,100.0,100.0,100.0,100.0,100.0,100.0,100.0
2035-02-01,0.9919,0.9887,0.9915,0.9885,0.9712,1.0130,1.0069,0.9979,0.9945,1.0095,0.9970,0.9952,0.9919,1.0648,1.1186,1.0046,0.9750,1.0130,1.0863,1.0293,0.9966,1.0095,1.0062,0.9952,4245.58,6133.04,4905.13,3129.18,2602.32,1641.81,219.62,3339.60,2626.23,611.33,0.9567,0.5775,0.8828,1.1777,0.7836,0.2206,1.2548,0.2991,0.1080,-1.0962,0.6357,0.7399,0.6688,0.6168,0.6679,0.7761,0.6509,0.7373,0.6729,0.6970,0.0228,0.0132,0.0253,0.0207,0.0218,0.0071,0.0049,0.0007,0.0112,0.0095,0.9289,0.9345,0.9665,0.9408,0.9324,0.9490,0.9961,1.0000,0.9569,1.0000,66.51,228.90,98.50,67.29,81.48,15.78,7.87,320.41,91.33,92.90,0.0000,0.0000,0.0000,0.0000,0.0000,0.0000,0.0000,0.0000,0.0000,0.0000,104304,74663,53998,54750,86225,66964,95775,572442,131417,91336,0,0,0,0,0,0,0,0,0,0,0.0000,0.0000,0.0000,0.0000,0.0000,0.0000,0.0000,0.0000,0.0000,0.0000,0,0,0,0,0,0,0,0,0,0,0,0,0,0,0,0,0,0,0,0,0.1494,0.0967,0.1486,0.0736,0.1114,0.0399,0.0864,0.1327,0.0260,0.1379,0.000,0.000,0.000,0.000,0.000,0.000,0.000,0.000,0.000,0.000,semi-presidential,parliamentary,parliamentary,parliamentary,parliamentary,semi-presidential,semi-presidential,electoral-authoritarian,electoral-authoritarian,parliamentary,0.800,0.800,0.800,0.463,0.800,0.800,0.800,0.500,0.500,0.800,100.0,100.0,100.0,100.0,100.0,100.0,100.0,100.0,100.0,100.0
2035-03-01,0.9896,0.9913,0.9949,0.9889,0.9682,1.0119,1.0055,0.9991,0.9932,1.0088,0.9980,0.9968,0.9896,1.0608,1.1255,1.0078,0.9682,1.0119,1.0055,1.0279,0.9932,1.0088,1.0256,0.9971,4258.18,6159.28,4915.47,3142.91,2607.53,1649.94,219.98,3357.24,2637.27,610.92,0.9541,0.5753,0.8810,1.1728,0.7821,0.2175,1.2536,0.2990,0.1068,-1.1117,0.6593,0.7355,0.6876,0.6257,0.6935,0.7889,0.6400,0.7155,0.6932,0.6970,0.0202,0.0126,0.0220,0.0214,0.0188,0.0066,0.0028,0.0003,0.0107,0.0056,0.9353,0.9400,0.9696,0.9461,0.9389,0.9532,0.9965,1.0000,0.9606,1.0000,65.86,228.21,98.15,65.98,80.29,16.16,7.82,315.71,90.50,92.98,0.0000,0.0000,0.0000,0.0000,0.0000,0.0000,0.0000,0.0000,0.0000,0.0000,104304,74663,53998,54750,86225,66964,95775,572442,131417,91336,0,0,0,0,0,0,0,0,0,0,0.0000,0.0000,0.0000,0.0000,0.0000,0.0000,0.0000,0.0000,0.0000,0.0000,0,0,0,0,0,0,0,0,0,0,0,0,0,0,0,0,0,0,0,0,0.1558,0.1000,0.1554,0.0766,0.1168,0.0423,0.0869,0.1323,0.0278,0.1393,0.000,0.000,0.000,0.000,0.000,0.000,0.000,0.000,0.000,0.000,semi-presidential,parliamentary,parliamentary,parliamentary,parliamentary,semi-presidential,semi-presidential,electoral-authoritarian,electoral-authoritarian,parliamentary,0.800,0.800,0.800,0.473,0.800,0.800,0.800,0.500,0.500,0.800,100.0,100.0,100.0,100.0,100.0,100.0,100.0,100.0,100.0,100.0
2035-04-01,0.9853,0.9944,0.9967,0.9872,0.9667,1.0114,1.0038,1.0008,0.9907,1.0060,0.9987,0.9957,0.9853,1.0676,1.0655,0.9982,0.9667,1.0114,1.0038,1.0254,0.9907,1.0060,1.0115,0.9957,4279.60,6147.74,4913.02,3155.10,2618.20,1661.48,220.74,3368.14,2644.06,611.96,0.9495,0.5766,0.8815,1.1684,0.7790,0.2141,1.2501,0.2995,0.1058,-1.1245,0.6670,0.7569,0.6894,0.6467,0.6940,0.7783,0.6433,0.7293,0.6883,0.6871,0.0158,0.0110,0.0175,0.0126,0.0148,0.0069,0.0021,0.0002,0.0085,0.0034,0.9319,0.9371,0.9680,0.9433,0.9354,0.9510,0.9964,1.0000,0.9587,1.0000,65.24,228.67,100.84,68.52,80.35,16.32,7.93,313.78,90.41,93.19,0.0000,0.0000,0.0000,0.0000,0.0000,0.0000,0.0000,0.0000,0.0000,0.0000,104304,74663,53998,54750,86225,66964,95775,572442,131417,91336,0,0,0,0,0,0,0,0,0,0,0.0000,0.0000,0.0000,0.0000,0.0000,0.0000,0.0000,0.0000,0.0000,0.0000,0,0,0,0,0,0,0,0,0,0,0,0,0,0,0,0,0,0,0,0,0.1482,0.0968,0.1483,0.0743,0.1107,0.0400,0.0871,0.1288,0.0261,0.1365,0.000,0.000,0.000,0.000,0.000,0.000,0.000,0.000,0.000,0.000,semi-presidential,parliamentary,parliamentary,parliamentary,parliamentary,semi-presidential,semi-presidential,electoral-authoritarian,electoral-authoritarian,parliamentary,0.800,0.800,0.800,0.483,0.800,0.800,0.800,0.500,0.500,0.800,100.0,100.0,100.0,100.0,100.0,100.0,100.0,100.0,100.0,100.0
2035-05-01,0.9830,0.9992,0.9967,0.9827,0.9651,1.0112,1.0033,1.0021,0.9891,1.0024,1.0008,0.9931,0.9830,1.1204,0.9967,0.9831,0.9651,1.0112,1.0033,1.0235,0.9891,1.0024,1.0471,0.9931,4279.85,6163.95,4912.17,3157.99,2619.80,1668.86,221.16,3380.30,2656.77,614.35,0.9496,0.5753,0.8848,1.1675,0.7786,0.2113,1.2486,0.2998,0.1046,-1.1349,0.6811,0.7194,0.6683,0.6510,0.7087,0.7882,0.6713,0.7229,0.6761,0.7017,0.0184,0.0142,0.0108,0.0132,0.0172,0.0109,0.0033,0.0003,0.0095,0.0038,0.8867,0.8983,0.9468,0.9058,0.8889,0.9218,0.9944,1.0000,0.9325,1.0000,66.20,229.08,100.61,69.75,81.96,16.53,7.97,319.37,91.90,93.59,0.0000,0.0000,0.0000,0.0000,0.0000,0.0000,0.0000,0.0000,0.0000,0.0000,104304,74663,53998,54750,86225,66964,95775,572442,131417,91336,0,0,0,0,0,0,0,0,0,0,0.0000,0.0000,0.0000,0.0000,0.0000,0.0000,0.0000,0.0000,0.0000,0.0000,0,0,0,0,0,0,0,0,0,0,0,0,0,0,0,0,0,0,0,0,0.1353,0.0897,0.1353,0.0676,0.1007,0.0395,0.0835,0.1257,0.0223,0.1342,0.000,0.000,0.000,0.000,0.000,0.000,0.000,0.000,0.000,0.000,semi-presidential,parliamentary,parliamentary,parliamentary,parliamentary,semi-presidential,semi-presidential,electoral-authoritarian,electoral-authoritarian,parliamentary,0.800,0.800,0.800,0.493,0.800,0.800,0.800,0.500,0.500,0.800,100.0,100.0,100.0,100.0,100.0,100.0,100.0,100.0,100.0,100.0
2035-06-01,0.9812,0.9994,0.9994,0.9782,0.9647,1.0117,1.0022,1.0056,0.9909,0.9989,1.0038,0.9917,0.9812,1.0029,1.0958,0.9793,0.9647,1.0246,1.0022,1.0709,1.0253,0.9989,1.0787,0.9917,4282.81,6181.95,4916.56,3167.02,2626.53,1678.06,221.32,3397.08,2663.56,615.05,0.9491,0.5739,0.8840,1.1644,0.7766,0.2082,1.2483,0.2998,0.1036,-1.1483,0.6624,0.7285,0.6579,0.6434,0.6865,0.7691,0.6748,0.7377,0.6803,0.7320,0.0127,0.0038,0.0148,0.0075,0.0117,0.0005,0.0070,0.0020,0.0054,0.0109,0.9969,0.9968,0.9986,0.9974,0.9975,0.9974,0.9998,1.0000,0.9980,1.0000,66.79,232.25,102.76,70.58,82.80,17.10,8.11,320.82,91.65,94.18,0.0000,0.0000,0.0000,0.0000,0.0000,0.0000,0.0000,0.0000,0.0000,0.0000,104304,74663,53998,54750,86225,66964,95775,572442,131417,91336,0,0,0,0,0,0,0,0,0,0,0.0000,0.0000,0.0000,0.0000,0.0000,0.0000,0.0000,0.0000,0.0000,0.0000,0,0,0,0,0,0,0,0,0,0,0,0,0,0,0,0,0,0,0,0,0.1416,0.0928,0.1421,0.0707,0.1054,0.0406,0.0860,0.1266,0.0228,0.1345,0.000,0.000,0.000,0.000,0.000,0.000,0.000,0.000,0.000,0.000,semi-presidential,parliamentary,parliamentary,parliamentary,parliamentary,semi-presidential,semi-presidential,electoral-authoritarian,electoral-authoritarian,parliamentary,0.800,0.800,0.800,0.503,0.800,0.800,0.800,0.500,0.500,0.800,100.0,100.0,100.0,100.0,100.0,100.0,100.0,100.0,100.0,100.0
2035-07-01,0.9818,0.9994,0.9997,0.9738,0.9658,1.0111,0.9986,1.0041,0.9927,0.9979,1.0066,0.9884,1.0013,0.9994,1.0116,0.9834,0.9756,1.0111,0.9986,1.0041,1.0358,0.9979,1.0835,0.9884,4284.83,6187.27,4906.65,3176.39,2624.51,1687.18,222.03,3397.61,2670.39,615.24,0.9489,0.5736,0.8859,1.1611,0.7773,0.2053,1.2448,0.3012,0.1026,-1.1627,0.6586,0.7386,0.6601,0.6497,0.6910,0.7737,0.6622,0.7527,0.6818,0.7226,0.0047,0.0017,0.0121,0.0041,0.0074,0.0011,0.0047,0.0019,0.0026,0.0079,1.0000,1.0000,1.0000,1.0000,1.0000,1.0000,1.0000,1.0000,1.0000,1.0000,67.83,233.73,103.39,71.15,83.89,16.98,8.02,327.58,93.35,94.12,0.0000,0.0000,0.0000,0.0000,0.0000,0.0000,0.0000,0.0000,0.0000,0.0000,104304,74663,53998,54750,86225,66964,95775,572442,131417,91336,0,0,0,0,0,0,0,0,0,0,0.0000,0.0000,0.0000,0.0000,0.0000,0.0000,0.0000,0.0000,0.0000,0.0000,0,0,0,0,0,0,0,0,0,0,0,0,0,0,0,0,0,0,0,0,0.1271,0.0851,0.1271,0.0623,0.0939,0.0365,0.0828,0.1251,0.0192,0.1347,0.000,0.000,0.000,0.000,0.000,0.000,0.000,0.000,0.000,0.000,semi-presidential,parliamentary,parliamentary,parliamentary,parliamentary,semi-presidential,semi-presidential,electoral-authoritarian,electoral-authoritarian,parliamentary,0.800,0.800,0.800,0.513,0.800,0.800,0.800,0.500,0.500,0.800,100.0,100.0,100.0,100.0,100.0,100.0,100.0,100.0,100.0,100.0
2035-08-01,0.9811,0.9986,0.9982,0.9716,0.9692,1.0134,0.9971,1.0029,0.9919,0.9984,1.0086,0.9885,0.9811,0.9986,0.9982,0.9813,0.9908,1.0673,0.9971,1.0029,0.9919,0.9985,1.0583,0.9885,4296.32,6191.34,4921.41,3179.91,2637.30,1697.85,222.50,3405.78,2678.76,616.25,0.9465,0.5735,0.8833,1.1600,0.7735,0.2021,1.2422,0.3019,0.1015,-1.1755,0.6568,0.7319,0.6406,0.6570,0.6646,0.7811,0.6856,0.7170,0.6679,0.7065,0.0025,0.0011,0.0114,0.0047,0.0065,0.0007,0.0016,0.0002,0.0003,0.0096,1.0000,1.0000,1.0000,1.0000,1.0000,1.0000,1.0000,1.0000,1.0000,1.0000,67.43,233.04,102.53,70.82,83.06,16.86,8.00,325.90,93.11,94.00,0.0000,0.0000,0.0000,0.0000,0.0000,0.0000,0.0000,0.0000,0.0000,0.0000,104304,74663,53998,54750,86225,66964,95775,572442,131417,91336,0,0,0,0,0,0,0,0,0,0,0.0000,0.0000,0.0000,0.0000,0.0000,0.0000,0.0000,0.0000,0.0000,0.0000,0,0,0,0,0,0,0,0,0,0,0,0,0,0,0,0,0,0,0,0,0.1485,0.0949,0.1484,0.0726,0.1097,0.0408,0.0868,0.1277,0.0229,0.1364,0.000,0.000,0.000,0.000,0.000,0.000,0.000,0.000,0.000,0.000,semi-presidential,parliamentary,parliamentary,parliamentary,parliamentary,semi-presidential,semi-presidential,electoral-authoritarian,electoral-authoritarian,parliamentary,0.800,0.800,0.800,0.523,0.800,0.800,0.800,0.500,0.500,0.800,100.0,100.0,100.0,100.0,100.0,100.0,100.0,100.0,100.0,100.0
2035-09-01,0.9807,0.9970,0.9982,0.9731,0.9711,1.0109,0.9964,1.0004,0.9902,0.9999,1.0095,0.9914,0.9807,0.9970,0.9982,0.9927,0.9850,1.0109,0.9964,1.0004,0.9902,1.0012,1.0395,0.9919,4318.97,6196.68,4935.78,3182.60,2643.59,1710.19,223.28,3423.57,2691.06,616.49,0.9417,0.5732,0.8805,1.1592,0.7718,0.1989,1.2346,0.3018,0.1003,-1.1898,0.6694,0.7335,0.6787,0.6392,0.7050,0.7892,0.6872,0.7070,0.6648,0.7129,0.0009,0.0000,0.0087,0.0086,0.0038,0.0000,0.0009,0.0001,0.0000,0.0060,1.0000,1.0000,1.0000,1.0000,1.0000,1.0000,1.0000,1.0000,1.0000,1.0000,67.34,231.64,99.01,67.35,82.18,16.66,7.86,326.13,93.07,93.50,0.0000,0.0000,0.0000,0.0000,0.0000,0.0000,0.0000,0.0000,0.0000,0.0000,104304,74663,53998,54750,86225,66964,95775,572442,131417,91336,0,0,0,0,0,0,0,0,0,0,0.0000,0.0000,0.0000,0.0000,0.0000,0.0000,0.0000,0.0000,0.0000,0.0000,0,0,0,0,0,0,0,0,0,0,0,0,0,0,0,0,0,0,0,0,0.1510,0.0967,0.1508,0.0728,0.1129,0.0428,0.0886,0.1308,0.0255,0.1388,0.000,0.000,0.000,0.000,0.000,0.000,0.000,0.000,0.000,0.000,semi-presidential,parliamentary,parliamentary,parliamentary,parliamentary,semi-presidential,semi-presidential,electoral-authoritarian,electoral-authoritarian,parliamentary,0.800,0.800,0.800,0.533,0.800,0.800,0.800,0.500,0.500,0.800,100.0,100.0,100.0,100.0,100.0,100.0,100.0,100.0,100.0,100.0
2035-10-01,0.9798,0.9976,0.9966,0.9734,0.9691,1.0086,0.9978,1.0008,0.9901,1.0018,1.0093,0.9922,0.9798,1.0139,0.9966,0.9905,0.9691,1.0086,1.0280,1.0065,0.9901,1.0024,1.0093,0.9924,4331.18,6209.68,4944.74,3178.41,2646.27,1718.08,222.92,3438.92,2708.27,617.60,0.9392,0.5723,0.8789,1.1609,0.7712,0.1962,1.2231,0.3020,0.0989,-1.2023,0.6855,0.7315,0.6956,0.6312,0.7068,0.8058,0.6978,0.7245,0.6895,0.7069,0.0032,0.0021,0.0086,0.0061,0.0024,0.0017,0.0013,0.0002,0.0014,0.0019,0.9856,0.9849,0.9933,0.9879,0.9884,0.9876,0.9991,1.0000,0.9904,1.0000,67.46,234.86,100.60,68.43,82.91,16.86,8.00,326.92,94.23,93.75,0.0000,0.0000,0.0000,0.0000,0.0000,0.0000,0.0000,0.0000,0.0000,0.0000,104304,74663,53998,54750,86225,66964,95775,572442,131417,91336,0,0,0,0,0,0,0,0,0,0,0.0000,0.0000,0.0000,0.0000,0.0000,0.0000,0.0000,0.0000,0.0000,0.0000,0,0,0,0,0,0,0,0,0,0,0,0,0,0,0,0,0,0,0,0,0.1520,0.0977,0.1517,0.0740,0.1137,0.0434,0.0865,0.1297,0.0258,0.1385,0.000,0.000,0.000,0.000,0.000,0.000,0.000,0.000,0.000,0.000,semi-presidential,parliamentary,parliamentary,parliamentary,parliamentary,semi-presidential,semi-presidential,electoral-authoritarian,electoral-authoritarian,parliamentary,0.800,0.800,0.800,0.543,0.800,0.800,0.800,0.500,0.500,0.800,100.0,100.0,100.0,100.0,100.0,100.0,100.0,100.0,100.0,100.0
2035-11-01,0.9782,0.9975,0.9970,0.9747,0.9668,1.0066,0.9974,0.9969,0.9882,1.0037,1.0087,0.9931,0.9782,0.9975,1.0134,0.9933,0.9668,1.0066,0.9974,0.9969,0.9882,1.0046,1.0087,0.9932,4332.34,6233.64,4955.36,3193.64,2653.46,1727.20,223.84,3449.07,2719.24,617.50,0.9388,0.5703,0.8771,1.1552,0.7692,0.1936,1.2048,0.3025,0.0978,-1.2172,0.6800,0.7370,0.7000,0.6077,0.6950,0.7684,0.6543,0.7390,0.7136,0.7224,0.0012,0.0006,0.0068,0.0070,0.0012,0.0000,0.0000,0.0000,0.0006,0.0003,1.0000,1.0000,1.0000,1.0000,1.0000,1.0000,1.0000,1.0000,1.0000,1.0000,67.06,232.59,97.91,66.73,81.74,16.35,7.85,325.73,94.26,93.42,0.0000,0.0000,0.0000,0.0000,0.0000,0.0000,0.0000,0.0000,0.0000,0.0000,104304,74663,53998,54750,86225,66964,95775,572442,131417,91336,0,0,0,0,0,0,0,0,0,0,0.0000,0.0000,0.0000,0.0000,0.0000,0.0000,0.0000,0.0000,0.0000,0.0000,0,0,0,0,0,0,0,0,0,0,0,0,0,0,0,0,0,0,0,0,0.1530,0.0976,0.1523,0.0735,0.1142,0.0435,0.0860,0.1303,0.0264,0.1387,0.000,0.000,0.000,0.000,0.000,0.000,0.000,0.000,0.000,0.000,semi-presidential,parliamentary,parliamentary,parliamentary,parliamentary,semi-presidential,semi-presidential,electoral-authoritarian,electoral-authoritarian,parliamentary,0.800,0.800,0.800,0.553,0.800,0.800,0.800,0.500,0.500,0.800,100.0,100.0,100.0,100.0,100.0,100.0,100.0,100.0,100.0,100.0
2035-12-01,0.9721,0.9943,0.9981,0.9771,0.9676,1.0079,0.9984,0.9938,0.9887,1.0040,1.0094,0.9940,0.9721,0.9943,1.0407,0.9986,0.9740,1.0387,1.0246,0.9938,1.0009,1.0044,1.0299,0.9941,4341.19,6233.54,4960.90,3200.80,2669.57,1741.46,224.35,3462.24,2729.51,616.51,0.9369,0.5706,0.8761,1.1526,0.7647,0.1904,1.1890,0.3029,0.0967,-1.2338,0.6652,0.7562,0.7063,0.6454,0.7088,0.7635,0.6808,0.7461,0.7255,0.7190,0.0050,0.0020,0.0117,0.0124,0.0061,0.0004,0.0019,0.0007,0.0023,0.0051,1.0000,1.0000,1.0000,1.0000,1.0000,1.0000,1.0000,1.0000,1.0000,1.0000,64.72,229.73,95.27,64.59,78.44,16.02,7.85,313.58,92.04,92.70,0.0000,0.0000,0.0000,0.0000,0.0000,0.0000,0.0000,0.0000,0.0000,0.0000,104304,74663,53998,54750,86225,66964,95775,572442,131417,91336,0,0,0,0,0,0,0,0,0,0,0.0000,0.0000,0.0000,0.0000,0.0000,0.0000,0.0000,0.0000,0.0000,0.0000,0,0,0,0,0,0,0,0,0,0,0,0,0,0,0,0,0,0,0,0,0.1535,0.0984,0.1532,0.0740,0.1145,0.0439,0.0903,0.1274,0.0269,0.1382,0.000,0.000,0.000,0.000,0.000,0.000,0.000,0.000,0.000,0.000,semi-presidential,parliamentary,parliamentary,parliamentary,parliamentary,semi-presidential,semi-presidential,electoral-authoritarian,electoral-authoritarian,parliamentary,0.800,0.800,0.800,0.563,0.800,0.800,0.800,0.500,0.500,0.800,100.0,100.0,100.0,100.0,100.0,100.0,100.0,100.0,100.0,90.0
2036-01-01,0.9666,0.9925,0.9976,0.9815,0.9711,1.0071,0.9997,0.9916,0.9872,1.0062,1.0116,0.9939,0.9666,0.9925,0.9976,1.0048,0.9933,1.0071,1.0280,0.9916,0.9872,1.0080,1.0680,0.9939,4360.45,6246.25,4983.65,3211.28,2682.50,1751.40,224.90,3466.71,2742.60,617.98,0.9327,0.5696,0.8722,1.1489,0.7611,0.1877,1.1733,0.3040,0.0955,-1.2455,0.6648,0.7390,0.6957,0.6542,0.7405,0.7904,0.6865,0.7492,0.7124,0.7054,0.0026,0.0000,0.0112,0.0130,0.0067,0.0000,0.0026,0.0003,0.0000,0.0115,1.0000,1.0000,1.0000,1.0000,1.0000,1.0000,1.0000,1.0000,1.0000,1.0000,64.71,228.94,94.39,65.11,78.58,15.78,7.76,315.41,92.70,92.52,0.0000,0.0000,0.0000,0.0000,0.0000,0.0000,0.0000,0.0000,0.0000,0.0000,104304,74663,53998,54750,86225,66964,95775,572442,131417,91336,0,0,0,0,0,0,0,0,0,0,0.0000,0.0000,0.0000,0.0000,0.0000,0.0000,0.0000,0.0000,0.0000,0.0000,0,0,0,0,0,0,0,0,0,0,0,0,0,0,0,0,0,0,0,0,0.1531,0.0979,0.1523,0.0738,0.1146,0.0438,0.0906,0.1278,0.0271,0.1379,0.000,0.000,0.000,0.000,0.000,0.000,0.000,0.000,0.000,0.000,semi-presidential,parliamentary,parliamentary,parliamentary,parliamentary,semi-presidential,semi-presidential,electoral-authoritarian,electoral-authoritarian,parliamentary,0.800,0.800,0.800,0.573,0.800,0.800,0.800,0.500,0.500,0.800,100.0,100.0,100.0,100.0,100.0,100.0,100.0,100.0,100.0,92.9
