date,price_oil,price_gas,price_coal,price_electricity,price_food,price_critical-minerals,price_steel,price_consumer-goods,price_electronics,price_arms,price_pharma,price_services,import_price_oil,import_price_gas,import_price_coal,import_price_electricity,import_price_food,import_price_critical-minerals,import_price_steel,import_price_consumer-goods,import_price_electronics,import_price_arms,import_price_pharma,import_price_services,gdp_FRA,gdp_DEU,gdp_GBR,gdp_ITA,gdp_ESP,gdp_POL,gdp_UKR,gdp_RUS,gdp_TUR,gdp_NOR,debt_FRA,debt_DEU,debt_GBR,debt_ITA,debt_ESP,debt_POL,debt_UKR,debt_RUS,debt_TUR,debt_NOR,stability_FRA,stability_DEU,stability_GBR,stability_ITA,stability_ESP,stability_POL,stability_UKR,stability_RUS,stability_TUR,stability_NOR,shortage_FRA,shortage_DEU,shortage_GBR,shortage_ITA,shortage_ESP,shortage_POL,shortage_UKR,shortage_RUS,shortage_TUR,shortage_NOR,gas_coverage_FRA,gas_coverage_DEU,gas_coverage_GBR,gas_coverage_ITA,gas_coverage_ESP,gas_coverage_POL,gas_coverage_UKR,gas_coverage_RUS,gas_coverage_TUR,gas_coverage_NOR,maritime_trade_FRA,maritime_trade_DEU,maritime_trade_GBR,maritime_trade_ITA,maritime_trade_ESP,maritime_trade_POL,maritime_trade_UKR,maritime_trade_RUS,maritime_trade_TUR,maritime_trade_NOR,blockade_FRA,blockade_DEU,blockade_GBR,blockade_ITA,blockade_ESP,blockade_POL,blockade_UKR,blockade_RUS,blockade_TUR,blockade_NOR,tiles_FRA,tiles_DEU,tiles_GBR,tiles_ITA,tiles_ESP,tiles_POL,tiles_UKR,tiles_RUS,tiles_TUR,tiles_NOR,contested_FRA,contested_DEU,contested_GBR,contested_ITA,contested_ESP,contested_POL,contested_UKR,contested_RUS,contested_TUR,contested_NOR,exhaustion_FRA,exhaustion_DEU,exhaustion_GBR,exhaustion_ITA,exhaustion_ESP,exhaustion_POL,exhaustion_UKR,exhaustion_RUS,exhaustion_TUR,exhaustion_NOR,sanctions_against_FRA,sanctions_against_DEU,sanctions_against_GBR,sanctions_against_ITA,sanctions_against_ESP,sanctions_against_POL,sanctions_against_UKR,sanctions_against_RUS,sanctions_against_TUR,sanctions_against_NOR,at_war_FRA,at_war_DEU,at_war_GBR,at_war_ITA,at_war_ESP,at_war_POL,at_war_UKR,at_war_RUS,at_war_TUR,at_war_NOR,export_share_FRA,export_share_DEU,export_share_GBR,export_share_ITA,export_share_ESP,export_share_POL,export_share_UKR,export_share_RUS,export_share_TUR,export_share_NOR,circumvention_FRA,circumvention_DEU,circumvention_GBR,circumvention_ITA,circumvention_ESP,circumvention_POL,circumvention_UKR,circumvention_RUS,circumvention_TUR,circumvention_NOR,regime_FRA,regime_DEU,regime_GBR,regime_ITA,regime_ESP,regime_POL,regime_UKR,regime_RUS,regime_TUR,regime_NOR,legitimacy_FRA,legitimacy_DEU,legitimacy_GBR,legitimacy_ITA,legitimacy_ESP,legitimacy_POL,legitimacy_UKR,legitimacy_RUS,legitimacy_TUR,legitimacy_NOR,capital_FRA,capital_DEU,capital_GBR,capital_ITA,capital_ESP,capital_POL,capital_UKR,capital_RUS,capital_TUR,capital_NOR
2026-01-01,1.0000,1.0000,1.0000,1.0000,1.0000,1.0000,1.0000,1.0000,1.0000,1.0000,1.0000,1.0000,1.0000,1.0000,1.0000,1.0000,1.0000,1.0000,1.0000,1.0000,1.0000,1.0000,1.0000,1.0000,3366.32,5050.92,4002.59,2551.56,1906.45,1035.49,214.23,2561.31,1597.29,530.76,1.1600,0.6290,1.0230,1.3710,1.0040,0.5880,1.0870,0.1720,0.2350,0.4500,0.6600,0.7169,0.6747,0.6374,0.6767,0.7200,0.6678,0.6750,0.6750,0.7200,0.0000,0.0000,0.0000,0.0000,0.0000,0.0000,0.0000,0.0000,0.0000,0.0000,1.0000,1.0000,1.0000,1.0000,1.0000,1.0000,1.0000,1.0000,1.0000,1.0000,0.00,0.00,0.00,0.00,0.00,0.00,0.00,0.00,0.00,0.00,0.0000,0.0000,0.0000,0.0000,0.0000,0.0000,0.0000,0.0000,0.0000,0.0000,104304,74663,53998,54750,86225,66964,95775,572442,131417,91336,0,0,0,0,0,0,0,0,0,0,0.0000,0.0000,0.0000,0.0000,0.0000,0.0000,0.0000,0.0000,0.0000,0.0000,0,0,0,0,0,0,0,0,0,0,0,0,0,0,0,0,1,1,0,0,0.1189,0.0742,0.1337,0.0486,0.0868,0.0115,0.0806,0.1082,0.0016,0.1382,0.000,0.000,0.000,0.000,0.000,0.000,0.000,0.000,0.000,0.000,semi-presidential,parliamentary,parliamentary,parliamentary,parliamentary,semi-presidential,semi-presidential,electoral-authoritarian,electoral-authoritarian,parliamentary,0.800,0.800,0.800,0.800,0.800,0.800,0.800,0.500,0.500,0.800,30.0,30.0,30.0,30.0,30.0,30.0,30.0,30.0,30.0,30.0
2026-02-01,1.0000,1.0000,1.0000,1.0000,1.0000,1.0000,1.0000,1.0000,1.0000,1.0000,1.0000,1.0000,1.0737,1.0272,1.0377,1.0397,1.0268,1.0569,1.0247,1.0247,1.0417,1.0274,1.0247,1.0000,3369.14,5044.70,4004.51,2557.01,1907.56,1037.94,212.75,2554.61,1603.00,532.29,1.1626,0.6309,1.0258,1.3723,1.0058,0.5883,1.0967,0.1749,0.2345,0.4341,0.6600,0.7169,0.6747,0.6374,0.6767,0.7200,0.6678,0.6750,0.6750,0.7200,0.0139,0.0114,0.0296,0.0205,0.0185,0.0000,0.0278,0.0025,0.0136,0.0141,0.9793,0.9788,0.9899,0.9779,0.9796,1.0000,0.9876,1.0000,0.9729,1.0000,51.01,181.68,76.61,51.95,59.59,9.30,4.26,233.40,55.90,79.13,0.0000,0.0000,0.0000,0.0000,0.0000,0.0000,0.4600,0.0438,0.0000,0.0000,104304,74663,53998,54750,86225,66964,95775,572442,131417,91336,0,0,0,0,0,0,0,0,0,0,0.0000,0.0000,0.0000,0.0000,0.0000,0.0000,0.0100,0.0100,0.0000,0.0000,0,0,0,0,0,0,0,1,0,0,0,0,0,0,0,0,1,1,0,0,0.1187,0.0734,0.1336,0.0478,0.0864,0.0114,0.0721,0.1044,0.0015,0.1354,0.000,0.000,0.000,0.000,0.000,0.000,0.000,0.000,0.000,0.000,semi-presidential,parliamentary,parliamentary,parliamentary,parliamentary,semi-presidential,semi-presidential,electoral-authoritarian,electoral-authoritarian,parliamentary,0.800,0.800,0.800,0.800,0.800,0.800,0.800,0.500,0.500,0.800,33.3,32.9,32.5,33.6,33.3,33.1,30.0,33.3,33.8,32.9
2026-03-01,0.9997,1.0030,1.0037,0.9985,0.9977,1.0016,0.9981,1.0017,1.0001,1.0021,0.9989,0.9992,1.0841,1.0932,1.1674,1.0116,1.0234,1.0583,0.9997,1.0235,1.0144,1.0352,1.0005,0.9992,3360.84,5044.90,3994.84,2564.79,1904.60,1043.85,211.29,2552.50,1611.30,532.66,1.1691,0.6325,1.0343,1.3726,1.0095,0.5829,1.1057,0.1776,0.2333,0.4191,0.6535,0.6966,0.6571,0.6368,0.6548,0.7198,0.5912,0.6364,0.6768,0.7204,0.0285,0.0212,0.0284,0.0312,0.0324,0.0053,0.0634,0.0015,0.0232,0.0130,0.9246,0.9295,0.9615,0.9322,0.9261,0.9620,0.9574,1.0000,0.9358,1.0000,50.45,182.23,76.63,52.85,59.79,9.30,5.76,232.22,55.65,79.31,0.0000,0.0000,0.0000,0.0000,0.0000,0.0000,0.4605,0.0439,0.0000,0.0000,104304,74663,53998,54750,86225,66964,95775,572442,131417,91336,0,0,0,0,0,0,0,0,0,0,0.0000,0.0000,0.0000,0.0000,0.0000,0.0000,0.0200,0.0200,0.0000,0.0000,0,0,0,0,0,0,0,1,0,0,0,0,0,0,0,0,1,1,0,0,0.1122,0.0707,0.1260,0.0454,0.0811,0.0112,0.0661,0.1007,0.0013,0.1321,0.000,0.000,0.000,0.000,0.000,0.000,0.030,0.147,0.000,0.000,semi-presidential,parliamentary,parliamentary,parliamentary,parliamentary,semi-presidential,semi-presidential,electoral-authoritarian,electoral-authoritarian,parliamentary,0.800,0.800,0.800,0.800,0.800,0.830,0.800,0.500,0.500,0.800,36.6,35.6,35.0,37.2,36.5,26.3,32.6,36.3,37.5,35.7
2026-04-01,0.9995,1.0043,1.0079,0.9995,0.9989,1.0020,0.9976,1.0009,0.9992,1.0013,0.9969,0.9969,1.0790,1.0360,1.1686,1.0480,1.0319,1.0576,1.0059,1.0055,1.0126,1.0040,0.9984,0.9969,3358.34,5047.55,3979.75,2564.98,1895.42,1047.36,210.39,2551.80,1617.29,533.13,1.1735,0.6338,1.0411,1.3766,1.0186,0.5789,1.1120,0.1801,0.2355,0.4041,0.6283,0.6910,0.6227,0.6482,0.6202,0.7536,0.5261,0.6314,0.6930,0.7072,0.0200,0.0154,0.0345,0.0287,0.0258,0.0004,0.0584,0.0011,0.0215,0.0140,0.9771,0.9762,0.9887,0.9762,0.9781,0.9971,0.9680,1.0000,0.9715,1.0000,49.84,180.18,75.55,51.31,58.07,9.30,5.57,229.15,55.46,79.01,0.0000,0.0000,0.0000,0.0000,0.0000,0.0000,0.4589,0.0421,0.0000,0.0000,104304,74663,53998,54750,86225,66964,95775,572442,131417,91336,0,0,0,0,0,0,0,0,0,0,0.0000,0.0000,0.0000,0.0000,0.0000,0.0000,0.0300,0.0300,0.0000,0.0000,0,0,0,0,0,0,0,1,0,0,0,0,0,0,0,0,1,1,0,0,0.1019,0.0652,0.1140,0.0397,0.0733,0.0114,0.0683,0.1007,0.0015,0.1333,0.000,0.000,0.000,0.000,0.000,0.000,0.027,0.147,0.000,0.000,semi-presidential,parliamentary,parliamentary,parliamentary,parliamentary,semi-presidential,semi-presidential,electoral-authoritarian,electoral-authoritarian,parliamentary,0.800,0.800,0.800,0.800,0.800,0.820,0.800,0.500,0.500,0.800,39.7,38.3,37.4,41.0,39.5,19.6,34.8,39.4,41.5,38.5
2026-05-01,0.9971,1.0058,1.0118,1.0002,0.9990,1.0024,1.0023,1.0002,1.0006,1.0043,0.9963,0.9960,1.0766,1.0451,1.1730,1.0561,1.0253,1.0587,1.1187,1.0017,1.0356,1.0768,0.9978,0.9960,3365.26,5046.12,3979.54,2562.02,1894.98,1050.75,209.21,2553.93,1619.64,532.69,1.1742,0.6356,1.0437,1.3821,1.0211,0.5749,1.1198,0.1825,0.2354,0.3898,0.6231,0.6919,0.5833,0.6210,0.5969,0.7426,0.5052,0.6353,0.6908,0.7003,0.0240,0.0174,0.0392,0.0314,0.0277,0.0011,0.0621,0.0029,0.0238,0.0170,0.9709,0.9694,0.9856,0.9707,0.9731,0.9921,0.9679,1.0000,0.9662,1.0000,49.17,178.20,74.06,51.09,56.89,9.38,5.47,225.03,55.17,78.96,0.0000,0.0000,0.0000,0.0000,0.0000,0.0000,0.4600,0.0437,0.0000,0.0000,104304,74663,53998,54750,86225,66964,95775,572442,131417,91336,0,0,0,0,0,0,0,0,0,0,0.0000,0.0000,0.0000,0.0000,0.0000,0.0000,0.0400,0.0400,0.0000,0.0000,0,0,0,0,0,0,0,1,0,0,0,0,0,0,0,0,1,1,0,0,0.1100,0.0681,0.1237,0.0429,0.0796,0.0114,0.0682,0.0990,0.0015,0.1342,0.000,0.000,0.000,0.000,0.000,0.000,0.026,0.147,0.000,0.000,semi-presidential,parliamentary,parliamentary,parliamentary,parliamentary,semi-presidential,semi-presidential,electoral-authoritarian,electoral-authoritarian,parliamentary,0.800,0.800,0.800,0.800,0.800,0.810,0.800,0.500,0.500,0.800,42.8,41.1,39.5,44.5,42.3,22.9,36.9,42.4,45.4,41.3
2026-06-01,0.9953,1.0063,1.0157,0.9954,0.9978,1.0047,1.0050,0.9991,0.9996,1.0085,0.9963,0.9965,1.0710,1.0337,1.1679,0.9954,1.0231,1.0595,1.0344,1.0007,1.0132,1.0481,0.9979,0.9969,3361.02,5059.05,3981.26,2572.60,1896.12,1054.33,208.25,2551.06,1625.78,533.36,1.1784,0.6355,1.0456,1.3800,1.0227,0.5710,1.1266,0.1852,0.2348,0.3747,0.6331,0.6850,0.5917,0.5994,0.5958,0.7361,0.4826,0.6317,0.6543,0.6783,0.0192,0.0132,0.0182,0.0232,0.0232,0.0000,0.0588,0.0015,0.0145,0.0126,0.9806,0.9800,0.9906,0.9794,0.9810,1.0000,0.9685,1.0000,0.9747,1.0000,49.44,180.42,74.54,51.95,58.36,9.29,5.66,227.72,55.44,79.39,0.0000,0.0000,0.0000,0.0000,0.0000,0.0000,0.4574,0.0410,0.0000,0.0000,104304,74663,53998,54750,86225,66964,95775,572442,131417,91336,0,0,0,0,0,0,0,0,0,0,0.0000,0.0000,0.0000,0.0000,0.0000,0.0000,0.0500,0.0500,0.0000,0.0000,0,0,0,0,0,0,0,1,0,0,0,0,0,0,0,0,1,1,0,0,0.1153,0.0711,0.1308,0.0460,0.0840,0.0113,0.0672,0.0993,0.0014,0.1322,0.000,0.000,0.000,0.000,0.000,0.000,0.027,0.148,0.000,0.000,semi-presidential,parliamentary,parliamentary,parliamentary,parliamentary,semi-presidential,semi-presidential,electoral-authoritarian,electoral-authoritarian,parliamentary,0.800,0.800,0.800,0.800,0.800,0.800,0.800,0.500,0.500,0.800,46.0,43.7,41.7,47.9,45.1,26.2,38.9,45.4,49.0,43.9
2026-07-01,0.9975,1.0078,1.0191,0.9935,0.9971,1.0041,1.0095,0.9982,0.9989,1.0089,0.9935,0.9994,1.0812,1.0466,1.1610,0.9935,1.0226,1.0586,1.1158,0.9998,1.0124,1.0205,0.9951,1.0012,3362.32,5060.06,3984.75,2574.10,1898.59,1056.93,207.43,2551.67,1628.01,533.07,1.1835,0.6370,1.0467,1.3825,1.0235,0.5676,1.1328,0.1876,0.2354,0.3602,0.6226,0.7070,0.6055,0.6302,0.6149,0.7336,0.4774,0.6435,0.6605,0.6852,0.0223,0.0145,0.0209,0.0238,0.0254,0.0012,0.0731,0.0018,0.0154,0.0160,0.9712,0.9697,0.9857,0.9713,0.9736,0.9912,0.9683,1.0000,0.9672,1.0000,50.72,182.26,75.25,53.30,60.15,9.22,5.90,235.90,56.62,79.51,0.0000,0.0000,0.0000,0.0000,0.0000,0.0000,0.4569,0.0410,0.0000,0.0000,104304,74663,53998,54750,86225,66964,95775,572442,131417,91336,0,0,0,0,0,0,0,0,0,0,0.0000,0.0000,0.0000,0.0000,0.0000,0.0000,0.0600,0.0600,0.0000,0.0000,0,0,0,0,0,0,0,1,0,0,0,0,0,0,0,0,1,1,0,0,0.1177,0.0731,0.1331,0.0480,0.0861,0.0113,0.0698,0.1027,0.0035,0.1325,0.000,0.000,0.000,0.000,0.000,0.000,0.031,0.148,0.000,0.000,semi-presidential,parliamentary,parliamentary,parliamentary,parliamentary,semi-presidential,semi-presidential,electoral-authoritarian,electoral-authoritarian,parliamentary,0.800,0.800,0.800,0.800,0.850,0.800,0.800,0.500,0.500,0.800,49.1,46.6,43.9,51.5,58.1,29.4,40.9,48.5,52.6,46.6
2026-08-01,1.0011,1.0092,1.0217,0.9933,0.9954,1.0074,1.0092,0.9975,1.0003,1.0111,0.9902,0.9991,1.1304,1.0430,1.1367,1.0288,1.0205,1.0899,1.0203,1.0022,1.0493,1.0685,0.9917,0.9991,3371.00,5069.17,3984.85,2578.66,1903.76,1061.85,206.21,2545.11,1631.77,533.92,1.1776,0.6375,1.0485,1.3841,1.0229,0.5630,1.1411,0.1906,0.2358,0.3450,0.6222,0.7007,0.6255,0.6135,0.5912,0.7235,0.4734,0.6460,0.6469,0.6753,0.0206,0.0162,0.0346,0.0246,0.0254,0.0030,0.0865,0.0028,0.0203,0.0122,0.9754,0.9744,0.9879,0.9747,0.9767,0.9959,0.9685,1.0000,0.9700,1.0000,50.48,182.27,76.70,52.79,59.35,9.22,5.70,234.07,56.73,78.93,0.0000,0.0000,0.0000,0.0000,0.0000,0.0000,0.4574,0.0426,0.0000,0.0000,104304,74663,53998,54750,86225,66964,95775,572442,131417,91336,0,0,0,0,0,0,0,0,0,0,0.0000,0.0000,0.0000,0.0000,0.0000,0.0000,0.0700,0.0700,0.0000,0.0000,0,0,0,0,0,0,0,1,0,0,0,0,0,0,0,0,1,1,0,0,0.1206,0.0761,0.1313,0.0472,0.0847,0.0111,0.0676,0.1032,0.0033,0.1329,0.000,0.000,0.000,0.000,0.000,0.000,0.030,0.149,0.000,0.000,semi-presidential,parliamentary,parliamentary,parliamentary,parliamentary,semi-presidential,semi-presidential,electoral-authoritarian,electoral-authoritarian,parliamentary,0.800,0.800,0.800,0.800,0.840,0.800,0.800,0.500,0.500,0.800,52.2,49.3,46.2,55.0,60.8,32.6,42.8,51.6,56.2,49.2
2026-09-01,1.0045,1.0229,1.0252,0.9935,1.0198,1.0117,1.0084,0.9952,1.0006,1.0132,0.9885,0.9975,1.1244,1.3140,1.1653,1.0914,1.1320,1.1145,1.0304,0.9964,1.0458,1.0875,0.9898,0.9975,3368.21,5060.94,3981.99,2568.02,1907.18,1062.80,205.58,2547.63,1640.86,533.01,1.1805,0.6401,1.0512,1.3925,1.0232,0.5606,1.1463,0.1928,0.2355,0.3308,0.6047,0.7110,0.6079,0.6201,0.6181,0.7398,0.4548,0.6325,0.6522,0.6873,0.0513,0.0490,0.0638,0.0816,0.0746,0.0262,0.0873,0.0025,0.0551,0.0433,0.7664,0.7804,0.8825,0.7827,0.7674,0.8291,0.9482,1.0000,0.7823,1.0000,49.69,172.56,70.07,52.21,56.76,8.69,5.30,228.69,55.11,74.71,0.0000,0.0000,0.0000,0.0000,0.0000,0.0000,0.4554,0.0407,0.0000,0.0000,104304,74663,53998,54750,86225,66964,95775,572442,131417,91336,0,0,0,0,0,0,0,0,0,0,0.0000,0.0000,0.0000,0.0000,0.0000,0.0000,0.0800,0.0500,0.0000,0.0000,0,0,0,0,0,0,0,1,0,0,0,0,0,0,0,0,1,1,0,0,0.1113,0.0693,0.1238,0.0422,0.0770,0.0113,0.0712,0.1054,0.0024,0.1366,0.000,0.000,0.000,0.000,0.000,0.000,0.028,0.149,0.000,0.000,semi-presidential,parliamentary,parliamentary,parliamentary,parliamentary,semi-presidential,semi-presidential,electoral-authoritarian,electoral-authoritarian,parliamentary,0.800,0.800,0.800,0.800,0.830,0.800,0.800,0.500,0.500,0.800,55.1,52.2,48.5,58.5,63.7,35.8,44.7,54.6,59.8,51.9
2026-10-01,1.0091,1.0307,1.0297,0.9964,1.0345,1.0137,1.0069,0.9949,1.0017,1.0139,0.9883,0.9944,1.1740,1.2251,1.2040,1.0861,1.1212,1.0685,1.0083,0.9962,1.0219,1.0249,0.9895,0.9944,3366.10,5059.42,3971.40,2558.58,1902.38,1062.36,205.87,2552.43,1643.95,533.15,1.1859,0.6418,1.0561,1.4044,1.0281,0.5589,1.1464,0.1948,0.2360,0.3158,0.5930,0.6746,0.5867,0.5336,0.6092,0.7107,0.4601,0.6483,0.6542,0.6393,0.0446,0.0415,0.0555,0.0694,0.0615,0.0187,0.0845,0.0012,0.0437,0.0329,0.8427,0.8535,0.9207,0.8566,0.8437,0.8956,0.9526,1.0000,0.8611,1.0000,49.88,173.14,70.19,53.06,57.02,8.86,5.31,230.32,56.31,76.85,0.0000,0.0000,0.0000,0.0000,0.0000,0.0000,0.4569,0.0409,0.0000,0.0000,104304,74663,53998,54750,86225,66964,95775,572442,131417,91336,0,0,0,0,0,0,0,0,0,0,0.0000,0.0000,0.0000,0.0000,0.0000,0.0000,0.0900,0.0600,0.0000,0.0000,0,0,0,0,0,0,0,1,0,0,0,0,0,0,0,0,1,1,0,0,0.1023,0.0628,0.1091,0.0361,0.0709,0.0114,0.0692,0.1063,0.0017,0.1386,0.000,0.000,0.000,0.000,0.000,0.000,0.023,0.147,0.000,0.000,semi-presidential,parliamentary,parliamentary,parliamentary,parliamentary,semi-presidential,semi-presidential,electoral-authoritarian,electoral-authoritarian,parliamentary,0.800,0.800,0.800,0.750,0.820,0.800,0.800,0.500,0.500,0.800,58.1,54.9,50.7,61.5,66.7,39.0,46.6,57.8,63.5,54.4
2026-11-01,1.0800,1.0645,1.0326,0.9986,1.0450,1.0154,1.0050,0.9943,1.0043,1.0147,0.9884,0.9946,2.2782,1.5895,1.1576,1.1792,1.1187,1.0713,1.0216,1.0396,1.1127,1.0750,1.0501,0.9948,3361.33,5046.75,3961.89,2552.23,1901.32,1062.92,205.57,2556.22,1646.44,535.26,1.1890,0.6450,1.0607,1.4104,1.0310,0.5567,1.1498,0.1965,0.2366,0.2991,0.5923,0.6632,0.5710,0.4659,0.5757,0.6764,0.4935,0.6517,0.6271,0.6457,0.1388,0.1388,0.1113,0.1735,0.1604,0.1115,0.1079,0.0054,0.1464,0.0342,0.5975,0.6187,0.8013,0.6194,0.5984,0.6839,0.9502,1.0000,0.6072,1.0000,34.39,138.03,54.88,39.42,40.09,6.93,4.54,154.36,40.89,53.20,0.0000,0.0000,0.0000,0.0000,0.0000,0.0000,0.4556,0.0430,0.0000,0.0000,104304,74663,53998,54750,86225,66964,95775,572442,131417,91336,0,0,0,0,0,0,0,0,0,0,0.0000,0.0000,0.0000,0.0000,0.0000,0.0000,0.1000,0.0700,0.0000,0.0000,0,0,0,0,0,0,0,1,0,0,0,0,0,0,0,0,1,1,0,0,0.1238,0.0691,0.1341,0.0484,0.0869,0.0108,0.0721,0.1157,0.0017,0.1476,0.000,0.000,0.000,0.000,0.000,0.000,0.023,0.147,0.000,0.000,semi-presidential,parliamentary,parliamentary,parliamentary,parliamentary,semi-presidential,semi-presidential,electoral-authoritarian,electoral-authoritarian,parliamentary,0.800,0.800,0.800,0.760,0.810,0.800,0.800,0.500,0.500,0.800,61.0,57.5,52.8,64.1,69.4,41.9,48.7,60.9,67.0,56.9
2026-12-01,1.1298,1.0840,1.0292,1.0045,1.0497,1.0184,1.0036,0.9966,1.0061,1.0174,0.9903,0.9960,2.1732,1.4631,1.0656,1.1406,1.1007,1.0964,1.0049,1.0181,1.0208,1.0587,1.0151,0.9969,3361.89,5041.79,3960.73,2548.30,1901.72,1063.97,204.85,2567.46,1654.26,536.40,1.1899,0.6472,1.0631,1.4150,1.0332,0.5544,1.1554,0.1974,0.2364,0.2825,0.5565,0.5971,0.5339,0.4216,0.5188,0.6215,0.4822,0.6436,0.5461,0.6739,0.1031,0.1064,0.0818,0.1301,0.1151,0.0859,0.0974,0.0014,0.1038,0.0194,0.7120,0.7283,0.8585,0.7298,0.7129,0.7826,0.9577,1.0000,0.7244,1.0000,39.55,152.06,60.81,44.67,45.96,7.59,4.82,180.00,46.61,62.41,0.0000,0.0000,0.0000,0.0000,0.0000,0.0000,0.4623,0.0416,0.0000,0.0000,104304,74663,53998,54750,86225,66964,95775,572442,131417,91336,0,0,0,0,0,0,0,0,0,0,0.0000,0.0000,0.0000,0.0000,0.0000,0.0000,0.1100,0.0800,0.0000,0.0000,0,0,0,0,0,0,0,1,0,0,0,0,0,0,0,0,1,1,0,0,0.1249,0.0714,0.1349,0.0493,0.0878,0.0109,0.0731,0.1191,0.0054,0.1534,0.000,0.000,0.000,0.000,0.000,0.000,0.025,0.147,0.000,0.000,semi-presidential,parliamentary,parliamentary,parliamentary,parliamentary,semi-presidential,semi-presidential,electoral-authoritarian,electoral-authoritarian,parliamentary,0.800,0.800,0.800,0.770,0.800,0.800,0.800,0.500,0.500,0.800,63.8,59.8,59.8,66.5,71.9,44.5,50.7,64.0,70.0,59.6
2027-01-01,1.1660,1.0985,1.0258,1.0106,1.0528,1.0219,1.0037,0.9972,1.0058,1.0183,0.9965,0.9958,2.0114,1.3925,1.0621,1.1256,1.0956,1.1063,1.0050,0.9984,1.0185,1.0282,1.1444,0.9958,3361.17,5050.69,3957.15,2544.46,1902.10,1065.47,204.54,2577.65,1658.78,538.97,1.1913,0.6477,1.0662,1.4193,1.0354,0.5518,1.1589,0.1982,0.2368,0.2648,0.5655,0.5860,0.5459,0.4321,0.5261,0.6099,0.4678,0.6816,0.5752,0.6910,0.0845,0.0836,0.0708,0.1064,0.0919,0.0653,0.0948,0.0018,0.0796,0.0198,0.7775,0.7909,0.8910,0.7930,0.7784,0.8394,0.9625,1.0000,0.7915,1.0000,44.32,162.66,64.95,49.33,50.99,8.11,5.09,203.13,51.49,69.51,0.0000,0.0000,0.0000,0.0000,0.0000,0.0000,0.4610,0.0417,0.0000,0.0000,104304,74663,53998,54750,86225,66964,95775,572442,131417,91336,0,0,0,0,0,0,0,0,0,0,0.0000,0.0000,0.0000,0.0000,0.0000,0.0000,0.1200,0.0900,0.0000,0.0000,0,0,0,0,0,0,0,1,0,0,0,0,0,0,0,0,1,1,0,0,0.1234,0.0713,0.1331,0.0485,0.0866,0.0110,0.0728,0.1227,0.0053,0.1571,0.000,0.000,0.000,0.000,0.000,0.000,0.025,0.154,0.000,0.000,semi-presidential,parliamentary,parliamentary,parliamentary,parliamentary,semi-presidential,semi-presidential,electoral-authoritarian,electoral-authoritarian,parliamentary,0.800,0.800,0.800,0.780,0.800,0.800,0.800,0.500,0.500,0.800,66.7,62.0,61.8,68.8,74.4,47.1,52.7,67.4,73.1,62.3
2027-02-01,1.1867,1.1476,1.0398,1.0131,1.0530,1.0240,1.0066,0.9983,1.0047,1.0188,0.9993,0.9948,1.7628,1.7762,1.3911,1.2153,1.0790,1.0809,1.1223,1.0690,1.0224,1.0628,1.1205,0.9948,3356.39,5046.70,3964.32,2540.88,1899.23,1066.45,203.55,2585.55,1658.17,542.78,1.1938,0.6496,1.0662,1.4271,1.0391,0.5495,1.1660,0.2019,0.2408,0.2463,0.5642,0.6079,0.5469,0.4343,0.5235,0.6197,0.4742,0.7133,0.5849,0.7229,0.1279,0.1149,0.1082,0.1513,0.1347,0.0753,0.0937,0.0030,0.1312,0.0269,0.5485,0.5724,0.7834,0.5725,0.5494,0.6434,0.9659,1.0000,0.5562,1.0000,46.50,155.66,60.60,49.83,51.90,8.65,5.07,209.13,50.71,65.31,0.0000,0.0000,0.0000,0.0000,0.0000,0.0000,0.4602,0.0424,0.0000,0.0000,104304,74663,53998,54750,86225,66964,95775,572442,131417,91336,0,0,0,0,0,0,0,0,0,0,0.0000,0.0000,0.0000,0.0000,0.0000,0.0000,0.1300,0.1000,0.0000,0.0000,0,0,0,0,0,0,0,1,0,0,0,0,0,0,0,0,1,1,0,0,0.1174,0.0664,0.1258,0.0456,0.0820,0.0117,0.0719,0.1280,0.0045,0.1620,0.000,0.000,0.000,0.000,0.000,0.000,0.023,0.152,0.000,0.000,semi-presidential,parliamentary,parliamentary,parliamentary,parliamentary,semi-presidential,semi-presidential,electoral-authoritarian,electoral-authoritarian,parliamentary,0.800,0.800,0.800,0.790,0.800,0.800,0.800,0.500,0.500,0.800,69.5,64.4,63.8,71.2,76.9,49.7,54.7,70.9,76.3,65.2
2027-03-01,1.1963,1.1732,1.0480,1.0196,1.0475,1.0229,1.0134,0.9985,1.0038,1.0196,1.0038,0.9966,1.5353,1.6305,1.3213,1.1769,1.0726,1.0795,1.1603,0.9996,1.0160,1.0204,1.1075,0.9977,3359.11,5038.95,3970.38,2545.83,1898.11,1065.46,203.39,2598.02,1662.16,544.67,1.1935,0.6517,1.0661,1.4259,1.0418,0.5482,1.1683,0.2023,0.2412,0.2284,0.5400,0.5840,0.5549,0.4168,0.4912,0.6094,0.4512,0.6961,0.5578,0.7657,0.0894,0.0795,0.0808,0.1099,0.0933,0.0480,0.0868,0.0022,0.0881,0.0223,0.6759,0.6939,0.8456,0.6948,0.6767,0.7527,0.9737,1.0000,0.6857,1.0000,51.60,169.48,66.21,55.28,57.53,9.04,5.26,235.70,56.69,74.79,0.0000,0.0000,0.0000,0.0000,0.0000,0.0000,0.4624,0.0420,0.0000,0.0000,104304,74663,53998,54750,86225,66964,95775,572442,131417,91336,0,0,0,0,0,0,0,0,0,0,0.0000,0.0000,0.0000,0.0000,0.0000,0.0000,0.1400,0.1100,0.0000,0.0000,0,0,0,0,0,0,0,1,0,0,0,0,0,0,0,0,1,1,0,0,0.1251,0.0717,0.1395,0.0495,0.0883,0.0109,0.0648,0.1280,0.0055,0.1654,0.000,0.000,0.000,0.000,0.000,0.000,0.026,0.150,0.000,0.000,semi-presidential,parliamentary,parliamentary,parliamentary,parliamentary,semi-presidential,semi-presidential,electoral-authoritarian,electoral-authoritarian,parliamentary,0.800,0.820,0.800,0.800,0.800,0.800,0.850,0.500,0.500,0.800,72.2,61.6,65.9,73.5,79.1,52.3,56.5,74.4,79.4,68.4
2027-04-01,1.1968,1.1889,1.0509,1.0240,1.0416,1.0918,1.0184,0.9997,1.0245,1.0206,1.0074,0.9988,1.3030,1.4846,1.1717,1.1121,1.0665,2.6593,1.0871,1.0010,1.3854,1.0219,1.0567,0.9998,3367.59,5037.06,3988.63,2547.07,1902.35,1069.09,202.92,2608.31,1666.76,549.75,1.1907,0.6529,1.0595,1.4265,1.0412,0.5446,1.1721,0.2028,0.2415,0.2103,0.5547,0.5807,0.5791,0.4708,0.5022,0.6057,0.4563,0.7006,0.5630,0.7544,0.0722,0.0678,0.0800,0.0902,0.0786,0.0354,0.0942,0.0152,0.0646,0.0243,0.7902,0.8030,0.9003,0.8047,0.7910,0.8511,0.9787,1.0000,0.8024,1.0000,58.82,190.57,76.10,59.24,64.66,10.51,5.92,266.20,64.46,84.90,0.0000,0.0000,0.0000,0.0000,0.0000,0.0000,0.4600,0.0427,0.0000,0.0000,104304,74663,53998,54750,86225,66964,95775,572442,131417,91336,0,0,0,0,0,0,0,0,0,0,0.0000,0.0000,0.0000,0.0000,0.0000,0.0000,0.1500,0.1200,0.0000,0.0000,0,0,0,0,0,0,0,1,0,0,0,0,0,0,0,0,1,1,0,0,0.1315,0.0762,0.1409,0.0511,0.0899,0.0122,0.0671,0.1265,0.0069,0.1657,0.000,0.000,0.000,0.000,0.000,0.000,0.028,0.147,0.000,0.000,semi-presidential,parliamentary,parliamentary,parliamentary,parliamentary,semi-presidential,semi-presidential,electoral-authoritarian,electoral-authoritarian,parliamentary,0.800,0.810,0.800,0.800,0.800,0.800,0.840,0.500,0.500,0.800,74.9,63.8,68.0,76.1,81.4,54.7,58.4,77.8,82.4,71.4
2027-05-01,1.1915,1.1904,1.0510,1.0255,1.0365,1.1311,1.0188,0.9980,1.0315,1.0199,1.0076,0.9977,1.2893,1.2337,1.0888,1.0511,1.0613,2.0794,1.0206,0.9995,1.1354,1.0237,1.0093,0.9977,3374.22,5040.82,3990.46,2552.15,1903.14,1071.81,202.12,2620.13,1674.18,552.89,1.1882,0.6502,1.0600,1.4246,1.0422,0.5464,1.1777,0.2032,0.2484,0.1921,0.5723,0.5895,0.6084,0.4875,0.5337,0.6249,0.4604,0.6958,0.5622,0.7871,0.0265,0.0266,0.0393,0.0324,0.0290,0.0092,0.0673,0.0046,0.0183,0.0113,0.9709,0.9716,0.9866,0.9706,0.9707,0.9967,0.9818,1.0000,0.9665,1.0000,61.42,202.39,82.77,61.89,68.44,11.04,6.42,277.28,68.13,95.26,0.0000,0.0000,0.0000,0.0000,0.0000,0.0000,0.4601,0.0426,0.0000,0.0000,104304,74663,53998,54750,86225,66964,95775,572442,131417,91336,0,0,0,0,0,0,0,0,0,0,0.0000,0.0000,0.0000,0.0000,0.0000,0.0000,0.1600,0.1300,0.0000,0.0000,0,0,0,0,0,0,0,1,0,0,0,0,0,0,0,0,1,1,0,0,0.1233,0.0741,0.1317,0.0478,0.0876,0.0124,0.0667,0.1192,0.0060,0.1638,0.000,0.000,0.000,0.000,0.000,0.000,0.027,0.145,0.000,0.000,semi-presidential,parliamentary,parliamentary,parliamentary,parliamentary,semi-presidential,semi-presidential,electoral-authoritarian,electoral-authoritarian,parliamentary,0.770,0.800,0.800,0.800,0.800,0.800,0.830,0.500,0.500,0.800,30.0,66.0,70.3,78.8,83.9,57.3,60.3,81.3,85.4,74.7
2027-06-01,1.1857,1.1857,1.0495,1.0271,1.0325,1.1528,1.0179,0.9971,1.0324,1.0149,1.0087,0.9977,1.2816,1.2201,1.0870,1.0691,1.0574,1.6614,1.0195,0.9985,1.0612,1.0203,1.0483,0.9977,3375.52,5045.26,3991.16,2555.11,1902.23,1074.53,201.97,2619.31,1680.57,554.91,1.1875,0.6501,1.0605,1.4235,1.0469,0.5432,1.1794,0.2045,0.2485,0.1743,0.5597,0.6200,0.6191,0.5334,0.5564,0.6679,0.4615,0.7189,0.6377,0.7992,0.0193,0.0194,0.0314,0.0307,0.0210,0.0045,0.0642,0.0019,0.0131,0.0108,0.9777,0.9776,0.9898,0.9763,0.9774,1.0000,0.9831,1.0000,0.9711,1.0000,61.25,201.43,80.71,61.79,67.43,11.24,6.45,273.15,67.82,98.76,0.0000,0.0000,0.0000,0.0000,0.0000,0.0000,0.4603,0.0423,0.0000,0.0000,104304,74663,53998,54750,86225,66964,95775,572442,131417,91336,0,0,0,0,0,0,0,0,0,0,0.0000,0.0000,0.0000,0.0000,0.0000,0.0000,0.1700,0.1400,0.0000,0.0000,0,0,0,0,0,0,0,1,0,0,0,0,0,0,0,0,1,1,0,0,0.1309,0.0766,0.1402,0.0540,0.0937,0.0123,0.0694,0.1154,0.0065,0.1656,0.000,0.000,0.000,0.000,0.000,0.000,0.026,0.143,0.000,0.000,semi-presidential,parliamentary,parliamentary,parliamentary,parliamentary,semi-presidential,semi-presidential,electoral-authoritarian,electoral-authoritarian,parliamentary,0.780,0.770,0.800,0.800,0.800,0.800,0.820,0.500,0.500,0.800,32.5,68.3,72.7,81.8,86.5,60.2,62.1,84.9,88.9,78.0
2027-07-01,1.1797,1.1744,1.0452,1.0276,1.0272,1.1602,1.0162,0.9978,1.0304,1.0098,1.0107,0.9990,1.2741,1.2062,1.0824,1.0617,1.0519,1.3442,1.0179,1.0073,1.0459,1.0146,1.0601,0.9994,3388.37,5063.56,3992.75,2554.04,1908.92,1077.01,201.50,2621.41,1687.30,557.63,1.1827,0.6480,1.0605,1.4243,1.0442,0.5401,1.1827,0.2057,0.2484,0.1566,0.5761,0.6149,0.6212,0.5541,0.5643,0.6859,0.4870,0.6748,0.6512,0.7716,0.0145,0.0128,0.0267,0.0217,0.0173,0.0012,0.0640,0.0015,0.0109,0.0115,0.9793,0.9789,0.9905,0.9780,0.9795,1.0000,0.9839,1.0000,0.9731,1.0000,60.18,200.65,81.19,60.11,66.58,11.19,6.42,268.20,66.49,96.64,0.0000,0.0000,0.0000,0.0000,0.0000,0.0000,0.4604,0.0422,0.0000,0.0000,104304,74663,53998,54750,86225,66964,95775,572442,131417,91336,0,0,0,0,0,0,0,0,0,0,0.0000,0.0000,0.0000,0.0000,0.0000,0.0000,0.1800,0.1500,0.0000,0.0000,0,0,0,0,0,0,0,1,0,0,0,0,0,0,0,0,1,1,0,0,0.1316,0.0776,0.1416,0.0553,0.0945,0.0121,0.0683,0.1120,0.0072,0.1601,0.000,0.000,0.000,0.000,0.000,0.000,0.028,0.142,0.000,0.000,semi-presidential,parliamentary,parliamentary,parliamentary,parliamentary,semi-presidential,semi-presidential,electoral-authoritarian,electoral-authoritarian,parliamentary,0.790,0.780,0.800,0.800,0.800,0.800,0.810,0.500,0.500,0.800,35.0,70.6,75.0,84.8,89.1,63.1,64.2,88.2,92.5,81.2
2027-08-01,1.1747,1.1631,1.0411,1.0265,1.0207,1.1610,1.0166,0.9975,1.0272,1.0046,1.0114,0.9992,1.2697,1.1946,1.0782,1.0513,1.0454,1.2310,1.0202,0.9990,1.0425,1.0094,1.0226,0.9992,3402.13,5074.22,3993.62,2560.43,1913.43,1077.67,201.40,2621.05,1694.62,561.05,1.1777,0.6467,1.0604,1.4207,1.0420,0.5380,1.1835,0.2072,0.2483,0.1388,0.6057,0.6665,0.6274,0.5671,0.5984,0.6940,0.4862,0.6722,0.6620,0.7707,0.0113,0.0100,0.0234,0.0159,0.0152,0.0000,0.0636,0.0012,0.0104,0.0093,0.9794,0.9791,0.9906,0.9782,0.9797,1.0000,0.9827,1.0000,0.9733,1.0000,60.28,201.77,82.54,60.62,67.37,11.11,6.48,269.28,66.62,96.88,0.0000,0.0000,0.0000,0.0000,0.0000,0.0000,0.4594,0.0422,0.0000,0.0000,104304,74663,53998,54750,86225,66964,95775,572442,131417,91336,0,0,0,0,0,0,0,0,0,0,0.0000,0.0000,0.0000,0.0000,0.0000,0.0000,0.1900,0.1600,0.0000,0.0000,0,0,0,0,0,0,0,1,0,0,0,0,0,0,0,0,1,1,0,0,0.1311,0.0780,0.1418,0.0559,0.0943,0.0118,0.0666,0.1115,0.0072,0.1570,0.000,0.000,0.000,0.000,0.000,0.000,0.028,0.141,0.000,0.000,semi-presidential,parliamentary,parliamentary,parliamentary,parliamentary,semi-presidential,semi-presidential,electoral-authoritarian,electoral-authoritarian,parliamentary,0.800,0.790,0.800,0.800,0.800,0.800,0.800,0.500,0.500,0.800,37.7,73.2,77.4,88.0,30.0,66.1,66.2,91.5,96.2,84.4
2027-09-01,1.1652,1.1517,1.0412,1.0245,1.0171,1.1558,1.0165,0.9990,1.0245,1.0007,1.0100,1.0014,1.2542,1.1826,1.0785,1.0494,1.0416,1.2251,1.0183,1.0285,1.0396,1.0061,1.0118,1.0021,3411.48,5076.53,3998.33,2566.03,1919.04,1082.38,201.08,2620.47,1698.08,563.07,1.1742,0.6461,1.0591,1.4175,1.0388,0.5338,1.1855,0.2087,0.2487,0.1216,0.6288,0.6774,0.6250,0.5937,0.6232,0.6859,0.4973,0.6501,0.6689,0.7869,0.0121,0.0097,0.0245,0.0157,0.0155,0.0000,0.0607,0.0014,0.0102,0.0109,0.9797,0.9793,0.9907,0.9785,0.9800,1.0000,0.9816,1.0000,0.9736,1.0000,58.64,200.14,82.27,59.28,65.41,11.24,6.31,259.82,65.25,96.84,0.0000,0.0000,0.0000,0.0000,0.0000,0.0000,0.4594,0.0422,0.0000,0.0000,104304,74663,53998,54750,86225,66964,95775,572442,131417,91336,0,0,0,0,0,0,0,0,0,0,0.0000,0.0000,0.0000,0.0000,0.0000,0.0000,0.2000,0.1700,0.0000,0.0000,0,0,0,0,0,0,0,1,0,0,0,0,0,0,0,0,1,1,0,0,0.1327,0.0797,0.1435,0.0576,0.0958,0.0131,0.0710,0.1107,0.0087,0.1554,0.000,0.000,0.000,0.000,0.000,0.000,0.029,0.140,0.000,0.000,semi-presidential,parliamentary,parliamentary,parliamentary,parliamentary,semi-presidential,semi-presidential,electoral-authoritarian,electoral-authoritarian,parliamentary,0.800,0.800,0.800,0.800,0.800,0.800,0.800,0.500,0.500,0.800,40.6,75.9,79.7,91.4,32.7,69.0,68.3,94.6,99.9,87.6
2027-10-01,1.1532,1.1385,1.0383,1.0215,1.0149,1.1544,1.0155,0.9983,1.0223,1.0011,1.0108,1.0048,1.2382,1.1682,1.0754,1.0215,1.0394,1.2233,1.0173,0.9999,1.0375,1.0112,1.0178,1.0057,3416.80,5083.32,3984.33,2570.96,1925.77,1088.67,200.57,2624.74,1710.24,564.89,1.1723,0.6451,1.0617,1.4143,1.0351,0.5289,1.1885,0.2099,0.2509,0.1047,0.6377,0.6811,0.6329,0.6135,0.6520,0.7124,0.5020,0.6410,0.6507,0.7591,0.0106,0.0095,0.0094,0.0154,0.0144,0.0000,0.0576,0.0012,0.0099,0.0094,0.9804,0.9799,0.9909,0.9792,0.9808,1.0000,0.9811,1.0000,0.9745,1.0000,57.12,196.96,78.86,57.81,64.11,11.12,6.45,252.89,64.05,95.69,0.0000,0.0000,0.0000,0.0000,0.0000,0.0000,0.4594,0.0421,0.0000,0.0000,104304,74663,53998,54750,86225,66964,95775,572442,131417,91336,0,0,0,0,0,0,0,0,0,0,0.0000,0.0000,0.0000,0.0000,0.0000,0.0000,0.2100,0.1800,0.0000,0.0000,0,0,0,0,0,0,0,1,0,0,0,0,0,0,0,0,1,1,0,0,0.1350,0.0818,0.1470,0.0599,0.0981,0.0188,0.0745,0.1086,0.0107,0.1521,0.000,0.000,0.000,0.000,0.000,0.000,0.030,0.138,0.000,0.000,semi-presidential,parliamentary,parliamentary,parliamentary,parliamentary,semi-presidential,semi-presidential,electoral-authoritarian,electoral-authoritarian,parliamentary,0.800,0.800,0.800,0.800,0.800,0.800,0.800,0.500,0.480,0.800,43.5,78.6,82.1,30.0,35.6,72.1,70.5,97.7,100.0,90.7
2027-11-01,1.1393,1.1268,1.0330,1.0180,1.0129,1.1460,1.0131,1.0012,1.0206,0.9993,1.0117,1.0065,1.2206,1.1562,1.0695,1.0180,1.0374,1.2134,1.0149,1.0579,1.0354,1.0070,1.0355,1.0069,3434.55,5097.79,3997.17,2577.55,1926.44,1093.39,200.77,2629.12,1720.26,565.15,1.1663,0.6431,1.0582,1.4101,1.0346,0.5243,1.1913,0.2113,0.2504,0.0882,0.6373,0.6911,0.6575,0.6243,0.6604,0.7366,0.4896,0.6579,0.7050,0.7528,0.0136,0.0094,0.0129,0.0152,0.0164,0.0000,0.0597,0.0018,0.0098,0.0135,0.9805,0.9801,0.9910,0.9793,0.9809,1.0000,0.9794,1.0000,0.9746,1.0000,56.31,196.96,80.01,57.59,63.53,11.37,6.24,248.73,63.54,95.76,0.0000,0.0000,0.0000,0.0000,0.0000,0.0000,0.4597,0.0416,0.0000,0.0000,104304,74663,53998,54750,86225,66964,95775,572442,131417,91336,0,0,0,0,0,0,0,0,0,0,0.0000,0.0000,0.0000,0.0000,0.0000,0.0000,0.2200,0.1900,0.0000,0.0000,0,0,0,0,0,0,0,1,0,0,0,0,0,0,0,0,1,1,0,0,0.1357,0.0830,0.1481,0.0612,0.0997,0.0200,0.0755,0.1071,0.0118,0.1519,0.000,0.000,0.000,0.000,0.000,0.000,0.029,0.137,0.000,0.000,semi-presidential,parliamentary,parliamentary,parliamentary,parliamentary,semi-presidential,semi-presidential,electoral-authoritarian,electoral-authoritarian,parliamentary,0.800,0.800,0.800,0.800,0.800,0.800,0.800,0.500,0.490,0.800,46.4,81.3,84.6,33.0,38.6,30.0,72.5,100.0,100.0,93.8
2027-12-01,1.1264,1.1157,1.0299,1.0123,1.0106,1.1356,1.0126,1.0037,1.0186,0.9975,1.0113,1.0075,1.2071,1.1448,1.0665,1.0123,1.0347,1.2020,1.0144,1.0555,1.0334,1.0049,1.0131,1.0077,3448.42,5112.73,4008.05,2587.42,1937.70,1097.52,200.62,2636.41,1730.42,566.78,1.1616,0.6412,1.0551,1.4043,1.0285,0.5201,1.1921,0.2125,0.2499,0.0718,0.6516,0.7075,0.6774,0.6330,0.6397,0.7364,0.5148,0.6603,0.7025,0.7249,0.0127,0.0094,0.0120,0.0152,0.0157,0.0000,0.0587,0.0015,0.0098,0.0122,0.9806,0.9801,0.9910,0.9794,0.9810,1.0000,0.9784,1.0000,0.9747,1.0000,55.96,196.98,80.92,57.47,63.21,11.50,6.20,246.58,63.19,95.08,0.0000,0.0000,0.0000,0.0000,0.0000,0.0000,0.4596,0.0419,0.0000,0.0000,104304,74663,53998,54750,86225,66964,95775,572442,131417,91336,0,0,0,0,0,0,0,0,0,0,0.0000,0.0000,0.0000,0.0000,0.0000,0.0000,0.2300,0.2000,0.0000,0.0000,0,0,0,0,0,0,0,1,0,0,0,0,0,0,0,0,1,1,0,0,0.1364,0.0838,0.1489,0.0620,0.0999,0.0207,0.0753,0.1114,0.0124,0.1499,0.000,0.000,0.000,0.000,0.000,0.000,0.027,0.134,0.000,0.000,semi-presidential,parliamentary,parliamentary,parliamentary,parliamentary,semi-presidential,semi-presidential,electoral-authoritarian,electoral-authoritarian,parliamentary,0.800,0.800,0.800,0.800,0.800,0.800,0.800,0.500,0.500,0.800,49.3,84.1,87.2,36.0,41.4,33.1,74.8,100.0,100.0,96.7
2028-01-01,1.1166,1.1013,1.0242,1.0090,1.0048,1.1252,1.0093,1.0043,1.0700,0.9963,1.0103,1.0086,1.1993,1.1291,1.0608,1.0090,1.0288,1.1904,1.0109,1.0153,1.6449,1.0047,1.0120,1.0089,3458.06,5149.46,4016.67,2594.50,1944.73,1105.27,200.11,2637.36,1737.99,567.27,1.1583,0.6367,1.0566,1.4002,1.0246,0.5142,1.1951,0.2145,0.2498,0.0556,0.6614,0.7260,0.6799,0.6496,0.6796,0.7347,0.5157,0.6608,0.7099,0.7290,0.0108,0.0094,0.0163,0.0195,0.0291,0.0000,0.0788,0.0238,0.0305,0.0246,0.9814,0.9807,0.9913,0.9802,0.9820,1.0000,0.9783,1.0000,0.9756,1.0000,55.28,180.29,76.37,54.87,60.43,10.52,6.06,243.89,60.67,92.46,0.0000,0.0000,0.0000,0.0000,0.0000,0.0000,0.4596,0.0419,0.0000,0.0000,104304,74663,53998,54750,86225,66964,95775,572442,131417,91336,0,0,0,0,0,0,0,0,0,0,0.0000,0.0000,0.0000,0.0000,0.0000,0.0000,0.2400,0.2100,0.0000,0.0000,0,0,0,0,0,0,0,1,0,0,0,0,0,0,0,0,1,1,0,0,0.1384,0.0921,0.1499,0.0628,0.1072,0.0223,0.0716,0.1111,0.0166,0.1470,0.000,0.000,0.000,0.000,0.000,0.000,0.026,0.145,0.000,0.000,semi-presidential,parliamentary,parliamentary,parliamentary,parliamentary,semi-presidential,semi-presidential,electoral-authoritarian,electoral-authoritarian,parliamentary,0.800,0.800,0.800,0.800,0.800,0.800,0.800,0.500,0.500,0.800,52.4,87.0,89.8,39.1,44.4,36.2,77.0,100.0,100.0,99.6
2028-02-01,1.1070,1.0885,1.0176,1.0080,1.0008,1.1128,1.0096,1.0008,1.0859,0.9989,1.0099,1.0082,1.1885,1.1161,1.0540,1.0390,1.0247,1.1763,1.0319,1.0023,1.3892,1.0597,1.0130,1.0082,3471.37,5170.81,4020.39,2596.53,1951.66,1109.66,199.80,2635.81,1744.63,569.23,1.1540,0.6341,1.0555,1.3989,1.0209,0.5099,1.1971,0.2169,0.2498,0.0395,0.6604,0.7719,0.6878,0.6508,0.6766,0.7589,0.4982,0.6270,0.6773,0.7051,0.0109,0.0094,0.0276,0.0171,0.0216,0.0000,0.0848,0.0131,0.0200,0.0170,0.9814,0.9808,0.9913,0.9803,0.9820,1.0000,0.9767,1.0000,0.9757,1.0000,59.11,203.02,82.13,55.36,63.70,11.89,6.24,251.65,67.26,93.51,0.0000,0.0000,0.0000,0.0000,0.0000,0.0000,0.4596,0.0418,0.0000,0.0000,104304,74663,53998,54750,86225,66964,95775,572442,131417,91336,0,0,0,0,0,0,0,0,0,0,0.0000,0.0000,0.0000,0.0000,0.0000,0.0000,0.2500,0.2200,0.0000,0.0000,0,0,0,0,0,0,0,1,0,0,0,0,0,0,0,0,1,1,0,0,0.1365,0.0950,0.1469,0.0612,0.1050,0.0223,0.0726,0.1100,0.0162,0.1467,0.000,0.000,0.000,0.000,0.000,0.000,0.022,0.146,0.000,0.000,semi-presidential,parliamentary,parliamentary,parliamentary,parliamentary,semi-presidential,semi-presidential,electoral-authoritarian,electoral-authoritarian,parliamentary,0.800,0.800,0.800,0.800,0.800,0.800,0.800,0.500,0.500,0.800,55.4,90.2,92.4,42.2,47.5,39.4,79.1,100.0,100.0,100.0
2028-03-01,1.0996,1.0755,1.0083,1.0075,0.9978,1.1033,1.0102,0.9996,1.0854,1.0027,1.0091,1.0085,1.1770,1.1006,1.0423,1.0385,1.0211,1.1641,1.0243,1.0012,1.1050,1.0596,1.0108,1.0086,3491.32,5180.50,4017.87,2602.55,1959.61,1114.20,199.90,2638.27,1753.26,570.11,1.1475,0.6329,1.0562,1.3956,1.0168,0.5055,1.1966,0.2220,0.2495,0.0236,0.6654,0.7799,0.6641,0.6311,0.6816,0.7501,0.4911,0.6001,0.6485,0.7197,0.0100,0.0088,0.0233,0.0144,0.0135,0.0000,0.0745,0.0016,0.0090,0.0092,0.9831,0.9825,0.9920,0.9821,0.9837,1.0000,0.9762,1.0000,0.9778,1.0000,59.98,208.83,83.31,55.44,65.14,12.17,6.35,253.84,68.35,93.10,0.0000,0.0000,0.0000,0.0000,0.0000,0.0000,0.4584,0.0391,0.0000,0.0000,104304,74663,53998,54750,86225,66964,95775,572442,131417,91336,0,0,0,0,0,0,0,0,0,0,0.0000,0.0000,0.0000,0.0000,0.0000,0.0000,0.2600,0.2300,0.0000,0.0000,0,0,0,0,0,0,0,1,0,0,0,0,0,0,0,0,1,1,0,0,0.1395,0.0965,0.1502,0.0624,0.1073,0.0225,0.0735,0.1091,0.0167,0.1456,0.000,0.000,0.000,0.000,0.000,0.000,0.020,0.146,0.000,0.000,semi-presidential,parliamentary,parliamentary,parliamentary,parliamentary,semi-presidential,semi-presidential,electoral-authoritarian,electoral-authoritarian,parliamentary,0.800,0.800,0.800,0.800,0.800,0.800,0.800,0.500,0.500,0.800,58.4,93.4,95.0,45.2,50.6,42.6,81.2,100.0,100.0,100.0
2028-04-01,1.0904,1.0610,1.0021,1.0072,0.9982,1.0936,1.0117,1.0023,1.0791,1.0058,1.0095,1.0067,1.1658,1.0854,1.0361,1.0381,1.0232,1.1534,1.0462,1.0547,1.0980,1.0565,1.0206,1.0067,3499.57,5198.41,4017.69,2602.83,1966.88,1118.97,199.53,2643.08,1760.75,571.49,1.1449,0.6308,1.0564,1.3956,1.0130,0.5011,1.1989,0.2240,0.2494,0.0079,0.6734,0.7624,0.6394,0.6358,0.6944,0.7431,0.5096,0.6219,0.6712,0.7236,0.0132,0.0087,0.0273,0.0146,0.0161,0.0000,0.0769,0.0021,0.0091,0.0141,0.9834,0.9828,0.9922,0.9824,0.9841,1.0000,0.9753,1.0000,0.9783,1.0000,58.97,207.84,83.88,55.14,64.64,12.30,6.36,248.86,67.00,92.37,0.0000,0.0000,0.0000,0.0000,0.0000,0.0000,0.4589,0.0391,0.0000,0.0000,104304,74663,53998,54750,86225,66964,95775,572442,131417,91336,0,0,0,0,0,0,0,0,0,0,0.0000,0.0000,0.0000,0.0000,0.0000,0.0000,0.2700,0.2400,0.0000,0.0000,0,0,0,0,0,0,0,1,0,0,0,0,0,0,0,0,1,1,0,0,0.1281,0.0898,0.1365,0.0621,0.0974,0.0245,0.0762,0.1076,0.0147,0.1439,0.000,0.000,0.000,0.000,0.000,0.000,0.016,0.148,0.000,0.000,semi-presidential,parliamentary,parliamentary,parliamentary,parliamentary,semi-presidential,semi-presidential,electoral-authoritarian,electoral-authoritarian,parliamentary,0.800,0.800,0.800,0.800,0.800,0.800,0.800,0.500,0.500,0.800,61.5,96.5,97.4,48.3,53.7,45.7,83.5,100.0,100.0,100.0
2028-05-01,1.0832,1.0501,1.0025,1.0066,0.9974,1.0800,1.0103,1.0035,1.0688,1.0074,1.0093,1.0054,1.1598,1.0750,1.0384,1.0376,1.0211,1.1385,1.0120,1.0297,1.0868,1.0473,1.0110,1.0054,3509.89,5204.16,4019.00,2605.14,1969.11,1122.24,199.09,2644.59,1767.41,572.13,1.1416,0.6302,1.0562,1.3974,1.0159,0.4974,1.2017,0.2264,0.2495,-0.0076,0.6653,0.7712,0.6311,0.6224,0.6947,0.7388,0.4986,0.6228,0.6624,0.7228,0.0109,0.0089,0.0242,0.0146,0.0143,0.0000,0.0750,0.0016,0.0091,0.0103,0.9831,0.9825,0.9920,0.9820,0.9837,1.0000,0.9731,1.0000,0.9777,1.0000,58.69,207.43,84.43,55.80,65.18,12.29,6.49,249.58,66.63,92.84,0.0000,0.0000,0.0000,0.0000,0.0000,0.0000,0.4593,0.0393,0.0000,0.0000,104304,74663,53998,54750,86225,66964,95775,572442,131417,91336,0,0,0,0,0,0,0,0,0,0,0.0000,0.0000,0.0000,0.0000,0.0000,0.0000,0.2800,0.2500,0.0000,0.0000,0,0,0,0,0,0,0,1,0,0,0,0,0,0,0,0,1,1,0,0,0.1352,0.0901,0.1382,0.0625,0.0986,0.0238,0.0737,0.1095,0.0142,0.1446,0.000,0.000,0.000,0.000,0.000,0.000,0.013,0.150,0.000,0.000,semi-presidential,parliamentary,parliamentary,parliamentary,parliamentary,semi-presidential,semi-presidential,electoral-authoritarian,electoral-authoritarian,parliamentary,0.800,0.800,0.800,0.800,0.800,0.800,0.800,0.500,0.500,0.800,64.5,99.7,99.8,51.2,56.8,48.9,85.6,100.0,100.0,100.0
2028-06-01,1.0694,1.0403,1.0017,1.0071,0.9984,1.0642,1.0077,1.0033,1.0624,1.0109,1.0086,1.0043,1.1421,1.0666,1.0379,1.0416,1.0286,1.1218,1.0094,1.0048,1.0802,1.0589,1.0102,1.0043,3523.10,5217.23,4016.37,2609.84,1979.00,1128.36,199.07,2644.09,1773.31,574.38,1.1375,0.6286,1.0571,1.3950,1.0109,0.4925,1.2020,0.2290,0.2487,-0.0189,0.6642,0.7392,0.6288,0.6225,0.6648,0.7296,0.4824,0.6066,0.6548,0.7111,0.0098,0.0092,0.0235,0.0174,0.0153,0.0000,0.0691,0.0014,0.0093,0.0101,0.9819,0.9813,0.9914,0.9808,0.9825,1.0000,0.9717,1.0000,0.9763,1.0000,56.21,202.41,82.05,53.23,62.21,12.25,6.02,237.70,64.73,91.78,0.0000,0.0000,0.0000,0.0000,0.0000,0.0000,0.4587,0.0411,0.0000,0.0000,104304,74663,53998,54750,86225,66964,95775,572442,131417,91336,0,0,0,0,0,0,0,0,0,0,0.0000,0.0000,0.0000,0.0000,0.0000,0.0000,0.2900,0.2600,0.0000,0.0000,0,0,0,0,0,0,0,1,0,0,0,0,0,0,0,0,1,1,0,0,0.1361,0.0897,0.1392,0.0620,0.0989,0.0231,0.0748,0.1083,0.0139,0.1437,0.000,0.000,0.000,0.000,0.000,0.000,0.010,0.146,0.000,0.000,semi-presidential,parliamentary,parliamentary,parliamentary,parliamentary,semi-presidential,semi-presidential,electoral-authoritarian,electoral-authoritarian,parliamentary,0.800,0.800,0.800,0.800,0.800,0.800,0.800,0.500,0.500,0.800,67.6,100.0,100.0,54.2,59.8,51.9,87.7,100.0,30.0,95.0
2028-07-01,1.0600,1.0312,1.0029,1.0080,0.9981,1.0486,1.0065,1.0021,1.0559,1.0141,1.0080,1.0022,1.1340,1.0570,1.0705,1.0486,1.0227,1.1043,1.0080,1.0036,1.0728,1.0607,1.0097,1.0022,3527.05,5219.14,4020.33,2614.78,1983.48,1135.47,198.74,2644.31,1780.51,576.12,1.1363,0.6285,1.0562,1.3895,1.0086,0.4871,1.2041,0.2316,0.2477,-0.0341,0.6686,0.7350,0.6209,0.6257,0.6853,0.7449,0.4992,0.5802,0.6486,0.7435,0.0120,0.0108,0.0250,0.0214,0.0162,0.0000,0.0701,0.0013,0.0105,0.0092,0.9822,0.9816,0.9915,0.9811,0.9828,1.0000,0.9710,1.0000,0.9767,1.0000,56.22,200.32,80.28,52.79,62.41,12.06,5.98,239.40,64.45,90.86,0.0000,0.0000,0.0000,0.0000,0.0000,0.0000,0.4586,0.0407,0.0000,0.0000,104304,74663,53998,54750,86225,66964,95775,572442,131417,91336,0,0,0,0,0,0,0,0,0,0,0.0000,0.0000,0.0000,0.0000,0.0000,0.0000,0.3000,0.2700,0.0000,0.0000,0,0,0,0,0,0,0,1,0,0,0,0,0,0,0,0,1,1,0,0,0.1281,0.0848,0.1300,0.0568,0.0927,0.0212,0.0719,0.1132,0.0153,0.1432,0.000,0.000,0.000,0.000,0.000,0.000,0.006,0.142,0.000,0.000,semi-presidential,parliamentary,parliamentary,parliamentary,parliamentary,semi-presidential,semi-presidential,electoral-authoritarian,electoral-authoritarian,parliamentary,0.800,0.800,0.800,0.800,0.800,0.800,0.800,0.500,0.500,0.800,70.6,100.0,100.0,57.2,62.9,55.1,89.8,100.0,32.9,98.0
2028-08-01,1.0496,1.0234,0.9995,1.0083,0.9981,1.0368,1.0067,1.0016,1.0476,1.0179,1.0045,1.0019,1.1220,1.0494,1.0352,1.0417,1.0228,1.0913,1.0083,1.0031,1.0639,1.0612,1.0061,1.0019,3540.84,5238.83,4031.74,2619.53,1991.16,1140.98,198.46,2646.32,1796.50,576.68,1.1369,0.6262,1.0534,1.3871,1.0048,0.4825,1.2059,0.2342,0.2456,-0.0472,0.6562,0.7240,0.6272,0.6410,0.6769,0.7598,0.4954,0.5790,0.6418,0.7459,0.0098,0.0091,0.0229,0.0159,0.0140,0.0000,0.0692,0.0013,0.0093,0.0087,0.9820,0.9814,0.9914,0.9808,0.9825,1.0000,0.9701,1.0000,0.9764,1.0000,55.14,198.58,80.79,53.19,62.09,11.90,5.89,236.47,63.74,90.32,0.0000,0.0000,0.0000,0.0000,0.0000,0.0000,0.4589,0.0407,0.0000,0.0000,104304,74663,53998,54750,86225,66964,95775,572442,131417,91336,0,0,0,0,0,0,0,0,0,0,0.0000,0.0000,0.0000,0.0000,0.0000,0.0000,0.3100,0.2800,0.0000,0.0000,0,0,0,0,0,0,0,1,0,0,0,0,0,0,0,0,1,1,0,0,0.1389,0.0896,0.1423,0.0627,0.1011,0.0215,0.0732,0.1118,0.0219,0.1409,0.000,0.000,0.000,0.000,0.000,0.000,0.004,0.142,0.000,0.000,semi-presidential,parliamentary,parliamentary,parliamentary,parliamentary,semi-presidential,semi-presidential,electoral-authoritarian,electoral-authoritarian,parliamentary,0.800,0.800,0.800,0.800,0.800,0.800,0.800,0.500,0.500,0.800,73.6,100.0,100.0,60.2,55.9,58.3,91.9,100.0,35.7,100.0
2028-09-01,1.0391,1.0175,0.9973,1.0079,0.9979,1.0243,1.0041,1.0025,1.0400,1.0205,1.0010,0.9999,1.1104,1.0439,1.0333,1.0387,1.0226,1.0775,1.0057,1.0192,1.0558,1.0562,1.0026,0.9999,3552.55,5257.89,4033.02,2618.10,1997.77,1145.59,198.27,2647.66,1807.11,576.20,1.1333,0.6240,1.0532,1.3879,1.0045,0.4783,1.2071,0.2368,0.2442,-0.0621,0.6655,0.7474,0.6564,0.6394,0.7075,0.7533,0.4931,0.6011,0.7128,0.7302,0.0105,0.0090,0.0237,0.0147,0.0146,0.0000,0.0691,0.0014,0.0094,0.0097,0.9816,0.9810,0.9912,0.9804,0.9821,1.0000,0.9693,1.0000,0.9759,1.0000,54.45,197.77,81.41,53.52,61.84,11.82,5.94,234.89,63.49,89.65,0.0000,0.0000,0.0000,0.0000,0.0000,0.0000,0.4591,0.0408,0.0000,0.0000,104304,74663,53998,54750,86225,66964,95775,572442,131417,91336,0,0,0,0,0,0,0,0,0,0,0.0000,0.0000,0.0000,0.0000,0.0000,0.0000,0.3200,0.2900,0.0000,0.0000,0,0,0,0,0,0,0,1,0,0,0,0,0,0,0,0,1,1,0,0,0.1262,0.0831,0.1292,0.0568,0.0913,0.0196,0.0702,0.1091,0.0191,0.1391,0.000,0.000,0.000,0.000,0.000,0.000,0.001,0.144,0.000,0.000,semi-presidential,parliamentary,parliamentary,parliamentary,parliamentary,semi-presidential,semi-presidential,electoral-authoritarian,electoral-authoritarian,parliamentary,0.800,0.800,0.800,0.800,0.800,0.800,0.800,0.500,0.500,0.800,76.6,100.0,100.0,63.3,59.1,61.5,94.0,100.0,38.9,100.0
2028-10-01,1.0337,1.0140,0.9910,1.0076,0.9966,1.0141,1.0050,1.0011,1.0340,1.0238,0.9982,1.0016,1.1090,1.0413,1.0268,1.0383,1.0208,1.0664,1.0253,1.0026,1.0493,1.0609,0.9998,1.0020,3569.86,5275.45,4038.02,2631.48,2002.88,1151.60,198.60,2652.72,1822.59,576.08,1.1279,0.6219,1.0520,1.3809,1.0019,0.4736,1.2053,0.2392,0.2422,-0.0770,0.6669,0.7579,0.6435,0.6174,0.7041,0.7415,0.4989,0.6145,0.7214,0.7103,0.0107,0.0093,0.0237,0.0150,0.0147,0.0000,0.0713,0.0013,0.0097,0.0096,0.9809,0.9803,0.9908,0.9797,0.9813,1.0000,0.9685,1.0000,0.9751,1.0000,55.16,197.55,81.09,54.24,62.91,11.54,5.89,241.48,64.44,88.88,0.0000,0.0000,0.0000,0.0000,0.0000,0.0000,0.4593,0.0411,0.0000,0.0000,104304,74663,53998,54750,86225,66964,95775,572442,131417,91336,0,0,0,0,0,0,0,0,0,0,0.0000,0.0000,0.0000,0.0000,0.0000,0.0000,0.3300,0.3000,0.0000,0.0000,0,0,0,0,0,0,0,1,0,0,0,0,0,0,0,0,1,1,0,0,0.1398,0.0898,0.1443,0.0635,0.1024,0.0209,0.0704,0.1123,0.0219,0.1381,0.000,0.000,0.000,0.000,0.000,0.000,0.000,0.143,0.000,0.000,semi-presidential,parliamentary,parliamentary,parliamentary,parliamentary,semi-presidential,semi-presidential,electoral-authoritarian,electoral-authoritarian,parliamentary,0.840,0.800,0.800,0.800,0.800,0.800,0.800,0.500,0.500,0.800,64.6,100.0,100.0,66.2,62.3,64.6,96.2,100.0,42.2,100.0
2028-11-01,1.0334,1.0116,0.9885,1.0093,1.0258,1.0070,1.0036,1.0090,1.0296,1.0247,0.9994,1.0027,1.1136,1.0393,1.0248,1.0533,1.1509,1.0586,1.0051,1.1744,1.0443,1.0505,1.0394,1.0030,3588.80,5293.02,4047.44,2637.53,2007.25,1155.67,198.14,2652.81,1837.83,576.50,1.1220,0.6199,1.0497,1.3778,0.9998,0.4697,1.2121,0.2420,0.2403,-0.0919,0.6603,0.7716,0.6404,0.6520,0.6912,0.7551,0.5169,0.6210,0.7494,0.7012,0.0194,0.0104,0.0423,0.0394,0.0420,0.0000,0.0842,0.0027,0.0102,0.0553,0.9806,0.9801,0.9907,0.9794,0.9811,1.0000,0.9681,1.0000,0.9748,1.0000,56.72,201.27,82.57,54.13,64.35,11.84,6.10,250.07,65.56,88.66,0.0000,0.0000,0.0000,0.0000,0.0000,0.0000,0.4595,0.0410,0.0000,0.0000,104304,74663,53998,54750,86225,66964,95775,572442,131417,91336,0,0,0,0,0,0,0,0,0,0,0.0000,0.0000,0.0000,0.0000,0.0000,0.0000,0.3400,0.3100,0.0000,0.0000,0,0,0,0,0,0,0,1,0,0,0,0,0,0,0,0,1,1,0,0,0.1409,0.0909,0.1451,0.0635,0.1037,0.0224,0.0767,0.1196,0.0230,0.1395,0.000,0.000,0.000,0.000,0.000,0.000,0.000,0.142,0.000,0.000,semi-presidential,parliamentary,parliamentary,parliamentary,parliamentary,semi-presidential,semi-presidential,electoral-authoritarian,electoral-authoritarian,parliamentary,0.830,0.800,0.800,0.800,0.800,0.800,0.800,0.500,0.500,0.800,67.6,100.0,100.0,69.3,65.4,67.8,93.4,100.0,45.7,100.0
2028-12-01,1.0334,1.0101,0.9893,1.0082,1.0443,1.0013,1.0037,1.0116,1.0264,1.0237,1.0011,1.0018,1.1147,1.0384,1.0458,1.0390,1.1440,1.0523,1.0053,1.0541,1.0412,1.0361,1.0388,1.0018,3599.44,5304.08,4042.88,2640.04,2015.67,1163.24,197.57,2663.94,1844.33,577.79,1.1188,0.6187,1.0510,1.3765,0.9956,0.4645,1.2157,0.2439,0.2395,-0.1066,0.6694,0.7669,0.6448,0.6374,0.6647,0.7425,0.4972,0.6008,0.7614,0.6644,0.0150,0.0103,0.0339,0.0299,0.0340,0.0000,0.0778,0.0016,0.0109,0.0380,0.9802,0.9796,0.9905,0.9790,0.9806,1.0000,0.9679,1.0000,0.9743,1.0000,56.88,203.47,86.32,57.05,65.63,12.11,6.23,251.01,65.97,89.21,0.0000,0.0000,0.0000,0.0000,0.0000,0.0000,0.4594,0.0417,0.0000,0.0000,104304,74663,53998,54750,86225,66964,95775,572442,131417,91336,0,0,0,0,0,0,0,0,0,0,0.0000,0.0000,0.0000,0.0000,0.0000,0.0000,0.3500,0.3200,0.0000,0.0000,0,0,0,0,0,0,0,1,0,0,0,0,0,0,0,0,1,1,0,0,0.1338,0.0880,0.1382,0.0618,0.0976,0.0269,0.0766,0.1189,0.0214,0.1367,0.000,0.000,0.000,0.000,0.000,0.000,0.000,0.143,0.000,0.000,semi-presidential,parliamentary,parliamentary,parliamentary,parliamentary,semi-presidential,semi-presidential,electoral-authoritarian,electoral-authoritarian,parliamentary,0.820,0.800,0.800,0.800,0.800,0.800,0.800,0.500,0.500,0.800,70.6,100.0,100.0,72.4,68.4,71.0,95.6,100.0,49.2,100.0
2029-01-01,1.0329,1.0086,0.9949,1.0066,1.0586,0.9975,1.0026,1.0109,1.0265,1.0218,1.0005,1.0009,1.1151,1.0374,1.2036,1.0437,1.1424,1.0485,1.0042,1.0125,1.0414,1.0330,1.0021,1.0009,3607.04,5310.54,4034.34,2647.72,2020.20,1167.32,198.16,2673.76,1861.11,576.99,1.1165,0.6178,1.0535,1.3726,0.9934,0.4607,1.2122,0.2457,0.2374,-0.1217,0.6679,0.7567,0.6158,0.6231,0.6670,0.7690,0.4760,0.6353,0.7226,0.6762,0.0223,0.0154,0.0373,0.0373,0.0388,0.0000,0.0736,0.0011,0.0212,0.0308,0.9797,0.9792,0.9902,0.9785,0.9801,1.0000,0.9678,1.0000,0.9736,1.0000,56.72,203.75,88.09,57.60,65.16,12.17,6.10,248.85,65.79,89.05,0.0000,0.0000,0.0000,0.0000,0.0000,0.0000,0.4591,0.0427,0.0000,0.0000,104304,74663,53998,54750,86225,66964,95775,572442,131417,91336,0,0,0,0,0,0,0,0,0,0,0.0000,0.0000,0.0000,0.0000,0.0000,0.0000,0.3600,0.3300,0.0000,0.0000,0,0,0,0,0,0,0,1,0,0,0,0,0,0,0,0,1,1,0,0,0.1340,0.0879,0.1385,0.0619,0.0977,0.0266,0.0818,0.1184,0.0209,0.1367,0.000,0.000,0.000,0.000,0.000,0.000,0.000,0.145,0.000,0.000,semi-presidential,parliamentary,parliamentary,parliamentary,parliamentary,semi-presidential,semi-presidential,electoral-authoritarian,electoral-authoritarian,parliamentary,0.810,0.800,0.800,0.800,0.800,0.800,0.800,0.500,0.500,0.800,73.7,100.0,100.0,75.3,71.4,74.3,97.6,100.0,52.5,100.0
2029-02-01,1.0319,1.0055,1.0010,1.0049,1.0669,0.9954,1.0034,1.0113,1.0245,1.0189,1.0005,1.0021,1.1137,1.0336,1.2217,1.0285,1.1298,1.0463,1.0153,1.0141,1.0393,1.0277,1.0021,1.0024,3614.90,5322.33,4045.86,2653.48,2026.95,1171.30,198.18,2684.62,1869.97,575.81,1.1169,0.6164,1.0507,1.3697,0.9901,0.4569,1.2120,0.2472,0.2363,-0.1369,0.6509,0.7385,0.5891,0.6329,0.6563,0.7530,0.5288,0.6485,0.7467,0.6654,0.0234,0.0156,0.0328,0.0343,0.0354,0.0000,0.0701,0.0012,0.0194,0.0243,0.9802,0.9795,0.9904,0.9789,0.9807,1.0000,0.9682,1.0000,0.9742,1.0000,56.25,202.75,87.22,57.46,65.10,12.25,5.99,247.19,65.49,88.86,0.0000,0.0000,0.0000,0.0000,0.0000,0.0000,0.4589,0.0428,0.0000,0.0000,104304,74663,53998,54750,86225,66964,95775,572442,131417,91336,0,0,0,0,0,0,0,0,0,0,0.0000,0.0000,0.0000,0.0000,0.0000,0.0000,0.3700,0.3400,0.0000,0.0000,0,0,0,0,0,0,0,1,0,0,0,0,0,0,0,0,1,1,0,0,0.1397,0.0910,0.1445,0.0653,0.1024,0.0280,0.0840,0.1191,0.0226,0.1359,0.000,0.000,0.000,0.000,0.000,0.000,0.000,0.144,0.000,0.000,semi-presidential,parliamentary,parliamentary,parliamentary,parliamentary,semi-presidential,semi-presidential,electoral-authoritarian,electoral-authoritarian,parliamentary,0.800,0.800,0.800,0.850,0.800,0.800,0.800,0.500,0.500,0.800,76.6,100.0,100.0,88.4,74.4,77.5,100.0,100.0,55.9,100.0
2029-03-01,1.0333,1.0021,1.0037,1.0037,1.0711,0.9940,1.0031,1.0102,1.0235,1.0174,1.0009,1.0047,1.1221,1.0301,1.1411,1.0209,1.1184,1.0448,1.0046,1.0119,1.0382,1.0280,1.0088,1.0054,3626.18,5342.47,4060.96,2659.64,2033.38,1175.50,198.89,2698.84,1879.65,575.60,1.1134,0.6139,1.0470,1.3666,0.9868,0.4531,1.2076,0.2483,0.2351,-0.1488,0.6465,0.7334,0.6241,0.6039,0.6640,0.7435,0.5277,0.6692,0.7170,0.6489,0.0178,0.0131,0.0251,0.0262,0.0268,0.0000,0.0808,0.0012,0.0142,0.0175,0.9802,0.9796,0.9905,0.9790,0.9808,1.0000,0.9683,1.0000,0.9743,1.0000,57.30,203.76,87.36,58.17,66.49,12.16,6.20,254.05,66.54,88.44,0.0000,0.0000,0.0000,0.0000,0.0000,0.0000,0.4587,0.0431,0.0000,0.0000,104304,74663,53998,54750,86225,66964,95775,572442,131417,91336,0,0,0,0,0,0,0,0,0,0,0.0000,0.0000,0.0000,0.0000,0.0000,0.0000,0.3800,0.3500,0.0000,0.0000,0,0,0,0,0,0,0,1,0,0,0,0,0,0,0,0,1,1,0,0,0.1415,0.0925,0.1465,0.0670,0.1044,0.0295,0.0855,0.1263,0.0243,0.1354,0.000,0.000,0.000,0.000,0.000,0.000,0.000,0.139,0.000,0.000,semi-presidential,parliamentary,parliamentary,parliamentary,parliamentary,semi-presidential,semi-presidential,electoral-authoritarian,electoral-authoritarian,parliamentary,0.800,0.800,0.800,0.840,0.800,0.800,0.800,0.500,0.500,0.800,79.5,30.0,100.0,91.2,77.3,80.6,100.0,100.0,59.2,100.0
2029-04-01,1.0312,0.9987,1.0053,1.0043,1.0743,0.9951,1.0027,1.0123,1.0227,1.0167,1.0007,1.0043,1.1122,1.0264,1.0873,1.0305,1.1150,1.0460,1.0042,1.0564,1.0373,1.0303,1.0023,1.0043,3642.29,5371.46,4055.43,2663.67,2040.55,1181.38,199.00,2707.37,1890.82,576.70,1.1085,0.6105,1.0483,1.3674,0.9833,0.4487,1.2069,0.2497,0.2338,-0.1634,0.6500,0.7495,0.6429,0.6154,0.6634,0.7459,0.5484,0.6930,0.7269,0.6521,0.0157,0.0112,0.0270,0.0211,0.0227,0.0000,0.0744,0.0015,0.0119,0.0165,0.9803,0.9797,0.9905,0.9791,0.9809,1.0000,0.9680,1.0000,0.9744,1.0000,56.29,204.40,88.93,57.51,65.10,12.44,6.30,248.22,65.93,88.42,0.0000,0.0000,0.0000,0.0000,0.0000,0.0000,0.4589,0.0429,0.0000,0.0000,104304,74663,53998,54750,86225,66964,95775,572442,131417,91336,0,0,0,0,0,0,0,0,0,0,0.0000,0.0000,0.0000,0.0000,0.0000,0.0000,0.3900,0.3600,0.0000,0.0000,0,0,0,0,0,0,0,1,0,0,0,0,0,0,0,0,1,1,0,0,0.1392,0.0909,0.1437,0.0655,0.1020,0.0291,0.0852,0.1228,0.0237,0.1364,0.000,0.000,0.000,0.000,0.000,0.000,0.000,0.140,0.000,0.000,semi-presidential,parliamentary,parliamentary,parliamentary,parliamentary,semi-presidential,semi-presidential,electoral-authoritarian,electoral-authoritarian,parliamentary,0.800,0.800,0.800,0.830,0.800,0.800,0.800,0.500,0.500,0.800,82.4,33.2,100.0,94.1,80.3,83.8,100.0,100.0,62.5,100.0
2029-05-01,1.0263,0.9955,1.0050,1.0053,1.0737,0.9957,1.0021,1.0107,1.0194,1.0167,1.0005,1.0028,1.1032,1.0229,1.0428,1.0406,1.0970,1.0465,1.0036,1.0123,1.0335,1.0301,1.0020,1.0028,3651.30,5378.89,4062.61,2665.49,2045.18,1184.02,198.88,2722.16,1900.68,578.00,1.1058,0.6097,1.0437,1.3664,0.9841,0.4455,1.2077,0.2505,0.2327,-0.1778,0.6602,0.7612,0.6298,0.6162,0.6721,0.7499,0.5477,0.6707,0.7260,0.6731,0.0104,0.0102,0.0200,0.0192,0.0143,0.0000,0.0689,0.0011,0.0100,0.0082,0.9805,0.9798,0.9906,0.9793,0.9811,1.0000,0.9678,1.0000,0.9746,1.0000,55.24,201.72,85.87,54.73,63.26,12.37,6.14,243.12,65.17,87.86,0.0000,0.0000,0.0000,0.0000,0.0000,0.0000,0.4591,0.0425,0.0000,0.0000,104304,74663,53998,54750,86225,66964,95775,572442,131417,91336,0,0,0,0,0,0,0,0,0,0,0.0000,0.0000,0.0000,0.0000,0.0000,0.0000,0.4000,0.3700,0.0000,0.0000,0,0,0,0,0,0,0,1,0,0,0,0,0,0,0,0,1,1,0,0,0.1321,0.0868,0.1352,0.0602,0.0965,0.0274,0.0820,0.1186,0.0221,0.1375,0.000,0.000,0.000,0.000,0.000,0.000,0.000,0.141,0.000,0.000,semi-presidential,parliamentary,parliamentary,parliamentary,parliamentary,semi-presidential,semi-presidential,electoral-authoritarian,electoral-authoritarian,parliamentary,0.800,0.800,0.800,0.820,0.800,0.800,0.800,0.500,0.500,0.800,85.4,36.5,100.0,96.9,83.3,86.9,100.0,100.0,65.9,100.0
2029-06-01,1.0211,0.9928,1.0034,1.0018,1.0742,0.9971,1.0030,1.0099,1.0166,1.0154,1.0001,0.9993,1.0975,1.0204,1.0412,1.0066,1.0988,1.0480,1.0073,1.0116,1.0308,1.0257,1.0017,0.9993,3646.65,5391.08,4056.57,2669.65,2050.20,1187.60,198.98,2725.81,1908.13,578.73,1.1073,0.6083,1.0456,1.3644,0.9817,0.4420,1.2072,0.2521,0.2318,-0.1923,0.6583,0.7411,0.6444,0.6117,0.6680,0.7278,0.5217,0.6796,0.7279,0.6947,0.0105,0.0095,0.0111,0.0152,0.0147,0.0000,0.0597,0.0011,0.0100,0.0086,0.9803,0.9797,0.9905,0.9791,0.9809,1.0000,0.9673,1.0000,0.9744,1.0000,54.86,201.14,85.88,56.41,63.97,12.16,5.98,243.84,65.49,88.00,0.0000,0.0000,0.0000,0.0000,0.0000,0.0000,0.4591,0.0425,0.0000,0.0000,104304,74663,53998,54750,86225,66964,95775,572442,131417,91336,0,0,0,0,0,0,0,0,0,0,0.0000,0.0000,0.0000,0.0000,0.0000,0.0000,0.4100,0.3800,0.0000,0.0000,0,0,0,0,0,0,0,1,0,0,0,0,0,0,0,0,1,1,0,0,0.1158,0.0786,0.1192,0.0531,0.0837,0.0239,0.0795,0.1145,0.0179,0.1339,0.000,0.000,0.000,0.000,0.000,0.000,0.000,0.143,0.000,0.000,semi-presidential,parliamentary,parliamentary,parliamentary,parliamentary,semi-presidential,semi-presidential,electoral-authoritarian,electoral-authoritarian,parliamentary,0.750,0.800,0.800,0.810,0.800,0.800,0.800,0.500,0.500,0.800,88.4,39.6,100.0,99.8,86.2,90.0,100.0,100.0,69.2,100.0
2029-07-01,1.0173,0.9925,0.9982,0.9984,1.0708,0.9979,1.0028,1.0087,1.0111,1.0116,0.9985,0.9987,1.0951,1.0211,1.0359,0.9984,1.0933,1.0489,1.0043,1.0103,1.0250,1.0201,1.0000,0.9987,3658.39,5408.01,4062.52,2674.19,2060.09,1190.49,198.57,2738.24,1917.46,581.04,1.1040,0.6064,1.0443,1.3621,0.9770,0.4388,1.2098,0.2529,0.2308,-0.2062,0.5918,0.7487,0.6313,0.6191,0.6701,0.7130,0.5225,0.6615,0.7124,0.7008,0.0107,0.0097,0.0089,0.0151,0.0145,0.0000,0.0578,0.0011,0.0102,0.0080,0.9796,0.9790,0.9901,0.9783,0.9800,1.0000,0.9666,1.0000,0.9734,1.0000,54.90,200.30,85.07,56.78,64.37,11.97,5.86,246.30,65.74,87.77,0.0000,0.0000,0.0000,0.0000,0.0000,0.0000,0.4588,0.0429,0.0000,0.0000,104304,74663,53998,54750,86225,66964,95775,572442,131417,91336,0,0,0,0,0,0,0,0,0,0,0.0000,0.0000,0.0000,0.0000,0.0000,0.0000,0.4200,0.3900,0.0000,0.0000,0,0,0,0,0,0,0,1,0,0,0,0,0,0,0,0,1,1,0,0,0.1322,0.0858,0.1374,0.0607,0.0964,0.0246,0.0761,0.1147,0.0198,0.1331,0.000,0.000,0.000,0.000,0.000,0.000,0.000,0.144,0.000,0.000,semi-presidential,parliamentary,parliamentary,parliamentary,parliamentary,semi-presidential,semi-presidential,electoral-authoritarian,electoral-authoritarian,parliamentary,0.760,0.800,0.800,0.800,0.800,0.800,0.800,0.500,0.500,0.820,91.0,42.8,100.0,100.0,89.2,92.9,100.0,100.0,72.4,95.0
2029-08-01,1.0153,0.9905,1.0001,0.9950,1.0652,0.9936,1.0014,1.0090,1.0071,1.0120,0.9917,0.9980,1.0950,1.0186,1.0935,0.9950,1.0876,1.0442,1.0029,1.0156,1.0207,1.0237,0.9932,0.9980,3663.34,5413.65,4057.05,2677.54,2068.08,1194.24,198.16,2747.22,1930.30,580.69,1.1026,0.6058,1.0460,1.3605,0.9732,0.4352,1.2125,0.2540,0.2293,-0.2207,0.6182,0.7606,0.6441,0.6207,0.6887,0.7138,0.4997,0.6830,0.7113,0.7269,0.0148,0.0116,0.0129,0.0189,0.0185,0.0000,0.0595,0.0011,0.0124,0.0092,0.9799,0.9793,0.9903,0.9787,0.9804,1.0000,0.9670,1.0000,0.9739,1.0000,55.17,200.32,85.34,57.08,64.78,11.86,6.04,248.09,65.70,87.85,0.0000,0.0000,0.0000,0.0000,0.0000,0.0000,0.4587,0.0431,0.0000,0.0000,104304,74663,53998,54750,86225,66964,95775,572442,131417,91336,0,0,0,0,0,0,0,0,0,0,0.0000,0.0000,0.0000,0.0000,0.0000,0.0000,0.4300,0.4000,0.0000,0.0000,0,0,0,0,0,0,0,1,0,0,0,0,0,0,0,0,1,1,0,0,0.1319,0.0912,0.1375,0.0604,0.0961,0.0274,0.0730,0.1164,0.0193,0.1334,0.000,0.000,0.000,0.000,0.000,0.000,0.000,0.145,0.000,0.000,semi-presidential,parliamentary,parliamentary,parliamentary,parliamentary,semi-presidential,semi-presidential,electoral-authoritarian,electoral-authoritarian,junta,0.770,0.800,0.800,0.800,0.800,0.800,0.800,0.500,0.500,0.400,93.8,46.1,30.0,100.0,92.3,95.9,100.0,100.0,75.7,30.0
2029-09-01,1.0137,0.9868,1.0015,0.9907,1.0561,0.9944,1.0018,1.0085,1.0048,1.0114,0.9912,0.9967,1.0933,1.0139,1.0800,0.9907,1.0784,1.0448,1.0116,1.0101,1.0182,1.0228,0.9927,0.9967,3666.40,5430.09,4058.05,2679.82,2071.92,1200.59,197.80,2748.92,1939.84,582.81,1.1018,0.6041,1.0460,1.3593,0.9714,0.4307,1.2149,0.2559,0.2282,-0.2342,0.6256,0.7486,0.6230,0.6219,0.6909,0.7159,0.4847,0.6784,0.7170,0.6413,0.0137,0.0110,0.0119,0.0178,0.0174,0.0000,0.0598,0.0011,0.0117,0.0089,0.9806,0.9799,0.9906,0.9794,0.9812,1.0000,0.9672,1.0000,0.9747,1.0000,55.10,199.34,84.97,56.89,64.91,11.79,6.02,247.90,65.86,87.49,0.0000,0.0000,0.0000,0.0000,0.0000,0.0000,0.4589,0.0428,0.0000,0.0000,104304,74663,53998,54750,86225,66964,95775,572442,131417,91336,0,0,0,0,0,0,0,0,0,0,0.0000,0.0000,0.0000,0.0000,0.0000,0.0000,0.4400,0.4100,0.0000,0.0000,0,0,0,0,0,0,0,1,0,0,0,0,0,0,0,0,1,1,0,0,0.1268,0.0880,0.1321,0.0578,0.0925,0.0256,0.0672,0.1147,0.0179,0.1324,0.000,0.000,0.000,0.000,0.000,0.000,0.000,0.146,0.000,0.000,semi-presidential,parliamentary,parliamentary,parliamentary,parliamentary,semi-presidential,semi-presidential,electoral-authoritarian,electoral-authoritarian,junta,0.780,0.800,0.800,0.800,0.800,0.800,0.800,0.500,0.500,0.400,96.6,49.3,32.7,100.0,95.4,98.9,100.0,100.0,78.9,32.9
2029-10-01,1.0103,0.9860,1.0035,0.9869,1.0465,0.9960,1.0011,1.0084,1.0050,1.0111,0.9903,0.9976,1.0875,1.0141,1.1041,0.9869,1.0687,1.0464,1.0025,1.0100,1.0183,1.0224,0.9918,0.9978,3677.01,5443.46,4062.44,2688.90,2078.17,1207.65,197.61,2757.32,1952.21,583.06,1.0987,0.6028,1.0452,1.3547,0.9686,0.4270,1.2162,0.2571,0.2269,-0.2484,0.6280,0.7471,0.6327,0.6209,0.6871,0.7383,0.4837,0.6497,0.7048,0.6503,0.0149,0.0117,0.0130,0.0193,0.0187,0.0000,0.0580,0.0011,0.0125,0.0090,0.9798,0.9793,0.9902,0.9786,0.9803,1.0000,0.9662,1.0000,0.9738,1.0000,54.59,199.23,84.78,56.60,64.31,11.84,5.96,245.76,65.99,87.68,0.0000,0.0000,0.0000,0.0000,0.0000,0.0000,0.4589,0.0428,0.0000,0.0000,104304,74663,53998,54750,86225,66964,95775,572442,131417,91336,0,0,0,0,0,0,0,0,0,0,0.0000,0.0000,0.0000,0.0000,0.0000,0.0000,0.4500,0.4200,0.0000,0.0000,0,0,0,0,0,0,0,1,0,0,0,0,0,0,0,0,1,1,0,0,0.1350,0.0926,0.1413,0.0618,0.0990,0.0268,0.0669,0.1147,0.0195,0.1326,0.000,0.000,0.000,0.000,0.000,0.000,0.000,0.146,0.000,0.000,semi-presidential,parliamentary,parliamentary,parliamentary,parliamentary,semi-presidential,semi-presidential,electoral-authoritarian,electoral-authoritarian,junta,0.790,0.800,0.800,0.800,0.800,0.800,0.800,0.500,0.500,0.400,99.4,52.4,35.5,100.0,98.4,100.0,100.0,100.0,82.1,35.8
2029-11-01,1.0078,0.9854,1.0059,0.9829,1.0390,0.9961,1.0008,1.0068,1.0052,1.0108,0.9892,0.9961,1.0863,1.0141,1.1172,0.9829,1.0609,1.0464,1.0023,1.0084,1.0186,1.0221,0.9907,0.9961,3685.26,5460.94,4059.42,2687.00,2076.81,1213.92,197.44,2763.70,1962.38,584.04,1.0964,0.6010,1.0462,1.3557,0.9693,0.4226,1.2175,0.2585,0.2258,-0.2623,0.6432,0.7502,0.6370,0.6439,0.6877,0.7388,0.4852,0.6424,0.7213,0.6309,0.0157,0.0122,0.0137,0.0201,0.0195,0.0000,0.0592,0.0011,0.0131,0.0091,0.9794,0.9788,0.9900,0.9781,0.9798,1.0000,0.9655,1.0000,0.9733,1.0000,55.17,199.58,84.48,57.01,64.94,11.71,5.98,249.68,66.61,87.43,0.0000,0.0000,0.0000,0.0000,0.0000,0.0000,0.4589,0.0428,0.0000,0.0000,104304,74663,53998,54750,86225,66964,95775,572442,131417,91336,0,0,0,0,0,0,0,0,0,0,0.0000,0.0000,0.0000,0.0000,0.0000,0.0000,0.4600,0.4300,0.0000,0.0000,0,0,0,0,0,0,0,1,0,0,0,0,0,0,0,0,1,1,0,0,0.1254,0.0871,0.1308,0.0569,0.0916,0.0251,0.0672,0.1146,0.0210,0.1321,0.000,0.000,0.000,0.000,0.000,0.000,0.000,0.147,0.000,0.000,semi-presidential,parliamentary,parliamentary,parliamentary,parliamentary,semi-presidential,semi-presidential,electoral-authoritarian,electoral-authoritarian,junta,0.800,0.800,0.800,0.800,0.800,0.800,0.800,0.500,0.500,0.400,100.0,55.6,38.3,100.0,100.0,100.0,100.0,100.0,85.4,38.7
2029-12-01,1.0038,0.9853,1.0075,0.9799,1.0378,0.9966,1.0022,1.0058,1.0048,1.0088,0.9842,0.9935,1.0802,1.0141,1.0939,0.9799,1.0600,1.0469,1.0360,1.0073,1.0182,1.0190,0.9856,0.9935,3681.56,5470.70,4054.57,2692.56,2081.42,1220.18,197.04,2775.62,1971.55,585.38,1.0975,0.6000,1.0478,1.3530,0.9672,0.4183,1.2202,0.2594,0.2248,-0.2759,0.6480,0.7597,0.6302,0.6161,0.6554,0.7411,0.4868,0.6295,0.7195,0.6433,0.0150,0.0113,0.0133,0.0185,0.0186,0.0000,0.0587,0.0012,0.0121,0.0100,0.9792,0.9787,0.9899,0.9780,0.9796,1.0000,0.9653,1.0000,0.9731,1.0000,54.63,198.94,83.76,56.35,64.10,11.66,5.86,247.25,66.61,87.36,0.0000,0.0000,0.0000,0.0000,0.0000,0.0000,0.4589,0.0428,0.0000,0.0000,104304,74663,53998,54750,86225,66964,95775,572442,131417,91336,0,0,0,0,0,0,0,0,0,0,0.0000,0.0000,0.0000,0.0000,0.0000,0.0000,0.4700,0.4400,0.0000,0.0000,0,0,0,0,0,0,0,1,0,0,0,0,0,0,0,0,1,1,0,0,0.1152,0.0809,0.1190,0.0509,0.0827,0.0232,0.0722,0.1119,0.0183,0.1318,0.000,0.000,0.000,0.000,0.000,0.000,0.000,0.150,0.000,0.000,semi-presidential,parliamentary,parliamentary,parliamentary,parliamentary,semi-presidential,semi-presidential,electoral-authoritarian,electoral-authoritarian,junta,0.800,0.800,0.800,0.800,0.800,0.800,0.800,0.500,0.500,0.400,100.0,58.9,41.1,100.0,100.0,100.0,100.0,100.0,88.7,41.6
2030-01-01,0.9986,0.9853,1.0080,0.9790,1.0361,0.9970,1.0022,1.0043,1.0035,1.0039,0.9797,0.9930,1.0737,1.0141,1.0515,1.0028,1.0582,1.0473,1.0112,1.0059,1.0166,1.0133,0.9811,0.9930,3676.09,5483.18,4065.84,2702.26,2094.51,1225.56,196.67,2779.09,1987.89,585.39,1.0993,0.5988,1.0452,1.3511,0.9612,0.4143,1.2227,0.2611,0.2230,-0.2901,0.6326,0.7394,0.6148,0.6292,0.6547,0.7506,0.4776,0.6481,0.7082,0.6362,0.0114,0.0100,0.0202,0.0156,0.0152,0.0000,0.0685,0.0011,0.0104,0.0083,0.9791,0.9786,0.9898,0.9778,0.9795,1.0000,0.9671,1.0000,0.9729,1.0000,54.10,198.47,84.23,55.85,63.23,11.56,5.76,245.30,66.44,87.06,0.0000,0.0000,0.0000,0.0000,0.0000,0.0000,0.4588,0.0429,0.0000,0.0000,104304,74663,53998,54750,86225,66964,95775,572442,131417,91336,0,0,0,0,0,0,0,0,0,0,0.0000,0.0000,0.0000,0.0000,0.0000,0.0000,0.4800,0.4500,0.0000,0.0000,0,0,0,0,0,0,0,1,0,0,0,0,0,0,0,0,1,1,0,0,0.1299,0.0874,0.1338,0.0626,0.0931,0.0241,0.0733,0.1121,0.0202,0.1323,0.000,0.000,0.000,0.000,0.000,0.000,0.000,0.150,0.000,0.000,semi-presidential,parliamentary,parliamentary,parliamentary,parliamentary,semi-presidential,semi-presidential,electoral-authoritarian,electoral-authoritarian,junta,0.800,0.800,0.800,0.800,0.800,0.800,0.800,0.500,0.500,0.400,100.0,62.0,43.8,100.0,100.0,100.0,100.0,100.0,91.9,44.5
2030-02-01,0.9919,0.9858,1.0059,0.9788,1.0390,0.9955,1.0015,1.0040,1.0042,0.9999,0.9765,0.9925,1.0650,1.0146,1.0441,1.0026,1.0774,1.0455,1.0030,1.0056,1.0173,1.0086,0.9779,0.9925,3685.08,5486.06,4068.82,2718.44,2096.28,1230.32,196.83,2787.88,1994.74,585.01,1.0967,0.5986,1.0447,1.3430,0.9605,0.4106,1.2219,0.2623,0.2223,-0.3045,0.6185,0.7382,0.6395,0.6551,0.7041,0.7495,0.4676,0.6403,0.7437,0.6363,0.0106,0.0097,0.0208,0.0180,0.0181,0.0000,0.0668,0.0010,0.0102,0.0126,0.9791,0.9786,0.9899,0.9778,0.9794,1.0000,0.9671,1.0000,0.9729,1.0000,53.27,198.16,83.97,55.28,62.73,11.50,5.63,242.59,66.47,86.78,0.0000,0.0000,0.0000,0.0000,0.0000,0.0000,0.4588,0.0430,0.0000,0.0000,104304,74663,53998,54750,86225,66964,95775,572442,131417,91336,0,0,0,0,0,0,0,0,0,0,0.0000,0.0000,0.0000,0.0000,0.0000,0.0000,0.4900,0.4600,0.0000,0.0000,0,0,0,0,0,0,0,1,0,0,0,0,0,0,0,0,1,1,0,0,0.1302,0.0874,0.1341,0.0623,0.0939,0.0239,0.0762,0.1104,0.0203,0.1328,0.000,0.000,0.000,0.000,0.000,0.000,0.000,0.150,0.000,0.000,semi-presidential,parliamentary,parliamentary,parliamentary,parliamentary,semi-presidential,semi-presidential,electoral-authoritarian,electoral-authoritarian,junta,0.800,0.800,0.800,0.800,0.800,0.800,0.800,0.500,0.500,0.400,100.0,65.1,46.6,100.0,100.0,100.0,100.0,100.0,95.3,47.3
2030-03-01,0.9847,0.9834,1.0066,0.9788,1.0412,0.9957,0.9996,1.0042,1.0054,0.9969,0.9734,0.9940,1.0559,1.0112,1.0574,1.0041,1.0782,1.0457,1.0010,1.0105,1.0343,1.0066,0.9747,0.9945,3687.54,5499.35,4076.71,2725.33,2108.14,1237.09,196.72,2801.53,2004.00,584.61,1.0961,0.5973,1.0429,1.3397,0.9551,0.4061,1.2227,0.2631,0.2214,-0.3188,0.6331,0.7279,0.6380,0.6847,0.6791,0.7419,0.4864,0.6514,0.7346,0.5977,0.0116,0.0101,0.0220,0.0193,0.0192,0.0000,0.0664,0.0017,0.0110,0.0132,0.9798,0.9792,0.9902,0.9786,0.9804,1.0000,0.9681,1.0000,0.9738,1.0000,52.63,197.13,83.20,54.34,61.65,11.53,5.63,238.32,65.68,86.26,0.0000,0.0000,0.0000,0.0000,0.0000,0.0000,0.4587,0.0430,0.0000,0.0000,104304,74663,53998,54750,86225,66964,95775,572442,131417,91336,0,0,0,0,0,0,0,0,0,0,0.0000,0.0000,0.0000,0.0000,0.0000,0.0000,0.5000,0.4700,0.0000,0.0000,0,0,0,0,0,0,0,1,0,0,0,0,0,0,0,0,1,1,0,0,0.1345,0.0896,0.1381,0.0647,0.0967,0.0251,0.0777,0.1105,0.0217,0.1324,0.000,0.000,0.000,0.000,0.000,0.000,0.000,0.149,0.000,0.000,semi-presidential,parliamentary,parliamentary,parliamentary,parliamentary,semi-presidential,semi-presidential,electoral-authoritarian,electoral-authoritarian,junta,0.800,0.800,0.800,0.800,0.800,0.800,0.800,0.500,0.500,0.400,100.0,68.2,49.4,100.0,100.0,100.0,100.0,100.0,98.7,50.0
2030-04-01,0.9816,0.9779,1.0054,0.9809,1.0416,0.9968,0.9962,1.0030,1.0052,0.9935,0.9747,0.9930,1.0569,1.0043,1.0435,1.0213,1.0647,1.0469,0.9975,1.0044,1.0180,1.0024,1.0210,0.9930,3693.06,5486.69,4076.38,2724.33,2109.09,1243.56,196.58,2810.45,2012.16,585.39,1.0943,0.5988,1.0433,1.3402,0.9548,0.4018,1.2238,0.2633,0.2205,-0.3325,0.6267,0.7358,0.6517,0.6855,0.7054,0.7561,0.4841,0.6763,0.7259,0.6002,0.0120,0.0110,0.0211,0.0227,0.0155,0.0003,0.0692,0.0013,0.0101,0.0099,0.9807,0.9800,0.9906,0.9796,0.9814,1.0000,0.9687,1.0000,0.9749,1.0000,53.54,196.04,80.38,53.37,62.28,11.35,5.64,244.19,66.23,85.17,0.0000,0.0000,0.0000,0.0000,0.0000,0.0000,0.4588,0.0429,0.0000,0.0000,104304,74663,53998,54750,86225,66964,95775,572442,131417,91336,0,0,0,0,0,0,0,0,0,0,0.0000,0.0000,0.0000,0.0000,0.0000,0.0000,0.5100,0.4800,0.0000,0.0000,0,0,0,0,0,0,0,1,0,0,0,0,0,0,0,0,1,1,0,0,0.1269,0.0854,0.1302,0.0594,0.0918,0.0236,0.0762,0.1110,0.0202,0.1326,0.000,0.000,0.000,0.000,0.000,0.000,0.000,0.150,0.000,0.000,semi-presidential,parliamentary,parliamentary,parliamentary,parliamentary,semi-presidential,semi-presidential,electoral-authoritarian,electoral-authoritarian,junta,0.800,0.840,0.800,0.800,0.800,0.800,0.800,0.500,0.500,0.400,100.0,61.3,52.3,100.0,100.0,100.0,100.0,30.0,100.0,52.6
2030-05-01,0.9807,0.9734,1.0015,0.9798,1.0408,0.9974,0.9926,1.0036,1.0045,0.9888,0.9792,0.9939,1.0583,1.0000,1.0394,1.0033,1.0631,1.0476,0.9940,1.0051,1.0175,0.9962,1.0860,0.9941,3706.98,5489.35,4080.00,2735.19,2118.07,1248.60,196.44,2810.70,2021.26,584.26,1.0901,0.5987,1.0424,1.3350,0.9508,0.3980,1.2247,0.2644,0.2196,-0.3472,0.6284,0.6949,0.6409,0.6467,0.6849,0.7619,0.4787,0.6755,0.6975,0.6107,0.0140,0.0098,0.0235,0.0152,0.0168,0.0000,0.0740,0.0016,0.0104,0.0124,0.9805,0.9798,0.9905,0.9793,0.9812,1.0000,0.9680,1.0000,0.9747,1.0000,54.34,198.58,83.95,55.91,64.30,11.49,5.69,248.83,67.21,85.51,0.0000,0.0000,0.0000,0.0000,0.0000,0.0000,0.4587,0.0430,0.0000,0.0000,104304,74663,53998,54750,86225,66964,95775,572442,131417,91336,0,0,0,0,0,0,0,0,0,0,0.0000,0.0000,0.0000,0.0000,0.0000,0.0000,0.5200,0.4900,0.0000,0.0000,0,0,0,0,0,0,0,1,0,0,0,0,0,0,0,0,1,1,0,0,0.1333,0.0896,0.1381,0.0646,0.1027,0.0249,0.0795,0.1122,0.0215,0.1304,0.000,0.000,0.000,0.000,0.000,0.000,0.000,0.150,0.000,0.000,semi-presidential,parliamentary,parliamentary,parliamentary,parliamentary,semi-presidential,semi-presidential,electoral-authoritarian,electoral-authoritarian,junta,0.800,0.830,0.800,0.800,0.820,0.800,0.800,0.500,0.500,0.400,100.0,64.1,55.1,100.0,95.0,100.0,100.0,33.0,100.0,55.4
2030-06-01,0.9824,0.9696,1.0003,0.9808,1.0375,0.9991,0.9928,1.0016,1.0026,0.9858,0.9786,0.9950,1.0633,0.9964,1.0387,1.0143,1.0592,1.0494,1.0055,1.0030,1.0153,0.9943,0.9799,0.9953,3718.20,5490.74,4099.96,2747.69,2130.50,1257.46,196.44,2819.89,2032.36,585.32,1.0869,0.5987,1.0370,1.3290,0.9453,0.3930,1.2245,0.2646,0.2185,-0.3605,0.6455,0.7021,0.6400,0.6710,0.6905,0.7506,0.4721,0.6454,0.6959,0.5888,0.0113,0.0108,0.0199,0.0198,0.0150,0.0000,0.0725,0.0011,0.0104,0.0084,0.9803,0.9796,0.9904,0.9791,0.9810,1.0000,0.9678,1.0000,0.9744,1.0000,55.23,197.17,81.33,54.77,64.66,11.27,5.75,254.24,67.85,84.69,0.0000,0.0000,0.0000,0.0000,0.0000,0.0000,0.4586,0.0432,0.0000,0.0000,104304,74663,53998,54750,86225,66964,95775,572442,131417,91336,0,0,0,0,0,0,0,0,0,0,0.0000,0.0000,0.0000,0.0000,0.0000,0.0000,0.5300,0.5000,0.0000,0.0000,0,0,0,0,0,0,0,1,0,0,0,0,0,0,0,0,0,0,0,0,0.1348,0.0898,0.1385,0.0640,0.1041,0.0250,0.0764,0.1156,0.0222,0.1319,0.000,0.000,0.000,0.000,0.000,0.000,0.000,0.150,0.000,0.000,semi-presidential,parliamentary,parliamentary,parliamentary,parliamentary,semi-presidential,semi-presidential,electoral-authoritarian,electoral-authoritarian,junta,0.800,0.820,0.800,0.800,0.810,0.800,0.800,0.500,0.500,0.400,100.0,67.0,58.0,100.0,98.1,100.0,100.0,35.8,100.0,57.9
2030-07-01,0.9819,0.9700,0.9996,0.9823,1.0304,1.0003,0.9934,1.0018,1.0013,0.9873,0.9805,0.9962,0.9819,0.9700,1.0000,1.0142,1.0304,1.0003,1.0053,1.0037,1.0013,1.0132,1.0298,0.9966,3727.76,5510.13,4106.78,2753.99,2140.26,1255.68,198.03,2831.41,2042.60,585.60,1.0842,0.5967,1.0349,1.3260,0.9411,0.3914,1.2156,0.2646,0.2175,-0.3744,0.6519,0.7013,0.6784,0.6819,0.7137,0.7684,0.4697,0.6475,0.7130,0.6269,0.0020,0.0006,0.0122,0.0049,0.0013,0.0000,0.0144,0.0005,0.0001,0.0028,1.0000,1.0000,1.0000,1.0000,1.0000,1.0000,1.0000,1.0000,1.0000,1.0000,57.00,202.79,83.82,57.30,66.14,11.89,10.76,263.73,70.03,86.33,0.0000,0.0000,0.0000,0.0000,0.0000,0.0000,0.0000,0.0000,0.0000,0.0000,104304,74663,53998,54750,86225,66964,95775,572442,131417,91336,0,0,0,0,0,0,0,0,0,0,0.0000,0.0000,0.0000,0.0000,0.0000,0.0000,0.5100,0.4800,0.0000,0.0000,0,0,0,0,0,0,0,1,0,0,0,0,0,0,0,0,0,0,0,0,0.1357,0.0909,0.1466,0.0654,0.1052,0.0259,0.0804,0.1182,0.0231,0.1343,0.000,0.000,0.000,0.000,0.000,0.000,0.000,0.149,0.000,0.000,semi-presidential,parliamentary,parliamentary,parliamentary,parliamentary,semi-presidential,semi-presidential,electoral-authoritarian,electoral-authoritarian,junta,0.800,0.810,0.800,0.800,0.800,0.800,0.800,0.500,0.500,0.400,100.0,69.9,61.0,100.0,100.0,100.0,100.0,38.7,100.0,60.8
2030-08-01,0.9817,0.9714,0.9999,0.9857,1.0274,0.9993,0.9934,1.0001,1.0006,0.9911,0.9812,0.9947,0.9825,1.0060,1.0142,1.0307,1.0274,0.9993,1.0011,1.0001,1.0006,1.0225,1.0078,0.9947,3732.88,5518.35,4110.19,2759.07,2142.76,1259.45,198.89,2835.36,2055.72,587.80,1.0867,0.5960,1.0338,1.3237,0.9401,0.3880,1.2122,0.2653,0.2162,-0.3870,0.6577,0.7442,0.6739,0.6726,0.7285,0.7191,0.5889,0.6683,0.7184,0.6382,0.0065,0.0061,0.0149,0.0153,0.0060,0.0036,0.0168,0.0003,0.0035,0.0016,0.9683,0.9711,0.9835,0.9737,0.9697,0.9775,0.9945,1.0000,0.9786,1.0000,57.88,201.08,81.95,58.04,67.04,11.57,10.06,269.14,71.03,86.03,0.0000,0.0000,0.0000,0.0000,0.0000,0.0000,0.0000,0.0000,0.0000,0.0000,104304,74663,53998,54750,86225,66964,95775,572442,131417,91336,0,0,0,0,0,0,0,0,0,0,0.0000,0.0000,0.0000,0.0000,0.0000,0.0000,0.4900,0.4600,0.0000,0.0000,0,0,0,0,0,0,0,1,0,0,0,0,0,0,0,0,0,0,0,0,0.1322,0.0852,0.1354,0.0594,0.0972,0.0243,0.0835,0.1200,0.0209,0.1340,0.000,0.000,0.000,0.000,0.000,0.000,0.000,0.151,0.000,0.000,semi-presidential,parliamentary,parliamentary,parliamentary,parliamentary,semi-presidential,semi-presidential,electoral-authoritarian,electoral-authoritarian,junta,0.800,0.800,0.800,0.800,0.800,0.800,0.800,0.500,0.500,0.400,100.0,73.0,64.1,100.0,100.0,100.0,100.0,41.6,100.0,63.6
2030-09-01,0.9829,0.9735,1.0019,0.9879,1.0236,0.9974,0.9931,1.0007,0.9993,0.9933,0.9853,0.9924,1.0278,1.0259,1.0782,1.0323,1.0236,0.9974,0.9931,1.0120,0.9993,1.0099,1.0904,0.9924,3741.56,5528.26,4116.06,2762.11,2147.39,1265.86,199.16,2851.40,2064.23,588.77,1.0843,0.5950,1.0322,1.3223,0.9382,0.3838,1.2133,0.2649,0.2154,-0.4004,0.6399,0.7356,0.6578,0.6620,0.6969,0.7186,0.6023,0.6597,0.7342,0.6795,0.0185,0.0129,0.0254,0.0222,0.0169,0.0070,0.0381,0.0006,0.0092,0.0063,0.9521,0.9568,0.9754,0.9600,0.9534,0.9666,0.9914,1.0000,0.9674,1.0000,57.48,200.13,81.80,57.74,66.93,11.73,10.14,267.07,70.94,86.00,0.0000,0.0000,0.0000,0.0000,0.0000,0.0000,0.0000,0.0000,0.0000,0.0000,104304,74663,53998,54750,86225,66964,95775,572442,131417,91336,0,0,0,0,0,0,0,0,0,0,0.0000,0.0000,0.0000,0.0000,0.0000,0.0000,0.4700,0.4400,0.0000,0.0000,0,0,0,0,0,0,0,1,0,0,0,0,0,0,0,0,0,0,0,0,0.1245,0.0809,0.1275,0.0553,0.0911,0.0224,0.0804,0.1187,0.0188,0.1346,0.000,0.000,0.000,0.000,0.000,0.000,0.000,0.155,0.000,0.000,semi-presidential,parliamentary,parliamentary,parliamentary,parliamentary,semi-presidential,semi-presidential,electoral-authoritarian,electoral-authoritarian,junta,0.800,0.800,0.800,0.800,0.800,0.800,0.800,0.500,0.500,0.400,100.0,76.1,67.0,100.0,100.0,100.0,100.0,44.5,100.0,66.7
2030-10-01,0.9857,0.9753,1.0062,0.9883,1.0184,0.9949,0.9908,1.0011,1.0003,0.9907,0.9917,0.9894,1.0851,1.0218,1.1579,1.0231,1.0184,0.9949,0.9908,1.0018,1.0143,0.9907,1.1547,0.9894,3737.82,5516.75,4110.84,2765.18,2144.79,1271.28,199.91,2852.46,2067.08,588.34,1.0854,0.5964,1.0335,1.3209,0.9392,0.3800,1.2124,0.2658,0.2151,-0.4148,0.6439,0.7349,0.6493,0.6539,0.6773,0.7327,0.5873,0.6903,0.7262,0.6640,0.0279,0.0175,0.0339,0.0250,0.0263,0.0092,0.0409,0.0013,0.0143,0.0097,0.9573,0.9615,0.9781,0.9646,0.9586,0.9703,0.9923,1.0000,0.9715,1.0000,56.81,200.63,83.16,57.68,66.75,11.87,10.26,263.67,70.75,85.65,0.0000,0.0000,0.0000,0.0000,0.0000,0.0000,0.0000,0.0000,0.0000,0.0000,104304,74663,53998,54750,86225,66964,95775,572442,131417,91336,0,0,0,0,0,0,0,0,0,0,0.0000,0.0000,0.0000,0.0000,0.0000,0.0000,0.4500,0.4200,0.0000,0.0000,0,0,0,0,0,0,0,1,0,0,0,0,0,0,0,0,0,0,0,0,0.1176,0.0773,0.1201,0.0551,0.0854,0.0203,0.0758,0.1202,0.0162,0.1349,0.000,0.000,0.000,0.000,0.000,0.000,0.000,0.153,0.000,0.000,semi-presidential,parliamentary,parliamentary,parliamentary,parliamentary,semi-presidential,semi-presidential,electoral-authoritarian,electoral-authoritarian,junta,0.800,0.800,0.800,0.800,0.800,0.800,0.800,0.500,0.500,0.400,100.0,79.2,69.9,100.0,100.0,100.0,100.0,47.6,100.0,69.7
2030-11-01,0.9877,0.9766,1.0095,0.9906,1.0147,0.9922,0.9922,1.0031,1.0019,0.9895,0.9965,0.9903,1.0577,1.0106,1.1289,1.0310,1.0147,0.9922,1.0289,1.0476,1.0377,0.9895,1.1257,0.9906,3746.04,5533.07,4118.22,2770.33,2151.71,1276.54,200.47,2869.31,2076.05,587.99,1.0831,0.5948,1.0287,1.3188,0.9362,0.3762,1.2136,0.2653,0.2143,-0.4291,0.6240,0.6936,0.6194,0.6517,0.6335,0.7301,0.6109,0.6583,0.6808,0.6471,0.0242,0.0137,0.0324,0.0231,0.0224,0.0066,0.0424,0.0024,0.0116,0.0129,0.9691,0.9715,0.9842,0.9743,0.9708,0.9777,0.9950,1.0000,0.9790,1.0000,57.58,201.87,83.12,57.54,67.13,12.22,10.40,266.61,71.39,86.16,0.0000,0.0000,0.0000,0.0000,0.0000,0.0000,0.0000,0.0000,0.0000,0.0000,104304,74663,53998,54750,86225,66964,95775,572442,131417,91336,0,0,0,0,0,0,0,0,0,0,0.0000,0.0000,0.0000,0.0000,0.0000,0.0000,0.4300,0.4000,0.0000,0.0000,0,0,0,0,0,0,0,1,0,0,0,0,0,0,0,0,0,0,0,0,0.1376,0.0866,0.1418,0.0648,0.1009,0.0228,0.0803,0.1230,0.0196,0.1355,0.000,0.000,0.000,0.000,0.000,0.000,0.000,0.153,0.000,0.000,semi-presidential,parliamentary,parliamentary,parliamentary,parliamentary,semi-presidential,semi-presidential,electoral-authoritarian,electoral-authoritarian,junta,0.800,0.800,0.800,0.800,0.800,0.800,0.800,0.500,0.500,0.400,100.0,82.1,72.6,100.0,100.0,100.0,100.0,50.5,100.0,72.7
2030-12-01,0.9891,0.9779,1.0098,0.9938,1.0123,0.9873,0.9920,1.0011,1.0028,0.9894,0.9991,0.9926,1.0403,1.0120,1.0198,1.0338,1.0123,0.9873,0.9920,1.0011,1.0216,0.9894,1.0661,0.9932,3757.27,5547.31,4126.74,2784.88,2154.47,1281.05,200.32,2878.66,2085.34,589.04,1.0800,0.5934,1.0266,1.3122,0.9351,0.3727,1.2199,0.2655,0.2134,-0.4424,0.6339,0.7138,0.6365,0.6477,0.6519,0.7354,0.6033,0.6684,0.6937,0.6291,0.0104,0.0085,0.0175,0.0155,0.0099,0.0058,0.0356,0.0010,0.0058,0.0038,0.9690,0.9713,0.9841,0.9742,0.9707,0.9776,0.9950,1.0000,0.9789,1.0000,58.16,203.70,83.20,58.25,67.76,12.07,10.42,270.79,72.66,86.36,0.0000,0.0000,0.0000,0.0000,0.0000,0.0000,0.0000,0.0000,0.0000,0.0000,104304,74663,53998,54750,86225,66964,95775,572442,131417,91336,0,0,0,0,0,0,0,0,0,0,0.0000,0.0000,0.0000,0.0000,0.0000,0.0000,0.4100,0.3800,0.0000,0.0000,0,0,0,0,0,0,0,1,0,0,0,0,0,0,0,0,0,0,0,0,0.1394,0.0884,0.1436,0.0662,0.1028,0.0242,0.0834,0.1252,0.0215,0.1354,0.000,0.000,0.000,0.000,0.000,0.000,0.000,0.152,0.000,0.000,semi-presidential,parliamentary,parliamentary,parliamentary,parliamentary,semi-presidential,semi-presidential,electoral-authoritarian,electoral-authoritarian,junta,0.800,0.800,0.800,0.800,0.800,0.800,0.800,0.500,0.500,0.400,100.0,85.1,75.4,100.0,100.0,100.0,100.0,53.5,100.0,75.5
2031-01-01,0.9948,0.9773,1.0109,0.9956,1.0107,0.9884,0.9932,1.0012,1.0044,0.9902,1.0025,0.9950,1.1825,0.9773,1.0561,1.0280,1.0107,1.0146,1.0170,1.0012,1.0305,0.9944,1.0842,0.9956,3766.93,5554.64,4132.77,2796.54,2157.89,1282.70,200.90,2891.84,2099.75,590.09,1.0772,0.5928,1.0251,1.3070,0.9337,0.3701,1.2196,0.2653,0.2120,-0.4558,0.6487,0.7342,0.6538,0.6850,0.6493,0.7368,0.5744,0.6644,0.7138,0.6397,0.0190,0.0144,0.0238,0.0202,0.0185,0.0107,0.0379,0.0015,0.0118,0.0061,1.0000,1.0000,1.0000,1.0000,1.0000,1.0000,1.0000,1.0000,1.0000,1.0000,56.24,201.56,83.10,56.81,66.00,12.09,10.07,261.33,71.20,84.74,0.0000,0.0000,0.0000,0.0000,0.0000,0.0000,0.0000,0.0000,0.0000,0.0000,104304,74663,53998,54750,86225,66964,95775,572442,131417,91336,0,0,0,0,0,0,0,0,0,0,0.0000,0.0000,0.0000,0.0000,0.0000,0.0000,0.3900,0.3600,0.0000,0.0000,0,0,0,0,0,0,0,1,0,0,0,0,0,0,0,0,0,0,0,0,0.1414,0.0904,0.1457,0.0682,0.1047,0.0261,0.0856,0.1273,0.0230,0.1359,0.000,0.000,0.000,0.000,0.000,0.000,0.000,0.151,0.000,0.000,semi-presidential,parliamentary,parliamentary,parliamentary,parliamentary,semi-presidential,semi-presidential,electoral-authoritarian,electoral-authoritarian,junta,0.800,0.800,0.800,0.800,0.800,0.800,0.800,0.500,0.500,0.400,100.0,88.2,78.3,100.0,100.0,100.0,100.0,56.4,100.0,78.4
2031-02-01,1.0019,0.9772,1.0127,0.9974,1.0095,0.9866,0.9971,1.0013,1.0047,0.9916,1.0021,0.9981,1.2293,0.9772,1.0810,1.0309,1.0095,0.9866,1.0849,1.0044,1.0117,0.9985,1.0021,0.9987,3766.18,5573.46,4156.50,2808.10,2167.27,1289.26,201.11,2905.38,2112.82,591.06,1.0775,0.5909,1.0193,1.3018,0.9297,0.3661,1.2253,0.2650,0.2108,-0.4692,0.6523,0.7365,0.6555,0.6879,0.6484,0.7113,0.5906,0.6851,0.7324,0.6432,0.0220,0.0171,0.0252,0.0238,0.0213,0.0127,0.0377,0.0007,0.0143,0.0054,1.0000,1.0000,1.0000,1.0000,1.0000,1.0000,1.0000,1.0000,1.0000,1.0000,55.95,201.52,82.97,56.58,65.80,12.11,9.99,259.79,71.31,84.44,0.0000,0.0000,0.0000,0.0000,0.0000,0.0000,0.0000,0.0000,0.0000,0.0000,104304,74663,53998,54750,86225,66964,95775,572442,131417,91336,0,0,0,0,0,0,0,0,0,0,0.0000,0.0000,0.0000,0.0000,0.0000,0.0000,0.3700,0.3400,0.0000,0.0000,0,0,0,0,0,0,0,1,0,0,0,0,0,0,0,0,0,0,0,0,0.1443,0.0925,0.1476,0.0703,0.1067,0.0280,0.0883,0.1300,0.0249,0.1366,0.000,0.000,0.000,0.000,0.000,0.000,0.000,0.150,0.000,0.000,semi-presidential,parliamentary,parliamentary,parliamentary,parliamentary,semi-presidential,semi-presidential,electoral-authoritarian,electoral-authoritarian,junta,0.800,0.800,0.800,0.800,0.800,0.800,0.800,0.500,0.500,0.400,100.0,91.3,81.2,100.0,100.0,100.0,30.0,59.5,100.0,81.3
2031-03-01,1.0111,0.9777,1.0136,0.9982,1.0077,0.9865,0.9986,1.0028,1.0031,0.9922,1.0026,0.9993,1.3204,0.9934,1.0517,1.0289,1.0077,0.9865,1.0346,1.0347,1.0031,0.9962,1.0150,0.9996,3778.97,5587.16,4163.62,2818.34,2178.58,1296.89,201.58,2930.06,2122.87,592.53,1.0739,0.5946,1.0177,1.2970,0.9250,0.3618,1.2297,0.2637,0.2099,-0.4822,0.6387,0.7412,0.6952,0.6902,0.6771,0.7172,0.5806,0.6919,0.7428,0.6801,0.0270,0.0226,0.0273,0.0262,0.0258,0.0192,0.0405,0.0004,0.0191,0.0049,0.9861,0.9861,0.9929,0.9884,0.9880,0.9887,0.9987,1.0000,0.9900,1.0000,54.89,201.81,84.54,56.81,65.43,12.24,10.06,255.81,70.65,83.79,0.0000,0.0000,0.0000,0.0000,0.0000,0.0000,0.0000,0.0000,0.0000,0.0000,104304,74663,53998,54750,86225,66964,95775,572442,131417,91336,0,0,0,0,0,0,0,0,0,0,0.0000,0.0000,0.0000,0.0000,0.0000,0.0000,0.3500,0.3200,0.0000,0.0000,0,0,0,0,0,0,0,1,0,0,0,0,0,0,0,0,0,0,0,0,0.1447,0.0937,0.1492,0.0717,0.1117,0.0287,0.0877,0.1310,0.0258,0.1373,0.000,0.000,0.000,0.000,0.000,0.000,0.000,0.150,0.000,0.000,semi-presidential,parliamentary,parliamentary,parliamentary,parliamentary,semi-presidential,semi-presidential,electoral-authoritarian,electoral-authoritarian,junta,0.800,0.800,0.800,0.800,0.800,0.800,0.800,0.500,0.500,0.400,90.0,94.4,84.4,100.0,100.0,100.0,32.6,62.6,100.0,84.4
2031-04-01,1.0190,0.9794,1.0150,0.9981,1.0057,0.9883,1.0017,1.0004,1.0032,0.9931,1.0045,0.9989,1.2682,1.0219,1.0672,1.0263,1.0057,1.0344,1.0694,1.0004,1.0038,0.9971,1.0491,0.9989,3786.05,5608.74,4174.43,2823.22,2195.88,1301.23,201.80,2943.39,2129.29,593.74,1.0719,0.5924,1.0151,1.2948,0.9178,0.3585,1.2358,0.2634,0.2093,-0.4955,0.6615,0.7428,0.6868,0.6852,0.7012,0.7334,0.5819,0.7290,0.7468,0.6861,0.0290,0.0231,0.0299,0.0256,0.0273,0.0183,0.0400,0.0005,0.0185,0.0055,0.9610,0.9645,0.9800,0.9677,0.9626,0.9725,0.9933,1.0000,0.9738,1.0000,56.38,203.52,85.15,58.53,66.90,12.25,10.15,263.55,72.42,85.13,0.0000,0.0000,0.0000,0.0000,0.0000,0.0000,0.0000,0.0000,0.0000,0.0000,104304,74663,53998,54750,86225,66964,95775,572442,131417,91336,0,0,0,0,0,0,0,0,0,0,0.0000,0.0000,0.0000,0.0000,0.0000,0.0000,0.3300,0.3000,0.0000,0.0000,0,0,0,0,0,0,0,1,0,0,0,0,0,0,0,0,0,0,0,0,0.1421,0.0920,0.1460,0.0705,0.1088,0.0281,0.0870,0.1313,0.0249,0.1375,0.000,0.000,0.000,0.000,0.000,0.000,0.000,0.151,0.000,0.000,semi-presidential,parliamentary,parliamentary,parliamentary,parliamentary,semi-presidential,semi-presidential,electoral-authoritarian,electoral-authoritarian,junta,0.800,0.800,0.800,0.800,0.800,0.800,0.800,0.500,0.500,0.400,93.0,97.6,87.5,100.0,100.0,100.0,35.2,65.9,100.0,87.5
2031-05-01,1.0216,0.9784,1.0163,0.9975,1.0046,0.9883,1.0029,0.9986,1.0011,0.9952,1.0020,0.9976,1.1120,0.9784,1.0707,1.0161,1.0046,0.9883,1.0245,0.9986,1.0011,0.9991,1.0020,0.9976,3797.04,5613.61,4181.40,2837.97,2205.77,1307.52,201.73,2958.41,2140.20,593.53,1.0689,0.5920,1.0135,1.2881,0.9138,0.3545,1.2440,0.2630,0.2083,-0.5101,0.6540,0.7525,0.6828,0.6631,0.7443,0.7260,0.5788,0.7186,0.7075,0.6644,0.0103,0.0071,0.0166,0.0082,0.0100,0.0044,0.0298,0.0001,0.0053,0.0017,1.0000,1.0000,1.0000,1.0000,1.0000,1.0000,1.0000,1.0000,1.0000,1.0000,59.05,208.16,86.99,61.85,70.22,12.27,10.18,277.54,75.70,87.88,0.0000,0.0000,0.0000,0.0000,0.0000,0.0000,0.0000,0.0000,0.0000,0.0000,104304,74663,53998,54750,86225,66964,95775,572442,131417,91336,0,0,0,0,0,0,0,0,0,0,0.0000,0.0000,0.0000,0.0000,0.0000,0.0000,0.3100,0.2800,0.0000,0.0000,0,0,0,0,0,0,0,1,0,0,0,0,0,0,0,0,0,0,0,0,0.1349,0.0886,0.1388,0.0671,0.1034,0.0266,0.0868,0.1296,0.0231,0.1372,0.000,0.000,0.000,0.000,0.000,0.000,0.000,0.152,0.000,0.000,semi-presidential,parliamentary,parliamentary,parliamentary,parliamentary,semi-presidential,semi-presidential,electoral-authoritarian,electoral-authoritarian,junta,0.800,0.800,0.800,0.800,0.800,0.800,0.800,0.500,0.500,0.400,95.9,100.0,90.5,100.0,100.0,100.0,37.8,69.2,100.0,90.5
2031-06-01,1.0205,0.9745,1.0212,0.9967,1.0062,0.9895,1.0035,0.9979,0.9991,0.9955,0.9956,0.9962,1.0261,0.9745,1.1783,1.0155,1.0188,1.0200,1.0189,0.9979,0.9991,0.9963,0.9956,0.9962,3802.08,5641.86,4190.14,2841.90,2215.25,1314.57,201.64,2967.82,2150.34,592.20,1.0672,0.5892,1.0114,1.2863,0.9100,0.3504,1.2524,0.2630,0.2074,-0.5255,0.6565,0.7444,0.6805,0.6868,0.7418,0.7389,0.5667,0.7164,0.7042,0.6320,0.0115,0.0057,0.0214,0.0134,0.0141,0.0004,0.0255,0.0001,0.0062,0.0063,1.0000,1.0000,1.0000,1.0000,1.0000,1.0000,1.0000,1.0000,1.0000,1.0000,60.35,209.37,87.94,63.41,71.74,12.27,10.39,281.73,75.73,89.59,0.0000,0.0000,0.0000,0.0000,0.0000,0.0000,0.0000,0.0000,0.0000,0.0000,104304,74663,53998,54750,86225,66964,95775,572442,131417,91336,0,0,0,0,0,0,0,0,0,0,0.0000,0.0000,0.0000,0.0000,0.0000,0.0000,0.2900,0.2600,0.0000,0.0000,0,0,0,0,0,0,0,1,0,0,0,0,0,0,0,0,0,0,0,0,0.1338,0.0870,0.1372,0.0665,0.1021,0.0256,0.0876,0.1271,0.0220,0.1371,0.000,0.000,0.000,0.000,0.000,0.000,0.000,0.153,0.000,0.000,semi-presidential,parliamentary,parliamentary,parliamentary,parliamentary,semi-presidential,semi-presidential,electoral-authoritarian,electoral-authoritarian,junta,0.800,0.800,0.800,0.800,0.800,0.800,0.800,0.500,0.500,0.400,98.9,100.0,93.6,100.0,100.0,100.0,40.4,72.4,100.0,93.4
2031-07-01,1.0158,0.9744,1.0207,0.9943,1.0077,0.9889,1.0053,0.9998,0.9974,0.9926,0.9927,0.9942,1.0158,0.9744,1.0208,1.0127,1.0202,0.9889,1.0470,1.0381,0.9974,0.9926,0.9927,0.9942,3803.60,5644.68,4194.17,2851.32,2215.89,1322.57,202.08,2974.47,2160.30,592.48,1.0666,0.5891,1.0135,1.2821,0.9099,0.3461,1.2574,0.2634,0.2065,-0.5396,0.6479,0.7699,0.6809,0.6722,0.7337,0.7518,0.5608,0.7176,0.6885,0.6111,0.0031,0.0000,0.0141,0.0023,0.0051,0.0000,0.0096,0.0004,0.0001,0.0076,1.0000,1.0000,1.0000,1.0000,1.0000,1.0000,1.0000,1.0000,1.0000,1.0000,59.22,210.18,88.57,63.15,70.88,12.50,10.16,278.00,75.93,89.74,0.0000,0.0000,0.0000,0.0000,0.0000,0.0000,0.0000,0.0000,0.0000,0.0000,104304,74663,53998,54750,86225,66964,95775,572442,131417,91336,0,0,0,0,0,0,0,0,0,0,0.0000,0.0000,0.0000,0.0000,0.0000,0.0000,0.2700,0.2400,0.0000,0.0000,0,0,0,0,0,0,0,1,0,0,0,0,0,0,0,0,0,0,0,0,0.1266,0.0838,0.1306,0.0629,0.0969,0.0240,0.0857,0.1221,0.0202,0.1353,0.000,0.000,0.000,0.000,0.000,0.000,0.000,0.156,0.000,0.000,semi-presidential,parliamentary,parliamentary,parliamentary,parliamentary,semi-presidential,semi-presidential,electoral-authoritarian,electoral-authoritarian,junta,0.800,0.800,0.800,0.800,0.800,0.800,0.800,0.500,0.500,0.400,100.0,100.0,96.6,100.0,100.0,100.0,42.9,75.7,100.0,96.1
2031-08-01,1.0077,0.9753,1.0158,0.9929,1.0081,0.9886,1.0052,1.0011,0.9947,0.9904,0.9925,0.9916,1.0077,0.9966,1.0159,1.0126,1.0120,0.9886,1.0052,1.0279,0.9947,0.9904,0.9925,0.9916,3810.15,5636.39,4189.95,2859.87,2220.21,1328.94,202.46,2982.06,2169.49,593.47,1.0649,0.5900,1.0148,1.2784,0.9083,0.3423,1.2627,0.2686,0.2058,-0.5529,0.6395,0.7421,0.6754,0.6846,0.7002,0.7721,0.5891,0.6970,0.7178,0.6177,0.0040,0.0026,0.0130,0.0030,0.0043,0.0021,0.0091,0.0002,0.0019,0.0028,0.9806,0.9814,0.9901,0.9839,0.9824,0.9852,0.9974,1.0000,0.9865,1.0000,57.76,208.69,88.70,62.49,69.29,12.70,10.07,270.73,74.81,89.45,0.0000,0.0000,0.0000,0.0000,0.0000,0.0000,0.0000,0.0000,0.0000,0.0000,104304,74663,53998,54750,86225,66964,95775,572442,131417,91336,0,0,0,0,0,0,0,0,0,0,0.0000,0.0000,0.0000,0.0000,0.0000,0.0000,0.2500,0.2200,0.0000,0.0000,0,0,0,0,0,0,0,1,0,0,0,0,0,0,0,0,0,0,0,0,0.1221,0.0810,0.1257,0.0599,0.0927,0.0223,0.0839,0.1164,0.0185,0.1351,0.000,0.000,0.000,0.000,0.000,0.000,0.000,0.158,0.000,0.000,semi-presidential,parliamentary,parliamentary,parliamentary,parliamentary,semi-presidential,semi-presidential,electoral-authoritarian,electoral-authoritarian,junta,0.800,0.800,0.800,0.800,0.800,0.800,0.800,0.500,0.500,0.400,100.0,100.0,99.7,100.0,100.0,100.0,45.5,78.8,100.0,98.8
2031-09-01,0.9984,0.9708,1.0126,0.9921,1.0082,0.9859,1.0079,1.0015,0.9920,0.9926,0.9887,0.9908,0.9984,0.9708,1.0127,1.0110,1.0088,0.9859,1.0670,1.0088,0.9920,0.9975,0.9887,0.9908,3822.97,5637.77,4195.40,2867.36,2224.83,1336.23,202.18,2982.97,2181.75,594.00,1.0613,0.5899,1.0137,1.2751,0.9067,0.3383,1.2718,0.2695,0.2047,-0.5665,0.6426,0.7116,0.6500,0.6809,0.7000,0.7679,0.6070,0.6890,0.6933,0.6516,0.0021,0.0000,0.0120,0.0001,0.0016,0.0000,0.0096,0.0003,0.0001,0.0031,1.0000,1.0000,1.0000,1.0000,1.0000,1.0000,1.0000,1.0000,1.0000,1.0000,56.67,206.36,87.98,61.45,68.04,12.75,9.76,264.40,73.42,88.89,0.0000,0.0000,0.0000,0.0000,0.0000,0.0000,0.0000,0.0000,0.0000,0.0000,104304,74663,53998,54750,86225,66964,95775,572442,131417,91336,0,0,0,0,0,0,0,0,0,0,0.0000,0.0000,0.0000,0.0000,0.0000,0.0000,0.2300,0.2000,0.0000,0.0000,0,0,0,0,0,0,0,1,0,0,0,0,0,0,0,0,0,0,0,0,0.1325,0.0856,0.1368,0.0649,0.1011,0.0228,0.0850,0.1157,0.0197,0.1345,0.000,0.000,0.000,0.000,0.000,0.000,0.000,0.159,0.000,0.000,semi-presidential,parliamentary,parliamentary,parliamentary,parliamentary,semi-presidential,semi-presidential,electoral-authoritarian,electoral-authoritarian,junta,0.800,0.800,0.800,0.800,0.800,0.800,0.800,0.500,0.500,0.400,100.0,100.0,100.0,100.0,100.0,100.0,48.3,81.9,100.0,100.0
2031-10-01,0.9936,0.9675,1.0124,0.9939,1.0093,0.9838,1.0090,1.0026,0.9899,0.9923,0.9853,0.9895,0.9936,0.9675,1.0126,1.0236,1.0197,0.9838,1.0425,1.0336,0.9899,0.9923,0.9853,0.9895,3833.50,5645.80,4196.02,2871.30,2223.60,1338.49,203.10,2993.59,2190.87,594.67,1.0585,0.5891,1.0138,1.2735,0.9074,0.3357,1.2733,0.2696,0.2039,-0.5799,0.6554,0.7146,0.6574,0.6836,0.7032,0.7739,0.5880,0.6601,0.6976,0.6377,0.0025,0.0005,0.0132,0.0074,0.0042,0.0000,0.0100,0.0003,0.0001,0.0061,1.0000,1.0000,1.0000,1.0000,1.0000,1.0000,1.0000,1.0000,1.0000,1.0000,58.08,206.75,86.60,60.18,68.70,12.79,10.02,271.06,74.52,88.28,0.0000,0.0000,0.0000,0.0000,0.0000,0.0000,0.0000,0.0000,0.0000,0.0000,104304,74663,53998,54750,86225,66964,95775,572442,131417,91336,0,0,0,0,0,0,0,0,0,0,0.0000,0.0000,0.0000,0.0000,0.0000,0.0000,0.2100,0.1800,0.0000,0.0000,0,0,0,0,0,0,0,1,0,0,0,0,0,0,0,0,0,0,0,0,0.1287,0.0831,0.1326,0.0612,0.0985,0.0220,0.0834,0.1187,0.0190,0.1352,0.000,0.000,0.000,0.000,0.000,0.000,0.000,0.160,0.000,0.000,semi-presidential,parliamentary,parliamentary,parliamentary,parliamentary,semi-presidential,semi-presidential,electoral-authoritarian,electoral-authoritarian,junta,0.800,0.800,0.800,0.800,0.800,0.800,0.800,0.500,0.500,0.400,100.0,100.0,100.0,100.0,100.0,100.0,50.9,84.8,100.0,100.0
2031-11-01,0.9887,0.9658,1.0102,0.9958,1.0115,0.9829,1.0095,1.0031,0.9919,0.9894,0.9846,0.9905,0.9887,0.9658,1.0104,1.0259,1.0271,0.9829,1.0230,1.0131,1.0323,0.9894,0.9846,0.9908,3850.51,5647.31,4198.97,2876.47,2231.31,1340.32,203.71,2996.39,2201.20,596.09,1.0538,0.5889,1.0134,1.2713,0.9044,0.3332,1.2764,0.2704,0.2031,-0.5926,0.6620,0.7226,0.6541,0.6680,0.6728,0.7344,0.6287,0.6895,0.7022,0.6456,0.0009,0.0005,0.0121,0.0092,0.0054,0.0000,0.0098,0.0016,0.0015,0.0070,1.0000,1.0000,1.0000,1.0000,1.0000,1.0000,1.0000,1.0000,1.0000,1.0000,58.37,207.47,86.70,60.13,68.67,12.83,9.97,272.35,75.11,88.09,0.0000,0.0000,0.0000,0.0000,0.0000,0.0000,0.0000,0.0000,0.0000,0.0000,104304,74663,53998,54750,86225,66964,95775,572442,131417,91336,0,0,0,0,0,0,0,0,0,0,0.0000,0.0000,0.0000,0.0000,0.0000,0.0000,0.1900,0.1600,0.0000,0.0000,0,0,0,0,0,0,0,1,0,0,0,0,0,0,0,0,0,0,0,0,0.1374,0.0875,0.1421,0.0658,0.1053,0.0232,0.0852,0.1199,0.0207,0.1346,0.000,0.000,0.000,0.000,0.000,0.000,0.000,0.159,0.000,0.000,semi-presidential,parliamentary,parliamentary,parliamentary,parliamentary,semi-presidential,semi-presidential,electoral-authoritarian,electoral-authoritarian,junta,0.800,0.800,0.800,0.800,0.800,0.800,0.800,0.500,0.500,0.400,100.0,100.0,100.0,100.0,100.0,100.0,53.8,87.9,100.0,100.0
2031-12-01,0.9839,0.9629,1.0102,0.9972,1.0111,0.9801,1.0089,1.0042,0.9938,0.9883,0.9822,0.9924,0.9839,0.9629,1.0104,1.0242,1.0111,0.9801,1.0089,1.0233,1.0287,0.9883,0.9822,0.9929,3861.25,5662.06,4208.75,2883.58,2236.63,1348.70,205.07,3003.74,2213.79,595.47,1.0508,0.5874,1.0113,1.2683,0.9023,0.3291,1.2747,0.2708,0.2020,-0.6072,0.6759,0.7142,0.6564,0.6703,0.6913,0.7176,0.6370,0.6649,0.7023,0.6345,0.0009,0.0002,0.0106,0.0053,0.0016,0.0000,0.0094,0.0014,0.0013,0.0025,1.0000,1.0000,1.0000,1.0000,1.0000,1.0000,1.0000,1.0000,1.0000,1.0000,58.39,208.37,87.63,60.47,68.91,13.00,10.16,271.07,75.13,88.12,0.0000,0.0000,0.0000,0.0000,0.0000,0.0000,0.0000,0.0000,0.0000,0.0000,104304,74663,53998,54750,86225,66964,95775,572442,131417,91336,0,0,0,0,0,0,0,0,0,0,0.0000,0.0000,0.0000,0.0000,0.0000,0.0000,0.1700,0.1400,0.0000,0.0000,0,0,0,0,0,0,0,1,0,0,0,0,0,0,0,0,0,0,0,0,0.1392,0.0889,0.1435,0.0674,0.1069,0.0244,0.0855,0.1208,0.0219,0.1345,0.000,0.000,0.000,0.000,0.000,0.000,0.000,0.158,0.000,0.000,semi-presidential,parliamentary,parliamentary,parliamentary,parliamentary,semi-presidential,semi-presidential,electoral-authoritarian,electoral-authoritarian,junta,0.800,0.800,0.800,0.800,0.800,0.800,0.800,0.500,0.500,0.400,100.0,100.0,100.0,100.0,100.0,100.0,56.8,90.8,100.0,100.0
2032-01-01,0.9802,0.9601,1.0115,0.9955,1.0073,0.9800,1.0108,1.0039,0.9943,0.9907,0.9804,0.9920,0.9802,0.9601,1.0613,1.0137,1.0073,0.9800,1.0453,1.0039,0.9995,0.9960,0.9804,0.9920,3857.87,5682.37,4207.85,2891.32,2246.22,1353.01,205.01,3015.93,2226.23,596.82,1.0519,0.5854,1.0117,1.2650,0.8985,0.3260,1.2815,0.2709,0.2010,-0.6197,0.6764,0.7354,0.6700,0.6779,0.6913,0.7438,0.6827,0.6814,0.7227,0.6317,0.0044,0.0016,0.0136,0.0034,0.0042,0.0000,0.0083,0.0004,0.0021,0.0024,1.0000,1.0000,1.0000,1.0000,1.0000,1.0000,1.0000,1.0000,1.0000,1.0000,58.74,208.78,89.60,62.77,69.92,13.00,10.07,272.85,75.50,87.98,0.0000,0.0000,0.0000,0.0000,0.0000,0.0000,0.0000,0.0000,0.0000,0.0000,104304,74663,53998,54750,86225,66964,95775,572442,131417,91336,0,0,0,0,0,0,0,0,0,0,0.0000,0.0000,0.0000,0.0000,0.0000,0.0000,0.1500,0.1200,0.0000,0.0000,0,0,0,0,0,0,0,1,0,0,0,0,0,0,0,0,0,0,0,0,0.1363,0.0875,0.1408,0.0671,0.1037,0.0238,0.0803,0.1187,0.0206,0.1319,0.000,0.000,0.000,0.000,0.000,0.000,0.000,0.159,0.000,0.000,semi-presidential,parliamentary,parliamentary,parliamentary,parliamentary,semi-presidential,semi-presidential,electoral-authoritarian,electoral-authoritarian,junta,0.800,0.800,0.800,0.800,0.800,0.800,0.800,0.500,0.500,0.400,100.0,100.0,100.0,100.0,100.0,100.0,60.0,93.9,100.0,100.0
2032-02-01,0.9768,0.9583,1.0096,0.9959,1.0013,0.9796,1.0090,1.0048,0.9922,0.9904,0.9797,0.9894,0.9768,0.9583,1.0098,1.0174,1.0013,0.9796,1.0090,1.0257,0.9922,0.9904,0.9797,0.9894,3854.64,5676.10,4200.12,2896.48,2249.47,1356.35,205.15,3020.74,2234.95,598.99,1.0529,0.5861,1.0136,1.2628,0.8973,0.3231,1.2868,0.2715,0.2003,-0.6313,0.6554,0.7479,0.6423,0.6832,0.7041,0.7455,0.6568,0.6910,0.7304,0.5613,0.0010,0.0001,0.0103,0.0021,0.0007,0.0000,0.0070,0.0001,0.0000,0.0014,1.0000,1.0000,1.0000,1.0000,1.0000,1.0000,1.0000,1.0000,1.0000,1.0000,58.58,209.61,89.35,62.23,70.08,13.07,10.21,274.14,75.93,87.86,0.0000,0.0000,0.0000,0.0000,0.0000,0.0000,0.0000,0.0000,0.0000,0.0000,104304,74663,53998,54750,86225,66964,95775,572442,131417,91336,0,0,0,0,0,0,0,0,0,0,0.0000,0.0000,0.0000,0.0000,0.0000,0.0000,0.1300,0.1000,0.0000,0.0000,0,0,0,0,0,0,0,1,0,0,0,0,0,0,0,0,0,0,0,0,0.1208,0.0798,0.1239,0.0581,0.0915,0.0209,0.0741,0.1155,0.0223,0.1324,0.000,0.000,0.000,0.000,0.000,0.000,0.000,0.161,0.000,0.000,semi-presidential,parliamentary,parliamentary,parliamentary,parliamentary,semi-presidential,semi-presidential,electoral-authoritarian,electoral-authoritarian,junta,0.800,0.800,0.800,0.800,0.800,0.800,0.800,0.500,0.500,0.400,100.0,100.0,100.0,100.0,100.0,100.0,63.1,97.0,100.0,100.0
2032-03-01,0.9754,0.9570,1.0047,0.9941,0.9974,0.9792,1.0077,1.0049,0.9916,0.9893,0.9815,0.9867,0.9754,0.9570,1.0049,1.0116,0.9974,0.9792,1.0077,1.0049,0.9916,0.9893,1.0290,0.9867,3839.97,5665.72,4197.17,2901.54,2253.82,1360.55,205.54,3026.88,2253.42,600.11,1.0571,0.5872,1.0141,1.2607,0.8957,0.3201,1.2903,0.2721,0.1987,-0.6440,0.6434,0.7249,0.6239,0.6796,0.6899,0.7299,0.6438,0.6835,0.7117,0.6869,0.0015,0.0000,0.0109,0.0000,0.0010,0.0000,0.0069,0.0002,0.0001,0.0020,1.0000,1.0000,1.0000,1.0000,1.0000,1.0000,1.0000,1.0000,1.0000,1.0000,59.23,210.14,90.41,63.87,71.40,13.08,10.37,278.44,76.59,88.17,0.0000,0.0000,0.0000,0.0000,0.0000,0.0000,0.0000,0.0000,0.0000,0.0000,104304,74663,53998,54750,86225,66964,95775,572442,131417,91336,0,0,0,0,0,0,0,0,0,0,0.0000,0.0000,0.0000,0.0000,0.0000,0.0000,0.1100,0.0800,0.0000,0.0000,0,0,0,0,0,0,0,1,0,0,0,0,0,0,0,0,0,0,0,0,0.1156,0.0767,0.1184,0.0555,0.0920,0.0193,0.0739,0.1132,0.0199,0.1311,0.000,0.000,0.000,0.000,0.000,0.000,0.000,0.164,0.000,0.000,semi-presidential,parliamentary,parliamentary,parliamentary,parliamentary,semi-presidential,semi-presidential,electoral-authoritarian,electoral-authoritarian,junta,0.800,0.800,0.800,0.800,0.800,0.800,0.800,0.500,0.500,0.400,100.0,100.0,100.0,100.0,100.0,100.0,66.1,100.0,100.0,100.0
2032-04-01,0.9753,0.9565,1.0002,0.9922,0.9941,0.9769,1.0033,1.0030,0.9924,0.9876,0.9840,0.9834,0.9810,0.9565,1.0005,1.0100,0.9941,0.9769,1.0033,1.0030,1.0097,0.9876,1.0483,0.9834,3823.59,5661.03,4193.30,2900.76,2246.53,1363.90,205.24,3034.81,2261.41,598.96,1.0620,0.5877,1.0148,1.2609,0.8987,0.3173,1.2977,0.2726,0.1981,-0.6592,0.6242,0.6997,0.6259,0.6692,0.6882,0.7274,0.6521,0.6677,0.7474,0.6884,0.0020,0.0000,0.0119,0.0002,0.0018,0.0000,0.0280,0.0009,0.0007,0.0032,1.0000,1.0000,1.0000,1.0000,1.0000,1.0000,1.0000,1.0000,1.0000,1.0000,59.56,209.67,89.51,64.07,72.03,12.87,10.45,282.14,77.81,87.98,0.0000,0.0000,0.0000,0.0000,0.0000,0.0000,0.0000,0.0000,0.0000,0.0000,104304,74663,53998,54750,86225,66964,95775,572442,131417,91336,0,0,0,0,0,0,0,0,0,0,0.0000,0.0000,0.0000,0.0000,0.0000,0.0000,0.0900,0.0600,0.0000,0.0000,0,0,0,0,0,0,0,1,0,0,0,0,0,0,0,0,0,0,0,0,0.1116,0.0737,0.1141,0.0526,0.0887,0.0175,0.0732,0.1129,0.0180,0.1314,0.000,0.000,0.000,0.000,0.000,0.000,0.000,0.167,0.000,0.000,semi-presidential,parliamentary,parliamentary,parliamentary,parliamentary,semi-presidential,semi-presidential,electoral-authoritarian,electoral-authoritarian,junta,0.800,0.800,0.800,0.800,0.800,0.800,0.800,0.500,0.500,0.400,100.0,100.0,100.0,100.0,100.0,100.0,69.1,100.0,100.0,100.0
2032-05-01,0.9750,0.9585,0.9998,0.9897,0.9957,0.9738,1.0037,1.0009,0.9968,0.9861,0.9853,0.9834,0.9806,1.0089,1.0002,1.0088,1.0089,0.9738,1.0141,1.0009,1.0891,0.9861,1.0207,0.9834,3833.61,5662.19,4198.14,2904.78,2257.14,1370.57,205.63,3046.71,2269.33,598.75,1.0597,0.5876,1.0136,1.2591,0.8946,0.3137,1.3007,0.2726,0.1975,-0.6733,0.6144,0.6957,0.6182,0.6478,0.6377,0.7257,0.6108,0.6564,0.7037,0.6629,0.0080,0.0060,0.0181,0.0090,0.0130,0.0047,0.0301,0.0037,0.0080,0.0081,0.9530,0.9574,0.9761,0.9603,0.9544,0.9665,0.9915,1.0000,0.9666,1.0000,59.52,209.88,88.60,63.75,71.82,12.67,10.38,282.79,78.77,87.81,0.0000,0.0000,0.0000,0.0000,0.0000,0.0000,0.0000,0.0000,0.0000,0.0000,104304,74663,53998,54750,86225,66964,95775,572442,131417,91336,0,0,0,0,0,0,0,0,0,0,0.0000,0.0000,0.0000,0.0000,0.0000,0.0000,0.0700,0.0400,0.0000,0.0000,0,0,0,0,0,0,0,1,0,0,0,0,0,0,0,0,0,0,0,0,0.1311,0.0827,0.1406,0.0622,0.1050,0.0187,0.0796,0.1164,0.0211,0.1309,0.000,0.000,0.000,0.000,0.000,0.000,0.000,0.167,0.000,0.000,semi-presidential,parliamentary,parliamentary,parliamentary,parliamentary,semi-presidential,semi-presidential,electoral-authoritarian,electoral-authoritarian,junta,0.800,0.800,0.800,0.800,0.800,0.800,0.800,0.500,0.500,0.400,100.0,100.0,100.0,100.0,100.0,100.0,71.9,100.0,100.0,100.0
2032-06-01,0.9762,0.9635,0.9947,0.9867,0.9962,0.9733,1.0030,1.0001,1.0009,0.9842,0.9861,0.9844,1.0158,1.0876,0.9950,1.0096,1.0008,0.9733,1.0030,1.0001,1.0829,0.9842,1.0076,0.9847,3833.17,5680.72,4205.01,2908.85,2262.27,1376.01,205.94,3053.72,2282.45,598.75,1.0601,0.5858,1.0119,1.2574,0.8927,0.3104,1.3037,0.2731,0.1965,-0.6873,0.6335,0.6972,0.6242,0.6485,0.6738,0.7453,0.6186,0.6638,0.6938,0.6417,0.0198,0.0171,0.0236,0.0176,0.0226,0.0134,0.0429,0.0032,0.0142,0.0048,0.8804,0.8929,0.9441,0.8996,0.8823,0.9169,0.9765,1.0000,0.9273,1.0000,59.15,209.97,88.16,63.53,71.68,12.90,10.17,282.11,79.59,87.99,0.0000,0.0000,0.0000,0.0000,0.0000,0.0000,0.0000,0.0000,0.0000,0.0000,104304,74663,53998,54750,86225,66964,95775,572442,131417,91336,0,0,0,0,0,0,0,0,0,0,0.0000,0.0000,0.0000,0.0000,0.0000,0.0000,0.0500,0.0200,0.0000,0.0000,0,0,0,0,0,0,0,1,0,0,0,0,0,0,0,0,0,0,0,0,0.1323,0.0833,0.1415,0.0628,0.1059,0.0192,0.0803,0.1165,0.0215,0.1307,0.000,0.000,0.000,0.000,0.000,0.000,0.000,0.166,0.000,0.000,semi-presidential,parliamentary,parliamentary,parliamentary,parliamentary,semi-presidential,semi-presidential,electoral-authoritarian,electoral-authoritarian,junta,0.800,0.800,0.800,0.800,0.800,0.800,0.800,0.500,0.500,0.400,100.0,100.0,100.0,100.0,100.0,100.0,74.8,100.0,100.0,100.0
2032-07-01,0.9790,0.9706,0.9890,0.9814,0.9976,0.9708,1.0028,0.9995,1.0020,0.9844,0.9851,0.9852,1.0778,1.1438,0.9893,0.9814,1.0095,0.9708,1.0028,0.9995,1.0105,0.9844,0.9851,0.9855,3838.59,5688.11,4202.65,2912.18,2272.75,1380.13,206.35,3068.30,2294.00,599.35,1.0590,0.5851,1.0125,1.2559,0.8887,0.3105,1.3059,0.2730,0.1956,-0.7006,0.6274,0.7217,0.6376,0.6455,0.6708,0.7390,0.6154,0.6714,0.6928,0.6292,0.0293,0.0265,0.0150,0.0270,0.0320,0.0214,0.0347,0.0003,0.0193,0.0039,0.8397,0.8544,0.9243,0.8612,0.8417,0.8836,0.9743,1.0000,0.8880,1.0000,57.62,207.59,85.59,62.21,70.78,12.72,9.84,276.41,79.13,86.21,0.0000,0.0000,0.0000,0.0000,0.0000,0.0000,0.0000,0.0000,0.0000,0.0000,104304,74663,53998,54750,86225,66964,95775,572442,131417,91336,0,0,0,0,0,0,0,0,0,0,0.0000,0.0000,0.0000,0.0000,0.0000,0.0000,0.0300,0.0000,0.0000,0.0000,0,0,0,0,0,0,0,1,0,0,0,0,0,0,0,0,0,0,0,0,0.1322,0.0841,0.1427,0.0634,0.1062,0.0196,0.0808,0.1230,0.0220,0.1308,0.000,0.000,0.000,0.000,0.000,0.000,0.000,0.159,0.000,0.000,semi-presidential,parliamentary,parliamentary,parliamentary,parliamentary,semi-presidential,semi-presidential,electoral-authoritarian,electoral-authoritarian,junta,0.800,0.800,0.800,0.800,0.800,0.800,0.800,0.500,0.500,0.400,100.0,100.0,100.0,100.0,100.0,100.0,77.7,100.0,100.0,100.0
2032-08-01,0.9815,0.9766,0.9843,0.9775,0.9971,0.9688,1.0041,0.9996,0.9996,0.9835,0.9839,0.9871,1.0676,1.1212,0.9847,0.9775,0.9971,0.9688,1.0329,1.0007,0.9996,0.9835,0.9839,0.9875,3846.74,5697.88,4209.82,2922.10,2279.78,1382.64,206.41,3081.90,2301.23,600.24,1.0571,0.5841,1.0109,1.2517,0.8861,0.3080,1.3098,0.2728,0.1950,-0.7135,0.6311,0.7157,0.6348,0.6388,0.6920,0.7263,0.6187,0.6987,0.7010,0.6407,0.0259,0.0225,0.0129,0.0207,0.0253,0.0178,0.0347,0.0001,0.0149,0.0017,0.8633,0.8772,0.9362,0.8844,0.8653,0.9040,0.9765,1.0000,0.9136,1.0000,58.37,208.64,86.31,63.19,71.84,13.41,9.90,280.30,80.07,87.41,0.0000,0.0000,0.0000,0.0000,0.0000,0.0000,0.0000,0.0000,0.0000,0.0000,104304,74663,53998,54750,86225,66964,95775,572442,131417,91336,0,0,0,0,0,0,0,0,0,0,0.0000,0.0000,0.0000,0.0000,0.0000,0.0000,0.0100,0.0000,0.0000,0.0000,0,0,0,0,0,0,0,1,0,0,0,0,0,0,0,0,0,0,0,0,0.1377,0.0852,0.1438,0.0646,0.1078,0.0211,0.0813,0.1248,0.0232,0.1314,0.000,0.000,0.000,0.000,0.000,0.000,0.000,0.158,0.000,0.000,semi-presidential,parliamentary,parliamentary,parliamentary,parliamentary,semi-presidential,semi-presidential,electoral-authoritarian,electoral-authoritarian,junta,0.800,0.800,0.800,0.800,0.800,0.800,0.800,0.500,0.500,0.400,100.0,100.0,100.0,100.0,100.0,100.0,80.6,100.0,100.0,100.0
2032-09-01,0.9817,0.9829,0.9820,0.9771,0.9978,0.9692,1.0039,1.0013,1.0002,0.9856,0.9838,0.9857,0.9923,1.1332,0.9826,1.0024,1.0041,0.9785,1.0123,1.0471,1.0282,0.9965,0.9926,0.9857,3852.96,5721.96,4210.96,2929.48,2287.03,1386.96,206.69,3096.95,2310.75,598.97,1.0558,0.5817,1.0107,1.2485,0.8834,0.3050,1.3120,0.2726,0.1943,-0.7292,0.6397,0.7191,0.6525,0.6601,0.6958,0.7032,0.6097,0.7135,0.6801,0.6275,0.0228,0.0181,0.0271,0.0185,0.0238,0.0142,0.0450,0.0015,0.0139,0.0067,0.8596,0.8735,0.9345,0.8806,0.8616,0.9006,0.9768,1.0000,0.9090,1.0000,60.18,212.39,89.73,64.65,73.33,13.69,10.03,287.52,80.85,88.38,0.0000,0.0000,0.0000,0.0000,0.0000,0.0000,0.0000,0.0000,0.0000,0.0000,104304,74663,53998,54750,86225,66964,95775,572442,131417,91336,0,0,0,0,0,0,0,0,0,0,0.0000,0.0000,0.0000,0.0000,0.0000,0.0000,0.0000,0.0000,0.0000,0.0000,0,0,0,0,0,0,0,1,0,0,0,0,0,0,0,0,0,0,0,0,0.1294,0.0808,0.1333,0.0599,0.1001,0.0201,0.0803,0.1232,0.0211,0.1331,0.000,0.000,0.000,0.000,0.000,0.000,0.000,0.159,0.000,0.000,semi-presidential,parliamentary,parliamentary,parliamentary,parliamentary,semi-presidential,semi-presidential,electoral-authoritarian,electoral-authoritarian,junta,0.800,0.800,0.800,0.800,0.800,0.800,0.800,0.500,0.500,0.400,100.0,100.0,100.0,100.0,100.0,100.0,83.4,100.0,100.0,100.0
2032-10-01,0.9824,0.9923,0.9783,0.9771,1.0011,0.9699,1.0033,0.9997,0.9989,0.9895,0.9842,0.9868,1.0054,1.2061,0.9790,1.0165,1.0231,0.9886,1.0033,0.9997,0.9989,1.0030,1.0057,0.9871,3871.08,5733.04,4218.27,2932.70,2296.20,1392.61,206.23,3110.50,2315.76,599.90,1.0511,0.5806,1.0091,1.2473,0.8801,0.3017,1.3185,0.2724,0.1940,-0.7421,0.6436,0.7476,0.6385,0.6540,0.6973,0.7074,0.6088,0.7157,0.6817,0.5857,0.0287,0.0266,0.0305,0.0345,0.0331,0.0210,0.0446,0.0001,0.0210,0.0084,0.8104,0.8261,0.9103,0.8321,0.8123,0.8580,0.9742,1.0000,0.8543,1.0000,59.41,209.30,86.04,60.92,71.64,13.36,9.79,284.21,79.68,85.83,0.0000,0.0000,0.0000,0.0000,0.0000,0.0000,0.0000,0.0000,0.0000,0.0000,104304,74663,53998,54750,86225,66964,95775,572442,131417,91336,0,0,0,0,0,0,0,0,0,0,0.0000,0.0000,0.0000,0.0000,0.0000,0.0000,0.0000,0.0000,0.0000,0.0000,0,0,0,0,0,0,0,1,0,0,0,0,0,0,0,0,0,0,0,0,0.1386,0.0848,0.1435,0.0690,0.1079,0.0264,0.0824,0.1257,0.0234,0.1346,0.000,0.000,0.000,0.000,0.000,0.000,0.000,0.158,0.000,0.000,semi-presidential,parliamentary,parliamentary,parliamentary,parliamentary,semi-presidential,semi-presidential,electoral-authoritarian,electoral-authoritarian,junta,0.800,0.800,0.800,0.800,0.800,0.800,0.800,0.500,0.500,0.400,100.0,100.0,100.0,100.0,100.0,100.0,86.3,100.0,100.0,100.0
2032-11-01,0.9839,1.0009,0.9790,0.9764,1.0034,0.9694,1.0020,0.9964,0.9970,0.9942,0.9846,0.9887,1.0370,1.1916,1.0055,1.0045,1.0204,0.9694,1.0020,0.9964,0.9970,1.0022,0.9862,0.9892,3874.80,5739.37,4226.54,2942.14,2312.18,1397.26,206.50,3124.69,2327.84,600.63,1.0504,0.5800,1.0072,1.2474,0.8742,0.2987,1.3200,0.2722,0.1931,-0.7554,0.6589,0.7397,0.6455,0.6410,0.6968,0.7092,0.5786,0.7249,0.6583,0.6069,0.0291,0.0257,0.0300,0.0288,0.0327,0.0201,0.0441,0.0000,0.0201,0.0060,0.8299,0.8448,0.9202,0.8511,0.8317,0.8747,0.9764,1.0000,0.8751,1.0000,59.16,208.84,86.79,62.89,72.00,12.99,9.78,284.24,80.14,86.39,0.0000,0.0000,0.0000,0.0000,0.0000,0.0000,0.0000,0.0000,0.0000,0.0000,104304,74663,53998,54750,86225,66964,95775,572442,131417,91336,0,0,0,0,0,0,0,0,0,0,0.0000,0.0000,0.0000,0.0000,0.0000,0.0000,0.0000,0.0000,0.0000,0.0000,0,0,0,0,0,0,0,1,0,0,0,0,0,0,0,0,0,0,0,0,0.1407,0.0861,0.1451,0.0713,0.1089,0.0274,0.0834,0.1283,0.0245,0.1346,0.000,0.000,0.000,0.000,0.000,0.000,0.000,0.157,0.000,0.000,semi-presidential,parliamentary,parliamentary,parliamentary,parliamentary,semi-presidential,semi-presidential,electoral-authoritarian,electoral-authoritarian,junta,0.800,0.800,0.800,0.800,0.800,0.800,0.800,0.500,0.500,0.400,100.0,100.0,100.0,95.0,100.0,100.0,88.9,100.0,100.0,100.0
2032-12-01,0.9871,1.0046,0.9829,0.9761,1.0026,0.9689,0.9998,0.9939,0.9961,0.9960,0.9861,0.9910,1.0990,1.0981,1.1227,1.0007,1.0026,0.9689,0.9998,0.9939,0.9961,0.9999,1.0258,0.9915,3884.80,5754.14,4239.59,2951.26,2322.32,1403.98,206.84,3138.33,2336.37,601.40,1.0480,0.5785,1.0042,1.2436,0.8705,0.2951,1.3206,0.2720,0.1925,-0.7686,0.6507,0.7268,0.6507,0.6678,0.7293,0.7073,0.5925,0.7353,0.6624,0.5893,0.0308,0.0226,0.0325,0.0262,0.0300,0.0143,0.0436,0.0002,0.0166,0.0043,0.9126,0.9219,0.9598,0.9270,0.9140,0.9398,0.9816,1.0000,0.9476,1.0000,58.86,208.11,85.67,63.51,71.76,12.90,9.84,284.57,81.08,88.24,0.0000,0.0000,0.0000,0.0000,0.0000,0.0000,0.0000,0.0000,0.0000,0.0000,104304,74663,53998,54750,86225,66964,95775,572442,131417,91336,0,0,0,0,0,0,0,0,0,0,0.0000,0.0000,0.0000,0.0000,0.0000,0.0000,0.0000,0.0000,0.0000,0.0000,0,0,0,0,0,0,0,1,0,0,0,0,0,0,0,0,0,0,0,0,0.1422,0.0872,0.1468,0.0726,0.1110,0.0286,0.0835,0.1301,0.0259,0.1356,0.000,0.000,0.000,0.000,0.000,0.000,0.000,0.156,0.000,0.000,semi-presidential,parliamentary,parliamentary,parliamentary,parliamentary,semi-presidential,semi-presidential,electoral-authoritarian,electoral-authoritarian,junta,0.800,0.800,0.800,0.800,0.800,0.800,0.800,0.500,0.500,0.440,100.0,100.0,100.0,98.1,100.0,100.0,91.7,100.0,100.0,90.0
2033-01-01,0.9894,1.0087,0.9858,0.9735,1.0008,0.9708,0.9958,0.9932,0.9977,0.9970,0.9870,0.9920,1.0693,1.1079,1.0883,0.9970,1.0008,1.0179,0.9958,0.9932,1.0292,0.9995,1.0085,0.9923,3895.29,5756.34,4253.76,2965.32,2336.30,1412.99,207.72,3159.51,2347.12,603.06,1.0452,0.5784,1.0009,1.2378,0.8653,0.2911,1.3176,0.2711,0.1917,-0.7808,0.6474,0.7306,0.6698,0.6752,0.7205,0.7283,0.6072,0.7380,0.6567,0.5808,0.0269,0.0208,0.0300,0.0232,0.0269,0.0135,0.0431,0.0013,0.0157,0.0036,0.9075,0.9174,0.9576,0.9228,0.9090,0.9363,0.9817,1.0000,0.9447,1.0000,59.87,210.07,86.11,64.24,72.79,12.92,9.94,289.62,82.25,88.74,0.0000,0.0000,0.0000,0.0000,0.0000,0.0000,0.0000,0.0000,0.0000,0.0000,104304,74663,53998,54750,86225,66964,95775,572442,131417,91336,0,0,0,0,0,0,0,0,0,0,0.0000,0.0000,0.0000,0.0000,0.0000,0.0000,0.0000,0.0000,0.0000,0.0000,0,0,0,0,0,0,0,1,0,0,0,0,0,0,0,0,0,0,0,0,0.1420,0.0881,0.1521,0.0733,0.1113,0.0291,0.0822,0.1309,0.0265,0.1344,0.000,0.000,0.000,0.000,0.000,0.000,0.000,0.155,0.000,0.000,semi-presidential,parliamentary,parliamentary,parliamentary,parliamentary,semi-presidential,semi-presidential,electoral-authoritarian,electoral-authoritarian,junta,0.800,0.800,0.800,0.800,0.800,0.800,0.800,0.500,0.500,0.430,100.0,100.0,100.0,100.0,100.0,100.0,94.5,100.0,100.0,92.5
2033-02-01,0.9933,1.0079,0.9844,0.9729,1.0005,0.9727,0.9950,0.9944,0.9972,0.9985,0.9900,0.9925,1.1202,1.0079,0.9851,0.9923,1.0005,1.0191,0.9950,1.0156,0.9972,1.0003,1.0655,0.9926,3914.54,5785.47,4259.39,2975.48,2340.49,1418.84,207.32,3170.52,2366.48,603.18,1.0398,0.5755,0.9996,1.2335,0.8636,0.2877,1.3225,0.2711,0.1903,-0.7949,0.6473,0.7193,0.6846,0.6921,0.7335,0.7415,0.6417,0.7559,0.6419,0.6113,0.0132,0.0090,0.0199,0.0077,0.0116,0.0072,0.0405,0.0004,0.0046,0.0052,1.0000,1.0000,1.0000,1.0000,1.0000,1.0000,1.0000,1.0000,1.0000,1.0000,59.62,210.75,86.62,64.69,72.76,13.13,9.88,289.83,82.75,89.22,0.0000,0.0000,0.0000,0.0000,0.0000,0.0000,0.0000,0.0000,0.0000,0.0000,104304,74663,53998,54750,86225,66964,95775,572442,131417,91336,0,0,0,0,0,0,0,0,0,0,0.0000,0.0000,0.0000,0.0000,0.0000,0.0000,0.0000,0.0000,0.0000,0.0000,0,0,0,0,0,0,0,0,0,0,0,0,0,0,0,0,0,0,0,0,0.1421,0.0881,0.1529,0.0738,0.1123,0.0297,0.0855,0.1314,0.0270,0.1357,0.000,0.000,0.000,0.000,0.000,0.000,0.000,0.156,0.000,0.000,semi-presidential,parliamentary,parliamentary,parliamentary,parliamentary,semi-presidential,semi-presidential,electoral-authoritarian,electoral-authoritarian,junta,0.800,0.800,0.800,0.800,0.800,0.800,0.800,0.500,0.500,0.420,100.0,100.0,100.0,100.0,100.0,100.0,97.6,100.0,100.0,95.2
2033-03-01,0.9955,1.0074,0.9819,0.9732,1.0003,0.9754,0.9968,0.9943,0.9975,1.0013,0.9912,0.9903,1.0508,1.0074,0.9819,0.9915,1.0003,1.0503,1.0450,0.9943,1.0071,1.0013,1.0256,0.9903,3913.02,5795.35,4257.51,2988.46,2336.85,1422.37,207.38,3185.94,2382.85,603.61,1.0401,0.5745,1.0001,1.2282,0.8649,0.2848,1.3245,0.2707,0.1890,-0.8086,0.6617,0.7538,0.6828,0.7003,0.7146,0.7458,0.6082,0.7510,0.6834,0.6088,0.0081,0.0054,0.0171,0.0059,0.0070,0.0040,0.0044,0.0007,0.0028,0.0041,1.0000,1.0000,1.0000,1.0000,1.0000,1.0000,1.0000,1.0000,1.0000,1.0000,61.46,213.75,87.16,65.46,73.98,13.43,7.34,296.28,84.27,89.79,0.0000,0.0000,0.0000,0.0000,0.0000,0.0000,0.0000,0.0000,0.0000,0.0000,104304,74663,53998,54750,86225,66964,95775,572442,131417,91336,0,0,0,0,0,0,0,0,0,0,0.0000,0.0000,0.0000,0.0000,0.0000,0.0000,0.0000,0.0000,0.0000,0.0000,0,0,0,0,0,0,0,0,0,0,0,0,0,0,0,0,0,0,0,0,0.1269,0.0801,0.1338,0.0639,0.0990,0.0268,0.0825,0.1293,0.0234,0.1376,0.000,0.000,0.000,0.000,0.000,0.000,0.000,0.139,0.000,0.000,semi-presidential,parliamentary,parliamentary,parliamentary,parliamentary,semi-presidential,semi-presidential,electoral-authoritarian,electoral-authoritarian,junta,0.800,0.800,0.800,0.800,0.800,0.800,0.800,0.500,0.500,0.410,100.0,100.0,100.0,100.0,100.0,100.0,100.0,100.0,100.0,97.8
2033-04-01,0.9966,1.0062,0.9795,0.9738,1.0027,0.9761,0.9991,0.9948,0.9968,1.0069,0.9930,0.9890,1.0360,1.0062,0.9795,0.9958,1.0193,0.9945,1.0543,1.0077,0.9968,1.0071,1.0428,0.9890,3929.44,5799.85,4258.74,2996.29,2344.16,1427.67,207.18,3195.52,2393.23,603.88,1.0358,0.5741,0.9999,1.2250,0.8621,0.2817,1.3278,0.2707,0.1883,-0.8226,0.6426,0.7460,0.6524,0.7181,0.6719,0.7287,0.6272,0.7658,0.7198,0.6166,0.0072,0.0031,0.0185,0.0092,0.0096,0.0024,0.0049,0.0005,0.0016,0.0111,1.0000,1.0000,1.0000,1.0000,1.0000,1.0000,1.0000,1.0000,1.0000,1.0000,61.62,214.67,86.82,64.89,73.86,13.50,7.26,297.97,84.72,89.94,0.0000,0.0000,0.0000,0.0000,0.0000,0.0000,0.0000,0.0000,0.0000,0.0000,104304,74663,53998,54750,86225,66964,95775,572442,131417,91336,0,0,0,0,0,0,0,0,0,0,0.0000,0.0000,0.0000,0.0000,0.0000,0.0000,0.0000,0.0000,0.0000,0.0000,0,0,0,0,0,0,0,0,0,0,0,0,0,0,0,0,0,0,0,0,0.1368,0.0827,0.1411,0.0665,0.1040,0.0270,0.0832,0.1306,0.0245,0.1385,0.000,0.000,0.000,0.000,0.000,0.000,0.000,0.121,0.000,0.000,semi-presidential,parliamentary,parliamentary,parliamentary,parliamentary,semi-presidential,semi-presidential,electoral-authoritarian,electoral-authoritarian,junta,0.800,0.800,0.800,0.800,0.800,0.800,0.800,0.500,0.500,0.400,100.0,100.0,100.0,100.0,100.0,100.0,100.0,100.0,100.0,100.0
2033-05-01,0.9972,1.0074,0.9802,0.9752,1.0028,0.9795,1.0023,0.9932,0.9956,1.0089,0.9934,0.9880,1.0174,1.0363,1.0091,1.0048,1.0040,1.0643,1.0819,0.9932,0.9956,1.0097,1.0092,0.9880,3939.77,5806.34,4267.58,3002.57,2354.90,1431.69,207.64,3202.62,2406.33,605.07,1.0330,0.5735,0.9979,1.2225,0.8583,0.2788,1.3267,0.2710,0.1874,-0.8353,0.6592,0.7385,0.6440,0.7157,0.6837,0.7265,0.6245,0.7526,0.7233,0.6385,0.0118,0.0082,0.0206,0.0148,0.0103,0.0050,0.0050,0.0004,0.0047,0.0052,0.9730,0.9746,0.9877,0.9774,0.9754,0.9800,0.9985,1.0000,0.9833,1.0000,62.21,213.72,85.26,64.37,74.03,13.44,7.23,300.73,85.22,90.01,0.0000,0.0000,0.0000,0.0000,0.0000,0.0000,0.0000,0.0000,0.0000,0.0000,104304,74663,53998,54750,86225,66964,95775,572442,131417,91336,0,0,0,0,0,0,0,0,0,0,0.0000,0.0000,0.0000,0.0000,0.0000,0.0000,0.0000,0.0000,0.0000,0.0000,0,0,0,0,0,0,0,0,0,0,0,0,0,0,0,0,0,0,0,0,0.1377,0.0823,0.1416,0.0658,0.1042,0.0265,0.0824,0.1314,0.0240,0.1385,0.000,0.000,0.000,0.000,0.000,0.000,0.000,0.103,0.000,0.000,semi-presidential,parliamentary,parliamentary,parliamentary,parliamentary,semi-presidential,semi-presidential,electoral-authoritarian,electoral-authoritarian,junta,0.800,0.800,0.800,0.800,0.800,0.800,0.800,0.500,0.500,0.400,100.0,100.0,100.0,100.0,100.0,100.0,100.0,100.0,100.0,100.0
2033-06-01,0.9980,1.0103,0.9816,0.9768,1.0039,0.9819,1.0067,0.9917,0.9935,1.0105,0.9960,0.9879,1.0230,1.0826,1.0372,1.0121,1.0129,1.0405,1.1095,0.9917,0.9935,1.0115,1.0661,0.9879,3956.10,5804.79,4264.86,3009.17,2364.92,1436.96,207.45,3218.98,2421.46,604.36,1.0289,0.5737,0.9986,1.2200,0.8548,0.2756,1.3297,0.2705,0.1863,-0.8506,0.6612,0.7298,0.6664,0.6971,0.7053,0.7174,0.6325,0.7474,0.7282,0.6724,0.0217,0.0143,0.0293,0.0244,0.0216,0.0087,0.0081,0.0007,0.0092,0.0115,0.9316,0.9390,0.9687,0.9430,0.9327,0.9530,0.9965,1.0000,0.9593,1.0000,62.05,213.06,84.54,64.45,74.01,13.31,7.19,300.51,85.50,89.81,0.0000,0.0000,0.0000,0.0000,0.0000,0.0000,0.0000,0.0000,0.0000,0.0000,104304,74663,53998,54750,86225,66964,95775,572442,131417,91336,0,0,0,0,0,0,0,0,0,0,0.0000,0.0000,0.0000,0.0000,0.0000,0.0000,0.0000,0.0000,0.0000,0.0000,0,0,0,0,0,0,0,0,0,0,0,0,0,0,0,0,0,0,0,0,0.1439,0.0850,0.1490,0.0690,0.1092,0.0270,0.0834,0.1323,0.0248,0.1392,0.000,0.000,0.000,0.000,0.000,0.000,0.000,0.084,0.000,0.000,semi-presidential,parliamentary,parliamentary,parliamentary,parliamentary,semi-presidential,semi-presidential,electoral-authoritarian,electoral-authoritarian,junta,0.800,0.800,0.800,0.800,0.800,0.800,0.800,0.500,0.500,0.400,100.0,100.0,100.0,100.0,100.0,100.0,100.0,100.0,100.0,100.0
2033-07-01,0.9968,1.0107,0.9818,0.9808,1.0054,0.9815,1.0112,0.9896,0.9922,1.0100,0.9952,0.9903,0.9968,1.0188,0.9894,1.0114,1.0175,0.9815,1.1118,0.9896,0.9922,1.0100,0.9952,0.9909,3983.17,5826.00,4287.81,3018.33,2369.93,1442.67,207.20,3232.57,2429.39,603.60,1.0220,0.5717,0.9934,1.2164,0.8531,0.2724,1.3329,0.2702,0.1888,-0.8660,0.6713,0.7152,0.6447,0.6853,0.7170,0.7174,0.6113,0.7533,0.7260,0.6527,0.0047,0.0013,0.0160,0.0116,0.0065,0.0008,0.0064,0.0004,0.0010,0.0087,0.9924,0.9928,0.9965,0.9937,0.9932,0.9943,0.9996,1.0000,0.9953,1.0000,62.94,214.76,84.70,65.29,74.86,13.20,7.26,304.42,86.67,90.89,0.0000,0.0000,0.0000,0.0000,0.0000,0.0000,0.0000,0.0000,0.0000,0.0000,104304,74663,53998,54750,86225,66964,95775,572442,131417,91336,0,0,0,0,0,0,0,0,0,0,0.0000,0.0000,0.0000,0.0000,0.0000,0.0000,0.0000,0.0000,0.0000,0.0000,0,0,0,0,0,0,0,0,0,0,0,0,0,0,0,0,0,0,0,0,0.1456,0.0865,0.1505,0.0707,0.1116,0.0283,0.0854,0.1325,0.0269,0.1392,0.000,0.000,0.000,0.000,0.000,0.000,0.000,0.065,0.000,0.000,semi-presidential,parliamentary,parliamentary,parliamentary,parliamentary,semi-presidential,semi-presidential,electoral-authoritarian,electoral-authoritarian,junta,0.800,0.800,0.800,0.800,0.800,0.800,0.800,0.500,0.500,0.400,100.0,100.0,100.0,100.0,100.0,100.0,100.0,100.0,100.0,100.0
2033-08-01,0.9980,1.0141,0.9843,0.9868,1.0052,0.9799,1.0115,0.9900,0.9931,1.0080,0.9967,0.9923,1.0371,1.0962,1.0751,1.0346,1.0052,0.9799,1.0306,1.0108,1.0236,1.0080,1.0481,0.9927,3989.20,5831.78,4297.98,3019.82,2376.08,1448.19,206.93,3250.66,2440.13,606.07,1.0205,0.5712,0.9908,1.2159,0.8510,0.2692,1.3360,0.2696,0.1882,-0.8768,0.6852,0.7379,0.6844,0.6851,0.7126,0.7290,0.5995,0.7518,0.7141,0.6408,0.0233,0.0170,0.0282,0.0316,0.0227,0.0096,0.0114,0.0015,0.0126,0.0073,0.9224,0.9308,0.9645,0.9354,0.9236,0.9468,0.9964,1.0000,0.9539,1.0000,62.35,211.56,83.00,65.62,73.48,13.23,7.30,300.92,85.86,88.84,0.0000,0.0000,0.0000,0.0000,0.0000,0.0000,0.0000,0.0000,0.0000,0.0000,104304,74663,53998,54750,86225,66964,95775,572442,131417,91336,0,0,0,0,0,0,0,0,0,0,0.0000,0.0000,0.0000,0.0000,0.0000,0.0000,0.0000,0.0000,0.0000,0.0000,0,0,0,0,0,0,0,0,0,0,0,0,0,0,0,0,0,0,0,0,0.1480,0.0874,0.1525,0.0721,0.1129,0.0295,0.0864,0.1353,0.0276,0.1388,0.000,0.000,0.000,0.000,0.000,0.000,0.000,0.047,0.000,0.000,semi-presidential,parliamentary,parliamentary,parliamentary,parliamentary,semi-presidential,semi-presidential,electoral-authoritarian,electoral-authoritarian,junta,0.800,0.800,0.800,0.800,0.800,0.800,0.800,0.500,0.500,0.400,100.0,100.0,100.0,100.0,100.0,100.0,100.0,100.0,100.0,100.0
2033-09-01,1.0014,1.0173,0.9871,0.9944,1.0052,0.9782,1.0114,0.9929,0.9936,1.0053,0.9986,0.9936,1.1136,1.0937,1.0836,1.0362,1.0056,0.9782,1.0114,1.0443,0.9984,1.0053,1.0412,0.9938,4004.68,5848.06,4302.51,3024.89,2387.64,1449.49,207.26,3271.13,2449.94,608.08,1.0167,0.5696,0.9897,1.2141,0.8470,0.2668,1.3351,0.2687,0.1878,-0.8883,0.6681,0.7284,0.6871,0.6521,0.7083,0.7248,0.5916,0.7707,0.7047,0.6604,0.0290,0.0199,0.0308,0.0345,0.0276,0.0132,0.0131,0.0007,0.0140,0.0077,0.9278,0.9356,0.9670,0.9399,0.9290,0.9505,0.9967,1.0000,0.9572,1.0000,61.28,214.14,85.07,64.61,73.16,13.55,7.40,296.44,85.77,88.68,0.0000,0.0000,0.0000,0.0000,0.0000,0.0000,0.0000,0.0000,0.0000,0.0000,104304,74663,53998,54750,86225,66964,95775,572442,131417,91336,0,0,0,0,0,0,0,0,0,0,0.0000,0.0000,0.0000,0.0000,0.0000,0.0000,0.0000,0.0000,0.0000,0.0000,0,0,0,0,0,0,0,0,0,0,0,0,0,0,0,0,0,0,0,0,0.1487,0.0889,0.1537,0.0730,0.1136,0.0360,0.0871,0.1367,0.0285,0.1395,0.000,0.000,0.000,0.000,0.000,0.000,0.000,0.031,0.000,0.000,semi-presidential,parliamentary,parliamentary,parliamentary,parliamentary,semi-presidential,semi-presidential,electoral-authoritarian,electoral-authoritarian,junta,0.800,0.800,0.800,0.800,0.800,0.800,0.800,0.500,0.500,0.400,100.0,100.0,100.0,100.0,100.0,100.0,100.0,100.0,100.0,100.0
2033-10-01,1.0039,1.0173,0.9885,0.9984,1.0087,0.9758,1.0133,0.9961,0.9948,1.0002,0.9992,0.9954,1.0882,1.0173,1.0424,1.0251,1.0308,0.9758,1.0467,1.0512,1.0105,1.0002,1.0059,0.9958,4021.85,5852.75,4303.96,3038.73,2391.87,1458.56,207.95,3284.19,2464.83,607.06,1.0124,0.5692,0.9894,1.2087,0.8456,0.2630,1.3317,0.2685,0.1869,-0.9042,0.6728,0.7324,0.6686,0.6549,0.7160,0.7026,0.6157,0.7765,0.7137,0.6928,0.0140,0.0074,0.0228,0.0195,0.0181,0.0047,0.0096,0.0011,0.0057,0.0148,1.0000,1.0000,1.0000,1.0000,1.0000,1.0000,1.0000,1.0000,1.0000,1.0000,62.78,218.03,87.62,64.21,74.94,13.94,7.33,302.63,87.16,90.45,0.0000,0.0000,0.0000,0.0000,0.0000,0.0000,0.0000,0.0000,0.0000,0.0000,104304,74663,53998,54750,86225,66964,95775,572442,131417,91336,0,0,0,0,0,0,0,0,0,0,0.0000,0.0000,0.0000,0.0000,0.0000,0.0000,0.0000,0.0000,0.0000,0.0000,0,0,0,0,0,0,0,0,0,0,0,0,0,0,0,0,0,0,0,0,0.1502,0.0909,0.1553,0.0743,0.1156,0.0374,0.0883,0.1384,0.0301,0.1405,0.000,0.000,0.000,0.000,0.000,0.000,0.000,0.016,0.000,0.000,semi-presidential,parliamentary,parliamentary,parliamentary,parliamentary,semi-presidential,semi-presidential,electoral-authoritarian,electoral-authoritarian,junta,0.800,0.800,0.800,0.800,0.800,0.800,0.800,0.500,0.500,0.400,100.0,100.0,100.0,100.0,100.0,100.0,100.0,100.0,100.0,100.0
2033-11-01,1.0080,1.0182,0.9913,0.9969,1.0115,0.9766,1.0101,1.0006,0.9943,0.9967,1.0006,0.9945,1.1389,1.0394,1.0908,1.0120,1.0300,0.9976,1.0101,1.0798,0.9943,0.9967,1.0269,0.9945,4028.80,5870.84,4307.56,3033.13,2393.37,1467.66,208.21,3305.84,2484.37,606.99,1.0108,0.5705,0.9887,1.2111,0.8452,0.2593,1.3307,0.2675,0.1857,-0.9188,0.6837,0.7326,0.6642,0.6780,0.7139,0.7302,0.6356,0.7523,0.7344,0.6465,0.0243,0.0149,0.0301,0.0205,0.0266,0.0095,0.0087,0.0006,0.0106,0.0147,0.9801,0.9817,0.9909,0.9834,0.9814,0.9857,0.9990,1.0000,0.9879,1.0000,62.37,218.53,91.72,67.80,75.70,14.41,7.43,300.06,86.93,90.48,0.0000,0.0000,0.0000,0.0000,0.0000,0.0000,0.0000,0.0000,0.0000,0.0000,104304,74663,53998,54750,86225,66964,95775,572442,131417,91336,0,0,0,0,0,0,0,0,0,0,0.0000,0.0000,0.0000,0.0000,0.0000,0.0000,0.0000,0.0000,0.0000,0.0000,0,0,0,0,0,0,0,0,0,0,0,0,0,0,0,0,0,0,0,0,0.1442,0.0879,0.1481,0.0734,0.1101,0.0360,0.0874,0.1362,0.0278,0.1392,0.000,0.000,0.000,0.000,0.000,0.000,0.000,0.007,0.000,0.000,semi-presidential,parliamentary,parliamentary,parliamentary,parliamentary,semi-presidential,semi-presidential,electoral-authoritarian,electoral-authoritarian,junta,0.800,0.800,0.800,0.800,0.800,0.800,0.800,0.500,0.500,0.400,100.0,100.0,100.0,100.0,100.0,100.0,100.0,100.0,100.0,100.0
2033-12-01,1.0078,1.0161,0.9964,0.9980,1.0140,0.9763,1.0055,1.0004,0.9966,0.9952,1.0037,0.9937,1.0078,1.0161,1.1612,1.0185,1.0312,0.9763,1.0055,1.0004,1.0467,0.9952,1.0906,0.9937,4045.31,5885.22,4318.06,3037.88,2400.44,1473.39,208.96,3324.35,2498.49,608.16,1.0067,0.5691,0.9863,1.2094,0.8428,0.2562,1.3265,0.2668,0.1849,-0.9314,0.6695,0.7454,0.6497,0.6324,0.6852,0.7604,0.6401,0.7702,0.7475,0.6472,0.0140,0.0053,0.0255,0.0188,0.0183,0.0000,0.0053,0.0022,0.0083,0.0136,1.0000,1.0000,1.0000,1.0000,1.0000,1.0000,1.0000,1.0000,1.0000,1.0000,65.13,222.46,91.03,67.27,77.58,14.66,7.43,310.65,88.42,92.07,0.0000,0.0000,0.0000,0.0000,0.0000,0.0000,0.0000,0.0000,0.0000,0.0000,104304,74663,53998,54750,86225,66964,95775,572442,131417,91336,0,0,0,0,0,0,0,0,0,0,0.0000,0.0000,0.0000,0.0000,0.0000,0.0000,0.0000,0.0000,0.0000,0.0000,0,0,0,0,0,0,0,0,0,0,0,0,0,0,0,0,0,0,0,0,0.1447,0.0882,0.1486,0.0722,0.1107,0.0363,0.0871,0.1362,0.0279,0.1402,0.000,0.000,0.000,0.000,0.000,0.000,0.000,0.007,0.000,0.000,semi-presidential,parliamentary,parliamentary,parliamentary,parliamentary,semi-presidential,semi-presidential,electoral-authoritarian,electoral-authoritarian,junta,0.800,0.800,0.800,0.800,0.800,0.800,0.800,0.500,0.500,0.400,100.0,100.0,100.0,100.0,100.0,100.0,100.0,100.0,100.0,100.0
2034-01-01,1.0083,1.0147,0.9962,0.9963,1.0126,0.9776,1.0004,0.9986,0.9987,0.9968,1.0097,0.9928,1.0238,1.0147,0.9962,1.0104,1.0126,1.0100,1.0004,0.9986,1.0378,0.9969,1.1554,0.9928,4058.33,5903.73,4324.07,3044.61,2407.40,1478.21,209.81,3344.74,2513.49,607.81,1.0036,0.5674,0.9850,1.2069,0.8405,0.2533,1.3214,0.2660,0.1841,-0.9464,0.6802,0.7490,0.6575,0.6473,0.6881,0.7535,0.6579,0.7639,0.7372,0.6528,0.0063,0.0018,0.0164,0.0019,0.0056,0.0013,0.0067,0.0020,0.0021,0.0080,1.0000,1.0000,1.0000,1.0000,1.0000,1.0000,1.0000,1.0000,1.0000,1.0000,65.48,222.91,91.94,68.93,78.07,14.58,7.50,313.84,90.34,91.94,0.0000,0.0000,0.0000,0.0000,0.0000,0.0000,0.0000,0.0000,0.0000,0.0000,104304,74663,53998,54750,86225,66964,95775,572442,131417,91336,0,0,0,0,0,0,0,0,0,0,0.0000,0.0000,0.0000,0.0000,0.0000,0.0000,0.0000,0.0000,0.0000,0.0000,0,0,0,0,0,0,0,0,0,0,0,0,0,0,0,0,0,0,0,0,0.1423,0.0871,0.1467,0.0717,0.1083,0.0355,0.0842,0.1378,0.0271,0.1389,0.000,0.000,0.000,0.000,0.000,0.000,0.000,0.006,0.000,0.000,semi-presidential,parliamentary,parliamentary,parliamentary,parliamentary,semi-presidential,semi-presidential,electoral-authoritarian,electoral-authoritarian,junta,0.800,0.800,0.800,0.800,0.800,0.800,0.800,0.500,0.500,0.400,100.0,100.0,100.0,100.0,100.0,100.0,100.0,100.0,100.0,100.0
2034-02-01,1.0059,1.0137,0.9946,0.9948,1.0088,0.9771,0.9980,0.9979,0.9983,0.9999,1.0135,0.9927,1.0059,1.0137,0.9946,1.0089,1.0088,0.9771,0.9980,0.9979,0.9983,0.9999,1.1083,0.9927,4073.59,5921.77,4340.59,3056.39,2411.48,1486.17,210.45,3352.84,2528.87,607.80,0.9999,0.5657,0.9813,1.2024,0.8391,0.2498,1.3173,0.2662,0.1832,-0.9608,0.6835,0.7553,0.6609,0.6581,0.7053,0.7457,0.6771,0.7867,0.7478,0.6579,0.0030,0.0000,0.0128,0.0000,0.0019,0.0000,0.0030,0.0003,0.0000,0.0045,1.0000,1.0000,1.0000,1.0000,1.0000,1.0000,1.0000,1.0000,1.0000,1.0000,65.95,223.68,92.02,69.23,78.52,14.62,7.49,315.60,91.02,93.07,0.0000,0.0000,0.0000,0.0000,0.0000,0.0000,0.0000,0.0000,0.0000,0.0000,104304,74663,53998,54750,86225,66964,95775,572442,131417,91336,0,0,0,0,0,0,0,0,0,0,0.0000,0.0000,0.0000,0.0000,0.0000,0.0000,0.0000,0.0000,0.0000,0.0000,0,0,0,0,0,0,0,0,0,0,0,0,0,0,0,0,0,0,0,0,0.1475,0.0892,0.1519,0.0741,0.1126,0.0359,0.0814,0.1357,0.0280,0.1390,0.000,0.000,0.000,0.000,0.000,0.000,0.000,0.006,0.000,0.000,semi-presidential,parliamentary,parliamentary,parliamentary,parliamentary,semi-presidential,semi-presidential,electoral-authoritarian,electoral-authoritarian,junta,0.800,0.800,0.800,0.800,0.800,0.800,0.800,0.500,0.500,0.400,100.0,100.0,100.0,100.0,100.0,100.0,100.0,100.0,100.0,100.0
2034-03-01,1.0032,1.0152,0.9916,0.9948,1.0058,0.9780,0.9995,0.9968,1.0007,1.0035,1.0153,0.9917,1.0032,1.0548,0.9916,1.0150,1.0058,1.0008,1.0415,0.9968,1.0584,1.0036,1.0713,0.9917,4097.44,5930.98,4350.44,3067.72,2423.40,1494.42,210.61,3369.74,2542.95,608.61,0.9941,0.5648,0.9792,1.1981,0.8351,0.2464,1.3161,0.2657,0.1825,-0.9739,0.6888,0.7657,0.6840,0.6841,0.7050,0.7520,0.6846,0.7464,0.7425,0.6537,0.0087,0.0053,0.0173,0.0084,0.0089,0.0040,0.0056,0.0025,0.0053,0.0062,0.9624,0.9659,0.9828,0.9687,0.9639,0.9736,0.9982,1.0000,0.9775,1.0000,66.27,224.27,91.09,67.92,78.24,14.64,7.48,316.87,92.03,93.25,0.0000,0.0000,0.0000,0.0000,0.0000,0.0000,0.0000,0.0000,0.0000,0.0000,104304,74663,53998,54750,86225,66964,95775,572442,131417,91336,0,0,0,0,0,0,0,0,0,0,0.0000,0.0000,0.0000,0.0000,0.0000,0.0000,0.0000,0.0000,0.0000,0.0000,0,0,0,0,0,0,0,0,0,0,0,0,0,0,0,0,0,0,0,0,0.1404,0.0859,0.1444,0.0693,0.1068,0.0343,0.0806,0.1329,0.0267,0.1401,0.000,0.000,0.000,0.000,0.000,0.000,0.000,0.006,0.000,0.000,semi-presidential,parliamentary,parliamentary,parliamentary,parliamentary,semi-presidential,semi-presidential,electoral-authoritarian,electoral-authoritarian,junta,0.800,0.800,0.800,0.800,0.800,0.800,0.800,0.500,0.500,0.400,100.0,100.0,100.0,100.0,100.0,100.0,100.0,100.0,100.0,100.0
2034-04-01,1.0016,1.0155,0.9933,0.9928,1.0008,0.9803,1.0018,0.9957,0.9996,1.0067,1.0161,0.9926,1.0016,1.0220,1.0554,1.0072,1.0008,1.0369,1.0480,0.9957,0.9996,1.0067,1.0322,0.9928,4117.82,5937.03,4366.79,3083.76,2430.36,1506.54,210.95,3381.77,2558.46,608.16,0.9892,0.5643,0.9756,1.1917,0.8328,0.2424,1.3139,0.2656,0.1817,-0.9890,0.6949,0.7521,0.6891,0.6826,0.7256,0.7619,0.6648,0.7552,0.7310,0.6504,0.0081,0.0041,0.0173,0.0061,0.0071,0.0013,0.0020,0.0003,0.0033,0.0040,0.9939,0.9943,0.9972,0.9949,0.9944,0.9955,0.9997,1.0000,0.9963,1.0000,66.54,223.92,91.80,69.26,78.78,14.51,7.49,318.00,91.92,92.66,0.0000,0.0000,0.0000,0.0000,0.0000,0.0000,0.0000,0.0000,0.0000,0.0000,104304,74663,53998,54750,86225,66964,95775,572442,131417,91336,0,0,0,0,0,0,0,0,0,0,0.0000,0.0000,0.0000,0.0000,0.0000,0.0000,0.0000,0.0000,0.0000,0.0000,0,0,0,0,0,0,0,0,0,0,0,0,0,0,0,0,0,0,0,0,0.1475,0.0933,0.1527,0.0741,0.1127,0.0355,0.0800,0.1364,0.0279,0.1385,0.000,0.000,0.000,0.000,0.000,0.000,0.000,0.005,0.000,0.000,semi-presidential,parliamentary,parliamentary,parliamentary,parliamentary,semi-presidential,semi-presidential,electoral-authoritarian,electoral-authoritarian,junta,0.800,0.800,0.800,0.800,0.800,0.800,0.800,0.500,0.500,0.400,100.0,100.0,100.0,100.0,100.0,100.0,100.0,100.0,100.0,100.0
2034-05-01,1.0038,1.0131,0.9941,0.9919,0.9956,0.9815,1.0031,0.9973,0.9990,1.0082,1.0118,0.9936,1.0753,1.0131,1.0249,1.0064,0.9956,1.0117,1.0350,1.0297,0.9990,1.0082,1.0118,0.9938,4129.73,5953.03,4370.96,3094.54,2442.18,1514.52,211.48,3396.34,2573.62,608.42,0.9864,0.5628,0.9747,1.1875,0.8286,0.2391,1.2959,0.2652,0.1809,-1.0030,0.6988,0.7410,0.6993,0.6996,0.7109,0.7960,0.6570,0.7536,0.7412,0.6324,0.0107,0.0065,0.0178,0.0069,0.0096,0.0044,0.0046,0.0004,0.0039,0.0045,1.0000,1.0000,1.0000,1.0000,1.0000,1.0000,1.0000,1.0000,1.0000,1.0000,65.15,222.40,91.89,68.32,77.31,14.63,7.51,311.75,91.05,90.85,0.0000,0.0000,0.0000,0.0000,0.0000,0.0000,0.0000,0.0000,0.0000,0.0000,104304,74663,53998,54750,86225,66964,95775,572442,131417,91336,0,0,0,0,0,0,0,0,0,0,0.0000,0.0000,0.0000,0.0000,0.0000,0.0000,0.0000,0.0000,0.0000,0.0000,0,0,0,0,0,0,0,0,0,0,0,0,0,0,0,0,0,0,0,0,0.1490,0.0940,0.1540,0.0751,0.1135,0.0363,0.0798,0.1387,0.0288,0.1390,0.000,0.000,0.000,0.000,0.000,0.000,0.000,0.005,0.000,0.000,semi-presidential,parliamentary,parliamentary,parliamentary,parliamentary,semi-presidential,semi-presidential,electoral-authoritarian,electoral-authoritarian,junta,0.800,0.800,0.800,0.800,0.800,0.800,0.800,0.500,0.500,0.400,100.0,100.0,100.0,100.0,100.0,100.0,100.0,100.0,100.0,100.0
2034-06-01,1.0016,1.0074,0.9948,0.9917,0.9937,0.9848,1.0061,1.0006,0.9989,1.0108,1.0090,0.9924,1.0016,1.0074,1.0225,1.0079,0.9937,1.0661,1.0732,1.0665,0.9989,1.0108,1.0090,0.9924,4135.62,5967.26,4389.11,3099.16,2449.42,1523.27,211.84,3405.39,2580.31,608.10,0.9847,0.5615,0.9707,1.1858,0.8261,0.2357,1.2792,0.2654,0.1807,-1.0179,0.6842,0.7459,0.6848,0.6969,0.7302,0.7850,0.6651,0.7440,0.7297,0.6426,0.0088,0.0027,0.0194,0.0047,0.0066,0.0010,0.0053,0.0007,0.0016,0.0085,1.0000,1.0000,1.0000,1.0000,1.0000,1.0000,1.0000,1.0000,1.0000,1.0000,66.54,225.68,93.58,68.90,79.05,15.40,7.63,315.23,91.27,92.90,0.0000,0.0000,0.0000,0.0000,0.0000,0.0000,0.0000,0.0000,0.0000,0.0000,104304,74663,53998,54750,86225,66964,95775,572442,131417,91336,0,0,0,0,0,0,0,0,0,0,0.0000,0.0000,0.0000,0.0000,0.0000,0.0000,0.0000,0.0000,0.0000,0.0000,0,0,0,0,0,0,0,0,0,0,0,0,0,0,0,0,0,0,0,0,0.1410,0.0901,0.1441,0.0705,0.1070,0.0352,0.0826,0.1339,0.0271,0.1391,0.000,0.000,0.000,0.000,0.000,0.000,0.000,0.005,0.000,0.000,semi-presidential,parliamentary,parliamentary,parliamentary,parliamentary,semi-presidential,semi-presidential,electoral-authoritarian,electoral-authoritarian,junta,0.800,0.800,0.800,0.800,0.800,0.800,0.800,0.500,0.500,0.400,100.0,100.0,100.0,100.0,100.0,100.0,100.0,100.0,100.0,100.0
2034-07-01,1.0005,1.0046,0.9968,0.9892,0.9944,0.9862,1.0063,1.0050,0.9997,1.0135,1.0057,0.9918,1.0005,1.0046,1.0692,1.0037,1.0006,1.0211,1.0106,1.0924,1.0152,1.0135,1.0057,0.9918,4145.92,5995.44,4391.57,3099.87,2457.94,1530.74,211.98,3419.34,2595.78,608.97,0.9872,0.5590,0.9703,1.1855,0.8232,0.2325,1.2642,0.2651,0.1799,-1.0308,0.6711,0.7545,0.7053,0.6858,0.7182,0.7861,0.6585,0.7213,0.7007,0.6292,0.0101,0.0031,0.0214,0.0069,0.0104,0.0004,0.0051,0.0011,0.0036,0.0101,1.0000,1.0000,1.0000,1.0000,1.0000,1.0000,1.0000,1.0000,1.0000,1.0000,67.01,228.42,96.72,70.63,80.20,15.94,7.73,318.13,91.59,92.62,0.0000,0.0000,0.0000,0.0000,0.0000,0.0000,0.0000,0.0000,0.0000,0.0000,104304,74663,53998,54750,86225,66964,95775,572442,131417,91336,0,0,0,0,0,0,0,0,0,0,0.0000,0.0000,0.0000,0.0000,0.0000,0.0000,0.0000,0.0000,0.0000,0.0000,0,0,0,0,0,0,0,0,0,0,0,0,0,0,0,0,0,0,0,0,0.1436,0.0917,0.1485,0.0729,0.1092,0.0358,0.0857,0.1355,0.0270,0.1371,0.000,0.000,0.000,0.000,0.000,0.000,0.000,0.004,0.000,0.000,semi-presidential,parliamentary,parliamentary,parliamentary,parliamentary,semi-presidential,semi-presidential,electoral-authoritarian,electoral-authoritarian,junta,0.800,0.800,0.800,0.800,0.800,0.800,0.800,0.500,0.500,0.400,100.0,100.0,100.0,100.0,100.0,100.0,100.0,100.0,100.0,100.0
2034-08-01,0.9990,1.0030,1.0012,0.9867,0.9960,0.9864,1.0055,1.0072,1.0025,1.0163,1.0039,0.9899,0.9990,1.0030,1.1398,1.0014,1.0079,0.9895,1.0055,1.0495,1.0567,1.0163,1.0039,0.9899,4162.88,6022.18,4392.99,3107.09,2468.93,1539.80,212.04,3432.84,2605.97,609.35,0.9832,0.5567,0.9700,1.1829,0.8197,0.2290,1.2500,0.2650,0.1795,-1.0444,0.6717,0.7668,0.6856,0.6623,0.7136,0.7824,0.6542,0.7348,0.7023,0.6484,0.0116,0.0045,0.0234,0.0123,0.0152,0.0000,0.0043,0.0023,0.0074,0.0104,1.0000,1.0000,1.0000,1.0000,1.0000,1.0000,1.0000,1.0000,1.0000,1.0000,67.64,230.79,98.14,71.10,80.91,16.29,7.78,319.82,92.74,93.01,0.0000,0.0000,0.0000,0.0000,0.0000,0.0000,0.0000,0.0000,0.0000,0.0000,104304,74663,53998,54750,86225,66964,95775,572442,131417,91336,0,0,0,0,0,0,0,0,0,0,0.0000,0.0000,0.0000,0.0000,0.0000,0.0000,0.0000,0.0000,0.0000,0.0000,0,0,0,0,0,0,0,0,0,0,0,0,0,0,0,0,0,0,0,0,0.1342,0.0872,0.1384,0.0676,0.1015,0.0337,0.0840,0.1329,0.0246,0.1369,0.000,0.000,0.000,0.000,0.000,0.000,0.000,0.004,0.000,0.000,semi-presidential,parliamentary,parliamentary,parliamentary,parliamentary,semi-presidential,semi-presidential,electoral-authoritarian,electoral-authoritarian,junta,0.800,0.800,0.800,0.800,0.800,0.800,0.800,0.500,0.500,0.400,100.0,100.0,100.0,100.0,100.0,100.0,100.0,100.0,100.0,100.0
2034-09-01,0.9974,0.9987,1.0051,0.9866,0.9978,0.9862,1.0036,1.0077,1.0012,1.0179,1.0016,0.9894,0.9974,0.9987,1.1293,1.0033,1.0107,0.9862,1.0036,1.0194,1.0012,1.0179,1.0016,0.9894,4172.62,6040.23,4401.98,3117.21,2480.88,1552.59,211.59,3451.58,2615.79,609.16,0.9810,0.5552,0.9681,1.1792,0.8158,0.2251,1.2390,0.2644,0.1791,-1.0590,0.6801,0.7848,0.6702,0.6664,0.7230,0.7799,0.6528,0.7263,0.6909,0.6125,0.0091,0.0040,0.0197,0.0122,0.0119,0.0000,0.0007,0.0001,0.0049,0.0068,1.0000,1.0000,1.0000,1.0000,1.0000,1.0000,1.0000,1.0000,1.0000,1.0000,67.42,230.72,97.65,69.99,80.69,16.39,7.75,317.58,92.21,92.87,0.0000,0.0000,0.0000,0.0000,0.0000,0.0000,0.0000,0.0000,0.0000,0.0000,104304,74663,53998,54750,86225,66964,95775,572442,131417,91336,0,0,0,0,0,0,0,0,0,0,0.0000,0.0000,0.0000,0.0000,0.0000,0.0000,0.0000,0.0000,0.0000,0.0000,0,0,0,0,0,0,0,0,0,0,0,0,0,0,0,0,0,0,0,0,0.1429,0.0907,0.1467,0.0710,0.1081,0.0347,0.0850,0.1337,0.0261,0.1381,0.000,0.000,0.000,0.000,0.000,0.000,0.000,0.004,0.000,0.000,semi-presidential,parliamentary,parliamentary,parliamentary,parliamentary,semi-presidential,semi-presidential,electoral-authoritarian,electoral-authoritarian,junta,0.800,0.800,0.800,0.800,0.800,0.800,0.800,0.500,0.500,0.400,100.0,100.0,100.0,100.0,100.0,100.0,100.0,100.0,100.0,100.0
2034-10-01,0.9940,0.9967,1.0083,0.9861,1.0011,0.9833,1.0031,1.0072,1.0021,1.0183,0.9965,0.9929,0.9940,0.9967,1.1147,1.0012,1.0219,0.9833,1.0031,1.0072,1.0174,1.0183,0.9965,0.9935,4176.63,6072.20,4407.81,3131.89,2489.27,1559.52,212.32,3467.79,2628.64,610.54,0.9801,0.5524,0.9666,1.1738,0.8132,0.2220,1.2214,0.2641,0.1785,-1.0708,0.6766,0.7852,0.6818,0.6789,0.7353,0.7949,0.6235,0.7484,0.6837,0.6215,0.0073,0.0034,0.0187,0.0117,0.0125,0.0000,0.0007,0.0006,0.0047,0.0094,1.0000,1.0000,1.0000,1.0000,1.0000,1.0000,1.0000,1.0000,1.0000,1.0000,67.64,231.36,97.90,70.86,81.17,16.43,7.70,319.64,93.02,93.58,0.0000,0.0000,0.0000,0.0000,0.0000,0.0000,0.0000,0.0000,0.0000,0.0000,104304,74663,53998,54750,86225,66964,95775,572442,131417,91336,0,0,0,0,0,0,0,0,0,0,0.0000,0.0000,0.0000,0.0000,0.0000,0.0000,0.0000,0.0000,0.0000,0.0000,0,0,0,0,0,0,0,0,0,0,0,0,0,0,0,0,0,0,0,0,0.1490,0.0943,0.1533,0.0752,0.1132,0.0374,0.0872,0.1344,0.0290,0.1369,0.000,0.000,0.000,0.000,0.000,0.000,0.000,0.003,0.000,0.000,semi-presidential,parliamentary,parliamentary,parliamentary,parliamentary,semi-presidential,semi-presidential,electoral-authoritarian,electoral-authoritarian,junta,0.800,0.800,0.800,0.800,0.800,0.800,0.800,0.500,0.500,0.400,100.0,100.0,100.0,100.0,100.0,100.0,100.0,100.0,100.0,100.0
2034-11-01,0.9884,0.9939,1.0105,0.9869,1.0049,0.9835,1.0044,1.0062,1.0045,1.0164,0.9923,0.9955,0.9884,0.9939,1.0840,1.0068,1.0271,0.9893,1.0361,1.0062,1.0547,1.0164,0.9923,0.9959,4183.56,6097.88,4425.04,3138.10,2503.76,1565.19,213.10,3483.89,2644.61,612.61,0.9785,0.5502,0.9628,1.1716,0.8086,0.2192,1.2039,0.2638,0.1777,-1.0814,0.6677,0.7981,0.6781,0.7036,0.7313,0.7725,0.6562,0.7714,0.6918,0.6455,0.0061,0.0025,0.0185,0.0131,0.0123,0.0001,0.0030,0.0020,0.0047,0.0118,1.0000,1.0000,1.0000,1.0000,1.0000,1.0000,1.0000,1.0000,1.0000,1.0000,66.61,231.22,95.95,68.38,79.47,16.39,7.68,314.95,92.46,93.17,0.0000,0.0000,0.0000,0.0000,0.0000,0.0000,0.0000,0.0000,0.0000,0.0000,104304,74663,53998,54750,86225,66964,95775,572442,131417,91336,0,0,0,0,0,0,0,0,0,0,0.0000,0.0000,0.0000,0.0000,0.0000,0.0000,0.0000,0.0000,0.0000,0.0000,0,0,0,0,0,0,0,0,0,0,0,0,0,0,0,0,0,0,0,0,0.1510,0.0961,0.1550,0.0763,0.1153,0.0391,0.0888,0.1345,0.0311,0.1371,0.000,0.000,0.000,0.000,0.000,0.000,0.000,0.003,0.000,0.000,semi-presidential,parliamentary,parliamentary,parliamentary,parliamentary,semi-presidential,semi-presidential,electoral-authoritarian,electoral-authoritarian,junta,0.800,0.800,0.800,0.800,0.800,0.800,0.800,0.500,0.500,0.400,100.0,100.0,100.0,100.0,100.0,100.0,100.0,100.0,100.0,100.0
2034-12-01,0.9824,0.9912,1.0094,0.9863,1.0087,0.9854,1.0039,1.0040,1.0049,1.0119,0.9908,0.9941,0.9824,0.9912,1.0094,1.0009,1.0312,1.0312,1.0039,1.0040,1.0091,1.0119,0.9908,0.9941,4201.79,6106.40,4425.63,3147.09,2512.89,1574.50,213.78,3497.90,2659.93,613.33,0.9743,0.5496,0.9627,1.1683,0.8058,0.2158,1.1871,0.2637,0.1769,-1.0942,0.6665,0.7957,0.7001,0.6869,0.7473,0.7604,0.6859,0.7358,0.7206,0.6495,0.0009,0.0010,0.0124,0.0052,0.0059,0.0006,0.0002,0.0002,0.0004,0.0078,1.0000,1.0000,1.0000,1.0000,1.0000,1.0000,1.0000,1.0000,1.0000,1.0000,66.11,230.85,96.17,69.33,79.43,16.15,7.71,314.53,92.63,93.05,0.0000,0.0000,0.0000,0.0000,0.0000,0.0000,0.0000,0.0000,0.0000,0.0000,104304,74663,53998,54750,86225,66964,95775,572442,131417,91336,0,0,0,0,0,0,0,0,0,0,0.0000,0.0000,0.0000,0.0000,0.0000,0.0000,0.0000,0.0000,0.0000,0.0000,0,0,0,0,0,0,0,0,0,0,0,0,0,0,0,0,0,0,0,0,0.1411,0.0948,0.1450,0.0717,0.1074,0.0362,0.0868,0.1301,0.0283,0.1354,0.000,0.000,0.000,0.000,0.000,0.000,0.000,0.003,0.000,0.000,semi-presidential,parliamentary,parliamentary,parliamentary,parliamentary,semi-presidential,semi-presidential,electoral-authoritarian,electoral-authoritarian,junta,0.800,0.800,0.800,0.800,0.800,0.800,0.800,0.500,0.500,0.400,100.0,100.0,100.0,100.0,100.0,100.0,100.0,100.0,100.0,100.0
2035-01-01,0.9822,0.9861,1.0082,0.9891,1.0120,0.9919,1.0037,1.0006,1.0064,1.0064,0.9898,0.9943,0.9822,0.9861,1.0082,1.0145,1.0317,1.1486,1.0071,1.0006,1.0420,1.0064,0.9898,0.9944,4221.82,6120.78,4446.76,3155.17,2523.16,1581.59,214.27,3515.12,2679.83,614.24,0.9697,0.5484,0.9582,1.1654,0.8026,0.2127,1.1717,0.2634,0.1759,-1.1067,0.6825,0.7731,0.6836,0.6967,0.7491,0.7631,0.6962,0.7383,0.7293,0.6353,0.0030,0.0034,0.0146,0.0132,0.0076,0.0019,0.0036,0.0013,0.0020,0.0078,1.0000,1.0000,1.0000,1.0000,1.0000,1.0000,1.0000,1.0000,1.0000,1.0000,67.31,230.79,92.54,66.45,79.76,15.72,7.68,321.22,93.31,90.75,0.0000,0.0000,0.0000,0.0000,0.0000,0.0000,0.0000,0.0000,0.0000,0.0000,104304,74663,53998,54750,86225,66964,95775,572442,131417,91336,0,0,0,0,0,0,0,0,0,0,0.0000,0.0000,0.0000,0.0000,0.0000,0.0000,0.0000,0.0000,0.0000,0.0000,0,0,0,0,0,0,0,0,0,0,0,0,0,0,0,0,0,0,0,0,0.1539,0.0987,0.1537,0.0742,0.1145,0.0376,0.0884,0.1412,0.0306,0.1362,0.000,0.000,0.000,0.000,0.000,0.000,0.000,0.003,0.000,0.000,semi-presidential,parliamentary,parliamentary,parliamentary,parliamentary,semi-presidential,semi-presidential,electoral-authoritarian,electoral-authoritarian,junta,0.800,0.800,0.800,0.800,0.800,0.800,0.800,0.500,0.500,0.400,100.0,100.0,100.0,100.0,100.0,100.0,100.0,100.0,100.0,100.0
2035-02-01,0.9839,0.9824,1.0055,0.9915,1.0146,0.9975,1.0061,0.9997,1.0080,1.0016,0.9907,0.9936,1.0405,0.9824,1.0055,1.0157,1.0307,1.1306,1.0569,0.9997,1.0385,1.0016,1.0113,0.9936,4236.67,6143.43,4468.94,3161.75,2536.08,1590.17,215.15,3518.52,2694.11,615.70,0.9693,0.5466,0.9535,1.1630,0.7986,0.2095,1.1545,0.2641,0.1753,-1.1181,0.6936,0.7652,0.7130,0.6895,0.7450,0.7645,0.6872,0.7539,0.7540,0.6589,0.0090,0.0068,0.0185,0.0147,0.0120,0.0048,0.0067,0.0014,0.0038,0.0095,1.0000,1.0000,1.0000,1.0000,1.0000,1.0000,1.0000,1.0000,1.0000,1.0000,66.65,230.22,92.52,66.15,79.03,15.65,7.75,318.96,93.74,89.87,0.0000,0.0000,0.0000,0.0000,0.0000,0.0000,0.0000,0.0000,0.0000,0.0000,104304,74663,53998,54750,86225,66964,95775,572442,131417,91336,0,0,0,0,0,0,0,0,0,0,0.0000,0.0000,0.0000,0.0000,0.0000,0.0000,0.0000,0.0000,0.0000,0.0000,0,0,0,0,0,0,0,0,0,0,0,0,0,0,0,0,0,0,0,0,0.1495,0.0961,0.1485,0.0718,0.1107,0.0367,0.0876,0.1407,0.0295,0.1361,0.000,0.000,0.000,0.000,0.000,0.000,0.000,0.002,0.000,0.000,semi-presidential,parliamentary,parliamentary,parliamentary,parliamentary,semi-presidential,semi-presidential,electoral-authoritarian,electoral-authoritarian,junta,0.800,0.800,0.800,0.800,0.800,0.800,0.800,0.500,0.500,0.400,100.0,100.0,100.0,100.0,100.0,100.0,100.0,100.0,100.0,100.0
2035-03-01,0.9847,0.9796,1.0024,0.9934,1.0151,0.9997,1.0068,1.0007,1.0109,0.9992,0.9906,0.9941,1.0136,0.9796,1.0024,1.0166,1.0204,1.0597,1.0246,1.0235,1.0732,0.9992,0.9906,0.9942,4254.39,6178.12,4487.38,3166.00,2543.73,1593.98,215.86,3530.22,2713.20,616.18,0.9654,0.5436,0.9496,1.1616,0.7964,0.2069,1.1434,0.2642,0.1743,-1.1313,0.6956,0.7723,0.7205,0.6918,0.7483,0.7692,0.7048,0.7214,0.7480,0.6620,0.0050,0.0033,0.0148,0.0095,0.0070,0.0024,0.0063,0.0026,0.0035,0.0059,1.0000,1.0000,1.0000,1.0000,1.0000,1.0000,1.0000,1.0000,1.0000,1.0000,67.79,233.15,94.04,67.17,80.46,16.00,7.90,323.59,94.90,90.65,0.0000,0.0000,0.0000,0.0000,0.0000,0.0000,0.0000,0.0000,0.0000,0.0000,104304,74663,53998,54750,86225,66964,95775,572442,131417,91336,0,0,0,0,0,0,0,0,0,0,0.0000,0.0000,0.0000,0.0000,0.0000,0.0000,0.0000,0.0000,0.0000,0.0000,0,0,0,0,0,0,0,0,0,0,0,0,0,0,0,0,0,0,0,0,0.1541,0.0985,0.1537,0.0744,0.1145,0.0381,0.0885,0.1415,0.0306,0.1362,0.000,0.000,0.000,0.000,0.000,0.000,0.000,0.002,0.000,0.000,semi-presidential,parliamentary,parliamentary,parliamentary,parliamentary,semi-presidential,semi-presidential,electoral-authoritarian,electoral-authoritarian,junta,0.800,0.800,0.800,0.800,0.800,0.800,0.800,0.500,0.500,0.400,100.0,100.0,100.0,100.0,100.0,100.0,100.0,100.0,100.0,100.0
2035-04-01,0.9840,0.9794,1.0005,0.9973,1.0158,1.0000,1.0063,1.0004,1.0116,0.9977,0.9928,0.9956,0.9840,0.9794,1.0005,1.0236,1.0206,1.0086,1.0063,1.0004,1.0255,0.9977,1.0498,0.9958,4272.27,6223.31,4506.37,3172.74,2556.37,1602.84,216.29,3543.37,2721.99,616.65,0.9615,0.5398,0.9457,1.1592,0.7926,0.2037,1.1292,0.2642,0.1740,-1.1445,0.7003,0.7992,0.7279,0.6792,0.7363,0.7481,0.7058,0.6971,0.7567,0.6583,0.0020,0.0002,0.0119,0.0080,0.0029,0.0001,0.0051,0.0007,0.0005,0.0047,1.0000,1.0000,1.0000,1.0000,1.0000,1.0000,1.0000,1.0000,1.0000,1.0000,68.86,235.52,94.19,67.22,81.37,16.07,7.99,329.07,96.40,91.45,0.0000,0.0000,0.0000,0.0000,0.0000,0.0000,0.0000,0.0000,0.0000,0.0000,104304,74663,53998,54750,86225,66964,95775,572442,131417,91336,0,0,0,0,0,0,0,0,0,0,0.0000,0.0000,0.0000,0.0000,0.0000,0.0000,0.0000,0.0000,0.0000,0.0000,0,0,0,0,0,0,0,0,0,0,0,0,0,0,0,0,0,0,0,0,0.1554,0.0996,0.1550,0.0750,0.1155,0.0391,0.0897,0.1464,0.0318,0.1362,0.000,0.000,0.000,0.000,0.000,0.000,0.000,0.002,0.000,0.000,semi-presidential,parliamentary,parliamentary,parliamentary,parliamentary,semi-presidential,semi-presidential,electoral-authoritarian,electoral-authoritarian,junta,0.800,0.800,0.800,0.800,0.800,0.800,0.800,0.500,0.500,0.400,100.0,100.0,100.0,100.0,100.0,100.0,100.0,100.0,100.0,100.0
2035-05-01,0.9787,0.9800,1.0000,0.9979,1.0175,0.9992,1.0060,1.0026,1.0130,0.9962,0.9953,0.9949,0.9787,0.9954,1.0000,1.0177,1.0296,0.9992,1.0060,1.0425,1.0394,0.9962,1.0542,0.9949,4294.30,6259.66,4528.37,3186.32,2568.48,1607.32,217.05,3557.34,2738.80,617.13,0.9567,0.5369,0.9412,1.1543,0.7940,0.2011,1.1136,0.2641,0.1732,-1.1577,0.7040,0.8283,0.7405,0.6837,0.7446,0.7660,0.7001,0.7090,0.7334,0.6467,0.0059,0.0021,0.0165,0.0076,0.0079,0.0017,0.0050,0.0014,0.0022,0.0104,0.9853,0.9853,0.9932,0.9877,0.9877,0.9881,0.9991,1.0000,0.9906,1.0000,68.07,237.07,96.72,68.30,81.02,16.50,7.97,323.22,95.81,92.91,0.0000,0.0000,0.0000,0.0000,0.0000,0.0000,0.0000,0.0000,0.0000,0.0000,104304,74663,53998,54750,86225,66964,95775,572442,131417,91336,0,0,0,0,0,0,0,0,0,0,0.0000,0.0000,0.0000,0.0000,0.0000,0.0000,0.0000,0.0000,0.0000,0.0000,0,0,0,0,0,0,0,0,0,0,0,0,0,0,0,0,0,0,0,0,0.1504,0.0974,0.1496,0.0732,0.1116,0.0418,0.0886,0.1405,0.0340,0.1358,0.000,0.000,0.000,0.000,0.000,0.000,0.000,0.002,0.000,0.000,semi-presidential,parliamentary,parliamentary,parliamentary,parliamentary,semi-presidential,semi-presidential,electoral-authoritarian,electoral-authoritarian,junta,0.800,0.800,0.800,0.800,0.800,0.800,0.800,0.500,0.500,0.400,100.0,100.0,100.0,100.0,100.0,100.0,100.0,100.0,100.0,100.0
2035-06-01,0.9760,0.9815,0.9976,0.9979,1.0192,1.0019,1.0060,1.0022,1.0111,0.9974,0.9942,0.9965,0.9760,1.0165,0.9976,1.0162,1.0313,1.0657,1.0060,1.0022,1.0111,0.9976,0.9942,0.9968,4308.07,6285.85,4547.61,3202.85,2574.88,1617.22,217.76,3573.24,2757.88,618.42,0.9538,0.5348,0.9372,1.1483,0.7922,0.1979,1.0986,0.2640,0.1723,-1.1692,0.7005,0.8318,0.7476,0.7042,0.7635,0.7443,0.7115,0.7173,0.7443,0.6640,0.0059,0.0059,0.0139,0.0095,0.0079,0.0044,0.0003,0.0000,0.0032,0.0039,0.9663,0.9674,0.9845,0.9718,0.9702,0.9741,0.9980,1.0000,0.9790,1.0000,69.16,238.61,98.02,69.98,82.86,16.39,7.98,330.37,97.09,92.93,0.0000,0.0000,0.0000,0.0000,0.0000,0.0000,0.0000,0.0000,0.0000,0.0000,104304,74663,53998,54750,86225,66964,95775,572442,131417,91336,0,0,0,0,0,0,0,0,0,0,0.0000,0.0000,0.0000,0.0000,0.0000,0.0000,0.0000,0.0000,0.0000,0.0000,0,0,0,0,0,0,0,0,0,0,0,0,0,0,0,0,0,0,0,0,0.1564,0.1008,0.1559,0.0768,0.1163,0.0436,0.0941,0.1437,0.0359,0.1353,0.000,0.000,0.000,0.000,0.000,0.000,0.000,0.001,0.000,0.000,semi-presidential,parliamentary,parliamentary,parliamentary,parliamentary,semi-presidential,semi-presidential,electoral-authoritarian,electoral-authoritarian,junta,0.800,0.820,0.800,0.800,0.800,0.800,0.800,0.500,0.500,0.400,100.0,95.0,100.0,100.0,100.0,100.0,100.0,100.0,100.0,100.0
2035-07-01,0.9727,0.9862,0.9994,0.9956,1.0187,1.0025,1.0042,0.9990,1.0106,0.9955,0.9945,0.9960,0.9727,1.1007,1.0648,1.0132,1.0187,1.0191,1.0042,0.9990,1.0106,0.9955,1.0022,0.9960,4325.36,6305.55,4551.32,3210.53,2584.54,1624.65,218.85,3594.16,2773.41,619.93,0.9501,0.5332,0.9365,1.1456,0.7894,0.1950,1.0819,0.2634,0.1716,-1.1804,0.6978,0.8058,0.7413,0.7472,0.7411,0.7624,0.7181,0.7334,0.7348,0.6748,0.0209,0.0166,0.0237,0.0179,0.0204,0.0110,0.0011,0.0000,0.0119,0.0014,0.8871,0.8995,0.9479,0.9064,0.8890,0.9228,0.9942,1.0000,0.9337,1.0000,68.54,236.70,97.47,70.27,82.16,16.02,8.02,328.13,97.13,92.44,0.0000,0.0000,0.0000,0.0000,0.0000,0.0000,0.0000,0.0000,0.0000,0.0000,104304,74663,53998,54750,86225,66964,95775,572442,131417,91336,0,0,0,0,0,0,0,0,0,0,0.0000,0.0000,0.0000,0.0000,0.0000,0.0000,0.0000,0.0000,0.0000,0.0000,0,0,0,0,0,0,0,0,0,0,0,0,0,0,0,0,0,0,0,0,0.1520,0.0982,0.1520,0.0752,0.1125,0.0419,0.0922,0.1413,0.0340,0.1336,0.000,0.000,0.000,0.000,0.000,0.000,0.000,0.001,0.000,0.000,semi-presidential,parliamentary,parliamentary,parliamentary,parliamentary,semi-presidential,semi-presidential,electoral-authoritarian,electoral-authoritarian,junta,0.800,0.810,0.800,0.800,0.800,0.800,0.800,0.500,0.500,0.400,100.0,98.5,100.0,100.0,100.0,100.0,100.0,100.0,100.0,100.0
2035-08-01,0.9711,0.9872,1.0012,0.9937,1.0160,1.0050,1.0024,0.9990,1.0111,0.9929,0.9901,0.9942,0.9711,1.0094,1.0627,1.0083,1.0160,1.0630,1.0024,0.9990,1.0169,0.9929,0.9901,0.9942,4329.45,6317.58,4544.38,3221.01,2593.91,1632.36,219.66,3607.96,2789.07,620.31,0.9493,0.5324,0.9380,1.1419,0.7864,0.1921,1.0670,0.2634,0.1710,-1.1937,0.6961,0.7868,0.7022,0.7218,0.7268,0.7592,0.7422,0.7466,0.7170,0.6594,0.0083,0.0062,0.0161,0.0079,0.0076,0.0031,0.0005,0.0002,0.0047,0.0011,0.9789,0.9791,0.9903,0.9823,0.9820,0.9832,0.9987,1.0000,0.9866,1.0000,69.59,238.66,97.49,71.01,83.16,16.05,8.07,333.81,98.18,92.64,0.0000,0.0000,0.0000,0.0000,0.0000,0.0000,0.0000,0.0000,0.0000,0.0000,104304,74663,53998,54750,86225,66964,95775,572442,131417,91336,0,0,0,0,0,0,0,0,0,0,0.0000,0.0000,0.0000,0.0000,0.0000,0.0000,0.0000,0.0000,0.0000,0.0000,0,0,0,0,0,0,0,0,0,0,0,0,0,0,0,0,0,0,0,0,0.1436,0.0937,0.1435,0.0704,0.1058,0.0392,0.0872,0.1398,0.0313,0.1334,0.000,0.000,0.000,0.000,0.000,0.000,0.000,0.001,0.000,0.000,semi-presidential,parliamentary,parliamentary,parliamentary,parliamentary,semi-presidential,semi-presidential,electoral-authoritarian,electoral-authoritarian,junta,0.800,0.800,0.800,0.800,0.800,0.800,0.800,0.500,0.500,0.400,100.0,100.0,100.0,100.0,100.0,100.0,100.0,100.0,100.0,100.0
2035-09-01,0.9695,0.9895,1.0047,0.9926,1.0121,1.0054,1.0013,0.9990,1.0094,0.9899,0.9875,0.9941,0.9695,1.0436,1.1168,1.0089,1.0121,1.0161,1.0013,1.0007,1.0094,0.9899,0.9875,0.9941,4360.09,6346.57,4545.22,3233.89,2612.78,1642.40,220.00,3618.74,2801.90,620.37,0.9428,0.5301,0.9379,1.1374,0.7808,0.1890,1.0547,0.2637,0.1705,-1.2076,0.6811,0.7706,0.6618,0.7219,0.7210,0.7641,0.7457,0.7388,0.7251,0.6514,0.0153,0.0106,0.0214,0.0143,0.0147,0.0054,0.0006,0.0000,0.0089,0.0018,0.9473,0.9514,0.9758,0.9562,0.9506,0.9621,0.9972,1.0000,0.9684,1.0000,69.46,238.38,97.44,71.08,83.38,16.05,8.10,333.74,98.27,92.76,0.0000,0.0000,0.0000,0.0000,0.0000,0.0000,0.0000,0.0000,0.0000,0.0000,104304,74663,53998,54750,86225,66964,95775,572442,131417,91336,0,0,0,0,0,0,0,0,0,0,0.0000,0.0000,0.0000,0.0000,0.0000,0.0000,0.0000,0.0000,0.0000,0.0000,0,0,0,0,0,0,0,0,0,0,0,0,0,0,0,0,0,0,0,0,0.1529,0.0978,0.1534,0.0750,0.1131,0.0408,0.0870,0.1425,0.0335,0.1346,0.000,0.000,0.000,0.000,0.000,0.000,0.000,0.001,0.000,0.000,semi-presidential,parliamentary,parliamentary,parliamentary,parliamentary,semi-presidential,semi-presidential,electoral-authoritarian,electoral-authoritarian,junta,0.800,0.800,0.800,0.800,0.800,0.800,0.800,0.500,0.500,0.400,100.0,100.0,100.0,100.0,100.0,100.0,100.0,100.0,100.0,100.0
2035-10-01,0.9682,0.9914,1.0094,0.9918,1.0058,1.0053,0.9979,0.9984,1.0102,0.9907,0.9892,0.9950,0.9682,1.0390,1.1554,1.0073,1.0058,1.0053,0.9979,0.9984,1.0254,0.9911,1.0322,0.9952,4383.06,6374.78,4561.15,3251.47,2624.31,1651.55,220.23,3631.05,2815.91,620.67,0.9380,0.5279,0.9347,1.1313,0.7774,0.1859,1.0431,0.2638,0.1699,-1.2211,0.6896,0.7767,0.6533,0.7176,0.7536,0.7680,0.7269,0.7352,0.7249,0.6529,0.0178,0.0106,0.0248,0.0154,0.0171,0.0047,0.0024,0.0007,0.0101,0.0048,0.9539,0.9571,0.9788,0.9617,0.9574,0.9664,0.9975,1.0000,0.9722,1.0000,69.91,238.98,97.14,71.31,83.87,16.02,8.09,335.31,98.66,92.68,0.0000,0.0000,0.0000,0.0000,0.0000,0.0000,0.0000,0.0000,0.0000,0.0000,104304,74663,53998,54750,86225,66964,95775,572442,131417,91336,0,0,0,0,0,0,0,0,0,0,0.0000,0.0000,0.0000,0.0000,0.0000,0.0000,0.0000,0.0000,0.0000,0.0000,0,0,0,0,0,0,0,0,0,0,0,0,0,0,0,0,0,0,0,0,0.1544,0.0989,0.1547,0.0759,0.1145,0.0413,0.0844,0.1431,0.0340,0.1345,0.000,0.000,0.000,0.000,0.000,0.000,0.000,0.000,0.000,0.000,semi-presidential,parliamentary,parliamentary,parliamentary,parliamentary,semi-presidential,semi-presidential,electoral-authoritarian,electoral-authoritarian,junta,0.800,0.800,0.800,0.800,0.800,0.800,0.800,0.500,0.500,0.400,100.0,100.0,100.0,100.0,100.0,100.0,100.0,100.0,100.0,100.0
2035-11-01,0.9683,0.9948,1.0083,0.9873,0.9989,1.0047,0.9945,0.9958,1.0105,0.9924,0.9935,0.9959,0.9711,1.0739,1.0083,1.0041,0.9989,1.0047,0.9945,0.9958,1.0177,0.9927,1.1005,0.9960,4402.58,6399.57,4574.62,3260.60,2629.92,1660.06,220.47,3657.16,2829.06,620.48,0.9339,0.5260,0.9320,1.1282,0.7758,0.1830,1.0317,0.2629,0.1694,-1.2355,0.6965,0.7827,0.6707,0.7361,0.7499,0.7731,0.7080,0.7350,0.7248,0.6314,0.0145,0.0099,0.0207,0.0092,0.0132,0.0076,0.0044,0.0007,0.0067,0.0055,0.9227,0.9307,0.9645,0.9359,0.9248,0.9467,0.9961,1.0000,0.9546,1.0000,70.30,239.24,96.44,71.22,84.00,15.72,8.03,339.56,100.32,92.01,0.0000,0.0000,0.0000,0.0000,0.0000,0.0000,0.0000,0.0000,0.0000,0.0000,104304,74663,53998,54750,86225,66964,95775,572442,131417,91336,0,0,0,0,0,0,0,0,0,0,0.0000,0.0000,0.0000,0.0000,0.0000,0.0000,0.0000,0.0000,0.0000,0.0000,0,0,0,0,0,0,0,0,0,0,0,0,0,0,0,0,0,0,0,0,0.1537,0.0994,0.1555,0.0765,0.1148,0.0413,0.0840,0.1429,0.0341,0.1324,0.000,0.000,0.000,0.000,0.000,0.000,0.000,0.000,0.000,0.000,semi-presidential,parliamentary,parliamentary,parliamentary,parliamentary,semi-presidential,semi-presidential,electoral-authoritarian,electoral-authoritarian,junta,0.800,0.800,0.800,0.800,0.800,0.800,0.800,0.500,0.500,0.400,100.0,100.0,100.0,100.0,100.0,100.0,100.0,100.0,100.0,100.0
2035-12-01,0.9702,0.9980,1.0059,0.9856,0.9939,1.0084,0.9928,0.9952,1.0116,0.9922,0.9944,0.9980,1.0347,1.0744,1.0059,1.0026,0.9939,1.0995,0.9928,0.9952,1.0338,0.9922,1.0173,0.9984,4425.82,6419.88,4592.35,3271.21,2638.32,1668.18,221.37,3673.73,2845.16,620.84,0.9291,0.5245,0.9282,1.1245,0.7733,0.1802,1.0175,0.2627,0.1737,-1.2489,0.7013,0.7864,0.6762,0.7286,0.7240,0.7796,0.6970,0.7597,0.7219,0.6328,0.0179,0.0158,0.0214,0.0144,0.0173,0.0120,0.0040,0.0009,0.0097,0.0019,0.9252,0.9331,0.9657,0.9381,0.9270,0.9487,0.9963,1.0000,0.9562,1.0000,69.38,238.65,96.06,70.54,82.90,15.63,8.07,336.32,100.40,91.17,0.0000,0.0000,0.0000,0.0000,0.0000,0.0000,0.0000,0.0000,0.0000,0.0000,104304,74663,53998,54750,86225,66964,95775,572442,131417,91336,0,0,0,0,0,0,0,0,0,0,0.0000,0.0000,0.0000,0.0000,0.0000,0.0000,0.0000,0.0000,0.0000,0.0000,0,0,0,0,0,0,0,0,0,0,0,0,0,0,0,0,0,0,0,0,0.1566,0.1009,0.1571,0.0779,0.1168,0.0430,0.0868,0.1460,0.0362,0.1345,0.000,0.000,0.000,0.000,0.000,0.000,0.000,0.000,0.000,0.000,semi-presidential,parliamentary,parliamentary,parliamentary,parliamentary,semi-presidential,semi-presidential,electoral-authoritarian,electoral-authoritarian,junta,0.800,0.800,0.800,0.800,0.800,0.800,0.800,0.500,0.500,0.400,100.0,100.0,100.0,100.0,100.0,100.0,100.0,90.0,100.0,100.0
2036-01-01,0.9730,1.0010,1.0049,0.9845,0.9913,1.0084,0.9904,0.9934,1.0120,0.9925,0.9947,0.9978,1.0619,1.0722,1.0049,1.0015,0.9913,1.0084,0.9904,0.9934,1.0196,0.9926,1.0024,0.9978,4443.56,6456.25,4615.81,3275.46,2653.11,1677.81,221.88,3691.38,2862.64,621.26,0.9255,0.5217,0.9234,1.1231,0.7691,0.1773,1.0055,0.2624,0.1729,-1.2621,0.7031,0.7861,0.6936,0.7255,0.7164,0.7722,0.7216,0.7708,0.7359,0.6316,0.0168,0.0149,0.0194,0.0134,0.0166,0.0118,0.0036,0.0003,0.0092,0.0006,0.9304,0.9377,0.9681,0.9424,0.9323,0.9523,0.9966,1.0000,0.9593,1.0000,69.30,241.57,95.74,70.44,83.00,15.37,8.13,337.57,101.76,91.06,0.0000,0.0000,0.0000,0.0000,0.0000,0.0000,0.0000,0.0000,0.0000,0.0000,104304,74663,53998,54750,86225,66964,95775,572442,131417,91336,0,0,0,0,0,0,0,0,0,0,0.0000,0.0000,0.0000,0.0000,0.0000,0.0000,0.0000,0.0000,0.0000,0.0000,0,0,0,0,0,0,0,0,0,0,0,0,0,0,0,0,0,0,0,0,0.1558,0.1004,0.1553,0.0772,0.1155,0.0427,0.0892,0.1468,0.0396,0.1352,0.000,0.000,0.000,0.000,0.000,0.000,0.000,0.000,0.000,0.000,semi-presidential,parliamentary,parliamentary,parliamentary,parliamentary,semi-presidential,semi-presidential,electoral-authoritarian,electoral-authoritarian,junta,0.800,0.800,0.800,0.800,0.800,0.800,0.800,0.500,0.500,0.400,100.0,100.0,100.0,100.0,100.0,100.0,100.0,93.6,100.0,100.0
