date,price_oil,price_gas,price_coal,price_electricity,price_food,price_critical-minerals,price_steel,price_consumer-goods,price_electronics,price_arms,price_pharma,price_services,import_price_oil,import_price_gas,import_price_coal,import_price_electricity,import_price_food,import_price_critical-minerals,import_price_steel,import_price_consumer-goods,import_price_electronics,import_price_arms,import_price_pharma,import_price_services,gdp_FRA,gdp_DEU,gdp_GBR,gdp_ITA,gdp_ESP,gdp_POL,gdp_UKR,gdp_RUS,gdp_TUR,gdp_NOR,debt_FRA,debt_DEU,debt_GBR,debt_ITA,debt_ESP,debt_POL,debt_UKR,debt_RUS,debt_TUR,debt_NOR,stability_FRA,stability_DEU,stability_GBR,stability_ITA,stability_ESP,stability_POL,stability_UKR,stability_RUS,stability_TUR,stability_NOR,shortage_FRA,shortage_DEU,shortage_GBR,shortage_ITA,shortage_ESP,shortage_POL,shortage_UKR,shortage_RUS,shortage_TUR,shortage_NOR,gas_coverage_FRA,gas_coverage_DEU,gas_coverage_GBR,gas_coverage_ITA,gas_coverage_ESP,gas_coverage_POL,gas_coverage_UKR,gas_coverage_RUS,gas_coverage_TUR,gas_coverage_NOR,maritime_trade_FRA,maritime_trade_DEU,maritime_trade_GBR,maritime_trade_ITA,maritime_trade_ESP,maritime_trade_POL,maritime_trade_UKR,maritime_trade_RUS,maritime_trade_TUR,maritime_trade_NOR,blockade_FRA,blockade_DEU,blockade_GBR,blockade_ITA,blockade_ESP,blockade_POL,blockade_UKR,blockade_RUS,blockade_TUR,blockade_NOR,tiles_FRA,tiles_DEU,tiles_GBR,tiles_ITA,tiles_ESP,tiles_POL,tiles_UKR,tiles_RUS,tiles_TUR,tiles_NOR,contested_FRA,contested_DEU,contested_GBR,contested_ITA,contested_ESP,contested_POL,contested_UKR,contested_RUS,contested_TUR,contested_NOR,exhaustion_FRA,exhaustion_DEU,exhaustion_GBR,exhaustion_ITA,exhaustion_ESP,exhaustion_POL,exhaustion_UKR,exhaustion_RUS,exhaustion_TUR,exhaustion_NOR,sanctions_against_FRA,sanctions_against_DEU,sanctions_against_GBR,sanctions_against_ITA,sanctions_against_ESP,sanctions_against_POL,sanctions_against_UKR,sanctions_against_RUS,sanctions_against_TUR,sanctions_against_NOR,at_war_FRA,at_war_DEU,at_war_GBR,at_war_ITA,at_war_ESP,at_war_POL,at_war_UKR,at_war_RUS,at_war_TUR,at_war_NOR,export_share_FRA,export_share_DEU,export_share_GBR,export_share_ITA,export_share_ESP,export_share_POL,export_share_UKR,export_share_RUS,export_share_TUR,export_share_NOR,circumvention_FRA,circumvention_DEU,circumvention_GBR,circumvention_ITA,circumvention_ESP,circumvention_POL,circumvention_UKR,circumvention_RUS,circumvention_TUR,circumvention_NOR,regime_FRA,regime_DEU,regime_GBR,regime_ITA,regime_ESP,regime_POL,regime_UKR,regime_RUS,regime_TUR,regime_NOR,legitimacy_FRA,legitimacy_DEU,legitimacy_GBR,legitimacy_ITA,legitimacy_ESP,legitimacy_POL,legitimacy_UKR,legitimacy_RUS,legitimacy_TUR,legitimacy_NOR,capital_FRA,capital_DEU,capital_GBR,capital_ITA,capital_ESP,capital_POL,capital_UKR,capital_RUS,capital_TUR,capital_NOR
2026-01-01,1.0000,1.0000,1.0000,1.0000,1.0000,1.0000,1.0000,1.0000,1.0000,1.0000,1.0000,1.0000,1.0000,1.0000,1.0000,1.0000,1.0000,1.0000,1.0000,1.0000,1.0000,1.0000,1.0000,1.0000,3366.32,5050.92,4002.59,2551.56,1906.45,1035.49,214.23,2561.31,1597.29,530.76,1.1600,0.6290,1.0230,1.3710,1.0040,0.5880,1.0870,0.1720,0.2350,0.4500,0.6600,0.7169,0.6747,0.6374,0.6767,0.7200,0.6678,0.6750,0.6750,0.7200,0.0000,0.0000,0.0000,0.0000,0.0000,0.0000,0.0000,0.0000,0.0000,0.0000,1.0000,1.0000,1.0000,1.0000,1.0000,1.0000,1.0000,1.0000,1.0000,1.0000,0.00,0.00,0.00,0.00,0.00,0.00,0.00,0.00,0.00,0.00,0.0000,0.0000,0.0000,0.0000,0.0000,0.0000,0.0000,0.0000,0.0000,0.0000,104304,74663,53998,54750,86225,66964,95775,572442,131417,91336,0,0,0,0,0,0,0,0,0,0,0.0000,0.0000,0.0000,0.0000,0.0000,0.0000,0.0000,0.0000,0.0000,0.0000,0,0,0,0,0,0,0,0,0,0,0,0,0,0,0,0,1,1,0,0,0.1189,0.0742,0.1337,0.0486,0.0868,0.0115,0.0806,0.1082,0.0016,0.1382,0.000,0.000,0.000,0.000,0.000,0.000,0.000,0.000,0.000,0.000,semi-presidential,parliamentary,parliamentary,parliamentary,parliamentary,semi-presidential,semi-presidential,electoral-authoritarian,electoral-authoritarian,parliamentary,0.800,0.800,0.800,0.800,0.800,0.800,0.800,0.500,0.500,0.800,30.0,30.0,30.0,30.0,30.0,30.0,30.0,30.0,30.0,30.0
2026-02-01,1.0000,1.0000,1.0000,1.0000,1.0000,1.0000,1.0000,1.0000,1.0000,1.0000,1.0000,1.0000,1.0737,1.0272,1.0377,1.0397,1.0268,1.0569,1.0247,1.0247,1.0417,1.0274,1.0247,1.0000,3354.82,5059.57,4006.45,2554.03,1909.15,1039.85,212.64,2564.74,1606.30,530.61,1.1675,0.6290,1.0253,1.3719,1.0050,0.5873,1.0973,0.1743,0.2340,0.4355,0.6600,0.7169,0.6747,0.6374,0.6767,0.7200,0.6678,0.6750,0.6750,0.7200,0.0139,0.0114,0.0296,0.0205,0.0185,0.0000,0.0278,0.0025,0.0136,0.0141,0.9793,0.9788,0.9899,0.9779,0.9796,1.0000,0.9876,1.0000,0.9729,1.0000,51.01,181.68,76.61,51.95,59.59,9.30,4.26,233.40,55.90,79.13,0.0000,0.0000,0.0000,0.0000,0.0000,0.0000,0.4600,0.0438,0.0000,0.0000,104304,74663,53998,54750,86225,66964,95775,572442,131417,91336,0,0,0,0,0,0,0,0,0,0,0.0000,0.0000,0.0000,0.0000,0.0000,0.0000,0.0100,0.0100,0.0000,0.0000,0,0,0,0,0,0,0,1,0,0,0,0,0,0,0,0,1,1,0,0,0.1192,0.0732,0.1336,0.0478,0.0864,0.0114,0.0721,0.1040,0.0015,0.1358,0.000,0.000,0.000,0.000,0.000,0.000,0.000,0.000,0.000,0.000,semi-presidential,parliamentary,parliamentary,parliamentary,parliamentary,semi-presidential,semi-presidential,electoral-authoritarian,electoral-authoritarian,parliamentary,0.800,0.800,0.800,0.800,0.800,0.800,0.800,0.500,0.500,0.800,33.3,32.9,32.5,33.6,33.3,33.1,30.0,33.3,33.8,32.9
2026-03-01,1.0007,0.9993,1.0007,1.0022,1.0001,1.0041,1.0016,1.0018,1.0004,1.0047,1.0005,0.9958,1.0932,1.0280,1.0554,1.0643,1.0267,1.1173,1.0600,1.0595,1.0263,1.0854,1.0318,0.9958,3336.59,5040.15,3988.23,2552.76,1902.71,1042.54,211.64,2560.45,1608.38,531.51,1.1777,0.6331,1.0340,1.3771,1.0105,0.5836,1.1039,0.1770,0.2338,0.4201,0.6359,0.7190,0.6562,0.6143,0.6664,0.7321,0.5876,0.6651,0.7000,0.7002,0.0188,0.0157,0.0343,0.0313,0.0217,0.0008,0.0851,0.0029,0.0145,0.0174,0.9794,0.9787,0.9899,0.9781,0.9799,1.0000,0.9681,1.0000,0.9731,1.0000,50.80,179.61,74.56,53.26,58.78,9.36,5.67,234.91,55.61,78.18,0.0000,0.0000,0.0000,0.0000,0.0000,0.0000,0.4605,0.0439,0.0000,0.0000,104304,74663,53998,54750,86225,66964,95775,572442,131417,91336,0,0,0,0,0,0,0,0,0,0,0.0000,0.0000,0.0000,0.0000,0.0000,0.0000,0.0200,0.0200,0.0000,0.0000,0,0,0,0,0,0,0,1,0,0,0,0,0,0,0,0,1,1,0,0,0.0852,0.0573,0.0934,0.0322,0.0601,0.0115,0.0659,0.1027,0.0015,0.1353,0.000,0.000,0.000,0.000,0.000,0.000,0.026,0.147,0.000,0.000,semi-presidential,parliamentary,parliamentary,parliamentary,parliamentary,semi-presidential,semi-presidential,electoral-authoritarian,electoral-authoritarian,parliamentary,0.800,0.800,0.800,0.800,0.800,0.800,0.800,0.500,0.500,0.800,36.5,35.7,35.0,37.1,36.6,36.4,32.6,36.5,37.7,35.6
2026-04-01,1.0012,0.9962,1.0046,1.0004,1.0037,1.0075,1.0052,1.0041,0.9989,1.0080,1.0039,0.9921,1.0804,1.0222,1.1572,1.0051,1.0491,1.0866,1.0468,1.0103,1.0125,1.0470,1.0530,0.9921,3327.85,5041.32,3967.86,2546.79,1885.82,1045.21,210.47,2561.31,1612.90,530.84,1.1872,0.6345,1.0424,1.3846,1.0238,0.5800,1.1116,0.1805,0.2332,0.4060,0.6192,0.6776,0.6217,0.5980,0.6219,0.7228,0.5339,0.6362,0.6612,0.7068,0.0218,0.0138,0.0246,0.0272,0.0294,0.0003,0.0640,0.0018,0.0155,0.0216,0.9814,0.9807,0.9909,0.9803,0.9820,1.0000,0.9687,1.0000,0.9758,1.0000,49.84,183.15,77.23,52.77,59.67,9.54,5.83,230.36,55.07,79.29,0.0000,0.0000,0.0000,0.0000,0.0000,0.0000,0.4590,0.0410,0.0000,0.0000,104304,74663,53998,54750,86225,66964,95775,572442,131417,91336,0,0,0,0,0,0,0,0,0,0,0.0000,0.0000,0.0000,0.0000,0.0000,0.0000,0.0300,0.0300,0.0000,0.0000,0,0,0,0,0,0,0,1,0,0,0,0,0,0,0,0,1,1,0,0,0.0890,0.0595,0.0992,0.0342,0.0631,0.0118,0.0656,0.1005,0.0015,0.1321,0.000,0.000,0.000,0.000,0.000,0.000,0.020,0.147,0.000,0.000,semi-presidential,parliamentary,parliamentary,parliamentary,parliamentary,semi-presidential,semi-presidential,electoral-authoritarian,electoral-authoritarian,parliamentary,0.800,0.800,0.800,0.800,0.800,0.800,0.800,0.500,0.500,0.800,39.5,38.4,37.4,40.4,39.5,39.5,34.9,39.6,41.4,38.4
2026-05-01,1.0012,0.9953,1.0050,1.0019,1.0048,1.0102,1.0056,1.0031,0.9968,1.0070,1.0077,0.9922,1.0804,1.0221,1.0422,1.0491,1.0370,1.0785,1.0427,1.0097,1.0098,1.0099,1.1342,0.9923,3320.86,5035.58,3966.71,2545.53,1888.80,1049.15,209.38,2562.05,1616.56,531.14,1.1911,0.6369,1.0456,1.3893,1.0245,0.5758,1.1190,0.1830,0.2327,0.3912,0.6066,0.6868,0.5771,0.5651,0.5556,0.7136,0.4996,0.5981,0.6444,0.6711,0.0159,0.0118,0.0312,0.0236,0.0202,0.0002,0.0642,0.0019,0.0117,0.0182,0.9808,0.9801,0.9906,0.9796,0.9813,1.0000,0.9680,1.0000,0.9750,1.0000,49.71,180.56,75.77,51.58,58.06,9.55,5.62,230.42,55.31,78.52,0.0000,0.0000,0.0000,0.0000,0.0000,0.0000,0.4590,0.0413,0.0000,0.0000,104304,74663,53998,54750,86225,66964,95775,572442,131417,91336,0,0,0,0,0,0,0,0,0,0,0.0000,0.0000,0.0000,0.0000,0.0000,0.0000,0.0400,0.0400,0.0000,0.0000,0,0,0,0,0,0,0,1,0,0,0,0,0,0,0,0,1,1,0,0,0.1131,0.0682,0.1275,0.0427,0.0812,0.0116,0.0676,0.1009,0.0015,0.1347,0.000,0.000,0.000,0.000,0.000,0.000,0.021,0.148,0.000,0.000,semi-presidential,parliamentary,parliamentary,parliamentary,parliamentary,semi-presidential,semi-presidential,electoral-authoritarian,electoral-authoritarian,parliamentary,0.800,0.800,0.800,0.800,0.800,0.800,0.800,0.500,0.500,0.800,37.5,41.1,39.5,43.6,42.1,42.7,37.0,42.4,44.9,41.0
2026-06-01,0.9983,0.9968,1.0051,1.0004,1.0033,1.0104,1.0078,1.0038,0.9980,1.0039,1.0101,0.9906,1.0775,1.0345,1.0430,1.0059,1.0287,1.0673,1.0314,1.0055,1.0120,1.0045,1.0445,0.9906,3320.23,5043.44,3959.92,2543.82,1891.15,1050.86,208.07,2551.43,1620.49,531.77,1.1944,0.6375,1.0500,1.3939,1.0254,0.5729,1.1277,0.1861,0.2322,0.3761,0.5980,0.6737,0.5905,0.5715,0.5840,0.7242,0.4816,0.6212,0.6343,0.6734,0.0137,0.0112,0.0150,0.0168,0.0172,0.0010,0.0588,0.0014,0.0118,0.0117,0.9717,0.9703,0.9860,0.9715,0.9739,0.9925,0.9673,1.0000,0.9669,1.0000,48.75,182.11,76.82,52.14,58.45,9.68,5.65,226.32,55.39,79.25,0.0000,0.0000,0.0000,0.0000,0.0000,0.0000,0.4580,0.0435,0.0000,0.0000,104304,74663,53998,54750,86225,66964,95775,572442,131417,91336,0,0,0,0,0,0,0,0,0,0,0.0000,0.0000,0.0000,0.0000,0.0000,0.0000,0.0500,0.0500,0.0000,0.0000,0,0,0,0,0,0,0,1,0,0,0,0,0,0,0,0,1,1,0,0,0.1011,0.0638,0.1139,0.0387,0.0720,0.0117,0.0628,0.0983,0.0014,0.1318,0.000,0.000,0.000,0.000,0.000,0.000,0.018,0.148,0.000,0.000,semi-presidential,parliamentary,parliamentary,parliamentary,parliamentary,semi-presidential,semi-presidential,electoral-authoritarian,electoral-authoritarian,parliamentary,0.800,0.800,0.800,0.800,0.800,0.800,0.800,0.500,0.500,0.800,40.5,43.7,41.6,46.8,44.8,45.8,38.9,45.3,48.4,43.7
2026-07-01,0.9976,0.9952,1.0087,0.9969,1.0008,1.0103,1.0066,1.0013,0.9997,1.0016,1.0122,0.9923,1.0787,1.0230,1.1571,0.9969,1.0259,1.0670,1.0084,1.0030,1.0319,1.0027,1.0665,0.9942,3336.17,5043.43,3970.29,2544.40,1889.33,1053.51,207.58,2555.48,1628.94,532.74,1.1914,0.6391,1.0495,1.3970,1.0286,0.5694,1.1320,0.1882,0.2316,0.3609,0.6069,0.7020,0.5939,0.5807,0.6048,0.7172,0.4741,0.5980,0.6399,0.6873,0.0201,0.0136,0.0193,0.0236,0.0243,0.0000,0.0607,0.0022,0.0156,0.0143,0.9800,0.9793,0.9902,0.9787,0.9806,1.0000,0.9683,1.0000,0.9739,1.0000,49.05,181.67,75.61,51.83,58.77,9.52,5.68,227.29,55.31,79.13,0.0000,0.0000,0.0000,0.0000,0.0000,0.0000,0.4580,0.0436,0.0000,0.0000,104304,74663,53998,54750,86225,66964,95775,572442,131417,91336,0,0,0,0,0,0,0,0,0,0,0.0000,0.0000,0.0000,0.0000,0.0000,0.0000,0.0600,0.0600,0.0000,0.0000,0,0,0,0,0,0,0,1,0,0,0,0,0,0,0,0,1,1,0,0,0.1117,0.0688,0.1273,0.0436,0.0811,0.0114,0.0629,0.0986,0.0014,0.1315,0.000,0.000,0.000,0.000,0.000,0.000,0.021,0.149,0.000,0.000,semi-presidential,parliamentary,parliamentary,parliamentary,parliamentary,semi-presidential,semi-presidential,electoral-authoritarian,electoral-authoritarian,parliamentary,0.800,0.800,0.800,0.800,0.800,0.830,0.800,0.500,0.500,0.800,43.5,46.5,43.8,50.0,47.7,39.0,40.9,48.1,51.9,46.3
2026-08-01,0.9980,0.9935,1.0103,0.9976,0.9992,1.0090,1.0064,1.0007,1.0024,1.0003,1.0117,0.9927,1.0803,1.0212,1.0930,1.0389,1.0243,1.0653,1.0256,1.0131,1.0829,1.0012,1.0222,0.9931,3340.37,5066.93,3970.67,2542.96,1890.27,1057.73,206.41,2553.08,1631.43,532.98,1.1927,0.6378,1.0514,1.4009,1.0303,0.5717,1.1400,0.1907,0.2318,0.3461,0.6343,0.6863,0.6313,0.5845,0.5938,0.7204,0.4899,0.6198,0.6764,0.7014,0.0155,0.0127,0.0306,0.0233,0.0212,0.0000,0.0634,0.0039,0.0164,0.0139,0.9801,0.9793,0.9902,0.9788,0.9806,1.0000,0.9682,1.0000,0.9740,1.0000,49.86,181.34,75.94,50.79,58.13,9.57,5.57,229.64,55.93,78.70,0.0000,0.0000,0.0000,0.0000,0.0000,0.0000,0.4574,0.0434,0.0000,0.0000,104304,74663,53998,54750,86225,66964,95775,572442,131417,91336,0,0,0,0,0,0,0,0,0,0,0.0000,0.0000,0.0000,0.0000,0.0000,0.0000,0.0700,0.0700,0.0000,0.0000,0,0,0,0,0,0,0,1,0,0,0,0,0,0,0,0,1,1,0,0,0.1175,0.0722,0.1279,0.0431,0.0815,0.0115,0.0645,0.1000,0.0014,0.1329,0.000,0.000,0.000,0.000,0.000,0.000,0.022,0.149,0.000,0.000,semi-presidential,parliamentary,parliamentary,parliamentary,parliamentary,semi-presidential,semi-presidential,electoral-authoritarian,electoral-authoritarian,parliamentary,0.800,0.800,0.800,0.800,0.800,0.820,0.800,0.500,0.500,0.800,46.6,49.2,46.2,53.3,50.5,32.1,42.9,51.1,55.7,49.1
2026-09-01,1.0002,0.9929,1.0111,0.9985,1.0020,1.0071,1.0062,1.0012,1.0036,1.0005,1.0111,0.9936,1.0899,1.0208,1.0683,1.0439,1.0431,1.0627,1.0077,1.0157,1.0325,1.0063,1.0127,0.9943,3349.07,5069.10,3970.58,2542.93,1895.50,1057.30,205.62,2559.95,1635.20,531.75,1.1922,0.6391,1.0531,1.4038,1.0297,0.5720,1.1461,0.1926,0.2319,0.3323,0.6388,0.7229,0.6276,0.5761,0.6027,0.7678,0.4693,0.6174,0.6465,0.6871,0.0132,0.0127,0.0288,0.0263,0.0213,0.0000,0.0760,0.0018,0.0127,0.0159,0.9799,0.9792,0.9902,0.9786,0.9804,1.0000,0.9680,1.0000,0.9738,1.0000,50.67,182.48,75.95,51.76,59.01,9.60,5.59,234.30,56.56,78.71,0.0000,0.0000,0.0000,0.0000,0.0000,0.0000,0.4561,0.0434,0.0000,0.0000,104304,74663,53998,54750,86225,66964,95775,572442,131417,91336,0,0,0,0,0,0,0,0,0,0,0.0000,0.0000,0.0000,0.0000,0.0000,0.0000,0.0800,0.0800,0.0000,0.0000,0,0,0,0,0,0,0,1,0,0,0,0,0,0,0,0,1,1,0,0,0.1222,0.0729,0.1329,0.0436,0.0820,0.0117,0.0682,0.1024,0.0016,0.1343,0.000,0.000,0.000,0.000,0.000,0.000,0.023,0.150,0.000,0.000,semi-presidential,parliamentary,parliamentary,parliamentary,parliamentary,semi-presidential,semi-presidential,electoral-authoritarian,electoral-authoritarian,parliamentary,0.800,0.800,0.800,0.800,0.800,0.810,0.800,0.500,0.500,0.800,49.8,52.1,48.5,56.5,53.4,35.5,44.8,54.0,59.2,51.8
2026-10-01,1.0028,0.9937,1.0134,1.0005,1.0682,1.0071,1.0042,1.0014,1.0032,1.0004,1.0105,0.9947,1.0983,1.0216,1.1201,1.0639,1.2359,1.0624,1.0057,1.0179,1.0166,1.0043,1.0120,0.9958,3352.52,5056.63,3979.43,2546.70,1897.14,1060.71,205.20,2553.51,1642.47,531.15,1.1931,0.6423,1.0523,1.4053,1.0309,0.5682,1.1501,0.1954,0.2315,0.3181,0.6505,0.7126,0.6262,0.5848,0.6343,0.7437,0.4657,0.6501,0.6548,0.6566,0.0168,0.0163,0.0420,0.0557,0.0495,0.0002,0.0820,0.0012,0.0159,0.0615,0.9800,0.9793,0.9902,0.9786,0.9803,1.0000,0.9677,1.0000,0.9737,1.0000,50.62,179.51,73.49,52.27,58.19,9.28,5.29,233.90,56.34,78.07,0.0000,0.0000,0.0000,0.0000,0.0000,0.0000,0.4552,0.0431,0.0000,0.0000,104304,74663,53998,54750,86225,66964,95775,572442,131417,91336,0,0,0,0,0,0,0,0,0,0,0.0000,0.0000,0.0000,0.0000,0.0000,0.0000,0.0900,0.0900,0.0000,0.0000,0,0,0,0,0,0,0,1,0,0,0,0,0,0,0,0,1,1,0,0,0.1236,0.0733,0.1336,0.0443,0.0832,0.0122,0.0744,0.1047,0.0018,0.1355,0.000,0.000,0.000,0.000,0.000,0.000,0.023,0.149,0.000,0.000,semi-presidential,parliamentary,parliamentary,parliamentary,parliamentary,semi-presidential,semi-presidential,electoral-authoritarian,electoral-authoritarian,parliamentary,0.800,0.800,0.800,0.800,0.840,0.800,0.800,0.500,0.500,0.800,53.1,54.9,50.9,59.8,46.5,38.8,46.7,57.1,62.8,54.3
2026-11-01,1.0053,0.9952,1.0148,1.0027,1.1192,1.0066,1.0053,1.0032,1.0046,1.0014,1.0091,0.9961,1.0980,1.0330,1.0921,1.0636,1.2629,1.0618,1.0281,1.0369,1.0311,1.0245,1.0106,0.9969,3355.88,5072.35,3974.09,2546.59,1896.58,1065.47,204.76,2558.72,1645.25,530.05,1.1938,0.6419,1.0551,1.4076,1.0334,0.5638,1.1543,0.1973,0.2317,0.3041,0.6454,0.6822,0.6288,0.5739,0.6051,0.7350,0.4763,0.6272,0.6566,0.6165,0.0172,0.0162,0.0396,0.0498,0.0438,0.0011,0.0844,0.0021,0.0151,0.0548,0.9718,0.9703,0.9859,0.9716,0.9739,0.9923,0.9675,1.0000,0.9671,1.0000,50.96,180.56,74.45,52.39,58.61,9.55,5.34,234.95,56.90,78.40,0.0000,0.0000,0.0000,0.0000,0.0000,0.0000,0.4553,0.0432,0.0000,0.0000,104304,74663,53998,54750,86225,66964,95775,572442,131417,91336,0,0,0,0,0,0,0,0,0,0,0.0000,0.0000,0.0000,0.0000,0.0000,0.0000,0.1000,0.1000,0.0000,0.0000,0,0,0,0,0,0,0,1,0,0,0,0,0,0,0,0,1,1,0,0,0.1250,0.0742,0.1352,0.0491,0.0884,0.0128,0.0788,0.1051,0.0020,0.1360,0.000,0.000,0.000,0.000,0.000,0.000,0.024,0.149,0.000,0.000,semi-presidential,parliamentary,parliamentary,parliamentary,parliamentary,semi-presidential,semi-presidential,electoral-authoritarian,electoral-authoritarian,parliamentary,0.800,0.800,0.800,0.800,0.830,0.800,0.800,0.500,0.500,0.800,56.4,57.6,53.3,63.1,49.4,42.1,48.7,60.1,66.5,56.7
2026-12-01,1.0074,0.9936,1.0126,1.0053,1.1476,1.0068,1.0063,1.0034,1.0056,1.0028,1.0054,0.9977,1.0946,1.0204,1.0493,1.0624,1.2566,1.0618,1.0283,1.0074,1.0252,1.0324,1.0069,0.9985,3366.36,5087.49,3978.35,2552.23,1896.48,1070.26,204.38,2560.36,1651.19,529.70,1.1917,0.6416,1.0555,1.4065,1.0357,0.5594,1.1581,0.1996,0.2315,0.2897,0.6416,0.7068,0.6131,0.5666,0.6006,0.7371,0.4810,0.6615,0.6373,0.6010,0.0115,0.0131,0.0310,0.0401,0.0316,0.0001,0.0733,0.0015,0.0105,0.0397,0.9807,0.9800,0.9906,0.9795,0.9813,1.0000,0.9682,1.0000,0.9749,1.0000,51.13,181.81,74.80,52.46,58.72,9.70,5.35,235.26,56.95,78.46,0.0000,0.0000,0.0000,0.0000,0.0000,0.0000,0.4611,0.0421,0.0000,0.0000,104304,74663,53998,54750,86225,66964,95775,572442,131417,91336,0,0,0,0,0,0,0,0,0,0,0.0000,0.0000,0.0000,0.0000,0.0000,0.0000,0.1100,0.1100,0.0000,0.0000,0,0,0,0,0,0,0,1,0,0,0,0,0,0,0,0,1,1,0,0,0.1262,0.0754,0.1361,0.0501,0.0896,0.0130,0.0814,0.1042,0.0031,0.1359,0.000,0.000,0.000,0.000,0.000,0.000,0.025,0.149,0.000,0.000,semi-presidential,parliamentary,parliamentary,parliamentary,parliamentary,semi-presidential,semi-presidential,electoral-authoritarian,electoral-authoritarian,parliamentary,0.800,0.800,0.800,0.800,0.820,0.800,0.800,0.500,0.500,0.800,59.6,60.4,55.6,66.3,52.3,45.3,50.7,63.3,70.0,59.0
2027-01-01,1.0095,0.9906,1.0112,1.0056,1.1649,1.0065,1.0083,1.0022,1.0017,1.0048,1.0010,0.9996,1.0967,1.0166,1.0476,1.0400,1.2466,1.0609,1.0361,1.0037,1.0152,1.0388,1.0026,1.0003,3375.04,5092.39,3986.82,2556.89,1897.45,1074.25,204.60,2561.52,1661.76,528.40,1.1899,0.6426,1.0547,1.4086,1.0373,0.5554,1.1585,0.2018,0.2306,0.2759,0.6511,0.7255,0.6228,0.5892,0.6060,0.7398,0.4912,0.6621,0.6485,0.6184,0.0114,0.0104,0.0288,0.0267,0.0260,0.0000,0.0750,0.0013,0.0102,0.0299,0.9813,0.9805,0.9908,0.9802,0.9819,1.0000,0.9687,1.0000,0.9756,1.0000,51.11,184.57,77.20,51.48,59.63,9.64,5.48,235.84,57.06,78.78,0.0000,0.0000,0.0000,0.0000,0.0000,0.0000,0.4596,0.0417,0.0000,0.0000,104304,74663,53998,54750,86225,66964,95775,572442,131417,91336,0,0,0,0,0,0,0,0,0,0,0.0000,0.0000,0.0000,0.0000,0.0000,0.0000,0.1200,0.1200,0.0000,0.0000,0,0,0,0,0,0,0,1,0,0,0,0,0,0,0,0,1,1,0,0,0.1277,0.0776,0.1374,0.0515,0.0906,0.0129,0.0834,0.1044,0.0078,0.1343,0.000,0.000,0.000,0.000,0.000,0.000,0.027,0.150,0.000,0.000,semi-presidential,parliamentary,parliamentary,parliamentary,parliamentary,semi-presidential,semi-presidential,electoral-authoritarian,electoral-authoritarian,parliamentary,0.800,0.800,0.800,0.800,0.810,0.800,0.800,0.500,0.500,0.800,62.9,63.3,57.9,69.7,55.2,48.6,52.8,66.5,73.5,61.4
2027-02-01,1.0116,1.0226,1.0269,1.0085,1.1717,1.0045,1.0065,1.0026,0.9983,1.0020,0.9978,1.0013,1.0972,1.5398,1.4065,1.2228,1.2222,1.0584,1.0788,1.1241,1.0324,1.0164,1.0281,1.0020,3386.26,5079.47,3984.91,2558.27,1897.42,1078.14,204.03,2567.84,1667.40,528.85,1.1869,0.6456,1.0564,1.4094,1.0392,0.5516,1.1631,0.2036,0.2305,0.2609,0.6488,0.7082,0.6391,0.5969,0.6048,0.7458,0.5241,0.6428,0.6838,0.6125,0.0969,0.0873,0.0941,0.1313,0.1087,0.0491,0.0792,0.0032,0.1036,0.0346,0.5891,0.6094,0.7942,0.6114,0.5900,0.6754,0.9407,1.0000,0.5993,1.0000,48.07,157.62,61.82,51.53,53.21,8.07,4.99,218.51,51.44,67.11,0.0000,0.0000,0.0000,0.0000,0.0000,0.0000,0.4591,0.0412,0.0000,0.0000,104304,74663,53998,54750,86225,66964,95775,572442,131417,91336,0,0,0,0,0,0,0,0,0,0,0.0000,0.0000,0.0000,0.0000,0.0000,0.0000,0.1300,0.1300,0.0000,0.0000,0,0,0,0,0,0,0,1,0,0,0,0,0,0,0,0,1,1,0,0,0.1288,0.0734,0.1392,0.0526,0.0917,0.0126,0.0850,0.1076,0.0089,0.1383,0.000,0.000,0.000,0.000,0.000,0.000,0.029,0.147,0.000,0.000,semi-presidential,parliamentary,parliamentary,parliamentary,parliamentary,semi-presidential,semi-presidential,electoral-authoritarian,electoral-authoritarian,parliamentary,0.800,0.800,0.800,0.800,0.800,0.800,0.800,0.500,0.500,0.800,66.1,66.2,60.3,73.1,58.1,51.9,55.1,69.6,77.4,63.7
2027-03-01,1.0129,1.0432,1.0333,1.0151,1.1699,1.0052,1.0053,1.0053,0.9994,1.0003,0.9985,1.0007,1.0965,1.4681,1.2684,1.1787,1.1932,1.0599,1.0064,1.0367,1.0113,1.0005,0.9996,1.0007,3399.35,5076.44,3981.97,2557.04,1902.13,1079.40,203.67,2572.69,1674.51,530.22,1.1831,0.6472,1.0581,1.4116,1.0384,0.5492,1.1664,0.2054,0.2351,0.2453,0.6241,0.6353,0.6022,0.5466,0.5543,0.7243,0.5047,0.6576,0.6434,0.6301,0.0694,0.0680,0.0666,0.0982,0.0749,0.0380,0.0609,0.0011,0.0762,0.0134,0.6671,0.6843,0.8343,0.6865,0.6680,0.7437,0.9481,1.0000,0.6789,1.0000,49.32,166.63,66.79,52.75,55.21,9.04,5.13,224.43,53.79,70.96,0.0000,0.0000,0.0000,0.0000,0.0000,0.0000,0.4607,0.0426,0.0000,0.0000,104304,74663,53998,54750,86225,66964,95775,572442,131417,91336,0,0,0,0,0,0,0,0,0,0,0.0000,0.0000,0.0000,0.0000,0.0000,0.0000,0.1400,0.1400,0.0000,0.0000,0,0,0,0,0,0,0,1,0,0,0,0,0,0,0,0,1,1,0,0,0.1237,0.0728,0.1376,0.0502,0.0875,0.0129,0.0803,0.1072,0.0081,0.1399,0.000,0.000,0.000,0.000,0.000,0.000,0.028,0.145,0.000,0.000,semi-presidential,parliamentary,parliamentary,parliamentary,parliamentary,semi-presidential,semi-presidential,electoral-authoritarian,electoral-authoritarian,parliamentary,0.800,0.800,0.800,0.800,0.800,0.800,0.800,0.500,0.500,0.800,69.3,68.7,62.6,76.3,60.7,55.1,57.3,72.8,81.0,66.1
2027-04-01,1.0174,1.0615,1.0399,1.0174,1.1635,1.0056,1.0032,1.0075,0.9971,1.0004,0.9988,1.0006,1.1755,1.4208,1.2612,1.1277,1.1866,1.0602,1.0045,1.0122,1.0095,1.0007,1.0001,1.0006,3405.49,5077.83,3981.95,2555.19,1903.78,1081.21,203.52,2577.76,1678.46,531.65,1.1814,0.6481,1.0589,1.4139,1.0390,0.5465,1.1683,0.2071,0.2351,0.2296,0.6302,0.6206,0.5869,0.5278,0.5772,0.6927,0.5173,0.6559,0.6246,0.6839,0.0640,0.0590,0.0616,0.0792,0.0681,0.0326,0.0828,0.0010,0.0674,0.0115,0.7229,0.7379,0.8628,0.7403,0.7238,0.7924,0.9538,1.0000,0.7358,1.0000,49.63,174.74,72.50,51.50,57.15,9.90,5.28,227.45,55.44,72.97,0.0000,0.0000,0.0000,0.0000,0.0000,0.0000,0.4600,0.0427,0.0000,0.0000,104304,74663,53998,54750,86225,66964,95775,572442,131417,91336,0,0,0,0,0,0,0,0,0,0,0.0000,0.0000,0.0000,0.0000,0.0000,0.0000,0.1500,0.1500,0.0000,0.0000,0,0,0,0,0,0,0,1,0,0,0,0,0,0,0,0,1,1,0,0,0.1323,0.0766,0.1426,0.0521,0.0909,0.0133,0.0754,0.1088,0.0081,0.1389,0.000,0.000,0.000,0.000,0.000,0.000,0.029,0.143,0.000,0.000,semi-presidential,parliamentary,parliamentary,parliamentary,parliamentary,semi-presidential,semi-presidential,electoral-authoritarian,electoral-authoritarian,parliamentary,0.800,0.800,0.800,0.800,0.800,0.800,0.800,0.500,0.500,0.800,72.6,71.0,64.8,79.2,63.5,58.2,59.5,76.0,84.5,68.7
2027-05-01,1.0210,1.0707,1.0399,1.0167,1.1523,1.0034,1.0003,1.0068,0.9978,1.0007,0.9981,1.0020,1.1532,1.2874,1.0777,1.0167,1.1754,1.0578,1.0019,1.0086,1.0114,1.0023,0.9997,1.0024,3412.88,5089.18,3995.17,2555.87,1907.72,1085.63,203.21,2579.49,1683.71,533.03,1.1788,0.6475,1.0579,1.4146,1.0382,0.5475,1.1709,0.2090,0.2350,0.2139,0.6204,0.6242,0.5849,0.5208,0.5709,0.6797,0.5084,0.6485,0.6160,0.7042,0.0346,0.0317,0.0209,0.0358,0.0381,0.0180,0.0838,0.0010,0.0297,0.0087,0.8313,0.8420,0.9168,0.8451,0.8323,0.8865,0.9592,1.0000,0.8475,1.0000,51.60,185.40,77.64,54.24,61.48,10.01,5.63,240.11,58.82,78.75,0.0000,0.0000,0.0000,0.0000,0.0000,0.0000,0.4600,0.0427,0.0000,0.0000,104304,74663,53998,54750,86225,66964,95775,572442,131417,91336,0,0,0,0,0,0,0,0,0,0,0.0000,0.0000,0.0000,0.0000,0.0000,0.0000,0.1600,0.1600,0.0000,0.0000,0,0,0,0,0,0,0,1,0,0,0,0,0,0,0,0,1,1,0,0,0.1330,0.0795,0.1437,0.0545,0.0920,0.0134,0.0698,0.1094,0.0087,0.1387,0.000,0.000,0.000,0.000,0.000,0.000,0.028,0.140,0.000,0.000,semi-presidential,parliamentary,parliamentary,parliamentary,parliamentary,semi-presidential,semi-presidential,electoral-authoritarian,electoral-authoritarian,parliamentary,0.800,0.840,0.800,0.800,0.800,0.800,0.800,0.500,0.500,0.800,30.0,58.4,67.0,82.2,66.2,61.1,61.7,79.1,87.9,71.5
2027-06-01,1.0220,1.0724,1.0366,1.0148,1.1386,0.9987,0.9964,1.0055,0.9962,0.9950,0.9926,1.0051,1.1062,1.1175,1.0742,1.0148,1.1619,1.0525,0.9979,1.0073,1.0096,0.9959,0.9942,1.0058,3424.69,5102.97,4010.24,2560.40,1912.87,1089.14,202.46,2579.69,1695.32,534.07,1.1747,0.6463,1.0513,1.4129,1.0364,0.5439,1.1759,0.2110,0.2340,0.1983,0.6253,0.6386,0.6366,0.5340,0.5905,0.7098,0.5027,0.6491,0.6400,0.7225,0.0127,0.0116,0.0100,0.0165,0.0163,0.0010,0.0597,0.0010,0.0118,0.0090,0.9672,0.9675,0.9838,0.9676,0.9681,0.9925,0.9723,1.0000,0.9641,1.0000,52.99,188.19,78.54,56.01,62.48,10.17,5.56,246.96,60.69,83.46,0.0000,0.0000,0.0000,0.0000,0.0000,0.0000,0.4601,0.0426,0.0000,0.0000,104304,74663,53998,54750,86225,66964,95775,572442,131417,91336,0,0,0,0,0,0,0,0,0,0,0.0000,0.0000,0.0000,0.0000,0.0000,0.0000,0.1700,0.1700,0.0000,0.0000,0,0,0,0,0,0,0,1,0,0,0,0,0,0,0,0,1,1,0,0,0.1346,0.0812,0.1461,0.0603,0.0943,0.0147,0.0690,0.1080,0.0104,0.1390,0.000,0.000,0.000,0.000,0.000,0.000,0.029,0.136,0.000,0.000,semi-presidential,parliamentary,parliamentary,parliamentary,parliamentary,semi-presidential,semi-presidential,electoral-authoritarian,electoral-authoritarian,parliamentary,0.800,0.830,0.800,0.800,0.800,0.800,0.800,0.540,0.500,0.800,32.8,60.9,69.4,85.1,69.0,64.2,63.8,72.3,91.5,74.4
2027-07-01,1.0242,1.0760,1.0325,1.0107,1.1234,0.9960,0.9962,1.0031,0.9976,0.9909,0.9880,1.0065,1.1169,1.1686,1.0699,1.0107,1.1467,1.0492,0.9977,1.0048,1.0279,0.9950,0.9896,1.0068,3446.88,5119.59,4017.87,2573.18,1918.22,1093.43,201.84,2583.74,1702.04,535.81,1.1671,0.6445,1.0494,1.4103,1.0342,0.5400,1.1800,0.2128,0.2337,0.1825,0.6414,0.6838,0.6689,0.5713,0.6286,0.7111,0.4932,0.6121,0.6813,0.7187,0.0183,0.0165,0.0132,0.0214,0.0225,0.0047,0.0829,0.0017,0.0161,0.0093,0.9277,0.9329,0.9635,0.9349,0.9283,0.9661,0.9631,1.0000,0.9380,1.0000,53.46,188.02,78.36,56.06,62.86,9.97,5.72,249.82,61.60,83.26,0.0000,0.0000,0.0000,0.0000,0.0000,0.0000,0.4600,0.0427,0.0000,0.0000,104304,74663,53998,54750,86225,66964,95775,572442,131417,91336,0,0,0,0,0,0,0,0,0,0,0.0000,0.0000,0.0000,0.0000,0.0000,0.0000,0.1800,0.1800,0.0000,0.0000,0,0,0,0,0,0,0,1,0,0,0,0,0,0,0,0,1,1,0,0,0.1350,0.0818,0.1476,0.0609,0.0953,0.0149,0.0661,0.1097,0.0112,0.1392,0.000,0.000,0.000,0.000,0.000,0.000,0.028,0.135,0.000,0.000,semi-presidential,parliamentary,parliamentary,parliamentary,parliamentary,semi-presidential,semi-presidential,electoral-authoritarian,electoral-authoritarian,parliamentary,0.800,0.820,0.800,0.800,0.800,0.800,0.800,0.530,0.500,0.800,35.8,63.5,71.9,83.3,72.1,67.3,65.9,75.1,95.3,77.3
2027-08-01,1.0248,1.0749,1.0259,1.0063,1.1075,0.9951,0.9981,1.0030,0.9961,0.9905,0.9840,1.0051,1.1078,1.1067,1.0630,1.0063,1.1305,1.0479,1.0432,1.0046,1.0094,0.9975,0.9855,1.0051,3465.44,5119.36,4028.74,2579.61,1920.97,1093.35,201.39,2584.29,1705.34,536.67,1.1607,0.6446,1.0464,1.4068,1.0328,0.5383,1.1830,0.2148,0.2339,0.1670,0.6519,0.7044,0.6763,0.6300,0.6361,0.7211,0.4817,0.6344,0.6870,0.7232,0.0124,0.0100,0.0107,0.0151,0.0156,0.0000,0.0605,0.0013,0.0107,0.0103,0.9783,0.9779,0.9895,0.9771,0.9785,1.0000,0.9736,1.0000,0.9722,1.0000,53.06,187.76,78.59,55.63,62.04,10.04,5.78,246.30,60.97,84.00,0.0000,0.0000,0.0000,0.0000,0.0000,0.0000,0.4602,0.0423,0.0000,0.0000,104304,74663,53998,54750,86225,66964,95775,572442,131417,91336,0,0,0,0,0,0,0,0,0,0,0.0000,0.0000,0.0000,0.0000,0.0000,0.0000,0.1900,0.1900,0.0000,0.0000,0,0,0,0,0,0,0,1,0,0,0,0,0,0,0,0,1,1,0,0,0.1249,0.0773,0.1363,0.0560,0.0917,0.0137,0.0629,0.1058,0.0097,0.1395,0.000,0.000,0.000,0.000,0.000,0.000,0.025,0.147,0.000,0.000,semi-presidential,parliamentary,parliamentary,parliamentary,parliamentary,semi-presidential,semi-presidential,electoral-authoritarian,electoral-authoritarian,parliamentary,0.800,0.810,0.800,0.800,0.800,0.800,0.800,0.520,0.500,0.800,38.7,66.3,74.5,86.9,30.0,70.5,68.0,78.1,99.1,80.2
2027-09-01,1.0264,1.0738,1.0220,1.0012,1.0915,0.9936,0.9976,1.0007,0.9958,0.9895,0.9805,1.0057,1.1115,1.1053,1.0587,1.0012,1.1145,1.0458,0.9992,1.0023,1.0089,0.9960,0.9819,1.0059,3469.94,5121.06,4047.34,2585.21,1926.64,1097.11,200.43,2587.98,1717.44,538.44,1.1611,0.6443,1.0414,1.4035,1.0297,0.5347,1.1888,0.2165,0.2328,0.1512,0.6624,0.6934,0.6838,0.6335,0.6372,0.6910,0.4857,0.6206,0.6695,0.7209,0.0110,0.0100,0.0092,0.0151,0.0147,0.0000,0.0634,0.0010,0.0105,0.0086,0.9785,0.9781,0.9896,0.9773,0.9787,1.0000,0.9736,1.0000,0.9725,1.0000,53.66,187.02,77.75,55.71,62.30,9.81,5.76,248.85,61.39,83.94,0.0000,0.0000,0.0000,0.0000,0.0000,0.0000,0.4595,0.0419,0.0000,0.0000,104304,74663,53998,54750,86225,66964,95775,572442,131417,91336,0,0,0,0,0,0,0,0,0,0,0.0000,0.0000,0.0000,0.0000,0.0000,0.0000,0.2000,0.2000,0.0000,0.0000,0,0,0,0,0,0,0,1,0,0,0,0,0,0,0,0,1,1,0,0,0.1347,0.0812,0.1467,0.0604,0.0988,0.0138,0.0631,0.1078,0.0106,0.1393,0.000,0.000,0.000,0.000,0.000,0.000,0.023,0.148,0.000,0.000,semi-presidential,parliamentary,parliamentary,parliamentary,parliamentary,semi-presidential,semi-presidential,electoral-authoritarian,electoral-authoritarian,parliamentary,0.840,0.800,0.800,0.800,0.800,0.800,0.800,0.510,0.500,0.800,31.8,59.0,77.2,90.5,32.8,73.4,70.0,81.0,100.0,83.0
2027-10-01,1.0260,1.0689,1.0167,0.9994,1.0756,0.9913,0.9963,1.0017,0.9946,0.9910,0.9783,1.0084,1.1071,1.0985,1.0534,0.9994,1.0985,1.0430,0.9978,1.0239,1.0075,1.0243,0.9797,1.0090,3472.18,5132.64,4061.15,2598.31,1933.66,1104.06,200.49,2597.84,1721.33,540.61,1.1603,0.6427,1.0376,1.3958,1.0259,0.5295,1.1884,0.2178,0.2329,0.1375,0.6379,0.6989,0.7097,0.6365,0.6508,0.6992,0.4674,0.6338,0.7165,0.7325,0.0117,0.0097,0.0102,0.0149,0.0151,0.0000,0.0594,0.0015,0.0103,0.0102,0.9799,0.9793,0.9902,0.9787,0.9803,1.0000,0.9742,1.0000,0.9740,1.0000,52.55,185.78,77.75,54.60,61.09,9.98,5.68,241.95,60.46,84.11,0.0000,0.0000,0.0000,0.0000,0.0000,0.0000,0.4595,0.0420,0.0000,0.0000,104304,74663,53998,54750,86225,66964,95775,572442,131417,91336,0,0,0,0,0,0,0,0,0,0,0.0000,0.0000,0.0000,0.0000,0.0000,0.0000,0.2100,0.2100,0.0000,0.0000,0,0,0,0,0,0,0,1,0,0,0,0,0,0,0,0,1,1,0,0,0.1372,0.0828,0.1490,0.0621,0.1008,0.0153,0.0625,0.1054,0.0122,0.1389,0.000,0.000,0.000,0.000,0.000,0.000,0.022,0.147,0.000,0.000,semi-presidential,parliamentary,parliamentary,parliamentary,parliamentary,semi-presidential,semi-presidential,electoral-authoritarian,electoral-authoritarian,parliamentary,0.830,0.800,0.800,0.800,0.800,0.800,0.800,0.500,0.500,0.800,34.6,61.8,79.9,30.0,35.7,76.5,71.9,84.0,100.0,86.0
2027-11-01,1.0280,1.0598,1.0148,0.9986,1.0607,0.9888,0.9961,1.0030,0.9961,0.9922,0.9797,1.0078,1.1168,1.0868,1.0504,1.0260,1.0835,1.0395,1.0074,1.0441,1.0453,1.0370,1.0308,1.0078,3473.09,5133.58,4063.02,2608.42,1941.07,1111.57,199.81,2612.33,1725.70,541.55,1.1598,0.6426,1.0370,1.3897,1.0250,0.5237,1.1924,0.2217,0.2329,0.1225,0.6327,0.7033,0.7076,0.6555,0.6655,0.7348,0.5003,0.6487,0.7005,0.7457,0.0141,0.0094,0.0289,0.0150,0.0177,0.0000,0.0861,0.0035,0.0114,0.0146,0.9816,0.9809,0.9911,0.9806,0.9823,1.0000,0.9750,1.0000,0.9762,1.0000,53.42,188.07,80.03,55.03,61.91,10.13,5.46,245.19,60.49,83.30,0.0000,0.0000,0.0000,0.0000,0.0000,0.0000,0.4580,0.0405,0.0000,0.0000,104304,74663,53998,54750,86225,66964,95775,572442,131417,91336,0,0,0,0,0,0,0,0,0,0,0.0000,0.0000,0.0000,0.0000,0.0000,0.0000,0.2200,0.2200,0.0000,0.0000,0,0,0,0,0,0,0,1,0,0,0,0,0,0,0,0,1,1,0,0,0.1338,0.0814,0.1451,0.0605,0.0978,0.0186,0.0627,0.1070,0.0116,0.1373,0.000,0.000,0.000,0.000,0.000,0.000,0.019,0.148,0.000,0.000,semi-presidential,parliamentary,parliamentary,parliamentary,parliamentary,semi-presidential,semi-presidential,electoral-authoritarian,electoral-authoritarian,parliamentary,0.820,0.800,0.800,0.800,0.800,0.800,0.800,0.500,0.500,0.800,37.4,64.6,82.6,33.1,38.7,30.0,74.1,87.2,100.0,89.0
2027-12-01,1.0292,1.0555,1.0144,0.9955,1.0461,0.9877,0.9961,1.0004,0.9986,0.9923,1.0085,1.0206,1.1104,1.0836,1.0496,0.9955,1.0687,1.0380,0.9976,1.0019,1.0327,0.9995,1.5552,1.0222,3486.84,5151.27,4086.35,2613.01,1949.53,1119.60,199.09,2624.29,1734.78,541.78,1.1552,0.6405,1.0310,1.3866,1.0204,0.5177,1.2008,0.2228,0.2323,0.1074,0.6263,0.6994,0.6750,0.6654,0.6975,0.7545,0.4739,0.6813,0.6968,0.7352,0.0250,0.0095,0.0290,0.0148,0.0258,0.0000,0.0819,0.0055,0.0119,0.0338,0.9806,0.9800,0.9906,0.9795,0.9811,1.0000,0.9736,1.0000,0.9751,1.0000,53.57,186.78,77.73,55.47,62.32,10.05,5.79,248.14,61.47,83.35,0.0000,0.0000,0.0000,0.0000,0.0000,0.0000,0.4568,0.0402,0.0000,0.0000,104304,74663,53998,54750,86225,66964,95775,572442,131417,91336,0,0,0,0,0,0,0,0,0,0,0.0000,0.0000,0.0000,0.0000,0.0000,0.0000,0.2300,0.2300,0.0000,0.0000,0,0,0,0,0,0,0,1,0,0,0,0,0,0,0,0,1,1,0,0,0.1464,0.0913,0.1587,0.0709,0.1099,0.0265,0.0698,0.1157,0.0196,0.1373,0.000,0.000,0.000,0.000,0.000,0.000,0.022,0.140,0.000,0.000,semi-presidential,parliamentary,parliamentary,parliamentary,parliamentary,semi-presidential,semi-presidential,electoral-authoritarian,electoral-authoritarian,parliamentary,0.810,0.800,0.800,0.800,0.800,0.800,0.091,0.500,0.500,0.800,40.2,67.4,85.2,36.4,41.8,33.2,76.1,90.5,100.0,92.0
2028-01-01,1.0300,1.0500,1.0127,0.9958,1.0329,0.9895,0.9944,1.0034,1.0007,0.9929,1.0307,1.0242,1.1131,1.0786,1.0494,1.0220,1.0557,1.0407,0.9959,1.0758,1.0601,1.0257,1.5417,1.0248,3501.05,5175.12,4104.89,2627.64,1962.25,1125.97,198.75,2631.07,1745.68,542.73,1.1505,0.6376,1.0265,1.3783,1.0138,0.5125,1.2033,0.2244,0.2315,0.0963,0.6420,0.7218,0.7045,0.6560,0.7007,0.7878,0.3153,0.6820,0.7156,0.7008,0.0273,0.0098,0.0471,0.0155,0.0281,0.0000,0.0850,0.0067,0.0128,0.0366,0.9802,0.9795,0.9903,0.9790,0.9807,1.0000,0.9734,1.0000,0.9744,1.0000,53.74,190.35,81.66,55.66,62.36,10.53,5.46,246.59,61.20,83.44,0.0000,0.0000,0.0000,0.0000,0.0000,0.0000,0.4596,0.0419,0.0000,0.0000,104304,74663,53998,54750,86225,66964,95775,572442,131417,91336,0,0,0,0,0,0,0,0,0,0,0.0000,0.0000,0.0000,0.0000,0.0000,0.0000,0.2400,0.2400,0.0000,0.0000,0,0,0,0,0,0,0,1,0,0,0,0,0,0,0,0,1,1,0,0,0.1502,0.1002,0.1616,0.0734,0.1126,0.0292,0.0731,0.1168,0.0219,0.1381,0.000,0.000,0.000,0.000,0.000,0.000,0.019,0.138,0.000,0.000,semi-presidential,parliamentary,parliamentary,parliamentary,parliamentary,semi-presidential,semi-presidential,electoral-authoritarian,electoral-authoritarian,parliamentary,0.800,0.800,0.800,0.800,0.800,0.800,0.101,0.500,0.500,0.800,43.1,70.3,88.0,29.5,45.0,36.6,77.8,93.9,100.0,89.7
2028-02-01,1.0353,1.0429,1.0084,0.9947,1.0230,0.9915,0.9979,1.0044,1.0019,0.9939,1.0423,1.0242,1.2148,1.0700,1.0440,1.0216,1.0456,1.0420,1.0765,1.0247,1.0275,1.0163,1.3358,1.0243,3524.54,5196.55,4128.65,2633.01,1967.25,1133.03,198.83,2636.54,1755.84,544.23,1.1429,0.6350,1.0206,1.3749,1.0113,0.5070,1.2071,0.2260,0.2307,0.0810,0.6501,0.7386,0.6931,0.6959,0.7218,0.7856,0.3591,0.6453,0.7199,0.7040,0.0279,0.0151,0.0415,0.0196,0.0285,0.0048,0.0982,0.0037,0.0142,0.0255,0.9813,0.9806,0.9908,0.9802,0.9819,1.0000,0.9735,1.0000,0.9758,1.0000,52.91,190.59,82.70,55.34,62.18,10.71,5.50,242.84,60.85,82.12,0.0000,0.0000,0.0000,0.0000,0.0000,0.0000,0.4575,0.0408,0.0000,0.0000,104304,74663,53998,54750,86225,66964,95775,572442,131417,91336,0,0,0,0,0,0,0,0,0,0,0.0000,0.0000,0.0000,0.0000,0.0000,0.0000,0.2500,0.2500,0.0000,0.0000,0,0,0,0,0,0,0,1,0,0,0,0,0,0,0,0,1,1,0,0,0.1496,0.1046,0.1615,0.0739,0.1129,0.0297,0.0762,0.1183,0.0220,0.1373,0.000,0.000,0.000,0.000,0.000,0.000,0.015,0.139,0.000,0.000,semi-presidential,parliamentary,parliamentary,parliamentary,parliamentary,semi-presidential,semi-presidential,electoral-authoritarian,electoral-authoritarian,parliamentary,0.800,0.800,0.800,0.800,0.800,0.800,0.111,0.500,0.500,0.800,46.1,73.3,90.7,32.9,48.3,40.0,79.7,97.0,100.0,92.6
2028-03-01,1.1056,1.0620,1.0072,0.9958,1.0150,0.9908,1.0014,1.0032,1.0018,0.9955,1.0471,1.0240,2.3474,1.4506,1.0435,1.1328,1.0372,1.0413,1.1584,1.0481,1.0665,1.0913,1.2555,1.0240,3529.36,5199.49,4146.07,2637.13,1970.93,1136.60,197.92,2648.17,1762.88,546.90,1.1414,0.6347,1.0164,1.3724,1.0134,0.5032,1.2129,0.2268,0.2304,0.0651,0.6586,0.7478,0.7128,0.6725,0.7032,0.7818,0.3713,0.6353,0.7180,0.7116,0.1267,0.1185,0.1004,0.1397,0.1316,0.0987,0.1304,0.0054,0.1194,0.0269,0.7030,0.7189,0.8508,0.7212,0.7039,0.7751,0.9533,1.0000,0.7156,1.0000,37.40,154.77,65.01,41.96,44.47,8.73,4.58,168.16,45.88,59.40,0.0000,0.0000,0.0000,0.0000,0.0000,0.0000,0.4582,0.0413,0.0000,0.0000,104304,74663,53998,54750,86225,66964,95775,572442,131417,91336,0,0,0,0,0,0,0,0,0,0,0.0000,0.0000,0.0000,0.0000,0.0000,0.0000,0.2600,0.2600,0.0000,0.0000,0,0,0,0,0,0,0,1,0,0,0,0,0,0,0,0,1,1,0,0,0.1488,0.1006,0.1595,0.0714,0.1113,0.0288,0.0770,0.1332,0.0216,0.1484,0.000,0.000,0.000,0.000,0.000,0.000,0.011,0.139,0.000,0.000,semi-presidential,parliamentary,parliamentary,parliamentary,parliamentary,semi-presidential,semi-presidential,electoral-authoritarian,electoral-authoritarian,parliamentary,0.800,0.800,0.800,0.800,0.800,0.800,0.121,0.500,0.500,0.800,49.1,76.3,93.5,36.1,51.5,43.4,81.8,100.0,100.0,95.4
2028-04-01,1.1541,1.0728,1.0045,0.9993,1.0082,0.9879,1.0032,1.0053,1.0038,0.9998,1.0526,1.0219,2.1628,1.3125,1.0387,1.0850,1.0302,1.0370,1.0093,1.0115,1.0158,1.0716,1.1547,1.0219,3539.03,5206.02,4158.14,2644.91,1973.84,1141.15,197.11,2656.07,1769.62,549.55,1.1384,0.6340,1.0135,1.3682,1.0120,0.4989,1.2183,0.2277,0.2301,0.0508,0.6123,0.6675,0.6794,0.5906,0.6376,0.7007,0.3317,0.6572,0.6498,0.7337,0.0865,0.0839,0.0689,0.0963,0.0895,0.0677,0.1136,0.0017,0.0804,0.0131,0.8155,0.8270,0.9078,0.8301,0.8165,0.8717,0.9590,1.0000,0.8317,1.0000,44.13,172.00,73.46,47.04,52.00,10.21,4.93,199.76,52.98,70.13,0.0000,0.0000,0.0000,0.0000,0.0000,0.0000,0.4604,0.0389,0.0000,0.0000,104304,74663,53998,54750,86225,66964,95775,572442,131417,91336,0,0,0,0,0,0,0,0,0,0,0.0000,0.0000,0.0000,0.0000,0.0000,0.0000,0.2700,0.2700,0.0000,0.0000,0,0,0,0,0,0,0,1,0,0,0,0,0,0,0,0,1,1,0,0,0.1374,0.0958,0.1470,0.0707,0.1022,0.0275,0.0754,0.1351,0.0225,0.1531,0.000,0.000,0.000,0.000,0.000,0.000,0.006,0.143,0.000,0.000,semi-presidential,parliamentary,parliamentary,parliamentary,parliamentary,semi-presidential,semi-presidential,electoral-authoritarian,electoral-authoritarian,parliamentary,0.800,0.800,0.800,0.800,0.800,0.800,0.131,0.500,0.500,0.800,52.0,79.0,96.1,39.0,54.5,46.4,83.6,100.0,100.0,98.4
2028-05-01,1.1844,1.0764,1.0020,0.9982,0.9971,0.9824,1.0012,1.0077,1.0063,1.0013,1.0525,1.0170,1.9529,1.1716,1.0358,0.9982,1.0190,1.0306,1.0027,1.0093,1.0192,1.0100,1.0546,1.0170,3541.22,5214.44,4155.25,2646.26,1974.05,1146.60,195.97,2670.19,1778.43,551.33,1.1377,0.6331,1.0143,1.3676,1.0120,0.4944,1.2308,0.2279,0.2296,0.0347,0.6194,0.6674,0.6737,0.6001,0.6246,0.6894,0.2932,0.6663,0.6457,0.7583,0.0540,0.0513,0.0310,0.0538,0.0580,0.0406,0.0927,0.0010,0.0478,0.0085,0.9251,0.9309,0.9623,0.9333,0.9258,0.9631,0.9631,1.0000,0.9378,1.0000,50.19,188.30,81.54,54.19,60.24,10.98,5.75,230.27,60.00,80.49,0.0000,0.0000,0.0000,0.0000,0.0000,0.0000,0.4589,0.0386,0.0000,0.0000,104304,74663,53998,54750,86225,66964,95775,572442,131417,91336,0,0,0,0,0,0,0,0,0,0,0.0000,0.0000,0.0000,0.0000,0.0000,0.0000,0.2800,0.2800,0.0000,0.0000,0,0,0,0,0,0,0,1,0,0,0,0,0,0,0,0,1,1,0,0,0.1202,0.0848,0.1233,0.0596,0.0846,0.0253,0.0632,0.1312,0.0168,0.1523,0.000,0.000,0.000,0.000,0.000,0.000,0.002,0.148,0.000,0.000,semi-presidential,parliamentary,parliamentary,parliamentary,parliamentary,semi-presidential,semi-presidential,electoral-authoritarian,electoral-authoritarian,parliamentary,0.800,0.800,0.800,0.800,0.800,0.800,0.141,0.500,0.500,0.800,54.8,81.7,98.7,41.9,57.3,49.3,85.2,100.0,100.0,100.0
2028-06-01,1.2007,1.0783,1.0043,1.0000,0.9896,0.9800,1.0001,1.0063,1.0088,0.9991,1.0478,1.0117,1.6834,1.1294,1.1135,1.0534,1.0112,1.0297,1.0045,1.0087,1.0923,1.0009,1.0497,1.0117,3537.97,5216.03,4146.41,2645.00,1975.78,1150.33,195.45,2679.16,1788.62,552.44,1.1389,0.6330,1.0166,1.3682,1.0112,0.4906,1.2345,0.2285,0.2280,0.0183,0.6157,0.6747,0.6463,0.5926,0.6062,0.7042,0.3191,0.6829,0.6527,0.7525,0.0389,0.0359,0.0419,0.0475,0.0444,0.0208,0.1002,0.0038,0.0366,0.0115,0.9624,0.9629,0.9815,0.9636,0.9639,0.9893,0.9732,1.0000,0.9606,1.0000,55.16,193.24,81.53,56.11,63.14,11.34,5.41,251.46,64.07,85.15,0.0000,0.0000,0.0000,0.0000,0.0000,0.0000,0.4587,0.0431,0.0000,0.0000,104304,74663,53998,54750,86225,66964,95775,572442,131417,91336,0,0,0,0,0,0,0,0,0,0,0.0000,0.0000,0.0000,0.0000,0.0000,0.0000,0.2900,0.2600,0.0000,0.0000,0,0,0,0,0,0,0,1,0,0,0,0,0,0,0,0,1,1,0,0,0.1161,0.0803,0.1178,0.0543,0.0854,0.0229,0.0631,0.1313,0.0141,0.1570,0.000,0.000,0.000,0.000,0.000,0.000,0.000,0.153,0.000,0.000,semi-presidential,parliamentary,parliamentary,parliamentary,parliamentary,semi-presidential,semi-presidential,electoral-authoritarian,electoral-authoritarian,parliamentary,0.800,0.800,0.800,0.800,0.800,0.800,0.151,0.500,0.500,0.800,57.6,84.3,100.0,44.7,59.9,52.2,86.9,100.0,30.0,100.0
2028-07-01,1.2072,1.0765,1.0052,0.9987,0.9845,0.9790,1.0025,1.0061,1.0094,0.9965,1.0461,1.0082,1.4384,1.1091,1.0638,1.0151,1.0060,1.0289,1.0381,1.0077,1.0232,1.0001,1.0481,1.0082,3538.10,5220.08,4141.18,2647.37,1981.47,1154.32,194.65,2692.30,1800.97,553.63,1.1389,0.6326,1.0180,1.3671,1.0084,0.4868,1.2400,0.2288,0.2257,0.0018,0.6071,0.6759,0.6101,0.5867,0.6021,0.6992,0.3084,0.6749,0.6534,0.7330,0.0212,0.0177,0.0236,0.0227,0.0246,0.0057,0.0878,0.0013,0.0160,0.0099,0.9775,0.9771,0.9892,0.9763,0.9778,1.0000,0.9742,1.0000,0.9713,1.0000,58.89,201.35,85.31,60.97,68.06,11.75,5.72,269.88,67.92,89.74,0.0000,0.0000,0.0000,0.0000,0.0000,0.0000,0.4582,0.0439,0.0000,0.0000,104304,74663,53998,54750,86225,66964,95775,572442,131417,91336,0,0,0,0,0,0,0,0,0,0,0.0000,0.0000,0.0000,0.0000,0.0000,0.0000,0.3000,0.2700,0.0000,0.0000,0,0,0,0,0,0,0,1,0,0,0,0,0,0,0,0,1,1,0,0,0.1219,0.0833,0.1250,0.0580,0.0895,0.0225,0.0648,0.1295,0.0134,0.1540,0.000,0.000,0.000,0.000,0.000,0.000,0.000,0.156,0.000,0.000,semi-presidential,parliamentary,parliamentary,parliamentary,parliamentary,semi-presidential,semi-presidential,electoral-authoritarian,electoral-authoritarian,parliamentary,0.800,0.800,0.800,0.800,0.800,0.800,0.161,0.500,0.500,0.800,60.3,87.0,100.0,47.5,62.5,55.1,88.5,100.0,32.9,100.0
2028-08-01,1.2060,1.0705,1.0101,0.9987,0.9783,0.9811,1.0028,1.0029,1.0586,0.9960,1.0450,1.0055,1.3125,1.1009,1.1929,1.0373,0.9997,1.0338,1.0186,1.0044,1.6490,1.0010,1.0470,1.0055,3548.33,5239.47,4142.58,2646.30,1983.67,1159.70,194.19,2700.44,1810.29,555.82,1.1357,0.6303,1.0178,1.3677,1.0074,0.4824,1.2434,0.2294,0.2237,-0.0145,0.6104,0.6838,0.6062,0.6000,0.6273,0.7065,0.2950,0.6799,0.6940,0.7381,0.0215,0.0149,0.0417,0.0298,0.0400,0.0000,0.1082,0.0241,0.0415,0.0264,0.9790,0.9784,0.9899,0.9778,0.9795,1.0000,0.9748,1.0000,0.9730,1.0000,60.11,188.02,81.00,59.01,66.29,11.01,5.55,270.04,66.60,92.11,0.0000,0.0000,0.0000,0.0000,0.0000,0.0000,0.4583,0.0437,0.0000,0.0000,104304,74663,53998,54750,86225,66964,95775,572442,131417,91336,0,0,0,0,0,0,0,0,0,0,0.0000,0.0000,0.0000,0.0000,0.0000,0.0000,0.3400,0.2800,0.0000,0.0000,0,0,0,0,0,0,0,1,0,0,0,0,0,0,0,0,1,1,0,0,0.1263,0.0853,0.1282,0.0586,0.0919,0.0225,0.0624,0.1218,0.0124,0.1539,0.000,0.000,0.000,0.000,0.000,0.000,0.000,0.158,0.000,0.000,semi-presidential,parliamentary,parliamentary,parliamentary,parliamentary,semi-presidential,semi-presidential,electoral-authoritarian,electoral-authoritarian,parliamentary,0.800,0.800,0.800,0.800,0.800,0.800,0.171,0.500,0.500,0.800,63.0,89.7,100.0,50.3,65.3,58.1,90.1,100.0,36.0,100.0
2028-09-01,1.1996,1.0669,1.0137,0.9967,0.9717,0.9849,1.0011,1.0039,1.0743,0.9951,1.0454,1.0050,1.2969,1.0986,1.1605,0.9967,0.9929,1.0790,1.0026,1.0054,1.3465,1.0014,1.0474,1.0050,3561.01,5259.77,4147.71,2659.83,1992.07,1167.38,192.53,2712.95,1821.81,556.76,1.1348,0.6280,1.0168,1.3608,1.0032,0.4771,1.2546,0.2298,0.2215,-0.0308,0.6291,0.7179,0.5995,0.5931,0.6218,0.7326,0.3000,0.6518,0.6887,0.7407,0.0193,0.0146,0.0204,0.0254,0.0293,0.0006,0.0762,0.0118,0.0246,0.0166,0.9780,0.9775,0.9894,0.9768,0.9784,1.0000,0.9734,1.0000,0.9719,1.0000,64.04,212.84,85.03,60.40,70.55,12.91,6.19,278.37,74.10,95.65,0.0000,0.0000,0.0000,0.0000,0.0000,0.0000,0.4582,0.0436,0.0000,0.0000,104304,74663,53998,54750,86225,66964,95775,572442,131417,91336,0,0,0,0,0,0,0,0,0,0,0.0000,0.0000,0.0000,0.0000,0.0000,0.0000,0.3500,0.2900,0.0000,0.0000,0,0,0,0,0,0,0,1,0,0,0,0,0,0,0,0,1,1,0,0,0.1397,0.0924,0.1433,0.0649,0.1022,0.0236,0.0634,0.1173,0.0135,0.1526,0.000,0.000,0.000,0.000,0.000,0.000,0.000,0.159,0.000,0.000,semi-presidential,parliamentary,parliamentary,parliamentary,parliamentary,semi-presidential,semi-presidential,electoral-authoritarian,electoral-authoritarian,parliamentary,0.800,0.800,0.800,0.800,0.800,0.800,0.181,0.500,0.500,0.800,65.9,92.6,100.0,53.0,68.0,61.1,91.7,100.0,39.2,100.0
2028-10-01,1.1886,1.0666,1.0164,0.9974,0.9676,0.9913,1.0007,1.0030,1.0740,0.9946,1.0443,1.0039,1.2791,1.0997,1.1406,1.0356,0.9887,1.1537,1.0101,1.0050,1.0949,1.0128,1.0462,1.0039,3574.72,5272.02,4147.70,2670.73,1995.33,1175.15,192.09,2719.30,1834.13,560.82,1.1304,0.6265,1.0169,1.3552,1.0016,0.4718,1.2579,0.2306,0.2192,-0.0467,0.6447,0.7433,0.6212,0.6308,0.6540,0.7543,0.3090,0.6755,0.7026,0.7306,0.0192,0.0157,0.0319,0.0247,0.0221,0.0015,0.0707,0.0016,0.0167,0.0098,0.9770,0.9766,0.9889,0.9758,0.9772,1.0000,0.9725,1.0000,0.9708,1.0000,63.16,213.45,86.30,59.33,68.86,13.12,5.76,272.39,73.35,95.20,0.0000,0.0000,0.0000,0.0000,0.0000,0.0000,0.4585,0.0434,0.0000,0.0000,104304,74663,53998,54750,86225,66964,95775,572442,131417,91336,0,0,0,0,0,0,0,0,0,0,0.0000,0.0000,0.0000,0.0000,0.0000,0.0000,0.3600,0.3000,0.0000,0.0000,0,0,0,0,0,0,0,1,0,0,0,0,0,0,0,0,1,1,0,0,0.1357,0.0895,0.1380,0.0618,0.0987,0.0229,0.0644,0.1145,0.0160,0.1527,0.000,0.000,0.000,0.000,0.000,0.000,0.000,0.160,0.000,0.000,semi-presidential,parliamentary,parliamentary,parliamentary,parliamentary,semi-presidential,semi-presidential,electoral-authoritarian,electoral-authoritarian,parliamentary,0.800,0.800,0.800,0.800,0.800,0.800,0.191,0.500,0.500,0.800,68.8,95.6,100.0,56.0,70.9,64.3,93.3,100.0,42.4,100.0
2028-11-01,1.1748,1.0648,1.0169,1.0022,0.9657,0.9936,1.0021,1.0034,1.0692,0.9992,1.0386,1.0009,1.2606,1.0965,1.0599,1.0600,0.9866,1.0503,1.0506,1.0269,1.0869,1.0581,1.0403,1.0009,3577.28,5290.67,4139.54,2670.56,1997.63,1177.29,191.16,2725.70,1841.72,562.61,1.1296,0.6244,1.0191,1.3553,1.0009,0.4688,1.2644,0.2316,0.2175,-0.0626,0.6547,0.7416,0.6205,0.6570,0.6554,0.7723,0.3657,0.6614,0.7340,0.7715,0.0138,0.0122,0.0267,0.0289,0.0165,0.0001,0.0714,0.0021,0.0107,0.0114,0.9780,0.9776,0.9894,0.9768,0.9783,1.0000,0.9728,1.0000,0.9720,1.0000,61.71,209.25,82.73,59.06,66.54,13.22,5.51,265.69,71.83,94.69,0.0000,0.0000,0.0000,0.0000,0.0000,0.0000,0.4578,0.0427,0.0000,0.0000,104304,74663,53998,54750,86225,66964,95775,572442,131417,91336,0,0,0,0,0,0,0,0,0,0,0.0000,0.0000,0.0000,0.0000,0.0000,0.0000,0.3700,0.3100,0.0000,0.0000,0,0,0,0,0,0,0,1,0,0,0,0,0,0,0,0,1,1,0,0,0.1222,0.0812,0.1232,0.0536,0.0879,0.0208,0.0644,0.1138,0.0133,0.1542,0.000,0.000,0.000,0.000,0.000,0.000,0.000,0.157,0.000,0.000,semi-presidential,parliamentary,parliamentary,parliamentary,parliamentary,semi-presidential,semi-presidential,electoral-authoritarian,electoral-authoritarian,parliamentary,0.800,0.800,0.800,0.800,0.800,0.800,0.201,0.500,0.500,0.800,71.8,98.6,100.0,59.2,73.8,67.7,95.2,100.0,45.7,100.0
2028-12-01,1.1586,1.0630,1.0200,1.0045,0.9630,0.9933,1.0029,1.0048,1.0629,1.0045,1.0317,1.0005,1.2364,1.0929,1.1499,1.0609,0.9835,1.0418,1.0204,1.0326,1.0795,1.0559,1.0334,1.0005,3585.24,5304.63,4140.73,2680.10,2000.14,1183.09,189.97,2730.66,1850.07,564.49,1.1271,0.6226,1.0190,1.3505,1.0001,0.4644,1.2725,0.2327,0.2158,-0.0784,0.6437,0.7491,0.6061,0.6253,0.6503,0.7388,0.3447,0.6446,0.7140,0.7609,0.0182,0.0144,0.0310,0.0309,0.0210,0.0000,0.0678,0.0018,0.0149,0.0118,0.9793,0.9789,0.9900,0.9782,0.9796,1.0000,0.9727,1.0000,0.9736,1.0000,60.19,207.39,82.65,57.53,65.32,13.20,5.40,258.91,70.34,94.25,0.0000,0.0000,0.0000,0.0000,0.0000,0.0000,0.4567,0.0403,0.0000,0.0000,104304,74663,53998,54750,86225,66964,95775,572442,131417,91336,0,0,0,0,0,0,0,0,0,0,0.0000,0.0000,0.0000,0.0000,0.0000,0.0000,0.3800,0.3200,0.0000,0.0000,0,0,0,0,0,0,0,1,0,0,0,0,0,0,0,0,1,1,0,0,0.1374,0.0883,0.1398,0.0606,0.0998,0.0212,0.0645,0.1120,0.0145,0.1529,0.000,0.000,0.000,0.000,0.000,0.000,0.000,0.158,0.000,0.000,semi-presidential,parliamentary,parliamentary,parliamentary,parliamentary,semi-presidential,semi-presidential,electoral-authoritarian,electoral-authoritarian,parliamentary,0.750,0.800,0.800,0.800,0.800,0.800,0.211,0.500,0.500,0.800,74.6,100.0,100.0,62.1,76.4,70.8,97.0,100.0,49.0,100.0
2029-01-01,1.1433,1.0559,1.0162,1.0041,0.9617,0.9928,1.0037,1.0071,1.0564,1.0111,1.0239,1.0011,1.2208,1.0836,1.0516,1.0294,0.9823,1.0411,1.0052,1.0298,1.0729,1.0502,1.0257,1.0012,3605.83,5326.62,4151.36,2684.26,2009.95,1190.21,189.01,2730.86,1858.56,565.91,1.1205,0.6200,1.0163,1.3485,0.9954,0.4626,1.2790,0.2343,0.2140,-0.0940,0.5892,0.7480,0.6121,0.6403,0.6455,0.7483,0.3273,0.6323,0.7101,0.7616,0.0108,0.0090,0.0221,0.0139,0.0140,0.0000,0.0667,0.0016,0.0095,0.0094,0.9809,0.9803,0.9907,0.9798,0.9814,1.0000,0.9736,1.0000,0.9753,1.0000,59.55,209.71,86.51,57.92,66.19,13.26,5.50,256.35,69.81,94.25,0.0000,0.0000,0.0000,0.0000,0.0000,0.0000,0.4574,0.0404,0.0000,0.0000,104304,74663,53998,54750,86225,66964,95775,572442,131417,91336,0,0,0,0,0,0,0,0,0,0,0.0000,0.0000,0.0000,0.0000,0.0000,0.0000,0.3900,0.3300,0.0000,0.0000,0,0,0,0,0,0,0,1,0,0,0,0,0,0,0,0,1,1,0,0,0.1402,0.0908,0.1431,0.0640,0.1017,0.0220,0.0725,0.1095,0.0153,0.1487,0.000,0.000,0.000,0.000,0.000,0.000,0.000,0.157,0.000,0.000,semi-presidential,parliamentary,parliamentary,parliamentary,parliamentary,semi-presidential,semi-presidential,electoral-authoritarian,electoral-authoritarian,parliamentary,0.760,0.800,0.800,0.800,0.800,0.800,0.221,0.500,0.500,0.800,77.3,100.0,100.0,65.2,79.0,73.9,98.7,100.0,52.2,100.0
2029-02-01,1.1285,1.0478,1.0141,1.0057,0.9597,0.9930,1.0011,1.0079,1.0477,1.0164,1.0167,0.9994,1.2051,1.0750,1.0499,1.0447,0.9800,1.0412,1.0025,1.0352,1.0633,1.0544,1.0183,0.9994,3616.33,5334.10,4143.42,2688.00,2010.80,1195.01,188.75,2737.41,1869.60,567.88,1.1142,0.6192,1.0182,1.3466,0.9949,0.4589,1.2807,0.2355,0.2120,-0.1094,0.6233,0.7547,0.6408,0.6427,0.6778,0.7699,0.3207,0.6134,0.7041,0.7530,0.0111,0.0100,0.0214,0.0210,0.0141,0.0000,0.0660,0.0015,0.0095,0.0095,0.9812,0.9805,0.9909,0.9801,0.9818,1.0000,0.9733,1.0000,0.9757,1.0000,58.52,205.89,83.30,55.32,64.56,13.16,5.35,252.13,68.35,92.92,0.0000,0.0000,0.0000,0.0000,0.0000,0.0000,0.4580,0.0407,0.0000,0.0000,104304,74663,53998,54750,86225,66964,95775,572442,131417,91336,0,0,0,0,0,0,0,0,0,0,0.0000,0.0000,0.0000,0.0000,0.0000,0.0000,0.4000,0.3400,0.0000,0.0000,0,0,0,0,0,0,0,1,0,0,0,0,0,0,0,0,1,1,0,0,0.1290,0.0844,0.1312,0.0565,0.0934,0.0202,0.0686,0.1074,0.0184,0.1493,0.000,0.000,0.000,0.000,0.000,0.000,0.000,0.158,0.000,0.000,semi-presidential,parliamentary,parliamentary,parliamentary,parliamentary,semi-presidential,semi-presidential,electoral-authoritarian,electoral-authoritarian,parliamentary,0.770,0.800,0.800,0.800,0.800,0.800,0.231,0.500,0.500,0.800,80.1,100.0,100.0,68.2,81.7,77.2,100.0,100.0,55.4,100.0
2029-03-01,1.1117,1.0402,1.0110,1.0083,0.9613,0.9945,0.9982,1.0051,1.0408,1.0209,1.0126,0.9985,1.1840,1.0670,1.0468,1.0538,0.9939,1.0428,0.9996,1.0065,1.0558,1.0572,1.0141,0.9985,3625.27,5336.34,4151.54,2689.50,2019.63,1200.06,188.64,2738.23,1876.42,568.02,1.1115,0.6187,1.0164,1.3461,0.9907,0.4549,1.2813,0.2373,0.2104,-0.1249,0.6324,0.7448,0.6121,0.6518,0.6593,0.7549,0.3708,0.6155,0.7098,0.7597,0.0096,0.0103,0.0209,0.0263,0.0160,0.0000,0.0617,0.0012,0.0093,0.0114,0.9814,0.9807,0.9909,0.9803,0.9820,1.0000,0.9728,1.0000,0.9759,1.0000,56.50,200.71,80.24,54.63,62.01,12.74,5.17,243.26,66.66,91.76,0.0000,0.0000,0.0000,0.0000,0.0000,0.0000,0.4585,0.0408,0.0000,0.0000,104304,74663,53998,54750,86225,66964,95775,572442,131417,91336,0,0,0,0,0,0,0,0,0,0,0.0000,0.0000,0.0000,0.0000,0.0000,0.0000,0.4100,0.3500,0.0000,0.0000,0,0,0,0,0,0,0,1,0,0,0,0,0,0,0,0,1,1,0,0,0.1321,0.0849,0.1341,0.0577,0.0953,0.0247,0.0722,0.1094,0.0186,0.1480,0.000,0.000,0.000,0.000,0.000,0.000,0.000,0.152,0.000,0.000,semi-presidential,parliamentary,parliamentary,parliamentary,parliamentary,semi-presidential,semi-presidential,electoral-authoritarian,electoral-authoritarian,parliamentary,0.780,0.800,0.800,0.800,0.800,0.800,0.241,0.500,0.500,0.800,82.9,30.0,100.0,71.3,84.4,80.5,100.0,100.0,58.6,100.0
2029-04-01,1.0950,1.0317,1.0067,1.0113,0.9649,0.9925,0.9981,1.0057,1.0325,1.0228,1.0088,1.0000,1.1673,1.0581,1.0425,1.0560,1.0060,1.0406,0.9994,1.0173,1.0468,1.0501,1.0103,1.0004,3642.67,5345.76,4154.44,2693.96,2032.09,1206.18,189.09,2745.70,1887.58,568.93,1.1062,0.6176,1.0158,1.3442,0.9847,0.4506,1.2782,0.2385,0.2084,-0.1401,0.6392,0.7212,0.6344,0.6372,0.6772,0.7595,0.3840,0.6079,0.7044,0.7360,0.0102,0.0102,0.0222,0.0277,0.0181,0.0000,0.0617,0.0012,0.0093,0.0155,0.9815,0.9808,0.9910,0.9805,0.9822,1.0000,0.9723,1.0000,0.9761,1.0000,55.80,198.95,80.41,53.91,61.81,12.56,5.31,241.74,65.82,90.58,0.0000,0.0000,0.0000,0.0000,0.0000,0.0000,0.4589,0.0409,0.0000,0.0000,104304,74663,53998,54750,86225,66964,95775,572442,131417,91336,0,0,0,0,0,0,0,0,0,0,0.0000,0.0000,0.0000,0.0000,0.0000,0.0000,0.4200,0.3600,0.0000,0.0000,0,0,0,0,0,0,0,1,0,0,0,0,0,0,0,0,1,1,0,0,0.1393,0.0886,0.1425,0.0617,0.1012,0.0261,0.0740,0.1101,0.0204,0.1458,0.000,0.000,0.000,0.000,0.000,0.000,0.000,0.151,0.000,0.000,semi-presidential,parliamentary,parliamentary,parliamentary,parliamentary,semi-presidential,semi-presidential,electoral-authoritarian,electoral-authoritarian,parliamentary,0.790,0.800,0.800,0.800,0.800,0.800,0.251,0.500,0.500,0.800,85.8,33.0,100.0,74.3,87.1,83.7,100.0,100.0,61.8,100.0
2029-05-01,1.0834,1.0252,1.0052,1.0123,0.9703,0.9946,0.9976,1.0075,1.0237,1.0234,1.0065,1.0014,1.1588,1.0523,1.0418,1.0474,1.0203,1.0471,0.9990,1.0374,1.0376,1.0360,1.0080,1.0017,3655.44,5353.57,4163.82,2700.91,2040.73,1213.11,188.79,2741.98,1899.30,569.34,1.1023,0.6167,1.0137,1.3410,0.9806,0.4460,1.2802,0.2408,0.2063,-0.1552,0.6554,0.7254,0.6380,0.6411,0.6992,0.7640,0.3805,0.6008,0.7068,0.7314,0.0115,0.0100,0.0244,0.0252,0.0211,0.0001,0.0634,0.0013,0.0097,0.0201,0.9809,0.9802,0.9907,0.9798,0.9816,1.0000,0.9715,1.0000,0.9753,1.0000,56.29,199.67,82.53,54.66,63.19,12.45,5.66,246.50,66.15,90.01,0.0000,0.0000,0.0000,0.0000,0.0000,0.0000,0.4591,0.0415,0.0000,0.0000,104304,74663,53998,54750,86225,66964,95775,572442,131417,91336,0,0,0,0,0,0,0,0,0,0,0.0000,0.0000,0.0000,0.0000,0.0000,0.0000,0.4300,0.3700,0.0000,0.0000,0,0,0,0,0,0,0,1,0,0,0,0,0,0,0,0,1,1,0,0,0.1404,0.0896,0.1434,0.0630,0.1025,0.0269,0.0756,0.1141,0.0215,0.1444,0.000,0.000,0.000,0.000,0.000,0.000,0.000,0.150,0.000,0.000,semi-presidential,parliamentary,parliamentary,parliamentary,parliamentary,semi-presidential,semi-presidential,electoral-authoritarian,electoral-authoritarian,parliamentary,0.800,0.800,0.800,0.800,0.800,0.800,0.261,0.500,0.500,0.800,88.8,36.1,100.0,77.4,90.0,87.0,100.0,100.0,65.0,100.0
2029-06-01,1.0753,1.0171,1.0031,1.0132,1.0331,0.9986,1.0005,1.0235,1.0625,1.0232,1.0031,1.0023,1.1543,1.0439,1.0407,1.0469,1.1908,1.0967,1.0638,1.3278,1.5820,1.0339,1.0046,1.0026,3674.14,5375.40,4173.19,2703.29,2050.60,1220.50,188.87,2746.64,1913.54,569.04,1.0968,0.6142,1.0118,1.3401,0.9760,0.4412,1.2797,0.2425,0.2040,-0.1705,0.6636,0.7195,0.6500,0.6453,0.6989,0.7692,0.3657,0.5943,0.7085,0.7101,0.0266,0.0111,0.0596,0.0478,0.0669,0.0006,0.1027,0.0239,0.0287,0.0952,0.9810,0.9802,0.9907,0.9799,0.9818,1.0000,0.9715,1.0000,0.9754,1.0000,56.72,196.17,87.07,54.83,62.70,12.96,5.55,246.29,64.98,89.88,0.0000,0.0000,0.0000,0.0000,0.0000,0.0000,0.4591,0.0426,0.0000,0.0000,104304,74663,53998,54750,86225,66964,95775,572442,131417,91336,0,0,0,0,0,0,0,0,0,0,0.0000,0.0000,0.0000,0.0000,0.0000,0.0000,0.4400,0.3800,0.0000,0.0000,0,0,0,0,0,0,0,1,0,0,0,0,0,0,0,0,1,1,0,0,0.1422,0.0932,0.1441,0.0652,0.1031,0.0304,0.0811,0.1164,0.0223,0.1432,0.000,0.000,0.000,0.000,0.000,0.000,0.000,0.150,0.000,0.000,semi-presidential,parliamentary,parliamentary,parliamentary,parliamentary,semi-presidential,semi-presidential,electoral-authoritarian,electoral-authoritarian,parliamentary,0.800,0.800,0.800,0.800,0.800,0.800,0.271,0.500,0.500,0.800,91.8,39.1,100.0,80.4,92.8,90.2,100.0,100.0,68.2,100.0
2029-07-01,1.0645,1.0087,1.0031,1.0134,1.0777,1.0007,1.0008,1.0291,1.0724,1.0202,1.0027,1.0013,1.1402,1.0352,1.0410,1.0422,1.2127,1.0551,1.0050,1.1374,1.2704,1.0265,1.0042,1.0013,3684.28,5393.36,4176.66,2710.01,2052.24,1231.54,188.88,2745.16,1920.82,568.49,1.0968,0.6122,1.0114,1.3340,0.9753,0.4352,1.2797,0.2447,0.2025,-0.1857,0.6681,0.7437,0.6417,0.6174,0.6810,0.7775,0.3822,0.5932,0.7027,0.6473,0.0153,0.0098,0.0377,0.0372,0.0446,0.0001,0.0777,0.0093,0.0163,0.0614,0.9812,0.9804,0.9908,0.9802,0.9821,1.0000,0.9713,1.0000,0.9757,1.0000,59.60,217.52,94.20,56.77,66.21,15.09,5.65,248.48,71.06,90.95,0.0000,0.0000,0.0000,0.0000,0.0000,0.0000,0.4589,0.0428,0.0000,0.0000,104304,74663,53998,54750,86225,66964,95775,572442,131417,91336,0,0,0,0,0,0,0,0,0,0,0.0000,0.0000,0.0000,0.0000,0.0000,0.0000,0.4500,0.3900,0.0000,0.0000,0,0,0,0,0,0,0,1,0,0,0,0,0,0,0,0,1,1,0,0,0.1356,0.0905,0.1363,0.0624,0.0975,0.0300,0.0825,0.1137,0.0212,0.1410,0.000,0.000,0.000,0.000,0.000,0.000,0.000,0.150,0.000,0.000,semi-presidential,parliamentary,parliamentary,parliamentary,parliamentary,semi-presidential,semi-presidential,electoral-authoritarian,electoral-authoritarian,parliamentary,0.800,0.800,0.800,0.800,0.800,0.800,0.281,0.500,0.500,0.800,94.8,42.3,100.0,83.4,95.7,93.6,100.0,100.0,71.4,100.0
2029-08-01,1.0537,1.0005,1.0064,1.0142,1.1066,1.0034,1.0040,1.0287,1.0700,1.0196,0.9985,1.0006,1.1291,1.0269,1.1442,1.0475,1.2121,1.0706,1.0795,1.0306,1.0880,1.0310,0.9999,1.0006,3683.99,5414.76,4180.27,2709.55,2057.52,1237.53,189.42,2746.88,1924.18,568.24,1.0940,0.6148,1.0177,1.3344,0.9729,0.4311,1.2760,0.2468,0.2014,-0.2007,0.6704,0.7418,0.6453,0.6239,0.6648,0.8079,0.4003,0.5838,0.7098,0.6308,0.0195,0.0143,0.0333,0.0408,0.0387,0.0002,0.0664,0.0018,0.0139,0.0428,0.9811,0.9803,0.9907,0.9801,0.9820,1.0000,0.9709,1.0000,0.9755,1.0000,58.93,214.30,91.64,55.47,65.52,15.20,5.90,245.18,69.46,89.76,0.0000,0.0000,0.0000,0.0000,0.0000,0.0000,0.4586,0.0433,0.0000,0.0000,104304,74663,53998,54750,86225,66964,95775,572442,131417,91336,0,0,0,0,0,0,0,0,0,0,0.0000,0.0000,0.0000,0.0000,0.0000,0.0000,0.4600,0.4000,0.0000,0.0000,0,0,0,0,0,0,0,1,0,0,0,0,0,0,0,0,1,1,0,0,0.1379,0.0963,0.1384,0.0623,0.0988,0.0302,0.0841,0.1136,0.0210,0.1404,0.000,0.000,0.000,0.000,0.000,0.000,0.000,0.150,0.000,0.000,semi-presidential,parliamentary,parliamentary,parliamentary,parliamentary,semi-presidential,semi-presidential,electoral-authoritarian,electoral-authoritarian,parliamentary,0.800,0.800,0.800,0.800,0.800,0.800,0.291,0.500,0.500,0.800,97.8,45.4,30.0,86.2,98.4,97.1,100.0,100.0,74.7,100.0
2029-09-01,1.0411,0.9947,1.0098,1.0123,1.1283,1.0050,1.0057,1.0251,1.0618,1.0176,0.9932,1.0016,1.1129,1.0213,1.1533,1.0304,1.2173,1.0545,1.0331,1.0270,1.0792,1.0284,0.9947,1.0019,3699.08,5447.87,4191.68,2716.13,2062.97,1244.84,189.49,2751.66,1933.17,567.23,1.0897,0.6111,1.0150,1.3314,0.9704,0.4266,1.2755,0.2486,0.2026,-0.2159,0.6493,0.7548,0.6510,0.5974,0.6618,0.7879,0.4397,0.5905,0.6654,0.6349,0.0180,0.0126,0.0301,0.0317,0.0342,0.0000,0.0624,0.0015,0.0138,0.0349,0.9809,0.9801,0.9906,0.9798,0.9817,1.0000,0.9698,1.0000,0.9753,1.0000,57.53,212.74,92.50,57.06,65.42,14.74,5.84,241.41,67.78,89.02,0.0000,0.0000,0.0000,0.0000,0.0000,0.0000,0.4590,0.0427,0.0000,0.0000,104304,74663,53998,54750,86225,66964,95775,572442,131417,91336,0,0,0,0,0,0,0,0,0,0,0.0000,0.0000,0.0000,0.0000,0.0000,0.0000,0.4700,0.4100,0.0000,0.0000,0,0,0,0,0,0,0,1,0,0,0,0,0,0,0,0,1,1,0,0,0.1415,0.0989,0.1435,0.0662,0.1022,0.0307,0.0869,0.1127,0.0219,0.1359,0.000,0.000,0.000,0.000,0.000,0.000,0.000,0.149,0.000,0.000,semi-presidential,parliamentary,parliamentary,parliamentary,parliamentary,semi-presidential,semi-presidential,electoral-authoritarian,electoral-authoritarian,parliamentary,0.800,0.800,0.800,0.800,0.800,0.800,0.301,0.500,0.500,0.800,100.0,48.7,32.9,88.8,100.0,100.0,100.0,100.0,77.6,100.0
2029-10-01,1.0308,0.9882,1.0120,1.0090,1.1402,1.0043,1.0054,1.0218,1.0534,1.0144,0.9860,1.0050,1.1030,1.0142,1.1177,1.0090,1.2042,1.0537,1.0069,1.0236,1.0703,1.0227,0.9874,1.0057,3719.58,5456.21,4201.92,2724.04,2070.80,1249.80,190.20,2761.25,1940.00,568.04,1.0837,0.6102,1.0126,1.3277,0.9668,0.4230,1.2708,0.2502,0.2012,-0.2304,0.6613,0.7938,0.6670,0.6185,0.6635,0.7904,0.4422,0.6092,0.6507,0.6299,0.0147,0.0114,0.0161,0.0251,0.0263,0.0000,0.0557,0.0013,0.0122,0.0243,0.9813,0.9804,0.9907,0.9802,0.9821,1.0000,0.9699,1.0000,0.9757,1.0000,56.76,210.11,89.33,56.55,65.31,14.27,5.67,242.00,67.37,87.87,0.0000,0.0000,0.0000,0.0000,0.0000,0.0000,0.4589,0.0428,0.0000,0.0000,104304,74663,53998,54750,86225,66964,95775,572442,131417,91336,0,0,0,0,0,0,0,0,0,0,0.0000,0.0000,0.0000,0.0000,0.0000,0.0000,0.4800,0.4200,0.0000,0.0000,0,0,0,0,0,0,0,1,0,0,0,0,0,0,0,0,1,1,0,0,0.1432,0.1010,0.1463,0.0682,0.1045,0.0322,0.0894,0.1151,0.0239,0.1334,0.000,0.000,0.000,0.000,0.000,0.000,0.000,0.146,0.000,0.000,semi-presidential,parliamentary,parliamentary,parliamentary,parliamentary,semi-presidential,semi-presidential,electoral-authoritarian,electoral-authoritarian,parliamentary,0.800,0.800,0.800,0.800,0.800,0.800,0.311,0.500,0.500,0.800,100.0,52.1,35.9,91.5,100.0,100.0,100.0,100.0,80.5,30.0
2029-11-01,1.0251,0.9834,1.0128,1.0086,1.1470,1.0020,1.0056,1.0148,1.0407,1.0153,0.9812,1.0035,1.1013,1.0101,1.0697,1.0273,1.1931,1.0513,1.0186,1.0165,1.0564,1.0369,0.9826,1.0035,3732.10,5468.36,4197.69,2725.22,2075.03,1257.07,190.36,2773.62,1954.72,567.65,1.0802,0.6089,1.0137,1.3271,0.9649,0.4186,1.2697,0.2516,0.1989,-0.2453,0.6735,0.7679,0.6757,0.6278,0.6725,0.7671,0.4936,0.6460,0.6541,0.6567,0.0121,0.0102,0.0207,0.0194,0.0203,0.0000,0.0644,0.0014,0.0107,0.0172,0.9807,0.9799,0.9904,0.9796,0.9815,1.0000,0.9691,1.0000,0.9750,1.0000,57.20,206.70,87.97,56.83,65.51,13.37,5.72,248.15,67.61,86.57,0.0000,0.0000,0.0000,0.0000,0.0000,0.0000,0.4587,0.0431,0.0000,0.0000,104304,74663,53998,54750,86225,66964,95775,572442,131417,91336,0,0,0,0,0,0,0,0,0,0,0.0000,0.0000,0.0000,0.0000,0.0000,0.0000,0.4900,0.4300,0.0000,0.0000,0,0,0,0,0,0,0,1,0,0,0,0,0,0,0,0,1,1,0,0,0.1342,0.0941,0.1359,0.0626,0.0969,0.0296,0.0877,0.1154,0.0217,0.1340,0.000,0.000,0.000,0.000,0.000,0.000,0.000,0.147,0.000,0.000,semi-presidential,parliamentary,parliamentary,parliamentary,parliamentary,semi-presidential,semi-presidential,electoral-authoritarian,electoral-authoritarian,parliamentary,0.800,0.800,0.800,0.800,0.800,0.800,0.321,0.500,0.500,0.800,100.0,55.4,38.9,94.3,100.0,100.0,100.0,100.0,83.4,32.7
2029-12-01,1.0212,0.9810,1.0128,1.0086,1.1464,1.0031,1.0076,1.0079,1.0325,1.0129,0.9800,1.0020,1.0966,1.0074,1.0500,1.0292,1.1656,1.0520,1.0550,1.0095,1.0473,1.0235,0.9814,1.0020,3743.17,5481.04,4202.58,2728.51,2082.31,1260.46,190.36,2782.18,1971.60,566.19,1.0770,0.6075,1.0126,1.3253,0.9616,0.4155,1.2697,0.2534,0.1964,-0.2607,0.6747,0.7623,0.6493,0.6200,0.6744,0.7739,0.4839,0.6757,0.6928,0.6550,0.0117,0.0095,0.0187,0.0144,0.0142,0.0000,0.0660,0.0014,0.0100,0.0092,0.9808,0.9801,0.9905,0.9797,0.9815,1.0000,0.9684,1.0000,0.9751,1.0000,57.19,203.28,84.75,56.16,65.09,12.66,5.78,251.48,68.23,85.56,0.0000,0.0000,0.0000,0.0000,0.0000,0.0000,0.4587,0.0419,0.0000,0.0000,104304,74663,53998,54750,86225,66964,95775,572442,131417,91336,0,0,0,0,0,0,0,0,0,0,0.0000,0.0000,0.0000,0.0000,0.0000,0.0000,0.5000,0.4400,0.0000,0.0000,0,0,0,0,0,0,0,1,0,0,0,0,0,0,0,0,1,1,0,0,0.1327,0.0918,0.1338,0.0604,0.0956,0.0279,0.0854,0.1156,0.0208,0.1351,0.000,0.000,0.000,0.000,0.000,0.000,0.000,0.149,0.000,0.000,semi-presidential,parliamentary,parliamentary,parliamentary,parliamentary,semi-presidential,semi-presidential,electoral-authoritarian,electoral-authoritarian,parliamentary,0.800,0.800,0.800,0.800,0.800,0.800,0.331,0.500,0.500,0.800,100.0,58.7,41.8,97.0,100.0,100.0,100.0,100.0,86.5,35.3
2030-01-01,1.0192,0.9787,1.0147,1.0067,1.1379,1.0025,1.0094,1.0061,1.0242,1.0098,0.9783,0.9999,1.0976,1.0055,1.1060,1.0251,1.1570,1.0517,1.0488,1.0077,1.0385,1.0189,0.9797,0.9999,3748.74,5491.80,4203.20,2723.37,2086.32,1264.29,190.21,2781.59,1979.31,566.49,1.0754,0.6064,1.0126,1.3278,0.9598,0.4124,1.2708,0.2560,0.1949,-0.2753,0.6733,0.7606,0.6519,0.6230,0.6877,0.7557,0.4574,0.6704,0.7314,0.6394,0.0154,0.0114,0.0222,0.0176,0.0179,0.0000,0.0648,0.0014,0.0122,0.0096,0.9804,0.9796,0.9903,0.9792,0.9811,1.0000,0.9700,1.0000,0.9746,1.0000,57.12,202.17,84.62,56.73,65.52,12.29,5.68,253.78,68.24,84.95,0.0000,0.0000,0.0000,0.0000,0.0000,0.0000,0.4589,0.0428,0.0000,0.0000,104304,74663,53998,54750,86225,66964,95775,572442,131417,91336,0,0,0,0,0,0,0,0,0,0,0.0000,0.0000,0.0000,0.0000,0.0000,0.0000,0.5100,0.4500,0.0000,0.0000,0,0,0,0,0,0,0,1,0,0,0,0,0,0,0,0,1,1,0,0,0.1266,0.0882,0.1286,0.0578,0.0913,0.0283,0.0749,0.1137,0.0187,0.1327,0.000,0.000,0.000,0.000,0.000,0.000,0.000,0.151,0.000,0.000,semi-presidential,parliamentary,parliamentary,parliamentary,parliamentary,semi-presidential,semi-presidential,electoral-authoritarian,electoral-authoritarian,parliamentary,0.800,0.800,0.800,0.800,0.800,0.800,0.341,0.500,0.500,0.800,100.0,62.0,44.7,99.8,100.0,100.0,100.0,100.0,89.8,37.9
2030-02-01,1.0150,0.9805,1.0182,1.0041,1.1253,0.9995,1.0098,1.0047,1.0186,1.0083,0.9769,0.9965,1.0911,1.0253,1.1620,1.0194,1.1444,1.0484,1.0184,1.0062,1.0325,1.0193,0.9783,0.9965,3750.07,5497.81,4195.82,2727.78,2090.42,1268.53,190.09,2781.88,1984.89,565.86,1.0751,0.6056,1.0145,1.3258,0.9581,0.4092,1.2717,0.2585,0.1936,-0.2903,0.6613,0.7474,0.6368,0.5968,0.6843,0.7396,0.4302,0.6422,0.7250,0.6557,0.0200,0.0149,0.0237,0.0229,0.0228,0.0015,0.0616,0.0012,0.0161,0.0092,0.9645,0.9654,0.9819,0.9657,0.9654,0.9890,0.9662,1.0000,0.9631,1.0000,56.03,199.76,83.33,55.91,64.48,12.07,5.68,249.20,67.57,84.78,0.0000,0.0000,0.0000,0.0000,0.0000,0.0000,0.4588,0.0430,0.0000,0.0000,104304,74663,53998,54750,86225,66964,95775,572442,131417,91336,0,0,0,0,0,0,0,0,0,0,0.0000,0.0000,0.0000,0.0000,0.0000,0.0000,0.5200,0.4600,0.0000,0.0000,0,0,0,0,0,0,0,1,0,0,0,0,0,0,0,0,1,1,0,0,0.1149,0.0815,0.1171,0.0514,0.0823,0.0246,0.0663,0.1091,0.0154,0.1317,0.000,0.000,0.000,0.000,0.000,0.000,0.000,0.154,0.000,0.000,semi-presidential,parliamentary,parliamentary,parliamentary,parliamentary,semi-presidential,semi-presidential,electoral-authoritarian,electoral-authoritarian,parliamentary,0.800,0.800,0.800,0.800,0.800,0.800,0.351,0.500,0.500,0.800,100.0,65.1,47.5,100.0,100.0,100.0,100.0,100.0,93.2,40.5
2030-03-01,1.0116,0.9815,1.0198,1.0021,1.1107,0.9979,1.0091,1.0057,1.0126,1.0064,0.9757,0.9958,1.0875,1.0115,1.1105,1.0021,1.1298,1.0465,1.0107,1.0213,1.0261,1.0159,0.9770,0.9958,3758.91,5524.70,4199.29,2734.12,2097.48,1276.53,189.83,2791.14,1994.69,565.63,1.0727,0.6027,1.0135,1.3229,0.9548,0.4049,1.2736,0.2602,0.1918,-0.3051,0.6482,0.7408,0.6112,0.6094,0.6766,0.7347,0.4132,0.6149,0.7019,0.6554,0.0151,0.0116,0.0129,0.0178,0.0178,0.0002,0.0570,0.0012,0.0124,0.0090,0.9779,0.9774,0.9890,0.9769,0.9783,0.9983,0.9688,1.0000,0.9724,1.0000,55.56,199.16,82.57,56.16,64.78,12.05,5.57,249.83,67.56,84.65,0.0000,0.0000,0.0000,0.0000,0.0000,0.0000,0.4589,0.0427,0.0000,0.0000,104304,74663,53998,54750,86225,66964,95775,572442,131417,91336,0,0,0,0,0,0,0,0,0,0,0.0000,0.0000,0.0000,0.0000,0.0000,0.0000,0.5300,0.4700,0.0000,0.0000,0,0,0,0,0,0,0,1,0,0,0,0,0,0,0,0,1,1,0,0,0.1291,0.0884,0.1334,0.0582,0.0937,0.0250,0.0626,0.1125,0.0168,0.1314,0.000,0.000,0.000,0.000,0.000,0.000,0.000,0.150,0.000,0.000,semi-presidential,parliamentary,parliamentary,parliamentary,parliamentary,semi-presidential,semi-presidential,electoral-authoritarian,electoral-authoritarian,parliamentary,0.800,0.800,0.800,0.800,0.800,0.800,0.361,0.500,0.500,0.800,100.0,68.3,50.1,100.0,100.0,100.0,100.0,100.0,96.3,43.1
2030-04-01,1.0104,0.9860,1.0193,0.9964,1.0963,0.9960,1.0078,1.0040,1.0054,1.0023,0.9743,0.9968,1.0889,1.0970,1.0574,0.9964,1.1153,1.0444,1.0094,1.0055,1.0184,1.0104,0.9757,0.9971,3772.62,5532.19,4202.43,2737.30,2105.04,1284.70,189.24,2796.88,2005.60,565.02,1.0689,0.6019,1.0128,1.3215,0.9514,0.4006,1.2778,0.2611,0.1900,-0.3202,0.6529,0.7659,0.6282,0.6278,0.6806,0.7539,0.4061,0.6251,0.7021,0.6614,0.0208,0.0190,0.0140,0.0230,0.0236,0.0074,0.0592,0.0011,0.0181,0.0074,0.9079,0.9133,0.9524,0.9162,0.9098,0.9469,0.9577,1.0000,0.9184,1.0000,55.93,198.64,82.07,56.74,65.65,11.75,5.52,254.97,68.15,84.45,0.0000,0.0000,0.0000,0.0000,0.0000,0.0000,0.4588,0.0429,0.0000,0.0000,104304,74663,53998,54750,86225,66964,95775,572442,131417,91336,0,0,0,0,0,0,0,0,0,0,0.0000,0.0000,0.0000,0.0000,0.0000,0.0000,0.5400,0.4800,0.0000,0.0000,0,0,0,0,0,0,0,1,0,0,0,0,0,0,0,0,1,1,0,0,0.1348,0.0916,0.1399,0.0612,0.0984,0.0259,0.0650,0.1154,0.0181,0.1316,0.000,0.000,0.000,0.000,0.000,0.000,0.000,0.150,0.000,0.000,semi-presidential,parliamentary,parliamentary,parliamentary,parliamentary,semi-presidential,semi-presidential,electoral-authoritarian,electoral-authoritarian,parliamentary,0.800,0.800,0.800,0.800,0.800,0.800,0.371,0.500,0.500,0.800,100.0,71.6,52.8,100.0,100.0,100.0,100.0,30.0,99.5,45.8
2030-05-01,1.0120,0.9945,1.0206,0.9917,1.0781,0.9948,1.0047,1.0052,1.0000,0.9987,0.9779,0.9979,1.0939,1.2093,1.0969,0.9917,1.0971,1.0459,1.0062,1.0304,1.0126,1.0069,1.0734,0.9982,3775.75,5552.59,4207.89,2744.90,2103.45,1289.52,188.43,2797.28,2015.01,564.97,1.0681,0.5998,1.0115,1.3180,0.9522,0.3974,1.2876,0.2625,0.1884,-0.3349,0.6608,0.7528,0.6415,0.6304,0.6833,0.7652,0.3821,0.5937,0.7243,0.6537,0.0396,0.0313,0.0273,0.0367,0.0412,0.0167,0.0672,0.0019,0.0306,0.0136,0.8241,0.8352,0.9097,0.8384,0.8251,0.8806,0.9483,1.0000,0.8413,1.0000,57.28,199.99,83.53,58.06,67.25,11.73,5.59,262.80,68.64,83.96,0.0000,0.0000,0.0000,0.0000,0.0000,0.0000,0.4587,0.0431,0.0000,0.0000,104304,74663,53998,54750,86225,66964,95775,572442,131417,91336,0,0,0,0,0,0,0,0,0,0,0.0000,0.0000,0.0000,0.0000,0.0000,0.0000,0.5500,0.4900,0.0000,0.0000,0,0,0,0,0,0,0,1,0,0,0,0,0,0,0,0,1,1,0,0,0.1359,0.0919,0.1407,0.0679,0.0996,0.0259,0.0632,0.1191,0.0185,0.1321,0.000,0.000,0.000,0.000,0.000,0.000,0.000,0.148,0.000,0.000,semi-presidential,parliamentary,parliamentary,parliamentary,parliamentary,semi-presidential,semi-presidential,electoral-authoritarian,electoral-authoritarian,parliamentary,0.800,0.800,0.800,0.800,0.800,0.800,0.381,0.500,0.500,0.800,100.0,74.8,55.7,100.0,100.0,100.0,100.0,32.5,100.0,48.4
2030-06-01,1.0098,0.9992,1.0212,0.9879,1.0607,0.9929,1.0038,1.0050,0.9963,0.9991,0.9789,0.9984,1.0871,1.1181,1.0643,0.9879,1.0797,1.0436,1.0053,1.0065,1.0087,1.0113,1.0047,0.9986,3785.31,5575.09,4229.28,2749.84,2110.98,1295.44,188.50,2796.06,2017.93,565.62,1.0652,0.5974,1.0065,1.3157,0.9488,0.3939,1.2875,0.2641,0.1873,-0.3493,0.6362,0.7544,0.6380,0.6337,0.6388,0.7512,0.3518,0.5829,0.7038,0.6586,0.0228,0.0199,0.0157,0.0241,0.0254,0.0079,0.0586,0.0012,0.0188,0.0084,0.9025,0.9085,0.9499,0.9115,0.9043,0.9435,0.9582,1.0000,0.9143,1.0000,56.15,198.98,83.36,57.48,65.47,11.80,5.61,257.07,68.26,84.86,0.0000,0.0000,0.0000,0.0000,0.0000,0.0000,0.4587,0.0431,0.0000,0.0000,104304,74663,53998,54750,86225,66964,95775,572442,131417,91336,0,0,0,0,0,0,0,0,0,0,0.0000,0.0000,0.0000,0.0000,0.0000,0.0000,0.5600,0.5000,0.0000,0.0000,0,0,0,0,0,0,0,1,0,0,0,0,0,0,0,0,0,0,0,0,0.1359,0.0921,0.1408,0.0684,0.0996,0.0261,0.0634,0.1169,0.0189,0.1323,0.000,0.000,0.000,0.000,0.000,0.000,0.000,0.148,0.000,0.000,semi-presidential,parliamentary,parliamentary,parliamentary,parliamentary,semi-presidential,semi-presidential,electoral-authoritarian,electoral-authoritarian,parliamentary,0.800,0.800,0.800,0.800,0.800,0.800,0.391,0.500,0.500,0.800,100.0,78.0,58.5,100.0,100.0,100.0,100.0,35.0,100.0,51.1
2030-07-01,1.0069,1.0013,1.0179,0.9875,1.0480,0.9934,1.0023,0.9998,0.9936,0.9995,0.9798,0.9974,1.0069,1.0248,1.0179,1.0087,1.0480,0.9934,1.0023,0.9998,0.9936,1.0130,1.0126,0.9974,3799.53,5594.48,4231.78,2751.79,2114.99,1301.40,189.75,2804.06,2025.93,565.57,1.0612,0.5953,1.0059,1.3148,0.9470,0.3905,1.2802,0.2647,0.1858,-0.3641,0.6418,0.7591,0.6823,0.6386,0.6605,0.7573,0.3891,0.5791,0.6585,0.6761,0.0040,0.0026,0.0127,0.0024,0.0035,0.0020,0.0103,0.0003,0.0020,0.0014,0.9793,0.9812,0.9891,0.9828,0.9801,0.9855,0.9967,1.0000,0.9860,1.0000,57.93,202.36,83.74,58.49,65.76,11.34,10.12,266.24,69.82,85.51,0.0000,0.0000,0.0000,0.0000,0.0000,0.0000,0.0000,0.0000,0.0000,0.0000,104304,74663,53998,54750,86225,66964,95775,572442,131417,91336,0,0,0,0,0,0,0,0,0,0,0.0000,0.0000,0.0000,0.0000,0.0000,0.0000,0.5400,0.4800,0.0000,0.0000,0,0,0,0,0,0,0,1,0,0,0,0,0,0,0,0,0,0,0,0,0.1295,0.0883,0.1402,0.0643,0.0945,0.0248,0.0737,0.1174,0.0176,0.1348,0.000,0.000,0.000,0.000,0.000,0.000,0.000,0.149,0.000,0.000,semi-presidential,parliamentary,parliamentary,parliamentary,parliamentary,semi-presidential,semi-presidential,electoral-authoritarian,electoral-authoritarian,parliamentary,0.800,0.840,0.800,0.800,0.800,0.800,0.401,0.500,0.500,0.800,100.0,66.3,61.5,100.0,100.0,100.0,100.0,37.4,100.0,53.8
2030-08-01,1.0033,1.0008,1.0098,0.9867,1.0392,0.9932,1.0023,0.9960,0.9942,1.0022,0.9795,0.9965,1.0033,1.0008,1.0098,1.0069,1.0392,0.9932,1.0027,0.9960,1.0051,1.0160,0.9795,0.9965,3816.08,5597.98,4251.07,2753.72,2118.66,1305.99,190.69,2808.69,2032.06,566.25,1.0566,0.5950,1.0015,1.3139,0.9454,0.3875,1.2760,0.2658,0.1845,-0.3783,0.6595,0.7566,0.6713,0.6387,0.6697,0.7533,0.4993,0.6093,0.6859,0.6769,0.0000,0.0000,0.0097,0.0001,0.0003,0.0000,0.0088,0.0005,0.0004,0.0003,1.0000,1.0000,1.0000,1.0000,1.0000,1.0000,1.0000,1.0000,1.0000,1.0000,57.90,201.76,82.39,57.93,65.93,10.99,9.44,268.40,70.43,85.11,0.0000,0.0000,0.0000,0.0000,0.0000,0.0000,0.0000,0.0000,0.0000,0.0000,104304,74663,53998,54750,86225,66964,95775,572442,131417,91336,0,0,0,0,0,0,0,0,0,0,0.0000,0.0000,0.0000,0.0000,0.0000,0.0000,0.5200,0.4600,0.0000,0.0000,0,0,0,0,0,0,0,1,0,0,0,0,0,0,0,0,0,0,0,0,0.1359,0.0878,0.1393,0.0635,0.0942,0.0245,0.0780,0.1170,0.0209,0.1351,0.000,0.000,0.000,0.000,0.000,0.000,0.000,0.150,0.000,0.000,semi-presidential,parliamentary,parliamentary,parliamentary,parliamentary,semi-presidential,semi-presidential,electoral-authoritarian,electoral-authoritarian,parliamentary,0.800,0.830,0.800,0.800,0.800,0.800,0.411,0.500,0.500,0.800,100.0,69.5,64.5,100.0,100.0,100.0,100.0,40.0,100.0,56.6
2030-09-01,0.9980,0.9989,1.0032,0.9864,1.0317,0.9952,0.9977,0.9927,0.9979,1.0048,0.9794,0.9971,0.9980,0.9989,1.0033,1.0067,1.0317,1.0443,0.9977,0.9927,1.0708,1.0122,0.9794,0.9973,3820.13,5609.20,4272.72,2762.96,2120.30,1313.97,191.32,2815.11,2044.90,566.01,1.0555,0.5939,0.9964,1.3095,0.9447,0.3836,1.2748,0.2666,0.1826,-0.3932,0.6720,0.7424,0.7038,0.6429,0.6723,0.7482,0.5457,0.5855,0.6941,0.6916,0.0009,0.0010,0.0115,0.0017,0.0027,0.0006,0.0114,0.0029,0.0029,0.0022,1.0000,1.0000,1.0000,1.0000,1.0000,1.0000,1.0000,1.0000,1.0000,1.0000,57.39,200.18,80.62,56.60,64.68,10.73,9.17,264.64,70.30,84.67,0.0000,0.0000,0.0000,0.0000,0.0000,0.0000,0.0000,0.0000,0.0000,0.0000,104304,74663,53998,54750,86225,66964,95775,572442,131417,91336,0,0,0,0,0,0,0,0,0,0,0.0000,0.0000,0.0000,0.0000,0.0000,0.0000,0.5000,0.4400,0.0000,0.0000,0,0,0,0,0,0,0,1,0,0,0,0,0,0,0,0,0,0,0,0,0.1435,0.0908,0.1462,0.0664,0.0993,0.0254,0.0804,0.1170,0.0222,0.1354,0.000,0.000,0.000,0.000,0.000,0.000,0.000,0.150,0.000,0.000,semi-presidential,parliamentary,parliamentary,parliamentary,parliamentary,semi-presidential,semi-presidential,electoral-authoritarian,electoral-authoritarian,parliamentary,0.800,0.820,0.800,0.800,0.800,0.800,0.421,0.500,0.500,0.800,100.0,72.6,67.7,100.0,100.0,100.0,100.0,42.5,100.0,59.4
2030-10-01,0.9951,0.9974,0.9969,0.9842,1.0307,0.9947,0.9938,0.9916,0.9997,1.0062,0.9816,0.9962,0.9951,0.9974,0.9970,1.0049,1.0307,0.9947,0.9938,0.9916,1.0355,1.0096,1.0400,0.9962,3828.56,5629.50,4280.82,2763.47,2131.13,1319.57,191.93,2821.79,2052.15,566.17,1.0532,0.5918,0.9946,1.3093,0.9399,0.3804,1.2746,0.2675,0.1812,-0.4077,0.6622,0.7486,0.7271,0.6632,0.6627,0.7576,0.5481,0.5866,0.7201,0.6909,0.0019,0.0000,0.0123,0.0004,0.0023,0.0000,0.0116,0.0017,0.0014,0.0035,1.0000,1.0000,1.0000,1.0000,1.0000,1.0000,1.0000,1.0000,1.0000,1.0000,58.15,200.99,81.18,57.01,65.27,11.19,9.27,268.55,71.24,84.44,0.0000,0.0000,0.0000,0.0000,0.0000,0.0000,0.0000,0.0000,0.0000,0.0000,104304,74663,53998,54750,86225,66964,95775,572442,131417,91336,0,0,0,0,0,0,0,0,0,0,0.0000,0.0000,0.0000,0.0000,0.0000,0.0000,0.4800,0.4200,0.0000,0.0000,0,0,0,0,0,0,0,1,0,0,0,0,0,0,0,0,0,0,0,0,0.1359,0.0871,0.1394,0.0629,0.0995,0.0253,0.0865,0.1182,0.0209,0.1333,0.000,0.000,0.000,0.000,0.000,0.000,0.000,0.150,0.000,0.000,semi-presidential,parliamentary,parliamentary,parliamentary,parliamentary,semi-presidential,semi-presidential,electoral-authoritarian,electoral-authoritarian,parliamentary,0.800,0.810,0.800,0.800,0.800,0.800,0.431,0.500,0.500,0.800,100.0,75.8,71.0,100.0,100.0,100.0,100.0,44.9,100.0,62.2
2030-11-01,0.9902,0.9966,0.9929,0.9823,1.0297,0.9911,0.9917,0.9946,0.9986,1.0068,0.9818,0.9933,0.9902,0.9966,0.9931,1.0023,1.0297,0.9911,0.9917,1.0547,0.9986,1.0078,0.9865,0.9933,3835.69,5634.54,4287.84,2762.80,2135.50,1322.51,192.42,2825.27,2062.03,567.21,1.0513,0.5913,0.9931,1.3097,0.9380,0.3781,1.2762,0.2687,0.1795,-0.4215,0.6629,0.7698,0.7032,0.6424,0.7018,0.7497,0.5558,0.5875,0.7196,0.6899,0.0031,0.0000,0.0136,0.0000,0.0021,0.0000,0.0097,0.0005,0.0002,0.0041,1.0000,1.0000,1.0000,1.0000,1.0000,1.0000,1.0000,1.0000,1.0000,1.0000,57.42,202.83,84.83,56.75,64.48,11.51,9.08,264.28,70.44,84.15,0.0000,0.0000,0.0000,0.0000,0.0000,0.0000,0.0000,0.0000,0.0000,0.0000,104304,74663,53998,54750,86225,66964,95775,572442,131417,91336,0,0,0,0,0,0,0,0,0,0,0.0000,0.0000,0.0000,0.0000,0.0000,0.0000,0.4600,0.4000,0.0000,0.0000,0,0,0,0,0,0,0,1,0,0,0,0,0,0,0,0,0,0,0,0,0.1216,0.0800,0.1241,0.0555,0.0883,0.0228,0.0832,0.1147,0.0174,0.1325,0.000,0.000,0.000,0.000,0.000,0.000,0.000,0.153,0.000,0.000,semi-presidential,parliamentary,parliamentary,parliamentary,parliamentary,semi-presidential,semi-presidential,electoral-authoritarian,electoral-authoritarian,parliamentary,0.800,0.800,0.800,0.800,0.800,0.840,0.441,0.500,0.500,0.800,100.0,79.0,74.2,100.0,100.0,90.0,100.0,47.4,100.0,65.1
2030-12-01,0.9856,0.9961,0.9875,0.9806,1.0267,0.9891,0.9909,0.9967,0.9989,1.0064,0.9802,0.9908,0.9856,0.9961,0.9878,1.0009,1.0267,0.9891,0.9909,1.0397,1.0043,1.0064,0.9802,0.9908,3831.23,5621.99,4294.41,2761.66,2140.33,1328.07,192.57,2831.41,2074.56,567.29,1.0526,0.5926,0.9916,1.3104,0.9360,0.3750,1.2803,0.2697,0.1777,-0.4360,0.6622,0.7526,0.7000,0.6356,0.7023,0.7207,0.5609,0.5956,0.7156,0.7032,0.0021,0.0000,0.0126,0.0001,0.0015,0.0000,0.0093,0.0005,0.0003,0.0030,1.0000,1.0000,1.0000,1.0000,1.0000,1.0000,1.0000,1.0000,1.0000,1.0000,57.46,203.47,85.76,56.85,64.49,11.72,9.12,263.94,70.64,84.19,0.0000,0.0000,0.0000,0.0000,0.0000,0.0000,0.0000,0.0000,0.0000,0.0000,104304,74663,53998,54750,86225,66964,95775,572442,131417,91336,0,0,0,0,0,0,0,0,0,0,0.0000,0.0000,0.0000,0.0000,0.0000,0.0000,0.4400,0.3800,0.0000,0.0000,0,0,0,0,0,0,0,1,0,0,0,0,0,0,0,0,0,0,0,0,0.1216,0.0796,0.1239,0.0548,0.0878,0.0214,0.0790,0.1119,0.0162,0.1323,0.000,0.000,0.000,0.000,0.000,0.000,0.000,0.155,0.000,0.000,semi-presidential,parliamentary,parliamentary,parliamentary,parliamentary,semi-presidential,semi-presidential,electoral-authoritarian,electoral-authoritarian,parliamentary,0.800,0.800,0.800,0.800,0.800,0.830,0.451,0.500,0.500,0.800,100.0,82.2,77.3,100.0,100.0,93.0,100.0,49.9,100.0,68.0
2031-01-01,0.9837,0.9985,0.9817,0.9813,1.0259,0.9887,0.9883,0.9966,0.9987,1.0060,0.9770,0.9897,0.9837,1.0589,0.9821,1.0148,1.0259,0.9887,0.9883,1.0022,1.0038,1.0061,0.9770,0.9897,3841.91,5624.38,4299.75,2768.07,2145.26,1334.48,192.73,2838.20,2084.04,567.43,1.0497,0.5924,0.9904,1.3075,0.9339,0.3718,1.2847,0.2706,0.1761,-0.4435,0.6455,0.7183,0.6852,0.6308,0.6946,0.7298,0.5394,0.6134,0.7211,0.7009,0.0076,0.0075,0.0153,0.0109,0.0075,0.0053,0.0107,0.0002,0.0055,0.0005,0.9475,0.9522,0.9729,0.9555,0.9491,0.9625,0.9919,1.0000,0.9621,1.0000,58.61,202.74,84.37,56.66,65.44,11.64,9.31,271.15,72.01,83.81,0.0000,0.0000,0.0000,0.0000,0.0000,0.0000,0.0000,0.0000,0.0000,0.0000,104304,74663,53998,54750,86225,66964,95775,572442,131417,91336,0,0,0,0,0,0,0,0,0,0,0.0000,0.0000,0.0000,0.0000,0.0000,0.0000,0.4200,0.3600,0.0000,0.0000,0,0,0,0,0,0,0,1,0,0,0,0,0,0,0,0,0,0,0,0,0.1305,0.0825,0.1329,0.0610,0.0945,0.0216,0.0826,0.1154,0.0170,0.1354,0.000,0.000,0.000,0.000,0.000,0.000,0.000,0.156,0.000,0.000,semi-presidential,parliamentary,parliamentary,parliamentary,parliamentary,semi-presidential,semi-presidential,electoral-authoritarian,electoral-authoritarian,parliamentary,0.800,0.800,0.800,0.800,0.800,0.820,0.461,0.500,0.500,0.800,100.0,85.2,80.4,100.0,100.0,96.0,100.0,52.6,100.0,70.8
2031-02-01,0.9870,0.9998,0.9786,0.9829,1.0229,0.9905,0.9902,0.9961,0.9999,1.0056,0.9745,0.9890,1.1020,1.0324,0.9792,1.0200,1.0229,1.0334,1.0352,0.9961,1.0268,1.0056,0.9745,0.9890,3848.83,5611.31,4315.24,2772.95,2149.14,1338.35,192.97,2836.63,2098.29,567.36,1.0479,0.5939,0.9870,1.3053,0.9322,0.3692,1.2890,0.2722,0.1741,-0.4581,0.6565,0.7095,0.6749,0.6516,0.6894,0.7390,0.5335,0.6309,0.7071,0.7092,0.0139,0.0127,0.0199,0.0173,0.0138,0.0092,0.0359,0.0013,0.0084,0.0026,0.9713,0.9740,0.9851,0.9761,0.9723,0.9799,0.9953,1.0000,0.9805,1.0000,58.55,202.41,83.68,57.16,65.75,11.57,9.50,271.85,72.80,83.15,0.0000,0.0000,0.0000,0.0000,0.0000,0.0000,0.0000,0.0000,0.0000,0.0000,104304,74663,53998,54750,86225,66964,95775,572442,131417,91336,0,0,0,0,0,0,0,0,0,0,0.0000,0.0000,0.0000,0.0000,0.0000,0.0000,0.4000,0.3400,0.0000,0.0000,0,0,0,0,0,0,0,1,0,0,0,0,0,0,0,0,0,0,0,0,0.1330,0.0836,0.1352,0.0619,0.0964,0.0212,0.0792,0.1176,0.0169,0.1362,0.000,0.000,0.000,0.000,0.000,0.000,0.000,0.157,0.000,0.000,semi-presidential,parliamentary,parliamentary,parliamentary,parliamentary,semi-presidential,semi-presidential,electoral-authoritarian,electoral-authoritarian,parliamentary,0.800,0.800,0.800,0.800,0.800,0.810,0.471,0.500,0.500,0.800,100.0,88.2,83.4,100.0,100.0,99.1,30.0,55.3,100.0,73.8
2031-03-01,0.9914,1.0008,0.9771,0.9824,1.0237,0.9917,0.9931,0.9985,0.9977,1.0073,0.9728,0.9887,1.1602,1.0284,0.9778,1.0034,1.0308,1.0238,1.0573,1.0423,0.9977,1.0086,0.9728,0.9887,3861.44,5598.83,4321.02,2773.85,2151.99,1344.24,193.50,2844.99,2108.61,568.70,1.0445,0.5952,0.9857,1.3049,0.9311,0.3661,1.2915,0.2729,0.1725,-0.4717,0.6552,0.6800,0.6869,0.6581,0.6808,0.7248,0.5055,0.6140,0.7308,0.7043,0.0191,0.0140,0.0247,0.0138,0.0191,0.0119,0.0358,0.0006,0.0104,0.0074,0.9757,0.9780,0.9874,0.9799,0.9766,0.9831,0.9960,1.0000,0.9836,1.0000,57.73,203.34,86.93,57.84,66.16,11.74,9.34,268.64,72.36,83.06,0.0000,0.0000,0.0000,0.0000,0.0000,0.0000,0.0000,0.0000,0.0000,0.0000,104304,74663,53998,54750,86225,66964,95775,572442,131417,91336,0,0,0,0,0,0,0,0,0,0,0.0000,0.0000,0.0000,0.0000,0.0000,0.0000,0.3800,0.3200,0.0000,0.0000,0,0,0,0,0,0,0,1,0,0,0,0,0,0,0,0,0,0,0,0,0.1350,0.0852,0.1380,0.0642,0.0977,0.0218,0.0836,0.1186,0.0171,0.1344,0.000,0.000,0.000,0.000,0.000,0.000,0.000,0.158,0.000,0.000,semi-presidential,parliamentary,parliamentary,parliamentary,parliamentary,semi-presidential,semi-presidential,electoral-authoritarian,electoral-authoritarian,parliamentary,0.800,0.800,0.800,0.800,0.800,0.800,0.481,0.500,0.500,0.800,100.0,91.0,86.4,100.0,100.0,100.0,32.5,57.9,100.0,76.7
2031-04-01,0.9942,1.0000,0.9769,0.9840,1.0227,0.9918,0.9938,1.0010,0.9983,1.0076,0.9703,0.9860,1.0932,1.0000,0.9777,1.0152,1.0227,0.9963,1.0162,1.0578,1.0176,1.0084,0.9703,0.9860,3869.93,5601.00,4311.03,2773.69,2154.23,1349.00,194.00,2853.07,2125.22,570.70,1.0423,0.5951,0.9881,1.3051,0.9299,0.3684,1.2946,0.2736,0.1704,-0.4846,0.6618,0.6601,0.6708,0.6488,0.6669,0.7351,0.5328,0.6309,0.7176,0.7135,0.0101,0.0068,0.0182,0.0109,0.0094,0.0050,0.0338,0.0012,0.0045,0.0052,1.0000,1.0000,1.0000,1.0000,1.0000,1.0000,1.0000,1.0000,1.0000,1.0000,59.37,204.54,86.02,57.08,66.79,12.19,9.43,274.82,73.67,84.16,0.0000,0.0000,0.0000,0.0000,0.0000,0.0000,0.0000,0.0000,0.0000,0.0000,104304,74663,53998,54750,86225,66964,95775,572442,131417,91336,0,0,0,0,0,0,0,0,0,0,0.0000,0.0000,0.0000,0.0000,0.0000,0.0000,0.3600,0.3000,0.0000,0.0000,0,0,0,0,0,0,0,1,0,0,0,0,0,0,0,0,0,0,0,0,0.1173,0.0760,0.1191,0.0535,0.0841,0.0194,0.0789,0.1168,0.0140,0.1364,0.000,0.000,0.000,0.000,0.000,0.000,0.000,0.161,0.000,0.000,semi-presidential,parliamentary,parliamentary,parliamentary,parliamentary,semi-presidential,semi-presidential,electoral-authoritarian,electoral-authoritarian,parliamentary,0.800,0.800,0.800,0.800,0.800,0.800,0.491,0.500,0.500,0.800,100.0,93.6,89.4,100.0,100.0,100.0,35.1,60.7,100.0,79.7
2031-05-01,0.9966,0.9984,0.9788,0.9861,1.0236,0.9910,0.9937,1.0003,1.0006,1.0072,0.9705,0.9842,1.0846,0.9984,1.0593,1.0243,1.0304,0.9910,0.9964,1.0003,1.0520,1.0072,0.9798,0.9842,3878.30,5605.09,4294.84,2768.06,2154.87,1354.12,194.50,2861.52,2132.42,570.79,1.0401,0.5947,0.9919,1.3079,0.9296,0.3655,1.2978,0.2762,0.1691,-0.4992,0.6638,0.6765,0.6279,0.6363,0.6608,0.7365,0.5455,0.6636,0.7476,0.7371,0.0117,0.0095,0.0201,0.0199,0.0145,0.0043,0.0322,0.0021,0.0081,0.0051,1.0000,1.0000,1.0000,1.0000,1.0000,1.0000,1.0000,1.0000,1.0000,1.0000,59.85,203.39,84.62,57.72,66.63,12.20,9.46,275.51,74.02,84.40,0.0000,0.0000,0.0000,0.0000,0.0000,0.0000,0.0000,0.0000,0.0000,0.0000,104304,74663,53998,54750,86225,66964,95775,572442,131417,91336,0,0,0,0,0,0,0,0,0,0,0.0000,0.0000,0.0000,0.0000,0.0000,0.0000,0.3400,0.2800,0.0000,0.0000,0,0,0,0,0,0,0,1,0,0,0,0,0,0,0,0,0,0,0,0,0.1211,0.0767,0.1234,0.0549,0.0868,0.0188,0.0798,0.1166,0.0134,0.1370,0.000,0.000,0.000,0.000,0.000,0.000,0.000,0.163,0.000,0.000,semi-presidential,parliamentary,parliamentary,parliamentary,parliamentary,semi-presidential,semi-presidential,electoral-authoritarian,electoral-authoritarian,parliamentary,0.800,0.800,0.800,0.800,0.800,0.800,0.501,0.500,0.500,0.800,100.0,96.4,92.1,100.0,100.0,100.0,37.9,63.6,100.0,82.8
2031-06-01,0.9984,0.9937,0.9816,0.9911,1.0213,0.9872,0.9948,1.0016,0.9997,1.0099,0.9707,0.9828,1.0630,0.9937,1.0901,1.0359,1.0213,0.9872,1.0254,1.0313,0.9997,1.0127,0.9821,0.9828,3887.11,5593.04,4293.02,2773.64,2164.48,1357.07,194.83,2863.97,2141.67,571.10,1.0377,0.5961,0.9922,1.3054,0.9255,0.3634,1.3022,0.2777,0.1676,-0.5136,0.6635,0.6878,0.5950,0.6077,0.6549,0.7380,0.5672,0.6579,0.7343,0.7164,0.0142,0.0096,0.0222,0.0218,0.0132,0.0031,0.0324,0.0004,0.0067,0.0054,1.0000,1.0000,1.0000,1.0000,1.0000,1.0000,1.0000,1.0000,1.0000,1.0000,60.17,203.58,84.55,58.14,66.78,12.45,9.37,275.31,73.62,84.61,0.0000,0.0000,0.0000,0.0000,0.0000,0.0000,0.0000,0.0000,0.0000,0.0000,104304,74663,53998,54750,86225,66964,95775,572442,131417,91336,0,0,0,0,0,0,0,0,0,0,0.0000,0.0000,0.0000,0.0000,0.0000,0.0000,0.3200,0.2600,0.0000,0.0000,0,0,0,0,0,0,0,1,0,0,0,0,0,0,0,0,0,0,0,0,0.1239,0.0778,0.1261,0.0556,0.0922,0.0183,0.0759,0.1152,0.0130,0.1368,0.000,0.000,0.000,0.000,0.000,0.000,0.000,0.165,0.000,0.000,semi-presidential,parliamentary,parliamentary,parliamentary,parliamentary,semi-presidential,semi-presidential,electoral-authoritarian,electoral-authoritarian,parliamentary,0.800,0.800,0.800,0.800,0.800,0.800,0.511,0.500,0.500,0.800,100.0,99.2,94.7,100.0,100.0,100.0,40.7,66.5,100.0,85.8
2031-07-01,1.0014,0.9911,0.9876,0.9975,1.0174,0.9836,0.9945,1.0022,0.9994,1.0134,0.9727,0.9804,1.1111,0.9911,1.1964,1.0480,1.0174,0.9836,0.9945,1.0203,1.0002,1.0162,1.0311,0.9804,3881.36,5590.59,4282.45,2777.13,2168.39,1362.20,194.46,2866.81,2146.63,573.03,1.0393,0.5964,0.9947,1.3039,0.9239,0.3606,1.3115,0.2791,0.1666,-0.5265,0.6634,0.6716,0.6018,0.6203,0.6825,0.7238,0.5660,0.6642,0.7297,0.7078,0.0241,0.0169,0.0302,0.0323,0.0229,0.0055,0.0339,0.0004,0.0124,0.0069,1.0000,1.0000,1.0000,1.0000,1.0000,1.0000,1.0000,1.0000,1.0000,1.0000,59.46,200.01,82.63,58.02,66.01,12.49,9.25,271.57,73.03,83.81,0.0000,0.0000,0.0000,0.0000,0.0000,0.0000,0.0000,0.0000,0.0000,0.0000,104304,74663,53998,54750,86225,66964,95775,572442,131417,91336,0,0,0,0,0,0,0,0,0,0,0.0000,0.0000,0.0000,0.0000,0.0000,0.0000,0.3000,0.2400,0.0000,0.0000,0,0,0,0,0,0,0,1,0,0,0,0,0,0,0,0,0,0,0,0,0.1144,0.0721,0.1157,0.0502,0.0845,0.0164,0.0717,0.1138,0.0105,0.1366,0.000,0.000,0.000,0.000,0.000,0.000,0.000,0.168,0.000,0.000,semi-presidential,parliamentary,parliamentary,parliamentary,parliamentary,semi-presidential,semi-presidential,electoral-authoritarian,electoral-authoritarian,parliamentary,0.800,0.800,0.800,0.800,0.800,0.800,0.521,0.520,0.500,0.800,100.0,100.0,97.2,100.0,100.0,100.0,43.5,64.4,100.0,88.7
2031-08-01,1.0039,0.9880,0.9901,1.0039,1.0103,0.9799,0.9944,1.0024,0.9999,1.0137,0.9772,0.9810,1.0927,0.9880,1.0864,1.0458,1.0103,0.9799,0.9944,1.0024,1.0005,1.0138,1.0856,0.9812,3887.04,5583.47,4284.45,2781.79,2169.69,1364.84,194.74,2876.12,2150.76,575.20,1.0376,0.5972,0.9943,1.3018,0.9234,0.3585,1.3164,0.2799,0.1655,-0.5391,0.6289,0.6733,0.5878,0.6216,0.6742,0.7334,0.5170,0.6581,0.6979,0.7269,0.0157,0.0102,0.0223,0.0221,0.0145,0.0044,0.0327,0.0005,0.0071,0.0062,1.0000,1.0000,1.0000,1.0000,1.0000,1.0000,1.0000,1.0000,1.0000,1.0000,59.95,203.86,84.37,58.12,67.16,12.63,9.41,274.75,74.23,84.62,0.0000,0.0000,0.0000,0.0000,0.0000,0.0000,0.0000,0.0000,0.0000,0.0000,104304,74663,53998,54750,86225,66964,95775,572442,131417,91336,0,0,0,0,0,0,0,0,0,0,0.0000,0.0000,0.0000,0.0000,0.0000,0.0000,0.2800,0.2200,0.0000,0.0000,0,0,0,0,0,0,0,1,0,0,0,0,0,0,0,0,0,0,0,0,0.1309,0.0805,0.1338,0.0584,0.0981,0.0171,0.0690,0.1140,0.0126,0.1366,0.000,0.000,0.000,0.000,0.000,0.000,0.000,0.169,0.000,0.000,semi-presidential,parliamentary,parliamentary,parliamentary,parliamentary,semi-presidential,semi-presidential,electoral-authoritarian,electoral-authoritarian,parliamentary,0.800,0.800,0.800,0.800,0.800,0.800,0.531,0.510,0.500,0.800,100.0,100.0,99.7,100.0,100.0,100.0,46.1,67.3,100.0,91.7
2031-09-01,1.0066,0.9849,0.9917,1.0113,1.0018,0.9807,0.9941,1.0009,0.9995,1.0144,0.9827,0.9804,1.1002,0.9849,1.0566,1.0518,1.0018,1.0011,0.9941,1.0009,0.9995,1.0151,1.1224,0.9804,3895.59,5593.37,4290.88,2781.44,2178.76,1370.25,194.96,2871.36,2154.32,575.17,1.0352,0.5962,0.9929,1.3021,0.9197,0.3557,1.3216,0.2820,0.1645,-0.5538,0.6329,0.6698,0.6050,0.6313,0.6640,0.7161,0.5275,0.6792,0.6775,0.7413,0.0153,0.0094,0.0216,0.0210,0.0136,0.0049,0.0336,0.0007,0.0062,0.0069,1.0000,1.0000,1.0000,1.0000,1.0000,1.0000,1.0000,1.0000,1.0000,1.0000,59.96,203.93,84.20,58.34,67.17,12.52,9.38,275.12,74.49,84.72,0.0000,0.0000,0.0000,0.0000,0.0000,0.0000,0.0000,0.0000,0.0000,0.0000,104304,74663,53998,54750,86225,66964,95775,572442,131417,91336,0,0,0,0,0,0,0,0,0,0,0.0000,0.0000,0.0000,0.0000,0.0000,0.0000,0.2600,0.2000,0.0000,0.0000,0,0,0,0,0,0,0,1,0,0,0,0,0,0,0,0,0,0,0,0,0.1265,0.0783,0.1291,0.0563,0.0944,0.0163,0.0662,0.1140,0.0121,0.1372,0.000,0.000,0.000,0.000,0.000,0.000,0.000,0.171,0.000,0.000,semi-presidential,parliamentary,parliamentary,parliamentary,parliamentary,semi-presidential,semi-presidential,electoral-authoritarian,electoral-authoritarian,parliamentary,0.800,0.800,0.800,0.800,0.800,0.800,0.541,0.500,0.500,0.800,100.0,100.0,100.0,100.0,100.0,100.0,48.7,70.3,100.0,94.9
2031-10-01,1.0094,0.9825,0.9953,1.0120,0.9961,0.9847,0.9960,0.9992,1.0003,1.0147,0.9863,0.9806,1.1134,0.9825,1.1316,1.0382,0.9961,1.0888,1.0315,0.9992,1.0103,1.0147,1.0730,0.9806,3889.51,5594.27,4284.46,2782.22,2181.83,1374.10,195.09,2874.05,2158.17,575.01,1.0369,0.5962,0.9974,1.3018,0.9185,0.3533,1.3272,0.2835,0.1634,-0.5686,0.6398,0.6942,0.6212,0.6224,0.6931,0.7210,0.5223,0.6427,0.6534,0.7202,0.0217,0.0136,0.0276,0.0209,0.0199,0.0065,0.0312,0.0010,0.0102,0.0076,1.0000,1.0000,1.0000,1.0000,1.0000,1.0000,1.0000,1.0000,1.0000,1.0000,60.31,204.05,85.97,58.38,67.93,12.41,9.40,275.06,74.70,84.96,0.0000,0.0000,0.0000,0.0000,0.0000,0.0000,0.0000,0.0000,0.0000,0.0000,104304,74663,53998,54750,86225,66964,95775,572442,131417,91336,0,0,0,0,0,0,0,0,0,0,0.0000,0.0000,0.0000,0.0000,0.0000,0.0000,0.2400,0.1800,0.0000,0.0000,0,0,0,0,0,0,0,1,0,0,0,0,0,0,0,0,0,0,0,0,0.1311,0.0803,0.1338,0.0593,0.0977,0.0167,0.0692,0.1147,0.0123,0.1373,0.000,0.000,0.000,0.000,0.000,0.000,0.000,0.171,0.000,0.000,semi-presidential,parliamentary,parliamentary,parliamentary,parliamentary,semi-presidential,semi-presidential,electoral-authoritarian,electoral-authoritarian,parliamentary,0.800,0.800,0.800,0.800,0.800,0.800,0.551,0.500,0.500,0.800,100.0,100.0,100.0,100.0,100.0,100.0,51.2,73.1,100.0,97.9
2031-11-01,1.0119,0.9859,0.9992,1.0133,0.9934,0.9885,0.9963,0.9999,0.9977,1.0159,0.9917,0.9795,1.0975,1.0730,1.1390,1.0529,0.9934,1.0810,1.0125,1.0224,0.9977,1.0167,1.1381,0.9795,3900.97,5588.13,4278.27,2789.80,2186.10,1378.53,195.06,2880.92,2168.42,576.01,1.0340,0.5969,0.9990,1.2981,0.9167,0.3507,1.3337,0.2845,0.1619,-0.5823,0.6193,0.6925,0.6102,0.6134,0.6816,0.7145,0.5197,0.6454,0.6600,0.7024,0.0333,0.0231,0.0368,0.0330,0.0302,0.0131,0.0351,0.0009,0.0174,0.0105,0.9245,0.9307,0.9613,0.9345,0.9262,0.9445,0.9886,1.0000,0.9420,1.0000,60.60,202.80,84.74,57.59,68.06,12.52,9.38,277.11,74.81,85.16,0.0000,0.0000,0.0000,0.0000,0.0000,0.0000,0.0000,0.0000,0.0000,0.0000,104304,74663,53998,54750,86225,66964,95775,572442,131417,91336,0,0,0,0,0,0,0,0,0,0,0.0000,0.0000,0.0000,0.0000,0.0000,0.0000,0.2200,0.1600,0.0000,0.0000,0,0,0,0,0,0,0,1,0,0,0,0,0,0,0,0,0,0,0,0,0.1224,0.0760,0.1248,0.0539,0.0908,0.0161,0.0715,0.1147,0.0108,0.1375,0.000,0.000,0.000,0.000,0.000,0.000,0.000,0.173,0.000,0.000,semi-presidential,parliamentary,parliamentary,parliamentary,parliamentary,semi-presidential,semi-presidential,electoral-authoritarian,electoral-authoritarian,parliamentary,0.800,0.800,0.800,0.800,0.800,0.800,0.561,0.500,0.500,0.800,100.0,100.0,100.0,100.0,100.0,100.0,53.7,76.0,100.0,100.0
2031-12-01,1.0143,0.9871,1.0020,1.0150,0.9904,0.9897,0.9972,0.9996,0.9953,1.0141,0.9951,0.9793,1.1035,1.0187,1.1120,1.0437,0.9904,1.0219,1.0101,0.9996,0.9953,1.0141,1.0792,0.9793,3904.58,5583.67,4286.83,2795.82,2191.20,1383.96,194.89,2884.69,2172.85,576.38,1.0331,0.5974,1.0022,1.2953,0.9147,0.3480,1.3409,0.2857,0.1608,-0.5966,0.6319,0.6788,0.5998,0.6261,0.6665,0.7117,0.5230,0.6483,0.6833,0.7087,0.0207,0.0139,0.0254,0.0211,0.0192,0.0075,0.0301,0.0004,0.0105,0.0058,0.9719,0.9744,0.9855,0.9764,0.9729,0.9801,0.9954,1.0000,0.9804,1.0000,60.74,203.92,86.14,59.01,68.70,12.61,9.43,278.22,75.30,85.59,0.0000,0.0000,0.0000,0.0000,0.0000,0.0000,0.0000,0.0000,0.0000,0.0000,104304,74663,53998,54750,86225,66964,95775,572442,131417,91336,0,0,0,0,0,0,0,0,0,0,0.0000,0.0000,0.0000,0.0000,0.0000,0.0000,0.2000,0.1400,0.0000,0.0000,0,0,0,0,0,0,0,1,0,0,0,0,0,0,0,0,0,0,0,0,0.1287,0.0790,0.1312,0.0576,0.0959,0.0161,0.0714,0.1151,0.0115,0.1380,0.000,0.000,0.000,0.000,0.000,0.000,0.000,0.173,0.000,0.000,semi-presidential,parliamentary,parliamentary,parliamentary,parliamentary,semi-presidential,semi-presidential,electoral-authoritarian,electoral-authoritarian,parliamentary,0.800,0.800,0.800,0.800,0.800,0.800,0.571,0.500,0.500,0.800,100.0,100.0,100.0,100.0,100.0,100.0,56.3,78.8,100.0,100.0
2032-01-01,1.0170,0.9888,1.0043,1.0140,0.9902,0.9882,0.9955,1.0023,0.9943,1.0113,0.9983,0.9785,1.1126,1.0318,1.0895,1.0306,0.9902,0.9882,0.9955,1.0478,0.9943,1.0113,1.0703,0.9785,3902.79,5581.22,4284.04,2790.86,2191.01,1389.32,194.46,2893.61,2179.50,576.56,1.0336,0.5977,1.0030,1.2977,0.9149,0.3452,1.3498,0.2865,0.1596,-0.6112,0.6356,0.6775,0.6424,0.6327,0.6733,0.7268,0.5313,0.6471,0.6705,0.7070,0.0217,0.0132,0.0263,0.0151,0.0200,0.0084,0.0301,0.0006,0.0106,0.0073,0.9620,0.9654,0.9805,0.9679,0.9633,0.9729,0.9939,1.0000,0.9729,1.0000,60.81,206.76,90.22,62.00,70.08,12.91,9.52,279.16,75.78,86.30,0.0000,0.0000,0.0000,0.0000,0.0000,0.0000,0.0000,0.0000,0.0000,0.0000,104304,74663,53998,54750,86225,66964,95775,572442,131417,91336,0,0,0,0,0,0,0,0,0,0,0.0000,0.0000,0.0000,0.0000,0.0000,0.0000,0.1800,0.1200,0.0000,0.0000,0,0,0,0,0,0,0,1,0,0,0,0,0,0,0,0,0,0,0,0,0.1233,0.0771,0.1258,0.0567,0.0914,0.0158,0.0749,0.1148,0.0105,0.1363,0.000,0.000,0.000,0.000,0.000,0.000,0.000,0.175,0.000,0.000,semi-presidential,parliamentary,parliamentary,parliamentary,parliamentary,semi-presidential,semi-presidential,electoral-authoritarian,electoral-authoritarian,parliamentary,0.800,0.800,0.800,0.800,0.800,0.800,0.581,0.500,0.500,0.800,100.0,100.0,100.0,100.0,100.0,100.0,58.9,81.6,100.0,100.0
2032-02-01,1.0200,0.9932,1.0051,1.0114,0.9898,0.9899,0.9982,1.0042,0.9931,1.0087,1.0027,0.9786,1.1252,1.1037,1.0418,1.0304,0.9898,1.0314,1.0608,1.0422,0.9931,1.0087,1.1174,0.9787,3908.88,5570.70,4289.35,2798.69,2190.24,1394.26,194.65,2892.54,2189.42,578.03,1.0321,0.5989,1.0019,1.2942,0.9153,0.3426,1.3540,0.2882,0.1581,-0.6244,0.6291,0.6792,0.6360,0.6075,0.6566,0.7268,0.5224,0.6919,0.6511,0.6981,0.0307,0.0205,0.0334,0.0202,0.0278,0.0155,0.0338,0.0010,0.0161,0.0105,0.9051,0.9129,0.9516,0.9172,0.9067,0.9299,0.9861,1.0000,0.9257,1.0000,60.88,207.60,91.49,62.44,70.38,13.18,9.53,280.03,76.27,86.52,0.0000,0.0000,0.0000,0.0000,0.0000,0.0000,0.0000,0.0000,0.0000,0.0000,104304,74663,53998,54750,86225,66964,95775,572442,131417,91336,0,0,0,0,0,0,0,0,0,0,0.0000,0.0000,0.0000,0.0000,0.0000,0.0000,0.1600,0.1000,0.0000,0.0000,0,0,0,0,0,0,0,1,0,0,0,0,0,0,0,0,0,0,0,0,0.1282,0.0799,0.1317,0.0593,0.0956,0.0161,0.0747,0.1157,0.0108,0.1354,0.000,0.000,0.000,0.000,0.000,0.000,0.000,0.177,0.000,0.000,semi-presidential,parliamentary,parliamentary,parliamentary,parliamentary,semi-presidential,semi-presidential,electoral-authoritarian,electoral-authoritarian,parliamentary,0.800,0.800,0.800,0.800,0.800,0.800,0.591,0.500,0.500,0.800,100.0,100.0,100.0,100.0,100.0,100.0,61.4,84.7,100.0,100.0
2032-03-01,1.0232,0.9981,1.0077,1.0110,0.9888,0.9937,1.0008,1.0041,0.9931,1.0072,1.0050,0.9805,1.1427,1.1301,1.1109,1.0382,0.9888,1.0941,1.0707,1.0070,0.9984,1.0072,1.0750,0.9811,3913.53,5582.97,4288.53,2796.59,2192.33,1396.15,194.85,2904.46,2198.68,580.40,1.0309,0.5977,1.0023,1.2953,0.9215,0.3408,1.3580,0.2886,0.1567,-0.6366,0.6333,0.6624,0.6309,0.6314,0.6427,0.7259,0.5306,0.6684,0.6681,0.7075,0.0367,0.0275,0.0374,0.0314,0.0344,0.0189,0.0340,0.0008,0.0220,0.0080,0.8877,0.8970,0.9430,0.9014,0.8891,0.9167,0.9841,1.0000,0.9106,1.0000,60.95,205.83,90.09,61.45,69.72,13.29,9.60,279.02,76.17,86.61,0.0000,0.0000,0.0000,0.0000,0.0000,0.0000,0.0000,0.0000,0.0000,0.0000,104304,74663,53998,54750,86225,66964,95775,572442,131417,91336,0,0,0,0,0,0,0,0,0,0,0.0000,0.0000,0.0000,0.0000,0.0000,0.0000,0.1400,0.0800,0.0000,0.0000,0,0,0,0,0,0,0,1,0,0,0,0,0,0,0,0,0,0,0,0,0.1304,0.0806,0.1335,0.0602,0.0971,0.0173,0.0748,0.1172,0.0119,0.1373,0.000,0.000,0.000,0.000,0.000,0.000,0.000,0.175,0.000,0.000,semi-presidential,parliamentary,parliamentary,parliamentary,parliamentary,semi-presidential,semi-presidential,electoral-authoritarian,electoral-authoritarian,parliamentary,0.800,0.800,0.800,0.800,0.800,0.800,0.601,0.500,0.500,0.800,100.0,100.0,100.0,100.0,100.0,100.0,64.0,87.7,100.0,100.0
2032-04-01,1.0245,1.0005,1.0087,1.0074,0.9860,0.9946,1.0006,1.0035,0.9921,1.0038,1.0060,0.9820,1.0695,1.0611,1.0471,1.0074,0.9860,1.0174,1.0006,1.0035,0.9921,1.0038,1.0175,0.9824,3914.77,5575.23,4294.78,2804.68,2198.58,1403.21,194.73,2910.22,2207.77,580.21,1.0307,0.5986,1.0010,1.2917,0.9189,0.3377,1.3639,0.2896,0.1553,-0.6517,0.6336,0.6851,0.6214,0.6026,0.6477,0.6999,0.5448,0.6907,0.6698,0.7317,0.0136,0.0109,0.0087,0.0114,0.0131,0.0076,0.0225,0.0000,0.0084,0.0013,0.9469,0.9518,0.9728,0.9551,0.9484,0.9622,0.9917,1.0000,0.9620,1.0000,62.49,208.93,90.39,63.66,71.90,13.32,9.58,287.42,78.05,88.48,0.0000,0.0000,0.0000,0.0000,0.0000,0.0000,0.0000,0.0000,0.0000,0.0000,104304,74663,53998,54750,86225,66964,95775,572442,131417,91336,0,0,0,0,0,0,0,0,0,0,0.0000,0.0000,0.0000,0.0000,0.0000,0.0000,0.1200,0.0600,0.0000,0.0000,0,0,0,0,0,0,0,1,0,0,0,0,0,0,0,0,0,0,0,0,0.1300,0.0820,0.1344,0.0615,0.0977,0.0176,0.0732,0.1184,0.0126,0.1359,0.000,0.000,0.000,0.000,0.000,0.000,0.000,0.175,0.000,0.000,semi-presidential,parliamentary,parliamentary,parliamentary,parliamentary,semi-presidential,semi-presidential,electoral-authoritarian,electoral-authoritarian,parliamentary,0.800,0.800,0.800,0.800,0.800,0.800,0.611,0.500,0.500,0.800,100.0,100.0,100.0,100.0,100.0,100.0,66.6,90.8,100.0,100.0
2032-05-01,1.0228,1.0043,1.0084,1.0059,0.9840,0.9921,1.0003,1.0015,0.9917,0.9971,1.0077,0.9846,1.0228,1.1042,1.0087,1.0241,0.9840,0.9921,1.0040,1.0015,0.9962,0.9971,1.0632,0.9853,3919.51,5579.86,4303.62,2801.33,2210.76,1407.26,194.80,2915.56,2221.38,580.87,1.0295,0.5981,0.9991,1.2933,0.9139,0.3354,1.3681,0.2906,0.1536,-0.6658,0.6367,0.6725,0.6382,0.6314,0.6708,0.7225,0.5456,0.7016,0.6784,0.7226,0.0138,0.0110,0.0188,0.0104,0.0131,0.0087,0.0047,0.0004,0.0093,0.0030,0.9141,0.9217,0.9563,0.9258,0.9157,0.9376,0.9873,1.0000,0.9348,1.0000,62.16,208.42,90.80,63.44,71.17,13.26,9.43,286.32,78.27,88.78,0.0000,0.0000,0.0000,0.0000,0.0000,0.0000,0.0000,0.0000,0.0000,0.0000,104304,74663,53998,54750,86225,66964,95775,572442,131417,91336,0,0,0,0,0,0,0,0,0,0,0.0000,0.0000,0.0000,0.0000,0.0000,0.0000,0.1000,0.0400,0.0000,0.0000,0,0,0,0,0,0,0,1,0,0,0,0,0,0,0,0,0,0,0,0,0.1325,0.0834,0.1408,0.0634,0.0995,0.0193,0.0756,0.1175,0.0143,0.1363,0.000,0.000,0.000,0.000,0.000,0.000,0.000,0.173,0.000,0.000,semi-presidential,parliamentary,parliamentary,parliamentary,parliamentary,semi-presidential,semi-presidential,electoral-authoritarian,electoral-authoritarian,parliamentary,0.800,0.800,0.800,0.800,0.800,0.800,0.621,0.500,0.500,0.800,100.0,100.0,100.0,100.0,100.0,100.0,69.3,94.0,100.0,100.0
2032-06-01,1.0177,1.0072,1.0091,1.0067,0.9834,0.9909,0.9993,0.9999,0.9920,0.9958,1.0097,0.9886,1.0177,1.0809,1.0375,1.0321,0.9834,0.9909,0.9993,0.9999,1.0019,0.9958,1.0641,0.9896,3936.17,5590.92,4313.82,2806.12,2216.86,1409.63,194.91,2923.24,2233.99,582.32,1.0252,0.5970,0.9969,1.2912,0.9113,0.3335,1.3717,0.2914,0.1520,-0.6790,0.6406,0.6812,0.6494,0.6160,0.6985,0.7121,0.5604,0.6880,0.7096,0.7203,0.0126,0.0094,0.0185,0.0131,0.0121,0.0064,0.0072,0.0006,0.0079,0.0035,0.9361,0.9419,0.9674,0.9456,0.9375,0.9544,0.9902,1.0000,0.9536,1.0000,60.85,205.78,88.03,60.48,69.10,13.15,9.30,279.03,77.38,88.42,0.0000,0.0000,0.0000,0.0000,0.0000,0.0000,0.0000,0.0000,0.0000,0.0000,104304,74663,53998,54750,86225,66964,95775,572442,131417,91336,0,0,0,0,0,0,0,0,0,0,0.0000,0.0000,0.0000,0.0000,0.0000,0.0000,0.0800,0.0200,0.0000,0.0000,0,0,0,0,0,0,0,1,0,0,0,0,0,0,0,0,0,0,0,0,0.1365,0.0859,0.1442,0.0651,0.1034,0.0219,0.0803,0.1186,0.0174,0.1387,0.000,0.000,0.000,0.000,0.000,0.000,0.000,0.169,0.000,0.000,semi-presidential,parliamentary,parliamentary,parliamentary,parliamentary,semi-presidential,semi-presidential,electoral-authoritarian,electoral-authoritarian,parliamentary,0.800,0.800,0.800,0.800,0.800,0.800,0.631,0.500,0.500,0.800,100.0,100.0,100.0,100.0,100.0,100.0,72.0,97.0,100.0,100.0
2032-07-01,1.0160,1.0095,1.0071,1.0048,0.9865,0.9897,0.9978,0.9999,0.9945,0.9958,1.0118,0.9898,1.0160,1.0693,1.0073,1.0213,1.0062,0.9897,0.9978,0.9999,1.0414,0.9958,1.0646,0.9901,3943.83,5605.03,4321.96,2813.11,2223.20,1415.33,195.08,2937.04,2241.51,583.44,1.0234,0.5956,0.9949,1.2881,0.9087,0.3308,1.3745,0.2916,0.1507,-0.6925,0.6646,0.7064,0.6713,0.6321,0.7048,0.7002,0.5641,0.6812,0.7164,0.7308,0.0089,0.0066,0.0180,0.0102,0.0140,0.0051,0.0048,0.0020,0.0068,0.0105,0.9478,0.9528,0.9733,0.9561,0.9492,0.9632,0.9918,1.0000,0.9633,1.0000,62.32,208.64,90.07,62.89,71.16,13.12,9.32,287.01,79.34,88.88,0.0000,0.0000,0.0000,0.0000,0.0000,0.0000,0.0000,0.0000,0.0000,0.0000,104304,74663,53998,54750,86225,66964,95775,572442,131417,91336,0,0,0,0,0,0,0,0,0,0,0.0000,0.0000,0.0000,0.0000,0.0000,0.0000,0.0600,0.0000,0.0000,0.0000,0,0,0,0,0,0,0,1,0,0,0,0,0,0,0,0,0,0,0,0,0.1371,0.0869,0.1453,0.0668,0.1038,0.0228,0.0820,0.1200,0.0178,0.1367,0.000,0.000,0.000,0.000,0.000,0.000,0.000,0.168,0.000,0.000,semi-presidential,parliamentary,parliamentary,parliamentary,parliamentary,semi-presidential,semi-presidential,electoral-authoritarian,electoral-authoritarian,parliamentary,0.800,0.800,0.800,0.800,0.800,0.800,0.641,0.500,0.500,0.800,100.0,100.0,100.0,100.0,100.0,100.0,74.7,100.0,100.0,100.0
2032-08-01,1.0140,1.0120,1.0072,1.0056,0.9880,0.9897,0.9952,0.9981,0.9950,0.9938,1.0133,0.9924,1.0140,1.0752,1.0094,1.0307,0.9990,0.9908,0.9952,0.9981,1.0108,0.9938,1.0571,0.9930,3968.09,5604.34,4333.43,2824.06,2236.34,1422.01,195.45,2941.60,2252.61,583.80,1.0173,0.5957,0.9920,1.2831,0.9034,0.3279,1.3755,0.2927,0.1492,-0.7069,0.6649,0.7255,0.6722,0.6439,0.6967,0.7165,0.5859,0.6999,0.6989,0.7295,0.0092,0.0071,0.0167,0.0131,0.0117,0.0054,0.0060,0.0008,0.0060,0.0059,0.9449,0.9501,0.9719,0.9536,0.9462,0.9612,0.9914,1.0000,0.9612,1.0000,62.62,208.36,88.32,60.90,70.68,13.61,9.41,287.51,79.51,88.77,0.0000,0.0000,0.0000,0.0000,0.0000,0.0000,0.0000,0.0000,0.0000,0.0000,104304,74663,53998,54750,86225,66964,95775,572442,131417,91336,0,0,0,0,0,0,0,0,0,0,0.0000,0.0000,0.0000,0.0000,0.0000,0.0000,0.0400,0.0000,0.0000,0.0000,0,0,0,0,0,0,0,1,0,0,0,0,0,0,0,0,0,0,0,0,0.1435,0.0887,0.1473,0.0672,0.1060,0.0248,0.0837,0.1237,0.0201,0.1399,0.000,0.000,0.000,0.000,0.000,0.000,0.000,0.166,0.000,0.000,semi-presidential,parliamentary,parliamentary,parliamentary,parliamentary,semi-presidential,semi-presidential,electoral-authoritarian,electoral-authoritarian,parliamentary,0.800,0.800,0.800,0.800,0.800,0.800,0.651,0.500,0.500,0.800,100.0,100.0,100.0,100.0,100.0,100.0,77.5,100.0,100.0,100.0
2032-09-01,1.0132,1.0107,1.0094,1.0049,0.9865,0.9920,0.9952,0.9984,0.9962,0.9904,1.0146,0.9929,1.0132,1.0107,1.0922,1.0195,0.9865,1.0480,0.9952,0.9987,1.0125,0.9904,1.0400,0.9930,3977.19,5595.47,4353.53,2827.93,2239.62,1427.87,196.05,2945.50,2264.63,584.02,1.0151,0.5967,0.9874,1.2813,0.9021,0.3252,1.3745,0.2939,0.1477,-0.7215,0.6782,0.7139,0.6796,0.6652,0.7248,0.7333,0.6017,0.6677,0.6982,0.7205,0.0074,0.0038,0.0161,0.0068,0.0072,0.0007,0.0022,0.0007,0.0041,0.0028,1.0000,1.0000,1.0000,1.0000,1.0000,1.0000,1.0000,1.0000,1.0000,1.0000,63.40,209.11,90.11,63.36,72.01,13.76,9.46,289.99,79.71,89.00,0.0000,0.0000,0.0000,0.0000,0.0000,0.0000,0.0000,0.0000,0.0000,0.0000,104304,74663,53998,54750,86225,66964,95775,572442,131417,91336,0,0,0,0,0,0,0,0,0,0,0.0000,0.0000,0.0000,0.0000,0.0000,0.0000,0.0200,0.0000,0.0000,0.0000,0,0,0,0,0,0,0,1,0,0,0,0,0,0,0,0,0,0,0,0,0.1443,0.0893,0.1474,0.0689,0.1067,0.0252,0.0816,0.1237,0.0253,0.1381,0.000,0.000,0.000,0.000,0.000,0.000,0.000,0.166,0.000,0.000,semi-presidential,parliamentary,parliamentary,parliamentary,parliamentary,semi-presidential,semi-presidential,electoral-authoritarian,electoral-authoritarian,parliamentary,0.800,0.800,0.800,0.800,0.800,0.800,0.661,0.500,0.500,0.800,100.0,100.0,100.0,100.0,100.0,100.0,80.5,100.0,100.0,100.0
2032-10-01,1.0118,1.0084,1.0101,1.0054,0.9849,0.9925,0.9983,0.9999,0.9960,0.9908,1.0152,0.9968,1.0118,1.0084,1.0425,1.0248,0.9849,1.0059,1.0735,1.0329,0.9960,0.9924,1.0344,0.9975,3991.59,5601.40,4369.45,2844.39,2250.26,1428.79,196.54,2958.59,2277.33,587.28,1.0113,0.5961,0.9839,1.2761,0.8979,0.3236,1.3739,0.2942,0.1461,-0.7322,0.6686,0.6961,0.7118,0.6597,0.6969,0.7401,0.6309,0.6655,0.7132,0.7030,0.0069,0.0013,0.0163,0.0049,0.0054,0.0002,0.0067,0.0007,0.0015,0.0070,1.0000,1.0000,1.0000,1.0000,1.0000,1.0000,1.0000,1.0000,1.0000,1.0000,63.22,209.11,90.21,62.20,71.46,14.03,9.50,288.32,79.53,88.88,0.0000,0.0000,0.0000,0.0000,0.0000,0.0000,0.0000,0.0000,0.0000,0.0000,104304,74663,53998,54750,86225,66964,95775,572442,131417,91336,0,0,0,0,0,0,0,0,0,0,0.0000,0.0000,0.0000,0.0000,0.0000,0.0000,0.0000,0.0000,0.0000,0.0000,0,0,0,0,0,0,0,1,0,0,0,0,0,0,0,0,0,0,0,0,0.1476,0.0920,0.1508,0.0769,0.1159,0.0279,0.0836,0.1254,0.0282,0.1384,0.000,0.000,0.000,0.000,0.000,0.000,0.000,0.164,0.000,0.000,semi-presidential,parliamentary,parliamentary,parliamentary,parliamentary,semi-presidential,semi-presidential,electoral-authoritarian,electoral-authoritarian,parliamentary,0.800,0.800,0.800,0.800,0.800,0.800,0.671,0.500,0.500,0.800,100.0,100.0,100.0,30.0,100.0,100.0,83.6,100.0,100.0,100.0
2032-11-01,1.0113,1.0047,1.0119,1.0040,0.9849,0.9928,1.0007,1.0020,0.9957,0.9879,1.0160,0.9982,1.0113,1.0047,1.0810,1.0184,0.9853,0.9989,1.0517,1.0422,0.9957,0.9879,1.0331,0.9985,4018.16,5623.77,4390.95,2861.67,2258.42,1433.36,196.70,2955.76,2288.73,587.67,1.0044,0.5938,0.9791,1.2689,0.8947,0.3211,1.3754,0.2961,0.1446,-0.7465,0.6718,0.7038,0.7135,0.6893,0.7160,0.7105,0.6414,0.6891,0.7173,0.7344,0.0088,0.0023,0.0181,0.0049,0.0075,0.0001,0.0041,0.0006,0.0028,0.0068,1.0000,1.0000,1.0000,1.0000,1.0000,1.0000,1.0000,1.0000,1.0000,1.0000,63.76,210.37,92.43,64.13,72.68,14.27,9.59,290.30,79.69,89.45,0.0000,0.0000,0.0000,0.0000,0.0000,0.0000,0.0000,0.0000,0.0000,0.0000,104304,74663,53998,54750,86225,66964,95775,572442,131417,91336,0,0,0,0,0,0,0,0,0,0,0.0000,0.0000,0.0000,0.0000,0.0000,0.0000,0.0000,0.0000,0.0000,0.0000,0,0,0,0,0,0,0,1,0,0,0,0,0,0,0,0,0,0,0,0,0.1478,0.0928,0.1517,0.0786,0.1168,0.0289,0.0872,0.1271,0.0287,0.1373,0.000,0.000,0.000,0.000,0.000,0.000,0.000,0.163,0.000,0.000,semi-presidential,parliamentary,parliamentary,parliamentary,parliamentary,semi-presidential,semi-presidential,electoral-authoritarian,electoral-authoritarian,parliamentary,0.800,0.800,0.800,0.800,0.800,0.800,0.681,0.500,0.500,0.800,100.0,100.0,100.0,33.3,100.0,100.0,86.7,100.0,100.0,100.0
2032-12-01,1.0104,1.0044,1.0130,1.0074,0.9893,0.9953,1.0020,0.9983,0.9984,0.9871,1.0166,0.9989,1.0104,1.0044,1.0577,1.0364,1.0151,1.0615,1.0422,0.9983,1.0613,0.9871,1.0419,0.9990,4030.24,5637.67,4406.92,2879.18,2271.49,1438.08,197.49,2963.63,2304.78,590.05,1.0014,0.5923,0.9756,1.2615,0.8895,0.3186,1.3724,0.2969,0.1429,-0.7582,0.6789,0.7323,0.7323,0.7081,0.7180,0.7176,0.6236,0.6598,0.7200,0.7222,0.0062,0.0028,0.0183,0.0172,0.0128,0.0009,0.0089,0.0027,0.0043,0.0144,1.0000,1.0000,1.0000,1.0000,1.0000,1.0000,1.0000,1.0000,1.0000,1.0000,64.01,209.52,88.40,60.24,71.13,13.89,9.58,290.54,80.49,88.81,0.0000,0.0000,0.0000,0.0000,0.0000,0.0000,0.0000,0.0000,0.0000,0.0000,104304,74663,53998,54750,86225,66964,95775,572442,131417,91336,0,0,0,0,0,0,0,0,0,0,0.0000,0.0000,0.0000,0.0000,0.0000,0.0000,0.0000,0.0000,0.0000,0.0000,0,0,0,0,0,0,0,1,0,0,0,0,0,0,0,0,0,0,0,0,0.1495,0.0933,0.1525,0.0768,0.1174,0.0292,0.0877,0.1287,0.0296,0.1387,0.000,0.000,0.000,0.000,0.000,0.000,0.000,0.164,0.000,0.000,semi-presidential,parliamentary,parliamentary,parliamentary,parliamentary,semi-presidential,semi-presidential,electoral-authoritarian,electoral-authoritarian,parliamentary,0.800,0.800,0.800,0.800,0.800,0.800,0.691,0.500,0.500,0.800,100.0,100.0,100.0,36.6,100.0,100.0,89.7,100.0,100.0,100.0
2033-01-01,1.0074,1.0028,1.0113,1.0101,0.9944,0.9983,1.0027,0.9955,1.0036,0.9870,1.0174,0.9993,1.0074,1.0028,1.0114,1.0365,1.0226,1.0721,1.0178,0.9955,1.1048,0.9870,1.0367,0.9994,4050.53,5663.05,4428.97,2886.34,2282.12,1444.76,197.92,2975.30,2321.02,590.10,0.9964,0.5898,0.9708,1.2586,0.8854,0.3156,1.3717,0.2974,0.1411,-0.7729,0.6779,0.7429,0.7254,0.7301,0.7380,0.7169,0.6530,0.6757,0.7350,0.7394,0.0024,0.0016,0.0149,0.0139,0.0107,0.0009,0.0089,0.0041,0.0040,0.0144,1.0000,1.0000,1.0000,1.0000,1.0000,1.0000,1.0000,1.0000,1.0000,1.0000,63.49,209.17,87.55,59.82,70.20,13.77,9.44,287.35,80.91,88.90,0.0000,0.0000,0.0000,0.0000,0.0000,0.0000,0.0000,0.0000,0.0000,0.0000,104304,74663,53998,54750,86225,66964,95775,572442,131417,91336,0,0,0,0,0,0,0,0,0,0,0.0000,0.0000,0.0000,0.0000,0.0000,0.0000,0.0000,0.0000,0.0000,0.0000,0,0,0,0,0,0,0,1,0,0,0,0,0,0,0,0,0,0,0,0,0.1497,0.0933,0.1571,0.0775,0.1179,0.0294,0.0886,0.1265,0.0301,0.1389,0.000,0.000,0.000,0.000,0.000,0.000,0.000,0.164,0.000,0.000,semi-presidential,parliamentary,parliamentary,parliamentary,parliamentary,semi-presidential,semi-presidential,electoral-authoritarian,electoral-authoritarian,parliamentary,0.800,0.800,0.800,0.800,0.800,0.800,0.701,0.500,0.500,0.800,100.0,100.0,100.0,40.1,100.0,100.0,92.9,100.0,100.0,100.0
2033-02-01,1.0031,1.0038,1.0071,1.0144,0.9994,1.0009,1.0050,0.9975,1.0050,0.9873,1.0169,1.0001,1.0031,1.0310,1.0072,1.0462,1.0266,1.0628,1.0591,1.0398,1.0354,0.9895,1.0169,1.0002,4059.53,5667.26,4450.23,2893.25,2295.07,1451.12,198.51,2981.05,2336.83,589.55,0.9943,0.5895,0.9663,1.2559,0.8834,0.3126,1.3699,0.2984,0.1394,-0.7884,0.6870,0.7651,0.7423,0.7106,0.7376,0.7417,0.6201,0.6885,0.7520,0.7126,0.0081,0.0044,0.0189,0.0181,0.0134,0.0031,0.0099,0.0017,0.0038,0.0157,0.9760,0.9783,0.9877,0.9801,0.9769,0.9832,0.9961,1.0000,0.9837,1.0000,63.20,210.54,88.36,59.46,70.03,14.10,9.40,285.46,80.88,88.86,0.0000,0.0000,0.0000,0.0000,0.0000,0.0000,0.0000,0.0000,0.0000,0.0000,104304,74663,53998,54750,86225,66964,95775,572442,131417,91336,0,0,0,0,0,0,0,0,0,0,0.0000,0.0000,0.0000,0.0000,0.0000,0.0000,0.0000,0.0000,0.0000,0.0000,0,0,0,0,0,0,0,1,0,0,0,0,0,0,0,0,0,0,0,0,0.1509,0.0945,0.1580,0.0778,0.1184,0.0301,0.0894,0.1254,0.0306,0.1389,0.000,0.000,0.000,0.000,0.000,0.000,0.000,0.164,0.000,0.000,semi-presidential,parliamentary,parliamentary,parliamentary,parliamentary,semi-presidential,semi-presidential,electoral-authoritarian,electoral-authoritarian,parliamentary,0.800,0.800,0.800,0.800,0.800,0.800,0.711,0.500,0.500,0.800,100.0,100.0,100.0,43.5,100.0,100.0,95.9,100.0,100.0,100.0
2033-03-01,0.9981,1.0012,1.0086,1.0174,1.0033,1.0051,1.0061,0.9966,1.0030,0.9889,1.0162,1.0008,0.9981,1.0012,1.0780,1.0448,1.0280,1.1222,1.0324,0.9966,1.0030,0.9931,1.0162,1.0009,4085.11,5683.09,4459.31,2901.11,2300.59,1459.75,199.02,2989.31,2345.46,591.35,0.9881,0.5880,0.9644,1.2528,0.8814,0.3092,1.3684,0.2993,0.1381,-0.8006,0.6797,0.7423,0.7437,0.7013,0.7514,0.7426,0.6380,0.6767,0.7484,0.6870,0.0076,0.0047,0.0176,0.0184,0.0121,0.0015,0.0049,0.0002,0.0033,0.0109,1.0000,1.0000,1.0000,1.0000,1.0000,1.0000,1.0000,1.0000,1.0000,1.0000,62.19,208.80,88.05,58.67,69.29,14.01,9.21,281.01,79.66,88.36,0.0000,0.0000,0.0000,0.0000,0.0000,0.0000,0.0000,0.0000,0.0000,0.0000,104304,74663,53998,54750,86225,66964,95775,572442,131417,91336,0,0,0,0,0,0,0,0,0,0,0.0000,0.0000,0.0000,0.0000,0.0000,0.0000,0.0000,0.0000,0.0000,0.0000,0,0,0,0,0,0,0,1,0,0,0,0,0,0,0,0,0,0,0,0,0.1508,0.0946,0.1590,0.0784,0.1194,0.0305,0.0902,0.1259,0.0309,0.1378,0.000,0.000,0.000,0.000,0.000,0.000,0.000,0.163,0.000,0.000,semi-presidential,parliamentary,parliamentary,parliamentary,parliamentary,semi-presidential,semi-presidential,electoral-authoritarian,electoral-authoritarian,parliamentary,0.800,0.800,0.800,0.800,0.800,0.800,0.721,0.500,0.500,0.800,100.0,100.0,100.0,46.9,100.0,100.0,99.0,100.0,100.0,100.0
2033-04-01,0.9961,0.9986,1.0095,1.0164,1.0095,1.0062,1.0061,0.9952,1.0027,0.9900,1.0138,1.0016,0.9961,0.9986,1.0454,1.0299,1.0412,1.0338,1.0061,0.9952,1.0027,0.9913,1.0138,1.0018,4105.13,5701.60,4470.82,2913.75,2317.62,1466.56,199.67,2998.36,2357.51,591.38,0.9834,0.5863,0.9620,1.2477,0.8750,0.3062,1.3659,0.3000,0.1367,-0.8152,0.6905,0.7484,0.7170,0.6865,0.7262,0.7621,0.6477,0.6998,0.7147,0.7093,0.0030,0.0017,0.0135,0.0087,0.0098,0.0004,0.0005,0.0000,0.0015,0.0121,1.0000,1.0000,1.0000,1.0000,1.0000,1.0000,1.0000,1.0000,1.0000,1.0000,63.60,209.90,90.35,62.63,71.23,13.81,9.36,288.58,81.34,88.63,0.0000,0.0000,0.0000,0.0000,0.0000,0.0000,0.0000,0.0000,0.0000,0.0000,104304,74663,53998,54750,86225,66964,95775,572442,131417,91336,0,0,0,0,0,0,0,0,0,0,0.0000,0.0000,0.0000,0.0000,0.0000,0.0000,0.0000,0.0000,0.0000,0.0000,0,0,0,0,0,0,0,1,0,0,0,0,0,0,0,0,0,0,0,0,0.1561,0.0950,0.1596,0.0808,0.1191,0.0310,0.0911,0.1277,0.0313,0.1363,0.000,0.000,0.000,0.000,0.000,0.000,0.000,0.163,0.000,0.000,semi-presidential,parliamentary,parliamentary,parliamentary,parliamentary,semi-presidential,semi-presidential,electoral-authoritarian,electoral-authoritarian,parliamentary,0.800,0.800,0.800,0.800,0.800,0.800,0.731,0.500,0.500,0.800,100.0,100.0,100.0,50.1,100.0,100.0,100.0,100.0,100.0,100.0
2033-05-01,0.9929,0.9958,1.0126,1.0131,1.0146,1.0098,1.0022,0.9938,1.0016,0.9910,1.0115,1.0019,0.9929,0.9958,1.1299,1.0267,1.0428,1.0997,1.0022,0.9938,1.0016,0.9926,1.0115,1.0020,4125.12,5715.04,4502.49,2923.67,2325.35,1475.21,200.08,3012.20,2371.84,591.44,0.9786,0.5850,0.9553,1.2437,0.8722,0.3028,1.3648,0.3053,0.1351,-0.8298,0.6974,0.7630,0.7117,0.6993,0.7486,0.7559,0.6583,0.7009,0.7142,0.6964,0.0094,0.0055,0.0197,0.0145,0.0150,0.0011,0.0002,0.0000,0.0050,0.0118,1.0000,1.0000,1.0000,1.0000,1.0000,1.0000,1.0000,1.0000,1.0000,1.0000,62.99,208.48,89.35,61.95,70.63,13.63,9.24,285.26,80.47,88.21,0.0000,0.0000,0.0000,0.0000,0.0000,0.0000,0.0000,0.0000,0.0000,0.0000,104304,74663,53998,54750,86225,66964,95775,572442,131417,91336,0,0,0,0,0,0,0,0,0,0,0.0000,0.0000,0.0000,0.0000,0.0000,0.0000,0.0000,0.0000,0.0000,0.0000,0,0,0,0,0,0,0,0,0,0,0,0,0,0,0,0,0,0,0,0,0.1553,0.0950,0.1592,0.0809,0.1195,0.0362,0.0919,0.1259,0.0310,0.1341,0.000,0.000,0.000,0.000,0.000,0.000,0.000,0.163,0.000,0.000,semi-presidential,parliamentary,parliamentary,parliamentary,parliamentary,semi-presidential,semi-presidential,electoral-authoritarian,electoral-authoritarian,parliamentary,0.800,0.800,0.800,0.800,0.800,0.800,0.741,0.500,0.500,0.800,100.0,100.0,100.0,53.4,100.0,100.0,100.0,100.0,100.0,100.0
2033-06-01,0.9917,0.9963,1.0116,1.0074,1.0174,1.0077,1.0000,0.9947,1.0013,0.9939,1.0088,1.0032,0.9917,1.0038,1.0116,1.0074,1.0342,1.0077,1.0000,1.0040,1.0013,0.9955,1.0088,1.0034,4137.38,5740.04,4524.31,2939.30,2343.27,1479.56,200.44,3026.16,2380.78,591.56,0.9758,0.5826,0.9507,1.2373,0.8657,0.3003,1.3639,0.3056,0.1339,-0.8442,0.6995,0.7619,0.7415,0.6985,0.7330,0.7602,0.6607,0.7168,0.7125,0.6894,0.0014,0.0008,0.0026,0.0037,0.0050,0.0007,0.0005,0.0001,0.0007,0.0063,0.9933,0.9939,0.9966,0.9944,0.9936,0.9953,0.9996,1.0000,0.9954,1.0000,64.30,211.04,89.46,63.22,72.53,13.89,7.26,291.57,83.10,88.38,0.0000,0.0000,0.0000,0.0000,0.0000,0.0000,0.0000,0.0000,0.0000,0.0000,104304,74663,53998,54750,86225,66964,95775,572442,131417,91336,0,0,0,0,0,0,0,0,0,0,0.0000,0.0000,0.0000,0.0000,0.0000,0.0000,0.0000,0.0000,0.0000,0.0000,0,0,0,0,0,0,0,0,0,0,0,0,0,0,0,0,0,0,0,0,0.1560,0.0959,0.1607,0.0817,0.1197,0.0367,0.0928,0.1270,0.0317,0.1328,0.000,0.000,0.000,0.000,0.000,0.000,0.000,0.143,0.000,0.000,semi-presidential,parliamentary,parliamentary,parliamentary,parliamentary,semi-presidential,semi-presidential,electoral-authoritarian,electoral-authoritarian,parliamentary,0.800,0.800,0.800,0.800,0.800,0.800,0.751,0.500,0.500,0.800,100.0,100.0,100.0,56.7,100.0,100.0,100.0,100.0,100.0,100.0
2033-07-01,0.9920,0.9966,1.0113,1.0011,1.0203,1.0090,0.9981,0.9955,1.0008,0.9933,1.0079,1.0044,1.0030,1.0050,1.0113,1.0011,1.0383,1.0431,0.9981,1.0119,1.0008,0.9933,1.0079,1.0047,4150.30,5739.85,4548.63,2954.74,2361.99,1486.90,200.99,3035.53,2399.91,592.22,0.9728,0.5828,0.9477,1.2310,0.8589,0.2972,1.3614,0.3063,0.1321,-0.8579,0.6956,0.7754,0.7542,0.7224,0.7647,0.7439,0.6618,0.7364,0.7164,0.6894,0.0032,0.0024,0.0042,0.0053,0.0067,0.0018,0.0012,0.0001,0.0014,0.0073,0.9926,0.9932,0.9962,0.9938,0.9929,0.9947,0.9996,1.0000,0.9948,1.0000,65.13,212.70,90.53,64.21,74.08,13.94,7.30,296.79,83.76,88.48,0.0000,0.0000,0.0000,0.0000,0.0000,0.0000,0.0000,0.0000,0.0000,0.0000,104304,74663,53998,54750,86225,66964,95775,572442,131417,91336,0,0,0,0,0,0,0,0,0,0,0.0000,0.0000,0.0000,0.0000,0.0000,0.0000,0.0000,0.0000,0.0000,0.0000,0,0,0,0,0,0,0,0,0,0,0,0,0,0,0,0,0,0,0,0,0.1569,0.0973,0.1616,0.0826,0.1206,0.0374,0.0942,0.1296,0.0323,0.1327,0.000,0.000,0.000,0.000,0.000,0.000,0.000,0.123,0.000,0.000,semi-presidential,parliamentary,parliamentary,parliamentary,parliamentary,semi-presidential,semi-presidential,electoral-authoritarian,electoral-authoritarian,parliamentary,0.800,0.800,0.800,0.800,0.800,0.800,0.761,0.500,0.500,0.800,100.0,100.0,100.0,50.2,100.0,100.0,100.0,100.0,100.0,100.0
2033-08-01,0.9913,0.9976,1.0088,0.9973,1.0189,1.0109,0.9961,0.9959,1.0013,0.9945,1.0050,1.0036,0.9913,1.0218,1.0088,1.0133,1.0189,1.0572,0.9961,1.0122,1.0222,0.9958,1.0050,1.0036,4178.18,5747.20,4564.97,2963.86,2371.08,1491.64,201.75,3042.16,2415.02,593.61,0.9663,0.5822,0.9446,1.2271,0.8558,0.2946,1.3574,0.3073,0.1305,-0.8704,0.6932,0.7437,0.7602,0.7452,0.7904,0.7527,0.6687,0.7297,0.7640,0.6975,0.0046,0.0037,0.0130,0.0036,0.0045,0.0027,0.0018,0.0009,0.0032,0.0017,0.9787,0.9806,0.9891,0.9820,0.9795,0.9847,0.9987,1.0000,0.9847,1.0000,65.19,212.99,92.25,64.32,73.96,14.12,7.29,296.50,83.95,88.42,0.0000,0.0000,0.0000,0.0000,0.0000,0.0000,0.0000,0.0000,0.0000,0.0000,104304,74663,53998,54750,86225,66964,95775,572442,131417,91336,0,0,0,0,0,0,0,0,0,0,0.0000,0.0000,0.0000,0.0000,0.0000,0.0000,0.0000,0.0000,0.0000,0.0000,0,0,0,0,0,0,0,0,0,0,0,0,0,0,0,0,0,0,0,0,0.1511,0.0941,0.1554,0.0794,0.1164,0.0364,0.0905,0.1276,0.0309,0.1333,0.000,0.000,0.000,0.000,0.000,0.000,0.000,0.105,0.000,0.000,semi-presidential,parliamentary,parliamentary,parliamentary,parliamentary,semi-presidential,semi-presidential,electoral-authoritarian,electoral-authoritarian,parliamentary,0.800,0.800,0.800,0.800,0.800,0.800,0.771,0.500,0.500,0.800,100.0,100.0,100.0,53.7,100.0,100.0,100.0,100.0,100.0,100.0
2033-09-01,0.9929,0.9966,1.0048,0.9956,1.0192,1.0092,0.9940,0.9990,1.0009,0.9962,1.0026,1.0012,1.0482,0.9966,1.0048,1.0110,1.0213,1.0092,0.9940,1.0588,1.0009,0.9970,1.0026,1.0012,4181.12,5757.64,4583.70,2973.82,2378.86,1501.14,202.15,3047.70,2432.66,594.57,0.9657,0.5813,0.9411,1.2227,0.8532,0.2910,1.3557,0.3084,0.1288,-0.8836,0.6998,0.7338,0.7432,0.7304,0.7655,0.7411,0.6849,0.7259,0.7499,0.7197,0.0069,0.0035,0.0151,0.0034,0.0064,0.0029,0.0045,0.0004,0.0022,0.0046,1.0000,1.0000,1.0000,1.0000,1.0000,1.0000,1.0000,1.0000,1.0000,1.0000,65.59,214.07,93.60,64.98,74.78,14.45,7.35,297.63,84.41,88.75,0.0000,0.0000,0.0000,0.0000,0.0000,0.0000,0.0000,0.0000,0.0000,0.0000,104304,74663,53998,54750,86225,66964,95775,572442,131417,91336,0,0,0,0,0,0,0,0,0,0,0.0000,0.0000,0.0000,0.0000,0.0000,0.0000,0.0000,0.0000,0.0000,0.0000,0,0,0,0,0,0,0,0,0,0,0,0,0,0,0,0,0,0,0,0,0.1416,0.0885,0.1435,0.0731,0.1075,0.0339,0.0899,0.1260,0.0280,0.1347,0.000,0.000,0.000,0.000,0.000,0.000,0.000,0.087,0.000,0.000,semi-presidential,parliamentary,parliamentary,parliamentary,parliamentary,semi-presidential,semi-presidential,electoral-authoritarian,electoral-authoritarian,parliamentary,0.800,0.800,0.800,0.800,0.800,0.800,0.781,0.500,0.500,0.800,100.0,100.0,100.0,56.8,100.0,100.0,100.0,100.0,100.0,100.0
2033-10-01,0.9945,0.9958,1.0035,0.9942,1.0215,1.0091,0.9916,0.9997,1.0018,0.9967,1.0036,1.0030,1.0524,0.9958,1.0035,1.0097,1.0367,1.0091,0.9916,1.0144,1.0188,0.9970,1.0290,1.0033,4206.45,5775.31,4598.89,2983.88,2395.64,1509.83,202.62,3059.94,2445.92,595.20,0.9599,0.5797,0.9380,1.2185,0.8474,0.2876,1.3533,0.3088,0.1274,-0.8973,0.6822,0.7288,0.7335,0.7168,0.7477,0.7654,0.6825,0.7136,0.7637,0.7172,0.0056,0.0037,0.0149,0.0060,0.0090,0.0031,0.0039,0.0009,0.0029,0.0076,1.0000,1.0000,1.0000,1.0000,1.0000,1.0000,1.0000,1.0000,1.0000,1.0000,65.70,214.76,94.10,64.86,74.98,14.57,7.33,298.28,85.09,88.93,0.0000,0.0000,0.0000,0.0000,0.0000,0.0000,0.0000,0.0000,0.0000,0.0000,104304,74663,53998,54750,86225,66964,95775,572442,131417,91336,0,0,0,0,0,0,0,0,0,0,0.0000,0.0000,0.0000,0.0000,0.0000,0.0000,0.0000,0.0000,0.0000,0.0000,0,0,0,0,0,0,0,0,0,0,0,0,0,0,0,0,0,0,0,0,0.1569,0.0964,0.1606,0.0820,0.1201,0.0374,0.0934,0.1297,0.0322,0.1352,0.000,0.000,0.000,0.000,0.000,0.000,0.000,0.068,0.000,0.000,semi-presidential,parliamentary,parliamentary,parliamentary,parliamentary,semi-presidential,semi-presidential,electoral-authoritarian,electoral-authoritarian,parliamentary,0.800,0.800,0.800,0.800,0.800,0.800,0.791,0.500,0.500,0.800,100.0,100.0,100.0,59.9,100.0,100.0,100.0,100.0,100.0,100.0
2033-11-01,0.9924,0.9962,0.9988,0.9886,1.0230,1.0107,0.9912,0.9987,1.0007,0.9963,1.0076,1.0022,0.9924,1.0054,0.9988,0.9886,1.0338,1.0490,0.9912,0.9987,1.0007,0.9963,1.1008,1.0022,4224.81,5777.68,4626.96,2998.06,2408.02,1517.83,203.01,3062.27,2461.93,595.91,0.9557,0.5796,0.9322,1.2128,0.8432,0.2843,1.3512,0.3102,0.1258,-0.9108,0.6919,0.7507,0.7339,0.7189,0.7675,0.7725,0.6780,0.7227,0.7705,0.7161,0.0047,0.0018,0.0057,0.0035,0.0059,0.0013,0.0030,0.0003,0.0011,0.0072,0.9919,0.9926,0.9958,0.9932,0.9922,0.9942,0.9995,1.0000,0.9942,1.0000,65.36,214.01,92.27,64.45,74.60,14.56,7.39,296.31,84.82,89.10,0.0000,0.0000,0.0000,0.0000,0.0000,0.0000,0.0000,0.0000,0.0000,0.0000,104304,74663,53998,54750,86225,66964,95775,572442,131417,91336,0,0,0,0,0,0,0,0,0,0,0.0000,0.0000,0.0000,0.0000,0.0000,0.0000,0.0000,0.0000,0.0000,0.0000,0,0,0,0,0,0,0,0,0,0,0,0,0,0,0,0,0,0,0,0,0.1504,0.0939,0.1547,0.0788,0.1155,0.0357,0.0923,0.1252,0.0301,0.1327,0.000,0.000,0.000,0.000,0.000,0.000,0.000,0.050,0.000,0.000,semi-presidential,parliamentary,parliamentary,parliamentary,parliamentary,semi-presidential,semi-presidential,electoral-authoritarian,electoral-authoritarian,parliamentary,0.800,0.800,0.800,0.800,0.800,0.800,0.800,0.500,0.500,0.800,100.0,100.0,100.0,63.0,100.0,100.0,100.0,100.0,100.0,100.0
2033-12-01,0.9904,0.9950,0.9968,0.9870,1.0207,1.0100,0.9917,1.0022,0.9980,0.9935,1.0093,1.0009,0.9904,0.9950,0.9968,1.0030,1.0207,1.0100,1.0120,1.0817,0.9980,0.9935,1.0621,1.0009,4254.40,5782.93,4637.50,3012.37,2420.87,1529.17,203.75,3072.89,2477.91,596.76,0.9491,0.5792,0.9298,1.2070,0.8390,0.2804,1.3466,0.3109,0.1242,-0.9201,0.6996,0.7373,0.7633,0.7313,0.7607,0.7719,0.6734,0.6943,0.7631,0.7183,0.0060,0.0000,0.0171,0.0000,0.0040,0.0000,0.0059,0.0008,0.0001,0.0084,1.0000,1.0000,1.0000,1.0000,1.0000,1.0000,1.0000,1.0000,1.0000,1.0000,65.45,215.43,95.88,65.13,74.45,15.06,7.43,295.46,84.39,89.18,0.0000,0.0000,0.0000,0.0000,0.0000,0.0000,0.0000,0.0000,0.0000,0.0000,104304,74663,53998,54750,86225,66964,95775,572442,131417,91336,0,0,0,0,0,0,0,0,0,0,0.0000,0.0000,0.0000,0.0000,0.0000,0.0000,0.0000,0.0000,0.0000,0.0000,0,0,0,0,0,0,0,0,0,0,0,0,0,0,0,0,0,0,0,0,0.1468,0.0917,0.1504,0.0764,0.1123,0.0346,0.0871,0.1249,0.0291,0.1347,0.000,0.000,0.000,0.000,0.000,0.000,0.000,0.033,0.000,0.000,semi-presidential,parliamentary,parliamentary,parliamentary,parliamentary,semi-presidential,semi-presidential,electoral-authoritarian,electoral-authoritarian,parliamentary,0.800,0.800,0.800,0.800,0.800,0.800,0.800,0.500,0.500,0.800,100.0,100.0,100.0,66.1,100.0,100.0,100.0,100.0,100.0,95.0
2034-01-01,0.9879,0.9983,0.9976,0.9879,1.0174,1.0066,0.9930,1.0035,0.9969,0.9932,1.0136,0.9995,0.9879,1.0811,1.0338,1.0188,1.0174,1.0066,1.0318,1.0378,0.9969,0.9934,1.1334,0.9995,4265.34,5787.14,4642.71,3029.14,2426.53,1534.34,203.85,3091.83,2492.19,596.23,0.9464,0.5789,0.9286,1.2003,0.8372,0.2777,1.3461,0.3107,0.1228,-0.9355,0.6976,0.7298,0.7367,0.7380,0.7670,0.7931,0.6786,0.7121,0.7554,0.7240,0.0187,0.0103,0.0266,0.0181,0.0163,0.0074,0.0080,0.0008,0.0093,0.0095,0.9298,0.9352,0.9643,0.9385,0.9316,0.9475,0.9953,1.0000,0.9440,1.0000,65.61,215.26,94.25,62.00,73.82,15.31,7.38,294.56,84.34,89.01,0.0000,0.0000,0.0000,0.0000,0.0000,0.0000,0.0000,0.0000,0.0000,0.0000,104304,74663,53998,54750,86225,66964,95775,572442,131417,91336,0,0,0,0,0,0,0,0,0,0,0.0000,0.0000,0.0000,0.0000,0.0000,0.0000,0.0000,0.0000,0.0000,0.0000,0,0,0,0,0,0,0,0,0,0,0,0,0,0,0,0,0,0,0,0,0.1465,0.0908,0.1491,0.0735,0.1115,0.0342,0.0853,0.1249,0.0284,0.1373,0.000,0.000,0.000,0.000,0.000,0.000,0.000,0.017,0.000,0.000,semi-presidential,parliamentary,parliamentary,parliamentary,parliamentary,semi-presidential,semi-presidential,electoral-authoritarian,electoral-authoritarian,parliamentary,0.800,0.800,0.800,0.800,0.800,0.800,0.800,0.500,0.500,0.840,100.0,100.0,100.0,69.2,100.0,100.0,100.0,100.0,100.0,88.0
2034-02-01,0.9869,1.0026,0.9983,0.9868,1.0102,1.0046,0.9943,1.0014,0.9952,0.9960,1.0182,0.9968,0.9869,1.1081,1.0251,1.0064,1.0102,1.0046,1.0161,1.0014,0.9952,0.9970,1.1251,0.9968,4267.87,5791.29,4634.23,3034.05,2430.95,1540.58,204.06,3097.96,2498.41,595.91,0.9457,0.5787,0.9302,1.1986,0.8357,0.2747,1.3446,0.3117,0.1217,-0.9507,0.6838,0.7174,0.7134,0.7359,0.7421,0.7679,0.6639,0.7349,0.7464,0.6866,0.0181,0.0124,0.0246,0.0128,0.0166,0.0093,0.0048,0.0005,0.0111,0.0059,0.9113,0.9180,0.9551,0.9218,0.9130,0.9333,0.9941,1.0000,0.9280,1.0000,66.16,214.96,96.33,65.84,75.32,15.08,7.33,299.12,85.43,89.19,0.0000,0.0000,0.0000,0.0000,0.0000,0.0000,0.0000,0.0000,0.0000,0.0000,104304,74663,53998,54750,86225,66964,95775,572442,131417,91336,0,0,0,0,0,0,0,0,0,0,0.0000,0.0000,0.0000,0.0000,0.0000,0.0000,0.0000,0.0000,0.0000,0.0000,0,0,0,0,0,0,0,0,0,0,0,0,0,0,0,0,0,0,0,0,0.1358,0.0849,0.1383,0.0694,0.1025,0.0304,0.0774,0.1223,0.0248,0.1354,0.000,0.000,0.000,0.000,0.000,0.000,0.000,0.008,0.000,0.000,semi-presidential,parliamentary,parliamentary,parliamentary,parliamentary,semi-presidential,semi-presidential,electoral-authoritarian,electoral-authoritarian,parliamentary,0.800,0.800,0.800,0.800,0.800,0.800,0.800,0.500,0.500,0.830,100.0,100.0,100.0,72.4,100.0,100.0,100.0,100.0,100.0,90.8
2034-03-01,0.9865,1.0049,0.9997,0.9861,1.0043,1.0022,0.9964,1.0002,0.9921,0.9978,1.0210,0.9938,0.9865,1.0713,1.0630,1.0044,1.0043,1.0022,1.0491,1.0002,0.9921,0.9983,1.0970,0.9938,4263.00,5797.79,4630.03,3049.46,2437.10,1548.19,204.38,3107.12,2509.06,595.13,0.9468,0.5851,0.9361,1.1927,0.8337,0.2715,1.3426,0.3125,0.1205,-0.9666,0.6670,0.7118,0.6666,0.7059,0.7122,0.7547,0.6535,0.7175,0.7088,0.6853,0.0160,0.0093,0.0239,0.0111,0.0145,0.0058,0.0044,0.0005,0.0086,0.0064,0.9436,0.9481,0.9713,0.9511,0.9451,0.9583,0.9964,1.0000,0.9562,1.0000,66.16,214.34,95.51,65.96,75.40,15.00,7.27,299.85,86.30,89.10,0.0000,0.0000,0.0000,0.0000,0.0000,0.0000,0.0000,0.0000,0.0000,0.0000,104304,74663,53998,54750,86225,66964,95775,572442,131417,91336,0,0,0,0,0,0,0,0,0,0,0.0000,0.0000,0.0000,0.0000,0.0000,0.0000,0.0000,0.0000,0.0000,0.0000,0,0,0,0,0,0,0,0,0,0,0,0,0,0,0,0,0,0,0,0,0.1293,0.0809,0.1311,0.0649,0.0969,0.0281,0.0753,0.1207,0.0223,0.1357,0.000,0.000,0.000,0.000,0.000,0.000,0.000,0.008,0.000,0.000,semi-presidential,parliamentary,parliamentary,parliamentary,parliamentary,semi-presidential,semi-presidential,electoral-authoritarian,electoral-authoritarian,parliamentary,0.800,0.800,0.800,0.800,0.840,0.800,0.800,0.500,0.500,0.820,100.0,100.0,100.0,75.4,90.0,100.0,100.0,100.0,100.0,93.6
2034-04-01,0.9890,1.0073,1.0018,0.9843,0.9990,0.9992,1.0004,0.9977,0.9903,1.0002,1.0242,0.9907,1.0748,1.0651,1.0844,1.0026,0.9990,0.9992,1.0882,0.9977,0.9903,1.0002,1.1045,0.9907,4268.92,5828.95,4630.51,3048.55,2441.44,1553.52,203.93,3101.91,2513.00,596.09,0.9456,0.5822,0.9361,1.1933,0.8323,0.2687,1.3458,0.3146,0.1196,-0.9796,0.6442,0.7268,0.6458,0.7198,0.6874,0.7602,0.6551,0.7220,0.7028,0.6668,0.0235,0.0144,0.0296,0.0163,0.0216,0.0097,0.0084,0.0007,0.0122,0.0083,0.9507,0.9547,0.9749,0.9574,0.9521,0.9638,0.9969,1.0000,0.9622,1.0000,65.46,212.66,94.25,65.80,75.19,14.73,7.21,298.93,86.51,88.64,0.0000,0.0000,0.0000,0.0000,0.0000,0.0000,0.0000,0.0000,0.0000,0.0000,104304,74663,53998,54750,86225,66964,95775,572442,131417,91336,0,0,0,0,0,0,0,0,0,0,0.0000,0.0000,0.0000,0.0000,0.0000,0.0000,0.0000,0.0000,0.0000,0.0000,0,0,0,0,0,0,0,0,0,0,0,0,0,0,0,0,0,0,0,0,0.1274,0.0822,0.1298,0.0637,0.0955,0.0264,0.0751,0.1244,0.0207,0.1349,0.000,0.000,0.000,0.000,0.000,0.000,0.000,0.007,0.000,0.000,semi-presidential,parliamentary,parliamentary,parliamentary,parliamentary,semi-presidential,semi-presidential,electoral-authoritarian,electoral-authoritarian,parliamentary,0.800,0.800,0.800,0.800,0.830,0.800,0.800,0.500,0.500,0.810,100.0,100.0,100.0,78.4,92.7,100.0,100.0,100.0,100.0,96.3
2034-05-01,0.9902,1.0074,1.0050,0.9847,0.9951,0.9966,1.0034,0.9981,0.9910,0.9980,1.0249,0.9900,1.0362,1.0097,1.1249,1.0049,0.9951,0.9966,1.0748,1.0074,1.0062,0.9980,1.0475,0.9900,4272.33,5821.52,4642.17,3051.91,2442.28,1556.20,203.92,3119.85,2522.34,597.73,0.9449,0.5830,0.9338,1.1922,0.8321,0.2664,1.3462,0.3145,0.1184,-0.9916,0.6453,0.7623,0.6386,0.6843,0.6886,0.7474,0.6226,0.6776,0.6625,0.6868,0.0148,0.0070,0.0238,0.0132,0.0140,0.0027,0.0054,0.0010,0.0073,0.0067,0.9979,0.9981,0.9989,0.9983,0.9980,0.9985,0.9999,1.0000,0.9986,1.0000,65.96,214.75,93.91,64.92,75.42,14.93,7.21,300.59,86.82,89.27,0.0000,0.0000,0.0000,0.0000,0.0000,0.0000,0.0000,0.0000,0.0000,0.0000,104304,74663,53998,54750,86225,66964,95775,572442,131417,91336,0,0,0,0,0,0,0,0,0,0,0.0000,0.0000,0.0000,0.0000,0.0000,0.0000,0.0000,0.0000,0.0000,0.0000,0,0,0,0,0,0,0,0,0,0,0,0,0,0,0,0,0,0,0,0,0.1423,0.0893,0.1451,0.0701,0.1075,0.0281,0.0773,0.1261,0.0230,0.1369,0.000,0.000,0.000,0.000,0.000,0.000,0.000,0.007,0.000,0.000,semi-presidential,parliamentary,parliamentary,parliamentary,parliamentary,semi-presidential,semi-presidential,electoral-authoritarian,electoral-authoritarian,parliamentary,0.800,0.800,0.800,0.800,0.820,0.800,0.800,0.500,0.500,0.800,100.0,100.0,100.0,81.3,95.3,100.0,100.0,100.0,100.0,99.1
2034-06-01,0.9933,1.0055,1.0101,0.9824,0.9972,0.9939,1.0070,0.9992,0.9907,0.9948,1.0231,0.9911,1.0994,1.0055,1.1803,0.9990,1.0114,0.9939,1.0852,1.0173,0.9907,0.9948,1.0231,0.9913,4282.59,5842.12,4658.68,3054.90,2453.85,1565.06,204.44,3126.87,2528.22,597.41,0.9428,0.5811,0.9305,1.1914,0.8282,0.2631,1.3432,0.3154,0.1174,-1.0068,0.6474,0.7226,0.6669,0.6691,0.6696,0.7220,0.6225,0.7217,0.6689,0.7111,0.0217,0.0120,0.0303,0.0197,0.0239,0.0059,0.0071,0.0005,0.0114,0.0116,1.0000,1.0000,1.0000,1.0000,1.0000,1.0000,1.0000,1.0000,1.0000,1.0000,65.42,214.06,95.16,65.78,75.19,15.00,7.24,297.64,86.21,88.90,0.0000,0.0000,0.0000,0.0000,0.0000,0.0000,0.0000,0.0000,0.0000,0.0000,104304,74663,53998,54750,86225,66964,95775,572442,131417,91336,0,0,0,0,0,0,0,0,0,0,0.0000,0.0000,0.0000,0.0000,0.0000,0.0000,0.0000,0.0000,0.0000,0.0000,0,0,0,0,0,0,0,0,0,0,0,0,0,0,0,0,0,0,0,0,0.1467,0.0917,0.1505,0.0738,0.1109,0.0292,0.0839,0.1278,0.0242,0.1351,0.000,0.000,0.000,0.000,0.000,0.000,0.000,0.006,0.000,0.000,semi-presidential,parliamentary,parliamentary,parliamentary,parliamentary,semi-presidential,semi-presidential,electoral-authoritarian,electoral-authoritarian,parliamentary,0.800,0.800,0.800,0.800,0.810,0.800,0.800,0.500,0.500,0.800,100.0,100.0,100.0,84.1,97.9,100.0,100.0,100.0,100.0,100.0
2034-07-01,0.9948,1.0077,1.0121,0.9832,1.0007,0.9960,1.0078,1.0001,0.9891,0.9924,1.0196,0.9921,1.0531,1.0622,1.0915,1.0098,1.0212,1.0480,1.0330,1.0250,0.9891,0.9924,1.0196,0.9923,4295.19,5854.71,4677.13,3067.72,2467.29,1575.52,204.52,3135.97,2543.51,597.36,0.9401,0.5800,0.9269,1.1867,0.8238,0.2596,1.3432,0.3161,0.1159,-1.0215,0.6551,0.7372,0.6777,0.6524,0.6890,0.7461,0.6412,0.7139,0.6498,0.6959,0.0189,0.0133,0.0270,0.0238,0.0223,0.0085,0.0042,0.0003,0.0106,0.0111,0.9534,0.9572,0.9763,0.9598,0.9548,0.9658,0.9971,1.0000,0.9644,1.0000,66.56,216.12,94.67,64.42,76.10,15.33,7.19,304.01,87.66,89.62,0.0000,0.0000,0.0000,0.0000,0.0000,0.0000,0.0000,0.0000,0.0000,0.0000,104304,74663,53998,54750,86225,66964,95775,572442,131417,91336,0,0,0,0,0,0,0,0,0,0,0.0000,0.0000,0.0000,0.0000,0.0000,0.0000,0.0000,0.0000,0.0000,0.0000,0,0,0,0,0,0,0,0,0,0,0,0,0,0,0,0,0,0,0,0,0.1481,0.0926,0.1513,0.0730,0.1121,0.0359,0.0850,0.1300,0.0254,0.1383,0.000,0.000,0.000,0.000,0.000,0.000,0.000,0.006,0.000,0.000,semi-presidential,parliamentary,parliamentary,parliamentary,parliamentary,semi-presidential,semi-presidential,electoral-authoritarian,electoral-authoritarian,parliamentary,0.800,0.800,0.800,0.800,0.800,0.800,0.800,0.500,0.500,0.800,100.0,100.0,100.0,86.8,100.0,100.0,100.0,100.0,90.0,100.0
2034-08-01,0.9978,1.0091,1.0107,0.9851,1.0019,0.9954,1.0081,1.0016,0.9844,0.9907,1.0154,0.9927,1.0992,1.0438,1.0107,1.0127,1.0113,0.9954,1.0153,1.0319,0.9844,0.9907,1.0154,0.9929,4308.79,5873.12,4692.49,3079.94,2474.53,1585.66,205.33,3143.88,2564.01,599.24,0.9371,0.5784,0.9239,1.1822,0.8215,0.2561,1.3385,0.3169,0.1143,-1.0330,0.6650,0.7405,0.6901,0.6763,0.7211,0.7646,0.6377,0.7264,0.6829,0.6948,0.0128,0.0102,0.0194,0.0167,0.0143,0.0086,0.0061,0.0002,0.0077,0.0051,0.9702,0.9726,0.9848,0.9745,0.9712,0.9783,0.9982,1.0000,0.9779,1.0000,65.80,215.45,94.83,64.07,75.76,15.48,7.23,302.26,87.42,89.10,0.0000,0.0000,0.0000,0.0000,0.0000,0.0000,0.0000,0.0000,0.0000,0.0000,104304,74663,53998,54750,86225,66964,95775,572442,131417,91336,0,0,0,0,0,0,0,0,0,0,0.0000,0.0000,0.0000,0.0000,0.0000,0.0000,0.0000,0.0000,0.0000,0.0000,0,0,0,0,0,0,0,0,0,0,0,0,0,0,0,0,0,0,0,0,0.1485,0.0930,0.1520,0.0733,0.1129,0.0364,0.0852,0.1303,0.0261,0.1382,0.000,0.000,0.000,0.000,0.000,0.000,0.000,0.006,0.000,0.000,semi-presidential,parliamentary,parliamentary,parliamentary,parliamentary,semi-presidential,semi-presidential,electoral-authoritarian,electoral-authoritarian,parliamentary,0.800,0.800,0.800,0.800,0.800,0.800,0.800,0.500,0.500,0.800,100.0,100.0,100.0,89.6,100.0,100.0,100.0,100.0,93.1,100.0
2034-09-01,1.0005,1.0121,1.0095,0.9856,1.0010,0.9955,1.0102,0.9993,0.9830,0.9888,1.0093,0.9892,1.0943,1.0885,1.0095,1.0132,1.0010,0.9989,1.0556,0.9993,0.9830,0.9888,1.0093,0.9892,4306.02,5889.40,4689.49,3085.74,2481.10,1596.00,205.22,3154.64,2569.67,600.76,0.9378,0.5769,0.9246,1.1802,0.8194,0.2527,1.3398,0.3174,0.1133,-1.0451,0.6758,0.7508,0.7054,0.6898,0.7316,0.7789,0.6613,0.7025,0.7310,0.7232,0.0169,0.0143,0.0211,0.0184,0.0161,0.0118,0.0051,0.0002,0.0112,0.0019,0.9358,0.9409,0.9675,0.9441,0.9374,0.9523,0.9960,1.0000,0.9495,1.0000,66.11,214.98,94.19,64.45,75.95,15.28,7.21,304.81,88.37,89.58,0.0000,0.0000,0.0000,0.0000,0.0000,0.0000,0.0000,0.0000,0.0000,0.0000,104304,74663,53998,54750,86225,66964,95775,572442,131417,91336,0,0,0,0,0,0,0,0,0,0,0.0000,0.0000,0.0000,0.0000,0.0000,0.0000,0.0000,0.0000,0.0000,0.0000,0,0,0,0,0,0,0,0,0,0,0,0,0,0,0,0,0,0,0,0,0.1246,0.0804,0.1263,0.0600,0.0930,0.0306,0.0796,0.1257,0.0205,0.1388,0.000,0.000,0.000,0.000,0.000,0.000,0.000,0.006,0.000,0.000,semi-presidential,parliamentary,parliamentary,parliamentary,parliamentary,semi-presidential,semi-presidential,electoral-authoritarian,electoral-authoritarian,parliamentary,0.800,0.800,0.800,0.800,0.800,0.800,0.800,0.500,0.500,0.800,100.0,100.0,100.0,92.5,100.0,100.0,100.0,100.0,96.4,100.0
2034-10-01,0.9996,1.0133,1.0052,0.9877,1.0008,0.9926,1.0127,0.9981,0.9845,0.9935,1.0038,0.9884,0.9996,1.0422,1.0052,1.0149,1.0008,0.9926,1.0717,0.9981,1.0158,0.9963,1.0038,0.9884,4314.46,5899.87,4682.73,3092.71,2491.15,1605.51,205.24,3176.79,2583.01,601.72,0.9360,0.5760,0.9260,1.1778,0.8252,0.2494,1.3405,0.3168,0.1119,-1.0582,0.6585,0.7480,0.6710,0.6799,0.7253,0.7902,0.6425,0.7191,0.6814,0.7293,0.0052,0.0032,0.0145,0.0093,0.0054,0.0025,0.0043,0.0015,0.0037,0.0034,0.9751,0.9773,0.9873,0.9789,0.9760,0.9821,0.9986,1.0000,0.9819,1.0000,66.59,216.48,93.42,64.26,76.07,15.33,7.17,307.56,89.07,90.32,0.0000,0.0000,0.0000,0.0000,0.0000,0.0000,0.0000,0.0000,0.0000,0.0000,104304,74663,53998,54750,86225,66964,95775,572442,131417,91336,0,0,0,0,0,0,0,0,0,0,0.0000,0.0000,0.0000,0.0000,0.0000,0.0000,0.0000,0.0000,0.0000,0.0000,0,0,0,0,0,0,0,0,0,0,0,0,0,0,0,0,0,0,0,0,0.1400,0.0873,0.1433,0.0673,0.1052,0.0327,0.0817,0.1253,0.0226,0.1390,0.000,0.000,0.000,0.000,0.000,0.000,0.000,0.006,0.000,0.000,semi-presidential,parliamentary,parliamentary,parliamentary,parliamentary,semi-presidential,semi-presidential,electoral-authoritarian,electoral-authoritarian,parliamentary,0.800,0.800,0.800,0.800,0.800,0.800,0.800,0.500,0.500,0.800,100.0,100.0,100.0,95.3,95.0,100.0,100.0,100.0,99.5,100.0
2034-11-01,0.9981,1.0121,1.0016,0.9881,1.0032,0.9918,1.0135,0.9994,0.9853,0.9951,1.0014,0.9856,1.0686,1.0405,1.0396,1.0116,1.0349,1.0411,1.0295,1.0227,1.0102,0.9963,1.0026,0.9856,4307.73,5906.52,4677.65,3095.02,2495.56,1611.22,203.22,3172.43,2594.96,602.35,0.9375,0.5755,0.9271,1.1771,0.8238,0.2468,1.3546,0.3188,0.1107,-1.0718,0.6658,0.7457,0.6479,0.6828,0.7489,0.7909,0.6298,0.7420,0.6730,0.7315,0.0125,0.0100,0.0224,0.0213,0.0190,0.0000,0.0250,0.0017,0.0111,0.0142,0.9787,0.9782,0.9898,0.9775,0.9791,1.0000,0.9909,1.0000,0.9727,1.0000,64.30,212.00,93.08,62.90,74.59,15.53,3.87,294.58,86.73,90.29,0.0000,0.0000,0.0000,0.0000,0.0000,0.0000,0.4585,0.0430,0.0000,0.0000,104304,74663,53998,54750,86225,66964,95775,572442,131417,91336,0,0,0,0,0,0,0,0,0,0,0.0000,0.0000,0.0000,0.0000,0.0000,0.0000,0.0100,0.0100,0.0000,0.0000,0,0,0,0,0,0,0,1,0,0,0,0,0,0,0,0,1,1,0,0,0.1262,0.0799,0.1279,0.0601,0.0938,0.0296,0.0717,0.1194,0.0191,0.1385,0.000,0.000,0.000,0.000,0.000,0.000,0.000,0.005,0.000,0.000,semi-presidential,parliamentary,parliamentary,parliamentary,parliamentary,semi-presidential,semi-presidential,electoral-authoritarian,electoral-authoritarian,parliamentary,0.800,0.800,0.800,0.800,0.800,0.800,0.800,0.500,0.500,0.800,100.0,100.0,100.0,98.2,98.0,100.0,100.0,100.0,100.0,100.0
2034-12-01,1.0009,1.0111,1.0013,0.9871,1.0031,0.9910,1.0138,1.0001,0.9862,0.9980,1.0001,0.9867,1.1412,1.0403,1.0396,1.0046,1.0206,1.0396,1.0172,1.0103,1.0002,1.0230,1.0015,0.9869,4311.95,5915.00,4685.98,3104.37,2507.17,1619.97,201.96,3179.12,2601.60,602.31,0.9366,0.5748,0.9255,1.1739,0.8201,0.2437,1.3641,0.3198,0.1097,-1.0866,0.6441,0.7381,0.6263,0.6557,0.7201,0.7740,0.5237,0.6813,0.6772,0.7221,0.0156,0.0137,0.0220,0.0177,0.0187,0.0031,0.0721,0.0013,0.0129,0.0080,0.9789,0.9783,0.9899,0.9778,0.9795,1.0000,0.9745,1.0000,0.9730,1.0000,64.51,212.84,94.62,65.25,75.55,15.47,5.71,298.28,87.36,89.61,0.0000,0.0000,0.0000,0.0000,0.0000,0.0000,0.4558,0.0428,0.0000,0.0000,104304,74663,53998,54750,86225,66964,95775,572442,131417,91336,0,0,0,0,0,0,0,0,0,0,0.0000,0.0000,0.0000,0.0000,0.0000,0.0000,0.0200,0.0200,0.0000,0.0000,0,0,0,0,0,0,0,1,0,0,0,0,0,0,0,0,1,1,0,0,0.1441,0.0924,0.1473,0.0707,0.1078,0.0327,0.0732,0.1212,0.0218,0.1352,0.000,0.000,0.000,0.000,0.000,0.000,0.000,0.131,0.000,0.000,semi-presidential,parliamentary,parliamentary,parliamentary,parliamentary,semi-presidential,semi-presidential,electoral-authoritarian,electoral-authoritarian,parliamentary,0.800,0.800,0.800,0.800,0.800,0.800,0.800,0.500,0.500,0.800,100.0,100.0,100.0,100.0,100.0,100.0,100.0,100.0,100.0,100.0
2035-01-01,1.0005,1.0127,1.0006,0.9885,1.0029,0.9917,1.0121,1.0022,0.9853,0.9995,1.0014,0.9863,1.0740,1.0510,1.0371,1.0157,1.0201,1.0391,1.0135,1.0495,0.9955,1.0202,1.0427,0.9863,4319.53,5913.23,4697.83,3098.39,2517.23,1626.14,201.46,3166.09,2618.85,604.10,0.9351,0.5751,0.9232,1.1764,0.8169,0.2410,1.3686,0.3227,0.1082,-1.0981,0.6471,0.7291,0.6426,0.6680,0.7270,0.7725,0.4745,0.6937,0.6647,0.7090,0.0151,0.0106,0.0236,0.0201,0.0170,0.0009,0.0615,0.0016,0.0109,0.0118,0.9709,0.9713,0.9858,0.9712,0.9715,0.9937,0.9727,1.0000,0.9679,1.0000,64.03,213.48,93.71,62.67,74.33,15.85,5.64,294.83,86.62,89.70,0.0000,0.0000,0.0000,0.0000,0.0000,0.0000,0.4554,0.0408,0.0000,0.0000,104304,74663,53998,54750,86225,66964,95775,572442,131417,91336,0,0,0,0,0,0,0,0,0,0,0.0000,0.0000,0.0000,0.0000,0.0000,0.0000,0.0300,0.0300,0.0000,0.0000,0,0,0,0,0,0,0,1,0,0,0,0,0,0,0,0,1,1,0,0,0.1412,0.0913,0.1442,0.0682,0.1059,0.0323,0.0758,0.1208,0.0215,0.1369,0.000,0.000,0.000,0.000,0.000,0.000,0.000,0.131,0.000,0.000,semi-presidential,parliamentary,parliamentary,parliamentary,parliamentary,semi-presidential,semi-presidential,electoral-authoritarian,electoral-authoritarian,parliamentary,0.800,0.800,0.800,0.800,0.800,0.800,0.800,0.500,0.500,0.800,100.0,100.0,100.0,100.0,100.0,100.0,100.0,100.0,100.0,100.0
2035-02-01,1.0045,1.0128,1.0005,0.9904,1.0044,0.9916,1.0095,1.0022,0.9854,0.9989,1.0048,0.9868,1.1441,1.0409,1.0370,1.0189,1.0307,1.0389,1.0109,1.0034,0.9956,1.0102,1.0894,0.9869,4329.65,5918.62,4706.33,3105.71,2527.35,1637.14,201.13,3166.60,2628.72,604.10,0.9329,0.5748,0.9216,1.1736,0.8138,0.2376,1.3720,0.3242,0.1071,-1.1129,0.6552,0.7112,0.6630,0.6208,0.7328,0.7586,0.4860,0.6754,0.6913,0.7306,0.0173,0.0134,0.0249,0.0248,0.0217,0.0032,0.0769,0.0013,0.0124,0.0133,0.9799,0.9794,0.9903,0.9787,0.9803,1.0000,0.9744,1.0000,0.9741,1.0000,65.12,214.16,93.76,62.86,75.75,15.84,5.95,300.62,88.17,89.95,0.0000,0.0000,0.0000,0.0000,0.0000,0.0000,0.4552,0.0408,0.0000,0.0000,104304,74663,53998,54750,86225,66964,95775,572442,131417,91336,0,0,0,0,0,0,0,0,0,0,0.0000,0.0000,0.0000,0.0000,0.0000,0.0000,0.0400,0.0400,0.0000,0.0000,0,0,0,0,0,0,0,1,0,0,0,0,0,0,0,0,1,1,0,0,0.1439,0.0927,0.1473,0.0692,0.1083,0.0329,0.0773,0.1238,0.0223,0.1374,0.000,0.000,0.000,0.000,0.000,0.000,0.000,0.132,0.000,0.000,semi-presidential,parliamentary,parliamentary,parliamentary,parliamentary,semi-presidential,semi-presidential,electoral-authoritarian,electoral-authoritarian,parliamentary,0.800,0.800,0.800,0.800,0.800,0.800,0.800,0.500,0.500,0.800,100.0,100.0,100.0,100.0,100.0,100.0,100.0,100.0,100.0,100.0
2035-03-01,1.0107,1.0107,0.9996,0.9926,1.0053,0.9913,1.0084,0.9996,0.9865,0.9999,1.0061,0.9895,1.2457,1.0386,1.0365,1.0225,1.0278,1.0387,1.0098,1.0008,1.0112,1.0162,1.0463,0.9900,4336.55,5937.08,4722.36,3111.86,2539.16,1644.11,201.00,3175.15,2639.60,606.16,0.9312,0.5731,0.9183,1.1710,0.8100,0.2349,1.3739,0.3249,0.1059,-1.1239,0.6560,0.7108,0.6695,0.6328,0.7269,0.7752,0.4910,0.6617,0.7085,0.7168,0.0219,0.0190,0.0262,0.0302,0.0262,0.0085,0.0882,0.0017,0.0176,0.0108,0.9799,0.9793,0.9903,0.9789,0.9806,1.0000,0.9751,1.0000,0.9744,1.0000,63.79,211.42,91.72,61.10,74.32,15.58,5.82,294.33,87.20,88.72,0.0000,0.0000,0.0000,0.0000,0.0000,0.0000,0.4560,0.0413,0.0000,0.0000,104304,74663,53998,54750,86225,66964,95775,572442,131417,91336,0,0,0,0,0,0,0,0,0,0,0.0000,0.0000,0.0000,0.0000,0.0000,0.0000,0.0500,0.0500,0.0000,0.0000,0,0,0,0,0,0,0,1,0,0,0,0,0,0,0,0,1,1,0,0,0.1507,0.0942,0.1494,0.0708,0.1102,0.0345,0.0789,0.1288,0.0240,0.1374,0.000,0.000,0.000,0.000,0.000,0.000,0.000,0.127,0.000,0.000,semi-presidential,parliamentary,parliamentary,parliamentary,parliamentary,semi-presidential,semi-presidential,electoral-authoritarian,electoral-authoritarian,parliamentary,0.800,0.800,0.800,0.800,0.800,0.800,0.800,0.500,0.500,0.800,100.0,100.0,100.0,100.0,100.0,100.0,100.0,100.0,100.0,100.0
2035-04-01,1.0192,1.0108,0.9981,0.9977,1.0031,0.9906,1.0069,0.9979,0.9890,0.9998,1.0060,0.9941,1.3018,1.0388,1.0347,1.0324,1.0197,1.0377,1.0083,0.9991,1.0399,1.0115,1.0074,0.9948,4355.57,5949.55,4744.66,3121.03,2546.50,1647.94,200.00,3182.00,2648.07,607.31,0.9271,0.5720,0.9139,1.1674,0.8078,0.2326,1.3816,0.3257,0.1048,-1.1336,0.6524,0.7354,0.6788,0.6444,0.7229,0.7660,0.4927,0.6794,0.6985,0.7259,0.0234,0.0216,0.0256,0.0348,0.0275,0.0113,0.0895,0.0024,0.0213,0.0084,0.9799,0.9794,0.9903,0.9788,0.9803,1.0000,0.9744,1.0000,0.9741,1.0000,63.57,211.31,90.47,60.41,73.87,15.47,5.91,293.23,87.47,88.40,0.0000,0.0000,0.0000,0.0000,0.0000,0.0000,0.4556,0.0410,0.0000,0.0000,104304,74663,53998,54750,86225,66964,95775,572442,131417,91336,0,0,0,0,0,0,0,0,0,0,0.0000,0.0000,0.0000,0.0000,0.0000,0.0000,0.0600,0.0600,0.0000,0.0000,0,0,0,0,0,0,0,1,0,0,0,0,0,0,0,0,1,1,0,0,0.1541,0.0974,0.1529,0.0735,0.1140,0.0373,0.0782,0.1321,0.0268,0.1384,0.000,0.000,0.000,0.000,0.000,0.000,0.000,0.125,0.000,0.000,semi-presidential,parliamentary,parliamentary,parliamentary,parliamentary,semi-presidential,semi-presidential,electoral-authoritarian,electoral-authoritarian,parliamentary,0.800,0.800,0.800,0.800,0.800,0.800,0.800,0.500,0.500,0.800,100.0,100.0,100.0,100.0,100.0,100.0,100.0,100.0,100.0,100.0
2035-05-01,1.0274,1.0115,0.9966,1.0034,1.0035,0.9870,1.0088,0.9989,0.9895,0.9998,1.0046,0.9983,1.3108,1.0397,1.0335,1.0381,1.0220,1.0337,1.0537,1.0178,0.9998,1.0114,1.0060,0.9989,4372.38,5973.43,4774.94,3125.90,2560.82,1655.70,199.94,3194.52,2656.60,605.82,0.9235,0.5699,0.9081,1.1655,0.8033,0.2347,1.3829,0.3259,0.1037,-1.1514,0.6666,0.7358,0.7024,0.6420,0.7141,0.7329,0.4544,0.7060,0.6866,0.7245,0.0254,0.0216,0.0275,0.0349,0.0282,0.0112,0.0902,0.0013,0.0199,0.0106,0.9798,0.9793,0.9903,0.9786,0.9801,1.0000,0.9743,1.0000,0.9739,1.0000,64.13,212.64,91.28,60.80,74.54,15.72,5.89,295.34,88.04,89.00,0.0000,0.0000,0.0000,0.0000,0.0000,0.0000,0.4561,0.0412,0.0000,0.0000,104304,74663,53998,54750,86225,66964,95775,572442,131417,91336,0,0,0,0,0,0,0,0,0,0,0.0000,0.0000,0.0000,0.0000,0.0000,0.0000,0.0700,0.0700,0.0000,0.0000,0,0,0,0,0,0,0,1,0,0,0,0,0,0,0,0,1,1,0,0,0.1577,0.1003,0.1562,0.0766,0.1170,0.0402,0.0842,0.1360,0.0297,0.1399,0.000,0.000,0.000,0.000,0.000,0.000,0.000,0.124,0.000,0.000,semi-presidential,parliamentary,parliamentary,parliamentary,parliamentary,semi-presidential,semi-presidential,electoral-authoritarian,electoral-authoritarian,parliamentary,0.800,0.800,0.800,0.800,0.800,0.800,0.800,0.500,0.500,0.800,100.0,100.0,100.0,100.0,100.0,100.0,100.0,100.0,100.0,100.0
2035-06-01,1.0356,1.0132,0.9948,1.0041,1.0059,0.9856,1.0094,0.9982,0.9906,1.0013,1.0025,1.0014,1.3073,1.0558,1.0317,1.0284,1.0360,1.0321,1.0152,0.9994,1.0074,1.0171,1.0039,1.0018,4400.40,5974.09,4792.32,3140.36,2573.67,1668.56,199.90,3203.52,2670.54,606.91,0.9176,0.5700,0.9049,1.1602,0.7995,0.2312,1.3838,0.3265,0.1024,-1.1643,0.6748,0.7430,0.7331,0.6400,0.7314,0.7397,0.4776,0.7063,0.6724,0.6714,0.0244,0.0224,0.0268,0.0319,0.0307,0.0116,0.0859,0.0012,0.0205,0.0116,0.9674,0.9680,0.9840,0.9682,0.9681,0.9912,0.9725,1.0000,0.9652,1.0000,64.80,213.85,93.28,62.90,75.97,15.68,5.75,299.39,89.10,89.54,0.0000,0.0000,0.0000,0.0000,0.0000,0.0000,0.4560,0.0412,0.0000,0.0000,104304,74663,53998,54750,86225,66964,95775,572442,131417,91336,0,0,0,0,0,0,0,0,0,0,0.0000,0.0000,0.0000,0.0000,0.0000,0.0000,0.0800,0.0800,0.0000,0.0000,0,0,0,0,0,0,0,1,0,0,0,0,0,0,0,0,1,1,0,0,0.1599,0.1029,0.1592,0.0797,0.1194,0.0420,0.0864,0.1387,0.0316,0.1401,0.000,0.000,0.000,0.000,0.000,0.000,0.000,0.123,0.000,0.000,semi-presidential,parliamentary,parliamentary,parliamentary,parliamentary,semi-presidential,semi-presidential,electoral-authoritarian,electoral-authoritarian,parliamentary,0.800,0.800,0.800,0.800,0.800,0.800,0.800,0.500,0.500,0.800,100.0,100.0,100.0,100.0,100.0,100.0,100.0,100.0,100.0,100.0
2035-07-01,1.0434,1.0134,0.9953,1.0023,1.0064,0.9814,1.0070,0.9949,0.9909,1.0012,1.0036,1.0038,1.3144,1.0415,1.0333,1.0183,1.0252,1.0273,1.0085,0.9960,1.0013,1.0110,1.0289,1.0041,4427.84,5997.85,4812.61,3144.89,2587.21,1679.56,200.09,3215.83,2690.60,607.08,0.9119,0.5678,0.9011,1.1585,0.7954,0.2279,1.3830,0.3267,0.1009,-1.1790,0.6835,0.7251,0.7260,0.6602,0.7439,0.7683,0.4945,0.6962,0.6941,0.6800,0.0231,0.0207,0.0253,0.0243,0.0265,0.0102,0.0833,0.0010,0.0189,0.0086,0.9798,0.9793,0.9903,0.9787,0.9802,1.0000,0.9748,1.0000,0.9741,1.0000,65.40,212.88,93.32,64.89,76.64,15.41,5.80,302.02,90.02,89.98,0.0000,0.0000,0.0000,0.0000,0.0000,0.0000,0.4555,0.0411,0.0000,0.0000,104304,74663,53998,54750,86225,66964,95775,572442,131417,91336,0,0,0,0,0,0,0,0,0,0,0.0000,0.0000,0.0000,0.0000,0.0000,0.0000,0.0900,0.0900,0.0000,0.0000,0,0,0,0,0,0,0,1,0,0,0,0,0,0,0,0,1,1,0,0,0.1615,0.1038,0.1611,0.0825,0.1208,0.0471,0.0877,0.1403,0.0325,0.1385,0.000,0.000,0.000,0.000,0.000,0.000,0.000,0.122,0.000,0.000,semi-presidential,parliamentary,parliamentary,parliamentary,parliamentary,semi-presidential,semi-presidential,electoral-authoritarian,electoral-authoritarian,parliamentary,0.800,0.800,0.800,0.800,0.800,0.800,0.800,0.500,0.500,0.800,100.0,100.0,100.0,100.0,100.0,100.0,100.0,100.0,100.0,100.0
2035-08-01,1.0517,1.0173,0.9975,1.0009,1.0077,0.9798,1.0027,0.9941,0.9906,1.0005,1.0034,1.0033,1.3282,1.1144,1.1036,1.0204,1.0316,1.0257,1.0041,0.9952,1.0010,1.0105,1.0048,1.0033,4440.03,6025.15,4820.17,3147.16,2596.58,1689.47,199.66,3227.31,2709.37,607.72,0.9095,0.5654,0.8998,1.1578,0.7927,0.2249,1.3864,0.3269,0.0995,-1.1928,0.6907,0.7479,0.7324,0.6545,0.7523,0.7774,0.5047,0.7110,0.7245,0.6839,0.0352,0.0304,0.0349,0.0373,0.0398,0.0163,0.0844,0.0009,0.0279,0.0099,0.9224,0.9266,0.9613,0.9288,0.9241,0.9578,0.9668,1.0000,0.9294,1.0000,65.94,213.18,93.18,64.82,77.10,15.33,5.80,303.86,90.55,90.34,0.0000,0.0000,0.0000,0.0000,0.0000,0.0000,0.4559,0.0415,0.0000,0.0000,104304,74663,53998,54750,86225,66964,95775,572442,131417,91336,0,0,0,0,0,0,0,0,0,0,0.0000,0.0000,0.0000,0.0000,0.0000,0.0000,0.1000,0.1000,0.0000,0.0000,0,0,0,0,0,0,0,1,0,0,0,0,0,0,0,0,1,1,0,0,0.1588,0.1016,0.1578,0.0803,0.1182,0.0459,0.0872,0.1405,0.0314,0.1399,0.000,0.000,0.000,0.000,0.000,0.000,0.000,0.123,0.000,0.000,semi-presidential,parliamentary,parliamentary,parliamentary,parliamentary,semi-presidential,semi-presidential,electoral-authoritarian,electoral-authoritarian,parliamentary,0.800,0.800,0.800,0.800,0.800,0.800,0.800,0.500,0.500,0.800,100.0,100.0,100.0,100.0,100.0,100.0,100.0,100.0,100.0,100.0
2035-09-01,1.0575,1.0191,1.0010,0.9981,1.0069,0.9766,0.9996,0.9963,0.9938,1.0016,1.0031,1.0017,1.2580,1.0632,1.1475,1.0148,1.0235,1.0220,1.0010,1.0363,1.0550,1.0149,1.0046,1.0017,4447.91,6035.65,4837.92,3148.98,2603.70,1701.97,199.45,3253.05,2725.95,608.43,0.9081,0.5646,0.8965,1.1571,0.7907,0.2217,1.3881,0.3257,0.0981,-1.2066,0.6824,0.7577,0.7005,0.6448,0.7264,0.7776,0.4857,0.7170,0.7213,0.6904,0.0292,0.0215,0.0336,0.0292,0.0328,0.0071,0.0856,0.0033,0.0220,0.0124,0.9664,0.9671,0.9835,0.9673,0.9671,0.9906,0.9730,1.0000,0.9643,1.0000,67.99,217.85,95.07,66.64,79.44,15.90,5.79,313.15,93.14,92.28,0.0000,0.0000,0.0000,0.0000,0.0000,0.0000,0.4559,0.0414,0.0000,0.0000,104304,74663,53998,54750,86225,66964,95775,572442,131417,91336,0,0,0,0,0,0,0,0,0,0,0.0000,0.0000,0.0000,0.0000,0.0000,0.0000,0.1100,0.1100,0.0000,0.0000,0,0,0,0,0,0,0,1,0,0,0,0,0,0,0,0,1,1,0,0,0.1510,0.0982,0.1500,0.0765,0.1122,0.0438,0.0834,0.1374,0.0291,0.1388,0.000,0.000,0.000,0.000,0.000,0.000,0.000,0.124,0.000,0.000,semi-presidential,parliamentary,parliamentary,parliamentary,parliamentary,semi-presidential,semi-presidential,electoral-authoritarian,electoral-authoritarian,parliamentary,0.800,0.800,0.800,0.800,0.800,0.800,0.800,0.500,0.500,0.800,100.0,100.0,100.0,100.0,100.0,100.0,100.0,100.0,100.0,100.0
2035-10-01,1.0610,1.0197,1.0026,0.9969,1.0361,0.9759,0.9995,1.0060,0.9979,1.0020,1.0048,1.0013,1.1862,1.0484,1.0871,1.0129,1.1411,1.0212,1.0009,1.1996,1.0789,1.0119,1.0467,1.0013,4476.00,6050.79,4843.00,3158.79,2609.68,1719.26,199.13,3269.84,2735.34,609.55,0.9025,0.5633,0.9027,1.1536,0.7890,0.2180,1.3905,0.3253,0.0971,-1.2196,0.6761,0.7442,0.7020,0.6436,0.7143,0.7877,0.4850,0.7771,0.7248,0.6916,0.0267,0.0134,0.0447,0.0351,0.0479,0.0018,0.0951,0.0054,0.0160,0.0579,0.9795,0.9790,0.9902,0.9783,0.9798,1.0000,0.9751,1.0000,0.9736,1.0000,70.56,226.15,100.98,69.24,82.43,17.13,5.88,323.41,95.34,94.46,0.0000,0.0000,0.0000,0.0000,0.0000,0.0000,0.4556,0.0413,0.0000,0.0000,104304,74663,53998,54750,86225,66964,95775,572442,131417,91336,0,0,0,0,0,0,0,0,0,0,0.0000,0.0000,0.0000,0.0000,0.0000,0.0000,0.1200,0.1200,0.0000,0.0000,0,0,0,0,0,0,0,1,0,0,0,0,0,0,0,0,1,1,0,0,0.1569,0.1021,0.1566,0.0800,0.1170,0.0461,0.0885,0.1398,0.0306,0.1400,0.000,0.000,0.000,0.000,0.000,0.000,0.000,0.125,0.000,0.000,semi-presidential,parliamentary,parliamentary,parliamentary,parliamentary,semi-presidential,semi-presidential,electoral-authoritarian,electoral-authoritarian,parliamentary,0.800,0.800,0.800,0.800,0.800,0.800,0.800,0.500,0.500,0.800,100.0,100.0,100.0,100.0,100.0,100.0,100.0,100.0,100.0,100.0
2035-11-01,1.0670,1.0242,1.0074,0.9960,1.0583,0.9748,1.0006,1.0111,1.0007,1.0005,1.0064,1.0033,1.2682,1.1332,1.1868,1.0221,1.1455,1.0198,1.0301,1.1144,1.0613,1.0104,1.0544,1.0036,4491.98,6082.43,4859.88,3165.23,2621.70,1731.22,198.55,3281.74,2751.26,609.41,0.8994,0.5605,0.8996,1.1512,0.7856,0.2150,1.3946,0.3255,0.0958,-1.2351,0.6861,0.7432,0.6826,0.6489,0.6838,0.8257,0.4729,0.7649,0.7095,0.6714,0.0440,0.0297,0.0535,0.0533,0.0611,0.0127,0.0940,0.0040,0.0292,0.0471,0.9127,0.9178,0.9565,0.9203,0.9144,0.9509,0.9661,1.0000,0.9215,1.0000,70.27,226.64,102.03,67.85,81.69,18.06,5.90,317.97,94.97,93.93,0.0000,0.0000,0.0000,0.0000,0.0000,0.0000,0.4551,0.0414,0.0000,0.0000,104304,74663,53998,54750,86225,66964,95775,572442,131417,91336,0,0,0,0,0,0,0,0,0,0,0.0000,0.0000,0.0000,0.0000,0.0000,0.0000,0.1300,0.1300,0.0000,0.0000,0,0,0,0,0,0,0,1,0,0,0,0,0,0,0,0,1,1,0,0,0.1622,0.1051,0.1607,0.0824,0.1206,0.0488,0.0918,0.1474,0.0325,0.1426,0.000,0.000,0.000,0.000,0.000,0.000,0.000,0.121,0.000,0.000,semi-presidential,parliamentary,parliamentary,parliamentary,parliamentary,semi-presidential,semi-presidential,electoral-authoritarian,electoral-authoritarian,parliamentary,0.800,0.800,0.800,0.800,0.800,0.800,0.800,0.500,0.470,0.800,100.0,100.0,100.0,100.0,100.0,100.0,100.0,100.0,100.0,100.0
2035-12-01,1.0686,1.0263,1.0095,0.9960,1.0735,0.9773,1.0014,1.0126,1.0009,0.9954,1.0070,1.0005,1.1515,1.0808,1.1134,1.0130,1.1441,1.0408,1.0148,1.0361,1.0119,1.0023,1.0150,1.0005,4502.52,6096.25,4872.32,3175.01,2631.49,1738.28,198.55,3288.42,2765.36,610.99,0.8974,0.5594,0.8974,1.1478,0.7828,0.2128,1.3947,0.3261,0.0945,-1.2471,0.6828,0.7603,0.6883,0.6446,0.6819,0.8070,0.4621,0.7328,0.7343,0.6587,0.0202,0.0150,0.0311,0.0304,0.0341,0.0024,0.0606,0.0012,0.0151,0.0302,0.9576,0.9592,0.9791,0.9598,0.9586,0.9846,0.9723,1.0000,0.9579,1.0000,72.17,231.45,105.70,71.16,84.27,18.65,5.72,326.91,97.44,95.94,0.0000,0.0000,0.0000,0.0000,0.0000,0.0000,0.4551,0.0414,0.0000,0.0000,104304,74663,53998,54750,86225,66964,95775,572442,131417,91336,0,0,0,0,0,0,0,0,0,0,0.0000,0.0000,0.0000,0.0000,0.0000,0.0000,0.1400,0.1400,0.0000,0.0000,0,0,0,0,0,0,0,1,0,0,0,0,0,0,0,0,1,1,0,0,0.1431,0.0953,0.1407,0.0726,0.1054,0.0438,0.0879,0.1419,0.0280,0.1418,0.000,0.000,0.000,0.000,0.000,0.000,0.000,0.123,0.000,0.000,semi-presidential,parliamentary,parliamentary,parliamentary,parliamentary,semi-presidential,semi-presidential,electoral-authoritarian,electoral-authoritarian,parliamentary,0.800,0.800,0.800,0.800,0.800,0.800,0.800,0.500,0.480,0.800,100.0,100.0,100.0,100.0,100.0,100.0,100.0,100.0,100.0,100.0
2036-01-01,1.0723,1.0275,1.0132,0.9948,1.0807,0.9773,1.0026,1.0103,1.0014,0.9931,1.0109,1.0007,1.2014,1.0569,1.1629,1.0109,1.1259,1.0223,1.0289,1.0117,1.0124,1.0023,1.1088,1.0008,4528.07,6112.19,4878.77,3180.18,2640.75,1752.15,198.73,3297.22,2779.48,611.26,0.8925,0.5580,0.8962,1.1460,0.7802,0.2098,1.3936,0.3265,0.0933,-1.2620,0.6839,0.7602,0.6829,0.6564,0.6928,0.7868,0.4916,0.7075,0.7363,0.6786,0.0245,0.0156,0.0337,0.0281,0.0324,0.0019,0.0845,0.0016,0.0161,0.0238,0.9791,0.9787,0.9900,0.9779,0.9793,1.0000,0.9756,1.0000,0.9731,1.0000,72.56,231.28,104.96,71.50,84.91,18.60,5.98,329.11,97.71,96.53,0.0000,0.0000,0.0000,0.0000,0.0000,0.0000,0.4533,0.0416,0.0000,0.0000,104304,74663,53998,54750,86225,66964,95775,572442,131417,91336,0,0,0,0,0,0,0,0,0,0,0.0000,0.0000,0.0000,0.0000,0.0000,0.0000,0.1500,0.1500,0.0000,0.0000,0,0,0,0,0,0,0,1,0,0,0,0,0,0,0,0,1,1,0,0,0.1595,0.1037,0.1589,0.0815,0.1188,0.0472,0.0912,0.1463,0.0310,0.1430,0.000,0.000,0.000,0.000,0.000,0.000,0.000,0.123,0.000,0.000,semi-presidential,parliamentary,parliamentary,parliamentary,parliamentary,semi-presidential,semi-presidential,electoral-authoritarian,electoral-authoritarian,parliamentary,0.800,0.800,0.800,0.800,0.800,0.800,0.800,0.500,0.410,0.800,100.0,100.0,100.0,100.0,100.0,100.0,100.0,100.0,100.0,100.0
