date,price_oil,price_gas,price_coal,price_electricity,price_food,price_critical-minerals,price_steel,price_consumer-goods,price_electronics,price_arms,price_pharma,price_services,import_price_oil,import_price_gas,import_price_coal,import_price_electricity,import_price_food,import_price_critical-minerals,import_price_steel,import_price_consumer-goods,import_price_electronics,import_price_arms,import_price_pharma,import_price_services,gdp_FRA,gdp_DEU,gdp_GBR,gdp_ITA,gdp_ESP,gdp_POL,gdp_UKR,gdp_RUS,gdp_TUR,gdp_NOR,debt_FRA,debt_DEU,debt_GBR,debt_ITA,debt_ESP,debt_POL,debt_UKR,debt_RUS,debt_TUR,debt_NOR,stability_FRA,stability_DEU,stability_GBR,stability_ITA,stability_ESP,stability_POL,stability_UKR,stability_RUS,stability_TUR,stability_NOR,shortage_FRA,shortage_DEU,shortage_GBR,shortage_ITA,shortage_ESP,shortage_POL,shortage_UKR,shortage_RUS,shortage_TUR,shortage_NOR,gas_coverage_FRA,gas_coverage_DEU,gas_coverage_GBR,gas_coverage_ITA,gas_coverage_ESP,gas_coverage_POL,gas_coverage_UKR,gas_coverage_RUS,gas_coverage_TUR,gas_coverage_NOR,maritime_trade_FRA,maritime_trade_DEU,maritime_trade_GBR,maritime_trade_ITA,maritime_trade_ESP,maritime_trade_POL,maritime_trade_UKR,maritime_trade_RUS,maritime_trade_TUR,maritime_trade_NOR,blockade_FRA,blockade_DEU,blockade_GBR,blockade_ITA,blockade_ESP,blockade_POL,blockade_UKR,blockade_RUS,blockade_TUR,blockade_NOR,tiles_FRA,tiles_DEU,tiles_GBR,tiles_ITA,tiles_ESP,tiles_POL,tiles_UKR,tiles_RUS,tiles_TUR,tiles_NOR,contested_FRA,contested_DEU,contested_GBR,contested_ITA,contested_ESP,contested_POL,contested_UKR,contested_RUS,contested_TUR,contested_NOR,exhaustion_FRA,exhaustion_DEU,exhaustion_GBR,exhaustion_ITA,exhaustion_ESP,exhaustion_POL,exhaustion_UKR,exhaustion_RUS,exhaustion_TUR,exhaustion_NOR,sanctions_against_FRA,sanctions_against_DEU,sanctions_against_GBR,sanctions_against_ITA,sanctions_against_ESP,sanctions_against_POL,sanctions_against_UKR,sanctions_against_RUS,sanctions_against_TUR,sanctions_against_NOR,at_war_FRA,at_war_DEU,at_war_GBR,at_war_ITA,at_war_ESP,at_war_POL,at_war_UKR,at_war_RUS,at_war_TUR,at_war_NOR,export_share_FRA,export_share_DEU,export_share_GBR,export_share_ITA,export_share_ESP,export_share_POL,export_share_UKR,export_share_RUS,export_share_TUR,export_share_NOR,circumvention_FRA,circumvention_DEU,circumvention_GBR,circumvention_ITA,circumvention_ESP,circumvention_POL,circumvention_UKR,circumvention_RUS,circumvention_TUR,circumvention_NOR,regime_FRA,regime_DEU,regime_GBR,regime_ITA,regime_ESP,regime_POL,regime_UKR,regime_RUS,regime_TUR,regime_NOR,legitimacy_FRA,legitimacy_DEU,legitimacy_GBR,legitimacy_ITA,legitimacy_ESP,legitimacy_POL,legitimacy_UKR,legitimacy_RUS,legitimacy_TUR,legitimacy_NOR,capital_FRA,capital_DEU,capital_GBR,capital_ITA,capital_ESP,capital_POL,capital_UKR,capital_RUS,capital_TUR,capital_NOR
2026-01-01,1.0000,1.0000,1.0000,1.0000,1.0000,1.0000,1.0000,1.0000,1.0000,1.0000,1.0000,1.0000,1.0000,1.0000,1.0001,1.0298,1.0000,1.0000,1.0170,1.0170,1.0221,1.0232,1.0170,1.0000,3366.32,5050.92,4002.59,2551.56,1906.45,1035.49,214.23,2561.31,1597.29,530.76,1.1600,0.6290,1.0230,1.3710,1.0040,0.5880,1.0870,0.1720,0.2350,0.4500,0.6600,0.7169,0.6747,0.6374,0.6767,0.7200,0.6678,0.6750,0.6750,0.7200,0.0019,0.0004,0.0179,0.0017,0.0019,0.0000,0.0027,0.0012,0.0009,0.0031,1.0000,1.0000,1.0000,1.0000,1.0000,1.0000,1.0000,1.0000,1.0000,1.0000,53.01,188.04,79.00,54.35,61.58,9.29,7.94,244.34,57.59,79.61,0.0000,0.0000,0.0000,0.0000,0.0000,0.0000,0.0000,0.0000,0.0000,0.0000,104304,74663,53998,54750,86225,66964,95775,572442,131417,91336,0,0,0,0,0,0,0,0,0,0,0.0000,0.0000,0.0000,0.0000,0.0000,0.0000,0.0000,0.0000,0.0000,0.0000,0,0,0,0,0,0,0,0,0,0,0,0,0,0,0,0,1,1,0,0,0.1189,0.0741,0.1337,0.0482,0.0865,0.0115,0.0806,0.1079,0.0015,0.1360,0.000,0.000,0.000,0.000,0.000,0.000,0.000,0.000,0.000,0.000,semi-presidential,parliamentary,parliamentary,parliamentary,parliamentary,semi-presidential,semi-presidential,electoral-authoritarian,electoral-authoritarian,parliamentary,0.800,0.800,0.800,0.800,0.800,0.800,0.800,0.500,0.500,0.800,30.0,30.0,30.0,30.0,30.0,30.0,30.0,30.0,30.0,30.0
2026-02-01,1.0012,1.0004,1.0013,0.9981,1.0021,1.0017,1.0006,1.0006,0.9995,1.0038,1.0014,1.0003,1.0809,1.0346,1.0371,0.9984,1.0406,1.0855,1.0067,1.0370,1.0132,1.0491,1.0296,1.0014,3365.54,5051.94,4002.93,2549.50,1902.05,1037.75,211.98,2560.71,1601.05,530.91,1.1604,0.6290,1.0254,1.3736,1.0074,0.5877,1.1006,0.1743,0.2347,0.4362,0.6589,0.7160,0.6791,0.6276,0.6632,0.7197,0.6022,0.6689,0.6684,0.7011,0.0146,0.0111,0.0146,0.0189,0.0208,0.0012,0.0641,0.0019,0.0111,0.0172,0.9747,0.9735,0.9875,0.9743,0.9764,0.9944,0.9676,1.0000,0.9699,1.0000,50.54,182.68,75.95,52.69,59.80,9.15,5.79,234.38,56.01,79.07,0.0000,0.0000,0.0000,0.0000,0.0000,0.0000,0.4583,0.0410,0.0000,0.0000,104304,74663,53998,54750,86225,66964,95775,572442,131417,91336,0,0,0,0,0,0,0,0,0,0,0.0000,0.0000,0.0000,0.0000,0.0000,0.0000,0.0092,0.0092,0.0000,0.0000,0,0,0,0,0,0,0,1,0,0,0,0,0,0,0,0,1,1,0,0,0.1179,0.0739,0.1338,0.0487,0.0864,0.0116,0.0719,0.1013,0.0015,0.1321,0.000,0.000,0.000,0.000,0.000,0.000,0.031,0.147,0.000,0.000,semi-presidential,parliamentary,parliamentary,parliamentary,parliamentary,semi-presidential,semi-presidential,electoral-authoritarian,electoral-authoritarian,parliamentary,0.800,0.800,0.800,0.800,0.800,0.800,0.800,0.500,0.500,0.800,30.2,30.4,22.0,31.2,31.4,31.7,62.6,33.0,33.1,32.6
2026-03-01,1.0017,1.0016,0.9996,0.9959,1.0038,1.0041,1.0006,1.0012,1.0001,1.0053,1.0035,1.0022,1.0819,1.0293,1.0372,0.9960,1.0449,1.1017,1.0308,1.0118,1.0145,1.0151,1.1053,1.0040,3369.80,5053.81,4010.31,2551.73,1901.12,1040.39,210.57,2556.92,1608.54,530.53,1.1629,0.6304,1.0265,1.3770,1.0100,0.5841,1.1093,0.1769,0.2337,0.4220,0.6523,0.7064,0.6703,0.6256,0.6564,0.7162,0.5504,0.6718,0.6674,0.6978,0.0159,0.0107,0.0168,0.0192,0.0222,0.0005,0.0637,0.0021,0.0109,0.0207,0.9802,0.9796,0.9903,0.9789,0.9805,1.0000,0.9678,1.0000,0.9740,1.0000,50.28,182.68,76.16,52.49,59.36,9.27,5.76,232.30,55.94,79.27,0.0000,0.0000,0.0000,0.0000,0.0000,0.0000,0.4599,0.0431,0.0000,0.0000,104304,74663,53998,54750,86225,66964,95775,572442,131417,91336,0,0,0,0,0,0,0,0,0,0,0.0000,0.0000,0.0000,0.0000,0.0000,0.0000,0.0184,0.0184,0.0000,0.0000,0,0,0,0,0,0,0,1,0,0,0,0,0,0,0,0,1,1,0,0,0.1195,0.0751,0.1351,0.0499,0.0876,0.0127,0.0730,0.0996,0.0015,0.1325,0.000,0.000,0.000,0.000,0.000,0.000,0.034,0.147,0.000,0.000,semi-presidential,parliamentary,parliamentary,parliamentary,parliamentary,semi-presidential,semi-presidential,electoral-authoritarian,electoral-authoritarian,parliamentary,0.800,0.800,0.800,0.800,0.800,0.800,0.800,0.500,0.500,0.800,33.4,33.2,24.5,34.7,34.6,34.8,64.9,36.0,36.8,35.3
2026-04-01,1.0016,1.0019,0.9981,0.9934,1.0048,1.0059,1.0009,1.0014,0.9997,1.0053,1.0073,1.0046,1.0846,1.0306,1.0363,0.9938,1.0305,1.0897,1.0455,1.0031,1.0139,1.0483,1.0891,1.0054,3362.43,5057.06,4014.40,2558.96,1899.99,1040.38,209.33,2563.10,1611.74,530.30,1.1691,0.6315,1.0282,1.3774,1.0127,0.5836,1.1173,0.1787,0.2333,0.4078,0.6476,0.7068,0.6662,0.6190,0.6432,0.7254,0.5151,0.6403,0.5542,0.6909,0.0154,0.0107,0.0146,0.0165,0.0184,0.0004,0.0648,0.0022,0.0110,0.0149,0.9794,0.9788,0.9900,0.9782,0.9799,1.0000,0.9682,1.0000,0.9732,1.0000,50.33,183.14,76.57,52.83,59.51,9.35,5.73,233.22,56.04,79.24,0.0000,0.0000,0.0000,0.0000,0.0000,0.0000,0.4600,0.0434,0.0000,0.0000,104304,74663,53998,54750,86225,66964,95775,572442,131417,91336,0,0,0,0,0,0,0,0,0,0,0.0000,0.0000,0.0000,0.0000,0.0000,0.0000,0.0276,0.0276,0.0000,0.0000,0,0,0,0,0,0,0,1,0,0,0,0,0,0,0,0,1,1,0,0,0.1214,0.0769,0.1373,0.0517,0.0895,0.0143,0.0722,0.0996,0.0014,0.1325,0.000,0.000,0.000,0.000,0.000,0.000,0.037,0.147,0.000,0.000,semi-presidential,parliamentary,parliamentary,parliamentary,parliamentary,semi-presidential,semi-presidential,electoral-authoritarian,electoral-authoritarian,parliamentary,0.800,0.800,0.800,0.800,0.800,0.800,0.800,0.500,0.500,0.800,36.6,36.0,27.0,38.2,37.7,37.2,67.0,39.0,40.3,38.0
2026-05-01,1.0038,0.9994,0.9934,0.9934,1.0041,1.0096,1.0000,1.0020,1.0000,1.0077,1.0112,1.0049,1.1434,1.0250,1.0295,1.0365,1.0298,1.1048,1.0018,1.0339,1.0421,1.0681,1.1361,1.0053,3368.08,5054.02,4023.49,2557.76,1905.00,1046.54,208.37,2566.25,1611.74,531.55,1.1705,0.6335,1.0284,1.3871,1.0127,0.5771,1.1243,0.1813,0.2334,0.3924,0.6455,0.7032,0.6507,0.6192,0.6502,0.7374,0.4873,0.6589,0.6500,0.6824,0.0199,0.0149,0.0349,0.0234,0.0232,0.0033,0.0915,0.0034,0.0153,0.0174,0.9818,0.9811,0.9911,0.9807,0.9825,1.0000,0.9695,1.0000,0.9763,1.0000,50.24,181.35,76.97,51.41,58.56,9.45,5.64,231.29,55.43,78.03,0.0000,0.0000,0.0000,0.0000,0.0000,0.0000,0.4590,0.0412,0.0000,0.0000,104304,74663,53998,54750,86225,66964,95775,572442,131417,91336,0,0,0,0,0,0,0,0,0,0,0.0000,0.0000,0.0000,0.0000,0.0000,0.0000,0.0391,0.0391,0.0000,0.0000,0,0,0,0,0,0,0,1,0,0,0,0,0,0,0,0,1,1,0,0,0.1226,0.0768,0.1376,0.0514,0.0901,0.0146,0.0725,0.1004,0.0014,0.1340,0.000,0.000,0.000,0.000,0.000,0.000,0.037,0.148,0.000,0.000,semi-presidential,parliamentary,parliamentary,parliamentary,parliamentary,semi-presidential,semi-presidential,electoral-authoritarian,electoral-authoritarian,parliamentary,0.800,0.800,0.800,0.800,0.800,0.825,0.800,0.500,0.500,0.800,39.8,38.7,29.4,41.7,41.6,31.9,69.4,42.6,43.9,40.6
2026-06-01,1.0087,0.9959,0.9905,0.9944,1.0018,1.0112,0.9994,1.0018,1.0000,1.0081,1.0136,1.0060,1.1979,1.0237,1.0284,1.0490,1.0271,1.0768,1.0010,1.0036,1.0131,1.0169,1.0379,1.0071,3366.14,5049.10,4031.79,2557.31,1904.07,1048.51,207.96,2567.63,1612.70,528.51,1.1742,0.6357,1.0286,1.3911,1.0154,0.5740,1.1280,0.1835,0.2314,0.3802,0.6420,0.6998,0.6458,0.6158,0.6510,0.7339,0.4827,0.6427,0.6369,0.6795,0.0188,0.0191,0.0303,0.0297,0.0227,0.0054,0.0845,0.0012,0.0163,0.0107,0.9802,0.9795,0.9903,0.9790,0.9809,1.0000,0.9689,1.0000,0.9743,1.0000,49.48,177.59,74.73,51.75,57.25,9.47,5.52,227.69,54.71,77.05,0.0000,0.0000,0.0000,0.0000,0.0000,0.0000,0.4599,0.0435,0.0000,0.0000,104304,74663,53998,54750,86225,66964,95775,572442,131417,91336,0,0,0,0,0,0,0,0,0,0,0.0000,0.0000,0.0000,0.0000,0.0000,0.0000,0.0483,0.0483,0.0000,0.0000,0,0,0,0,0,0,0,1,0,0,0,0,0,0,0,0,1,1,0,0,0.1231,0.0766,0.1382,0.0518,0.0909,0.0148,0.0696,0.1005,0.0017,0.1368,0.000,0.000,0.000,0.000,0.000,0.000,0.038,0.149,0.000,0.000,semi-presidential,parliamentary,parliamentary,parliamentary,parliamentary,semi-presidential,semi-presidential,electoral-authoritarian,electoral-authoritarian,parliamentary,0.800,0.800,0.800,0.800,0.800,0.815,0.800,0.500,0.500,0.800,42.9,41.4,31.8,45.1,44.7,35.1,71.2,45.5,47.3,43.2
2026-07-01,1.0140,0.9939,0.9862,0.9968,0.9995,1.0108,0.9964,1.0010,1.0017,1.0056,1.0121,1.0082,1.2495,1.0218,1.0245,1.0700,1.0251,1.0675,0.9981,1.0024,1.0149,1.0060,1.0136,1.0092,3376.20,5044.94,4049.46,2555.95,1908.58,1053.63,207.61,2567.72,1613.24,528.72,1.1759,0.6378,1.0261,1.3962,1.0153,0.5723,1.1314,0.1858,0.2313,0.3655,0.6312,0.7036,0.6418,0.6071,0.6582,0.7296,0.4771,0.6399,0.6178,0.6816,0.0210,0.0239,0.0309,0.0391,0.0253,0.0087,0.0836,0.0010,0.0187,0.0099,0.9800,0.9792,0.9902,0.9787,0.9805,1.0000,0.9684,1.0000,0.9739,1.0000,48.99,174.24,72.42,52.11,56.19,9.19,5.46,225.48,54.34,76.09,0.0000,0.0000,0.0000,0.0000,0.0000,0.0000,0.4580,0.0436,0.0000,0.0000,104304,74663,53998,54750,86225,66964,95775,572442,131417,91336,0,0,0,0,0,0,0,0,0,0,0.0000,0.0000,0.0000,0.0000,0.0000,0.0000,0.0575,0.0575,0.0000,0.0000,0,0,0,0,0,0,0,1,0,0,0,0,0,0,0,0,1,1,0,0,0.1247,0.0774,0.1400,0.0531,0.0924,0.0161,0.0744,0.1021,0.0031,0.1369,0.000,0.000,0.000,0.000,0.000,0.000,0.041,0.150,0.000,0.000,semi-presidential,parliamentary,parliamentary,parliamentary,parliamentary,semi-presidential,semi-presidential,electoral-authoritarian,electoral-authoritarian,parliamentary,0.800,0.800,0.800,0.827,0.800,0.805,0.800,0.500,0.500,0.800,48.7,44.2,34.2,39.4,47.9,38.2,73.1,48.3,48.3,45.9
2026-08-01,1.0171,0.9931,0.9827,1.0005,1.0002,1.0098,0.9920,1.0020,1.0033,1.0041,1.0101,1.0077,1.1021,1.0208,1.0205,1.0751,1.0255,1.0662,0.9940,1.0341,1.0696,1.0044,1.0116,1.0078,3369.87,5033.45,4063.72,2563.36,1910.81,1057.98,206.94,2567.52,1623.39,528.47,1.1808,0.6458,1.0253,1.3963,1.0160,0.5684,1.1370,0.1886,0.2300,0.3511,0.6316,0.7185,0.6294,0.6032,0.6604,0.7335,0.4791,0.6449,0.6299,0.6859,0.0126,0.0152,0.0275,0.0344,0.0180,0.0005,0.0625,0.0033,0.0125,0.0129,0.9800,0.9793,0.9902,0.9788,0.9806,1.0000,0.9684,1.0000,0.9739,1.0000,51.09,177.07,73.38,53.95,58.03,9.46,5.51,234.15,55.76,78.56,0.0000,0.0000,0.0000,0.0000,0.0000,0.0000,0.4561,0.0434,0.0000,0.0000,104304,74663,53998,54750,86225,66964,95775,572442,131417,91336,0,0,0,0,0,0,0,0,0,0,0.0000,0.0000,0.0000,0.0000,0.0000,0.0000,0.0690,0.0690,0.0000,0.0000,0,0,0,0,0,0,0,1,0,0,0,0,0,0,0,0,1,1,0,0,0.1291,0.0812,0.1393,0.0530,0.0923,0.0161,0.0759,0.1007,0.0085,0.1373,0.000,0.000,0.000,0.000,0.000,0.000,0.041,0.150,0.000,0.000,semi-presidential,parliamentary,parliamentary,parliamentary,parliamentary,semi-presidential,semi-presidential,electoral-authoritarian,electoral-authoritarian,parliamentary,0.800,0.800,0.800,0.787,0.800,0.800,0.800,0.500,0.500,0.800,51.8,48.6,37.1,42.8,50.7,40.9,75.3,51.9,51.7,48.5
2026-09-01,1.0180,0.9917,0.9808,1.0044,1.0018,1.0084,0.9915,1.0029,1.0043,1.0036,1.0119,1.0086,1.1020,1.0194,1.0189,1.0582,1.0293,1.0643,0.9929,1.0044,1.0301,1.0039,1.0774,1.0097,3374.73,5048.96,4074.24,2561.94,1916.31,1062.93,206.83,2575.10,1631.31,529.67,1.1815,0.6459,1.0246,1.3986,1.0153,0.5645,1.1391,0.1903,0.2289,0.3358,0.6361,0.7316,0.6458,0.5940,0.6560,0.7287,0.4772,0.6390,0.6468,0.6848,0.0129,0.0129,0.0273,0.0266,0.0175,0.0000,0.0609,0.0019,0.0111,0.0133,0.9800,0.9793,0.9902,0.9788,0.9806,1.0000,0.9683,1.0000,0.9740,1.0000,51.01,180.37,75.86,52.56,58.57,9.76,5.54,233.49,56.10,79.07,0.0000,0.0000,0.0000,0.0000,0.0000,0.0000,0.4561,0.0434,0.0000,0.0000,104304,74663,53998,54750,86225,66964,95775,572442,131417,91336,0,0,0,0,0,0,0,0,0,0,0.0000,0.0000,0.0000,0.0000,0.0000,0.0000,0.0782,0.0782,0.0000,0.0000,0,0,0,0,0,0,0,1,0,0,0,0,0,0,0,0,1,1,0,0,0.1339,0.0823,0.1443,0.0533,0.0927,0.0167,0.0769,0.1009,0.0088,0.1372,0.000,0.000,0.000,0.000,0.000,0.000,0.041,0.151,0.000,0.000,semi-presidential,parliamentary,parliamentary,parliamentary,parliamentary,semi-presidential,semi-presidential,electoral-authoritarian,electoral-authoritarian,parliamentary,0.800,0.800,0.800,0.793,0.800,0.800,0.722,0.500,0.500,0.800,55.0,52.5,39.5,44.5,53.8,44.0,87.2,54.7,55.2,51.1
2026-10-01,1.0174,0.9910,0.9818,1.0055,1.0017,1.0088,0.9890,1.0016,1.0047,1.0021,1.0133,1.0108,1.1023,1.0188,1.0762,1.0484,1.0268,1.0641,0.9908,1.0033,1.0184,1.0024,1.0644,1.0112,3387.84,5059.94,4075.99,2567.53,1917.24,1065.00,206.28,2578.74,1640.08,529.19,1.1789,0.6461,1.0260,1.3983,1.0201,0.5615,1.1437,0.1923,0.2278,0.3216,0.6433,0.7245,0.6522,0.6037,0.6504,0.7328,0.4896,0.6422,0.6442,0.6799,0.0166,0.0134,0.0302,0.0242,0.0203,0.0000,0.0615,0.0013,0.0147,0.0125,0.9802,0.9794,0.9903,0.9789,0.9808,1.0000,0.9685,1.0000,0.9741,1.0000,51.44,182.46,77.42,52.26,59.69,9.67,5.61,235.82,56.59,79.27,0.0000,0.0000,0.0000,0.0000,0.0000,0.0000,0.4554,0.0434,0.0000,0.0000,104304,74663,53998,54750,86225,66964,95775,572442,131417,91336,0,0,0,0,0,0,0,0,0,0,0.0000,0.0000,0.0000,0.0000,0.0000,0.0000,0.0874,0.0874,0.0000,0.0000,0,0,0,0,0,0,0,1,0,0,0,0,0,0,0,0,1,1,0,0,0.1359,0.0846,0.1467,0.0553,0.0989,0.0182,0.0781,0.1053,0.0103,0.1355,0.000,0.000,0.000,0.000,0.000,0.000,0.042,0.147,0.000,0.000,semi-presidential,parliamentary,parliamentary,parliamentary,parliamentary,semi-presidential,semi-presidential,electoral-authoritarian,electoral-authoritarian,parliamentary,0.800,0.800,0.800,0.800,0.800,0.800,0.731,0.500,0.500,0.800,58.1,55.4,41.9,47.9,58.4,47.2,89.1,57.5,58.7,53.7
2026-11-01,1.0191,0.9886,0.9857,1.0070,1.0024,1.0084,0.9864,1.0009,1.0045,0.9982,1.0141,1.0121,1.1409,1.0158,1.1836,1.0919,1.0272,1.0638,0.9880,1.0024,1.0179,0.9987,1.0154,1.0123,3404.10,5079.85,4079.96,2568.15,1920.22,1068.11,206.42,2590.27,1644.12,529.14,1.1750,0.6451,1.0269,1.4004,1.0207,0.5580,1.1448,0.1943,0.2273,0.3071,0.6491,0.7202,0.6533,0.5961,0.6615,0.7400,0.4927,0.6440,0.6453,0.6878,0.0242,0.0251,0.0366,0.0412,0.0283,0.0015,0.0814,0.0010,0.0237,0.0122,0.9803,0.9795,0.9903,0.9791,0.9809,1.0000,0.9685,1.0000,0.9743,1.0000,51.47,179.12,74.93,52.47,58.95,9.55,5.52,235.04,56.16,78.03,0.0000,0.0000,0.0000,0.0000,0.0000,0.0000,0.4615,0.0429,0.0000,0.0000,104304,74663,53998,54750,86225,66964,95775,572442,131417,91336,0,0,0,0,0,0,0,0,0,0,0.0000,0.0000,0.0000,0.0000,0.0000,0.0000,0.0989,0.0989,0.0000,0.0000,0,0,0,0,0,0,0,1,0,0,0,0,0,0,0,0,1,1,0,0,0.1368,0.0843,0.1476,0.0598,0.1000,0.0188,0.0770,0.1075,0.0110,0.1371,0.000,0.000,0.000,0.000,0.000,0.000,0.040,0.147,0.000,0.000,semi-presidential,parliamentary,parliamentary,parliamentary,parliamentary,semi-presidential,semi-presidential,electoral-authoritarian,electoral-authoritarian,parliamentary,0.800,0.800,0.800,0.800,0.800,0.800,0.743,0.500,0.500,0.800,61.4,58.2,44.4,51.3,61.6,50.5,91.5,61.1,62.2,56.4
2026-12-01,1.0235,0.9891,0.9880,1.0107,1.0019,1.0109,0.9861,0.9999,1.0045,0.9961,1.0157,1.0123,1.2170,1.0209,1.0652,1.0948,1.0271,1.1688,0.9872,1.0011,1.0637,0.9967,1.0417,1.0124,3412.02,5080.33,4090.69,2571.69,1924.42,1072.14,206.12,2589.92,1649.63,528.35,1.1765,0.6466,1.0261,1.4007,1.0207,0.5540,1.1480,0.1966,0.2267,0.2929,0.6566,0.7105,0.6504,0.5999,0.6696,0.7407,0.4945,0.6460,0.6402,0.6897,0.0240,0.0292,0.0348,0.0431,0.0286,0.0075,0.0844,0.0029,0.0196,0.0122,0.9764,0.9753,0.9883,0.9756,0.9777,0.9963,0.9670,1.0000,0.9709,1.0000,50.54,170.14,69.82,52.92,56.54,9.34,5.32,231.57,55.87,76.26,0.0000,0.0000,0.0000,0.0000,0.0000,0.0000,0.4615,0.0429,0.0000,0.0000,104304,74663,53998,54750,86225,66964,95775,572442,131417,91336,0,0,0,0,0,0,0,0,0,0,0.0000,0.0000,0.0000,0.0000,0.0000,0.0000,0.1081,0.1081,0.0000,0.0000,0,0,0,0,0,0,0,1,0,0,0,0,0,0,0,0,1,1,0,0,0.1297,0.0793,0.1392,0.0567,0.0944,0.0185,0.0781,0.1090,0.0108,0.1375,0.000,0.000,0.000,0.000,0.000,0.000,0.037,0.147,0.000,0.000,semi-presidential,parliamentary,parliamentary,parliamentary,parliamentary,semi-presidential,semi-presidential,electoral-authoritarian,electoral-authoritarian,parliamentary,0.800,0.800,0.800,0.800,0.800,0.800,0.752,0.500,0.500,0.800,49.0,61.0,46.8,54.6,64.8,53.7,93.5,63.9,65.6,59.1
2027-01-01,1.0289,0.9916,0.9895,1.0124,1.0023,1.0141,0.9844,0.9982,1.0061,0.9960,1.0149,1.0114,1.1734,1.0845,1.1403,1.0761,1.0334,1.1217,0.9860,0.9998,1.0324,0.9962,1.0166,1.0116,3428.09,5083.48,4086.42,2574.40,1924.21,1075.49,205.65,2589.32,1667.98,528.22,1.1721,0.6478,1.0291,1.4011,1.0230,0.5504,1.1525,0.1994,0.2243,0.2824,0.6542,0.7067,0.6342,0.6056,0.6520,0.7396,0.4992,0.6709,0.6551,0.6855,0.0315,0.0298,0.0407,0.0429,0.0371,0.0093,0.0840,0.0015,0.0279,0.0132,0.9218,0.9266,0.9600,0.9293,0.9235,0.9581,0.9567,1.0000,0.9322,1.0000,51.92,177.35,73.74,52.55,58.88,9.36,5.46,237.40,57.42,77.81,0.0000,0.0000,0.0000,0.0000,0.0000,0.0000,0.4604,0.0428,0.0000,0.0000,104304,74663,53998,54750,86225,66964,95775,572442,131417,91336,0,0,0,0,0,0,0,0,0,0,0.0000,0.0000,0.0000,0.0000,0.0000,0.0000,0.1196,0.1196,0.0000,0.0000,0,0,0,0,0,0,0,1,0,0,0,0,0,0,0,0,1,1,0,0,0.1177,0.0752,0.1258,0.0509,0.0849,0.0174,0.0763,0.1087,0.0125,0.1363,0.000,0.000,0.000,0.000,0.000,0.000,0.033,0.149,0.000,0.000,semi-presidential,parliamentary,parliamentary,parliamentary,parliamentary,semi-presidential,semi-presidential,electoral-authoritarian,electoral-authoritarian,parliamentary,0.800,0.800,0.800,0.800,0.800,0.800,0.764,0.500,0.500,0.800,52.2,63.8,49.2,58.0,68.0,56.9,95.9,67.6,72.8,61.5
2027-02-01,1.0304,0.9951,0.9936,1.0134,1.0031,1.0161,0.9822,0.9971,1.0064,0.9957,1.0128,1.0102,1.1129,1.0939,1.2323,1.0950,1.0292,1.0717,0.9834,0.9986,1.0197,0.9961,1.0149,1.0102,3435.83,5094.19,4097.11,2576.89,1926.24,1081.02,205.27,2594.29,1668.55,527.73,1.1704,0.6480,1.0283,1.4027,1.0241,0.5458,1.1561,0.2012,0.2243,0.2680,0.6351,0.7102,0.6204,0.5977,0.6437,0.7327,0.5132,0.6510,0.6583,0.6851,0.0335,0.0302,0.0438,0.0473,0.0378,0.0064,0.0598,0.0010,0.0331,0.0130,0.9166,0.9218,0.9573,0.9248,0.9183,0.9543,0.9562,1.0000,0.9282,1.0000,52.16,179.80,74.91,52.33,59.22,9.41,5.47,236.88,57.59,79.34,0.0000,0.0000,0.0000,0.0000,0.0000,0.0000,0.4600,0.0427,0.0000,0.0000,104304,74663,53998,54750,86225,66964,95775,572442,131417,91336,0,0,0,0,0,0,0,0,0,0,0.0000,0.0000,0.0000,0.0000,0.0000,0.0000,0.1288,0.1288,0.0000,0.0000,0,0,0,0,0,0,0,1,0,0,0,0,0,0,0,0,1,1,0,0,0.1354,0.0831,0.1507,0.0585,0.0984,0.0175,0.0783,0.1057,0.0136,0.1377,0.000,0.000,0.000,0.000,0.000,0.000,0.028,0.150,0.000,0.000,semi-presidential,parliamentary,parliamentary,parliamentary,parliamentary,semi-presidential,semi-presidential,electoral-authoritarian,electoral-authoritarian,parliamentary,0.800,0.800,0.800,0.800,0.800,0.800,0.773,0.500,0.500,0.800,55.4,66.7,51.5,64.8,71.1,60.1,98.0,70.5,76.4,64.2
2027-03-01,1.0317,0.9962,0.9963,1.0153,1.0048,1.0169,0.9823,0.9987,1.0070,0.9970,1.0119,1.0107,1.1146,1.0232,1.0403,1.0860,1.0422,1.0719,1.0248,1.0881,1.0453,1.0311,1.0135,1.0108,3448.61,5088.42,4118.14,2576.69,1934.20,1087.47,205.05,2599.78,1668.55,528.83,1.1665,0.6501,1.0247,1.4062,1.0219,0.5407,1.1586,0.2030,0.2243,0.2528,0.6303,0.7127,0.6368,0.5948,0.6398,0.7356,0.5186,0.6526,0.6583,0.6855,0.0169,0.0166,0.0323,0.0335,0.0229,0.0000,0.0652,0.0032,0.0117,0.0210,0.9806,0.9799,0.9905,0.9794,0.9811,1.0000,0.9685,1.0000,0.9747,1.0000,52.94,176.79,72.55,53.83,58.67,9.58,5.40,240.56,57.94,79.13,0.0000,0.0000,0.0000,0.0000,0.0000,0.0000,0.4597,0.0417,0.0000,0.0000,104304,74663,53998,54750,86225,66964,95775,572442,131417,91336,0,0,0,0,0,0,0,0,0,0,0.0000,0.0000,0.0000,0.0000,0.0000,0.0000,0.1380,0.1380,0.0000,0.0000,0,0,0,0,0,0,0,1,0,0,0,0,0,0,0,0,1,1,0,0,0.1357,0.0824,0.1501,0.0589,0.0986,0.0182,0.0790,0.1075,0.0141,0.1399,0.000,0.000,0.000,0.000,0.000,0.000,0.026,0.150,0.000,0.000,semi-presidential,parliamentary,parliamentary,parliamentary,parliamentary,semi-presidential,semi-presidential,electoral-authoritarian,electoral-authoritarian,parliamentary,0.800,0.800,0.800,0.800,0.800,0.800,0.782,0.500,0.500,0.800,62.8,69.5,53.8,51.2,74.2,63.3,100.0,73.4,76.4,66.8
2027-04-01,1.0326,0.9967,0.9987,1.0203,1.0068,1.0169,0.9823,1.0012,1.0079,0.9983,1.0097,1.0091,1.1147,1.0343,1.1506,1.1110,1.0434,1.0716,0.9891,1.0699,1.0616,1.0442,1.0111,1.0091,3455.11,5095.06,4130.85,2574.46,1939.70,1093.61,204.45,2602.94,1685.06,530.87,1.1648,0.6504,1.0230,1.4084,1.0207,0.5359,1.1631,0.2050,0.2223,0.2372,0.6126,0.7026,0.6382,0.5883,0.6401,0.7369,0.5220,0.6564,0.6851,0.6856,0.0231,0.0241,0.0382,0.0455,0.0300,0.0011,0.0623,0.0033,0.0207,0.0201,0.9717,0.9704,0.9859,0.9716,0.9737,0.9922,0.9672,1.0000,0.9674,1.0000,52.73,174.06,73.03,54.10,57.68,9.95,5.25,237.84,57.48,79.04,0.0000,0.0000,0.0000,0.0000,0.0000,0.0000,0.4601,0.0416,0.0000,0.0000,104304,74663,53998,54750,86225,66964,95775,572442,131417,91336,0,0,0,0,0,0,0,0,0,0,0.0000,0.0000,0.0000,0.0000,0.0000,0.0000,0.1472,0.1472,0.0000,0.0000,0,0,0,0,0,0,0,1,0,0,0,0,0,0,0,0,1,1,0,0,0.1325,0.0777,0.1424,0.0550,0.0932,0.0173,0.0773,0.1061,0.0125,0.1401,0.000,0.000,0.000,0.000,0.000,0.000,0.021,0.152,0.000,0.000,semi-presidential,parliamentary,parliamentary,parliamentary,parliamentary,semi-presidential,semi-presidential,electoral-authoritarian,electoral-authoritarian,parliamentary,0.800,0.800,0.800,0.800,0.800,0.800,0.791,0.500,0.500,0.800,67.8,72.2,56.2,54.5,77.3,66.5,100.0,76.4,83.9,69.5
2027-05-01,1.0299,0.9984,1.0004,1.0247,1.0198,1.0170,0.9836,1.0030,1.0099,1.0003,1.0077,1.0072,1.1059,1.0413,1.0362,1.0984,1.0450,1.0714,1.0569,1.0766,1.0865,1.0667,1.0090,1.0074,3447.81,5098.11,4140.21,2565.43,1937.07,1101.44,204.44,2611.00,1691.70,532.06,1.1672,0.6510,1.0188,1.4141,1.0267,0.5303,1.1643,0.2071,0.2215,0.2291,0.6064,0.6965,0.6290,0.5793,0.6553,0.7337,0.5155,0.6403,0.6897,0.7007,0.0177,0.0183,0.0336,0.0363,0.0245,0.0016,0.0629,0.0047,0.0139,0.0218,0.9668,0.9663,0.9834,0.9678,0.9688,0.9887,0.9662,1.0000,0.9647,1.0000,51.85,175.20,73.78,53.03,56.58,10.16,5.17,233.88,57.56,78.77,0.0000,0.0000,0.0000,0.0000,0.0000,0.0000,0.4604,0.0409,0.0000,0.0000,104304,74663,53998,54750,86225,66964,95775,572442,131417,91336,0,0,0,0,0,0,0,0,0,0,0.0000,0.0000,0.0000,0.0000,0.0000,0.0000,0.1587,0.1587,0.0000,0.0000,0,0,0,0,0,0,0,1,0,0,0,0,0,0,0,0,1,1,0,0,0.1224,0.0732,0.1308,0.0500,0.0853,0.0162,0.0759,0.1063,0.0108,0.1391,0.000,0.000,0.000,0.000,0.000,0.000,0.017,0.148,0.000,0.000,semi-presidential,parliamentary,parliamentary,parliamentary,parliamentary,semi-presidential,semi-presidential,electoral-authoritarian,electoral-authoritarian,parliamentary,0.800,0.800,0.800,0.800,0.800,0.800,0.800,0.500,0.500,0.800,100.0,75.0,58.5,57.8,80.4,69.7,100.0,80.0,87.7,71.3
2027-06-01,1.0245,0.9989,1.0036,1.0297,1.0842,1.0526,0.9846,1.0046,1.0239,1.0034,1.0074,1.0056,1.0983,1.0256,1.2245,1.1114,1.2367,2.6314,1.0056,1.0220,1.5478,1.0833,1.0089,1.0054,3446.68,5099.36,4138.33,2561.97,1932.64,1107.39,204.23,2611.12,1696.17,532.54,1.1673,0.6516,1.0196,1.4166,1.0303,0.5258,1.1662,0.2093,0.2210,0.2071,0.5874,0.6747,0.6300,0.5519,0.5859,0.7340,0.5200,0.6258,0.6634,0.6366,0.0512,0.0505,0.0823,0.0961,0.0893,0.0155,0.0756,0.0218,0.0485,0.0751,0.9808,0.9802,0.9907,0.9796,0.9812,1.0000,0.9682,1.0000,0.9750,1.0000,51.49,173.55,73.44,50.53,54.98,9.90,4.98,229.21,57.19,78.83,0.0000,0.0000,0.0000,0.0000,0.0000,0.0000,0.4601,0.0401,0.0000,0.0000,104304,74663,53998,54750,86225,66964,95775,572442,131417,91336,0,0,0,0,0,0,0,0,0,0,0.0000,0.0000,0.0000,0.0000,0.0000,0.0000,0.1679,0.1679,0.0000,0.0000,0,0,0,0,0,0,0,1,0,0,0,0,0,0,0,0,1,1,0,0,0.1358,0.0792,0.1455,0.0549,0.0946,0.0166,0.0828,0.1054,0.0109,0.1390,0.000,0.000,0.000,0.000,0.000,0.000,0.013,0.148,0.000,0.000,semi-presidential,parliamentary,parliamentary,parliamentary,parliamentary,semi-presidential,semi-presidential,electoral-authoritarian,electoral-authoritarian,parliamentary,0.800,0.800,0.800,0.800,0.800,0.800,0.800,0.500,0.500,0.800,100.0,77.6,59.3,60.9,83.3,72.9,100.0,82.8,91.4,75.1
2027-07-01,1.0196,0.9989,1.0082,1.0308,1.1288,1.0964,0.9841,1.0045,1.0352,1.0060,1.0057,1.0069,1.0947,1.0257,1.1537,1.0770,1.2553,2.1324,0.9854,1.0059,1.2175,1.0304,1.0072,1.0074,3449.45,5096.79,4144.98,2560.46,1938.10,1111.08,204.59,2615.24,1701.79,534.22,1.1660,0.6524,1.0189,1.4177,1.0285,0.5224,1.1647,0.2111,0.2204,0.1919,0.5948,0.6768,0.6062,0.5343,0.5790,0.7246,0.5289,0.6357,0.6882,0.6392,0.0343,0.0330,0.0567,0.0630,0.0597,0.0100,0.0636,0.0078,0.0266,0.0537,0.9809,0.9803,0.9907,0.9798,0.9815,1.0000,0.9687,1.0000,0.9753,1.0000,53.66,189.04,80.79,50.70,58.73,10.49,5.47,237.88,59.85,79.95,0.0000,0.0000,0.0000,0.0000,0.0000,0.0000,0.4589,0.0405,0.0000,0.0000,104304,74663,53998,54750,86225,66964,95775,572442,131417,91336,0,0,0,0,0,0,0,0,0,0,0.0000,0.0000,0.0000,0.0000,0.0000,0.0000,0.1771,0.1771,0.0000,0.0000,0,0,0,0,0,0,0,1,0,0,0,0,0,0,0,0,1,1,0,0,0.1386,0.0831,0.1481,0.0565,0.1004,0.0182,0.0873,0.1078,0.0121,0.1361,0.000,0.000,0.000,0.000,0.000,0.000,0.010,0.146,0.000,0.000,semi-presidential,parliamentary,parliamentary,parliamentary,parliamentary,semi-presidential,semi-presidential,electoral-authoritarian,electoral-authoritarian,parliamentary,0.800,0.800,0.800,0.800,0.800,0.800,0.800,0.500,0.500,0.800,100.0,80.3,61.6,63.9,86.0,76.1,100.0,85.6,95.2,77.6
2027-08-01,1.0185,0.9965,1.0084,1.0291,1.1591,1.1235,0.9843,1.0033,1.0373,1.0057,1.0026,1.0075,1.1010,1.0244,1.0454,1.0402,1.2534,1.6433,0.9998,1.0048,1.0833,1.0149,1.0047,1.0076,3460.79,5101.25,4146.84,2565.33,1945.42,1114.63,204.08,2613.06,1708.21,534.52,1.1617,0.6522,1.0193,1.4170,1.0254,0.5191,1.1680,0.2140,0.2196,0.1773,0.6084,0.6886,0.6243,0.5757,0.5881,0.7209,0.5317,0.6306,0.6738,0.6484,0.0186,0.0184,0.0280,0.0337,0.0343,0.0049,0.0624,0.0025,0.0135,0.0354,0.9800,0.9793,0.9903,0.9788,0.9806,1.0000,0.9687,1.0000,0.9741,1.0000,55.28,194.77,84.75,53.43,61.68,10.51,5.86,246.98,61.38,80.39,0.0000,0.0000,0.0000,0.0000,0.0000,0.0000,0.4599,0.0422,0.0000,0.0000,104304,74663,53998,54750,86225,66964,95775,572442,131417,91336,0,0,0,0,0,0,0,0,0,0,0.0000,0.0000,0.0000,0.0000,0.0000,0.0000,0.1886,0.1886,0.0000,0.0000,0,0,0,0,0,0,0,1,0,0,0,0,0,0,0,0,1,1,0,0,0.1387,0.0844,0.1485,0.0617,0.1004,0.0186,0.0902,0.1109,0.0126,0.1334,0.000,0.000,0.000,0.000,0.000,0.000,0.007,0.145,0.000,0.000,semi-presidential,parliamentary,parliamentary,parliamentary,parliamentary,semi-presidential,semi-presidential,electoral-authoritarian,electoral-authoritarian,parliamentary,0.800,0.800,0.800,0.800,0.800,0.800,0.800,0.500,0.500,0.800,100.0,82.9,63.9,68.8,30.0,79.2,100.0,89.1,98.9,80.1
2027-09-01,1.0200,0.9959,1.0100,1.0266,1.1746,1.1365,0.9842,1.0022,1.0365,1.0050,1.0020,1.0070,1.1061,1.0237,1.0980,1.0520,1.2420,1.4501,0.9857,1.0039,1.0524,1.0070,1.0036,1.0073,3464.38,5103.27,4150.71,2577.62,1949.94,1119.23,204.18,2617.64,1714.75,534.35,1.1600,0.6521,1.0193,1.4099,1.0233,0.5148,1.1676,0.2208,0.2189,0.1729,0.6163,0.6920,0.6399,0.5799,0.6044,0.7196,0.5459,0.6411,0.6805,0.6191,0.0186,0.0164,0.0328,0.0295,0.0295,0.0027,0.0675,0.0012,0.0131,0.0253,0.9800,0.9793,0.9903,0.9789,0.9806,1.0000,0.9688,1.0000,0.9742,1.0000,55.84,195.17,85.25,54.28,62.57,10.57,5.97,249.68,61.37,80.39,0.0000,0.0000,0.0000,0.0000,0.0000,0.0000,0.4593,0.0423,0.0000,0.0000,104304,74663,53998,54750,86225,66964,95775,572442,131417,91336,0,0,0,0,0,0,0,0,0,0,0.0000,0.0000,0.0000,0.0000,0.0000,0.0000,0.1978,0.1978,0.0000,0.0000,0,0,0,0,0,0,0,1,0,0,0,0,0,0,0,0,1,1,0,0,0.1262,0.0788,0.1340,0.0557,0.0906,0.0181,0.0895,0.1117,0.0116,0.1334,0.000,0.000,0.000,0.000,0.000,0.000,0.005,0.145,0.000,0.000,semi-presidential,parliamentary,parliamentary,parliamentary,parliamentary,semi-presidential,semi-presidential,electoral-authoritarian,electoral-authoritarian,parliamentary,0.800,0.800,0.800,0.800,0.800,0.800,0.800,0.500,0.490,0.800,100.0,85.6,66.2,72.0,32.6,83.3,100.0,91.8,100.0,80.8
2027-10-01,1.0202,0.9929,1.0126,1.0256,1.1801,1.1406,0.9846,0.9998,1.0345,1.0027,1.0020,1.0049,1.1020,1.0192,1.1394,1.0577,1.2201,1.2079,0.9954,1.0017,1.0504,1.0047,1.0447,1.0051,3467.82,5107.47,4158.45,2577.13,1950.55,1123.21,204.34,2623.94,1724.15,535.38,1.1585,0.6514,1.0183,1.4095,1.0230,0.5139,1.1707,0.2230,0.2178,0.1581,0.6156,0.6904,0.6394,0.5945,0.6132,0.7179,0.5478,0.6296,0.6808,0.6355,0.0184,0.0128,0.0314,0.0236,0.0249,0.0000,0.0717,0.0014,0.0138,0.0177,0.9812,0.9803,0.9908,0.9801,0.9820,1.0000,0.9699,1.0000,0.9756,1.0000,54.84,193.02,83.94,53.27,61.22,10.48,5.96,244.12,60.55,80.38,0.0000,0.0000,0.0000,0.0000,0.0000,0.0000,0.4592,0.0425,0.0000,0.0000,104304,74663,53998,54750,86225,66964,95775,572442,131417,91336,0,0,0,0,0,0,0,0,0,0,0.0000,0.0000,0.0000,0.0000,0.0000,0.0000,0.2093,0.2093,0.0000,0.0000,0,0,0,0,0,0,0,1,0,0,0,0,0,0,0,0,1,1,0,0,0.1167,0.0737,0.1232,0.0507,0.0829,0.0196,0.0877,0.1088,0.0099,0.1336,0.000,0.000,0.000,0.000,0.000,0.000,0.002,0.148,0.000,0.000,semi-presidential,parliamentary,parliamentary,parliamentary,parliamentary,semi-presidential,semi-presidential,electoral-authoritarian,electoral-authoritarian,parliamentary,0.800,0.800,0.800,0.800,0.850,0.800,0.800,0.500,0.500,0.800,100.0,88.3,68.6,100.0,45.2,87.1,100.0,95.3,100.0,83.2
2027-11-01,1.0199,0.9900,1.0144,1.0249,1.1817,1.1396,0.9856,0.9964,1.0326,1.0007,1.0020,1.0045,1.1013,1.0175,1.0516,1.0253,1.2042,1.2071,1.0057,0.9987,1.0491,1.0028,1.0038,1.0045,3475.44,5118.54,4158.48,2588.14,1958.68,1126.47,204.61,2623.77,1725.28,537.00,1.1557,0.6499,1.0191,1.4029,1.0188,0.5114,1.1690,0.2252,0.2177,0.1431,0.6198,0.6992,0.6226,0.6070,0.6138,0.7222,0.5420,0.6624,0.6970,0.6521,0.0114,0.0099,0.0094,0.0147,0.0146,0.0000,0.0596,0.0013,0.0102,0.0092,0.9803,0.9796,0.9904,0.9792,0.9810,1.0000,0.9687,1.0000,0.9745,1.0000,54.82,192.37,82.78,53.36,61.02,10.31,5.93,245.48,61.12,80.38,0.0000,0.0000,0.0000,0.0000,0.0000,0.0000,0.4592,0.0425,0.0000,0.0000,104304,74663,53998,54750,86225,66964,95775,572442,131417,91336,0,0,0,0,0,0,0,0,0,0,0.0000,0.0000,0.0000,0.0000,0.0000,0.0000,0.2185,0.2185,0.0000,0.0000,0,0,0,0,0,0,0,1,0,0,0,0,0,0,0,0,1,1,0,0,0.1350,0.0813,0.1449,0.0590,0.0969,0.0200,0.0871,0.1088,0.0108,0.1332,0.000,0.000,0.000,0.000,0.000,0.000,0.000,0.149,0.000,0.000,semi-presidential,parliamentary,parliamentary,parliamentary,parliamentary,semi-presidential,semi-presidential,electoral-authoritarian,electoral-authoritarian,parliamentary,0.800,0.800,0.800,0.800,0.837,0.800,0.800,0.500,0.500,0.800,100.0,91.1,70.9,100.0,48.6,30.0,100.0,98.2,100.0,85.6
2027-12-01,1.0172,0.9876,1.0165,1.0218,1.1768,1.1377,0.9875,0.9943,1.0286,0.9977,1.0022,1.0042,1.0954,1.0150,1.1409,1.0223,1.2001,1.2052,1.1194,0.9958,1.0443,0.9993,1.0376,1.0042,3486.25,5109.42,4170.95,2587.94,1963.89,1130.36,204.48,2627.23,1730.21,538.18,1.1520,0.6509,1.0170,1.4025,1.0162,0.5087,1.1694,0.2271,0.2171,0.1307,0.6272,0.7043,0.6470,0.6077,0.6341,0.7371,0.5550,0.6493,0.6850,0.6798,0.0215,0.0126,0.0203,0.0205,0.0233,0.0000,0.0614,0.0022,0.0137,0.0164,0.9804,0.9797,0.9904,0.9792,0.9810,1.0000,0.9684,1.0000,0.9746,1.0000,53.41,188.47,79.16,52.17,59.87,10.01,5.77,239.17,60.04,80.39,0.0000,0.0000,0.0000,0.0000,0.0000,0.0000,0.4592,0.0425,0.0000,0.0000,104304,74663,53998,54750,86225,66964,95775,572442,131417,91336,0,0,0,0,0,0,0,0,0,0,0.0000,0.0000,0.0000,0.0000,0.0000,0.0000,0.2277,0.2277,0.0000,0.0000,0,0,0,0,0,0,0,1,0,0,0,0,0,0,0,0,1,1,0,0,0.1353,0.0869,0.1459,0.0591,0.0978,0.0188,0.0794,0.1052,0.0104,0.1330,0.000,0.000,0.000,0.000,0.000,0.000,0.000,0.149,0.000,0.000,semi-presidential,parliamentary,parliamentary,parliamentary,parliamentary,semi-presidential,semi-presidential,electoral-authoritarian,electoral-authoritarian,parliamentary,0.800,0.800,0.800,0.800,0.827,0.800,0.800,0.500,0.500,0.800,100.0,93.8,73.3,100.0,51.3,31.4,100.0,100.0,100.0,88.2
2028-01-01,1.0125,0.9983,1.0196,1.0209,1.1921,1.1307,0.9923,0.9931,1.0240,0.9932,1.0034,1.0030,1.0899,1.2410,1.1717,1.0209,1.2611,1.1984,1.1681,0.9944,1.0387,0.9939,1.0610,1.0032,3496.23,5114.20,4174.99,2581.91,1960.16,1138.48,204.14,2624.98,1735.05,538.79,1.1487,0.6503,1.0169,1.4054,1.0181,0.5010,1.1711,0.2300,0.2166,0.1015,0.6204,0.6928,0.6412,0.5755,0.6094,0.7304,0.5600,0.6381,0.6658,0.6799,0.0505,0.0370,0.0407,0.0528,0.0608,0.0198,0.0644,0.0024,0.0373,0.0362,0.7994,0.8115,0.8986,0.8147,0.8004,0.8589,0.9445,1.0000,0.8166,1.0000,52.57,179.25,75.46,51.61,57.17,9.72,5.40,233.85,58.51,77.33,0.0000,0.0000,0.0000,0.0000,0.0000,0.0000,0.4591,0.0426,0.0000,0.0000,104304,74663,53998,54750,86225,66964,95775,572442,131417,91336,0,0,0,0,0,0,0,0,0,0,0.0000,0.0000,0.0000,0.0000,0.0000,0.0000,0.2392,0.2392,0.0000,0.0000,0,0,0,0,0,0,0,1,0,0,0,0,0,0,0,0,1,1,0,0,0.1188,0.0764,0.1260,0.0502,0.0846,0.0181,0.0880,0.1065,0.0092,0.1331,0.000,0.000,0.000,0.000,0.000,0.000,0.000,0.150,0.000,0.000,semi-presidential,parliamentary,parliamentary,parliamentary,parliamentary,semi-presidential,semi-presidential,electoral-authoritarian,electoral-authoritarian,parliamentary,0.800,0.800,0.800,0.800,0.817,0.800,0.800,0.500,0.500,0.800,100.0,96.6,75.7,100.0,53.9,37.5,100.0,100.0,100.0,93.5
2028-02-01,1.0088,1.0053,1.0230,1.0206,1.1947,1.1184,0.9965,0.9926,1.0206,0.9897,1.0027,1.0010,1.0865,1.1666,1.1204,1.0505,1.2168,1.1849,1.0843,0.9940,1.0353,0.9904,1.0045,1.0014,3502.20,5106.66,4175.06,2584.92,1959.61,1141.69,204.32,2630.43,1743.69,539.29,1.1468,0.6514,1.0178,1.4035,1.0184,0.4977,1.1700,0.2317,0.2156,0.0869,0.6167,0.6876,0.6266,0.5677,0.6091,0.7333,0.5527,0.6421,0.6540,0.6910,0.0335,0.0265,0.0353,0.0328,0.0358,0.0118,0.0685,0.0016,0.0271,0.0127,0.8647,0.8743,0.9314,0.8780,0.8658,0.9159,0.9488,1.0000,0.8842,1.0000,53.11,186.22,79.79,52.09,59.34,9.88,5.58,238.93,60.44,80.24,0.0000,0.0000,0.0000,0.0000,0.0000,0.0000,0.4591,0.0426,0.0000,0.0000,104304,74663,53998,54750,86225,66964,95775,572442,131417,91336,0,0,0,0,0,0,0,0,0,0,0.0000,0.0000,0.0000,0.0000,0.0000,0.0000,0.2484,0.2484,0.0000,0.0000,0,0,0,0,0,0,0,1,0,0,0,0,0,0,0,0,1,1,0,0,0.1151,0.0791,0.1217,0.0483,0.0813,0.0169,0.0841,0.1051,0.0080,0.1332,0.000,0.000,0.000,0.000,0.000,0.000,0.000,0.152,0.000,0.000,semi-presidential,parliamentary,parliamentary,parliamentary,parliamentary,semi-presidential,semi-presidential,electoral-authoritarian,electoral-authoritarian,parliamentary,0.800,0.800,0.800,0.800,0.807,0.800,0.800,0.500,0.500,0.800,100.0,99.3,73.0,100.0,56.5,40.6,100.0,100.0,100.0,96.1
2028-03-01,1.0056,1.0085,1.0244,1.0168,1.1910,1.1045,0.9978,0.9918,1.0173,0.9862,1.0015,0.9988,1.0830,1.0592,1.1263,1.0177,1.2134,1.1695,1.0498,0.9933,1.0320,0.9862,1.0031,0.9997,3509.17,5119.96,4162.37,2592.02,1953.60,1143.55,203.71,2634.10,1752.48,541.51,1.1446,0.6498,1.0228,1.3996,1.0215,0.4950,1.1735,0.2336,0.2146,0.0720,0.6181,0.6962,0.5876,0.5800,0.6021,0.7338,0.5582,0.6418,0.6429,0.6931,0.0194,0.0146,0.0161,0.0213,0.0219,0.0021,0.0575,0.0014,0.0147,0.0114,0.9600,0.9602,0.9802,0.9619,0.9621,0.9851,0.9659,1.0000,0.9595,1.0000,52.86,185.67,78.00,52.49,59.39,9.76,5.51,239.04,60.71,80.48,0.0000,0.0000,0.0000,0.0000,0.0000,0.0000,0.4591,0.0427,0.0000,0.0000,104304,74663,53998,54750,86225,66964,95775,572442,131417,91336,0,0,0,0,0,0,0,0,0,0,0.0000,0.0000,0.0000,0.0000,0.0000,0.0000,0.2576,0.2576,0.0000,0.0000,0,0,0,0,0,0,0,1,0,0,0,0,0,0,0,0,1,1,0,0,0.1007,0.0721,0.1072,0.0422,0.0714,0.0150,0.0768,0.1033,0.0064,0.1329,0.000,0.000,0.000,0.000,0.000,0.000,0.000,0.154,0.000,0.000,semi-presidential,parliamentary,parliamentary,parliamentary,parliamentary,semi-presidential,semi-presidential,electoral-authoritarian,electoral-authoritarian,parliamentary,0.800,0.800,0.800,0.800,0.800,0.800,0.800,0.500,0.500,0.800,100.0,100.0,76.9,100.0,59.1,43.6,100.0,100.0,100.0,98.8
2028-04-01,1.0037,1.0114,1.0235,1.0110,1.1839,1.0922,0.9974,0.9897,1.0162,0.9853,1.0019,0.9954,1.0824,1.0584,1.0608,1.0112,1.2077,1.1573,0.9991,0.9914,1.0309,0.9853,1.0430,0.9958,3504.10,5128.17,4161.47,2586.77,1953.25,1148.47,203.63,2641.38,1761.57,543.10,1.1464,0.6489,1.0242,1.4027,1.0217,0.4910,1.1740,0.2357,0.2166,0.0573,0.6063,0.6917,0.5822,0.5959,0.5954,0.7328,0.5344,0.6320,0.6619,0.6889,0.0142,0.0121,0.0112,0.0164,0.0168,0.0018,0.0584,0.0013,0.0120,0.0099,0.9639,0.9633,0.9822,0.9650,0.9662,0.9874,0.9670,1.0000,0.9618,1.0000,53.21,185.93,77.64,52.93,59.75,9.63,5.51,242.23,61.74,80.77,0.0000,0.0000,0.0000,0.0000,0.0000,0.0000,0.4591,0.0427,0.0000,0.0000,104304,74663,53998,54750,86225,66964,95775,572442,131417,91336,0,0,0,0,0,0,0,0,0,0,0.0000,0.0000,0.0000,0.0000,0.0000,0.0000,0.2691,0.2691,0.0000,0.0000,0,0,0,0,0,0,0,1,0,0,0,0,0,0,0,0,1,1,0,0,0.0926,0.0651,0.0933,0.0359,0.0658,0.0148,0.0683,0.1034,0.0066,0.1331,0.000,0.000,0.000,0.000,0.000,0.000,0.020,0.153,0.000,0.000,semi-presidential,parliamentary,parliamentary,parliamentary,parliamentary,semi-presidential,semi-presidential,electoral-authoritarian,electoral-authoritarian,parliamentary,0.800,0.800,0.800,0.800,0.800,0.800,0.800,0.500,0.500,0.800,100.0,100.0,79.0,100.0,61.6,46.7,100.0,100.0,100.0,100.0
2028-05-01,1.0013,1.0113,1.0190,1.0058,1.1707,1.0806,0.9955,0.9880,1.0142,0.9862,0.9999,0.9925,1.0768,1.0390,1.0551,1.0061,1.1928,1.1409,0.9971,0.9898,1.0288,1.0465,1.0022,0.9927,3487.83,5124.19,4150.78,2586.37,1958.33,1153.02,203.21,2642.26,1768.93,541.58,1.1518,0.6495,1.0280,1.4031,1.0191,0.4872,1.1766,0.2378,0.2158,0.0429,0.5935,0.6942,0.5705,0.5867,0.6077,0.7314,0.5209,0.6258,0.6505,0.6993,0.0104,0.0096,0.0084,0.0142,0.0137,0.0000,0.0572,0.0016,0.0099,0.0083,0.9804,0.9797,0.9906,0.9792,0.9809,1.0000,0.9699,1.0000,0.9746,1.0000,52.38,184.32,76.76,52.36,58.94,9.78,5.44,238.42,61.18,80.72,0.0000,0.0000,0.0000,0.0000,0.0000,0.0000,0.4542,0.0410,0.0000,0.0000,104304,74663,53998,54750,86225,66964,95775,572442,131417,91336,0,0,0,0,0,0,0,0,0,0,0.0000,0.0000,0.0000,0.0000,0.0000,0.0000,0.2783,0.2783,0.0000,0.0000,0,0,0,0,0,0,0,1,0,0,0,0,0,0,0,0,1,1,0,0,0.1194,0.0763,0.1232,0.0514,0.0860,0.0134,0.0609,0.0981,0.0061,0.1336,0.000,0.000,0.000,0.000,0.000,0.000,0.018,0.155,0.000,0.000,semi-presidential,parliamentary,parliamentary,parliamentary,parliamentary,semi-presidential,semi-presidential,electoral-authoritarian,electoral-authoritarian,parliamentary,0.800,0.800,0.800,0.800,0.800,0.800,0.800,0.500,0.500,0.800,100.0,100.0,81.0,100.0,64.2,49.7,100.0,100.0,100.0,100.0
2028-06-01,1.0007,1.0106,1.0164,1.0038,1.1555,1.0689,0.9923,0.9884,1.0119,0.9905,0.9952,0.9910,1.0811,1.0382,1.0523,1.0138,1.1791,1.1332,0.9943,0.9918,1.0257,1.0537,0.9971,0.9911,3500.20,5123.95,4158.33,2587.85,1958.49,1154.98,202.48,2643.29,1773.52,541.98,1.1550,0.6497,1.0272,1.4025,1.0260,0.4846,1.1811,0.2400,0.2154,0.0284,0.6022,0.6968,0.5716,0.5966,0.6301,0.7351,0.4935,0.6127,0.6849,0.6988,0.0108,0.0098,0.0133,0.0145,0.0142,0.0000,0.0675,0.0015,0.0100,0.0084,0.9803,0.9797,0.9905,0.9792,0.9808,1.0000,0.9698,1.0000,0.9746,1.0000,53.89,185.38,77.76,53.56,60.74,9.64,5.75,247.04,62.25,80.19,0.0000,0.0000,0.0000,0.0000,0.0000,0.0000,0.4547,0.0410,0.0000,0.0000,104304,74663,53998,54750,86225,66964,95775,572442,131417,91336,0,0,0,0,0,0,0,0,0,0,0.0000,0.0000,0.0000,0.0000,0.0000,0.0000,0.2875,0.2875,0.0000,0.0000,0,0,0,0,0,0,0,1,0,0,0,0,0,0,0,0,1,1,0,0,0.1117,0.0721,0.1146,0.0474,0.0800,0.0121,0.0579,0.1032,0.0049,0.1328,0.000,0.000,0.000,0.000,0.000,0.000,0.016,0.156,0.000,0.000,semi-presidential,parliamentary,parliamentary,parliamentary,parliamentary,semi-presidential,semi-presidential,electoral-authoritarian,electoral-authoritarian,parliamentary,0.800,0.800,0.800,0.800,0.800,0.800,0.800,0.500,0.500,0.800,100.0,100.0,82.8,100.0,66.0,52.7,100.0,100.0,100.0,100.0
2028-07-01,1.0016,1.0123,1.0152,1.0033,1.1407,1.0577,0.9912,0.9905,1.0111,0.9946,0.9923,0.9904,1.0775,1.1199,1.0500,1.0668,1.1661,1.1211,1.0130,1.0680,1.0242,1.0755,0.9938,0.9904,3505.58,5126.02,4157.27,2587.20,1964.47,1159.81,201.31,2639.79,1777.81,543.55,1.1533,0.6495,1.0305,1.4030,1.0229,0.4808,1.1882,0.2431,0.2150,0.0138,0.5873,0.6840,0.5824,0.6046,0.6334,0.7295,0.4714,0.5943,0.6757,0.6960,0.0244,0.0223,0.0353,0.0321,0.0263,0.0070,0.0784,0.0022,0.0171,0.0140,0.9106,0.9169,0.9541,0.9201,0.9121,0.9503,0.9565,1.0000,0.9249,1.0000,53.53,185.51,79.32,53.21,60.39,9.67,5.70,245.00,62.18,80.46,0.0000,0.0000,0.0000,0.0000,0.0000,0.0000,0.4564,0.0397,0.0000,0.0000,104304,74663,53998,54750,86225,66964,95775,572442,131417,91336,0,0,0,0,0,0,0,0,0,0,0.0000,0.0000,0.0000,0.0000,0.0000,0.0000,0.2990,0.2990,0.0000,0.0000,0,0,0,0,0,0,0,1,0,0,0,0,0,0,0,0,1,1,0,0,0.1249,0.0775,0.1283,0.0527,0.0899,0.0117,0.0567,0.1021,0.0049,0.1375,0.000,0.000,0.000,0.000,0.000,0.000,0.015,0.157,0.000,0.000,semi-presidential,parliamentary,parliamentary,parliamentary,parliamentary,semi-presidential,semi-presidential,electoral-authoritarian,electoral-authoritarian,parliamentary,0.800,0.780,0.800,0.800,0.800,0.800,0.800,0.500,0.500,0.800,100.0,100.0,84.6,100.0,68.7,55.8,100.0,100.0,100.0,100.0
2028-08-01,1.0313,1.0296,1.0143,1.0065,1.1230,1.0455,0.9932,0.9947,1.0121,1.0001,0.9929,0.9900,2.2044,1.5778,1.0493,1.2048,1.1466,1.1057,1.1399,1.1431,1.0595,1.1489,1.1047,0.9901,3517.41,5118.27,4154.34,2578.33,1966.18,1160.25,200.25,2636.73,1776.49,545.32,1.1496,0.6506,1.0322,1.4080,1.0220,0.4788,1.1948,0.2456,0.2152,-0.0009,0.5591,0.6108,0.5876,0.5199,0.6353,0.6561,0.4395,0.5948,0.5972,0.6895,0.1497,0.1469,0.1175,0.1721,0.1572,0.1217,0.1300,0.0049,0.1463,0.0269,0.5644,0.5858,0.7803,0.5875,0.5653,0.6542,0.9402,1.0000,0.5739,1.0000,34.63,134.55,56.00,37.58,38.54,7.50,4.56,151.03,41.53,50.40,0.0000,0.0000,0.0000,0.0000,0.0000,0.0000,0.4604,0.0399,0.0000,0.0000,104304,74663,53998,54750,86225,66964,95775,572442,131417,91336,0,0,0,0,0,0,0,0,0,0,0.0000,0.0000,0.0000,0.0000,0.0000,0.0000,0.3082,0.3082,0.0000,0.0000,0,0,0,0,0,0,0,1,0,0,0,0,0,0,0,0,1,1,0,0,0.1280,0.0735,0.1323,0.0538,0.0922,0.0105,0.0510,0.1066,0.0047,0.1406,0.000,0.000,0.000,0.000,0.000,0.000,0.015,0.159,0.000,0.000,semi-presidential,parliamentary,parliamentary,parliamentary,parliamentary,semi-presidential,semi-presidential,electoral-authoritarian,electoral-authoritarian,parliamentary,0.800,0.790,0.800,0.800,0.800,0.800,0.800,0.500,0.500,0.800,100.0,100.0,86.8,100.0,71.5,58.5,100.0,100.0,100.0,100.0
2028-09-01,1.0881,1.0538,1.0115,1.0100,1.1060,1.0336,0.9950,0.9985,1.0117,1.0064,0.9954,0.9902,2.1523,1.4603,1.0472,1.1263,1.1314,1.0945,1.0052,1.0978,1.0241,1.1053,1.0403,0.9902,3502.62,5121.48,4154.14,2576.81,1963.64,1162.64,198.93,2653.50,1778.79,547.91,1.1547,0.6504,1.0329,1.4091,1.0234,0.4761,1.2032,0.2464,0.2151,-0.0160,0.5522,0.5922,0.5580,0.4593,0.5844,0.6339,0.4156,0.6193,0.5856,0.7012,0.1143,0.1114,0.0892,0.1230,0.1182,0.0903,0.1174,0.0022,0.1113,0.0164,0.6854,0.7020,0.8426,0.7041,0.6863,0.7593,0.9507,1.0000,0.6974,1.0000,40.04,156.56,67.64,41.31,45.92,9.22,4.91,177.64,48.23,60.56,0.0000,0.0000,0.0000,0.0000,0.0000,0.0000,0.4614,0.0402,0.0000,0.0000,104304,74663,53998,54750,86225,66964,95775,572442,131417,91336,0,0,0,0,0,0,0,0,0,0,0.0000,0.0000,0.0000,0.0000,0.0000,0.0000,0.3197,0.3197,0.0000,0.0000,0,0,0,0,0,0,0,1,0,0,0,0,0,0,0,0,1,1,0,0,0.1298,0.0778,0.1340,0.0546,0.0934,0.0119,0.0518,0.1127,0.0048,0.1452,0.000,0.000,0.000,0.000,0.000,0.000,0.015,0.161,0.000,0.000,semi-presidential,parliamentary,parliamentary,parliamentary,parliamentary,semi-presidential,semi-presidential,electoral-authoritarian,electoral-authoritarian,parliamentary,0.800,0.800,0.800,0.760,0.800,0.800,0.800,0.500,0.500,0.800,100.0,100.0,88.8,100.0,74.1,61.0,100.0,91.3,100.0,100.0
2028-10-01,1.1303,1.0684,1.0066,1.0101,1.0900,1.0238,0.9940,0.9988,1.0099,1.0102,0.9948,0.9890,2.0515,1.3536,1.0423,1.0403,1.1121,1.0814,0.9957,1.0152,1.0234,1.0576,0.9963,0.9892,3494.81,5119.19,4145.85,2567.27,1958.78,1161.31,197.98,2657.54,1783.01,550.25,1.1575,0.6509,1.0355,1.4148,1.0261,0.4749,1.2094,0.2478,0.2147,-0.0315,0.5515,0.5938,0.5640,0.4791,0.5726,0.6255,0.4070,0.5957,0.5591,0.7174,0.0861,0.0828,0.0562,0.0861,0.0899,0.0686,0.1015,0.0014,0.0808,0.0094,0.7792,0.7920,0.8897,0.7946,0.7802,0.8411,0.9570,1.0000,0.7934,1.0000,44.17,170.70,73.37,44.51,51.86,9.62,5.24,199.91,53.72,68.83,0.0000,0.0000,0.0000,0.0000,0.0000,0.0000,0.4574,0.0409,0.0000,0.0000,104304,74663,53998,54750,86225,66964,95775,572442,131417,91336,0,0,0,0,0,0,0,0,0,0,0.0000,0.0000,0.0000,0.0000,0.0000,0.0000,0.3289,0.3289,0.0000,0.0000,0,0,0,0,0,0,0,1,0,0,0,0,0,0,0,0,1,1,0,0,0.1180,0.0743,0.1209,0.0491,0.0841,0.0116,0.0537,0.1155,0.0072,0.1482,0.000,0.000,0.000,0.000,0.000,0.000,0.014,0.163,0.000,0.000,semi-presidential,parliamentary,parliamentary,parliamentary,parliamentary,semi-presidential,semi-presidential,electoral-authoritarian,electoral-authoritarian,parliamentary,0.800,0.800,0.800,0.770,0.800,0.800,0.800,0.500,0.500,0.800,100.0,100.0,90.8,100.0,76.6,63.5,100.0,94.0,100.0,100.0
2028-11-01,1.1628,1.0780,1.0025,1.0105,1.0769,1.0125,0.9925,0.9986,1.0082,1.0127,0.9958,0.9900,1.9095,1.2799,1.0390,1.0331,1.1001,1.0703,0.9942,1.0001,1.0214,1.0300,1.0211,0.9907,3504.72,5121.95,4146.85,2568.17,1961.61,1164.13,197.42,2660.60,1789.73,553.92,1.1545,0.6508,1.0355,1.4148,1.0248,0.4721,1.2133,0.2491,0.2140,-0.0471,0.5629,0.6018,0.5559,0.4944,0.5639,0.6411,0.3999,0.6000,0.5754,0.7383,0.0667,0.0627,0.0479,0.0649,0.0703,0.0502,0.0988,0.0012,0.0593,0.0099,0.8425,0.8528,0.9213,0.8558,0.8435,0.8953,0.9607,1.0000,0.8588,1.0000,48.57,180.12,78.48,49.53,56.61,10.04,5.61,220.44,58.14,75.48,0.0000,0.0000,0.0000,0.0000,0.0000,0.0000,0.4585,0.0414,0.0000,0.0000,104304,74663,53998,54750,86225,66964,95775,572442,131417,91336,0,0,0,0,0,0,0,0,0,0,0.0000,0.0000,0.0000,0.0000,0.0000,0.0000,0.3381,0.3381,0.0000,0.0000,0,0,0,0,0,0,0,1,0,0,0,0,0,0,0,0,1,1,0,0,0.1299,0.0804,0.1341,0.0553,0.0934,0.0121,0.0555,0.1205,0.0082,0.1508,0.000,0.000,0.000,0.000,0.000,0.000,0.014,0.163,0.000,0.000,semi-presidential,parliamentary,parliamentary,parliamentary,parliamentary,semi-presidential,semi-presidential,electoral-authoritarian,electoral-authoritarian,parliamentary,0.800,0.800,0.800,0.780,0.800,0.800,0.800,0.500,0.500,0.800,100.0,100.0,92.8,100.0,79.0,66.1,100.0,96.5,100.0,100.0
2028-12-01,1.1824,1.0824,1.0004,1.0121,1.0674,1.0034,0.9910,0.9980,1.0071,1.0130,0.9964,0.9906,1.6554,1.2527,1.0387,1.0722,1.0905,1.0612,0.9924,0.9993,1.0197,1.0158,0.9978,0.9911,3516.96,5127.80,4155.44,2566.79,1973.45,1170.69,196.29,2670.76,1792.17,555.04,1.1507,0.6503,1.0334,1.4159,1.0188,0.4677,1.2208,0.2499,0.2138,-0.0631,0.5837,0.6403,0.5783,0.5127,0.5869,0.6626,0.3938,0.6161,0.6054,0.7485,0.0472,0.0485,0.0404,0.0571,0.0509,0.0307,0.0955,0.0010,0.0403,0.0087,0.8673,0.8765,0.9337,0.8797,0.8683,0.9182,0.9625,1.0000,0.8838,1.0000,53.70,180.94,76.10,53.60,60.03,10.53,5.46,243.56,62.59,81.13,0.0000,0.0000,0.0000,0.0000,0.0000,0.0000,0.4583,0.0438,0.0000,0.0000,104304,74663,53998,54750,86225,66964,95775,572442,131417,91336,0,0,0,0,0,0,0,0,0,0,0.0000,0.0000,0.0000,0.0000,0.0000,0.0000,0.3096,0.3496,0.0000,0.0000,0,0,0,0,0,0,0,1,0,0,0,0,0,0,0,0,1,1,0,0,0.1311,0.0792,0.1348,0.0550,0.0945,0.0186,0.0678,0.1241,0.0092,0.1582,0.000,0.000,0.000,0.000,0.000,0.000,0.024,0.164,0.000,0.000,semi-presidential,parliamentary,parliamentary,parliamentary,parliamentary,semi-presidential,semi-presidential,electoral-authoritarian,electoral-authoritarian,parliamentary,0.800,0.800,0.800,0.789,0.800,0.800,0.779,0.500,0.500,0.800,100.0,92.4,94.9,100.0,81.5,68.7,100.0,99.8,100.0,100.0
2029-01-01,1.1939,1.0855,0.9969,1.0130,1.0598,0.9954,0.9919,0.9993,1.0066,1.0100,0.9971,0.9918,1.5512,1.1267,1.0351,1.0498,1.0818,1.0511,1.0343,1.0641,1.0198,1.0133,1.0362,0.9919,3533.14,5127.14,4157.58,2570.48,1979.18,1175.61,195.83,2678.96,1795.76,557.48,1.1455,0.6505,1.0326,1.4142,1.0159,0.4641,1.2241,0.2505,0.2135,-0.0789,0.6021,0.6585,0.5926,0.4998,0.6101,0.6879,0.4045,0.6125,0.6223,0.7539,0.0319,0.0261,0.0349,0.0319,0.0339,0.0133,0.0986,0.0020,0.0230,0.0156,0.9705,0.9709,0.9857,0.9701,0.9704,0.9965,0.9728,1.0000,0.9659,1.0000,56.97,190.01,80.39,56.68,63.97,10.95,5.59,259.47,66.31,87.22,0.0000,0.0000,0.0000,0.0000,0.0000,0.0000,0.4582,0.0438,0.0000,0.0000,104304,74663,53998,54750,86225,66964,95775,572442,131417,91336,0,0,0,0,0,0,0,0,0,0,0.0000,0.0000,0.0000,0.0000,0.0000,0.0000,0.3188,0.3588,0.0000,0.0000,0,0,0,0,0,0,0,1,0,0,0,0,0,0,0,0,1,1,0,0,0.1319,0.0809,0.1356,0.0559,0.0952,0.0192,0.0679,0.1249,0.0098,0.1574,0.000,0.000,0.000,0.000,0.000,0.000,0.023,0.164,0.000,0.000,semi-presidential,parliamentary,parliamentary,parliamentary,parliamentary,semi-presidential,semi-presidential,electoral-authoritarian,electoral-authoritarian,parliamentary,0.800,0.800,0.800,0.769,0.800,0.800,0.788,0.500,0.500,0.800,100.0,95.0,97.0,100.0,84.1,71.5,100.0,100.0,100.0,100.0
2029-02-01,1.2003,1.0873,0.9961,1.0111,1.0544,0.9889,0.9918,0.9999,1.0026,1.0060,1.0019,0.9930,1.3071,1.1410,1.0402,1.0119,1.0767,1.0445,0.9933,1.0015,1.0162,1.0095,1.1245,0.9936,3538.82,5132.69,4161.05,2570.76,1989.13,1180.37,195.35,2691.93,1799.84,559.89,1.1435,0.6497,1.0311,1.4145,1.0109,0.4605,1.2276,0.2507,0.2131,-0.0948,0.6095,0.6736,0.6076,0.5399,0.6309,0.7042,0.4113,0.6263,0.6333,0.7566,0.0180,0.0129,0.0153,0.0181,0.0205,0.0015,0.0832,0.0017,0.0130,0.0136,0.9604,0.9620,0.9805,0.9618,0.9603,0.9896,0.9660,1.0000,0.9593,1.0000,60.98,198.53,84.43,61.74,69.66,11.29,5.82,279.14,69.49,92.11,0.0000,0.0000,0.0000,0.0000,0.0000,0.0000,0.4583,0.0437,0.0000,0.0000,104304,74663,53998,54750,86225,66964,95775,572442,131417,91336,0,0,0,0,0,0,0,0,0,0,0.0000,0.0000,0.0000,0.0000,0.0000,0.0000,0.3280,0.3680,0.0000,0.0000,0,0,0,0,0,0,0,1,0,0,0,0,0,0,0,0,1,1,0,0,0.1318,0.0827,0.1368,0.0582,0.0959,0.0203,0.0712,0.1324,0.0105,0.1552,0.000,0.000,0.000,0.000,0.000,0.000,0.022,0.158,0.000,0.000,semi-presidential,parliamentary,parliamentary,parliamentary,parliamentary,semi-presidential,semi-presidential,electoral-authoritarian,electoral-authoritarian,parliamentary,0.800,0.800,0.800,0.779,0.800,0.800,0.798,0.500,0.500,0.800,100.0,98.8,99.2,100.0,86.9,74.4,100.0,100.0,100.0,100.0
2029-03-01,1.2025,1.0865,0.9960,1.0069,1.0499,0.9834,0.9916,0.9996,0.9985,1.0028,1.0034,0.9946,1.3086,1.1203,1.0342,1.0076,1.0720,1.0381,0.9931,1.0010,1.0117,1.0060,1.0711,0.9953,3559.34,5139.81,4166.14,2579.13,1995.03,1186.10,195.04,2693.00,1804.00,564.02,1.1369,0.6489,1.0292,1.4102,1.0080,0.4565,1.2299,0.2519,0.2127,-0.1103,0.6217,0.6889,0.6249,0.5790,0.6500,0.7277,0.4371,0.6491,0.6617,0.7518,0.0135,0.0105,0.0117,0.0156,0.0165,0.0000,0.0789,0.0014,0.0111,0.0113,0.9772,0.9768,0.9891,0.9759,0.9773,1.0000,0.9741,1.0000,0.9709,1.0000,60.81,197.45,83.90,61.32,69.30,11.38,5.79,275.54,68.85,93.95,0.0000,0.0000,0.0000,0.0000,0.0000,0.0000,0.4582,0.0438,0.0000,0.0000,104304,74663,53998,54750,86225,66964,95775,572442,131417,91336,0,0,0,0,0,0,0,0,0,0,0.0000,0.0000,0.0000,0.0000,0.0000,0.0000,0.3372,0.3772,0.0000,0.0000,0,0,0,0,0,0,0,1,0,0,0,0,0,0,0,0,1,1,0,0,0.1329,0.0837,0.1381,0.0592,0.0970,0.0213,0.0734,0.1293,0.0115,0.1548,0.000,0.000,0.000,0.000,0.000,0.000,0.021,0.158,0.000,0.000,semi-presidential,parliamentary,parliamentary,parliamentary,parliamentary,semi-presidential,semi-presidential,electoral-authoritarian,electoral-authoritarian,parliamentary,0.800,0.800,0.800,0.789,0.800,0.800,0.800,0.500,0.500,0.800,100.0,30.0,100.0,100.0,89.7,77.4,100.0,100.0,100.0,100.0
2029-04-01,1.2002,1.0807,0.9969,1.0031,1.0455,0.9799,0.9900,1.0012,0.9969,1.0005,1.0043,0.9965,1.3048,1.1114,1.0812,1.0035,1.0670,1.0333,0.9922,1.0604,1.0095,1.0040,1.0059,0.9971,3568.20,5155.78,4174.21,2584.32,1999.53,1189.95,195.22,2698.89,1809.71,566.10,1.1341,0.6467,1.0267,1.4073,1.0057,0.4533,1.2292,0.2530,0.2121,-0.1261,0.6270,0.6966,0.6395,0.5947,0.6669,0.7441,0.4616,0.6742,0.6751,0.7499,0.0171,0.0117,0.0156,0.0184,0.0199,0.0000,0.0775,0.0015,0.0125,0.0131,0.9796,0.9790,0.9902,0.9784,0.9801,1.0000,0.9753,1.0000,0.9735,1.0000,60.24,196.36,83.72,60.34,68.68,11.69,5.86,268.26,67.81,96.44,0.0000,0.0000,0.0000,0.0000,0.0000,0.0000,0.4583,0.0437,0.0000,0.0000,104304,74663,53998,54750,86225,66964,95775,572442,131417,91336,0,0,0,0,0,0,0,0,0,0,0.0000,0.0000,0.0000,0.0000,0.0000,0.0000,0.3487,0.3887,0.0000,0.0000,0,0,0,0,0,0,0,1,0,0,0,0,0,0,0,0,1,1,0,0,0.1341,0.0847,0.1396,0.0606,0.0984,0.0223,0.0730,0.1233,0.0125,0.1547,0.000,0.000,0.000,0.000,0.000,0.000,0.020,0.157,0.000,0.000,semi-presidential,parliamentary,parliamentary,parliamentary,parliamentary,semi-presidential,semi-presidential,electoral-authoritarian,electoral-authoritarian,parliamentary,0.800,0.800,0.800,0.799,0.800,0.800,0.800,0.500,0.500,0.800,100.0,32.9,100.0,100.0,92.6,80.5,100.0,100.0,100.0,100.0
2029-05-01,1.1920,1.0720,0.9985,1.0005,1.0424,0.9785,0.9887,1.0001,0.9971,1.0000,1.0029,0.9970,1.2842,1.1027,1.1156,1.0007,1.0640,1.0313,0.9901,1.0015,1.0097,1.0111,1.0048,0.9971,3572.99,5162.03,4175.32,2590.21,2000.40,1199.37,195.35,2703.78,1817.48,566.69,1.1326,0.6459,1.0259,1.4081,1.0053,0.4480,1.2284,0.2539,0.2113,-0.1421,0.6340,0.7049,0.6464,0.6265,0.6352,0.7562,0.4814,0.6778,0.6910,0.7582,0.0162,0.0124,0.0143,0.0202,0.0197,0.0000,0.0567,0.0011,0.0133,0.0096,0.9800,0.9793,0.9904,0.9789,0.9806,1.0000,0.9749,1.0000,0.9740,1.0000,57.72,193.33,82.19,57.93,65.30,11.77,5.61,253.73,65.82,96.38,0.0000,0.0000,0.0000,0.0000,0.0000,0.0000,0.4580,0.0432,0.0000,0.0000,104304,74663,53998,54750,86225,66964,95775,572442,131417,91336,0,0,0,0,0,0,0,0,0,0,0.0000,0.0000,0.0000,0.0000,0.0000,0.0000,0.3579,0.3979,0.0000,0.0000,0,0,0,0,0,0,0,1,0,0,0,0,0,0,0,0,1,1,0,0,0.1323,0.0839,0.1368,0.0596,0.0966,0.0227,0.0754,0.1175,0.0181,0.1540,0.000,0.000,0.000,0.000,0.000,0.000,0.018,0.157,0.000,0.000,semi-presidential,parliamentary,parliamentary,parliamentary,parliamentary,semi-presidential,semi-presidential,electoral-authoritarian,electoral-authoritarian,parliamentary,0.800,0.800,0.800,0.800,0.800,0.800,0.800,0.500,0.500,0.800,100.0,35.8,100.0,96.4,94.7,83.7,100.0,100.0,100.0,100.0
2029-06-01,1.1754,1.0616,1.0004,0.9991,1.0391,0.9777,0.9874,1.0000,0.9973,0.9988,1.0020,0.9967,1.2575,1.0908,1.0691,0.9995,1.0610,1.0307,0.9890,1.0015,1.0100,1.0016,1.0036,0.9969,3576.65,5173.82,4179.22,2594.63,2004.59,1202.88,195.10,2713.92,1831.00,568.00,1.1315,0.6444,1.0246,1.4057,1.0033,0.4450,1.2298,0.2548,0.2098,-0.1578,0.6276,0.7064,0.6382,0.6262,0.6455,0.7555,0.4923,0.6794,0.6988,0.7574,0.0126,0.0106,0.0109,0.0166,0.0160,0.0000,0.0510,0.0010,0.0111,0.0089,0.9800,0.9793,0.9903,0.9788,0.9806,1.0000,0.9739,1.0000,0.9740,1.0000,54.97,190.23,80.89,55.62,62.12,11.75,5.30,240.75,64.05,94.84,0.0000,0.0000,0.0000,0.0000,0.0000,0.0000,0.4582,0.0438,0.0000,0.0000,104304,74663,53998,54750,86225,66964,95775,572442,131417,91336,0,0,0,0,0,0,0,0,0,0,0.0000,0.0000,0.0000,0.0000,0.0000,0.0000,0.3694,0.4094,0.0000,0.0000,0,0,0,0,0,0,0,1,0,0,0,0,0,0,0,0,1,1,0,0,0.1348,0.0850,0.1398,0.0607,0.0987,0.0226,0.0751,0.1121,0.0183,0.1509,0.000,0.000,0.000,0.000,0.000,0.000,0.015,0.158,0.000,0.000,semi-presidential,parliamentary,parliamentary,parliamentary,parliamentary,semi-presidential,semi-presidential,electoral-authoritarian,electoral-authoritarian,parliamentary,0.800,0.800,0.800,0.800,0.800,0.800,0.800,0.500,0.500,0.800,100.0,38.7,100.0,99.9,97.5,86.8,100.0,100.0,100.0,100.0
2029-07-01,1.1545,1.0509,0.9989,0.9987,1.0343,0.9769,0.9885,1.0011,0.9992,0.9984,1.0053,0.9979,1.2341,1.0794,1.0365,1.0406,1.0557,1.0292,1.0638,1.0592,1.0581,1.0145,1.1623,0.9980,3594.70,5196.49,4195.46,2602.86,2007.45,1206.46,194.93,2715.12,1835.31,570.25,1.1259,0.6416,1.0204,1.4012,1.0019,0.4420,1.2306,0.2562,0.2094,-0.1729,0.6390,0.7138,0.6475,0.6310,0.6680,0.7621,0.4851,0.6535,0.7040,0.7456,0.0195,0.0120,0.0306,0.0211,0.0211,0.0000,0.0728,0.0047,0.0118,0.0224,0.9809,0.9801,0.9908,0.9799,0.9817,1.0000,0.9744,1.0000,0.9751,1.0000,53.60,187.06,80.03,52.60,59.37,11.78,5.11,232.25,62.30,91.96,0.0000,0.0000,0.0000,0.0000,0.0000,0.0000,0.4580,0.0430,0.0000,0.0000,104304,74663,53998,54750,86225,66964,95775,572442,131417,91336,0,0,0,0,0,0,0,0,0,0,0.0000,0.0000,0.0000,0.0000,0.0000,0.0000,0.3786,0.4186,0.0000,0.0000,0,0,0,0,0,0,0,1,0,0,0,0,0,0,0,0,1,1,0,0,0.1367,0.0851,0.1408,0.0606,0.1002,0.0264,0.0696,0.1080,0.0192,0.1502,0.000,0.000,0.000,0.000,0.000,0.000,0.013,0.157,0.000,0.000,semi-presidential,parliamentary,parliamentary,parliamentary,parliamentary,semi-presidential,semi-presidential,electoral-authoritarian,electoral-authoritarian,parliamentary,0.800,0.800,0.800,0.800,0.800,0.800,0.800,0.500,0.500,0.800,100.0,41.6,100.0,100.0,100.0,90.0,100.0,100.0,100.0,100.0
2029-08-01,1.1300,1.0406,0.9975,0.9971,1.0276,0.9760,0.9886,1.0014,1.0012,0.9981,1.0103,0.9971,1.2089,1.0699,1.0355,1.0140,1.0495,1.0283,1.0113,1.0029,1.0969,1.0016,1.1874,0.9974,3599.92,5207.74,4197.77,2605.72,2014.86,1212.69,194.65,2719.89,1842.31,571.54,1.1243,0.6402,1.0198,1.3997,0.9982,0.4381,1.2323,0.2574,0.2087,-0.1881,0.6450,0.7228,0.6485,0.6358,0.6715,0.7704,0.4832,0.6263,0.7206,0.7309,0.0158,0.0092,0.0239,0.0151,0.0196,0.0000,0.0667,0.0053,0.0128,0.0186,0.9808,0.9800,0.9907,0.9797,0.9815,1.0000,0.9729,1.0000,0.9749,1.0000,52.92,189.57,82.05,53.41,59.55,11.89,5.22,229.72,62.30,91.57,0.0000,0.0000,0.0000,0.0000,0.0000,0.0000,0.4584,0.0436,0.0000,0.0000,104304,74663,53998,54750,86225,66964,95775,572442,131417,91336,0,0,0,0,0,0,0,0,0,0,0.0000,0.0000,0.0000,0.0000,0.0000,0.0000,0.3878,0.4278,0.0000,0.0000,0,0,0,0,0,0,0,1,0,0,0,0,0,0,0,0,1,1,0,0,0.1218,0.0847,0.1255,0.0550,0.0886,0.0248,0.0689,0.1047,0.0168,0.1439,0.000,0.000,0.000,0.000,0.000,0.000,0.010,0.157,0.000,0.000,semi-presidential,parliamentary,parliamentary,parliamentary,parliamentary,semi-presidential,semi-presidential,electoral-authoritarian,electoral-authoritarian,parliamentary,0.800,0.800,0.800,0.800,0.800,0.800,0.800,0.500,0.500,0.800,100.0,44.7,100.0,100.0,100.0,93.3,100.0,100.0,100.0,100.0
2029-09-01,1.1078,1.0333,0.9991,0.9962,1.0235,0.9791,0.9904,1.0012,1.0028,0.9980,1.0166,0.9966,1.1815,1.0623,1.0373,1.0197,1.0453,1.1344,1.0457,1.0234,1.0210,1.0015,1.1870,0.9968,3608.53,5209.81,4192.43,2607.67,2019.08,1217.25,194.22,2725.42,1849.17,573.10,1.1216,0.6400,1.0210,1.3987,0.9962,0.4348,1.2349,0.2591,0.2080,-0.2065,0.6465,0.7236,0.6467,0.6306,0.6696,0.7653,0.4833,0.6132,0.7137,0.7105,0.0195,0.0116,0.0297,0.0163,0.0200,0.0014,0.0692,0.0026,0.0108,0.0188,0.9798,0.9791,0.9901,0.9786,0.9803,1.0000,0.9711,1.0000,0.9738,1.0000,52.53,189.07,82.65,53.37,59.20,11.89,5.20,228.18,62.13,90.44,0.0000,0.0000,0.0000,0.0000,0.0000,0.0000,0.4583,0.0437,0.0000,0.0000,104304,74663,53998,54750,86225,66964,95775,572442,131417,91336,0,0,0,0,0,0,0,0,0,0,0.0000,0.0000,0.0000,0.0000,0.0000,0.0000,0.3993,0.4393,0.0000,0.0000,0,0,0,0,0,0,0,1,0,0,0,0,0,0,0,0,1,1,0,0,0.1360,0.0913,0.1397,0.0609,0.0988,0.0262,0.0729,0.1053,0.0183,0.1431,0.000,0.000,0.000,0.000,0.000,0.000,0.007,0.157,0.000,0.000,semi-presidential,parliamentary,parliamentary,parliamentary,parliamentary,semi-presidential,semi-presidential,electoral-authoritarian,electoral-authoritarian,parliamentary,0.800,0.800,0.800,0.800,0.800,0.800,0.800,0.500,0.500,0.800,100.0,47.7,100.0,100.0,100.0,96.5,100.0,100.0,100.0,100.0
2029-10-01,1.0866,1.0279,0.9984,0.9966,1.0236,0.9830,0.9929,1.0021,1.0036,0.9990,1.0212,0.9984,1.1565,1.0555,1.0343,1.0228,1.0501,1.1303,1.0423,1.0137,1.0349,1.0458,1.1386,0.9988,3621.97,5223.61,4199.79,2601.84,2030.53,1221.31,194.37,2737.78,1859.06,573.17,1.1174,0.6384,1.0193,1.4019,0.9907,0.4317,1.2360,0.2598,0.2070,-0.2136,0.6504,0.7309,0.6496,0.6318,0.6779,0.7634,0.4801,0.6046,0.7042,0.7061,0.0166,0.0113,0.0273,0.0177,0.0196,0.0013,0.0683,0.0028,0.0105,0.0179,0.9810,0.9804,0.9907,0.9800,0.9816,1.0000,0.9708,1.0000,0.9754,1.0000,52.38,187.30,81.31,52.08,58.68,11.95,5.15,227.45,61.90,89.45,0.0000,0.0000,0.0000,0.0000,0.0000,0.0000,0.4576,0.0410,0.0000,0.0000,104304,74663,53998,54750,86225,66964,95775,572442,131417,91336,0,0,0,0,0,0,0,0,0,0,0.0000,0.0000,0.0000,0.0000,0.0000,0.0000,0.4085,0.4485,0.0000,0.0000,0,0,0,0,0,0,0,1,0,0,0,0,0,0,0,0,1,1,0,0,0.1373,0.0920,0.1410,0.0614,0.1001,0.0276,0.0792,0.1064,0.0195,0.1422,0.000,0.000,0.000,0.000,0.000,0.000,0.005,0.156,0.000,0.000,semi-presidential,parliamentary,parliamentary,parliamentary,parliamentary,semi-presidential,semi-presidential,electoral-authoritarian,electoral-authoritarian,parliamentary,0.800,0.800,0.800,0.800,0.800,0.800,0.800,0.500,0.500,0.800,100.0,50.7,100.0,100.0,100.0,99.7,100.0,100.0,100.0,100.0
2029-11-01,1.0663,1.0223,0.9979,0.9958,1.0255,0.9885,0.9946,1.0036,1.0033,1.0018,1.0229,0.9995,1.1322,1.0499,1.0334,1.0192,1.0668,1.0876,1.0287,1.0688,1.0157,1.0599,1.0442,0.9997,3643.33,5237.08,4210.74,2609.58,2038.50,1226.02,194.69,2743.14,1869.18,574.51,1.1110,0.6369,1.0167,1.3978,0.9869,0.4285,1.2341,0.2613,0.2060,-0.2282,0.6557,0.7495,0.6455,0.6352,0.6866,0.7587,0.4839,0.6138,0.6954,0.7070,0.0149,0.0098,0.0266,0.0181,0.0212,0.0006,0.0690,0.0021,0.0095,0.0215,0.9813,0.9806,0.9908,0.9802,0.9818,1.0000,0.9703,1.0000,0.9757,1.0000,52.59,190.43,84.11,53.39,59.75,12.07,5.21,228.45,62.20,89.93,0.0000,0.0000,0.0000,0.0000,0.0000,0.0000,0.4575,0.0402,0.0000,0.0000,104304,74663,53998,54750,86225,66964,95775,572442,131417,91336,0,0,0,0,0,0,0,0,0,0,0.0000,0.0000,0.0000,0.0000,0.0000,0.0000,0.4177,0.4577,0.0000,0.0000,0,0,0,0,0,0,0,1,0,0,0,0,0,0,0,0,1,1,0,0,0.1384,0.0937,0.1421,0.0632,0.1011,0.0287,0.0804,0.1076,0.0204,0.1415,0.000,0.000,0.000,0.000,0.000,0.000,0.001,0.154,0.000,0.000,semi-presidential,parliamentary,parliamentary,parliamentary,parliamentary,semi-presidential,semi-presidential,electoral-authoritarian,electoral-authoritarian,parliamentary,0.800,0.800,0.800,0.800,0.800,0.800,0.800,0.500,0.500,0.800,100.0,52.4,100.0,100.0,100.0,100.0,100.0,100.0,100.0,100.0
2029-12-01,1.0509,1.0181,0.9996,0.9957,1.0265,0.9885,0.9965,1.0051,1.0022,1.0052,1.0240,0.9991,1.1184,1.0447,1.1818,1.0232,1.0511,1.0404,1.1078,1.0514,1.0144,1.0586,1.0478,0.9993,3652.38,5260.29,4221.02,2618.12,2045.84,1237.22,194.58,2750.01,1872.57,576.32,1.1083,0.6344,1.0143,1.3933,0.9835,0.4230,1.2349,0.2632,0.2057,-0.2424,0.6607,0.7531,0.6542,0.6358,0.6887,0.7648,0.4912,0.5961,0.6940,0.7038,0.0257,0.0136,0.0359,0.0246,0.0280,0.0000,0.0692,0.0023,0.0175,0.0199,0.9812,0.9806,0.9908,0.9801,0.9817,1.0000,0.9716,1.0000,0.9757,1.0000,52.92,186.91,81.50,51.92,59.16,12.28,5.20,229.34,61.37,88.84,0.0000,0.0000,0.0000,0.0000,0.0000,0.0000,0.4578,0.0404,0.0000,0.0000,104304,74663,53998,54750,86225,66964,95775,572442,131417,91336,0,0,0,0,0,0,0,0,0,0,0.0000,0.0000,0.0000,0.0000,0.0000,0.0000,0.4292,0.4692,0.0000,0.0000,0,0,0,0,0,0,0,1,0,0,0,0,0,0,0,0,1,1,0,0,0.1125,0.0798,0.1144,0.0500,0.0812,0.0256,0.0775,0.1063,0.0166,0.1388,0.000,0.000,0.000,0.000,0.000,0.000,0.000,0.154,0.000,0.000,semi-presidential,parliamentary,parliamentary,parliamentary,parliamentary,semi-presidential,semi-presidential,electoral-authoritarian,electoral-authoritarian,parliamentary,0.800,0.800,0.800,0.800,0.800,0.800,0.800,0.500,0.500,0.800,100.0,55.6,100.0,100.0,100.0,100.0,100.0,100.0,100.0,100.0
2030-01-01,1.0374,1.0139,1.0027,0.9937,1.0246,0.9886,0.9983,1.0051,1.0020,1.0077,1.0229,0.9961,1.1066,1.0406,1.0870,0.9942,1.0458,1.0408,1.0283,1.0067,1.0146,1.0368,1.0250,0.9966,3652.82,5260.85,4196.44,2627.15,2047.90,1244.72,194.50,2757.22,1879.04,577.15,1.1083,0.6346,1.0203,1.3886,0.9826,0.4188,1.2354,0.2646,0.2051,-0.2568,0.6447,0.7407,0.6215,0.6340,0.6666,0.7671,0.4982,0.6045,0.7032,0.6961,0.0139,0.0105,0.0127,0.0171,0.0171,0.0000,0.0530,0.0014,0.0111,0.0101,0.9815,0.9808,0.9909,0.9804,0.9821,1.0000,0.9718,1.0000,0.9759,1.0000,52.58,190.67,83.63,54.02,60.49,12.31,5.32,229.89,62.15,88.95,0.0000,0.0000,0.0000,0.0000,0.0000,0.0000,0.4575,0.0418,0.0000,0.0000,104304,74663,53998,54750,86225,66964,95775,572442,131417,91336,0,0,0,0,0,0,0,0,0,0,0.0000,0.0000,0.0000,0.0000,0.0000,0.0000,0.4384,0.4784,0.0000,0.0000,0,0,0,0,0,0,0,1,0,0,0,0,0,0,0,0,1,1,0,0,0.1129,0.0809,0.1162,0.0562,0.0819,0.0240,0.0682,0.1032,0.0153,0.1369,0.000,0.000,0.000,0.000,0.000,0.000,0.000,0.156,0.000,0.000,semi-presidential,parliamentary,parliamentary,parliamentary,parliamentary,semi-presidential,semi-presidential,electoral-authoritarian,electoral-authoritarian,parliamentary,0.800,0.800,0.800,0.800,0.800,0.800,0.800,0.500,0.500,0.800,100.0,58.7,100.0,100.0,100.0,100.0,100.0,100.0,100.0,100.0
2030-02-01,1.0266,1.0086,1.0028,0.9890,1.0200,0.9891,1.0008,1.0032,1.0000,1.0098,1.0194,0.9951,1.0993,1.0349,1.0395,0.9901,1.0414,1.0411,1.0625,1.0047,1.0128,1.0378,1.0215,0.9951,3657.06,5284.77,4201.71,2634.49,2043.40,1247.54,193.73,2751.94,1889.44,576.10,1.1071,0.6319,1.0191,1.3848,0.9849,0.4164,1.2404,0.2679,0.2040,-0.2720,0.6397,0.7423,0.6229,0.6390,0.6599,0.7616,0.4901,0.6018,0.7083,0.6959,0.0119,0.0093,0.0109,0.0142,0.0148,0.0000,0.0567,0.0015,0.0097,0.0106,0.9813,0.9805,0.9908,0.9802,0.9819,1.0000,0.9718,1.0000,0.9757,1.0000,53.33,191.52,83.53,54.58,61.58,12.00,5.39,236.26,63.12,87.76,0.0000,0.0000,0.0000,0.0000,0.0000,0.0000,0.4576,0.0419,0.0000,0.0000,104304,74663,53998,54750,86225,66964,95775,572442,131417,91336,0,0,0,0,0,0,0,0,0,0,0.0000,0.0000,0.0000,0.0000,0.0000,0.0000,0.4499,0.4899,0.0000,0.0000,0,0,0,0,0,0,0,1,0,0,0,0,0,0,0,0,1,1,0,0,0.1325,0.0903,0.1379,0.0657,0.0971,0.0253,0.0704,0.1100,0.0171,0.1353,0.000,0.000,0.000,0.000,0.000,0.000,0.000,0.152,0.000,0.000,semi-presidential,parliamentary,parliamentary,parliamentary,parliamentary,semi-presidential,semi-presidential,electoral-authoritarian,electoral-authoritarian,parliamentary,0.800,0.800,0.800,0.800,0.800,0.800,0.800,0.500,0.500,0.800,100.0,61.9,100.0,100.0,100.0,100.0,100.0,100.0,100.0,100.0
2030-03-01,1.0192,1.0057,1.0045,0.9857,1.0161,0.9879,1.0038,1.0022,1.0004,1.0117,1.0146,0.9958,1.0907,1.0338,1.1817,0.9864,1.0374,1.0402,1.0852,1.0038,1.0607,1.0326,1.0167,0.9957,3665.73,5297.26,4201.71,2640.28,2043.40,1251.23,193.52,2756.12,1900.65,575.97,1.1047,0.6307,1.0191,1.3818,0.9849,0.4137,1.2419,0.2697,0.2029,-0.2867,0.6430,0.7434,0.6229,0.6426,0.6599,0.7629,0.4958,0.5972,0.6861,0.6950,0.0223,0.0140,0.0218,0.0245,0.0263,0.0000,0.0586,0.0035,0.0172,0.0151,0.9798,0.9792,0.9900,0.9786,0.9802,1.0000,0.9700,1.0000,0.9738,1.0000,53.22,191.01,83.06,54.60,61.06,11.85,5.48,236.34,63.39,87.17,0.0000,0.0000,0.0000,0.0000,0.0000,0.0000,0.4581,0.0423,0.0000,0.0000,104304,74663,53998,54750,86225,66964,95775,572442,131417,91336,0,0,0,0,0,0,0,0,0,0,0.0000,0.0000,0.0000,0.0000,0.0000,0.0000,0.4591,0.4991,0.0000,0.0000,0,0,0,0,0,0,0,1,0,0,0,0,0,0,0,0,1,1,0,0,0.1338,0.0908,0.1390,0.0663,0.0979,0.0258,0.0724,0.1111,0.0176,0.1345,0.000,0.000,0.000,0.000,0.000,0.000,0.000,0.152,0.000,0.000,semi-presidential,parliamentary,parliamentary,parliamentary,parliamentary,semi-presidential,semi-presidential,electoral-authoritarian,electoral-authoritarian,parliamentary,0.800,0.800,0.800,0.800,0.800,0.800,0.800,0.500,0.500,0.800,100.0,65.0,100.0,100.0,100.0,100.0,100.0,100.0,100.0,100.0
2030-04-01,1.0119,1.0046,1.0068,0.9829,1.0127,0.9862,1.0051,1.0018,1.0021,1.0149,1.0110,0.9944,1.0854,1.0325,1.1033,0.9831,1.0333,1.0379,1.0390,1.0032,1.0748,1.0433,1.0133,0.9949,3677.10,5311.86,4195.43,2642.93,2049.48,1257.40,193.59,2762.16,1910.67,575.62,1.1044,0.6292,1.0208,1.3804,0.9820,0.4106,1.2414,0.2711,0.2020,-0.3014,0.6454,0.7482,0.6184,0.6412,0.6584,0.7502,0.4952,0.6053,0.6845,0.6926,0.0154,0.0114,0.0149,0.0192,0.0204,0.0000,0.0595,0.0038,0.0144,0.0121,0.9800,0.9794,0.9902,0.9789,0.9805,1.0000,0.9702,1.0000,0.9742,1.0000,53.86,192.13,83.23,54.91,61.90,11.81,5.34,240.80,64.48,86.69,0.0000,0.0000,0.0000,0.0000,0.0000,0.0000,0.4578,0.0417,0.0000,0.0000,104304,74663,53998,54750,86225,66964,95775,572442,131417,91336,0,0,0,0,0,0,0,0,0,0,0.0000,0.0000,0.0000,0.0000,0.0000,0.0000,0.4683,0.5083,0.0000,0.0000,0,0,0,0,0,0,0,1,0,0,0,0,0,0,0,0,1,1,0,0,0.1076,0.0773,0.1105,0.0527,0.0774,0.0228,0.0731,0.1094,0.0169,0.1338,0.000,0.000,0.000,0.000,0.000,0.000,0.000,0.152,0.000,0.000,semi-presidential,parliamentary,parliamentary,parliamentary,parliamentary,semi-presidential,semi-presidential,electoral-authoritarian,electoral-authoritarian,parliamentary,0.800,0.800,0.800,0.800,0.800,0.833,0.800,0.500,0.500,0.800,100.0,68.1,100.0,100.0,100.0,92.3,100.0,100.0,93.8,100.0
2030-05-01,1.0053,1.0029,1.0073,0.9810,1.0090,0.9846,1.0052,1.0032,1.0037,1.0153,1.0078,0.9931,1.0796,1.0316,1.0451,1.0023,1.0301,1.0371,1.0149,1.0506,1.0522,1.0228,1.0095,0.9933,3682.52,5323.16,4188.78,2650.55,2046.50,1264.49,193.35,2762.22,1921.75,576.23,1.1030,0.6353,1.0226,1.3764,0.9834,0.4069,1.2430,0.2724,0.2009,-0.3156,0.6369,0.7545,0.6178,0.6484,0.6420,0.7524,0.4974,0.6296,0.6878,0.6874,0.0130,0.0097,0.0217,0.0150,0.0167,0.0000,0.0686,0.0028,0.0114,0.0124,0.9795,0.9789,0.9899,0.9784,0.9800,1.0000,0.9701,1.0000,0.9735,1.0000,53.85,192.95,85.36,54.65,61.18,12.62,5.57,237.67,64.33,86.58,0.0000,0.0000,0.0000,0.0000,0.0000,0.0000,0.4587,0.0431,0.0000,0.0000,104304,74663,53998,54750,86225,66964,95775,572442,131417,91336,0,0,0,0,0,0,0,0,0,0,0.0000,0.0000,0.0000,0.0000,0.0000,0.0000,0.4775,0.5175,0.0000,0.0000,0,0,0,0,0,0,0,1,0,0,0,0,0,0,0,0,1,1,0,0,0.1175,0.0819,0.1211,0.0574,0.0848,0.0233,0.0700,0.1073,0.0176,0.1332,0.000,0.000,0.000,0.000,0.000,0.000,0.000,0.154,0.000,0.000,semi-presidential,parliamentary,parliamentary,parliamentary,parliamentary,semi-presidential,semi-presidential,electoral-authoritarian,electoral-authoritarian,parliamentary,0.800,0.800,0.800,0.800,0.800,0.823,0.800,0.500,0.500,0.800,100.0,73.2,100.0,100.0,100.0,95.4,100.0,100.0,97.6,100.0
2030-06-01,0.9982,1.0017,1.0083,0.9799,1.0052,0.9822,1.0051,1.0038,1.0050,1.0137,1.0070,0.9922,1.0718,1.0308,1.0523,1.0041,1.0264,1.0348,1.0293,1.0053,1.0642,1.0184,1.0088,0.9923,3692.63,5338.13,4187.46,2653.93,2051.27,1271.96,193.59,2766.43,1927.63,575.77,1.1002,0.6338,1.0230,1.3777,0.9812,0.4031,1.2416,0.2736,0.2004,-0.3303,0.6382,0.7488,0.6100,0.6689,0.6378,0.7567,0.4867,0.5994,0.7102,0.6862,0.0119,0.0101,0.0216,0.0158,0.0165,0.0000,0.0686,0.0030,0.0121,0.0104,0.9789,0.9783,0.9896,0.9777,0.9794,1.0000,0.9695,1.0000,0.9728,1.0000,53.76,192.69,83.96,54.81,61.60,12.67,5.38,238.69,64.77,86.22,0.0000,0.0000,0.0000,0.0000,0.0000,0.0000,0.4584,0.0436,0.0000,0.0000,104304,74663,53998,54750,86225,66964,95775,572442,131417,91336,0,0,0,0,0,0,0,0,0,0,0.0000,0.0000,0.0000,0.0000,0.0000,0.0000,0.4890,0.5290,0.0000,0.0000,0,0,0,0,0,0,0,1,0,0,0,0,0,0,0,0,1,1,0,0,0.1234,0.0842,0.1266,0.0597,0.0945,0.0234,0.0718,0.1079,0.0179,0.1336,0.000,0.000,0.000,0.000,0.000,0.000,0.000,0.155,0.000,0.000,semi-presidential,parliamentary,parliamentary,parliamentary,parliamentary,semi-presidential,semi-presidential,electoral-authoritarian,electoral-authoritarian,parliamentary,0.800,0.800,0.800,0.800,0.817,0.813,0.800,0.500,0.500,0.800,100.0,76.3,100.0,100.0,95.8,98.5,100.0,100.0,100.0,100.0
2030-07-01,0.9941,0.9995,1.0077,0.9779,1.0012,0.9808,1.0037,1.0026,1.0076,1.0115,1.0051,0.9926,1.0696,1.0278,1.0459,0.9783,1.0218,1.0328,1.0053,1.0045,1.0728,1.0169,1.0071,0.9927,3689.58,5343.52,4200.30,2656.34,2065.82,1276.93,193.40,2773.61,1942.68,575.08,1.1014,0.6334,1.0200,1.3764,0.9743,0.4003,1.2429,0.2743,0.1989,-0.3452,0.6386,0.7465,0.6254,0.6656,0.6542,0.7535,0.4850,0.5963,0.7080,0.6817,0.0107,0.0098,0.0099,0.0154,0.0157,0.0000,0.0578,0.0031,0.0120,0.0096,0.9799,0.9792,0.9901,0.9788,0.9805,1.0000,0.9706,1.0000,0.9739,1.0000,54.15,193.16,83.67,54.67,62.41,12.62,5.46,240.98,65.43,85.73,0.0000,0.0000,0.0000,0.0000,0.0000,0.0000,0.4584,0.0435,0.0000,0.0000,104304,74663,53998,54750,86225,66964,95775,572442,131417,91336,0,0,0,0,0,0,0,0,0,0,0.0000,0.0000,0.0000,0.0000,0.0000,0.0000,0.4982,0.5382,0.0000,0.0000,0,0,0,0,0,0,0,1,0,0,0,0,0,0,0,0,1,1,0,0,0.1314,0.0888,0.1360,0.0642,0.1018,0.0243,0.0722,0.1090,0.0192,0.1318,0.000,0.000,0.000,0.000,0.000,0.000,0.000,0.155,0.000,0.000,semi-presidential,parliamentary,parliamentary,parliamentary,parliamentary,semi-presidential,semi-presidential,electoral-authoritarian,electoral-authoritarian,parliamentary,0.800,0.800,0.800,0.800,0.807,0.803,0.800,0.500,0.500,0.800,100.0,79.5,100.0,100.0,98.6,100.0,100.0,100.0,100.0,100.0
2030-08-01,0.9915,0.9944,1.0065,0.9767,0.9966,0.9786,1.0015,1.0005,1.0100,1.0110,1.0028,0.9937,0.9915,0.9954,1.0068,0.9999,0.9974,0.9791,1.0019,1.0007,1.0405,1.0111,1.0030,0.9937,3715.27,5356.53,4200.10,2659.84,2078.11,1281.23,193.38,2772.73,1958.09,574.66,1.0943,0.6322,1.0201,1.3747,0.9685,0.3976,1.2431,0.2747,0.1975,-0.3598,0.6555,0.7544,0.6425,0.6679,0.6722,0.7549,0.4826,0.5907,0.7058,0.6901,0.0000,0.0000,0.0106,0.0003,0.0009,0.0000,0.0129,0.0012,0.0011,0.0009,1.0000,1.0000,1.0000,1.0000,1.0000,1.0000,1.0000,1.0000,1.0000,1.0000,57.80,200.47,86.48,57.15,65.43,12.44,10.47,259.17,68.80,86.26,0.0000,0.0000,0.0000,0.0000,0.0000,0.0000,0.0000,0.0000,0.0000,0.0000,104304,74663,53998,54750,86225,66964,95775,572442,131417,91336,0,0,0,0,0,0,0,0,0,0,0.0000,0.0000,0.0000,0.0000,0.0000,0.0000,0.5005,0.5336,0.0000,0.0000,0,0,0,0,0,0,0,1,0,0,0,0,0,0,0,0,0,0,0,0,0.1355,0.0882,0.1335,0.0630,0.1000,0.0243,0.0790,0.1152,0.0195,0.1344,0.000,0.000,0.000,0.000,0.000,0.000,0.000,0.154,0.000,0.000,semi-presidential,parliamentary,parliamentary,parliamentary,parliamentary,semi-presidential,semi-presidential,electoral-authoritarian,electoral-authoritarian,parliamentary,0.800,0.800,0.800,0.800,0.800,0.800,0.800,0.500,0.500,0.800,100.0,82.7,100.0,100.0,100.0,100.0,100.0,100.0,100.0,100.0
2030-09-01,0.9905,0.9909,1.0052,0.9763,0.9909,0.9767,0.9987,1.0008,1.0084,1.0112,0.9983,0.9923,0.9906,0.9912,1.0056,0.9995,0.9910,0.9767,0.9996,1.0338,1.0089,1.0192,0.9990,0.9927,3709.85,5365.03,4188.89,2668.90,2088.79,1291.29,195.51,2779.07,1971.33,576.05,1.0961,0.6312,1.0229,1.3701,0.9683,0.3971,1.2357,0.2756,0.1963,-0.3733,0.6492,0.7447,0.6436,0.6830,0.6861,0.7668,0.5534,0.5984,0.7016,0.7001,0.0016,0.0000,0.0122,0.0000,0.0011,0.0000,0.0136,0.0003,0.0001,0.0022,1.0000,1.0000,1.0000,1.0000,1.0000,1.0000,1.0000,1.0000,1.0000,1.0000,57.99,199.42,85.50,56.80,65.63,12.49,10.42,259.67,68.99,86.12,0.0000,0.0000,0.0000,0.0000,0.0000,0.0000,0.0000,0.0000,0.0000,0.0000,104304,74663,53998,54750,86225,66964,95775,572442,131417,91336,0,0,0,0,0,0,0,0,0,0,0.0000,0.0000,0.0000,0.0000,0.0000,0.0000,0.4808,0.5139,0.0000,0.0000,0,0,0,0,0,0,0,1,0,0,0,0,0,0,0,0,0,0,0,0,0.1122,0.0764,0.1142,0.0511,0.0814,0.0217,0.0772,0.1128,0.0158,0.1334,0.000,0.000,0.000,0.000,0.000,0.000,0.000,0.156,0.000,0.000,semi-presidential,parliamentary,parliamentary,parliamentary,parliamentary,semi-presidential,semi-presidential,electoral-authoritarian,electoral-authoritarian,parliamentary,0.800,0.800,0.800,0.800,0.800,0.800,0.800,0.500,0.500,0.800,100.0,85.8,100.0,100.0,100.0,100.0,100.0,100.0,100.0,100.0
2030-10-01,0.9904,0.9874,1.0041,0.9745,0.9880,0.9747,0.9945,1.0020,1.0041,1.0102,0.9934,0.9905,1.0244,0.9879,1.0046,0.9747,0.9882,0.9748,0.9948,1.0418,1.0043,1.0106,0.9947,0.9907,3710.67,5365.96,4190.31,2666.82,2089.18,1297.01,196.42,2786.80,1977.26,574.99,1.0961,0.6310,1.0234,1.3762,0.9678,0.3940,1.2319,0.2763,0.1958,-0.3853,0.6457,0.7295,0.6215,0.6906,0.6868,0.7569,0.6156,0.6016,0.7159,0.6995,0.0039,0.0018,0.0035,0.0016,0.0033,0.0015,0.0230,0.0003,0.0012,0.0026,1.0000,1.0000,1.0000,1.0000,1.0000,1.0000,1.0000,1.0000,1.0000,1.0000,57.68,199.28,84.95,57.90,67.01,12.34,10.07,262.58,69.29,85.83,0.0000,0.0000,0.0000,0.0000,0.0000,0.0000,0.0000,0.0000,0.0000,0.0000,104304,74663,53998,54750,86225,66964,95775,572442,131417,91336,0,0,0,0,0,0,0,0,0,0,0.0000,0.0000,0.0000,0.0000,0.0000,0.0000,0.4616,0.4942,0.0000,0.0000,0,0,0,0,0,0,0,1,0,0,0,0,0,0,0,0,0,0,0,0,0.1247,0.0821,0.1286,0.0571,0.0912,0.0216,0.0783,0.1150,0.0165,0.1325,0.000,0.000,0.000,0.000,0.000,0.000,0.000,0.158,0.000,0.000,semi-presidential,parliamentary,parliamentary,parliamentary,parliamentary,semi-presidential,semi-presidential,electoral-authoritarian,electoral-authoritarian,parliamentary,0.800,0.800,0.800,0.800,0.800,0.800,0.800,0.500,0.500,0.800,100.0,88.8,100.0,100.0,100.0,100.0,100.0,100.0,100.0,100.0
2030-11-01,0.9915,0.9835,1.0026,0.9731,0.9855,0.9721,0.9909,1.0026,0.9999,1.0082,0.9866,0.9908,0.9915,0.9836,1.0032,0.9785,0.9859,0.9728,0.9912,1.0025,1.0004,1.0085,0.9872,0.9912,3714.52,5378.20,4212.46,2675.71,2095.31,1298.98,197.67,2786.10,1993.24,575.45,1.0949,0.6296,1.0176,1.3716,0.9645,0.3930,1.2293,0.2779,0.1943,-0.3983,0.6472,0.7299,0.6440,0.6829,0.6898,0.7434,0.6393,0.6010,0.7214,0.7224,0.0000,0.0000,0.0023,0.0000,0.0000,0.0000,0.0028,0.0000,0.0000,0.0002,1.0000,1.0000,1.0000,1.0000,1.0000,1.0000,1.0000,1.0000,1.0000,1.0000,57.33,198.73,85.82,58.27,66.74,12.33,9.91,261.38,69.19,85.97,0.0000,0.0000,0.0000,0.0000,0.0000,0.0000,0.0000,0.0000,0.0000,0.0000,104304,74663,53998,54750,86225,66964,95775,572442,131417,91336,0,0,0,0,0,0,0,0,0,0,0.0000,0.0000,0.0000,0.0000,0.0000,0.0000,0.4222,0.4744,0.0000,0.0000,0,0,0,0,0,0,0,1,0,0,0,0,0,0,0,0,0,0,0,0,0.1366,0.0875,0.1416,0.0631,0.1004,0.0226,0.0799,0.1153,0.0180,0.1323,0.000,0.000,0.000,0.000,0.000,0.000,0.000,0.159,0.000,0.000,semi-presidential,parliamentary,parliamentary,parliamentary,parliamentary,semi-presidential,semi-presidential,electoral-authoritarian,electoral-authoritarian,parliamentary,0.800,0.800,0.800,0.800,0.800,0.800,0.800,0.500,0.500,0.800,100.0,91.8,100.0,100.0,100.0,100.0,100.0,100.0,100.0,100.0
2030-12-01,0.9897,0.9805,1.0011,0.9733,0.9848,0.9707,0.9898,1.0045,0.9973,1.0058,0.9812,0.9907,0.9901,0.9808,1.0015,1.0005,0.9998,1.0267,0.9900,1.0051,0.9978,1.0063,0.9821,0.9907,3731.66,5388.97,4217.64,2676.93,2104.22,1304.27,198.13,2793.65,2001.06,575.58,1.0898,0.6284,1.0161,1.3711,0.9631,0.3900,1.2296,0.2787,0.1937,-0.4125,0.6526,0.7289,0.6513,0.6789,0.6937,0.7476,0.6418,0.6207,0.7034,0.7126,0.0011,0.0018,0.0129,0.0049,0.0043,0.0008,0.0119,0.0000,0.0003,0.0046,1.0000,1.0000,1.0000,1.0000,1.0000,1.0000,1.0000,1.0000,1.0000,1.0000,56.29,196.20,85.44,56.30,64.74,12.54,9.79,255.30,68.15,85.45,0.0000,0.0000,0.0000,0.0000,0.0000,0.0000,0.0000,0.0000,0.0000,0.0000,104304,74663,53998,54750,86225,66964,95775,572442,131417,91336,0,0,0,0,0,0,0,0,0,0,0.0000,0.0000,0.0000,0.0000,0.0000,0.0000,0.4024,0.4547,0.0000,0.0000,0,0,0,0,0,0,0,1,0,0,0,0,0,0,0,0,0,0,0,0,0.1371,0.0870,0.1415,0.0624,0.1007,0.0230,0.0851,0.1140,0.0184,0.1342,0.000,0.000,0.000,0.000,0.000,0.000,0.000,0.159,0.000,0.000,semi-presidential,parliamentary,parliamentary,parliamentary,parliamentary,semi-presidential,semi-presidential,electoral-authoritarian,electoral-authoritarian,parliamentary,0.800,0.800,0.800,0.800,0.800,0.800,0.800,0.500,0.500,0.800,100.0,94.9,100.0,100.0,100.0,100.0,100.0,100.0,100.0,100.0
2031-01-01,0.9851,0.9772,0.9999,0.9738,0.9876,0.9734,0.9881,1.0047,1.0030,1.0041,0.9787,0.9915,0.9860,0.9779,1.0003,1.0126,1.0032,1.1070,0.9881,1.0054,1.8235,1.0041,0.9788,0.9917,3736.75,5391.56,4229.90,2679.75,2110.88,1308.34,198.57,2801.32,2011.11,575.20,1.0884,0.6282,1.0129,1.3697,0.9599,0.3874,1.2298,0.2810,0.1928,-0.4271,0.6569,0.7285,0.6599,0.6774,0.7004,0.7463,0.6442,0.6013,0.6915,0.7072,0.0025,0.0053,0.0266,0.0192,0.0277,0.0018,0.0455,0.0330,0.0311,0.0278,1.0000,1.0000,1.0000,1.0000,1.0000,1.0000,1.0000,1.0000,1.0000,1.0000,52.26,161.34,75.42,51.27,57.33,10.30,8.88,241.04,60.37,82.89,0.0000,0.0000,0.0000,0.0000,0.0000,0.0000,0.0000,0.0000,0.0000,0.0000,104304,74663,53998,54750,86225,66964,95775,572442,131417,91336,0,0,0,0,0,0,0,0,0,0,0.0000,0.0000,0.0000,0.0000,0.0000,0.0000,0.3840,0.4153,0.0000,0.0000,0,0,0,0,0,0,0,1,0,0,0,0,0,0,0,0,0,0,0,0,0.1381,0.0870,0.1416,0.0622,0.1016,0.0235,0.0858,0.1131,0.0190,0.1357,0.000,0.000,0.000,0.000,0.000,0.000,0.000,0.159,0.000,0.000,semi-presidential,parliamentary,parliamentary,parliamentary,parliamentary,semi-presidential,semi-presidential,electoral-authoritarian,electoral-authoritarian,parliamentary,0.800,0.800,0.800,0.800,0.800,0.800,0.800,0.500,0.500,0.800,100.0,97.9,100.0,100.0,100.0,100.0,100.0,100.0,100.0,100.0
2031-02-01,0.9830,0.9745,0.9998,0.9743,0.9861,0.9780,0.9873,1.0043,1.0477,1.0043,0.9791,0.9932,0.9831,0.9746,1.0002,0.9978,0.9871,1.0872,0.9874,1.0043,1.6254,1.0181,0.9791,0.9936,3745.50,5406.01,4237.99,2686.81,2118.14,1314.20,198.44,2798.86,2023.22,576.19,1.0860,0.6266,1.0109,1.3662,0.9564,0.3843,1.2313,0.2853,0.1918,-0.4405,0.6628,0.7374,0.6615,0.6671,0.6951,0.7477,0.6333,0.5996,0.6764,0.6902,0.0020,0.0024,0.0204,0.0069,0.0165,0.0015,0.0359,0.0232,0.0218,0.0158,1.0000,1.0000,1.0000,1.0000,1.0000,1.0000,1.0000,1.0000,1.0000,1.0000,57.46,186.22,82.97,55.65,63.83,11.83,9.79,259.81,68.57,84.44,0.0000,0.0000,0.0000,0.0000,0.0000,0.0000,0.0000,0.0000,0.0000,0.0000,104304,74663,53998,54750,86225,66964,95775,572442,131417,91336,0,0,0,0,0,0,0,0,0,0,0.0000,0.0000,0.0000,0.0000,0.0000,0.0000,0.3794,0.4013,0.0000,0.0000,0,0,0,0,0,0,0,1,0,0,0,0,0,0,0,0,0,0,0,0,0.1402,0.0905,0.1434,0.0644,0.1024,0.0253,0.0801,0.1160,0.0196,0.1321,0.000,0.000,0.000,0.000,0.000,0.000,0.000,0.158,0.000,0.000,semi-presidential,parliamentary,parliamentary,parliamentary,parliamentary,semi-presidential,semi-presidential,electoral-authoritarian,electoral-authoritarian,parliamentary,0.800,0.800,0.800,0.800,0.800,0.800,0.800,0.500,0.500,0.800,100.0,100.0,100.0,100.0,100.0,100.0,100.0,100.0,100.0,100.0
2031-03-01,0.9816,0.9729,0.9984,0.9724,0.9831,0.9825,0.9875,1.0036,1.0612,1.0047,0.9782,0.9945,0.9817,0.9731,1.0221,0.9725,0.9839,1.1419,1.0520,1.0037,1.3486,1.0047,0.9786,0.9945,3757.28,5415.74,4244.10,2690.34,2129.03,1319.94,199.02,2808.23,2033.28,576.17,1.0826,0.6255,1.0094,1.3645,0.9515,0.3812,1.2317,0.2860,0.1910,-0.4613,0.6671,0.7420,0.6763,0.6734,0.7015,0.7512,0.6182,0.5988,0.6923,0.6720,0.0066,0.0043,0.0103,0.0069,0.0125,0.0021,0.0140,0.0121,0.0125,0.0108,1.0000,1.0000,1.0000,1.0000,1.0000,1.0000,1.0000,1.0000,1.0000,1.0000,61.06,210.91,86.86,57.37,68.57,13.48,10.34,268.62,76.18,86.12,0.0000,0.0000,0.0000,0.0000,0.0000,0.0000,0.0000,0.0000,0.0000,0.0000,104304,74663,53998,54750,86225,66964,95775,572442,131417,91336,0,0,0,0,0,0,0,0,0,0,0.0000,0.0000,0.0000,0.0000,0.0000,0.0000,0.3597,0.3816,0.0000,0.0000,0,0,0,0,0,0,0,1,0,0,0,0,0,0,0,0,0,0,0,0,0.1406,0.0926,0.1447,0.0658,0.1033,0.0269,0.0837,0.1172,0.0204,0.1309,0.000,0.000,0.000,0.000,0.000,0.000,0.000,0.157,0.000,0.000,semi-presidential,parliamentary,parliamentary,parliamentary,parliamentary,semi-presidential,semi-presidential,electoral-authoritarian,electoral-authoritarian,parliamentary,0.800,0.800,0.800,0.800,0.800,0.800,0.800,0.500,0.500,0.800,100.0,100.0,100.0,100.0,100.0,100.0,100.0,100.0,100.0,100.0
2031-04-01,0.9799,0.9711,0.9975,0.9713,0.9782,0.9846,0.9879,1.0015,1.0654,1.0047,0.9784,0.9945,0.9800,0.9718,0.9980,0.9944,0.9788,1.0197,0.9879,1.0015,1.0654,1.0162,1.0214,0.9946,3767.22,5437.49,4254.20,2705.13,2135.81,1331.51,199.61,2817.53,2041.72,576.65,1.0798,0.6231,1.0071,1.3571,0.9485,0.3766,1.2324,0.2866,0.1903,-0.4751,0.6690,0.7486,0.6865,0.6756,0.7193,0.7550,0.6297,0.6116,0.6744,0.6797,0.0020,0.0008,0.0130,0.0007,0.0013,0.0005,0.0123,0.0002,0.0003,0.0018,1.0000,1.0000,1.0000,1.0000,1.0000,1.0000,1.0000,1.0000,1.0000,1.0000,61.77,213.57,89.46,57.27,68.94,13.68,10.64,269.11,76.06,86.00,0.0000,0.0000,0.0000,0.0000,0.0000,0.0000,0.0000,0.0000,0.0000,0.0000,104304,74663,53998,54750,86225,66964,95775,572442,131417,91336,0,0,0,0,0,0,0,0,0,0,0.0000,0.0000,0.0000,0.0000,0.0000,0.0000,0.3400,0.3619,0.0000,0.0000,0,0,0,0,0,0,0,1,0,0,0,0,0,0,0,0,0,0,0,0,0.1341,0.0892,0.1367,0.0659,0.0978,0.0257,0.0771,0.1143,0.0195,0.1316,0.000,0.000,0.000,0.000,0.000,0.000,0.000,0.157,0.000,0.000,semi-presidential,parliamentary,parliamentary,parliamentary,parliamentary,semi-presidential,semi-presidential,electoral-authoritarian,electoral-authoritarian,parliamentary,0.800,0.800,0.800,0.800,0.800,0.800,0.800,0.500,0.500,0.800,100.0,100.0,100.0,100.0,100.0,100.0,100.0,100.0,100.0,100.0
2031-05-01,0.9774,0.9683,0.9972,0.9719,0.9716,0.9857,0.9867,1.0002,1.0623,1.0019,0.9799,0.9934,0.9774,0.9686,1.1005,1.0025,0.9726,1.0063,0.9870,1.0004,1.0630,1.0021,1.0118,0.9934,3778.55,5445.91,4249.20,2714.66,2144.15,1338.23,199.69,2825.33,2049.88,575.95,1.0766,0.6222,1.0082,1.3524,0.9448,0.3733,1.2364,0.2874,0.1897,-0.4898,0.6669,0.7511,0.6853,0.6823,0.7174,0.7595,0.6230,0.6127,0.6742,0.6880,0.0084,0.0051,0.0189,0.0098,0.0079,0.0003,0.0118,0.0001,0.0042,0.0030,1.0000,1.0000,1.0000,1.0000,1.0000,1.0000,1.0000,1.0000,1.0000,1.0000,61.09,209.56,86.91,56.00,67.78,13.57,10.34,265.32,74.62,85.26,0.0000,0.0000,0.0000,0.0000,0.0000,0.0000,0.0000,0.0000,0.0000,0.0000,104304,74663,53998,54750,86225,66964,95775,572442,131417,91336,0,0,0,0,0,0,0,0,0,0,0.0000,0.0000,0.0000,0.0000,0.0000,0.0000,0.3203,0.3422,0.0000,0.0000,0,0,0,0,0,0,0,1,0,0,0,0,0,0,0,0,0,0,0,0,0.1358,0.0886,0.1379,0.0653,0.0987,0.0248,0.0763,0.1138,0.0190,0.1326,0.000,0.000,0.000,0.000,0.000,0.000,0.000,0.159,0.000,0.000,semi-presidential,parliamentary,parliamentary,parliamentary,parliamentary,semi-presidential,semi-presidential,electoral-authoritarian,electoral-authoritarian,parliamentary,0.800,0.800,0.800,0.800,0.800,0.800,0.800,0.500,0.532,0.800,100.0,100.0,100.0,100.0,100.0,100.0,100.0,100.0,92.8,100.0
2031-06-01,0.9741,0.9671,0.9967,0.9746,0.9695,0.9883,0.9879,1.0018,1.0563,0.9996,0.9816,0.9933,0.9743,0.9672,0.9972,1.0260,0.9696,1.0239,1.0711,1.1225,1.0575,0.9998,1.0759,0.9933,3805.12,5449.95,4256.17,2722.39,2154.22,1347.68,199.64,2829.20,2059.59,577.92,1.0691,0.6219,1.0066,1.3486,0.9405,0.3694,1.2415,0.2886,0.1889,-0.5022,0.6654,0.7500,0.6753,0.6742,0.7181,0.7533,0.6119,0.6191,0.6930,0.6925,0.0119,0.0052,0.0250,0.0110,0.0078,0.0005,0.0215,0.0016,0.0007,0.0153,1.0000,1.0000,1.0000,1.0000,1.0000,1.0000,1.0000,1.0000,1.0000,1.0000,61.28,203.20,82.10,55.19,66.33,13.74,10.09,265.84,74.43,84.56,0.0000,0.0000,0.0000,0.0000,0.0000,0.0000,0.0000,0.0000,0.0000,0.0000,104304,74663,53998,54750,86225,66964,95775,572442,131417,91336,0,0,0,0,0,0,0,0,0,0,0.0000,0.0000,0.0000,0.0000,0.0000,0.0000,0.3006,0.3225,0.0000,0.0000,0,0,0,0,0,0,0,1,0,0,0,0,0,0,0,0,0,0,0,0,0.1412,0.0894,0.1436,0.0667,0.1072,0.0258,0.0827,0.1151,0.0204,0.1341,0.000,0.000,0.000,0.000,0.000,0.000,0.000,0.159,0.000,0.000,semi-presidential,parliamentary,parliamentary,parliamentary,parliamentary,semi-presidential,semi-presidential,electoral-authoritarian,electoral-authoritarian,parliamentary,0.800,0.800,0.800,0.800,0.800,0.800,0.800,0.500,0.523,0.800,100.0,100.0,100.0,100.0,100.0,100.0,100.0,100.0,96.6,100.0
2031-07-01,0.9704,0.9671,0.9961,0.9776,0.9687,0.9894,0.9896,1.0041,1.0482,1.0002,0.9855,0.9931,0.9712,0.9992,0.9966,1.0340,0.9687,1.0262,1.0094,1.1061,1.0485,1.0170,1.0725,0.9933,3810.42,5451.74,4261.43,2726.23,2163.88,1356.77,199.90,2839.15,2067.64,577.27,1.0677,0.6218,1.0054,1.3468,0.9363,0.3668,1.2449,0.2892,0.1883,-0.5168,0.6619,0.7427,0.6666,0.6771,0.7264,0.7505,0.6075,0.6135,0.7028,0.6902,0.0129,0.0096,0.0242,0.0161,0.0098,0.0034,0.0200,0.0011,0.0034,0.0111,0.9706,0.9733,0.9847,0.9754,0.9717,0.9792,0.9948,1.0000,0.9796,1.0000,59.44,200.99,82.69,54.23,65.05,13.95,9.90,257.91,72.58,84.34,0.0000,0.0000,0.0000,0.0000,0.0000,0.0000,0.0000,0.0000,0.0000,0.0000,104304,74663,53998,54750,86225,66964,95775,572442,131417,91336,0,0,0,0,0,0,0,0,0,0,0.0000,0.0000,0.0000,0.0000,0.0000,0.0000,0.2809,0.3028,0.0000,0.0000,0,0,0,0,0,0,0,1,0,0,0,0,0,0,0,0,0,0,0,0,0.1349,0.0866,0.1369,0.0636,0.1022,0.0254,0.0853,0.1130,0.0197,0.1339,0.000,0.000,0.000,0.000,0.000,0.000,0.000,0.159,0.000,0.000,semi-presidential,parliamentary,parliamentary,parliamentary,parliamentary,semi-presidential,semi-presidential,electoral-authoritarian,electoral-authoritarian,parliamentary,0.800,0.800,0.800,0.800,0.800,0.800,0.800,0.500,0.513,0.800,100.0,100.0,100.0,100.0,100.0,100.0,100.0,100.0,100.0,100.0
2031-08-01,0.9684,0.9693,0.9965,0.9826,0.9713,0.9894,0.9899,1.0059,1.0411,1.0001,0.9874,0.9926,0.9684,1.0357,1.0680,1.0452,0.9988,1.0067,1.0012,1.0305,1.0420,1.0001,1.0108,0.9926,3820.31,5456.81,4263.16,2728.44,2167.39,1360.48,199.82,2845.89,2071.44,576.59,1.0650,0.6263,1.0050,1.3459,0.9348,0.3645,1.2507,0.2902,0.1880,-0.5315,0.6573,0.7339,0.6623,0.6922,0.7268,0.7481,0.6063,0.6130,0.6903,0.6856,0.0159,0.0166,0.0261,0.0307,0.0213,0.0063,0.0144,0.0003,0.0091,0.0140,0.9403,0.9454,0.9692,0.9490,0.9420,0.9567,0.9902,1.0000,0.9558,1.0000,60.53,199.52,82.27,55.59,66.31,13.91,9.93,264.82,72.87,83.94,0.0000,0.0000,0.0000,0.0000,0.0000,0.0000,0.0000,0.0000,0.0000,0.0000,104304,74663,53998,54750,86225,66964,95775,572442,131417,91336,0,0,0,0,0,0,0,0,0,0,0.0000,0.0000,0.0000,0.0000,0.0000,0.0000,0.2612,0.2831,0.0000,0.0000,0,0,0,0,0,0,0,1,0,0,0,0,0,0,0,0,0,0,0,0,0.1381,0.0874,0.1406,0.0651,0.1048,0.0253,0.0856,0.1162,0.0195,0.1338,0.000,0.000,0.000,0.000,0.000,0.000,0.000,0.160,0.000,0.000,semi-presidential,parliamentary,parliamentary,parliamentary,parliamentary,semi-presidential,semi-presidential,electoral-authoritarian,electoral-authoritarian,parliamentary,0.800,0.800,0.800,0.800,0.800,0.800,0.800,0.500,0.503,0.800,100.0,100.0,100.0,100.0,100.0,100.0,100.0,100.0,100.0,100.0
2031-09-01,0.9666,0.9720,0.9990,0.9854,0.9739,0.9898,0.9914,1.0042,1.0355,1.0010,0.9866,0.9925,0.9668,1.0850,1.1204,1.0385,0.9924,0.9965,1.0638,1.0047,1.0370,1.0243,0.9869,0.9925,3829.69,5483.33,4275.88,2736.71,2175.03,1366.12,200.37,2850.12,2075.69,577.37,1.0624,0.6233,1.0020,1.3420,0.9315,0.3617,1.2527,0.2914,0.1878,-0.5448,0.6578,0.7347,0.6666,0.6729,0.7195,0.7485,0.6179,0.6141,0.6866,0.6933,0.0245,0.0213,0.0324,0.0331,0.0280,0.0105,0.0163,0.0004,0.0159,0.0109,0.9000,0.9081,0.9487,0.9128,0.9018,0.9258,0.9846,1.0000,0.9213,1.0000,60.24,201.48,84.21,55.67,67.12,13.66,9.98,265.49,72.75,84.28,0.0000,0.0000,0.0000,0.0000,0.0000,0.0000,0.0000,0.0000,0.0000,0.0000,104304,74663,53998,54750,86225,66964,95775,572442,131417,91336,0,0,0,0,0,0,0,0,0,0,0.0000,0.0000,0.0000,0.0000,0.0000,0.0000,0.2415,0.2634,0.0000,0.0000,0,0,0,0,0,0,0,1,0,0,0,0,0,0,0,0,0,0,0,0,0.1385,0.0880,0.1412,0.0657,0.1051,0.0250,0.0858,0.1166,0.0192,0.1339,0.000,0.000,0.000,0.000,0.000,0.000,0.000,0.161,0.000,0.000,semi-presidential,parliamentary,parliamentary,parliamentary,parliamentary,semi-presidential,semi-presidential,electoral-authoritarian,electoral-authoritarian,parliamentary,0.800,0.800,0.800,0.800,0.800,0.800,0.800,0.500,0.500,0.800,100.0,100.0,100.0,100.0,100.0,100.0,100.0,100.0,100.0,100.0
2031-10-01,0.9678,0.9760,1.0020,0.9859,0.9728,0.9910,0.9929,1.0028,1.0279,1.0037,0.9855,0.9923,1.0494,1.0833,1.1810,1.0477,0.9732,1.0481,1.0574,1.0028,1.0284,1.0288,1.0270,0.9926,3844.57,5490.30,4282.36,2745.05,2184.30,1372.19,201.20,2865.04,2091.40,577.72,1.0583,0.6226,1.0005,1.3381,0.9276,0.3589,1.2558,0.2915,0.1865,-0.5586,0.6554,0.7309,0.6647,0.6589,0.7069,0.7431,0.6069,0.6242,0.7019,0.6872,0.0353,0.0298,0.0394,0.0398,0.0334,0.0147,0.0402,0.0005,0.0221,0.0072,0.9050,0.9129,0.9513,0.9175,0.9067,0.9299,0.9853,1.0000,0.9260,1.0000,59.63,197.25,82.33,55.67,66.82,13.45,10.06,264.84,72.28,83.59,0.0000,0.0000,0.0000,0.0000,0.0000,0.0000,0.0000,0.0000,0.0000,0.0000,104304,74663,53998,54750,86225,66964,95775,572442,131417,91336,0,0,0,0,0,0,0,0,0,0,0.0000,0.0000,0.0000,0.0000,0.0000,0.0000,0.2119,0.2436,0.0000,0.0000,0,0,0,0,0,0,0,1,0,0,0,0,0,0,0,0,0,0,0,0,0.1331,0.0847,0.1356,0.0629,0.1011,0.0240,0.0795,0.1162,0.0183,0.1343,0.000,0.000,0.000,0.000,0.000,0.000,0.000,0.161,0.000,0.000,semi-presidential,parliamentary,parliamentary,parliamentary,parliamentary,semi-presidential,semi-presidential,electoral-authoritarian,electoral-authoritarian,parliamentary,0.783,0.800,0.800,0.800,0.800,0.800,0.800,0.500,0.500,0.800,100.0,100.0,100.0,100.0,100.0,100.0,100.0,100.0,100.0,100.0
2031-11-01,0.9700,0.9788,1.0044,0.9866,0.9690,0.9914,0.9949,1.0014,1.0222,1.0045,0.9875,0.9928,1.0694,1.0801,1.0667,1.0331,0.9701,0.9974,1.0835,1.0016,1.0231,1.0045,1.0567,0.9930,3871.87,5503.51,4300.11,2751.56,2193.10,1378.62,201.55,2871.24,2096.80,577.67,1.0509,0.6212,0.9963,1.3352,0.9239,0.3560,1.2594,0.2925,0.1862,-0.5798,0.6552,0.7336,0.6709,0.6551,0.7078,0.7400,0.5962,0.6481,0.7083,0.6796,0.0285,0.0230,0.0323,0.0274,0.0266,0.0144,0.0415,0.0008,0.0161,0.0076,0.9107,0.9181,0.9542,0.9226,0.9124,0.9343,0.9862,1.0000,0.9310,1.0000,59.71,206.20,90.22,59.65,69.33,13.31,10.63,267.42,73.52,84.68,0.0000,0.0000,0.0000,0.0000,0.0000,0.0000,0.0000,0.0000,0.0000,0.0000,104304,74663,53998,54750,86225,66964,95775,572442,131417,91336,0,0,0,0,0,0,0,0,0,0,0.0000,0.0000,0.0000,0.0000,0.0000,0.0000,0.1922,0.2239,0.0000,0.0000,0,0,0,0,0,0,0,1,0,0,0,0,0,0,0,0,0,0,0,0,0.1398,0.0899,0.1432,0.0688,0.1066,0.0242,0.0783,0.1168,0.0195,0.1343,0.000,0.000,0.000,0.000,0.000,0.000,0.000,0.161,0.000,0.000,semi-presidential,parliamentary,parliamentary,parliamentary,parliamentary,semi-presidential,semi-presidential,electoral-authoritarian,electoral-authoritarian,parliamentary,0.792,0.800,0.800,0.800,0.800,0.800,0.800,0.500,0.500,0.800,100.0,100.0,100.0,100.0,100.0,30.0,100.0,100.0,100.0,100.0
2031-12-01,0.9728,0.9841,1.0053,0.9872,0.9667,0.9887,0.9995,1.0020,1.0189,1.0048,0.9911,0.9953,1.0761,1.1453,1.0295,1.0303,0.9667,0.9889,1.0940,1.0375,1.0198,1.0117,1.0813,0.9959,3886.34,5512.93,4301.32,2762.07,2199.66,1386.10,201.93,2878.49,2104.25,578.75,1.0470,0.6200,0.9961,1.3301,0.9211,0.3529,1.2631,0.2933,0.1856,-0.5928,0.6521,0.7212,0.6639,0.6498,0.7090,0.7354,0.5883,0.6597,0.6910,0.6799,0.0356,0.0275,0.0378,0.0298,0.0329,0.0200,0.0450,0.0011,0.0213,0.0109,0.8612,0.8719,0.9294,0.8766,0.8625,0.8949,0.9807,1.0000,0.8847,1.0000,59.87,200.63,85.71,56.64,67.68,13.42,10.36,266.87,73.18,83.58,0.0000,0.0000,0.0000,0.0000,0.0000,0.0000,0.0000,0.0000,0.0000,0.0000,104304,74663,53998,54750,86225,66964,95775,572442,131417,91336,0,0,0,0,0,0,0,0,0,0,0.0000,0.0000,0.0000,0.0000,0.0000,0.0000,0.1725,0.2042,0.0000,0.0000,0,0,0,0,0,0,0,1,0,0,0,0,0,0,0,0,0,0,0,0,0.1411,0.0901,0.1448,0.0684,0.1079,0.0260,0.0853,0.1192,0.0208,0.1331,0.000,0.000,0.000,0.000,0.000,0.000,0.000,0.160,0.000,0.000,semi-presidential,parliamentary,parliamentary,parliamentary,parliamentary,semi-presidential,semi-presidential,electoral-authoritarian,electoral-authoritarian,parliamentary,0.800,0.800,0.800,0.800,0.800,0.810,0.800,0.500,0.500,0.800,100.0,100.0,100.0,100.0,100.0,28.1,100.0,100.0,100.0,100.0
2032-01-01,0.9771,0.9883,1.0074,0.9873,0.9685,0.9861,1.0025,1.0021,1.0145,1.0081,0.9946,0.9980,1.1857,1.0441,1.1229,1.0114,0.9852,0.9863,1.1211,1.0022,1.0148,1.0242,1.1222,0.9986,3907.55,5511.20,4313.10,2774.17,2215.13,1395.81,201.95,2882.57,2113.80,578.61,1.0411,0.6202,0.9933,1.3242,0.9147,0.3492,1.2690,0.2944,0.1849,-0.6072,0.6495,0.7189,0.6571,0.6429,0.7009,0.7329,0.5844,0.6795,0.6903,0.6724,0.0359,0.0230,0.0411,0.0285,0.0374,0.0168,0.0462,0.0011,0.0201,0.0178,0.9499,0.9544,0.9742,0.9578,0.9513,0.9644,0.9918,1.0000,0.9643,1.0000,58.28,203.04,89.13,59.14,68.15,13.24,10.23,260.53,72.02,83.81,0.0000,0.0000,0.0000,0.0000,0.0000,0.0000,0.0000,0.0000,0.0000,0.0000,104304,74663,53998,54750,86225,66964,95775,572442,131417,91336,0,0,0,0,0,0,0,0,0,0,0.0000,0.0000,0.0000,0.0000,0.0000,0.0000,0.1528,0.1845,0.0000,0.0000,0,0,0,0,0,0,0,1,0,0,0,0,0,0,0,0,0,0,0,0,0.1433,0.0935,0.1474,0.0727,0.1101,0.0280,0.0889,0.1223,0.0227,0.1316,0.000,0.000,0.000,0.000,0.000,0.000,0.000,0.158,0.000,0.000,semi-presidential,parliamentary,parliamentary,parliamentary,parliamentary,semi-presidential,semi-presidential,electoral-authoritarian,electoral-authoritarian,parliamentary,0.800,0.800,0.800,0.800,0.800,0.800,0.800,0.500,0.500,0.800,100.0,100.0,100.0,100.0,100.0,31.1,100.0,100.0,100.0,100.0
2032-02-01,0.9836,0.9927,1.0099,0.9868,0.9707,0.9837,1.0046,1.0003,1.0108,1.0115,0.9988,1.0004,1.1830,1.1277,1.1019,1.0197,0.9777,0.9838,1.0354,1.0003,1.0114,1.0286,1.1363,1.0005,3912.50,5535.66,4320.21,2785.01,2219.55,1401.68,202.48,2892.04,2123.19,580.52,1.0397,0.6176,0.9917,1.3192,0.9130,0.3465,1.2715,0.2949,0.1842,-0.6194,0.6445,0.7217,0.6511,0.6407,0.7035,0.7332,0.5854,0.6763,0.6834,0.6817,0.0408,0.0311,0.0417,0.0349,0.0405,0.0232,0.0457,0.0007,0.0264,0.0104,0.8835,0.8933,0.9407,0.8981,0.8847,0.9138,0.9830,1.0000,0.9076,1.0000,58.57,199.92,86.16,57.55,67.50,13.14,10.13,262.59,72.21,83.94,0.0000,0.0000,0.0000,0.0000,0.0000,0.0000,0.0000,0.0000,0.0000,0.0000,104304,74663,53998,54750,86225,66964,95775,572442,131417,91336,0,0,0,0,0,0,0,0,0,0,0.0000,0.0000,0.0000,0.0000,0.0000,0.0000,0.1330,0.1648,0.0000,0.0000,0,0,0,0,0,0,0,1,0,0,0,0,0,0,0,0,0,0,0,0,0.1460,0.0942,0.1494,0.0730,0.1121,0.0293,0.0906,0.1244,0.0243,0.1339,0.000,0.000,0.000,0.000,0.000,0.000,0.000,0.158,0.000,0.000,semi-presidential,parliamentary,parliamentary,parliamentary,parliamentary,semi-presidential,semi-presidential,electoral-authoritarian,electoral-authoritarian,parliamentary,0.800,0.800,0.800,0.800,0.800,0.800,0.800,0.500,0.500,0.800,100.0,100.0,100.0,100.0,100.0,34.2,100.0,100.0,100.0,100.0
2032-03-01,0.9883,0.9958,1.0122,0.9854,0.9737,0.9813,1.0058,1.0014,1.0086,1.0124,1.0009,1.0007,1.1451,1.0738,1.1205,0.9856,1.0093,0.9814,1.0402,1.0693,1.0092,1.0126,1.0284,1.0006,3916.13,5543.02,4329.90,2791.48,2228.31,1404.54,202.53,2902.24,2140.46,580.31,1.0387,0.6168,0.9893,1.3162,0.9095,0.3446,1.2768,0.2954,0.1828,-0.6339,0.6479,0.7189,0.6556,0.6480,0.7070,0.7433,0.5982,0.6692,0.6920,0.6709,0.0326,0.0218,0.0276,0.0307,0.0389,0.0154,0.0317,0.0007,0.0185,0.0218,0.9314,0.9376,0.9649,0.9416,0.9329,0.9508,0.9892,1.0000,0.9497,1.0000,59.21,204.68,87.95,60.54,69.99,13.11,10.13,268.51,73.97,85.66,0.0000,0.0000,0.0000,0.0000,0.0000,0.0000,0.0000,0.0000,0.0000,0.0000,104304,74663,53998,54750,86225,66964,95775,572442,131417,91336,0,0,0,0,0,0,0,0,0,0,0.0000,0.0000,0.0000,0.0000,0.0000,0.0000,0.1133,0.1451,0.0000,0.0000,0,0,0,0,0,0,0,1,0,0,0,0,0,0,0,0,0,0,0,0,0.1450,0.0952,0.1497,0.0745,0.1122,0.0295,0.0912,0.1255,0.0244,0.1330,0.000,0.000,0.000,0.000,0.000,0.000,0.000,0.158,0.000,0.000,semi-presidential,parliamentary,parliamentary,parliamentary,parliamentary,semi-presidential,semi-presidential,electoral-authoritarian,electoral-authoritarian,parliamentary,0.800,0.800,0.800,0.800,0.800,0.800,0.800,0.500,0.500,0.800,100.0,100.0,100.0,100.0,100.0,37.3,100.0,100.0,100.0,100.0
2032-04-01,0.9919,0.9984,1.0133,0.9827,0.9803,0.9815,1.0061,1.0031,1.0068,1.0097,0.9998,1.0011,1.0788,1.0499,1.0343,0.9833,1.0166,1.0409,1.0062,1.0625,1.0071,1.0099,1.0000,1.0011,3937.88,5564.95,4340.64,2796.78,2244.22,1406.87,203.28,2910.68,2154.34,580.38,1.0330,0.6145,0.9867,1.3138,0.9031,0.3436,1.2775,0.2959,0.1817,-0.6482,0.6556,0.7368,0.6740,0.6506,0.7047,0.7583,0.6182,0.7012,0.7004,0.6644,0.0178,0.0131,0.0162,0.0193,0.0248,0.0096,0.0267,0.0004,0.0088,0.0178,0.9537,0.9581,0.9762,0.9613,0.9551,0.9675,0.9924,1.0000,0.9678,1.0000,60.93,207.97,89.68,62.09,72.00,13.42,10.24,277.10,75.86,87.15,0.0000,0.0000,0.0000,0.0000,0.0000,0.0000,0.0000,0.0000,0.0000,0.0000,104304,74663,53998,54750,86225,66964,95775,572442,131417,91336,0,0,0,0,0,0,0,0,0,0,0.0000,0.0000,0.0000,0.0000,0.0000,0.0000,0.0936,0.1254,0.0000,0.0000,0,0,0,0,0,0,0,1,0,0,0,0,0,0,0,0,0,0,0,0,0.1440,0.0951,0.1489,0.0745,0.1117,0.0298,0.0914,0.1265,0.0245,0.1334,0.000,0.000,0.000,0.000,0.000,0.000,0.000,0.160,0.000,0.000,semi-presidential,parliamentary,parliamentary,parliamentary,parliamentary,semi-presidential,semi-presidential,electoral-authoritarian,electoral-authoritarian,parliamentary,0.800,0.800,0.800,0.800,0.800,0.800,0.800,0.500,0.500,0.800,100.0,100.0,100.0,100.0,100.0,38.5,100.0,100.0,100.0,100.0
2032-05-01,0.9941,1.0027,1.0139,0.9800,0.9861,0.9821,1.0057,1.0036,1.0038,1.0075,1.0007,1.0022,1.0746,1.1539,1.0773,0.9861,1.0199,0.9932,1.0194,1.0327,1.0042,1.0077,1.0654,1.0024,3958.00,5583.57,4347.31,2805.18,2255.39,1412.09,204.27,2919.24,2169.54,579.42,1.0278,0.6125,0.9852,1.3100,0.8988,0.3410,1.2764,0.2971,0.1806,-0.6637,0.6567,0.7403,0.6836,0.6581,0.7024,0.7536,0.6211,0.7135,0.7019,0.6700,0.0316,0.0235,0.0276,0.0308,0.0381,0.0175,0.0307,0.0005,0.0201,0.0190,0.8721,0.8823,0.9353,0.8870,0.8734,0.9041,0.9827,1.0000,0.8955,1.0000,61.44,208.80,92.77,62.33,72.12,13.56,10.53,277.47,75.59,86.70,0.0000,0.0000,0.0000,0.0000,0.0000,0.0000,0.0000,0.0000,0.0000,0.0000,104304,74663,53998,54750,86225,66964,95775,572442,131417,91336,0,0,0,0,0,0,0,0,0,0,0.0000,0.0000,0.0000,0.0000,0.0000,0.0000,0.0739,0.0971,0.0000,0.0000,0,0,0,0,0,0,0,1,0,0,0,0,0,0,0,0,0,0,0,0,0.1462,0.0963,0.1508,0.0757,0.1132,0.0306,0.0926,0.1276,0.0253,0.1340,0.000,0.000,0.000,0.000,0.000,0.000,0.000,0.159,0.000,0.000,semi-presidential,parliamentary,parliamentary,parliamentary,parliamentary,semi-presidential,semi-presidential,electoral-authoritarian,electoral-authoritarian,parliamentary,0.800,0.800,0.800,0.800,0.800,0.800,0.800,0.500,0.500,0.800,30.0,100.0,100.0,100.0,100.0,41.6,100.0,100.0,100.0,100.0
2032-06-01,0.9964,1.0057,1.0157,0.9799,0.9923,0.9845,1.0068,1.0015,1.0015,1.0065,1.0037,1.0031,1.0177,1.0650,1.0360,1.0186,1.0192,1.0763,1.0668,1.0016,1.0016,1.0066,1.1362,1.0030,3977.68,5600.06,4371.74,2819.99,2263.89,1418.03,204.80,2930.27,2179.68,580.74,1.0227,0.6108,0.9797,1.3031,0.8955,0.3383,1.2779,0.2974,0.1799,-0.6766,0.6653,0.7372,0.6841,0.6643,0.7179,0.7442,0.6326,0.7182,0.6999,0.6765,0.0177,0.0128,0.0288,0.0215,0.0213,0.0074,0.0190,0.0008,0.0073,0.0181,0.9478,0.9527,0.9733,0.9561,0.9492,0.9631,0.9918,1.0000,0.9632,1.0000,62.26,205.95,88.50,60.40,71.46,13.50,10.23,282.36,76.41,87.55,0.0000,0.0000,0.0000,0.0000,0.0000,0.0000,0.0000,0.0000,0.0000,0.0000,104304,74663,53998,54750,86225,66964,95775,572442,131417,91336,0,0,0,0,0,0,0,0,0,0,0.0000,0.0000,0.0000,0.0000,0.0000,0.0000,0.0542,0.0774,0.0000,0.0000,0,0,0,0,0,0,0,1,0,0,0,0,0,0,0,0,0,0,0,0,0.1471,0.0957,0.1560,0.0745,0.1145,0.0310,0.0936,0.1284,0.0265,0.1387,0.000,0.000,0.000,0.000,0.000,0.000,0.000,0.159,0.000,0.000,semi-presidential,parliamentary,parliamentary,parliamentary,parliamentary,semi-presidential,semi-presidential,electoral-authoritarian,electoral-authoritarian,parliamentary,0.800,0.800,0.800,0.800,0.800,0.800,0.800,0.500,0.500,0.800,32.9,100.0,100.0,100.0,100.0,44.8,100.0,100.0,100.0,100.0
2032-07-01,0.9976,1.0063,1.0152,0.9797,0.9964,0.9878,1.0069,1.0007,1.0020,1.0062,1.0044,1.0025,1.0341,1.0384,1.0157,1.0005,1.0273,1.1114,1.0071,1.0009,1.0097,1.0062,1.0045,1.0025,3988.03,5597.87,4384.59,2829.04,2271.89,1421.68,205.58,2930.29,2189.35,580.79,1.0200,0.6112,0.9768,1.2990,0.8925,0.3362,1.2776,0.2987,0.1792,-0.6910,0.6665,0.7553,0.6938,0.6764,0.7300,0.7506,0.6345,0.7358,0.7102,0.6851,0.0086,0.0084,0.0194,0.0131,0.0152,0.0061,0.0189,0.0003,0.0048,0.0115,0.9713,0.9742,0.9852,0.9764,0.9722,0.9803,0.9952,1.0000,0.9811,1.0000,62.76,209.60,92.24,63.40,73.04,13.45,10.44,284.78,77.42,88.17,0.0000,0.0000,0.0000,0.0000,0.0000,0.0000,0.0000,0.0000,0.0000,0.0000,104304,74663,53998,54750,86225,66964,95775,572442,131417,91336,0,0,0,0,0,0,0,0,0,0,0.0000,0.0000,0.0000,0.0000,0.0000,0.0000,0.0345,0.0577,0.0000,0.0000,0,0,0,0,0,0,0,1,0,0,0,0,0,0,0,0,0,0,0,0,0.1349,0.0906,0.1426,0.0698,0.1041,0.0294,0.0918,0.1261,0.0238,0.1351,0.000,0.000,0.000,0.000,0.000,0.000,0.000,0.159,0.000,0.000,semi-presidential,parliamentary,parliamentary,parliamentary,parliamentary,semi-presidential,semi-presidential,electoral-authoritarian,electoral-authoritarian,parliamentary,0.800,0.800,0.800,0.800,0.800,0.800,0.800,0.500,0.500,0.800,35.8,100.0,100.0,100.0,100.0,47.9,100.0,100.0,100.0,100.0
2032-08-01,0.9974,1.0083,1.0146,0.9794,0.9996,0.9918,1.0065,1.0008,1.0011,1.0038,1.0026,1.0006,0.9975,1.0576,1.0254,1.0008,1.0186,1.1596,1.0065,1.0113,1.0015,1.0041,1.0030,1.0009,3996.97,5596.57,4381.56,2831.85,2276.21,1436.05,206.54,2949.75,2196.87,583.13,1.0179,0.6116,0.9775,1.2977,0.8910,0.3303,1.2759,0.2981,0.1787,-0.7026,0.6656,0.7525,0.6776,0.6787,0.7156,0.7497,0.6552,0.7330,0.7233,0.6900,0.0105,0.0095,0.0204,0.0123,0.0136,0.0064,0.0072,0.0001,0.0053,0.0072,0.9563,0.9606,0.9776,0.9638,0.9575,0.9697,0.9929,1.0000,0.9704,1.0000,62.97,209.56,92.44,63.52,73.04,14.13,10.42,284.49,77.41,88.65,0.0000,0.0000,0.0000,0.0000,0.0000,0.0000,0.0000,0.0000,0.0000,0.0000,104304,74663,53998,54750,86225,66964,95775,572442,131417,91336,0,0,0,0,0,0,0,0,0,0,0.0000,0.0000,0.0000,0.0000,0.0000,0.0000,0.0148,0.0380,0.0000,0.0000,0,0,0,0,0,0,0,1,0,0,0,0,0,0,0,0,0,0,0,0,0.1361,0.0906,0.1440,0.0699,0.1050,0.0290,0.0916,0.1252,0.0233,0.1359,0.000,0.000,0.000,0.000,0.000,0.000,0.000,0.161,0.000,0.000,semi-presidential,parliamentary,parliamentary,parliamentary,parliamentary,semi-presidential,semi-presidential,electoral-authoritarian,electoral-authoritarian,parliamentary,0.800,0.800,0.800,0.800,0.800,0.800,0.800,0.500,0.500,0.800,38.8,100.0,100.0,100.0,100.0,54.2,100.0,100.0,100.0,100.0
2032-09-01,0.9965,1.0103,1.0144,0.9801,0.9999,0.9976,1.0071,1.0023,0.9992,1.0014,0.9999,0.9987,0.9967,1.0508,1.1117,1.0024,0.9999,1.1756,1.0417,1.0023,0.9993,1.0015,1.0000,0.9990,4002.45,5592.04,4378.64,2835.28,2291.91,1448.08,207.33,2953.09,2208.61,582.93,1.0166,0.6124,0.9782,1.2961,0.8850,0.3263,1.2749,0.2991,0.1779,-0.7173,0.6612,0.7418,0.6519,0.6698,0.7102,0.7482,0.6643,0.7011,0.7166,0.6903,0.0159,0.0117,0.0244,0.0143,0.0143,0.0058,0.0080,0.0002,0.0080,0.0028,0.9638,0.9675,0.9814,0.9702,0.9650,0.9752,0.9940,1.0000,0.9761,1.0000,63.06,208.85,92.63,63.73,73.58,14.43,10.53,284.45,76.92,88.70,0.0000,0.0000,0.0000,0.0000,0.0000,0.0000,0.0000,0.0000,0.0000,0.0000,104304,74663,53998,54750,86225,66964,95775,572442,131417,91336,0,0,0,0,0,0,0,0,0,0,0.0000,0.0000,0.0000,0.0000,0.0000,0.0000,0.0000,0.0183,0.0000,0.0000,0,0,0,0,0,0,0,1,0,0,0,0,0,0,0,0,0,0,0,0,0.1356,0.0895,0.1428,0.0688,0.1040,0.0280,0.0895,0.1243,0.0222,0.1369,0.000,0.000,0.000,0.000,0.000,0.000,0.000,0.162,0.000,0.000,semi-presidential,parliamentary,parliamentary,parliamentary,parliamentary,semi-presidential,semi-presidential,electoral-authoritarian,electoral-authoritarian,parliamentary,0.800,0.800,0.800,0.800,0.800,0.800,0.800,0.500,0.500,0.800,41.6,100.0,100.0,100.0,100.0,57.3,100.0,100.0,100.0,100.0
2032-10-01,0.9950,1.0101,1.0186,0.9812,0.9991,1.0007,1.0090,1.0044,1.0001,1.0005,0.9993,0.9948,0.9950,1.0101,1.2195,1.0236,0.9994,1.0306,1.0591,1.0899,1.0297,1.0005,1.0289,0.9952,3997.20,5600.07,4369.69,2841.68,2288.55,1454.66,207.44,2962.42,2219.78,585.16,1.0180,0.6117,0.9802,1.2932,0.8864,0.3237,1.2777,0.2996,0.1771,-0.7290,0.6383,0.7356,0.6237,0.6650,0.6894,0.7422,0.6689,0.6949,0.7163,0.6929,0.0207,0.0105,0.0327,0.0221,0.0190,0.0004,0.0146,0.0020,0.0091,0.0128,1.0000,1.0000,1.0000,1.0000,1.0000,1.0000,1.0000,1.0000,1.0000,1.0000,62.40,203.43,87.48,60.00,70.70,14.87,10.20,278.63,75.60,88.35,0.0000,0.0000,0.0000,0.0000,0.0000,0.0000,0.0000,0.0000,0.0000,0.0000,104304,74663,53998,54750,86225,66964,95775,572442,131417,91336,0,0,0,0,0,0,0,0,0,0,0.0000,0.0000,0.0000,0.0000,0.0000,0.0000,0.0000,0.0000,0.0000,0.0000,0,0,0,0,0,0,0,1,0,0,0,0,0,0,0,0,0,0,0,0,0.0944,0.0662,0.0936,0.0435,0.0683,0.0218,0.0791,0.1166,0.0137,0.1395,0.000,0.000,0.000,0.000,0.000,0.000,0.000,0.166,0.000,0.000,semi-presidential,parliamentary,parliamentary,parliamentary,parliamentary,semi-presidential,semi-presidential,electoral-authoritarian,electoral-authoritarian,parliamentary,0.836,0.800,0.800,0.800,0.800,0.800,0.800,0.500,0.500,0.800,32.6,100.0,100.0,100.0,100.0,60.4,100.0,100.0,100.0,100.0
2032-11-01,0.9940,1.0097,1.0222,0.9828,0.9983,1.0009,1.0080,1.0071,0.9997,1.0006,1.0010,0.9899,0.9942,1.0098,1.0993,1.0152,0.9984,1.0011,1.0082,1.0556,1.0001,1.0114,1.0575,0.9904,3979.89,5599.44,4346.20,2838.43,2282.78,1458.31,207.32,2972.61,2230.22,585.77,1.0226,0.6120,0.9855,1.2947,0.8887,0.3217,1.2816,0.2999,0.1764,-0.7427,0.6196,0.7065,0.5768,0.6490,0.6579,0.7432,0.6534,0.6969,0.7138,0.6947,0.0094,0.0043,0.0203,0.0103,0.0079,0.0000,0.0103,0.0005,0.0030,0.0068,1.0000,1.0000,1.0000,1.0000,1.0000,1.0000,1.0000,1.0000,1.0000,1.0000,62.13,207.51,90.84,61.90,71.83,15.22,10.33,280.43,76.69,88.93,0.0000,0.0000,0.0000,0.0000,0.0000,0.0000,0.0000,0.0000,0.0000,0.0000,104304,74663,53998,54750,86225,66964,95775,572442,131417,91336,0,0,0,0,0,0,0,0,0,0,0.0000,0.0000,0.0000,0.0000,0.0000,0.0000,0.0000,0.0000,0.0000,0.0000,0,0,0,0,0,0,0,1,0,0,0,0,0,0,0,0,0,0,0,0,0.1141,0.0749,0.1151,0.0530,0.0833,0.0221,0.0812,0.1166,0.0195,0.1394,0.000,0.000,0.000,0.000,0.000,0.000,0.000,0.170,0.000,0.000,semi-presidential,parliamentary,parliamentary,parliamentary,parliamentary,semi-presidential,semi-presidential,electoral-authoritarian,electoral-authoritarian,parliamentary,0.827,0.800,0.800,0.800,0.800,0.800,0.800,0.500,0.500,0.800,35.3,100.0,100.0,100.0,100.0,63.5,100.0,100.0,100.0,100.0
2032-12-01,0.9940,1.0104,1.0242,0.9833,0.9979,0.9958,1.0041,1.0079,0.9986,0.9997,1.0027,0.9877,1.0180,1.0846,1.0954,1.0248,0.9979,0.9969,1.0045,1.0130,0.9986,0.9998,1.0383,0.9884,3981.53,5596.45,4350.95,2841.18,2283.19,1464.56,207.57,2974.77,2241.40,587.96,1.0223,0.6126,0.9846,1.2935,0.8886,0.3193,1.2832,0.3010,0.1756,-0.7544,0.6159,0.7009,0.5660,0.6396,0.6519,0.7398,0.6453,0.6880,0.7072,0.7048,0.0168,0.0145,0.0232,0.0209,0.0161,0.0075,0.0240,0.0002,0.0100,0.0029,0.9347,0.9410,0.9667,0.9450,0.9362,0.9539,0.9898,1.0000,0.9535,1.0000,63.14,207.14,90.43,61.92,73.04,15.31,10.52,286.32,77.97,89.03,0.0000,0.0000,0.0000,0.0000,0.0000,0.0000,0.0000,0.0000,0.0000,0.0000,104304,74663,53998,54750,86225,66964,95775,572442,131417,91336,0,0,0,0,0,0,0,0,0,0,0.0000,0.0000,0.0000,0.0000,0.0000,0.0000,0.0000,0.0000,0.0000,0.0000,0,0,0,0,0,0,0,1,0,0,0,0,0,0,0,0,0,0,0,0,0.1163,0.0752,0.1176,0.0578,0.0898,0.0213,0.0821,0.1184,0.0189,0.1394,0.000,0.000,0.000,0.000,0.000,0.000,0.000,0.172,0.000,0.000,semi-presidential,parliamentary,parliamentary,parliamentary,parliamentary,semi-presidential,semi-presidential,electoral-authoritarian,electoral-authoritarian,parliamentary,0.817,0.800,0.800,0.800,0.800,0.800,0.800,0.500,0.500,0.800,37.9,100.0,100.0,100.0,100.0,66.6,100.0,100.0,100.0,100.0
2033-01-01,0.9945,1.0108,1.0239,0.9843,1.0005,0.9889,1.0014,1.0073,0.9983,0.9982,1.0021,0.9838,0.9947,1.0108,1.0240,1.0052,1.0255,0.9900,1.0018,1.0075,0.9982,0.9985,1.0023,0.9842,3974.60,5579.14,4341.62,2836.89,2280.63,1466.99,207.45,2976.01,2248.08,588.34,1.0243,0.6148,0.9869,1.2956,0.8896,0.3177,1.2870,0.3023,0.1752,-0.7683,0.6149,0.6930,0.5681,0.6376,0.6500,0.7222,0.6400,0.6825,0.7026,0.7108,0.0000,0.0003,0.0121,0.0053,0.0060,0.0000,0.0057,0.0000,0.0000,0.0091,1.0000,1.0000,1.0000,1.0000,1.0000,1.0000,1.0000,1.0000,1.0000,1.0000,62.99,210.22,93.14,64.19,73.81,15.13,10.50,287.33,78.78,89.61,0.0000,0.0000,0.0000,0.0000,0.0000,0.0000,0.0000,0.0000,0.0000,0.0000,104304,74663,53998,54750,86225,66964,95775,572442,131417,91336,0,0,0,0,0,0,0,0,0,0,0.0000,0.0000,0.0000,0.0000,0.0000,0.0000,0.0000,0.0000,0.0000,0.0000,0,0,0,0,0,0,0,1,0,0,0,0,0,0,0,0,0,0,0,0,0.1066,0.0706,0.1073,0.0533,0.0813,0.0189,0.0798,0.1149,0.0159,0.1376,0.000,0.000,0.000,0.000,0.000,0.000,0.000,0.177,0.000,0.000,semi-presidential,parliamentary,parliamentary,parliamentary,parliamentary,semi-presidential,semi-presidential,electoral-authoritarian,electoral-authoritarian,parliamentary,0.807,0.800,0.800,0.800,0.800,0.800,0.800,0.500,0.500,0.800,40.5,100.0,100.0,100.0,100.0,69.6,100.0,100.0,100.0,100.0
2033-02-01,0.9948,1.0114,1.0230,0.9847,0.9997,0.9840,0.9995,1.0079,1.0000,0.9978,1.0013,0.9811,1.0891,1.0488,1.0614,1.0147,1.0192,1.0363,1.0012,1.0621,1.0665,1.0037,1.0026,0.9815,3958.23,5568.10,4331.32,2842.33,2282.38,1473.04,206.14,2976.21,2259.63,588.50,1.0288,0.6160,0.9894,1.2929,0.8888,0.3154,1.2971,0.3039,0.1745,-0.7834,0.6064,0.6852,0.5617,0.6291,0.6392,0.7216,0.5874,0.6974,0.7179,0.7019,0.0152,0.0129,0.0247,0.0206,0.0196,0.0010,0.0888,0.0035,0.0139,0.0124,0.9718,0.9716,0.9856,0.9718,0.9730,0.9947,0.9748,1.0000,0.9658,1.0000,60.98,204.28,89.14,61.32,71.58,15.72,5.56,276.37,77.20,89.89,0.0000,0.0000,0.0000,0.0000,0.0000,0.0000,0.4556,0.0433,0.0000,0.0000,104304,74663,53998,54750,86225,66964,95775,572442,131417,91336,0,0,0,0,0,0,0,0,0,0,0.0000,0.0000,0.0000,0.0000,0.0000,0.0000,0.0076,0.0023,0.0000,0.0000,0,0,0,0,0,0,0,1,0,0,0,0,0,0,0,0,1,1,0,0,0.1130,0.0719,0.1174,0.0553,0.0863,0.0178,0.0652,0.1099,0.0153,0.1368,0.000,0.000,0.000,0.000,0.000,0.000,0.000,0.180,0.000,0.000,semi-presidential,parliamentary,parliamentary,parliamentary,parliamentary,semi-presidential,semi-presidential,electoral-authoritarian,electoral-authoritarian,parliamentary,0.800,0.800,0.800,0.800,0.800,0.800,0.800,0.500,0.500,0.800,43.0,100.0,100.0,100.0,100.0,72.5,100.0,100.0,100.0,100.0
2033-03-01,0.9962,1.0142,1.0208,0.9851,0.9972,0.9805,0.9972,1.0079,1.0013,0.9981,1.0033,0.9811,1.0745,1.1038,1.0592,1.0198,1.0168,1.0322,0.9988,1.0093,1.0204,1.0201,1.0611,0.9812,3958.13,5555.41,4342.56,2843.09,2285.66,1477.05,204.85,2985.94,2262.85,587.21,1.0290,0.6172,0.9869,1.2925,0.8873,0.3137,1.3076,0.3042,0.1743,-0.7992,0.6026,0.6684,0.5828,0.6207,0.6409,0.7150,0.5356,0.6735,0.7090,0.7031,0.0205,0.0191,0.0267,0.0264,0.0232,0.0057,0.0589,0.0017,0.0158,0.0096,0.9238,0.9267,0.9635,0.9310,0.9280,0.9590,0.9741,1.0000,0.9387,1.0000,60.54,203.42,88.50,60.50,70.61,15.86,5.41,273.62,77.30,89.95,0.0000,0.0000,0.0000,0.0000,0.0000,0.0000,0.4551,0.0424,0.0000,0.0000,104304,74663,53998,54750,86225,66964,95775,572442,131417,91336,0,0,0,0,0,0,0,0,0,0,0.0000,0.0000,0.0000,0.0000,0.0000,0.0000,0.0168,0.0115,0.0000,0.0000,0,0,0,0,0,0,0,1,0,0,0,0,0,0,0,0,1,1,0,0,0.1348,0.0811,0.1425,0.0659,0.1040,0.0239,0.0673,0.1085,0.0179,0.1372,0.000,0.000,0.000,0.000,0.000,0.000,0.000,0.182,0.000,0.000,semi-presidential,parliamentary,parliamentary,parliamentary,parliamentary,semi-presidential,semi-presidential,electoral-authoritarian,electoral-authoritarian,parliamentary,0.800,0.800,0.800,0.800,0.800,0.800,0.800,0.500,0.500,0.800,45.6,100.0,100.0,100.0,100.0,75.5,100.0,100.0,100.0,100.0
2033-04-01,0.9968,1.0175,1.0175,0.9843,0.9928,0.9791,0.9963,1.0051,1.0013,0.9994,1.0028,0.9810,1.0744,1.0713,1.0539,1.0039,1.0124,1.0291,0.9981,1.0072,1.0239,1.0157,1.0046,0.9812,3966.28,5547.53,4349.22,2844.98,2287.57,1483.12,203.76,2987.73,2267.20,586.48,1.0272,0.6182,0.9856,1.2917,0.8865,0.3115,1.3170,0.3052,0.1741,-0.8142,0.6083,0.6847,0.6094,0.6243,0.6440,0.7200,0.4953,0.6774,0.6886,0.7028,0.0139,0.0128,0.0210,0.0174,0.0176,0.0023,0.0571,0.0015,0.0130,0.0069,0.9571,0.9576,0.9789,0.9594,0.9595,0.9832,0.9749,1.0000,0.9579,1.0000,61.05,206.12,90.73,62.90,71.90,15.63,5.57,276.96,78.06,90.29,0.0000,0.0000,0.0000,0.0000,0.0000,0.0000,0.4553,0.0424,0.0000,0.0000,104304,74663,53998,54750,86225,66964,95775,572442,131417,91336,0,0,0,0,0,0,0,0,0,0,0.0000,0.0000,0.0000,0.0000,0.0000,0.0000,0.0260,0.0207,0.0000,0.0000,0,0,0,0,0,0,0,1,0,0,0,0,0,0,0,0,1,1,0,0,0.1341,0.0816,0.1424,0.0670,0.1037,0.0236,0.0644,0.1080,0.0176,0.1349,0.000,0.000,0.000,0.000,0.000,0.000,0.000,0.183,0.000,0.000,semi-presidential,parliamentary,parliamentary,parliamentary,parliamentary,semi-presidential,semi-presidential,electoral-authoritarian,electoral-authoritarian,parliamentary,0.800,0.800,0.800,0.800,0.800,0.800,0.800,0.500,0.500,0.800,48.2,32.6,100.0,100.0,100.0,78.4,100.0,100.0,100.0,100.0
2033-05-01,0.9993,1.0193,1.0161,0.9833,0.9920,0.9800,0.9967,1.0011,1.0022,0.9986,1.0012,0.9827,1.1159,1.0496,1.1039,1.0031,1.0245,1.0377,1.0722,1.0032,1.0227,1.0021,1.0028,0.9831,3966.76,5552.62,4364.36,2854.47,2296.98,1488.15,202.50,2994.62,2278.09,586.68,1.0272,0.6179,0.9820,1.2874,0.8829,0.3096,1.3275,0.3058,0.1734,-0.8280,0.6225,0.6854,0.6341,0.6354,0.6597,0.7267,0.4520,0.6534,0.6835,0.7005,0.0189,0.0137,0.0284,0.0226,0.0253,0.0016,0.0983,0.0018,0.0143,0.0162,0.9784,0.9780,0.9887,0.9775,0.9788,1.0000,0.9754,1.0000,0.9697,1.0000,60.91,204.56,89.18,62.46,71.90,15.11,5.43,278.01,78.42,89.81,0.0000,0.0000,0.0000,0.0000,0.0000,0.0000,0.4558,0.0433,0.0000,0.0000,104304,74663,53998,54750,86225,66964,95775,572442,131417,91336,0,0,0,0,0,0,0,0,0,0,0.0000,0.0000,0.0000,0.0000,0.0000,0.0000,0.0352,0.0299,0.0000,0.0000,0,0,0,0,0,0,0,1,0,0,0,0,0,0,0,0,1,1,0,0,0.1358,0.0821,0.1436,0.0677,0.1049,0.0246,0.0717,0.1128,0.0187,0.1356,0.000,0.000,0.000,0.000,0.000,0.000,0.000,0.182,0.000,0.000,semi-presidential,parliamentary,parliamentary,parliamentary,parliamentary,semi-presidential,semi-presidential,electoral-authoritarian,electoral-authoritarian,parliamentary,0.800,0.800,0.800,0.800,0.800,0.800,0.800,0.500,0.500,0.800,50.8,35.3,100.0,100.0,100.0,81.4,100.0,100.0,100.0,100.0
2033-06-01,1.0028,1.0195,1.0150,0.9822,0.9942,0.9818,0.9984,0.9982,1.0025,0.9977,0.9999,0.9850,1.1750,1.0496,1.0535,1.0048,1.0273,1.0322,1.0133,0.9997,1.0352,1.0116,1.0014,0.9853,3978.97,5555.71,4379.87,2860.64,2304.17,1491.75,201.77,3004.61,2287.34,586.82,1.0243,0.6177,0.9784,1.2846,0.8802,0.3079,1.3352,0.3083,0.1729,-0.8418,0.6327,0.6952,0.6479,0.6340,0.6689,0.7280,0.4279,0.6728,0.7090,0.6928,0.0176,0.0160,0.0250,0.0231,0.0251,0.0047,0.0976,0.0020,0.0144,0.0130,0.9786,0.9781,0.9889,0.9777,0.9793,1.0000,0.9778,1.0000,0.9702,1.0000,60.00,201.71,86.88,60.87,70.41,14.76,5.39,274.08,78.38,88.95,0.0000,0.0000,0.0000,0.0000,0.0000,0.0000,0.4557,0.0433,0.0000,0.0000,104304,74663,53998,54750,86225,66964,95775,572442,131417,91336,0,0,0,0,0,0,0,0,0,0,0.0000,0.0000,0.0000,0.0000,0.0000,0.0000,0.0467,0.0414,0.0000,0.0000,0,0,0,0,0,0,0,1,0,0,0,0,0,0,0,0,1,1,0,0,0.1379,0.0834,0.1456,0.0689,0.1069,0.0259,0.0739,0.1131,0.0204,0.1366,0.000,0.000,0.000,0.000,0.000,0.000,0.000,0.180,0.000,0.000,semi-presidential,parliamentary,parliamentary,parliamentary,parliamentary,semi-presidential,semi-presidential,electoral-authoritarian,electoral-authoritarian,parliamentary,0.800,0.800,0.800,0.800,0.800,0.800,0.800,0.500,0.500,0.800,53.6,38.0,100.0,100.0,100.0,84.4,100.0,100.0,100.0,100.0
2033-07-01,1.0060,1.0181,1.0118,0.9810,0.9955,0.9819,1.0004,0.9949,1.0041,0.9990,0.9995,0.9836,1.1070,1.0469,1.0484,1.0007,1.0303,1.0310,1.0684,0.9966,1.0307,1.0034,1.0010,0.9837,4001.21,5540.61,4382.04,2864.38,2306.15,1493.28,201.69,3004.86,2289.69,587.78,1.0188,0.6196,0.9779,1.2830,0.8794,0.3067,1.3380,0.3095,0.1727,-0.8545,0.6422,0.6968,0.6431,0.6310,0.6727,0.7344,0.4240,0.6816,0.7160,0.6906,0.0136,0.0106,0.0243,0.0182,0.0209,0.0007,0.0965,0.0019,0.0117,0.0159,0.9795,0.9790,0.9893,0.9787,0.9801,1.0000,0.9776,1.0000,0.9715,1.0000,62.00,203.61,86.91,62.07,71.99,14.56,5.46,282.08,79.64,89.93,0.0000,0.0000,0.0000,0.0000,0.0000,0.0000,0.4544,0.0413,0.0000,0.0000,104304,74663,53998,54750,86225,66964,95775,572442,131417,91336,0,0,0,0,0,0,0,0,0,0,0.0000,0.0000,0.0000,0.0000,0.0000,0.0000,0.0559,0.0506,0.0000,0.0000,0,0,0,0,0,0,0,1,0,0,0,0,0,0,0,0,1,1,0,0,0.1215,0.0747,0.1238,0.0588,0.0907,0.0233,0.0716,0.1118,0.0168,0.1348,0.000,0.000,0.000,0.000,0.000,0.000,0.000,0.182,0.000,0.000,semi-presidential,parliamentary,parliamentary,parliamentary,parliamentary,semi-presidential,semi-presidential,electoral-authoritarian,electoral-authoritarian,parliamentary,0.800,0.800,0.800,0.800,0.800,0.800,0.800,0.500,0.500,0.800,56.3,40.7,100.0,100.0,100.0,87.5,100.0,100.0,100.0,100.0
2033-08-01,1.0084,1.0179,1.0119,0.9790,0.9976,0.9838,0.9996,0.9933,1.0028,0.9977,0.9993,0.9814,1.0878,1.0471,1.1168,0.9986,1.0394,1.0416,1.0013,0.9949,1.0159,1.0032,1.0241,0.9817,4002.93,5531.10,4362.52,2868.78,2310.32,1498.97,201.17,3005.44,2308.33,587.29,1.0182,0.6209,0.9823,1.2811,0.8778,0.3046,1.3436,0.3109,0.1715,-0.8693,0.6354,0.6990,0.6269,0.6271,0.6741,0.7291,0.4417,0.6781,0.6718,0.6886,0.0165,0.0124,0.0275,0.0236,0.0252,0.0001,0.0552,0.0012,0.0136,0.0172,0.9794,0.9788,0.9892,0.9785,0.9801,1.0000,0.9781,1.0000,0.9711,1.0000,61.12,201.21,84.31,60.89,71.26,14.35,5.43,277.02,78.65,90.23,0.0000,0.0000,0.0000,0.0000,0.0000,0.0000,0.4557,0.0434,0.0000,0.0000,104304,74663,53998,54750,86225,66964,95775,572442,131417,91336,0,0,0,0,0,0,0,0,0,0,0.0000,0.0000,0.0000,0.0000,0.0000,0.0000,0.0651,0.0621,0.0000,0.0000,0,0,0,0,0,0,0,1,0,0,0,0,0,0,0,0,1,1,0,0,0.1202,0.0734,0.1224,0.0574,0.0894,0.0220,0.0706,0.1102,0.0157,0.1352,0.000,0.000,0.000,0.000,0.000,0.000,0.000,0.184,0.000,0.000,semi-presidential,parliamentary,parliamentary,parliamentary,parliamentary,semi-presidential,semi-presidential,electoral-authoritarian,electoral-authoritarian,parliamentary,0.800,0.800,0.800,0.800,0.800,0.800,0.800,0.500,0.500,0.800,59.1,43.4,100.0,100.0,100.0,90.5,100.0,100.0,100.0,100.0
2033-09-01,1.0094,1.0171,1.0139,0.9763,1.0020,0.9860,0.9968,0.9924,1.0008,0.9974,0.9993,0.9806,1.0976,1.0470,1.1514,0.9768,1.0427,1.0364,0.9988,0.9938,1.0133,1.0040,1.0102,0.9808,4013.53,5535.15,4371.85,2877.05,2307.78,1505.49,200.97,3015.59,2316.37,587.72,1.0155,0.6207,0.9803,1.2775,0.8788,0.3024,1.3474,0.3110,0.1710,-0.8828,0.6365,0.6927,0.6305,0.6292,0.6651,0.7257,0.4512,0.6618,0.6614,0.6885,0.0183,0.0133,0.0184,0.0257,0.0270,0.0000,0.0776,0.0011,0.0150,0.0169,0.9786,0.9781,0.9888,0.9777,0.9791,1.0000,0.9770,1.0000,0.9701,1.0000,61.82,200.83,83.95,61.77,72.05,14.18,5.51,282.57,79.75,90.08,0.0000,0.0000,0.0000,0.0000,0.0000,0.0000,0.4559,0.0430,0.0000,0.0000,104304,74663,53998,54750,86225,66964,95775,572442,131417,91336,0,0,0,0,0,0,0,0,0,0,0.0000,0.0000,0.0000,0.0000,0.0000,0.0000,0.0766,0.0713,0.0000,0.0000,0,0,0,0,0,0,0,1,0,0,0,0,0,0,0,0,1,1,0,0,0.1374,0.0800,0.1422,0.0657,0.1032,0.0225,0.0718,0.1128,0.0174,0.1345,0.000,0.000,0.000,0.000,0.000,0.000,0.000,0.185,0.000,0.000,semi-presidential,parliamentary,parliamentary,parliamentary,parliamentary,semi-presidential,semi-presidential,electoral-authoritarian,electoral-authoritarian,parliamentary,0.800,0.800,0.800,0.800,0.800,0.800,0.800,0.500,0.500,0.800,61.8,46.1,100.0,100.0,100.0,93.5,100.0,100.0,100.0,100.0
2033-10-01,1.0101,1.0172,1.0167,0.9751,1.0060,0.9842,0.9958,0.9907,0.9993,0.9976,0.9996,0.9821,1.0932,1.0470,1.1557,1.0069,1.0492,1.0352,0.9998,1.0025,1.0114,1.0015,1.0011,0.9826,4016.91,5539.30,4379.47,2879.38,2317.79,1510.91,200.32,3016.77,2324.74,587.80,1.0147,0.6204,0.9786,1.2805,0.8750,0.3004,1.3536,0.3121,0.1705,-0.8925,0.6377,0.6999,0.6482,0.6379,0.6699,0.7299,0.4837,0.6461,0.6841,0.6855,0.0186,0.0150,0.0299,0.0298,0.0278,0.0000,0.0696,0.0011,0.0150,0.0188,0.9787,0.9783,0.9889,0.9778,0.9792,1.0000,0.9771,1.0000,0.9702,1.0000,61.58,200.17,84.41,61.27,71.47,14.02,5.30,281.35,79.60,89.79,0.0000,0.0000,0.0000,0.0000,0.0000,0.0000,0.4542,0.0427,0.0000,0.0000,104304,74663,53998,54750,86225,66964,95775,572442,131417,91336,0,0,0,0,0,0,0,0,0,0,0.0000,0.0000,0.0000,0.0000,0.0000,0.0000,0.0858,0.0805,0.0000,0.0000,0,0,0,0,0,0,0,1,0,0,0,0,0,0,0,0,1,1,0,0,0.1398,0.0806,0.1432,0.0664,0.1047,0.0234,0.0730,0.1134,0.0185,0.1380,0.000,0.000,0.000,0.000,0.000,0.000,0.000,0.184,0.000,0.000,semi-presidential,parliamentary,parliamentary,parliamentary,parliamentary,semi-presidential,semi-presidential,electoral-authoritarian,electoral-authoritarian,parliamentary,0.800,0.800,0.800,0.800,0.800,0.800,0.800,0.500,0.500,0.800,64.6,48.8,100.0,97.1,100.0,96.5,100.0,100.0,100.0,100.0
2033-11-01,1.0109,1.0171,1.0160,0.9771,1.0116,0.9840,0.9963,0.9908,1.0011,0.9996,1.0002,0.9847,1.0857,1.0498,1.0517,1.0247,1.0589,1.0328,0.9990,0.9981,1.0744,1.0468,1.0121,0.9851,4018.21,5541.05,4387.02,2875.29,2327.38,1518.14,200.35,3025.57,2336.67,588.29,1.0143,0.6204,0.9769,1.2823,0.8715,0.2982,1.3554,0.3127,0.1698,-0.9059,0.6430,0.6964,0.6583,0.6436,0.6795,0.7364,0.4979,0.6539,0.6929,0.6851,0.0117,0.0130,0.0245,0.0323,0.0234,0.0004,0.0607,0.0037,0.0129,0.0208,0.9757,0.9755,0.9875,0.9754,0.9765,0.9968,0.9770,1.0000,0.9693,1.0000,61.31,195.73,79.52,59.12,69.53,14.20,5.04,279.95,80.00,89.12,0.0000,0.0000,0.0000,0.0000,0.0000,0.0000,0.4530,0.0405,0.0000,0.0000,104304,74663,53998,54750,86225,66964,95775,572442,131417,91336,0,0,0,0,0,0,0,0,0,0,0.0000,0.0000,0.0000,0.0000,0.0000,0.0000,0.0973,0.0920,0.0000,0.0000,0,0,0,0,0,0,0,1,0,0,0,0,0,0,0,0,1,1,0,0,0.1416,0.0810,0.1449,0.0663,0.1065,0.0248,0.0747,0.1136,0.0203,0.1395,0.000,0.000,0.000,0.000,0.000,0.000,0.000,0.183,0.000,0.000,semi-presidential,parliamentary,parliamentary,parliamentary,parliamentary,semi-presidential,semi-presidential,electoral-authoritarian,electoral-authoritarian,parliamentary,0.800,0.800,0.800,0.800,0.800,0.800,0.800,0.500,0.500,0.800,67.4,51.5,100.0,100.0,100.0,99.5,100.0,100.0,100.0,100.0
2033-12-01,1.0112,1.0163,1.0161,0.9793,1.0148,0.9868,0.9959,0.9900,1.0028,1.0018,0.9999,0.9890,1.0840,1.0443,1.1104,1.0204,1.0482,1.0818,1.0238,1.0075,1.0362,1.0468,1.0012,0.9900,4030.87,5544.59,4406.77,2881.27,2337.22,1525.93,199.72,3030.11,2347.59,590.84,1.0112,0.6202,0.9726,1.2797,0.8729,0.2958,1.3612,0.3134,0.1691,-0.9137,0.6527,0.7038,0.6635,0.6412,0.6904,0.7435,0.5007,0.6439,0.7019,0.7204,0.0168,0.0148,0.0279,0.0306,0.0236,0.0006,0.0578,0.0023,0.0136,0.0166,0.9803,0.9797,0.9897,0.9794,0.9809,1.0000,0.9779,1.0000,0.9723,1.0000,60.62,195.31,79.65,58.11,68.79,14.28,5.01,274.63,79.21,89.61,0.0000,0.0000,0.0000,0.0000,0.0000,0.0000,0.4532,0.0407,0.0000,0.0000,104304,74663,53998,54750,86225,66964,95775,572442,131417,91336,0,0,0,0,0,0,0,0,0,0,0.0000,0.0000,0.0000,0.0000,0.0000,0.0000,0.1065,0.1012,0.0000,0.0000,0,0,0,0,0,0,0,1,0,0,0,0,0,0,0,0,1,1,0,0,0.1456,0.0884,0.1489,0.0698,0.1103,0.0278,0.0779,0.1157,0.0234,0.1400,0.000,0.000,0.000,0.000,0.000,0.000,0.000,0.179,0.000,0.000,semi-presidential,parliamentary,parliamentary,parliamentary,parliamentary,semi-presidential,semi-presidential,electoral-authoritarian,electoral-authoritarian,parliamentary,0.800,0.800,0.800,0.800,0.800,0.800,0.800,0.500,0.500,0.800,70.2,54.3,100.0,100.0,100.0,100.0,100.0,100.0,100.0,100.0
2034-01-01,1.0101,1.0147,1.0181,0.9824,1.0178,0.9875,0.9978,0.9916,1.0017,1.0041,0.9977,0.9937,1.0812,1.0420,1.1344,1.0256,1.0638,1.0369,1.0489,0.9966,1.0134,1.0395,0.9994,0.9942,4050.05,5560.79,4414.32,2886.08,2335.15,1531.83,199.75,3037.67,2360.85,591.20,1.0065,0.6186,0.9710,1.2776,0.8737,0.2938,1.3626,0.3138,0.1683,-0.9273,0.6612,0.7219,0.6722,0.6467,0.7020,0.7541,0.4931,0.6495,0.7081,0.7121,0.0173,0.0146,0.0290,0.0337,0.0265,0.0000,0.0558,0.0014,0.0133,0.0213,0.9807,0.9801,0.9899,0.9799,0.9814,1.0000,0.9777,1.0000,0.9729,1.0000,60.15,194.02,79.13,57.57,67.56,14.51,4.96,270.44,78.39,89.65,0.0000,0.0000,0.0000,0.0000,0.0000,0.0000,0.4598,0.0405,0.0000,0.0000,104304,74663,53998,54750,86225,66964,95775,572442,131417,91336,0,0,0,0,0,0,0,0,0,0,0.0000,0.0000,0.0000,0.0000,0.0000,0.0000,0.1157,0.1104,0.0000,0.0000,0,0,0,0,0,0,0,1,0,0,0,0,0,0,0,0,1,1,0,0,0.1490,0.0911,0.1524,0.0727,0.1135,0.0306,0.0807,0.1169,0.0260,0.1400,0.000,0.000,0.000,0.000,0.000,0.000,0.000,0.175,0.000,0.000,semi-presidential,parliamentary,parliamentary,parliamentary,parliamentary,semi-presidential,semi-presidential,electoral-authoritarian,electoral-authoritarian,parliamentary,0.800,0.800,0.800,0.800,0.800,0.800,0.838,0.500,0.500,0.800,73.1,57.1,100.0,100.0,100.0,100.0,90.5,100.0,100.0,100.0
2034-02-01,1.0064,1.0127,1.0210,0.9820,1.0207,0.9855,0.9981,0.9925,0.9992,1.0050,0.9939,0.9980,1.0770,1.0407,1.1772,1.0007,1.0503,1.0352,0.9997,1.0466,1.0109,1.0156,0.9954,0.9980,4081.52,5579.57,4441.38,2892.86,2347.71,1538.83,200.09,3043.45,2369.21,592.68,0.9989,0.6167,0.9653,1.2746,0.8691,0.2917,1.3621,0.3147,0.1678,-0.9390,0.6741,0.7283,0.6791,0.6469,0.7075,0.7525,0.5074,0.6561,0.7015,0.7096,0.0209,0.0131,0.0312,0.0239,0.0260,0.0000,0.0514,0.0015,0.0149,0.0166,0.9803,0.9797,0.9897,0.9794,0.9810,1.0000,0.9775,1.0000,0.9723,1.0000,59.70,199.31,84.65,59.13,68.77,14.57,5.22,268.22,78.23,90.50,0.0000,0.0000,0.0000,0.0000,0.0000,0.0000,0.4608,0.0424,0.0000,0.0000,104304,74663,53998,54750,86225,66964,95775,572442,131417,91336,0,0,0,0,0,0,0,0,0,0,0.0000,0.0000,0.0000,0.0000,0.0000,0.0000,0.1272,0.1219,0.0000,0.0000,0,0,0,0,0,0,0,1,0,0,0,0,0,0,0,0,1,1,0,0,0.1504,0.0953,0.1558,0.0774,0.1159,0.0332,0.0832,0.1178,0.0280,0.1344,0.000,0.000,0.000,0.000,0.000,0.000,0.000,0.172,0.000,0.000,semi-presidential,parliamentary,parliamentary,parliamentary,parliamentary,semi-presidential,semi-presidential,electoral-authoritarian,electoral-authoritarian,parliamentary,0.800,0.800,0.800,0.800,0.800,0.800,0.826,0.500,0.500,0.800,79.0,60.0,100.0,100.0,100.0,100.0,93.1,100.0,100.0,100.0
2034-03-01,1.0037,1.0116,1.0246,0.9788,1.0208,0.9870,0.9980,0.9931,0.9990,1.0050,0.9921,0.9999,1.0769,1.0407,1.1974,0.9793,1.0516,1.0421,1.0339,0.9943,1.0110,1.0250,0.9935,1.0001,4081.52,5584.26,4465.13,2903.09,2358.54,1544.86,200.55,3046.66,2392.17,592.65,0.9989,0.6164,0.9603,1.2702,0.8652,0.2899,1.3604,0.3156,0.1663,-0.9501,0.6741,0.7324,0.6854,0.6587,0.7220,0.7563,0.5240,0.6620,0.7012,0.7070,0.0209,0.0140,0.0203,0.0257,0.0269,0.0001,0.0487,0.0013,0.0159,0.0146,0.9792,0.9787,0.9891,0.9783,0.9798,1.0000,0.9768,1.0000,0.9709,1.0000,60.34,199.40,83.88,59.86,69.89,14.59,5.26,272.24,79.35,90.62,0.0000,0.0000,0.0000,0.0000,0.0000,0.0000,0.4610,0.0421,0.0000,0.0000,104304,74663,53998,54750,86225,66964,95775,572442,131417,91336,0,0,0,0,0,0,0,0,0,0,0.0000,0.0000,0.0000,0.0000,0.0000,0.0000,0.1364,0.1311,0.0000,0.0000,0,0,0,0,0,0,0,1,0,0,0,0,0,0,0,0,1,1,0,0,0.1529,0.0971,0.1577,0.0792,0.1179,0.0402,0.0848,0.1207,0.0294,0.1344,0.000,0.000,0.000,0.000,0.000,0.000,0.000,0.170,0.000,0.000,semi-presidential,parliamentary,parliamentary,parliamentary,parliamentary,semi-presidential,semi-presidential,electoral-authoritarian,electoral-authoritarian,parliamentary,0.800,0.800,0.836,0.800,0.800,0.800,0.817,0.500,0.500,0.800,79.0,62.9,91.0,100.0,100.0,100.0,95.2,100.0,100.0,100.0
2034-04-01,1.0041,1.0101,1.0255,0.9759,1.0224,0.9886,0.9977,0.9928,0.9993,1.0064,0.9920,0.9995,1.0778,1.0376,1.0619,0.9949,1.0415,1.0379,0.9992,0.9942,1.0110,1.0279,0.9933,0.9995,4105.96,5605.44,4473.82,2920.09,2368.88,1554.16,200.65,3049.26,2405.55,594.08,0.9930,0.6143,0.9586,1.2629,0.8614,0.2874,1.3609,0.3165,0.1655,-0.9618,0.6800,0.7432,0.7065,0.6706,0.7342,0.7611,0.5303,0.6801,0.7030,0.7046,0.0104,0.0095,0.0196,0.0141,0.0139,0.0000,0.0516,0.0011,0.0103,0.0064,0.9806,0.9800,0.9899,0.9798,0.9814,1.0000,0.9777,1.0000,0.9727,1.0000,61.47,201.04,84.32,60.60,71.13,14.84,5.32,278.67,81.41,90.79,0.0000,0.0000,0.0000,0.0000,0.0000,0.0000,0.4597,0.0412,0.0000,0.0000,104304,74663,53998,54750,86225,66964,95775,572442,131417,91336,0,0,0,0,0,0,0,0,0,0,0.0000,0.0000,0.0000,0.0000,0.0000,0.0000,0.1456,0.1403,0.0000,0.0000,0,0,0,0,0,0,0,1,0,0,0,0,0,0,0,0,1,1,0,0,0.1491,0.0952,0.1535,0.0771,0.1147,0.0397,0.0838,0.1204,0.0287,0.1344,0.000,0.000,0.000,0.000,0.000,0.000,0.000,0.170,0.000,0.000,semi-presidential,parliamentary,parliamentary,parliamentary,parliamentary,semi-presidential,semi-presidential,electoral-authoritarian,electoral-authoritarian,parliamentary,0.800,0.800,0.826,0.800,0.800,0.800,0.808,0.500,0.500,0.800,82.0,65.8,93.6,100.0,100.0,100.0,97.4,100.0,100.0,100.0
2034-05-01,1.0055,1.0083,1.0243,0.9761,1.0504,0.9905,0.9993,0.9976,1.0004,1.0071,0.9925,0.9993,1.0813,1.0360,1.0610,1.0178,1.1584,1.0669,1.0698,1.1242,1.0485,1.0149,1.0127,0.9995,4139.51,5629.23,4475.67,2927.45,2374.31,1565.40,200.56,3054.71,2422.23,597.04,0.9852,0.6117,0.9584,1.2597,0.8595,0.2845,1.3626,0.3175,0.1644,-0.9710,0.7017,0.7475,0.6953,0.6681,0.7387,0.7741,0.5284,0.6765,0.6914,0.6653,0.0197,0.0125,0.0393,0.0398,0.0411,0.0004,0.0668,0.0039,0.0122,0.0572,0.9805,0.9798,0.9898,0.9796,0.9812,1.0000,0.9776,1.0000,0.9725,1.0000,62.97,201.48,84.08,58.30,70.60,15.11,5.31,281.75,81.59,90.54,0.0000,0.0000,0.0000,0.0000,0.0000,0.0000,0.4615,0.0415,0.0000,0.0000,104304,74663,53998,54750,86225,66964,95775,572442,131417,91336,0,0,0,0,0,0,0,0,0,0,0.0000,0.0000,0.0000,0.0000,0.0000,0.0000,0.1548,0.1518,0.0000,0.0000,0,0,0,0,0,0,0,1,0,0,0,0,0,0,0,0,1,1,0,0,0.1435,0.0914,0.1456,0.0719,0.1097,0.0389,0.0858,0.1229,0.0282,0.1393,0.000,0.000,0.000,0.000,0.000,0.000,0.000,0.170,0.000,0.000,semi-presidential,parliamentary,parliamentary,parliamentary,parliamentary,semi-presidential,semi-presidential,electoral-authoritarian,electoral-authoritarian,parliamentary,0.800,0.800,0.816,0.800,0.800,0.800,0.800,0.500,0.500,0.800,87.4,68.8,96.2,100.0,100.0,100.0,99.6,100.0,100.0,100.0
2034-06-01,1.0052,1.0087,1.0251,0.9773,1.0727,0.9932,0.9998,1.0023,1.0017,1.0051,0.9918,0.9999,1.0801,1.0375,1.1273,1.0085,1.1548,1.0436,1.0014,1.1516,1.0278,1.0089,0.9933,1.0002,4159.59,5660.66,4496.40,2933.39,2377.76,1577.66,200.95,3058.54,2436.79,597.49,0.9806,0.6084,0.9541,1.2572,0.8583,0.2817,1.3612,0.3233,0.1636,-0.9843,0.6999,0.7440,0.6956,0.6620,0.7199,0.7808,0.5465,0.6853,0.6921,0.6638,0.0221,0.0132,0.0384,0.0344,0.0379,0.0000,0.0613,0.0028,0.0138,0.0450,0.9795,0.9789,0.9892,0.9785,0.9800,1.0000,0.9768,1.0000,0.9710,1.0000,62.29,204.46,87.52,59.63,70.59,15.97,5.10,277.97,81.56,91.30,0.0000,0.0000,0.0000,0.0000,0.0000,0.0000,0.4606,0.0426,0.0000,0.0000,104304,74663,53998,54750,86225,66964,95775,572442,131417,91336,0,0,0,0,0,0,0,0,0,0,0.0000,0.0000,0.0000,0.0000,0.0000,0.0000,0.1663,0.1610,0.0000,0.0000,0,0,0,0,0,0,0,1,0,0,0,0,0,0,0,0,1,1,0,0,0.1547,0.0977,0.1581,0.0788,0.1187,0.0417,0.0890,0.1233,0.0305,0.1390,0.000,0.000,0.000,0.000,0.000,0.000,0.000,0.170,0.000,0.000,semi-presidential,parliamentary,parliamentary,parliamentary,parliamentary,semi-presidential,semi-presidential,electoral-authoritarian,electoral-authoritarian,parliamentary,0.800,0.800,0.806,0.800,0.800,0.800,0.800,0.500,0.500,0.800,90.5,71.8,98.9,100.0,100.0,100.0,100.0,100.0,100.0,100.0
2034-07-01,1.0063,1.0091,1.0265,0.9785,1.0838,0.9939,0.9991,1.0051,1.0013,1.0003,0.9924,1.0006,1.0825,1.0381,1.0644,1.0105,1.1402,1.0480,1.0006,1.0702,1.0135,1.0052,1.0343,1.0007,4179.47,5688.31,4520.93,2935.92,2380.82,1584.62,200.84,3074.73,2453.09,597.57,0.9761,0.6055,0.9491,1.2562,0.8571,0.2798,1.3678,0.3228,0.1626,-0.9982,0.6994,0.7449,0.6909,0.6625,0.7237,0.7808,0.5542,0.6740,0.7024,0.6697,0.0152,0.0113,0.0282,0.0261,0.0256,0.0001,0.0585,0.0017,0.0109,0.0286,0.9794,0.9788,0.9892,0.9785,0.9801,1.0000,0.9774,1.0000,0.9711,1.0000,63.13,208.08,90.40,60.99,71.84,16.52,5.24,282.13,82.61,91.83,0.0000,0.0000,0.0000,0.0000,0.0000,0.0000,0.4605,0.0428,0.0000,0.0000,104304,74663,53998,54750,86225,66964,95775,572442,131417,91336,0,0,0,0,0,0,0,0,0,0,0.0000,0.0000,0.0000,0.0000,0.0000,0.0000,0.1755,0.1702,0.0000,0.0000,0,0,0,0,0,0,0,1,0,0,0,0,0,0,0,0,1,1,0,0,0.1552,0.0987,0.1586,0.0797,0.1192,0.0425,0.0902,0.1297,0.0313,0.1395,0.000,0.000,0.000,0.000,0.000,0.000,0.000,0.163,0.000,0.000,semi-presidential,parliamentary,parliamentary,parliamentary,parliamentary,semi-presidential,semi-presidential,electoral-authoritarian,electoral-authoritarian,parliamentary,0.800,0.800,0.800,0.800,0.800,0.800,0.800,0.500,0.500,0.800,93.6,74.8,100.0,100.0,100.0,100.0,100.0,100.0,100.0,100.0
2034-08-01,1.0053,1.0089,1.0256,0.9797,1.0902,0.9959,0.9985,1.0043,1.0004,0.9942,0.9935,1.0012,1.0808,1.0379,1.0636,1.0131,1.1255,1.0461,1.0123,1.0056,1.0121,0.9989,1.0498,1.0012,4189.28,5711.96,4534.23,2952.69,2393.64,1593.76,201.19,3086.58,2471.22,598.61,0.9740,0.6031,0.9464,1.2490,0.8526,0.2777,1.3663,0.3231,0.1615,-1.0105,0.7007,0.7472,0.6907,0.6678,0.7374,0.7798,0.5632,0.6999,0.7068,0.6853,0.0128,0.0113,0.0233,0.0228,0.0191,0.0000,0.0552,0.0013,0.0108,0.0159,0.9794,0.9788,0.9892,0.9785,0.9801,1.0000,0.9773,1.0000,0.9710,1.0000,62.92,207.14,89.05,60.11,71.40,16.63,5.18,281.95,82.92,91.77,0.0000,0.0000,0.0000,0.0000,0.0000,0.0000,0.4606,0.0428,0.0000,0.0000,104304,74663,53998,54750,86225,66964,95775,572442,131417,91336,0,0,0,0,0,0,0,0,0,0,0.0000,0.0000,0.0000,0.0000,0.0000,0.0000,0.1870,0.1817,0.0000,0.0000,0,0,0,0,0,0,0,1,0,0,0,0,0,0,0,0,1,1,0,0,0.1557,0.1028,0.1590,0.0795,0.1197,0.0428,0.0908,0.1297,0.0317,0.1395,0.000,0.000,0.000,0.000,0.000,0.000,0.000,0.162,0.000,0.000,semi-presidential,parliamentary,parliamentary,parliamentary,parliamentary,semi-presidential,semi-presidential,electoral-authoritarian,electoral-authoritarian,parliamentary,0.800,0.800,0.800,0.800,0.800,0.800,0.800,0.500,0.500,0.800,96.7,77.7,100.0,100.0,100.0,100.0,100.0,100.0,100.0,100.0
2034-09-01,1.0050,1.0084,1.0258,0.9797,1.0918,0.9971,0.9994,1.0013,1.0000,0.9913,0.9942,1.0026,1.0807,1.0373,1.0635,1.0023,1.1102,1.0603,1.0057,1.0029,1.0121,0.9966,0.9956,1.0029,4216.64,5727.12,4568.02,2963.01,2416.55,1603.27,201.73,3098.43,2484.96,601.37,0.9708,0.6016,0.9395,1.2448,0.8447,0.2755,1.3632,0.3231,0.1608,-1.0199,0.7004,0.7517,0.7051,0.6781,0.7472,0.7782,0.5641,0.7061,0.7195,0.6991,0.0112,0.0105,0.0198,0.0156,0.0143,0.0002,0.0532,0.0010,0.0108,0.0066,0.9795,0.9788,0.9892,0.9786,0.9802,1.0000,0.9773,1.0000,0.9712,1.0000,63.67,209.09,91.30,62.30,72.88,16.45,5.36,285.38,83.70,92.43,0.0000,0.0000,0.0000,0.0000,0.0000,0.0000,0.4607,0.0426,0.0000,0.0000,104304,74663,53998,54750,86225,66964,95775,572442,131417,91336,0,0,0,0,0,0,0,0,0,0,0.0000,0.0000,0.0000,0.0000,0.0000,0.0000,0.1962,0.1909,0.0000,0.0000,0,0,0,0,0,0,0,1,0,0,0,0,0,0,0,0,1,1,0,0,0.1568,0.1040,0.1602,0.0815,0.1200,0.0436,0.0918,0.1307,0.0322,0.1376,0.000,0.000,0.000,0.000,0.000,0.000,0.000,0.162,0.000,0.000,semi-presidential,parliamentary,parliamentary,parliamentary,parliamentary,semi-presidential,semi-presidential,electoral-authoritarian,electoral-authoritarian,parliamentary,0.800,0.800,0.800,0.800,0.800,0.800,0.800,0.500,0.500,0.800,99.8,80.7,100.0,100.0,100.0,100.0,100.0,100.0,100.0,100.0
2034-10-01,1.0067,1.0078,1.0244,0.9795,1.0916,0.9990,0.9998,0.9988,0.9986,0.9899,0.9935,1.0025,1.1481,1.0356,1.0621,0.9991,1.1093,1.0711,1.0142,1.0007,1.0103,0.9965,0.9949,1.0028,4224.21,5749.25,4591.16,2975.48,2422.83,1612.64,201.69,3108.53,2499.58,602.90,0.9692,0.6043,0.9349,1.2396,0.8425,0.2734,1.3640,0.3232,0.1599,-1.0313,0.7033,0.7559,0.7138,0.6883,0.7557,0.7828,0.5667,0.7120,0.7260,0.6993,0.0154,0.0137,0.0220,0.0174,0.0182,0.0033,0.0949,0.0010,0.0124,0.0066,0.9805,0.9798,0.9898,0.9796,0.9814,1.0000,0.9781,1.0000,0.9725,1.0000,64.03,207.92,89.72,61.36,73.32,16.25,5.49,287.76,84.20,92.15,0.0000,0.0000,0.0000,0.0000,0.0000,0.0000,0.4607,0.0425,0.0000,0.0000,104304,74663,53998,54750,86225,66964,95775,572442,131417,91336,0,0,0,0,0,0,0,0,0,0,0.0000,0.0000,0.0000,0.0000,0.0000,0.0000,0.2054,0.2001,0.0000,0.0000,0,0,0,0,0,0,0,1,0,0,0,0,0,0,0,0,1,1,0,0,0.1418,0.0959,0.1439,0.0730,0.1084,0.0404,0.0851,0.1276,0.0290,0.1366,0.000,0.000,0.000,0.000,0.000,0.000,0.000,0.162,0.000,0.000,semi-presidential,parliamentary,parliamentary,parliamentary,parliamentary,semi-presidential,semi-presidential,electoral-authoritarian,electoral-authoritarian,parliamentary,0.800,0.800,0.800,0.800,0.800,0.800,0.800,0.500,0.500,0.800,100.0,82.7,100.0,100.0,100.0,100.0,100.0,100.0,100.0,100.0
2034-11-01,1.0122,1.0049,1.0199,0.9801,1.0888,1.0007,1.0021,0.9958,0.9991,0.9910,0.9937,1.0007,1.2320,1.0319,1.0564,1.0135,1.1068,1.0788,1.0626,0.9970,1.0103,1.0370,1.0169,1.0012,4233.65,5760.03,4591.25,2988.14,2436.39,1624.83,202.35,3127.34,2508.80,604.34,0.9672,0.6033,0.9350,1.2344,0.8379,0.2708,1.3601,0.3228,0.1595,-1.0429,0.6934,0.7504,0.6967,0.6886,0.7465,0.7780,0.5320,0.6901,0.7023,0.7088,0.0231,0.0205,0.0275,0.0276,0.0252,0.0081,0.1002,0.0017,0.0146,0.0100,0.9811,0.9805,0.9901,0.9803,0.9819,1.0000,0.9779,1.0000,0.9734,1.0000,62.29,203.73,86.02,58.83,71.31,15.85,5.27,282.29,84.03,90.79,0.0000,0.0000,0.0000,0.0000,0.0000,0.0000,0.4590,0.0406,0.0000,0.0000,104304,74663,53998,54750,86225,66964,95775,572442,131417,91336,0,0,0,0,0,0,0,0,0,0,0.0000,0.0000,0.0000,0.0000,0.0000,0.0000,0.2169,0.2116,0.0000,0.0000,0,0,0,0,0,0,0,1,0,0,0,0,0,0,0,0,1,1,0,0,0.1388,0.0933,0.1406,0.0700,0.1061,0.0386,0.0855,0.1269,0.0281,0.1397,0.000,0.000,0.000,0.000,0.000,0.000,0.000,0.164,0.000,0.000,semi-presidential,parliamentary,parliamentary,parliamentary,parliamentary,semi-presidential,semi-presidential,electoral-authoritarian,electoral-authoritarian,parliamentary,0.800,0.800,0.800,0.800,0.800,0.800,0.800,0.500,0.500,0.800,100.0,85.6,100.0,100.0,100.0,100.0,100.0,100.0,100.0,100.0
2034-12-01,1.0178,1.0016,1.0165,0.9821,1.0843,1.0028,1.0021,0.9964,0.9986,0.9932,0.9931,1.0001,1.1966,1.0278,1.0529,1.0174,1.1030,1.0517,1.0038,1.0773,1.0096,1.0347,0.9944,1.0002,4244.37,5770.95,4611.50,2993.83,2445.60,1632.95,201.81,3137.43,2523.16,605.82,0.9649,0.6022,0.9311,1.2321,0.8348,0.2690,1.3641,0.3230,0.1587,-1.0544,0.6830,0.7505,0.6859,0.6717,0.7436,0.7770,0.5199,0.6885,0.7165,0.7112,0.0208,0.0171,0.0270,0.0255,0.0226,0.0052,0.1007,0.0019,0.0130,0.0123,0.9814,0.9807,0.9902,0.9805,0.9822,1.0000,0.9777,1.0000,0.9737,1.0000,63.59,205.43,86.43,59.30,72.54,15.99,5.34,288.06,84.94,91.60,0.0000,0.0000,0.0000,0.0000,0.0000,0.0000,0.4576,0.0403,0.0000,0.0000,104304,74663,53998,54750,86225,66964,95775,572442,131417,91336,0,0,0,0,0,0,0,0,0,0,0.0000,0.0000,0.0000,0.0000,0.0000,0.0000,0.2261,0.2208,0.0000,0.0000,0,0,0,0,0,0,0,1,0,0,0,0,0,0,0,0,1,1,0,0,0.1547,0.1011,0.1582,0.0780,0.1189,0.0409,0.0847,0.1294,0.0308,0.1401,0.000,0.000,0.000,0.000,0.000,0.000,0.000,0.166,0.000,0.000,semi-presidential,parliamentary,parliamentary,parliamentary,parliamentary,semi-presidential,semi-presidential,electoral-authoritarian,electoral-authoritarian,parliamentary,0.800,0.800,0.800,0.800,0.800,0.800,0.800,0.500,0.500,0.800,100.0,88.7,100.0,100.0,100.0,100.0,100.0,100.0,100.0,100.0
2035-01-01,1.0211,0.9994,1.0131,0.9828,1.0768,1.0043,1.0022,0.9971,0.9984,0.9927,0.9921,1.0007,1.1004,1.0274,1.0505,1.0165,1.0948,1.0858,1.0839,0.9986,1.0095,0.9985,0.9934,1.0009,4279.48,5804.98,4635.02,3007.84,2461.50,1642.21,201.52,3144.67,2533.89,608.17,0.9568,0.5988,0.9263,1.2264,0.8295,0.2670,1.3664,0.3237,0.1581,-1.0644,0.6798,0.7514,0.6893,0.6747,0.7470,0.7813,0.5072,0.7039,0.7061,0.7194,0.0137,0.0120,0.0227,0.0207,0.0159,0.0004,0.0598,0.0014,0.0109,0.0098,0.9802,0.9795,0.9896,0.9793,0.9810,1.0000,0.9773,1.0000,0.9721,1.0000,65.73,209.76,88.90,61.53,74.64,16.32,5.43,296.03,85.98,93.23,0.0000,0.0000,0.0000,0.0000,0.0000,0.0000,0.4594,0.0422,0.0000,0.0000,104304,74663,53998,54750,86225,66964,95775,572442,131417,91336,0,0,0,0,0,0,0,0,0,0,0.0000,0.0000,0.0000,0.0000,0.0000,0.0000,0.2353,0.2323,0.0000,0.0000,0,0,0,0,0,0,0,1,0,0,0,0,0,0,0,0,1,1,0,0,0.1496,0.0990,0.1525,0.0761,0.1150,0.0402,0.0816,0.1295,0.0300,0.1403,0.000,0.000,0.000,0.000,0.000,0.000,0.000,0.166,0.000,0.000,semi-presidential,parliamentary,parliamentary,parliamentary,parliamentary,semi-presidential,semi-presidential,electoral-authoritarian,electoral-authoritarian,parliamentary,0.800,0.800,0.800,0.800,0.800,0.800,0.800,0.500,0.500,0.800,100.0,91.7,100.0,100.0,100.0,100.0,100.0,100.0,100.0,100.0
2035-02-01,1.0189,0.9967,1.0096,0.9859,1.0693,1.0057,1.0064,0.9984,0.9995,0.9925,0.9928,1.0003,1.0917,1.0240,1.0471,1.0281,1.0879,1.0555,1.1577,1.0607,1.0646,1.0047,1.0918,1.0003,4301.62,5819.59,4655.64,3016.40,2468.15,1649.76,201.20,3151.35,2548.08,608.31,0.9518,0.5974,0.9222,1.2260,0.8273,0.2653,1.3688,0.3242,0.1603,-1.0783,0.6836,0.7562,0.6932,0.6672,0.7532,0.7814,0.5244,0.7098,0.7381,0.7135,0.0205,0.0118,0.0325,0.0244,0.0216,0.0000,0.0653,0.0049,0.0124,0.0245,0.9810,0.9803,0.9900,0.9802,0.9819,1.0000,0.9779,1.0000,0.9731,1.0000,63.77,206.55,86.33,58.67,71.10,16.64,5.30,283.13,84.02,92.82,0.0000,0.0000,0.0000,0.0000,0.0000,0.0000,0.4565,0.0420,0.0000,0.0000,104304,74663,53998,54750,86225,66964,95775,572442,131417,91336,0,0,0,0,0,0,0,0,0,0,0.0000,0.0000,0.0000,0.0000,0.0000,0.0000,0.2468,0.2415,0.0000,0.0000,0,0,0,0,0,0,0,1,0,0,0,0,0,0,0,0,1,1,0,0,0.1513,0.0994,0.1544,0.0761,0.1163,0.0403,0.0814,0.1243,0.0300,0.1402,0.000,0.000,0.000,0.000,0.000,0.000,0.000,0.167,0.000,0.000,semi-presidential,parliamentary,parliamentary,parliamentary,parliamentary,semi-presidential,semi-presidential,electoral-authoritarian,electoral-authoritarian,parliamentary,0.800,0.800,0.800,0.800,0.800,0.800,0.800,0.500,0.500,0.800,100.0,94.7,100.0,100.0,100.0,100.0,100.0,100.0,100.0,100.0
2035-03-01,1.0168,0.9937,1.0068,0.9889,1.0615,1.0056,1.0101,1.0015,1.0009,0.9930,0.9941,1.0003,1.0877,1.0200,1.0430,1.0276,1.0800,1.0543,1.1103,1.0941,1.0620,0.9993,1.0081,1.0003,4314.39,5841.11,4672.72,3016.40,2474.89,1657.32,201.18,3159.71,2561.19,610.43,0.9490,0.5951,0.9188,1.2260,0.8252,0.2638,1.3689,0.3245,0.1596,-1.0885,0.6829,0.7569,0.6898,0.6672,0.7516,0.7841,0.5235,0.6876,0.7233,0.7115,0.0176,0.0112,0.0287,0.0227,0.0195,0.0000,0.0623,0.0042,0.0118,0.0201,0.9817,0.9810,0.9904,0.9809,0.9825,1.0000,0.9777,1.0000,0.9741,1.0000,64.55,209.95,88.77,58.71,72.30,17.15,5.39,286.36,84.87,93.22,0.0000,0.0000,0.0000,0.0000,0.0000,0.0000,0.4551,0.0403,0.0000,0.0000,104304,74663,53998,54750,86225,66964,95775,572442,131417,91336,0,0,0,0,0,0,0,0,0,0,0.0000,0.0000,0.0000,0.0000,0.0000,0.0000,0.2560,0.2507,0.0000,0.0000,0,0,0,0,0,0,0,1,0,0,0,0,0,0,0,0,1,1,0,0,0.1503,0.0973,0.1487,0.0734,0.1121,0.0395,0.0796,0.1244,0.0290,0.1399,0.000,0.000,0.000,0.000,0.000,0.000,0.000,0.167,0.000,0.000,semi-presidential,parliamentary,parliamentary,parliamentary,parliamentary,semi-presidential,semi-presidential,electoral-authoritarian,electoral-authoritarian,parliamentary,0.800,0.800,0.800,0.800,0.800,0.800,0.800,0.500,0.500,0.800,100.0,97.7,100.0,100.0,100.0,100.0,100.0,100.0,100.0,100.0
2035-04-01,1.0152,0.9911,1.0030,0.9933,1.0543,1.0081,1.0105,1.0032,1.0022,0.9929,0.9949,0.9993,1.0877,1.0179,1.0400,1.0329,1.0719,1.0814,1.0184,1.0044,1.0354,0.9991,1.0241,0.9995,4330.36,5849.37,4679.47,3024.30,2490.35,1665.66,201.70,3166.23,2574.35,612.41,0.9455,0.5944,0.9175,1.2229,0.8202,0.2621,1.3654,0.3251,0.1589,-1.0990,0.6860,0.7540,0.6936,0.6695,0.7480,0.7782,0.5232,0.6933,0.7043,0.7137,0.0117,0.0120,0.0203,0.0237,0.0149,0.0003,0.0527,0.0020,0.0111,0.0083,0.9810,0.9803,0.9900,0.9802,0.9819,1.0000,0.9774,1.0000,0.9731,1.0000,64.46,210.13,89.09,58.62,72.20,17.58,5.37,284.41,84.69,93.52,0.0000,0.0000,0.0000,0.0000,0.0000,0.0000,0.4564,0.0419,0.0000,0.0000,104304,74663,53998,54750,86225,66964,95775,572442,131417,91336,0,0,0,0,0,0,0,0,0,0,0.0000,0.0000,0.0000,0.0000,0.0000,0.0000,0.2651,0.2599,0.0000,0.0000,0,0,0,0,0,0,0,1,0,0,0,0,0,0,0,0,1,1,0,0,0.1488,0.0964,0.1471,0.0723,0.1108,0.0429,0.0798,0.1223,0.0284,0.1396,0.000,0.000,0.000,0.000,0.000,0.000,0.000,0.168,0.000,0.000,semi-presidential,parliamentary,parliamentary,parliamentary,parliamentary,semi-presidential,semi-presidential,electoral-authoritarian,electoral-authoritarian,parliamentary,0.800,0.800,0.800,0.800,0.800,0.800,0.800,0.500,0.500,0.800,100.0,100.0,100.0,100.0,100.0,100.0,100.0,100.0,100.0,100.0
2035-05-01,1.0157,0.9890,1.0009,0.9960,1.0454,1.0115,1.0109,1.0009,1.0023,0.9941,0.9940,0.9982,1.1328,1.0150,1.0371,1.0298,1.0634,1.1124,1.0125,1.0021,1.0300,1.0236,0.9956,0.9982,4337.73,5848.65,4692.63,3031.01,2497.06,1677.24,201.44,3170.08,2587.04,612.47,0.9439,0.5946,0.9150,1.2203,0.8181,0.2600,1.3672,0.3262,0.1583,-1.1129,0.6872,0.7515,0.6938,0.6724,0.7286,0.7772,0.5115,0.6757,0.6923,0.7263,0.0139,0.0144,0.0206,0.0240,0.0172,0.0027,0.0738,0.0018,0.0121,0.0064,0.9818,0.9810,0.9904,0.9810,0.9827,1.0000,0.9776,1.0000,0.9742,1.0000,66.24,211.99,90.54,60.90,75.14,17.25,5.53,295.48,86.96,93.42,0.0000,0.0000,0.0000,0.0000,0.0000,0.0000,0.4553,0.0406,0.0000,0.0000,104304,74663,53998,54750,86225,66964,95775,572442,131417,91336,0,0,0,0,0,0,0,0,0,0,0.0000,0.0000,0.0000,0.0000,0.0000,0.0000,0.2766,0.2714,0.0000,0.0000,0,0,0,0,0,0,0,1,0,0,0,0,0,0,0,0,1,1,0,0,0.1575,0.1005,0.1566,0.0770,0.1175,0.0437,0.0785,0.1273,0.0294,0.1393,0.000,0.000,0.000,0.000,0.000,0.000,0.000,0.170,0.000,0.000,semi-presidential,parliamentary,parliamentary,parliamentary,parliamentary,semi-presidential,semi-presidential,electoral-authoritarian,electoral-authoritarian,parliamentary,0.800,0.800,0.800,0.800,0.800,0.800,0.800,0.500,0.500,0.800,100.0,100.0,100.0,100.0,100.0,100.0,100.0,100.0,100.0,100.0
2035-06-01,1.0172,0.9872,1.0000,0.9990,1.0344,1.0136,1.0087,0.9993,1.0035,0.9948,0.9923,0.9964,1.0923,1.0131,1.0372,1.0323,1.0542,1.0822,1.0105,1.0091,1.0473,1.0296,0.9938,0.9965,4350.60,5852.86,4708.36,3039.10,2505.44,1684.30,201.36,3188.14,2598.33,612.26,0.9411,0.5942,0.9120,1.2172,0.8155,0.2587,1.3680,0.3256,0.1577,-1.1272,0.6882,0.7466,0.6985,0.6738,0.7205,0.7764,0.5100,0.6861,0.7030,0.7284,0.0111,0.0113,0.0195,0.0219,0.0149,0.0002,0.0558,0.0025,0.0114,0.0077,0.9815,0.9808,0.9902,0.9807,0.9823,1.0000,0.9772,1.0000,0.9738,1.0000,66.63,212.15,89.88,60.76,75.19,17.05,5.41,297.91,87.60,93.21,0.0000,0.0000,0.0000,0.0000,0.0000,0.0000,0.4553,0.0406,0.0000,0.0000,104304,74663,53998,54750,86225,66964,95775,572442,131417,91336,0,0,0,0,0,0,0,0,0,0,0.0000,0.0000,0.0000,0.0000,0.0000,0.0000,0.2858,0.2806,0.0000,0.0000,0,0,0,0,0,0,0,1,0,0,0,0,0,0,0,0,1,1,0,0,0.1361,0.0894,0.1341,0.0655,0.1008,0.0380,0.0692,0.1232,0.0246,0.1395,0.000,0.000,0.000,0.000,0.000,0.000,0.000,0.172,0.000,0.000,semi-presidential,parliamentary,parliamentary,parliamentary,parliamentary,semi-presidential,semi-presidential,electoral-authoritarian,electoral-authoritarian,parliamentary,0.800,0.800,0.800,0.800,0.800,0.800,0.800,0.500,0.500,0.800,100.0,100.0,91.7,100.0,100.0,100.0,100.0,100.0,100.0,100.0
2035-07-01,1.0197,0.9856,0.9988,1.0005,1.0220,1.0126,1.0053,0.9990,1.0041,0.9937,0.9903,0.9943,1.1854,1.0127,1.0361,1.0258,1.0399,1.0627,1.0077,1.0004,1.0283,0.9990,0.9920,0.9945,4354.64,5875.38,4705.22,3053.86,2510.14,1693.02,201.55,3195.31,2611.51,613.75,0.9404,0.5920,0.9126,1.2114,0.8140,0.2571,1.3669,0.3261,0.1570,-1.1385,0.6838,0.7389,0.6863,0.6594,0.6997,0.7703,0.4938,0.6691,0.6922,0.7204,0.0163,0.0156,0.0211,0.0222,0.0198,0.0043,0.0937,0.0015,0.0134,0.0064,0.9805,0.9798,0.9897,0.9796,0.9813,1.0000,0.9767,1.0000,0.9724,1.0000,66.02,213.33,91.80,62.44,75.79,17.02,5.52,297.11,88.44,93.32,0.0000,0.0000,0.0000,0.0000,0.0000,0.0000,0.4564,0.0422,0.0000,0.0000,104304,74663,53998,54750,86225,66964,95775,572442,131417,91336,0,0,0,0,0,0,0,0,0,0,0.0000,0.0000,0.0000,0.0000,0.0000,0.0000,0.2950,0.2898,0.0000,0.0000,0,0,0,0,0,0,0,1,0,0,0,0,0,0,0,0,1,1,0,0,0.1437,0.0929,0.1424,0.0697,0.1066,0.0382,0.0657,0.1269,0.0249,0.1394,0.000,0.000,0.000,0.000,0.000,0.000,0.000,0.170,0.000,0.000,semi-presidential,parliamentary,parliamentary,parliamentary,parliamentary,semi-presidential,semi-presidential,electoral-authoritarian,electoral-authoritarian,parliamentary,0.800,0.800,0.800,0.830,0.800,0.800,0.800,0.500,0.500,0.800,100.0,100.0,94.3,93.6,100.0,100.0,100.0,100.0,100.0,100.0
2035-08-01,1.0256,0.9847,0.9975,1.0006,1.0098,1.0102,1.0028,0.9972,1.0034,0.9922,0.9902,0.9922,1.2414,1.0117,1.0347,1.0263,1.0288,1.0602,1.0044,0.9984,1.0154,0.9976,1.0638,0.9925,4355.26,5884.23,4702.18,3052.04,2512.93,1702.49,201.20,3200.71,2624.53,615.22,0.9404,0.5912,0.9132,1.2122,0.8129,0.2554,1.3697,0.3271,0.1564,-1.1498,0.6767,0.7302,0.6792,0.6554,0.6930,0.7570,0.4680,0.6828,0.7118,0.7188,0.0220,0.0189,0.0254,0.0250,0.0244,0.0072,0.0963,0.0014,0.0144,0.0096,0.9807,0.9799,0.9898,0.9798,0.9815,1.0000,0.9768,1.0000,0.9727,1.0000,64.96,214.26,90.53,61.64,75.07,16.79,5.54,294.30,89.09,92.97,0.0000,0.0000,0.0000,0.0000,0.0000,0.0000,0.4564,0.0421,0.0000,0.0000,104304,74663,53998,54750,86225,66964,95775,572442,131417,91336,0,0,0,0,0,0,0,0,0,0,0.0000,0.0000,0.0000,0.0000,0.0000,0.0000,0.3065,0.3013,0.0000,0.0000,0,0,0,0,0,0,0,1,0,0,0,0,0,0,0,0,1,1,0,0,0.1327,0.0872,0.1308,0.0636,0.0978,0.0352,0.0648,0.1249,0.0223,0.1399,0.000,0.000,0.000,0.000,0.000,0.000,0.000,0.172,0.000,0.000,semi-presidential,parliamentary,parliamentary,parliamentary,parliamentary,semi-presidential,semi-presidential,electoral-authoritarian,electoral-authoritarian,parliamentary,0.800,0.800,0.800,0.820,0.800,0.800,0.800,0.500,0.500,0.800,100.0,100.0,96.8,97.1,100.0,100.0,100.0,100.0,100.0,100.0
2035-09-01,1.0277,0.9842,0.9944,1.0025,0.9993,1.0076,1.0008,0.9960,1.0040,0.9898,0.9927,0.9912,1.1042,1.0112,1.0315,1.0324,1.0189,1.0577,1.0024,0.9972,1.0324,0.9958,1.0020,0.9913,4367.20,5882.59,4722.40,3053.51,2519.78,1711.13,200.86,3210.50,2639.27,615.37,0.9379,0.5915,0.9093,1.2115,0.8105,0.2540,1.3724,0.3273,0.1556,-1.1635,0.6781,0.7390,0.6672,0.6414,0.6922,0.7629,0.4544,0.6959,0.6992,0.7206,0.0108,0.0108,0.0186,0.0201,0.0144,0.0000,0.0523,0.0017,0.0112,0.0069,0.9807,0.9800,0.9897,0.9797,0.9813,1.0000,0.9761,1.0000,0.9721,1.0000,66.28,214.57,89.00,60.58,74.92,16.90,5.43,297.90,89.71,94.04,0.0000,0.0000,0.0000,0.0000,0.0000,0.0000,0.4563,0.0422,0.0000,0.0000,104304,74663,53998,54750,86225,66964,95775,572442,131417,91336,0,0,0,0,0,0,0,0,0,0,0.0000,0.0000,0.0000,0.0000,0.0000,0.0000,0.3157,0.3105,0.0000,0.0000,0,0,0,0,0,0,0,1,0,0,0,0,0,0,0,0,1,1,0,0,0.1483,0.0940,0.1472,0.0701,0.1096,0.0376,0.0679,0.1238,0.0242,0.1402,0.000,0.000,0.000,0.000,0.000,0.000,0.000,0.174,0.000,0.000,semi-presidential,parliamentary,parliamentary,parliamentary,parliamentary,semi-presidential,semi-presidential,electoral-authoritarian,electoral-authoritarian,parliamentary,0.800,0.800,0.800,0.810,0.800,0.800,0.800,0.500,0.500,0.800,100.0,100.0,99.2,100.0,100.0,100.0,100.0,90.7,100.0,100.0
2035-10-01,1.0270,0.9856,0.9920,1.0053,0.9924,1.0051,1.0003,0.9956,1.0051,0.9903,0.9935,0.9912,1.1003,1.0783,1.0279,1.0385,1.0100,1.0535,1.0016,1.0111,1.0167,0.9960,0.9971,0.9911,4381.65,5886.31,4729.05,3061.15,2530.54,1719.90,200.68,3230.55,2648.57,617.24,0.9350,0.5912,0.9081,1.2085,0.8070,0.2526,1.3740,0.3267,0.1552,-1.1740,0.6840,0.7365,0.6754,0.6360,0.6984,0.7577,0.4584,0.6795,0.6814,0.7230,0.0196,0.0191,0.0240,0.0271,0.0217,0.0068,0.0522,0.0011,0.0152,0.0073,0.9195,0.9209,0.9613,0.9278,0.9264,0.9517,0.9724,1.0000,0.9376,1.0000,66.43,213.66,88.37,60.85,74.72,16.93,5.41,298.06,90.26,94.19,0.0000,0.0000,0.0000,0.0000,0.0000,0.0000,0.4577,0.0404,0.0000,0.0000,104304,74663,53998,54750,86225,66964,95775,572442,131417,91336,0,0,0,0,0,0,0,0,0,0,0.0000,0.0000,0.0000,0.0000,0.0000,0.0000,0.3249,0.3220,0.0000,0.0000,0,0,0,0,0,0,0,1,0,0,0,0,0,0,0,0,1,1,0,0,0.1517,0.0952,0.1506,0.0712,0.1114,0.0384,0.0744,0.1250,0.0246,0.1403,0.000,0.000,0.000,0.000,0.000,0.000,0.000,0.175,0.000,0.000,semi-presidential,parliamentary,parliamentary,parliamentary,parliamentary,semi-presidential,semi-presidential,electoral-authoritarian,electoral-authoritarian,parliamentary,0.800,0.800,0.800,0.801,0.800,0.800,0.800,0.500,0.500,0.800,100.0,100.0,100.0,100.0,100.0,100.0,100.0,94.3,100.0,100.0
2035-11-01,1.0254,0.9880,0.9904,1.0063,0.9883,1.0041,0.9992,0.9971,1.0037,0.9916,0.9947,0.9919,1.0960,1.0658,1.0265,1.0416,1.0059,1.0524,1.0006,1.0728,1.0153,1.0262,1.0248,0.9919,4397.49,5900.94,4739.76,3062.78,2539.75,1727.07,200.38,3247.82,2656.93,618.95,0.9317,0.5898,0.9060,1.2080,0.8041,0.2515,1.3764,0.3262,0.1548,-1.1848,0.6851,0.7425,0.6780,0.6324,0.7038,0.7661,0.4811,0.6550,0.6876,0.7147,0.0212,0.0175,0.0273,0.0268,0.0219,0.0054,0.0559,0.0020,0.0141,0.0133,0.9336,0.9332,0.9679,0.9396,0.9406,0.9613,0.9752,1.0000,0.9451,1.0000,65.85,213.93,89.01,60.16,74.47,17.15,5.31,295.24,89.63,94.58,0.0000,0.0000,0.0000,0.0000,0.0000,0.0000,0.4544,0.0403,0.0000,0.0000,104304,74663,53998,54750,86225,66964,95775,572442,131417,91336,0,0,0,0,0,0,0,0,0,0,0.0000,0.0000,0.0000,0.0000,0.0000,0.0000,0.3364,0.3312,0.0000,0.0000,0,0,0,0,0,0,0,1,0,0,0,0,0,0,0,0,1,1,0,0,0.1448,0.0923,0.1430,0.0682,0.1067,0.0380,0.0761,0.1233,0.0241,0.1404,0.000,0.000,0.000,0.000,0.000,0.000,0.000,0.174,0.000,0.000,semi-presidential,parliamentary,parliamentary,parliamentary,parliamentary,semi-presidential,semi-presidential,electoral-authoritarian,electoral-authoritarian,parliamentary,0.800,0.800,0.800,0.800,0.800,0.800,0.800,0.500,0.500,0.800,100.0,100.0,100.0,100.0,100.0,30.0,100.0,97.0,100.0,100.0
2035-12-01,1.0217,0.9897,0.9892,1.0070,0.9868,1.0034,0.9986,0.9987,1.0026,0.9925,0.9963,0.9902,1.0907,1.0410,1.0251,1.0374,1.0043,1.0517,1.0088,1.0148,1.0142,1.0021,1.0762,0.9905,4411.28,5911.47,4744.41,3071.92,2541.03,1733.81,200.42,3250.89,2668.55,619.73,0.9290,0.5888,0.9052,1.2045,0.8037,0.2504,1.3765,0.3271,0.1543,-1.1973,0.6865,0.7346,0.6714,0.6311,0.6894,0.7609,0.4895,0.6421,0.6796,0.7183,0.0165,0.0136,0.0237,0.0221,0.0181,0.0026,0.0523,0.0016,0.0120,0.0116,0.9584,0.9576,0.9795,0.9608,0.9624,0.9812,0.9760,1.0000,0.9595,1.0000,65.01,214.67,89.88,60.69,73.91,17.40,5.41,290.58,89.13,95.00,0.0000,0.0000,0.0000,0.0000,0.0000,0.0000,0.4551,0.0407,0.0000,0.0000,104304,74663,53998,54750,86225,66964,95775,572442,131417,91336,0,0,0,0,0,0,0,0,0,0,0.0000,0.0000,0.0000,0.0000,0.0000,0.0000,0.3456,0.3404,0.0000,0.0000,0,0,0,0,0,0,0,1,0,0,0,0,0,0,0,0,1,1,0,0,0.1248,0.0827,0.1220,0.0586,0.0910,0.0372,0.0751,0.1220,0.0237,0.1404,0.000,0.000,0.000,0.000,0.000,0.000,0.000,0.171,0.000,0.000,semi-presidential,parliamentary,parliamentary,parliamentary,parliamentary,semi-presidential,semi-presidential,electoral-authoritarian,electoral-authoritarian,parliamentary,0.800,0.800,0.800,0.800,0.800,0.800,0.800,0.500,0.500,0.800,100.0,100.0,100.0,100.0,100.0,33.2,100.0,99.6,100.0,100.0
2036-01-01,1.0171,0.9914,0.9887,1.0102,0.9879,1.0033,0.9976,0.9997,1.0023,0.9941,1.0008,0.9891,1.0860,1.0543,1.0447,1.0474,1.0062,1.0512,0.9989,1.0448,1.0137,1.0242,1.1241,0.9892,4423.97,5917.56,4759.75,3078.69,2549.05,1741.77,200.20,3263.28,2673.51,621.98,0.9266,0.5883,0.9023,1.2019,0.8012,0.2563,1.3783,0.3274,0.1541,-1.2070,0.6738,0.7275,0.6717,0.6420,0.6837,0.7854,0.5011,0.6391,0.6918,0.7145,0.0219,0.0165,0.0291,0.0279,0.0227,0.0039,0.0569,0.0021,0.0136,0.0163,0.9476,0.9470,0.9744,0.9515,0.9529,0.9724,0.9759,1.0000,0.9533,1.0000,64.88,214.05,89.16,59.94,73.86,17.59,5.30,291.24,88.97,94.99,0.0000,0.0000,0.0000,0.0000,0.0000,0.0000,0.4543,0.0405,0.0000,0.0000,104304,74663,53998,54750,86225,66964,95775,572442,131417,91336,0,0,0,0,0,0,0,0,0,0,0.0000,0.0000,0.0000,0.0000,0.0000,0.0000,0.3571,0.3519,0.0000,0.0000,0,0,0,0,0,0,0,1,0,0,0,0,0,0,0,0,1,1,0,0,0.1489,0.0939,0.1481,0.0697,0.1098,0.0418,0.0806,0.1268,0.0276,0.1401,0.000,0.000,0.000,0.000,0.000,0.000,0.000,0.172,0.000,0.000,semi-presidential,parliamentary,parliamentary,parliamentary,parliamentary,semi-presidential,semi-presidential,electoral-authoritarian,electoral-authoritarian,parliamentary,0.800,0.800,0.800,0.800,0.800,0.800,0.800,0.500,0.500,0.800,100.0,100.0,100.0,100.0,100.0,35.3,100.0,100.0,100.0,100.0
