date,price_oil,price_gas,price_coal,price_electricity,price_food,price_critical-minerals,price_steel,price_consumer-goods,price_electronics,price_arms,price_pharma,price_services,import_price_oil,import_price_gas,import_price_coal,import_price_electricity,import_price_food,import_price_critical-minerals,import_price_steel,import_price_consumer-goods,import_price_electronics,import_price_arms,import_price_pharma,import_price_services,gdp_FRA,gdp_DEU,gdp_GBR,gdp_ITA,gdp_ESP,gdp_POL,gdp_UKR,gdp_RUS,gdp_TUR,gdp_NOR,debt_FRA,debt_DEU,debt_GBR,debt_ITA,debt_ESP,debt_POL,debt_UKR,debt_RUS,debt_TUR,debt_NOR,stability_FRA,stability_DEU,stability_GBR,stability_ITA,stability_ESP,stability_POL,stability_UKR,stability_RUS,stability_TUR,stability_NOR,shortage_FRA,shortage_DEU,shortage_GBR,shortage_ITA,shortage_ESP,shortage_POL,shortage_UKR,shortage_RUS,shortage_TUR,shortage_NOR,gas_coverage_FRA,gas_coverage_DEU,gas_coverage_GBR,gas_coverage_ITA,gas_coverage_ESP,gas_coverage_POL,gas_coverage_UKR,gas_coverage_RUS,gas_coverage_TUR,gas_coverage_NOR,maritime_trade_FRA,maritime_trade_DEU,maritime_trade_GBR,maritime_trade_ITA,maritime_trade_ESP,maritime_trade_POL,maritime_trade_UKR,maritime_trade_RUS,maritime_trade_TUR,maritime_trade_NOR,blockade_FRA,blockade_DEU,blockade_GBR,blockade_ITA,blockade_ESP,blockade_POL,blockade_UKR,blockade_RUS,blockade_TUR,blockade_NOR,tiles_FRA,tiles_DEU,tiles_GBR,tiles_ITA,tiles_ESP,tiles_POL,tiles_UKR,tiles_RUS,tiles_TUR,tiles_NOR,contested_FRA,contested_DEU,contested_GBR,contested_ITA,contested_ESP,contested_POL,contested_UKR,contested_RUS,contested_TUR,contested_NOR,exhaustion_FRA,exhaustion_DEU,exhaustion_GBR,exhaustion_ITA,exhaustion_ESP,exhaustion_POL,exhaustion_UKR,exhaustion_RUS,exhaustion_TUR,exhaustion_NOR,sanctions_against_FRA,sanctions_against_DEU,sanctions_against_GBR,sanctions_against_ITA,sanctions_against_ESP,sanctions_against_POL,sanctions_against_UKR,sanctions_against_RUS,sanctions_against_TUR,sanctions_against_NOR,at_war_FRA,at_war_DEU,at_war_GBR,at_war_ITA,at_war_ESP,at_war_POL,at_war_UKR,at_war_RUS,at_war_TUR,at_war_NOR,export_share_FRA,export_share_DEU,export_share_GBR,export_share_ITA,export_share_ESP,export_share_POL,export_share_UKR,export_share_RUS,export_share_TUR,export_share_NOR,circumvention_FRA,circumvention_DEU,circumvention_GBR,circumvention_ITA,circumvention_ESP,circumvention_POL,circumvention_UKR,circumvention_RUS,circumvention_TUR,circumvention_NOR,regime_FRA,regime_DEU,regime_GBR,regime_ITA,regime_ESP,regime_POL,regime_UKR,regime_RUS,regime_TUR,regime_NOR,legitimacy_FRA,legitimacy_DEU,legitimacy_GBR,legitimacy_ITA,legitimacy_ESP,legitimacy_POL,legitimacy_UKR,legitimacy_RUS,legitimacy_TUR,legitimacy_NOR,capital_FRA,capital_DEU,capital_GBR,capital_ITA,capital_ESP,capital_POL,capital_UKR,capital_RUS,capital_TUR,capital_NOR
2026-01-01,1.0000,1.0000,1.0000,1.0000,1.0000,1.0000,1.0000,1.0000,1.0000,1.0000,1.0000,1.0000,1.0000,1.0000,1.0001,1.0298,1.0000,1.0000,1.0170,1.0170,1.0221,1.0232,1.0170,1.0000,3366.32,5050.92,4002.59,2551.56,1906.45,1035.49,214.23,2561.31,1597.29,530.76,1.1600,0.6290,1.0230,1.3710,1.0040,0.5880,1.0870,0.1720,0.2350,0.4500,0.6600,0.7169,0.6747,0.6374,0.6767,0.7200,0.6678,0.6750,0.6750,0.7200,0.0019,0.0004,0.0179,0.0017,0.0019,0.0000,0.0027,0.0012,0.0009,0.0031,1.0000,1.0000,1.0000,1.0000,1.0000,1.0000,1.0000,1.0000,1.0000,1.0000,53.01,188.04,79.00,54.35,61.58,9.29,7.94,244.34,57.59,79.61,0.0000,0.0000,0.0000,0.0000,0.0000,0.0000,0.0000,0.0000,0.0000,0.0000,104304,74663,53998,54750,86225,66964,95775,572442,131417,91336,0,0,0,0,0,0,0,0,0,0,0.0000,0.0000,0.0000,0.0000,0.0000,0.0000,0.0000,0.0000,0.0000,0.0000,0,0,0,0,0,0,0,0,0,0,0,0,0,0,0,0,1,1,0,0,0.1189,0.0741,0.1337,0.0482,0.0865,0.0115,0.0806,0.1079,0.0015,0.1360,0.000,0.000,0.000,0.000,0.000,0.000,0.000,0.000,0.000,0.000,semi-presidential,parliamentary,parliamentary,parliamentary,parliamentary,semi-presidential,semi-presidential,electoral-authoritarian,electoral-authoritarian,parliamentary,0.800,0.800,0.800,0.800,0.800,0.800,0.800,0.500,0.500,0.800,30.0,30.0,30.0,30.0,30.0,30.0,30.0,30.0,30.0,30.0
2026-02-01,1.0022,1.0008,1.0019,0.9993,1.0010,1.0029,0.9996,1.0008,0.9999,1.0031,1.0022,0.9991,1.1346,1.0278,1.1574,1.0270,1.0334,1.0608,1.0014,1.0023,1.0140,1.0540,1.0707,0.9990,3366.15,5047.60,4004.28,2553.18,1904.40,1035.86,212.60,2562.75,1597.60,529.51,1.1602,0.6296,1.0234,1.3716,1.0061,0.5887,1.0974,0.1742,0.2352,0.4373,0.6582,0.7155,0.6637,0.6291,0.6641,0.7189,0.5903,0.6636,0.6663,0.7051,0.0241,0.0165,0.0331,0.0274,0.0294,0.0024,0.0873,0.0018,0.0208,0.0161,0.9807,0.9801,0.9906,0.9794,0.9810,1.0000,0.9679,1.0000,0.9747,1.0000,50.32,182.05,76.18,52.64,59.72,9.11,5.82,233.16,55.42,78.18,0.0000,0.0000,0.0000,0.0000,0.0000,0.0000,0.4584,0.0409,0.0000,0.0000,104304,74663,53998,54750,86225,66964,95775,572442,131417,91336,0,0,0,0,0,0,0,0,0,0,0.0000,0.0000,0.0000,0.0000,0.0000,0.0000,0.0092,0.0092,0.0000,0.0000,0,0,0,0,0,0,0,1,0,0,0,0,0,0,0,0,1,1,0,0,0.1176,0.0731,0.1327,0.0479,0.0854,0.0114,0.0709,0.1032,0.0015,0.1324,0.000,0.000,0.000,0.000,0.000,0.000,0.030,0.147,0.000,0.000,semi-presidential,parliamentary,parliamentary,parliamentary,parliamentary,semi-presidential,semi-presidential,electoral-authoritarian,electoral-authoritarian,parliamentary,0.800,0.800,0.800,0.800,0.800,0.800,0.800,0.500,0.500,0.800,30.2,30.4,30.6,31.2,31.4,31.7,62.6,33.0,33.1,32.6
2026-03-01,1.0029,1.0021,1.0050,0.9987,1.0011,1.0031,0.9987,1.0008,0.9989,1.0055,1.0029,0.9995,1.0827,1.0293,1.1982,1.0523,1.0317,1.0584,1.0003,1.0050,1.0125,1.0588,1.0377,1.0010,3368.83,5052.61,4005.02,2560.40,1905.49,1039.26,211.65,2552.07,1603.70,529.21,1.1632,0.6305,1.0264,1.3723,1.0073,0.5847,1.1037,0.1772,0.2344,0.4231,0.6485,0.7055,0.6505,0.6185,0.6522,0.7186,0.5357,0.6714,0.6380,0.6979,0.0225,0.0163,0.0375,0.0310,0.0276,0.0000,0.0624,0.0016,0.0238,0.0154,0.9806,0.9800,0.9906,0.9794,0.9810,1.0000,0.9682,1.0000,0.9747,1.0000,50.41,182.52,77.21,52.74,59.39,9.23,5.74,232.20,55.41,78.90,0.0000,0.0000,0.0000,0.0000,0.0000,0.0000,0.4592,0.0413,0.0000,0.0000,104304,74663,53998,54750,86225,66964,95775,572442,131417,91336,0,0,0,0,0,0,0,0,0,0,0.0000,0.0000,0.0000,0.0000,0.0000,0.0000,0.0184,0.0184,0.0000,0.0000,0,0,0,0,0,0,0,1,0,0,0,0,0,0,0,0,1,1,0,0,0.1182,0.0733,0.1331,0.0482,0.0859,0.0114,0.0712,0.1018,0.0015,0.1337,0.000,0.000,0.000,0.000,0.000,0.000,0.030,0.147,0.000,0.000,semi-presidential,parliamentary,parliamentary,parliamentary,parliamentary,semi-presidential,semi-presidential,electoral-authoritarian,electoral-authoritarian,parliamentary,0.800,0.800,0.800,0.800,0.800,0.800,0.800,0.500,0.500,0.800,33.4,33.2,33.0,34.7,34.0,34.8,64.8,36.0,36.6,35.3
2026-04-01,1.0041,1.0027,1.0083,0.9997,1.0035,1.0529,1.0024,1.0008,1.0121,1.0089,1.0032,0.9994,1.0929,1.0297,1.1698,1.0627,1.0508,2.6770,1.1206,1.0025,1.3980,1.0825,1.0333,0.9996,3369.06,5047.57,3998.31,2555.09,1904.81,1042.14,210.59,2558.13,1608.37,528.66,1.1683,0.6326,1.0310,1.3796,1.0098,0.5811,1.1147,0.1790,0.2338,0.4090,0.6310,0.7068,0.6357,0.6028,0.6373,0.7078,0.4906,0.6382,0.6218,0.6773,0.0515,0.0453,0.0745,0.0686,0.0637,0.0159,0.1036,0.0169,0.0432,0.0348,0.9807,0.9801,0.9906,0.9794,0.9810,1.0000,0.9682,1.0000,0.9748,1.0000,52.31,181.17,75.09,52.73,59.14,9.42,5.76,238.08,57.07,78.35,0.0000,0.0000,0.0000,0.0000,0.0000,0.0000,0.4596,0.0409,0.0000,0.0000,104304,74663,53998,54750,86225,66964,95775,572442,131417,91336,0,0,0,0,0,0,0,0,0,0,0.0000,0.0000,0.0000,0.0000,0.0000,0.0000,0.0276,0.0276,0.0000,0.0000,0,0,0,0,0,0,0,1,0,0,0,0,0,0,0,0,1,1,0,0,0.1083,0.0683,0.1207,0.0431,0.0783,0.0119,0.0708,0.1041,0.0015,0.1360,0.000,0.000,0.000,0.000,0.000,0.000,0.030,0.147,0.000,0.000,semi-presidential,parliamentary,parliamentary,parliamentary,parliamentary,semi-presidential,semi-presidential,electoral-authoritarian,electoral-authoritarian,parliamentary,0.800,0.800,0.800,0.800,0.800,0.800,0.053,0.500,0.500,0.800,38.0,36.0,35.4,38.1,37.1,37.9,66.8,38.8,39.9,38.0
2026-05-01,1.0090,1.0023,1.0109,1.0035,1.0060,1.0960,1.0048,1.0009,1.0208,1.0154,1.0061,0.9987,1.2287,1.0293,1.1003,1.0840,1.0382,2.0913,1.0303,1.0666,1.1865,1.0894,1.1452,0.9987,3364.99,5043.22,3992.72,2547.84,1904.81,1046.24,208.84,2562.34,1612.23,530.61,1.1730,0.6346,1.0399,1.3877,1.0121,0.5769,1.1263,0.1815,0.2333,0.3931,0.6189,0.6840,0.5948,0.5599,0.6063,0.7010,0.3244,0.6484,0.5915,0.6780,0.0471,0.0426,0.0617,0.0643,0.0505,0.0175,0.0996,0.0086,0.0313,0.0268,0.9808,0.9801,0.9906,0.9796,0.9812,1.0000,0.9684,1.0000,0.9750,1.0000,50.82,177.35,72.31,53.17,56.86,9.41,5.74,230.78,56.08,76.59,0.0000,0.0000,0.0000,0.0000,0.0000,0.0000,0.4603,0.0410,0.0000,0.0000,104304,74663,53998,54750,86225,66964,95775,572442,131417,91336,0,0,0,0,0,0,0,0,0,0,0.0000,0.0000,0.0000,0.0000,0.0000,0.0000,0.0391,0.0391,0.0000,0.0000,0,0,0,0,0,0,0,1,0,0,0,0,0,0,0,0,1,1,0,0,0.1124,0.0690,0.1255,0.0445,0.0812,0.0119,0.0715,0.1055,0.0015,0.1369,0.000,0.000,0.000,0.000,0.000,0.000,0.029,0.147,0.000,0.000,semi-presidential,parliamentary,parliamentary,parliamentary,parliamentary,semi-presidential,semi-presidential,electoral-authoritarian,electoral-authoritarian,parliamentary,0.800,0.800,0.800,0.800,0.800,0.800,0.065,0.500,0.500,0.800,41.0,38.6,39.0,41.2,40.0,40.9,68.7,42.4,43.1,40.6
2026-06-01,1.0140,1.0030,1.0148,1.0102,1.0077,1.1188,1.0044,1.0026,1.0232,1.0189,1.0085,0.9993,1.1751,1.0496,1.1180,1.0940,1.0523,1.5318,1.0142,1.0542,1.0594,1.0596,1.0475,1.0002,3365.77,5034.60,3988.09,2535.63,1905.60,1052.01,207.62,2560.79,1613.98,531.30,1.1757,0.6372,1.0436,1.3984,1.0139,0.5718,1.1347,0.1838,0.2331,0.3780,0.6137,0.6701,0.5959,0.5448,0.5962,0.7038,0.3139,0.6531,0.6013,0.6686,0.0320,0.0313,0.0457,0.0543,0.0379,0.0100,0.0878,0.0027,0.0237,0.0223,0.9637,0.9631,0.9818,0.9650,0.9661,0.9863,0.9659,1.0000,0.9621,1.0000,52.35,179.79,75.13,53.98,57.71,9.82,5.76,235.89,56.77,77.48,0.0000,0.0000,0.0000,0.0000,0.0000,0.0000,0.4615,0.0424,0.0000,0.0000,104304,74663,53998,54750,86225,66964,95775,572442,131417,91336,0,0,0,0,0,0,0,0,0,0,0.0000,0.0000,0.0000,0.0000,0.0000,0.0000,0.0483,0.0483,0.0000,0.0000,0,0,0,0,0,0,0,1,0,0,0,0,0,0,0,0,1,1,0,0,0.1188,0.0718,0.1332,0.0473,0.0862,0.0123,0.0731,0.1064,0.0016,0.1373,0.000,0.000,0.000,0.000,0.000,0.000,0.029,0.147,0.000,0.000,semi-presidential,parliamentary,parliamentary,parliamentary,parliamentary,semi-presidential,semi-presidential,electoral-authoritarian,electoral-authoritarian,parliamentary,0.800,0.800,0.800,0.800,0.800,0.800,0.074,0.500,0.500,0.800,44.0,41.2,41.2,44.2,42.8,43.9,70.2,45.2,46.3,43.1
2026-07-01,1.0177,1.0043,1.0149,1.0153,1.0115,1.1270,1.0030,1.0026,1.0207,1.0202,1.0088,1.0003,1.1761,1.0324,1.0520,1.0840,1.0608,1.2138,1.0046,1.0041,1.0353,1.0218,1.0222,1.0011,3370.84,5026.92,3997.04,2537.11,1909.60,1060.16,206.76,2560.87,1618.71,531.92,1.1767,0.6397,1.0435,1.4013,1.0140,0.5656,1.1412,0.1859,0.2326,0.3629,0.6114,0.6685,0.6122,0.5557,0.6094,0.7028,0.3307,0.6482,0.6176,0.6828,0.0164,0.0191,0.0297,0.0404,0.0259,0.0039,0.0821,0.0011,0.0137,0.0181,0.9799,0.9793,0.9902,0.9786,0.9802,1.0000,0.9680,1.0000,0.9737,1.0000,52.59,182.83,77.19,54.15,58.54,10.00,5.84,237.44,56.83,78.12,0.0000,0.0000,0.0000,0.0000,0.0000,0.0000,0.4585,0.0425,0.0000,0.0000,104304,74663,53998,54750,86225,66964,95775,572442,131417,91336,0,0,0,0,0,0,0,0,0,0,0.0000,0.0000,0.0000,0.0000,0.0000,0.0000,0.0575,0.0575,0.0000,0.0000,0,0,0,0,0,0,0,1,0,0,0,0,0,0,0,0,1,1,0,0,0.1238,0.0732,0.1335,0.0479,0.0869,0.0126,0.0742,0.1068,0.0016,0.1379,0.000,0.000,0.000,0.000,0.000,0.000,0.030,0.147,0.000,0.000,semi-presidential,parliamentary,parliamentary,parliamentary,parliamentary,semi-presidential,semi-presidential,electoral-authoritarian,electoral-authoritarian,parliamentary,0.800,0.800,0.800,0.800,0.800,0.800,0.083,0.500,0.500,0.800,46.7,43.8,43.5,47.3,45.7,46.9,71.7,48.1,49.5,45.8
2026-08-01,1.0172,1.0046,1.0154,1.0178,1.0126,1.1272,1.0014,1.0015,1.0179,1.0218,1.0108,1.0001,1.0956,1.0322,1.0516,1.0586,1.0373,1.1944,1.0030,1.0032,1.0326,1.0561,1.1073,1.0001,3378.05,5027.40,4001.95,2534.92,1907.11,1063.75,205.82,2564.07,1621.50,533.25,1.1777,0.6412,1.0434,1.4059,1.0176,0.5618,1.1487,0.1894,0.2324,0.3474,0.5798,0.6805,0.6022,0.5668,0.6103,0.7134,0.3386,0.6291,0.5991,0.6870,0.0133,0.0112,0.0272,0.0217,0.0167,0.0000,0.0602,0.0017,0.0102,0.0130,0.9803,0.9797,0.9904,0.9790,0.9806,1.0000,0.9681,1.0000,0.9742,1.0000,52.50,184.92,78.95,52.75,58.40,10.13,5.88,235.15,56.76,80.10,0.0000,0.0000,0.0000,0.0000,0.0000,0.0000,0.4563,0.0416,0.0000,0.0000,104304,74663,53998,54750,86225,66964,95775,572442,131417,91336,0,0,0,0,0,0,0,0,0,0,0.0000,0.0000,0.0000,0.0000,0.0000,0.0000,0.0690,0.0390,0.0000,0.0000,0,0,0,0,0,0,0,1,0,0,0,0,0,0,0,0,1,1,0,0,0.1234,0.0756,0.1329,0.0460,0.0835,0.0125,0.0731,0.1026,0.0040,0.1377,0.000,0.000,0.000,0.000,0.000,0.000,0.030,0.148,0.000,0.000,semi-presidential,parliamentary,parliamentary,parliamentary,parliamentary,semi-presidential,semi-presidential,electoral-authoritarian,electoral-authoritarian,parliamentary,0.773,0.800,0.800,0.800,0.800,0.800,0.095,0.500,0.500,0.800,50.5,46.4,44.6,50.4,48.5,50.0,73.8,51.7,51.0,48.4
2026-09-01,1.0148,1.0052,1.0154,1.0172,1.0144,1.1217,0.9995,0.9995,1.0133,1.0234,1.0133,1.0004,1.0932,1.0325,1.0636,1.0176,1.0432,1.1888,1.0012,1.0011,1.0279,1.0497,1.0781,1.0004,3390.18,5032.84,4010.27,2536.80,1909.04,1070.01,205.82,2569.91,1627.98,532.43,1.1761,0.6420,1.0436,1.4083,1.0188,0.5568,1.1527,0.1911,0.2321,0.3333,0.6038,0.6909,0.6175,0.5908,0.6201,0.7150,0.3873,0.6322,0.6229,0.6931,0.0133,0.0101,0.0130,0.0170,0.0180,0.0000,0.0608,0.0015,0.0105,0.0131,0.9804,0.9798,0.9904,0.9791,0.9808,1.0000,0.9683,1.0000,0.9744,1.0000,52.45,186.85,79.59,52.99,59.75,9.81,6.09,237.36,57.37,80.43,0.0000,0.0000,0.0000,0.0000,0.0000,0.0000,0.4565,0.0414,0.0000,0.0000,104304,74663,53998,54750,86225,66964,95775,572442,131417,91336,0,0,0,0,0,0,0,0,0,0,0.0000,0.0000,0.0000,0.0000,0.0000,0.0000,0.0782,0.0482,0.0000,0.0000,0,0,0,0,0,0,0,1,0,0,0,0,0,0,0,0,1,1,0,0,0.1273,0.0784,0.1385,0.0528,0.0907,0.0123,0.0745,0.1026,0.0042,0.1345,0.000,0.000,0.000,0.000,0.000,0.000,0.031,0.148,0.000,0.000,semi-presidential,parliamentary,parliamentary,parliamentary,parliamentary,semi-presidential,semi-presidential,electoral-authoritarian,electoral-authoritarian,parliamentary,0.782,0.800,0.800,0.800,0.800,0.800,0.104,0.500,0.500,0.800,53.5,49.1,46.8,53.7,51.5,53.0,75.6,54.4,54.3,51.1
2026-10-01,1.0174,1.0055,1.0146,1.0164,1.0136,1.1119,0.9971,0.9989,1.0109,1.0254,1.0157,1.0020,1.2028,1.0328,1.0506,1.0600,1.0378,1.1785,1.0016,1.0003,1.0246,1.0545,1.0722,1.0026,3387.95,5042.82,4009.56,2542.87,1919.31,1072.00,205.18,2564.71,1634.54,533.71,1.1790,0.6422,1.0458,1.4079,1.0156,0.5540,1.1583,0.1936,0.2318,0.3179,0.6198,0.6959,0.6484,0.6001,0.6379,0.7221,0.3509,0.6333,0.6474,0.6971,0.0190,0.0176,0.0297,0.0273,0.0225,0.0052,0.0853,0.0014,0.0139,0.0118,0.9808,0.9801,0.9906,0.9796,0.9812,1.0000,0.9685,1.0000,0.9750,1.0000,51.84,183.49,78.37,52.18,58.62,9.69,5.86,236.05,57.05,78.21,0.0000,0.0000,0.0000,0.0000,0.0000,0.0000,0.4619,0.0407,0.0000,0.0000,104304,74663,53998,54750,86225,66964,95775,572442,131417,91336,0,0,0,0,0,0,0,0,0,0,0.0000,0.0000,0.0000,0.0000,0.0000,0.0000,0.0874,0.0574,0.0000,0.0000,0,0,0,0,0,0,0,1,0,0,0,0,0,0,0,0,1,1,0,0,0.1293,0.0786,0.1398,0.0530,0.0923,0.0131,0.0720,0.1058,0.0051,0.1378,0.000,0.000,0.000,0.000,0.000,0.000,0.033,0.149,0.000,0.000,semi-presidential,parliamentary,parliamentary,parliamentary,parliamentary,semi-presidential,semi-presidential,electoral-authoritarian,electoral-authoritarian,parliamentary,0.792,0.800,0.800,0.800,0.800,0.800,0.113,0.500,0.500,0.800,56.5,51.8,49.3,57.1,54.5,56.2,77.4,57.2,57.8,53.8
2026-11-01,1.0222,1.0054,1.0129,1.0157,1.0146,1.1017,0.9985,0.9984,1.0087,1.0270,1.0154,1.0039,1.2088,1.0325,1.0750,1.0420,1.0569,1.1658,1.0324,1.0000,1.0235,1.0483,1.0173,1.0047,3402.47,5047.10,4011.86,2542.49,1926.35,1076.81,204.44,2564.68,1638.87,535.21,1.1758,0.6432,1.0470,1.4119,1.0181,0.5497,1.1681,0.1963,0.2318,0.3024,0.6292,0.6967,0.6428,0.5966,0.6424,0.7176,0.3970,0.6212,0.6567,0.6848,0.0203,0.0167,0.0319,0.0253,0.0286,0.0052,0.0858,0.0013,0.0149,0.0163,0.9807,0.9801,0.9906,0.9794,0.9810,1.0000,0.9680,1.0000,0.9748,1.0000,51.84,185.24,78.54,52.64,60.11,9.57,6.02,237.36,57.61,79.09,0.0000,0.0000,0.0000,0.0000,0.0000,0.0000,0.4621,0.0410,0.0000,0.0000,104304,74663,53998,54750,86225,66964,95775,572442,131417,91336,0,0,0,0,0,0,0,0,0,0,0.0000,0.0000,0.0000,0.0000,0.0000,0.0000,0.0989,0.0689,0.0000,0.0000,0,0,0,0,0,0,0,1,0,0,0,0,0,0,0,0,1,1,0,0,0.1301,0.0804,0.1413,0.0549,0.0931,0.0141,0.0742,0.1069,0.0061,0.1349,0.000,0.000,0.000,0.000,0.000,0.000,0.036,0.150,0.000,0.000,semi-presidential,parliamentary,parliamentary,parliamentary,parliamentary,semi-presidential,semi-presidential,electoral-authoritarian,electoral-authoritarian,parliamentary,0.800,0.800,0.800,0.800,0.800,0.800,0.125,0.500,0.500,0.800,59.6,54.6,51.6,60.4,57.6,59.2,79.8,60.6,61.4,56.5
2026-12-01,1.0261,1.0052,1.0126,1.0159,1.0160,1.0915,1.0017,0.9992,1.0059,1.0268,1.0145,1.0048,1.1328,1.0332,1.0499,1.0561,1.0405,1.1562,1.0736,1.0006,1.0194,1.0306,1.0162,1.0049,3421.22,5042.39,4013.34,2553.56,1936.77,1080.84,204.17,2568.17,1644.98,537.04,1.1709,0.6453,1.0481,1.4125,1.0148,0.5459,1.1717,0.1982,0.2315,0.2867,0.6351,0.6936,0.6454,0.6106,0.6304,0.7198,0.4198,0.6370,0.6559,0.6921,0.0141,0.0124,0.0267,0.0220,0.0179,0.0008,0.0833,0.0014,0.0111,0.0117,0.9801,0.9794,0.9903,0.9789,0.9806,1.0000,0.9685,1.0000,0.9741,1.0000,53.51,184.96,79.28,53.18,60.63,9.90,5.83,242.11,57.73,80.19,0.0000,0.0000,0.0000,0.0000,0.0000,0.0000,0.4617,0.0425,0.0000,0.0000,104304,74663,53998,54750,86225,66964,95775,572442,131417,91336,0,0,0,0,0,0,0,0,0,0,0.0000,0.0000,0.0000,0.0000,0.0000,0.0000,0.1081,0.0781,0.0000,0.0000,0,0,0,0,0,0,0,1,0,0,0,0,0,0,0,0,1,1,0,0,0.1314,0.0805,0.1421,0.0549,0.0943,0.0147,0.0735,0.1064,0.0068,0.1379,0.000,0.000,0.000,0.000,0.000,0.000,0.037,0.150,0.000,0.000,semi-presidential,parliamentary,parliamentary,parliamentary,parliamentary,semi-presidential,semi-presidential,electoral-authoritarian,electoral-authoritarian,parliamentary,0.800,0.800,0.800,0.800,0.800,0.800,0.134,0.500,0.500,0.800,52.7,57.3,54.1,66.0,60.6,62.4,81.8,63.4,65.0,59.2
2027-01-01,1.0296,1.0057,1.0110,1.0154,1.0144,1.0809,1.0035,0.9992,1.0029,1.0253,1.0135,1.0033,1.1902,1.0338,1.0484,1.0470,1.0384,1.1445,1.0252,1.0355,1.0164,1.0299,1.0153,1.0034,3422.07,5044.03,4012.13,2555.14,1942.57,1083.09,203.49,2572.79,1652.55,538.08,1.1715,0.6480,1.0499,1.4137,1.0140,0.5429,1.1781,0.2005,0.2311,0.2715,0.6400,0.6922,0.6527,0.6076,0.6465,0.7249,0.4060,0.6487,0.6642,0.6956,0.0179,0.0147,0.0291,0.0213,0.0215,0.0036,0.0847,0.0015,0.0132,0.0117,0.9799,0.9793,0.9902,0.9787,0.9804,1.0000,0.9682,1.0000,0.9739,1.0000,52.60,185.06,79.96,52.47,60.38,9.81,5.85,239.22,57.79,79.88,0.0000,0.0000,0.0000,0.0000,0.0000,0.0000,0.4618,0.0424,0.0000,0.0000,104304,74663,53998,54750,86225,66964,95775,572442,131417,91336,0,0,0,0,0,0,0,0,0,0,0.0000,0.0000,0.0000,0.0000,0.0000,0.0000,0.1196,0.0896,0.0000,0.0000,0,0,0,0,0,0,0,1,0,0,0,0,0,0,0,0,1,1,0,0,0.1043,0.0686,0.1111,0.0428,0.0734,0.0133,0.0670,0.1062,0.0079,0.1371,0.000,0.000,0.000,0.000,0.000,0.000,0.036,0.151,0.000,0.000,semi-presidential,parliamentary,parliamentary,parliamentary,parliamentary,semi-presidential,semi-presidential,electoral-authoritarian,electoral-authoritarian,parliamentary,0.800,0.800,0.800,0.800,0.800,0.800,0.145,0.500,0.500,0.800,54.8,62.7,56.5,69.4,63.7,65.5,84.4,66.9,68.6,61.8
2027-02-01,1.0347,1.0050,1.0091,1.0154,1.0117,1.0764,1.0044,0.9989,1.0035,1.0250,1.0152,0.9991,1.2189,1.0332,1.0460,1.0549,1.0353,1.1380,1.0203,1.0003,1.0427,1.0294,1.0812,0.9999,3417.95,5055.15,4010.22,2553.10,1945.67,1086.04,203.19,2578.42,1661.20,537.57,1.1709,0.6481,1.0518,1.4165,1.0146,0.5396,1.1818,0.2022,0.2305,0.2570,0.6262,0.6739,0.6357,0.5918,0.6374,0.7177,0.3915,0.6716,0.6704,0.7005,0.0196,0.0168,0.0305,0.0262,0.0238,0.0049,0.0860,0.0025,0.0150,0.0125,0.9799,0.9793,0.9902,0.9787,0.9804,1.0000,0.9682,1.0000,0.9739,1.0000,52.27,184.39,79.24,52.14,60.01,9.81,5.80,238.28,57.89,79.42,0.0000,0.0000,0.0000,0.0000,0.0000,0.0000,0.4603,0.0423,0.0000,0.0000,104304,74663,53998,54750,86225,66964,95775,572442,131417,91336,0,0,0,0,0,0,0,0,0,0,0.0000,0.0000,0.0000,0.0000,0.0000,0.0000,0.1288,0.0988,0.0000,0.0000,0,0,0,0,0,0,0,1,0,0,0,0,0,0,0,0,1,1,0,0,0.0811,0.0575,0.0873,0.0317,0.0557,0.0116,0.0613,0.1074,0.0051,0.1387,0.000,0.000,0.000,0.000,0.000,0.000,0.031,0.151,0.000,0.000,semi-presidential,parliamentary,parliamentary,parliamentary,parliamentary,semi-presidential,semi-presidential,electoral-authoritarian,electoral-authoritarian,parliamentary,0.740,0.800,0.800,0.800,0.800,0.800,0.154,0.500,0.500,0.800,57.9,65.3,58.9,72.7,66.7,68.6,86.3,69.9,67.3,64.6
2027-03-01,1.0376,1.0049,1.0109,1.0136,1.0101,1.0726,1.0057,0.9974,1.0026,1.0242,1.0173,0.9959,1.1303,1.0332,1.1495,1.0140,1.0335,1.1335,1.0777,0.9994,1.0164,1.0334,1.0670,0.9963,3395.15,5055.15,3990.81,2549.15,1940.98,1088.90,202.20,2579.27,1666.92,536.69,1.1796,0.6481,1.0582,1.4202,1.0190,0.5364,1.2044,0.2042,0.2302,0.2427,0.5717,0.6739,0.5747,0.5795,0.6045,0.7164,0.4446,0.6628,0.6705,0.6949,0.0214,0.0133,0.0204,0.0224,0.0246,0.0000,0.0857,0.0017,0.0146,0.0151,0.9799,0.9792,0.9902,0.9787,0.9803,1.0000,0.9682,1.0000,0.9739,1.0000,53.25,187.10,79.29,54.19,62.27,9.79,6.15,244.95,58.77,81.02,0.0000,0.0000,0.0000,0.0000,0.0000,0.0000,0.4606,0.0418,0.0000,0.0000,104304,74663,53998,54750,86225,66964,95775,572442,131417,91336,0,0,0,0,0,0,0,0,0,0,0.0000,0.0000,0.0000,0.0000,0.0000,0.0000,0.1380,0.1080,0.0000,0.0000,0,0,0,0,0,0,0,1,0,0,0,0,0,0,0,0,1,1,0,0,0.0994,0.0638,0.1069,0.0414,0.0671,0.0116,0.0624,0.1067,0.0043,0.1359,0.000,0.000,0.000,0.000,0.000,0.000,0.026,0.152,0.000,0.000,semi-presidential,parliamentary,parliamentary,parliamentary,parliamentary,semi-presidential,semi-presidential,electoral-authoritarian,electoral-authoritarian,parliamentary,0.750,0.800,0.800,0.800,0.800,0.800,0.164,0.500,0.500,0.800,60.6,65.3,55.9,75.9,69.5,71.7,88.4,72.9,70.8,67.3
2027-04-01,1.0404,1.0051,1.0122,1.0087,1.0064,1.0664,1.0085,0.9964,1.0023,1.0211,1.0171,0.9936,1.2016,1.0337,1.1165,1.0095,1.0305,1.1278,1.0907,1.0162,1.0160,1.0257,1.0191,0.9937,3384.10,5062.33,3961.24,2543.58,1944.76,1089.70,201.68,2576.50,1670.46,537.52,1.1843,0.6496,1.0706,1.4246,1.0189,0.5342,1.2091,0.2066,0.2303,0.2276,0.5643,0.6587,0.5626,0.5768,0.5896,0.7175,0.4293,0.6576,0.6619,0.6969,0.0236,0.0164,0.0204,0.0236,0.0268,0.0036,0.0864,0.0017,0.0158,0.0142,0.9797,0.9791,0.9902,0.9785,0.9802,1.0000,0.9680,1.0000,0.9737,1.0000,51.85,185.23,77.37,53.34,61.39,9.63,5.84,240.45,58.68,80.24,0.0000,0.0000,0.0000,0.0000,0.0000,0.0000,0.4603,0.0423,0.0000,0.0000,104304,74663,53998,54750,86225,66964,95775,572442,131417,91336,0,0,0,0,0,0,0,0,0,0,0.0000,0.0000,0.0000,0.0000,0.0000,0.0000,0.1472,0.1172,0.0000,0.0000,0,0,0,0,0,0,0,1,0,0,0,0,0,0,0,0,1,1,0,0,0.1211,0.0714,0.1326,0.0501,0.0865,0.0109,0.0578,0.1070,0.0033,0.1362,0.000,0.000,0.000,0.000,0.000,0.000,0.023,0.154,0.000,0.000,semi-presidential,parliamentary,parliamentary,parliamentary,parliamentary,semi-presidential,semi-presidential,electoral-authoritarian,electoral-authoritarian,parliamentary,0.759,0.800,0.800,0.800,0.800,0.800,0.173,0.500,0.500,0.800,63.3,70.4,58.6,79.1,72.3,74.8,90.5,75.8,74.4,70.0
2027-05-01,1.0438,1.0025,1.0145,1.0065,1.0019,1.0591,1.0095,0.9961,1.0014,1.0184,1.0125,0.9928,1.1399,1.0301,1.1508,1.0315,1.0262,1.1204,1.0197,0.9976,1.0151,1.0239,1.0149,0.9928,3391.79,5066.23,3961.58,2539.20,1949.25,1094.68,200.79,2581.46,1674.21,538.18,1.1832,0.6500,1.0713,1.4281,1.0181,0.5299,1.2163,0.2088,0.2304,0.2125,0.5757,0.6605,0.5779,0.5834,0.5970,0.7163,0.3972,0.6596,0.6454,0.6980,0.0182,0.0134,0.0266,0.0223,0.0223,0.0002,0.0819,0.0011,0.0175,0.0106,0.9804,0.9797,0.9905,0.9792,0.9809,1.0000,0.9684,1.0000,0.9745,1.0000,52.89,186.15,77.66,53.67,62.35,9.71,5.87,243.85,58.92,81.19,0.0000,0.0000,0.0000,0.0000,0.0000,0.0000,0.4604,0.0422,0.0000,0.0000,104304,74663,53998,54750,86225,66964,95775,572442,131417,91336,0,0,0,0,0,0,0,0,0,0,0.0000,0.0000,0.0000,0.0000,0.0000,0.0000,0.1587,0.1287,0.0000,0.0000,0,0,0,0,0,0,0,1,0,0,0,0,0,0,0,0,1,1,0,0,0.1202,0.0705,0.1309,0.0492,0.0853,0.0109,0.0581,0.1061,0.0028,0.1365,0.000,0.000,0.000,0.000,0.000,0.000,0.022,0.155,0.000,0.000,semi-presidential,parliamentary,parliamentary,parliamentary,parliamentary,semi-presidential,semi-presidential,electoral-authoritarian,electoral-authoritarian,parliamentary,0.776,0.800,0.800,0.800,0.800,0.800,0.184,0.500,0.500,0.800,30.0,72.9,60.7,82.3,75.0,77.9,93.1,79.5,77.9,72.7
2027-06-01,1.0454,1.0005,1.0192,1.0065,0.9982,1.0503,1.0111,0.9965,1.0015,1.0177,1.0092,0.9930,1.1325,1.0288,1.2609,1.0407,1.0216,1.1093,1.0534,0.9980,1.0616,1.0205,1.0109,0.9933,3398.86,5076.26,3963.92,2540.19,1953.27,1096.85,200.12,2585.46,1681.90,537.71,1.1814,0.6523,1.0712,1.4282,1.0175,0.5271,1.2217,0.2105,0.2300,0.1979,0.5842,0.6584,0.5908,0.5790,0.6018,0.7144,0.4201,0.6472,0.6470,0.7039,0.0260,0.0167,0.0355,0.0302,0.0312,0.0000,0.0670,0.0031,0.0271,0.0150,0.9799,0.9792,0.9902,0.9787,0.9804,1.0000,0.9679,1.0000,0.9739,1.0000,52.98,185.34,77.69,53.19,61.70,9.85,5.63,242.34,59.20,81.60,0.0000,0.0000,0.0000,0.0000,0.0000,0.0000,0.4602,0.0425,0.0000,0.0000,104304,74663,53998,54750,86225,66964,95775,572442,131417,91336,0,0,0,0,0,0,0,0,0,0,0.0000,0.0000,0.0000,0.0000,0.0000,0.0000,0.1679,0.1379,0.0000,0.0000,0,0,0,0,0,0,0,1,0,0,0,0,0,0,0,0,1,1,0,0,0.1261,0.0723,0.1371,0.0512,0.0894,0.0113,0.0612,0.1048,0.0030,0.1370,0.000,0.000,0.000,0.000,0.000,0.000,0.022,0.155,0.000,0.000,semi-presidential,parliamentary,parliamentary,parliamentary,parliamentary,semi-presidential,semi-presidential,electoral-authoritarian,electoral-authoritarian,parliamentary,0.786,0.800,0.800,0.800,0.770,0.800,0.194,0.500,0.500,0.800,32.6,74.9,62.9,85.5,77.9,80.9,95.1,82.4,81.4,75.4
2027-07-01,1.0455,1.0007,1.0229,1.0057,0.9958,1.0439,1.0112,0.9941,1.0019,1.0151,1.0089,0.9937,1.1277,1.0350,1.1683,1.0233,1.0194,1.1025,1.0127,0.9959,1.0154,1.0181,1.0106,0.9940,3412.48,5089.06,3970.95,2539.96,1964.76,1101.19,199.84,2583.60,1688.73,538.57,1.1774,0.6511,1.0696,1.4288,1.0127,0.5232,1.2247,0.2128,0.2296,0.1829,0.5988,0.6600,0.6109,0.5817,0.6087,0.7166,0.4233,0.6448,0.6320,0.7063,0.0189,0.0141,0.0238,0.0232,0.0230,0.0007,0.0576,0.0010,0.0175,0.0104,0.9746,0.9736,0.9875,0.9740,0.9760,0.9953,0.9670,1.0000,0.9695,1.0000,51.98,184.17,76.74,52.62,60.91,9.74,5.52,238.00,58.87,81.83,0.0000,0.0000,0.0000,0.0000,0.0000,0.0000,0.4601,0.0425,0.0000,0.0000,104304,74663,53998,54750,86225,66964,95775,572442,131417,91336,0,0,0,0,0,0,0,0,0,0,0.0000,0.0000,0.0000,0.0000,0.0000,0.0000,0.1771,0.1471,0.0000,0.0000,0,0,0,0,0,0,0,1,0,0,0,0,0,0,0,0,1,1,0,0,0.1263,0.0728,0.1378,0.0519,0.0899,0.0113,0.0637,0.1035,0.0035,0.1364,0.000,0.000,0.000,0.000,0.000,0.000,0.023,0.156,0.000,0.000,semi-presidential,parliamentary,parliamentary,parliamentary,parliamentary,semi-presidential,semi-presidential,electoral-authoritarian,electoral-authoritarian,parliamentary,0.796,0.800,0.800,0.800,0.780,0.800,0.203,0.500,0.500,0.800,35.2,77.5,65.1,88.8,80.7,84.0,97.1,85.3,84.8,78.2
2027-08-01,1.0421,1.0020,1.0258,1.0028,0.9933,1.0383,1.0095,0.9933,1.0013,1.0110,1.0089,0.9956,1.1225,1.0487,1.1751,1.0030,1.0169,1.0951,1.0109,0.9947,1.0149,1.0146,1.0288,0.9967,3424.15,5094.09,3976.52,2540.11,1965.84,1104.07,198.23,2588.22,1691.24,539.93,1.1740,0.6508,1.0681,1.4290,1.0175,0.5198,1.2359,0.2150,0.2299,0.1677,0.6095,0.6599,0.6368,0.5883,0.6301,0.7181,0.4457,0.6504,0.6371,0.7044,0.0210,0.0156,0.0185,0.0247,0.0249,0.0019,0.0572,0.0012,0.0162,0.0116,0.9639,0.9632,0.9820,0.9650,0.9664,0.9869,0.9658,1.0000,0.9618,1.0000,51.52,182.89,75.19,52.04,60.38,9.65,5.44,235.62,58.62,82.02,0.0000,0.0000,0.0000,0.0000,0.0000,0.0000,0.4602,0.0424,0.0000,0.0000,104304,74663,53998,54750,86225,66964,95775,572442,131417,91336,0,0,0,0,0,0,0,0,0,0,0.0000,0.0000,0.0000,0.0000,0.0000,0.0000,0.1886,0.1586,0.0000,0.0000,0,0,0,0,0,0,0,1,0,0,0,0,0,0,0,0,1,1,0,0,0.1270,0.0737,0.1391,0.0529,0.0910,0.0112,0.0663,0.1026,0.0046,0.1363,0.000,0.000,0.000,0.000,0.000,0.000,0.025,0.157,0.000,0.000,semi-presidential,parliamentary,parliamentary,parliamentary,parliamentary,semi-presidential,semi-presidential,electoral-authoritarian,electoral-authoritarian,parliamentary,0.800,0.800,0.800,0.800,0.847,0.800,0.214,0.500,0.500,0.800,37.9,80.0,67.5,92.1,40.0,89.1,99.8,88.9,88.3,80.9
2027-09-01,1.0390,1.0020,1.0261,0.9966,0.9935,1.0310,1.0068,0.9940,0.9998,1.0065,1.0100,0.9967,1.1204,1.0305,1.0634,0.9977,1.0167,1.0880,1.0084,1.0317,1.0131,1.0092,1.0676,0.9966,3424.97,5092.25,3990.46,2544.96,1969.23,1110.86,198.52,2596.01,1701.67,540.29,1.1744,0.6511,1.0643,1.4262,1.0158,0.5148,1.2349,0.2165,0.2297,0.1528,0.6219,0.6661,0.6550,0.6043,0.5926,0.7197,0.4486,0.6661,0.6525,0.7003,0.0141,0.0098,0.0134,0.0152,0.0173,0.0000,0.0605,0.0017,0.0105,0.0132,0.9796,0.9790,0.9901,0.9783,0.9800,1.0000,0.9676,1.0000,0.9735,1.0000,51.76,183.44,75.47,52.23,60.60,9.73,5.41,237.71,59.81,81.87,0.0000,0.0000,0.0000,0.0000,0.0000,0.0000,0.4592,0.0424,0.0000,0.0000,104304,74663,53998,54750,86225,66964,95775,572442,131417,91336,0,0,0,0,0,0,0,0,0,0,0.0000,0.0000,0.0000,0.0000,0.0000,0.0000,0.1978,0.1678,0.0000,0.0000,0,0,0,0,0,0,0,1,0,0,0,0,0,0,0,0,1,1,0,0,0.1277,0.0746,0.1402,0.0537,0.0920,0.0111,0.0655,0.1021,0.0053,0.1360,0.000,0.000,0.000,0.000,0.000,0.000,0.027,0.157,0.000,0.000,semi-presidential,parliamentary,parliamentary,parliamentary,parliamentary,semi-presidential,semi-presidential,electoral-authoritarian,electoral-authoritarian,parliamentary,0.800,0.800,0.800,0.800,0.843,0.800,0.223,0.500,0.500,0.800,40.7,82.5,69.9,96.3,41.0,92.2,100.0,91.9,95.2,83.6
2027-10-01,1.0389,1.0038,1.0257,0.9927,0.9918,1.0249,1.0058,0.9958,0.9975,1.0010,1.0118,0.9987,1.1318,1.0323,1.0630,0.9937,1.0148,1.0812,1.0071,1.1058,1.0106,1.0029,1.0495,0.9997,3432.62,5081.88,3984.95,2547.16,1973.11,1115.88,198.44,2590.64,1707.47,540.44,1.1724,0.6523,1.0697,1.4249,1.0138,0.5108,1.2362,0.2196,0.2295,0.1381,0.6255,0.6673,0.6786,0.6147,0.6206,0.7155,0.4204,0.6946,0.6590,0.7018,0.0173,0.0100,0.0169,0.0153,0.0195,0.0000,0.0868,0.0023,0.0109,0.0174,0.9796,0.9791,0.9901,0.9783,0.9799,1.0000,0.9675,1.0000,0.9734,1.0000,53.10,184.68,76.39,53.68,62.64,9.79,5.47,245.60,60.94,81.55,0.0000,0.0000,0.0000,0.0000,0.0000,0.0000,0.4592,0.0425,0.0000,0.0000,104304,74663,53998,54750,86225,66964,95775,572442,131417,91336,0,0,0,0,0,0,0,0,0,0,0.0000,0.0000,0.0000,0.0000,0.0000,0.0000,0.2093,0.1793,0.0000,0.0000,0,0,0,0,0,0,0,1,0,0,0,0,0,0,0,0,1,1,0,0,0.1294,0.0759,0.1419,0.0552,0.0935,0.0137,0.0640,0.1059,0.0065,0.1358,0.000,0.000,0.000,0.000,0.000,0.000,0.030,0.158,0.000,0.000,semi-presidential,parliamentary,parliamentary,parliamentary,parliamentary,semi-presidential,semi-presidential,electoral-authoritarian,electoral-authoritarian,parliamentary,0.800,0.800,0.800,0.800,0.833,0.800,0.235,0.500,0.500,0.800,43.5,85.1,71.9,100.0,43.6,95.3,100.0,95.8,98.8,86.4
2027-11-01,1.0397,1.0042,1.0274,0.9888,0.9892,1.0196,1.0053,0.9969,0.9973,0.9938,1.0130,0.9993,1.1239,1.0343,1.1590,0.9891,1.0121,1.0745,1.0065,0.9985,1.0104,0.9956,1.0148,0.9993,3441.96,5086.93,4001.85,2551.65,1974.37,1119.77,198.49,2596.52,1718.65,541.23,1.1698,0.6516,1.0650,1.4223,1.0130,0.5078,1.2364,0.2212,0.2286,0.1232,0.6312,0.6795,0.6767,0.6152,0.6320,0.7279,0.4162,0.6733,0.6610,0.7056,0.0175,0.0131,0.0157,0.0219,0.0217,0.0002,0.0591,0.0010,0.0142,0.0100,0.9782,0.9776,0.9894,0.9771,0.9788,0.9988,0.9675,1.0000,0.9723,1.0000,52.66,184.25,76.92,53.51,62.07,10.02,5.39,241.60,60.35,82.14,0.0000,0.0000,0.0000,0.0000,0.0000,0.0000,0.4591,0.0426,0.0000,0.0000,104304,74663,53998,54750,86225,66964,95775,572442,131417,91336,0,0,0,0,0,0,0,0,0,0,0.0000,0.0000,0.0000,0.0000,0.0000,0.0000,0.2185,0.1885,0.0000,0.0000,0,0,0,0,0,0,0,1,0,0,0,0,0,0,0,0,1,1,0,0,0.1364,0.0765,0.1424,0.0558,0.0939,0.0145,0.0667,0.1080,0.0069,0.1359,0.000,0.000,0.000,0.000,0.000,0.000,0.030,0.153,0.000,0.000,semi-presidential,parliamentary,parliamentary,parliamentary,parliamentary,semi-presidential,semi-presidential,electoral-authoritarian,electoral-authoritarian,parliamentary,0.800,0.800,0.800,0.800,0.823,0.800,0.244,0.500,0.500,0.800,46.3,87.7,74.5,100.0,46.3,30.0,100.0,98.9,100.0,89.1
2027-12-01,1.0412,1.0038,1.0288,0.9865,1.0113,1.0152,1.0048,0.9960,0.9976,0.9886,1.0123,0.9993,1.1340,1.0320,1.0663,0.9869,1.1771,1.0699,1.0062,1.0055,1.0105,0.9889,1.0141,0.9993,3447.36,5089.40,4006.44,2548.84,1984.62,1122.54,198.56,2604.82,1722.59,541.60,1.1686,0.6512,1.0635,1.4237,1.0075,0.5043,1.2364,0.2226,0.2287,0.1083,0.6342,0.6767,0.6745,0.5895,0.6458,0.7270,0.3772,0.6538,0.6807,0.6630,0.0114,0.0100,0.0239,0.0407,0.0489,0.0000,0.0801,0.0011,0.0105,0.0627,0.9800,0.9793,0.9903,0.9788,0.9805,1.0000,0.9686,1.0000,0.9740,1.0000,52.98,184.45,76.09,52.90,62.17,9.50,5.14,244.59,61.13,81.79,0.0000,0.0000,0.0000,0.0000,0.0000,0.0000,0.4591,0.0426,0.0000,0.0000,104304,74663,53998,54750,86225,66964,95775,572442,131417,91336,0,0,0,0,0,0,0,0,0,0,0.0000,0.0000,0.0000,0.0000,0.0000,0.0000,0.2277,0.1977,0.0000,0.0000,0,0,0,0,0,0,0,1,0,0,0,0,0,0,0,0,1,1,0,0,0.1282,0.0732,0.1332,0.0523,0.0937,0.0144,0.0706,0.1098,0.0068,0.1360,0.000,0.000,0.000,0.000,0.000,0.000,0.028,0.152,0.000,0.000,semi-presidential,parliamentary,parliamentary,parliamentary,parliamentary,semi-presidential,semi-presidential,electoral-authoritarian,electoral-authoritarian,parliamentary,0.800,0.800,0.800,0.800,0.813,0.800,0.253,0.500,0.500,0.800,49.1,90.3,77.0,100.0,49.1,33.0,100.0,100.0,100.0,91.8
2028-01-01,1.0412,1.0024,1.0274,0.9840,1.0627,1.0103,1.0016,0.9963,0.9961,0.9848,1.0090,1.0004,1.1250,1.0305,1.0649,1.0037,1.2035,1.0651,1.0032,1.0358,1.0092,0.9853,1.0113,1.0006,3454.45,5082.26,4023.23,2553.65,1990.23,1127.51,198.30,2605.72,1731.50,541.18,1.1667,0.6562,1.0588,1.4211,1.0044,0.4999,1.2383,0.2252,0.2281,0.0937,0.6428,0.6841,0.6724,0.6000,0.6319,0.7284,0.3807,0.6452,0.6798,0.6457,0.0127,0.0099,0.0328,0.0355,0.0436,0.0000,0.0617,0.0013,0.0105,0.0558,0.9799,0.9792,0.9902,0.9787,0.9804,1.0000,0.9684,1.0000,0.9739,1.0000,52.24,183.82,76.02,52.41,61.45,9.60,5.08,240.86,60.90,81.92,0.0000,0.0000,0.0000,0.0000,0.0000,0.0000,0.4591,0.0427,0.0000,0.0000,104304,74663,53998,54750,86225,66964,95775,572442,131417,91336,0,0,0,0,0,0,0,0,0,0,0.0000,0.0000,0.0000,0.0000,0.0000,0.0000,0.2392,0.2092,0.0000,0.0000,0,0,0,0,0,0,0,1,0,0,0,0,0,0,0,0,1,1,0,0,0.1379,0.0874,0.1433,0.0623,0.1010,0.0155,0.0750,0.1080,0.0079,0.1362,0.000,0.000,0.000,0.000,0.000,0.000,0.025,0.149,0.000,0.000,semi-presidential,parliamentary,parliamentary,parliamentary,parliamentary,semi-presidential,semi-presidential,electoral-authoritarian,electoral-authoritarian,parliamentary,0.800,0.800,0.800,0.800,0.803,0.800,0.265,0.500,0.500,0.800,52.0,93.0,79.6,100.0,51.9,36.0,100.0,100.0,100.0,94.3
2028-02-01,1.0402,1.0017,1.0223,0.9833,1.0991,1.0043,0.9999,0.9967,0.9948,0.9834,1.0051,1.0015,1.1219,1.0301,1.0602,1.0032,1.2166,1.0576,1.0012,1.0098,1.0073,0.9837,1.0075,1.0018,3466.34,5086.38,4028.43,2553.11,1995.50,1134.14,198.37,2608.28,1736.36,540.21,1.1633,0.6557,1.0573,1.4215,1.0015,0.4999,1.2379,0.2271,0.2293,0.0791,0.6518,0.6938,0.6687,0.6103,0.6363,0.7607,0.4159,0.6587,0.6810,0.6443,0.0113,0.0098,0.0278,0.0298,0.0355,0.0000,0.0580,0.0011,0.0103,0.0429,0.9796,0.9790,0.9902,0.9784,0.9801,1.0000,0.9680,1.0000,0.9735,1.0000,51.69,183.18,77.04,51.88,60.50,9.76,5.00,237.14,60.41,81.63,0.0000,0.0000,0.0000,0.0000,0.0000,0.0000,0.4591,0.0427,0.0000,0.0000,104304,74663,53998,54750,86225,66964,95775,572442,131417,91336,0,0,0,0,0,0,0,0,0,0,0.0000,0.0000,0.0000,0.0000,0.0000,0.0000,0.2484,0.2184,0.0000,0.0000,0,0,0,0,0,0,0,1,0,0,0,0,0,0,0,0,1,1,0,0,0.1390,0.0882,0.1442,0.0631,0.1018,0.0201,0.0784,0.1066,0.0087,0.1363,0.000,0.000,0.000,0.000,0.000,0.000,0.024,0.152,0.000,0.000,semi-presidential,parliamentary,parliamentary,parliamentary,parliamentary,semi-presidential,semi-presidential,electoral-authoritarian,electoral-authoritarian,parliamentary,0.800,0.800,0.800,0.800,0.800,0.800,0.274,0.500,0.500,0.800,54.9,94.1,82.1,100.0,54.7,40.3,100.0,100.0,100.0,96.8
2028-03-01,1.0360,1.0016,1.0192,0.9814,1.1215,1.0013,1.0012,0.9970,0.9931,0.9824,1.0004,1.0011,1.1159,1.0301,1.0569,0.9816,1.2174,1.0543,1.0180,1.0355,1.0058,0.9907,1.0021,1.0013,3470.19,5107.87,4035.14,2556.84,1999.13,1138.29,198.42,2611.77,1739.42,539.91,1.1645,0.6531,1.0555,1.4194,0.9995,0.4959,1.2375,0.2289,0.2285,0.0645,0.6541,0.7252,0.6727,0.6208,0.6423,0.7527,0.4428,0.6725,0.6771,0.6499,0.0129,0.0097,0.0171,0.0261,0.0318,0.0000,0.0571,0.0015,0.0104,0.0373,0.9797,0.9790,0.9902,0.9784,0.9801,1.0000,0.9681,1.0000,0.9736,1.0000,51.02,182.65,75.55,51.57,60.22,9.74,4.99,234.79,60.19,81.65,0.0000,0.0000,0.0000,0.0000,0.0000,0.0000,0.4591,0.0427,0.0000,0.0000,104304,74663,53998,54750,86225,66964,95775,572442,131417,91336,0,0,0,0,0,0,0,0,0,0,0.0000,0.0000,0.0000,0.0000,0.0000,0.0000,0.2576,0.2276,0.0000,0.0000,0,0,0,0,0,0,0,1,0,0,0,0,0,0,0,0,1,1,0,0,0.1384,0.0879,0.1439,0.0627,0.1015,0.0199,0.0796,0.1067,0.0122,0.1358,0.000,0.000,0.000,0.000,0.000,0.000,0.021,0.152,0.000,0.000,semi-presidential,parliamentary,parliamentary,parliamentary,parliamentary,semi-presidential,semi-presidential,electoral-authoritarian,electoral-authoritarian,parliamentary,0.800,0.800,0.800,0.800,0.800,0.800,0.283,0.500,0.500,0.800,57.8,98.9,84.7,100.0,57.5,43.4,100.0,100.0,100.0,99.3
2028-04-01,1.0326,1.0007,1.0161,0.9818,1.1372,0.9980,1.0028,0.9992,0.9925,0.9821,0.9969,0.9997,1.1130,1.0284,1.0535,1.0056,1.2091,1.0508,1.0404,1.0633,1.0047,0.9821,0.9986,0.9997,3474.94,5126.31,4051.93,2563.92,2008.74,1144.87,198.74,2610.07,1747.41,540.05,1.1632,0.6508,1.0512,1.4154,0.9947,0.4909,1.2347,0.2318,0.2265,0.0498,0.6515,0.7258,0.6676,0.6243,0.6516,0.7504,0.4524,0.6668,0.6973,0.6553,0.0147,0.0101,0.0282,0.0243,0.0279,0.0000,0.0593,0.0017,0.0104,0.0310,0.9803,0.9795,0.9905,0.9791,0.9809,1.0000,0.9690,1.0000,0.9744,1.0000,51.20,182.56,76.15,51.39,60.00,10.02,4.99,235.13,59.78,81.15,0.0000,0.0000,0.0000,0.0000,0.0000,0.0000,0.4591,0.0427,0.0000,0.0000,104304,74663,53998,54750,86225,66964,95775,572442,131417,91336,0,0,0,0,0,0,0,0,0,0,0.0000,0.0000,0.0000,0.0000,0.0000,0.0000,0.2691,0.2391,0.0000,0.0000,0,0,0,0,0,0,0,1,0,0,0,0,0,0,0,0,1,1,0,0,0.1367,0.0860,0.1411,0.0606,0.0995,0.0194,0.0795,0.1059,0.0114,0.1370,0.000,0.000,0.000,0.000,0.000,0.000,0.017,0.153,0.000,0.000,semi-presidential,parliamentary,parliamentary,parliamentary,parliamentary,semi-presidential,semi-presidential,electoral-authoritarian,electoral-authoritarian,parliamentary,0.800,0.800,0.800,0.800,0.800,0.800,0.295,0.500,0.500,0.800,59.5,100.0,87.2,100.0,60.4,46.6,100.0,100.0,100.0,100.0
2028-05-01,1.0299,0.9987,1.0137,0.9821,1.1479,0.9966,1.0036,0.9996,0.9943,0.9820,0.9942,0.9994,1.1081,1.0268,1.0522,1.0100,1.2097,1.0527,1.0048,1.0146,1.0391,0.9921,0.9959,0.9994,3485.46,5134.78,4062.05,2567.34,2015.79,1150.75,199.10,2611.33,1756.51,540.22,1.1601,0.6497,1.0487,1.4137,0.9912,0.4862,1.2319,0.2368,0.2281,0.0351,0.6455,0.7240,0.6589,0.6232,0.6655,0.7455,0.4702,0.6554,0.6642,0.6578,0.0113,0.0106,0.0237,0.0245,0.0240,0.0000,0.0562,0.0024,0.0114,0.0231,0.9801,0.9794,0.9904,0.9789,0.9806,1.0000,0.9686,1.0000,0.9741,1.0000,50.81,184.07,78.04,51.38,60.07,10.14,5.19,232.65,59.87,81.36,0.0000,0.0000,0.0000,0.0000,0.0000,0.0000,0.4576,0.0437,0.0000,0.0000,104304,74663,53998,54750,86225,66964,95775,572442,131417,91336,0,0,0,0,0,0,0,0,0,0,0.0000,0.0000,0.0000,0.0000,0.0000,0.0000,0.2783,0.2483,0.0000,0.0000,0,0,0,0,0,0,0,1,0,0,0,0,0,0,0,0,1,1,0,0,0.1350,0.0856,0.1391,0.0603,0.0982,0.0193,0.0810,0.1056,0.0108,0.1373,0.000,0.000,0.000,0.000,0.000,0.000,0.015,0.154,0.000,0.000,semi-presidential,parliamentary,parliamentary,parliamentary,parliamentary,semi-presidential,semi-presidential,electoral-authoritarian,electoral-authoritarian,parliamentary,0.800,0.800,0.800,0.800,0.800,0.800,0.304,0.500,0.500,0.800,62.4,100.0,89.7,100.0,63.3,49.7,100.0,100.0,100.0,100.0
2028-06-01,1.0263,0.9952,1.0104,0.9827,1.1522,0.9951,1.0045,0.9998,0.9949,0.9844,0.9952,1.0010,1.1020,1.0222,1.0472,1.0204,1.1858,1.0494,1.0279,1.0248,1.0067,1.0691,1.0624,1.0019,3497.31,5139.96,4077.87,2580.30,2032.05,1155.97,199.29,2613.74,1763.30,539.09,1.1562,0.6491,1.0497,1.4066,0.9834,0.4819,1.2303,0.2388,0.2264,0.0206,0.6451,0.7259,0.6601,0.6274,0.6866,0.7404,0.4563,0.6751,0.6444,0.6676,0.0139,0.0111,0.0254,0.0243,0.0188,0.0000,0.0591,0.0021,0.0101,0.0164,0.9812,0.9805,0.9909,0.9801,0.9819,1.0000,0.9696,1.0000,0.9756,1.0000,51.17,182.12,76.21,51.38,59.85,10.46,5.25,233.05,59.64,80.56,0.0000,0.0000,0.0000,0.0000,0.0000,0.0000,0.4550,0.0410,0.0000,0.0000,104304,74663,53998,54750,86225,66964,95775,572442,131417,91336,0,0,0,0,0,0,0,0,0,0,0.0000,0.0000,0.0000,0.0000,0.0000,0.0000,0.2875,0.2575,0.0000,0.0000,0,0,0,0,0,0,0,1,0,0,0,0,0,0,0,0,1,1,0,0,0.1394,0.0876,0.1438,0.0621,0.1020,0.0206,0.0823,0.1055,0.0120,0.1380,0.000,0.000,0.000,0.000,0.000,0.000,0.013,0.153,0.000,0.000,semi-presidential,parliamentary,parliamentary,parliamentary,parliamentary,semi-presidential,semi-presidential,electoral-authoritarian,electoral-authoritarian,parliamentary,0.800,0.800,0.800,0.800,0.800,0.800,0.313,0.500,0.500,0.800,65.3,100.0,92.2,100.0,69.3,52.7,100.0,100.0,100.0,100.0
2028-07-01,1.0245,0.9936,1.0053,0.9838,1.1491,0.9948,1.0021,0.9979,0.9952,0.9890,0.9976,1.0022,1.1021,1.0208,1.0411,1.0311,1.1722,1.0491,1.0039,0.9996,1.0071,1.0719,1.0758,1.0023,3510.09,5153.19,4084.13,2585.91,2038.58,1161.47,199.19,2619.84,1766.82,538.52,1.1517,0.6474,1.0482,1.4037,0.9805,0.4774,1.2303,0.2410,0.2257,0.0060,0.6445,0.7374,0.6639,0.6309,0.6926,0.7490,0.4600,0.6617,0.6388,0.6768,0.0127,0.0121,0.0227,0.0273,0.0155,0.0000,0.0592,0.0018,0.0102,0.0109,0.9805,0.9800,0.9906,0.9792,0.9808,1.0000,0.9676,1.0000,0.9746,1.0000,52.03,181.67,75.33,53.25,60.49,10.35,5.27,238.62,60.58,80.00,0.0000,0.0000,0.0000,0.0000,0.0000,0.0000,0.4555,0.0409,0.0000,0.0000,104304,74663,53998,54750,86225,66964,95775,572442,131417,91336,0,0,0,0,0,0,0,0,0,0,0.0000,0.0000,0.0000,0.0000,0.0000,0.0000,0.2990,0.2690,0.0000,0.0000,0,0,0,0,0,0,0,1,0,0,0,0,0,0,0,0,1,1,0,0,0.1369,0.0864,0.1412,0.0615,0.1001,0.0204,0.0740,0.1069,0.0123,0.1376,0.000,0.000,0.000,0.000,0.000,0.000,0.012,0.152,0.000,0.000,semi-presidential,parliamentary,parliamentary,parliamentary,parliamentary,semi-presidential,semi-presidential,electoral-authoritarian,electoral-authoritarian,parliamentary,0.800,0.800,0.800,0.800,0.800,0.800,0.325,0.500,0.500,0.800,68.1,100.0,94.7,100.0,72.4,55.9,100.0,100.0,100.0,100.0
2028-08-01,1.0214,0.9955,1.0030,0.9862,1.1417,0.9926,0.9968,0.9961,0.9945,0.9924,1.0017,0.9999,1.0934,1.0581,1.0393,1.0403,1.1643,1.0468,0.9980,0.9973,1.0061,1.0690,1.1237,1.0005,3508.35,5153.94,4089.51,2592.87,2042.70,1165.42,198.74,2621.00,1776.47,540.45,1.1518,0.6474,1.0459,1.3999,0.9787,0.4736,1.2328,0.2431,0.2236,-0.0065,0.6367,0.7378,0.6755,0.6252,0.6713,0.7440,0.4518,0.6483,0.6619,0.6836,0.0180,0.0168,0.0269,0.0329,0.0197,0.0036,0.0533,0.0020,0.0134,0.0125,0.9495,0.9490,0.9752,0.9529,0.9544,0.9743,0.9687,1.0000,0.9527,1.0000,50.30,178.27,73.13,52.41,58.10,10.40,4.94,229.37,59.58,80.88,0.0000,0.0000,0.0000,0.0000,0.0000,0.0000,0.4560,0.0410,0.0000,0.0000,104304,74663,53998,54750,86225,66964,95775,572442,131417,91336,0,0,0,0,0,0,0,0,0,0,0.0000,0.0000,0.0000,0.0000,0.0000,0.0000,0.3082,0.2782,0.0000,0.0000,0,0,0,0,0,0,0,1,0,0,0,0,0,0,0,0,1,1,0,0,0.1110,0.0733,0.1130,0.0489,0.0802,0.0172,0.0656,0.1091,0.0092,0.1380,0.000,0.000,0.000,0.000,0.000,0.000,0.009,0.143,0.000,0.000,semi-presidential,parliamentary,parliamentary,parliamentary,parliamentary,semi-presidential,semi-presidential,electoral-authoritarian,electoral-authoritarian,parliamentary,0.800,0.800,0.800,0.800,0.800,0.800,0.334,0.500,0.500,0.800,71.0,100.0,98.6,100.0,75.3,59.0,100.0,100.0,100.0,100.0
2028-09-01,1.0165,0.9966,1.0037,0.9893,1.1311,0.9892,0.9944,0.9954,0.9939,0.9939,1.0050,0.9982,1.0931,1.0522,1.0662,1.0447,1.1551,1.0443,0.9955,0.9967,1.0149,1.0040,1.0813,0.9982,3501.00,5147.93,4083.23,2592.74,2052.14,1170.09,198.66,2627.23,1791.97,540.49,1.1539,0.6481,1.0476,1.4001,0.9744,0.4695,1.2329,0.2454,0.2199,-0.0162,0.6227,0.7344,0.6508,0.6142,0.6688,0.7357,0.4656,0.6658,0.6504,0.7066,0.0180,0.0174,0.0260,0.0347,0.0204,0.0028,0.0522,0.0017,0.0148,0.0112,0.9562,0.9553,0.9783,0.9584,0.9604,0.9803,0.9694,1.0000,0.9562,1.0000,50.66,177.66,72.75,52.76,58.91,10.33,4.96,232.58,60.11,80.53,0.0000,0.0000,0.0000,0.0000,0.0000,0.0000,0.4581,0.0437,0.0000,0.0000,104304,74663,53998,54750,86225,66964,95775,572442,131417,91336,0,0,0,0,0,0,0,0,0,0,0.0000,0.0000,0.0000,0.0000,0.0000,0.0000,0.3197,0.2897,0.0000,0.0000,0,0,0,0,0,0,0,1,0,0,0,0,0,0,0,0,1,1,0,0,0.1281,0.0804,0.1320,0.0563,0.0934,0.0167,0.0635,0.1112,0.0125,0.1375,0.000,0.000,0.000,0.000,0.000,0.000,0.006,0.145,0.000,0.000,semi-presidential,parliamentary,parliamentary,parliamentary,parliamentary,semi-presidential,semi-presidential,electoral-authoritarian,electoral-authoritarian,parliamentary,0.800,0.800,0.800,0.800,0.800,0.800,0.345,0.500,0.500,0.800,73.7,100.0,100.0,100.0,78.2,62.0,100.0,100.0,100.0,100.0
2028-10-01,1.0126,0.9988,1.0046,0.9938,1.1204,0.9900,0.9952,0.9945,0.9945,0.9935,1.0060,0.9988,1.0896,1.0827,1.0822,1.0541,1.1428,1.0450,1.0382,0.9958,1.0063,0.9941,1.0254,0.9990,3506.35,5160.14,4081.79,2593.59,2055.66,1175.33,198.86,2629.95,1800.56,541.31,1.1519,0.6466,1.0482,1.4017,0.9730,0.4652,1.2315,0.2474,0.2180,-0.0307,0.6204,0.7280,0.6594,0.6215,0.6680,0.7323,0.4728,0.6650,0.6575,0.7051,0.0222,0.0213,0.0284,0.0387,0.0245,0.0052,0.0507,0.0013,0.0184,0.0106,0.9305,0.9323,0.9662,0.9367,0.9350,0.9628,0.9651,1.0000,0.9401,1.0000,50.37,176.10,71.72,52.66,58.34,10.33,4.90,230.79,60.17,80.43,0.0000,0.0000,0.0000,0.0000,0.0000,0.0000,0.4581,0.0440,0.0000,0.0000,104304,74663,53998,54750,86225,66964,95775,572442,131417,91336,0,0,0,0,0,0,0,0,0,0,0.0000,0.0000,0.0000,0.0000,0.0000,0.0000,0.3289,0.2989,0.0000,0.0000,0,0,0,0,0,0,0,1,0,0,0,0,0,0,0,0,1,1,0,0,0.1368,0.0843,0.1421,0.0607,0.1001,0.0170,0.0601,0.1110,0.0136,0.1375,0.000,0.000,0.000,0.000,0.000,0.000,0.004,0.145,0.000,0.000,semi-presidential,parliamentary,parliamentary,parliamentary,parliamentary,semi-presidential,semi-presidential,electoral-authoritarian,electoral-authoritarian,parliamentary,0.800,0.800,0.800,0.800,0.800,0.800,0.354,0.500,0.500,0.800,76.5,100.0,100.0,100.0,81.2,65.1,100.0,100.0,100.0,100.0
2028-11-01,1.0103,0.9984,1.0081,0.9981,1.1073,0.9913,0.9943,0.9946,0.9942,0.9944,1.0060,0.9992,1.0875,1.0262,1.1339,1.0549,1.1307,1.0456,0.9953,1.0153,1.0061,1.0689,1.0074,0.9993,3514.73,5173.59,4084.98,2594.59,2061.36,1180.47,198.52,2636.06,1807.82,541.79,1.1491,0.6449,1.0476,1.4012,0.9705,0.4640,1.2335,0.2491,0.2163,-0.0490,0.6261,0.7237,0.6535,0.6289,0.6762,0.7320,0.4315,0.6562,0.6655,0.6999,0.0176,0.0162,0.0265,0.0362,0.0208,0.0000,0.0525,0.0015,0.0159,0.0101,0.9806,0.9799,0.9899,0.9795,0.9813,1.0000,0.9712,1.0000,0.9736,1.0000,51.16,178.56,72.70,52.92,59.60,10.35,5.00,234.52,60.41,80.51,0.0000,0.0000,0.0000,0.0000,0.0000,0.0000,0.4575,0.0431,0.0000,0.0000,104304,74663,53998,54750,86225,66964,95775,572442,131417,91336,0,0,0,0,0,0,0,0,0,0,0.0000,0.0000,0.0000,0.0000,0.0000,0.0000,0.3381,0.3081,0.0000,0.0000,0,0,0,0,0,0,0,1,0,0,0,0,0,0,0,0,1,1,0,0,0.1371,0.0849,0.1424,0.0609,0.1004,0.0174,0.0606,0.1127,0.0138,0.1372,0.000,0.000,0.000,0.000,0.000,0.000,0.002,0.145,0.000,0.000,semi-presidential,parliamentary,parliamentary,parliamentary,parliamentary,semi-presidential,semi-presidential,electoral-authoritarian,electoral-authoritarian,parliamentary,0.800,0.800,0.800,0.800,0.800,0.800,0.364,0.500,0.500,0.800,79.2,100.0,100.0,100.0,84.1,68.1,100.0,100.0,100.0,100.0
2028-12-01,1.0092,0.9998,1.0090,1.0025,1.0957,0.9926,0.9941,0.9954,0.9919,0.9958,1.0057,1.0005,1.0871,1.3874,1.0465,1.0462,1.1172,1.0479,1.0183,1.0023,1.0037,1.0158,1.0072,1.0008,3524.14,5193.76,4095.15,2596.68,2062.61,1182.67,197.95,2644.55,1813.56,543.63,1.1460,0.6425,1.0452,1.4001,0.9702,0.4609,1.2372,0.2511,0.2147,-0.0613,0.6340,0.7246,0.6602,0.6319,0.6888,0.7400,0.4231,0.6710,0.6817,0.6997,0.0534,0.0511,0.0380,0.0675,0.0566,0.0334,0.0567,0.0012,0.0470,0.0088,0.6822,0.7018,0.8438,0.7056,0.6837,0.7617,0.9383,1.0000,0.7129,1.0000,49.82,176.91,72.34,50.52,59.27,9.95,5.04,229.95,58.88,74.55,0.0000,0.0000,0.0000,0.0000,0.0000,0.0000,0.4578,0.0432,0.0000,0.0000,104304,74663,53998,54750,86225,66964,95775,572442,131417,91336,0,0,0,0,0,0,0,0,0,0,0.0000,0.0000,0.0000,0.0000,0.0000,0.0000,0.3496,0.3196,0.0000,0.0000,0,0,0,0,0,0,0,1,0,0,0,0,0,0,0,0,1,1,0,0,0.1379,0.0861,0.1434,0.0618,0.1016,0.0233,0.0643,0.1143,0.0202,0.1359,0.000,0.000,0.000,0.000,0.000,0.000,0.000,0.144,0.000,0.000,semi-presidential,parliamentary,parliamentary,parliamentary,parliamentary,semi-presidential,semi-presidential,electoral-authoritarian,electoral-authoritarian,parliamentary,0.800,0.800,0.800,0.800,0.800,0.800,0.375,0.500,0.500,0.800,82.0,100.0,100.0,100.0,87.1,71.2,100.0,100.0,100.0,100.0
2029-01-01,1.0095,1.0098,1.0097,1.0066,1.1047,0.9938,0.9970,0.9961,0.9906,0.9971,1.0054,1.0005,1.0902,1.1965,1.0482,1.0574,1.1572,1.0487,1.0621,0.9975,1.0025,1.0111,1.0070,1.0007,3520.97,5200.90,4103.89,2604.30,2062.28,1188.78,198.38,2652.66,1823.42,543.97,1.1471,0.6414,1.0432,1.3960,0.9704,0.4564,1.2346,0.2525,0.2127,-0.0721,0.6267,0.7005,0.6535,0.5743,0.6849,0.7394,0.4373,0.6650,0.6760,0.6722,0.0324,0.0304,0.0334,0.0490,0.0417,0.0137,0.0569,0.0013,0.0258,0.0198,0.8402,0.8535,0.9234,0.8590,0.8418,0.9018,0.9464,1.0000,0.8783,1.0000,51.80,178.94,73.21,53.96,60.63,10.15,5.01,244.36,62.11,76.32,0.0000,0.0000,0.0000,0.0000,0.0000,0.0000,0.4588,0.0436,0.0000,0.0000,104304,74663,53998,54750,86225,66964,95775,572442,131417,91336,0,0,0,0,0,0,0,0,0,0,0.0000,0.0000,0.0000,0.0000,0.0000,0.0000,0.3588,0.3288,0.0000,0.0000,0,0,0,0,0,0,0,1,0,0,0,0,0,0,0,0,1,1,0,0,0.1341,0.0836,0.1378,0.0596,0.0977,0.0249,0.0837,0.1229,0.0199,0.1366,0.000,0.000,0.000,0.000,0.000,0.000,0.000,0.141,0.000,0.000,semi-presidential,parliamentary,parliamentary,parliamentary,parliamentary,semi-presidential,semi-presidential,electoral-authoritarian,electoral-authoritarian,parliamentary,0.800,0.800,0.800,0.800,0.800,0.800,0.384,0.500,0.500,0.800,84.9,100.0,100.0,87.1,88.0,74.3,100.0,100.0,100.0,100.0
2029-02-01,1.0105,1.0129,1.0095,1.0055,1.1069,0.9943,0.9973,0.9961,0.9887,0.9955,1.0005,1.0000,1.1234,1.0813,1.0480,1.0190,1.1351,1.0607,0.9986,0.9975,1.0009,0.9973,1.0024,1.0003,3536.35,5216.80,4095.22,2607.24,2062.58,1194.46,198.98,2659.38,1835.08,544.42,1.1421,0.6394,1.0456,1.3996,0.9705,0.4522,1.2309,0.2540,0.2084,-0.0865,0.6417,0.7049,0.6564,0.5867,0.6760,0.7446,0.4545,0.6568,0.6822,0.6778,0.0177,0.0161,0.0206,0.0215,0.0227,0.0041,0.0840,0.0010,0.0149,0.0090,0.9450,0.9484,0.9731,0.9490,0.9452,0.9797,0.9503,1.0000,0.9500,1.0000,53.55,188.11,79.40,55.77,64.52,10.26,5.37,255.89,64.84,79.97,0.0000,0.0000,0.0000,0.0000,0.0000,0.0000,0.4582,0.0439,0.0000,0.0000,104304,74663,53998,54750,86225,66964,95775,572442,131417,91336,0,0,0,0,0,0,0,0,0,0,0.0000,0.0000,0.0000,0.0000,0.0000,0.0000,0.3680,0.3380,0.0000,0.0000,0,0,0,0,0,0,0,1,0,0,0,0,0,0,0,0,1,1,0,0,0.1379,0.0870,0.1430,0.0624,0.1009,0.0249,0.0840,0.1235,0.0204,0.1342,0.000,0.000,0.000,0.000,0.000,0.000,0.000,0.142,0.000,0.000,semi-presidential,parliamentary,parliamentary,parliamentary,parliamentary,semi-presidential,semi-presidential,electoral-authoritarian,electoral-authoritarian,parliamentary,0.800,0.800,0.800,0.800,0.800,0.800,0.394,0.500,0.500,0.800,90.6,100.0,100.0,88.8,91.0,77.4,100.0,100.0,100.0,100.0
2029-03-01,1.0131,1.0133,1.0115,1.0040,1.1056,0.9959,0.9956,0.9957,0.9884,0.9946,0.9954,1.0014,1.1668,1.0501,1.1210,1.0067,1.1281,1.0507,0.9971,0.9972,1.0006,0.9964,0.9973,1.0018,3542.32,5237.53,4104.74,2616.78,2066.26,1198.54,198.97,2669.71,1842.62,545.41,1.1382,0.6369,1.0434,1.3946,0.9689,0.4485,1.2310,0.2551,0.2067,-0.1008,0.6434,0.7103,0.6581,0.6007,0.6851,0.7502,0.4910,0.6955,0.6638,0.6895,0.0211,0.0170,0.0177,0.0240,0.0248,0.0033,0.0876,0.0010,0.0167,0.0086,0.9742,0.9743,0.9867,0.9731,0.9739,1.0000,0.9517,1.0000,0.9670,1.0000,53.34,187.81,78.27,55.89,64.36,10.22,5.37,255.12,64.99,80.79,0.0000,0.0000,0.0000,0.0000,0.0000,0.0000,0.4581,0.0439,0.0000,0.0000,104304,74663,53998,54750,86225,66964,95775,572442,131417,91336,0,0,0,0,0,0,0,0,0,0,0.0000,0.0000,0.0000,0.0000,0.0000,0.0000,0.3772,0.3472,0.0000,0.0000,0,0,0,0,0,0,0,1,0,0,0,0,0,0,0,0,1,1,0,0,0.1386,0.0878,0.1441,0.0633,0.1017,0.0254,0.0802,0.1242,0.0210,0.1333,0.000,0.000,0.000,0.000,0.000,0.000,0.000,0.142,0.000,0.000,semi-presidential,parliamentary,parliamentary,parliamentary,parliamentary,semi-presidential,semi-presidential,electoral-authoritarian,electoral-authoritarian,parliamentary,0.800,0.800,0.800,0.800,0.800,0.800,0.403,0.500,0.500,0.800,91.6,30.0,100.0,92.1,94.0,80.5,100.0,100.0,100.0,100.0
2029-04-01,1.0185,1.0135,1.0128,1.0008,1.1027,0.9985,0.9926,0.9968,0.9879,0.9928,0.9913,1.0016,1.2083,1.0486,1.0896,1.0010,1.1250,1.0538,0.9944,1.0465,1.0022,0.9950,0.9932,1.0018,3546.19,5251.95,4118.41,2624.97,2073.31,1205.78,198.98,2680.94,1850.82,545.11,1.1369,0.6350,1.0401,1.3902,0.9657,0.4438,1.2310,0.2566,0.2049,-0.1153,0.6477,0.7100,0.6583,0.6209,0.6863,0.7513,0.4389,0.6961,0.6750,0.6837,0.0237,0.0182,0.0185,0.0238,0.0268,0.0053,0.0885,0.0015,0.0166,0.0114,0.9750,0.9750,0.9871,0.9739,0.9749,1.0000,0.9664,1.0000,0.9677,1.0000,52.74,187.12,78.03,55.48,63.90,10.28,5.40,252.47,64.89,80.80,0.0000,0.0000,0.0000,0.0000,0.0000,0.0000,0.4582,0.0438,0.0000,0.0000,104304,74663,53998,54750,86225,66964,95775,572442,131417,91336,0,0,0,0,0,0,0,0,0,0,0.0000,0.0000,0.0000,0.0000,0.0000,0.0000,0.3887,0.3587,0.0000,0.0000,0,0,0,0,0,0,0,1,0,0,0,0,0,0,0,0,1,1,0,0,0.1285,0.0831,0.1331,0.0589,0.0943,0.0248,0.0808,0.1235,0.0198,0.1338,0.000,0.000,0.000,0.000,0.000,0.000,0.000,0.143,0.000,0.000,semi-presidential,parliamentary,parliamentary,parliamentary,parliamentary,semi-presidential,semi-presidential,electoral-authoritarian,electoral-authoritarian,parliamentary,0.800,0.800,0.800,0.800,0.800,0.800,0.414,0.500,0.500,0.800,94.5,32.9,100.0,95.6,97.0,83.7,100.0,100.0,100.0,100.0
2029-05-01,1.0234,1.0128,1.0130,0.9970,1.1013,0.9989,0.9909,0.9959,0.9881,0.9914,0.9893,0.9997,1.2109,1.0483,1.0515,0.9975,1.1235,1.0542,0.9919,0.9973,1.0002,0.9932,0.9913,1.0000,3548.79,5261.15,4120.62,2627.72,2075.98,1211.47,198.46,2690.68,1861.16,546.33,1.1362,0.6339,1.0398,1.3885,0.9645,0.4396,1.2344,0.2577,0.2029,-0.1393,0.6390,0.7112,0.6585,0.6156,0.6783,0.7530,0.4206,0.6897,0.6763,0.6792,0.0186,0.0168,0.0130,0.0209,0.0223,0.0052,0.0858,0.0010,0.0149,0.0071,0.9746,0.9747,0.9869,0.9735,0.9744,1.0000,0.9658,1.0000,0.9673,1.0000,53.05,187.92,78.02,55.71,64.21,10.27,5.36,254.71,65.63,81.08,0.0000,0.0000,0.0000,0.0000,0.0000,0.0000,0.4582,0.0439,0.0000,0.0000,104304,74663,53998,54750,86225,66964,95775,572442,131417,91336,0,0,0,0,0,0,0,0,0,0,0.0000,0.0000,0.0000,0.0000,0.0000,0.0000,0.3979,0.3679,0.0000,0.0000,0,0,0,0,0,0,0,1,0,0,0,0,0,0,0,0,1,1,0,0,0.1189,0.0781,0.1227,0.0538,0.0866,0.0226,0.0758,0.1216,0.0174,0.1341,0.000,0.000,0.000,0.000,0.000,0.000,0.000,0.145,0.000,0.000,semi-presidential,parliamentary,parliamentary,parliamentary,parliamentary,semi-presidential,semi-presidential,electoral-authoritarian,electoral-authoritarian,parliamentary,0.800,0.800,0.800,0.800,0.800,0.800,0.423,0.500,0.530,0.800,97.3,35.9,100.0,99.1,100.0,86.8,100.0,100.0,93.6,100.0
2029-06-01,1.0252,1.0100,1.0149,0.9939,1.0945,0.9966,0.9892,0.9950,0.9888,0.9908,0.9883,0.9974,1.1083,1.0439,1.1522,0.9944,1.1179,1.0522,0.9906,1.0189,1.0009,0.9925,1.0038,0.9975,3534.85,5269.96,4122.15,2631.18,2080.10,1217.36,198.37,2704.88,1868.71,545.96,1.1408,0.6330,1.0396,1.3865,0.9626,0.4354,1.2353,0.2588,0.2045,-0.1437,0.6277,0.7117,0.6482,0.6150,0.6689,0.7532,0.4276,0.6900,0.6965,0.6967,0.0199,0.0138,0.0180,0.0222,0.0230,0.0000,0.0551,0.0013,0.0154,0.0110,0.9757,0.9756,0.9875,0.9746,0.9759,1.0000,0.9668,1.0000,0.9684,1.0000,53.44,188.84,77.77,55.67,64.52,10.34,5.31,255.30,65.56,82.24,0.0000,0.0000,0.0000,0.0000,0.0000,0.0000,0.4582,0.0439,0.0000,0.0000,104304,74663,53998,54750,86225,66964,95775,572442,131417,91336,0,0,0,0,0,0,0,0,0,0,0.0000,0.0000,0.0000,0.0000,0.0000,0.0000,0.4094,0.3794,0.0000,0.0000,0,0,0,0,0,0,0,1,0,0,0,0,0,0,0,0,1,1,0,0,0.1197,0.0778,0.1239,0.0534,0.0871,0.0208,0.0688,0.1169,0.0164,0.1342,0.000,0.000,0.000,0.000,0.000,0.000,0.000,0.147,0.000,0.000,semi-presidential,parliamentary,parliamentary,parliamentary,parliamentary,semi-presidential,semi-presidential,electoral-authoritarian,electoral-authoritarian,parliamentary,0.800,0.800,0.800,0.800,0.800,0.800,0.435,0.500,0.524,0.800,100.0,38.8,100.0,100.0,100.0,90.0,100.0,100.0,96.1,96.5
2029-07-01,1.0247,1.0057,1.0150,0.9930,1.0859,0.9941,0.9888,0.9960,0.9892,0.9914,0.9876,0.9985,1.1042,1.0374,1.0520,1.0096,1.1077,1.0478,0.9899,1.0342,1.0009,1.0303,0.9894,0.9991,3545.07,5291.82,4134.46,2635.01,2084.28,1223.00,198.54,2709.97,1880.27,546.02,1.1377,0.6304,1.0368,1.3845,0.9605,0.4314,1.2344,0.2604,0.2023,-0.1582,0.6321,0.7119,0.6497,0.6196,0.6622,0.7467,0.4256,0.6837,0.6909,0.6990,0.0128,0.0107,0.0169,0.0182,0.0159,0.0000,0.0549,0.0016,0.0109,0.0102,0.9778,0.9775,0.9885,0.9767,0.9782,1.0000,0.9682,1.0000,0.9707,1.0000,52.95,188.79,78.57,54.96,63.41,10.50,5.24,251.77,65.36,82.12,0.0000,0.0000,0.0000,0.0000,0.0000,0.0000,0.4561,0.0420,0.0000,0.0000,104304,74663,53998,54750,86225,66964,95775,572442,131417,91336,0,0,0,0,0,0,0,0,0,0,0.0000,0.0000,0.0000,0.0000,0.0000,0.0000,0.4186,0.3886,0.0000,0.0000,0,0,0,0,0,0,0,1,0,0,0,0,0,0,0,0,1,1,0,0,0.1367,0.0853,0.1415,0.0611,0.0999,0.0225,0.0697,0.1158,0.0189,0.1368,0.000,0.000,0.000,0.000,0.000,0.000,0.000,0.147,0.000,0.000,semi-presidential,parliamentary,parliamentary,parliamentary,parliamentary,semi-presidential,semi-presidential,electoral-authoritarian,electoral-authoritarian,parliamentary,0.800,0.800,0.800,0.800,0.800,0.800,0.444,0.500,0.514,0.800,100.0,41.8,100.0,100.0,100.0,93.1,100.0,100.0,99.8,99.2
2029-08-01,1.0223,1.0016,1.0128,0.9953,1.0783,0.9932,0.9913,0.9974,0.9917,0.9934,0.9871,1.0005,1.0984,1.0330,1.0499,1.0240,1.1008,1.0468,1.0937,0.9987,1.0954,1.0122,0.9885,1.0008,3556.77,5306.43,4146.37,2638.25,2090.76,1230.08,198.56,2717.85,1886.57,547.47,1.1341,0.6288,1.0361,1.3828,0.9575,0.4269,1.2344,0.2617,0.2008,-0.1723,0.6394,0.7154,0.6559,0.6280,0.6648,0.7501,0.4256,0.6860,0.7039,0.6953,0.0139,0.0116,0.0195,0.0250,0.0190,0.0000,0.0584,0.0052,0.0141,0.0145,0.9780,0.9777,0.9884,0.9769,0.9783,1.0000,0.9674,1.0000,0.9711,1.0000,53.05,187.80,76.84,54.40,62.56,10.75,5.16,251.60,65.48,81.78,0.0000,0.0000,0.0000,0.0000,0.0000,0.0000,0.4567,0.0421,0.0000,0.0000,104304,74663,53998,54750,86225,66964,95775,572442,131417,91336,0,0,0,0,0,0,0,0,0,0,0.0000,0.0000,0.0000,0.0000,0.0000,0.0000,0.4278,0.3978,0.0000,0.0000,0,0,0,0,0,0,0,1,0,0,0,0,0,0,0,0,1,1,0,0,0.1384,0.0862,0.1432,0.0617,0.1017,0.0277,0.0712,0.1174,0.0205,0.1372,0.000,0.000,0.000,0.000,0.000,0.000,0.000,0.146,0.000,0.000,semi-presidential,parliamentary,parliamentary,parliamentary,parliamentary,semi-presidential,semi-presidential,electoral-authoritarian,electoral-authoritarian,parliamentary,0.800,0.800,0.800,0.800,0.800,0.800,0.453,0.500,0.504,0.800,100.0,44.7,100.0,100.0,100.0,96.2,100.0,100.0,100.0,100.0
2029-09-01,1.0208,1.0003,1.0129,0.9950,1.0689,0.9916,0.9940,0.9954,0.9955,0.9954,0.9894,1.0002,1.0961,1.0338,1.1241,1.0041,1.0925,1.0460,1.0779,0.9970,1.0485,1.0445,1.0859,1.0001,3560.01,5311.54,4156.15,2644.53,2100.21,1235.50,198.32,2725.15,1892.23,549.05,1.1332,0.6283,1.0341,1.3826,0.9532,0.4230,1.2362,0.2636,0.1993,-0.1930,0.6419,0.7347,0.6594,0.6317,0.6717,0.7510,0.4492,0.7051,0.7112,0.6943,0.0215,0.0125,0.0268,0.0205,0.0245,0.0000,0.0593,0.0040,0.0156,0.0174,0.9759,0.9759,0.9872,0.9749,0.9758,1.0000,0.9652,1.0000,0.9689,1.0000,52.91,190.17,79.49,55.14,63.37,10.71,5.20,251.34,65.96,82.34,0.0000,0.0000,0.0000,0.0000,0.0000,0.0000,0.4556,0.0413,0.0000,0.0000,104304,74663,53998,54750,86225,66964,95775,572442,131417,91336,0,0,0,0,0,0,0,0,0,0,0.0000,0.0000,0.0000,0.0000,0.0000,0.0000,0.4393,0.4093,0.0000,0.0000,0,0,0,0,0,0,0,1,0,0,0,0,0,0,0,0,1,1,0,0,0.1371,0.0929,0.1431,0.0625,0.1008,0.0272,0.0681,0.1200,0.0200,0.1334,0.000,0.000,0.000,0.000,0.000,0.000,0.000,0.143,0.000,0.000,semi-presidential,parliamentary,parliamentary,parliamentary,parliamentary,semi-presidential,semi-presidential,electoral-authoritarian,electoral-authoritarian,parliamentary,0.800,0.800,0.800,0.800,0.800,0.800,0.465,0.500,0.500,0.800,100.0,47.8,100.0,100.0,100.0,99.4,100.0,100.0,100.0,100.0
2029-10-01,1.0182,0.9994,1.0146,0.9933,1.0631,0.9887,0.9960,0.9929,0.9960,0.9969,0.9922,1.0003,1.0954,1.0338,1.0996,0.9935,1.0845,1.0415,0.9971,0.9947,1.0083,1.0371,1.0723,1.0004,3570.78,5329.00,4172.20,2655.06,2108.50,1235.70,198.30,2728.82,1907.30,548.12,1.1329,0.6263,1.0303,1.3771,0.9495,0.4217,1.2365,0.2653,0.1969,-0.2089,0.6503,0.7423,0.6610,0.6404,0.6784,0.7616,0.4670,0.6981,0.7141,0.6484,0.0170,0.0119,0.0155,0.0185,0.0198,0.0000,0.0555,0.0017,0.0131,0.0114,0.9750,0.9752,0.9868,0.9740,0.9749,1.0000,0.9648,1.0000,0.9681,1.0000,53.46,190.22,78.58,55.57,64.11,10.48,5.26,255.74,67.11,81.95,0.0000,0.0000,0.0000,0.0000,0.0000,0.0000,0.4560,0.0415,0.0000,0.0000,104304,74663,53998,54750,86225,66964,95775,572442,131417,91336,0,0,0,0,0,0,0,0,0,0,0.0000,0.0000,0.0000,0.0000,0.0000,0.0000,0.4485,0.4185,0.0000,0.0000,0,0,0,0,0,0,0,1,0,0,0,0,0,0,0,0,1,1,0,0,0.1327,0.0904,0.1377,0.0659,0.0973,0.0273,0.0738,0.1221,0.0196,0.1331,0.000,0.000,0.000,0.000,0.000,0.000,0.000,0.143,0.000,0.000,semi-presidential,parliamentary,parliamentary,parliamentary,parliamentary,semi-presidential,semi-presidential,electoral-authoritarian,electoral-authoritarian,parliamentary,0.800,0.800,0.800,0.800,0.800,0.800,0.474,0.500,0.500,0.844,100.0,50.9,100.0,100.0,100.0,100.0,100.0,100.0,100.0,41.5
2029-11-01,1.0167,0.9991,1.0167,0.9902,1.0580,0.9889,0.9970,0.9908,0.9966,0.9977,0.9944,1.0008,1.0948,1.0829,1.1618,0.9908,1.0804,1.0427,1.0506,0.9922,1.0428,1.0009,1.0464,1.0011,3581.48,5359.63,4169.39,2679.32,2124.73,1240.81,198.36,2741.35,1918.35,548.85,1.1336,0.6228,1.0309,1.3646,0.9424,0.4187,1.2362,0.2662,0.1948,-0.2232,0.6523,0.7538,0.6649,0.6499,0.6787,0.7695,0.4507,0.7099,0.7164,0.6645,0.0282,0.0195,0.0239,0.0283,0.0316,0.0044,0.0583,0.0029,0.0205,0.0146,0.9299,0.9350,0.9652,0.9367,0.9304,0.9687,0.9474,1.0000,0.9417,1.0000,52.84,189.39,77.29,54.85,63.59,10.21,5.27,253.54,66.74,80.58,0.0000,0.0000,0.0000,0.0000,0.0000,0.0000,0.4583,0.0437,0.0000,0.0000,104304,74663,53998,54750,86225,66964,95775,572442,131417,91336,0,0,0,0,0,0,0,0,0,0,0.0000,0.0000,0.0000,0.0000,0.0000,0.0000,0.4577,0.4277,0.0000,0.0000,0,0,0,0,0,0,0,1,0,0,0,0,0,0,0,0,1,1,0,0,0.1377,0.0930,0.1437,0.0685,0.1013,0.0276,0.0716,0.1225,0.0205,0.1328,0.000,0.000,0.000,0.000,0.000,0.000,0.000,0.144,0.000,0.000,semi-presidential,parliamentary,parliamentary,parliamentary,parliamentary,semi-presidential,semi-presidential,electoral-authoritarian,electoral-authoritarian,parliamentary,0.800,0.800,0.800,0.833,0.800,0.800,0.483,0.500,0.500,0.834,100.0,54.1,100.0,92.7,100.0,100.0,100.0,100.0,100.0,44.1
2029-12-01,1.0133,0.9998,1.0212,0.9869,1.0486,0.9873,0.9979,0.9913,0.9976,0.9983,0.9959,1.0020,1.0905,1.0342,1.2028,0.9870,1.0730,1.0413,1.0059,1.0327,1.0113,1.0017,1.0003,1.0023,3584.43,5383.38,4178.36,2683.49,2129.45,1244.46,198.71,2753.78,1925.62,548.78,1.1327,0.6201,1.0286,1.3625,0.9403,0.4161,1.2343,0.2676,0.1932,-0.2378,0.6345,0.7568,0.6632,0.6632,0.6812,0.7762,0.4338,0.6793,0.7086,0.6751,0.0233,0.0150,0.0218,0.0252,0.0264,0.0000,0.0528,0.0015,0.0170,0.0131,0.9750,0.9750,0.9868,0.9739,0.9750,1.0000,0.9675,1.0000,0.9678,1.0000,52.81,190.89,77.87,55.02,63.64,10.38,5.28,252.78,66.73,81.87,0.0000,0.0000,0.0000,0.0000,0.0000,0.0000,0.4583,0.0437,0.0000,0.0000,104304,74663,53998,54750,86225,66964,95775,572442,131417,91336,0,0,0,0,0,0,0,0,0,0,0.0000,0.0000,0.0000,0.0000,0.0000,0.0000,0.4692,0.4392,0.0000,0.0000,0,0,0,0,0,0,0,1,0,0,0,0,0,0,0,0,1,1,0,0,0.1379,0.0938,0.1446,0.0694,0.1019,0.0278,0.0674,0.1205,0.0210,0.1328,0.000,0.000,0.000,0.000,0.000,0.000,0.000,0.143,0.000,0.000,semi-presidential,parliamentary,parliamentary,parliamentary,parliamentary,semi-presidential,semi-presidential,electoral-authoritarian,electoral-authoritarian,parliamentary,0.800,0.800,0.800,0.823,0.800,0.800,0.495,0.500,0.500,0.824,100.0,57.3,100.0,96.4,100.0,100.0,100.0,100.0,100.0,46.8
2030-01-01,1.0097,0.9977,1.0251,0.9842,1.0383,0.9871,0.9969,0.9927,0.9972,0.9989,0.9958,1.0048,1.0851,1.0297,1.1556,0.9845,1.0613,1.0404,0.9981,1.0093,1.0098,1.0026,0.9975,1.0049,3591.69,5408.22,4193.33,2697.03,2137.96,1249.43,198.38,2764.90,1944.85,548.41,1.1306,0.6174,1.0249,1.3589,0.9367,0.4132,1.2365,0.2686,0.1905,-0.2525,0.6407,0.7580,0.6592,0.6830,0.6867,0.7727,0.4319,0.6972,0.7077,0.6757,0.0180,0.0129,0.0164,0.0213,0.0215,0.0000,0.0521,0.0012,0.0143,0.0101,0.9771,0.9769,0.9879,0.9761,0.9774,1.0000,0.9686,1.0000,0.9702,1.0000,53.21,192.57,78.97,55.59,64.43,10.54,5.34,255.67,67.52,81.68,0.0000,0.0000,0.0000,0.0000,0.0000,0.0000,0.4583,0.0437,0.0000,0.0000,104304,74663,53998,54750,86225,66964,95775,572442,131417,91336,0,0,0,0,0,0,0,0,0,0,0.0000,0.0000,0.0000,0.0000,0.0000,0.0000,0.4784,0.4484,0.0000,0.0000,0,0,0,0,0,0,0,1,0,0,0,0,0,0,0,0,1,1,0,0,0.1401,0.0957,0.1466,0.0713,0.1036,0.0294,0.0678,0.1225,0.0225,0.1323,0.000,0.000,0.000,0.000,0.000,0.000,0.000,0.142,0.000,0.000,semi-presidential,parliamentary,parliamentary,parliamentary,parliamentary,semi-presidential,semi-presidential,electoral-authoritarian,electoral-authoritarian,parliamentary,0.800,0.800,0.800,0.813,0.800,0.800,0.504,0.500,0.500,0.815,100.0,60.5,100.0,100.0,100.0,100.0,100.0,100.0,100.0,49.5
2030-02-01,1.0057,0.9953,1.0266,0.9803,1.0261,0.9881,0.9958,0.9937,0.9959,0.9992,0.9951,1.0068,1.0777,1.0266,1.1314,0.9814,1.0502,1.0409,0.9971,1.0293,1.0083,1.0333,1.0147,1.0071,3599.98,5434.10,4204.72,2702.82,2151.61,1256.34,197.62,2768.46,1957.26,547.78,1.1281,0.6145,1.0222,1.3561,0.9308,0.4096,1.2414,0.2701,0.1884,-0.2673,0.6498,0.7682,0.6732,0.6921,0.6868,0.7754,0.4387,0.6594,0.6937,0.6722,0.0175,0.0120,0.0164,0.0194,0.0205,0.0000,0.0513,0.0017,0.0132,0.0118,0.9775,0.9771,0.9880,0.9764,0.9778,1.0000,0.9693,1.0000,0.9704,1.0000,51.57,191.38,78.64,54.12,62.75,10.66,5.20,246.84,66.29,81.46,0.0000,0.0000,0.0000,0.0000,0.0000,0.0000,0.4567,0.0417,0.0000,0.0000,104304,74663,53998,54750,86225,66964,95775,572442,131417,91336,0,0,0,0,0,0,0,0,0,0,0.0000,0.0000,0.0000,0.0000,0.0000,0.0000,0.4899,0.4599,0.0000,0.0000,0,0,0,0,0,0,0,1,0,0,0,0,0,0,0,0,1,1,0,0,0.1415,0.0974,0.1485,0.0730,0.1058,0.0307,0.0678,0.1201,0.0239,0.1320,0.000,0.000,0.000,0.000,0.000,0.000,0.000,0.140,0.000,0.000,semi-presidential,parliamentary,parliamentary,parliamentary,parliamentary,semi-presidential,semi-presidential,electoral-authoritarian,electoral-authoritarian,parliamentary,0.800,0.800,0.800,0.803,0.800,0.800,0.515,0.500,0.500,0.805,100.0,63.8,100.0,100.0,100.0,100.0,100.0,100.0,100.0,52.2
2030-03-01,1.0021,0.9924,1.0258,0.9757,1.0149,0.9893,0.9957,0.9935,0.9960,0.9998,0.9951,1.0074,1.0761,1.0256,1.0647,0.9768,1.0391,1.0976,1.0221,0.9949,1.0085,1.0049,1.0070,1.0076,3612.95,5467.78,4222.50,2716.21,2152.76,1263.19,197.38,2774.33,1965.86,547.60,1.1241,0.6108,1.0179,1.3496,0.9333,0.4061,1.2431,0.2707,0.1867,-0.2818,0.6559,0.7732,0.6798,0.7010,0.7163,0.7778,0.4464,0.6508,0.7009,0.6781,0.0133,0.0114,0.0120,0.0164,0.0164,0.0007,0.0497,0.0012,0.0115,0.0090,0.9758,0.9756,0.9872,0.9748,0.9761,1.0000,0.9681,1.0000,0.9686,1.0000,51.98,193.06,79.26,54.73,63.22,10.67,5.29,250.82,67.28,81.13,0.0000,0.0000,0.0000,0.0000,0.0000,0.0000,0.4584,0.0435,0.0000,0.0000,104304,74663,53998,54750,86225,66964,95775,572442,131417,91336,0,0,0,0,0,0,0,0,0,0,0.0000,0.0000,0.0000,0.0000,0.0000,0.0000,0.4991,0.4691,0.0000,0.0000,0,0,0,0,0,0,0,1,0,0,0,0,0,0,0,0,1,1,0,0,0.1419,0.0978,0.1491,0.0735,0.1063,0.0309,0.0659,0.1199,0.0243,0.1314,0.000,0.000,0.000,0.000,0.000,0.000,0.000,0.140,0.000,0.000,semi-presidential,parliamentary,parliamentary,parliamentary,parliamentary,semi-presidential,semi-presidential,electoral-authoritarian,electoral-authoritarian,parliamentary,0.800,0.800,0.800,0.800,0.800,0.800,0.525,0.500,0.500,0.800,100.0,67.1,100.0,100.0,100.0,100.0,100.0,100.0,100.0,54.9
2030-04-01,0.9975,0.9894,1.0265,0.9743,1.0079,0.9933,0.9945,0.9933,0.9961,0.9998,0.9957,1.0074,1.0720,1.0221,1.0649,0.9919,1.0299,1.1121,0.9956,0.9948,1.0083,1.0119,1.0590,1.0075,3621.58,5499.39,4231.01,2726.77,2159.25,1271.58,197.32,2787.14,1980.23,547.33,1.1215,0.6074,1.0159,1.3445,0.9305,0.4021,1.2436,0.2705,0.1844,-0.2964,0.6576,0.7779,0.6862,0.7032,0.7167,0.7732,0.4606,0.6594,0.7321,0.6791,0.0142,0.0121,0.0196,0.0194,0.0169,0.0008,0.0505,0.0014,0.0114,0.0101,0.9765,0.9762,0.9875,0.9754,0.9769,1.0000,0.9688,1.0000,0.9693,1.0000,51.91,193.28,79.66,53.81,62.79,10.73,5.17,250.02,67.05,80.67,0.0000,0.0000,0.0000,0.0000,0.0000,0.0000,0.4579,0.0432,0.0000,0.0000,104304,74663,53998,54750,86225,66964,95775,572442,131417,91336,0,0,0,0,0,0,0,0,0,0,0.0000,0.0000,0.0000,0.0000,0.0000,0.0000,0.5083,0.4783,0.0000,0.0000,0,0,0,0,0,0,0,1,0,0,0,0,0,0,0,0,1,1,0,0,0.1437,0.0978,0.1490,0.0730,0.1067,0.0318,0.0785,0.1216,0.0246,0.1332,0.000,0.000,0.000,0.000,0.000,0.000,0.000,0.140,0.000,0.000,semi-presidential,parliamentary,parliamentary,parliamentary,parliamentary,semi-presidential,semi-presidential,electoral-authoritarian,electoral-authoritarian,parliamentary,0.800,0.800,0.800,0.800,0.800,0.800,0.534,0.500,0.500,0.800,100.0,70.4,100.0,100.0,100.0,100.0,100.0,100.0,100.0,57.7
2030-05-01,0.9919,0.9866,1.0258,0.9735,1.0028,0.9978,0.9933,0.9918,0.9965,0.9987,0.9950,1.0066,1.0656,1.0194,1.0647,0.9848,1.0250,1.0886,0.9946,0.9932,1.0089,1.0019,0.9997,1.0069,3629.67,5506.26,4223.89,2738.93,2167.80,1279.70,197.19,2796.79,1992.19,548.26,1.1188,0.6067,1.0177,1.3386,0.9269,0.3985,1.2443,0.2707,0.1825,-0.3054,0.6557,0.7731,0.6827,0.7007,0.7108,0.7769,0.4507,0.6517,0.7301,0.6909,0.0119,0.0110,0.0170,0.0160,0.0155,0.0005,0.0478,0.0010,0.0112,0.0074,0.9763,0.9760,0.9874,0.9752,0.9766,1.0000,0.9683,1.0000,0.9691,1.0000,51.65,192.96,79.99,54.79,62.85,10.60,5.15,249.30,67.20,80.57,0.0000,0.0000,0.0000,0.0000,0.0000,0.0000,0.4583,0.0437,0.0000,0.0000,104304,74663,53998,54750,86225,66964,95775,572442,131417,91336,0,0,0,0,0,0,0,0,0,0,0.0000,0.0000,0.0000,0.0000,0.0000,0.0000,0.5175,0.4875,0.0000,0.0000,0,0,0,0,0,0,0,1,0,0,0,0,0,0,0,0,1,1,0,0,0.1385,0.0920,0.1371,0.0680,0.0980,0.0299,0.0764,0.1188,0.0259,0.1308,0.000,0.000,0.000,0.000,0.000,0.000,0.000,0.141,0.000,0.000,semi-presidential,parliamentary,parliamentary,parliamentary,parliamentary,semi-presidential,semi-presidential,electoral-authoritarian,electoral-authoritarian,parliamentary,0.800,0.800,0.800,0.800,0.800,0.800,0.543,0.500,0.500,0.800,100.0,73.7,100.0,100.0,100.0,100.0,100.0,100.0,100.0,59.5
2030-06-01,0.9869,0.9865,1.0257,0.9716,0.9990,1.0010,0.9915,0.9915,0.9957,0.9986,0.9962,1.0037,1.0601,1.0249,1.1080,0.9717,1.0212,1.0592,0.9926,1.0276,1.0082,1.0440,1.0799,1.0040,3633.58,5525.59,4210.25,2738.98,2166.96,1280.82,197.26,2804.71,1997.97,548.60,1.1176,0.6043,1.0210,1.3388,0.9274,0.3970,1.2437,0.2714,0.1811,-0.3196,0.6485,0.7674,0.6623,0.6848,0.6940,0.7781,0.4556,0.6600,0.7190,0.6921,0.0191,0.0122,0.0184,0.0190,0.0216,0.0003,0.0564,0.0021,0.0133,0.0141,0.9716,0.9722,0.9851,0.9711,0.9714,0.9985,0.9542,1.0000,0.9657,1.0000,52.50,194.71,80.47,56.10,64.08,10.45,5.15,256.62,68.48,80.28,0.0000,0.0000,0.0000,0.0000,0.0000,0.0000,0.4561,0.0414,0.0000,0.0000,104304,74663,53998,54750,86225,66964,95775,572442,131417,91336,0,0,0,0,0,0,0,0,0,0,0.0000,0.0000,0.0000,0.0000,0.0000,0.0000,0.5290,0.4990,0.0000,0.0000,0,0,0,0,0,0,0,1,0,0,0,0,0,0,0,0,1,1,0,0,0.1255,0.0847,0.1237,0.0607,0.0933,0.0268,0.0742,0.1191,0.0223,0.1298,0.000,0.000,0.000,0.000,0.000,0.000,0.000,0.142,0.000,0.000,semi-presidential,parliamentary,parliamentary,parliamentary,parliamentary,semi-presidential,semi-presidential,electoral-authoritarian,electoral-authoritarian,parliamentary,0.800,0.800,0.800,0.800,0.800,0.800,0.555,0.500,0.500,0.800,100.0,76.9,100.0,100.0,100.0,100.0,100.0,100.0,100.0,62.3
2030-07-01,0.9835,0.9881,1.0247,0.9707,0.9965,1.0034,0.9928,0.9934,0.9952,1.0000,1.0006,1.0001,1.0569,1.0224,1.0631,0.9820,1.0181,1.0622,1.0416,1.0341,1.0070,1.0132,1.1016,1.0008,3631.07,5523.22,4193.24,2742.54,2165.83,1287.46,197.17,2807.96,2007.49,547.82,1.1184,0.6045,1.0252,1.3372,0.9280,0.3939,1.2442,0.2722,0.1793,-0.3344,0.6333,0.7463,0.6294,0.6657,0.6750,0.7713,0.4576,0.6228,0.7225,0.6839,0.0179,0.0104,0.0246,0.0157,0.0196,0.0001,0.0572,0.0022,0.0115,0.0167,0.9746,0.9748,0.9866,0.9737,0.9745,1.0000,0.9658,1.0000,0.9678,1.0000,53.03,194.54,79.95,55.53,64.28,10.70,5.25,259.37,69.07,79.93,0.0000,0.0000,0.0000,0.0000,0.0000,0.0000,0.4579,0.0431,0.0000,0.0000,104304,74663,53998,54750,86225,66964,95775,572442,131417,91336,0,0,0,0,0,0,0,0,0,0,0.0000,0.0000,0.0000,0.0000,0.0000,0.0000,0.5382,0.5082,0.0000,0.0000,0,0,0,0,0,0,0,1,0,0,0,0,0,0,0,0,1,1,0,0,0.1125,0.0770,0.1094,0.0524,0.0824,0.0240,0.0712,0.1157,0.0187,0.1309,0.000,0.000,0.000,0.000,0.000,0.000,0.000,0.145,0.000,0.000,semi-presidential,parliamentary,parliamentary,parliamentary,parliamentary,semi-presidential,semi-presidential,electoral-authoritarian,electoral-authoritarian,parliamentary,0.800,0.800,0.800,0.800,0.800,0.800,0.564,0.500,0.500,0.800,100.0,80.1,100.0,100.0,100.0,100.0,100.0,100.0,100.0,65.1
2030-08-01,0.9823,0.9877,1.0238,0.9716,0.9944,1.0040,0.9935,0.9941,0.9966,1.0009,1.0042,0.9954,0.9823,0.9878,1.0238,0.9994,0.9947,1.0213,0.9935,1.0672,1.0547,1.0408,1.1152,0.9956,3624.04,5515.68,4183.57,2741.28,2163.37,1288.61,197.12,2809.65,2014.89,548.12,1.1207,0.6053,1.0277,1.3380,0.9291,0.3925,1.2445,0.2724,0.1778,-0.3485,0.6142,0.7294,0.6056,0.6577,0.6831,0.7633,0.4608,0.6262,0.7317,0.6861,0.0072,0.0017,0.0158,0.0100,0.0064,0.0002,0.0112,0.0037,0.0025,0.0120,1.0000,1.0000,1.0000,1.0000,1.0000,1.0000,1.0000,1.0000,1.0000,1.0000,56.00,200.42,80.41,58.48,66.82,11.32,9.71,275.16,72.08,80.90,0.0000,0.0000,0.0000,0.0000,0.0000,0.0000,0.0000,0.0000,0.0000,0.0000,104304,74663,53998,54750,86225,66964,95775,572442,131417,91336,0,0,0,0,0,0,0,0,0,0,0.0000,0.0000,0.0000,0.0000,0.0000,0.0000,0.5405,0.5036,0.0000,0.0000,0,0,0,0,0,0,0,1,0,0,0,0,0,0,0,0,0,0,0,0,0.0992,0.0696,0.0955,0.0444,0.0720,0.0212,0.0787,0.1191,0.0151,0.1348,0.000,0.000,0.000,0.000,0.000,0.000,0.000,0.149,0.000,0.000,semi-presidential,parliamentary,parliamentary,parliamentary,parliamentary,semi-presidential,semi-presidential,electoral-authoritarian,electoral-authoritarian,parliamentary,0.800,0.800,0.800,0.800,0.800,0.800,0.566,0.500,0.500,0.800,100.0,83.1,100.0,100.0,100.0,100.0,100.0,100.0,100.0,67.9
2030-09-01,0.9798,0.9862,1.0215,0.9720,0.9924,1.0035,0.9919,0.9972,0.9983,1.0004,1.0046,0.9924,0.9800,0.9863,1.0218,0.9818,0.9925,1.0036,0.9924,1.0917,0.9983,1.0006,1.0050,0.9926,3613.75,5518.85,4169.87,2749.32,2164.96,1292.88,198.57,2815.86,2022.89,548.65,1.1241,0.6050,1.0313,1.3344,0.9282,0.3902,1.2364,0.2730,0.1762,-0.3624,0.5995,0.7153,0.5822,0.6540,0.6577,0.7546,0.5293,0.6274,0.7152,0.6876,0.0046,0.0000,0.0116,0.0000,0.0031,0.0000,0.0047,0.0007,0.0002,0.0069,1.0000,1.0000,1.0000,1.0000,1.0000,1.0000,1.0000,1.0000,1.0000,1.0000,55.98,203.14,83.19,58.70,67.82,11.71,9.87,274.62,72.35,81.33,0.0000,0.0000,0.0000,0.0000,0.0000,0.0000,0.0000,0.0000,0.0000,0.0000,104304,74663,53998,54750,86225,66964,95775,572442,131417,91336,0,0,0,0,0,0,0,0,0,0,0.0000,0.0000,0.0000,0.0000,0.0000,0.0000,0.5208,0.4839,0.0000,0.0000,0,0,0,0,0,0,0,1,0,0,0,0,0,0,0,0,0,0,0,0,0.1213,0.0804,0.1250,0.0553,0.0887,0.0223,0.0805,0.1169,0.0168,0.1315,0.000,0.000,0.000,0.000,0.000,0.000,0.000,0.152,0.000,0.000,semi-presidential,parliamentary,parliamentary,parliamentary,parliamentary,semi-presidential,semi-presidential,electoral-authoritarian,electoral-authoritarian,parliamentary,0.800,0.800,0.800,0.800,0.800,0.800,0.576,0.500,0.500,0.800,100.0,86.0,100.0,100.0,100.0,100.0,100.0,100.0,100.0,70.6
2030-10-01,0.9803,0.9838,1.0170,0.9708,0.9914,1.0019,0.9905,0.9978,0.9989,0.9978,1.0023,0.9901,1.0493,0.9840,1.0176,0.9712,0.9915,1.0092,0.9906,1.0119,0.9989,0.9984,1.0027,0.9906,3614.80,5539.62,4167.65,2757.52,2172.26,1294.54,199.77,2828.97,2032.60,548.59,1.1240,0.6027,1.0320,1.3306,0.9250,0.3887,1.2310,0.2730,0.1745,-0.3767,0.6028,0.7193,0.5840,0.6588,0.6507,0.7513,0.5865,0.6488,0.7215,0.6984,0.0053,0.0042,0.0031,0.0036,0.0050,0.0035,0.0317,0.0001,0.0022,0.0010,1.0000,1.0000,1.0000,1.0000,1.0000,1.0000,1.0000,1.0000,1.0000,1.0000,56.11,204.49,84.29,60.55,69.42,11.70,10.02,277.69,73.33,81.28,0.0000,0.0000,0.0000,0.0000,0.0000,0.0000,0.0000,0.0000,0.0000,0.0000,104304,74663,53998,54750,86225,66964,95775,572442,131417,91336,0,0,0,0,0,0,0,0,0,0,0.0000,0.0000,0.0000,0.0000,0.0000,0.0000,0.5011,0.4642,0.0000,0.0000,0,0,0,0,0,0,0,1,0,0,0,0,0,0,0,0,0,0,0,0,0.1099,0.0750,0.1133,0.0504,0.0799,0.0205,0.0794,0.1171,0.0145,0.1308,0.000,0.000,0.000,0.000,0.000,0.000,0.000,0.153,0.000,0.000,semi-presidential,parliamentary,parliamentary,parliamentary,parliamentary,semi-presidential,semi-presidential,electoral-authoritarian,electoral-authoritarian,parliamentary,0.800,0.800,0.800,0.800,0.800,0.800,0.586,0.500,0.500,0.800,100.0,89.0,100.0,100.0,100.0,100.0,100.0,100.0,100.0,73.5
2030-11-01,0.9829,0.9836,1.0130,0.9675,0.9899,1.0026,0.9900,0.9993,0.9989,0.9956,1.0021,0.9889,1.1046,0.9837,1.0138,0.9683,0.9902,1.0381,0.9932,1.0285,1.0120,0.9958,1.0085,0.9889,3608.55,5535.63,4174.69,2763.78,2176.15,1300.59,201.02,2839.33,2038.58,547.60,1.1261,0.6032,1.0305,1.3279,0.9234,0.3859,1.2283,0.2733,0.1732,-0.3917,0.6023,0.7196,0.5918,0.6696,0.6398,0.7447,0.5733,0.6523,0.7045,0.6970,0.0108,0.0083,0.0070,0.0073,0.0103,0.0067,0.0345,0.0008,0.0048,0.0030,1.0000,1.0000,1.0000,1.0000,1.0000,1.0000,1.0000,1.0000,1.0000,1.0000,55.16,203.72,84.52,60.43,68.85,11.76,9.98,274.68,73.18,80.59,0.0000,0.0000,0.0000,0.0000,0.0000,0.0000,0.0000,0.0000,0.0000,0.0000,104304,74663,53998,54750,86225,66964,95775,572442,131417,91336,0,0,0,0,0,0,0,0,0,0,0.0000,0.0000,0.0000,0.0000,0.0000,0.0000,0.4681,0.4444,0.0000,0.0000,0,0,0,0,0,0,0,1,0,0,0,0,0,0,0,0,0,0,0,0,0.1345,0.0860,0.1406,0.0617,0.0986,0.0215,0.0801,0.1193,0.0166,0.1310,0.000,0.000,0.000,0.000,0.000,0.000,0.000,0.155,0.000,0.000,semi-presidential,parliamentary,parliamentary,parliamentary,parliamentary,semi-presidential,semi-presidential,electoral-authoritarian,electoral-authoritarian,parliamentary,0.800,0.800,0.800,0.800,0.800,0.800,0.602,0.500,0.500,0.800,100.0,91.9,100.0,100.0,100.0,100.0,100.0,100.0,100.0,76.3
2030-12-01,0.9856,0.9826,1.0098,0.9662,0.9893,1.0027,0.9901,1.0006,1.0227,0.9932,1.0004,0.9890,1.1132,0.9826,1.0101,0.9772,0.9893,1.0027,1.0314,1.0325,1.7804,0.9936,1.0011,0.9890,3620.12,5537.36,4177.28,2769.37,2178.38,1302.99,201.66,2850.72,2055.93,546.92,1.1228,0.6030,1.0301,1.3254,0.9225,0.3842,1.2297,0.2735,0.1734,-0.4065,0.6222,0.7322,0.6130,0.6768,0.6570,0.7422,0.5634,0.6631,0.6899,0.7052,0.0117,0.0080,0.0250,0.0142,0.0313,0.0066,0.0666,0.0312,0.0327,0.0253,1.0000,1.0000,1.0000,1.0000,1.0000,1.0000,1.0000,1.0000,1.0000,1.0000,52.51,174.42,79.14,57.80,63.28,9.93,9.25,266.07,66.41,78.70,0.0000,0.0000,0.0000,0.0000,0.0000,0.0000,0.0000,0.0000,0.0000,0.0000,104304,74663,53998,54750,86225,66964,95775,572442,131417,91336,0,0,0,0,0,0,0,0,0,0,0.0000,0.0000,0.0000,0.0000,0.0000,0.0000,0.4438,0.4247,0.0000,0.0000,0,0,0,0,0,0,0,1,0,0,0,0,0,0,0,0,0,0,0,0,0.1360,0.0867,0.1406,0.0619,0.0990,0.0221,0.0812,0.1199,0.0169,0.1327,0.000,0.000,0.000,0.000,0.000,0.000,0.000,0.156,0.000,0.000,semi-presidential,parliamentary,parliamentary,parliamentary,parliamentary,semi-presidential,semi-presidential,electoral-authoritarian,electoral-authoritarian,parliamentary,0.800,0.800,0.800,0.800,0.800,0.800,0.614,0.500,0.500,0.800,100.0,95.0,100.0,100.0,100.0,100.0,100.0,100.0,100.0,79.2
2031-01-01,0.9900,0.9812,1.0064,0.9674,0.9891,1.0024,0.9905,1.0004,1.0551,0.9913,0.9969,0.9913,1.1904,0.9813,1.0071,1.0017,0.9892,1.0025,0.9959,1.0004,1.5069,0.9913,0.9970,0.9915,3636.14,5546.86,4192.88,2780.92,2181.15,1307.19,201.84,2870.44,2069.51,546.67,1.1181,0.6019,1.0264,1.3198,0.9214,0.3821,1.2332,0.2742,0.1714,-0.4210,0.6328,0.7298,0.6284,0.6605,0.6612,0.7430,0.5642,0.6516,0.6904,0.6897,0.0140,0.0147,0.0191,0.0258,0.0255,0.0109,0.0532,0.0179,0.0242,0.0125,1.0000,1.0000,1.0000,1.0000,1.0000,1.0000,1.0000,1.0000,1.0000,1.0000,56.23,199.18,80.16,56.48,65.73,12.14,9.86,272.33,74.61,78.80,0.0000,0.0000,0.0000,0.0000,0.0000,0.0000,0.0000,0.0000,0.0000,0.0000,104304,74663,53998,54750,86225,66964,95775,572442,131417,91336,0,0,0,0,0,0,0,0,0,0,0.0000,0.0000,0.0000,0.0000,0.0000,0.0000,0.4254,0.3853,0.0000,0.0000,0,0,0,0,0,0,0,1,0,0,0,0,0,0,0,0,0,0,0,0,0.1381,0.0888,0.1423,0.0654,0.1008,0.0245,0.0819,0.1207,0.0183,0.1348,0.000,0.000,0.000,0.000,0.000,0.000,0.000,0.155,0.000,0.000,semi-presidential,parliamentary,parliamentary,parliamentary,parliamentary,semi-presidential,semi-presidential,electoral-authoritarian,electoral-authoritarian,parliamentary,0.800,0.800,0.800,0.800,0.800,0.800,0.624,0.500,0.500,0.800,100.0,98.0,100.0,100.0,100.0,100.0,100.0,100.0,100.0,82.0
2031-02-01,0.9929,0.9809,1.0026,0.9700,0.9897,1.0041,0.9925,0.9992,1.0650,0.9916,0.9959,0.9927,1.0817,0.9810,1.0029,1.0077,1.0051,1.0772,1.0924,0.9996,1.1970,1.0011,1.0281,0.9929,3653.84,5563.15,4201.35,2791.30,2187.14,1315.13,202.37,2880.82,2081.66,547.15,1.1127,0.6002,1.0242,1.3148,0.9189,0.3788,1.2383,0.2744,0.1695,-0.4349,0.6463,0.7401,0.6465,0.6636,0.6627,0.7411,0.5672,0.6585,0.6764,0.6928,0.0113,0.0091,0.0186,0.0229,0.0165,0.0053,0.0411,0.0059,0.0083,0.0145,1.0000,1.0000,1.0000,1.0000,1.0000,1.0000,1.0000,1.0000,1.0000,1.0000,61.09,217.40,84.48,58.97,70.77,13.21,10.39,289.23,80.81,81.40,0.0000,0.0000,0.0000,0.0000,0.0000,0.0000,0.0000,0.0000,0.0000,0.0000,104304,74663,53998,54750,86225,66964,95775,572442,131417,91336,0,0,0,0,0,0,0,0,0,0,0.0000,0.0000,0.0000,0.0000,0.0000,0.0000,0.4050,0.3656,0.0000,0.0000,0,0,0,0,0,0,0,1,0,0,0,0,0,0,0,0,0,0,0,0,0.1402,0.0905,0.1435,0.0665,0.1062,0.0257,0.0852,0.1219,0.0194,0.1352,0.000,0.000,0.000,0.000,0.000,0.000,0.000,0.154,0.000,0.000,semi-presidential,parliamentary,parliamentary,parliamentary,parliamentary,semi-presidential,semi-presidential,electoral-authoritarian,electoral-authoritarian,parliamentary,0.800,0.800,0.800,0.800,0.800,0.800,0.634,0.500,0.500,0.800,100.0,100.0,100.0,100.0,100.0,100.0,100.0,100.0,100.0,84.8
2031-03-01,0.9954,0.9798,0.9981,0.9739,0.9903,1.0065,0.9940,0.9981,1.0645,0.9911,0.9974,0.9931,1.1197,0.9823,0.9983,1.0077,0.9904,1.0924,1.0317,0.9983,1.0651,0.9912,1.0634,0.9932,3654.60,5574.39,4221.70,2801.47,2191.31,1318.51,202.51,2880.82,2091.83,546.66,1.1126,0.5990,1.0192,1.3101,0.9171,0.3770,1.2445,0.2744,0.1678,-0.4496,0.6472,0.7407,0.6597,0.6662,0.6841,0.7372,0.5686,0.6585,0.6980,0.6982,0.0136,0.0116,0.0157,0.0196,0.0118,0.0076,0.0355,0.0005,0.0050,0.0048,0.9976,0.9979,0.9989,0.9980,0.9977,0.9984,1.0000,1.0000,0.9986,1.0000,60.58,216.47,84.16,59.80,70.35,13.21,10.39,288.30,80.87,80.83,0.0000,0.0000,0.0000,0.0000,0.0000,0.0000,0.0000,0.0000,0.0000,0.0000,104304,74663,53998,54750,86225,66964,95775,572442,131417,91336,0,0,0,0,0,0,0,0,0,0,0.0000,0.0000,0.0000,0.0000,0.0000,0.0000,0.3853,0.3656,0.0000,0.0000,0,0,0,0,0,0,0,1,0,0,0,0,0,0,0,0,0,0,0,0,0.1340,0.0876,0.1364,0.0635,0.1013,0.0255,0.0838,0.1218,0.0192,0.1354,0.000,0.000,0.000,0.000,0.000,0.000,0.000,0.155,0.000,0.000,semi-presidential,parliamentary,parliamentary,parliamentary,parliamentary,semi-presidential,semi-presidential,electoral-authoritarian,electoral-authoritarian,parliamentary,0.800,0.800,0.800,0.800,0.800,0.800,0.644,0.500,0.500,0.800,100.0,100.0,100.0,100.0,100.0,100.0,100.0,100.0,100.0,87.6
2031-04-01,1.0001,0.9825,0.9934,0.9769,0.9913,1.0093,0.9956,0.9970,1.0585,0.9876,0.9984,0.9935,1.1898,1.0998,0.9943,1.0245,1.0112,1.0332,1.0387,0.9970,1.0587,0.9886,1.0322,0.9936,3667.55,5576.41,4221.11,2811.19,2198.58,1324.67,202.85,2901.83,2100.47,547.65,1.1087,0.6019,1.0194,1.3057,0.9141,0.3743,1.2498,0.2749,0.1662,-0.4631,0.6443,0.7360,0.6670,0.6643,0.6924,0.7353,0.5637,0.6682,0.6979,0.7067,0.0314,0.0295,0.0274,0.0417,0.0347,0.0211,0.0399,0.0003,0.0163,0.0100,0.8885,0.9011,0.9472,0.9082,0.8905,0.9245,0.9778,1.0000,0.9361,1.0000,58.12,208.97,81.31,58.11,67.66,12.68,10.12,276.99,78.30,77.40,0.0000,0.0000,0.0000,0.0000,0.0000,0.0000,0.0000,0.0000,0.0000,0.0000,104304,74663,53998,54750,86225,66964,95775,572442,131417,91336,0,0,0,0,0,0,0,0,0,0,0.0000,0.0000,0.0000,0.0000,0.0000,0.0000,0.3656,0.3262,0.0000,0.0000,0,0,0,0,0,0,0,1,0,0,0,0,0,0,0,0,0,0,0,0,0.1406,0.0899,0.1441,0.0670,0.1064,0.0256,0.0860,0.1241,0.0200,0.1359,0.000,0.000,0.000,0.000,0.000,0.000,0.000,0.155,0.000,0.000,semi-presidential,parliamentary,parliamentary,parliamentary,parliamentary,semi-presidential,semi-presidential,electoral-authoritarian,electoral-authoritarian,parliamentary,0.800,0.800,0.800,0.800,0.800,0.800,0.654,0.500,0.500,0.800,100.0,100.0,100.0,100.0,100.0,100.0,100.0,100.0,100.0,90.5
2031-05-01,1.0054,0.9868,0.9890,0.9815,0.9914,1.0092,0.9962,0.9963,1.0505,0.9842,0.9979,0.9944,1.1912,1.1122,0.9901,1.0357,0.9926,1.0094,1.0708,0.9964,1.0514,0.9844,0.9979,0.9948,3677.15,5594.26,4231.23,2818.94,2201.35,1329.87,202.83,2911.48,2116.90,548.46,1.1059,0.6001,1.0171,1.3021,0.9131,0.3720,1.2577,0.2752,0.1641,-0.4768,0.6459,0.7382,0.6775,0.6512,0.6949,0.7285,0.5730,0.6651,0.7018,0.7125,0.0314,0.0301,0.0252,0.0419,0.0306,0.0213,0.0392,0.0003,0.0168,0.0040,0.8822,0.8949,0.9440,0.9019,0.8841,0.9190,0.9778,1.0000,0.9289,1.0000,57.93,207.37,80.77,59.34,67.61,12.60,10.09,277.73,78.22,77.39,0.0000,0.0000,0.0000,0.0000,0.0000,0.0000,0.0000,0.0000,0.0000,0.0000,104304,74663,53998,54750,86225,66964,95775,572442,131417,91336,0,0,0,0,0,0,0,0,0,0,0.0000,0.0000,0.0000,0.0000,0.0000,0.0000,0.3551,0.3065,0.0000,0.0000,0,0,0,0,0,0,0,1,0,0,0,0,0,0,0,0,0,0,0,0,0.1413,0.0902,0.1450,0.0678,0.1073,0.0261,0.0868,0.1252,0.0207,0.1368,0.000,0.000,0.000,0.000,0.000,0.000,0.000,0.155,0.000,0.000,semi-presidential,parliamentary,parliamentary,parliamentary,parliamentary,semi-presidential,semi-presidential,electoral-authoritarian,electoral-authoritarian,parliamentary,0.800,0.800,0.800,0.800,0.800,0.800,0.659,0.500,0.500,0.800,100.0,100.0,100.0,100.0,100.0,100.0,96.4,100.0,100.0,93.4
2031-06-01,1.0118,0.9894,0.9871,0.9849,0.9912,1.0080,0.9947,0.9955,1.0431,0.9833,0.9956,0.9959,1.2277,1.0218,0.9878,1.0105,0.9913,1.0081,0.9954,0.9958,1.0444,0.9834,0.9962,0.9963,3694.00,5610.71,4247.22,2829.23,2206.97,1331.94,202.42,2925.45,2125.01,548.50,1.1010,0.5984,1.0133,1.2974,0.9108,0.3706,1.2679,0.2750,0.1626,-0.4913,0.6505,0.7394,0.6842,0.6505,0.7037,0.7368,0.5712,0.6676,0.7145,0.7130,0.0186,0.0182,0.0151,0.0224,0.0185,0.0144,0.0368,0.0000,0.0110,0.0004,0.9701,0.9734,0.9860,0.9754,0.9706,0.9798,0.9828,1.0000,0.9829,1.0000,58.52,211.80,83.69,58.93,69.05,12.54,10.13,282.50,79.30,79.74,0.0000,0.0000,0.0000,0.0000,0.0000,0.0000,0.0000,0.0000,0.0000,0.0000,104304,74663,53998,54750,86225,66964,95775,572442,131417,91336,0,0,0,0,0,0,0,0,0,0,0.0000,0.0000,0.0000,0.0000,0.0000,0.0000,0.3353,0.2867,0.0000,0.0000,0,0,0,0,0,0,0,1,0,0,0,0,0,0,0,0,0,0,0,0,0.1422,0.0918,0.1461,0.0687,0.1085,0.0269,0.0845,0.1268,0.0217,0.1376,0.000,0.000,0.000,0.000,0.000,0.000,0.000,0.155,0.000,0.000,semi-presidential,parliamentary,parliamentary,parliamentary,parliamentary,semi-presidential,semi-presidential,electoral-authoritarian,electoral-authoritarian,parliamentary,0.800,0.800,0.800,0.800,0.800,0.800,0.669,0.500,0.500,0.800,100.0,100.0,100.0,100.0,100.0,100.0,99.1,100.0,100.0,96.4
2031-07-01,1.0158,0.9894,0.9837,0.9862,0.9886,1.0056,0.9928,0.9944,1.0374,0.9836,0.9923,0.9974,1.1552,0.9906,0.9847,1.0084,0.9889,1.0060,0.9929,0.9944,1.0376,0.9835,0.9931,0.9976,3712.72,5625.84,4257.05,2836.73,2219.50,1334.68,203.03,2929.71,2139.88,549.37,1.0952,0.5969,1.0110,1.2941,0.9056,0.3690,1.2719,0.2757,0.1606,-0.5050,0.6534,0.7444,0.6938,0.6633,0.7270,0.7374,0.5701,0.6775,0.7297,0.7140,0.0095,0.0094,0.0097,0.0140,0.0094,0.0071,0.0347,0.0000,0.0045,0.0001,1.0000,1.0000,1.0000,1.0000,1.0000,1.0000,0.9844,1.0000,1.0000,1.0000,60.05,214.00,84.36,60.29,70.95,12.34,10.18,291.96,80.99,81.62,0.0000,0.0000,0.0000,0.0000,0.0000,0.0000,0.0000,0.0000,0.0000,0.0000,104304,74663,53998,54750,86225,66964,95775,572442,131417,91336,0,0,0,0,0,0,0,0,0,0,0.0000,0.0000,0.0000,0.0000,0.0000,0.0000,0.3156,0.2670,0.0000,0.0000,0,0,0,0,0,0,0,1,0,0,0,0,0,0,0,0,0,0,0,0,0.1435,0.0929,0.1476,0.0700,0.1100,0.0276,0.0838,0.1280,0.0228,0.1380,0.000,0.000,0.000,0.000,0.000,0.000,0.000,0.154,0.000,0.000,semi-presidential,parliamentary,parliamentary,parliamentary,parliamentary,semi-presidential,semi-presidential,electoral-authoritarian,electoral-authoritarian,parliamentary,0.800,0.800,0.800,0.800,0.800,0.800,0.679,0.500,0.500,0.800,100.0,100.0,100.0,100.0,100.0,100.0,100.0,100.0,100.0,99.3
2031-08-01,1.0179,0.9864,0.9825,0.9868,0.9862,1.0019,0.9944,0.9939,1.0331,0.9847,0.9875,0.9968,1.0979,0.9866,0.9836,1.0108,0.9865,1.0025,1.1202,1.0402,1.0337,1.0051,0.9878,0.9970,3722.95,5628.84,4263.16,2843.28,2230.48,1340.81,203.68,2930.77,2153.26,550.61,1.0921,0.5966,1.0096,1.2911,0.9012,0.3665,1.2756,0.2767,0.1587,-0.5183,0.6520,0.7533,0.7033,0.6725,0.7386,0.7391,0.5563,0.6907,0.7520,0.7168,0.0113,0.0055,0.0153,0.0125,0.0092,0.0038,0.0371,0.0011,0.0029,0.0092,1.0000,1.0000,1.0000,1.0000,1.0000,1.0000,1.0000,1.0000,1.0000,1.0000,60.36,213.43,83.44,60.36,71.42,12.29,10.18,291.68,80.56,82.58,0.0000,0.0000,0.0000,0.0000,0.0000,0.0000,0.0000,0.0000,0.0000,0.0000,104304,74663,53998,54750,86225,66964,95775,572442,131417,91336,0,0,0,0,0,0,0,0,0,0,0.0000,0.0000,0.0000,0.0000,0.0000,0.0000,0.2959,0.2473,0.0000,0.0000,0,0,0,0,0,0,0,1,0,0,0,0,0,0,0,0,0,0,0,0,0.1237,0.0830,0.1257,0.0596,0.0940,0.0251,0.0815,0.1245,0.0196,0.1380,0.000,0.000,0.000,0.000,0.000,0.000,0.000,0.155,0.000,0.000,semi-presidential,parliamentary,parliamentary,parliamentary,parliamentary,semi-presidential,semi-presidential,electoral-authoritarian,electoral-authoritarian,parliamentary,0.800,0.800,0.800,0.800,0.800,0.800,0.688,0.500,0.500,0.800,100.0,100.0,100.0,100.0,30.0,100.0,100.0,100.0,100.0,100.0
2031-09-01,1.0177,0.9808,0.9800,0.9883,0.9842,0.9993,0.9999,0.9965,1.0278,0.9859,0.9850,0.9951,1.0506,0.9815,0.9809,1.0105,0.9843,0.9994,1.1124,1.0855,1.0289,1.0050,0.9852,0.9954,3738.31,5640.18,4259.12,2850.36,2231.02,1345.68,203.94,2950.08,2164.46,552.81,1.0876,0.5955,1.0106,1.2880,0.9011,0.3643,1.2817,0.2761,0.1571,-0.5308,0.6476,0.7567,0.6823,0.6751,0.7283,0.7446,0.5737,0.6796,0.7475,0.7168,0.0096,0.0023,0.0157,0.0089,0.0070,0.0013,0.0377,0.0013,0.0013,0.0118,1.0000,1.0000,1.0000,1.0000,1.0000,1.0000,1.0000,1.0000,1.0000,1.0000,61.43,214.93,84.75,60.59,72.29,12.64,10.23,294.37,80.71,83.51,0.0000,0.0000,0.0000,0.0000,0.0000,0.0000,0.0000,0.0000,0.0000,0.0000,104304,74663,53998,54750,86225,66964,95775,572442,131417,91336,0,0,0,0,0,0,0,0,0,0,0.0000,0.0000,0.0000,0.0000,0.0000,0.0000,0.2762,0.2276,0.0000,0.0000,0,0,0,0,0,0,0,1,0,0,0,0,0,0,0,0,0,0,0,0,0.1279,0.0847,0.1304,0.0614,0.0972,0.0250,0.0818,0.1230,0.0195,0.1376,0.000,0.000,0.000,0.000,0.000,0.000,0.000,0.157,0.000,0.000,semi-presidential,parliamentary,parliamentary,parliamentary,parliamentary,semi-presidential,semi-presidential,electoral-authoritarian,electoral-authoritarian,parliamentary,0.800,0.800,0.800,0.800,0.800,0.800,0.698,0.500,0.500,0.800,100.0,100.0,100.0,100.0,33.2,100.0,100.0,100.0,100.0,100.0
2031-10-01,1.0169,0.9775,0.9811,0.9900,0.9832,0.9981,1.0028,0.9983,1.0244,0.9904,0.9841,0.9937,1.0173,0.9778,1.0445,1.0160,0.9835,0.9984,1.0341,1.0611,1.0246,1.0067,0.9841,0.9942,3754.85,5651.31,4260.73,2865.31,2230.18,1356.37,203.92,2956.17,2174.37,554.31,1.0829,0.5944,1.0103,1.2812,0.9015,0.3601,1.2894,0.2766,0.1555,-0.5438,0.6464,0.7512,0.6676,0.6764,0.7226,0.7315,0.5635,0.6849,0.7434,0.7129,0.0084,0.0035,0.0142,0.0134,0.0070,0.0000,0.0045,0.0007,0.0027,0.0071,1.0000,1.0000,1.0000,1.0000,1.0000,1.0000,1.0000,1.0000,1.0000,1.0000,61.37,214.41,84.94,61.25,71.71,12.88,10.07,294.63,80.61,83.90,0.0000,0.0000,0.0000,0.0000,0.0000,0.0000,0.0000,0.0000,0.0000,0.0000,104304,74663,53998,54750,86225,66964,95775,572442,131417,91336,0,0,0,0,0,0,0,0,0,0,0.0000,0.0000,0.0000,0.0000,0.0000,0.0000,0.2565,0.2079,0.0000,0.0000,0,0,0,0,0,0,0,1,0,0,0,0,0,0,0,0,0,0,0,0,0.1261,0.0834,0.1285,0.0601,0.0958,0.0244,0.0812,0.1225,0.0185,0.1373,0.000,0.000,0.000,0.000,0.000,0.000,0.000,0.159,0.000,0.000,semi-presidential,parliamentary,parliamentary,parliamentary,parliamentary,semi-presidential,semi-presidential,electoral-authoritarian,electoral-authoritarian,parliamentary,0.800,0.800,0.800,0.800,0.800,0.824,0.708,0.500,0.500,0.800,100.0,100.0,100.0,100.0,36.4,94.3,100.0,100.0,100.0,100.0
2031-11-01,1.0153,0.9761,0.9849,0.9928,0.9820,0.9987,1.0044,0.9977,1.0192,0.9955,0.9834,0.9917,1.0155,0.9761,1.1353,1.0220,0.9822,1.0381,1.0472,0.9978,1.0200,1.0064,0.9999,0.9918,3760.52,5676.72,4266.99,2866.56,2233.46,1360.26,203.96,2959.50,2182.44,555.23,1.0813,0.5919,1.0088,1.2807,0.9001,0.3586,1.2964,0.2775,0.1541,-0.5573,0.6361,0.7465,0.6527,0.6607,0.7042,0.7336,0.5913,0.6707,0.7479,0.7166,0.0127,0.0078,0.0176,0.0206,0.0118,0.0005,0.0023,0.0003,0.0062,0.0052,1.0000,1.0000,1.0000,1.0000,1.0000,1.0000,1.0000,1.0000,1.0000,1.0000,60.98,212.06,84.28,61.51,71.01,13.39,9.93,292.69,79.83,83.74,0.0000,0.0000,0.0000,0.0000,0.0000,0.0000,0.0000,0.0000,0.0000,0.0000,104304,74663,53998,54750,86225,66964,95775,572442,131417,91336,0,0,0,0,0,0,0,0,0,0,0.0000,0.0000,0.0000,0.0000,0.0000,0.0000,0.2368,0.1882,0.0000,0.0000,0,0,0,0,0,0,0,1,0,0,0,0,0,0,0,0,0,0,0,0,0.1327,0.0853,0.1359,0.0629,0.1009,0.0242,0.0831,0.1223,0.0180,0.1371,0.000,0.000,0.000,0.000,0.000,0.000,0.000,0.161,0.000,0.000,semi-presidential,parliamentary,parliamentary,parliamentary,parliamentary,semi-presidential,semi-presidential,electoral-authoritarian,electoral-authoritarian,parliamentary,0.800,0.800,0.800,0.800,0.800,0.817,0.718,0.500,0.500,0.800,100.0,100.0,100.0,100.0,39.4,30.0,100.0,100.0,100.0,100.0
2031-12-01,1.0117,0.9774,0.9883,0.9948,0.9819,1.0005,1.0042,0.9984,1.0156,0.9970,0.9833,0.9903,1.0123,1.0260,1.0782,1.0257,0.9971,1.0298,1.0549,1.0147,1.0160,0.9969,0.9835,0.9904,3763.99,5704.11,4271.94,2873.01,2237.56,1366.01,205.13,2966.90,2189.08,556.62,1.0804,0.5891,1.0077,1.2778,0.8985,0.3556,1.2962,0.2779,0.1527,-0.5704,0.6241,0.7474,0.6472,0.6566,0.6928,0.7348,0.5900,0.6744,0.7432,0.7188,0.0154,0.0112,0.0194,0.0243,0.0179,0.0047,0.0053,0.0003,0.0075,0.0096,0.9541,0.9593,0.9784,0.9622,0.9549,0.9689,0.9811,1.0000,0.9737,1.0000,60.09,211.66,84.58,60.54,70.04,13.42,9.86,288.92,79.32,82.98,0.0000,0.0000,0.0000,0.0000,0.0000,0.0000,0.0000,0.0000,0.0000,0.0000,104304,74663,53998,54750,86225,66964,95775,572442,131417,91336,0,0,0,0,0,0,0,0,0,0,0.0000,0.0000,0.0000,0.0000,0.0000,0.0000,0.2171,0.1685,0.0000,0.0000,0,0,0,0,0,0,0,1,0,0,0,0,0,0,0,0,0,0,0,0,0.1253,0.0814,0.1281,0.0588,0.0946,0.0228,0.0821,0.1207,0.0166,0.1369,0.000,0.000,0.000,0.000,0.000,0.000,0.000,0.163,0.000,0.000,semi-presidential,parliamentary,parliamentary,parliamentary,parliamentary,semi-presidential,semi-presidential,electoral-authoritarian,electoral-authoritarian,parliamentary,0.800,0.800,0.800,0.800,0.800,0.807,0.728,0.500,0.500,0.800,100.0,100.0,100.0,100.0,42.5,33.0,100.0,100.0,100.0,100.0
2032-01-01,1.0070,0.9795,0.9884,0.9959,0.9840,1.0033,1.0055,0.9982,1.0133,0.9980,0.9837,0.9913,1.0070,1.0294,0.9891,1.0150,1.0069,1.0678,1.0553,1.0203,1.0136,1.0042,1.0251,0.9917,3772.18,5713.84,4267.01,2882.62,2250.16,1374.03,205.50,2975.11,2206.28,556.63,1.0781,0.5882,1.0090,1.2736,0.8935,0.3521,1.3008,0.2783,0.1504,-0.5848,0.6319,0.7505,0.6476,0.6496,0.7000,0.7333,0.6010,0.6900,0.7397,0.7197,0.0117,0.0077,0.0171,0.0161,0.0153,0.0053,0.0068,0.0006,0.0043,0.0138,0.9527,0.9580,0.9778,0.9610,0.9535,0.9680,0.9812,1.0000,0.9729,1.0000,60.33,215.15,86.91,62.03,71.82,13.26,10.02,292.99,80.50,83.21,0.0000,0.0000,0.0000,0.0000,0.0000,0.0000,0.0000,0.0000,0.0000,0.0000,104304,74663,53998,54750,86225,66964,95775,572442,131417,91336,0,0,0,0,0,0,0,0,0,0,0.0000,0.0000,0.0000,0.0000,0.0000,0.0000,0.1974,0.1488,0.0000,0.0000,0,0,0,0,0,0,0,1,0,0,0,0,0,0,0,0,0,0,0,0,0.1383,0.0885,0.1425,0.0664,0.1053,0.0243,0.0843,0.1227,0.0190,0.1365,0.000,0.000,0.000,0.000,0.000,0.000,0.000,0.162,0.000,0.000,semi-presidential,parliamentary,parliamentary,parliamentary,parliamentary,semi-presidential,semi-presidential,electoral-authoritarian,electoral-authoritarian,parliamentary,0.800,0.800,0.800,0.800,0.800,0.800,0.738,0.500,0.500,0.800,100.0,100.0,100.0,100.0,45.5,36.1,100.0,100.0,100.0,100.0
2032-02-01,1.0058,0.9831,0.9853,0.9970,0.9880,1.0051,1.0029,1.0006,1.0102,0.9998,0.9874,0.9912,1.0059,1.0511,0.9860,1.0179,1.0306,1.0817,1.0038,1.0811,1.0110,1.0093,1.1514,0.9914,3779.11,5734.60,4276.46,2892.23,2257.90,1379.56,205.53,2977.70,2221.85,558.05,1.0762,0.5862,1.0068,1.2694,0.8906,0.3493,1.3073,0.2793,0.1485,-0.5977,0.6349,0.7577,0.6590,0.6558,0.6866,0.7286,0.6148,0.6865,0.7218,0.7106,0.0195,0.0102,0.0273,0.0225,0.0255,0.0070,0.0120,0.0014,0.0059,0.0286,0.9359,0.9431,0.9699,0.9472,0.9370,0.9566,0.9805,1.0000,0.9633,1.0000,60.96,215.01,86.25,61.62,72.39,13.37,10.02,297.45,80.96,82.80,0.0000,0.0000,0.0000,0.0000,0.0000,0.0000,0.0000,0.0000,0.0000,0.0000,104304,74663,53998,54750,86225,66964,95775,572442,131417,91336,0,0,0,0,0,0,0,0,0,0,0.0000,0.0000,0.0000,0.0000,0.0000,0.0000,0.1776,0.1290,0.0000,0.0000,0,0,0,0,0,0,0,1,0,0,0,0,0,0,0,0,0,0,0,0,0.1171,0.0782,0.1191,0.0550,0.0936,0.0227,0.0821,0.1224,0.0164,0.1367,0.000,0.000,0.000,0.000,0.000,0.000,0.000,0.162,0.000,0.000,semi-presidential,parliamentary,parliamentary,parliamentary,parliamentary,semi-presidential,semi-presidential,electoral-authoritarian,electoral-authoritarian,parliamentary,0.800,0.800,0.800,0.800,0.800,0.800,0.747,0.500,0.500,0.800,100.0,100.0,100.0,100.0,48.5,39.1,100.0,100.0,100.0,100.0
2032-03-01,1.0049,0.9851,0.9836,0.9989,0.9955,1.0082,1.0008,1.0019,1.0075,1.0020,0.9907,0.9902,1.0050,1.0412,1.0065,1.0212,1.0432,1.0919,1.0008,1.0350,1.0081,1.0086,1.1271,0.9904,3785.26,5728.73,4271.56,2899.06,2258.15,1382.31,205.64,2982.03,2235.54,557.75,1.0745,0.5869,1.0080,1.2662,0.8906,0.3472,1.3131,0.2800,0.1468,-0.6125,0.6432,0.7468,0.6421,0.6567,0.6978,0.7400,0.6164,0.6970,0.7048,0.6953,0.0164,0.0099,0.0241,0.0245,0.0246,0.0060,0.0089,0.0009,0.0057,0.0261,0.9473,0.9533,0.9753,0.9566,0.9482,0.9644,0.9813,1.0000,0.9699,1.0000,60.86,215.25,86.66,61.71,72.36,13.49,10.00,296.92,80.89,83.14,0.0000,0.0000,0.0000,0.0000,0.0000,0.0000,0.0000,0.0000,0.0000,0.0000,104304,74663,53998,54750,86225,66964,95775,572442,131417,91336,0,0,0,0,0,0,0,0,0,0,0.0000,0.0000,0.0000,0.0000,0.0000,0.0000,0.1579,0.1093,0.0000,0.0000,0,0,0,0,0,0,0,1,0,0,0,0,0,0,0,0,0,0,0,0,0.1310,0.0846,0.1343,0.0674,0.1054,0.0234,0.0840,0.1240,0.0175,0.1370,0.000,0.000,0.000,0.000,0.000,0.000,0.000,0.163,0.000,0.000,semi-presidential,parliamentary,parliamentary,parliamentary,parliamentary,semi-presidential,semi-presidential,electoral-authoritarian,electoral-authoritarian,parliamentary,0.800,0.800,0.800,0.800,0.800,0.800,0.757,0.500,0.500,0.800,100.0,100.0,100.0,93.6,51.5,42.2,100.0,100.0,100.0,100.0
2032-04-01,1.0028,0.9880,0.9838,0.9993,1.0047,1.0101,0.9993,1.0028,1.0061,1.0013,0.9939,0.9890,1.0028,1.0800,0.9845,1.0202,1.0550,1.0273,0.9996,1.0028,1.0062,1.0016,1.0549,0.9891,3798.20,5743.27,4270.42,2912.76,2263.29,1388.55,205.85,2989.45,2246.25,557.88,1.0709,0.5855,1.0082,1.2601,0.8886,0.3443,1.3179,0.2805,0.1452,-0.6267,0.6422,0.7477,0.6369,0.6469,0.6896,0.7395,0.6235,0.7039,0.6962,0.6900,0.0145,0.0116,0.0196,0.0251,0.0250,0.0085,0.0052,0.0003,0.0071,0.0210,0.9126,0.9225,0.9591,0.9281,0.9142,0.9410,0.9796,1.0000,0.9501,1.0000,59.43,215.08,88.22,61.94,71.15,13.58,9.86,289.27,80.13,82.60,0.0000,0.0000,0.0000,0.0000,0.0000,0.0000,0.0000,0.0000,0.0000,0.0000,104304,74663,53998,54750,86225,66964,95775,572442,131417,91336,0,0,0,0,0,0,0,0,0,0,0.0000,0.0000,0.0000,0.0000,0.0000,0.0000,0.1382,0.0896,0.0000,0.0000,0,0,0,0,0,0,0,1,0,0,0,0,0,0,0,0,0,0,0,0,0.1098,0.0748,0.1113,0.0565,0.0872,0.0211,0.0814,0.1192,0.0144,0.1366,0.000,0.000,0.000,0.000,0.000,0.000,0.000,0.163,0.000,0.000,semi-presidential,parliamentary,parliamentary,parliamentary,parliamentary,semi-presidential,semi-presidential,electoral-authoritarian,electoral-authoritarian,parliamentary,0.800,0.800,0.800,0.800,0.800,0.800,0.767,0.500,0.500,0.800,100.0,100.0,100.0,97.2,54.5,45.3,100.0,100.0,100.0,100.0
2032-05-01,0.9997,0.9916,0.9847,1.0010,1.0103,1.0129,0.9966,1.0035,1.0048,0.9983,0.9943,0.9868,0.9999,1.0706,1.0734,1.0241,1.0428,1.0599,0.9970,1.0036,1.0052,0.9986,0.9954,0.9870,3795.74,5744.30,4265.69,2907.90,2265.69,1394.62,206.07,2994.51,2257.13,558.95,1.0717,0.5854,1.0093,1.2622,0.8877,0.3414,1.3273,0.2812,0.1437,-0.6498,0.6324,0.7370,0.6138,0.6331,0.6828,0.7313,0.6320,0.6969,0.6950,0.6974,0.0173,0.0136,0.0206,0.0284,0.0244,0.0076,0.0032,0.0000,0.0097,0.0129,0.9259,0.9343,0.9653,0.9390,0.9272,0.9499,0.9807,1.0000,0.9577,1.0000,59.48,213.63,86.07,61.17,70.57,13.83,9.82,288.97,79.92,82.66,0.0000,0.0000,0.0000,0.0000,0.0000,0.0000,0.0000,0.0000,0.0000,0.0000,104304,74663,53998,54750,86225,66964,95775,572442,131417,91336,0,0,0,0,0,0,0,0,0,0,0.0000,0.0000,0.0000,0.0000,0.0000,0.0000,0.1185,0.0699,0.0000,0.0000,0,0,0,0,0,0,0,1,0,0,0,0,0,0,0,0,0,0,0,0,0.1197,0.0784,0.1221,0.0604,0.0954,0.0210,0.0821,0.1200,0.0144,0.1370,0.000,0.000,0.000,0.000,0.000,0.000,0.000,0.166,0.000,0.000,semi-presidential,parliamentary,parliamentary,parliamentary,parliamentary,semi-presidential,semi-presidential,electoral-authoritarian,electoral-authoritarian,parliamentary,0.800,0.800,0.800,0.800,0.800,0.800,0.777,0.500,0.500,0.800,30.0,100.0,100.0,100.0,57.5,48.3,100.0,100.0,100.0,100.0
2032-06-01,0.9963,0.9959,0.9861,1.0036,1.0170,1.0130,0.9942,1.0020,1.0007,0.9959,0.9926,0.9850,0.9969,1.1479,1.0220,1.0413,1.0543,1.0537,0.9944,1.0020,1.0008,0.9967,0.9931,0.9856,3796.51,5750.24,4275.86,2915.42,2268.26,1394.13,206.25,3001.89,2265.51,559.56,1.0715,0.5849,1.0070,1.2590,0.8868,0.3402,1.3313,0.2816,0.1423,-0.6636,0.6218,0.7305,0.6091,0.6265,0.6734,0.7217,0.6353,0.6825,0.6994,0.7038,0.0224,0.0205,0.0229,0.0396,0.0304,0.0142,0.0036,0.0000,0.0147,0.0136,0.8626,0.8760,0.9347,0.8823,0.8645,0.9018,0.9773,1.0000,0.9064,1.0000,58.13,210.98,84.96,60.18,69.32,13.39,9.67,283.92,78.77,80.73,0.0000,0.0000,0.0000,0.0000,0.0000,0.0000,0.0000,0.0000,0.0000,0.0000,104304,74663,53998,54750,86225,66964,95775,572442,131417,91336,0,0,0,0,0,0,0,0,0,0,0.0000,0.0000,0.0000,0.0000,0.0000,0.0000,0.1001,0.0502,0.0000,0.0000,0,0,0,0,0,0,0,1,0,0,0,0,0,0,0,0,0,0,0,0,0.1167,0.0765,0.1228,0.0585,0.0927,0.0198,0.0802,0.1187,0.0135,0.1369,0.000,0.000,0.000,0.000,0.000,0.000,0.000,0.167,0.000,0.000,semi-presidential,parliamentary,parliamentary,parliamentary,parliamentary,semi-presidential,semi-presidential,electoral-authoritarian,electoral-authoritarian,parliamentary,0.800,0.800,0.800,0.800,0.800,0.800,0.786,0.500,0.500,0.800,32.7,100.0,100.0,100.0,60.4,51.3,100.0,100.0,100.0,100.0
2032-07-01,0.9923,1.0007,0.9882,1.0072,1.0198,1.0108,0.9926,1.0031,0.9993,0.9959,0.9910,0.9829,0.9923,1.1045,1.1225,1.0402,1.0324,1.0114,0.9929,1.0348,0.9994,1.0078,0.9912,0.9829,3792.20,5756.58,4267.18,2908.08,2262.68,1400.32,206.56,3003.90,2269.55,561.59,1.0728,0.5844,1.0092,1.2624,0.8890,0.3373,1.3347,0.2826,0.1412,-0.6756,0.6154,0.7122,0.5937,0.6074,0.6677,0.7115,0.6416,0.6922,0.6860,0.7056,0.0244,0.0177,0.0246,0.0345,0.0265,0.0092,0.0048,0.0002,0.0131,0.0082,0.9025,0.9136,0.9545,0.9199,0.9042,0.9342,0.9802,1.0000,0.9445,1.0000,57.79,210.85,85.06,59.90,69.04,13.63,9.70,282.41,78.67,81.98,0.0000,0.0000,0.0000,0.0000,0.0000,0.0000,0.0000,0.0000,0.0000,0.0000,104304,74663,53998,54750,86225,66964,95775,572442,131417,91336,0,0,0,0,0,0,0,0,0,0,0.0000,0.0000,0.0000,0.0000,0.0000,0.0000,0.0804,0.0305,0.0000,0.0000,0,0,0,0,0,0,0,1,0,0,0,0,0,0,0,0,0,0,0,0,0.1286,0.0792,0.1319,0.0620,0.0993,0.0244,0.0799,0.1169,0.0127,0.1368,0.000,0.000,0.000,0.000,0.000,0.000,0.000,0.168,0.000,0.000,semi-presidential,parliamentary,parliamentary,parliamentary,parliamentary,semi-presidential,semi-presidential,electoral-authoritarian,electoral-authoritarian,parliamentary,0.800,0.817,0.800,0.800,0.800,0.800,0.796,0.500,0.540,0.800,35.4,95.9,100.0,100.0,63.3,54.2,100.0,100.0,90.0,100.0
2032-08-01,0.9895,1.0010,0.9904,1.0086,1.0229,1.0076,0.9919,1.0034,0.9986,0.9983,0.9882,0.9824,0.9895,1.0011,1.0272,1.0227,1.0435,1.0076,1.0239,1.0180,1.0045,1.0018,0.9883,0.9826,3790.07,5758.97,4276.62,2910.15,2273.02,1406.50,206.79,3007.18,2274.29,561.30,1.0735,0.5843,1.0071,1.2617,0.8850,0.3346,1.3381,0.2834,0.1406,-0.6905,0.6256,0.7098,0.6032,0.6140,0.6821,0.7225,0.6391,0.6985,0.6862,0.7011,0.0043,0.0012,0.0102,0.0111,0.0086,0.0000,0.0023,0.0005,0.0017,0.0102,1.0000,1.0000,1.0000,1.0000,1.0000,1.0000,1.0000,1.0000,1.0000,1.0000,60.13,217.11,88.87,63.80,73.22,13.75,10.09,297.73,81.99,84.98,0.0000,0.0000,0.0000,0.0000,0.0000,0.0000,0.0000,0.0000,0.0000,0.0000,104304,74663,53998,54750,86225,66964,95775,572442,131417,91336,0,0,0,0,0,0,0,0,0,0,0.0000,0.0000,0.0000,0.0000,0.0000,0.0000,0.0607,0.0108,0.0000,0.0000,0,0,0,0,0,0,0,1,0,0,0,0,0,0,0,0,0,0,0,0,0.1355,0.0825,0.1396,0.0662,0.1050,0.0248,0.0804,0.1194,0.0137,0.1372,0.000,0.000,0.000,0.000,0.000,0.000,0.000,0.169,0.000,0.000,semi-presidential,parliamentary,parliamentary,parliamentary,parliamentary,semi-presidential,semi-presidential,electoral-authoritarian,electoral-authoritarian,parliamentary,0.800,0.807,0.800,0.800,0.800,0.800,0.800,0.500,0.536,0.800,38.1,98.8,100.0,100.0,66.2,57.2,100.0,100.0,91.5,100.0
2032-09-01,0.9905,1.0001,0.9907,1.0098,1.0258,1.0063,0.9918,1.0046,0.9976,1.0008,0.9870,0.9830,0.9952,1.0003,0.9913,1.0233,1.0452,1.0064,0.9918,1.0113,0.9978,1.0033,0.9870,0.9830,3797.70,5771.84,4291.15,2911.34,2283.11,1407.99,207.19,3011.35,2273.70,561.74,1.0712,0.5831,1.0039,1.2666,0.8811,0.3330,1.3474,0.2842,0.1398,-0.6984,0.6319,0.7255,0.6273,0.6346,0.6967,0.7312,0.6436,0.7009,0.6883,0.7127,0.0006,0.0002,0.0059,0.0081,0.0050,0.0001,0.0071,0.0000,0.0001,0.0071,1.0000,1.0000,1.0000,1.0000,1.0000,1.0000,1.0000,1.0000,1.0000,1.0000,60.64,218.11,90.35,65.18,74.60,13.85,10.20,301.58,82.51,85.19,0.0000,0.0000,0.0000,0.0000,0.0000,0.0000,0.0000,0.0000,0.0000,0.0000,104304,74663,53998,54750,86225,66964,95775,572442,131417,91336,0,0,0,0,0,0,0,0,0,0,0.0000,0.0000,0.0000,0.0000,0.0000,0.0000,0.0305,0.0000,0.0000,0.0000,0,0,0,0,0,0,0,1,0,0,0,0,0,0,0,0,0,0,0,0,0.1352,0.0825,0.1397,0.0668,0.1051,0.0250,0.0807,0.1205,0.0140,0.1372,0.000,0.000,0.000,0.000,0.000,0.000,0.000,0.169,0.000,0.000,semi-presidential,parliamentary,parliamentary,parliamentary,parliamentary,semi-presidential,semi-presidential,electoral-authoritarian,electoral-authoritarian,parliamentary,0.800,0.800,0.800,0.800,0.800,0.800,0.800,0.500,0.526,0.800,40.8,100.0,100.0,100.0,69.2,60.2,100.0,100.0,95.1,100.0
2032-10-01,0.9922,0.9987,0.9906,1.0104,1.0282,1.0071,0.9924,1.0042,0.9959,1.0034,0.9876,0.9852,1.0871,0.9989,0.9912,1.0246,1.0459,1.0358,1.0720,1.0316,0.9961,1.0052,1.0136,0.9855,3805.20,5782.32,4305.69,2926.10,2292.18,1416.00,207.28,3020.94,2284.01,561.79,1.0690,0.5821,1.0006,1.2604,0.8777,0.3298,1.3509,0.2845,0.1383,-0.7114,0.6357,0.7156,0.6422,0.6448,0.7057,0.7412,0.6392,0.7031,0.6884,0.7351,0.0116,0.0064,0.0147,0.0136,0.0140,0.0051,0.0365,0.0007,0.0034,0.0131,1.0000,1.0000,1.0000,1.0000,1.0000,1.0000,0.9975,1.0000,1.0000,1.0000,59.58,216.95,90.05,64.52,73.82,13.75,10.22,298.41,82.19,84.35,0.0000,0.0000,0.0000,0.0000,0.0000,0.0000,0.0000,0.0000,0.0000,0.0000,104304,74663,53998,54750,86225,66964,95775,572442,131417,91336,0,0,0,0,0,0,0,0,0,0,0.0000,0.0000,0.0000,0.0000,0.0000,0.0000,0.0107,0.0000,0.0000,0.0000,0,0,0,0,0,0,0,1,0,0,0,0,0,0,0,0,0,0,0,0,0.1375,0.0844,0.1419,0.0685,0.1072,0.0266,0.0825,0.1229,0.0156,0.1374,0.000,0.000,0.000,0.000,0.000,0.000,0.000,0.167,0.000,0.000,semi-presidential,parliamentary,parliamentary,parliamentary,parliamentary,semi-presidential,semi-presidential,electoral-authoritarian,electoral-authoritarian,parliamentary,0.800,0.836,0.800,0.800,0.800,0.800,0.800,0.500,0.516,0.800,43.6,91.1,100.0,100.0,72.3,63.3,100.0,100.0,98.8,100.0
2032-11-01,0.9952,0.9997,0.9909,1.0114,1.0303,1.0073,0.9944,1.0045,0.9952,1.0044,0.9889,0.9870,1.1138,1.0457,1.0612,1.0318,1.0311,1.0074,1.0012,1.0133,0.9954,1.0045,0.9999,0.9873,3816.26,5796.68,4319.41,2932.46,2300.24,1419.36,207.66,3025.54,2293.74,563.45,1.0659,0.5807,0.9975,1.2579,0.8747,0.3277,1.3522,0.2852,0.1369,-0.7237,0.6391,0.7243,0.6541,0.6539,0.7032,0.7411,0.6258,0.7059,0.6874,0.7258,0.0199,0.0150,0.0172,0.0233,0.0196,0.0101,0.0356,0.0001,0.0100,0.0032,0.9573,0.9622,0.9801,0.9650,0.9581,0.9712,0.9830,1.0000,0.9757,1.0000,58.80,215.90,89.72,63.04,72.94,13.82,10.24,294.05,81.43,83.01,0.0000,0.0000,0.0000,0.0000,0.0000,0.0000,0.0000,0.0000,0.0000,0.0000,104304,74663,53998,54750,86225,66964,95775,572442,131417,91336,0,0,0,0,0,0,0,0,0,0,0.0000,0.0000,0.0000,0.0000,0.0000,0.0000,0.0000,0.0000,0.0000,0.0000,0,0,0,0,0,0,0,1,0,0,0,0,0,0,0,0,0,0,0,0,0.1384,0.0854,0.1432,0.0691,0.1082,0.0274,0.0836,0.1245,0.0162,0.1377,0.000,0.000,0.000,0.000,0.000,0.000,0.000,0.166,0.000,0.000,semi-presidential,parliamentary,parliamentary,parliamentary,parliamentary,semi-presidential,semi-presidential,electoral-authoritarian,electoral-authoritarian,parliamentary,0.800,0.827,0.800,0.800,0.800,0.800,0.800,0.500,0.506,0.800,46.4,94.0,97.2,100.0,75.4,66.4,100.0,100.0,100.0,100.0
2032-12-01,0.9985,1.0010,0.9937,1.0121,1.0321,1.0050,0.9951,1.0058,0.9960,1.0047,0.9881,0.9873,1.0909,1.0397,1.0798,1.0205,1.0519,1.0054,1.0126,1.0059,1.0651,1.0052,0.9882,0.9876,3818.60,5817.37,4331.56,2949.20,2306.48,1424.09,208.11,3037.11,2308.35,563.70,1.0653,0.5788,0.9948,1.2509,0.8724,0.3253,1.3526,0.2852,0.1351,-0.7379,0.6417,0.7315,0.6624,0.6624,0.7012,0.7364,0.6220,0.7004,0.6847,0.7221,0.0184,0.0135,0.0193,0.0201,0.0246,0.0086,0.0063,0.0028,0.0121,0.0106,0.9632,0.9674,0.9828,0.9698,0.9638,0.9752,0.9981,1.0000,0.9791,1.0000,59.65,217.98,92.66,66.15,74.34,14.12,7.97,295.82,82.50,83.45,0.0000,0.0000,0.0000,0.0000,0.0000,0.0000,0.0000,0.0000,0.0000,0.0000,104304,74663,53998,54750,86225,66964,95775,572442,131417,91336,0,0,0,0,0,0,0,0,0,0,0.0000,0.0000,0.0000,0.0000,0.0000,0.0000,0.0000,0.0000,0.0000,0.0000,0,0,0,0,0,0,0,0,0,0,0,0,0,0,0,0,0,0,0,0,0.1388,0.0859,0.1423,0.0708,0.1080,0.0280,0.0842,0.1255,0.0164,0.1366,0.000,0.000,0.000,0.000,0.000,0.000,0.000,0.156,0.000,0.000,semi-presidential,parliamentary,parliamentary,parliamentary,parliamentary,semi-presidential,semi-presidential,electoral-authoritarian,electoral-authoritarian,parliamentary,0.800,0.817,0.800,0.800,0.800,0.800,0.800,0.500,0.500,0.800,49.2,97.0,99.6,100.0,78.4,69.4,100.0,100.0,100.0,100.0
2033-01-01,1.0007,1.0032,0.9961,1.0118,1.0351,1.0019,0.9970,1.0033,0.9990,1.0033,0.9864,0.9876,1.1625,1.0654,1.0752,1.0274,1.0520,1.0026,1.0506,1.0037,1.0820,1.0036,0.9865,0.9878,3832.45,5836.19,4327.12,2954.64,2315.94,1430.40,208.25,3044.69,2308.71,565.05,1.0615,0.5770,0.9959,1.2487,0.8687,0.3226,1.3546,0.2856,0.1343,-0.7507,0.6432,0.7387,0.6732,0.6729,0.7020,0.7394,0.6388,0.6959,0.6837,0.7127,0.0268,0.0204,0.0244,0.0293,0.0322,0.0146,0.0106,0.0035,0.0174,0.0116,0.9412,0.9479,0.9726,0.9517,0.9423,0.9604,0.9971,1.0000,0.9666,1.0000,58.54,216.08,90.57,64.14,72.86,13.89,7.92,290.26,81.79,82.10,0.0000,0.0000,0.0000,0.0000,0.0000,0.0000,0.0000,0.0000,0.0000,0.0000,104304,74663,53998,54750,86225,66964,95775,572442,131417,91336,0,0,0,0,0,0,0,0,0,0,0.0000,0.0000,0.0000,0.0000,0.0000,0.0000,0.0000,0.0000,0.0000,0.0000,0,0,0,0,0,0,0,0,0,0,0,0,0,0,0,0,0,0,0,0,0.1396,0.0860,0.1439,0.0709,0.1088,0.0280,0.0844,0.1266,0.0167,0.1380,0.000,0.000,0.000,0.000,0.000,0.000,0.000,0.133,0.000,0.000,semi-presidential,parliamentary,parliamentary,parliamentary,parliamentary,semi-presidential,semi-presidential,electoral-authoritarian,electoral-authoritarian,parliamentary,0.800,0.807,0.800,0.800,0.800,0.800,0.800,0.500,0.500,0.800,52.0,100.0,100.0,100.0,81.5,72.5,100.0,100.0,100.0,100.0
2033-02-01,1.0063,1.0045,1.0009,1.0124,1.0352,0.9995,0.9969,1.0014,1.0001,0.9999,0.9861,0.9903,1.1670,1.0192,1.2184,1.0346,1.0352,0.9996,0.9969,1.0015,1.0001,1.0009,0.9984,0.9907,3840.47,5839.81,4332.15,2974.76,2324.46,1435.65,208.33,3050.55,2323.09,566.14,1.0593,0.5767,0.9948,1.2404,0.8654,0.3201,1.3569,0.2862,0.1326,-0.7638,0.6423,0.7296,0.6753,0.6678,0.6820,0.7325,0.6405,0.7076,0.6877,0.7194,0.0284,0.0200,0.0252,0.0330,0.0281,0.0103,0.0058,0.0001,0.0161,0.0044,0.9861,0.9877,0.9935,0.9886,0.9863,0.9906,0.9993,1.0000,0.9921,1.0000,59.20,214.79,87.32,62.55,72.46,13.91,7.82,292.48,82.20,83.08,0.0000,0.0000,0.0000,0.0000,0.0000,0.0000,0.0000,0.0000,0.0000,0.0000,104304,74663,53998,54750,86225,66964,95775,572442,131417,91336,0,0,0,0,0,0,0,0,0,0,0.0000,0.0000,0.0000,0.0000,0.0000,0.0000,0.0000,0.0000,0.0000,0.0000,0,0,0,0,0,0,0,0,0,0,0,0,0,0,0,0,0,0,0,0,0.1414,0.0869,0.1455,0.0709,0.1106,0.0292,0.0846,0.1284,0.0176,0.1389,0.000,0.000,0.000,0.000,0.000,0.000,0.000,0.114,0.000,0.000,semi-presidential,parliamentary,parliamentary,parliamentary,parliamentary,semi-presidential,semi-presidential,electoral-authoritarian,electoral-authoritarian,parliamentary,0.800,0.800,0.800,0.800,0.800,0.800,0.800,0.500,0.500,0.800,54.8,100.0,100.0,100.0,85.4,75.6,100.0,100.0,100.0,100.0
2033-03-01,1.0102,1.0058,1.0060,1.0117,1.0347,0.9987,0.9957,1.0007,0.9995,0.9963,0.9875,0.9920,1.1408,1.0589,1.1765,1.0198,1.0347,0.9988,0.9958,1.0007,0.9995,0.9972,0.9971,0.9924,3849.55,5860.43,4356.97,2989.38,2337.42,1438.97,208.40,3066.11,2331.29,566.20,1.0568,0.5748,0.9891,1.2344,0.8607,0.3181,1.3591,0.2858,0.1313,-0.7783,0.6464,0.7347,0.6994,0.6687,0.6912,0.7338,0.6468,0.7290,0.6799,0.7273,0.0284,0.0202,0.0242,0.0247,0.0280,0.0119,0.0044,0.0000,0.0152,0.0034,0.9496,0.9554,0.9766,0.9587,0.9505,0.9661,0.9975,1.0000,0.9714,1.0000,59.49,217.26,90.83,65.85,73.97,13.79,7.97,295.43,83.22,83.09,0.0000,0.0000,0.0000,0.0000,0.0000,0.0000,0.0000,0.0000,0.0000,0.0000,104304,74663,53998,54750,86225,66964,95775,572442,131417,91336,0,0,0,0,0,0,0,0,0,0,0.0000,0.0000,0.0000,0.0000,0.0000,0.0000,0.0000,0.0000,0.0000,0.0000,0,0,0,0,0,0,0,0,0,0,0,0,0,0,0,0,0,0,0,0,0.1424,0.0886,0.1509,0.0738,0.1110,0.0300,0.0852,0.1285,0.0188,0.1368,0.000,0.000,0.000,0.000,0.000,0.000,0.000,0.095,0.000,0.000,semi-presidential,parliamentary,parliamentary,parliamentary,parliamentary,semi-presidential,semi-presidential,electoral-authoritarian,electoral-authoritarian,parliamentary,0.800,0.800,0.800,0.800,0.800,0.800,0.800,0.500,0.500,0.800,57.7,100.0,100.0,100.0,88.4,78.6,100.0,100.0,100.0,100.0
2033-04-01,1.0132,1.0087,1.0082,1.0105,1.0345,0.9987,0.9953,1.0008,0.9980,0.9946,0.9876,0.9924,1.1899,1.1048,1.1256,1.0202,1.0390,0.9988,0.9979,1.0008,0.9983,0.9949,0.9876,0.9924,3858.92,5865.98,4371.07,2999.07,2341.55,1445.78,209.07,3079.40,2340.35,568.15,1.0543,0.5746,0.9860,1.2305,0.8593,0.3153,1.3572,0.2856,0.1299,-0.7956,0.6490,0.7297,0.6955,0.6743,0.6925,0.7366,0.6499,0.7195,0.6965,0.7263,0.0329,0.0262,0.0258,0.0290,0.0336,0.0184,0.0065,0.0000,0.0191,0.0032,0.9097,0.9200,0.9580,0.9259,0.9113,0.9392,0.9956,1.0000,0.9488,1.0000,58.67,216.49,90.76,65.22,73.45,13.71,7.98,291.84,82.69,81.95,0.0000,0.0000,0.0000,0.0000,0.0000,0.0000,0.0000,0.0000,0.0000,0.0000,104304,74663,53998,54750,86225,66964,95775,572442,131417,91336,0,0,0,0,0,0,0,0,0,0,0.0000,0.0000,0.0000,0.0000,0.0000,0.0000,0.0000,0.0000,0.0000,0.0000,0,0,0,0,0,0,0,0,0,0,0,0,0,0,0,0,0,0,0,0,0.1420,0.0866,0.1457,0.0717,0.1075,0.0297,0.0863,0.1293,0.0186,0.1375,0.000,0.000,0.000,0.000,0.000,0.000,0.000,0.073,0.000,0.000,semi-presidential,parliamentary,parliamentary,parliamentary,parliamentary,semi-presidential,semi-presidential,electoral-authoritarian,electoral-authoritarian,parliamentary,0.800,0.800,0.800,0.800,0.800,0.800,0.800,0.500,0.500,0.800,60.5,32.9,100.0,100.0,91.4,81.7,100.0,100.0,100.0,100.0
2033-05-01,1.0175,1.0111,1.0088,1.0091,1.0328,0.9979,0.9945,0.9997,0.9969,0.9918,0.9881,0.9921,1.1521,1.0441,1.0088,1.0167,1.0329,1.0040,0.9946,1.0001,0.9970,0.9921,1.0018,0.9921,3870.82,5870.39,4384.48,3008.80,2356.46,1453.24,209.17,3084.66,2344.95,568.32,1.0510,0.5746,0.9830,1.2262,0.8538,0.3123,1.3588,0.2861,0.1288,-0.8101,0.6513,0.7270,0.7017,0.6681,0.7106,0.7392,0.6555,0.7128,0.6904,0.7291,0.0146,0.0127,0.0117,0.0112,0.0142,0.0103,0.0044,0.0001,0.0073,0.0007,0.9689,0.9725,0.9856,0.9745,0.9695,0.9791,0.9985,1.0000,0.9824,1.0000,60.24,218.99,91.39,67.06,74.82,13.87,7.96,301.51,85.15,84.10,0.0000,0.0000,0.0000,0.0000,0.0000,0.0000,0.0000,0.0000,0.0000,0.0000,104304,74663,53998,54750,86225,66964,95775,572442,131417,91336,0,0,0,0,0,0,0,0,0,0,0.0000,0.0000,0.0000,0.0000,0.0000,0.0000,0.0000,0.0000,0.0000,0.0000,0,0,0,0,0,0,0,0,0,0,0,0,0,0,0,0,0,0,0,0,0.1470,0.0889,0.1521,0.0744,0.1111,0.0298,0.0820,0.1287,0.0247,0.1376,0.000,0.000,0.000,0.000,0.000,0.000,0.000,0.054,0.000,0.000,semi-presidential,parliamentary,parliamentary,parliamentary,parliamentary,semi-presidential,semi-presidential,electoral-authoritarian,electoral-authoritarian,parliamentary,0.800,0.800,0.800,0.800,0.800,0.800,0.800,0.500,0.500,0.800,63.4,35.8,100.0,100.0,94.5,84.8,100.0,100.0,100.0,100.0
2033-06-01,1.0200,1.0115,1.0073,1.0066,1.0285,0.9988,0.9935,0.9994,0.9971,0.9895,0.9897,0.9907,1.1004,1.0275,1.0074,1.0147,1.0290,1.0307,0.9967,0.9994,1.0267,0.9896,1.0189,0.9909,3884.63,5891.63,4386.29,3016.58,2360.35,1459.35,209.46,3092.74,2360.07,570.67,1.0474,0.5730,0.9824,1.2228,0.8526,0.3097,1.3591,0.2863,0.1264,-0.8215,0.6579,0.7299,0.6984,0.6808,0.7169,0.7459,0.6558,0.7170,0.7050,0.7302,0.0095,0.0078,0.0101,0.0077,0.0097,0.0062,0.0045,0.0013,0.0053,0.0024,0.9850,0.9868,0.9931,0.9877,0.9853,0.9899,0.9993,1.0000,0.9915,1.0000,61.65,221.36,91.50,67.86,76.47,13.92,7.98,308.82,86.67,85.35,0.0000,0.0000,0.0000,0.0000,0.0000,0.0000,0.0000,0.0000,0.0000,0.0000,104304,74663,53998,54750,86225,66964,95775,572442,131417,91336,0,0,0,0,0,0,0,0,0,0,0.0000,0.0000,0.0000,0.0000,0.0000,0.0000,0.0000,0.0000,0.0000,0.0000,0,0,0,0,0,0,0,0,0,0,0,0,0,0,0,0,0,0,0,0,0.1425,0.0862,0.1469,0.0713,0.1082,0.0287,0.0791,0.1283,0.0236,0.1386,0.000,0.000,0.000,0.000,0.000,0.000,0.000,0.038,0.000,0.000,semi-presidential,parliamentary,parliamentary,parliamentary,parliamentary,semi-presidential,semi-presidential,electoral-authoritarian,electoral-authoritarian,parliamentary,0.800,0.800,0.800,0.800,0.800,0.800,0.800,0.500,0.500,0.800,66.3,38.6,100.0,100.0,97.6,87.9,100.0,100.0,100.0,100.0
2033-07-01,1.0222,1.0103,1.0086,1.0049,1.0235,0.9965,0.9921,0.9991,0.9968,0.9890,0.9894,0.9894,1.0222,1.0104,1.1135,1.0127,1.0246,0.9969,0.9923,0.9993,1.0106,0.9935,0.9894,0.9895,3890.68,5891.45,4398.32,3022.92,2363.66,1464.11,209.95,3105.46,2362.84,572.93,1.0459,0.5734,0.9797,1.2200,0.8515,0.3073,1.3579,0.2861,0.1260,-0.8329,0.6548,0.7224,0.6860,0.6738,0.7129,0.7444,0.6559,0.7100,0.7035,0.7301,0.0071,0.0033,0.0110,0.0081,0.0074,0.0000,0.0007,0.0006,0.0046,0.0020,1.0000,1.0000,1.0000,1.0000,1.0000,1.0000,1.0000,1.0000,1.0000,1.0000,63.37,223.50,92.08,69.17,78.03,14.29,7.97,314.04,87.05,88.63,0.0000,0.0000,0.0000,0.0000,0.0000,0.0000,0.0000,0.0000,0.0000,0.0000,104304,74663,53998,54750,86225,66964,95775,572442,131417,91336,0,0,0,0,0,0,0,0,0,0,0.0000,0.0000,0.0000,0.0000,0.0000,0.0000,0.0000,0.0000,0.0000,0.0000,0,0,0,0,0,0,0,0,0,0,0,0,0,0,0,0,0,0,0,0,0.1337,0.0819,0.1370,0.0663,0.1009,0.0271,0.0752,0.1243,0.0211,0.1394,0.000,0.000,0.000,0.000,0.000,0.000,0.000,0.019,0.000,0.000,semi-presidential,parliamentary,parliamentary,parliamentary,parliamentary,semi-presidential,semi-presidential,electoral-authoritarian,electoral-authoritarian,parliamentary,0.800,0.800,0.800,0.800,0.800,0.800,0.800,0.500,0.500,0.800,69.2,41.5,100.0,100.0,100.0,91.0,100.0,100.0,30.0,100.0
2033-08-01,1.0239,1.0078,1.0102,1.0032,1.0194,0.9942,0.9902,0.9973,0.9978,0.9916,0.9905,0.9890,1.1948,1.0396,1.1455,1.0113,1.0390,1.0458,0.9915,0.9996,1.0475,1.0284,1.0377,0.9890,3895.21,5905.31,4403.41,3029.44,2365.19,1472.19,209.65,3116.67,2372.17,572.98,1.0448,0.5725,0.9786,1.2173,0.8510,0.3043,1.3622,0.2863,0.1248,-0.8476,0.6536,0.7113,0.6845,0.6700,0.6975,0.7514,0.6090,0.7119,0.7108,0.7271,0.0253,0.0186,0.0257,0.0266,0.0293,0.0046,0.0906,0.0031,0.0188,0.0115,0.9772,0.9770,0.9882,0.9762,0.9774,1.0000,0.9715,1.0000,0.9705,1.0000,59.34,214.54,88.87,65.16,73.84,13.88,5.82,294.54,83.30,85.79,0.0000,0.0000,0.0000,0.0000,0.0000,0.0000,0.4574,0.0406,0.0000,0.0000,104304,74663,53998,54750,86225,66964,95775,572442,131417,91336,0,0,0,0,0,0,0,0,0,0,0.0000,0.0000,0.0000,0.0000,0.0000,0.0000,0.0039,0.0023,0.0000,0.0000,0,0,0,0,0,0,0,1,0,0,0,0,0,0,0,0,1,1,0,0,0.1431,0.0855,0.1481,0.0715,0.1084,0.0278,0.0690,0.1248,0.0222,0.1350,0.000,0.000,0.000,0.000,0.000,0.000,0.000,0.126,0.000,0.000,semi-presidential,parliamentary,parliamentary,parliamentary,parliamentary,semi-presidential,semi-presidential,electoral-authoritarian,electoral-authoritarian,parliamentary,0.800,0.800,0.800,0.800,0.800,0.800,0.800,0.500,0.500,0.800,72.0,44.2,100.0,100.0,100.0,94.2,100.0,100.0,23.2,100.0
2033-09-01,1.0255,1.0039,1.0121,1.0001,1.0153,0.9942,0.9901,0.9950,1.0002,0.9941,0.9920,0.9907,1.1032,1.0358,1.1191,1.0084,1.0354,1.0457,0.9915,1.0175,1.0461,1.0347,1.0663,0.9915,3911.03,5918.17,4424.14,3033.48,2378.61,1476.47,207.97,3125.71,2380.32,573.52,1.0407,0.5717,0.9740,1.2158,0.8463,0.3021,1.3750,0.2866,0.1236,-0.8605,0.6603,0.7143,0.6903,0.6776,0.7006,0.7432,0.5374,0.7066,0.7179,0.7287,0.0191,0.0122,0.0232,0.0199,0.0224,0.0000,0.0606,0.0032,0.0147,0.0143,0.9775,0.9773,0.9884,0.9766,0.9779,1.0000,0.9719,1.0000,0.9709,1.0000,60.12,215.80,88.12,64.79,74.13,13.79,5.64,296.27,83.80,87.09,0.0000,0.0000,0.0000,0.0000,0.0000,0.0000,0.4582,0.0408,0.0000,0.0000,104304,74663,53998,54750,86225,66964,95775,572442,131417,91336,0,0,0,0,0,0,0,0,0,0,0.0000,0.0000,0.0000,0.0000,0.0000,0.0000,0.0154,0.0138,0.0000,0.0000,0,0,0,0,0,0,0,1,0,0,0,0,0,0,0,0,1,1,0,0,0.1457,0.0870,0.1509,0.0729,0.1106,0.0287,0.0696,0.1231,0.0234,0.1356,0.000,0.000,0.000,0.000,0.000,0.000,0.000,0.125,0.000,0.000,semi-presidential,parliamentary,parliamentary,parliamentary,parliamentary,semi-presidential,semi-presidential,electoral-authoritarian,electoral-authoritarian,parliamentary,0.800,0.800,0.800,0.800,0.800,0.800,0.800,0.500,0.500,0.800,74.9,47.0,100.0,100.0,100.0,97.3,100.0,100.0,26.4,100.0
2033-10-01,1.0255,1.0000,1.0128,0.9982,1.0116,0.9961,0.9901,0.9953,1.0006,0.9965,0.9932,0.9941,1.1019,1.0315,1.0490,1.0063,1.0316,1.0588,0.9914,1.0028,1.0132,1.0281,1.0173,0.9946,3931.17,5941.16,4441.09,3051.44,2386.47,1485.00,207.04,3135.08,2392.36,573.75,1.0354,0.5699,0.9703,1.2087,0.8435,0.2991,1.3826,0.2867,0.1223,-0.8671,0.6670,0.7274,0.6964,0.6873,0.7145,0.7417,0.5013,0.6924,0.7076,0.7220,0.0122,0.0102,0.0156,0.0149,0.0153,0.0001,0.0551,0.0014,0.0107,0.0086,0.9770,0.9769,0.9881,0.9761,0.9773,1.0000,0.9710,1.0000,0.9704,1.0000,60.10,216.25,88.58,64.96,73.72,13.94,5.67,296.10,84.22,87.03,0.0000,0.0000,0.0000,0.0000,0.0000,0.0000,0.4587,0.0410,0.0000,0.0000,104304,74663,53998,54750,86225,66964,95775,572442,131417,91336,0,0,0,0,0,0,0,0,0,0,0.0000,0.0000,0.0000,0.0000,0.0000,0.0000,0.0246,0.0230,0.0000,0.0000,0,0,0,0,0,0,0,1,0,0,0,0,0,0,0,0,1,1,0,0,0.1483,0.0894,0.1537,0.0753,0.1132,0.0311,0.0736,0.1244,0.0257,0.1351,0.000,0.000,0.000,0.000,0.000,0.000,0.000,0.123,0.000,0.000,semi-presidential,parliamentary,parliamentary,parliamentary,parliamentary,semi-presidential,semi-presidential,electoral-authoritarian,electoral-authoritarian,parliamentary,0.800,0.800,0.800,0.800,0.800,0.800,0.800,0.500,0.500,0.800,77.9,49.9,100.0,100.0,100.0,100.0,100.0,100.0,29.6,30.0
2033-11-01,1.0220,0.9938,1.0109,0.9958,1.0091,0.9998,0.9908,0.9952,0.9980,0.9968,0.9935,0.9943,1.0987,1.0252,1.0487,1.0044,1.0288,1.1324,1.0618,0.9965,1.0104,1.0020,0.9953,0.9944,3945.18,5943.60,4460.01,3059.62,2393.14,1496.31,207.16,3140.17,2407.24,574.41,1.0318,0.5701,0.9663,1.2054,0.8413,0.2956,1.3832,0.2874,0.1208,-0.8806,0.6708,0.7278,0.7080,0.6895,0.7192,0.7453,0.4942,0.7019,0.7088,0.7197,0.0146,0.0117,0.0184,0.0163,0.0168,0.0010,0.0530,0.0015,0.0113,0.0099,0.9777,0.9773,0.9885,0.9768,0.9783,1.0000,0.9723,1.0000,0.9709,1.0000,58.61,213.99,88.07,63.21,71.86,14.02,5.65,286.09,82.37,86.85,0.0000,0.0000,0.0000,0.0000,0.0000,0.0000,0.4606,0.0426,0.0000,0.0000,104304,74663,53998,54750,86225,66964,95775,572442,131417,91336,0,0,0,0,0,0,0,0,0,0,0.0000,0.0000,0.0000,0.0000,0.0000,0.0000,0.0338,0.0345,0.0000,0.0000,0,0,0,0,0,0,0,1,0,0,0,0,0,0,0,0,1,1,0,0,0.1487,0.0894,0.1532,0.0754,0.1134,0.0310,0.0703,0.1212,0.0260,0.1362,0.000,0.000,0.000,0.000,0.000,0.000,0.000,0.123,0.000,0.000,semi-presidential,parliamentary,parliamentary,parliamentary,parliamentary,semi-presidential,semi-presidential,electoral-authoritarian,electoral-authoritarian,parliamentary,0.800,0.800,0.800,0.800,0.800,0.800,0.800,0.500,0.500,0.800,80.8,52.8,100.0,100.0,100.0,100.0,100.0,100.0,32.7,32.8
2033-12-01,1.0178,0.9871,1.0104,0.9942,1.0053,1.0030,0.9934,0.9956,0.9978,0.9951,0.9930,0.9923,1.0951,1.0189,1.0483,1.0030,1.0251,1.0913,1.0723,1.0282,1.0102,1.0019,0.9946,0.9924,3950.09,5938.45,4465.20,3069.53,2389.73,1502.07,207.05,3149.10,2417.83,574.07,1.0308,0.5710,0.9652,1.2015,0.8425,0.2932,1.3854,0.2876,0.1195,-0.8956,0.6798,0.7171,0.6883,0.6841,0.7052,0.7553,0.4971,0.6785,0.7011,0.7140,0.0157,0.0109,0.0200,0.0155,0.0177,0.0004,0.0566,0.0018,0.0112,0.0126,0.9775,0.9771,0.9883,0.9765,0.9781,1.0000,0.9717,1.0000,0.9707,1.0000,59.48,214.53,88.59,63.90,72.44,14.03,5.82,290.16,83.11,86.27,0.0000,0.0000,0.0000,0.0000,0.0000,0.0000,0.4607,0.0426,0.0000,0.0000,104304,74663,53998,54750,86225,66964,95775,572442,131417,91336,0,0,0,0,0,0,0,0,0,0,0.0000,0.0000,0.0000,0.0000,0.0000,0.0000,0.0453,0.0437,0.0000,0.0000,0,0,0,0,0,0,0,1,0,0,0,0,0,0,0,0,1,1,0,0,0.1370,0.0836,0.1405,0.0688,0.1038,0.0287,0.0691,0.1196,0.0231,0.1351,0.000,0.000,0.000,0.000,0.000,0.000,0.000,0.124,0.000,0.000,semi-presidential,parliamentary,parliamentary,parliamentary,parliamentary,semi-presidential,semi-presidential,electoral-authoritarian,electoral-authoritarian,parliamentary,0.800,0.800,0.800,0.800,0.800,0.800,0.800,0.500,0.500,0.800,83.4,55.6,100.0,100.0,100.0,100.0,100.0,100.0,35.9,35.6
2034-01-01,1.0152,0.9843,1.0106,0.9922,1.0035,1.0041,0.9948,0.9971,0.9953,0.9954,0.9926,0.9910,1.0909,1.0163,1.0472,1.0010,1.0227,1.0723,1.0163,1.0331,1.0080,1.0037,0.9943,0.9910,3951.78,5954.09,4470.50,3076.58,2398.97,1510.99,206.75,3156.19,2423.54,573.91,1.0305,0.5699,0.9641,1.1988,0.8393,0.2903,1.3886,0.2880,0.1185,-0.9103,0.6670,0.7153,0.6871,0.6834,0.6980,0.7547,0.4903,0.6912,0.6987,0.7122,0.0138,0.0104,0.0178,0.0151,0.0164,0.0002,0.0553,0.0015,0.0110,0.0102,0.9762,0.9761,0.9876,0.9752,0.9764,1.0000,0.9690,1.0000,0.9695,1.0000,59.94,216.20,89.99,65.31,73.53,14.18,5.87,295.51,84.08,86.06,0.0000,0.0000,0.0000,0.0000,0.0000,0.0000,0.4597,0.0415,0.0000,0.0000,104304,74663,53998,54750,86225,66964,95775,572442,131417,91336,0,0,0,0,0,0,0,0,0,0,0.0000,0.0000,0.0000,0.0000,0.0000,0.0000,0.0545,0.0529,0.0000,0.0000,0,0,0,0,0,0,0,1,0,0,0,0,0,0,0,0,1,1,0,0,0.1405,0.0888,0.1449,0.0706,0.1066,0.0285,0.0704,0.1209,0.0229,0.1336,0.000,0.000,0.000,0.000,0.000,0.000,0.000,0.125,0.000,0.000,semi-presidential,parliamentary,parliamentary,parliamentary,parliamentary,semi-presidential,semi-presidential,electoral-authoritarian,electoral-authoritarian,parliamentary,0.800,0.800,0.800,0.800,0.800,0.800,0.800,0.500,0.500,0.800,86.4,58.4,100.0,100.0,100.0,100.0,100.0,100.0,39.0,38.4
2034-02-01,1.0123,0.9822,1.0094,0.9911,1.0031,1.0061,0.9970,1.0008,0.9915,0.9965,0.9913,0.9914,1.0869,1.0141,1.0459,1.0001,1.0270,1.0619,1.0998,1.0945,1.0033,1.0234,0.9929,0.9913,3976.37,5979.75,4473.74,3084.48,2401.26,1517.65,205.87,3165.96,2439.23,575.60,1.0276,0.5679,0.9634,1.1978,0.8385,0.2879,1.3957,0.2884,0.1170,-0.9221,0.6659,0.7203,0.6886,0.6854,0.6985,0.7458,0.5073,0.6754,0.6996,0.7061,0.0187,0.0101,0.0247,0.0156,0.0209,0.0000,0.0612,0.0026,0.0110,0.0196,0.9765,0.9763,0.9878,0.9756,0.9767,1.0000,0.9691,1.0000,0.9699,1.0000,59.58,217.54,91.80,65.84,73.61,14.55,5.74,294.27,83.74,86.39,0.0000,0.0000,0.0000,0.0000,0.0000,0.0000,0.4593,0.0412,0.0000,0.0000,104304,74663,53998,54750,86225,66964,95775,572442,131417,91336,0,0,0,0,0,0,0,0,0,0,0.0000,0.0000,0.0000,0.0000,0.0000,0.0000,0.0660,0.0644,0.0000,0.0000,0,0,0,0,0,0,0,1,0,0,0,0,0,0,0,0,1,1,0,0,0.1438,0.0907,0.1484,0.0727,0.1093,0.0295,0.0748,0.1224,0.0239,0.1340,0.000,0.000,0.000,0.000,0.000,0.000,0.000,0.125,0.000,0.000,semi-presidential,parliamentary,parliamentary,parliamentary,parliamentary,semi-presidential,semi-presidential,electoral-authoritarian,electoral-authoritarian,parliamentary,0.800,0.800,0.800,0.800,0.800,0.800,0.800,0.500,0.500,0.800,90.7,61.2,100.0,88.8,100.0,100.0,100.0,100.0,42.1,41.2
2034-03-01,1.0122,0.9799,1.0080,0.9882,1.0042,1.0065,0.9999,1.0023,0.9901,0.9979,0.9880,0.9928,1.0893,1.0117,1.0448,0.9978,1.0289,1.0584,1.0679,1.0740,1.0506,1.0269,0.9897,0.9928,3976.37,5983.75,4482.52,3085.87,2408.32,1523.68,205.76,3174.22,2450.41,576.86,1.0276,0.5677,0.9616,1.1972,0.8360,0.2856,1.3974,0.2887,0.1157,-0.9395,0.6659,0.7033,0.6982,0.6818,0.7146,0.7501,0.5023,0.6601,0.6849,0.6894,0.0166,0.0101,0.0230,0.0163,0.0212,0.0000,0.0631,0.0041,0.0127,0.0182,0.9765,0.9764,0.9878,0.9756,0.9768,1.0000,0.9691,1.0000,0.9699,1.0000,60.39,218.82,92.81,66.67,74.82,14.71,5.77,299.43,84.70,86.40,0.0000,0.0000,0.0000,0.0000,0.0000,0.0000,0.4595,0.0413,0.0000,0.0000,104304,74663,53998,54750,86225,66964,95775,572442,131417,91336,0,0,0,0,0,0,0,0,0,0,0.0000,0.0000,0.0000,0.0000,0.0000,0.0000,0.0752,0.0736,0.0000,0.0000,0,0,0,0,0,0,0,1,0,0,0,0,0,0,0,0,1,1,0,0,0.1462,0.0927,0.1524,0.0749,0.1114,0.0303,0.0758,0.1229,0.0246,0.1314,0.000,0.000,0.000,0.000,0.000,0.000,0.000,0.124,0.000,0.000,semi-presidential,parliamentary,parliamentary,parliamentary,parliamentary,semi-presidential,semi-presidential,electoral-authoritarian,electoral-authoritarian,parliamentary,0.800,0.800,0.800,0.800,0.800,0.800,0.800,0.500,0.500,0.800,90.7,61.9,100.0,92.5,100.0,100.0,100.0,100.0,45.1,45.6
2034-04-01,1.0135,0.9772,1.0074,0.9833,1.0047,1.0054,1.0017,1.0047,0.9916,0.9962,0.9851,0.9931,1.1002,1.0097,1.0450,0.9835,1.0288,1.0581,1.0308,1.0316,1.0259,1.0011,0.9870,0.9931,3991.28,5978.65,4504.31,3092.46,2417.35,1532.97,205.23,3188.33,2459.11,576.26,1.0245,0.5686,0.9570,1.1947,0.8329,0.2828,1.4018,0.2885,0.1146,-0.9549,0.6704,0.7169,0.6931,0.6846,0.7133,0.7550,0.5123,0.6679,0.6999,0.6841,0.0138,0.0106,0.0131,0.0165,0.0186,0.0000,0.0763,0.0022,0.0122,0.0119,0.9755,0.9754,0.9872,0.9745,0.9758,1.0000,0.9684,1.0000,0.9687,1.0000,61.75,220.87,93.99,68.22,77.21,15.05,5.90,307.28,86.01,86.43,0.0000,0.0000,0.0000,0.0000,0.0000,0.0000,0.4606,0.0426,0.0000,0.0000,104304,74663,53998,54750,86225,66964,95775,572442,131417,91336,0,0,0,0,0,0,0,0,0,0,0.0000,0.0000,0.0000,0.0000,0.0000,0.0000,0.0844,0.0828,0.0000,0.0000,0,0,0,0,0,0,0,1,0,0,0,0,0,0,0,0,1,1,0,0,0.1398,0.0905,0.1457,0.0723,0.1072,0.0301,0.0755,0.1249,0.0239,0.1311,0.000,0.000,0.000,0.000,0.000,0.000,0.000,0.127,0.000,0.000,semi-presidential,parliamentary,parliamentary,parliamentary,parliamentary,semi-presidential,semi-presidential,electoral-authoritarian,electoral-authoritarian,parliamentary,0.800,0.800,0.800,0.800,0.800,0.800,0.800,0.500,0.500,0.800,96.6,64.7,100.0,96.3,100.0,100.0,100.0,100.0,48.2,48.2
2034-05-01,1.0126,0.9768,1.0042,0.9795,1.0051,1.0053,1.0044,1.0052,0.9924,0.9936,0.9830,0.9932,1.0892,1.0101,1.0420,0.9897,1.0279,1.1090,1.0557,1.0068,1.0041,1.0005,0.9850,0.9932,3983.20,5986.70,4514.30,3101.75,2428.38,1540.67,204.96,3196.42,2470.89,575.58,1.0267,0.5682,0.9549,1.1911,0.8292,0.2804,1.4042,0.2888,0.1133,-0.9704,0.6663,0.7228,0.6894,0.6824,0.7098,0.7590,0.5142,0.6772,0.7003,0.6931,0.0139,0.0115,0.0188,0.0167,0.0175,0.0006,0.0542,0.0013,0.0115,0.0101,0.9747,0.9747,0.9869,0.9738,0.9749,1.0000,0.9677,1.0000,0.9680,1.0000,60.07,219.82,93.89,67.11,75.01,15.31,5.84,297.89,84.89,86.54,0.0000,0.0000,0.0000,0.0000,0.0000,0.0000,0.4606,0.0426,0.0000,0.0000,104304,74663,53998,54750,86225,66964,95775,572442,131417,91336,0,0,0,0,0,0,0,0,0,0,0.0000,0.0000,0.0000,0.0000,0.0000,0.0000,0.0936,0.0920,0.0000,0.0000,0,0,0,0,0,0,0,1,0,0,0,0,0,0,0,0,1,1,0,0,0.1474,0.0935,0.1529,0.0756,0.1123,0.0311,0.0762,0.1218,0.0251,0.1320,0.000,0.000,0.000,0.000,0.000,0.000,0.000,0.127,0.000,0.000,semi-presidential,parliamentary,parliamentary,parliamentary,parliamentary,semi-presidential,semi-presidential,electoral-authoritarian,electoral-authoritarian,parliamentary,0.800,0.800,0.800,0.800,0.800,0.800,0.800,0.500,0.500,0.800,99.5,67.5,100.0,100.0,100.0,100.0,100.0,100.0,51.4,50.9
2034-06-01,1.0112,0.9775,1.0003,0.9782,1.0054,1.0075,1.0047,1.0044,0.9928,0.9922,0.9827,0.9943,1.0889,1.0108,1.0383,0.9976,1.0249,1.0596,1.0060,1.0059,1.0046,0.9984,1.0052,0.9949,3995.79,6005.78,4533.00,3109.38,2443.96,1546.94,204.71,3206.22,2482.07,575.34,1.0233,0.5669,0.9510,1.1922,0.8240,0.2781,1.4066,0.2892,0.1120,-0.9851,0.6656,0.7334,0.7027,0.6869,0.7140,0.7580,0.5231,0.6758,0.7075,0.6964,0.0122,0.0105,0.0167,0.0209,0.0157,0.0000,0.0542,0.0011,0.0113,0.0081,0.9745,0.9746,0.9868,0.9737,0.9746,1.0000,0.9675,1.0000,0.9678,1.0000,60.80,221.65,93.09,65.10,75.46,15.32,5.81,302.99,85.76,85.97,0.0000,0.0000,0.0000,0.0000,0.0000,0.0000,0.4608,0.0424,0.0000,0.0000,104304,74663,53998,54750,86225,66964,95775,572442,131417,91336,0,0,0,0,0,0,0,0,0,0,0.0000,0.0000,0.0000,0.0000,0.0000,0.0000,0.1051,0.1035,0.0000,0.0000,0,0,0,0,0,0,0,1,0,0,0,0,0,0,0,0,1,1,0,0,0.1491,0.0944,0.1539,0.0749,0.1139,0.0378,0.0767,0.1259,0.0266,0.1355,0.000,0.000,0.000,0.000,0.000,0.000,0.000,0.127,0.000,0.000,semi-presidential,parliamentary,parliamentary,parliamentary,parliamentary,semi-presidential,semi-presidential,electoral-authoritarian,electoral-authoritarian,parliamentary,0.800,0.800,0.800,0.800,0.800,0.800,0.800,0.500,0.500,0.800,100.0,70.4,100.0,95.0,100.0,100.0,100.0,100.0,54.5,53.6
2034-07-01,1.0102,0.9772,0.9960,0.9797,1.0067,1.0075,1.0026,1.0042,0.9922,0.9926,0.9857,0.9961,1.0860,1.0090,1.0327,0.9971,1.0270,1.0598,1.0045,1.0057,1.0038,1.0235,1.0800,0.9964,3999.55,6020.86,4557.93,3111.22,2454.88,1557.69,204.52,3217.05,2489.23,576.95,1.0219,0.5659,0.9458,1.1915,0.8205,0.2751,1.4083,0.2893,0.1110,-0.9967,0.6640,0.7385,0.7042,0.6977,0.7206,0.7646,0.5246,0.6826,0.6946,0.6965,0.0141,0.0102,0.0193,0.0198,0.0170,0.0000,0.0568,0.0017,0.0110,0.0117,0.9760,0.9759,0.9875,0.9751,0.9762,1.0000,0.9686,1.0000,0.9693,1.0000,60.38,221.25,92.23,63.44,74.88,15.38,5.69,300.53,85.29,86.03,0.0000,0.0000,0.0000,0.0000,0.0000,0.0000,0.4600,0.0416,0.0000,0.0000,104304,74663,53998,54750,86225,66964,95775,572442,131417,91336,0,0,0,0,0,0,0,0,0,0,0.0000,0.0000,0.0000,0.0000,0.0000,0.0000,0.1143,0.1127,0.0000,0.0000,0,0,0,0,0,0,0,1,0,0,0,0,0,0,0,0,1,1,0,0,0.1503,0.0956,0.1552,0.0754,0.1151,0.0388,0.0782,0.1265,0.0276,0.1352,0.000,0.000,0.000,0.000,0.000,0.000,0.000,0.126,0.000,0.000,semi-presidential,parliamentary,parliamentary,parliamentary,parliamentary,semi-presidential,semi-presidential,electoral-authoritarian,electoral-authoritarian,parliamentary,0.800,0.800,0.800,0.800,0.800,0.800,0.800,0.500,0.500,0.800,100.0,73.4,100.0,96.8,100.0,100.0,100.0,100.0,57.6,56.3
2034-08-01,1.0081,0.9778,0.9948,0.9800,1.0076,1.0058,0.9998,1.0045,0.9950,0.9955,0.9902,0.9988,1.0796,1.0095,1.0310,0.9979,1.0312,1.0568,1.0012,1.0614,1.1204,1.0310,1.1232,0.9989,4013.43,6032.64,4572.16,3118.57,2464.04,1565.42,203.85,3223.47,2498.42,576.90,1.0178,0.5652,0.9428,1.1887,0.8175,0.2727,1.4133,0.2901,0.1098,-1.0111,0.6652,0.7356,0.6970,0.6921,0.7325,0.7710,0.5280,0.6785,0.7120,0.6962,0.0177,0.0100,0.0262,0.0216,0.0233,0.0000,0.0576,0.0068,0.0150,0.0225,0.9760,0.9761,0.9868,0.9754,0.9762,1.0000,0.9738,1.0000,0.9688,1.0000,60.23,222.40,92.94,64.77,74.93,15.76,5.27,300.24,85.90,87.71,0.0000,0.0000,0.0000,0.0000,0.0000,0.0000,0.4586,0.0408,0.0000,0.0000,104304,74663,53998,54750,86225,66964,95775,572442,131417,91336,0,0,0,0,0,0,0,0,0,0,0.0000,0.0000,0.0000,0.0000,0.0000,0.0000,0.1235,0.1242,0.0000,0.0000,0,0,0,0,0,0,0,1,0,0,0,0,0,0,0,0,1,1,0,0,0.1523,0.0976,0.1575,0.0782,0.1173,0.0444,0.0801,0.1282,0.0294,0.1358,0.000,0.000,0.000,0.000,0.000,0.000,0.000,0.124,0.000,0.000,semi-presidential,parliamentary,parliamentary,parliamentary,parliamentary,semi-presidential,semi-presidential,electoral-authoritarian,electoral-authoritarian,parliamentary,0.800,0.800,0.800,0.800,0.800,0.800,0.800,0.500,0.500,0.800,100.0,76.3,100.0,100.0,100.0,100.0,100.0,100.0,60.8,59.0
2034-09-01,1.0054,0.9787,0.9930,0.9800,1.0083,1.0054,0.9969,1.0059,0.9967,0.9978,0.9923,0.9993,1.0771,1.0115,1.0296,0.9902,1.0280,1.0559,0.9985,1.0488,1.0083,1.0215,1.0600,0.9994,4027.34,6061.76,4581.28,3128.67,2463.56,1573.78,203.73,3230.93,2537.08,577.29,1.0138,0.5633,0.9407,1.1849,0.8177,0.2702,1.4142,0.2905,0.1067,-1.0242,0.6658,0.7573,0.7080,0.6867,0.7036,0.7774,0.5371,0.6801,0.7091,0.6960,0.0152,0.0101,0.0208,0.0149,0.0177,0.0000,0.0500,0.0018,0.0111,0.0128,0.9750,0.9753,0.9863,0.9745,0.9751,1.0000,0.9733,1.0000,0.9679,1.0000,60.83,223.71,95.81,67.84,75.92,16.05,5.48,302.34,86.94,88.16,0.0000,0.0000,0.0000,0.0000,0.0000,0.0000,0.4598,0.0414,0.0000,0.0000,104304,74663,53998,54750,86225,66964,95775,572442,131417,91336,0,0,0,0,0,0,0,0,0,0,0.0000,0.0000,0.0000,0.0000,0.0000,0.0000,0.1350,0.1334,0.0000,0.0000,0,0,0,0,0,0,0,1,0,0,0,0,0,0,0,0,1,1,0,0,0.1533,0.1018,0.1581,0.0801,0.1174,0.0447,0.0803,0.1274,0.0292,0.1336,0.000,0.000,0.000,0.000,0.000,0.000,0.000,0.124,0.000,0.000,semi-presidential,parliamentary,parliamentary,parliamentary,parliamentary,semi-presidential,semi-presidential,electoral-authoritarian,electoral-authoritarian,parliamentary,0.800,0.800,0.800,0.800,0.800,0.800,0.800,0.500,0.500,0.800,100.0,82.3,100.0,100.0,100.0,100.0,100.0,100.0,67.1,61.7
2034-10-01,1.0060,0.9786,0.9906,0.9792,1.0071,1.0056,0.9968,1.0056,0.9988,0.9994,0.9957,0.9999,1.0799,1.0093,1.0272,1.0027,1.0257,1.0565,1.0127,1.0073,1.0458,1.0263,1.0804,1.0001,4031.98,6081.38,4599.80,3148.01,2475.70,1581.02,203.69,3231.71,2543.12,576.43,1.0123,0.5619,0.9368,1.1777,0.8137,0.2679,1.4145,0.2915,0.1057,-1.0396,0.6704,0.7525,0.7166,0.6918,0.7151,0.7849,0.5156,0.6682,0.7141,0.6927,0.0140,0.0100,0.0198,0.0231,0.0175,0.0000,0.0515,0.0031,0.0122,0.0118,0.9771,0.9769,0.9874,0.9764,0.9776,1.0000,0.9752,1.0000,0.9697,1.0000,61.32,224.89,95.07,66.57,76.42,16.20,5.42,304.10,87.29,87.99,0.0000,0.0000,0.0000,0.0000,0.0000,0.0000,0.4596,0.0413,0.0000,0.0000,104304,74663,53998,54750,86225,66964,95775,572442,131417,91336,0,0,0,0,0,0,0,0,0,0,0.0000,0.0000,0.0000,0.0000,0.0000,0.0000,0.1442,0.1426,0.0000,0.0000,0,0,0,0,0,0,0,1,0,0,0,0,0,0,0,0,1,1,0,0,0.1537,0.1024,0.1585,0.0797,0.1182,0.0452,0.0758,0.1281,0.0300,0.1357,0.000,0.000,0.000,0.000,0.000,0.000,0.000,0.123,0.000,0.000,semi-presidential,parliamentary,parliamentary,parliamentary,parliamentary,semi-presidential,semi-presidential,electoral-authoritarian,electoral-authoritarian,parliamentary,0.800,0.800,0.800,0.800,0.800,0.800,0.835,0.500,0.500,0.800,100.0,85.3,100.0,100.0,100.0,100.0,91.1,100.0,70.3,64.4
2034-11-01,1.0073,0.9759,0.9896,0.9832,1.0058,1.0039,0.9968,1.0021,0.9991,1.0001,0.9971,1.0014,1.0852,1.0075,1.0269,1.0092,1.0251,1.0551,0.9980,1.0036,1.0109,1.0082,0.9985,1.0015,4040.33,6088.88,4618.45,3150.16,2488.33,1587.05,203.69,3240.13,2562.28,576.53,1.0100,0.5667,0.9331,1.1770,0.8096,0.2659,1.4145,0.2921,0.1041,-1.0532,0.6764,0.7587,0.7207,0.6877,0.7197,0.7895,0.5329,0.6936,0.6949,0.7047,0.0113,0.0103,0.0156,0.0250,0.0150,0.0000,0.0506,0.0010,0.0112,0.0055,0.9765,0.9764,0.9871,0.9759,0.9770,1.0000,0.9749,1.0000,0.9691,1.0000,62.18,225.57,91.75,64.03,76.64,15.92,5.59,309.65,88.34,87.45,0.0000,0.0000,0.0000,0.0000,0.0000,0.0000,0.4605,0.0418,0.0000,0.0000,104304,74663,53998,54750,86225,66964,95775,572442,131417,91336,0,0,0,0,0,0,0,0,0,0,0.0000,0.0000,0.0000,0.0000,0.0000,0.0000,0.1557,0.1541,0.0000,0.0000,0,0,0,0,0,0,0,1,0,0,0,0,0,0,0,0,1,1,0,0,0.1548,0.1034,0.1598,0.0788,0.1194,0.0461,0.0792,0.1319,0.0309,0.1355,0.000,0.000,0.000,0.000,0.000,0.000,0.000,0.123,0.000,0.000,semi-presidential,parliamentary,parliamentary,parliamentary,parliamentary,semi-presidential,semi-presidential,electoral-authoritarian,electoral-authoritarian,parliamentary,0.800,0.800,0.800,0.800,0.800,0.800,0.824,0.500,0.500,0.800,100.0,88.3,100.0,100.0,100.0,100.0,93.8,100.0,73.4,67.1
2034-12-01,1.0116,0.9725,0.9910,0.9879,1.0045,1.0024,0.9960,0.9985,0.9996,1.0004,0.9972,1.0008,1.1682,1.0025,1.1048,1.0131,1.0238,1.0529,0.9974,1.0002,1.0447,1.0069,1.0249,1.0009,4042.50,6095.69,4622.98,3163.02,2500.31,1597.70,203.66,3246.99,2578.13,576.48,1.0094,0.5665,0.9322,1.1723,0.8057,0.2631,1.4151,0.2925,0.1077,-1.0671,0.6736,0.7606,0.7408,0.6774,0.7279,0.7865,0.5168,0.7058,0.6967,0.7063,0.0222,0.0171,0.0239,0.0340,0.0263,0.0038,0.0970,0.0024,0.0173,0.0089,0.9776,0.9772,0.9876,0.9768,0.9782,1.0000,0.9757,1.0000,0.9701,1.0000,61.14,222.37,89.81,63.37,75.72,15.52,5.49,305.54,88.31,86.75,0.0000,0.0000,0.0000,0.0000,0.0000,0.0000,0.4595,0.0419,0.0000,0.0000,104304,74663,53998,54750,86225,66964,95775,572442,131417,91336,0,0,0,0,0,0,0,0,0,0,0.0000,0.0000,0.0000,0.0000,0.0000,0.0000,0.1649,0.1633,0.0000,0.0000,0,0,0,0,0,0,0,1,0,0,0,0,0,0,0,0,1,1,0,0,0.1511,0.0987,0.1505,0.0744,0.1128,0.0435,0.0773,0.1338,0.0288,0.1356,0.000,0.000,0.000,0.000,0.000,0.000,0.000,0.120,0.000,0.000,semi-presidential,parliamentary,parliamentary,parliamentary,parliamentary,semi-presidential,semi-presidential,electoral-authoritarian,electoral-authoritarian,parliamentary,0.800,0.800,0.800,0.800,0.813,0.800,0.815,0.500,0.500,0.800,100.0,91.4,100.0,100.0,97.1,100.0,96.1,100.0,76.5,69.9
2035-01-01,1.0152,0.9694,0.9950,0.9940,0.9998,1.0006,0.9959,0.9955,1.0015,0.9986,0.9972,1.0022,1.0948,1.0003,1.2159,1.0233,1.0187,1.0512,1.0235,0.9972,1.0658,1.0066,0.9986,1.0023,4069.96,6114.55,4620.24,3181.01,2508.03,1605.20,203.19,3258.85,2593.68,577.47,1.0026,0.5652,0.9328,1.1659,0.8033,0.2609,1.4186,0.2926,0.1113,-1.0791,0.6788,0.7612,0.7341,0.6681,0.7292,0.7862,0.5057,0.7088,0.7014,0.7064,0.0246,0.0170,0.0288,0.0391,0.0292,0.0000,0.0539,0.0031,0.0203,0.0114,0.9769,0.9766,0.9872,0.9762,0.9776,1.0000,0.9752,1.0000,0.9694,1.0000,62.46,221.78,88.10,64.50,76.02,15.33,5.53,309.09,88.33,87.08,0.0000,0.0000,0.0000,0.0000,0.0000,0.0000,0.4592,0.0424,0.0000,0.0000,104304,74663,53998,54750,86225,66964,95775,572442,131417,91336,0,0,0,0,0,0,0,0,0,0,0.0000,0.0000,0.0000,0.0000,0.0000,0.0000,0.1741,0.1725,0.0000,0.0000,0,0,0,0,0,0,0,1,0,0,0,0,0,0,0,0,1,1,0,0,0.1600,0.1026,0.1603,0.0788,0.1196,0.0456,0.0785,0.1358,0.0304,0.1359,0.000,0.000,0.000,0.000,0.000,0.000,0.000,0.120,0.000,0.000,semi-presidential,parliamentary,parliamentary,parliamentary,parliamentary,semi-presidential,semi-presidential,electoral-authoritarian,electoral-authoritarian,parliamentary,0.800,0.800,0.800,0.800,0.804,0.800,0.806,0.500,0.500,0.800,100.0,94.4,100.0,100.0,100.0,100.0,98.2,100.0,79.6,72.6
2035-02-01,1.0185,0.9655,0.9993,1.0009,0.9946,0.9983,0.9968,0.9932,1.0023,1.0008,0.9980,1.0056,1.1236,0.9950,1.1623,1.0263,1.0138,1.0479,1.0074,0.9944,1.0140,1.0330,1.0651,1.0060,4078.74,6122.92,4628.16,3191.35,2518.93,1618.43,203.26,3270.45,2609.04,577.87,1.0004,0.5648,0.9313,1.1623,0.7998,0.2577,1.4186,0.2930,0.1099,-1.0922,0.6924,0.7664,0.7309,0.6645,0.7292,0.7927,0.4897,0.7018,0.7107,0.7012,0.0232,0.0152,0.0261,0.0352,0.0259,0.0010,0.0862,0.0016,0.0163,0.0116,0.9785,0.9781,0.9881,0.9778,0.9792,1.0000,0.9759,1.0000,0.9712,1.0000,62.49,222.86,87.93,64.90,76.87,15.13,5.31,311.47,89.74,87.10,0.0000,0.0000,0.0000,0.0000,0.0000,0.0000,0.4575,0.0408,0.0000,0.0000,104304,74663,53998,54750,86225,66964,95775,572442,131417,91336,0,0,0,0,0,0,0,0,0,0,0.0000,0.0000,0.0000,0.0000,0.0000,0.0000,0.1856,0.1840,0.0000,0.0000,0,0,0,0,0,0,0,1,0,0,0,0,0,0,0,0,1,1,0,0,0.1631,0.1056,0.1634,0.0818,0.1228,0.0478,0.0805,0.1422,0.0331,0.1360,0.000,0.000,0.000,0.000,0.000,0.000,0.000,0.116,0.000,0.000,semi-presidential,parliamentary,parliamentary,parliamentary,parliamentary,semi-presidential,semi-presidential,electoral-authoritarian,electoral-authoritarian,parliamentary,0.800,0.800,0.800,0.800,0.800,0.800,0.800,0.500,0.500,0.800,100.0,97.5,100.0,100.0,100.0,100.0,100.0,100.0,82.8,75.3
2035-03-01,1.0215,0.9613,1.0027,1.0053,0.9905,0.9990,0.9989,0.9936,1.0011,1.0035,1.0001,1.0073,1.1902,0.9900,1.1463,1.0261,1.0093,1.0480,1.0836,1.0573,1.0128,1.0286,1.0351,1.0073,4102.36,6155.60,4665.30,3197.50,2531.77,1628.22,203.02,3287.83,2613.11,580.38,0.9947,0.5622,0.9239,1.1601,0.7958,0.2552,1.4206,0.2927,0.1123,-1.1013,0.6913,0.7722,0.7306,0.6726,0.7360,0.7898,0.4808,0.7104,0.6955,0.7006,0.0305,0.0184,0.0315,0.0346,0.0317,0.0046,0.1020,0.0023,0.0174,0.0188,0.9793,0.9788,0.9885,0.9786,0.9802,1.0000,0.9764,1.0000,0.9721,1.0000,61.51,221.33,88.39,63.31,75.95,15.19,5.40,305.95,89.01,86.77,0.0000,0.0000,0.0000,0.0000,0.0000,0.0000,0.4551,0.0407,0.0000,0.0000,104304,74663,53998,54750,86225,66964,95775,572442,131417,91336,0,0,0,0,0,0,0,0,0,0,0.0000,0.0000,0.0000,0.0000,0.0000,0.0000,0.1948,0.1932,0.0000,0.0000,0,0,0,0,0,0,0,1,0,0,0,0,0,0,0,0,1,1,0,0,0.1647,0.1069,0.1649,0.0832,0.1242,0.0492,0.0840,0.1435,0.0345,0.1361,0.000,0.000,0.000,0.000,0.000,0.000,0.000,0.115,0.000,0.000,semi-presidential,parliamentary,parliamentary,parliamentary,parliamentary,semi-presidential,semi-presidential,electoral-authoritarian,electoral-authoritarian,parliamentary,0.800,0.800,0.800,0.800,0.800,0.800,0.800,0.500,0.500,0.800,100.0,100.0,100.0,100.0,100.0,100.0,100.0,100.0,84.4,78.1
2035-04-01,1.0258,0.9564,1.0075,1.0083,0.9864,1.0012,1.0014,0.9945,1.0008,1.0071,1.0028,1.0069,1.1441,0.9846,1.2459,1.0254,1.0047,1.0501,1.0367,0.9956,1.0139,1.0390,1.0858,1.0069,4118.51,6155.71,4680.17,3208.50,2540.54,1636.26,203.14,3309.25,2629.74,581.79,0.9909,0.5627,0.9210,1.1563,0.7930,0.2531,1.4201,0.2920,0.1109,-1.1124,0.6897,0.7742,0.7237,0.6711,0.7320,0.7971,0.4717,0.7335,0.7088,0.6977,0.0301,0.0183,0.0323,0.0352,0.0323,0.0017,0.0986,0.0018,0.0195,0.0147,0.9788,0.9784,0.9882,0.9781,0.9796,1.0000,0.9756,1.0000,0.9717,1.0000,62.98,223.34,89.50,64.37,77.60,15.49,5.30,313.03,89.87,87.49,0.0000,0.0000,0.0000,0.0000,0.0000,0.0000,0.4541,0.0405,0.0000,0.0000,104304,74663,53998,54750,86225,66964,95775,572442,131417,91336,0,0,0,0,0,0,0,0,0,0,0.0000,0.0000,0.0000,0.0000,0.0000,0.0000,0.2040,0.2024,0.0000,0.0000,0,0,0,0,0,0,0,1,0,0,0,0,0,0,0,0,1,1,0,0,0.1607,0.1048,0.1604,0.0810,0.1211,0.0481,0.0805,0.1429,0.0330,0.1361,0.000,0.000,0.000,0.000,0.000,0.000,0.000,0.116,0.000,0.000,semi-presidential,parliamentary,parliamentary,parliamentary,parliamentary,semi-presidential,semi-presidential,electoral-authoritarian,electoral-authoritarian,parliamentary,0.800,0.800,0.800,0.800,0.800,0.800,0.800,0.500,0.500,0.800,100.0,100.0,100.0,100.0,100.0,100.0,100.0,100.0,87.5,80.8
2035-05-01,1.0285,0.9549,1.0126,1.0092,0.9836,1.0013,1.0047,0.9955,1.0006,1.0112,1.0048,1.0058,1.1102,0.9838,1.2351,1.0229,1.0018,1.0503,1.1146,1.0339,1.0121,1.0378,1.0422,1.0063,4145.28,6173.85,4703.16,3225.11,2539.84,1654.97,202.45,3318.29,2645.65,582.38,0.9846,0.5614,0.9165,1.1504,0.7933,0.2514,1.4254,0.2927,0.1095,-1.1251,0.6904,0.7643,0.7138,0.6847,0.7236,0.7992,0.4762,0.7270,0.7136,0.6944,0.0296,0.0158,0.0336,0.0307,0.0310,0.0000,0.0725,0.0023,0.0181,0.0191,0.9781,0.9777,0.9878,0.9774,0.9788,1.0000,0.9749,1.0000,0.9709,1.0000,64.05,225.92,92.26,66.74,78.92,15.80,5.34,317.82,91.10,88.14,0.0000,0.0000,0.0000,0.0000,0.0000,0.0000,0.4544,0.0407,0.0000,0.0000,104304,74663,53998,54750,86225,66964,95775,572442,131417,91336,0,0,0,0,0,0,0,0,0,0,0.0000,0.0000,0.0000,0.0000,0.0000,0.0000,0.2132,0.2139,0.0000,0.0000,0,0,0,0,0,0,0,1,0,0,0,0,0,0,0,0,1,1,0,0,0.1431,0.0956,0.1418,0.0723,0.1071,0.0440,0.0790,0.1396,0.0292,0.1363,0.000,0.000,0.000,0.000,0.000,0.000,0.000,0.116,0.000,0.000,semi-presidential,parliamentary,parliamentary,parliamentary,parliamentary,semi-presidential,semi-presidential,electoral-authoritarian,electoral-authoritarian,parliamentary,0.800,0.800,0.800,0.800,0.800,0.800,0.800,0.500,0.500,0.800,100.0,100.0,100.0,100.0,100.0,100.0,100.0,100.0,90.7,83.5
2035-06-01,1.0289,0.9548,1.0197,1.0099,0.9822,1.0001,1.0063,0.9988,1.0018,1.0127,1.0041,1.0043,1.1055,0.9859,1.2815,1.0201,1.0009,1.0491,1.0120,1.0681,1.0139,1.0214,1.0058,1.0044,4166.01,6190.10,4727.82,3235.42,2550.63,1669.60,202.64,3332.84,2655.28,582.19,0.9799,0.5604,0.9118,1.1468,0.7900,0.2485,1.4245,0.2926,0.1083,-1.1393,0.6829,0.7557,0.7051,0.6853,0.7151,0.8043,0.4979,0.7372,0.6948,0.6863,0.0298,0.0172,0.0329,0.0316,0.0322,0.0000,0.0506,0.0016,0.0199,0.0148,0.9759,0.9759,0.9866,0.9753,0.9763,1.0000,0.9731,1.0000,0.9686,1.0000,63.98,231.37,95.64,68.75,79.65,16.30,5.74,318.46,92.09,88.65,0.0000,0.0000,0.0000,0.0000,0.0000,0.0000,0.4558,0.0417,0.0000,0.0000,104304,74663,53998,54750,86225,66964,95775,572442,131417,91336,0,0,0,0,0,0,0,0,0,0,0.0000,0.0000,0.0000,0.0000,0.0000,0.0000,0.2247,0.2231,0.0000,0.0000,0,0,0,0,0,0,0,1,0,0,0,0,0,0,0,0,1,1,0,0,0.1480,0.0989,0.1474,0.0755,0.1109,0.0485,0.0812,0.1394,0.0295,0.1354,0.000,0.000,0.000,0.000,0.000,0.000,0.000,0.117,0.000,0.000,semi-presidential,parliamentary,parliamentary,parliamentary,parliamentary,semi-presidential,semi-presidential,electoral-authoritarian,electoral-authoritarian,parliamentary,0.800,0.800,0.800,0.800,0.800,0.800,0.800,0.500,0.500,0.800,100.0,100.0,100.0,100.0,100.0,100.0,100.0,100.0,93.8,86.1
2035-07-01,1.0279,0.9544,1.0243,1.0099,0.9840,0.9990,1.0071,0.9999,1.0021,1.0124,1.0008,1.0032,1.1023,0.9848,1.1938,1.0215,1.0211,1.0480,1.0691,1.0011,1.0551,1.0251,1.0028,1.0033,4184.11,6208.42,4742.26,3242.48,2560.09,1685.17,203.00,3342.62,2671.27,582.83,0.9758,0.5592,0.9091,1.1514,0.7870,0.2454,1.4253,0.2930,0.1088,-1.1518,0.6807,0.7565,0.6982,0.6896,0.7101,0.8073,0.5166,0.7410,0.6937,0.6900,0.0217,0.0141,0.0271,0.0297,0.0303,0.0000,0.0489,0.0030,0.0175,0.0184,0.9766,0.9764,0.9870,0.9760,0.9772,1.0000,0.9741,1.0000,0.9693,1.0000,63.07,230.83,95.48,67.75,78.26,16.49,5.56,313.44,91.92,88.83,0.0000,0.0000,0.0000,0.0000,0.0000,0.0000,0.4558,0.0417,0.0000,0.0000,104304,74663,53998,54750,86225,66964,95775,572442,131417,91336,0,0,0,0,0,0,0,0,0,0,0.0000,0.0000,0.0000,0.0000,0.0000,0.0000,0.2339,0.2323,0.0000,0.0000,0,0,0,0,0,0,0,1,0,0,0,0,0,0,0,0,1,1,0,0,0.1513,0.1005,0.1511,0.0771,0.1137,0.0489,0.0828,0.1383,0.0302,0.1360,0.000,0.000,0.000,0.000,0.000,0.000,0.000,0.118,0.000,0.000,semi-presidential,parliamentary,parliamentary,parliamentary,parliamentary,semi-presidential,semi-presidential,electoral-authoritarian,electoral-authoritarian,parliamentary,0.800,0.800,0.800,0.800,0.800,0.800,0.800,0.500,0.500,0.800,100.0,100.0,100.0,100.0,100.0,100.0,100.0,100.0,98.0,88.8
2035-08-01,1.0260,0.9553,1.0269,1.0075,0.9888,0.9988,1.0066,0.9994,1.0033,1.0123,0.9984,1.0032,1.1011,0.9944,1.1189,1.0154,1.0378,1.0477,1.0081,1.0117,1.0734,1.0199,1.0000,1.0033,4193.74,6222.04,4758.42,3263.33,2563.74,1694.35,203.41,3351.90,2684.49,584.91,0.9737,0.5584,0.9060,1.1441,0.7860,0.2434,1.4227,0.2937,0.1075,-1.1615,0.6853,0.7666,0.7006,0.6914,0.7138,0.8139,0.5344,0.7319,0.7036,0.6900,0.0166,0.0129,0.0227,0.0254,0.0289,0.0008,0.0488,0.0034,0.0158,0.0200,0.9678,0.9684,0.9832,0.9684,0.9687,0.9940,0.9729,1.0000,0.9641,1.0000,63.89,232.39,96.70,69.58,79.35,16.56,5.62,318.88,93.88,89.12,0.0000,0.0000,0.0000,0.0000,0.0000,0.0000,0.4558,0.0417,0.0000,0.0000,104304,74663,53998,54750,86225,66964,95775,572442,131417,91336,0,0,0,0,0,0,0,0,0,0,0.0000,0.0000,0.0000,0.0000,0.0000,0.0000,0.2454,0.2438,0.0000,0.0000,0,0,0,0,0,0,0,1,0,0,0,0,0,0,0,0,1,1,0,0,0.1605,0.1050,0.1609,0.0824,0.1205,0.0507,0.0844,0.1404,0.0318,0.1338,0.000,0.000,0.000,0.000,0.000,0.000,0.000,0.118,0.000,0.000,semi-presidential,parliamentary,parliamentary,parliamentary,parliamentary,semi-presidential,semi-presidential,electoral-authoritarian,electoral-authoritarian,parliamentary,0.800,0.800,0.800,0.800,0.800,0.800,0.800,0.500,0.500,0.800,100.0,100.0,100.0,100.0,100.0,100.0,100.0,100.0,100.0,91.5
2035-09-01,1.0247,0.9575,1.0266,1.0040,0.9915,0.9992,1.0051,0.9999,1.0046,1.0102,0.9954,1.0020,1.0993,0.9921,1.0638,1.0119,1.0234,1.0479,1.0067,1.0266,1.0407,1.0175,0.9972,1.0022,4209.63,6253.75,4782.56,3276.75,2570.69,1700.46,203.49,3367.51,2699.10,584.75,0.9701,0.5560,0.9015,1.1392,0.7839,0.2419,1.4224,0.2935,0.1062,-1.1756,0.6799,0.7699,0.7021,0.6840,0.7097,0.8106,0.5353,0.7291,0.7095,0.6909,0.0129,0.0105,0.0176,0.0177,0.0201,0.0003,0.0475,0.0022,0.0122,0.0130,0.9727,0.9729,0.9852,0.9725,0.9732,0.9977,0.9733,1.0000,0.9666,1.0000,63.93,233.92,97.40,69.78,79.19,16.73,5.60,319.73,94.56,89.20,0.0000,0.0000,0.0000,0.0000,0.0000,0.0000,0.4556,0.0419,0.0000,0.0000,104304,74663,53998,54750,86225,66964,95775,572442,131417,91336,0,0,0,0,0,0,0,0,0,0,0.0000,0.0000,0.0000,0.0000,0.0000,0.0000,0.2546,0.2530,0.0000,0.0000,0,0,0,0,0,0,0,1,0,0,0,0,0,0,0,0,1,1,0,0,0.1402,0.0951,0.1403,0.0720,0.1046,0.0456,0.0804,0.1347,0.0274,0.1328,0.000,0.000,0.000,0.000,0.000,0.000,0.000,0.119,0.000,0.000,semi-presidential,parliamentary,parliamentary,parliamentary,parliamentary,semi-presidential,semi-presidential,electoral-authoritarian,electoral-authoritarian,parliamentary,0.800,0.800,0.800,0.800,0.800,0.800,0.800,0.500,0.500,0.800,100.0,100.0,100.0,100.0,100.0,100.0,100.0,100.0,100.0,94.1
2035-10-01,1.0231,0.9579,1.0267,1.0007,0.9949,0.9976,1.0029,1.0022,1.0062,1.0072,0.9945,1.0003,1.0983,0.9885,1.0639,1.0088,1.0294,1.0466,1.0042,1.0854,1.0292,1.0142,0.9961,1.0006,4215.99,6267.94,4776.66,3286.98,2565.67,1709.31,203.95,3379.60,2704.80,583.18,0.9688,0.5550,0.9026,1.1356,0.7855,0.2402,1.4194,0.2937,0.1052,-1.1926,0.6683,0.7582,0.6921,0.6810,0.6914,0.8117,0.5295,0.7114,0.7193,0.6767,0.0151,0.0101,0.0211,0.0175,0.0217,0.0000,0.0502,0.0022,0.0114,0.0184,0.9765,0.9763,0.9870,0.9758,0.9771,1.0000,0.9747,1.0000,0.9692,1.0000,64.22,235.22,98.10,69.99,79.58,17.00,5.60,319.84,94.40,88.97,0.0000,0.0000,0.0000,0.0000,0.0000,0.0000,0.4556,0.0420,0.0000,0.0000,104304,74663,53998,54750,86225,66964,95775,572442,131417,91336,0,0,0,0,0,0,0,0,0,0,0.0000,0.0000,0.0000,0.0000,0.0000,0.0000,0.2638,0.2622,0.0000,0.0000,0,0,0,0,0,0,0,1,0,0,0,0,0,0,0,0,1,1,0,0,0.1336,0.0911,0.1326,0.0679,0.0993,0.0434,0.0788,0.1324,0.0255,0.1335,0.000,0.000,0.000,0.000,0.000,0.000,0.000,0.118,0.000,0.000,semi-presidential,parliamentary,parliamentary,parliamentary,parliamentary,semi-presidential,semi-presidential,electoral-authoritarian,electoral-authoritarian,parliamentary,0.800,0.800,0.800,0.800,0.800,0.800,0.800,0.500,0.500,0.800,100.0,100.0,100.0,100.0,100.0,100.0,100.0,100.0,100.0,96.7
2035-11-01,1.0220,0.9584,1.0253,0.9977,0.9971,0.9964,0.9992,1.0040,1.0049,1.0055,0.9941,0.9992,1.0972,0.9898,1.0627,1.0066,1.0318,1.0452,1.0006,1.0411,1.0175,1.0182,0.9957,0.9992,4232.32,6295.23,4781.88,3294.54,2576.50,1719.64,204.05,3390.52,2716.18,584.08,0.9652,0.5529,0.9015,1.1330,0.7822,0.2383,1.4190,0.2943,0.1040,-1.2046,0.6679,0.7596,0.6894,0.6820,0.6923,0.8169,0.5297,0.6976,0.7051,0.6746,0.0130,0.0102,0.0183,0.0176,0.0200,0.0000,0.0480,0.0014,0.0111,0.0142,0.9758,0.9757,0.9866,0.9752,0.9763,1.0000,0.9740,1.0000,0.9685,1.0000,64.83,237.51,99.82,70.92,80.49,17.39,5.70,323.44,95.15,89.36,0.0000,0.0000,0.0000,0.0000,0.0000,0.0000,0.4557,0.0418,0.0000,0.0000,104304,74663,53998,54750,86225,66964,95775,572442,131417,91336,0,0,0,0,0,0,0,0,0,0,0.0000,0.0000,0.0000,0.0000,0.0000,0.0000,0.2753,0.2737,0.0000,0.0000,0,0,0,0,0,0,0,1,0,0,0,0,0,0,0,0,1,1,0,0,0.1568,0.1028,0.1580,0.0799,0.1171,0.0484,0.0822,0.1362,0.0289,0.1318,0.000,0.000,0.000,0.000,0.000,0.000,0.000,0.121,0.000,0.000,semi-presidential,parliamentary,parliamentary,parliamentary,parliamentary,semi-presidential,semi-presidential,electoral-authoritarian,electoral-authoritarian,parliamentary,0.800,0.800,0.800,0.800,0.800,0.800,0.800,0.500,0.500,0.800,100.0,100.0,100.0,100.0,100.0,30.0,100.0,100.0,100.0,99.3
2035-12-01,1.0217,0.9582,1.0222,0.9926,0.9989,0.9941,0.9997,1.0036,1.0015,1.0052,0.9945,0.9987,1.0976,1.0015,1.0589,0.9928,1.0179,1.0432,1.0175,1.0051,1.0143,1.0125,0.9961,0.9989,4250.54,6304.22,4795.76,3304.18,2585.16,1727.57,203.91,3398.84,2724.16,583.83,0.9612,0.5525,0.8988,1.1298,0.7796,0.2375,1.4200,0.2948,0.1030,-1.2188,0.6711,0.7552,0.6998,0.6804,0.7004,0.8114,0.5312,0.7012,0.6848,0.6735,0.0134,0.0117,0.0109,0.0163,0.0169,0.0012,0.0473,0.0011,0.0121,0.0063,0.9639,0.9648,0.9815,0.9651,0.9649,0.9912,0.9733,1.0000,0.9619,1.0000,65.16,237.08,98.84,71.84,81.62,17.38,5.72,327.09,95.90,89.46,0.0000,0.0000,0.0000,0.0000,0.0000,0.0000,0.4558,0.0416,0.0000,0.0000,104304,74663,53998,54750,86225,66964,95775,572442,131417,91336,0,0,0,0,0,0,0,0,0,0,0.0000,0.0000,0.0000,0.0000,0.0000,0.0000,0.2845,0.2829,0.0000,0.0000,0,0,0,0,0,0,0,1,0,0,0,0,0,0,0,0,1,1,0,0,0.1428,0.0959,0.1435,0.0730,0.1064,0.0449,0.0797,0.1326,0.0261,0.1311,0.000,0.000,0.000,0.000,0.000,0.000,0.000,0.121,0.000,0.000,semi-presidential,parliamentary,parliamentary,parliamentary,parliamentary,semi-presidential,semi-presidential,electoral-authoritarian,electoral-authoritarian,parliamentary,0.800,0.800,0.800,0.800,0.800,0.800,0.800,0.500,0.500,0.800,100.0,100.0,100.0,100.0,100.0,33.2,100.0,100.0,100.0,100.0
2036-01-01,1.0237,0.9614,1.0197,0.9886,0.9986,0.9891,1.0001,1.0033,1.0017,1.0047,0.9946,0.9987,1.1008,1.0358,1.0569,0.9996,1.0162,1.0376,1.0168,1.0260,1.0344,1.0251,0.9961,0.9987,4261.67,6330.73,4812.48,3319.84,2589.32,1738.64,203.46,3416.19,2735.78,582.73,0.9588,0.5505,0.8957,1.1244,0.7784,0.2363,1.4232,0.2948,0.1018,-1.2349,0.6746,0.7546,0.7031,0.6788,0.7080,0.8027,0.5224,0.6762,0.6733,0.6868,0.0189,0.0157,0.0207,0.0199,0.0221,0.0043,0.0504,0.0022,0.0152,0.0082,0.9329,0.9368,0.9682,0.9389,0.9346,0.9694,0.9728,1.0000,0.9452,1.0000,65.75,238.58,100.19,72.38,82.10,17.39,5.58,331.10,96.92,89.21,0.0000,0.0000,0.0000,0.0000,0.0000,0.0000,0.4540,0.0420,0.0000,0.0000,104304,74663,53998,54750,86225,66964,95775,572442,131417,91336,0,0,0,0,0,0,0,0,0,0,0.0000,0.0000,0.0000,0.0000,0.0000,0.0000,0.2937,0.2944,0.0000,0.0000,0,0,0,0,0,0,0,1,0,0,0,0,0,0,0,0,1,1,0,0,0.1558,0.1023,0.1576,0.0795,0.1164,0.0477,0.0780,0.1362,0.0283,0.1317,0.000,0.000,0.000,0.000,0.000,0.000,0.000,0.122,0.000,0.000,semi-presidential,parliamentary,parliamentary,parliamentary,parliamentary,semi-presidential,semi-presidential,electoral-authoritarian,electoral-authoritarian,parliamentary,0.800,0.800,0.800,0.800,0.800,0.800,0.800,0.500,0.500,0.800,100.0,100.0,100.0,100.0,100.0,36.3,100.0,100.0,100.0,100.0
