date,price_oil,price_gas,price_coal,price_electricity,price_food,price_critical-minerals,price_steel,price_consumer-goods,price_electronics,price_arms,price_pharma,price_services,import_price_oil,import_price_gas,import_price_coal,import_price_electricity,import_price_food,import_price_critical-minerals,import_price_steel,import_price_consumer-goods,import_price_electronics,import_price_arms,import_price_pharma,import_price_services,gdp_FRA,gdp_DEU,gdp_GBR,gdp_ITA,gdp_ESP,gdp_POL,gdp_UKR,gdp_RUS,gdp_TUR,gdp_NOR,debt_FRA,debt_DEU,debt_GBR,debt_ITA,debt_ESP,debt_POL,debt_UKR,debt_RUS,debt_TUR,debt_NOR,stability_FRA,stability_DEU,stability_GBR,stability_ITA,stability_ESP,stability_POL,stability_UKR,stability_RUS,stability_TUR,stability_NOR,shortage_FRA,shortage_DEU,shortage_GBR,shortage_ITA,shortage_ESP,shortage_POL,shortage_UKR,shortage_RUS,shortage_TUR,shortage_NOR,gas_coverage_FRA,gas_coverage_DEU,gas_coverage_GBR,gas_coverage_ITA,gas_coverage_ESP,gas_coverage_POL,gas_coverage_UKR,gas_coverage_RUS,gas_coverage_TUR,gas_coverage_NOR,maritime_trade_FRA,maritime_trade_DEU,maritime_trade_GBR,maritime_trade_ITA,maritime_trade_ESP,maritime_trade_POL,maritime_trade_UKR,maritime_trade_RUS,maritime_trade_TUR,maritime_trade_NOR,blockade_FRA,blockade_DEU,blockade_GBR,blockade_ITA,blockade_ESP,blockade_POL,blockade_UKR,blockade_RUS,blockade_TUR,blockade_NOR,tiles_FRA,tiles_DEU,tiles_GBR,tiles_ITA,tiles_ESP,tiles_POL,tiles_UKR,tiles_RUS,tiles_TUR,tiles_NOR,contested_FRA,contested_DEU,contested_GBR,contested_ITA,contested_ESP,contested_POL,contested_UKR,contested_RUS,contested_TUR,contested_NOR,exhaustion_FRA,exhaustion_DEU,exhaustion_GBR,exhaustion_ITA,exhaustion_ESP,exhaustion_POL,exhaustion_UKR,exhaustion_RUS,exhaustion_TUR,exhaustion_NOR,sanctions_against_FRA,sanctions_against_DEU,sanctions_against_GBR,sanctions_against_ITA,sanctions_against_ESP,sanctions_against_POL,sanctions_against_UKR,sanctions_against_RUS,sanctions_against_TUR,sanctions_against_NOR,at_war_FRA,at_war_DEU,at_war_GBR,at_war_ITA,at_war_ESP,at_war_POL,at_war_UKR,at_war_RUS,at_war_TUR,at_war_NOR,export_share_FRA,export_share_DEU,export_share_GBR,export_share_ITA,export_share_ESP,export_share_POL,export_share_UKR,export_share_RUS,export_share_TUR,export_share_NOR,circumvention_FRA,circumvention_DEU,circumvention_GBR,circumvention_ITA,circumvention_ESP,circumvention_POL,circumvention_UKR,circumvention_RUS,circumvention_TUR,circumvention_NOR,regime_FRA,regime_DEU,regime_GBR,regime_ITA,regime_ESP,regime_POL,regime_UKR,regime_RUS,regime_TUR,regime_NOR,legitimacy_FRA,legitimacy_DEU,legitimacy_GBR,legitimacy_ITA,legitimacy_ESP,legitimacy_POL,legitimacy_UKR,legitimacy_RUS,legitimacy_TUR,legitimacy_NOR,capital_FRA,capital_DEU,capital_GBR,capital_ITA,capital_ESP,capital_POL,capital_UKR,capital_RUS,capital_TUR,capital_NOR
2026-01-01,1.0000,1.0000,1.0000,1.0000,1.0000,1.0000,1.0000,1.0000,1.0000,1.0000,1.0000,1.0000,1.0000,1.0000,1.0001,1.0298,1.0000,1.0000,1.0170,1.0170,1.0221,1.0232,1.0170,1.0000,3366.32,5050.92,4002.59,2551.56,1906.45,1035.49,214.23,2561.31,1597.29,530.76,1.1600,0.6290,1.0230,1.3710,1.0040,0.5880,1.0870,0.1720,0.2350,0.4500,0.6600,0.7169,0.6747,0.6374,0.6767,0.7200,0.6678,0.6750,0.6750,0.7200,0.0019,0.0004,0.0179,0.0017,0.0019,0.0000,0.0027,0.0012,0.0009,0.0031,1.0000,1.0000,1.0000,1.0000,1.0000,1.0000,1.0000,1.0000,1.0000,1.0000,53.01,188.04,79.00,54.35,61.58,9.29,7.94,244.34,57.59,79.61,0.0000,0.0000,0.0000,0.0000,0.0000,0.0000,0.0000,0.0000,0.0000,0.0000,104304,74663,53998,54750,86225,66964,95775,572442,131417,91336,0,0,0,0,0,0,0,0,0,0,0.0000,0.0000,0.0000,0.0000,0.0000,0.0000,0.0000,0.0000,0.0000,0.0000,0,0,0,0,0,0,0,0,0,0,0,0,0,0,0,0,1,1,0,0,0.1189,0.0741,0.1337,0.0482,0.0865,0.0115,0.0806,0.1079,0.0015,0.1360,0.000,0.000,0.000,0.000,0.000,0.000,0.000,0.000,0.000,0.000,semi-presidential,parliamentary,parliamentary,parliamentary,parliamentary,semi-presidential,semi-presidential,electoral-authoritarian,electoral-authoritarian,parliamentary,0.800,0.800,0.800,0.800,0.800,0.800,0.800,0.500,0.500,0.800,30.0,30.0,30.0,30.0,30.0,30.0,30.0,30.0,30.0,30.0
2026-02-01,1.0060,1.0002,1.0003,0.9994,0.9995,0.9999,0.9990,1.0001,1.0002,1.0026,1.0019,0.9998,1.3126,1.0270,1.0360,0.9995,1.0250,1.0550,1.0011,1.0020,1.0143,1.0493,1.0426,0.9998,3368.32,5054.67,4005.25,2548.77,1903.51,1038.12,212.52,2559.40,1599.60,530.81,1.1595,0.6287,1.0231,1.3740,1.0066,0.5875,1.0978,0.1744,0.2349,0.4362,0.6589,0.7159,0.6639,0.6254,0.6630,0.7158,0.5870,0.6633,0.6623,0.7070,0.0263,0.0233,0.0189,0.0278,0.0303,0.0130,0.0886,0.0016,0.0212,0.0112,0.9809,0.9803,0.9907,0.9798,0.9814,1.0000,0.9685,1.0000,0.9752,1.0000,47.74,178.53,74.35,50.30,57.19,8.98,5.72,221.55,54.03,75.94,0.0000,0.0000,0.0000,0.0000,0.0000,0.0000,0.4583,0.0409,0.0000,0.0000,104304,74663,53998,54750,86225,66964,95775,572442,131417,91336,0,0,0,0,0,0,0,0,0,0,0.0000,0.0000,0.0000,0.0000,0.0000,0.0000,0.0092,0.0092,0.0000,0.0000,0,0,0,0,0,0,0,1,0,0,0,0,0,0,0,0,1,1,0,0,0.1157,0.0726,0.1308,0.0475,0.0843,0.0113,0.0676,0.1028,0.0014,0.1326,0.000,0.000,0.000,0.000,0.000,0.000,0.031,0.147,0.000,0.000,semi-presidential,parliamentary,parliamentary,parliamentary,parliamentary,semi-presidential,semi-presidential,electoral-authoritarian,electoral-authoritarian,parliamentary,0.800,0.800,0.800,0.800,0.800,0.800,0.800,0.500,0.500,0.800,30.2,30.4,30.6,31.2,31.4,31.7,62.6,33.0,33.1,32.6
2026-03-01,1.0124,0.9982,1.0004,0.9997,0.9990,1.0015,0.9966,0.9996,1.0010,1.0040,1.0045,1.0009,1.2361,1.0261,1.0368,1.0600,1.0298,1.0568,0.9985,1.0233,1.0739,1.0609,1.1156,1.0010,3375.39,5064.33,3998.34,2551.93,1904.45,1041.12,211.26,2562.09,1602.58,533.95,1.1610,0.6291,1.0281,1.3769,1.0082,0.5837,1.1057,0.1765,0.2345,0.4197,0.6468,0.7022,0.6571,0.6150,0.6519,0.7111,0.5087,0.6496,0.6450,0.6922,0.0244,0.0217,0.0372,0.0363,0.0303,0.0073,0.0920,0.0044,0.0199,0.0184,0.9800,0.9793,0.9902,0.9788,0.9806,1.0000,0.9684,1.0000,0.9740,1.0000,49.19,176.89,73.14,51.51,56.82,9.08,5.57,226.93,54.73,76.56,0.0000,0.0000,0.0000,0.0000,0.0000,0.0000,0.4588,0.0417,0.0000,0.0000,104304,74663,53998,54750,86225,66964,95775,572442,131417,91336,0,0,0,0,0,0,0,0,0,0,0.0000,0.0000,0.0000,0.0000,0.0000,0.0000,0.0184,0.0184,0.0000,0.0000,0,0,0,0,0,0,0,1,0,0,0,0,0,0,0,0,1,1,0,0,0.1124,0.0702,0.1259,0.0454,0.0819,0.0120,0.0711,0.1039,0.0015,0.1357,0.000,0.000,0.000,0.000,0.000,0.000,0.033,0.148,0.000,0.000,semi-presidential,parliamentary,parliamentary,parliamentary,parliamentary,semi-presidential,semi-presidential,electoral-authoritarian,electoral-authoritarian,parliamentary,0.800,0.800,0.800,0.800,0.800,0.800,0.838,0.500,0.500,0.800,33.4,33.2,33.1,34.7,34.6,34.8,54.8,36.0,36.6,35.2
2026-04-01,1.0177,0.9970,1.0013,1.0004,1.0000,1.0014,0.9942,0.9988,1.0029,1.0052,1.0068,1.0010,1.2611,1.0244,1.1072,1.0494,1.0305,1.0580,0.9960,1.0004,1.0169,1.0276,1.0262,1.0012,3367.35,5064.75,3999.33,2554.55,1904.74,1046.57,210.75,2562.47,1607.05,533.85,1.1737,0.6306,1.0308,1.3798,1.0101,0.5778,1.1099,0.1787,0.2340,0.4053,0.6505,0.6957,0.6412,0.6008,0.6396,0.7346,0.4821,0.6289,0.6181,0.6916,0.0266,0.0234,0.0368,0.0346,0.0319,0.0086,0.0857,0.0013,0.0240,0.0128,0.9803,0.9796,0.9904,0.9791,0.9809,1.0000,0.9682,1.0000,0.9744,1.0000,48.99,178.34,74.13,50.53,57.16,9.10,5.59,225.67,54.78,76.96,0.0000,0.0000,0.0000,0.0000,0.0000,0.0000,0.4604,0.0438,0.0000,0.0000,104304,74663,53998,54750,86225,66964,95775,572442,131417,91336,0,0,0,0,0,0,0,0,0,0,0.0000,0.0000,0.0000,0.0000,0.0000,0.0000,0.0276,0.0276,0.0000,0.0000,0,0,0,0,0,0,0,1,0,0,0,0,0,0,0,0,1,1,0,0,0.1195,0.0736,0.1344,0.0484,0.0871,0.0120,0.0720,0.1043,0.0015,0.1349,0.000,0.000,0.000,0.000,0.000,0.000,0.032,0.148,0.000,0.000,semi-presidential,parliamentary,parliamentary,parliamentary,parliamentary,semi-presidential,semi-presidential,electoral-authoritarian,electoral-authoritarian,parliamentary,0.800,0.800,0.800,0.800,0.800,0.826,0.829,0.533,0.500,0.800,33.7,35.9,35.5,38.0,37.6,29.1,56.6,28.7,39.9,37.9
2026-05-01,1.0230,0.9981,1.0027,1.0035,1.0012,0.9993,0.9927,0.9985,1.0026,1.0052,1.0052,1.0033,1.1904,1.0579,1.0700,1.0701,1.0389,1.0557,0.9942,1.0074,1.0163,1.0222,1.0069,1.0050,3368.27,5066.86,4002.51,2552.27,1907.80,1050.19,209.75,2563.68,1614.53,534.74,1.1765,0.6319,1.0326,1.3851,1.0113,0.5738,1.1170,0.1814,0.2330,0.3901,0.6428,0.6862,0.6376,0.5883,0.6319,0.7267,0.4656,0.6603,0.6326,0.6884,0.0227,0.0235,0.0336,0.0405,0.0295,0.0070,0.0836,0.0012,0.0199,0.0145,0.9518,0.9528,0.9756,0.9549,0.9540,0.9793,0.9630,1.0000,0.9536,1.0000,50.32,176.93,72.33,53.24,57.89,9.11,5.53,232.14,55.88,78.04,0.0000,0.0000,0.0000,0.0000,0.0000,0.0000,0.4597,0.0432,0.0000,0.0000,104304,74663,53998,54750,86225,66964,95775,572442,131417,91336,0,0,0,0,0,0,0,0,0,0,0.0000,0.0000,0.0000,0.0000,0.0000,0.0000,0.0391,0.0391,0.0000,0.0000,0,0,0,0,0,0,0,1,0,0,0,0,0,0,0,0,1,1,0,0,0.1213,0.0741,0.1362,0.0499,0.0890,0.0132,0.0736,0.1050,0.0015,0.1373,0.000,0.000,0.000,0.000,0.000,0.000,0.035,0.149,0.000,0.000,semi-presidential,parliamentary,parliamentary,parliamentary,parliamentary,semi-presidential,semi-presidential,electoral-authoritarian,electoral-authoritarian,parliamentary,0.800,0.800,0.800,0.800,0.800,0.816,0.817,0.522,0.500,0.800,36.9,38.6,37.8,41.3,31.7,32.2,58.8,32.2,43.3,40.6
2026-06-01,1.0246,1.0015,1.0046,1.0051,1.0038,1.0003,0.9933,1.0000,1.0006,1.0071,1.0015,1.0068,1.1110,1.1158,1.0758,1.0445,1.0504,1.0836,1.0509,1.0800,1.0142,1.0364,1.0040,1.0080,3374.13,5059.11,4014.26,2554.78,1911.03,1051.39,209.49,2562.58,1622.66,536.06,1.1794,0.6345,1.0320,1.3875,1.0147,0.5712,1.1200,0.1837,0.2319,0.3746,0.6409,0.6900,0.6389,0.5874,0.6325,0.7269,0.4666,0.6506,0.6391,0.6801,0.0301,0.0215,0.0432,0.0321,0.0370,0.0080,0.0719,0.0022,0.0245,0.0247,0.9033,0.9100,0.9505,0.9134,0.9048,0.9454,0.9537,1.0000,0.9187,1.0000,51.54,179.11,74.07,53.74,59.21,9.31,5.56,236.74,56.78,79.87,0.0000,0.0000,0.0000,0.0000,0.0000,0.0000,0.4603,0.0428,0.0000,0.0000,104304,74663,53998,54750,86225,66964,95775,572442,131417,91336,0,0,0,0,0,0,0,0,0,0,0.0000,0.0000,0.0000,0.0000,0.0000,0.0000,0.0483,0.0483,0.0000,0.0000,0,0,0,0,0,0,0,1,0,0,0,0,0,0,0,0,1,1,0,0,0.1235,0.0763,0.1385,0.0519,0.0907,0.0151,0.0756,0.1034,0.0021,0.1341,0.000,0.000,0.000,0.000,0.000,0.000,0.039,0.150,0.000,0.000,semi-presidential,parliamentary,parliamentary,parliamentary,parliamentary,semi-presidential,semi-presidential,electoral-authoritarian,electoral-authoritarian,parliamentary,0.800,0.800,0.800,0.800,0.800,0.806,0.808,0.512,0.500,0.800,39.1,41.2,40.2,49.6,34.7,35.4,60.5,35.1,46.8,43.2
2026-07-01,1.0231,1.0061,1.0022,1.0037,1.0074,1.0049,0.9955,1.0024,0.9979,1.0100,0.9972,1.0101,1.1021,1.1460,1.0382,1.0042,1.0624,1.1186,1.0706,1.0539,1.0115,1.0460,0.9989,1.0106,3375.56,5067.93,4034.60,2549.32,1911.76,1055.54,209.30,2567.95,1625.15,535.93,1.1816,0.6349,1.0290,1.3942,1.0165,0.5684,1.1226,0.1855,0.2316,0.3601,0.6355,0.6870,0.6268,0.5815,0.6391,0.7085,0.4751,0.6274,0.6439,0.6873,0.0300,0.0233,0.0256,0.0335,0.0389,0.0107,0.0662,0.0022,0.0209,0.0262,0.8816,0.8902,0.9395,0.8941,0.8828,0.9287,0.9507,1.0000,0.9010,1.0000,50.61,183.56,76.82,52.94,59.99,9.45,5.79,233.70,56.75,81.18,0.0000,0.0000,0.0000,0.0000,0.0000,0.0000,0.4569,0.0409,0.0000,0.0000,104304,74663,53998,54750,86225,66964,95775,572442,131417,91336,0,0,0,0,0,0,0,0,0,0,0.0000,0.0000,0.0000,0.0000,0.0000,0.0000,0.0575,0.0575,0.0000,0.0000,0,0,0,0,0,0,0,1,0,0,0,0,0,0,0,0,1,1,0,0,0.1256,0.0803,0.1414,0.0552,0.0933,0.0174,0.0783,0.0997,0.0043,0.1346,0.000,0.000,0.000,0.000,0.000,0.000,0.043,0.150,0.000,0.000,semi-presidential,parliamentary,parliamentary,parliamentary,parliamentary,semi-presidential,semi-presidential,electoral-authoritarian,electoral-authoritarian,parliamentary,0.800,0.800,0.800,0.800,0.800,0.786,0.800,0.503,0.500,0.800,42.3,43.9,42.5,47.8,37.8,38.4,62.3,37.9,50.3,45.9
2026-08-01,1.0211,1.0085,1.0000,0.9995,1.0110,1.0084,0.9965,1.0034,0.9963,1.0129,0.9957,1.0114,1.0994,1.0883,1.0360,0.9996,1.0602,1.1131,1.0196,1.0248,1.0099,1.0456,0.9974,1.0119,3391.02,5077.01,4049.05,2557.63,1924.48,1060.82,208.71,2571.61,1629.71,535.97,1.1785,0.6354,1.0272,1.3931,1.0119,0.5637,1.1276,0.1880,0.2311,0.3455,0.6401,0.6944,0.6433,0.6001,0.6512,0.7230,0.5084,0.6408,0.6482,0.6819,0.0195,0.0165,0.0177,0.0259,0.0281,0.0053,0.0613,0.0015,0.0148,0.0198,0.9341,0.9376,0.9665,0.9405,0.9361,0.9670,0.9602,1.0000,0.9427,1.0000,50.69,183.93,77.28,53.16,60.21,9.55,5.79,234.01,56.67,81.23,0.0000,0.0000,0.0000,0.0000,0.0000,0.0000,0.4569,0.0412,0.0000,0.0000,104304,74663,53998,54750,86225,66964,95775,572442,131417,91336,0,0,0,0,0,0,0,0,0,0,0.0000,0.0000,0.0000,0.0000,0.0000,0.0000,0.0690,0.0690,0.0000,0.0000,0,0,0,0,0,0,0,1,0,0,0,0,0,0,0,0,1,1,0,0,0.1310,0.0854,0.1473,0.0564,0.0945,0.0185,0.0796,0.1012,0.0107,0.1347,0.000,0.000,0.000,0.000,0.000,0.000,0.044,0.150,0.000,0.000,semi-presidential,parliamentary,parliamentary,parliamentary,parliamentary,semi-presidential,semi-presidential,electoral-authoritarian,electoral-authoritarian,parliamentary,0.800,0.800,0.800,0.800,0.800,0.796,0.800,0.500,0.500,0.800,45.4,46.6,44.9,51.1,40.9,41.6,64.7,41.5,53.8,48.5
2026-09-01,1.0200,1.0116,1.0005,0.9961,1.0123,1.0104,0.9984,1.0055,0.9964,1.0129,0.9953,1.0121,1.1032,1.0961,1.0932,0.9965,1.0377,1.0662,1.0434,1.0461,1.0276,1.0184,0.9970,1.0126,3401.42,5093.71,4065.70,2564.89,1928.23,1068.48,208.45,2573.13,1638.34,536.98,1.1769,0.6358,1.0255,1.3922,1.0120,0.5577,1.1305,0.1901,0.2299,0.3302,0.6405,0.6734,0.6705,0.6083,0.6565,0.7316,0.5141,0.6426,0.6479,0.6901,0.0250,0.0182,0.0209,0.0257,0.0286,0.0049,0.0644,0.0024,0.0182,0.0154,0.9300,0.9339,0.9644,0.9368,0.9318,0.9650,0.9598,1.0000,0.9394,1.0000,51.37,185.82,78.86,54.06,61.15,9.85,6.01,237.05,57.19,81.57,0.0000,0.0000,0.0000,0.0000,0.0000,0.0000,0.4565,0.0429,0.0000,0.0000,104304,74663,53998,54750,86225,66964,95775,572442,131417,91336,0,0,0,0,0,0,0,0,0,0,0.0000,0.0000,0.0000,0.0000,0.0000,0.0000,0.0782,0.0782,0.0000,0.0000,0,0,0,0,0,0,0,1,0,0,0,0,0,0,0,0,1,1,0,0,0.1360,0.0861,0.1478,0.0571,0.0950,0.0191,0.0793,0.1065,0.0111,0.1347,0.000,0.000,0.000,0.000,0.000,0.000,0.042,0.145,0.000,0.000,semi-presidential,parliamentary,parliamentary,parliamentary,parliamentary,semi-presidential,semi-presidential,electoral-authoritarian,electoral-authoritarian,parliamentary,0.800,0.776,0.800,0.800,0.800,0.800,0.800,0.500,0.500,0.800,48.6,50.9,48.7,54.5,44.1,44.8,66.7,44.4,57.3,51.2
2026-10-01,1.0207,1.0142,1.0022,0.9937,1.0561,1.0088,1.0006,1.0061,0.9973,1.0118,0.9951,1.0115,1.1045,1.0994,1.1081,1.0205,1.2123,1.0646,1.0750,1.0210,1.0307,1.0138,0.9967,1.0116,3406.34,5117.75,4068.02,2575.35,1937.29,1074.39,208.35,2575.96,1647.60,538.02,1.1770,0.6344,1.0265,1.3894,1.0097,0.5527,1.1325,0.1923,0.2287,0.3150,0.6423,0.6859,0.6675,0.6078,0.6433,0.7414,0.5231,0.6482,0.6755,0.6508,0.0256,0.0186,0.0447,0.0503,0.0576,0.0050,0.0661,0.0024,0.0217,0.0642,0.9293,0.9335,0.9641,0.9363,0.9311,0.9645,0.9596,1.0000,0.9391,1.0000,51.73,187.78,80.43,54.15,61.19,9.65,5.53,239.00,57.72,81.58,0.0000,0.0000,0.0000,0.0000,0.0000,0.0000,0.4618,0.0424,0.0000,0.0000,104304,74663,53998,54750,86225,66964,95775,572442,131417,91336,0,0,0,0,0,0,0,0,0,0,0.0000,0.0000,0.0000,0.0000,0.0000,0.0000,0.0874,0.0874,0.0000,0.0000,0,0,0,0,0,0,0,1,0,0,0,0,0,0,0,0,1,1,0,0,0.1086,0.0733,0.1156,0.0449,0.0776,0.0177,0.0789,0.1073,0.0090,0.1347,0.000,0.000,0.000,0.000,0.000,0.000,0.037,0.145,0.000,0.000,semi-presidential,parliamentary,parliamentary,parliamentary,parliamentary,semi-presidential,semi-presidential,electoral-authoritarian,electoral-authoritarian,parliamentary,0.800,0.786,0.800,0.800,0.800,0.800,0.800,0.500,0.500,0.800,51.8,53.6,51.2,57.9,46.9,48.0,68.7,47.2,61.0,53.7
2026-11-01,1.0244,1.0139,1.0004,0.9932,1.1021,1.0078,1.0009,1.0049,0.9996,1.0103,0.9952,1.0094,1.1015,1.0442,1.0378,1.0233,1.2312,1.0632,1.0026,1.0069,1.0421,1.0122,1.0029,1.0098,3401.84,5123.90,4080.66,2576.14,1942.47,1080.40,208.59,2570.21,1652.44,536.71,1.1770,0.6355,1.0249,1.3915,1.0098,0.5477,1.1330,0.1955,0.2281,0.3011,0.6415,0.7055,0.6573,0.5977,0.6466,0.7546,0.5356,0.6525,0.6755,0.6400,0.0114,0.0102,0.0339,0.0329,0.0369,0.0000,0.0611,0.0022,0.0123,0.0469,0.9771,0.9768,0.9888,0.9759,0.9772,1.0000,0.9643,1.0000,0.9710,1.0000,51.71,188.67,81.29,54.33,60.95,9.78,5.51,240.59,58.21,81.34,0.0000,0.0000,0.0000,0.0000,0.0000,0.0000,0.4616,0.0427,0.0000,0.0000,104304,74663,53998,54750,86225,66964,95775,572442,131417,91336,0,0,0,0,0,0,0,0,0,0,0.0000,0.0000,0.0000,0.0000,0.0000,0.0000,0.0989,0.0989,0.0000,0.0000,0,0,0,0,0,0,0,1,0,0,0,0,0,0,0,0,1,1,0,0,0.1130,0.0746,0.1200,0.0492,0.0804,0.0175,0.0823,0.1065,0.0087,0.1356,0.000,0.000,0.000,0.000,0.000,0.000,0.031,0.143,0.000,0.000,semi-presidential,parliamentary,parliamentary,parliamentary,parliamentary,semi-presidential,semi-presidential,electoral-authoritarian,electoral-authoritarian,parliamentary,0.800,0.795,0.800,0.800,0.800,0.800,0.800,0.500,0.500,0.800,54.9,56.4,53.7,61.3,50.1,51.3,71.3,50.8,64.8,56.2
2026-12-01,1.0812,1.0362,0.9999,0.9961,1.1294,1.0089,1.0013,1.0057,1.0028,1.0106,1.0004,1.0074,2.1678,1.4289,1.0475,1.1333,1.2282,1.0643,1.0253,1.0358,1.1034,1.0175,1.1846,1.0075,3392.95,5116.66,4073.48,2574.29,1938.52,1082.06,208.25,2570.31,1655.16,537.65,1.1810,0.6381,1.0278,1.3917,1.0146,0.5449,1.1363,0.1976,0.2278,0.2856,0.6098,0.6391,0.6261,0.5181,0.5760,0.7012,0.5132,0.6395,0.6194,0.6423,0.1185,0.1156,0.0998,0.1469,0.1389,0.0945,0.1111,0.0057,0.1189,0.0475,0.6877,0.7038,0.8440,0.7059,0.6886,0.7618,0.9468,1.0000,0.6986,1.0000,36.83,151.72,63.13,41.16,43.88,7.72,4.69,169.52,43.93,56.40,0.0000,0.0000,0.0000,0.0000,0.0000,0.0000,0.4618,0.0427,0.0000,0.0000,104304,74663,53998,54750,86225,66964,95775,572442,131417,91336,0,0,0,0,0,0,0,0,0,0,0.0000,0.0000,0.0000,0.0000,0.0000,0.0000,0.1081,0.1081,0.0000,0.0000,0,0,0,0,0,0,0,1,0,0,0,0,0,0,0,0,1,1,0,0,0.1208,0.0740,0.1291,0.0509,0.0859,0.0162,0.0840,0.1198,0.0082,0.1450,0.000,0.000,0.000,0.000,0.000,0.000,0.026,0.146,0.000,0.000,semi-presidential,parliamentary,parliamentary,parliamentary,parliamentary,semi-presidential,semi-presidential,electoral-authoritarian,electoral-authoritarian,parliamentary,0.800,0.800,0.800,0.800,0.800,0.800,0.800,0.500,0.500,0.800,57.5,58.9,55.4,64.3,52.9,54.4,73.4,53.7,68.2,58.7
2027-01-01,1.1268,1.0521,0.9971,0.9977,1.1429,1.0083,1.0015,1.0056,1.0031,1.0109,1.0039,1.0070,2.0822,1.2853,1.0342,1.0309,1.2063,1.0635,1.0124,1.0075,1.0169,1.0125,1.0546,1.0071,3393.12,5117.86,4081.97,2566.20,1937.41,1082.53,207.84,2575.65,1654.32,539.28,1.1820,0.6397,1.0273,1.3951,1.0181,0.5428,1.1444,0.1994,0.2280,0.2694,0.5871,0.6271,0.6027,0.4689,0.5655,0.6875,0.5113,0.6710,0.6277,0.6628,0.0836,0.0794,0.0600,0.0899,0.0952,0.0657,0.0987,0.0014,0.0784,0.0249,0.8163,0.8273,0.9084,0.8300,0.8172,0.8734,0.9553,1.0000,0.8304,1.0000,42.27,172.18,73.58,44.61,52.06,9.12,5.29,197.01,50.19,66.47,0.0000,0.0000,0.0000,0.0000,0.0000,0.0000,0.4606,0.0426,0.0000,0.0000,104304,74663,53998,54750,86225,66964,95775,572442,131417,91336,0,0,0,0,0,0,0,0,0,0,0.0000,0.0000,0.0000,0.0000,0.0000,0.0000,0.1196,0.1196,0.0000,0.0000,0,0,0,0,0,0,0,1,0,0,0,0,0,0,0,0,1,1,0,0,0.1278,0.0802,0.1369,0.0544,0.0910,0.0172,0.0855,0.1230,0.0118,0.1473,0.000,0.000,0.000,0.000,0.000,0.000,0.022,0.148,0.000,0.000,semi-presidential,parliamentary,parliamentary,parliamentary,parliamentary,semi-presidential,semi-presidential,electoral-authoritarian,electoral-authoritarian,parliamentary,0.800,0.800,0.800,0.800,0.800,0.800,0.800,0.500,0.500,0.800,60.4,61.3,57.6,66.7,55.6,57.4,76.0,57.3,71.7,61.2
2027-02-01,1.1586,1.0596,0.9946,0.9976,1.1477,1.0076,1.0015,1.0049,1.0017,1.0103,1.0066,1.0059,1.8836,1.1873,1.0319,1.0272,1.1852,1.0627,1.0349,1.0068,1.0155,1.0129,1.0934,1.0062,3407.37,5129.14,4066.12,2561.39,1939.75,1081.28,207.67,2580.33,1662.18,541.01,1.1824,0.6401,1.0330,1.3997,1.0198,0.5416,1.1467,0.2007,0.2270,0.2528,0.6067,0.6217,0.5979,0.4883,0.5672,0.6907,0.5040,0.6770,0.6389,0.6833,0.0605,0.0540,0.0494,0.0585,0.0661,0.0417,0.1040,0.0017,0.0519,0.0176,0.8975,0.9051,0.9486,0.9083,0.8983,0.9442,0.9595,1.0000,0.9137,1.0000,47.47,182.21,77.81,51.05,57.62,9.52,5.65,222.79,55.42,73.93,0.0000,0.0000,0.0000,0.0000,0.0000,0.0000,0.4602,0.0425,0.0000,0.0000,104304,74663,53998,54750,86225,66964,95775,572442,131417,91336,0,0,0,0,0,0,0,0,0,0,0.0000,0.0000,0.0000,0.0000,0.0000,0.0000,0.1288,0.1288,0.0000,0.0000,0,0,0,0,0,0,0,1,0,0,0,0,0,0,0,0,1,1,0,0,0.1146,0.0746,0.1222,0.0492,0.0811,0.0163,0.0837,0.1294,0.0104,0.1501,0.000,0.000,0.000,0.000,0.000,0.000,0.019,0.146,0.000,0.000,semi-presidential,parliamentary,parliamentary,parliamentary,parliamentary,semi-presidential,semi-presidential,electoral-authoritarian,electoral-authoritarian,parliamentary,0.800,0.800,0.800,0.800,0.790,0.800,0.800,0.500,0.500,0.800,54.5,63.6,59.8,69.3,58.3,60.4,78.0,60.4,75.2,63.9
2027-03-01,1.1748,1.0623,0.9925,0.9997,1.1482,1.0064,1.0013,1.0057,1.0015,1.0117,1.0096,1.0046,1.6256,1.1265,1.0275,1.0712,1.1718,1.0603,1.0028,1.0343,1.0142,1.0677,1.0915,1.0049,3405.65,5141.55,4062.19,2563.32,1945.20,1083.71,207.64,2596.40,1671.84,542.97,1.1840,0.6402,1.0355,1.4003,1.0196,0.5387,1.1482,0.2010,0.2258,0.2360,0.6076,0.6302,0.5987,0.5136,0.5789,0.7128,0.5090,0.6873,0.6662,0.7045,0.0380,0.0357,0.0418,0.0490,0.0405,0.0211,0.1036,0.0018,0.0301,0.0137,0.9502,0.9532,0.9752,0.9540,0.9504,0.9818,0.9615,1.0000,0.9543,1.0000,52.48,186.35,76.97,55.58,61.06,9.95,5.65,246.77,59.60,79.37,0.0000,0.0000,0.0000,0.0000,0.0000,0.0000,0.4608,0.0399,0.0000,0.0000,104304,74663,53998,54750,86225,66964,95775,572442,131417,91336,0,0,0,0,0,0,0,0,0,0,0.0000,0.0000,0.0000,0.0000,0.0000,0.0000,0.1380,0.1380,0.0000,0.0000,0,0,0,0,0,0,0,1,0,0,0,0,0,0,0,0,1,1,0,0,0.1159,0.0733,0.1271,0.0480,0.0823,0.0154,0.0782,0.1297,0.0097,0.1553,0.000,0.000,0.000,0.000,0.000,0.000,0.016,0.148,0.000,0.000,semi-presidential,parliamentary,parliamentary,parliamentary,parliamentary,semi-presidential,semi-presidential,electoral-authoritarian,electoral-authoritarian,parliamentary,0.800,0.800,0.800,0.800,0.800,0.800,0.800,0.500,0.500,0.800,57.5,66.0,62.0,72.1,61.0,63.5,80.0,63.5,78.9,66.6
2027-04-01,1.1839,1.0621,0.9905,1.0008,1.1442,1.0052,0.9998,1.0064,1.0037,1.0133,1.0105,1.0018,1.3885,1.0964,1.0265,1.0356,1.1682,1.0596,1.0019,1.0083,1.0926,1.0406,1.0122,1.0019,3402.89,5130.52,4054.44,2554.69,1942.46,1089.00,207.58,2603.00,1676.16,543.54,1.1864,0.6429,1.0427,1.4064,1.0235,0.5342,1.1496,0.2019,0.2253,0.2197,0.6050,0.6389,0.5885,0.5273,0.5910,0.7207,0.5026,0.6943,0.6583,0.7281,0.0173,0.0157,0.0290,0.0207,0.0232,0.0048,0.0985,0.0041,0.0168,0.0108,0.9765,0.9765,0.9888,0.9754,0.9763,1.0000,0.9645,1.0000,0.9706,1.0000,56.87,197.97,83.84,59.68,66.72,10.64,6.07,266.14,64.13,86.66,0.0000,0.0000,0.0000,0.0000,0.0000,0.0000,0.4602,0.0409,0.0000,0.0000,104304,74663,53998,54750,86225,66964,95775,572442,131417,91336,0,0,0,0,0,0,0,0,0,0,0.0000,0.0000,0.0000,0.0000,0.0000,0.0000,0.1472,0.1172,0.0000,0.0000,0,0,0,0,0,0,0,1,0,0,0,0,0,0,0,0,1,1,0,0,0.1178,0.0731,0.1253,0.0477,0.0801,0.0140,0.0749,0.1250,0.0080,0.1536,0.000,0.000,0.000,0.000,0.000,0.000,0.012,0.151,0.000,0.000,semi-presidential,parliamentary,parliamentary,parliamentary,parliamentary,semi-presidential,semi-presidential,electoral-authoritarian,electoral-authoritarian,parliamentary,0.800,0.800,0.800,0.800,0.800,0.800,0.800,0.500,0.500,0.800,61.9,68.4,64.2,75.0,63.8,66.6,82.0,66.7,82.5,69.5
2027-05-01,1.1862,1.0599,0.9894,0.9996,1.1394,1.0025,0.9972,1.0063,1.0059,1.0132,1.0073,1.0008,1.2902,1.0941,1.0265,1.0383,1.1644,1.0579,0.9991,1.0081,1.0575,1.0165,1.0097,1.0012,3405.23,5125.25,4068.41,2553.63,1945.98,1094.20,207.41,2610.74,1680.92,546.08,1.1865,0.6448,1.0400,1.4081,1.0238,0.5298,1.1557,0.2032,0.2247,0.2027,0.6070,0.6551,0.6058,0.5540,0.6005,0.7317,0.4893,0.6958,0.6636,0.7397,0.0114,0.0108,0.0249,0.0175,0.0163,0.0000,0.0923,0.0025,0.0124,0.0100,0.9765,0.9763,0.9888,0.9751,0.9762,1.0000,0.9667,1.0000,0.9702,1.0000,58.67,200.45,84.77,60.72,68.45,10.97,6.19,270.83,65.14,91.15,0.0000,0.0000,0.0000,0.0000,0.0000,0.0000,0.4602,0.0424,0.0000,0.0000,104304,74663,53998,54750,86225,66964,95775,572442,131417,91336,0,0,0,0,0,0,0,0,0,0,0.0000,0.0000,0.0000,0.0000,0.0000,0.0000,0.1587,0.1287,0.0000,0.0000,0,0,0,0,0,0,0,1,0,0,0,0,0,0,0,0,1,1,0,0,0.1331,0.0791,0.1431,0.0537,0.0913,0.0133,0.0748,0.1189,0.0082,0.1540,0.000,0.000,0.000,0.000,0.000,0.000,0.009,0.152,0.000,0.000,semi-presidential,parliamentary,parliamentary,parliamentary,parliamentary,semi-presidential,semi-presidential,electoral-authoritarian,electoral-authoritarian,parliamentary,0.800,0.800,0.800,0.800,0.800,0.800,0.800,0.500,0.500,0.800,30.0,70.9,66.4,78.0,66.6,69.8,84.4,70.6,86.2,72.4
2027-06-01,1.1839,1.0557,0.9868,0.9986,1.1634,0.9992,0.9958,1.0150,1.0296,1.0114,1.0019,1.0014,1.2873,1.0894,1.0240,0.9989,1.3034,1.0535,1.0184,1.4092,1.6560,1.0154,1.0049,1.0016,3410.06,5130.67,4081.34,2557.63,1954.63,1096.49,206.73,2617.62,1683.68,547.21,1.1856,0.6500,1.0424,1.4101,1.0231,0.5302,1.1603,0.2041,0.2245,0.1863,0.6092,0.6817,0.6254,0.5793,0.6219,0.7616,0.4714,0.6902,0.6679,0.6790,0.0291,0.0102,0.0486,0.0398,0.0685,0.0000,0.1239,0.0300,0.0344,0.0964,0.9773,0.9770,0.9892,0.9760,0.9772,1.0000,0.9678,1.0000,0.9710,1.0000,56.91,187.18,82.21,58.86,65.66,10.35,5.88,263.15,61.74,91.95,0.0000,0.0000,0.0000,0.0000,0.0000,0.0000,0.4602,0.0424,0.0000,0.0000,104304,74663,53998,54750,86225,66964,95775,572442,131417,91336,0,0,0,0,0,0,0,0,0,0,0.0000,0.0000,0.0000,0.0000,0.0000,0.0000,0.1679,0.1379,0.0000,0.0000,0,0,0,0,0,0,0,1,0,0,0,0,0,0,0,0,1,1,0,0,0.1269,0.0787,0.1361,0.0521,0.0867,0.0157,0.0847,0.1163,0.0087,0.1512,0.000,0.000,0.000,0.000,0.000,0.000,0.008,0.152,0.000,0.000,semi-presidential,parliamentary,parliamentary,parliamentary,parliamentary,semi-presidential,semi-presidential,electoral-authoritarian,electoral-authoritarian,parliamentary,0.800,0.800,0.800,0.800,0.800,0.800,0.800,0.500,0.500,0.800,32.3,73.5,68.6,67.9,69.0,73.2,86.3,73.9,89.9,75.2
2027-07-01,1.1803,1.0497,0.9841,0.9970,1.2015,0.9975,0.9975,1.0253,1.0506,1.0086,0.9959,1.0009,1.2754,1.0836,1.0215,1.0324,1.3142,1.0514,1.0599,1.2280,1.4379,1.0116,0.9978,1.0009,3415.35,5136.93,4080.01,2561.61,1949.57,1100.09,206.39,2624.73,1691.40,547.87,1.1846,0.6499,1.0432,1.4086,1.0285,0.5269,1.1660,0.2051,0.2235,0.1702,0.6194,0.6876,0.6130,0.5810,0.6105,0.7587,0.4268,0.6815,0.6698,0.6657,0.0220,0.0102,0.0490,0.0324,0.0500,0.0000,0.1054,0.0180,0.0247,0.0674,0.9773,0.9770,0.9892,0.9760,0.9773,1.0000,0.9673,1.0000,0.9711,1.0000,60.26,211.50,92.60,61.12,69.23,12.79,6.29,267.71,66.93,93.61,0.0000,0.0000,0.0000,0.0000,0.0000,0.0000,0.4602,0.0425,0.0000,0.0000,104304,74663,53998,54750,86225,66964,95775,572442,131417,91336,0,0,0,0,0,0,0,0,0,0,0.0000,0.0000,0.0000,0.0000,0.0000,0.0000,0.1771,0.1471,0.0000,0.0000,0,0,0,0,0,0,0,1,0,0,0,0,0,0,0,0,1,1,0,0,0.1212,0.0774,0.1285,0.0534,0.0857,0.0170,0.0861,0.1145,0.0081,0.1509,0.000,0.000,0.000,0.000,0.000,0.000,0.005,0.153,0.000,0.000,semi-presidential,parliamentary,parliamentary,parliamentary,parliamentary,semi-presidential,semi-presidential,electoral-authoritarian,electoral-authoritarian,parliamentary,0.800,0.800,0.800,0.800,0.800,0.800,0.843,0.500,0.500,0.800,35.0,76.2,70.9,71.2,68.3,76.5,88.0,77.0,93.6,77.8
2027-08-01,1.1715,1.0437,0.9831,0.9957,1.2249,0.9967,0.9993,1.0275,1.0556,1.0088,0.9924,1.0015,1.2579,1.0749,1.0224,1.0237,1.3022,1.0503,1.0172,1.0298,1.0794,1.0143,0.9946,1.0019,3426.91,5157.57,4087.20,2564.28,1959.50,1103.31,206.42,2639.36,1699.86,549.42,1.1814,0.6527,1.0416,1.4079,1.0251,0.5236,1.1664,0.2058,0.2225,0.1538,0.6324,0.6950,0.6282,0.5984,0.6186,0.7509,0.4723,0.6964,0.6765,0.6775,0.0113,0.0097,0.0248,0.0227,0.0249,0.0000,0.0734,0.0016,0.0104,0.0282,0.9787,0.9784,0.9898,0.9775,0.9788,1.0000,0.9672,1.0000,0.9728,1.0000,59.76,214.43,91.43,60.87,69.70,13.45,6.42,262.23,67.47,94.04,0.0000,0.0000,0.0000,0.0000,0.0000,0.0000,0.4604,0.0422,0.0000,0.0000,104304,74663,53998,54750,86225,66964,95775,572442,131417,91336,0,0,0,0,0,0,0,0,0,0,0.0000,0.0000,0.0000,0.0000,0.0000,0.0000,0.1886,0.1586,0.0000,0.0000,0,0,0,0,0,0,0,1,0,0,0,0,0,0,0,0,1,1,0,0,0.1345,0.0836,0.1437,0.0599,0.0958,0.0180,0.0896,0.1126,0.0096,0.1494,0.000,0.000,0.000,0.000,0.000,0.000,0.003,0.152,0.000,0.000,semi-presidential,parliamentary,parliamentary,parliamentary,parliamentary,semi-presidential,semi-presidential,electoral-authoritarian,electoral-authoritarian,parliamentary,0.800,0.800,0.800,0.800,0.800,0.800,0.832,0.500,0.500,0.800,37.8,78.9,73.2,74.5,30.0,79.8,90.1,80.9,97.3,80.5
2027-09-01,1.1589,1.0386,0.9840,0.9944,1.2336,0.9963,0.9993,1.0249,1.0521,1.0099,0.9900,1.0004,1.2401,1.0697,1.0810,0.9948,1.2718,1.0485,1.0009,1.0273,1.0697,1.0380,0.9916,1.0007,3427.42,5161.22,4095.92,2568.13,1959.65,1108.23,206.59,2642.38,1704.61,551.04,1.1820,0.6525,1.0393,1.4066,1.0258,0.5194,1.1657,0.2072,0.2250,0.1376,0.6292,0.7021,0.6527,0.6085,0.6209,0.7504,0.5000,0.6750,0.6851,0.7052,0.0144,0.0113,0.0132,0.0205,0.0208,0.0000,0.0600,0.0014,0.0121,0.0144,0.9789,0.9787,0.9899,0.9777,0.9789,1.0000,0.9659,1.0000,0.9732,1.0000,57.95,210.65,89.51,59.61,67.78,13.42,6.28,253.48,65.52,93.90,0.0000,0.0000,0.0000,0.0000,0.0000,0.0000,0.4593,0.0399,0.0000,0.0000,104304,74663,53998,54750,86225,66964,95775,572442,131417,91336,0,0,0,0,0,0,0,0,0,0,0.0000,0.0000,0.0000,0.0000,0.0000,0.0000,0.1978,0.1678,0.0000,0.0000,0,0,0,0,0,0,0,1,0,0,0,0,0,0,0,0,1,1,0,0,0.1169,0.0757,0.1236,0.0515,0.0823,0.0173,0.0878,0.1090,0.0081,0.1492,0.000,0.000,0.000,0.000,0.000,0.000,0.001,0.153,0.000,0.000,semi-presidential,parliamentary,parliamentary,parliamentary,parliamentary,semi-presidential,semi-presidential,electoral-authoritarian,electoral-authoritarian,parliamentary,0.800,0.800,0.800,0.800,0.800,0.800,0.822,0.500,0.500,0.800,40.7,81.7,75.6,78.7,32.7,83.1,92.0,83.9,100.0,83.2
2027-10-01,1.1433,1.0354,0.9864,0.9947,1.2316,0.9968,1.0007,1.0217,1.0492,1.0118,0.9890,1.0006,1.2221,1.0680,1.1300,1.0493,1.2549,1.0496,1.0422,1.0238,1.0665,1.0251,1.0020,1.0011,3441.53,5178.58,4092.79,2569.50,1966.44,1111.69,206.87,2647.25,1710.66,552.56,1.1779,0.6504,1.0400,1.4066,1.0229,0.5156,1.1693,0.2089,0.2292,0.1216,0.6335,0.7049,0.6499,0.6139,0.6294,0.7524,0.5432,0.6824,0.7318,0.7191,0.0196,0.0149,0.0329,0.0269,0.0223,0.0000,0.0713,0.0015,0.0175,0.0125,0.9771,0.9770,0.9890,0.9758,0.9769,1.0000,0.9642,1.0000,0.9711,1.0000,57.23,206.52,87.71,56.84,65.34,13.22,5.94,249.43,64.38,92.19,0.0000,0.0000,0.0000,0.0000,0.0000,0.0000,0.4593,0.0418,0.0000,0.0000,104304,74663,53998,54750,86225,66964,95775,572442,131417,91336,0,0,0,0,0,0,0,0,0,0,0.0000,0.0000,0.0000,0.0000,0.0000,0.0000,0.2093,0.1793,0.0000,0.0000,0,0,0,0,0,0,0,1,0,0,0,0,0,0,0,0,1,1,0,0,0.1345,0.0814,0.1429,0.0574,0.0959,0.0201,0.0826,0.1068,0.0085,0.1502,0.000,0.000,0.000,0.000,0.000,0.000,0.000,0.153,0.000,0.000,semi-presidential,parliamentary,parliamentary,parliamentary,parliamentary,semi-presidential,semi-presidential,electoral-authoritarian,electoral-authoritarian,parliamentary,0.800,0.800,0.800,0.800,0.800,0.800,0.811,0.500,0.500,0.800,43.5,74.4,78.0,100.0,35.4,87.1,94.6,87.8,100.0,86.1
2027-11-01,1.1277,1.0317,0.9880,0.9964,1.2254,0.9964,1.0015,1.0186,1.0420,1.0142,0.9924,1.0010,1.2030,1.0626,1.0229,1.0521,1.2483,1.0486,1.0263,1.0211,1.0595,1.0635,1.1103,1.0014,3449.01,5190.69,4098.97,2565.60,1969.03,1114.89,206.74,2648.53,1716.63,553.93,1.1761,0.6488,1.0383,1.4090,1.0219,0.5129,1.1698,0.2105,0.2285,0.1058,0.6386,0.7150,0.6450,0.5718,0.6405,0.7592,0.5392,0.6732,0.7159,0.7207,0.0142,0.0113,0.0286,0.0226,0.0160,0.0000,0.0736,0.0020,0.0099,0.0142,0.9787,0.9785,0.9898,0.9775,0.9786,1.0000,0.9645,1.0000,0.9730,1.0000,56.32,203.18,85.44,55.10,64.07,12.96,5.82,246.24,63.64,91.27,0.0000,0.0000,0.0000,0.0000,0.0000,0.0000,0.4596,0.0397,0.0000,0.0000,104304,74663,53998,54750,86225,66964,95775,572442,131417,91336,0,0,0,0,0,0,0,0,0,0,0.0000,0.0000,0.0000,0.0000,0.0000,0.0000,0.2185,0.1885,0.0000,0.0000,0,0,0,0,0,0,0,1,0,0,0,0,0,0,0,0,1,1,0,0,0.1344,0.0810,0.1432,0.0570,0.0965,0.0195,0.0779,0.1051,0.0087,0.1496,0.000,0.000,0.000,0.000,0.000,0.000,0.000,0.153,0.000,0.000,semi-presidential,parliamentary,parliamentary,parliamentary,parliamentary,semi-presidential,semi-presidential,electoral-authoritarian,electoral-authoritarian,parliamentary,0.800,0.800,0.800,0.847,0.800,0.800,0.802,0.500,0.500,0.800,46.4,76.3,80.4,100.0,38.2,30.0,96.8,90.9,100.0,88.9
2027-12-01,1.1117,1.0272,0.9863,0.9990,1.2139,0.9964,1.0028,1.0160,1.0349,1.0156,0.9961,1.0008,1.1897,1.0594,1.0237,1.0624,1.2381,1.0496,1.0088,1.0179,1.0508,1.0453,1.0579,1.0010,3460.99,5190.52,4102.36,2562.81,1964.21,1120.49,206.60,2654.01,1726.47,555.40,1.1728,0.6486,1.0375,1.4113,1.0245,0.5081,1.1703,0.2149,0.2273,0.0901,0.6451,0.7156,0.6408,0.5914,0.6563,0.7547,0.5300,0.6363,0.7163,0.7200,0.0124,0.0128,0.0251,0.0273,0.0149,0.0000,0.0685,0.0016,0.0101,0.0109,0.9780,0.9777,0.9894,0.9767,0.9780,1.0000,0.9647,1.0000,0.9720,1.0000,55.12,197.79,81.96,54.39,62.16,12.63,5.66,241.22,62.43,90.08,0.0000,0.0000,0.0000,0.0000,0.0000,0.0000,0.4593,0.0424,0.0000,0.0000,104304,74663,53998,54750,86225,66964,95775,572442,131417,91336,0,0,0,0,0,0,0,0,0,0,0.0000,0.0000,0.0000,0.0000,0.0000,0.0000,0.2277,0.1977,0.0000,0.0000,0,0,0,0,0,0,0,1,0,0,0,0,0,0,0,0,1,1,0,0,0.1338,0.0857,0.1432,0.0565,0.0967,0.0183,0.0705,0.1047,0.0084,0.1481,0.000,0.000,0.000,0.000,0.000,0.000,0.000,0.149,0.000,0.000,semi-presidential,parliamentary,parliamentary,parliamentary,parliamentary,semi-presidential,semi-presidential,electoral-authoritarian,electoral-authoritarian,parliamentary,0.800,0.800,0.800,0.837,0.800,0.800,0.800,0.500,0.500,0.800,49.2,79.2,82.8,100.0,41.1,33.2,98.9,93.7,100.0,91.7
2028-01-01,1.0999,1.0224,0.9826,0.9983,1.2006,0.9985,1.0020,1.0109,1.0278,1.0166,0.9975,0.9997,1.1788,1.0537,1.0181,0.9984,1.2259,1.0554,1.0039,1.0134,1.0442,1.0436,1.0335,0.9999,3458.70,5195.46,4119.94,2564.87,1968.85,1126.42,206.43,2660.92,1731.02,555.27,1.1740,0.6479,1.0331,1.4108,1.0220,0.5033,1.1712,0.2167,0.2268,0.0748,0.6366,0.7156,0.6479,0.5993,0.6581,0.7494,0.5087,0.6413,0.6975,0.7239,0.0116,0.0097,0.0097,0.0143,0.0145,0.0001,0.0598,0.0015,0.0102,0.0097,0.9781,0.9778,0.9894,0.9768,0.9781,1.0000,0.9644,1.0000,0.9721,1.0000,55.20,200.48,84.03,56.58,64.74,11.95,5.99,247.10,63.47,89.70,0.0000,0.0000,0.0000,0.0000,0.0000,0.0000,0.4591,0.0405,0.0000,0.0000,104304,74663,53998,54750,86225,66964,95775,572442,131417,91336,0,0,0,0,0,0,0,0,0,0,0.0000,0.0000,0.0000,0.0000,0.0000,0.0000,0.2392,0.2092,0.0000,0.0000,0,0,0,0,0,0,0,1,0,0,0,0,0,0,0,0,1,1,0,0,0.1160,0.0787,0.1248,0.0507,0.0830,0.0167,0.0686,0.1056,0.0070,0.1427,0.000,0.000,0.000,0.000,0.000,0.000,0.000,0.150,0.000,0.000,semi-presidential,parliamentary,parliamentary,parliamentary,parliamentary,semi-presidential,semi-presidential,electoral-authoritarian,electoral-authoritarian,parliamentary,0.800,0.800,0.800,0.827,0.800,0.800,0.800,0.500,0.500,0.800,52.1,82.0,85.2,100.0,43.9,36.3,100.0,97.3,100.0,94.6
2028-02-01,1.0917,1.0164,0.9829,0.9949,1.1842,1.0009,1.0001,1.0075,1.0213,1.0179,0.9994,0.9986,1.1721,1.0475,1.0234,0.9954,1.2082,1.1048,1.0019,1.0093,1.0363,1.0461,1.0479,0.9988,3460.73,5213.63,4106.88,2571.47,1971.56,1128.30,206.20,2667.77,1738.97,556.82,1.1735,0.6455,1.0364,1.4076,1.0204,0.5003,1.1725,0.2181,0.2258,0.0584,0.6132,0.7106,0.6389,0.6025,0.6597,0.7461,0.4972,0.6398,0.6850,0.7129,0.0133,0.0108,0.0113,0.0156,0.0158,0.0007,0.0612,0.0015,0.0106,0.0103,0.9785,0.9782,0.9896,0.9773,0.9786,1.0000,0.9643,1.0000,0.9726,1.0000,54.99,198.44,82.04,56.34,64.66,11.45,6.03,248.52,63.47,89.09,0.0000,0.0000,0.0000,0.0000,0.0000,0.0000,0.4595,0.0404,0.0000,0.0000,104304,74663,53998,54750,86225,66964,95775,572442,131417,91336,0,0,0,0,0,0,0,0,0,0,0.0000,0.0000,0.0000,0.0000,0.0000,0.0000,0.2484,0.2184,0.0000,0.0000,0,0,0,0,0,0,0,1,0,0,0,0,0,0,0,0,1,1,0,0,0.1240,0.0853,0.1348,0.0539,0.0894,0.0151,0.0619,0.1052,0.0065,0.1417,0.000,0.000,0.000,0.000,0.000,0.000,0.000,0.151,0.000,0.000,semi-presidential,parliamentary,parliamentary,parliamentary,parliamentary,semi-presidential,semi-presidential,electoral-authoritarian,electoral-authoritarian,parliamentary,0.830,0.800,0.833,0.817,0.800,0.800,0.800,0.500,0.500,0.800,44.8,84.8,74.2,100.0,46.8,39.4,100.0,100.0,100.0,98.2
2028-03-01,1.0826,1.0115,0.9839,0.9917,1.1643,1.0042,0.9972,1.0058,1.0163,1.0182,1.0017,0.9986,1.1621,1.0432,1.0555,0.9919,1.1896,1.0927,0.9993,1.0077,1.0312,1.0369,1.0389,0.9989,3468.24,5219.07,4100.14,2562.96,1981.69,1134.27,205.27,2671.45,1745.09,558.57,1.1709,0.6448,1.0381,1.4125,1.0151,0.4956,1.1779,0.2197,0.2251,0.0432,0.6157,0.7184,0.6469,0.5972,0.6626,0.7446,0.4942,0.6564,0.6660,0.7135,0.0148,0.0116,0.0128,0.0176,0.0176,0.0005,0.0586,0.0014,0.0118,0.0107,0.9780,0.9776,0.9894,0.9767,0.9781,1.0000,0.9636,1.0000,0.9719,1.0000,53.88,195.90,80.77,55.17,63.45,11.27,6.00,243.42,62.47,88.41,0.0000,0.0000,0.0000,0.0000,0.0000,0.0000,0.4597,0.0415,0.0000,0.0000,104304,74663,53998,54750,86225,66964,95775,572442,131417,91336,0,0,0,0,0,0,0,0,0,0,0.0000,0.0000,0.0000,0.0000,0.0000,0.0000,0.2576,0.2276,0.0000,0.0000,0,0,0,0,0,0,0,1,0,0,0,0,0,0,0,0,1,1,0,0,0.1291,0.0873,0.1411,0.0560,0.0930,0.0137,0.0539,0.1018,0.0061,0.1403,0.000,0.000,0.000,0.000,0.000,0.000,0.000,0.152,0.000,0.000,semi-presidential,parliamentary,parliamentary,parliamentary,parliamentary,semi-presidential,semi-presidential,electoral-authoritarian,electoral-authoritarian,parliamentary,0.820,0.800,0.824,0.807,0.800,0.800,0.800,0.500,0.500,0.800,47.5,87.6,76.6,100.0,49.7,42.5,100.0,100.0,100.0,100.0
2028-04-01,1.0718,1.0060,0.9859,0.9924,1.1431,1.0070,0.9950,1.0052,1.0135,1.0208,1.0029,0.9994,1.1450,1.0350,1.0961,1.0503,1.1700,1.0887,0.9964,1.0407,1.0270,1.0746,1.0217,0.9997,3479.79,5233.98,4109.34,2564.48,1988.77,1137.58,204.73,2672.24,1753.65,558.82,1.1671,0.6430,1.0358,1.4115,1.0113,0.4920,1.1811,0.2222,0.2241,0.0282,0.6203,0.7359,0.6426,0.6006,0.6630,0.7439,0.4680,0.6290,0.6680,0.7126,0.0179,0.0144,0.0315,0.0288,0.0203,0.0004,0.0717,0.0015,0.0146,0.0127,0.9796,0.9792,0.9902,0.9784,0.9798,1.0000,0.9636,1.0000,0.9739,1.0000,53.39,191.94,78.84,53.27,61.23,11.20,5.60,239.72,61.54,87.01,0.0000,0.0000,0.0000,0.0000,0.0000,0.0000,0.4602,0.0391,0.0000,0.0000,104304,74663,53998,54750,86225,66964,95775,572442,131417,91336,0,0,0,0,0,0,0,0,0,0,0.0000,0.0000,0.0000,0.0000,0.0000,0.0000,0.2691,0.2391,0.0000,0.0000,0,0,0,0,0,0,0,1,0,0,0,0,0,0,0,0,1,1,0,0,0.1312,0.0869,0.1419,0.0554,0.0952,0.0179,0.0555,0.1021,0.0104,0.1429,0.000,0.000,0.000,0.000,0.000,0.000,0.000,0.151,0.000,0.000,semi-presidential,parliamentary,parliamentary,parliamentary,parliamentary,semi-presidential,semi-presidential,electoral-authoritarian,electoral-authoritarian,parliamentary,0.810,0.800,0.814,0.800,0.800,0.800,0.800,0.500,0.500,0.800,50.2,90.6,78.9,100.0,52.6,45.6,100.0,100.0,100.0,100.0
2028-05-01,1.0628,1.0023,0.9881,0.9928,1.1223,1.0089,0.9970,1.0057,1.0102,1.0199,1.0031,1.0001,1.1412,1.0342,1.0829,1.0287,1.1460,1.0816,1.0803,1.0258,1.0252,1.0260,1.0361,1.0002,3495.66,5259.25,4100.47,2564.71,1989.38,1143.07,203.68,2673.97,1759.96,560.20,1.1618,0.6400,1.0381,1.4114,1.0102,0.4875,1.1873,0.2242,0.2234,0.0132,0.6239,0.7382,0.6353,0.6002,0.6684,0.7433,0.4550,0.6377,0.6668,0.7179,0.0195,0.0122,0.0328,0.0192,0.0214,0.0002,0.0743,0.0019,0.0143,0.0152,0.9772,0.9769,0.9890,0.9759,0.9772,1.0000,0.9621,1.0000,0.9711,1.0000,53.83,196.71,83.80,54.97,62.97,11.21,5.85,243.49,62.28,87.22,0.0000,0.0000,0.0000,0.0000,0.0000,0.0000,0.4585,0.0434,0.0000,0.0000,104304,74663,53998,54750,86225,66964,95775,572442,131417,91336,0,0,0,0,0,0,0,0,0,0,0.0000,0.0000,0.0000,0.0000,0.0000,0.0000,0.2783,0.2483,0.0000,0.0000,0,0,0,0,0,0,0,1,0,0,0,0,0,0,0,0,1,1,0,0,0.1314,0.0883,0.1432,0.0572,0.1014,0.0181,0.0537,0.1030,0.0107,0.1396,0.000,0.000,0.000,0.000,0.000,0.000,0.000,0.151,0.000,0.000,semi-presidential,parliamentary,parliamentary,parliamentary,parliamentary,semi-presidential,semi-presidential,electoral-authoritarian,electoral-authoritarian,parliamentary,0.801,0.800,0.809,0.800,0.800,0.800,0.800,0.500,0.500,0.800,52.9,93.5,80.1,100.0,55.6,48.7,100.0,100.0,100.0,100.0
2028-06-01,1.0548,0.9987,0.9891,0.9932,1.1001,1.0104,0.9991,1.0062,1.0078,1.0194,1.0055,1.0002,1.1346,1.0315,1.0275,1.0279,1.1259,1.0646,1.0290,1.0080,1.0220,1.0462,1.0505,1.0003,3497.89,5269.53,4104.05,2571.42,1994.87,1147.93,203.04,2675.05,1770.24,560.28,1.1611,0.6388,1.0372,1.4078,1.0068,0.4834,1.1912,0.2264,0.2222,-0.0016,0.6239,0.7473,0.6422,0.6042,0.6710,0.7397,0.4438,0.6272,0.6483,0.7111,0.0133,0.0105,0.0266,0.0164,0.0160,0.0000,0.0695,0.0016,0.0108,0.0113,0.9769,0.9765,0.9888,0.9756,0.9770,1.0000,0.9626,1.0000,0.9706,1.0000,53.61,195.91,83.48,54.37,62.84,11.35,5.79,243.41,62.18,86.62,0.0000,0.0000,0.0000,0.0000,0.0000,0.0000,0.4584,0.0436,0.0000,0.0000,104304,74663,53998,54750,86225,66964,95775,572442,131417,91336,0,0,0,0,0,0,0,0,0,0,0.0000,0.0000,0.0000,0.0000,0.0000,0.0000,0.2875,0.2575,0.0000,0.0000,0,0,0,0,0,0,0,1,0,0,0,0,0,0,0,0,1,1,0,0,0.1195,0.0824,0.1296,0.0517,0.0920,0.0173,0.0479,0.1016,0.0098,0.1394,0.000,0.000,0.000,0.000,0.000,0.000,0.000,0.152,0.000,0.000,semi-presidential,parliamentary,parliamentary,parliamentary,parliamentary,semi-presidential,semi-presidential,electoral-authoritarian,electoral-authoritarian,parliamentary,0.800,0.800,0.800,0.800,0.800,0.800,0.800,0.500,0.500,0.800,55.7,96.5,82.5,100.0,58.5,51.8,100.0,100.0,100.0,100.0
2028-07-01,1.0472,0.9959,0.9904,0.9919,1.0778,1.0102,0.9993,1.0034,1.0060,1.0218,1.0087,1.0004,1.1212,1.0276,1.0927,0.9920,1.1053,1.0631,1.0121,1.0057,1.0197,1.0545,1.1207,1.0005,3510.82,5281.41,4115.73,2582.43,2002.34,1150.44,202.24,2677.69,1773.23,561.45,1.1569,0.6375,1.0343,1.4018,1.0024,0.4802,1.1961,0.2291,0.2218,-0.0164,0.6296,0.7439,0.6338,0.6024,0.6879,0.7450,0.4390,0.6207,0.6621,0.7003,0.0189,0.0119,0.0176,0.0191,0.0211,0.0000,0.0615,0.0018,0.0130,0.0145,0.9772,0.9770,0.9889,0.9760,0.9771,1.0000,0.9606,1.0000,0.9713,1.0000,53.14,194.72,81.68,54.80,62.78,11.07,5.56,243.27,62.21,86.36,0.0000,0.0000,0.0000,0.0000,0.0000,0.0000,0.4586,0.0413,0.0000,0.0000,104304,74663,53998,54750,86225,66964,95775,572442,131417,91336,0,0,0,0,0,0,0,0,0,0,0.0000,0.0000,0.0000,0.0000,0.0000,0.0000,0.2990,0.2690,0.0000,0.0000,0,0,0,0,0,0,0,1,0,0,0,0,0,0,0,0,1,1,0,0,0.1290,0.0848,0.1354,0.0598,0.0957,0.0170,0.0447,0.1017,0.0101,0.1365,0.000,0.000,0.000,0.000,0.000,0.000,0.000,0.152,0.000,0.000,semi-presidential,parliamentary,parliamentary,parliamentary,parliamentary,semi-presidential,semi-presidential,electoral-authoritarian,electoral-authoritarian,parliamentary,0.800,0.800,0.800,0.800,0.800,0.800,0.800,0.500,0.500,0.800,58.5,99.5,86.4,100.0,61.6,54.9,100.0,100.0,100.0,100.0
2028-08-01,1.0397,0.9942,0.9914,0.9898,1.0551,1.0104,0.9984,1.0002,1.0047,1.0238,1.0120,1.0009,1.1169,1.0273,1.0637,1.0230,1.0791,1.0630,1.0001,1.0018,1.0180,1.0514,1.1335,1.0010,3529.11,5296.57,4124.50,2582.78,2004.61,1154.43,201.10,2684.65,1778.29,561.95,1.1509,0.6358,1.0321,1.4066,1.0039,0.4765,1.2031,0.2309,0.2213,-0.0280,0.6348,0.7413,0.6399,0.6109,0.6958,0.7385,0.4301,0.6385,0.6673,0.6941,0.0171,0.0112,0.0306,0.0175,0.0194,0.0000,0.0714,0.0018,0.0127,0.0140,0.9761,0.9760,0.9884,0.9749,0.9759,1.0000,0.9601,1.0000,0.9701,1.0000,53.48,194.11,81.79,54.45,62.46,10.73,5.58,245.36,62.53,85.67,0.0000,0.0000,0.0000,0.0000,0.0000,0.0000,0.4586,0.0416,0.0000,0.0000,104304,74663,53998,54750,86225,66964,95775,572442,131417,91336,0,0,0,0,0,0,0,0,0,0,0.0000,0.0000,0.0000,0.0000,0.0000,0.0000,0.3082,0.2782,0.0000,0.0000,0,0,0,0,0,0,0,1,0,0,0,0,0,0,0,0,1,1,0,0,0.1374,0.0881,0.1440,0.0634,0.1019,0.0178,0.0487,0.1068,0.0111,0.1360,0.000,0.000,0.000,0.000,0.000,0.000,0.000,0.147,0.000,0.000,semi-presidential,parliamentary,parliamentary,parliamentary,parliamentary,semi-presidential,semi-presidential,electoral-authoritarian,electoral-authoritarian,parliamentary,0.800,0.800,0.800,0.800,0.800,0.800,0.800,0.500,0.500,0.800,61.3,100.0,88.7,100.0,64.7,57.9,100.0,100.0,100.0,100.0
2028-09-01,1.0333,0.9920,0.9909,0.9876,1.0360,1.0117,0.9967,0.9973,1.0051,1.0214,1.0162,1.0006,1.1126,1.0257,1.0292,0.9882,1.0613,1.0652,0.9986,0.9991,1.0579,1.0282,1.0868,1.0006,3541.32,5299.09,4132.42,2581.82,2011.20,1157.95,199.26,2697.06,1794.91,563.16,1.1470,0.6376,1.0302,1.4071,1.0002,0.4732,1.2185,0.2328,0.2194,-0.0426,0.6381,0.7422,0.6537,0.6275,0.7006,0.7497,0.3097,0.6412,0.6839,0.6867,0.0135,0.0104,0.0125,0.0159,0.0175,0.0000,0.0619,0.0030,0.0124,0.0123,0.9753,0.9752,0.9880,0.9741,0.9751,1.0000,0.9599,1.0000,0.9691,1.0000,53.82,192.98,79.01,54.22,63.00,10.46,5.72,248.16,63.39,85.37,0.0000,0.0000,0.0000,0.0000,0.0000,0.0000,0.4585,0.0433,0.0000,0.0000,104304,74663,53998,54750,86225,66964,95775,572442,131417,91336,0,0,0,0,0,0,0,0,0,0,0.0000,0.0000,0.0000,0.0000,0.0000,0.0000,0.3197,0.2897,0.0000,0.0000,0,0,0,0,0,0,0,1,0,0,0,0,0,0,0,0,1,1,0,0,0.1357,0.0871,0.1424,0.0623,0.1006,0.0175,0.0521,0.1124,0.0144,0.1349,0.000,0.000,0.000,0.000,0.000,0.000,0.000,0.142,0.000,0.000,semi-presidential,parliamentary,parliamentary,parliamentary,parliamentary,semi-presidential,semi-presidential,electoral-authoritarian,electoral-authoritarian,parliamentary,0.800,0.800,0.800,0.800,0.800,0.800,0.054,0.500,0.500,0.800,64.2,100.0,91.2,100.0,67.8,60.8,100.0,100.0,100.0,100.0
2028-10-01,1.0284,0.9896,0.9924,0.9869,1.0190,1.0106,0.9947,0.9957,1.0080,1.0201,1.0154,1.0001,1.1066,1.0223,1.0712,1.0226,1.0414,1.0635,0.9967,0.9973,1.0558,1.0268,1.0175,1.0001,3547.79,5310.31,4128.65,2592.34,2016.08,1163.17,197.66,2697.55,1798.81,563.83,1.1450,0.6363,1.0311,1.4046,0.9974,0.4690,1.2289,0.2351,0.2170,-0.0589,0.6429,0.7527,0.6516,0.6304,0.6936,0.7398,0.2874,0.6509,0.6962,0.6850,0.0140,0.0116,0.0278,0.0186,0.0186,0.0000,0.0708,0.0024,0.0146,0.0099,0.9762,0.9759,0.9884,0.9750,0.9763,1.0000,0.9614,1.0000,0.9701,1.0000,53.56,190.94,78.48,53.10,61.31,10.44,5.50,244.16,62.76,83.98,0.0000,0.0000,0.0000,0.0000,0.0000,0.0000,0.4585,0.0434,0.0000,0.0000,104304,74663,53998,54750,86225,66964,95775,572442,131417,91336,0,0,0,0,0,0,0,0,0,0,0.0000,0.0000,0.0000,0.0000,0.0000,0.0000,0.3289,0.2989,0.0000,0.0000,0,0,0,0,0,0,0,1,0,0,0,0,0,0,0,0,1,1,0,0,0.1280,0.0824,0.1330,0.0574,0.0941,0.0164,0.0487,0.1100,0.0132,0.1340,0.000,0.000,0.000,0.000,0.000,0.000,0.000,0.143,0.000,0.000,semi-presidential,parliamentary,parliamentary,parliamentary,parliamentary,semi-presidential,semi-presidential,electoral-authoritarian,electoral-authoritarian,parliamentary,0.800,0.800,0.800,0.800,0.800,0.800,0.063,0.500,0.500,0.800,67.0,100.0,93.6,100.0,70.9,63.8,100.0,100.0,100.0,100.0
2028-11-01,1.0221,0.9889,0.9946,0.9869,1.0029,1.0063,0.9926,0.9944,1.0092,1.0187,1.0135,0.9994,1.1012,1.0240,1.0330,1.0225,1.0265,1.0590,0.9943,0.9959,1.0229,1.0233,1.0175,0.9997,3560.87,5319.31,4138.35,2606.11,2016.73,1165.73,196.78,2694.13,1802.86,563.60,1.1409,0.6355,1.0288,1.3973,0.9967,0.4660,1.2349,0.2379,0.2166,-0.0734,0.6423,0.7489,0.6519,0.6369,0.6905,0.7386,0.2979,0.6490,0.6880,0.6860,0.0116,0.0106,0.0249,0.0166,0.0152,0.0000,0.0717,0.0011,0.0111,0.0084,0.9744,0.9744,0.9875,0.9732,0.9741,1.0000,0.9510,1.0000,0.9684,1.0000,54.13,192.97,79.75,53.52,62.29,10.26,5.49,249.34,63.71,83.43,0.0000,0.0000,0.0000,0.0000,0.0000,0.0000,0.4585,0.0435,0.0000,0.0000,104304,74663,53998,54750,86225,66964,95775,572442,131417,91336,0,0,0,0,0,0,0,0,0,0,0.0000,0.0000,0.0000,0.0000,0.0000,0.0000,0.3381,0.3081,0.0000,0.0000,0,0,0,0,0,0,0,1,0,0,0,0,0,0,0,0,1,1,0,0,0.1259,0.0813,0.1300,0.0560,0.0922,0.0163,0.0512,0.1121,0.0129,0.1343,0.000,0.000,0.000,0.000,0.000,0.000,0.000,0.143,0.000,0.000,semi-presidential,parliamentary,parliamentary,parliamentary,parliamentary,semi-presidential,semi-presidential,electoral-authoritarian,electoral-authoritarian,parliamentary,0.800,0.800,0.800,0.800,0.800,0.800,0.112,0.500,0.500,0.800,69.9,100.0,96.0,100.0,74.0,66.9,100.0,100.0,100.0,100.0
2028-12-01,1.0166,0.9882,0.9953,0.9870,0.9889,1.0048,0.9921,0.9942,1.0083,1.0159,1.0145,0.9990,1.0920,1.0211,1.1650,1.0299,1.0134,1.0567,1.0145,1.0039,1.0221,1.0206,1.0305,0.9991,3571.65,5328.55,4146.89,2604.49,2021.61,1169.90,195.73,2702.06,1813.75,562.79,1.1376,0.6347,1.0288,1.3984,0.9940,0.4623,1.2421,0.2402,0.2154,-0.0879,0.6433,0.7370,0.6538,0.6374,0.6875,0.7366,0.2854,0.6438,0.6594,0.6874,0.0217,0.0145,0.0352,0.0244,0.0247,0.0000,0.0701,0.0014,0.0205,0.0125,0.9759,0.9756,0.9883,0.9747,0.9759,1.0000,0.9612,1.0000,0.9698,1.0000,52.97,191.78,79.50,52.61,61.01,10.26,5.39,241.43,62.48,83.40,0.0000,0.0000,0.0000,0.0000,0.0000,0.0000,0.4584,0.0435,0.0000,0.0000,104304,74663,53998,54750,86225,66964,95775,572442,131417,91336,0,0,0,0,0,0,0,0,0,0,0.0000,0.0000,0.0000,0.0000,0.0000,0.0000,0.3096,0.3196,0.0000,0.0000,0,0,0,0,0,0,0,1,0,0,0,0,0,0,0,0,1,1,0,0,0.1296,0.0830,0.1343,0.0581,0.0950,0.0159,0.0546,0.1087,0.0180,0.1333,0.000,0.000,0.000,0.000,0.000,0.000,0.000,0.144,0.000,0.000,semi-presidential,parliamentary,parliamentary,parliamentary,parliamentary,semi-presidential,semi-presidential,electoral-authoritarian,electoral-authoritarian,parliamentary,0.800,0.800,0.800,0.800,0.800,0.800,0.124,0.500,0.500,0.800,72.7,100.0,98.5,100.0,77.0,70.0,100.0,100.0,100.0,100.0
2029-01-01,1.0089,0.9865,0.9970,0.9882,0.9780,1.0060,0.9945,0.9954,1.0069,1.0133,1.0140,0.9989,1.0826,1.0197,1.1105,1.0278,1.0000,1.0590,1.0554,1.0382,1.0203,1.0174,1.0409,0.9989,3581.20,5340.35,4137.34,2611.79,2030.29,1176.13,195.08,2709.62,1823.06,563.14,1.1347,0.6337,1.0313,1.3946,0.9896,0.4579,1.2467,0.2420,0.2144,-0.1022,0.6450,0.7336,0.6483,0.6374,0.6877,0.7357,0.3099,0.6551,0.6641,0.6793,0.0209,0.0133,0.0323,0.0232,0.0230,0.0000,0.0712,0.0020,0.0162,0.0156,0.9758,0.9755,0.9882,0.9746,0.9758,1.0000,0.9611,1.0000,0.9696,1.0000,52.16,189.90,78.21,51.97,59.87,10.39,5.23,237.18,61.62,83.00,0.0000,0.0000,0.0000,0.0000,0.0000,0.0000,0.4583,0.0436,0.0000,0.0000,104304,74663,53998,54750,86225,66964,95775,572442,131417,91336,0,0,0,0,0,0,0,0,0,0,0.0000,0.0000,0.0000,0.0000,0.0000,0.0000,0.3188,0.3288,0.0000,0.0000,0,0,0,0,0,0,0,1,0,0,0,0,0,0,0,0,1,1,0,0,0.1360,0.0855,0.1409,0.0604,0.0999,0.0169,0.0631,0.1086,0.0189,0.1338,0.000,0.000,0.000,0.000,0.000,0.000,0.000,0.145,0.000,0.000,semi-presidential,parliamentary,parliamentary,parliamentary,parliamentary,semi-presidential,semi-presidential,electoral-authoritarian,electoral-authoritarian,parliamentary,0.800,0.800,0.800,0.800,0.800,0.800,0.133,0.500,0.500,0.800,75.6,100.0,100.0,100.0,80.0,73.0,100.0,100.0,100.0,100.0
2029-02-01,1.0003,0.9849,0.9988,0.9889,0.9705,1.0065,0.9982,0.9975,1.0078,1.0124,1.0110,0.9989,1.0715,1.0174,1.0965,1.0208,0.9928,1.0580,1.0690,1.0179,1.0279,1.0169,1.0131,0.9991,3591.09,5363.54,4141.81,2613.42,2036.55,1177.95,193.70,2712.86,1834.45,563.96,1.1317,0.6312,1.0303,1.3939,0.9865,0.4552,1.2559,0.2443,0.2132,-0.1094,0.6457,0.7363,0.6426,0.6399,0.6881,0.7321,0.3370,0.6293,0.6625,0.6803,0.0181,0.0119,0.0294,0.0193,0.0209,0.0000,0.0699,0.0020,0.0149,0.0136,0.9763,0.9761,0.9884,0.9751,0.9762,1.0000,0.9605,1.0000,0.9704,1.0000,52.07,192.59,80.12,52.30,60.49,10.58,5.27,237.81,62.33,83.01,0.0000,0.0000,0.0000,0.0000,0.0000,0.0000,0.4584,0.0435,0.0000,0.0000,104304,74663,53998,54750,86225,66964,95775,572442,131417,91336,0,0,0,0,0,0,0,0,0,0,0.0000,0.0000,0.0000,0.0000,0.0000,0.0000,0.3280,0.3380,0.0000,0.0000,0,0,0,0,0,0,0,1,0,0,0,0,0,0,0,0,1,1,0,0,0.1370,0.0867,0.1423,0.0617,0.1005,0.0229,0.0655,0.1088,0.0192,0.1315,0.000,0.000,0.000,0.000,0.000,0.000,0.000,0.145,0.000,0.000,semi-presidential,parliamentary,parliamentary,parliamentary,parliamentary,semi-presidential,semi-presidential,electoral-authoritarian,electoral-authoritarian,parliamentary,0.800,0.800,0.800,0.800,0.800,0.800,0.142,0.500,0.500,0.800,78.5,100.0,100.0,100.0,83.1,76.0,100.0,100.0,100.0,100.0
2029-03-01,0.9924,0.9841,0.9997,0.9895,0.9686,1.0057,0.9989,0.9977,1.0076,1.0101,1.0053,1.0000,1.0649,1.0182,1.0656,1.0259,0.9899,1.0569,1.0004,0.9991,1.0211,1.0137,1.0071,1.0003,3609.64,5382.10,4145.52,2616.56,2044.19,1183.59,193.02,2721.45,1844.57,563.63,1.1259,0.6296,1.0295,1.3924,0.9829,0.4511,1.2605,0.2410,0.2121,-0.1171,0.6503,0.7307,0.6379,0.6402,0.6888,0.7306,0.3619,0.6278,0.6808,0.7008,0.0132,0.0126,0.0193,0.0241,0.0169,0.0000,0.0663,0.0011,0.0123,0.0088,0.9750,0.9749,0.9878,0.9738,0.9749,1.0000,0.9602,1.0000,0.9689,1.0000,52.61,192.30,80.10,52.59,60.13,10.63,5.14,240.86,62.63,81.99,0.0000,0.0000,0.0000,0.0000,0.0000,0.0000,0.4583,0.0436,0.0000,0.0000,104304,74663,53998,54750,86225,66964,95775,572442,131417,91336,0,0,0,0,0,0,0,0,0,0,0.0000,0.0000,0.0000,0.0000,0.0000,0.0000,0.3372,0.3472,0.0000,0.0000,0,0,0,0,0,0,0,1,0,0,0,0,0,0,0,0,1,1,0,0,0.1386,0.0870,0.1432,0.0618,0.1020,0.0244,0.0735,0.1119,0.0201,0.1334,0.000,0.000,0.000,0.000,0.000,0.000,0.000,0.144,0.000,0.000,semi-presidential,parliamentary,parliamentary,parliamentary,parliamentary,semi-presidential,semi-presidential,electoral-authoritarian,electoral-authoritarian,parliamentary,0.800,0.800,0.800,0.800,0.800,0.800,0.151,0.500,0.500,0.800,81.4,30.0,100.0,100.0,86.1,79.1,100.0,100.0,100.0,100.0
2029-04-01,0.9860,0.9851,1.0016,0.9919,0.9671,1.0058,0.9988,0.9967,1.0084,1.0084,1.0031,0.9995,1.0601,1.0858,1.0798,1.0496,0.9878,1.0570,1.0038,0.9980,1.0217,1.0108,1.0044,0.9996,3613.41,5400.45,4156.61,2619.71,2051.46,1188.80,192.73,2721.75,1853.35,563.67,1.1249,0.6275,1.0290,1.3908,0.9794,0.4471,1.2624,0.2469,0.2112,-0.1312,0.6539,0.7227,0.6493,0.6383,0.6878,0.7324,0.3192,0.6396,0.6935,0.6965,0.0227,0.0226,0.0262,0.0393,0.0262,0.0066,0.0684,0.0011,0.0182,0.0089,0.9141,0.9208,0.9553,0.9237,0.9149,0.9585,0.9475,1.0000,0.9294,1.0000,52.40,189.31,78.09,53.11,59.54,10.28,5.03,241.33,62.52,79.52,0.0000,0.0000,0.0000,0.0000,0.0000,0.0000,0.4582,0.0438,0.0000,0.0000,104304,74663,53998,54750,86225,66964,95775,572442,131417,91336,0,0,0,0,0,0,0,0,0,0,0.0000,0.0000,0.0000,0.0000,0.0000,0.0000,0.3487,0.3587,0.0000,0.0000,0,0,0,0,0,0,0,1,0,0,0,0,0,0,0,0,1,1,0,0,0.1268,0.0806,0.1302,0.0560,0.0926,0.0227,0.0701,0.1126,0.0181,0.1330,0.000,0.000,0.000,0.000,0.000,0.000,0.000,0.145,0.000,0.000,semi-presidential,parliamentary,parliamentary,parliamentary,parliamentary,semi-presidential,semi-presidential,electoral-authoritarian,electoral-authoritarian,parliamentary,0.790,0.800,0.800,0.800,0.800,0.800,0.163,0.500,0.500,0.800,84.2,33.0,100.0,100.0,89.2,82.1,100.0,100.0,100.0,100.0
2029-05-01,0.9831,0.9891,1.0016,0.9965,0.9676,1.0067,0.9997,0.9948,1.0069,1.0085,1.0048,0.9990,1.0596,1.0736,1.0390,1.0514,1.0026,1.0827,1.0588,0.9962,1.0197,1.0380,1.0524,0.9990,3621.05,5402.85,4152.88,2623.83,2052.84,1193.16,192.17,2724.10,1862.82,564.30,1.1226,0.6271,1.0303,1.3888,0.9788,0.4436,1.2661,0.2489,0.2102,-0.1453,0.6516,0.7105,0.6459,0.6278,0.6861,0.7342,0.3646,0.6499,0.7075,0.6951,0.0213,0.0195,0.0275,0.0390,0.0271,0.0054,0.0737,0.0017,0.0155,0.0165,0.9291,0.9341,0.9633,0.9360,0.9296,0.9689,0.9487,1.0000,0.9390,1.0000,53.19,189.91,77.85,54.60,60.44,9.99,5.04,246.83,63.43,79.71,0.0000,0.0000,0.0000,0.0000,0.0000,0.0000,0.4582,0.0423,0.0000,0.0000,104304,74663,53998,54750,86225,66964,95775,572442,131417,91336,0,0,0,0,0,0,0,0,0,0,0.0000,0.0000,0.0000,0.0000,0.0000,0.0000,0.3579,0.3679,0.0000,0.0000,0,0,0,0,0,0,0,1,0,0,0,0,0,0,0,0,1,1,0,0,0.1318,0.0826,0.1358,0.0581,0.0965,0.0227,0.0744,0.1151,0.0189,0.1330,0.000,0.000,0.000,0.000,0.000,0.000,0.000,0.146,0.000,0.000,semi-presidential,parliamentary,parliamentary,parliamentary,parliamentary,semi-presidential,semi-presidential,electoral-authoritarian,electoral-authoritarian,parliamentary,0.799,0.800,0.800,0.800,0.800,0.800,0.172,0.500,0.500,0.800,87.2,36.0,100.0,100.0,92.2,85.1,100.0,100.0,100.0,100.0
2029-06-01,0.9808,0.9914,1.0014,1.0007,0.9710,1.0097,1.0023,0.9927,1.0058,1.0095,1.0062,0.9981,1.0549,1.0591,1.0396,1.0536,1.0162,1.0999,1.0672,0.9940,1.0391,1.0307,1.0254,0.9982,3624.55,5405.02,4155.18,2627.83,2058.00,1197.12,191.59,2729.60,1870.98,563.94,1.1216,0.6266,1.0302,1.3868,0.9764,0.4402,1.2698,0.2510,0.2094,-0.1595,0.6484,0.7079,0.6493,0.6193,0.6742,0.7375,0.4042,0.6438,0.7061,0.6838,0.0186,0.0176,0.0268,0.0390,0.0274,0.0040,0.0727,0.0023,0.0147,0.0202,0.9449,0.9482,0.9717,0.9491,0.9452,0.9797,0.9498,1.0000,0.9495,1.0000,53.04,189.57,77.47,54.38,60.24,9.87,5.02,247.04,63.97,80.03,0.0000,0.0000,0.0000,0.0000,0.0000,0.0000,0.4583,0.0426,0.0000,0.0000,104304,74663,53998,54750,86225,66964,95775,572442,131417,91336,0,0,0,0,0,0,0,0,0,0,0.0000,0.0000,0.0000,0.0000,0.0000,0.0000,0.3694,0.3794,0.0000,0.0000,0,0,0,0,0,0,0,1,0,0,0,0,0,0,0,0,1,1,0,0,0.1229,0.0833,0.1259,0.0538,0.0895,0.0214,0.0732,0.1135,0.0174,0.1331,0.000,0.000,0.000,0.000,0.000,0.000,0.000,0.147,0.000,0.000,semi-presidential,parliamentary,parliamentary,parliamentary,parliamentary,semi-presidential,semi-presidential,electoral-authoritarian,electoral-authoritarian,parliamentary,0.800,0.800,0.800,0.800,0.800,0.800,0.184,0.500,0.500,0.800,90.0,38.9,100.0,100.0,95.2,88.2,100.0,100.0,100.0,100.0
2029-07-01,0.9773,0.9923,1.0002,1.0037,0.9731,1.0121,1.0032,0.9918,1.0052,1.0083,1.0077,0.9969,1.0533,1.0268,1.0389,1.0347,1.0069,1.0715,1.0050,0.9932,1.0185,1.0121,1.0094,0.9970,3622.84,5421.99,4150.62,2624.69,2063.01,1202.18,190.94,2738.16,1883.92,563.80,1.1252,0.6245,1.0317,1.3886,0.9740,0.4364,1.2742,0.2521,0.2080,-0.1737,0.6429,0.7117,0.6411,0.6197,0.6659,0.7439,0.4118,0.6472,0.7226,0.6836,0.0117,0.0119,0.0159,0.0258,0.0184,0.0001,0.0681,0.0011,0.0111,0.0118,0.9747,0.9746,0.9875,0.9735,0.9746,1.0000,0.9611,1.0000,0.9686,1.0000,53.42,192.28,78.63,54.05,61.42,10.07,5.14,249.79,64.89,81.31,0.0000,0.0000,0.0000,0.0000,0.0000,0.0000,0.4583,0.0436,0.0000,0.0000,104304,74663,53998,54750,86225,66964,95775,572442,131417,91336,0,0,0,0,0,0,0,0,0,0,0.0000,0.0000,0.0000,0.0000,0.0000,0.0000,0.3786,0.3886,0.0000,0.0000,0,0,0,0,0,0,0,1,0,0,0,0,0,0,0,0,1,1,0,0,0.1282,0.0861,0.1319,0.0559,0.0935,0.0215,0.0734,0.1131,0.0177,0.1329,0.000,0.000,0.000,0.000,0.000,0.000,0.000,0.148,0.000,0.000,semi-presidential,parliamentary,parliamentary,parliamentary,parliamentary,semi-presidential,semi-presidential,electoral-authoritarian,electoral-authoritarian,parliamentary,0.800,0.800,0.800,0.800,0.800,0.800,0.193,0.500,0.500,0.800,94.7,41.8,100.0,100.0,98.1,91.3,100.0,100.0,100.0,100.0
2029-08-01,0.9773,0.9929,0.9987,1.0047,0.9755,1.0152,1.0008,0.9904,1.0046,1.0073,1.0074,0.9980,1.0564,1.0569,1.0373,1.0302,1.0161,1.0812,1.0023,0.9917,1.0177,1.0113,1.0734,0.9984,3634.95,5436.23,4149.81,2626.63,2067.81,1207.44,190.43,2747.85,1897.45,564.47,1.1216,0.6229,1.0320,1.3877,0.9718,0.4327,1.2777,0.2530,0.2066,-0.1877,0.6432,0.7187,0.6443,0.6258,0.6593,0.7446,0.3893,0.6315,0.7124,0.6845,0.0177,0.0151,0.0219,0.0274,0.0252,0.0027,0.0755,0.0014,0.0139,0.0177,0.9480,0.9509,0.9733,0.9516,0.9482,0.9821,0.9501,1.0000,0.9513,1.0000,54.48,194.10,79.62,54.26,63.20,9.82,5.27,257.29,66.01,80.21,0.0000,0.0000,0.0000,0.0000,0.0000,0.0000,0.4584,0.0436,0.0000,0.0000,104304,74663,53998,54750,86225,66964,95775,572442,131417,91336,0,0,0,0,0,0,0,0,0,0,0.0000,0.0000,0.0000,0.0000,0.0000,0.0000,0.3878,0.3978,0.0000,0.0000,0,0,0,0,0,0,0,1,0,0,0,0,0,0,0,0,1,1,0,0,0.1363,0.0907,0.1412,0.0602,0.1000,0.0223,0.0750,0.1175,0.0188,0.1321,0.000,0.000,0.000,0.000,0.000,0.000,0.000,0.148,0.000,0.000,semi-presidential,parliamentary,parliamentary,parliamentary,parliamentary,semi-presidential,semi-presidential,electoral-authoritarian,electoral-authoritarian,parliamentary,0.800,0.800,0.800,0.800,0.800,0.800,0.202,0.500,0.500,0.800,97.5,44.8,100.0,100.0,100.0,94.4,100.0,100.0,100.0,100.0
2029-09-01,0.9815,0.9927,0.9978,1.0053,0.9785,1.0188,1.0000,0.9916,1.0032,1.0059,1.0077,1.0003,1.1963,1.0263,1.0365,1.0350,1.0177,1.0920,1.0016,1.0519,1.0166,1.0095,1.0095,1.0009,3646.24,5470.19,4159.27,2633.38,2075.04,1213.99,190.26,2761.32,1904.69,566.75,1.1182,0.6190,1.0300,1.3843,0.9684,0.4285,1.2789,0.2540,0.2059,-0.2110,0.6430,0.7262,0.6475,0.6237,0.6718,0.7451,0.3680,0.6224,0.7055,0.6941,0.0240,0.0205,0.0255,0.0338,0.0310,0.0076,0.0996,0.0016,0.0173,0.0184,0.9754,0.9752,0.9878,0.9742,0.9754,1.0000,0.9617,1.0000,0.9693,1.0000,53.29,193.47,79.83,53.37,62.57,9.88,5.27,251.57,65.69,80.42,0.0000,0.0000,0.0000,0.0000,0.0000,0.0000,0.4583,0.0437,0.0000,0.0000,104304,74663,53998,54750,86225,66964,95775,572442,131417,91336,0,0,0,0,0,0,0,0,0,0,0.0000,0.0000,0.0000,0.0000,0.0000,0.0000,0.3993,0.4093,0.0000,0.0000,0,0,0,0,0,0,0,1,0,0,0,0,0,0,0,0,1,1,0,0,0.1387,0.0926,0.1433,0.0620,0.1021,0.0240,0.0768,0.1226,0.0207,0.1331,0.000,0.000,0.000,0.000,0.000,0.000,0.000,0.142,0.000,0.000,semi-presidential,parliamentary,parliamentary,parliamentary,parliamentary,semi-presidential,semi-presidential,electoral-authoritarian,electoral-authoritarian,parliamentary,0.800,0.800,0.800,0.800,0.800,0.800,0.213,0.500,0.500,0.800,100.0,47.8,100.0,100.0,100.0,97.5,100.0,100.0,100.0,100.0
2029-10-01,0.9878,0.9921,0.9973,1.0048,0.9838,1.0215,0.9993,0.9924,0.9999,1.0032,1.0080,1.0016,1.2209,1.0262,1.0360,1.0197,1.0434,1.0987,1.0242,0.9937,1.0137,1.0070,1.0284,1.0018,3656.95,5489.63,4160.87,2637.80,2086.27,1219.81,190.19,2772.02,1914.82,565.69,1.1147,0.6169,1.0300,1.3820,0.9632,0.4247,1.2795,0.2548,0.2049,-0.2180,0.6399,0.7285,0.6409,0.6246,0.6707,0.7422,0.3443,0.6222,0.7066,0.6946,0.0236,0.0205,0.0262,0.0317,0.0354,0.0088,0.0985,0.0013,0.0183,0.0238,0.9750,0.9749,0.9876,0.9738,0.9750,1.0000,0.9614,1.0000,0.9689,1.0000,53.19,194.68,81.36,54.01,63.25,9.87,5.27,252.57,65.72,80.33,0.0000,0.0000,0.0000,0.0000,0.0000,0.0000,0.4583,0.0437,0.0000,0.0000,104304,74663,53998,54750,86225,66964,95775,572442,131417,91336,0,0,0,0,0,0,0,0,0,0,0.0000,0.0000,0.0000,0.0000,0.0000,0.0000,0.4085,0.4185,0.0000,0.0000,0,0,0,0,0,0,0,1,0,0,0,0,0,0,0,0,1,1,0,0,0.1386,0.0938,0.1445,0.0636,0.1024,0.0249,0.0783,0.1232,0.0213,0.1305,0.000,0.000,0.000,0.000,0.000,0.000,0.000,0.142,0.000,0.000,semi-presidential,parliamentary,parliamentary,parliamentary,parliamentary,semi-presidential,semi-presidential,electoral-authoritarian,electoral-authoritarian,parliamentary,0.800,0.800,0.800,0.800,0.800,0.800,0.223,0.500,0.500,0.800,100.0,50.9,100.0,100.0,100.0,100.0,100.0,100.0,100.0,30.0
2029-11-01,0.9936,0.9918,0.9944,1.0014,0.9870,1.0215,0.9995,0.9924,0.9964,1.0017,1.0081,1.0025,1.2779,1.0282,1.0333,1.0023,1.0167,1.0730,1.0459,0.9938,1.0092,1.0052,1.0123,1.0025,3670.91,5509.01,4164.40,2635.70,2093.09,1223.60,189.52,2770.55,1927.94,565.87,1.1104,0.6147,1.0293,1.3830,0.9601,0.4216,1.2842,0.2567,0.2036,-0.2323,0.6396,0.7353,0.6508,0.6283,0.6719,0.7459,0.3907,0.6262,0.7124,0.6873,0.0266,0.0232,0.0196,0.0289,0.0322,0.0117,0.0886,0.0013,0.0214,0.0125,0.9730,0.9731,0.9865,0.9720,0.9727,0.9994,0.9509,1.0000,0.9674,1.0000,52.81,193.77,80.54,53.93,63.20,9.81,5.24,252.44,65.93,79.52,0.0000,0.0000,0.0000,0.0000,0.0000,0.0000,0.4583,0.0436,0.0000,0.0000,104304,74663,53998,54750,86225,66964,95775,572442,131417,91336,0,0,0,0,0,0,0,0,0,0,0.0000,0.0000,0.0000,0.0000,0.0000,0.0000,0.4177,0.4277,0.0000,0.0000,0,0,0,0,0,0,0,1,0,0,0,0,0,0,0,0,1,1,0,0,0.1389,0.0944,0.1453,0.0642,0.1030,0.0291,0.0789,0.1249,0.0218,0.1303,0.000,0.000,0.000,0.000,0.000,0.000,0.000,0.142,0.000,0.000,semi-presidential,parliamentary,parliamentary,parliamentary,parliamentary,semi-presidential,semi-presidential,electoral-authoritarian,electoral-authoritarian,parliamentary,0.800,0.800,0.800,0.800,0.800,0.800,0.272,0.500,0.500,0.800,100.0,54.0,100.0,100.0,100.0,100.0,90.0,100.0,100.0,32.8
2029-12-01,0.9984,0.9940,0.9935,0.9959,0.9878,1.0235,1.0014,0.9914,0.9956,0.9988,1.0097,1.0020,1.1605,1.0704,1.0324,0.9961,1.0102,1.0750,1.0352,0.9929,1.0084,1.0014,1.0654,1.0021,3676.17,5526.00,4170.33,2647.63,2096.53,1228.64,189.80,2782.74,1938.21,565.95,1.1129,0.6129,1.0277,1.3766,0.9586,0.4181,1.2824,0.2577,0.2026,-0.2467,0.6369,0.7414,0.6622,0.6346,0.6735,0.7470,0.3574,0.6389,0.6982,0.6923,0.0250,0.0202,0.0188,0.0247,0.0283,0.0076,0.0876,0.0015,0.0179,0.0121,0.9366,0.9408,0.9673,0.9422,0.9370,0.9743,0.9529,1.0000,0.9439,1.0000,54.64,196.33,81.06,55.29,64.97,9.85,5.24,261.89,67.72,80.57,0.0000,0.0000,0.0000,0.0000,0.0000,0.0000,0.4582,0.0438,0.0000,0.0000,104304,74663,53998,54750,86225,66964,95775,572442,131417,91336,0,0,0,0,0,0,0,0,0,0,0.0000,0.0000,0.0000,0.0000,0.0000,0.0000,0.4292,0.4392,0.0000,0.0000,0,0,0,0,0,0,0,1,0,0,0,0,0,0,0,0,1,1,0,0,0.1287,0.0889,0.1341,0.0592,0.0950,0.0274,0.0779,0.1251,0.0201,0.1308,0.000,0.000,0.000,0.000,0.000,0.000,0.000,0.143,0.000,0.000,semi-presidential,parliamentary,parliamentary,parliamentary,parliamentary,semi-presidential,semi-presidential,electoral-authoritarian,electoral-authoritarian,parliamentary,0.800,0.800,0.800,0.800,0.800,0.800,0.283,0.500,0.500,0.840,100.0,57.1,100.0,100.0,100.0,100.0,92.2,100.0,100.0,25.6
2030-01-01,1.0030,0.9962,0.9939,0.9918,0.9894,1.0251,1.0047,0.9903,1.0034,0.9943,1.0126,1.0060,1.1484,1.0320,1.0629,0.9923,1.0158,1.0902,1.1065,0.9916,1.1618,0.9972,1.0964,1.0064,3677.82,5529.60,4167.75,2658.05,2108.78,1237.36,189.38,2790.18,1943.26,564.49,1.1124,0.6124,1.0283,1.3714,0.9531,0.4135,1.2854,0.2587,0.2022,-0.2603,0.6187,0.7422,0.6577,0.6291,0.6661,0.7524,0.3606,0.6700,0.6823,0.6752,0.0238,0.0158,0.0237,0.0242,0.0313,0.0032,0.0967,0.0079,0.0204,0.0222,0.9736,0.9737,0.9869,0.9725,0.9733,1.0000,0.9546,1.0000,0.9676,1.0000,55.91,199.18,81.26,56.16,66.19,10.05,5.27,267.32,69.31,82.04,0.0000,0.0000,0.0000,0.0000,0.0000,0.0000,0.4582,0.0438,0.0000,0.0000,104304,74663,53998,54750,86225,66964,95775,572442,131417,91336,0,0,0,0,0,0,0,0,0,0,0.0000,0.0000,0.0000,0.0000,0.0000,0.0000,0.4384,0.4484,0.0000,0.0000,0,0,0,0,0,0,0,1,0,0,0,0,0,0,0,0,1,1,0,0,0.1413,0.0966,0.1478,0.0663,0.1053,0.0310,0.0817,0.1292,0.0276,0.1313,0.000,0.000,0.000,0.000,0.000,0.000,0.000,0.141,0.000,0.000,semi-presidential,parliamentary,parliamentary,parliamentary,parliamentary,semi-presidential,semi-presidential,electoral-authoritarian,electoral-authoritarian,parliamentary,0.800,0.800,0.800,0.800,0.800,0.800,0.293,0.500,0.500,0.831,100.0,60.2,100.0,100.0,100.0,100.0,93.9,100.0,100.0,28.1
2030-02-01,1.0065,0.9995,0.9957,0.9899,0.9882,1.0255,1.0074,0.9906,1.0065,0.9898,1.0127,1.0062,1.1812,1.0821,1.1452,1.0115,1.0088,1.0775,1.0584,1.0247,1.0925,0.9922,1.0145,1.0063,3691.62,5549.73,4188.26,2667.78,2113.54,1245.84,189.16,2808.98,1954.16,564.04,1.1084,0.6102,1.0234,1.3665,0.9511,0.4090,1.2870,0.2591,0.2012,-0.2750,0.6285,0.7452,0.6882,0.6386,0.6679,0.7603,0.3654,0.7008,0.7011,0.6781,0.0346,0.0252,0.0348,0.0339,0.0392,0.0087,0.1035,0.0046,0.0279,0.0159,0.9312,0.9361,0.9646,0.9378,0.9317,0.9708,0.9536,1.0000,0.9405,1.0000,55.52,199.34,82.04,55.59,65.61,10.16,5.29,264.14,68.79,80.40,0.0000,0.0000,0.0000,0.0000,0.0000,0.0000,0.4582,0.0438,0.0000,0.0000,104304,74663,53998,54750,86225,66964,95775,572442,131417,91336,0,0,0,0,0,0,0,0,0,0,0.0000,0.0000,0.0000,0.0000,0.0000,0.0000,0.4499,0.4599,0.0000,0.0000,0,0,0,0,0,0,0,1,0,0,0,0,0,0,0,0,1,1,0,0,0.1430,0.0972,0.1476,0.0667,0.1060,0.0314,0.0790,0.1295,0.0278,0.1330,0.000,0.000,0.000,0.000,0.000,0.000,0.000,0.141,0.000,0.000,semi-presidential,parliamentary,parliamentary,parliamentary,parliamentary,semi-presidential,semi-presidential,electoral-authoritarian,electoral-authoritarian,parliamentary,0.800,0.800,0.780,0.800,0.800,0.800,0.304,0.500,0.500,0.821,100.0,63.3,100.0,100.0,100.0,100.0,96.1,100.0,100.0,30.8
2030-03-01,1.0096,1.0023,0.9950,0.9880,0.9870,1.0254,1.0087,0.9913,1.0090,0.9890,1.0106,1.0059,1.1258,1.1166,1.0341,1.0056,1.0075,1.0769,1.0102,1.0033,1.0905,0.9911,1.0126,1.0060,3700.62,5569.31,4188.26,2674.85,2120.46,1252.13,189.47,2821.11,1965.55,563.91,1.1058,0.6081,1.0234,1.3630,0.9479,0.4053,1.2850,0.2596,0.2001,-0.2896,0.6347,0.7427,0.6882,0.6455,0.6735,0.7603,0.3699,0.7087,0.7104,0.6796,0.0242,0.0213,0.0243,0.0264,0.0296,0.0083,0.0996,0.0039,0.0216,0.0105,0.9035,0.9110,0.9502,0.9142,0.9044,0.9504,0.9531,1.0000,0.9201,1.0000,56.83,202.10,83.32,56.42,66.97,10.35,5.33,270.38,70.02,80.72,0.0000,0.0000,0.0000,0.0000,0.0000,0.0000,0.4582,0.0438,0.0000,0.0000,104304,74663,53998,54750,86225,66964,95775,572442,131417,91336,0,0,0,0,0,0,0,0,0,0,0.0000,0.0000,0.0000,0.0000,0.0000,0.0000,0.4591,0.4691,0.0000,0.0000,0,0,0,0,0,0,0,1,0,0,0,0,0,0,0,0,1,1,0,0,0.1300,0.0907,0.1345,0.0606,0.0960,0.0296,0.0777,0.1270,0.0254,0.1328,0.000,0.000,0.000,0.000,0.000,0.000,0.000,0.141,0.000,0.000,semi-presidential,parliamentary,parliamentary,parliamentary,parliamentary,semi-presidential,semi-presidential,electoral-authoritarian,electoral-authoritarian,parliamentary,0.800,0.800,0.780,0.800,0.800,0.800,0.313,0.500,0.500,0.811,100.0,66.4,100.0,100.0,100.0,100.0,97.8,100.0,100.0,33.5
2030-04-01,1.0087,1.0080,0.9935,0.9854,0.9876,1.0273,1.0105,0.9929,1.0500,0.9909,1.0057,1.0046,1.0819,1.1522,1.0300,0.9858,1.0081,1.1206,1.0985,1.0768,1.7290,1.0352,1.0082,1.0047,3706.22,5579.61,4197.31,2685.17,2119.44,1260.48,188.74,2826.18,1973.24,565.17,1.1043,0.6070,1.0213,1.3578,0.9483,0.4010,1.2901,0.2605,0.1994,-0.3035,0.6351,0.7336,0.6779,0.6318,0.6548,0.7592,0.3823,0.6772,0.6991,0.6796,0.0316,0.0230,0.0336,0.0334,0.0512,0.0106,0.0902,0.0300,0.0468,0.0354,0.8801,0.8885,0.9384,0.8916,0.8810,0.9285,0.9532,1.0000,0.8961,1.0000,52.66,174.38,75.42,52.18,59.72,8.89,4.78,252.00,63.08,79.40,0.0000,0.0000,0.0000,0.0000,0.0000,0.0000,0.4554,0.0413,0.0000,0.0000,104304,74663,53998,54750,86225,66964,95775,572442,131417,91336,0,0,0,0,0,0,0,0,0,0,0.0000,0.0000,0.0000,0.0000,0.0000,0.0000,0.4683,0.4783,0.0000,0.0000,0,0,0,0,0,0,0,1,0,0,0,0,0,0,0,0,1,1,0,0,0.1386,0.0960,0.1436,0.0644,0.1022,0.0312,0.0838,0.1242,0.0264,0.1330,0.000,0.000,0.000,0.000,0.000,0.000,0.000,0.142,0.000,0.000,semi-presidential,parliamentary,parliamentary,parliamentary,parliamentary,semi-presidential,semi-presidential,electoral-authoritarian,electoral-authoritarian,parliamentary,0.800,0.800,0.790,0.800,0.800,0.800,0.322,0.500,0.500,0.802,100.0,69.5,100.0,100.0,100.0,100.0,99.6,100.0,100.0,36.2
2030-05-01,1.0045,1.0122,0.9924,0.9814,0.9860,1.0293,1.0112,0.9972,1.0726,0.9941,1.0018,1.0047,1.0784,1.1210,1.0292,0.9820,1.0060,1.0796,1.0128,1.1144,1.4220,1.0382,1.0034,1.0048,3723.59,5595.46,4202.13,2698.71,2121.35,1265.68,188.56,2831.42,1982.61,566.32,1.0992,0.6053,1.0202,1.3512,0.9475,0.3977,1.2964,0.2607,0.1986,-0.3175,0.6388,0.7387,0.6649,0.6344,0.6578,0.7533,0.4209,0.6546,0.6957,0.6706,0.0260,0.0184,0.0248,0.0253,0.0364,0.0065,0.0801,0.0162,0.0295,0.0243,0.9081,0.9155,0.9526,0.9187,0.9091,0.9532,0.9550,1.0000,0.9249,1.0000,58.19,206.55,83.33,55.14,65.64,11.53,5.25,265.82,72.94,82.61,0.0000,0.0000,0.0000,0.0000,0.0000,0.0000,0.4557,0.0413,0.0000,0.0000,104304,74663,53998,54750,86225,66964,95775,572442,131417,91336,0,0,0,0,0,0,0,0,0,0,0.0000,0.0000,0.0000,0.0000,0.0000,0.0000,0.4775,0.4875,0.0000,0.0000,0,0,0,0,0,0,0,1,0,0,0,0,0,0,0,0,1,1,0,0,0.1423,0.0991,0.1538,0.0662,0.1046,0.0326,0.0789,0.1236,0.0268,0.1330,0.000,0.000,0.000,0.000,0.000,0.000,0.000,0.142,0.000,0.000,semi-presidential,parliamentary,parliamentary,parliamentary,parliamentary,semi-presidential,semi-presidential,electoral-authoritarian,electoral-authoritarian,parliamentary,0.800,0.800,0.800,0.800,0.800,0.800,0.332,0.500,0.500,0.800,100.0,72.6,100.0,100.0,100.0,100.0,100.0,100.0,100.0,39.0
2030-06-01,0.9996,1.0168,0.9925,0.9791,0.9845,1.0280,1.0089,0.9992,1.0800,0.9967,0.9969,1.0046,1.0715,1.1365,1.0300,0.9989,1.0047,1.0787,1.0108,1.0381,1.1904,1.0213,0.9990,1.0046,3730.91,5613.71,4230.50,2707.60,2127.85,1273.09,188.84,2838.87,1997.99,566.15,1.0971,0.6034,1.0135,1.3469,0.9446,0.3938,1.2946,0.2608,0.1971,-0.3322,0.6432,0.7391,0.6879,0.6384,0.6563,0.7601,0.4295,0.6493,0.6952,0.6760,0.0233,0.0194,0.0261,0.0245,0.0285,0.0075,0.0783,0.0056,0.0214,0.0127,0.9006,0.9082,0.9490,0.9114,0.9016,0.9468,0.9556,1.0000,0.9170,1.0000,59.82,218.14,87.21,55.64,67.23,12.55,5.53,267.95,75.91,82.97,0.0000,0.0000,0.0000,0.0000,0.0000,0.0000,0.4577,0.0422,0.0000,0.0000,104304,74663,53998,54750,86225,66964,95775,572442,131417,91336,0,0,0,0,0,0,0,0,0,0,0.0000,0.0000,0.0000,0.0000,0.0000,0.0000,0.4890,0.4990,0.0000,0.0000,0,0,0,0,0,0,0,1,0,0,0,0,0,0,0,0,1,1,0,0,0.1436,0.0994,0.1532,0.0722,0.1047,0.0331,0.0821,0.1231,0.0268,0.1341,0.000,0.000,0.000,0.000,0.000,0.000,0.000,0.142,0.000,0.000,semi-presidential,parliamentary,parliamentary,parliamentary,parliamentary,semi-presidential,semi-presidential,electoral-authoritarian,electoral-authoritarian,parliamentary,0.800,0.800,0.800,0.800,0.800,0.800,0.343,0.500,0.500,0.800,100.0,75.7,100.0,100.0,100.0,100.0,100.0,100.0,100.0,41.7
2030-07-01,0.9956,1.0206,0.9917,0.9781,0.9864,1.0267,1.0088,0.9999,1.0769,0.9984,0.9899,1.0056,1.0707,1.0869,1.0298,0.9939,1.0295,1.0778,1.0257,1.0013,1.0972,1.0125,0.9928,1.0057,3732.31,5627.63,4248.29,2718.58,2134.83,1277.45,189.03,2841.70,2003.37,567.64,1.0968,0.6019,1.0093,1.3415,0.9415,0.3909,1.2932,0.2612,0.1967,-0.3458,0.6482,0.7472,0.6963,0.6498,0.6590,0.7576,0.4332,0.6435,0.6919,0.6817,0.0157,0.0138,0.0205,0.0228,0.0244,0.0026,0.0722,0.0015,0.0134,0.0164,0.9468,0.9500,0.9730,0.9508,0.9470,0.9815,0.9577,1.0000,0.9509,1.0000,60.40,219.80,89.27,57.03,68.41,12.63,5.54,272.12,76.05,83.94,0.0000,0.0000,0.0000,0.0000,0.0000,0.0000,0.4582,0.0429,0.0000,0.0000,104304,74663,53998,54750,86225,66964,95775,572442,131417,91336,0,0,0,0,0,0,0,0,0,0,0.0000,0.0000,0.0000,0.0000,0.0000,0.0000,0.4982,0.5082,0.0000,0.0000,0,0,0,0,0,0,0,1,0,0,0,0,0,0,0,0,1,1,0,0,0.1434,0.1001,0.1538,0.0729,0.1052,0.0338,0.0852,0.1257,0.0275,0.1329,0.000,0.000,0.000,0.000,0.000,0.000,0.000,0.141,0.000,0.000,semi-presidential,parliamentary,parliamentary,parliamentary,parliamentary,semi-presidential,semi-presidential,electoral-authoritarian,electoral-authoritarian,parliamentary,0.800,0.800,0.800,0.800,0.800,0.800,0.352,0.500,0.500,0.800,100.0,78.8,100.0,100.0,100.0,100.0,100.0,100.0,100.0,44.4
2030-08-01,0.9909,1.0218,0.9919,0.9787,0.9882,1.0226,1.0091,0.9989,1.0690,0.9981,0.9830,1.0057,0.9909,1.0246,1.0571,1.0102,0.9976,1.0235,1.0091,0.9989,1.0698,1.0029,0.9835,1.0060,3746.02,5654.03,4252.46,2721.18,2145.05,1285.33,189.19,2845.36,2014.30,568.66,1.0928,0.5991,1.0084,1.3404,0.9410,0.3869,1.2920,0.2610,0.2027,-0.3598,0.6576,0.7625,0.7055,0.6668,0.6594,0.7649,0.4371,0.6379,0.7266,0.6851,0.0047,0.0038,0.0110,0.0137,0.0071,0.0006,0.0132,0.0000,0.0027,0.0037,0.9980,0.9982,0.9990,0.9984,0.9981,0.9987,0.9918,1.0000,0.9987,1.0000,62.75,222.73,87.48,58.56,70.03,12.37,10.06,287.13,77.55,85.13,0.0000,0.0000,0.0000,0.0000,0.0000,0.0000,0.0000,0.0000,0.0000,0.0000,104304,74663,53998,54750,86225,66964,95775,572442,131417,91336,0,0,0,0,0,0,0,0,0,0,0.0000,0.0000,0.0000,0.0000,0.0000,0.0000,0.5005,0.5036,0.0000,0.0000,0,0,0,0,0,0,0,1,0,0,0,0,0,0,0,0,0,0,0,0,0.1448,0.0998,0.1546,0.0717,0.1065,0.0334,0.0943,0.1314,0.0279,0.1381,0.000,0.000,0.000,0.000,0.000,0.000,0.000,0.141,0.000,0.000,semi-presidential,parliamentary,parliamentary,parliamentary,parliamentary,semi-presidential,semi-presidential,electoral-authoritarian,electoral-authoritarian,parliamentary,0.800,0.800,0.800,0.800,0.800,0.800,0.355,0.500,0.500,0.800,100.0,82.0,100.0,100.0,100.0,100.0,100.0,100.0,100.0,47.2
2030-09-01,0.9872,1.0196,0.9938,0.9801,0.9895,1.0178,1.0078,0.9978,1.0585,0.9980,0.9780,1.0070,0.9875,1.0198,1.1285,1.0049,1.0121,1.0180,1.0082,0.9978,1.0606,0.9981,0.9784,1.0071,3766.50,5677.89,4273.22,2729.76,2159.86,1298.80,190.83,2865.37,2022.61,569.57,1.0869,0.5966,1.0035,1.3362,0.9346,0.3799,1.2818,0.2600,0.2020,-0.3737,0.6648,0.7682,0.7061,0.6748,0.6821,0.7646,0.5179,0.6541,0.7460,0.7014,0.0091,0.0053,0.0165,0.0167,0.0144,0.0000,0.0118,0.0000,0.0057,0.0095,1.0000,1.0000,1.0000,1.0000,1.0000,1.0000,1.0000,1.0000,1.0000,1.0000,62.56,219.98,86.91,58.66,69.98,12.80,9.91,284.76,76.51,86.30,0.0000,0.0000,0.0000,0.0000,0.0000,0.0000,0.0000,0.0000,0.0000,0.0000,104304,74663,53998,54750,86225,66964,95775,572442,131417,91336,0,0,0,0,0,0,0,0,0,0,0.0000,0.0000,0.0000,0.0000,0.0000,0.0000,0.4808,0.4839,0.0000,0.0000,0,0,0,0,0,0,0,1,0,0,0,0,0,0,0,0,0,0,0,0,0.1523,0.1000,0.1550,0.0727,0.1075,0.0343,0.0951,0.1304,0.0285,0.1375,0.000,0.000,0.000,0.000,0.000,0.000,0.000,0.141,0.000,0.000,semi-presidential,parliamentary,parliamentary,parliamentary,parliamentary,semi-presidential,semi-presidential,electoral-authoritarian,electoral-authoritarian,parliamentary,0.800,0.800,0.800,0.800,0.800,0.800,0.364,0.500,0.500,0.800,100.0,85.3,100.0,100.0,100.0,100.0,100.0,100.0,100.0,50.1
2030-10-01,0.9854,1.0163,0.9960,0.9796,0.9904,1.0156,1.0051,0.9993,1.0478,0.9966,0.9738,1.0065,0.9857,1.0170,1.1599,0.9982,0.9905,1.0158,1.0053,1.0986,1.0482,0.9969,0.9751,1.0067,3779.55,5708.88,4288.42,2741.56,2165.00,1305.92,191.82,2878.40,2030.94,570.86,1.0832,0.5934,1.0000,1.3305,0.9324,0.3763,1.2768,0.2595,0.2012,-0.3873,0.6670,0.7682,0.7100,0.6846,0.6856,0.7628,0.5612,0.6578,0.7375,0.7012,0.0159,0.0053,0.0224,0.0111,0.0142,0.0000,0.0168,0.0007,0.0083,0.0093,1.0000,1.0000,1.0000,1.0000,1.0000,1.0000,1.0000,1.0000,1.0000,1.0000,62.32,222.64,91.14,60.70,71.51,12.80,10.21,286.65,76.32,86.72,0.0000,0.0000,0.0000,0.0000,0.0000,0.0000,0.0000,0.0000,0.0000,0.0000,104304,74663,53998,54750,86225,66964,95775,572442,131417,91336,0,0,0,0,0,0,0,0,0,0,0.0000,0.0000,0.0000,0.0000,0.0000,0.0000,0.4611,0.4642,0.0000,0.0000,0,0,0,0,0,0,0,1,0,0,0,0,0,0,0,0,0,0,0,0,0.1508,0.1000,0.1547,0.0735,0.1126,0.0337,0.0934,0.1300,0.0281,0.1346,0.000,0.000,0.000,0.000,0.000,0.000,0.000,0.141,0.000,0.000,semi-presidential,parliamentary,parliamentary,parliamentary,parliamentary,semi-presidential,semi-presidential,electoral-authoritarian,electoral-authoritarian,parliamentary,0.800,0.800,0.800,0.800,0.800,0.800,0.374,0.500,0.500,0.800,100.0,88.5,100.0,100.0,100.0,100.0,100.0,100.0,100.0,52.9
2030-11-01,0.9854,1.0102,1.0009,0.9783,0.9903,1.0120,1.0030,1.0003,1.0392,0.9952,0.9706,1.0048,1.1306,1.0104,1.2082,1.0007,0.9902,1.0126,1.0034,1.0005,1.0400,0.9952,0.9706,1.0049,3780.44,5738.43,4288.18,2754.11,2170.78,1313.44,192.76,2888.61,2043.09,571.37,1.0829,0.5904,1.0002,1.3245,0.9299,0.3727,1.2732,0.2594,0.2001,-0.4015,0.6581,0.7693,0.6941,0.6931,0.6847,0.7691,0.5741,0.6561,0.7389,0.7126,0.0237,0.0156,0.0245,0.0219,0.0235,0.0078,0.0363,0.0000,0.0177,0.0033,1.0000,1.0000,1.0000,1.0000,1.0000,1.0000,1.0000,1.0000,1.0000,1.0000,60.15,219.11,90.33,59.47,70.15,12.60,10.19,278.92,74.89,84.58,0.0000,0.0000,0.0000,0.0000,0.0000,0.0000,0.0000,0.0000,0.0000,0.0000,104304,74663,53998,54750,86225,66964,95775,572442,131417,91336,0,0,0,0,0,0,0,0,0,0,0.0000,0.0000,0.0000,0.0000,0.0000,0.0000,0.4413,0.4444,0.0000,0.0000,0,0,0,0,0,0,0,1,0,0,0,0,0,0,0,0,0,0,0,0,0.1298,0.0893,0.1333,0.0664,0.0962,0.0301,0.0902,0.1278,0.0237,0.1332,0.000,0.000,0.000,0.000,0.000,0.000,0.000,0.143,0.000,0.000,semi-presidential,parliamentary,parliamentary,parliamentary,parliamentary,semi-presidential,semi-presidential,electoral-authoritarian,electoral-authoritarian,parliamentary,0.800,0.800,0.800,0.800,0.800,0.800,0.384,0.500,0.500,0.800,100.0,91.8,100.0,100.0,100.0,100.0,100.0,100.0,100.0,55.9
2030-12-01,0.9896,1.0061,1.0043,0.9764,0.9890,1.0102,1.0003,0.9996,1.0364,0.9947,0.9720,1.0019,1.1085,1.0064,1.1075,0.9922,0.9891,1.0102,1.0008,0.9996,1.0367,0.9945,1.0248,1.0024,3777.80,5742.87,4291.03,2754.89,2175.63,1321.31,193.47,2898.83,2057.28,571.79,1.0834,0.5900,1.0005,1.3242,0.9279,0.3691,1.2719,0.2592,0.1988,-0.4156,0.6428,0.7577,0.6562,0.6817,0.6823,0.7527,0.5821,0.6523,0.7142,0.7163,0.0167,0.0106,0.0191,0.0133,0.0160,0.0062,0.0372,0.0003,0.0088,0.0039,1.0000,1.0000,1.0000,1.0000,1.0000,1.0000,1.0000,1.0000,1.0000,1.0000,60.46,219.79,89.19,60.01,71.01,12.45,9.96,284.46,76.69,84.92,0.0000,0.0000,0.0000,0.0000,0.0000,0.0000,0.0000,0.0000,0.0000,0.0000,104304,74663,53998,54750,86225,66964,95775,572442,131417,91336,0,0,0,0,0,0,0,0,0,0,0.0000,0.0000,0.0000,0.0000,0.0000,0.0000,0.4216,0.4247,0.0000,0.0000,0,0,0,0,0,0,0,1,0,0,0,0,0,0,0,0,0,0,0,0,0.1139,0.0806,0.1159,0.0573,0.0835,0.0264,0.0815,0.1243,0.0198,0.1337,0.000,0.000,0.000,0.000,0.000,0.000,0.000,0.145,0.000,0.000,semi-presidential,parliamentary,parliamentary,parliamentary,parliamentary,semi-presidential,semi-presidential,electoral-authoritarian,electoral-authoritarian,parliamentary,0.800,0.800,0.800,0.800,0.800,0.800,0.394,0.500,0.500,0.800,100.0,95.0,100.0,100.0,100.0,100.0,100.0,100.0,100.0,58.8
2031-01-01,0.9904,1.0037,1.0039,0.9757,0.9850,1.0089,0.9972,1.0008,1.0332,0.9944,0.9736,1.0005,0.9983,1.0045,1.0045,0.9918,0.9857,1.0092,0.9975,1.0379,1.0335,0.9944,1.0552,1.0005,3780.91,5753.14,4278.46,2762.43,2179.32,1325.72,194.84,2913.13,2068.49,572.24,1.0824,0.5890,1.0035,1.3207,0.9264,0.3691,1.2717,0.2595,0.1979,-0.4441,0.6381,0.7490,0.6505,0.6718,0.6743,0.7702,0.5780,0.6672,0.7132,0.7201,0.0047,0.0003,0.0113,0.0006,0.0033,0.0002,0.0283,0.0007,0.0004,0.0060,1.0000,1.0000,1.0000,1.0000,1.0000,1.0000,0.9925,1.0000,1.0000,1.0000,62.80,223.80,91.91,62.13,73.27,12.76,10.34,296.67,78.53,86.09,0.0000,0.0000,0.0000,0.0000,0.0000,0.0000,0.0000,0.0000,0.0000,0.0000,104304,74663,53998,54750,86225,66964,95775,572442,131417,91336,0,0,0,0,0,0,0,0,0,0,0.0000,0.0000,0.0000,0.0000,0.0000,0.0000,0.3835,0.3853,0.0000,0.0000,0,0,0,0,0,0,0,1,0,0,0,0,0,0,0,0,0,0,0,0,0.1461,0.0954,0.1503,0.0733,0.1084,0.0292,0.0824,0.1269,0.0244,0.1353,0.000,0.000,0.000,0.000,0.000,0.000,0.000,0.147,0.000,0.000,semi-presidential,parliamentary,parliamentary,parliamentary,parliamentary,semi-presidential,semi-presidential,electoral-authoritarian,electoral-authoritarian,parliamentary,0.800,0.800,0.800,0.800,0.800,0.800,0.413,0.500,0.500,0.800,100.0,98.1,100.0,100.0,100.0,100.0,100.0,100.0,100.0,64.7
2031-02-01,0.9908,1.0021,1.0022,0.9752,0.9806,1.0084,0.9976,1.0020,1.0289,0.9932,0.9776,1.0010,1.0288,1.0022,1.0025,0.9953,0.9813,1.0086,1.0418,1.0251,1.0294,0.9933,1.1346,1.0012,3789.27,5771.22,4295.95,2775.49,2188.01,1328.05,194.84,2920.38,2079.35,571.78,1.0801,0.5872,0.9993,1.3146,0.9227,0.3670,1.2730,0.2596,0.1969,-0.4589,0.6434,0.7539,0.6659,0.6805,0.6930,0.7693,0.5588,0.6721,0.7087,0.7123,0.0097,0.0024,0.0162,0.0040,0.0073,0.0017,0.0407,0.0012,0.0017,0.0103,1.0000,1.0000,1.0000,1.0000,1.0000,1.0000,1.0000,1.0000,1.0000,1.0000,62.20,223.55,92.61,62.39,73.16,12.80,10.30,295.06,78.32,86.14,0.0000,0.0000,0.0000,0.0000,0.0000,0.0000,0.0000,0.0000,0.0000,0.0000,104304,74663,53998,54750,86225,66964,95775,572442,131417,91336,0,0,0,0,0,0,0,0,0,0,0.0000,0.0000,0.0000,0.0000,0.0000,0.0000,0.3789,0.3656,0.0000,0.0000,0,0,0,0,0,0,0,1,0,0,0,0,0,0,0,0,0,0,0,0,0.1464,0.0957,0.1506,0.0738,0.1089,0.0297,0.0853,0.1278,0.0248,0.1360,0.000,0.000,0.000,0.000,0.000,0.000,0.000,0.148,0.000,0.000,semi-presidential,parliamentary,parliamentary,parliamentary,parliamentary,semi-presidential,semi-presidential,electoral-authoritarian,electoral-authoritarian,parliamentary,0.800,0.800,0.800,0.800,0.800,0.800,0.415,0.500,0.500,0.800,100.0,100.0,100.0,100.0,100.0,100.0,100.0,100.0,100.0,67.6
2031-03-01,0.9903,0.9996,1.0003,0.9754,0.9779,1.0050,1.0004,1.0030,1.0267,0.9945,0.9831,1.0001,0.9903,0.9999,1.0006,1.0042,0.9786,1.0062,1.1141,1.0344,1.0271,1.0145,1.1778,1.0001,3804.56,5784.95,4294.76,2778.76,2198.21,1333.64,195.29,2920.38,2092.58,571.78,1.0758,0.5858,0.9995,1.3163,0.9185,0.3641,1.2761,0.2596,0.1958,-0.4589,0.6468,0.7620,0.6585,0.6854,0.6997,0.7654,0.5497,0.6721,0.7222,0.7123,0.0111,0.0010,0.0197,0.0067,0.0075,0.0001,0.0237,0.0018,0.0006,0.0153,1.0000,1.0000,1.0000,1.0000,1.0000,1.0000,1.0000,1.0000,1.0000,1.0000,62.00,222.74,91.20,60.58,72.57,12.99,10.01,293.10,77.83,86.12,0.0000,0.0000,0.0000,0.0000,0.0000,0.0000,0.0000,0.0000,0.0000,0.0000,104304,74663,53998,54750,86225,66964,95775,572442,131417,91336,0,0,0,0,0,0,0,0,0,0,0.0000,0.0000,0.0000,0.0000,0.0000,0.0000,0.3592,0.3656,0.0000,0.0000,0,0,0,0,0,0,0,1,0,0,0,0,0,0,0,0,0,0,0,0,0.1361,0.0904,0.1395,0.0674,0.1010,0.0281,0.0830,0.1248,0.0229,0.1364,0.000,0.000,0.000,0.000,0.000,0.000,0.000,0.149,0.000,0.000,semi-presidential,parliamentary,parliamentary,parliamentary,parliamentary,semi-presidential,semi-presidential,electoral-authoritarian,electoral-authoritarian,parliamentary,0.800,0.800,0.800,0.800,0.800,0.800,0.425,0.500,0.500,0.800,100.0,100.0,100.0,100.0,100.0,100.0,100.0,100.0,100.0,67.6
2031-04-01,0.9886,0.9958,0.9974,0.9779,0.9730,0.9993,1.0044,1.0028,1.0242,0.9981,0.9890,1.0009,0.9889,0.9961,0.9980,1.0127,0.9735,0.9997,1.1483,1.0028,1.0243,1.0181,1.1343,1.0010,3815.10,5817.68,4306.26,2792.14,2209.09,1342.37,195.43,2935.68,2104.15,572.85,1.0729,0.5826,0.9969,1.3102,0.9141,0.3603,1.2820,0.2598,0.1948,-0.4868,0.6535,0.7535,0.6706,0.6786,0.7046,0.7675,0.5555,0.6722,0.7120,0.7032,0.0088,0.0014,0.0169,0.0102,0.0060,0.0005,0.0214,0.0014,0.0005,0.0126,1.0000,1.0000,1.0000,1.0000,1.0000,1.0000,1.0000,1.0000,1.0000,1.0000,61.46,221.90,89.74,60.59,71.80,12.90,9.82,291.96,77.56,85.84,0.0000,0.0000,0.0000,0.0000,0.0000,0.0000,0.0000,0.0000,0.0000,0.0000,104304,74663,53998,54750,86225,66964,95775,572442,131417,91336,0,0,0,0,0,0,0,0,0,0,0.0000,0.0000,0.0000,0.0000,0.0000,0.0000,0.3395,0.3262,0.0000,0.0000,0,0,0,0,0,0,0,1,0,0,0,0,0,0,0,0,0,0,0,0,0.1459,0.0949,0.1503,0.0721,0.1089,0.0290,0.0817,0.1250,0.0246,0.1362,0.000,0.000,0.000,0.000,0.000,0.000,0.000,0.149,0.000,0.000,semi-presidential,parliamentary,parliamentary,parliamentary,parliamentary,semi-presidential,semi-presidential,electoral-authoritarian,electoral-authoritarian,parliamentary,0.800,0.800,0.800,0.800,0.800,0.800,0.435,0.500,0.500,0.800,100.0,100.0,100.0,100.0,100.0,100.0,100.0,100.0,100.0,73.4
2031-05-01,0.9863,0.9950,0.9962,0.9821,0.9707,0.9967,1.0092,1.0034,1.0213,1.0013,0.9935,1.0022,0.9863,0.9951,0.9969,1.0177,0.9711,0.9972,1.1655,1.0354,1.0217,1.0205,1.1024,1.0025,3829.44,5817.29,4315.21,2807.78,2223.15,1349.58,196.12,2943.89,2115.85,573.17,1.0689,0.5826,0.9949,1.3032,0.9083,0.3570,1.2844,0.2599,0.1938,-0.4942,0.6603,0.7576,0.6802,0.6822,0.7124,0.7624,0.5581,0.6831,0.7088,0.6899,0.0096,0.0014,0.0176,0.0113,0.0065,0.0005,0.0220,0.0014,0.0004,0.0136,1.0000,1.0000,1.0000,1.0000,1.0000,1.0000,1.0000,1.0000,1.0000,1.0000,61.01,221.38,89.94,60.88,71.66,13.03,9.72,290.59,77.32,85.66,0.0000,0.0000,0.0000,0.0000,0.0000,0.0000,0.0000,0.0000,0.0000,0.0000,104304,74663,53998,54750,86225,66964,95775,572442,131417,91336,0,0,0,0,0,0,0,0,0,0,0.0000,0.0000,0.0000,0.0000,0.0000,0.0000,0.3198,0.3065,0.0000,0.0000,0,0,0,0,0,0,0,1,0,0,0,0,0,0,0,0,0,0,0,0,0.1474,0.0962,0.1517,0.0734,0.1102,0.0305,0.0871,0.1268,0.0259,0.1358,0.000,0.000,0.000,0.000,0.000,0.000,0.000,0.148,0.000,0.000,semi-presidential,parliamentary,parliamentary,parliamentary,parliamentary,semi-presidential,semi-presidential,electoral-authoritarian,electoral-authoritarian,parliamentary,0.800,0.800,0.800,0.800,0.800,0.800,0.445,0.500,0.500,0.800,100.0,100.0,100.0,100.0,100.0,100.0,100.0,100.0,100.0,74.9
2031-06-01,0.9854,0.9939,0.9936,0.9874,0.9701,0.9957,1.0122,1.0037,1.0181,1.0035,0.9976,1.0016,0.9984,0.9941,0.9941,1.0205,0.9887,0.9957,1.0943,1.0150,1.0188,1.0093,1.1275,1.0016,3845.71,5838.00,4318.94,2812.72,2230.58,1356.26,196.29,2953.41,2130.41,574.22,1.0644,0.5806,0.9941,1.3011,0.9054,0.3538,1.2906,0.2599,0.1926,-0.5076,0.6655,0.7574,0.6798,0.6844,0.7216,0.7588,0.5704,0.6922,0.7151,0.6932,0.0079,0.0020,0.0162,0.0146,0.0102,0.0006,0.0202,0.0010,0.0007,0.0157,1.0000,1.0000,1.0000,1.0000,1.0000,1.0000,1.0000,1.0000,1.0000,1.0000,61.94,223.04,91.00,61.38,72.99,13.23,10.00,295.27,78.23,85.84,0.0000,0.0000,0.0000,0.0000,0.0000,0.0000,0.0000,0.0000,0.0000,0.0000,104304,74663,53998,54750,86225,66964,95775,572442,131417,91336,0,0,0,0,0,0,0,0,0,0,0.0000,0.0000,0.0000,0.0000,0.0000,0.0000,0.3001,0.2867,0.0000,0.0000,0,0,0,0,0,0,0,1,0,0,0,0,0,0,0,0,0,0,0,0,0.1384,0.0918,0.1420,0.0685,0.1071,0.0295,0.0885,0.1277,0.0245,0.1357,0.000,0.000,0.000,0.000,0.000,0.000,0.000,0.149,0.000,0.000,semi-presidential,parliamentary,parliamentary,parliamentary,parliamentary,semi-presidential,semi-presidential,electoral-authoritarian,electoral-authoritarian,parliamentary,0.800,0.800,0.800,0.840,0.800,0.800,0.455,0.500,0.500,0.800,100.0,100.0,100.0,90.0,100.0,100.0,100.0,100.0,100.0,77.7
2031-07-01,0.9868,0.9904,0.9946,0.9902,0.9707,0.9961,1.0132,1.0031,1.0148,1.0038,1.0001,1.0008,1.0680,0.9911,1.0907,1.0210,0.9707,1.0162,1.0132,1.0091,1.0149,1.0055,1.0429,1.0009,3855.25,5833.07,4312.78,2815.31,2246.82,1362.79,197.25,2958.86,2142.46,574.29,1.0618,0.5812,0.9996,1.3000,0.8989,0.3507,1.2918,0.2603,0.1916,-0.5219,0.6663,0.7531,0.6777,0.6706,0.7244,0.7591,0.5744,0.6745,0.7219,0.6981,0.0140,0.0101,0.0167,0.0193,0.0132,0.0043,0.0331,0.0002,0.0069,0.0038,1.0000,1.0000,1.0000,1.0000,1.0000,1.0000,1.0000,1.0000,1.0000,1.0000,60.57,218.90,89.69,59.53,72.20,13.16,10.10,287.76,76.76,85.00,0.0000,0.0000,0.0000,0.0000,0.0000,0.0000,0.0000,0.0000,0.0000,0.0000,104304,74663,53998,54750,86225,66964,95775,572442,131417,91336,0,0,0,0,0,0,0,0,0,0,0.0000,0.0000,0.0000,0.0000,0.0000,0.0000,0.2804,0.2670,0.0000,0.0000,0,0,0,0,0,0,0,1,0,0,0,0,0,0,0,0,0,0,0,0,0.1425,0.0933,0.1466,0.0706,0.1105,0.0295,0.0888,0.1271,0.0245,0.1357,0.000,0.000,0.000,0.000,0.000,0.000,0.000,0.150,0.000,0.000,semi-presidential,parliamentary,parliamentary,parliamentary,parliamentary,semi-presidential,semi-presidential,electoral-authoritarian,electoral-authoritarian,parliamentary,0.800,0.800,0.800,0.834,0.800,0.800,0.465,0.500,0.500,0.800,100.0,100.0,95.0,92.4,100.0,100.0,100.0,100.0,100.0,80.5
2031-08-01,0.9915,0.9863,0.9955,0.9901,0.9704,0.9965,1.0137,1.0022,1.0109,1.0023,1.0021,1.0005,1.1852,0.9864,0.9961,1.0030,0.9705,0.9965,1.0136,1.0060,1.0115,1.0026,1.0369,1.0007,3873.07,5846.13,4319.86,2832.12,2263.54,1367.17,197.50,2968.53,2149.54,574.45,1.0570,0.5799,0.9980,1.2925,0.8924,0.3481,1.2977,0.2602,0.1911,-0.5361,0.6645,0.7475,0.6987,0.6762,0.7302,0.7579,0.5682,0.6775,0.7268,0.6955,0.0139,0.0119,0.0135,0.0107,0.0134,0.0108,0.0357,0.0002,0.0094,0.0017,1.0000,1.0000,1.0000,1.0000,1.0000,1.0000,1.0000,1.0000,1.0000,1.0000,59.22,219.07,92.95,61.75,72.25,12.88,10.05,282.14,76.11,83.80,0.0000,0.0000,0.0000,0.0000,0.0000,0.0000,0.0000,0.0000,0.0000,0.0000,104304,74663,53998,54750,86225,66964,95775,572442,131417,91336,0,0,0,0,0,0,0,0,0,0,0.0000,0.0000,0.0000,0.0000,0.0000,0.0000,0.2606,0.2473,0.0000,0.0000,0,0,0,0,0,0,0,1,0,0,0,0,0,0,0,0,0,0,0,0,0.1198,0.0829,0.1223,0.0610,0.0917,0.0264,0.0832,0.1239,0.0205,0.1337,0.000,0.000,0.000,0.000,0.000,0.000,0.000,0.151,0.000,0.000,semi-presidential,parliamentary,parliamentary,parliamentary,parliamentary,semi-presidential,semi-presidential,electoral-authoritarian,electoral-authoritarian,parliamentary,0.800,0.800,0.800,0.824,0.800,0.800,0.475,0.500,0.500,0.800,100.0,100.0,97.3,96.1,100.0,100.0,100.0,100.0,100.0,83.4
2031-09-01,0.9983,0.9818,0.9960,0.9916,0.9705,0.9961,1.0134,1.0015,1.0082,1.0002,1.0048,0.9982,1.2665,0.9824,1.0314,1.0193,0.9912,0.9961,1.0135,1.0015,1.0088,1.0003,1.0610,0.9985,3863.97,5851.27,4311.61,2835.24,2264.86,1371.33,198.44,2977.67,2159.30,575.48,1.0596,0.5795,1.0000,1.2913,0.8920,0.3455,1.2990,0.2602,0.1904,-0.5495,0.6532,0.7357,0.6761,0.6698,0.7065,0.7455,0.5603,0.6812,0.7089,0.7012,0.0214,0.0187,0.0208,0.0280,0.0259,0.0153,0.0391,0.0002,0.0153,0.0097,1.0000,1.0000,1.0000,1.0000,1.0000,1.0000,1.0000,1.0000,1.0000,1.0000,57.56,213.33,87.70,57.06,69.18,12.72,9.85,273.38,74.16,82.15,0.0000,0.0000,0.0000,0.0000,0.0000,0.0000,0.0000,0.0000,0.0000,0.0000,104304,74663,53998,54750,86225,66964,95775,572442,131417,91336,0,0,0,0,0,0,0,0,0,0,0.0000,0.0000,0.0000,0.0000,0.0000,0.0000,0.2409,0.2276,0.0000,0.0000,0,0,0,0,0,0,0,1,0,0,0,0,0,0,0,0,0,0,0,0,0.1300,0.0863,0.1331,0.0636,0.1000,0.0265,0.0858,0.1250,0.0216,0.1360,0.000,0.000,0.000,0.000,0.000,0.000,0.000,0.154,0.000,0.000,semi-presidential,parliamentary,parliamentary,parliamentary,parliamentary,semi-presidential,semi-presidential,electoral-authoritarian,electoral-authoritarian,parliamentary,0.800,0.800,0.800,0.814,0.800,0.800,0.484,0.500,0.500,0.800,100.0,100.0,99.8,99.8,100.0,100.0,100.0,100.0,100.0,86.2
2031-10-01,1.0057,0.9785,0.9972,0.9929,0.9733,0.9957,1.0110,1.0017,1.0056,0.9988,1.0080,0.9970,1.2645,0.9789,1.0507,1.0185,1.0012,0.9959,1.0115,1.0455,1.0058,0.9989,1.0826,0.9971,3858.07,5860.45,4310.15,2837.62,2276.04,1379.50,198.56,2982.34,2169.97,575.77,1.0614,0.5786,1.0004,1.2905,0.8877,0.3413,1.3056,0.2606,0.1895,-0.5636,0.6377,0.7288,0.6503,0.6587,0.7004,0.7260,0.5424,0.6807,0.6963,0.6930,0.0246,0.0185,0.0257,0.0290,0.0300,0.0147,0.0411,0.0006,0.0154,0.0167,1.0000,1.0000,1.0000,1.0000,1.0000,1.0000,1.0000,1.0000,1.0000,1.0000,57.74,214.87,88.82,58.14,70.12,12.68,9.82,276.81,74.83,82.51,0.0000,0.0000,0.0000,0.0000,0.0000,0.0000,0.0000,0.0000,0.0000,0.0000,104304,74663,53998,54750,86225,66964,95775,572442,131417,91336,0,0,0,0,0,0,0,0,0,0,0.0000,0.0000,0.0000,0.0000,0.0000,0.0000,0.2212,0.2079,0.0000,0.0000,0,0,0,0,0,0,0,1,0,0,0,0,0,0,0,0,0,0,0,0,0.1406,0.0911,0.1448,0.0691,0.1080,0.0269,0.0868,0.1268,0.0225,0.1363,0.000,0.000,0.000,0.000,0.000,0.000,0.000,0.157,0.000,0.000,semi-presidential,parliamentary,parliamentary,parliamentary,parliamentary,semi-presidential,semi-presidential,electoral-authoritarian,electoral-authoritarian,parliamentary,0.800,0.800,0.800,0.804,0.800,0.800,0.494,0.500,0.500,0.800,100.0,100.0,100.0,100.0,100.0,100.0,100.0,100.0,100.0,89.0
2031-11-01,1.0100,0.9775,0.9976,0.9944,0.9761,0.9942,1.0069,1.0035,1.0029,0.9983,1.0095,0.9956,1.0200,0.9859,1.0372,1.0152,0.9906,0.9946,1.0075,1.0679,1.0036,1.0002,1.0489,0.9957,3871.83,5868.07,4315.58,2847.84,2276.58,1382.93,198.79,2990.94,2185.17,575.58,1.0578,0.5779,0.9992,1.2858,0.8876,0.3391,1.3114,0.2608,0.1883,-0.5784,0.6368,0.7194,0.6442,0.6430,0.6923,0.7242,0.5352,0.7017,0.7002,0.6970,0.0084,0.0031,0.0151,0.0108,0.0107,0.0009,0.0339,0.0006,0.0024,0.0112,0.9927,0.9935,0.9962,0.9940,0.9928,0.9951,0.9897,1.0000,0.9954,1.0000,62.96,223.53,92.81,63.29,75.90,13.11,10.29,303.59,79.78,86.57,0.0000,0.0000,0.0000,0.0000,0.0000,0.0000,0.0000,0.0000,0.0000,0.0000,104304,74663,53998,54750,86225,66964,95775,572442,131417,91336,0,0,0,0,0,0,0,0,0,0,0.0000,0.0000,0.0000,0.0000,0.0000,0.0000,0.2015,0.1882,0.0000,0.0000,0,0,0,0,0,0,0,1,0,0,0,0,0,0,0,0,0,0,0,0,0.1335,0.0875,0.1371,0.0653,0.1027,0.0257,0.0853,0.1274,0.0209,0.1367,0.000,0.000,0.000,0.000,0.000,0.000,0.000,0.158,0.000,0.000,semi-presidential,parliamentary,parliamentary,parliamentary,parliamentary,semi-presidential,semi-presidential,electoral-authoritarian,electoral-authoritarian,parliamentary,0.800,0.800,0.800,0.800,0.800,0.800,0.504,0.500,0.500,0.800,100.0,100.0,100.0,100.0,100.0,30.0,100.0,100.0,100.0,91.9
2031-12-01,1.0114,0.9783,0.9983,0.9963,0.9806,0.9933,1.0032,1.0064,1.0002,0.9994,1.0099,0.9952,1.1234,1.0127,1.0308,1.0287,1.0106,0.9933,1.0033,1.1198,1.0009,1.0108,1.0103,0.9952,3871.82,5877.69,4319.32,2863.64,2282.55,1386.82,198.93,2999.42,2198.26,576.69,1.0580,0.5770,0.9984,1.2788,0.8851,0.3367,1.3176,0.2610,0.1873,-0.5920,0.6415,0.7275,0.6469,0.6462,0.6862,0.7272,0.5349,0.7011,0.7215,0.6983,0.0197,0.0131,0.0241,0.0264,0.0250,0.0086,0.0394,0.0007,0.0084,0.0187,0.9683,0.9719,0.9835,0.9742,0.9689,0.9788,0.9882,1.0000,0.9798,1.0000,60.49,219.95,90.77,60.84,73.37,13.10,9.90,293.85,78.44,84.46,0.0000,0.0000,0.0000,0.0000,0.0000,0.0000,0.0000,0.0000,0.0000,0.0000,104304,74663,53998,54750,86225,66964,95775,572442,131417,91336,0,0,0,0,0,0,0,0,0,0,0.0000,0.0000,0.0000,0.0000,0.0000,0.0000,0.1818,0.1685,0.0000,0.0000,0,0,0,0,0,0,0,1,0,0,0,0,0,0,0,0,0,0,0,0,0.1377,0.0893,0.1417,0.0667,0.1060,0.0259,0.0860,0.1283,0.0213,0.1369,0.000,0.000,0.000,0.000,0.000,0.000,0.000,0.161,0.000,0.000,semi-presidential,parliamentary,parliamentary,parliamentary,parliamentary,semi-presidential,semi-presidential,electoral-authoritarian,electoral-authoritarian,parliamentary,0.800,0.800,0.800,0.800,0.800,0.800,0.514,0.500,0.500,0.800,100.0,100.0,100.0,100.0,100.0,33.0,100.0,100.0,100.0,94.8
2032-01-01,1.0305,0.9874,0.9995,1.0004,0.9855,0.9939,1.0019,1.0082,0.9979,1.0013,1.0072,0.9948,2.0263,1.4319,1.0444,1.1237,1.0172,1.0514,1.0411,1.0823,1.0031,1.0525,1.0073,0.9949,3885.15,5888.00,4333.11,2869.97,2287.08,1390.71,200.11,3015.50,2209.72,577.04,1.0547,0.5760,0.9954,1.2760,0.8834,0.3343,1.3215,0.2605,0.1864,-0.6064,0.6102,0.7180,0.6165,0.6419,0.6512,0.7275,0.5135,0.6937,0.7202,0.6946,0.1202,0.1200,0.0857,0.1458,0.1266,0.1044,0.0733,0.0008,0.1151,0.0183,0.6310,0.6504,0.8147,0.6523,0.6320,0.6988,0.9620,1.0000,0.6439,1.0000,42.34,177.26,73.11,46.02,52.17,10.29,8.37,199.27,56.24,57.99,0.0000,0.0000,0.0000,0.0000,0.0000,0.0000,0.0000,0.0000,0.0000,0.0000,104304,74663,53998,54750,86225,66964,95775,572442,131417,91336,0,0,0,0,0,0,0,0,0,0,0.0000,0.0000,0.0000,0.0000,0.0000,0.0000,0.1424,0.1488,0.0000,0.0000,0,0,0,0,0,0,0,1,0,0,0,0,0,0,0,0,0,0,0,0,0.1364,0.0856,0.1407,0.0660,0.1040,0.0244,0.0858,0.1301,0.0201,0.1389,0.000,0.000,0.000,0.000,0.000,0.000,0.000,0.162,0.000,0.000,semi-presidential,parliamentary,parliamentary,parliamentary,parliamentary,semi-presidential,semi-presidential,electoral-authoritarian,electoral-authoritarian,parliamentary,0.800,0.800,0.800,0.800,0.800,0.800,0.534,0.500,0.500,0.800,100.0,100.0,100.0,100.0,100.0,36.0,100.0,100.0,100.0,97.6
2032-02-01,1.0716,1.0086,1.0008,1.0071,0.9920,0.9953,1.0021,1.0105,0.9966,1.0045,1.0054,0.9935,1.8667,1.3518,1.0622,1.0955,1.0324,1.0204,1.0022,1.0106,0.9967,1.0399,1.0057,0.9936,3872.84,5868.68,4331.48,2871.82,2285.63,1390.16,199.93,3029.86,2211.90,575.37,1.0582,0.5779,0.9959,1.2754,0.8840,0.3329,1.3292,0.2600,0.1863,-0.6231,0.5997,0.6446,0.6183,0.5494,0.6047,0.6822,0.5318,0.6998,0.6483,0.6913,0.0902,0.0915,0.0640,0.1143,0.1000,0.0781,0.0584,0.0000,0.0856,0.0154,0.7206,0.7363,0.8607,0.7388,0.7216,0.7746,0.9721,1.0000,0.7353,1.0000,48.11,190.00,79.18,50.87,58.65,11.52,8.82,228.92,62.75,66.01,0.0000,0.0000,0.0000,0.0000,0.0000,0.0000,0.0000,0.0000,0.0000,0.0000,104304,74663,53998,54750,86225,66964,95775,572442,131417,91336,0,0,0,0,0,0,0,0,0,0,0.0000,0.0000,0.0000,0.0000,0.0000,0.0000,0.1227,0.1290,0.0000,0.0000,0,0,0,0,0,0,0,1,0,0,0,0,0,0,0,0,0,0,0,0,0.1358,0.0859,0.1400,0.0652,0.1036,0.0244,0.0858,0.1343,0.0194,0.1440,0.000,0.000,0.000,0.000,0.000,0.000,0.000,0.165,0.000,0.000,semi-presidential,parliamentary,parliamentary,parliamentary,parliamentary,semi-presidential,semi-presidential,electoral-authoritarian,electoral-authoritarian,parliamentary,0.800,0.800,0.800,0.800,0.800,0.800,0.544,0.500,0.500,0.800,100.0,100.0,100.0,100.0,100.0,38.9,100.0,100.0,100.0,100.0
2032-03-01,1.0940,1.0224,1.0031,1.0102,0.9982,0.9959,1.0006,1.0106,0.9961,1.0073,1.0037,0.9936,1.6328,1.2768,1.0784,1.0677,1.0276,0.9976,1.0006,1.0115,0.9961,1.0304,1.0042,0.9938,3867.19,5855.35,4322.64,2871.82,2297.06,1392.40,200.15,3040.63,2219.22,576.20,1.0630,0.5793,0.9981,1.2754,0.8797,0.3310,1.3340,0.2596,0.1858,-0.6376,0.5995,0.6359,0.6211,0.5494,0.6107,0.6744,0.5312,0.7005,0.6145,0.6977,0.0653,0.0638,0.0480,0.0809,0.0724,0.0526,0.0485,0.0000,0.0578,0.0115,0.7931,0.8058,0.8970,0.8088,0.7941,0.8357,0.9786,1.0000,0.8096,1.0000,54.12,202.38,84.45,55.47,65.80,12.71,9.31,260.16,70.03,74.00,0.0000,0.0000,0.0000,0.0000,0.0000,0.0000,0.0000,0.0000,0.0000,0.0000,104304,74663,53998,54750,86225,66964,95775,572442,131417,91336,0,0,0,0,0,0,0,0,0,0,0.0000,0.0000,0.0000,0.0000,0.0000,0.0000,0.1029,0.1093,0.0000,0.0000,0,0,0,0,0,0,0,1,0,0,0,0,0,0,0,0,0,0,0,0,0.1402,0.0887,0.1449,0.0674,0.1074,0.0254,0.0867,0.1375,0.0201,0.1471,0.000,0.000,0.000,0.000,0.000,0.000,0.000,0.166,0.000,0.000,semi-presidential,parliamentary,parliamentary,parliamentary,parliamentary,semi-presidential,semi-presidential,electoral-authoritarian,electoral-authoritarian,parliamentary,0.800,0.800,0.800,0.800,0.800,0.800,0.553,0.500,0.500,0.800,100.0,100.0,100.0,100.0,100.0,41.6,100.0,100.0,100.0,100.0
2032-04-01,1.1103,1.0316,1.0004,1.0124,1.0038,0.9957,0.9996,1.0098,0.9957,1.0089,1.0003,0.9930,1.4920,1.2048,1.0016,1.0543,1.0386,1.0521,1.0000,1.0099,0.9998,1.0137,1.0006,0.9931,3875.69,5869.06,4316.47,2884.84,2299.38,1394.71,200.21,3053.58,2232.60,578.18,1.0610,0.5781,0.9994,1.2700,0.8789,0.3290,1.3396,0.2589,0.1848,-0.6509,0.6222,0.6491,0.6248,0.5672,0.6197,0.6720,0.5380,0.7058,0.6177,0.7205,0.0428,0.0426,0.0331,0.0568,0.0509,0.0362,0.0407,0.0002,0.0367,0.0126,0.8572,0.8673,0.9288,0.8707,0.8582,0.8898,0.9837,1.0000,0.8754,1.0000,58.46,215.10,89.47,58.70,71.33,13.27,9.83,283.74,76.03,80.09,0.0000,0.0000,0.0000,0.0000,0.0000,0.0000,0.0000,0.0000,0.0000,0.0000,104304,74663,53998,54750,86225,66964,95775,572442,131417,91336,0,0,0,0,0,0,0,0,0,0,0.0000,0.0000,0.0000,0.0000,0.0000,0.0000,0.0832,0.0896,0.0000,0.0000,0,0,0,0,0,0,0,1,0,0,0,0,0,0,0,0,0,0,0,0,0.1294,0.0847,0.1368,0.0618,0.0987,0.0244,0.0854,0.1365,0.0189,0.1494,0.000,0.000,0.000,0.000,0.000,0.000,0.000,0.168,0.000,0.000,semi-presidential,parliamentary,parliamentary,parliamentary,parliamentary,semi-presidential,semi-presidential,electoral-authoritarian,electoral-authoritarian,parliamentary,0.800,0.800,0.800,0.800,0.800,0.800,0.563,0.500,0.500,0.800,100.0,100.0,100.0,100.0,100.0,44.3,100.0,100.0,100.0,100.0
2032-05-01,1.1195,1.0370,0.9942,1.0149,1.0085,0.9959,0.9962,1.0079,0.9944,1.0090,0.9965,0.9908,1.3346,1.1195,0.9945,1.0362,1.0358,1.0234,0.9969,1.0084,0.9948,1.0090,0.9972,0.9911,3878.24,5850.05,4298.85,2881.03,2290.82,1398.70,200.16,3070.39,2243.15,579.42,1.0611,0.5800,1.0035,1.2719,0.8823,0.3266,1.3457,0.2578,0.1841,-0.6652,0.6207,0.6517,0.6144,0.5760,0.6306,0.6871,0.5489,0.7133,0.6249,0.7260,0.0230,0.0218,0.0199,0.0297,0.0293,0.0181,0.0306,0.0000,0.0168,0.0096,0.9287,0.9358,0.9639,0.9397,0.9297,0.9500,0.9887,1.0000,0.9489,1.0000,62.29,221.25,91.97,64.00,75.29,13.43,10.01,304.68,81.14,85.31,0.0000,0.0000,0.0000,0.0000,0.0000,0.0000,0.0000,0.0000,0.0000,0.0000,104304,74663,53998,54750,86225,66964,95775,572442,131417,91336,0,0,0,0,0,0,0,0,0,0,0.0000,0.0000,0.0000,0.0000,0.0000,0.0000,0.0635,0.0699,0.0000,0.0000,0,0,0,0,0,0,0,1,0,0,0,0,0,0,0,0,0,0,0,0,0.1124,0.0762,0.1181,0.0533,0.0850,0.0220,0.0827,0.1340,0.0161,0.1507,0.000,0.000,0.000,0.000,0.000,0.000,0.000,0.170,0.000,0.000,semi-presidential,parliamentary,parliamentary,parliamentary,parliamentary,semi-presidential,semi-presidential,electoral-authoritarian,electoral-authoritarian,parliamentary,0.800,0.800,0.800,0.800,0.800,0.800,0.573,0.500,0.500,0.800,100.0,100.0,100.0,100.0,100.0,47.1,100.0,100.0,100.0,100.0
2032-06-01,1.1239,1.0386,0.9872,1.0135,1.0101,0.9956,0.9945,1.0048,0.9934,1.0064,0.9912,0.9901,1.1884,1.0468,0.9880,1.0209,1.0102,0.9958,1.0163,1.0048,0.9935,1.0071,0.9922,0.9903,3876.91,5835.35,4322.13,2886.29,2292.03,1397.31,200.53,3078.89,2250.96,579.89,1.0616,0.5816,0.9981,1.2698,0.8818,0.3255,1.3486,0.2603,0.1836,-0.6804,0.6217,0.6634,0.6349,0.6111,0.6546,0.6939,0.5524,0.7245,0.6363,0.7319,0.0054,0.0042,0.0069,0.0037,0.0052,0.0034,0.0243,0.0001,0.0027,0.0010,0.9931,0.9939,0.9965,0.9944,0.9932,0.9954,0.9924,1.0000,0.9956,1.0000,65.53,226.28,95.05,70.50,79.78,13.20,10.21,323.10,85.28,89.76,0.0000,0.0000,0.0000,0.0000,0.0000,0.0000,0.0000,0.0000,0.0000,0.0000,104304,74663,53998,54750,86225,66964,95775,572442,131417,91336,0,0,0,0,0,0,0,0,0,0,0.0000,0.0000,0.0000,0.0000,0.0000,0.0000,0.0438,0.0540,0.0000,0.0000,0,0,0,0,0,0,0,1,0,0,0,0,0,0,0,0,0,0,0,0,0.1417,0.0877,0.1455,0.0676,0.1050,0.0233,0.0850,0.1362,0.0186,0.1495,0.000,0.000,0.000,0.000,0.000,0.000,0.000,0.172,0.000,0.000,semi-presidential,parliamentary,parliamentary,parliamentary,parliamentary,semi-presidential,semi-presidential,electoral-authoritarian,electoral-authoritarian,parliamentary,0.800,0.800,0.800,0.800,0.800,0.800,0.583,0.500,0.500,0.800,30.0,100.0,100.0,100.0,100.0,50.0,100.0,100.0,100.0,100.0
2032-07-01,1.1266,1.0388,0.9851,1.0120,1.0098,0.9944,0.9970,1.0033,0.9930,1.0048,0.9870,0.9881,1.1375,1.0753,0.9858,1.0208,1.0097,0.9945,1.0391,1.0035,1.0234,1.0048,0.9873,0.9881,3882.67,5842.35,4315.52,2886.53,2289.20,1402.16,200.34,3080.71,2260.22,581.63,1.0605,0.5810,0.9996,1.2698,0.8830,0.3230,1.3550,0.2605,0.1829,-0.6942,0.6313,0.6766,0.6258,0.6228,0.6508,0.7028,0.5524,0.7469,0.6516,0.7430,0.0061,0.0043,0.0089,0.0042,0.0065,0.0032,0.0251,0.0014,0.0042,0.0027,0.9676,0.9714,0.9835,0.9737,0.9683,0.9786,0.9911,1.0000,0.9796,1.0000,66.45,226.85,94.91,70.72,80.32,13.09,10.28,327.01,86.07,90.19,0.0000,0.0000,0.0000,0.0000,0.0000,0.0000,0.0000,0.0000,0.0000,0.0000,104304,74663,53998,54750,86225,66964,95775,572442,131417,91336,0,0,0,0,0,0,0,0,0,0,0.0000,0.0000,0.0000,0.0000,0.0000,0.0000,0.0241,0.0343,0.0000,0.0000,0,0,0,0,0,0,0,1,0,0,0,0,0,0,0,0,0,0,0,0,0.1173,0.0761,0.1198,0.0553,0.0857,0.0204,0.0816,0.1354,0.0147,0.1495,0.000,0.000,0.000,0.000,0.000,0.000,0.000,0.174,0.000,0.000,semi-presidential,parliamentary,parliamentary,parliamentary,parliamentary,semi-presidential,semi-presidential,electoral-authoritarian,electoral-authoritarian,parliamentary,0.800,0.800,0.800,0.800,0.800,0.800,0.593,0.500,0.500,0.800,32.7,100.0,100.0,100.0,100.0,52.8,100.0,100.0,100.0,100.0
2032-08-01,1.1265,1.0362,0.9847,1.0094,1.0076,0.9936,0.9981,1.0034,0.9936,1.0041,0.9820,0.9853,1.1324,1.0366,0.9854,1.0157,1.0078,0.9936,1.0268,1.0172,0.9936,1.0050,0.9829,0.9856,3881.68,5860.73,4304.79,2888.16,2285.21,1406.64,200.68,3086.84,2269.65,584.03,1.0609,0.5792,1.0022,1.2691,0.8846,0.3206,1.3574,0.2602,0.1823,-0.7071,0.6251,0.6724,0.6190,0.6310,0.6474,0.7067,0.5549,0.7278,0.6663,0.7489,0.0016,0.0000,0.0056,0.0000,0.0011,0.0000,0.0199,0.0002,0.0001,0.0022,1.0000,1.0000,1.0000,1.0000,1.0000,1.0000,1.0000,1.0000,1.0000,1.0000,66.77,228.24,94.86,71.03,80.51,13.36,10.33,326.01,86.72,94.22,0.0000,0.0000,0.0000,0.0000,0.0000,0.0000,0.0000,0.0000,0.0000,0.0000,104304,74663,53998,54750,86225,66964,95775,572442,131417,91336,0,0,0,0,0,0,0,0,0,0,0.0000,0.0000,0.0000,0.0000,0.0000,0.0000,0.0044,0.0146,0.0000,0.0000,0,0,0,0,0,0,0,1,0,0,0,0,0,0,0,0,0,0,0,0,0.1124,0.0735,0.1154,0.0525,0.0819,0.0186,0.0734,0.1284,0.0127,0.1486,0.000,0.000,0.000,0.000,0.000,0.000,0.000,0.177,0.000,0.000,semi-presidential,parliamentary,parliamentary,parliamentary,parliamentary,semi-presidential,semi-presidential,electoral-authoritarian,electoral-authoritarian,parliamentary,0.800,0.800,0.800,0.800,0.800,0.800,0.603,0.500,0.500,0.800,35.4,100.0,100.0,100.0,100.0,55.7,100.0,100.0,100.0,100.0
2032-09-01,1.1212,1.0295,0.9855,1.0072,1.0043,0.9929,0.9973,1.0033,0.9925,1.0036,0.9773,0.9824,1.1228,1.0307,1.0510,1.0144,1.0048,0.9930,0.9976,1.0035,0.9926,1.0036,0.9774,0.9830,3872.27,5854.29,4297.71,2886.62,2281.40,1410.51,200.25,3091.03,2276.11,584.51,1.0634,0.5800,1.0040,1.2699,0.8861,0.3185,1.3647,0.2602,0.1819,-0.7224,0.6041,0.6742,0.6068,0.6325,0.6423,0.7156,0.5776,0.7331,0.6643,0.7498,0.0045,0.0021,0.0081,0.0045,0.0045,0.0000,0.0015,0.0000,0.0026,0.0010,1.0000,1.0000,1.0000,1.0000,1.0000,1.0000,1.0000,1.0000,1.0000,1.0000,64.71,224.99,93.76,69.22,77.93,13.58,10.10,311.95,84.46,95.94,0.0000,0.0000,0.0000,0.0000,0.0000,0.0000,0.0000,0.0000,0.0000,0.0000,104304,74663,53998,54750,86225,66964,95775,572442,131417,91336,0,0,0,0,0,0,0,0,0,0,0.0000,0.0000,0.0000,0.0000,0.0000,0.0000,0.0000,0.0000,0.0000,0.0000,0,0,0,0,0,0,0,1,0,0,0,0,0,0,0,0,0,0,0,0,0.1100,0.0716,0.1127,0.0507,0.0797,0.0173,0.0730,0.1187,0.0157,0.1482,0.000,0.000,0.000,0.000,0.000,0.000,0.000,0.179,0.000,0.000,semi-presidential,parliamentary,parliamentary,parliamentary,parliamentary,semi-presidential,semi-presidential,electoral-authoritarian,electoral-authoritarian,parliamentary,0.800,0.800,0.800,0.800,0.800,0.800,0.613,0.500,0.500,0.800,40.6,100.0,100.0,100.0,100.0,58.6,100.0,100.0,100.0,100.0
2032-10-01,1.1136,1.0231,0.9865,1.0047,1.0032,0.9934,0.9960,1.0038,0.9929,1.0026,0.9746,0.9816,1.1138,1.0233,1.0240,1.0123,1.0018,1.0393,0.9962,1.0147,1.0745,1.0027,0.9746,0.9817,3876.87,5847.36,4294.10,2890.99,2285.88,1415.02,200.05,3097.02,2287.85,585.53,1.0622,0.5807,1.0050,1.2680,0.8843,0.3162,1.3700,0.2600,0.1811,-0.7368,0.6064,0.6754,0.6208,0.6474,0.6576,0.7194,0.5860,0.7172,0.6752,0.7471,0.0040,0.0022,0.0091,0.0044,0.0058,0.0006,0.0055,0.0033,0.0046,0.0037,1.0000,1.0000,1.0000,1.0000,1.0000,1.0000,1.0000,1.0000,1.0000,1.0000,64.77,225.08,93.53,69.58,78.40,13.48,10.17,315.38,85.67,95.30,0.0000,0.0000,0.0000,0.0000,0.0000,0.0000,0.0000,0.0000,0.0000,0.0000,104304,74663,53998,54750,86225,66964,95775,572442,131417,91336,0,0,0,0,0,0,0,0,0,0,0.0000,0.0000,0.0000,0.0000,0.0000,0.0000,0.0000,0.0000,0.0000,0.0000,0,0,0,0,0,0,0,1,0,0,0,0,0,0,0,0,0,0,0,0,0.1245,0.0774,0.1289,0.0571,0.0909,0.0219,0.0722,0.1192,0.0170,0.1468,0.000,0.000,0.000,0.000,0.000,0.000,0.000,0.181,0.000,0.000,semi-presidential,parliamentary,parliamentary,parliamentary,parliamentary,semi-presidential,semi-presidential,electoral-authoritarian,electoral-authoritarian,parliamentary,0.800,0.800,0.800,0.800,0.800,0.800,0.622,0.500,0.500,0.800,43.2,100.0,100.0,100.0,100.0,61.6,100.0,100.0,100.0,100.0
2032-11-01,1.1042,1.0187,0.9871,1.0027,1.0291,0.9938,0.9954,1.0088,0.9932,1.0011,0.9749,0.9809,1.1057,1.0192,0.9877,1.0100,1.1107,0.9939,1.0142,1.1112,0.9932,1.0015,1.0436,0.9810,3877.99,5856.27,4300.88,2896.23,2284.64,1420.13,199.95,3108.22,2292.95,587.28,1.0620,0.5799,1.0036,1.2657,0.8849,0.3138,1.3743,0.2595,0.1808,-0.7502,0.6104,0.6788,0.6246,0.6461,0.6367,0.7163,0.5784,0.7117,0.6773,0.7087,0.0078,0.0000,0.0213,0.0143,0.0243,0.0000,0.0092,0.0011,0.0002,0.0417,1.0000,1.0000,1.0000,1.0000,1.0000,1.0000,1.0000,1.0000,1.0000,1.0000,63.22,225.74,95.11,68.71,76.49,13.81,9.76,306.21,84.12,95.40,0.0000,0.0000,0.0000,0.0000,0.0000,0.0000,0.0000,0.0000,0.0000,0.0000,104304,74663,53998,54750,86225,66964,95775,572442,131417,91336,0,0,0,0,0,0,0,0,0,0,0.0000,0.0000,0.0000,0.0000,0.0000,0.0000,0.0000,0.0000,0.0000,0.0000,0,0,0,0,0,0,0,1,0,0,0,0,0,0,0,0,0,0,0,0,0.1280,0.0792,0.1326,0.0589,0.0993,0.0229,0.0805,0.1168,0.0174,0.1455,0.000,0.000,0.000,0.000,0.000,0.000,0.000,0.181,0.000,0.000,semi-presidential,parliamentary,parliamentary,parliamentary,parliamentary,semi-presidential,semi-presidential,electoral-authoritarian,electoral-authoritarian,parliamentary,0.800,0.800,0.800,0.800,0.800,0.800,0.632,0.500,0.500,0.800,45.8,100.0,100.0,100.0,100.0,64.5,100.0,100.0,100.0,100.0
2032-12-01,1.0928,1.0152,0.9879,1.0017,1.0449,0.9928,0.9973,1.0087,0.9942,1.0010,0.9766,0.9813,1.0952,1.0160,1.0958,1.0213,1.1089,0.9929,1.0976,1.0087,1.0350,1.0012,0.9815,0.9814,3881.95,5844.34,4307.29,2893.46,2294.05,1424.51,200.19,3116.68,2302.79,589.24,1.0610,0.5811,1.0022,1.2668,0.8813,0.3117,1.3758,0.2593,0.1801,-0.7633,0.6185,0.6852,0.6373,0.6323,0.6581,0.7177,0.5911,0.6927,0.6803,0.7084,0.0107,0.0037,0.0217,0.0252,0.0258,0.0000,0.0103,0.0021,0.0059,0.0316,1.0000,1.0000,1.0000,1.0000,1.0000,1.0000,1.0000,1.0000,1.0000,1.0000,62.59,223.89,93.13,65.17,74.95,14.70,9.73,299.92,82.90,94.74,0.0000,0.0000,0.0000,0.0000,0.0000,0.0000,0.0000,0.0000,0.0000,0.0000,104304,74663,53998,54750,86225,66964,95775,572442,131417,91336,0,0,0,0,0,0,0,0,0,0,0.0000,0.0000,0.0000,0.0000,0.0000,0.0000,0.0000,0.0000,0.0000,0.0000,0,0,0,0,0,0,0,1,0,0,0,0,0,0,0,0,0,0,0,0,0.1349,0.0819,0.1387,0.0601,0.1049,0.0243,0.0822,0.1169,0.0186,0.1474,0.000,0.000,0.000,0.000,0.000,0.000,0.000,0.180,0.000,0.000,semi-presidential,parliamentary,parliamentary,parliamentary,parliamentary,semi-presidential,semi-presidential,electoral-authoritarian,electoral-authoritarian,parliamentary,0.800,0.800,0.800,0.800,0.800,0.800,0.642,0.500,0.500,0.800,48.5,100.0,100.0,100.0,100.0,67.5,100.0,100.0,100.0,100.0
2033-01-01,1.0814,1.0106,0.9929,1.0041,1.0571,0.9894,1.0011,1.0095,0.9971,1.0020,0.9787,0.9845,1.0824,1.0109,1.1655,1.0257,1.1029,0.9903,1.1241,1.0449,1.0901,1.0076,1.0657,0.9856,3883.41,5844.58,4320.04,2898.23,2302.26,1428.19,199.71,3116.38,2308.86,589.36,1.0607,0.5813,0.9993,1.2648,0.8781,0.3096,1.3819,0.2598,0.1797,-0.7786,0.6231,0.6967,0.6373,0.6146,0.6610,0.7258,0.6104,0.6760,0.6863,0.7016,0.0201,0.0061,0.0313,0.0283,0.0308,0.0000,0.0153,0.0048,0.0104,0.0349,1.0000,1.0000,1.0000,1.0000,1.0000,1.0000,1.0000,1.0000,1.0000,1.0000,61.61,221.35,91.81,63.35,73.58,15.06,7.34,291.51,81.62,93.73,0.0000,0.0000,0.0000,0.0000,0.0000,0.0000,0.0000,0.0000,0.0000,0.0000,104304,74663,53998,54750,86225,66964,95775,572442,131417,91336,0,0,0,0,0,0,0,0,0,0,0.0000,0.0000,0.0000,0.0000,0.0000,0.0000,0.0000,0.0000,0.0000,0.0000,0,0,0,0,0,0,0,0,0,0,0,0,0,0,0,0,0,0,0,0,0.1373,0.0836,0.1456,0.0674,0.1070,0.0263,0.0847,0.1168,0.0201,0.1458,0.000,0.000,0.000,0.000,0.000,0.000,0.000,0.173,0.000,0.000,semi-presidential,parliamentary,parliamentary,parliamentary,parliamentary,semi-presidential,semi-presidential,electoral-authoritarian,electoral-authoritarian,parliamentary,0.800,0.800,0.800,0.800,0.800,0.800,0.652,0.500,0.500,0.800,51.2,100.0,100.0,100.0,100.0,70.5,100.0,100.0,100.0,100.0
2033-02-01,1.0644,1.0076,0.9977,1.0075,1.0638,0.9848,1.0016,1.0096,0.9993,1.0024,0.9783,0.9891,1.0670,1.0080,1.1961,1.0307,1.0905,0.9854,1.0184,1.0359,0.9994,1.0025,0.9788,0.9895,3884.78,5856.07,4339.18,2910.40,2311.72,1434.37,199.91,3127.94,2321.40,591.34,1.0604,0.5803,0.9950,1.2596,0.8746,0.3069,1.3831,0.2594,0.1789,-0.7913,0.6352,0.6997,0.6469,0.6295,0.6791,0.7324,0.6091,0.6865,0.6859,0.7025,0.0153,0.0071,0.0216,0.0261,0.0209,0.0000,0.0054,0.0002,0.0079,0.0156,1.0000,1.0000,1.0000,1.0000,1.0000,1.0000,1.0000,1.0000,1.0000,1.0000,60.93,222.05,92.50,63.21,73.10,15.22,7.38,289.17,81.35,92.82,0.0000,0.0000,0.0000,0.0000,0.0000,0.0000,0.0000,0.0000,0.0000,0.0000,104304,74663,53998,54750,86225,66964,95775,572442,131417,91336,0,0,0,0,0,0,0,0,0,0,0.0000,0.0000,0.0000,0.0000,0.0000,0.0000,0.0000,0.0000,0.0000,0.0000,0,0,0,0,0,0,0,0,0,0,0,0,0,0,0,0,0,0,0,0,0.1408,0.0868,0.1491,0.0702,0.1102,0.0291,0.0877,0.1183,0.0227,0.1436,0.000,0.000,0.000,0.000,0.000,0.000,0.000,0.150,0.000,0.000,semi-presidential,parliamentary,parliamentary,parliamentary,parliamentary,semi-presidential,semi-presidential,electoral-authoritarian,electoral-authoritarian,parliamentary,0.800,0.800,0.800,0.800,0.800,0.800,0.662,0.500,0.500,0.800,53.9,100.0,100.0,100.0,100.0,73.5,100.0,100.0,100.0,100.0
2033-03-01,1.0504,1.0053,1.0032,1.0109,1.0656,0.9819,1.0015,1.0090,0.9983,1.0032,0.9759,0.9932,1.0529,1.0058,1.2318,1.0324,1.0721,0.9820,1.0015,1.0090,0.9984,1.0088,0.9767,0.9934,3899.25,5866.82,4348.35,2910.40,2319.86,1440.31,200.08,3129.89,2336.03,591.65,1.0565,0.5794,0.9930,1.2596,0.8717,0.3044,1.3844,0.2599,0.1779,-0.8061,0.6476,0.7053,0.6653,0.6295,0.6954,0.7398,0.6222,0.6868,0.6843,0.7156,0.0155,0.0080,0.0193,0.0242,0.0170,0.0000,0.0031,0.0000,0.0090,0.0056,1.0000,1.0000,1.0000,1.0000,1.0000,1.0000,1.0000,1.0000,1.0000,1.0000,60.17,220.45,92.15,62.90,72.64,15.20,7.35,286.00,80.76,92.15,0.0000,0.0000,0.0000,0.0000,0.0000,0.0000,0.0000,0.0000,0.0000,0.0000,104304,74663,53998,54750,86225,66964,95775,572442,131417,91336,0,0,0,0,0,0,0,0,0,0,0.0000,0.0000,0.0000,0.0000,0.0000,0.0000,0.0000,0.0000,0.0000,0.0000,0,0,0,0,0,0,0,0,0,0,0,0,0,0,0,0,0,0,0,0,0.1483,0.0897,0.1529,0.0737,0.1136,0.0318,0.0906,0.1202,0.0254,0.1425,0.000,0.000,0.000,0.000,0.000,0.000,0.000,0.129,0.000,0.000,semi-presidential,parliamentary,parliamentary,parliamentary,parliamentary,semi-presidential,semi-presidential,electoral-authoritarian,electoral-authoritarian,parliamentary,0.800,0.800,0.800,0.800,0.800,0.800,0.672,0.500,0.500,0.800,56.8,100.0,100.0,100.0,100.0,76.6,100.0,100.0,100.0,100.0
2033-04-01,1.0341,1.0046,1.0086,1.0143,1.0663,0.9823,1.0012,1.0080,0.9974,1.0046,0.9761,0.9935,1.0346,1.0046,1.1719,1.0332,1.0776,1.0033,1.0418,1.0088,1.0129,1.0067,1.0177,0.9935,3917.51,5869.19,4374.48,2917.09,2329.52,1443.08,200.87,3139.99,2346.98,593.60,1.0516,0.5796,0.9871,1.2567,0.8682,0.3025,1.3813,0.2597,0.1772,-0.8185,0.6587,0.7181,0.6825,0.6500,0.7154,0.7592,0.6270,0.7084,0.6840,0.7207,0.0141,0.0059,0.0190,0.0207,0.0162,0.0003,0.0061,0.0010,0.0072,0.0098,1.0000,1.0000,1.0000,1.0000,1.0000,1.0000,1.0000,1.0000,1.0000,1.0000,60.05,220.42,92.33,62.66,72.37,14.98,7.36,286.37,81.24,91.40,0.0000,0.0000,0.0000,0.0000,0.0000,0.0000,0.0000,0.0000,0.0000,0.0000,104304,74663,53998,54750,86225,66964,95775,572442,131417,91336,0,0,0,0,0,0,0,0,0,0,0.0000,0.0000,0.0000,0.0000,0.0000,0.0000,0.0000,0.0000,0.0000,0.0000,0,0,0,0,0,0,0,0,0,0,0,0,0,0,0,0,0,0,0,0,0.1487,0.0900,0.1527,0.0739,0.1138,0.0324,0.0911,0.1205,0.0261,0.1414,0.000,0.000,0.000,0.000,0.000,0.000,0.000,0.106,0.000,0.000,semi-presidential,parliamentary,parliamentary,parliamentary,parliamentary,semi-presidential,semi-presidential,electoral-authoritarian,electoral-authoritarian,parliamentary,0.800,0.800,0.800,0.800,0.800,0.800,0.682,0.500,0.500,0.800,59.7,32.8,100.0,100.0,100.0,79.7,100.0,100.0,100.0,100.0
2033-05-01,1.0200,1.0026,1.0109,1.0164,1.0650,0.9815,1.0030,1.0074,0.9992,1.0052,0.9786,0.9943,1.0213,1.0028,1.0644,1.0297,1.0651,0.9816,1.0553,1.0076,1.0470,1.0053,1.0933,0.9944,3935.02,5870.81,4392.90,2931.15,2343.96,1450.88,200.74,3146.44,2358.80,592.92,1.0469,0.5798,0.9831,1.2506,0.8630,0.2995,1.3843,0.2599,0.1764,-0.8345,0.6677,0.7264,0.6887,0.6660,0.7284,0.7660,0.6369,0.7045,0.7082,0.7225,0.0090,0.0017,0.0139,0.0087,0.0085,0.0000,0.0082,0.0026,0.0039,0.0095,1.0000,1.0000,1.0000,1.0000,1.0000,1.0000,1.0000,1.0000,1.0000,1.0000,60.36,221.44,93.81,64.07,73.45,15.03,7.37,289.80,82.56,90.69,0.0000,0.0000,0.0000,0.0000,0.0000,0.0000,0.0000,0.0000,0.0000,0.0000,104304,74663,53998,54750,86225,66964,95775,572442,131417,91336,0,0,0,0,0,0,0,0,0,0,0.0000,0.0000,0.0000,0.0000,0.0000,0.0000,0.0000,0.0000,0.0000,0.0000,0,0,0,0,0,0,0,0,0,0,0,0,0,0,0,0,0,0,0,0,0.1496,0.0911,0.1542,0.0753,0.1150,0.0330,0.0893,0.1211,0.0272,0.1402,0.000,0.000,0.000,0.000,0.000,0.000,0.000,0.087,0.000,0.000,semi-presidential,parliamentary,parliamentary,parliamentary,parliamentary,semi-presidential,semi-presidential,electoral-authoritarian,electoral-authoritarian,parliamentary,0.800,0.800,0.800,0.800,0.800,0.800,0.691,0.500,0.500,0.800,62.6,35.7,100.0,100.0,100.0,83.0,100.0,100.0,100.0,100.0
2033-06-01,1.0090,1.0031,1.0128,1.0165,1.0626,0.9797,1.0040,1.0042,1.0006,1.0075,0.9820,0.9946,1.0106,1.0262,1.0860,1.0230,1.0631,0.9800,1.0271,1.0045,1.0053,1.0074,1.1039,0.9945,3953.86,5878.78,4400.16,2941.33,2357.18,1455.99,200.77,3155.88,2374.85,594.54,1.0420,0.5794,0.9815,1.2464,0.8583,0.2971,1.3860,0.2600,0.1754,-0.8599,0.6740,0.7273,0.6875,0.6762,0.7342,0.7641,0.6330,0.7068,0.7126,0.7181,0.0126,0.0050,0.0158,0.0075,0.0111,0.0020,0.0049,0.0008,0.0051,0.0075,0.9783,0.9808,0.9888,0.9824,0.9787,0.9856,0.9989,1.0000,0.9863,1.0000,61.63,222.02,94.57,66.34,75.18,14.60,7.36,296.61,84.08,88.62,0.0000,0.0000,0.0000,0.0000,0.0000,0.0000,0.0000,0.0000,0.0000,0.0000,104304,74663,53998,54750,86225,66964,95775,572442,131417,91336,0,0,0,0,0,0,0,0,0,0,0.0000,0.0000,0.0000,0.0000,0.0000,0.0000,0.0000,0.0000,0.0000,0.0000,0,0,0,0,0,0,0,0,0,0,0,0,0,0,0,0,0,0,0,0,0.1497,0.0911,0.1544,0.0765,0.1147,0.0325,0.0864,0.1230,0.0269,0.1376,0.000,0.000,0.000,0.000,0.000,0.000,0.000,0.069,0.000,0.000,semi-presidential,parliamentary,parliamentary,parliamentary,parliamentary,semi-presidential,semi-presidential,electoral-authoritarian,electoral-authoritarian,parliamentary,0.800,0.800,0.800,0.800,0.800,0.800,0.701,0.500,0.500,0.800,65.6,38.5,100.0,100.0,100.0,86.2,100.0,100.0,100.0,100.0
2033-07-01,1.0024,1.0024,1.0160,1.0153,1.0573,0.9792,1.0032,1.0006,1.0008,1.0098,0.9868,0.9959,1.0026,1.0024,1.1743,1.0211,1.0586,0.9791,1.0034,1.0010,1.0214,1.0095,1.1465,0.9964,3971.30,5883.90,4406.53,2948.16,2368.46,1464.52,201.07,3173.52,2380.06,596.35,1.0375,0.5793,0.9802,1.2435,0.8543,0.2941,1.3857,0.2594,0.1751,-0.8720,0.6769,0.7330,0.6912,0.6914,0.7451,0.7619,0.6285,0.7059,0.7136,0.7101,0.0158,0.0050,0.0203,0.0111,0.0146,0.0000,0.0060,0.0015,0.0070,0.0103,1.0000,1.0000,1.0000,1.0000,1.0000,1.0000,1.0000,1.0000,1.0000,1.0000,63.08,222.45,93.66,67.37,76.93,14.35,7.32,303.80,85.22,90.21,0.0000,0.0000,0.0000,0.0000,0.0000,0.0000,0.0000,0.0000,0.0000,0.0000,104304,74663,53998,54750,86225,66964,95775,572442,131417,91336,0,0,0,0,0,0,0,0,0,0,0.0000,0.0000,0.0000,0.0000,0.0000,0.0000,0.0000,0.0000,0.0000,0.0000,0,0,0,0,0,0,0,0,0,0,0,0,0,0,0,0,0,0,0,0,0.1513,0.0917,0.1555,0.0774,0.1158,0.0327,0.0834,0.1241,0.0273,0.1371,0.000,0.000,0.000,0.000,0.000,0.000,0.000,0.048,0.000,0.000,semi-presidential,parliamentary,parliamentary,parliamentary,parliamentary,semi-presidential,semi-presidential,electoral-authoritarian,electoral-authoritarian,parliamentary,0.800,0.800,0.800,0.800,0.800,0.800,0.711,0.500,0.500,0.800,68.6,41.4,100.0,100.0,100.0,89.4,100.0,100.0,30.0,100.0
2033-08-01,0.9965,1.0022,1.0194,1.0140,1.0513,0.9793,1.0024,0.9978,1.0019,1.0117,0.9930,0.9985,0.9974,1.0297,1.1306,1.0209,1.0517,1.0034,1.0024,0.9984,1.0081,1.0116,1.1795,0.9988,3980.79,5888.76,4419.49,2953.22,2375.34,1473.16,201.18,3182.61,2393.06,598.07,1.0351,0.5792,0.9771,1.2414,0.8520,0.2910,1.3866,0.2595,0.1734,-0.8842,0.6809,0.7408,0.6974,0.6895,0.7404,0.7556,0.6264,0.6952,0.7080,0.7086,0.0174,0.0072,0.0210,0.0110,0.0154,0.0027,0.0065,0.0010,0.0071,0.0106,0.9743,0.9773,0.9867,0.9791,0.9748,0.9829,0.9987,1.0000,0.9838,1.0000,61.60,219.88,92.05,65.60,75.01,14.06,7.29,297.87,84.53,87.83,0.0000,0.0000,0.0000,0.0000,0.0000,0.0000,0.0000,0.0000,0.0000,0.0000,104304,74663,53998,54750,86225,66964,95775,572442,131417,91336,0,0,0,0,0,0,0,0,0,0,0.0000,0.0000,0.0000,0.0000,0.0000,0.0000,0.0000,0.0000,0.0000,0.0000,0,0,0,0,0,0,0,0,0,0,0,0,0,0,0,0,0,0,0,0,0.1521,0.0929,0.1572,0.0786,0.1171,0.0337,0.0846,0.1239,0.0288,0.1356,0.000,0.000,0.000,0.000,0.000,0.000,0.000,0.031,0.000,0.000,semi-presidential,parliamentary,parliamentary,parliamentary,parliamentary,semi-presidential,semi-presidential,electoral-authoritarian,electoral-authoritarian,parliamentary,0.800,0.800,0.800,0.800,0.800,0.800,0.721,0.500,0.500,0.800,71.6,44.3,100.0,100.0,100.0,92.6,100.0,100.0,33.2,100.0
2033-09-01,0.9917,1.0022,1.0206,1.0126,1.0438,0.9833,0.9995,0.9962,1.0024,1.0118,0.9975,0.9994,0.9917,1.0024,1.0906,1.0185,1.0452,1.1007,1.0001,0.9962,1.0024,1.0118,1.0640,0.9994,4004.62,5893.41,4434.61,2964.25,2380.76,1481.45,201.57,3191.49,2407.57,598.21,1.0290,0.5793,0.9737,1.2369,0.8502,0.2880,1.3853,0.2597,0.1716,-0.8977,0.6828,0.7505,0.7063,0.6994,0.7441,0.7585,0.6220,0.7167,0.7222,0.6971,0.0090,0.0048,0.0128,0.0070,0.0075,0.0016,0.0021,0.0003,0.0034,0.0039,1.0000,1.0000,1.0000,1.0000,1.0000,1.0000,1.0000,1.0000,1.0000,1.0000,63.18,221.15,92.07,66.61,76.43,13.96,7.29,305.58,86.53,89.16,0.0000,0.0000,0.0000,0.0000,0.0000,0.0000,0.0000,0.0000,0.0000,0.0000,104304,74663,53998,54750,86225,66964,95775,572442,131417,91336,0,0,0,0,0,0,0,0,0,0,0.0000,0.0000,0.0000,0.0000,0.0000,0.0000,0.0000,0.0000,0.0000,0.0000,0,0,0,0,0,0,0,0,0,0,0,0,0,0,0,0,0,0,0,0,0.1521,0.0932,0.1568,0.0788,0.1171,0.0341,0.0830,0.1255,0.0296,0.1357,0.000,0.000,0.000,0.000,0.000,0.000,0.000,0.013,0.000,0.000,semi-presidential,parliamentary,parliamentary,parliamentary,parliamentary,semi-presidential,semi-presidential,electoral-authoritarian,electoral-authoritarian,parliamentary,0.800,0.800,0.800,0.800,0.800,0.800,0.731,0.500,0.500,0.800,74.6,47.9,100.0,100.0,100.0,95.8,100.0,100.0,36.4,100.0
2033-10-01,0.9882,0.9996,1.0216,1.0126,1.0358,0.9873,0.9972,0.9957,1.0021,1.0102,0.9984,0.9981,0.9884,0.9997,1.0878,1.0183,1.0374,1.1210,0.9977,0.9958,1.0062,1.0104,1.0149,0.9982,4008.87,5895.17,4441.84,2968.99,2387.54,1487.90,201.54,3211.86,2419.34,597.90,1.0280,0.5797,0.9722,1.2350,0.8479,0.2855,1.3918,0.2589,0.1700,-0.9050,0.6786,0.7387,0.7060,0.6988,0.7398,0.7615,0.6486,0.7173,0.7259,0.6983,0.0075,0.0050,0.0109,0.0071,0.0065,0.0018,0.0007,0.0002,0.0035,0.0018,1.0000,1.0000,1.0000,1.0000,1.0000,1.0000,1.0000,1.0000,1.0000,1.0000,64.01,221.55,91.19,65.60,77.14,13.95,7.23,309.78,87.33,89.23,0.0000,0.0000,0.0000,0.0000,0.0000,0.0000,0.0000,0.0000,0.0000,0.0000,104304,74663,53998,54750,86225,66964,95775,572442,131417,91336,0,0,0,0,0,0,0,0,0,0,0.0000,0.0000,0.0000,0.0000,0.0000,0.0000,0.0000,0.0000,0.0000,0.0000,0,0,0,0,0,0,0,0,0,0,0,0,0,0,0,0,0,0,0,0,0.1490,0.0912,0.1532,0.0758,0.1144,0.0327,0.0826,0.1252,0.0285,0.1356,0.000,0.000,0.000,0.000,0.000,0.000,0.000,0.009,0.000,0.000,semi-presidential,parliamentary,parliamentary,parliamentary,parliamentary,semi-presidential,semi-presidential,electoral-authoritarian,electoral-authoritarian,parliamentary,0.800,0.800,0.800,0.800,0.800,0.800,0.741,0.500,0.500,0.800,77.6,51.3,100.0,100.0,100.0,99.0,100.0,100.0,39.7,30.0
2033-11-01,0.9879,0.9978,1.0228,1.0138,1.0291,0.9887,0.9952,0.9949,1.0012,1.0078,0.9992,0.9962,0.9900,0.9982,1.0836,1.0289,1.0298,0.9887,0.9954,0.9949,1.0013,1.0087,1.0387,0.9964,4011.32,5895.07,4438.31,2970.08,2397.16,1492.02,201.55,3215.11,2432.75,600.00,1.0274,0.5802,0.9730,1.2347,0.8447,0.2834,1.3925,0.2596,0.1684,-0.9160,0.6713,0.7409,0.6932,0.6854,0.7330,0.7593,0.6626,0.7162,0.7501,0.7038,0.0056,0.0021,0.0090,0.0096,0.0051,0.0001,0.0030,0.0002,0.0024,0.0026,1.0000,1.0000,1.0000,1.0000,1.0000,1.0000,1.0000,1.0000,1.0000,1.0000,64.33,221.49,90.01,64.80,77.57,13.81,7.20,313.21,87.99,88.38,0.0000,0.0000,0.0000,0.0000,0.0000,0.0000,0.0000,0.0000,0.0000,0.0000,104304,74663,53998,54750,86225,66964,95775,572442,131417,91336,0,0,0,0,0,0,0,0,0,0,0.0000,0.0000,0.0000,0.0000,0.0000,0.0000,0.0000,0.0000,0.0000,0.0000,0,0,0,0,0,0,0,0,0,0,0,0,0,0,0,0,0,0,0,0,0.1370,0.0851,0.1400,0.0682,0.1049,0.0301,0.0798,0.1267,0.0258,0.1370,0.000,0.000,0.000,0.000,0.000,0.000,0.000,0.009,0.000,0.000,semi-presidential,parliamentary,parliamentary,parliamentary,parliamentary,semi-presidential,semi-presidential,electoral-authoritarian,electoral-authoritarian,parliamentary,0.800,0.800,0.800,0.800,0.800,0.800,0.748,0.500,0.500,0.800,80.6,54.8,100.0,100.0,100.0,100.0,100.0,100.0,43.1,32.7
2033-12-01,0.9876,0.9957,1.0225,1.0171,1.0230,0.9880,0.9938,0.9959,0.9986,1.0036,1.0021,0.9964,0.9876,0.9961,1.0226,1.0363,1.0240,0.9881,0.9996,1.0509,0.9989,1.0039,1.0902,0.9967,4027.71,5908.06,4455.91,2982.20,2403.28,1496.87,201.29,3216.06,2447.35,599.64,1.0233,0.5795,0.9692,1.2298,0.8426,0.2812,1.3954,0.2604,0.1666,-0.9308,0.6749,0.7376,0.6982,0.6891,0.7443,0.7607,0.6492,0.7160,0.7306,0.7090,0.0057,0.0000,0.0102,0.0077,0.0038,0.0000,0.0090,0.0008,0.0002,0.0080,1.0000,1.0000,1.0000,1.0000,1.0000,1.0000,1.0000,1.0000,1.0000,1.0000,64.42,222.16,90.15,64.74,77.66,13.93,7.23,314.57,88.50,88.38,0.0000,0.0000,0.0000,0.0000,0.0000,0.0000,0.0000,0.0000,0.0000,0.0000,104304,74663,53998,54750,86225,66964,95775,572442,131417,91336,0,0,0,0,0,0,0,0,0,0,0.0000,0.0000,0.0000,0.0000,0.0000,0.0000,0.0000,0.0000,0.0000,0.0000,0,0,0,0,0,0,0,0,0,0,0,0,0,0,0,0,0,0,0,0,0.1516,0.0917,0.1559,0.0756,0.1167,0.0320,0.0806,0.1272,0.0287,0.1368,0.000,0.000,0.000,0.000,0.000,0.000,0.000,0.009,0.000,0.000,semi-presidential,parliamentary,parliamentary,parliamentary,parliamentary,semi-presidential,semi-presidential,electoral-authoritarian,electoral-authoritarian,parliamentary,0.800,0.800,0.800,0.800,0.800,0.800,0.757,0.500,0.500,0.800,83.5,58.2,100.0,100.0,100.0,100.0,100.0,100.0,46.4,35.5
2034-01-01,0.9884,0.9940,1.0206,1.0214,1.0180,0.9860,0.9936,0.9972,0.9985,1.0014,1.0054,0.9967,1.0864,1.0274,1.0581,1.0435,1.0367,1.0330,1.0000,1.0062,1.0637,1.0077,1.0754,0.9970,4039.28,5923.10,4474.14,2984.63,2406.80,1503.07,199.22,3242.61,2455.44,601.04,1.0205,0.5786,0.9653,1.2289,0.8415,0.2788,1.4111,0.2599,0.1653,-0.9429,0.6728,0.7364,0.6933,0.6742,0.7373,0.7549,0.5296,0.7180,0.7147,0.7068,0.0152,0.0114,0.0174,0.0248,0.0195,0.0007,0.0920,0.0035,0.0135,0.0126,0.9747,0.9746,0.9877,0.9736,0.9746,1.0000,0.9649,1.0000,0.9688,1.0000,62.12,217.24,88.83,62.41,74.81,14.06,5.67,302.70,85.84,87.10,0.0000,0.0000,0.0000,0.0000,0.0000,0.0000,0.4608,0.0424,0.0000,0.0000,104304,74663,53998,54750,86225,66964,95775,572442,131417,91336,0,0,0,0,0,0,0,0,0,0,0.0000,0.0000,0.0000,0.0000,0.0000,0.0000,0.0164,0.0069,0.0000,0.0000,0,0,0,0,0,0,0,1,0,0,0,0,0,0,0,0,1,1,0,0,0.1518,0.0915,0.1561,0.0756,0.1167,0.0331,0.0755,0.1261,0.0286,0.1350,0.000,0.000,0.000,0.000,0.000,0.000,0.000,0.128,0.000,0.000,semi-presidential,parliamentary,parliamentary,parliamentary,parliamentary,semi-presidential,semi-presidential,electoral-authoritarian,electoral-authoritarian,parliamentary,0.800,0.800,0.800,0.800,0.800,0.800,0.774,0.500,0.500,0.800,86.5,61.6,100.0,100.0,100.0,100.0,100.0,100.0,49.5,38.2
2034-02-01,0.9888,0.9921,1.0184,1.0233,1.0139,0.9869,0.9924,0.9959,1.0008,0.9998,1.0062,0.9990,1.0669,1.0254,1.0562,1.0366,1.0330,1.0409,0.9939,0.9972,1.0254,1.0044,1.0550,0.9993,4049.25,5930.13,4489.32,2994.15,2422.57,1509.26,197.72,3243.65,2470.95,600.83,1.0180,0.5785,0.9621,1.2251,0.8360,0.2764,1.4226,0.2607,0.1635,-0.9574,0.6774,0.7324,0.6983,0.6773,0.7356,0.7533,0.4855,0.7076,0.7115,0.7040,0.0131,0.0106,0.0147,0.0190,0.0165,0.0001,0.0654,0.0017,0.0115,0.0101,0.9750,0.9749,0.9878,0.9739,0.9749,1.0000,0.9652,1.0000,0.9692,1.0000,61.80,216.36,89.68,62.79,74.73,14.07,5.48,299.22,85.71,87.92,0.0000,0.0000,0.0000,0.0000,0.0000,0.0000,0.4607,0.0426,0.0000,0.0000,104304,74663,53998,54750,86225,66964,95775,572442,131417,91336,0,0,0,0,0,0,0,0,0,0,0.0000,0.0000,0.0000,0.0000,0.0000,0.0000,0.0256,0.0161,0.0000,0.0000,0,0,0,0,0,0,0,1,0,0,0,0,0,0,0,0,1,1,0,0,0.1534,0.0928,0.1576,0.0779,0.1181,0.0341,0.0764,0.1240,0.0298,0.1350,0.000,0.000,0.000,0.000,0.000,0.000,0.000,0.127,0.000,0.000,semi-presidential,parliamentary,parliamentary,parliamentary,parliamentary,semi-presidential,semi-presidential,electoral-authoritarian,electoral-authoritarian,parliamentary,0.800,0.800,0.800,0.800,0.800,0.800,0.783,0.500,0.500,0.800,89.5,65.0,100.0,100.0,100.0,100.0,100.0,100.0,52.7,41.0
2034-03-01,0.9889,0.9898,1.0138,1.0238,1.0109,0.9909,0.9916,0.9950,1.0012,0.9992,1.0092,1.0006,1.0673,1.0223,1.0518,1.0390,1.0298,1.1765,0.9931,0.9963,1.0135,1.0330,1.1012,1.0005,4072.11,5945.48,4505.81,2993.13,2431.21,1520.56,197.14,3251.60,2480.59,601.22,1.0124,0.5776,0.9587,1.2257,0.8330,0.2731,1.4275,0.2610,0.1622,-0.9710,0.6797,0.7346,0.7081,0.6824,0.7378,0.7655,0.4749,0.6869,0.7235,0.6972,0.0167,0.0134,0.0186,0.0224,0.0185,0.0018,0.0683,0.0017,0.0118,0.0112,0.9758,0.9756,0.9883,0.9747,0.9760,1.0000,0.9661,1.0000,0.9700,1.0000,61.94,216.28,89.22,61.85,74.77,14.08,5.43,299.31,85.81,87.80,0.0000,0.0000,0.0000,0.0000,0.0000,0.0000,0.4608,0.0424,0.0000,0.0000,104304,74663,53998,54750,86225,66964,95775,572442,131417,91336,0,0,0,0,0,0,0,0,0,0,0.0000,0.0000,0.0000,0.0000,0.0000,0.0000,0.0348,0.0253,0.0000,0.0000,0,0,0,0,0,0,0,1,0,0,0,0,0,0,0,0,1,1,0,0,0.1544,0.0939,0.1593,0.0789,0.1197,0.0412,0.0805,0.1250,0.0312,0.1349,0.000,0.000,0.000,0.000,0.000,0.000,0.000,0.126,0.000,0.000,semi-presidential,parliamentary,parliamentary,parliamentary,parliamentary,semi-presidential,semi-presidential,electoral-authoritarian,electoral-authoritarian,parliamentary,0.800,0.800,0.800,0.800,0.800,0.800,0.792,0.500,0.500,0.800,92.5,68.5,100.0,100.0,100.0,100.0,100.0,100.0,56.0,43.7
2034-04-01,0.9892,0.9867,1.0103,1.0214,1.0105,0.9981,0.9906,0.9947,1.0010,1.0024,1.0122,1.0023,1.0670,1.0182,1.0462,1.0275,1.0365,1.2056,0.9921,0.9961,1.0130,1.0323,1.0860,1.0026,4093.73,5964.84,4523.73,3006.18,2438.51,1529.32,196.55,3267.99,2490.77,602.06,1.0071,0.5762,0.9549,1.2204,0.8305,0.2703,1.4324,0.2608,0.1607,-0.9838,0.6827,0.7377,0.7164,0.6832,0.7294,0.7689,0.4727,0.6972,0.7090,0.6930,0.0163,0.0136,0.0190,0.0191,0.0202,0.0021,0.0676,0.0016,0.0117,0.0127,0.9761,0.9760,0.9884,0.9751,0.9761,1.0000,0.9653,1.0000,0.9705,1.0000,63.08,218.13,91.54,64.73,76.45,14.01,5.50,305.49,86.91,87.99,0.0000,0.0000,0.0000,0.0000,0.0000,0.0000,0.4592,0.0409,0.0000,0.0000,104304,74663,53998,54750,86225,66964,95775,572442,131417,91336,0,0,0,0,0,0,0,0,0,0,0.0000,0.0000,0.0000,0.0000,0.0000,0.0000,0.0440,0.0368,0.0000,0.0000,0,0,0,0,0,0,0,1,0,0,0,0,0,0,0,0,1,1,0,0,0.1551,0.0993,0.1608,0.0814,0.1200,0.0422,0.0848,0.1267,0.0314,0.1307,0.000,0.000,0.000,0.000,0.000,0.000,0.000,0.126,0.000,0.000,semi-presidential,parliamentary,parliamentary,parliamentary,parliamentary,semi-presidential,semi-presidential,electoral-authoritarian,electoral-authoritarian,parliamentary,0.800,0.800,0.800,0.800,0.800,0.800,0.800,0.500,0.500,0.800,95.5,71.9,100.0,100.0,100.0,100.0,100.0,100.0,59.2,46.3
2034-05-01,0.9895,0.9866,1.0082,1.0188,1.0142,1.0042,0.9897,0.9936,1.0000,1.0050,1.0161,1.0038,1.0647,1.0309,1.0446,1.0261,1.0560,1.2108,0.9911,0.9953,1.0125,1.0321,1.1108,1.0039,4117.29,5971.97,4554.46,3007.31,2447.49,1536.22,196.12,3284.90,2505.08,603.10,1.0013,0.5761,0.9485,1.2201,0.8275,0.2678,1.4362,0.2604,0.1591,-0.9963,0.6853,0.7366,0.7137,0.6885,0.7280,0.7811,0.4767,0.7041,0.7134,0.6770,0.0185,0.0150,0.0224,0.0232,0.0258,0.0030,0.0657,0.0016,0.0127,0.0194,0.9640,0.9653,0.9821,0.9650,0.9639,0.9930,0.9555,1.0000,0.9624,1.0000,62.70,217.25,91.43,64.27,75.46,13.87,5.40,304.12,86.83,87.11,0.0000,0.0000,0.0000,0.0000,0.0000,0.0000,0.4596,0.0410,0.0000,0.0000,104304,74663,53998,54750,86225,66964,95775,572442,131417,91336,0,0,0,0,0,0,0,0,0,0,0.0000,0.0000,0.0000,0.0000,0.0000,0.0000,0.0555,0.0460,0.0000,0.0000,0,0,0,0,0,0,0,1,0,0,0,0,0,0,0,0,1,1,0,0,0.1575,0.1004,0.1622,0.0826,0.1217,0.0434,0.0863,0.1288,0.0329,0.1326,0.000,0.000,0.000,0.000,0.000,0.000,0.000,0.125,0.000,0.000,semi-presidential,parliamentary,parliamentary,parliamentary,parliamentary,semi-presidential,semi-presidential,electoral-authoritarian,electoral-authoritarian,parliamentary,0.800,0.800,0.800,0.800,0.800,0.800,0.800,0.500,0.500,0.800,98.5,75.3,100.0,100.0,100.0,100.0,100.0,100.0,62.4,48.9
2034-06-01,0.9894,0.9890,1.0052,1.0174,1.0162,1.0098,0.9884,0.9922,0.9977,1.0066,1.0164,1.0038,1.0676,1.0627,1.0419,1.0328,1.0360,1.1420,0.9898,0.9933,1.0096,1.0162,1.0180,1.0039,4137.05,5981.50,4577.55,3015.65,2464.31,1547.35,195.90,3299.36,2524.11,603.49,0.9963,0.5778,0.9438,1.2168,0.8219,0.2647,1.4383,0.2601,0.1571,-1.0098,0.6825,0.7345,0.7224,0.6805,0.7299,0.7845,0.4891,0.7193,0.7195,0.6734,0.0184,0.0170,0.0184,0.0249,0.0218,0.0048,0.0657,0.0010,0.0149,0.0074,0.9360,0.9406,0.9676,0.9422,0.9365,0.9738,0.9550,1.0000,0.9447,1.0000,63.40,216.99,89.88,62.65,75.89,13.67,5.81,308.29,87.48,86.03,0.0000,0.0000,0.0000,0.0000,0.0000,0.0000,0.4608,0.0418,0.0000,0.0000,104304,74663,53998,54750,86225,66964,95775,572442,131417,91336,0,0,0,0,0,0,0,0,0,0,0.0000,0.0000,0.0000,0.0000,0.0000,0.0000,0.0647,0.0552,0.0000,0.0000,0,0,0,0,0,0,0,1,0,0,0,0,0,0,0,0,1,1,0,0,0.1537,0.0982,0.1577,0.0792,0.1189,0.0423,0.0857,0.1303,0.0325,0.1348,0.000,0.000,0.000,0.000,0.000,0.000,0.000,0.125,0.000,0.000,semi-presidential,parliamentary,parliamentary,parliamentary,parliamentary,semi-presidential,semi-presidential,electoral-authoritarian,electoral-authoritarian,parliamentary,0.800,0.800,0.800,0.800,0.800,0.800,0.800,0.500,0.500,0.800,100.0,78.8,100.0,100.0,100.0,100.0,100.0,100.0,65.6,51.5
2034-07-01,0.9899,0.9912,1.0028,1.0170,1.0194,1.0137,0.9865,0.9934,0.9972,1.0072,1.0163,1.0040,1.0670,1.0441,1.0397,1.0307,1.0583,1.1373,0.9884,1.0365,1.0132,1.0250,1.0338,1.0042,4165.02,5986.25,4592.79,3021.48,2478.37,1552.37,196.03,3310.34,2540.77,602.91,0.9895,0.5776,0.9408,1.2146,0.8174,0.2627,1.4376,0.2604,0.1554,-1.0250,0.6812,0.7348,0.7271,0.6825,0.7297,0.7780,0.5018,0.7016,0.7170,0.6775,0.0180,0.0143,0.0213,0.0254,0.0255,0.0027,0.0674,0.0017,0.0133,0.0180,0.9562,0.9584,0.9781,0.9586,0.9563,0.9880,0.9560,1.0000,0.9572,1.0000,63.56,217.29,90.95,63.73,76.06,13.73,5.59,308.54,87.96,86.77,0.0000,0.0000,0.0000,0.0000,0.0000,0.0000,0.4601,0.0420,0.0000,0.0000,104304,74663,53998,54750,86225,66964,95775,572442,131417,91336,0,0,0,0,0,0,0,0,0,0,0.0000,0.0000,0.0000,0.0000,0.0000,0.0000,0.0739,0.0667,0.0000,0.0000,0,0,0,0,0,0,0,1,0,0,0,0,0,0,0,0,1,1,0,0,0.1580,0.1004,0.1623,0.0821,0.1224,0.0433,0.0868,0.1312,0.0335,0.1350,0.000,0.000,0.000,0.000,0.000,0.000,0.000,0.125,0.000,0.000,semi-presidential,parliamentary,parliamentary,parliamentary,parliamentary,semi-presidential,semi-presidential,electoral-authoritarian,electoral-authoritarian,parliamentary,0.800,0.800,0.800,0.800,0.800,0.800,0.800,0.500,0.500,0.800,100.0,80.3,100.0,100.0,100.0,100.0,100.0,100.0,68.8,54.1
2034-08-01,0.9870,0.9940,1.0016,1.0167,1.0210,1.0160,0.9839,0.9953,0.9979,1.0091,1.0155,1.0042,1.0599,1.0535,1.0380,1.0248,1.0396,1.0637,0.9853,1.0714,1.0782,1.0321,1.0177,1.0042,4171.61,6009.16,4605.41,3033.71,2487.19,1563.62,196.05,3316.37,2554.30,602.33,0.9880,0.5762,0.9382,1.2068,0.8146,0.2596,1.4376,0.2608,0.1538,-1.0402,0.6978,0.7317,0.7315,0.6867,0.7276,0.7809,0.5115,0.7190,0.7282,0.6738,0.0183,0.0132,0.0208,0.0183,0.0226,0.0023,0.0665,0.0044,0.0153,0.0140,0.9498,0.9529,0.9748,0.9535,0.9501,0.9834,0.9563,1.0000,0.9535,1.0000,62.58,217.69,92.11,64.12,75.34,14.12,5.43,303.48,87.69,86.88,0.0000,0.0000,0.0000,0.0000,0.0000,0.0000,0.4601,0.0411,0.0000,0.0000,104304,74663,53998,54750,86225,66964,95775,572442,131417,91336,0,0,0,0,0,0,0,0,0,0,0.0000,0.0000,0.0000,0.0000,0.0000,0.0000,0.0854,0.0759,0.0000,0.0000,0,0,0,0,0,0,0,1,0,0,0,0,0,0,0,0,1,1,0,0,0.1578,0.1007,0.1625,0.0829,0.1220,0.0437,0.0869,0.1343,0.0332,0.1331,0.000,0.000,0.000,0.000,0.000,0.000,0.000,0.120,0.000,0.000,semi-presidential,parliamentary,parliamentary,parliamentary,parliamentary,semi-presidential,semi-presidential,electoral-authoritarian,electoral-authoritarian,parliamentary,0.800,0.800,0.800,0.800,0.800,0.800,0.800,0.500,0.500,0.800,100.0,83.7,100.0,100.0,100.0,100.0,100.0,100.0,72.1,56.7
2034-09-01,0.9852,0.9973,0.9991,1.0149,1.0193,1.0169,0.9812,0.9973,0.9997,1.0117,1.0139,1.0031,1.0582,1.0468,1.0362,1.0232,1.0378,1.0645,0.9829,1.0812,1.0191,1.0326,1.0156,1.0031,4178.32,6030.99,4614.42,3036.50,2497.14,1569.95,196.61,3326.40,2571.90,603.84,0.9866,0.5750,0.9364,1.2059,0.8115,0.2573,1.4335,0.2609,0.1520,-1.0518,0.6823,0.7344,0.7288,0.6801,0.7179,0.7798,0.5202,0.7128,0.7140,0.6760,0.0174,0.0120,0.0196,0.0165,0.0198,0.0014,0.0661,0.0021,0.0124,0.0127,0.9597,0.9616,0.9799,0.9615,0.9597,0.9900,0.9572,1.0000,0.9598,1.0000,63.27,220.11,93.44,64.95,76.49,14.45,5.52,307.17,88.72,87.43,0.0000,0.0000,0.0000,0.0000,0.0000,0.0000,0.4599,0.0409,0.0000,0.0000,104304,74663,53998,54750,86225,66964,95775,572442,131417,91336,0,0,0,0,0,0,0,0,0,0,0.0000,0.0000,0.0000,0.0000,0.0000,0.0000,0.0946,0.0851,0.0000,0.0000,0,0,0,0,0,0,0,1,0,0,0,0,0,0,0,0,1,1,0,0,0.1574,0.1002,0.1616,0.0823,0.1214,0.0432,0.0841,0.1330,0.0326,0.1339,0.000,0.000,0.000,0.000,0.000,0.000,0.000,0.121,0.000,0.000,semi-presidential,parliamentary,parliamentary,parliamentary,parliamentary,semi-presidential,semi-presidential,electoral-authoritarian,electoral-authoritarian,parliamentary,0.800,0.800,0.800,0.800,0.800,0.800,0.800,0.500,0.500,0.800,100.0,87.1,100.0,100.0,100.0,100.0,100.0,100.0,75.3,59.3
2034-10-01,0.9839,0.9990,0.9940,1.0134,1.0164,1.0154,0.9810,0.9996,1.0000,1.0135,1.0134,1.0025,1.0585,1.0607,1.0302,1.0214,1.0341,1.0628,0.9985,1.0684,1.0143,1.0266,1.0151,1.0024,4206.81,6058.81,4630.78,3044.61,2503.30,1578.91,196.14,3338.84,2583.33,605.20,0.9801,0.5731,0.9330,1.2029,0.8096,0.2547,1.4370,0.2610,0.1506,-1.0636,0.6810,0.7410,0.7249,0.6880,0.7227,0.7799,0.5202,0.7148,0.7210,0.6803,0.0188,0.0135,0.0204,0.0177,0.0210,0.0025,0.0647,0.0018,0.0133,0.0122,0.9482,0.9514,0.9740,0.9522,0.9484,0.9823,0.9572,1.0000,0.9524,1.0000,64.12,222.26,94.91,65.43,77.41,14.74,5.67,310.25,89.33,87.38,0.0000,0.0000,0.0000,0.0000,0.0000,0.0000,0.4592,0.0417,0.0000,0.0000,104304,74663,53998,54750,86225,66964,95775,572442,131417,91336,0,0,0,0,0,0,0,0,0,0,0.0000,0.0000,0.0000,0.0000,0.0000,0.0000,0.1061,0.0966,0.0000,0.0000,0,0,0,0,0,0,0,1,0,0,0,0,0,0,0,0,1,1,0,0,0.1559,0.0998,0.1610,0.0819,0.1204,0.0427,0.0816,0.1317,0.0317,0.1324,0.000,0.000,0.000,0.000,0.000,0.000,0.000,0.121,0.000,0.000,semi-presidential,parliamentary,parliamentary,parliamentary,parliamentary,semi-presidential,semi-presidential,electoral-authoritarian,electoral-authoritarian,parliamentary,0.800,0.800,0.800,0.800,0.800,0.800,0.800,0.500,0.500,0.800,100.0,90.6,100.0,100.0,100.0,100.0,100.0,100.0,78.6,61.9
2034-11-01,0.9844,1.0029,0.9908,1.0153,1.0136,1.0128,0.9825,1.0003,1.0018,1.0136,1.0134,1.0038,1.0673,1.1038,1.0279,1.0438,1.0313,1.0603,1.0346,1.0047,1.0834,1.0214,1.0149,1.0037,4219.49,6071.28,4639.48,3057.60,2515.05,1592.56,195.34,3356.39,2615.37,605.47,0.9773,0.5727,0.9311,1.1980,0.8059,0.2508,1.4431,0.2605,0.1473,-1.0774,0.6807,0.7372,0.7202,0.6888,0.7261,0.7516,0.5057,0.6987,0.7023,0.6818,0.0221,0.0183,0.0223,0.0337,0.0268,0.0060,0.0893,0.0040,0.0195,0.0112,0.9124,0.9192,0.9557,0.9219,0.9132,0.9568,0.9566,1.0000,0.9266,1.0000,65.24,224.09,92.76,63.00,77.95,14.97,5.75,315.94,90.34,85.95,0.0000,0.0000,0.0000,0.0000,0.0000,0.0000,0.4595,0.0420,0.0000,0.0000,104304,74663,53998,54750,86225,66964,95775,572442,131417,91336,0,0,0,0,0,0,0,0,0,0,0.0000,0.0000,0.0000,0.0000,0.0000,0.0000,0.1153,0.1058,0.0000,0.0000,0,0,0,0,0,0,0,1,0,0,0,0,0,0,0,0,1,1,0,0,0.1576,0.1007,0.1618,0.0806,0.1219,0.0433,0.0821,0.1375,0.0327,0.1352,0.000,0.000,0.000,0.000,0.000,0.000,0.000,0.121,0.000,0.000,semi-presidential,parliamentary,parliamentary,parliamentary,parliamentary,semi-presidential,semi-presidential,electoral-authoritarian,electoral-authoritarian,parliamentary,0.800,0.800,0.800,0.800,0.800,0.834,0.800,0.500,0.500,0.800,100.0,94.0,100.0,100.0,100.0,91.8,100.0,100.0,84.9,64.5
2034-12-01,0.9866,1.0066,0.9895,1.0191,1.0094,1.0108,0.9836,1.0011,1.0046,1.0114,1.0122,1.0054,1.1175,1.1513,1.0268,1.0502,1.0278,1.0581,1.0310,1.0375,1.0829,1.0190,1.0138,1.0055,4238.26,6120.38,4659.70,3064.86,2526.62,1603.32,195.05,3369.32,2634.66,605.41,0.9732,0.5763,0.9272,1.1953,0.8023,0.2480,1.4456,0.2604,0.1455,-1.0917,0.6845,0.7421,0.7211,0.6884,0.7269,0.7648,0.5017,0.7040,0.7057,0.6849,0.0317,0.0260,0.0288,0.0422,0.0358,0.0128,0.0953,0.0042,0.0262,0.0130,0.8785,0.8866,0.9390,0.8891,0.8792,0.9274,0.9561,1.0000,0.8915,1.0000,64.43,224.87,92.88,62.13,77.28,15.08,5.71,312.15,89.96,84.26,0.0000,0.0000,0.0000,0.0000,0.0000,0.0000,0.4594,0.0422,0.0000,0.0000,104304,74663,53998,54750,86225,66964,95775,572442,131417,91336,0,0,0,0,0,0,0,0,0,0,0.0000,0.0000,0.0000,0.0000,0.0000,0.0000,0.1245,0.1150,0.0000,0.0000,0,0,0,0,0,0,0,1,0,0,0,0,0,0,0,0,1,1,0,0,0.1591,0.1062,0.1635,0.0819,0.1233,0.0481,0.0839,0.1395,0.0337,0.1358,0.000,0.000,0.000,0.000,0.000,0.000,0.000,0.120,0.000,0.000,semi-presidential,parliamentary,parliamentary,parliamentary,parliamentary,semi-presidential,semi-presidential,electoral-authoritarian,electoral-authoritarian,parliamentary,0.800,0.800,0.800,0.800,0.800,0.825,0.800,0.500,0.500,0.800,100.0,93.9,100.0,100.0,100.0,95.0,100.0,100.0,88.1,67.1
2035-01-01,0.9900,1.0110,0.9908,1.0228,1.0059,1.0117,0.9867,1.0014,1.0067,1.0091,1.0102,1.0049,1.1514,1.0885,1.1345,1.0478,1.0238,1.0909,1.0687,1.0161,1.0275,1.0156,1.0119,1.0053,4253.16,6150.74,4680.62,3078.86,2541.41,1614.48,194.60,3388.39,2643.51,607.13,0.9700,0.5739,0.9231,1.1902,0.7978,0.2453,1.4493,0.2600,0.1443,-1.1029,0.6721,0.7575,0.7174,0.6790,0.7186,0.7737,0.4937,0.7274,0.6853,0.6845,0.0340,0.0248,0.0317,0.0415,0.0365,0.0085,0.0927,0.0020,0.0227,0.0131,0.9339,0.9387,0.9667,0.9405,0.9344,0.9731,0.9588,1.0000,0.9432,1.0000,65.02,226.82,94.07,62.58,78.13,15.33,5.61,314.83,91.00,86.08,0.0000,0.0000,0.0000,0.0000,0.0000,0.0000,0.4593,0.0423,0.0000,0.0000,104304,74663,53998,54750,86225,66964,95775,572442,131417,91336,0,0,0,0,0,0,0,0,0,0,0.0000,0.0000,0.0000,0.0000,0.0000,0.0000,0.1360,0.1265,0.0000,0.0000,0,0,0,0,0,0,0,1,0,0,0,0,0,0,0,0,1,1,0,0,0.1423,0.0972,0.1446,0.0725,0.1093,0.0446,0.0865,0.1383,0.0301,0.1364,0.000,0.000,0.000,0.000,0.000,0.000,0.000,0.121,0.000,0.000,semi-presidential,parliamentary,parliamentary,parliamentary,parliamentary,semi-presidential,semi-presidential,electoral-authoritarian,electoral-authoritarian,parliamentary,0.800,0.800,0.800,0.800,0.800,0.815,0.800,0.500,0.500,0.800,100.0,96.4,100.0,100.0,100.0,98.2,100.0,100.0,91.1,69.8
2035-02-01,0.9957,1.0105,0.9958,1.0255,1.0064,1.0129,0.9899,1.0005,1.0081,1.0066,1.0108,1.0027,1.1826,1.0446,1.1914,1.0436,1.0240,1.0597,1.0883,1.0019,1.0489,1.0140,1.0151,1.0028,4256.72,6165.28,4689.97,3083.21,2544.98,1623.52,194.47,3397.84,2659.46,609.25,0.9694,0.5732,0.9213,1.1888,0.7968,0.2430,1.4506,0.2601,0.1427,-1.1133,0.6632,0.7460,0.6963,0.6636,0.7058,0.7745,0.4816,0.7307,0.6789,0.6883,0.0328,0.0223,0.0316,0.0384,0.0361,0.0058,0.0921,0.0028,0.0230,0.0143,0.9745,0.9745,0.9877,0.9735,0.9745,1.0000,0.9673,1.0000,0.9688,1.0000,65.35,227.49,94.80,63.65,78.37,15.53,5.72,314.02,91.64,88.71,0.0000,0.0000,0.0000,0.0000,0.0000,0.0000,0.4594,0.0421,0.0000,0.0000,104304,74663,53998,54750,86225,66964,95775,572442,131417,91336,0,0,0,0,0,0,0,0,0,0,0.0000,0.0000,0.0000,0.0000,0.0000,0.0000,0.1452,0.1357,0.0000,0.0000,0,0,0,0,0,0,0,1,0,0,0,0,0,0,0,0,1,1,0,0,0.1344,0.0924,0.1358,0.0681,0.1025,0.0419,0.0824,0.1346,0.0274,0.1371,0.000,0.000,0.000,0.000,0.000,0.000,0.000,0.123,0.000,0.000,semi-presidential,parliamentary,parliamentary,parliamentary,parliamentary,semi-presidential,semi-presidential,electoral-authoritarian,electoral-authoritarian,parliamentary,0.800,0.800,0.800,0.800,0.800,0.805,0.800,0.500,0.500,0.800,100.0,99.9,100.0,100.0,100.0,100.0,100.0,100.0,94.1,72.4
2035-03-01,1.0004,1.0097,0.9978,1.0290,1.0081,1.0141,0.9916,1.0003,1.0081,1.0072,1.0114,0.9990,1.1478,1.0442,1.0771,1.0481,1.0388,1.0603,0.9929,1.0028,1.0203,1.0323,1.0540,0.9991,4252.05,6182.30,4682.38,3073.20,2545.44,1632.11,194.08,3403.20,2665.86,610.24,0.9707,0.5724,0.9228,1.1930,0.7967,0.2408,1.4539,0.2605,0.1416,-1.1258,0.6473,0.7439,0.6720,0.6442,0.6883,0.7607,0.4822,0.7197,0.6635,0.6832,0.0205,0.0160,0.0208,0.0315,0.0270,0.0035,0.0899,0.0014,0.0152,0.0136,0.9739,0.9741,0.9874,0.9730,0.9737,1.0000,0.9607,1.0000,0.9685,1.0000,66.50,230.14,95.08,64.05,79.62,15.57,5.61,322.39,93.83,89.04,0.0000,0.0000,0.0000,0.0000,0.0000,0.0000,0.4565,0.0412,0.0000,0.0000,104304,74663,53998,54750,86225,66964,95775,572442,131417,91336,0,0,0,0,0,0,0,0,0,0,0.0000,0.0000,0.0000,0.0000,0.0000,0.0000,0.1544,0.1449,0.0000,0.0000,0,0,0,0,0,0,0,1,0,0,0,0,0,0,0,0,1,1,0,0,0.1252,0.0851,0.1221,0.0601,0.0919,0.0379,0.0790,0.1353,0.0241,0.1375,0.000,0.000,0.000,0.000,0.000,0.000,0.000,0.122,0.000,0.000,semi-presidential,parliamentary,parliamentary,parliamentary,parliamentary,semi-presidential,semi-presidential,electoral-authoritarian,electoral-authoritarian,parliamentary,0.800,0.800,0.800,0.800,0.800,0.800,0.800,0.500,0.500,0.800,100.0,100.0,100.0,100.0,100.0,100.0,100.0,100.0,97.0,75.1
2035-04-01,1.0037,1.0097,0.9999,1.0323,1.0123,1.0141,0.9928,0.9999,1.0060,1.0094,1.0115,0.9953,1.1641,1.0439,1.1020,1.0447,1.0507,1.0602,1.0198,1.0013,1.0186,1.0248,1.0133,0.9957,4237.41,6195.07,4669.31,3075.55,2545.09,1639.65,193.96,3414.58,2674.36,610.26,0.9743,0.5719,0.9255,1.1925,0.7969,0.2388,1.4552,0.2606,0.1408,-1.1402,0.6395,0.7312,0.6519,0.6281,0.6705,0.7726,0.4781,0.7156,0.6670,0.6844,0.0224,0.0175,0.0225,0.0312,0.0307,0.0043,0.0872,0.0012,0.0166,0.0161,0.9742,0.9744,0.9875,0.9734,0.9740,1.0000,0.9603,1.0000,0.9689,1.0000,66.05,229.98,95.55,64.83,79.70,15.52,5.73,322.17,93.84,88.51,0.0000,0.0000,0.0000,0.0000,0.0000,0.0000,0.4564,0.0412,0.0000,0.0000,104304,74663,53998,54750,86225,66964,95775,572442,131417,91336,0,0,0,0,0,0,0,0,0,0,0.0000,0.0000,0.0000,0.0000,0.0000,0.0000,0.1659,0.1564,0.0000,0.0000,0,0,0,0,0,0,0,1,0,0,0,0,0,0,0,0,1,1,0,0,0.1356,0.0893,0.1331,0.0651,0.0996,0.0389,0.0796,0.1367,0.0245,0.1378,0.000,0.000,0.000,0.000,0.000,0.000,0.000,0.125,0.000,0.000,semi-presidential,parliamentary,parliamentary,parliamentary,parliamentary,semi-presidential,semi-presidential,electoral-authoritarian,electoral-authoritarian,parliamentary,0.800,0.800,0.800,0.800,0.800,0.800,0.800,0.500,0.500,0.800,100.0,100.0,100.0,100.0,100.0,100.0,100.0,100.0,98.7,77.7
2035-05-01,1.0059,1.0100,1.0014,1.0321,1.0127,1.0141,0.9921,0.9996,1.0035,1.0105,1.0073,0.9935,1.0889,1.0441,1.1118,1.0373,1.0292,1.0735,0.9935,1.0009,1.0158,1.0281,1.0100,0.9939,4241.09,6193.33,4669.11,3078.08,2544.84,1647.21,193.95,3428.10,2686.18,611.94,0.9736,0.5727,0.9256,1.1919,0.7970,0.2369,1.4556,0.2604,0.1395,-1.1515,0.6416,0.7245,0.6341,0.6321,0.6604,0.7698,0.4849,0.7083,0.6696,0.6928,0.0169,0.0131,0.0170,0.0200,0.0200,0.0002,0.0832,0.0011,0.0139,0.0075,0.9742,0.9744,0.9875,0.9733,0.9739,1.0000,0.9603,1.0000,0.9689,1.0000,67.60,234.40,98.36,68.93,82.50,15.60,5.75,331.21,95.94,90.37,0.0000,0.0000,0.0000,0.0000,0.0000,0.0000,0.4551,0.0411,0.0000,0.0000,104304,74663,53998,54750,86225,66964,95775,572442,131417,91336,0,0,0,0,0,0,0,0,0,0,0.0000,0.0000,0.0000,0.0000,0.0000,0.0000,0.1751,0.1656,0.0000,0.0000,0,0,0,0,0,0,0,1,0,0,0,0,0,0,0,0,1,1,0,0,0.1403,0.0915,0.1383,0.0685,0.1028,0.0387,0.0752,0.1349,0.0241,0.1366,0.000,0.000,0.000,0.000,0.000,0.000,0.000,0.126,0.000,0.000,semi-presidential,parliamentary,parliamentary,parliamentary,parliamentary,semi-presidential,semi-presidential,electoral-authoritarian,electoral-authoritarian,parliamentary,0.800,0.800,0.800,0.800,0.800,0.800,0.800,0.500,0.500,0.800,100.0,100.0,100.0,100.0,100.0,100.0,100.0,100.0,100.0,80.4
2035-06-01,1.0058,1.0072,1.0012,1.0291,1.0092,1.0156,0.9894,0.9980,1.0023,1.0125,1.0035,0.9908,1.0813,1.0394,1.0373,1.0351,1.0261,1.0785,0.9913,0.9994,1.0146,1.0326,1.0053,0.9909,4233.04,6199.01,4677.15,3081.63,2548.57,1656.25,193.31,3439.98,2706.17,612.12,0.9757,0.5729,0.9271,1.1909,0.7956,0.2349,1.4607,0.2602,0.1377,-1.1656,0.6344,0.7298,0.6333,0.6330,0.6635,0.7744,0.4873,0.7141,0.6761,0.7010,0.0114,0.0105,0.0120,0.0146,0.0145,0.0002,0.0602,0.0011,0.0107,0.0063,0.9756,0.9756,0.9882,0.9746,0.9756,1.0000,0.9676,1.0000,0.9701,1.0000,65.94,232.01,96.78,67.23,80.34,15.58,5.53,322.03,95.31,91.74,0.0000,0.0000,0.0000,0.0000,0.0000,0.0000,0.4550,0.0409,0.0000,0.0000,104304,74663,53998,54750,86225,66964,95775,572442,131417,91336,0,0,0,0,0,0,0,0,0,0,0.0000,0.0000,0.0000,0.0000,0.0000,0.0000,0.1843,0.1748,0.0000,0.0000,0,0,0,0,0,0,0,1,0,0,0,0,0,0,0,0,1,1,0,0,0.1375,0.0898,0.1372,0.0670,0.1008,0.0364,0.0717,0.1264,0.0220,0.1339,0.000,0.000,0.000,0.000,0.000,0.000,0.000,0.128,0.000,0.000,semi-presidential,parliamentary,parliamentary,parliamentary,parliamentary,semi-presidential,semi-presidential,electoral-authoritarian,electoral-authoritarian,parliamentary,0.800,0.800,0.800,0.800,0.800,0.800,0.800,0.500,0.500,0.800,100.0,100.0,100.0,100.0,100.0,100.0,100.0,100.0,100.0,83.1
2035-07-01,1.0038,1.0056,0.9982,1.0251,1.0067,1.0140,0.9867,0.9979,1.0007,1.0128,0.9998,0.9892,1.0796,1.0390,1.0346,1.0309,1.0230,1.0603,0.9887,1.0094,1.0132,1.0207,1.0022,0.9895,4243.06,6209.30,4671.89,3085.54,2552.29,1665.99,192.76,3442.40,2713.31,612.02,0.9737,0.5727,0.9282,1.1898,0.7943,0.2328,1.4694,0.2610,0.1366,-1.1802,0.6343,0.7350,0.6460,0.6382,0.6620,0.7706,0.4742,0.6962,0.6675,0.6975,0.0118,0.0103,0.0128,0.0145,0.0149,0.0000,0.0596,0.0011,0.0109,0.0070,0.9747,0.9747,0.9877,0.9737,0.9746,1.0000,0.9667,1.0000,0.9691,1.0000,65.89,231.89,96.46,67.20,80.14,15.60,5.71,322.32,95.49,91.53,0.0000,0.0000,0.0000,0.0000,0.0000,0.0000,0.4558,0.0417,0.0000,0.0000,104304,74663,53998,54750,86225,66964,95775,572442,131417,91336,0,0,0,0,0,0,0,0,0,0,0.0000,0.0000,0.0000,0.0000,0.0000,0.0000,0.1958,0.1863,0.0000,0.0000,0,0,0,0,0,0,0,1,0,0,0,0,0,0,0,0,1,1,0,0,0.1254,0.0834,0.1243,0.0605,0.0914,0.0335,0.0694,0.1227,0.0196,0.1341,0.000,0.000,0.000,0.000,0.000,0.000,0.000,0.129,0.000,0.000,semi-presidential,parliamentary,parliamentary,parliamentary,parliamentary,semi-presidential,semi-presidential,electoral-authoritarian,electoral-authoritarian,parliamentary,0.800,0.800,0.800,0.800,0.800,0.800,0.800,0.500,0.500,0.800,100.0,100.0,100.0,100.0,100.0,100.0,100.0,100.0,100.0,85.8
2035-08-01,1.0064,1.0061,0.9933,1.0208,1.0043,1.0094,0.9858,0.9971,0.9989,1.0097,0.9931,0.9873,1.1488,1.0702,1.0306,1.0288,1.0210,1.0561,0.9872,0.9984,1.0151,1.0156,0.9948,0.9876,4255.82,6201.14,4664.48,3086.81,2552.08,1674.99,192.18,3443.60,2713.27,612.82,0.9707,0.5741,0.9297,1.1897,0.7944,0.2310,1.4742,0.2617,0.1359,-1.1930,0.6286,0.7306,0.6483,0.6457,0.6596,0.7623,0.4612,0.6880,0.6649,0.6956,0.0198,0.0178,0.0179,0.0214,0.0232,0.0058,0.0833,0.0012,0.0161,0.0065,0.9458,0.9492,0.9728,0.9502,0.9461,0.9812,0.9586,1.0000,0.9507,1.0000,65.62,229.68,95.40,67.01,80.32,15.16,5.62,325.03,95.65,87.97,0.0000,0.0000,0.0000,0.0000,0.0000,0.0000,0.4556,0.0420,0.0000,0.0000,104304,74663,53998,54750,86225,66964,95775,572442,131417,91336,0,0,0,0,0,0,0,0,0,0,0.0000,0.0000,0.0000,0.0000,0.0000,0.0000,0.2050,0.1955,0.0000,0.0000,0,0,0,0,0,0,0,1,0,0,0,0,0,0,0,0,1,1,0,0,0.1350,0.0875,0.1353,0.0650,0.0989,0.0344,0.0739,0.1289,0.0202,0.1331,0.000,0.000,0.000,0.000,0.000,0.000,0.000,0.130,0.000,0.000,semi-presidential,parliamentary,parliamentary,parliamentary,parliamentary,semi-presidential,semi-presidential,electoral-authoritarian,electoral-authoritarian,parliamentary,0.800,0.800,0.800,0.800,0.800,0.800,0.800,0.500,0.500,0.800,100.0,100.0,100.0,100.0,100.0,100.0,100.0,100.0,100.0,88.5
2035-09-01,1.0123,1.0070,0.9884,1.0167,1.0013,1.0033,0.9855,0.9992,0.9977,1.0076,0.9852,0.9864,1.2512,1.0415,1.0249,1.0237,1.0181,1.0498,0.9867,1.1019,1.0098,1.0151,0.9876,0.9864,4264.74,6211.96,4667.99,3090.73,2555.49,1681.88,191.48,3459.64,2731.39,613.45,0.9687,0.5738,0.9291,1.1913,0.7934,0.2294,1.4800,0.2615,0.1372,-1.2207,0.6276,0.7268,0.6524,0.6299,0.6586,0.7522,0.4541,0.6799,0.6762,0.6953,0.0270,0.0202,0.0250,0.0235,0.0287,0.0090,0.0903,0.0020,0.0188,0.0132,0.9739,0.9740,0.9873,0.9729,0.9736,1.0000,0.9607,1.0000,0.9683,1.0000,64.52,228.81,94.90,66.52,79.36,15.27,5.67,319.18,95.01,88.58,0.0000,0.0000,0.0000,0.0000,0.0000,0.0000,0.4557,0.0418,0.0000,0.0000,104304,74663,53998,54750,86225,66964,95775,572442,131417,91336,0,0,0,0,0,0,0,0,0,0,0.0000,0.0000,0.0000,0.0000,0.0000,0.0000,0.2142,0.2070,0.0000,0.0000,0,0,0,0,0,0,0,1,0,0,0,0,0,0,0,0,1,1,0,0,0.1455,0.0921,0.1464,0.0699,0.1067,0.0388,0.0698,0.1298,0.0209,0.1337,0.000,0.000,0.000,0.000,0.000,0.000,0.000,0.132,0.000,0.000,semi-presidential,parliamentary,parliamentary,parliamentary,parliamentary,semi-presidential,semi-presidential,electoral-authoritarian,electoral-authoritarian,parliamentary,0.800,0.800,0.800,0.800,0.800,0.800,0.800,0.500,0.500,0.800,100.0,100.0,100.0,100.0,100.0,100.0,100.0,100.0,100.0,93.9
2035-10-01,1.0178,1.0080,0.9876,1.0131,0.9997,1.0015,0.9856,1.0011,0.9978,1.0086,0.9777,0.9856,1.1709,1.0769,1.0234,1.0217,1.0160,1.0461,0.9870,1.0345,1.0096,1.0282,0.9804,0.9859,4268.78,6235.43,4675.53,3099.28,2561.66,1684.71,191.41,3466.10,2731.25,614.34,0.9729,0.5723,0.9276,1.1879,0.7915,0.2288,1.4811,0.2617,0.1367,-1.2334,0.6296,0.7233,0.6530,0.6229,0.6618,0.7474,0.4469,0.6679,0.6975,0.6970,0.0227,0.0189,0.0211,0.0222,0.0253,0.0069,0.0856,0.0014,0.0166,0.0085,0.9412,0.9453,0.9705,0.9466,0.9416,0.9776,0.9589,1.0000,0.9482,1.0000,65.96,232.27,97.33,67.95,81.17,15.56,5.55,327.44,96.28,88.32,0.0000,0.0000,0.0000,0.0000,0.0000,0.0000,0.4549,0.0409,0.0000,0.0000,104304,74663,53998,54750,86225,66964,95775,572442,131417,91336,0,0,0,0,0,0,0,0,0,0,0.0000,0.0000,0.0000,0.0000,0.0000,0.0000,0.2257,0.2162,0.0000,0.0000,0,0,0,0,0,0,0,1,0,0,0,0,0,0,0,0,1,1,0,0,0.1337,0.0865,0.1333,0.0639,0.0973,0.0370,0.0717,0.1307,0.0192,0.1345,0.000,0.000,0.000,0.000,0.000,0.000,0.000,0.133,0.000,0.000,semi-presidential,parliamentary,parliamentary,parliamentary,parliamentary,semi-presidential,semi-presidential,electoral-authoritarian,electoral-authoritarian,parliamentary,0.800,0.800,0.800,0.800,0.800,0.800,0.800,0.500,0.500,0.800,100.0,100.0,100.0,100.0,100.0,100.0,100.0,100.0,100.0,96.6
2035-11-01,1.0218,1.0094,0.9899,1.0113,0.9989,0.9983,0.9849,1.0011,0.9975,1.0097,0.9721,0.9859,1.1070,1.0438,1.1502,1.0184,1.0162,1.0436,0.9863,1.0067,1.0094,1.0255,0.9736,0.9863,4275.64,6253.97,4679.09,3104.54,2564.88,1698.74,190.99,3467.04,2737.72,614.28,0.9715,0.5750,0.9270,1.1855,0.7906,0.2260,1.4846,0.2624,0.1356,-1.2480,0.6540,0.7140,0.6591,0.6235,0.6680,0.7467,0.4401,0.6845,0.6767,0.6930,0.0204,0.0146,0.0220,0.0236,0.0239,0.0000,0.0828,0.0011,0.0160,0.0091,0.9738,0.9740,0.9873,0.9729,0.9736,1.0000,0.9603,1.0000,0.9685,1.0000,67.81,235.28,98.28,69.67,83.29,15.80,5.66,335.47,97.36,91.15,0.0000,0.0000,0.0000,0.0000,0.0000,0.0000,0.4555,0.0413,0.0000,0.0000,104304,74663,53998,54750,86225,66964,95775,572442,131417,91336,0,0,0,0,0,0,0,0,0,0,0.0000,0.0000,0.0000,0.0000,0.0000,0.0000,0.2349,0.2254,0.0000,0.0000,0,0,0,0,0,0,0,1,0,0,0,0,0,0,0,0,1,1,0,0,0.1478,0.0926,0.1473,0.0703,0.1080,0.0398,0.0755,0.1340,0.0214,0.1373,0.000,0.000,0.000,0.000,0.000,0.000,0.000,0.133,0.000,0.000,semi-presidential,parliamentary,parliamentary,parliamentary,parliamentary,semi-presidential,semi-presidential,electoral-authoritarian,electoral-authoritarian,parliamentary,0.800,0.800,0.800,0.800,0.800,0.800,0.800,0.500,0.500,0.800,100.0,100.0,100.0,100.0,100.0,30.0,100.0,100.0,100.0,99.2
2035-12-01,1.0238,1.0101,0.9928,1.0097,0.9990,0.9945,0.9847,1.0010,0.9988,1.0092,0.9691,0.9876,1.1096,1.0498,1.1730,1.0098,1.0154,1.0398,1.0202,1.0023,1.0454,1.0170,0.9705,0.9879,4291.70,6270.15,4690.94,3104.71,2573.76,1704.85,191.00,3481.05,2741.26,614.80,0.9679,0.5742,0.9245,1.1851,0.7908,0.2248,1.4847,0.2623,0.1347,-1.2615,0.6538,0.7256,0.6688,0.6248,0.6822,0.7540,0.4460,0.6591,0.6658,0.6978,0.0232,0.0158,0.0208,0.0256,0.0272,0.0004,0.0840,0.0026,0.0185,0.0112,0.9689,0.9697,0.9848,0.9689,0.9688,0.9970,0.9601,1.0000,0.9652,1.0000,68.04,235.64,97.55,69.51,83.52,15.85,5.79,336.11,97.77,91.48,0.0000,0.0000,0.0000,0.0000,0.0000,0.0000,0.4557,0.0418,0.0000,0.0000,104304,74663,53998,54750,86225,66964,95775,572442,131417,91336,0,0,0,0,0,0,0,0,0,0,0.0000,0.0000,0.0000,0.0000,0.0000,0.0000,0.2441,0.2369,0.0000,0.0000,0,0,0,0,0,0,0,1,0,0,0,0,0,0,0,0,1,1,0,0,0.1469,0.0935,0.1486,0.0714,0.1084,0.0402,0.0752,0.1339,0.0218,0.1342,0.000,0.000,0.000,0.000,0.000,0.000,0.000,0.133,0.000,0.000,semi-presidential,parliamentary,parliamentary,parliamentary,parliamentary,semi-presidential,semi-presidential,electoral-authoritarian,electoral-authoritarian,parliamentary,0.800,0.800,0.800,0.800,0.800,0.800,0.800,0.500,0.500,0.800,100.0,100.0,100.0,100.0,100.0,33.2,100.0,100.0,100.0,100.0
2036-01-01,1.0244,1.0117,0.9976,1.0043,0.9990,0.9894,0.9842,1.0005,0.9998,1.0069,0.9706,0.9887,1.1415,1.0541,1.2110,1.0048,1.0290,1.0336,0.9855,1.0018,1.0322,1.0139,1.0825,0.9888,4313.46,6268.11,4706.29,3114.34,2580.45,1708.33,190.13,3488.57,2747.78,615.18,0.9631,0.5751,0.9214,1.1812,0.7888,0.2239,1.4917,0.2624,0.1336,-1.2753,0.6533,0.7302,0.6750,0.6226,0.6825,0.7602,0.4484,0.6704,0.6602,0.6906,0.0307,0.0192,0.0286,0.0322,0.0367,0.0024,0.0876,0.0025,0.0209,0.0191,0.9663,0.9674,0.9835,0.9668,0.9662,0.9952,0.9602,1.0000,0.9636,1.0000,67.50,234.38,96.36,69.03,83.00,15.66,5.61,333.96,97.55,90.24,0.0000,0.0000,0.0000,0.0000,0.0000,0.0000,0.4557,0.0419,0.0000,0.0000,104304,74663,53998,54750,86225,66964,95775,572442,131417,91336,0,0,0,0,0,0,0,0,0,0,0.0000,0.0000,0.0000,0.0000,0.0000,0.0000,0.2556,0.2461,0.0000,0.0000,0,0,0,0,0,0,0,1,0,0,0,0,0,0,0,0,1,1,0,0,0.1477,0.0944,0.1495,0.0722,0.1093,0.0408,0.0773,0.1366,0.0226,0.1343,0.000,0.000,0.000,0.000,0.000,0.000,0.000,0.132,0.000,0.000,semi-presidential,parliamentary,parliamentary,parliamentary,parliamentary,semi-presidential,semi-presidential,electoral-authoritarian,electoral-authoritarian,parliamentary,0.800,0.800,0.800,0.800,0.800,0.800,0.800,0.500,0.500,0.800,100.0,100.0,100.0,100.0,100.0,36.4,100.0,100.0,100.0,100.0
