date,price_oil,price_gas,price_coal,price_electricity,price_food,price_critical-minerals,price_steel,price_consumer-goods,price_electronics,price_arms,price_pharma,price_services,import_price_oil,import_price_gas,import_price_coal,import_price_electricity,import_price_food,import_price_critical-minerals,import_price_steel,import_price_consumer-goods,import_price_electronics,import_price_arms,import_price_pharma,import_price_services,gdp_FRA,gdp_DEU,gdp_GBR,gdp_ITA,gdp_ESP,gdp_POL,gdp_UKR,gdp_RUS,gdp_TUR,gdp_NOR,debt_FRA,debt_DEU,debt_GBR,debt_ITA,debt_ESP,debt_POL,debt_UKR,debt_RUS,debt_TUR,debt_NOR,stability_FRA,stability_DEU,stability_GBR,stability_ITA,stability_ESP,stability_POL,stability_UKR,stability_RUS,stability_TUR,stability_NOR,shortage_FRA,shortage_DEU,shortage_GBR,shortage_ITA,shortage_ESP,shortage_POL,shortage_UKR,shortage_RUS,shortage_TUR,shortage_NOR,gas_coverage_FRA,gas_coverage_DEU,gas_coverage_GBR,gas_coverage_ITA,gas_coverage_ESP,gas_coverage_POL,gas_coverage_UKR,gas_coverage_RUS,gas_coverage_TUR,gas_coverage_NOR,maritime_trade_FRA,maritime_trade_DEU,maritime_trade_GBR,maritime_trade_ITA,maritime_trade_ESP,maritime_trade_POL,maritime_trade_UKR,maritime_trade_RUS,maritime_trade_TUR,maritime_trade_NOR,blockade_FRA,blockade_DEU,blockade_GBR,blockade_ITA,blockade_ESP,blockade_POL,blockade_UKR,blockade_RUS,blockade_TUR,blockade_NOR,tiles_FRA,tiles_DEU,tiles_GBR,tiles_ITA,tiles_ESP,tiles_POL,tiles_UKR,tiles_RUS,tiles_TUR,tiles_NOR,contested_FRA,contested_DEU,contested_GBR,contested_ITA,contested_ESP,contested_POL,contested_UKR,contested_RUS,contested_TUR,contested_NOR,exhaustion_FRA,exhaustion_DEU,exhaustion_GBR,exhaustion_ITA,exhaustion_ESP,exhaustion_POL,exhaustion_UKR,exhaustion_RUS,exhaustion_TUR,exhaustion_NOR,sanctions_against_FRA,sanctions_against_DEU,sanctions_against_GBR,sanctions_against_ITA,sanctions_against_ESP,sanctions_against_POL,sanctions_against_UKR,sanctions_against_RUS,sanctions_against_TUR,sanctions_against_NOR,at_war_FRA,at_war_DEU,at_war_GBR,at_war_ITA,at_war_ESP,at_war_POL,at_war_UKR,at_war_RUS,at_war_TUR,at_war_NOR,export_share_FRA,export_share_DEU,export_share_GBR,export_share_ITA,export_share_ESP,export_share_POL,export_share_UKR,export_share_RUS,export_share_TUR,export_share_NOR,circumvention_FRA,circumvention_DEU,circumvention_GBR,circumvention_ITA,circumvention_ESP,circumvention_POL,circumvention_UKR,circumvention_RUS,circumvention_TUR,circumvention_NOR,regime_FRA,regime_DEU,regime_GBR,regime_ITA,regime_ESP,regime_POL,regime_UKR,regime_RUS,regime_TUR,regime_NOR,legitimacy_FRA,legitimacy_DEU,legitimacy_GBR,legitimacy_ITA,legitimacy_ESP,legitimacy_POL,legitimacy_UKR,legitimacy_RUS,legitimacy_TUR,legitimacy_NOR,capital_FRA,capital_DEU,capital_GBR,capital_ITA,capital_ESP,capital_POL,capital_UKR,capital_RUS,capital_TUR,capital_NOR
2026-01-01,1.0000,1.0000,1.0000,1.0000,1.0000,1.0000,1.0000,1.0000,1.0000,1.0000,1.0000,1.0000,1.0000,1.0000,1.0001,1.0298,1.0000,1.0000,1.0170,1.0170,1.0221,1.0232,1.0170,1.0000,3366.32,5050.92,4002.59,2551.56,1906.45,1035.49,214.23,2561.31,1597.29,530.76,1.1600,0.6290,1.0230,1.3710,1.0040,0.5880,1.0870,0.1720,0.2350,0.4500,0.6600,0.7169,0.6747,0.6374,0.6767,0.7200,0.6678,0.6750,0.6750,0.7200,0.0019,0.0004,0.0179,0.0017,0.0019,0.0000,0.0027,0.0012,0.0009,0.0031,1.0000,1.0000,1.0000,1.0000,1.0000,1.0000,1.0000,1.0000,1.0000,1.0000,53.01,188.04,79.00,54.35,61.58,9.29,7.94,244.34,57.59,79.61,0.0000,0.0000,0.0000,0.0000,0.0000,0.0000,0.0000,0.0000,0.0000,0.0000,104304,74663,53998,54750,86225,66964,95775,572442,131417,91336,0,0,0,0,0,0,0,0,0,0,0.0000,0.0000,0.0000,0.0000,0.0000,0.0000,0.0000,0.0000,0.0000,0.0000,0,0,0,0,0,0,0,0,0,0,0,0,0,0,0,0,1,1,0,0,0.1189,0.0741,0.1337,0.0482,0.0865,0.0115,0.0806,0.1079,0.0015,0.1360,0.000,0.000,0.000,0.000,0.000,0.000,0.000,0.000,0.000,0.000,semi-presidential,parliamentary,parliamentary,parliamentary,parliamentary,semi-presidential,semi-presidential,electoral-authoritarian,electoral-authoritarian,parliamentary,0.800,0.800,0.800,0.800,0.800,0.800,0.800,0.500,0.500,0.800,30.0,30.0,30.0,30.0,30.0,30.0,30.0,30.0,30.0,30.0
2026-02-01,1.0018,1.0021,1.0024,0.9987,1.0004,1.0012,1.0015,0.9997,1.0009,1.0041,1.0012,1.0004,1.0808,1.1116,1.1190,0.9988,1.0262,1.0565,1.0457,1.0016,1.0541,1.0499,1.0478,1.0005,3365.80,5049.42,4003.30,2549.96,1906.15,1038.95,212.39,2557.54,1604.34,531.49,1.1604,0.6294,1.0236,1.3733,1.0052,0.5870,1.0984,0.1745,0.2342,0.4357,0.6589,0.7156,0.6642,0.6267,0.6635,0.7177,0.5995,0.6836,0.6651,0.7042,0.0291,0.0215,0.0239,0.0302,0.0336,0.0073,0.0672,0.0035,0.0221,0.0158,0.9074,0.9139,0.9526,0.9173,0.9090,0.9481,0.9545,1.0000,0.9226,1.0000,50.42,181.95,75.53,52.52,59.74,9.18,5.78,233.07,56.00,79.16,0.0000,0.0000,0.0000,0.0000,0.0000,0.0000,0.4584,0.0409,0.0000,0.0000,104304,74663,53998,54750,86225,66964,95775,572442,131417,91336,0,0,0,0,0,0,0,0,0,0,0.0000,0.0000,0.0000,0.0000,0.0000,0.0000,0.0092,0.0092,0.0000,0.0000,0,0,0,0,0,0,0,1,0,0,0,0,0,0,0,0,1,1,0,0,0.1116,0.0711,0.1256,0.0459,0.0811,0.0118,0.0688,0.1009,0.0014,0.1322,0.000,0.000,0.000,0.000,0.000,0.000,0.032,0.147,0.000,0.000,semi-presidential,parliamentary,parliamentary,parliamentary,parliamentary,semi-presidential,semi-presidential,electoral-authoritarian,electoral-authoritarian,parliamentary,0.800,0.800,0.800,0.800,0.800,0.800,0.800,0.500,0.500,0.800,30.2,30.4,30.6,31.2,31.4,31.7,62.6,33.1,33.1,32.6
2026-03-01,1.0035,1.0032,1.0044,0.9984,0.9987,0.9998,1.0024,1.0009,1.0023,1.0073,1.0019,0.9993,1.0917,1.0362,1.0789,1.0296,1.0242,1.0548,1.0449,1.0831,1.0634,1.0758,1.0281,0.9994,3357.58,5062.63,4008.26,2555.18,1904.12,1043.72,211.85,2555.71,1607.83,530.73,1.1671,0.6300,1.0255,1.3751,1.0084,0.5822,1.1026,0.1769,0.2338,0.4218,0.6430,0.7050,0.6507,0.6110,0.6483,0.7223,0.5345,0.6601,0.6583,0.6928,0.0200,0.0117,0.0348,0.0195,0.0237,0.0007,0.0900,0.0043,0.0172,0.0195,0.9758,0.9747,0.9880,0.9752,0.9772,0.9953,0.9679,1.0000,0.9708,1.0000,51.17,183.07,76.74,52.05,59.60,9.34,5.73,236.64,56.57,78.93,0.0000,0.0000,0.0000,0.0000,0.0000,0.0000,0.4592,0.0409,0.0000,0.0000,104304,74663,53998,54750,86225,66964,95775,572442,131417,91336,0,0,0,0,0,0,0,0,0,0,0.0000,0.0000,0.0000,0.0000,0.0000,0.0000,0.0184,0.0184,0.0000,0.0000,0,0,0,0,0,0,0,1,0,0,0,0,0,0,0,0,1,1,0,0,0.1092,0.0693,0.1226,0.0437,0.0790,0.0114,0.0667,0.1025,0.0014,0.1327,0.000,0.000,0.000,0.000,0.000,0.000,0.031,0.147,0.000,0.000,semi-presidential,parliamentary,parliamentary,parliamentary,parliamentary,semi-presidential,semi-presidential,electoral-authoritarian,electoral-authoritarian,parliamentary,0.800,0.800,0.800,0.800,0.800,0.800,0.800,0.500,0.500,0.800,33.3,34.4,33.0,34.6,34.6,34.8,64.8,36.1,36.7,35.3
2026-04-01,1.0058,1.0057,1.0058,1.0000,0.9997,1.0010,1.0043,1.0020,1.0038,1.0116,1.0045,1.0010,1.1009,1.0857,1.0739,1.0722,1.0350,1.0993,1.0059,1.0048,1.0732,1.0861,1.1095,1.0027,3360.66,5057.80,4014.00,2549.92,1903.36,1047.71,211.12,2555.28,1612.82,530.79,1.1697,0.6322,1.0270,1.3853,1.0109,0.5780,1.1079,0.1792,0.2331,0.4073,0.6353,0.6972,0.6320,0.5904,0.6403,0.7159,0.4893,0.6717,0.6539,0.6886,0.0239,0.0224,0.0386,0.0407,0.0308,0.0056,0.0901,0.0041,0.0224,0.0191,0.9335,0.9372,0.9661,0.9400,0.9352,0.9667,0.9595,1.0000,0.9425,1.0000,51.28,179.36,74.42,53.67,58.75,9.53,5.62,236.03,56.36,78.36,0.0000,0.0000,0.0000,0.0000,0.0000,0.0000,0.4598,0.0410,0.0000,0.0000,104304,74663,53998,54750,86225,66964,95775,572442,131417,91336,0,0,0,0,0,0,0,0,0,0,0.0000,0.0000,0.0000,0.0000,0.0000,0.0000,0.0276,0.0276,0.0000,0.0000,0,0,0,0,0,0,0,1,0,0,0,0,0,0,0,0,1,1,0,0,0.1192,0.0727,0.1339,0.0481,0.0869,0.0120,0.0717,0.1040,0.0015,0.1363,0.000,0.000,0.000,0.000,0.000,0.000,0.032,0.148,0.000,0.000,semi-presidential,parliamentary,parliamentary,parliamentary,parliamentary,semi-presidential,semi-presidential,electoral-authoritarian,electoral-authoritarian,parliamentary,0.800,0.800,0.800,0.800,0.800,0.800,0.800,0.500,0.500,0.800,36.5,37.1,25.4,39.6,37.6,37.9,66.8,39.1,40.3,38.0
2026-05-01,1.0087,1.0056,1.0074,0.9997,1.0024,1.0029,1.0022,1.0014,1.0043,1.0149,1.0074,1.0021,1.1818,1.0332,1.1125,1.0410,1.0486,1.0580,1.0041,1.0135,1.0301,1.0714,1.1450,1.0029,3361.22,5069.17,4017.93,2553.26,1907.35,1051.76,210.26,2557.32,1619.69,531.50,1.1729,0.6322,1.0286,1.3876,1.0110,0.5739,1.1174,0.1819,0.2322,0.3923,0.6312,0.7009,0.6283,0.5956,0.6476,0.7126,0.4705,0.6452,0.6257,0.6795,0.0260,0.0180,0.0409,0.0308,0.0339,0.0045,0.0909,0.0026,0.0210,0.0243,0.9804,0.9798,0.9904,0.9791,0.9808,1.0000,0.9685,1.0000,0.9744,1.0000,50.15,183.08,77.40,51.57,58.88,9.43,5.70,231.93,56.44,78.17,0.0000,0.0000,0.0000,0.0000,0.0000,0.0000,0.4595,0.0411,0.0000,0.0000,104304,74663,53998,54750,86225,66964,95775,572442,131417,91336,0,0,0,0,0,0,0,0,0,0,0.0000,0.0000,0.0000,0.0000,0.0000,0.0000,0.0391,0.0091,0.0000,0.0000,0,0,0,0,0,0,0,1,0,0,0,0,0,0,0,0,1,1,0,0,0.1204,0.0752,0.1353,0.0495,0.0878,0.0130,0.0731,0.1041,0.0015,0.1341,0.000,0.000,0.000,0.000,0.000,0.000,0.034,0.148,0.000,0.000,semi-presidential,parliamentary,parliamentary,parliamentary,parliamentary,semi-presidential,semi-presidential,electoral-authoritarian,electoral-authoritarian,parliamentary,0.800,0.800,0.800,0.800,0.800,0.800,0.800,0.500,0.500,0.800,39.6,39.9,27.6,42.9,40.7,41.0,69.1,42.8,43.6,40.6
2026-06-01,1.0151,1.0065,1.0116,1.0011,1.0043,1.0029,1.0003,1.0038,1.0047,1.0179,1.0108,1.0034,1.3120,1.0338,1.2141,1.0769,1.0421,1.0580,1.0018,1.0683,1.0305,1.0810,1.1008,1.0040,3358.95,5070.18,4011.85,2555.39,1910.63,1057.60,209.72,2561.72,1625.99,533.33,1.1768,0.6336,1.0326,1.3901,1.0114,0.5688,1.1220,0.1838,0.2314,0.3764,0.6283,0.6873,0.6219,0.5889,0.6336,0.7111,0.4600,0.6418,0.6139,0.6780,0.0415,0.0326,0.0521,0.0525,0.0471,0.0122,0.0930,0.0028,0.0356,0.0240,0.9805,0.9799,0.9905,0.9792,0.9808,1.0000,0.9683,1.0000,0.9745,1.0000,48.35,176.52,73.65,50.73,56.35,9.59,5.52,222.25,54.62,76.17,0.0000,0.0000,0.0000,0.0000,0.0000,0.0000,0.4605,0.0411,0.0000,0.0000,104304,74663,53998,54750,86225,66964,95775,572442,131417,91336,0,0,0,0,0,0,0,0,0,0,0.0000,0.0000,0.0000,0.0000,0.0000,0.0000,0.0483,0.0183,0.0000,0.0000,0,0,0,0,0,0,0,1,0,0,0,0,0,0,0,0,1,1,0,0,0.1213,0.0749,0.1362,0.0500,0.0890,0.0139,0.0739,0.1052,0.0016,0.1369,0.000,0.000,0.000,0.000,0.000,0.000,0.035,0.149,0.000,0.000,semi-presidential,parliamentary,parliamentary,parliamentary,parliamentary,semi-presidential,semi-presidential,electoral-authoritarian,electoral-authoritarian,parliamentary,0.800,0.800,0.800,0.800,0.800,0.800,0.800,0.500,0.500,0.800,42.7,42.5,29.9,46.2,43.8,44.0,70.9,45.6,46.9,43.2
2026-07-01,1.0222,1.0086,1.0141,1.0020,1.0094,1.0012,0.9995,1.0030,1.0056,1.0212,1.0144,1.0037,1.2784,1.0864,1.0771,1.0388,1.0700,1.0557,1.0011,1.0047,1.0194,1.0611,1.0815,1.0037,3355.77,5073.44,4016.50,2557.80,1914.86,1060.62,209.70,2559.05,1633.81,532.97,1.1807,0.6342,1.0336,1.3923,1.0114,0.5648,1.1238,0.1862,0.2309,0.3621,0.6223,0.6883,0.6189,0.5871,0.6260,0.6966,0.4626,0.6563,0.6202,0.6731,0.0320,0.0267,0.0430,0.0382,0.0432,0.0140,0.0898,0.0015,0.0266,0.0247,0.9355,0.9390,0.9671,0.9416,0.9372,0.9681,0.9604,1.0000,0.9437,1.0000,49.28,184.12,78.95,52.06,58.90,9.61,5.85,228.42,56.50,78.04,0.0000,0.0000,0.0000,0.0000,0.0000,0.0000,0.4581,0.0411,0.0000,0.0000,104304,74663,53998,54750,86225,66964,95775,572442,131417,91336,0,0,0,0,0,0,0,0,0,0,0.0000,0.0000,0.0000,0.0000,0.0000,0.0000,0.0575,0.0275,0.0000,0.0000,0,0,0,0,0,0,0,1,0,0,0,0,0,0,0,0,1,1,0,0,0.1192,0.0758,0.1335,0.0502,0.0870,0.0143,0.0742,0.1055,0.0016,0.1348,0.000,0.000,0.000,0.000,0.000,0.000,0.036,0.149,0.000,0.000,semi-presidential,parliamentary,parliamentary,parliamentary,parliamentary,semi-presidential,semi-presidential,electoral-authoritarian,electoral-authoritarian,parliamentary,0.800,0.800,0.800,0.800,0.800,0.800,0.800,0.500,0.500,0.800,45.7,41.2,32.2,49.5,46.8,48.2,72.6,48.5,50.3,45.8
2026-08-01,1.0295,1.0204,1.0149,1.0029,1.0327,1.0011,0.9989,1.0024,1.0068,1.0240,1.0162,1.0030,1.3140,1.3259,1.1116,1.1254,1.1449,1.0560,1.0201,1.0224,1.1201,1.0927,1.0932,1.0031,3351.30,5080.58,4022.90,2557.06,1914.58,1064.88,209.17,2558.01,1634.23,532.32,1.1820,0.6348,1.0350,1.3984,1.0137,0.5607,1.1288,0.1889,0.2293,0.3480,0.5685,0.6612,0.6201,0.5874,0.5962,0.6893,0.4642,0.6545,0.6095,0.6583,0.0630,0.0614,0.0717,0.1005,0.0890,0.0375,0.0952,0.0056,0.0640,0.0505,0.7532,0.7671,0.8758,0.7699,0.7542,0.8178,0.9471,1.0000,0.7686,1.0000,47.71,169.70,69.06,51.21,54.58,9.00,5.26,219.37,53.71,72.23,0.0000,0.0000,0.0000,0.0000,0.0000,0.0000,0.4564,0.0408,0.0000,0.0000,104304,74663,53998,54750,86225,66964,95775,572442,131417,91336,0,0,0,0,0,0,0,0,0,0,0.0000,0.0000,0.0000,0.0000,0.0000,0.0000,0.0690,0.0390,0.0000,0.0000,0,0,0,0,0,0,0,1,0,0,0,0,0,0,0,0,1,1,0,0,0.1207,0.0732,0.1299,0.0462,0.0819,0.0137,0.0749,0.1077,0.0055,0.1397,0.000,0.000,0.000,0.000,0.000,0.000,0.035,0.150,0.000,0.000,semi-presidential,parliamentary,parliamentary,parliamentary,parliamentary,semi-presidential,semi-presidential,electoral-authoritarian,electoral-authoritarian,parliamentary,0.800,0.800,0.800,0.800,0.800,0.800,0.800,0.500,0.500,0.800,50.8,43.8,30.9,52.3,49.6,51.1,74.8,52.1,52.6,48.4
2026-09-01,1.0337,1.0326,1.0146,1.0055,1.0518,0.9996,1.0000,1.0040,1.0071,1.0250,1.0176,1.0017,1.1270,1.3281,1.0524,1.1032,1.1423,1.0548,1.0210,1.0054,1.0204,1.0288,1.0469,1.0018,3339.23,5079.06,4016.46,2545.05,1911.75,1071.25,208.78,2554.22,1638.06,533.57,1.1888,0.6415,1.0384,1.4090,1.0175,0.5556,1.1326,0.1913,0.2288,0.3324,0.5818,0.6669,0.6024,0.5555,0.5765,0.6939,0.4905,0.6742,0.6059,0.6613,0.0429,0.0440,0.0520,0.0721,0.0607,0.0243,0.0844,0.0013,0.0448,0.0347,0.7623,0.7758,0.8808,0.7787,0.7633,0.8261,0.9496,1.0000,0.7776,1.0000,51.13,179.31,74.07,53.12,58.85,9.82,5.63,235.05,56.46,76.25,0.0000,0.0000,0.0000,0.0000,0.0000,0.0000,0.4569,0.0431,0.0000,0.0000,104304,74663,53998,54750,86225,66964,95775,572442,131417,91336,0,0,0,0,0,0,0,0,0,0,0.0000,0.0000,0.0000,0.0000,0.0000,0.0000,0.0782,0.0482,0.0000,0.0000,0,0,0,0,0,0,0,1,0,0,0,0,0,0,0,0,1,1,0,0,0.1191,0.0733,0.1280,0.0486,0.0842,0.0136,0.0757,0.1067,0.0048,0.1405,0.000,0.000,0.000,0.000,0.000,0.000,0.033,0.150,0.000,0.000,semi-presidential,parliamentary,parliamentary,parliamentary,parliamentary,semi-presidential,semi-presidential,electoral-authoritarian,electoral-authoritarian,parliamentary,0.800,0.800,0.800,0.800,0.800,0.800,0.800,0.500,0.500,0.800,53.6,44.7,33.1,55.4,52.4,54.1,76.6,55.1,55.8,50.9
2026-10-01,1.0305,1.0413,1.0105,1.0097,1.0626,1.0003,1.0000,1.0028,1.0040,1.0233,1.0183,1.0015,1.1101,1.2670,1.0484,1.1131,1.1290,1.0933,1.0014,1.0043,1.0172,1.0253,1.0198,1.0021,3339.62,5082.02,4017.54,2542.63,1912.76,1074.39,208.43,2556.21,1643.66,534.53,1.1909,0.6424,1.0398,1.4230,1.0192,0.5536,1.1362,0.1933,0.2281,0.3170,0.5955,0.6907,0.6054,0.5568,0.5799,0.6890,0.5080,0.6508,0.6081,0.6714,0.0340,0.0384,0.0433,0.0658,0.0465,0.0195,0.0563,0.0010,0.0343,0.0242,0.8181,0.8294,0.9088,0.8327,0.8191,0.8750,0.9531,1.0000,0.8351,1.0000,49.44,175.20,71.33,53.60,56.32,9.52,5.27,226.66,55.67,78.49,0.0000,0.0000,0.0000,0.0000,0.0000,0.0000,0.4616,0.0427,0.0000,0.0000,104304,74663,53998,54750,86225,66964,95775,572442,131417,91336,0,0,0,0,0,0,0,0,0,0,0.0000,0.0000,0.0000,0.0000,0.0000,0.0000,0.0874,0.0574,0.0000,0.0000,0,0,0,0,0,0,0,1,0,0,0,0,0,0,0,0,1,1,0,0,0.1289,0.0766,0.1393,0.0530,0.0916,0.0128,0.0779,0.1009,0.0050,0.1413,0.000,0.000,0.000,0.000,0.000,0.000,0.032,0.150,0.000,0.000,semi-presidential,parliamentary,parliamentary,parliamentary,parliamentary,semi-presidential,semi-presidential,electoral-authoritarian,electoral-authoritarian,parliamentary,0.810,0.800,0.800,0.800,0.800,0.778,0.800,0.500,0.500,0.800,51.5,46.8,35.4,59.6,55.1,56.5,78.6,58.1,59.1,53.5
2026-11-01,1.0243,1.0473,1.0056,1.0125,1.0672,1.0017,0.9982,1.0021,1.0028,1.0216,1.0158,1.0010,1.1004,1.1789,1.0427,1.0641,1.1077,1.0748,0.9998,1.0314,1.0160,1.0250,1.0180,1.0013,3340.71,5088.55,4016.69,2542.94,1917.50,1077.98,208.92,2563.42,1647.67,536.41,1.1924,0.6439,1.0417,1.4275,1.0190,0.5494,1.1356,0.1953,0.2277,0.3011,0.6062,0.6855,0.6019,0.5666,0.6016,0.7141,0.5265,0.6375,0.6268,0.6868,0.0244,0.0230,0.0350,0.0354,0.0311,0.0087,0.0552,0.0012,0.0204,0.0157,0.8921,0.9006,0.9455,0.9043,0.8931,0.9394,0.9572,1.0000,0.9118,1.0000,49.29,179.34,74.01,52.99,56.75,10.10,5.38,226.11,56.60,81.69,0.0000,0.0000,0.0000,0.0000,0.0000,0.0000,0.4617,0.0426,0.0000,0.0000,104304,74663,53998,54750,86225,66964,95775,572442,131417,91336,0,0,0,0,0,0,0,0,0,0,0.0000,0.0000,0.0000,0.0000,0.0000,0.0000,0.0989,0.0689,0.0000,0.0000,0,0,0,0,0,0,0,1,0,0,0,0,0,0,0,0,1,1,0,0,0.1059,0.0675,0.1127,0.0428,0.0742,0.0130,0.0754,0.0986,0.0043,0.1400,0.000,0.000,0.000,0.000,0.000,0.000,0.031,0.149,0.000,0.000,semi-presidential,parliamentary,parliamentary,parliamentary,parliamentary,semi-presidential,semi-presidential,electoral-authoritarian,electoral-authoritarian,parliamentary,0.800,0.800,0.800,0.800,0.800,0.814,0.800,0.500,0.500,0.800,54.4,50.7,37.6,62.7,57.9,50.5,81.1,61.6,62.4,56.2
2026-12-01,1.0188,1.0520,1.0007,1.0132,1.0682,1.0022,0.9978,1.0024,1.0047,1.0205,1.0133,0.9999,1.0956,1.1400,1.0372,1.0286,1.0927,1.0570,0.9995,1.0040,1.0186,1.0447,1.0157,1.0003,3351.82,5103.14,4016.60,2542.33,1918.83,1080.57,208.71,2565.07,1652.31,537.73,1.1901,0.6438,1.0435,1.4302,1.0205,0.5464,1.1383,0.1973,0.2272,0.2855,0.6122,0.6849,0.6105,0.5706,0.6126,0.7149,0.5312,0.6403,0.6590,0.6935,0.0175,0.0160,0.0209,0.0211,0.0214,0.0048,0.0552,0.0011,0.0152,0.0092,0.9292,0.9335,0.9645,0.9361,0.9309,0.9655,0.9644,1.0000,0.9387,1.0000,50.10,187.77,81.04,53.39,58.76,10.21,5.61,230.12,57.91,83.10,0.0000,0.0000,0.0000,0.0000,0.0000,0.0000,0.4616,0.0416,0.0000,0.0000,104304,74663,53998,54750,86225,66964,95775,572442,131417,91336,0,0,0,0,0,0,0,0,0,0,0.0000,0.0000,0.0000,0.0000,0.0000,0.0000,0.1081,0.0781,0.0000,0.0000,0,0,0,0,0,0,0,1,0,0,0,0,0,0,0,0,1,1,0,0,0.1100,0.0708,0.1179,0.0456,0.0772,0.0126,0.0732,0.0982,0.0039,0.1379,0.000,0.000,0.000,0.000,0.000,0.000,0.030,0.149,0.000,0.000,semi-presidential,parliamentary,parliamentary,parliamentary,parliamentary,semi-presidential,semi-presidential,electoral-authoritarian,electoral-authoritarian,parliamentary,0.800,0.800,0.800,0.800,0.800,0.805,0.800,0.500,0.500,0.800,57.4,53.4,39.8,65.9,60.8,53.5,83.2,64.4,66.1,58.9
2027-01-01,1.0112,1.0531,0.9962,1.0109,1.0664,1.0018,0.9967,1.0019,1.0066,1.0206,1.0091,0.9992,1.0830,1.0833,1.0335,1.0113,1.0912,1.0566,0.9987,1.0038,1.0591,1.0301,1.0112,0.9993,3363.41,5113.77,3990.15,2547.13,1921.46,1084.23,208.18,2561.40,1657.11,540.50,1.1873,0.6442,1.0522,1.4297,1.0213,0.5429,1.1432,0.2002,0.2266,0.2693,0.6216,0.6900,0.6300,0.5865,0.6247,0.7207,0.5198,0.6392,0.6490,0.7009,0.0104,0.0095,0.0096,0.0153,0.0154,0.0000,0.0542,0.0026,0.0113,0.0103,0.9792,0.9787,0.9900,0.9779,0.9795,1.0000,0.9718,1.0000,0.9732,1.0000,49.21,186.92,79.49,52.51,57.69,10.20,5.81,225.00,57.40,83.42,0.0000,0.0000,0.0000,0.0000,0.0000,0.0000,0.4621,0.0419,0.0000,0.0000,104304,74663,53998,54750,86225,66964,95775,572442,131417,91336,0,0,0,0,0,0,0,0,0,0,0.0000,0.0000,0.0000,0.0000,0.0000,0.0000,0.1196,0.0896,0.0000,0.0000,0,0,0,0,0,0,0,1,0,0,0,0,0,0,0,0,1,1,0,0,0.1155,0.0731,0.1261,0.0480,0.0816,0.0123,0.0729,0.0960,0.0067,0.1375,0.000,0.000,0.000,0.000,0.000,0.000,0.029,0.149,0.000,0.000,semi-presidential,parliamentary,parliamentary,parliamentary,parliamentary,semi-presidential,semi-presidential,electoral-authoritarian,electoral-authoritarian,parliamentary,0.800,0.800,0.800,0.800,0.800,0.800,0.722,0.500,0.500,0.800,60.4,56.1,42.1,69.2,63.8,56.6,95.8,67.9,69.6,61.6
2027-02-01,1.0039,1.0862,1.0072,1.0125,1.0648,1.0027,0.9985,1.0019,1.0076,1.0216,1.0087,0.9974,1.0793,1.6584,1.3917,1.1162,1.0891,1.0578,1.0623,1.0033,1.0288,1.0295,1.0121,0.9978,3353.13,5117.56,3992.28,2540.56,1915.41,1084.86,207.29,2565.25,1656.09,539.54,1.1917,0.6454,1.0548,1.4351,1.0268,0.5408,1.1497,0.2020,0.2268,0.2549,0.5830,0.6338,0.5903,0.5318,0.5644,0.6914,0.5296,0.6584,0.6011,0.6977,0.0939,0.0841,0.0722,0.1137,0.1003,0.0479,0.0562,0.0016,0.0903,0.0176,0.5667,0.5882,0.7875,0.5898,0.5676,0.6576,0.9527,1.0000,0.5755,1.0000,46.17,164.51,67.52,48.18,51.98,9.55,4.97,205.98,50.13,68.33,0.0000,0.0000,0.0000,0.0000,0.0000,0.0000,0.4634,0.0427,0.0000,0.0000,104304,74663,53998,54750,86225,66964,95775,572442,131417,91336,0,0,0,0,0,0,0,0,0,0,0.0000,0.0000,0.0000,0.0000,0.0000,0.0000,0.1288,0.0988,0.0000,0.0000,0,0,0,0,0,0,0,1,0,0,0,0,0,0,0,0,1,1,0,0,0.1065,0.0646,0.1148,0.0421,0.0740,0.0122,0.0700,0.1016,0.0055,0.1390,0.000,0.000,0.000,0.000,0.000,0.000,0.027,0.148,0.000,0.000,semi-presidential,parliamentary,parliamentary,parliamentary,parliamentary,semi-presidential,semi-presidential,electoral-authoritarian,electoral-authoritarian,parliamentary,0.800,0.800,0.800,0.800,0.800,0.800,0.731,0.500,0.500,0.800,62.9,58.6,43.8,72.2,66.5,59.6,98.0,70.8,72.9,64.3
2027-03-01,0.9985,1.1099,1.0167,1.0129,1.0613,1.0019,0.9996,1.0000,1.0074,1.0215,1.0049,0.9958,1.0731,1.5244,1.3200,1.0792,1.0853,1.0563,1.0103,1.0016,1.0210,1.0445,1.0070,0.9960,3338.53,5103.16,3991.93,2539.62,1910.36,1090.33,206.59,2565.55,1656.22,540.10,1.1978,0.6488,1.0565,1.4373,1.0315,0.5365,1.1549,0.2040,0.2269,0.2397,0.5718,0.6141,0.5731,0.5113,0.5449,0.6865,0.5310,0.6227,0.5935,0.6930,0.0693,0.0610,0.0544,0.0831,0.0737,0.0328,0.0534,0.0011,0.0657,0.0137,0.6912,0.7075,0.8505,0.7096,0.6920,0.7654,0.9619,1.0000,0.7023,1.0000,46.87,173.20,71.48,48.90,53.89,9.64,5.25,212.46,52.78,73.64,0.0000,0.0000,0.0000,0.0000,0.0000,0.0000,0.4596,0.0420,0.0000,0.0000,104304,74663,53998,54750,86225,66964,95775,572442,131417,91336,0,0,0,0,0,0,0,0,0,0,0.0000,0.0000,0.0000,0.0000,0.0000,0.0000,0.1380,0.1080,0.0000,0.0000,0,0,0,0,0,0,0,1,0,0,0,0,0,0,0,0,1,1,0,0,0.1172,0.0686,0.1270,0.0445,0.0790,0.0120,0.0681,0.1010,0.0048,0.1405,0.000,0.000,0.000,0.000,0.000,0.000,0.025,0.148,0.000,0.000,semi-presidential,parliamentary,parliamentary,parliamentary,parliamentary,semi-presidential,semi-presidential,electoral-authoritarian,electoral-authoritarian,parliamentary,0.800,0.800,0.800,0.800,0.800,0.800,0.741,0.500,0.500,0.800,65.7,60.9,45.8,75.0,69.0,62.6,100.0,73.7,76.1,67.0
2027-04-01,0.9939,1.1238,1.0226,1.0127,1.0590,1.0019,0.9977,0.9998,1.0063,1.0214,1.0009,0.9954,1.0703,1.3547,1.2153,1.0330,1.0832,1.0573,0.9996,1.0015,1.0207,1.0269,1.0027,0.9954,3343.19,5098.73,3983.39,2533.30,1906.53,1091.35,206.46,2565.28,1660.01,539.72,1.2014,0.6508,1.0601,1.4424,1.0354,0.5344,1.1569,0.2060,0.2265,0.2248,0.5959,0.6105,0.5774,0.5293,0.5406,0.6870,0.5290,0.6372,0.6157,0.6957,0.0428,0.0351,0.0354,0.0467,0.0466,0.0164,0.0547,0.0011,0.0378,0.0115,0.8265,0.8373,0.9160,0.8401,0.8274,0.8826,0.9683,1.0000,0.8412,1.0000,48.90,184.01,77.93,51.33,57.41,9.81,5.55,225.83,56.65,79.20,0.0000,0.0000,0.0000,0.0000,0.0000,0.0000,0.4593,0.0437,0.0000,0.0000,104304,74663,53998,54750,86225,66964,95775,572442,131417,91336,0,0,0,0,0,0,0,0,0,0,0.0000,0.0000,0.0000,0.0000,0.0000,0.0000,0.1472,0.1172,0.0000,0.0000,0,0,0,0,0,0,0,1,0,0,0,0,0,0,0,0,1,1,0,0,0.1262,0.0738,0.1374,0.0524,0.0854,0.0121,0.0706,0.1030,0.0047,0.1409,0.000,0.000,0.000,0.000,0.000,0.000,0.024,0.147,0.000,0.000,semi-presidential,parliamentary,parliamentary,parliamentary,parliamentary,semi-presidential,semi-presidential,electoral-authoritarian,electoral-authoritarian,parliamentary,0.800,0.800,0.800,0.800,0.800,0.800,0.750,0.500,0.500,0.800,59.8,63.2,47.9,77.9,71.5,65.5,100.0,76.4,79.5,69.7
2027-05-01,0.9914,1.1290,1.0269,1.0103,1.0584,0.9998,0.9950,0.9997,1.0036,1.0200,0.9967,0.9946,1.0711,1.2215,1.2057,1.0105,1.0830,1.0547,0.9971,1.0014,1.0182,1.0289,0.9989,0.9948,3344.80,5101.22,3977.88,2536.67,1899.03,1094.37,205.96,2573.07,1668.66,540.83,1.2016,0.6516,1.0627,1.4416,1.0411,0.5314,1.1610,0.2129,0.2254,0.2093,0.5985,0.6202,0.5865,0.5432,0.5540,0.7001,0.5244,0.6431,0.6186,0.6979,0.0274,0.0206,0.0220,0.0308,0.0314,0.0044,0.0574,0.0011,0.0207,0.0113,0.9301,0.9351,0.9661,0.9369,0.9306,0.9684,0.9720,1.0000,0.9395,1.0000,50.82,187.79,79.46,54.87,59.74,9.88,5.87,237.89,59.34,82.94,0.0000,0.0000,0.0000,0.0000,0.0000,0.0000,0.4596,0.0432,0.0000,0.0000,104304,74663,53998,54750,86225,66964,95775,572442,131417,91336,0,0,0,0,0,0,0,0,0,0,0.0000,0.0000,0.0000,0.0000,0.0000,0.0000,0.1587,0.1287,0.0000,0.0000,0,0,0,0,0,0,0,1,0,0,0,0,0,0,0,0,1,1,0,0,0.1268,0.0742,0.1396,0.0533,0.0905,0.0121,0.0718,0.1056,0.0044,0.1411,0.000,0.000,0.000,0.000,0.000,0.000,0.023,0.147,0.000,0.000,semi-presidential,parliamentary,parliamentary,parliamentary,parliamentary,semi-presidential,semi-presidential,electoral-authoritarian,electoral-authoritarian,parliamentary,0.800,0.800,0.800,0.800,0.800,0.800,0.761,0.500,0.500,0.800,30.0,65.5,50.1,80.9,74.0,68.5,100.0,79.9,82.8,72.4
2027-06-01,0.9925,1.1273,1.0292,1.0054,1.0541,1.0003,0.9938,1.0004,1.0013,1.0196,0.9926,0.9944,1.0741,1.1609,1.1131,1.0060,1.0783,1.0551,0.9957,1.0742,1.0153,1.0289,0.9951,0.9945,3340.50,5110.38,3987.65,2540.70,1903.85,1097.04,205.72,2580.18,1670.38,540.74,1.2038,0.6514,1.0609,1.4402,1.0398,0.5353,1.1633,0.2143,0.2253,0.1942,0.6056,0.6368,0.6076,0.5563,0.5776,0.7335,0.5182,0.6472,0.6444,0.7033,0.0179,0.0117,0.0166,0.0189,0.0208,0.0000,0.0622,0.0018,0.0127,0.0143,0.9782,0.9779,0.9899,0.9769,0.9784,1.0000,0.9786,1.0000,0.9719,1.0000,51.46,189.40,80.19,55.51,60.71,10.03,5.96,240.82,59.91,85.20,0.0000,0.0000,0.0000,0.0000,0.0000,0.0000,0.4596,0.0432,0.0000,0.0000,104304,74663,53998,54750,86225,66964,95775,572442,131417,91336,0,0,0,0,0,0,0,0,0,0,0.0000,0.0000,0.0000,0.0000,0.0000,0.0000,0.1679,0.1379,0.0000,0.0000,0,0,0,0,0,0,0,1,0,0,0,0,0,0,0,0,1,1,0,0,0.1197,0.0714,0.1319,0.0504,0.0856,0.0113,0.0679,0.1039,0.0039,0.1410,0.000,0.000,0.000,0.000,0.000,0.000,0.035,0.146,0.000,0.000,semi-presidential,parliamentary,parliamentary,parliamentary,parliamentary,semi-presidential,semi-presidential,electoral-authoritarian,electoral-authoritarian,parliamentary,0.800,0.800,0.800,0.800,0.800,0.800,0.771,0.500,0.500,0.800,32.7,67.9,52.3,84.0,76.7,70.2,100.0,82.8,86.3,75.1
2027-07-01,0.9919,1.1205,1.0321,1.0001,1.0488,0.9986,0.9955,1.0007,0.9983,1.0201,0.9908,0.9932,1.0706,1.1526,1.2035,1.0011,1.0729,1.0532,1.1066,1.0025,1.0120,1.0312,0.9924,0.9933,3336.02,5093.71,3982.21,2549.87,1902.71,1100.01,205.39,2578.72,1679.45,542.98,1.2030,0.6543,1.0629,1.4356,1.0421,0.5324,1.1659,0.2164,0.2241,0.1784,0.6038,0.6438,0.6092,0.5686,0.6022,0.7429,0.5217,0.6064,0.6493,0.7047,0.0231,0.0141,0.0220,0.0243,0.0260,0.0000,0.0597,0.0017,0.0157,0.0155,0.9800,0.9795,0.9907,0.9788,0.9804,1.0000,0.9792,1.0000,0.9740,1.0000,50.07,186.40,79.28,54.28,59.06,10.10,5.93,232.11,58.34,85.01,0.0000,0.0000,0.0000,0.0000,0.0000,0.0000,0.4598,0.0429,0.0000,0.0000,104304,74663,53998,54750,86225,66964,95775,572442,131417,91336,0,0,0,0,0,0,0,0,0,0,0.0000,0.0000,0.0000,0.0000,0.0000,0.0000,0.1771,0.1471,0.0000,0.0000,0,0,0,0,0,0,0,1,0,0,0,0,0,0,0,0,1,1,0,0,0.1001,0.0633,0.1090,0.0415,0.0705,0.0116,0.0672,0.1012,0.0030,0.1401,0.000,0.000,0.000,0.000,0.000,0.000,0.033,0.145,0.000,0.000,semi-presidential,parliamentary,parliamentary,parliamentary,parliamentary,semi-presidential,semi-presidential,electoral-authoritarian,electoral-authoritarian,parliamentary,0.800,0.800,0.800,0.800,0.800,0.800,0.780,0.500,0.500,0.800,35.4,70.3,54.5,87.1,81.5,73.3,100.0,85.5,89.8,77.9
2027-08-01,0.9916,1.1075,1.0335,0.9963,1.0471,0.9975,0.9972,0.9990,0.9970,1.0202,0.9900,0.9927,1.0710,1.1370,1.0820,0.9964,1.0709,1.0516,1.0184,1.0007,1.0106,1.0315,0.9916,0.9928,3331.12,5094.43,3983.54,2557.59,1904.43,1101.27,204.78,2583.69,1685.24,542.83,1.2051,0.6597,1.0659,1.4315,1.0417,0.5333,1.1700,0.2184,0.2235,0.1635,0.5958,0.6565,0.6328,0.5840,0.6119,0.7427,0.5259,0.6099,0.6391,0.7037,0.0121,0.0101,0.0106,0.0159,0.0159,0.0000,0.0572,0.0012,0.0106,0.0099,0.9811,0.9804,0.9912,0.9801,0.9819,1.0000,0.9803,1.0000,0.9755,1.0000,49.74,184.76,78.20,53.20,58.47,9.88,5.92,231.11,58.00,82.41,0.0000,0.0000,0.0000,0.0000,0.0000,0.0000,0.4597,0.0430,0.0000,0.0000,104304,74663,53998,54750,86225,66964,95775,572442,131417,91336,0,0,0,0,0,0,0,0,0,0,0.0000,0.0000,0.0000,0.0000,0.0000,0.0000,0.1886,0.1586,0.0000,0.0000,0,0,0,0,0,0,0,1,0,0,0,0,0,0,0,0,1,1,0,0,0.1254,0.0726,0.1380,0.0519,0.0891,0.0118,0.0742,0.1009,0.0032,0.1356,0.000,0.000,0.000,0.000,0.000,0.000,0.033,0.144,0.000,0.000,semi-presidential,parliamentary,parliamentary,parliamentary,parliamentary,semi-presidential,semi-presidential,electoral-authoritarian,electoral-authoritarian,parliamentary,0.800,0.800,0.800,0.800,0.800,0.800,0.791,0.500,0.500,0.800,36.5,72.8,57.7,90.4,30.0,76.4,100.0,88.8,93.3,80.6
2027-09-01,0.9926,1.0927,1.0345,0.9935,1.0445,0.9969,0.9990,0.9992,0.9955,1.0210,1.0099,1.0040,1.0740,1.1230,1.0827,0.9939,1.0682,1.0506,1.0435,1.0451,1.0087,1.0366,1.5514,1.0041,3330.65,5093.91,3983.79,2556.02,1905.86,1108.04,204.92,2579.17,1692.83,542.55,1.2061,0.6601,1.0660,1.4323,1.0408,0.5285,1.1736,0.2209,0.2226,0.1487,0.6032,0.6763,0.6390,0.6068,0.6190,0.7366,0.5097,0.6376,0.6519,0.6856,0.0295,0.0101,0.0335,0.0159,0.0288,0.0000,0.0818,0.0054,0.0120,0.0389,0.9814,0.9806,0.9912,0.9803,0.9821,1.0000,0.9791,1.0000,0.9757,1.0000,50.15,184.42,78.03,53.59,59.09,9.92,5.92,233.97,58.44,82.19,0.0000,0.0000,0.0000,0.0000,0.0000,0.0000,0.4593,0.0423,0.0000,0.0000,104304,74663,53998,54750,86225,66964,95775,572442,131417,91336,0,0,0,0,0,0,0,0,0,0,0.0000,0.0000,0.0000,0.0000,0.0000,0.0000,0.1978,0.1678,0.0000,0.0000,0,0,0,0,0,0,0,1,0,0,0,0,0,0,0,0,1,1,0,0,0.1317,0.0784,0.1450,0.0578,0.0953,0.0124,0.0756,0.1027,0.0082,0.1353,0.000,0.000,0.000,0.000,0.000,0.000,0.042,0.142,0.000,0.000,semi-presidential,parliamentary,parliamentary,parliamentary,parliamentary,semi-presidential,semi-presidential,electoral-authoritarian,electoral-authoritarian,parliamentary,0.800,0.800,0.800,0.800,0.800,0.800,0.800,0.500,0.500,0.800,40.2,75.4,60.0,94.5,32.7,79.7,100.0,91.6,96.8,83.3
2027-10-01,0.9912,1.0812,1.0322,0.9902,1.0415,0.9958,0.9989,1.0004,0.9942,1.0204,1.0287,1.0129,1.0673,1.1098,1.0705,0.9909,1.0652,1.0495,1.0005,1.0455,1.0076,1.0314,1.4710,1.0140,3340.66,5093.17,4004.90,2561.40,1910.61,1115.49,204.91,2584.52,1699.79,542.89,1.2031,0.6602,1.0602,1.4293,1.0421,0.5226,1.1740,0.2230,0.2217,0.1338,0.6161,0.6799,0.6544,0.6154,0.6208,0.7304,0.5110,0.6424,0.6601,0.6728,0.0245,0.0096,0.0275,0.0150,0.0246,0.0000,0.0726,0.0040,0.0109,0.0316,0.9807,0.9800,0.9909,0.9795,0.9813,1.0000,0.9782,1.0000,0.9748,1.0000,48.99,184.89,79.56,53.19,57.90,10.32,5.84,226.34,57.72,83.74,0.0000,0.0000,0.0000,0.0000,0.0000,0.0000,0.4588,0.0429,0.0000,0.0000,104304,74663,53998,54750,86225,66964,95775,572442,131417,91336,0,0,0,0,0,0,0,0,0,0,0.0000,0.0000,0.0000,0.0000,0.0000,0.0000,0.2093,0.1793,0.0000,0.0000,0,0,0,0,0,0,0,1,0,0,0,0,0,0,0,0,1,1,0,0,0.1407,0.0862,0.1543,0.0658,0.1038,0.0231,0.0848,0.1053,0.0151,0.1376,0.000,0.000,0.000,0.000,0.000,0.000,0.049,0.133,0.000,0.000,semi-presidential,parliamentary,parliamentary,parliamentary,parliamentary,semi-presidential,semi-presidential,electoral-authoritarian,electoral-authoritarian,parliamentary,0.800,0.800,0.800,0.800,0.800,0.800,0.800,0.500,0.500,0.800,42.9,78.0,62.5,100.0,34.1,85.1,100.0,95.1,100.0,85.9
2027-11-01,0.9898,1.0722,1.0270,0.9872,1.0391,0.9949,0.9997,1.0006,0.9950,1.0193,1.0400,1.0165,1.0677,1.1021,1.0651,0.9875,1.0625,1.0486,1.0149,1.0119,1.0575,1.0284,1.3116,1.0168,3348.64,5117.50,4031.55,2570.06,1920.45,1119.98,205.16,2587.19,1710.82,542.83,1.2009,0.6569,1.0530,1.4243,1.0364,0.5195,1.1726,0.2249,0.2204,0.1191,0.6309,0.6952,0.6758,0.6305,0.6416,0.7332,0.5205,0.6315,0.6550,0.6714,0.0191,0.0098,0.0207,0.0157,0.0219,0.0000,0.0682,0.0045,0.0123,0.0232,0.9802,0.9795,0.9906,0.9790,0.9807,1.0000,0.9771,1.0000,0.9742,1.0000,49.57,186.54,80.74,53.80,58.87,10.40,5.79,230.63,58.72,83.43,0.0000,0.0000,0.0000,0.0000,0.0000,0.0000,0.4587,0.0431,0.0000,0.0000,104304,74663,53998,54750,86225,66964,95775,572442,131417,91336,0,0,0,0,0,0,0,0,0,0,0.0000,0.0000,0.0000,0.0000,0.0000,0.0000,0.2185,0.1885,0.0000,0.0000,0,0,0,0,0,0,0,1,0,0,0,0,0,0,0,0,1,1,0,0,0.1501,0.0888,0.1573,0.0681,0.1065,0.0254,0.0869,0.1080,0.0174,0.1369,0.000,0.000,0.000,0.000,0.000,0.000,0.048,0.129,0.000,0.000,semi-presidential,parliamentary,parliamentary,parliamentary,parliamentary,semi-presidential,semi-presidential,electoral-authoritarian,electoral-authoritarian,parliamentary,0.800,0.800,0.800,0.800,0.800,0.800,0.800,0.500,0.500,0.800,45.7,80.8,65.1,100.0,36.9,30.0,100.0,98.0,100.0,88.5
2027-12-01,0.9899,1.0623,1.0225,0.9857,1.0371,0.9934,1.0020,1.0005,0.9962,1.0182,1.0449,1.0164,1.0691,1.0914,1.0610,1.0192,1.0606,1.0471,1.0596,1.0586,1.0689,1.0276,1.0923,1.0167,3365.27,5123.63,4046.67,2571.52,1930.18,1127.76,205.30,2592.35,1723.10,543.82,1.1955,0.6560,1.0488,1.4234,1.0307,0.5140,1.1716,0.2236,0.2189,0.1042,0.6468,0.7070,0.6771,0.6428,0.6606,0.7438,0.5289,0.6451,0.6777,0.6699,0.0161,0.0097,0.0321,0.0157,0.0198,0.0000,0.0770,0.0043,0.0124,0.0181,0.9817,0.9809,0.9913,0.9806,0.9825,1.0000,0.9782,1.0000,0.9761,1.0000,50.20,187.35,83.39,53.31,58.82,10.51,5.87,230.47,58.38,82.18,0.0000,0.0000,0.0000,0.0000,0.0000,0.0000,0.4587,0.0432,0.0000,0.0000,104304,74663,53998,54750,86225,66964,95775,572442,131417,91336,0,0,0,0,0,0,0,0,0,0,0.0000,0.0000,0.0000,0.0000,0.0000,0.0000,0.2277,0.1977,0.0000,0.0000,0,0,0,0,0,0,0,1,0,0,0,0,0,0,0,0,1,1,0,0,0.1389,0.0839,0.1442,0.0629,0.0978,0.0244,0.0858,0.1101,0.0163,0.1352,0.000,0.000,0.000,0.000,0.000,0.000,0.049,0.137,0.000,0.000,semi-presidential,parliamentary,parliamentary,parliamentary,parliamentary,semi-presidential,semi-presidential,electoral-authoritarian,electoral-authoritarian,parliamentary,0.800,0.800,0.800,0.800,0.800,0.800,0.800,0.500,0.500,0.800,48.7,83.5,68.5,100.0,39.8,33.1,100.0,100.0,100.0,91.0
2028-01-01,0.9894,1.0513,1.0169,0.9857,1.0336,0.9912,1.0044,1.0017,0.9993,1.0163,1.0440,1.0165,1.0684,1.0790,1.0544,1.0191,1.0572,1.0444,1.0980,1.0127,1.0794,1.0266,1.0462,1.0166,3377.54,5148.94,4065.42,2574.81,1941.39,1135.11,205.16,2602.86,1732.93,544.85,1.1946,0.6526,1.0437,1.4215,1.0243,0.5088,1.1720,0.2254,0.2178,0.0893,0.6634,0.7279,0.6821,0.6558,0.6804,0.7486,0.5385,0.6338,0.6797,0.6715,0.0137,0.0097,0.0292,0.0158,0.0185,0.0000,0.0742,0.0042,0.0126,0.0151,0.9813,0.9805,0.9911,0.9802,0.9820,1.0000,0.9762,1.0000,0.9755,1.0000,50.54,187.80,82.51,52.18,58.69,10.76,5.88,230.88,58.75,82.50,0.0000,0.0000,0.0000,0.0000,0.0000,0.0000,0.4588,0.0430,0.0000,0.0000,104304,74663,53998,54750,86225,66964,95775,572442,131417,91336,0,0,0,0,0,0,0,0,0,0,0.0000,0.0000,0.0000,0.0000,0.0000,0.0000,0.2392,0.2092,0.0000,0.0000,0,0,0,0,0,0,0,1,0,0,0,0,0,0,0,0,1,1,0,0,0.1510,0.0951,0.1577,0.0739,0.1132,0.0260,0.0917,0.1118,0.0176,0.1354,0.000,0.000,0.000,0.000,0.000,0.000,0.043,0.138,0.000,0.000,semi-presidential,parliamentary,parliamentary,parliamentary,parliamentary,semi-presidential,semi-presidential,electoral-authoritarian,electoral-authoritarian,parliamentary,0.800,0.800,0.800,0.800,0.800,0.800,0.800,0.500,0.500,0.800,36.3,86.4,71.1,100.0,42.8,36.2,100.0,100.0,100.0,93.6
2028-02-01,0.9900,1.0417,1.0134,0.9849,1.0309,0.9894,1.0057,1.0015,1.0015,1.0147,1.0412,1.0129,1.0706,1.0701,1.0516,0.9871,1.0537,1.0425,1.0254,1.0065,1.0747,1.0229,1.0442,1.0138,3389.42,5158.43,4065.27,2571.65,1944.22,1138.17,206.19,2601.85,1746.64,544.14,1.1909,0.6513,1.0436,1.4233,1.0224,0.5056,1.1659,0.2277,0.2162,0.0749,0.6644,0.7382,0.6654,0.6477,0.6888,0.7492,0.5238,0.6285,0.6978,0.6809,0.0115,0.0098,0.0119,0.0157,0.0167,0.0000,0.0628,0.0035,0.0125,0.0115,0.9812,0.9804,0.9911,0.9801,0.9819,1.0000,0.9755,1.0000,0.9755,1.0000,50.88,189.36,82.06,53.82,60.34,10.70,5.85,235.16,60.69,82.41,0.0000,0.0000,0.0000,0.0000,0.0000,0.0000,0.4586,0.0433,0.0000,0.0000,104304,74663,53998,54750,86225,66964,95775,572442,131417,91336,0,0,0,0,0,0,0,0,0,0,0.0000,0.0000,0.0000,0.0000,0.0000,0.0000,0.2484,0.2184,0.0000,0.0000,0,0,0,0,0,0,0,1,0,0,0,0,0,0,0,0,1,1,0,0,0.1060,0.0764,0.1087,0.0515,0.0777,0.0205,0.0787,0.1083,0.0116,0.1345,0.000,0.000,0.000,0.000,0.000,0.000,0.037,0.140,0.000,0.000,semi-presidential,parliamentary,parliamentary,parliamentary,parliamentary,semi-presidential,semi-presidential,electoral-authoritarian,electoral-authoritarian,parliamentary,0.800,0.800,0.800,0.800,0.810,0.800,0.835,0.500,0.500,0.800,39.3,89.4,73.5,100.0,40.9,39.4,91.0,100.0,93.9,96.2
2028-03-01,0.9925,1.0336,1.0108,0.9848,1.0270,0.9881,1.0066,1.0034,1.0034,1.0130,1.0383,1.0104,1.0850,1.0619,1.0488,1.0184,1.0501,1.0407,1.0283,1.0515,1.0223,1.0236,1.0404,1.0108,3384.86,5162.71,4082.53,2579.97,1946.43,1142.92,206.12,2601.62,1756.77,543.65,1.1930,0.6507,1.0392,1.4187,1.0209,0.5016,1.1661,0.2300,0.2150,0.0652,0.6506,0.7400,0.6447,0.6479,0.6775,0.7413,0.5161,0.6256,0.7046,0.6413,0.0141,0.0104,0.0282,0.0156,0.0173,0.0004,0.0819,0.0017,0.0110,0.0127,0.9812,0.9804,0.9910,0.9801,0.9819,1.0000,0.9748,1.0000,0.9755,1.0000,51.76,191.71,85.72,54.28,60.72,10.96,6.09,236.80,60.99,82.10,0.0000,0.0000,0.0000,0.0000,0.0000,0.0000,0.4588,0.0430,0.0000,0.0000,104304,74663,53998,54750,86225,66964,95775,572442,131417,91336,0,0,0,0,0,0,0,0,0,0,0.0000,0.0000,0.0000,0.0000,0.0000,0.0000,0.2576,0.2276,0.0000,0.0000,0,0,0,0,0,0,0,1,0,0,0,0,0,0,0,0,1,1,0,0,0.1338,0.0894,0.1382,0.0644,0.0989,0.0246,0.0805,0.1096,0.0128,0.1348,0.000,0.000,0.000,0.000,0.000,0.000,0.032,0.143,0.000,0.000,semi-presidential,parliamentary,parliamentary,parliamentary,parliamentary,semi-presidential,semi-presidential,electoral-authoritarian,electoral-authoritarian,parliamentary,0.800,0.800,0.800,0.800,0.800,0.800,0.826,0.500,0.500,0.843,42.2,92.3,75.9,100.0,43.9,42.4,93.1,100.0,97.8,100.0
2028-04-01,0.9945,1.0290,1.0096,0.9846,1.0230,0.9890,1.0070,1.0053,1.0056,1.0125,1.0356,1.0116,1.0850,1.0577,1.0472,1.0302,1.0462,1.0415,1.0183,1.0757,1.2796,1.0234,1.0380,1.0125,3389.03,5194.14,4084.09,2586.61,1953.62,1149.22,206.32,2606.66,1767.28,542.10,1.1925,0.6469,1.0388,1.4151,1.0170,0.4970,1.1649,0.2324,0.2138,0.0448,0.6501,0.7522,0.6463,0.6503,0.6936,0.7517,0.5123,0.6238,0.6938,0.6629,0.0150,0.0116,0.0332,0.0240,0.0250,0.0004,0.0876,0.0120,0.0204,0.0216,0.9799,0.9792,0.9904,0.9788,0.9805,1.0000,0.9739,1.0000,0.9741,1.0000,52.11,193.76,86.60,54.89,61.18,11.13,6.13,240.78,61.93,81.18,0.0000,0.0000,0.0000,0.0000,0.0000,0.0000,0.4588,0.0429,0.0000,0.0000,104304,74663,53998,54750,86225,66964,95775,572442,131417,91336,0,0,0,0,0,0,0,0,0,0,0.0000,0.0000,0.0000,0.0000,0.0000,0.0000,0.2691,0.2391,0.0000,0.0000,0,0,0,0,0,0,0,1,0,0,0,0,0,0,0,0,1,1,0,0,0.1470,0.0960,0.1531,0.0712,0.1095,0.0265,0.0851,0.1119,0.0179,0.1357,0.000,0.000,0.000,0.000,0.000,0.000,0.027,0.144,0.000,0.000,semi-presidential,parliamentary,parliamentary,parliamentary,parliamentary,semi-presidential,semi-presidential,electoral-authoritarian,electoral-authoritarian,parliamentary,0.800,0.800,0.800,0.800,0.800,0.800,0.815,0.500,0.500,0.828,47.1,85.4,78.4,100.0,47.7,45.6,95.6,100.0,100.0,100.0
2028-05-01,0.9951,1.0241,1.0084,0.9842,1.0198,0.9888,1.0061,1.0081,1.0105,1.0139,1.0331,1.0156,1.0720,1.0520,1.0457,0.9844,1.0423,1.0409,1.0080,1.1119,1.0903,1.0325,1.0354,1.0158,3405.28,5212.22,4103.24,2599.11,1959.76,1154.22,206.30,2610.22,1777.30,542.30,1.1873,0.6447,1.0340,1.4083,1.0138,0.4935,1.1650,0.2343,0.2127,0.0304,0.6592,0.7565,0.6559,0.6641,0.6997,0.7522,0.5110,0.6482,0.7052,0.6652,0.0152,0.0096,0.0163,0.0155,0.0194,0.0000,0.0667,0.0045,0.0126,0.0175,0.9809,0.9802,0.9908,0.9798,0.9815,1.0000,0.9737,1.0000,0.9753,1.0000,51.78,195.47,87.32,54.87,61.07,11.48,6.18,237.95,61.88,81.46,0.0000,0.0000,0.0000,0.0000,0.0000,0.0000,0.4589,0.0423,0.0000,0.0000,104304,74663,53998,54750,86225,66964,95775,572442,131417,91336,0,0,0,0,0,0,0,0,0,0,0.0000,0.0000,0.0000,0.0000,0.0000,0.0000,0.2783,0.2483,0.0000,0.0000,0,0,0,0,0,0,0,1,0,0,0,0,0,0,0,0,1,1,0,0,0.1492,0.0995,0.1567,0.0744,0.1123,0.0295,0.0878,0.1145,0.0206,0.1325,0.000,0.000,0.000,0.000,0.000,0.000,0.025,0.141,0.000,0.000,semi-presidential,parliamentary,parliamentary,parliamentary,parliamentary,semi-presidential,semi-presidential,electoral-authoritarian,electoral-authoritarian,parliamentary,0.800,0.800,0.800,0.800,0.800,0.832,0.806,0.500,0.500,0.818,50.1,88.4,80.8,100.0,50.8,38.0,97.6,100.0,100.0,100.0
2028-06-01,1.0450,1.0419,1.0073,0.9848,1.0157,0.9916,1.0037,1.0109,1.0102,1.0134,1.0309,1.0155,2.1655,1.4812,1.0455,1.0570,1.0388,1.1382,1.0052,1.0486,1.0233,1.0215,1.0326,1.0156,3402.81,5229.12,4119.03,2605.80,1963.43,1158.73,205.89,2616.52,1787.64,542.41,1.1884,0.6427,1.0301,1.4047,1.0119,0.4898,1.1674,0.2359,0.2116,0.0233,0.6280,0.7682,0.6260,0.5980,0.6384,0.7583,0.5031,0.6718,0.6892,0.6667,0.1213,0.1208,0.0759,0.1328,0.1271,0.1003,0.1070,0.0013,0.1161,0.0111,0.6556,0.6733,0.8304,0.6753,0.6565,0.7342,0.9507,1.0000,0.6668,1.0000,37.08,163.17,71.50,39.20,45.51,10.27,5.28,165.84,46.94,58.18,0.0000,0.0000,0.0000,0.0000,0.0000,0.0000,0.4586,0.0433,0.0000,0.0000,104304,74663,53998,54750,86225,66964,95775,572442,131417,91336,0,0,0,0,0,0,0,0,0,0,0.0000,0.0000,0.0000,0.0000,0.0000,0.0000,0.2875,0.2575,0.0000,0.0000,0,0,0,0,0,0,0,1,0,0,0,0,0,0,0,0,1,1,0,0,0.1352,0.0900,0.1399,0.0648,0.1003,0.0278,0.0822,0.1220,0.0185,0.1384,0.000,0.000,0.000,0.000,0.000,0.000,0.019,0.144,0.000,0.000,semi-presidential,parliamentary,parliamentary,parliamentary,parliamentary,semi-presidential,semi-presidential,electoral-authoritarian,electoral-authoritarian,parliamentary,0.800,0.800,0.800,0.800,0.800,0.823,0.800,0.500,0.500,0.812,51.6,91.5,83.2,100.0,53.7,41.1,99.6,100.0,100.0,100.0
2028-07-01,1.0916,1.0576,1.0073,0.9867,1.0087,0.9960,1.0001,1.0123,1.0115,1.0151,1.0271,1.0137,2.0512,1.3644,1.0434,1.0908,1.0326,1.1507,1.0023,1.0494,1.0679,1.0748,1.0292,1.0137,3414.88,5235.58,4112.44,2603.85,1959.65,1164.68,205.39,2624.41,1791.85,543.68,1.1848,0.6420,1.0318,1.4060,1.0140,0.4846,1.1703,0.2376,0.2111,0.0083,0.6161,0.6996,0.6033,0.5693,0.6076,0.7035,0.4831,0.6678,0.6749,0.6799,0.0946,0.0948,0.0760,0.1092,0.1000,0.0757,0.1118,0.0030,0.0936,0.0121,0.7630,0.7765,0.8838,0.7791,0.7640,0.8267,0.9582,1.0000,0.7772,1.0000,42.35,171.60,75.72,44.89,49.41,11.02,5.35,189.80,52.68,66.17,0.0000,0.0000,0.0000,0.0000,0.0000,0.0000,0.4588,0.0409,0.0000,0.0000,104304,74663,53998,54750,86225,66964,95775,572442,131417,91336,0,0,0,0,0,0,0,0,0,0,0.0000,0.0000,0.0000,0.0000,0.0000,0.0000,0.2990,0.2690,0.0000,0.0000,0,0,0,0,0,0,0,1,0,0,0,0,0,0,0,0,1,1,0,0,0.1464,0.0949,0.1525,0.0700,0.1090,0.0278,0.0789,0.1295,0.0190,0.1461,0.000,0.000,0.000,0.000,0.000,0.000,0.015,0.143,0.000,0.000,semi-presidential,parliamentary,parliamentary,parliamentary,parliamentary,semi-presidential,semi-presidential,electoral-authoritarian,electoral-authoritarian,parliamentary,0.800,0.800,0.800,0.800,0.800,0.808,0.800,0.500,0.500,0.802,54.4,94.4,85.4,100.0,56.4,45.5,100.0,100.0,100.0,100.0
2028-08-01,1.1251,1.0661,1.0053,0.9874,1.0011,0.9985,0.9962,1.0107,1.0100,1.0165,1.0201,1.0122,1.8783,1.2001,1.0425,0.9875,1.0239,1.0740,0.9979,1.0125,1.0239,1.0419,1.0238,1.0127,3424.54,5243.60,4115.01,2602.14,1964.19,1167.73,205.12,2634.44,1796.55,545.58,1.1820,0.6411,1.0313,1.4072,1.0118,0.4817,1.1720,0.2384,0.2107,-0.0070,0.6139,0.6836,0.6046,0.5751,0.6220,0.6989,0.4803,0.6674,0.6432,0.7031,0.0607,0.0577,0.0349,0.0601,0.0647,0.0456,0.0935,0.0011,0.0533,0.0088,0.8928,0.9011,0.9470,0.9046,0.8938,0.9397,0.9638,1.0000,0.9112,1.0000,47.74,189.09,84.04,52.08,57.80,11.32,6.04,219.36,59.47,76.88,0.0000,0.0000,0.0000,0.0000,0.0000,0.0000,0.4596,0.0420,0.0000,0.0000,104304,74663,53998,54750,86225,66964,95775,572442,131417,91336,0,0,0,0,0,0,0,0,0,0,0.0000,0.0000,0.0000,0.0000,0.0000,0.0000,0.3082,0.2782,0.0000,0.0000,0,0,0,0,0,0,0,1,0,0,0,0,0,0,0,0,1,1,0,0,0.1288,0.0883,0.1336,0.0631,0.0954,0.0253,0.0759,0.1285,0.0163,0.1465,0.000,0.000,0.000,0.000,0.000,0.000,0.010,0.146,0.000,0.000,semi-presidential,parliamentary,parliamentary,parliamentary,parliamentary,semi-presidential,semi-presidential,electoral-authoritarian,electoral-authoritarian,parliamentary,0.800,0.800,0.800,0.800,0.800,0.800,0.800,0.500,0.500,0.800,57.2,97.1,87.6,100.0,48.5,48.4,100.0,100.0,100.0,100.0
2028-09-01,1.1468,1.0702,1.0053,0.9881,0.9914,1.0012,0.9960,1.0093,1.0090,1.0181,1.0133,1.0120,1.6421,1.1563,1.0605,1.0321,1.0149,1.1201,1.0228,1.0111,1.0224,1.0534,1.0156,1.0120,3438.25,5271.06,4128.49,2609.69,1970.41,1173.76,204.52,2646.06,1806.38,548.20,1.1776,0.6379,1.0280,1.4034,1.0087,0.4772,1.1756,0.2394,0.2096,-0.0226,0.6169,0.6870,0.6252,0.5750,0.6243,0.6994,0.4696,0.6675,0.6335,0.7167,0.0430,0.0395,0.0448,0.0440,0.0464,0.0266,0.1002,0.0012,0.0371,0.0100,0.9324,0.9372,0.9667,0.9391,0.9331,0.9689,0.9693,1.0000,0.9419,1.0000,52.81,197.67,88.46,56.36,62.03,11.67,6.13,243.95,64.38,82.96,0.0000,0.0000,0.0000,0.0000,0.0000,0.0000,0.4591,0.0414,0.0000,0.0000,104304,74663,53998,54750,86225,66964,95775,572442,131417,91336,0,0,0,0,0,0,0,0,0,0,0.0000,0.0000,0.0000,0.0000,0.0000,0.0000,0.3197,0.2897,0.0000,0.0000,0,0,0,0,0,0,0,1,0,0,0,0,0,0,0,0,1,1,0,0,0.1432,0.0948,0.1490,0.0697,0.1063,0.0259,0.0756,0.1326,0.0212,0.1491,0.000,0.000,0.000,0.000,0.000,0.000,0.005,0.148,0.000,0.000,semi-presidential,parliamentary,parliamentary,parliamentary,parliamentary,semi-presidential,semi-presidential,electoral-authoritarian,electoral-authoritarian,parliamentary,0.800,0.800,0.800,0.800,0.800,0.800,0.800,0.500,0.500,0.800,60.0,99.8,89.6,100.0,51.3,52.1,100.0,100.0,100.0,100.0
2028-10-01,1.1562,1.0717,1.0042,0.9879,0.9848,1.0021,0.9971,1.0096,1.0079,1.0190,1.0076,1.0115,1.4295,1.1043,1.0874,1.0389,1.0070,1.0550,1.0416,1.0219,1.0441,1.0303,1.0101,1.0117,3449.36,5282.15,4135.23,2614.44,1982.04,1179.18,204.23,2658.68,1817.39,550.82,1.1738,0.6367,1.0263,1.4012,1.0029,0.4730,1.1774,0.2398,0.2084,-0.0381,0.6246,0.6981,0.6437,0.6096,0.6417,0.7133,0.4685,0.6646,0.6450,0.7237,0.0264,0.0229,0.0355,0.0340,0.0304,0.0086,0.0953,0.0023,0.0216,0.0125,0.9775,0.9772,0.9894,0.9763,0.9777,1.0000,0.9755,1.0000,0.9715,1.0000,55.93,202.75,87.93,60.57,66.26,11.86,6.32,262.10,67.94,87.46,0.0000,0.0000,0.0000,0.0000,0.0000,0.0000,0.4589,0.0428,0.0000,0.0000,104304,74663,53998,54750,86225,66964,95775,572442,131417,91336,0,0,0,0,0,0,0,0,0,0,0.0000,0.0000,0.0000,0.0000,0.0000,0.0000,0.3289,0.2989,0.0000,0.0000,0,0,0,0,0,0,0,1,0,0,0,0,0,0,0,0,1,1,0,0,0.1347,0.0904,0.1397,0.0660,0.1000,0.0253,0.0774,0.1324,0.0199,0.1529,0.000,0.000,0.000,0.000,0.000,0.000,0.001,0.149,0.000,0.000,semi-presidential,parliamentary,parliamentary,parliamentary,parliamentary,semi-presidential,semi-presidential,electoral-authoritarian,electoral-authoritarian,parliamentary,0.800,0.800,0.800,0.800,0.800,0.800,0.800,0.500,0.500,0.800,62.8,100.0,92.0,100.0,54.1,55.8,100.0,100.0,100.0,100.0
2028-11-01,1.1589,1.0691,1.0034,0.9901,0.9805,1.0028,1.0006,1.0111,1.0080,1.0222,1.0057,1.0109,1.2582,1.0991,1.0398,1.0511,1.0025,1.0547,1.1121,1.0469,1.0207,1.0684,1.0565,1.0110,3461.12,5287.40,4135.13,2624.56,1992.97,1182.62,204.36,2670.06,1833.30,551.10,1.1697,0.6361,1.0264,1.3959,0.9974,0.4696,1.1767,0.2403,0.2068,-0.0539,0.6340,0.7112,0.6422,0.6335,0.6679,0.7325,0.4703,0.6957,0.6911,0.7343,0.0169,0.0122,0.0322,0.0287,0.0187,0.0000,0.0945,0.0022,0.0105,0.0172,0.9799,0.9794,0.9905,0.9788,0.9804,1.0000,0.9767,1.0000,0.9742,1.0000,58.70,203.78,86.81,59.38,67.01,12.47,5.99,270.69,68.72,90.15,0.0000,0.0000,0.0000,0.0000,0.0000,0.0000,0.4590,0.0411,0.0000,0.0000,104304,74663,53998,54750,86225,66964,95775,572442,131417,91336,0,0,0,0,0,0,0,0,0,0,0.0000,0.0000,0.0000,0.0000,0.0000,0.0000,0.3381,0.3081,0.0000,0.0000,0,0,0,0,0,0,0,1,0,0,0,0,0,0,0,0,1,1,0,0,0.1474,0.0956,0.1531,0.0695,0.1096,0.0324,0.0834,0.1347,0.0215,0.1531,0.000,0.000,0.000,0.000,0.000,0.000,0.000,0.144,0.000,0.000,semi-presidential,parliamentary,parliamentary,parliamentary,parliamentary,semi-presidential,semi-presidential,electoral-authoritarian,electoral-authoritarian,parliamentary,0.800,0.800,0.800,0.800,0.800,0.800,0.800,0.500,0.500,0.800,65.6,100.0,94.3,100.0,57.0,59.7,100.0,100.0,100.0,100.0
2028-12-01,1.1559,1.0655,1.0025,0.9925,0.9782,1.0033,1.0029,1.0124,1.0085,1.0234,1.0066,1.0110,1.2469,1.0956,1.0401,1.0449,1.0003,1.0558,1.0420,1.1070,1.0216,1.0357,1.0603,1.0112,3476.89,5314.13,4153.28,2630.45,2006.57,1185.08,204.22,2681.86,1849.71,552.94,1.1644,0.6330,1.0249,1.3930,0.9907,0.4679,1.1777,0.2411,0.2051,-0.0695,0.6451,0.7234,0.6496,0.6470,0.6799,0.7373,0.4776,0.7085,0.6972,0.7370,0.0178,0.0120,0.0301,0.0271,0.0193,0.0000,0.0748,0.0022,0.0106,0.0184,0.9794,0.9788,0.9903,0.9782,0.9799,1.0000,0.9765,1.0000,0.9735,1.0000,57.98,204.50,87.25,58.04,66.07,12.73,6.32,263.22,68.08,91.72,0.0000,0.0000,0.0000,0.0000,0.0000,0.0000,0.4590,0.0427,0.0000,0.0000,104304,74663,53998,54750,86225,66964,95775,572442,131417,91336,0,0,0,0,0,0,0,0,0,0,0.0000,0.0000,0.0000,0.0000,0.0000,0.0000,0.3496,0.3196,0.0000,0.0000,0,0,0,0,0,0,0,1,0,0,0,0,0,0,0,0,1,1,0,0,0.1471,0.0958,0.1530,0.0695,0.1095,0.0324,0.0821,0.1287,0.0268,0.1527,0.000,0.000,0.000,0.000,0.000,0.000,0.000,0.145,0.000,0.000,semi-presidential,parliamentary,parliamentary,parliamentary,parliamentary,semi-presidential,semi-presidential,electoral-authoritarian,electoral-authoritarian,parliamentary,0.800,0.800,0.800,0.800,0.800,0.800,0.800,0.500,0.500,0.800,68.5,100.0,97.6,100.0,60.0,61.3,100.0,100.0,100.0,100.0
2029-01-01,1.1512,1.0610,1.0032,0.9969,0.9775,1.0047,1.0014,1.0132,1.0079,1.0233,1.0082,1.0113,1.2426,1.0919,1.1272,1.0600,1.0002,1.0574,1.0029,1.0247,1.0212,1.0343,1.0097,1.0114,3479.99,5340.56,4166.09,2642.37,2017.18,1189.73,204.37,2691.59,1857.17,554.73,1.1633,0.6299,1.0218,1.3868,0.9856,0.4640,1.1769,0.2418,0.2043,-0.0820,0.6506,0.7387,0.6707,0.6639,0.6674,0.7487,0.4919,0.7034,0.7118,0.7371,0.0172,0.0160,0.0274,0.0350,0.0212,0.0000,0.0667,0.0011,0.0157,0.0107,0.9790,0.9785,0.9901,0.9779,0.9795,1.0000,0.9760,1.0000,0.9731,1.0000,57.66,203.67,86.65,58.53,65.93,12.90,6.21,262.32,67.82,91.54,0.0000,0.0000,0.0000,0.0000,0.0000,0.0000,0.4589,0.0429,0.0000,0.0000,104304,74663,53998,54750,86225,66964,95775,572442,131417,91336,0,0,0,0,0,0,0,0,0,0,0.0000,0.0000,0.0000,0.0000,0.0000,0.0000,0.3588,0.3288,0.0000,0.0000,0,0,0,0,0,0,0,1,0,0,0,0,0,0,0,0,1,1,0,0,0.1459,0.0950,0.1516,0.0689,0.1086,0.0329,0.0858,0.1298,0.0269,0.1522,0.000,0.000,0.000,0.000,0.000,0.000,0.000,0.145,0.000,0.000,semi-presidential,parliamentary,parliamentary,parliamentary,parliamentary,semi-presidential,semi-presidential,electoral-authoritarian,electoral-authoritarian,parliamentary,0.800,0.800,0.800,0.800,0.800,0.800,0.800,0.500,0.500,0.800,71.4,100.0,100.0,91.1,64.3,65.3,100.0,100.0,100.0,100.0
2029-02-01,1.1441,1.0566,1.0014,1.0006,0.9747,1.0050,1.0007,1.0111,1.0062,1.0243,1.0081,1.0089,1.2305,1.0871,1.0385,1.0519,0.9973,1.0570,1.0228,1.0130,1.0190,1.0470,1.0097,1.0090,3492.48,5351.88,4180.13,2644.76,2019.12,1201.66,204.28,2697.27,1869.45,556.97,1.1593,0.6287,1.0184,1.3856,0.9847,0.4552,1.1775,0.2429,0.2031,-0.0973,0.6544,0.7459,0.6615,0.6505,0.6795,0.7689,0.5041,0.6799,0.7218,0.7520,0.0111,0.0116,0.0215,0.0271,0.0150,0.0000,0.0655,0.0011,0.0101,0.0095,0.9797,0.9791,0.9904,0.9786,0.9803,1.0000,0.9758,1.0000,0.9740,1.0000,57.06,203.87,87.06,57.49,65.25,12.77,6.11,260.03,68.10,91.45,0.0000,0.0000,0.0000,0.0000,0.0000,0.0000,0.4591,0.0418,0.0000,0.0000,104304,74663,53998,54750,86225,66964,95775,572442,131417,91336,0,0,0,0,0,0,0,0,0,0,0.0000,0.0000,0.0000,0.0000,0.0000,0.0000,0.3680,0.3380,0.0000,0.0000,0,0,0,0,0,0,0,1,0,0,0,0,0,0,0,0,1,1,0,0,0.1185,0.0812,0.1216,0.0547,0.0869,0.0275,0.0757,0.1225,0.0211,0.1514,0.000,0.000,0.000,0.000,0.000,0.000,0.000,0.147,0.000,0.000,semi-presidential,parliamentary,parliamentary,parliamentary,parliamentary,semi-presidential,semi-presidential,electoral-authoritarian,electoral-authoritarian,parliamentary,0.800,0.800,0.800,0.800,0.800,0.800,0.800,0.500,0.500,0.800,74.4,100.0,100.0,94.8,67.3,73.6,100.0,100.0,100.0,100.0
2029-03-01,1.1358,1.0518,1.0000,1.0031,0.9700,1.0062,1.0010,1.0085,1.0062,1.0236,1.0079,1.0069,1.2196,1.0826,1.0381,1.0535,0.9931,1.0590,1.0025,1.0103,1.0193,1.0327,1.0094,1.0069,3488.56,5356.77,4188.44,2653.19,2026.92,1201.66,204.54,2702.82,1876.17,558.25,1.1607,0.6281,1.0165,1.3813,0.9809,0.4552,1.1761,0.2440,0.2024,-0.1127,0.6406,0.7483,0.6594,0.6482,0.6800,0.7689,0.5054,0.6802,0.7158,0.7542,0.0106,0.0116,0.0206,0.0268,0.0146,0.0000,0.0613,0.0010,0.0102,0.0086,0.9793,0.9787,0.9902,0.9782,0.9799,1.0000,0.9754,1.0000,0.9734,1.0000,55.46,201.55,85.73,56.47,63.63,12.58,5.90,252.88,67.17,91.04,0.0000,0.0000,0.0000,0.0000,0.0000,0.0000,0.4589,0.0429,0.0000,0.0000,104304,74663,53998,54750,86225,66964,95775,572442,131417,91336,0,0,0,0,0,0,0,0,0,0,0.0000,0.0000,0.0000,0.0000,0.0000,0.0000,0.3772,0.3472,0.0000,0.0000,0,0,0,0,0,0,0,1,0,0,0,0,0,0,0,0,1,1,0,0,0.1403,0.0910,0.1460,0.0650,0.1039,0.0287,0.0747,0.1211,0.0239,0.1505,0.000,0.000,0.000,0.000,0.000,0.000,0.000,0.149,0.000,0.000,semi-presidential,parliamentary,parliamentary,parliamentary,parliamentary,semi-presidential,semi-presidential,electoral-authoritarian,electoral-authoritarian,parliamentary,0.800,0.800,0.800,0.800,0.800,0.800,0.800,0.500,0.500,0.800,77.2,100.0,100.0,98.5,70.3,73.6,100.0,100.0,100.0,100.0
2029-04-01,1.1257,1.0463,0.9999,1.0050,0.9654,1.0087,1.0005,1.0045,1.0034,1.0211,1.0073,1.0064,1.2096,1.0760,1.0641,1.0508,0.9877,1.0617,1.0152,1.0068,1.0166,1.0292,1.0092,1.0066,3497.90,5377.89,4188.35,2658.50,2035.70,1207.01,204.29,2712.77,1884.49,560.07,1.1577,0.6253,1.0163,1.3785,0.9767,0.4511,1.1776,0.2452,0.2016,-0.1279,0.6440,0.7339,0.6602,0.6353,0.6861,0.7643,0.5061,0.6295,0.7200,0.7500,0.0128,0.0122,0.0227,0.0263,0.0167,0.0000,0.0605,0.0011,0.0111,0.0096,0.9796,0.9790,0.9903,0.9785,0.9802,1.0000,0.9753,1.0000,0.9737,1.0000,54.71,199.30,84.63,55.80,63.03,12.23,5.76,249.61,66.39,90.53,0.0000,0.0000,0.0000,0.0000,0.0000,0.0000,0.4586,0.0432,0.0000,0.0000,104304,74663,53998,54750,86225,66964,95775,572442,131417,91336,0,0,0,0,0,0,0,0,0,0,0.0000,0.0000,0.0000,0.0000,0.0000,0.0000,0.3887,0.3587,0.0000,0.0000,0,0,0,0,0,0,0,1,0,0,0,0,0,0,0,0,1,1,0,0,0.1285,0.0845,0.1327,0.0591,0.0945,0.0270,0.0753,0.1188,0.0216,0.1494,0.000,0.000,0.000,0.000,0.000,0.000,0.000,0.149,0.000,0.000,semi-presidential,parliamentary,parliamentary,parliamentary,parliamentary,semi-presidential,semi-presidential,electoral-authoritarian,electoral-authoritarian,parliamentary,0.800,0.800,0.800,0.800,0.800,0.800,0.800,0.538,0.500,0.800,80.1,100.0,100.0,99.6,73.3,77.7,100.0,90.7,100.0,100.0
2029-05-01,1.1115,1.0425,1.0016,1.0067,0.9640,1.0083,0.9998,1.0017,1.0004,1.0174,1.0050,1.0045,1.1907,1.0731,1.0946,1.0329,0.9868,1.0616,1.0015,1.0033,1.0133,1.0250,1.0069,1.0050,3492.61,5384.83,4188.38,2657.09,2037.84,1213.33,204.15,2719.07,1893.11,563.07,1.1595,0.6244,1.0162,1.3793,0.9757,0.4466,1.1784,0.2464,0.2008,-0.1426,0.6375,0.7255,0.6541,0.6270,0.6868,0.7594,0.4999,0.6403,0.7248,0.7512,0.0142,0.0116,0.0240,0.0196,0.0183,0.0000,0.0561,0.0010,0.0123,0.0096,0.9788,0.9782,0.9899,0.9776,0.9793,1.0000,0.9741,1.0000,0.9728,1.0000,52.58,197.80,85.55,55.89,61.62,11.88,5.61,240.68,65.37,90.62,0.0000,0.0000,0.0000,0.0000,0.0000,0.0000,0.4586,0.0433,0.0000,0.0000,104304,74663,53998,54750,86225,66964,95775,572442,131417,91336,0,0,0,0,0,0,0,0,0,0,0.0000,0.0000,0.0000,0.0000,0.0000,0.0000,0.3979,0.3679,0.0000,0.0000,0,0,0,0,0,0,0,1,0,0,0,0,0,0,0,0,1,1,0,0,0.1220,0.0812,0.1257,0.0568,0.0890,0.0255,0.0780,0.1138,0.0199,0.1465,0.000,0.000,0.000,0.000,0.000,0.000,0.000,0.150,0.000,0.000,semi-presidential,parliamentary,parliamentary,parliamentary,parliamentary,semi-presidential,semi-presidential,electoral-authoritarian,electoral-authoritarian,parliamentary,0.800,0.800,0.800,0.800,0.800,0.800,0.800,0.529,0.500,0.800,83.0,100.0,100.0,100.0,76.3,81.8,100.0,93.5,100.0,100.0
2029-06-01,1.0917,1.0399,1.0036,1.0075,0.9649,1.0054,1.0008,0.9979,0.9973,1.0144,1.0035,1.0021,1.1639,1.0703,1.0491,1.0368,0.9935,1.0586,1.0349,0.9997,1.0099,1.0230,1.0052,1.0023,3500.11,5386.70,4184.01,2659.44,2034.84,1225.32,204.27,2716.72,1905.51,564.77,1.1572,0.6243,1.0174,1.3811,0.9772,0.4381,1.1776,0.2489,0.1996,-0.1574,0.6297,0.7212,0.6426,0.6058,0.6641,0.7501,0.5045,0.6513,0.7188,0.7502,0.0118,0.0102,0.0226,0.0191,0.0172,0.0000,0.0548,0.0012,0.0102,0.0118,0.9787,0.9782,0.9899,0.9775,0.9792,1.0000,0.9738,1.0000,0.9727,1.0000,50.98,193.67,82.65,53.46,59.03,11.46,5.52,233.59,64.56,89.15,0.0000,0.0000,0.0000,0.0000,0.0000,0.0000,0.4587,0.0431,0.0000,0.0000,104304,74663,53998,54750,86225,66964,95775,572442,131417,91336,0,0,0,0,0,0,0,0,0,0,0.0000,0.0000,0.0000,0.0000,0.0000,0.0000,0.4094,0.3794,0.0000,0.0000,0,0,0,0,0,0,0,1,0,0,0,0,0,0,0,0,1,1,0,0,0.1150,0.0767,0.1180,0.0521,0.0835,0.0230,0.0772,0.1096,0.0181,0.1450,0.000,0.000,0.000,0.000,0.000,0.000,0.000,0.152,0.000,0.000,semi-presidential,parliamentary,parliamentary,parliamentary,parliamentary,semi-presidential,semi-presidential,electoral-authoritarian,electoral-authoritarian,parliamentary,0.800,0.800,0.800,0.800,0.800,0.800,0.800,0.517,0.500,0.800,85.8,100.0,100.0,85.9,79.3,89.9,100.0,97.0,100.0,100.0
2029-07-01,1.0724,1.0363,1.0044,1.0069,0.9706,1.0028,1.0018,0.9949,1.0093,1.0124,1.0020,0.9993,1.1445,1.0658,1.1094,1.0071,1.0305,1.0552,1.0621,0.9966,1.8178,1.0209,1.0039,0.9997,3502.83,5387.93,4171.68,2664.54,2036.02,1227.22,204.35,2713.77,1914.37,566.43,1.1564,0.6242,1.0205,1.3783,0.9766,0.4354,1.1771,0.2510,0.1988,-0.1721,0.6244,0.7138,0.6221,0.5928,0.6452,0.7460,0.4963,0.6330,0.6998,0.7432,0.0164,0.0114,0.0318,0.0342,0.0507,0.0000,0.0781,0.0336,0.0425,0.0476,0.9796,0.9789,0.9903,0.9785,0.9802,1.0000,0.9741,1.0000,0.9737,1.0000,46.90,160.41,73.83,50.27,52.64,8.94,4.96,219.96,56.31,86.80,0.0000,0.0000,0.0000,0.0000,0.0000,0.0000,0.4586,0.0432,0.0000,0.0000,104304,74663,53998,54750,86225,66964,95775,572442,131417,91336,0,0,0,0,0,0,0,0,0,0,0.0000,0.0000,0.0000,0.0000,0.0000,0.0000,0.4186,0.3886,0.0000,0.0000,0,0,0,0,0,0,0,1,0,0,0,0,0,0,0,0,1,1,0,0,0.1088,0.0738,0.1129,0.0496,0.0788,0.0212,0.0760,0.1069,0.0161,0.1408,0.000,0.000,0.000,0.000,0.000,0.000,0.000,0.153,0.000,0.000,semi-presidential,parliamentary,parliamentary,parliamentary,parliamentary,semi-presidential,semi-presidential,electoral-authoritarian,electoral-authoritarian,parliamentary,0.800,0.800,0.800,0.800,0.800,0.800,0.800,0.508,0.500,0.800,88.5,100.0,100.0,87.9,82.0,93.9,100.0,99.8,100.0,100.0
2029-08-01,1.0552,1.0327,1.0068,1.0034,0.9771,1.0044,1.0029,0.9940,1.0470,1.0090,0.9976,0.9970,1.1296,1.0628,1.1560,1.0040,1.0314,1.1012,1.0046,0.9954,1.5475,1.0160,0.9994,0.9972,3487.44,5374.25,4171.78,2663.92,2035.92,1233.66,203.89,2713.53,1923.72,567.98,1.1618,0.6258,1.0205,1.3782,0.9767,0.4334,1.1799,0.2580,0.1979,-0.1866,0.6094,0.7066,0.6165,0.5820,0.6197,0.7509,0.4873,0.5970,0.6813,0.7230,0.0186,0.0139,0.0266,0.0329,0.0427,0.0006,0.0688,0.0209,0.0325,0.0348,0.9793,0.9787,0.9901,0.9781,0.9799,1.0000,0.9736,1.0000,0.9733,1.0000,50.80,185.50,77.21,51.88,57.47,10.68,5.38,231.67,64.53,87.85,0.0000,0.0000,0.0000,0.0000,0.0000,0.0000,0.4586,0.0432,0.0000,0.0000,104304,74663,53998,54750,86225,66964,95775,572442,131417,91336,0,0,0,0,0,0,0,0,0,0,0.0000,0.0000,0.0000,0.0000,0.0000,0.0000,0.4278,0.3978,0.0000,0.0000,0,0,0,0,0,0,0,1,0,0,0,0,0,0,0,0,1,1,0,0,0.1223,0.0804,0.1264,0.0546,0.0879,0.0255,0.0774,0.1074,0.0167,0.1392,0.000,0.000,0.000,0.000,0.000,0.000,0.000,0.154,0.000,0.000,semi-presidential,parliamentary,parliamentary,parliamentary,parliamentary,semi-presidential,semi-presidential,electoral-authoritarian,electoral-authoritarian,parliamentary,0.800,0.800,0.800,0.800,0.800,0.800,0.800,0.500,0.500,0.800,93.4,100.0,100.0,91.1,84.7,97.9,100.0,100.0,100.0,100.0
2029-09-01,1.0394,1.0325,1.0081,1.0017,0.9824,1.0069,1.0023,0.9934,1.0609,1.0063,0.9936,0.9971,1.1111,1.0631,1.1307,1.0159,1.0294,1.0591,1.0043,0.9949,1.3296,1.0146,0.9956,0.9970,3506.02,5388.37,4163.22,2667.02,2033.01,1240.74,203.81,2716.88,1935.13,569.43,1.1558,0.6242,1.0228,1.3764,0.9782,0.4292,1.1806,0.2603,0.1969,-0.2114,0.6193,0.7102,0.6157,0.5854,0.6197,0.7594,0.4876,0.6068,0.6657,0.7038,0.0162,0.0123,0.0267,0.0271,0.0327,0.0000,0.0678,0.0115,0.0226,0.0254,0.9784,0.9779,0.9897,0.9771,0.9787,1.0000,0.9724,1.0000,0.9722,1.0000,53.82,202.45,80.85,53.37,60.65,11.86,5.76,241.33,70.88,88.19,0.0000,0.0000,0.0000,0.0000,0.0000,0.0000,0.4586,0.0432,0.0000,0.0000,104304,74663,53998,54750,86225,66964,95775,572442,131417,91336,0,0,0,0,0,0,0,0,0,0,0.0000,0.0000,0.0000,0.0000,0.0000,0.0000,0.4393,0.4093,0.0000,0.0000,0,0,0,0,0,0,0,1,0,0,0,0,0,0,0,0,1,1,0,0,0.1356,0.0927,0.1415,0.0608,0.0985,0.0275,0.0799,0.1094,0.0185,0.1375,0.000,0.000,0.000,0.000,0.000,0.000,0.000,0.154,0.000,0.000,semi-presidential,parliamentary,parliamentary,parliamentary,parliamentary,semi-presidential,semi-presidential,electoral-authoritarian,electoral-authoritarian,parliamentary,0.800,0.800,0.800,0.800,0.800,0.800,0.800,0.500,0.500,0.800,96.1,100.0,100.0,94.3,87.4,100.0,100.0,100.0,100.0,100.0
2029-10-01,1.0292,1.0339,1.0074,0.9995,0.9854,1.0089,1.0023,0.9919,1.0620,1.0044,0.9915,0.9965,1.1042,1.0648,1.0457,0.9997,1.0156,1.0696,1.0039,0.9936,1.0806,1.0131,0.9934,0.9967,3506.00,5398.24,4181.12,2670.51,2044.48,1244.51,203.44,2721.60,1940.17,570.56,1.1560,0.6232,1.0186,1.3746,0.9727,0.4260,1.1828,0.2619,0.1964,-0.2179,0.6198,0.7189,0.6251,0.5903,0.6428,0.7615,0.4952,0.6006,0.6906,0.7047,0.0108,0.0099,0.0101,0.0166,0.0168,0.0001,0.0548,0.0013,0.0103,0.0108,0.9783,0.9778,0.9896,0.9770,0.9785,1.0000,0.9722,1.0000,0.9720,1.0000,55.06,204.04,81.31,54.41,62.62,11.87,5.88,248.35,72.30,87.92,0.0000,0.0000,0.0000,0.0000,0.0000,0.0000,0.4586,0.0431,0.0000,0.0000,104304,74663,53998,54750,86225,66964,95775,572442,131417,91336,0,0,0,0,0,0,0,0,0,0,0.0000,0.0000,0.0000,0.0000,0.0000,0.0000,0.4485,0.4185,0.0000,0.0000,0,0,0,0,0,0,0,1,0,0,0,0,0,0,0,0,1,1,0,0,0.1197,0.0842,0.1232,0.0529,0.0857,0.0255,0.0773,0.1088,0.0162,0.1367,0.000,0.000,0.000,0.000,0.000,0.000,0.000,0.154,0.000,0.000,semi-presidential,parliamentary,parliamentary,parliamentary,parliamentary,semi-presidential,semi-presidential,electoral-authoritarian,electoral-authoritarian,parliamentary,0.800,0.800,0.800,0.800,0.800,0.800,0.800,0.500,0.500,0.800,98.8,100.0,100.0,97.6,90.2,100.0,100.0,100.0,100.0,100.0
2029-11-01,1.0181,1.0337,1.0049,0.9956,0.9863,1.0113,1.0038,0.9920,1.0578,1.0032,0.9876,0.9970,1.0880,1.0645,1.0430,0.9967,1.0207,1.0635,1.0838,1.0151,1.0759,1.0240,0.9895,0.9970,3512.61,5402.69,4191.39,2669.10,2050.77,1248.62,203.19,2721.98,1951.29,570.86,1.1539,0.6227,1.0162,1.3753,0.9697,0.4233,1.1873,0.2640,0.1954,-0.2325,0.6258,0.7284,0.6448,0.6118,0.6529,0.7575,0.4989,0.6032,0.6909,0.7078,0.0139,0.0096,0.0144,0.0170,0.0198,0.0000,0.0566,0.0021,0.0103,0.0169,0.9785,0.9779,0.9897,0.9773,0.9789,1.0000,0.9727,1.0000,0.9723,1.0000,53.73,202.18,80.87,53.27,61.26,11.82,5.79,241.61,70.98,87.41,0.0000,0.0000,0.0000,0.0000,0.0000,0.0000,0.4587,0.0429,0.0000,0.0000,104304,74663,53998,54750,86225,66964,95775,572442,131417,91336,0,0,0,0,0,0,0,0,0,0,0.0000,0.0000,0.0000,0.0000,0.0000,0.0000,0.4577,0.4277,0.0000,0.0000,0,0,0,0,0,0,0,1,0,0,0,0,0,0,0,0,1,1,0,0,0.1312,0.0902,0.1363,0.0641,0.0947,0.0268,0.0793,0.1081,0.0179,0.1358,0.000,0.000,0.000,0.000,0.000,0.000,0.000,0.154,0.000,0.000,semi-presidential,parliamentary,parliamentary,parliamentary,parliamentary,semi-presidential,semi-presidential,electoral-authoritarian,electoral-authoritarian,parliamentary,0.800,0.800,0.800,0.800,0.800,0.800,0.800,0.500,0.500,0.800,100.0,100.0,100.0,100.0,93.0,100.0,100.0,100.0,100.0,100.0
2029-12-01,1.0082,1.0313,1.0078,0.9908,0.9879,1.0141,1.0037,0.9909,1.0515,1.0040,0.9825,0.9977,1.0797,1.0604,1.1499,0.9909,1.0138,1.0900,1.0055,0.9927,1.0693,1.0234,0.9845,0.9981,3519.66,5423.72,4197.41,2671.81,2056.30,1251.53,203.34,2725.75,1960.72,571.79,1.1517,0.6203,1.0148,1.3739,0.9671,0.4205,1.1866,0.2664,0.1946,-0.2467,0.6306,0.7351,0.6595,0.6226,0.6546,0.7597,0.5105,0.5911,0.6700,0.6961,0.0178,0.0133,0.0167,0.0229,0.0227,0.0003,0.0541,0.0013,0.0141,0.0116,0.9797,0.9791,0.9903,0.9786,0.9802,1.0000,0.9734,1.0000,0.9739,1.0000,53.68,201.23,80.72,53.29,61.65,11.61,5.84,242.59,70.44,86.80,0.0000,0.0000,0.0000,0.0000,0.0000,0.0000,0.4582,0.0424,0.0000,0.0000,104304,74663,53998,54750,86225,66964,95775,572442,131417,91336,0,0,0,0,0,0,0,0,0,0,0.0000,0.0000,0.0000,0.0000,0.0000,0.0000,0.4692,0.4392,0.0000,0.0000,0,0,0,0,0,0,0,1,0,0,0,0,0,0,0,0,1,1,0,0,0.1363,0.0928,0.1421,0.0669,0.0989,0.0274,0.0804,0.1140,0.0188,0.1348,0.000,0.000,0.000,0.000,0.000,0.000,0.000,0.149,0.000,0.000,semi-presidential,parliamentary,parliamentary,parliamentary,parliamentary,semi-presidential,semi-presidential,electoral-authoritarian,electoral-authoritarian,parliamentary,0.800,0.800,0.800,0.800,0.800,0.800,0.800,0.500,0.500,0.800,100.0,100.0,100.0,100.0,95.8,100.0,100.0,100.0,100.0,100.0
2030-01-01,1.0009,1.0273,1.0108,0.9903,0.9927,1.0161,1.0049,0.9892,1.0439,1.0060,0.9786,0.9993,1.0731,1.0554,1.1826,1.0385,1.0433,1.0679,1.0728,0.9904,1.0593,1.0507,0.9802,0.9997,3530.81,5444.10,4203.93,2673.64,2064.85,1253.79,203.60,2730.19,1969.71,572.85,1.1482,0.6181,1.0134,1.3770,0.9632,0.4178,1.1851,0.2682,0.1938,-0.2608,0.6352,0.7341,0.6673,0.6386,0.6606,0.7653,0.5062,0.5958,0.6684,0.6925,0.0211,0.0162,0.0330,0.0369,0.0311,0.0000,0.0654,0.0017,0.0171,0.0236,0.9808,0.9802,0.9908,0.9797,0.9815,1.0000,0.9737,1.0000,0.9752,1.0000,53.43,196.13,78.74,53.66,60.50,11.34,5.52,242.28,69.29,85.57,0.0000,0.0000,0.0000,0.0000,0.0000,0.0000,0.4579,0.0410,0.0000,0.0000,104304,74663,53998,54750,86225,66964,95775,572442,131417,91336,0,0,0,0,0,0,0,0,0,0,0.0000,0.0000,0.0000,0.0000,0.0000,0.0000,0.4784,0.4484,0.0000,0.0000,0,0,0,0,0,0,0,1,0,0,0,0,0,0,0,0,1,1,0,0,0.1386,0.0924,0.1434,0.0675,0.1009,0.0283,0.0821,0.1163,0.0199,0.1376,0.000,0.000,0.000,0.000,0.000,0.000,0.000,0.148,0.000,0.000,semi-presidential,parliamentary,parliamentary,parliamentary,parliamentary,semi-presidential,semi-presidential,electoral-authoritarian,electoral-authoritarian,parliamentary,0.800,0.800,0.800,0.800,0.800,0.800,0.800,0.500,0.500,0.800,100.0,100.0,100.0,96.4,98.7,100.0,100.0,100.0,100.0,100.0
2030-02-01,0.9972,1.0218,1.0136,0.9928,0.9973,1.0172,1.0059,0.9890,1.0362,1.0076,0.9804,1.0008,1.0734,1.0486,1.1171,1.0410,1.0453,1.0698,1.0077,1.0087,1.0520,1.0174,1.0338,1.0009,3538.35,5472.59,4217.86,2675.13,2069.30,1259.54,203.74,2739.39,1984.92,573.47,1.1456,0.6149,1.0101,1.3763,0.9612,0.4140,1.1844,0.2732,0.1964,-0.2750,0.6360,0.7413,0.6664,0.6325,0.6631,0.7643,0.5068,0.6234,0.6666,0.6864,0.0174,0.0144,0.0286,0.0350,0.0266,0.0000,0.0666,0.0016,0.0126,0.0219,0.9814,0.9806,0.9911,0.9803,0.9822,1.0000,0.9743,1.0000,0.9759,1.0000,54.02,195.99,78.57,54.13,60.97,11.29,5.79,245.56,69.35,84.96,0.0000,0.0000,0.0000,0.0000,0.0000,0.0000,0.4588,0.0430,0.0000,0.0000,104304,74663,53998,54750,86225,66964,95775,572442,131417,91336,0,0,0,0,0,0,0,0,0,0,0.0000,0.0000,0.0000,0.0000,0.0000,0.0000,0.4899,0.4599,0.0000,0.0000,0,0,0,0,0,0,0,1,0,0,0,0,0,0,0,0,1,1,0,0,0.1401,0.0931,0.1447,0.0684,0.1021,0.0292,0.0834,0.1183,0.0206,0.1367,0.000,0.000,0.000,0.000,0.000,0.000,0.000,0.147,0.000,0.000,semi-presidential,parliamentary,parliamentary,parliamentary,parliamentary,semi-presidential,semi-presidential,electoral-authoritarian,electoral-authoritarian,parliamentary,0.800,0.800,0.800,0.800,0.800,0.800,0.800,0.500,0.500,0.800,100.0,100.0,100.0,100.0,100.0,100.0,100.0,100.0,100.0,100.0
2030-03-01,0.9968,1.0148,1.0129,0.9947,1.0018,1.0169,1.0037,0.9918,1.0302,1.0082,0.9832,0.9994,1.0757,1.0408,1.0508,1.0289,1.0522,1.0696,1.0056,1.1047,1.0456,1.0383,1.1317,0.9996,3537.33,5482.46,4229.51,2687.18,2074.40,1263.94,203.62,2746.78,1998.99,573.75,1.1519,0.6139,1.0073,1.3701,0.9589,0.4106,1.1852,0.2749,0.1951,-0.2893,0.6243,0.7402,0.6790,0.6332,0.6710,0.7674,0.4980,0.6470,0.6717,0.6837,0.0203,0.0107,0.0337,0.0258,0.0278,0.0000,0.0771,0.0031,0.0106,0.0318,0.9819,0.9811,0.9913,0.9809,0.9828,1.0000,0.9742,1.0000,0.9764,1.0000,54.36,199.71,81.53,54.03,62.67,11.20,5.92,250.51,70.25,84.99,0.0000,0.0000,0.0000,0.0000,0.0000,0.0000,0.4585,0.0417,0.0000,0.0000,104304,74663,53998,54750,86225,66964,95775,572442,131417,91336,0,0,0,0,0,0,0,0,0,0,0.0000,0.0000,0.0000,0.0000,0.0000,0.0000,0.4991,0.4691,0.0000,0.0000,0,0,0,0,0,0,0,1,0,0,0,0,0,0,0,0,1,1,0,0,0.1094,0.0778,0.1110,0.0524,0.0783,0.0247,0.0780,0.1144,0.0160,0.1361,0.000,0.000,0.000,0.000,0.000,0.000,0.000,0.148,0.000,0.000,semi-presidential,parliamentary,parliamentary,parliamentary,parliamentary,semi-presidential,semi-presidential,electoral-authoritarian,electoral-authoritarian,parliamentary,0.800,0.800,0.840,0.800,0.800,0.800,0.800,0.500,0.500,0.800,100.0,100.0,90.0,100.0,100.0,100.0,100.0,100.0,100.0,100.0
2030-04-01,0.9972,1.0065,1.0121,0.9945,1.0082,1.0150,1.0016,0.9953,1.0249,1.0098,0.9861,0.9972,1.0762,1.0330,1.0498,1.0268,1.0664,1.0673,1.0032,1.0880,1.0399,1.0269,1.0002,0.9976,3534.85,5493.84,4224.19,2695.24,2085.46,1271.55,203.24,2749.29,2005.07,575.33,1.1527,0.6127,1.0087,1.3661,0.9539,0.4063,1.1875,0.2768,0.1946,-0.3029,0.6135,0.7349,0.6386,0.6324,0.6639,0.7638,0.4932,0.6519,0.7011,0.6853,0.0152,0.0105,0.0279,0.0259,0.0260,0.0000,0.0730,0.0020,0.0102,0.0276,0.9820,0.9812,0.9913,0.9810,0.9828,1.0000,0.9734,1.0000,0.9766,1.0000,54.79,202.48,84.44,54.88,64.27,11.41,6.23,254.07,70.64,85.26,0.0000,0.0000,0.0000,0.0000,0.0000,0.0000,0.4590,0.0423,0.0000,0.0000,104304,74663,53998,54750,86225,66964,95775,572442,131417,91336,0,0,0,0,0,0,0,0,0,0,0.0000,0.0000,0.0000,0.0000,0.0000,0.0000,0.5083,0.4783,0.0000,0.0000,0,0,0,0,0,0,0,1,0,0,0,0,0,0,0,0,1,1,0,0,0.1132,0.0800,0.1157,0.0548,0.0813,0.0246,0.0783,0.1163,0.0188,0.1355,0.000,0.000,0.000,0.000,0.000,0.000,0.000,0.150,0.000,0.000,semi-presidential,parliamentary,parliamentary,parliamentary,parliamentary,semi-presidential,semi-presidential,electoral-authoritarian,electoral-authoritarian,parliamentary,0.800,0.800,0.830,0.800,0.800,0.800,0.800,0.500,0.500,0.800,100.0,100.0,92.2,100.0,100.0,100.0,100.0,100.0,100.0,100.0
2030-05-01,0.9972,0.9983,1.0132,0.9933,1.0154,1.0126,1.0020,0.9963,1.0207,1.0092,0.9894,0.9946,1.0755,1.0256,1.1549,0.9999,1.0724,1.0652,1.0037,1.0261,1.0352,1.0174,1.0575,0.9955,3524.15,5506.09,4217.24,2701.10,2087.61,1276.68,202.95,2757.18,2021.12,575.47,1.1562,0.6113,1.0104,1.3632,0.9530,0.4028,1.1893,0.2775,0.1932,-0.3172,0.5939,0.7090,0.6206,0.6283,0.6504,0.7649,0.4853,0.6312,0.6812,0.6767,0.0209,0.0129,0.0260,0.0279,0.0318,0.0000,0.0631,0.0017,0.0143,0.0271,0.9816,0.9807,0.9911,0.9805,0.9825,1.0000,0.9729,1.0000,0.9761,1.0000,52.90,200.74,83.59,54.78,63.51,11.50,5.83,247.38,69.35,85.27,0.0000,0.0000,0.0000,0.0000,0.0000,0.0000,0.4587,0.0431,0.0000,0.0000,104304,74663,53998,54750,86225,66964,95775,572442,131417,91336,0,0,0,0,0,0,0,0,0,0,0.0000,0.0000,0.0000,0.0000,0.0000,0.0000,0.5175,0.4875,0.0000,0.0000,0,0,0,0,0,0,0,1,0,0,0,0,0,0,0,0,1,1,0,0,0.0983,0.0704,0.0956,0.0453,0.0663,0.0217,0.0751,0.1112,0.0148,0.1313,0.000,0.000,0.000,0.000,0.000,0.000,0.000,0.152,0.000,0.000,semi-presidential,parliamentary,parliamentary,parliamentary,parliamentary,semi-presidential,semi-presidential,electoral-authoritarian,electoral-authoritarian,parliamentary,0.800,0.835,0.820,0.800,0.800,0.800,0.800,0.500,0.500,0.800,100.0,91.3,94.4,100.0,100.0,100.0,100.0,100.0,100.0,100.0
2030-06-01,0.9964,0.9920,1.0167,0.9918,1.0215,1.0080,1.0028,0.9955,1.0179,1.0057,0.9920,0.9942,1.0732,1.0185,1.1657,1.0155,1.0720,1.0609,1.0223,0.9969,1.0322,1.0126,1.0725,0.9943,3527.05,5501.30,4203.23,2704.38,2087.72,1280.00,203.03,2759.00,2025.49,575.04,1.1554,0.6116,1.0137,1.3615,0.9530,0.3999,1.1890,0.2790,0.1929,-0.3317,0.6012,0.7121,0.6010,0.6259,0.6478,0.7660,0.4751,0.6460,0.6764,0.6814,0.0209,0.0131,0.0323,0.0272,0.0304,0.0000,0.0664,0.0016,0.0155,0.0242,0.9813,0.9804,0.9909,0.9802,0.9822,1.0000,0.9722,1.0000,0.9757,1.0000,51.99,198.96,83.50,54.04,62.20,11.46,5.65,242.84,68.69,84.74,0.0000,0.0000,0.0000,0.0000,0.0000,0.0000,0.4585,0.0433,0.0000,0.0000,104304,74663,53998,54750,86225,66964,95775,572442,131417,91336,0,0,0,0,0,0,0,0,0,0,0.0000,0.0000,0.0000,0.0000,0.0000,0.0000,0.5290,0.4990,0.0000,0.0000,0,0,0,0,0,0,0,1,0,0,0,0,0,0,0,0,1,1,0,0,0.1399,0.0897,0.1393,0.0650,0.1028,0.0251,0.0808,0.1131,0.0202,0.1313,0.000,0.000,0.000,0.000,0.000,0.000,0.000,0.154,0.000,0.000,semi-presidential,parliamentary,parliamentary,parliamentary,parliamentary,semi-presidential,semi-presidential,electoral-authoritarian,electoral-authoritarian,parliamentary,0.800,0.826,0.810,0.800,0.800,0.800,0.800,0.500,0.500,0.800,100.0,94.0,96.5,100.0,100.0,100.0,100.0,100.0,100.0,100.0
2030-07-01,0.9965,0.9872,1.0184,0.9906,1.0248,1.0041,1.0038,0.9948,1.0177,1.0008,0.9935,0.9954,1.0744,1.0137,1.0777,0.9974,1.0618,1.0559,1.0134,0.9963,1.0317,1.0074,1.0065,0.9961,3542.45,5514.93,4211.59,2713.43,2093.22,1283.00,202.70,2761.28,2036.88,575.09,1.1504,0.6099,1.0117,1.3571,0.9506,0.3971,1.1910,0.2800,0.1919,-0.3536,0.6162,0.7188,0.6012,0.6316,0.6575,0.7606,0.4803,0.6385,0.6905,0.6637,0.0126,0.0103,0.0159,0.0187,0.0199,0.0000,0.0558,0.0012,0.0111,0.0142,0.9818,0.9809,0.9906,0.9807,0.9826,1.0000,0.9737,1.0000,0.9749,1.0000,52.91,199.88,83.65,54.76,63.17,12.22,5.52,247.39,69.88,85.28,0.0000,0.0000,0.0000,0.0000,0.0000,0.0000,0.4585,0.0434,0.0000,0.0000,104304,74663,53998,54750,86225,66964,95775,572442,131417,91336,0,0,0,0,0,0,0,0,0,0,0.0000,0.0000,0.0000,0.0000,0.0000,0.0000,0.5382,0.5082,0.0000,0.0000,0,0,0,0,0,0,0,1,0,0,0,0,0,0,0,0,1,1,0,0,0.1397,0.0903,0.1468,0.0657,0.1034,0.0263,0.0816,0.1153,0.0208,0.1306,0.000,0.000,0.000,0.000,0.000,0.000,0.000,0.154,0.000,0.000,semi-presidential,parliamentary,parliamentary,parliamentary,parliamentary,semi-presidential,semi-presidential,electoral-authoritarian,electoral-authoritarian,parliamentary,0.800,0.816,0.801,0.800,0.800,0.800,0.800,0.500,0.500,0.815,100.0,96.8,98.6,100.0,100.0,100.0,100.0,100.0,100.0,96.3
2030-08-01,0.9945,0.9811,1.0193,0.9899,1.0280,0.9995,1.0057,0.9962,1.0167,0.9968,0.9929,0.9945,0.9945,0.9823,1.0744,1.0095,1.0536,1.0003,1.0780,1.0513,1.0168,0.9971,0.9930,0.9945,3549.50,5521.59,4225.63,2721.83,2099.15,1289.77,202.68,2761.33,2046.21,576.37,1.1481,0.6092,1.0084,1.3529,0.9479,0.3932,1.1911,0.2802,0.1911,-0.3670,0.6280,0.7240,0.6285,0.6416,0.6651,0.7607,0.4827,0.6391,0.7116,0.6701,0.0085,0.0018,0.0212,0.0082,0.0129,0.0000,0.0112,0.0009,0.0023,0.0169,1.0000,1.0000,1.0000,1.0000,1.0000,1.0000,1.0000,1.0000,1.0000,1.0000,54.80,205.68,85.58,56.60,64.56,12.32,10.15,256.83,71.58,86.37,0.0000,0.0000,0.0000,0.0000,0.0000,0.0000,0.0000,0.0000,0.0000,0.0000,104304,74663,53998,54750,86225,66964,95775,572442,131417,91336,0,0,0,0,0,0,0,0,0,0,0.0000,0.0000,0.0000,0.0000,0.0000,0.0000,0.5405,0.5036,0.0000,0.0000,0,0,0,0,0,0,0,1,0,0,0,0,0,0,0,0,0,0,0,0,0.1313,0.0861,0.1359,0.0609,0.0961,0.0250,0.0887,0.1167,0.0192,0.1331,0.000,0.000,0.000,0.000,0.000,0.000,0.000,0.155,0.000,0.000,semi-presidential,parliamentary,parliamentary,parliamentary,parliamentary,semi-presidential,semi-presidential,electoral-authoritarian,electoral-authoritarian,parliamentary,0.800,0.806,0.800,0.800,0.800,0.800,0.800,0.500,0.500,0.805,100.0,99.7,100.0,100.0,100.0,100.0,100.0,100.0,100.0,98.9
2030-09-01,0.9926,0.9773,1.0221,0.9874,1.0298,0.9978,1.0077,0.9965,1.0153,0.9907,0.9910,0.9938,0.9926,0.9776,1.0551,0.9876,1.0479,0.9979,1.0595,0.9966,1.0156,0.9916,0.9915,0.9940,3558.12,5525.47,4243.63,2723.79,2101.65,1294.76,204.85,2768.35,2057.69,576.16,1.1453,0.6088,1.0042,1.3519,0.9468,0.3891,1.1766,0.2808,0.1902,-0.3813,0.6355,0.7315,0.6620,0.6581,0.6790,0.7521,0.5859,0.6358,0.7194,0.6867,0.0038,0.0011,0.0056,0.0053,0.0075,0.0000,0.0016,0.0003,0.0013,0.0088,1.0000,1.0000,1.0000,1.0000,1.0000,1.0000,1.0000,1.0000,1.0000,1.0000,55.49,206.29,85.74,58.45,66.54,12.32,9.95,264.35,73.28,86.31,0.0000,0.0000,0.0000,0.0000,0.0000,0.0000,0.0000,0.0000,0.0000,0.0000,104304,74663,53998,54750,86225,66964,95775,572442,131417,91336,0,0,0,0,0,0,0,0,0,0,0.0000,0.0000,0.0000,0.0000,0.0000,0.0000,0.5147,0.4839,0.0000,0.0000,0,0,0,0,0,0,0,1,0,0,0,0,0,0,0,0,0,0,0,0,0.1282,0.0849,0.1339,0.0603,0.0942,0.0244,0.0883,0.1192,0.0185,0.1314,0.000,0.000,0.000,0.000,0.000,0.000,0.000,0.156,0.000,0.000,semi-presidential,parliamentary,parliamentary,parliamentary,parliamentary,semi-presidential,semi-presidential,electoral-authoritarian,electoral-authoritarian,parliamentary,0.800,0.800,0.800,0.800,0.800,0.800,0.800,0.500,0.500,0.800,100.0,100.0,100.0,100.0,100.0,100.0,100.0,100.0,100.0,100.0
2030-10-01,0.9953,0.9762,1.0216,0.9857,1.0340,0.9971,1.0090,0.9954,1.0135,0.9883,0.9899,0.9927,1.1084,0.9929,1.0216,1.0075,1.0661,0.9973,1.0236,0.9954,1.0135,0.9885,0.9918,0.9929,3570.38,5532.83,4253.43,2740.11,2106.67,1299.88,206.20,2774.98,2067.24,578.05,1.1415,0.6081,1.0021,1.3438,0.9446,0.3858,1.1704,0.2814,0.1894,-0.3942,0.6368,0.7244,0.6592,0.6555,0.6797,0.7516,0.6208,0.6520,0.7228,0.6824,0.0102,0.0091,0.0182,0.0132,0.0168,0.0076,0.0393,0.0001,0.0052,0.0121,0.9854,0.9843,0.9932,0.9875,0.9885,0.9868,1.0000,1.0000,0.9898,1.0000,55.26,204.72,86.99,58.04,65.59,12.12,10.35,261.42,73.44,85.58,0.0000,0.0000,0.0000,0.0000,0.0000,0.0000,0.0000,0.0000,0.0000,0.0000,104304,74663,53998,54750,86225,66964,95775,572442,131417,91336,0,0,0,0,0,0,0,0,0,0,0.0000,0.0000,0.0000,0.0000,0.0000,0.0000,0.4950,0.4642,0.0000,0.0000,0,0,0,0,0,0,0,1,0,0,0,0,0,0,0,0,0,0,0,0,0.1296,0.0847,0.1340,0.0600,0.0946,0.0238,0.0881,0.1188,0.0182,0.1322,0.000,0.000,0.000,0.000,0.000,0.000,0.000,0.157,0.000,0.000,semi-presidential,parliamentary,parliamentary,parliamentary,parliamentary,semi-presidential,semi-presidential,electoral-authoritarian,electoral-authoritarian,parliamentary,0.800,0.800,0.800,0.800,0.800,0.800,0.800,0.500,0.500,0.800,100.0,100.0,100.0,100.0,100.0,100.0,100.0,100.0,100.0,100.0
2030-11-01,0.9989,0.9763,1.0214,0.9845,1.0395,0.9961,1.0081,0.9953,1.0119,0.9857,0.9919,0.9925,1.0937,1.0087,1.0719,1.0058,1.0696,0.9963,1.0084,1.0690,1.0121,0.9860,1.0762,0.9926,3580.67,5534.84,4255.12,2744.45,2112.77,1304.13,206.95,2779.34,2079.12,577.97,1.1383,0.6079,1.0019,1.3418,0.9419,0.3828,1.1452,0.2823,0.1884,-0.4085,0.6411,0.7311,0.6643,0.6467,0.6765,0.7524,0.6285,0.6486,0.6975,0.6876,0.0199,0.0114,0.0284,0.0170,0.0240,0.0081,0.0446,0.0009,0.0079,0.0206,0.9711,0.9707,0.9865,0.9755,0.9754,0.9760,0.9983,1.0000,0.9808,1.0000,55.34,204.69,86.95,58.42,66.20,12.12,10.08,263.19,73.79,86.00,0.0000,0.0000,0.0000,0.0000,0.0000,0.0000,0.0000,0.0000,0.0000,0.0000,104304,74663,53998,54750,86225,66964,95775,572442,131417,91336,0,0,0,0,0,0,0,0,0,0,0.0000,0.0000,0.0000,0.0000,0.0000,0.0000,0.4753,0.4444,0.0000,0.0000,0,0,0,0,0,0,0,1,0,0,0,0,0,0,0,0,0,0,0,0,0.1250,0.0824,0.1294,0.0578,0.0911,0.0233,0.0877,0.1188,0.0174,0.1325,0.000,0.000,0.000,0.000,0.000,0.000,0.000,0.158,0.000,0.000,semi-presidential,parliamentary,parliamentary,parliamentary,parliamentary,semi-presidential,semi-presidential,electoral-authoritarian,electoral-authoritarian,parliamentary,0.800,0.800,0.800,0.800,0.800,0.800,0.800,0.500,0.500,0.800,100.0,100.0,100.0,100.0,100.0,100.0,100.0,100.0,100.0,100.0
2030-12-01,0.9994,0.9776,1.0216,0.9850,1.0432,0.9959,1.0066,0.9972,1.0099,0.9844,0.9949,0.9912,1.0238,1.0615,1.0217,1.0279,1.0688,0.9959,1.0069,1.0775,1.0104,0.9846,1.0858,0.9913,3574.15,5550.68,4254.71,2750.72,2120.44,1310.03,207.40,2784.03,2090.56,578.87,1.1404,0.6063,1.0021,1.3388,0.9385,0.3793,1.1229,0.2831,0.1875,-0.4220,0.6303,0.7179,0.6589,0.6399,0.6748,0.7459,0.6295,0.6565,0.7074,0.6942,0.0191,0.0130,0.0278,0.0229,0.0221,0.0091,0.0238,0.0010,0.0078,0.0187,0.9228,0.9285,0.9638,0.9353,0.9267,0.9438,0.9889,1.0000,0.9520,1.0000,56.28,204.94,85.75,57.04,66.33,12.40,10.14,266.84,74.41,86.41,0.0000,0.0000,0.0000,0.0000,0.0000,0.0000,0.0000,0.0000,0.0000,0.0000,104304,74663,53998,54750,86225,66964,95775,572442,131417,91336,0,0,0,0,0,0,0,0,0,0,0.0000,0.0000,0.0000,0.0000,0.0000,0.0000,0.4556,0.4247,0.0000,0.0000,0,0,0,0,0,0,0,1,0,0,0,0,0,0,0,0,0,0,0,0,0.1318,0.0845,0.1361,0.0590,0.0960,0.0232,0.0882,0.1193,0.0179,0.1356,0.000,0.000,0.000,0.000,0.000,0.000,0.000,0.159,0.000,0.000,semi-presidential,parliamentary,parliamentary,parliamentary,parliamentary,semi-presidential,semi-presidential,electoral-authoritarian,electoral-authoritarian,parliamentary,0.800,0.800,0.800,0.800,0.800,0.800,0.800,0.500,0.500,0.800,100.0,100.0,100.0,100.0,100.0,100.0,100.0,100.0,100.0,100.0
2031-01-01,1.0002,0.9780,1.0221,0.9841,1.0475,0.9983,1.0046,0.9974,1.0053,0.9827,0.9968,0.9913,1.0621,0.9782,1.0741,1.0033,1.0737,1.0840,1.0047,0.9975,1.0056,0.9827,1.0412,0.9914,3581.57,5544.73,4271.89,2760.60,2128.23,1314.12,208.72,2795.01,2102.76,578.31,1.1382,0.6070,0.9983,1.3341,0.9349,0.3764,1.0839,0.2844,0.1859,-0.4367,0.6306,0.7153,0.6641,0.6487,0.6762,0.7437,0.6248,0.6598,0.7227,0.6924,0.0103,0.0069,0.0205,0.0125,0.0151,0.0040,0.0354,0.0002,0.0044,0.0121,1.0000,1.0000,1.0000,1.0000,1.0000,1.0000,1.0000,1.0000,1.0000,1.0000,56.18,206.23,88.75,59.91,67.47,12.38,10.15,268.13,74.38,86.51,0.0000,0.0000,0.0000,0.0000,0.0000,0.0000,0.0000,0.0000,0.0000,0.0000,104304,74663,53998,54750,86225,66964,95775,572442,131417,91336,0,0,0,0,0,0,0,0,0,0,0.0000,0.0000,0.0000,0.0000,0.0000,0.0000,0.4221,0.3853,0.0000,0.0000,0,0,0,0,0,0,0,1,0,0,0,0,0,0,0,0,0,0,0,0,0.1375,0.0877,0.1427,0.0633,0.1004,0.0238,0.0895,0.1203,0.0183,0.1332,0.000,0.000,0.000,0.000,0.000,0.000,0.000,0.160,0.000,0.000,semi-presidential,parliamentary,parliamentary,parliamentary,parliamentary,semi-presidential,semi-presidential,electoral-authoritarian,electoral-authoritarian,parliamentary,0.800,0.800,0.800,0.800,0.800,0.800,0.800,0.500,0.500,0.800,100.0,100.0,100.0,100.0,100.0,100.0,100.0,100.0,100.0,100.0
2031-02-01,0.9985,0.9802,1.0248,0.9849,1.0511,0.9991,1.0050,0.9954,1.0011,0.9827,0.9978,0.9918,0.9987,1.0808,1.1779,1.0437,1.0710,0.9992,1.0302,0.9955,1.0017,0.9827,0.9977,0.9918,3588.04,5553.31,4281.17,2766.53,2131.76,1317.27,208.82,2804.48,2105.45,578.61,1.1362,0.6061,0.9963,1.3313,0.9333,0.3738,1.0791,0.2847,0.1853,-0.4507,0.6346,0.7112,0.6664,0.6497,0.6802,0.7457,0.6234,0.6605,0.7203,0.6917,0.0239,0.0205,0.0303,0.0377,0.0276,0.0093,0.0102,0.0001,0.0142,0.0102,0.9072,0.9150,0.9565,0.9223,0.9108,0.9337,0.9868,1.0000,0.9430,1.0000,54.65,198.81,83.02,56.83,63.95,12.26,9.63,258.79,72.28,86.01,0.0000,0.0000,0.0000,0.0000,0.0000,0.0000,0.0000,0.0000,0.0000,0.0000,104304,74663,53998,54750,86225,66964,95775,572442,131417,91336,0,0,0,0,0,0,0,0,0,0,0.0000,0.0000,0.0000,0.0000,0.0000,0.0000,0.4175,0.3656,0.0000,0.0000,0,0,0,0,0,0,0,1,0,0,0,0,0,0,0,0,0,0,0,0,0.1340,0.0848,0.1386,0.0601,0.0978,0.0236,0.0933,0.1174,0.0181,0.1358,0.000,0.000,0.000,0.000,0.000,0.000,0.000,0.159,0.000,0.000,semi-presidential,parliamentary,parliamentary,parliamentary,parliamentary,semi-presidential,semi-presidential,electoral-authoritarian,electoral-authoritarian,parliamentary,0.800,0.800,0.800,0.800,0.800,0.800,0.800,0.500,0.500,0.800,100.0,100.0,100.0,100.0,100.0,100.0,100.0,100.0,100.0,100.0
2031-03-01,0.9957,0.9839,1.0264,0.9877,1.0553,0.9978,1.0040,0.9946,0.9980,0.9827,0.9980,0.9917,0.9958,1.1101,1.0264,1.0423,1.0853,0.9980,1.0045,0.9948,0.9987,0.9829,1.0336,0.9917,3592.49,5551.11,4284.58,2774.93,2137.43,1317.67,209.21,2804.48,2116.10,577.98,1.1349,0.6063,0.9957,1.3274,0.9310,0.3728,1.0598,0.2847,0.1839,-0.4654,0.6393,0.7142,0.6594,0.6328,0.6625,0.7496,0.6431,0.6605,0.6980,0.6936,0.0174,0.0173,0.0236,0.0320,0.0234,0.0114,0.0110,0.0001,0.0100,0.0123,0.8837,0.8948,0.9456,0.9027,0.8866,0.9184,0.9823,1.0000,0.9290,1.0000,55.11,198.70,82.34,58.06,64.40,12.08,9.61,263.84,73.81,85.67,0.0000,0.0000,0.0000,0.0000,0.0000,0.0000,0.0000,0.0000,0.0000,0.0000,104304,74663,53998,54750,86225,66964,95775,572442,131417,91336,0,0,0,0,0,0,0,0,0,0,0.0000,0.0000,0.0000,0.0000,0.0000,0.0000,0.3978,0.3656,0.0000,0.0000,0,0,0,0,0,0,0,1,0,0,0,0,0,0,0,0,0,0,0,0,0.1381,0.0865,0.1431,0.0618,0.1051,0.0238,0.0942,0.1192,0.0191,0.1359,0.000,0.000,0.000,0.000,0.000,0.000,0.000,0.158,0.000,0.000,semi-presidential,parliamentary,parliamentary,parliamentary,parliamentary,semi-presidential,semi-presidential,electoral-authoritarian,electoral-authoritarian,parliamentary,0.800,0.800,0.800,0.800,0.814,0.800,0.800,0.500,0.500,0.800,100.0,100.0,100.0,100.0,96.7,100.0,100.0,100.0,100.0,100.0
2031-04-01,0.9934,0.9854,1.0251,0.9906,1.0551,0.9972,1.0015,0.9944,0.9927,0.9820,0.9980,0.9906,0.9936,0.9855,1.0254,1.0284,1.0554,1.0024,1.0017,1.0004,0.9929,0.9823,0.9984,0.9909,3596.20,5561.19,4287.72,2769.20,2147.22,1321.23,209.74,2824.85,2131.80,578.34,1.1338,0.6053,0.9951,1.3304,0.9269,0.3701,1.0405,0.2851,0.1820,-0.4793,0.6460,0.7176,0.6666,0.6299,0.6816,0.7437,0.6533,0.6718,0.6769,0.6993,0.0004,0.0011,0.0097,0.0093,0.0003,0.0001,0.0066,0.0000,0.0000,0.0004,1.0000,1.0000,1.0000,1.0000,1.0000,1.0000,1.0000,1.0000,1.0000,1.0000,55.04,201.81,84.03,57.69,65.29,12.03,9.79,265.47,73.97,85.98,0.0000,0.0000,0.0000,0.0000,0.0000,0.0000,0.0000,0.0000,0.0000,0.0000,104304,74663,53998,54750,86225,66964,95775,572442,131417,91336,0,0,0,0,0,0,0,0,0,0,0.0000,0.0000,0.0000,0.0000,0.0000,0.0000,0.3781,0.3262,0.0000,0.0000,0,0,0,0,0,0,0,1,0,0,0,0,0,0,0,0,0,0,0,0,0.1237,0.0801,0.1274,0.0585,0.0939,0.0219,0.0873,0.1159,0.0172,0.1358,0.000,0.000,0.000,0.000,0.000,0.000,0.000,0.157,0.000,0.000,semi-presidential,parliamentary,parliamentary,parliamentary,parliamentary,semi-presidential,semi-presidential,electoral-authoritarian,electoral-authoritarian,parliamentary,0.800,0.800,0.800,0.800,0.804,0.800,0.800,0.500,0.500,0.800,100.0,100.0,100.0,100.0,99.6,100.0,100.0,100.0,100.0,100.0
2031-05-01,0.9909,0.9844,1.0228,0.9945,1.0513,0.9986,0.9990,0.9921,0.9909,0.9818,0.9985,0.9904,0.9909,0.9847,1.0235,1.0366,1.0521,1.0525,0.9990,0.9924,0.9910,0.9818,1.0620,0.9907,3604.37,5558.35,4292.67,2770.38,2155.19,1326.90,210.18,2828.34,2141.11,578.99,1.1314,0.6057,0.9941,1.3300,0.9236,0.3669,1.0225,0.2860,0.1806,-0.4930,0.6515,0.7261,0.6670,0.6437,0.6878,0.7373,0.6561,0.6701,0.6911,0.6997,0.0029,0.0023,0.0125,0.0128,0.0019,0.0007,0.0089,0.0003,0.0004,0.0031,1.0000,1.0000,1.0000,1.0000,1.0000,1.0000,1.0000,1.0000,1.0000,1.0000,54.86,200.67,82.97,57.82,64.89,11.82,9.77,264.72,73.88,85.73,0.0000,0.0000,0.0000,0.0000,0.0000,0.0000,0.0000,0.0000,0.0000,0.0000,104304,74663,53998,54750,86225,66964,95775,572442,131417,91336,0,0,0,0,0,0,0,0,0,0,0.0000,0.0000,0.0000,0.0000,0.0000,0.0000,0.3583,0.3065,0.0000,0.0000,0,0,0,0,0,0,0,1,0,0,0,0,0,0,0,0,0,0,0,0,0.1372,0.0861,0.1428,0.0651,0.1048,0.0223,0.0864,0.1158,0.0187,0.1356,0.000,0.000,0.000,0.000,0.000,0.000,0.000,0.162,0.000,0.000,semi-presidential,parliamentary,parliamentary,parliamentary,parliamentary,semi-presidential,semi-presidential,electoral-authoritarian,electoral-authoritarian,parliamentary,0.800,0.800,0.800,0.800,0.800,0.800,0.800,0.500,0.500,0.800,100.0,100.0,100.0,100.0,100.0,100.0,100.0,100.0,100.0,100.0
2031-06-01,0.9892,0.9831,1.0212,0.9956,1.0461,0.9986,0.9982,0.9899,0.9892,0.9823,1.0018,0.9907,1.0192,0.9831,1.0213,1.0194,1.0463,1.0204,0.9985,0.9903,0.9896,0.9965,1.1528,0.9908,3617.40,5565.59,4297.07,2778.48,2161.81,1332.73,210.48,2836.24,2150.78,580.02,1.1273,0.6080,0.9933,1.3263,0.9209,0.3636,1.0060,0.2864,0.1793,-0.5063,0.6559,0.7345,0.6758,0.6525,0.7043,0.7439,0.6518,0.6826,0.7078,0.7026,0.0068,0.0025,0.0164,0.0047,0.0053,0.0017,0.0236,0.0007,0.0013,0.0070,1.0000,1.0000,1.0000,1.0000,1.0000,1.0000,1.0000,1.0000,1.0000,1.0000,55.37,201.86,85.26,59.14,67.12,11.52,9.88,270.44,75.27,86.06,0.0000,0.0000,0.0000,0.0000,0.0000,0.0000,0.0000,0.0000,0.0000,0.0000,104304,74663,53998,54750,86225,66964,95775,572442,131417,91336,0,0,0,0,0,0,0,0,0,0,0.0000,0.0000,0.0000,0.0000,0.0000,0.0000,0.3386,0.2867,0.0000,0.0000,0,0,0,0,0,0,0,1,0,0,0,0,0,0,0,0,0,0,0,0,0.1372,0.0865,0.1431,0.0664,0.1049,0.0219,0.0824,0.1178,0.0186,0.1349,0.000,0.000,0.000,0.000,0.000,0.000,0.000,0.162,0.000,0.000,semi-presidential,parliamentary,parliamentary,parliamentary,parliamentary,semi-presidential,semi-presidential,electoral-authoritarian,electoral-authoritarian,parliamentary,0.800,0.800,0.800,0.800,0.800,0.800,0.800,0.500,0.500,0.800,100.0,100.0,100.0,100.0,100.0,100.0,100.0,100.0,100.0,100.0
2031-07-01,0.9911,0.9843,1.0202,0.9970,1.0376,0.9996,0.9976,0.9882,0.9873,0.9818,1.0055,0.9913,1.0837,1.0479,1.0204,1.0401,1.0385,1.0393,0.9977,0.9883,0.9873,0.9818,1.0804,0.9915,3629.91,5568.61,4295.11,2785.64,2169.15,1334.33,210.63,2847.33,2163.84,580.05,1.1235,0.6077,0.9939,1.3230,0.9179,0.3615,0.9910,0.2865,0.1776,-0.5204,0.6540,0.7301,0.6783,0.6547,0.7100,0.7384,0.6355,0.6849,0.7153,0.7076,0.0173,0.0156,0.0207,0.0226,0.0157,0.0112,0.0404,0.0003,0.0084,0.0037,0.9416,0.9450,0.9730,0.9511,0.9458,0.9566,0.9935,1.0000,0.9636,1.0000,54.76,197.24,81.49,58.14,65.36,11.26,9.90,267.03,75.07,84.89,0.0000,0.0000,0.0000,0.0000,0.0000,0.0000,0.0000,0.0000,0.0000,0.0000,104304,74663,53998,54750,86225,66964,95775,572442,131417,91336,0,0,0,0,0,0,0,0,0,0,0.0000,0.0000,0.0000,0.0000,0.0000,0.0000,0.3189,0.2670,0.0000,0.0000,0,0,0,0,0,0,0,1,0,0,0,0,0,0,0,0,0,0,0,0,0.1372,0.0858,0.1434,0.0657,0.1051,0.0214,0.0796,0.1170,0.0187,0.1356,0.000,0.000,0.000,0.000,0.000,0.000,0.000,0.162,0.000,0.000,semi-presidential,parliamentary,parliamentary,parliamentary,parliamentary,semi-presidential,semi-presidential,electoral-authoritarian,electoral-authoritarian,parliamentary,0.800,0.800,0.800,0.800,0.800,0.800,0.800,0.500,0.500,0.800,100.0,100.0,100.0,100.0,100.0,100.0,100.0,100.0,100.0,100.0
2031-08-01,0.9939,0.9858,1.0221,0.9997,1.0298,1.0031,0.9962,0.9880,0.9871,0.9815,1.0074,0.9909,1.0482,0.9858,1.1931,1.0441,1.0312,1.1227,0.9965,1.0426,0.9872,0.9822,1.0930,0.9909,3622.34,5577.16,4298.43,2793.78,2172.62,1339.01,211.02,2854.64,2174.75,580.97,1.1259,0.6068,0.9933,1.3193,0.9166,0.3585,0.9755,0.2870,0.1762,-0.5338,0.6436,0.7181,0.6671,0.6533,0.6978,0.7234,0.6122,0.6916,0.7137,0.7102,0.0221,0.0135,0.0311,0.0263,0.0194,0.0040,0.0410,0.0008,0.0090,0.0104,1.0000,1.0000,1.0000,1.0000,1.0000,1.0000,1.0000,1.0000,1.0000,1.0000,55.44,196.54,80.77,58.81,65.92,11.29,9.89,269.76,74.72,85.47,0.0000,0.0000,0.0000,0.0000,0.0000,0.0000,0.0000,0.0000,0.0000,0.0000,104304,74663,53998,54750,86225,66964,95775,572442,131417,91336,0,0,0,0,0,0,0,0,0,0,0.0000,0.0000,0.0000,0.0000,0.0000,0.0000,0.2992,0.2473,0.0000,0.0000,0,0,0,0,0,0,0,1,0,0,0,0,0,0,0,0,0,0,0,0,0.1344,0.0839,0.1398,0.0641,0.1028,0.0213,0.0812,0.1187,0.0177,0.1360,0.000,0.000,0.000,0.000,0.000,0.000,0.000,0.163,0.000,0.000,semi-presidential,parliamentary,parliamentary,parliamentary,parliamentary,semi-presidential,semi-presidential,electoral-authoritarian,electoral-authoritarian,parliamentary,0.800,0.800,0.800,0.800,0.800,0.800,0.800,0.500,0.500,0.800,100.0,100.0,100.0,100.0,100.0,100.0,100.0,100.0,100.0,100.0
2031-09-01,0.9951,0.9859,1.0214,1.0009,1.0259,1.0070,0.9949,0.9906,0.9874,0.9816,1.0096,0.9912,1.0710,0.9861,1.0219,1.0309,1.0260,1.0794,0.9949,1.0353,0.9999,0.9816,1.0616,0.9912,3629.66,5593.69,4309.81,2801.66,2179.95,1345.17,210.74,2862.96,2182.18,581.31,1.1237,0.6051,0.9909,1.3157,0.9137,0.3552,0.9638,0.2872,0.1751,-0.5477,0.6459,0.7229,0.6699,0.6499,0.7086,0.7339,0.6054,0.6836,0.7180,0.7080,0.0100,0.0065,0.0174,0.0114,0.0086,0.0046,0.0394,0.0010,0.0034,0.0060,1.0000,1.0000,1.0000,1.0000,1.0000,1.0000,1.0000,1.0000,1.0000,1.0000,55.70,201.85,84.34,58.44,66.76,11.57,10.04,271.80,76.16,85.87,0.0000,0.0000,0.0000,0.0000,0.0000,0.0000,0.0000,0.0000,0.0000,0.0000,104304,74663,53998,54750,86225,66964,95775,572442,131417,91336,0,0,0,0,0,0,0,0,0,0,0.0000,0.0000,0.0000,0.0000,0.0000,0.0000,0.2795,0.2314,0.0000,0.0000,0,0,0,0,0,0,0,1,0,0,0,0,0,0,0,0,0,0,0,0,0.1375,0.0865,0.1428,0.0659,0.1048,0.0227,0.0898,0.1187,0.0192,0.1362,0.000,0.000,0.000,0.000,0.000,0.000,0.000,0.163,0.000,0.000,semi-presidential,parliamentary,parliamentary,parliamentary,parliamentary,semi-presidential,semi-presidential,electoral-authoritarian,electoral-authoritarian,parliamentary,0.800,0.800,0.800,0.800,0.800,0.800,0.800,0.500,0.500,0.800,100.0,100.0,100.0,100.0,100.0,100.0,100.0,100.0,100.0,100.0
2031-10-01,0.9970,0.9858,1.0156,1.0038,1.0247,1.0083,0.9929,0.9932,0.9918,0.9832,1.0119,0.9907,1.0808,1.0225,1.0166,1.0431,1.0250,1.0477,0.9930,1.0583,1.1874,1.0100,1.0947,0.9905,3628.60,5594.24,4313.38,2814.80,2186.28,1356.99,210.76,2870.79,2196.97,582.37,1.1238,0.6051,0.9900,1.3097,0.9112,0.3494,0.9515,0.2876,0.1733,-0.5609,0.6328,0.7155,0.6731,0.6594,0.7059,0.7350,0.6194,0.6774,0.7200,0.7049,0.0165,0.0115,0.0254,0.0217,0.0191,0.0084,0.0503,0.0084,0.0131,0.0142,0.9668,0.9671,0.9847,0.9721,0.9712,0.9734,0.9982,1.0000,0.9785,1.0000,55.48,202.20,83.71,58.69,66.73,12.08,9.91,272.23,77.02,85.90,0.0000,0.0000,0.0000,0.0000,0.0000,0.0000,0.0000,0.0000,0.0000,0.0000,104304,74663,53998,54750,86225,66964,95775,572442,131417,91336,0,0,0,0,0,0,0,0,0,0,0.0000,0.0000,0.0000,0.0000,0.0000,0.0000,0.2598,0.2117,0.0000,0.0000,0,0,0,0,0,0,0,1,0,0,0,0,0,0,0,0,0,0,0,0,0.1373,0.0861,0.1426,0.0651,0.1043,0.0225,0.0884,0.1178,0.0186,0.1363,0.000,0.000,0.000,0.000,0.000,0.000,0.000,0.165,0.000,0.000,semi-presidential,parliamentary,parliamentary,parliamentary,parliamentary,semi-presidential,semi-presidential,electoral-authoritarian,electoral-authoritarian,parliamentary,0.800,0.800,0.800,0.800,0.800,0.800,0.800,0.500,0.500,0.800,100.0,100.0,100.0,100.0,100.0,100.0,100.0,100.0,100.0,100.0
2031-11-01,0.9960,0.9872,1.0136,1.0057,1.0221,1.0070,0.9909,0.9948,0.9964,0.9863,1.0141,0.9940,0.9962,1.0392,1.0759,1.0406,1.0229,1.0072,0.9911,1.0430,1.1097,1.0106,1.0801,0.9944,3634.96,5606.54,4318.55,2824.50,2194.04,1360.81,211.17,2875.76,2227.13,583.62,1.1218,0.6039,0.9889,1.3050,0.9081,0.3473,0.9379,0.2883,0.1699,-0.5740,0.6339,0.7144,0.6766,0.6582,0.7051,0.7315,0.6163,0.6733,0.7040,0.7017,0.0152,0.0095,0.0241,0.0188,0.0162,0.0050,0.0146,0.0050,0.0107,0.0110,0.9526,0.9547,0.9781,0.9603,0.9569,0.9640,0.9956,1.0000,0.9701,1.0000,55.34,203.57,84.34,58.25,66.28,12.45,9.68,268.56,76.54,87.05,0.0000,0.0000,0.0000,0.0000,0.0000,0.0000,0.0000,0.0000,0.0000,0.0000,104304,74663,53998,54750,86225,66964,95775,572442,131417,91336,0,0,0,0,0,0,0,0,0,0,0.0000,0.0000,0.0000,0.0000,0.0000,0.0000,0.2401,0.1920,0.0000,0.0000,0,0,0,0,0,0,0,1,0,0,0,0,0,0,0,0,0,0,0,0,0.1402,0.0889,0.1457,0.0676,0.1073,0.0247,0.0875,0.1187,0.0203,0.1364,0.000,0.000,0.000,0.000,0.000,0.000,0.000,0.162,0.000,0.000,semi-presidential,parliamentary,parliamentary,parliamentary,parliamentary,semi-presidential,semi-presidential,electoral-authoritarian,electoral-authoritarian,parliamentary,0.800,0.800,0.800,0.800,0.800,0.800,0.800,0.500,0.500,0.800,100.0,100.0,100.0,100.0,100.0,100.0,100.0,100.0,100.0,100.0
2031-12-01,0.9920,0.9894,1.0147,1.0078,1.0186,1.0038,0.9899,0.9966,0.9986,0.9882,1.0146,0.9954,0.9924,1.0457,1.0866,1.0505,1.0188,1.0042,0.9899,1.0511,1.0453,1.0054,1.0160,0.9957,3638.49,5614.41,4325.23,2824.54,2206.00,1365.43,211.75,2875.82,2237.38,583.11,1.1208,0.6031,0.9874,1.3050,0.9033,0.3445,0.9242,0.2895,0.1686,-0.5887,0.6360,0.7199,0.6831,0.6614,0.7063,0.7315,0.6364,0.6614,0.7069,0.7030,0.0147,0.0108,0.0218,0.0223,0.0145,0.0054,0.0111,0.0022,0.0090,0.0068,0.9486,0.9512,0.9763,0.9570,0.9529,0.9613,0.9948,1.0000,0.9678,1.0000,55.40,204.10,85.07,57.78,66.34,12.74,9.71,267.79,76.92,86.97,0.0000,0.0000,0.0000,0.0000,0.0000,0.0000,0.0000,0.0000,0.0000,0.0000,104304,74663,53998,54750,86225,66964,95775,572442,131417,91336,0,0,0,0,0,0,0,0,0,0,0.0000,0.0000,0.0000,0.0000,0.0000,0.0000,0.2204,0.1723,0.0000,0.0000,0,0,0,0,0,0,0,1,0,0,0,0,0,0,0,0,0,0,0,0,0.1412,0.0899,0.1467,0.0684,0.1082,0.0258,0.0901,0.1197,0.0211,0.1363,0.000,0.000,0.000,0.000,0.000,0.000,0.000,0.162,0.000,0.000,semi-presidential,parliamentary,parliamentary,parliamentary,parliamentary,semi-presidential,semi-presidential,electoral-authoritarian,electoral-authoritarian,parliamentary,0.800,0.800,0.800,0.800,0.800,0.800,0.800,0.500,0.500,0.800,100.0,100.0,100.0,100.0,100.0,100.0,100.0,100.0,100.0,100.0
2032-01-01,0.9889,0.9915,1.0150,1.0094,1.0149,0.9980,0.9889,0.9955,0.9990,0.9877,1.0180,0.9957,0.9889,1.0458,1.0205,1.0406,1.0155,0.9989,0.9892,0.9956,1.0266,0.9878,1.1299,0.9958,3652.38,5612.12,4330.34,2830.08,2212.27,1373.38,211.97,2887.18,2246.25,585.64,1.1166,0.6034,0.9863,1.3025,0.9008,0.3409,0.9126,0.2896,0.1674,-0.6003,0.6427,0.7200,0.6883,0.6585,0.7050,0.7276,0.6525,0.6559,0.7142,0.7009,0.0107,0.0075,0.0175,0.0128,0.0098,0.0052,0.0096,0.0015,0.0055,0.0060,0.9504,0.9528,0.9771,0.9584,0.9546,0.9625,0.9953,1.0000,0.9688,1.0000,55.60,205.05,85.97,57.96,66.54,12.78,9.77,267.68,77.68,87.37,0.0000,0.0000,0.0000,0.0000,0.0000,0.0000,0.0000,0.0000,0.0000,0.0000,104304,74663,53998,54750,86225,66964,95775,572442,131417,91336,0,0,0,0,0,0,0,0,0,0,0.0000,0.0000,0.0000,0.0000,0.0000,0.0000,0.2006,0.1525,0.0000,0.0000,0,0,0,0,0,0,0,1,0,0,0,0,0,0,0,0,0,0,0,0,0.1298,0.0849,0.1339,0.0632,0.0992,0.0248,0.0858,0.1178,0.0201,0.1361,0.000,0.000,0.000,0.000,0.000,0.000,0.000,0.162,0.000,0.000,semi-presidential,parliamentary,parliamentary,parliamentary,parliamentary,semi-presidential,semi-presidential,electoral-authoritarian,electoral-authoritarian,parliamentary,0.800,0.800,0.800,0.800,0.800,0.800,0.800,0.500,0.500,0.800,100.0,100.0,100.0,100.0,100.0,100.0,100.0,100.0,100.0,100.0
2032-02-01,0.9840,0.9937,1.0167,1.0105,1.0110,0.9933,0.9874,0.9948,1.0007,0.9848,1.0205,0.9935,0.9846,1.0646,1.0617,1.0344,1.0111,0.9934,0.9876,0.9952,1.0170,0.9856,1.0212,0.9939,3657.13,5615.72,4342.94,2844.80,2218.86,1378.58,212.47,2894.75,2255.90,585.56,1.1152,0.6031,0.9835,1.2959,0.8983,0.3380,0.9003,0.2901,0.1661,-0.6146,0.6352,0.7146,0.6752,0.6540,0.6985,0.7268,0.6512,0.6591,0.7065,0.7046,0.0122,0.0103,0.0169,0.0133,0.0120,0.0066,0.0051,0.0006,0.0079,0.0011,0.9351,0.9395,0.9701,0.9457,0.9391,0.9525,0.9925,1.0000,0.9599,1.0000,54.56,204.24,86.95,58.56,66.07,13.38,9.54,262.68,77.20,87.46,0.0000,0.0000,0.0000,0.0000,0.0000,0.0000,0.0000,0.0000,0.0000,0.0000,104304,74663,53998,54750,86225,66964,95775,572442,131417,91336,0,0,0,0,0,0,0,0,0,0,0.0000,0.0000,0.0000,0.0000,0.0000,0.0000,0.1809,0.1328,0.0000,0.0000,0,0,0,0,0,0,0,1,0,0,0,0,0,0,0,0,0,0,0,0,0.1165,0.0782,0.1194,0.0565,0.0880,0.0230,0.0832,0.1135,0.0169,0.1346,0.000,0.000,0.000,0.000,0.000,0.000,0.000,0.165,0.000,0.000,semi-presidential,parliamentary,parliamentary,parliamentary,parliamentary,semi-presidential,semi-presidential,electoral-authoritarian,electoral-authoritarian,parliamentary,0.800,0.800,0.800,0.800,0.800,0.800,0.800,0.500,0.500,0.800,100.0,100.0,100.0,100.0,100.0,100.0,100.0,100.0,100.0,100.0
2032-03-01,0.9798,0.9934,1.0166,1.0084,1.0066,0.9902,0.9864,0.9927,1.0003,0.9805,1.0191,0.9939,0.9801,0.9936,1.0169,1.0235,1.0069,0.9904,0.9864,0.9933,1.0004,0.9812,1.0193,0.9940,3667.08,5631.14,4349.41,2844.80,2226.23,1381.83,212.76,2898.39,2263.43,586.06,1.1123,0.6015,0.9820,1.2959,0.8952,0.3356,0.8896,0.2910,0.1650,-0.6283,0.6430,0.7212,0.6783,0.6540,0.6961,0.7311,0.6563,0.6623,0.7055,0.7064,0.0000,0.0000,0.0082,0.0000,0.0000,0.0000,0.0010,0.0000,0.0000,0.0001,1.0000,1.0000,1.0000,1.0000,1.0000,1.0000,1.0000,1.0000,1.0000,1.0000,55.61,206.42,87.82,60.71,67.85,13.17,9.65,269.55,78.41,87.45,0.0000,0.0000,0.0000,0.0000,0.0000,0.0000,0.0000,0.0000,0.0000,0.0000,104304,74663,53998,54750,86225,66964,95775,572442,131417,91336,0,0,0,0,0,0,0,0,0,0,0.0000,0.0000,0.0000,0.0000,0.0000,0.0000,0.1612,0.1131,0.0000,0.0000,0,0,0,0,0,0,0,1,0,0,0,0,0,0,0,0,0,0,0,0,0.1394,0.0893,0.1456,0.0693,0.1069,0.0248,0.0844,0.1159,0.0200,0.1332,0.000,0.000,0.000,0.000,0.000,0.000,0.000,0.166,0.000,0.000,semi-presidential,parliamentary,parliamentary,parliamentary,parliamentary,semi-presidential,semi-presidential,electoral-authoritarian,electoral-authoritarian,parliamentary,0.800,0.800,0.800,0.800,0.800,0.800,0.800,0.500,0.500,0.800,100.0,100.0,100.0,100.0,100.0,100.0,100.0,100.0,100.0,100.0
2032-04-01,0.9772,0.9938,1.0140,1.0094,1.0030,0.9880,0.9853,0.9912,1.0006,0.9780,1.0167,0.9953,0.9772,1.0442,1.0147,1.0392,1.0033,0.9884,0.9856,0.9912,1.0418,0.9780,1.0169,0.9953,3674.43,5638.91,4351.68,2858.42,2230.27,1385.44,212.77,2910.16,2276.72,587.00,1.1101,0.6005,0.9816,1.2899,0.8936,0.3336,0.8805,0.2911,0.1635,-0.6414,0.6526,0.7348,0.6826,0.6714,0.7017,0.7168,0.6578,0.6854,0.7027,0.7062,0.0064,0.0065,0.0127,0.0123,0.0070,0.0049,0.0059,0.0016,0.0055,0.0012,0.9542,0.9561,0.9789,0.9616,0.9585,0.9652,0.9960,1.0000,0.9712,1.0000,56.39,205.80,85.22,58.84,67.65,12.90,9.82,273.35,79.54,86.92,0.0000,0.0000,0.0000,0.0000,0.0000,0.0000,0.0000,0.0000,0.0000,0.0000,104304,74663,53998,54750,86225,66964,95775,572442,131417,91336,0,0,0,0,0,0,0,0,0,0,0.0000,0.0000,0.0000,0.0000,0.0000,0.0000,0.1415,0.0934,0.0000,0.0000,0,0,0,0,0,0,0,1,0,0,0,0,0,0,0,0,0,0,0,0,0.1414,0.0901,0.1514,0.0689,0.1148,0.0260,0.0882,0.1195,0.0216,0.1352,0.000,0.000,0.000,0.000,0.000,0.000,0.000,0.165,0.000,0.000,semi-presidential,parliamentary,parliamentary,parliamentary,parliamentary,semi-presidential,semi-presidential,electoral-authoritarian,electoral-authoritarian,parliamentary,0.800,0.800,0.800,0.800,0.800,0.833,0.800,0.500,0.500,0.800,100.0,100.0,100.0,100.0,100.0,92.6,100.0,100.0,100.0,100.0
2032-05-01,0.9778,0.9925,1.0122,1.0105,0.9995,0.9879,0.9843,0.9931,1.0019,0.9776,1.0153,0.9946,1.0639,0.9928,1.0124,1.0341,1.0004,0.9881,0.9865,1.0988,1.0567,0.9776,1.0196,0.9947,3678.83,5652.39,4350.12,2865.96,2238.16,1390.33,212.64,2922.32,2285.28,587.37,1.1088,0.5991,0.9820,1.2866,0.8905,0.3308,0.8724,0.2911,0.1655,-0.6551,0.6525,0.7319,0.6879,0.6723,0.7155,0.7274,0.6693,0.6826,0.6844,0.7025,0.0112,0.0052,0.0185,0.0094,0.0109,0.0044,0.0414,0.0029,0.0051,0.0096,1.0000,1.0000,1.0000,1.0000,1.0000,1.0000,1.0000,1.0000,1.0000,1.0000,56.54,207.42,85.88,58.56,68.49,13.01,10.10,274.46,79.91,86.68,0.0000,0.0000,0.0000,0.0000,0.0000,0.0000,0.0000,0.0000,0.0000,0.0000,104304,74663,53998,54750,86225,66964,95775,572442,131417,91336,0,0,0,0,0,0,0,0,0,0,0.0000,0.0000,0.0000,0.0000,0.0000,0.0000,0.1218,0.0737,0.0000,0.0000,0,0,0,0,0,0,0,1,0,0,0,0,0,0,0,0,0,0,0,0,0.1294,0.0845,0.1374,0.0624,0.1045,0.0245,0.0840,0.1194,0.0197,0.1352,0.000,0.000,0.000,0.000,0.000,0.000,0.000,0.166,0.000,0.000,semi-presidential,parliamentary,parliamentary,parliamentary,parliamentary,semi-presidential,semi-presidential,electoral-authoritarian,electoral-authoritarian,parliamentary,0.800,0.800,0.800,0.800,0.800,0.823,0.800,0.500,0.500,0.800,30.0,100.0,100.0,100.0,100.0,96.4,100.0,100.0,100.0,100.0
2032-06-01,0.9817,0.9900,1.0118,1.0127,0.9964,0.9873,0.9866,0.9940,1.0026,0.9771,1.0165,0.9941,1.1382,0.9902,1.0215,1.0381,0.9965,0.9874,1.0340,0.9941,1.0030,0.9775,1.0583,0.9942,3690.56,5653.66,4350.09,2874.27,2246.62,1396.74,213.34,2928.73,2299.84,587.62,1.1053,0.5990,0.9820,1.2829,0.8872,0.3277,0.8536,0.2918,0.1639,-0.6690,0.6491,0.7273,0.6945,0.6685,0.7117,0.7277,0.6551,0.6783,0.6954,0.7033,0.0145,0.0103,0.0176,0.0147,0.0135,0.0083,0.0388,0.0004,0.0058,0.0042,1.0000,1.0000,1.0000,1.0000,1.0000,1.0000,1.0000,1.0000,1.0000,1.0000,55.33,206.37,86.13,58.36,67.85,13.18,10.06,270.45,79.85,85.89,0.0000,0.0000,0.0000,0.0000,0.0000,0.0000,0.0000,0.0000,0.0000,0.0000,104304,74663,53998,54750,86225,66964,95775,572442,131417,91336,0,0,0,0,0,0,0,0,0,0,0.0000,0.0000,0.0000,0.0000,0.0000,0.0000,0.0824,0.0540,0.0000,0.0000,0,0,0,0,0,0,0,1,0,0,0,0,0,0,0,0,0,0,0,0,0.1348,0.0874,0.1441,0.0653,0.1095,0.0253,0.0884,0.1211,0.0203,0.1353,0.000,0.000,0.000,0.000,0.000,0.000,0.000,0.167,0.000,0.000,semi-presidential,parliamentary,parliamentary,parliamentary,parliamentary,semi-presidential,semi-presidential,electoral-authoritarian,electoral-authoritarian,parliamentary,0.800,0.800,0.800,0.800,0.800,0.813,0.800,0.500,0.500,0.800,32.9,100.0,92.2,100.0,100.0,100.0,100.0,100.0,100.0,100.0
2032-07-01,0.9860,0.9885,1.0110,1.0141,0.9954,0.9878,0.9872,0.9950,1.0005,0.9770,1.0173,0.9943,1.1952,0.9886,1.0114,1.0379,0.9955,1.0210,0.9966,1.0521,1.0007,0.9937,1.0559,0.9945,3687.15,5661.24,4366.38,2874.97,2256.37,1400.75,213.29,2941.08,2311.91,587.40,1.1114,0.5983,0.9784,1.2826,0.8834,0.3252,0.8465,0.2918,0.1625,-0.6834,0.6527,0.7283,0.6923,0.6751,0.7133,0.7259,0.6674,0.6817,0.7007,0.7053,0.0193,0.0139,0.0214,0.0169,0.0176,0.0119,0.0413,0.0007,0.0087,0.0065,1.0000,1.0000,1.0000,1.0000,1.0000,1.0000,1.0000,1.0000,1.0000,1.0000,54.52,205.52,86.82,58.51,67.65,13.21,10.02,267.54,79.17,85.34,0.0000,0.0000,0.0000,0.0000,0.0000,0.0000,0.0000,0.0000,0.0000,0.0000,104304,74663,53998,54750,86225,66964,95775,572442,131417,91336,0,0,0,0,0,0,0,0,0,0,0.0000,0.0000,0.0000,0.0000,0.0000,0.0000,0.0627,0.0343,0.0000,0.0000,0,0,0,0,0,0,0,1,0,0,0,0,0,0,0,0,0,0,0,0,0.1451,0.0900,0.1506,0.0747,0.1141,0.0259,0.0900,0.1214,0.0212,0.1357,0.000,0.000,0.000,0.000,0.000,0.000,0.000,0.168,0.000,0.000,semi-presidential,parliamentary,parliamentary,parliamentary,parliamentary,semi-presidential,semi-presidential,electoral-authoritarian,electoral-authoritarian,parliamentary,0.800,0.800,0.800,0.800,0.800,0.804,0.810,0.500,0.500,0.800,35.0,100.0,94.7,100.0,100.0,100.0,97.8,100.0,100.0,100.0
2032-08-01,0.9889,0.9881,1.0090,1.0133,0.9942,0.9867,0.9879,0.9979,1.0009,0.9790,1.0179,0.9951,1.0597,1.0209,1.0093,1.0286,0.9943,1.0090,1.0203,1.1389,1.0418,0.9983,1.0637,0.9953,3697.93,5670.58,4376.78,2887.79,2275.40,1403.29,213.76,2944.42,2325.88,588.97,1.1082,0.5974,0.9762,1.2769,0.8760,0.3230,0.8377,0.2927,0.1610,-0.6957,0.6573,0.7409,0.6946,0.6891,0.7317,0.7260,0.6620,0.6886,0.7084,0.7079,0.0184,0.0088,0.0259,0.0079,0.0159,0.0071,0.0415,0.0031,0.0068,0.0154,0.9706,0.9704,0.9864,0.9752,0.9748,0.9759,0.9985,1.0000,0.9808,1.0000,57.00,210.23,90.43,62.98,71.66,13.59,10.11,280.72,81.67,88.01,0.0000,0.0000,0.0000,0.0000,0.0000,0.0000,0.0000,0.0000,0.0000,0.0000,104304,74663,53998,54750,86225,66964,95775,572442,131417,91336,0,0,0,0,0,0,0,0,0,0,0.0000,0.0000,0.0000,0.0000,0.0000,0.0000,0.0429,0.0146,0.0000,0.0000,0,0,0,0,0,0,0,1,0,0,0,0,0,0,0,0,0,0,0,0,0.1446,0.0907,0.1512,0.0763,0.1140,0.0264,0.0897,0.1205,0.0208,0.1327,0.000,0.000,0.000,0.000,0.000,0.000,0.000,0.168,0.000,0.000,semi-presidential,parliamentary,parliamentary,parliamentary,parliamentary,semi-presidential,semi-presidential,electoral-authoritarian,electoral-authoritarian,parliamentary,0.800,0.800,0.800,0.800,0.800,0.800,0.800,0.500,0.500,0.800,37.9,100.0,97.2,100.0,100.0,100.0,100.0,100.0,100.0,100.0
2032-09-01,0.9901,0.9892,1.0071,1.0121,0.9944,0.9892,0.9886,1.0019,1.0040,0.9810,1.0181,0.9941,1.0402,1.0401,1.0075,1.0282,0.9991,1.0835,1.0005,1.0794,1.1651,0.9961,1.0181,0.9943,3698.16,5676.86,4382.41,2895.93,2283.97,1411.69,213.63,2947.40,2336.49,589.28,1.1081,0.5968,0.9750,1.2733,0.8729,0.3194,0.8315,0.2936,0.1598,-0.7096,0.6520,0.7313,0.6844,0.6920,0.7326,0.7345,0.6639,0.6946,0.7196,0.6968,0.0154,0.0110,0.0236,0.0121,0.0185,0.0085,0.0404,0.0069,0.0120,0.0122,0.9536,0.9556,0.9786,0.9611,0.9578,0.9647,0.9954,1.0000,0.9709,1.0000,57.93,213.60,93.24,64.25,72.91,14.25,10.25,283.90,82.56,88.83,0.0000,0.0000,0.0000,0.0000,0.0000,0.0000,0.0000,0.0000,0.0000,0.0000,104304,74663,53998,54750,86225,66964,95775,572442,131417,91336,0,0,0,0,0,0,0,0,0,0,0.0000,0.0000,0.0000,0.0000,0.0000,0.0000,0.0232,0.0000,0.0000,0.0000,0,0,0,0,0,0,0,1,0,0,0,0,0,0,0,0,0,0,0,0,0.1359,0.0866,0.1403,0.0714,0.1062,0.0258,0.0900,0.1205,0.0194,0.1343,0.000,0.000,0.000,0.000,0.000,0.000,0.000,0.169,0.000,0.000,semi-presidential,parliamentary,parliamentary,parliamentary,parliamentary,semi-presidential,semi-presidential,electoral-authoritarian,electoral-authoritarian,parliamentary,0.800,0.800,0.800,0.800,0.800,0.800,0.800,0.500,0.500,0.800,40.8,100.0,99.6,100.0,100.0,100.0,100.0,100.0,100.0,100.0
2032-10-01,0.9931,0.9899,1.0056,1.0113,0.9932,0.9925,0.9886,1.0030,1.0072,0.9817,1.0165,0.9927,1.1592,0.9899,1.0064,1.0281,0.9939,1.1074,1.0152,1.0031,1.0655,0.9942,1.0168,0.9927,3694.36,5691.65,4389.08,2895.05,2283.51,1417.28,213.27,2959.06,2350.66,589.43,1.1093,0.5953,0.9735,1.2738,0.8731,0.3165,0.8264,0.2937,0.1583,-0.7236,0.6450,0.7317,0.6801,0.6848,0.7217,0.7309,0.6561,0.6954,0.7178,0.6986,0.0145,0.0130,0.0188,0.0119,0.0151,0.0102,0.0369,0.0024,0.0084,0.0029,1.0000,1.0000,1.0000,1.0000,1.0000,1.0000,1.0000,1.0000,1.0000,1.0000,56.20,212.61,93.37,63.08,70.99,14.47,10.21,275.51,81.92,87.54,0.0000,0.0000,0.0000,0.0000,0.0000,0.0000,0.0000,0.0000,0.0000,0.0000,104304,74663,53998,54750,86225,66964,95775,572442,131417,91336,0,0,0,0,0,0,0,0,0,0,0.0000,0.0000,0.0000,0.0000,0.0000,0.0000,0.0035,0.0000,0.0000,0.0000,0,0,0,0,0,0,0,1,0,0,0,0,0,0,0,0,0,0,0,0,0.1352,0.0860,0.1394,0.0708,0.1054,0.0247,0.0835,0.1190,0.0185,0.1351,0.000,0.000,0.000,0.000,0.000,0.000,0.000,0.171,0.000,0.000,semi-presidential,parliamentary,parliamentary,parliamentary,parliamentary,semi-presidential,semi-presidential,electoral-authoritarian,electoral-authoritarian,parliamentary,0.800,0.800,0.800,0.800,0.800,0.800,0.800,0.500,0.500,0.800,43.7,100.0,100.0,100.0,100.0,100.0,100.0,100.0,100.0,100.0
2032-11-01,0.9964,0.9889,1.0022,1.0109,0.9906,0.9951,0.9863,1.0020,1.0092,0.9825,1.0118,0.9917,1.0486,0.9891,1.0027,1.0290,0.9909,1.0147,0.9864,1.0022,1.0325,0.9861,1.0129,0.9921,3707.94,5691.52,4401.61,2895.89,2291.43,1422.63,213.38,2965.30,2355.67,590.49,1.1053,0.5954,0.9706,1.2735,0.8702,0.3137,0.8198,0.2943,0.1574,-0.7365,0.6481,0.7291,0.6839,0.6843,0.7232,0.7323,0.6569,0.7054,0.6935,0.7025,0.0036,0.0033,0.0104,0.0048,0.0041,0.0027,0.0326,0.0009,0.0025,0.0007,1.0000,1.0000,1.0000,1.0000,1.0000,1.0000,1.0000,1.0000,1.0000,1.0000,59.00,215.83,93.97,64.48,73.44,14.58,10.35,286.59,83.45,89.31,0.0000,0.0000,0.0000,0.0000,0.0000,0.0000,0.0000,0.0000,0.0000,0.0000,104304,74663,53998,54750,86225,66964,95775,572442,131417,91336,0,0,0,0,0,0,0,0,0,0,0.0000,0.0000,0.0000,0.0000,0.0000,0.0000,0.0000,0.0000,0.0000,0.0000,0,0,0,0,0,0,0,1,0,0,0,0,0,0,0,0,0,0,0,0,0.1223,0.0799,0.1253,0.0636,0.0949,0.0278,0.0798,0.1180,0.0167,0.1362,0.000,0.000,0.000,0.000,0.000,0.000,0.000,0.174,0.000,0.000,semi-presidential,parliamentary,parliamentary,parliamentary,parliamentary,semi-presidential,semi-presidential,electoral-authoritarian,electoral-authoritarian,parliamentary,0.800,0.800,0.800,0.800,0.800,0.800,0.800,0.500,0.500,0.800,46.5,100.0,100.0,100.0,100.0,100.0,100.0,100.0,100.0,100.0
2032-12-01,0.9987,0.9868,0.9982,1.0122,0.9879,0.9960,0.9862,1.0015,1.0079,0.9834,1.0074,0.9914,1.1078,0.9872,0.9992,1.0365,0.9880,0.9961,0.9976,1.0016,1.0081,0.9913,1.0075,0.9915,3708.49,5689.54,4412.57,2894.59,2305.28,1429.06,213.81,2970.98,2371.92,593.14,1.1049,0.5956,0.9681,1.2742,0.8681,0.3107,0.8130,0.2950,0.1558,-0.7474,0.6433,0.7243,0.6791,0.6796,0.7280,0.7333,0.6517,0.7103,0.6889,0.7120,0.0078,0.0067,0.0122,0.0108,0.0076,0.0056,0.0346,0.0001,0.0036,0.0007,1.0000,1.0000,1.0000,1.0000,1.0000,1.0000,1.0000,1.0000,1.0000,1.0000,57.36,213.51,91.00,61.42,71.87,14.50,10.28,281.46,83.11,88.55,0.0000,0.0000,0.0000,0.0000,0.0000,0.0000,0.0000,0.0000,0.0000,0.0000,104304,74663,53998,54750,86225,66964,95775,572442,131417,91336,0,0,0,0,0,0,0,0,0,0,0.0000,0.0000,0.0000,0.0000,0.0000,0.0000,0.0000,0.0000,0.0000,0.0000,0,0,0,0,0,0,0,1,0,0,0,0,0,0,0,0,0,0,0,0,0.1427,0.0887,0.1524,0.0728,0.1117,0.0301,0.0879,0.1193,0.0192,0.1371,0.000,0.000,0.000,0.000,0.000,0.000,0.000,0.175,0.000,0.000,semi-presidential,parliamentary,parliamentary,parliamentary,parliamentary,semi-presidential,semi-presidential,electoral-authoritarian,electoral-authoritarian,parliamentary,0.800,0.800,0.800,0.800,0.800,0.800,0.800,0.500,0.500,0.800,49.4,100.0,100.0,100.0,100.0,100.0,100.0,100.0,100.0,100.0
2033-01-01,0.9997,0.9854,0.9920,1.0122,0.9881,0.9967,0.9861,1.0002,1.0058,0.9836,1.0049,0.9928,0.9997,0.9854,0.9922,1.0279,0.9948,1.0105,0.9861,1.0002,1.0062,0.9869,1.0050,0.9933,3721.22,5690.71,4426.06,2921.02,2314.92,1435.90,214.41,2977.30,2385.68,593.48,1.1100,0.5956,0.9652,1.2629,0.8646,0.3075,0.8050,0.2955,0.1543,-0.7612,0.6666,0.7256,0.6883,0.6696,0.7374,0.7335,0.6776,0.7005,0.7047,0.7161,0.0003,0.0003,0.0089,0.0025,0.0019,0.0002,0.0000,0.0000,0.0001,0.0024,1.0000,1.0000,1.0000,1.0000,1.0000,1.0000,1.0000,1.0000,1.0000,1.0000,58.82,214.74,91.77,63.41,73.58,14.57,7.88,287.03,84.29,89.54,0.0000,0.0000,0.0000,0.0000,0.0000,0.0000,0.0000,0.0000,0.0000,0.0000,104304,74663,53998,54750,86225,66964,95775,572442,131417,91336,0,0,0,0,0,0,0,0,0,0,0.0000,0.0000,0.0000,0.0000,0.0000,0.0000,0.0000,0.0000,0.0000,0.0000,0,0,0,0,0,0,0,0,0,0,0,0,0,0,0,0,0,0,0,0,0.1436,0.0895,0.1537,0.0739,0.1126,0.0307,0.0910,0.1208,0.0254,0.1360,0.000,0.000,0.000,0.000,0.000,0.000,0.000,0.169,0.000,0.000,semi-presidential,parliamentary,parliamentary,parliamentary,parliamentary,semi-presidential,semi-presidential,electoral-authoritarian,electoral-authoritarian,parliamentary,0.800,0.800,0.800,0.830,0.800,0.800,0.800,0.500,0.500,0.800,53.5,100.0,100.0,93.7,100.0,100.0,100.0,100.0,100.0,100.0
2033-02-01,0.9992,0.9847,0.9878,1.0102,0.9885,0.9965,0.9873,1.0014,1.0039,0.9858,1.0049,0.9937,1.0000,0.9848,0.9881,1.0248,0.9886,0.9966,1.0512,1.0903,1.0039,0.9938,1.0219,0.9937,3724.88,5707.73,4453.62,2922.60,2326.05,1440.13,214.84,2987.14,2393.99,593.60,1.1090,0.5939,0.9593,1.2623,0.8605,0.3050,0.7980,0.2958,0.1533,-0.7753,0.6666,0.7294,0.7019,0.6896,0.7429,0.7487,0.6927,0.7066,0.7297,0.7192,0.0069,0.0000,0.0168,0.0001,0.0047,0.0000,0.0068,0.0011,0.0003,0.0103,1.0000,1.0000,1.0000,1.0000,1.0000,1.0000,1.0000,1.0000,1.0000,1.0000,58.78,215.65,93.86,65.45,74.67,14.64,7.92,289.05,84.52,89.70,0.0000,0.0000,0.0000,0.0000,0.0000,0.0000,0.0000,0.0000,0.0000,0.0000,104304,74663,53998,54750,86225,66964,95775,572442,131417,91336,0,0,0,0,0,0,0,0,0,0,0.0000,0.0000,0.0000,0.0000,0.0000,0.0000,0.0000,0.0000,0.0000,0.0000,0,0,0,0,0,0,0,0,0,0,0,0,0,0,0,0,0,0,0,0,0.1409,0.0891,0.1514,0.0745,0.1109,0.0308,0.0948,0.1213,0.0250,0.1334,0.000,0.000,0.000,0.000,0.000,0.000,0.000,0.150,0.000,0.000,semi-presidential,parliamentary,parliamentary,parliamentary,parliamentary,semi-presidential,semi-presidential,electoral-authoritarian,electoral-authoritarian,parliamentary,0.800,0.800,0.800,0.820,0.800,0.800,0.800,0.500,0.500,0.800,54.3,100.0,100.0,97.5,100.0,100.0,100.0,100.0,100.0,100.0
2033-03-01,0.9961,0.9826,0.9845,1.0064,0.9873,0.9960,0.9896,1.0028,1.0011,0.9894,1.0070,0.9934,0.9967,0.9831,0.9851,1.0213,0.9874,1.0032,1.0819,1.0318,1.0012,0.9952,1.0823,0.9934,3743.80,5728.41,4455.23,2922.60,2335.78,1448.45,214.81,2993.99,2408.28,594.91,1.1037,0.5918,0.9590,1.2623,0.8571,0.3016,0.7928,0.2963,0.1518,-0.7879,0.6657,0.7327,0.6939,0.6896,0.7458,0.7504,0.6994,0.7140,0.7274,0.7088,0.0067,0.0002,0.0167,0.0001,0.0045,0.0001,0.0066,0.0010,0.0003,0.0098,1.0000,1.0000,1.0000,1.0000,1.0000,1.0000,1.0000,1.0000,1.0000,1.0000,57.02,214.00,93.75,63.45,72.13,14.97,7.90,276.62,82.39,89.84,0.0000,0.0000,0.0000,0.0000,0.0000,0.0000,0.0000,0.0000,0.0000,0.0000,104304,74663,53998,54750,86225,66964,95775,572442,131417,91336,0,0,0,0,0,0,0,0,0,0,0.0000,0.0000,0.0000,0.0000,0.0000,0.0000,0.0000,0.0000,0.0000,0.0000,0,0,0,0,0,0,0,0,0,0,0,0,0,0,0,0,0,0,0,0,0.1442,0.0886,0.1504,0.0742,0.1100,0.0306,0.0919,0.1150,0.0246,0.1328,0.000,0.000,0.000,0.000,0.000,0.000,0.000,0.132,0.000,0.000,semi-presidential,parliamentary,parliamentary,parliamentary,parliamentary,semi-presidential,semi-presidential,electoral-authoritarian,electoral-authoritarian,parliamentary,0.800,0.800,0.800,0.820,0.800,0.800,0.800,0.500,0.500,0.800,57.3,100.0,100.0,97.5,100.0,100.0,100.0,100.0,100.0,100.0
2033-04-01,0.9955,0.9791,0.9808,1.0051,0.9860,0.9986,0.9921,1.0034,0.9994,0.9927,1.0073,0.9927,0.9955,0.9791,0.9817,1.0197,0.9862,1.0556,1.0410,1.0035,1.0105,0.9947,1.0221,0.9927,3761.93,5729.83,4461.39,2939.48,2337.91,1453.14,215.71,3000.74,2426.87,596.03,1.0986,0.5917,0.9577,1.2552,0.8562,0.2989,0.7845,0.2968,0.1502,-0.8006,0.6707,0.7374,0.6945,0.7035,0.7320,0.7482,0.7095,0.7014,0.7197,0.7030,0.0030,0.0012,0.0120,0.0012,0.0023,0.0007,0.0024,0.0007,0.0008,0.0032,1.0000,1.0000,1.0000,1.0000,1.0000,1.0000,1.0000,1.0000,1.0000,1.0000,58.55,215.37,94.75,65.00,73.92,14.98,7.94,285.68,84.31,89.77,0.0000,0.0000,0.0000,0.0000,0.0000,0.0000,0.0000,0.0000,0.0000,0.0000,104304,74663,53998,54750,86225,66964,95775,572442,131417,91336,0,0,0,0,0,0,0,0,0,0,0.0000,0.0000,0.0000,0.0000,0.0000,0.0000,0.0000,0.0000,0.0000,0.0000,0,0,0,0,0,0,0,0,0,0,0,0,0,0,0,0,0,0,0,0,0.1470,0.0892,0.1522,0.0747,0.1117,0.0308,0.0936,0.1196,0.0250,0.1345,0.000,0.000,0.000,0.000,0.000,0.000,0.000,0.110,0.000,0.000,semi-presidential,parliamentary,parliamentary,parliamentary,parliamentary,semi-presidential,semi-presidential,electoral-authoritarian,electoral-authoritarian,parliamentary,0.800,0.800,0.800,0.801,0.800,0.800,0.800,0.500,0.500,0.800,60.3,30.0,100.0,100.0,100.0,100.0,100.0,100.0,100.0,100.0
2033-05-01,0.9948,0.9781,0.9782,1.0054,0.9856,0.9976,0.9933,1.0045,0.9994,0.9930,1.0072,0.9918,0.9988,0.9940,0.9784,1.0301,0.9856,0.9976,1.0382,1.0347,0.9992,0.9932,1.0100,0.9918,3770.60,5753.30,4470.17,2950.43,2341.47,1461.33,216.19,3002.58,2440.18,596.98,1.0964,0.5891,0.9559,1.2506,0.8549,0.2957,0.7779,0.2978,0.1490,-0.8080,0.6728,0.7429,0.6930,0.6974,0.7205,0.7560,0.7152,0.7042,0.7407,0.7074,0.0052,0.0024,0.0134,0.0073,0.0038,0.0020,0.0040,0.0004,0.0016,0.0044,0.9861,0.9849,0.9936,0.9882,0.9893,0.9872,0.9989,1.0000,0.9904,1.0000,58.96,217.81,95.46,65.09,74.76,15.15,7.98,288.53,85.38,89.92,0.0000,0.0000,0.0000,0.0000,0.0000,0.0000,0.0000,0.0000,0.0000,0.0000,104304,74663,53998,54750,86225,66964,95775,572442,131417,91336,0,0,0,0,0,0,0,0,0,0,0.0000,0.0000,0.0000,0.0000,0.0000,0.0000,0.0000,0.0000,0.0000,0.0000,0,0,0,0,0,0,0,0,0,0,0,0,0,0,0,0,0,0,0,0,0.1407,0.0864,0.1453,0.0709,0.1069,0.0298,0.0895,0.1203,0.0239,0.1361,0.000,0.000,0.000,0.000,0.000,0.000,0.000,0.091,0.000,0.000,semi-presidential,parliamentary,parliamentary,parliamentary,parliamentary,semi-presidential,semi-presidential,electoral-authoritarian,electoral-authoritarian,parliamentary,0.800,0.800,0.800,0.800,0.800,0.800,0.800,0.500,0.500,0.800,63.3,33.1,100.0,100.0,100.0,100.0,100.0,100.0,100.0,100.0
2033-06-01,0.9963,0.9804,0.9784,1.0063,0.9830,0.9988,0.9966,1.0036,0.9975,0.9921,1.0076,0.9883,1.1316,1.0765,1.0335,1.0419,0.9834,1.0102,1.0767,1.0037,0.9976,0.9921,1.0178,0.9892,3771.43,5757.33,4461.64,2955.36,2339.74,1466.72,216.22,3011.27,2452.74,598.63,1.0964,0.5887,0.9578,1.2486,0.8556,0.2930,0.7731,0.2982,0.1474,-0.8199,0.6655,0.7099,0.6641,0.7060,0.6826,0.7502,0.7194,0.7063,0.6948,0.7119,0.0294,0.0232,0.0286,0.0311,0.0280,0.0165,0.0086,0.0004,0.0148,0.0050,0.9091,0.9179,0.9579,0.9244,0.9116,0.9365,0.9951,1.0000,0.9453,1.0000,56.79,213.36,91.39,60.26,71.41,15.07,7.84,278.53,84.11,88.05,0.0000,0.0000,0.0000,0.0000,0.0000,0.0000,0.0000,0.0000,0.0000,0.0000,104304,74663,53998,54750,86225,66964,95775,572442,131417,91336,0,0,0,0,0,0,0,0,0,0,0.0000,0.0000,0.0000,0.0000,0.0000,0.0000,0.0000,0.0000,0.0000,0.0000,0,0,0,0,0,0,0,0,0,0,0,0,0,0,0,0,0,0,0,0,0.1047,0.0697,0.1061,0.0500,0.0779,0.0240,0.0805,0.1172,0.0166,0.1363,0.000,0.000,0.000,0.000,0.000,0.000,0.000,0.074,0.000,0.000,semi-presidential,parliamentary,parliamentary,parliamentary,parliamentary,semi-presidential,semi-presidential,electoral-authoritarian,electoral-authoritarian,parliamentary,0.800,0.800,0.800,0.800,0.800,0.800,0.800,0.500,0.500,0.800,66.2,39.1,100.0,92.1,100.0,100.0,100.0,100.0,100.0,100.0
2033-07-01,0.9988,0.9824,0.9827,1.0058,0.9809,0.9960,0.9996,1.0025,0.9960,0.9915,1.0052,0.9855,1.1362,1.0745,1.1805,1.0230,0.9814,0.9968,1.1097,1.0027,0.9961,0.9916,1.0055,0.9857,3767.71,5763.37,4461.52,2958.38,2339.81,1470.14,216.55,3006.88,2455.55,599.42,1.0978,0.5882,0.9578,1.2473,0.8556,0.2908,0.7704,0.2998,0.1472,-0.8331,0.6417,0.6876,0.6354,0.6781,0.6595,0.7408,0.7144,0.7195,0.6922,0.7039,0.0387,0.0264,0.0374,0.0312,0.0372,0.0161,0.0082,0.0005,0.0201,0.0081,0.9138,0.9218,0.9601,0.9282,0.9165,0.9394,0.9953,1.0000,0.9479,1.0000,56.61,213.18,94.32,64.39,72.56,14.90,7.93,277.77,83.84,88.86,0.0000,0.0000,0.0000,0.0000,0.0000,0.0000,0.0000,0.0000,0.0000,0.0000,104304,74663,53998,54750,86225,66964,95775,572442,131417,91336,0,0,0,0,0,0,0,0,0,0,0.0000,0.0000,0.0000,0.0000,0.0000,0.0000,0.0000,0.0000,0.0000,0.0000,0,0,0,0,0,0,0,0,0,0,0,0,0,0,0,0,0,0,0,0,0.1134,0.0726,0.1161,0.0561,0.0843,0.0231,0.0797,0.1151,0.0160,0.1339,0.000,0.000,0.000,0.000,0.000,0.000,0.000,0.053,0.000,0.000,semi-presidential,parliamentary,parliamentary,parliamentary,parliamentary,semi-presidential,semi-presidential,electoral-authoritarian,electoral-authoritarian,parliamentary,0.800,0.800,0.800,0.800,0.800,0.800,0.800,0.500,0.500,0.800,69.1,41.9,100.0,95.9,100.0,100.0,100.0,100.0,30.0,100.0
2033-08-01,1.0003,0.9839,0.9862,1.0045,0.9787,0.9923,1.0019,1.0019,0.9969,0.9898,1.0011,0.9845,1.0064,1.0212,1.0846,1.0236,0.9788,0.9925,1.0789,1.0019,1.0427,0.9901,1.0024,0.9848,3761.92,5760.63,4453.62,2961.60,2343.33,1473.95,216.36,3011.92,2470.98,598.90,1.0998,0.5886,0.9596,1.2461,0.8544,0.2886,0.7688,0.3005,0.1455,-0.8480,0.6226,0.6938,0.6059,0.6646,0.6550,0.7300,0.7072,0.6937,0.6881,0.7055,0.0141,0.0082,0.0217,0.0133,0.0141,0.0041,0.0048,0.0021,0.0088,0.0067,0.9660,0.9668,0.9843,0.9715,0.9697,0.9733,0.9979,1.0000,0.9784,1.0000,58.95,216.93,94.69,65.92,74.90,15.03,7.93,289.91,86.25,90.58,0.0000,0.0000,0.0000,0.0000,0.0000,0.0000,0.0000,0.0000,0.0000,0.0000,104304,74663,53998,54750,86225,66964,95775,572442,131417,91336,0,0,0,0,0,0,0,0,0,0,0.0000,0.0000,0.0000,0.0000,0.0000,0.0000,0.0000,0.0000,0.0000,0.0000,0,0,0,0,0,0,0,0,0,0,0,0,0,0,0,0,0,0,0,0,0.1409,0.0836,0.1466,0.0693,0.1061,0.0252,0.0850,0.1172,0.0197,0.1357,0.000,0.000,0.000,0.000,0.000,0.000,0.000,0.037,0.000,0.000,semi-presidential,parliamentary,parliamentary,parliamentary,parliamentary,semi-presidential,semi-presidential,electoral-authoritarian,electoral-authoritarian,parliamentary,0.800,0.800,0.800,0.800,0.800,0.800,0.800,0.500,0.500,0.800,71.8,44.7,100.0,99.6,100.0,100.0,100.0,100.0,33.1,100.0
2033-09-01,1.0002,0.9857,0.9885,1.0026,0.9766,0.9899,1.0022,1.0037,0.9995,0.9876,0.9955,0.9865,1.0330,1.0659,1.1211,1.0208,0.9766,0.9901,1.0022,1.0753,1.0472,0.9877,0.9959,0.9866,3778.10,5768.11,4457.73,2962.92,2352.19,1479.40,216.40,3015.80,2485.32,598.49,1.0957,0.5880,0.9588,1.2457,0.8512,0.2861,0.7626,0.3016,0.1439,-0.8729,0.6230,0.7002,0.6245,0.6690,0.6736,0.7309,0.7076,0.7260,0.6853,0.7158,0.0253,0.0160,0.0300,0.0200,0.0250,0.0093,0.0070,0.0023,0.0144,0.0087,0.9248,0.9312,0.9652,0.9374,0.9278,0.9464,0.9959,1.0000,0.9544,1.0000,59.17,217.63,95.68,66.13,75.06,15.23,8.00,289.59,86.84,90.54,0.0000,0.0000,0.0000,0.0000,0.0000,0.0000,0.0000,0.0000,0.0000,0.0000,104304,74663,53998,54750,86225,66964,95775,572442,131417,91336,0,0,0,0,0,0,0,0,0,0,0.0000,0.0000,0.0000,0.0000,0.0000,0.0000,0.0000,0.0000,0.0000,0.0000,0,0,0,0,0,0,0,0,0,0,0,0,0,0,0,0,0,0,0,0,0.1420,0.0854,0.1485,0.0711,0.1073,0.0265,0.0892,0.1175,0.0207,0.1331,0.000,0.000,0.000,0.000,0.000,0.000,0.000,0.016,0.000,0.000,semi-presidential,parliamentary,parliamentary,parliamentary,parliamentary,semi-presidential,semi-presidential,electoral-authoritarian,electoral-authoritarian,parliamentary,0.832,0.800,0.800,0.800,0.800,0.800,0.800,0.500,0.500,0.800,61.7,47.5,100.0,100.0,100.0,100.0,100.0,90.9,36.1,100.0
2033-10-01,1.0013,0.9886,0.9903,0.9979,0.9775,0.9889,1.0011,1.0047,0.9990,0.9873,0.9896,0.9867,1.0191,1.0902,1.0295,0.9981,0.9941,0.9890,1.0013,1.0075,0.9992,0.9890,0.9903,0.9869,3795.91,5775.51,4467.57,2974.13,2355.49,1486.40,216.97,3016.87,2492.90,598.96,1.0909,0.5874,0.9568,1.2408,0.8500,0.2833,0.7566,0.3027,0.1428,-0.8822,0.6347,0.6992,0.6462,0.6679,0.6756,0.7271,0.7128,0.7055,0.6860,0.7089,0.0174,0.0144,0.0112,0.0178,0.0211,0.0102,0.0014,0.0000,0.0101,0.0068,0.9052,0.9146,0.9562,0.9211,0.9076,0.9340,0.9950,1.0000,0.9429,1.0000,59.46,218.01,94.47,66.41,75.69,15.46,8.00,292.13,88.07,91.15,0.0000,0.0000,0.0000,0.0000,0.0000,0.0000,0.0000,0.0000,0.0000,0.0000,104304,74663,53998,54750,86225,66964,95775,572442,131417,91336,0,0,0,0,0,0,0,0,0,0,0.0000,0.0000,0.0000,0.0000,0.0000,0.0000,0.0000,0.0000,0.0000,0.0000,0,0,0,0,0,0,0,0,0,0,0,0,0,0,0,0,0,0,0,0,0.1420,0.0857,0.1488,0.0713,0.1074,0.0270,0.0900,0.1178,0.0208,0.1330,0.000,0.000,0.000,0.000,0.000,0.000,0.000,0.010,0.000,0.000,semi-presidential,parliamentary,parliamentary,parliamentary,parliamentary,semi-presidential,semi-presidential,electoral-authoritarian,electoral-authoritarian,parliamentary,0.822,0.800,0.800,0.800,0.800,0.800,0.800,0.500,0.500,0.800,64.5,50.4,100.0,100.0,100.0,100.0,100.0,93.7,39.1,100.0
2033-11-01,1.0012,0.9911,0.9913,0.9962,0.9780,0.9877,1.0010,1.0040,0.9995,0.9889,0.9853,0.9852,1.0011,1.0743,1.0561,1.0201,0.9781,0.9879,1.0742,1.0040,1.0868,0.9954,0.9860,0.9855,3802.30,5777.61,4477.78,2975.14,2358.49,1496.48,217.60,3023.26,2507.93,599.01,1.0894,0.5873,0.9547,1.2404,0.8489,0.2785,0.7505,0.3032,0.1412,-0.8964,0.6426,0.6936,0.6585,0.6642,0.6814,0.7244,0.7186,0.7002,0.6903,0.7116,0.0174,0.0120,0.0241,0.0176,0.0187,0.0077,0.0064,0.0037,0.0122,0.0068,0.9226,0.9293,0.9643,0.9356,0.9256,0.9451,0.9959,1.0000,0.9532,1.0000,59.61,218.24,94.72,64.76,74.76,15.51,7.90,292.20,88.23,90.82,0.0000,0.0000,0.0000,0.0000,0.0000,0.0000,0.0000,0.0000,0.0000,0.0000,104304,74663,53998,54750,86225,66964,95775,572442,131417,91336,0,0,0,0,0,0,0,0,0,0,0.0000,0.0000,0.0000,0.0000,0.0000,0.0000,0.0000,0.0000,0.0000,0.0000,0,0,0,0,0,0,0,0,0,0,0,0,0,0,0,0,0,0,0,0,0.1306,0.0800,0.1346,0.0637,0.0979,0.0253,0.0846,0.1178,0.0190,0.1368,0.000,0.000,0.000,0.000,0.000,0.000,0.000,0.009,0.000,0.000,semi-presidential,parliamentary,parliamentary,parliamentary,parliamentary,semi-presidential,semi-presidential,electoral-authoritarian,electoral-authoritarian,parliamentary,0.812,0.800,0.800,0.800,0.800,0.800,0.800,0.500,0.500,0.800,67.3,53.2,100.0,100.0,100.0,100.0,100.0,96.5,42.2,100.0
2033-12-01,1.0013,0.9929,0.9951,0.9964,0.9784,0.9874,1.0021,1.0036,1.0012,0.9897,0.9828,0.9844,1.0013,1.0391,1.1486,1.0166,0.9832,0.9874,1.0022,1.0037,1.0162,0.9897,0.9828,0.9847,3805.82,5769.72,4486.63,2972.09,2360.67,1504.52,218.85,3023.37,2518.56,599.61,1.0887,0.5882,0.9528,1.2417,0.8482,0.2757,0.7425,0.3043,0.1398,-0.9098,0.6469,0.6980,0.6442,0.6519,0.6820,0.7344,0.7220,0.6965,0.6805,0.7073,0.0162,0.0105,0.0233,0.0183,0.0172,0.0045,0.0011,0.0006,0.0102,0.0044,0.9577,0.9596,0.9805,0.9646,0.9613,0.9679,0.9976,1.0000,0.9736,1.0000,59.69,218.07,94.92,64.93,74.61,15.58,8.00,290.59,87.87,91.04,0.0000,0.0000,0.0000,0.0000,0.0000,0.0000,0.0000,0.0000,0.0000,0.0000,104304,74663,53998,54750,86225,66964,95775,572442,131417,91336,0,0,0,0,0,0,0,0,0,0,0.0000,0.0000,0.0000,0.0000,0.0000,0.0000,0.0000,0.0000,0.0000,0.0000,0,0,0,0,0,0,0,0,0,0,0,0,0,0,0,0,0,0,0,0,0.1414,0.0841,0.1468,0.0690,0.1062,0.0258,0.0886,0.1180,0.0197,0.1367,0.000,0.000,0.000,0.000,0.000,0.000,0.000,0.009,0.000,0.000,semi-presidential,parliamentary,parliamentary,parliamentary,parliamentary,semi-presidential,semi-presidential,electoral-authoritarian,electoral-authoritarian,parliamentary,0.803,0.800,0.800,0.800,0.800,0.800,0.800,0.500,0.500,0.800,70.1,56.1,100.0,100.0,100.0,100.0,100.0,99.3,45.2,100.0
2034-01-01,1.0020,0.9958,0.9980,0.9985,0.9788,0.9892,1.0011,1.0023,1.0016,0.9917,0.9828,0.9849,1.0553,1.1152,1.1314,1.0344,0.9788,1.0237,1.0124,1.0028,1.0018,1.0015,0.9878,0.9849,3818.16,5768.62,4500.25,2979.58,2370.75,1511.45,218.67,3027.83,2532.99,600.73,1.0855,0.5884,0.9498,1.2387,0.8446,0.2731,0.7396,0.3050,0.1383,-0.9224,0.6476,0.6976,0.6536,0.6321,0.6888,0.7325,0.7197,0.7028,0.6841,0.7082,0.0293,0.0228,0.0303,0.0346,0.0285,0.0142,0.0037,0.0001,0.0168,0.0027,0.8899,0.9008,0.9491,0.9078,0.8922,0.9230,0.9943,1.0000,0.9319,1.0000,59.48,216.59,91.49,61.52,73.71,15.59,7.87,290.22,88.62,90.48,0.0000,0.0000,0.0000,0.0000,0.0000,0.0000,0.0000,0.0000,0.0000,0.0000,104304,74663,53998,54750,86225,66964,95775,572442,131417,91336,0,0,0,0,0,0,0,0,0,0,0.0000,0.0000,0.0000,0.0000,0.0000,0.0000,0.0000,0.0000,0.0000,0.0000,0,0,0,0,0,0,0,0,0,0,0,0,0,0,0,0,0,0,0,0,0.1397,0.0834,0.1444,0.0661,0.1049,0.0260,0.0866,0.1190,0.0198,0.1383,0.000,0.000,0.000,0.000,0.000,0.000,0.000,0.009,0.000,0.000,semi-presidential,parliamentary,parliamentary,parliamentary,parliamentary,semi-presidential,semi-presidential,electoral-authoritarian,electoral-authoritarian,parliamentary,0.800,0.800,0.800,0.800,0.800,0.800,0.800,0.500,0.500,0.800,73.0,58.9,100.0,100.0,100.0,100.0,100.0,100.0,48.2,100.0
2034-02-01,1.0005,1.0002,1.0016,0.9993,0.9790,0.9903,1.0009,1.0023,1.0007,0.9925,0.9821,0.9853,1.0012,1.1485,1.1323,1.0368,0.9791,1.0274,1.0010,1.0741,1.0177,0.9976,0.9821,0.9853,3822.77,5788.35,4500.21,2984.03,2382.55,1517.39,219.14,3047.50,2548.77,601.20,1.0842,0.5866,0.9497,1.2370,0.8405,0.2707,0.7345,0.3042,0.1367,-0.9360,0.6422,0.7033,0.6638,0.6297,0.6916,0.7342,0.7199,0.6933,0.6921,0.7151,0.0318,0.0226,0.0345,0.0351,0.0305,0.0139,0.0056,0.0011,0.0182,0.0077,0.8648,0.8779,0.9373,0.8855,0.8667,0.9044,0.9928,1.0000,0.9122,1.0000,58.97,215.83,91.21,60.78,72.90,15.62,7.84,287.45,88.41,90.92,0.0000,0.0000,0.0000,0.0000,0.0000,0.0000,0.0000,0.0000,0.0000,0.0000,104304,74663,53998,54750,86225,66964,95775,572442,131417,91336,0,0,0,0,0,0,0,0,0,0,0.0000,0.0000,0.0000,0.0000,0.0000,0.0000,0.0000,0.0000,0.0000,0.0000,0,0,0,0,0,0,0,0,0,0,0,0,0,0,0,0,0,0,0,0,0.1414,0.0839,0.1464,0.0672,0.1063,0.0317,0.0875,0.1225,0.0202,0.1385,0.000,0.000,0.000,0.000,0.000,0.000,0.000,0.008,0.000,0.000,semi-presidential,parliamentary,parliamentary,parliamentary,parliamentary,semi-presidential,semi-presidential,electoral-authoritarian,electoral-authoritarian,parliamentary,0.800,0.800,0.800,0.800,0.800,0.800,0.800,0.500,0.500,0.800,75.8,61.8,100.0,100.0,100.0,100.0,100.0,100.0,51.3,100.0
2034-03-01,0.9977,1.0039,1.0028,1.0001,0.9781,0.9917,1.0005,1.0028,0.9994,0.9934,0.9796,0.9867,0.9979,1.1321,1.0847,1.0335,0.9781,1.0696,1.0061,1.0597,0.9996,0.9976,0.9797,0.9870,3829.53,5773.08,4501.61,2986.81,2392.40,1523.52,219.39,3054.49,2554.67,602.96,1.0820,0.5882,0.9494,1.2360,0.8371,0.2683,0.7304,0.3046,0.1357,-0.9476,0.6421,0.7043,0.6692,0.6273,0.6967,0.7380,0.7272,0.6896,0.6992,0.7229,0.0264,0.0193,0.0295,0.0291,0.0246,0.0125,0.0041,0.0004,0.0138,0.0062,0.8819,0.8938,0.9456,0.9012,0.8840,0.9178,0.9941,1.0000,0.9272,1.0000,59.32,216.91,92.25,61.95,73.94,15.65,7.87,290.58,89.15,91.32,0.0000,0.0000,0.0000,0.0000,0.0000,0.0000,0.0000,0.0000,0.0000,0.0000,104304,74663,53998,54750,86225,66964,95775,572442,131417,91336,0,0,0,0,0,0,0,0,0,0,0.0000,0.0000,0.0000,0.0000,0.0000,0.0000,0.0000,0.0000,0.0000,0.0000,0,0,0,0,0,0,0,0,0,0,0,0,0,0,0,0,0,0,0,0,0.1426,0.0853,0.1482,0.0685,0.1076,0.0323,0.0889,0.1240,0.0212,0.1385,0.000,0.000,0.000,0.000,0.000,0.000,0.000,0.008,0.000,0.000,semi-presidential,parliamentary,parliamentary,parliamentary,parliamentary,semi-presidential,semi-presidential,electoral-authoritarian,electoral-authoritarian,parliamentary,0.800,0.800,0.800,0.800,0.800,0.800,0.800,0.500,0.500,0.800,78.7,64.7,100.0,100.0,100.0,100.0,100.0,100.0,54.4,100.0
2034-04-01,0.9954,1.0069,1.0039,0.9994,0.9807,0.9933,0.9998,1.0046,0.9975,0.9932,0.9786,0.9880,0.9956,1.0602,1.0525,1.0161,1.0034,1.0814,1.0135,1.0681,0.9979,0.9932,0.9917,0.9885,3844.13,5789.30,4501.06,2984.24,2396.29,1529.43,220.23,3062.91,2564.65,603.68,1.0776,0.5867,0.9496,1.2372,0.8358,0.2659,0.7244,0.3049,0.1344,-0.9608,0.6461,0.7104,0.6683,0.6265,0.6860,0.7449,0.7328,0.7062,0.6932,0.7183,0.0156,0.0098,0.0250,0.0148,0.0188,0.0062,0.0043,0.0005,0.0066,0.0155,0.9518,0.9543,0.9779,0.9598,0.9556,0.9640,0.9974,1.0000,0.9701,1.0000,59.55,218.09,95.87,65.99,75.03,15.75,7.98,291.24,89.41,92.05,0.0000,0.0000,0.0000,0.0000,0.0000,0.0000,0.0000,0.0000,0.0000,0.0000,104304,74663,53998,54750,86225,66964,95775,572442,131417,91336,0,0,0,0,0,0,0,0,0,0,0.0000,0.0000,0.0000,0.0000,0.0000,0.0000,0.0000,0.0000,0.0000,0.0000,0,0,0,0,0,0,0,0,0,0,0,0,0,0,0,0,0,0,0,0,0.1438,0.0904,0.1497,0.0721,0.1086,0.0332,0.0910,0.1238,0.0221,0.1360,0.000,0.000,0.000,0.000,0.000,0.000,0.000,0.007,0.000,0.000,semi-presidential,parliamentary,parliamentary,parliamentary,parliamentary,semi-presidential,semi-presidential,electoral-authoritarian,electoral-authoritarian,parliamentary,0.800,0.800,0.800,0.800,0.800,0.800,0.800,0.500,0.500,0.800,81.5,67.6,100.0,100.0,100.0,100.0,100.0,100.0,57.5,100.0
2034-05-01,0.9929,1.0082,1.0053,0.9988,0.9844,0.9950,1.0021,1.0050,0.9961,0.9928,0.9796,0.9904,0.9932,1.0454,1.0986,1.0151,1.0129,1.0539,1.0958,1.0049,0.9964,0.9930,1.0312,0.9908,3843.65,5786.08,4514.26,2997.62,2408.17,1536.48,220.67,3068.15,2578.97,603.87,1.0775,0.5872,0.9469,1.2319,0.8318,0.2634,0.7198,0.3055,0.1330,-0.9748,0.6489,0.7162,0.6810,0.6479,0.6980,0.7434,0.7306,0.7133,0.7214,0.7119,0.0164,0.0087,0.0271,0.0163,0.0207,0.0044,0.0048,0.0007,0.0071,0.0191,0.9669,0.9675,0.9849,0.9722,0.9708,0.9739,0.9981,1.0000,0.9789,1.0000,59.19,217.60,94.36,63.98,74.31,15.87,7.89,289.81,89.04,91.77,0.0000,0.0000,0.0000,0.0000,0.0000,0.0000,0.0000,0.0000,0.0000,0.0000,104304,74663,53998,54750,86225,66964,95775,572442,131417,91336,0,0,0,0,0,0,0,0,0,0,0.0000,0.0000,0.0000,0.0000,0.0000,0.0000,0.0000,0.0000,0.0000,0.0000,0,0,0,0,0,0,0,0,0,0,0,0,0,0,0,0,0,0,0,0,0.1452,0.0918,0.1514,0.0724,0.1102,0.0344,0.0927,0.1246,0.0233,0.1355,0.000,0.000,0.000,0.000,0.000,0.000,0.000,0.007,0.000,0.000,semi-presidential,parliamentary,parliamentary,parliamentary,parliamentary,semi-presidential,semi-presidential,electoral-authoritarian,electoral-authoritarian,parliamentary,0.800,0.800,0.800,0.800,0.800,0.800,0.800,0.500,0.500,0.800,84.4,70.5,100.0,100.0,100.0,100.0,100.0,100.0,60.7,100.0
2034-06-01,0.9924,1.0070,1.0067,0.9959,0.9888,0.9974,1.0036,1.0067,0.9961,0.9923,0.9800,0.9930,0.9924,1.0074,1.0185,0.9969,1.0227,1.0726,1.0076,1.0899,1.0392,0.9924,1.0158,0.9930,3844.76,5795.85,4533.24,3009.50,2418.79,1542.26,221.73,3078.43,2589.65,605.09,1.0771,0.5863,0.9430,1.2271,0.8283,0.2641,0.7134,0.3056,0.1317,-0.9871,0.6569,0.7398,0.6870,0.6609,0.7229,0.7447,0.7350,0.7012,0.7166,0.7135,0.0076,0.0020,0.0128,0.0089,0.0146,0.0010,0.0071,0.0024,0.0025,0.0225,1.0000,1.0000,1.0000,1.0000,1.0000,1.0000,1.0000,1.0000,1.0000,1.0000,59.99,219.69,95.82,67.24,76.66,16.05,8.09,296.54,90.60,92.38,0.0000,0.0000,0.0000,0.0000,0.0000,0.0000,0.0000,0.0000,0.0000,0.0000,104304,74663,53998,54750,86225,66964,95775,572442,131417,91336,0,0,0,0,0,0,0,0,0,0,0.0000,0.0000,0.0000,0.0000,0.0000,0.0000,0.0000,0.0000,0.0000,0.0000,0,0,0,0,0,0,0,0,0,0,0,0,0,0,0,0,0,0,0,0,0.1465,0.0940,0.1540,0.0759,0.1122,0.0363,0.0950,0.1272,0.0249,0.1336,0.000,0.000,0.000,0.000,0.000,0.000,0.000,0.007,0.000,0.000,semi-presidential,parliamentary,parliamentary,parliamentary,parliamentary,semi-presidential,semi-presidential,electoral-authoritarian,electoral-authoritarian,parliamentary,0.800,0.800,0.800,0.800,0.800,0.800,0.800,0.500,0.500,0.800,87.3,73.6,100.0,100.0,91.2,100.0,100.0,100.0,63.9,100.0
2034-07-01,0.9927,1.0049,1.0084,0.9929,0.9927,0.9983,1.0043,1.0072,0.9987,0.9924,0.9814,0.9927,1.0546,1.0051,1.0862,1.0086,1.0130,0.9986,1.0378,1.0073,1.0269,0.9938,1.0261,0.9928,3863.74,5797.87,4550.25,3021.03,2426.89,1551.97,222.12,3088.95,2601.49,604.46,1.0719,0.5862,0.9395,1.2225,0.8256,0.2612,0.7092,0.3057,0.1304,-1.0025,0.6608,0.7445,0.6925,0.6693,0.7265,0.7366,0.7436,0.7140,0.7106,0.7042,0.0122,0.0066,0.0220,0.0127,0.0170,0.0034,0.0053,0.0014,0.0062,0.0130,1.0000,1.0000,1.0000,1.0000,1.0000,1.0000,1.0000,1.0000,1.0000,1.0000,60.02,219.70,97.95,67.18,76.49,16.39,8.10,294.36,90.12,91.80,0.0000,0.0000,0.0000,0.0000,0.0000,0.0000,0.0000,0.0000,0.0000,0.0000,104304,74663,53998,54750,86225,66964,95775,572442,131417,91336,0,0,0,0,0,0,0,0,0,0,0.0000,0.0000,0.0000,0.0000,0.0000,0.0000,0.0000,0.0000,0.0000,0.0000,0,0,0,0,0,0,0,0,0,0,0,0,0,0,0,0,0,0,0,0,0.1443,0.0929,0.1504,0.0744,0.1099,0.0363,0.0946,0.1270,0.0244,0.1342,0.000,0.000,0.000,0.000,0.000,0.000,0.000,0.006,0.000,0.000,semi-presidential,parliamentary,parliamentary,parliamentary,parliamentary,semi-presidential,semi-presidential,electoral-authoritarian,electoral-authoritarian,parliamentary,0.800,0.800,0.800,0.800,0.800,0.800,0.800,0.500,0.500,0.800,90.2,76.7,100.0,100.0,94.3,100.0,100.0,100.0,67.1,100.0
2034-08-01,0.9944,1.0028,1.0094,0.9915,0.9944,0.9962,1.0070,1.0061,0.9983,0.9918,0.9837,0.9916,1.0890,1.0030,1.0992,1.0122,1.0032,0.9964,1.0905,1.0061,0.9997,0.9922,1.0479,0.9919,3875.85,5814.22,4557.91,3032.56,2429.65,1557.53,222.93,3098.89,2628.14,605.30,1.0686,0.5847,0.9380,1.2179,0.8247,0.2590,0.7039,0.3059,0.1276,-1.0154,0.6622,0.7510,0.6973,0.6827,0.7267,0.7531,0.7393,0.7240,0.6998,0.6969,0.0176,0.0091,0.0252,0.0159,0.0182,0.0053,0.0073,0.0007,0.0070,0.0110,1.0000,1.0000,1.0000,1.0000,1.0000,1.0000,1.0000,1.0000,1.0000,1.0000,59.62,219.15,96.65,65.73,75.68,16.34,8.11,292.97,90.27,91.19,0.0000,0.0000,0.0000,0.0000,0.0000,0.0000,0.0000,0.0000,0.0000,0.0000,104304,74663,53998,54750,86225,66964,95775,572442,131417,91336,0,0,0,0,0,0,0,0,0,0,0.0000,0.0000,0.0000,0.0000,0.0000,0.0000,0.0000,0.0000,0.0000,0.0000,0,0,0,0,0,0,0,0,0,0,0,0,0,0,0,0,0,0,0,0,0.1352,0.0878,0.1395,0.0682,0.1025,0.0379,0.0925,0.1275,0.0228,0.1376,0.000,0.000,0.000,0.000,0.000,0.000,0.000,0.006,0.000,0.000,semi-presidential,parliamentary,parliamentary,parliamentary,parliamentary,semi-presidential,semi-presidential,electoral-authoritarian,electoral-authoritarian,parliamentary,0.800,0.800,0.800,0.800,0.800,0.800,0.800,0.500,0.500,0.800,93.1,79.9,30.0,100.0,97.5,100.0,100.0,100.0,73.4,100.0
2034-09-01,0.9981,0.9998,1.0106,0.9897,0.9954,0.9960,1.0100,1.0061,0.9985,0.9930,0.9862,0.9899,1.2372,1.0266,1.0477,1.0071,1.0261,1.0554,1.0921,1.0077,1.0574,1.0260,1.0870,0.9901,3860.84,5807.92,4568.01,3036.18,2430.20,1571.40,221.22,3112.23,2638.78,604.99,1.0727,0.5854,0.9362,1.2164,0.8246,0.2554,0.7052,0.3063,0.1263,-1.0302,0.6451,0.7330,0.6832,0.6758,0.6976,0.7597,0.6464,0.7291,0.6970,0.6974,0.0274,0.0199,0.0335,0.0257,0.0332,0.0088,0.0961,0.0040,0.0175,0.0207,0.9810,0.9803,0.9903,0.9801,0.9817,1.0000,0.9757,1.0000,0.9743,1.0000,56.47,212.66,95.44,63.88,72.62,16.22,6.07,279.08,87.82,89.33,0.0000,0.0000,0.0000,0.0000,0.0000,0.0000,0.4575,0.0410,0.0000,0.0000,104304,74663,53998,54750,86225,66964,95775,572442,131417,91336,0,0,0,0,0,0,0,0,0,0,0.0000,0.0000,0.0000,0.0000,0.0000,0.0000,0.0145,0.0046,0.0000,0.0000,0,0,0,0,0,0,0,1,0,0,0,0,0,0,0,0,1,1,0,0,0.1250,0.0808,0.1249,0.0616,0.0911,0.0349,0.0809,0.1187,0.0196,0.1330,0.000,0.000,0.000,0.000,0.000,0.000,0.000,0.130,0.000,0.000,semi-presidential,parliamentary,parliamentary,parliamentary,parliamentary,semi-presidential,semi-presidential,electoral-authoritarian,electoral-authoritarian,parliamentary,0.800,0.800,0.800,0.800,0.800,0.800,0.800,0.500,0.500,0.800,96.0,82.9,33.0,100.0,100.0,100.0,100.0,100.0,76.5,100.0
2034-10-01,1.0027,0.9974,1.0073,0.9884,0.9996,0.9985,1.0130,1.0052,0.9996,0.9955,0.9911,0.9883,1.1247,1.0245,1.0442,1.0053,1.0571,1.0677,1.0839,1.0070,1.0495,1.0235,1.1560,0.9883,3871.58,5803.50,4569.10,3046.16,2430.50,1581.34,220.38,3115.73,2647.25,605.35,1.0698,0.5860,0.9363,1.2124,0.8275,0.2527,0.7053,0.3070,0.1252,-1.0440,0.6404,0.7201,0.6577,0.6528,0.7037,0.7744,0.5800,0.7188,0.6777,0.6949,0.0208,0.0126,0.0341,0.0241,0.0319,0.0024,0.0821,0.0038,0.0133,0.0337,0.9809,0.9802,0.9903,0.9799,0.9816,1.0000,0.9754,1.0000,0.9741,1.0000,58.93,215.65,96.26,65.56,74.72,16.37,6.09,289.44,89.35,90.97,0.0000,0.0000,0.0000,0.0000,0.0000,0.0000,0.4580,0.0411,0.0000,0.0000,104304,74663,53998,54750,86225,66964,95775,572442,131417,91336,0,0,0,0,0,0,0,0,0,0,0.0000,0.0000,0.0000,0.0000,0.0000,0.0000,0.0237,0.0138,0.0000,0.0000,0,0,0,0,0,0,0,1,0,0,0,0,0,0,0,0,1,1,0,0,0.1402,0.0870,0.1409,0.0685,0.1025,0.0368,0.0830,0.1189,0.0211,0.1335,0.000,0.000,0.000,0.000,0.000,0.000,0.000,0.132,0.000,0.000,semi-presidential,parliamentary,parliamentary,parliamentary,parliamentary,semi-presidential,semi-presidential,electoral-authoritarian,electoral-authoritarian,parliamentary,0.800,0.800,0.800,0.800,0.800,0.800,0.800,0.500,0.500,0.800,98.8,85.9,35.8,100.0,100.0,100.0,100.0,100.0,79.5,100.0
2034-11-01,1.0062,0.9978,1.0051,0.9864,1.0061,0.9997,1.0150,1.0031,0.9998,0.9975,0.9943,0.9898,1.0978,1.0254,1.0426,1.0037,1.0576,1.0490,1.0952,1.0047,1.0114,1.0216,1.0809,0.9897,3891.11,5806.43,4585.36,3060.84,2441.93,1591.89,219.87,3123.53,2656.76,606.17,1.0645,0.5858,0.9334,1.2065,0.8235,0.2499,0.7044,0.3106,0.1240,-1.0569,0.6465,0.7168,0.6678,0.6491,0.6915,0.7766,0.5575,0.6994,0.6945,0.6814,0.0165,0.0105,0.0290,0.0209,0.0261,0.0008,0.0629,0.0020,0.0110,0.0273,0.9805,0.9798,0.9900,0.9794,0.9810,1.0000,0.9748,1.0000,0.9734,1.0000,59.44,215.53,95.79,65.83,75.00,16.31,6.08,291.64,90.04,91.17,0.0000,0.0000,0.0000,0.0000,0.0000,0.0000,0.4583,0.0414,0.0000,0.0000,104304,74663,53998,54750,86225,66964,95775,572442,131417,91336,0,0,0,0,0,0,0,0,0,0,0.0000,0.0000,0.0000,0.0000,0.0000,0.0000,0.0329,0.0253,0.0000,0.0000,0,0,0,0,0,0,0,1,0,0,0,0,0,0,0,0,1,1,0,0,0.1490,0.0953,0.1510,0.0732,0.1097,0.0387,0.0854,0.1209,0.0228,0.1329,0.000,0.000,0.000,0.000,0.000,0.000,0.000,0.131,0.000,0.000,semi-presidential,parliamentary,parliamentary,parliamentary,parliamentary,semi-presidential,semi-presidential,electoral-authoritarian,electoral-authoritarian,parliamentary,0.800,0.800,0.800,0.800,0.800,0.800,0.800,0.500,0.500,0.800,100.0,88.8,38.7,100.0,100.0,100.0,100.0,100.0,82.6,100.0
2034-12-01,1.0082,0.9964,1.0000,0.9867,1.0095,1.0007,1.0158,1.0030,0.9989,0.9997,0.9945,0.9903,1.0842,1.0236,1.0377,1.0167,1.0395,1.0499,1.0177,1.0170,1.0102,1.0274,0.9961,0.9904,3901.42,5807.65,4595.90,3068.88,2448.25,1600.23,219.66,3122.65,2664.27,607.33,1.0617,0.5858,0.9316,1.2029,0.8215,0.2475,0.7019,0.3117,0.1230,-1.0692,0.6578,0.7264,0.6690,0.6521,0.7019,0.7776,0.5603,0.6863,0.7052,0.6786,0.0110,0.0095,0.0208,0.0228,0.0171,0.0000,0.0587,0.0012,0.0102,0.0118,0.9808,0.9801,0.9902,0.9797,0.9814,1.0000,0.9750,1.0000,0.9739,1.0000,59.19,215.01,93.06,62.28,73.75,16.49,6.05,289.72,89.83,91.07,0.0000,0.0000,0.0000,0.0000,0.0000,0.0000,0.4586,0.0409,0.0000,0.0000,104304,74663,53998,54750,86225,66964,95775,572442,131417,91336,0,0,0,0,0,0,0,0,0,0,0.0000,0.0000,0.0000,0.0000,0.0000,0.0000,0.0444,0.0345,0.0000,0.0000,0,0,0,0,0,0,0,1,0,0,0,0,0,0,0,0,1,1,0,0,0.1448,0.0931,0.1453,0.0690,0.1066,0.0384,0.0851,0.1210,0.0233,0.1367,0.000,0.000,0.000,0.000,0.000,0.000,0.000,0.131,0.000,0.000,semi-presidential,parliamentary,parliamentary,parliamentary,parliamentary,semi-presidential,semi-presidential,electoral-authoritarian,electoral-authoritarian,parliamentary,0.800,0.800,0.800,0.800,0.800,0.800,0.800,0.500,0.500,0.800,100.0,91.8,41.6,100.0,100.0,100.0,100.0,100.0,85.7,100.0
2035-01-01,1.0069,0.9967,0.9928,0.9874,1.0112,0.9973,1.0130,1.0054,0.9984,1.0010,0.9935,0.9882,1.0800,1.0321,1.0299,1.0134,1.0466,1.0465,1.0149,1.0921,1.0097,1.0195,0.9951,0.9886,3906.89,5814.80,4601.82,3078.22,2446.53,1606.56,219.75,3137.20,2677.86,609.59,1.0602,0.5892,0.9307,1.1989,0.8221,0.2455,0.6991,0.3113,0.1216,-1.0796,0.6488,0.7304,0.6678,0.6433,0.6973,0.7847,0.5704,0.7022,0.6888,0.6860,0.0154,0.0104,0.0263,0.0224,0.0212,0.0009,0.0577,0.0017,0.0108,0.0193,0.9735,0.9724,0.9868,0.9735,0.9755,0.9935,0.9744,1.0000,0.9685,1.0000,58.19,214.63,94.54,63.16,72.71,16.73,6.09,283.08,88.92,91.74,0.0000,0.0000,0.0000,0.0000,0.0000,0.0000,0.4562,0.0412,0.0000,0.0000,104304,74663,53998,54750,86225,66964,95775,572442,131417,91336,0,0,0,0,0,0,0,0,0,0,0.0000,0.0000,0.0000,0.0000,0.0000,0.0000,0.0536,0.0437,0.0000,0.0000,0,0,0,0,0,0,0,1,0,0,0,0,0,0,0,0,1,1,0,0,0.1287,0.0851,0.1281,0.0614,0.0938,0.0348,0.0819,0.1141,0.0200,0.1368,0.000,0.000,0.000,0.000,0.000,0.000,0.000,0.133,0.000,0.000,semi-presidential,parliamentary,parliamentary,parliamentary,parliamentary,semi-presidential,semi-presidential,electoral-authoritarian,electoral-authoritarian,parliamentary,0.800,0.800,0.800,0.800,0.800,0.800,0.800,0.500,0.500,0.800,100.0,89.9,44.5,100.0,100.0,100.0,100.0,100.0,88.8,100.0
2035-02-01,1.0042,1.0003,0.9851,0.9896,1.0122,0.9938,1.0126,1.0078,0.9986,1.0048,0.9939,0.9868,1.0745,1.1365,1.0218,1.0276,1.0385,1.0422,1.0238,1.0159,1.0238,1.0375,0.9953,0.9868,3910.30,5821.10,4618.10,3079.45,2451.87,1618.35,218.96,3140.12,2687.75,612.03,1.0594,0.5886,0.9278,1.1982,0.8202,0.2428,0.6985,0.3123,0.1204,-1.0896,0.6374,0.7270,0.6649,0.6380,0.6892,0.7747,0.5762,0.6980,0.6758,0.6862,0.0248,0.0221,0.0290,0.0367,0.0300,0.0098,0.0561,0.0017,0.0190,0.0109,0.8800,0.8897,0.9437,0.8956,0.8823,0.9297,0.9580,1.0000,0.9125,1.0000,57.55,214.56,93.95,60.59,71.78,17.31,5.78,280.35,89.03,91.94,0.0000,0.0000,0.0000,0.0000,0.0000,0.0000,0.4556,0.0406,0.0000,0.0000,104304,74663,53998,54750,86225,66964,95775,572442,131417,91336,0,0,0,0,0,0,0,0,0,0,0.0000,0.0000,0.0000,0.0000,0.0000,0.0000,0.0651,0.0552,0.0000,0.0000,0,0,0,0,0,0,0,1,0,0,0,0,0,0,0,0,1,1,0,0,0.1476,0.0936,0.1483,0.0691,0.1080,0.0376,0.0840,0.1149,0.0217,0.1368,0.000,0.000,0.000,0.000,0.000,0.000,0.000,0.134,0.000,0.000,semi-presidential,parliamentary,parliamentary,parliamentary,parliamentary,semi-presidential,semi-presidential,electoral-authoritarian,electoral-authoritarian,parliamentary,0.800,0.800,0.800,0.800,0.800,0.800,0.800,0.500,0.500,0.800,100.0,92.9,47.4,100.0,100.0,100.0,100.0,100.0,91.7,100.0
2035-03-01,1.0025,1.0039,0.9817,0.9912,1.0142,0.9912,1.0131,1.0074,0.9998,1.0072,0.9934,0.9867,1.0739,1.1005,1.0184,1.0197,1.0546,1.0394,1.0150,1.0089,1.0571,1.0308,0.9948,0.9867,3926.22,5830.77,4633.61,3079.22,2457.11,1626.31,218.82,3147.94,2703.60,613.57,1.0551,0.5878,0.9247,1.1982,0.8185,0.2407,0.6965,0.3126,0.1190,-1.1012,0.6429,0.7255,0.6701,0.6344,0.6773,0.7814,0.5864,0.6542,0.6642,0.6937,0.0190,0.0175,0.0267,0.0309,0.0284,0.0064,0.0556,0.0028,0.0171,0.0164,0.9175,0.9216,0.9611,0.9268,0.9211,0.9541,0.9661,1.0000,0.9345,1.0000,58.16,215.83,95.75,62.83,72.74,17.26,5.88,283.04,89.95,92.48,0.0000,0.0000,0.0000,0.0000,0.0000,0.0000,0.4551,0.0408,0.0000,0.0000,104304,74663,53998,54750,86225,66964,95775,572442,131417,91336,0,0,0,0,0,0,0,0,0,0,0.0000,0.0000,0.0000,0.0000,0.0000,0.0000,0.0743,0.0644,0.0000,0.0000,0,0,0,0,0,0,0,1,0,0,0,0,0,0,0,0,1,1,0,0,0.1431,0.0916,0.1434,0.0680,0.1046,0.0369,0.0835,0.1210,0.0212,0.1370,0.000,0.000,0.000,0.000,0.000,0.000,0.000,0.130,0.000,0.000,semi-presidential,parliamentary,parliamentary,parliamentary,parliamentary,semi-presidential,semi-presidential,electoral-authoritarian,electoral-authoritarian,parliamentary,0.800,0.800,0.800,0.800,0.800,0.800,0.800,0.531,0.500,0.800,100.0,95.9,50.3,100.0,100.0,100.0,100.0,92.4,94.6,100.0
2035-04-01,1.0008,1.0033,0.9829,0.9910,1.0145,0.9899,1.0109,1.0046,1.0017,1.0091,0.9947,0.9866,1.0739,1.0336,1.0267,1.0076,1.0345,1.0373,1.0132,1.0064,1.1063,1.0354,1.0244,0.9869,3935.69,5839.97,4633.38,3092.41,2460.19,1639.55,218.59,3148.16,2719.86,614.62,1.0526,0.5869,0.9246,1.1932,0.8175,0.2379,0.6948,0.3137,0.1176,-1.1137,0.6499,0.7346,0.6727,0.6415,0.6757,0.7810,0.5967,0.6842,0.6761,0.7019,0.0120,0.0099,0.0218,0.0160,0.0179,0.0000,0.0577,0.0047,0.0138,0.0117,0.9787,0.9783,0.9892,0.9778,0.9791,1.0000,0.9726,1.0000,0.9720,1.0000,59.56,217.42,95.52,64.45,74.32,17.21,5.88,293.24,92.30,92.41,0.0000,0.0000,0.0000,0.0000,0.0000,0.0000,0.4548,0.0406,0.0000,0.0000,104304,74663,53998,54750,86225,66964,95775,572442,131417,91336,0,0,0,0,0,0,0,0,0,0,0.0000,0.0000,0.0000,0.0000,0.0000,0.0000,0.0834,0.0736,0.0000,0.0000,0,0,0,0,0,0,0,1,0,0,0,0,0,0,0,0,1,1,0,0,0.1474,0.0935,0.1486,0.0699,0.1078,0.0374,0.0823,0.1240,0.0214,0.1345,0.000,0.000,0.000,0.000,0.000,0.000,0.000,0.128,0.000,0.000,semi-presidential,parliamentary,parliamentary,parliamentary,parliamentary,semi-presidential,semi-presidential,electoral-authoritarian,electoral-authoritarian,parliamentary,0.800,0.800,0.800,0.800,0.800,0.800,0.800,0.522,0.500,0.800,100.0,97.2,53.2,100.0,100.0,100.0,100.0,94.9,97.6,100.0
2035-05-01,1.0023,0.9975,0.9850,0.9899,1.0131,0.9887,1.0089,1.0007,1.0035,1.0094,0.9943,0.9860,1.0775,1.0284,1.1178,1.0068,1.0329,1.0365,1.0108,1.0022,1.0151,1.0192,0.9961,0.9862,3930.30,5859.69,4646.04,3102.58,2471.57,1652.45,218.27,3164.85,2738.65,613.77,1.0541,0.5851,0.9221,1.1893,0.8137,0.2353,0.6933,0.3130,0.1160,-1.1296,0.6473,0.7338,0.6752,0.6384,0.6697,0.7884,0.6017,0.6946,0.6826,0.7013,0.0172,0.0129,0.0253,0.0210,0.0208,0.0000,0.0532,0.0010,0.0143,0.0089,0.9785,0.9780,0.9891,0.9775,0.9790,1.0000,0.9725,1.0000,0.9717,1.0000,59.72,216.79,95.39,66.12,74.89,16.81,6.15,293.67,92.17,92.07,0.0000,0.0000,0.0000,0.0000,0.0000,0.0000,0.4558,0.0416,0.0000,0.0000,104304,74663,53998,54750,86225,66964,95775,572442,131417,91336,0,0,0,0,0,0,0,0,0,0,0.0000,0.0000,0.0000,0.0000,0.0000,0.0000,0.0926,0.0828,0.0000,0.0000,0,0,0,0,0,0,0,1,0,0,0,0,0,0,0,0,1,1,0,0,0.1384,0.0888,0.1389,0.0664,0.1009,0.0386,0.0771,0.1220,0.0195,0.1342,0.000,0.000,0.000,0.000,0.000,0.000,0.000,0.129,0.000,0.000,semi-presidential,parliamentary,parliamentary,parliamentary,parliamentary,semi-presidential,semi-presidential,electoral-authoritarian,electoral-authoritarian,parliamentary,0.800,0.800,0.800,0.800,0.800,0.800,0.800,0.512,0.500,0.800,100.0,100.0,56.1,100.0,100.0,100.0,100.0,97.4,100.0,100.0
2035-06-01,1.0040,0.9929,0.9886,0.9891,1.0116,0.9876,1.0054,0.9971,1.0027,1.0086,0.9924,0.9854,1.1265,1.0238,1.1585,1.0062,1.0316,1.0353,1.0076,0.9990,1.0145,1.0183,0.9943,0.9855,3931.87,5859.41,4650.06,3112.84,2473.97,1661.52,217.72,3170.79,2742.19,613.60,1.0537,0.5852,0.9214,1.1855,0.8129,0.2333,0.6921,0.3136,0.1152,-1.1442,0.6470,0.7348,0.6655,0.6476,0.6696,0.7923,0.5960,0.6886,0.6718,0.6988,0.0230,0.0169,0.0294,0.0261,0.0267,0.0023,0.0667,0.0009,0.0174,0.0096,0.9778,0.9774,0.9887,0.9769,0.9782,1.0000,0.9714,1.0000,0.9710,1.0000,60.19,215.72,94.16,66.67,75.75,16.36,6.23,299.25,93.63,91.53,0.0000,0.0000,0.0000,0.0000,0.0000,0.0000,0.4558,0.0416,0.0000,0.0000,104304,74663,53998,54750,86225,66964,95775,572442,131417,91336,0,0,0,0,0,0,0,0,0,0,0.0000,0.0000,0.0000,0.0000,0.0000,0.0000,0.1041,0.0943,0.0000,0.0000,0,0,0,0,0,0,0,1,0,0,0,0,0,0,0,0,1,1,0,0,0.1422,0.0900,0.1430,0.0679,0.1037,0.0389,0.0810,0.1245,0.0198,0.1336,0.000,0.000,0.000,0.000,0.000,0.000,0.000,0.130,0.000,0.000,semi-presidential,parliamentary,parliamentary,parliamentary,parliamentary,semi-presidential,semi-presidential,electoral-authoritarian,electoral-authoritarian,parliamentary,0.800,0.800,0.800,0.800,0.800,0.800,0.800,0.501,0.500,0.800,100.0,100.0,59.0,100.0,100.0,100.0,100.0,100.0,100.0,100.0
2035-07-01,1.0049,0.9894,0.9897,0.9854,1.0107,0.9885,1.0024,0.9935,1.0004,1.0092,0.9888,0.9851,1.0816,1.0205,1.0642,0.9856,1.0303,1.0359,1.0046,0.9953,1.0122,1.0207,0.9909,0.9852,3941.89,5869.19,4666.77,3108.22,2481.52,1671.90,217.50,3175.37,2748.27,613.56,1.0507,0.5843,0.9182,1.1872,0.8104,0.2312,0.6904,0.3140,0.1142,-1.1586,0.6433,0.7332,0.6616,0.6447,0.6908,0.7957,0.6004,0.6906,0.6852,0.6951,0.0135,0.0112,0.0116,0.0173,0.0172,0.0000,0.0541,0.0010,0.0121,0.0080,0.9776,0.9773,0.9886,0.9767,0.9780,1.0000,0.9709,1.0000,0.9708,1.0000,59.97,214.00,90.99,66.03,75.53,15.86,6.13,301.17,94.50,91.27,0.0000,0.0000,0.0000,0.0000,0.0000,0.0000,0.4558,0.0415,0.0000,0.0000,104304,74663,53998,54750,86225,66964,95775,572442,131417,91336,0,0,0,0,0,0,0,0,0,0,0.0000,0.0000,0.0000,0.0000,0.0000,0.0000,0.1133,0.1035,0.0000,0.0000,0,0,0,0,0,0,0,1,0,0,0,0,0,0,0,0,1,1,0,0,0.1372,0.0877,0.1390,0.0657,0.1004,0.0371,0.0783,0.1241,0.0189,0.1314,0.000,0.000,0.000,0.000,0.000,0.000,0.000,0.131,0.000,0.000,semi-presidential,parliamentary,parliamentary,parliamentary,parliamentary,semi-presidential,semi-presidential,electoral-authoritarian,electoral-authoritarian,parliamentary,0.800,0.800,0.800,0.800,0.800,0.800,0.800,0.500,0.500,0.800,100.0,100.0,61.9,100.0,100.0,100.0,100.0,100.0,100.0,100.0
2035-08-01,1.0059,0.9871,0.9926,0.9833,1.0102,0.9899,1.0015,0.9913,0.9999,1.0093,0.9860,0.9858,1.0814,1.0181,1.1059,1.0009,1.0335,1.0369,1.0033,0.9926,1.0322,1.0257,0.9875,0.9860,3948.51,5862.47,4681.71,3123.18,2493.65,1681.13,216.92,3197.03,2757.38,613.99,1.0489,0.5851,0.9153,1.1816,0.8066,0.2294,0.6899,0.3131,0.1131,-1.1721,0.6413,0.7239,0.6690,0.6470,0.6871,0.7939,0.6090,0.6801,0.6856,0.6935,0.0160,0.0123,0.0251,0.0207,0.0212,0.0000,0.0544,0.0018,0.0143,0.0105,0.9778,0.9775,0.9887,0.9769,0.9782,1.0000,0.9707,1.0000,0.9711,1.0000,59.84,212.70,91.08,65.19,74.83,15.51,5.94,300.26,94.07,90.86,0.0000,0.0000,0.0000,0.0000,0.0000,0.0000,0.4554,0.0411,0.0000,0.0000,104304,74663,53998,54750,86225,66964,95775,572442,131417,91336,0,0,0,0,0,0,0,0,0,0,0.0000,0.0000,0.0000,0.0000,0.0000,0.0000,0.1225,0.1150,0.0000,0.0000,0,0,0,0,0,0,0,1,0,0,0,0,0,0,0,0,1,1,0,0,0.1456,0.0913,0.1478,0.0692,0.1065,0.0388,0.0831,0.1248,0.0203,0.1318,0.000,0.000,0.000,0.000,0.000,0.000,0.000,0.131,0.000,0.000,semi-presidential,parliamentary,parliamentary,parliamentary,parliamentary,semi-presidential,semi-presidential,electoral-authoritarian,electoral-authoritarian,parliamentary,0.800,0.800,0.800,0.800,0.800,0.800,0.800,0.500,0.500,0.800,100.0,100.0,64.7,100.0,100.0,100.0,100.0,100.0,100.0,100.0
2035-09-01,1.0069,0.9860,0.9941,0.9806,1.0127,0.9901,0.9994,0.9925,1.0020,1.0102,0.9861,0.9858,1.0832,1.0171,1.0463,0.9807,1.0451,1.0375,1.0015,1.0524,1.0910,1.0200,1.0073,0.9859,3968.95,5864.09,4694.35,3132.90,2494.86,1687.69,216.73,3211.56,2764.62,615.25,1.0435,0.5851,0.9129,1.1780,0.8062,0.2280,0.6876,0.3127,0.1121,-1.1840,0.6420,0.7252,0.6727,0.6496,0.6849,0.7908,0.6147,0.7159,0.6987,0.6897,0.0156,0.0105,0.0168,0.0189,0.0235,0.0000,0.0605,0.0046,0.0141,0.0198,0.9775,0.9771,0.9885,0.9765,0.9778,1.0000,0.9704,1.0000,0.9707,1.0000,60.27,213.30,90.01,65.65,75.23,15.61,6.10,302.68,95.33,91.22,0.0000,0.0000,0.0000,0.0000,0.0000,0.0000,0.4559,0.0416,0.0000,0.0000,104304,74663,53998,54750,86225,66964,95775,572442,131417,91336,0,0,0,0,0,0,0,0,0,0,0.0000,0.0000,0.0000,0.0000,0.0000,0.0000,0.1340,0.1242,0.0000,0.0000,0,0,0,0,0,0,0,1,0,0,0,0,0,0,0,0,1,1,0,0,0.1455,0.0915,0.1481,0.0696,0.1067,0.0388,0.0834,0.1254,0.0204,0.1314,0.000,0.000,0.000,0.000,0.000,0.000,0.000,0.132,0.000,0.000,semi-presidential,parliamentary,parliamentary,parliamentary,parliamentary,semi-presidential,semi-presidential,electoral-authoritarian,electoral-authoritarian,parliamentary,0.800,0.800,0.800,0.800,0.800,0.800,0.800,0.500,0.500,0.800,100.0,100.0,67.7,100.0,100.0,100.0,100.0,100.0,100.0,100.0
2035-10-01,1.0077,0.9835,0.9948,0.9781,1.0152,0.9913,0.9969,0.9932,1.0028,1.0078,0.9888,0.9850,1.0835,1.0150,1.0321,0.9959,1.0447,1.0495,0.9986,1.0075,1.0142,1.0169,1.0651,0.9852,3974.21,5889.58,4705.49,3130.05,2496.23,1700.23,217.03,3221.42,2773.75,615.53,1.0421,0.5827,0.9109,1.1790,0.8058,0.2257,0.6843,0.3126,0.1110,-1.1978,0.6454,0.7340,0.6846,0.6457,0.6899,0.7983,0.6152,0.7359,0.6815,0.6907,0.0142,0.0102,0.0247,0.0167,0.0192,0.0001,0.0560,0.0015,0.0109,0.0151,0.9771,0.9768,0.9883,0.9762,0.9775,1.0000,0.9700,1.0000,0.9703,1.0000,60.36,215.02,92.41,65.68,74.92,15.92,5.99,302.20,95.33,91.21,0.0000,0.0000,0.0000,0.0000,0.0000,0.0000,0.4558,0.0417,0.0000,0.0000,104304,74663,53998,54750,86225,66964,95775,572442,131417,91336,0,0,0,0,0,0,0,0,0,0,0.0000,0.0000,0.0000,0.0000,0.0000,0.0000,0.1432,0.1334,0.0000,0.0000,0,0,0,0,0,0,0,1,0,0,0,0,0,0,0,0,1,1,0,0,0.1288,0.0832,0.1292,0.0611,0.0936,0.0357,0.0808,0.1252,0.0182,0.1327,0.000,0.000,0.000,0.000,0.000,0.000,0.000,0.129,0.000,0.000,semi-presidential,parliamentary,parliamentary,parliamentary,parliamentary,semi-presidential,semi-presidential,electoral-authoritarian,electoral-authoritarian,parliamentary,0.800,0.800,0.800,0.800,0.800,0.800,0.800,0.500,0.500,0.800,100.0,100.0,70.6,100.0,100.0,100.0,100.0,100.0,100.0,100.0
2035-11-01,1.0083,0.9815,0.9951,0.9779,1.0147,0.9926,0.9958,0.9927,1.0022,1.0061,0.9911,0.9847,1.0849,1.0133,1.0321,1.0026,1.0343,1.0399,0.9974,0.9939,1.0136,1.0162,1.0396,0.9847,3981.45,5913.26,4708.18,3135.96,2507.81,1711.62,216.33,3228.78,2780.96,614.94,1.0402,0.5805,0.9104,1.1768,0.8021,0.2238,0.6837,0.3131,0.1100,-1.2132,0.6500,0.7294,0.6722,0.6475,0.6849,0.7970,0.6103,0.7463,0.6758,0.6966,0.0125,0.0100,0.0218,0.0186,0.0157,0.0000,0.0567,0.0012,0.0108,0.0095,0.9768,0.9766,0.9882,0.9759,0.9771,1.0000,0.9694,1.0000,0.9700,1.0000,61.05,215.97,91.33,64.35,75.32,16.01,6.11,306.34,96.03,90.84,0.0000,0.0000,0.0000,0.0000,0.0000,0.0000,0.4551,0.0414,0.0000,0.0000,104304,74663,53998,54750,86225,66964,95775,572442,131417,91336,0,0,0,0,0,0,0,0,0,0,0.0000,0.0000,0.0000,0.0000,0.0000,0.0000,0.1547,0.1449,0.0000,0.0000,0,0,0,0,0,0,0,1,0,0,0,0,0,0,0,0,1,1,0,0,0.1419,0.0889,0.1424,0.0659,0.1037,0.0381,0.0810,0.1288,0.0203,0.1355,0.000,0.000,0.000,0.000,0.000,0.000,0.000,0.130,0.000,0.000,semi-presidential,parliamentary,parliamentary,parliamentary,parliamentary,semi-presidential,semi-presidential,electoral-authoritarian,electoral-authoritarian,parliamentary,0.800,0.800,0.800,0.800,0.800,0.800,0.800,0.500,0.500,0.800,100.0,100.0,73.5,100.0,100.0,30.0,100.0,100.0,100.0,100.0
2035-12-01,1.0095,0.9800,0.9976,0.9787,1.0149,0.9949,0.9948,0.9930,1.0000,1.0066,0.9920,0.9851,1.0859,1.0104,1.1736,1.0099,1.0347,1.0988,0.9967,1.0212,1.0115,1.0217,1.0080,0.9853,3991.77,5921.71,4711.25,3136.34,2517.42,1724.06,216.76,3247.85,2798.12,613.98,1.0375,0.5798,0.9099,1.1767,0.7992,0.2222,0.6800,0.3122,0.1086,-1.2294,0.6522,0.7254,0.6672,0.6507,0.6897,0.7937,0.6091,0.7268,0.6809,0.7003,0.0231,0.0160,0.0322,0.0317,0.0258,0.0007,0.0585,0.0013,0.0164,0.0123,0.9777,0.9774,0.9886,0.9768,0.9781,1.0000,0.9702,1.0000,0.9710,1.0000,60.88,214.79,89.65,63.33,74.98,16.05,6.08,304.43,95.12,90.54,0.0000,0.0000,0.0000,0.0000,0.0000,0.0000,0.4548,0.0411,0.0000,0.0000,104304,74663,53998,54750,86225,66964,95775,572442,131417,91336,0,0,0,0,0,0,0,0,0,0,0.0000,0.0000,0.0000,0.0000,0.0000,0.0000,0.1639,0.1541,0.0000,0.0000,0,0,0,0,0,0,0,1,0,0,0,0,0,0,0,0,1,1,0,0,0.1464,0.0908,0.1474,0.0677,0.1068,0.0391,0.0829,0.1296,0.0243,0.1355,0.000,0.000,0.000,0.000,0.000,0.000,0.000,0.130,0.000,0.000,semi-presidential,parliamentary,parliamentary,parliamentary,parliamentary,semi-presidential,semi-presidential,electoral-authoritarian,electoral-authoritarian,parliamentary,0.800,0.800,0.800,0.800,0.800,0.800,0.800,0.500,0.500,0.800,100.0,100.0,76.4,100.0,100.0,33.4,100.0,100.0,100.0,100.0
2036-01-01,1.0079,0.9797,1.0013,0.9820,1.0109,0.9980,0.9943,0.9947,0.9979,1.0062,0.9917,0.9864,1.0812,1.0364,1.1019,1.0187,1.0303,1.0630,1.0002,1.0039,1.0094,1.0167,0.9932,0.9865,3996.60,5936.40,4714.61,3145.51,2524.71,1731.51,216.09,3254.94,2813.72,615.10,1.0364,0.5785,0.9094,1.1733,0.7970,0.2213,0.6799,0.3125,0.1072,-1.2415,0.6545,0.7266,0.6646,0.6459,0.6957,0.7946,0.6003,0.7118,0.6705,0.6962,0.0194,0.0155,0.0268,0.0317,0.0226,0.0024,0.0570,0.0010,0.0152,0.0092,0.9529,0.9555,0.9770,0.9560,0.9530,0.9846,0.9587,1.0000,0.9556,1.0000,60.09,218.49,90.47,64.00,74.55,16.41,6.03,303.12,96.48,91.38,0.0000,0.0000,0.0000,0.0000,0.0000,0.0000,0.4551,0.0414,0.0000,0.0000,104304,74663,53998,54750,86225,66964,95775,572442,131417,91336,0,0,0,0,0,0,0,0,0,0,0.0000,0.0000,0.0000,0.0000,0.0000,0.0000,0.1731,0.1633,0.0000,0.0000,0,0,0,0,0,0,0,1,0,0,0,0,0,0,0,0,1,1,0,0,0.1467,0.0919,0.1482,0.0682,0.1075,0.0391,0.0755,0.1279,0.0249,0.1364,0.000,0.000,0.000,0.000,0.000,0.000,0.000,0.130,0.000,0.000,semi-presidential,parliamentary,parliamentary,parliamentary,parliamentary,semi-presidential,semi-presidential,electoral-authoritarian,electoral-authoritarian,parliamentary,0.800,0.800,0.800,0.800,0.800,0.800,0.800,0.500,0.500,0.800,100.0,100.0,79.3,100.0,100.0,36.8,100.0,100.0,100.0,100.0
