date,price_oil,price_gas,price_coal,price_electricity,price_food,price_critical-minerals,price_steel,price_consumer-goods,price_electronics,price_arms,price_pharma,price_services,import_price_oil,import_price_gas,import_price_coal,import_price_electricity,import_price_food,import_price_critical-minerals,import_price_steel,import_price_consumer-goods,import_price_electronics,import_price_arms,import_price_pharma,import_price_services,gdp_FRA,gdp_DEU,gdp_GBR,gdp_ITA,gdp_ESP,gdp_POL,gdp_UKR,gdp_RUS,gdp_TUR,gdp_NOR,debt_FRA,debt_DEU,debt_GBR,debt_ITA,debt_ESP,debt_POL,debt_UKR,debt_RUS,debt_TUR,debt_NOR,stability_FRA,stability_DEU,stability_GBR,stability_ITA,stability_ESP,stability_POL,stability_UKR,stability_RUS,stability_TUR,stability_NOR,shortage_FRA,shortage_DEU,shortage_GBR,shortage_ITA,shortage_ESP,shortage_POL,shortage_UKR,shortage_RUS,shortage_TUR,shortage_NOR,gas_coverage_FRA,gas_coverage_DEU,gas_coverage_GBR,gas_coverage_ITA,gas_coverage_ESP,gas_coverage_POL,gas_coverage_UKR,gas_coverage_RUS,gas_coverage_TUR,gas_coverage_NOR,maritime_trade_FRA,maritime_trade_DEU,maritime_trade_GBR,maritime_trade_ITA,maritime_trade_ESP,maritime_trade_POL,maritime_trade_UKR,maritime_trade_RUS,maritime_trade_TUR,maritime_trade_NOR,blockade_FRA,blockade_DEU,blockade_GBR,blockade_ITA,blockade_ESP,blockade_POL,blockade_UKR,blockade_RUS,blockade_TUR,blockade_NOR,tiles_FRA,tiles_DEU,tiles_GBR,tiles_ITA,tiles_ESP,tiles_POL,tiles_UKR,tiles_RUS,tiles_TUR,tiles_NOR,contested_FRA,contested_DEU,contested_GBR,contested_ITA,contested_ESP,contested_POL,contested_UKR,contested_RUS,contested_TUR,contested_NOR,exhaustion_FRA,exhaustion_DEU,exhaustion_GBR,exhaustion_ITA,exhaustion_ESP,exhaustion_POL,exhaustion_UKR,exhaustion_RUS,exhaustion_TUR,exhaustion_NOR,sanctions_against_FRA,sanctions_against_DEU,sanctions_against_GBR,sanctions_against_ITA,sanctions_against_ESP,sanctions_against_POL,sanctions_against_UKR,sanctions_against_RUS,sanctions_against_TUR,sanctions_against_NOR,at_war_FRA,at_war_DEU,at_war_GBR,at_war_ITA,at_war_ESP,at_war_POL,at_war_UKR,at_war_RUS,at_war_TUR,at_war_NOR,export_share_FRA,export_share_DEU,export_share_GBR,export_share_ITA,export_share_ESP,export_share_POL,export_share_UKR,export_share_RUS,export_share_TUR,export_share_NOR,circumvention_FRA,circumvention_DEU,circumvention_GBR,circumvention_ITA,circumvention_ESP,circumvention_POL,circumvention_UKR,circumvention_RUS,circumvention_TUR,circumvention_NOR,regime_FRA,regime_DEU,regime_GBR,regime_ITA,regime_ESP,regime_POL,regime_UKR,regime_RUS,regime_TUR,regime_NOR,legitimacy_FRA,legitimacy_DEU,legitimacy_GBR,legitimacy_ITA,legitimacy_ESP,legitimacy_POL,legitimacy_UKR,legitimacy_RUS,legitimacy_TUR,legitimacy_NOR,capital_FRA,capital_DEU,capital_GBR,capital_ITA,capital_ESP,capital_POL,capital_UKR,capital_RUS,capital_TUR,capital_NOR
2026-01-01,1.0000,1.0000,1.0000,1.0000,1.0000,1.0000,1.0000,1.0000,1.0000,1.0000,1.0000,1.0000,1.0000,1.0000,1.0001,1.0298,1.0000,1.0000,1.0170,1.0170,1.0221,1.0232,1.0170,1.0000,3366.32,5050.92,4002.59,2551.56,1906.45,1035.49,214.23,2561.31,1597.29,530.76,1.1600,0.6290,1.0230,1.3710,1.0040,0.5880,1.0870,0.1720,0.2350,0.4500,0.6600,0.7169,0.6747,0.6374,0.6767,0.7200,0.6678,0.6750,0.6750,0.7200,0.0019,0.0004,0.0179,0.0017,0.0019,0.0000,0.0027,0.0012,0.0009,0.0031,1.0000,1.0000,1.0000,1.0000,1.0000,1.0000,1.0000,1.0000,1.0000,1.0000,53.01,188.04,79.00,54.35,61.58,9.29,7.94,244.34,57.59,79.61,0.0000,0.0000,0.0000,0.0000,0.0000,0.0000,0.0000,0.0000,0.0000,0.0000,104304,74663,53998,54750,86225,66964,95775,572442,131417,91336,0,0,0,0,0,0,0,0,0,0,0.0000,0.0000,0.0000,0.0000,0.0000,0.0000,0.0000,0.0000,0.0000,0.0000,0,0,0,0,0,0,0,0,0,0,0,0,0,0,0,0,1,1,0,0,0.1189,0.0741,0.1337,0.0482,0.0865,0.0115,0.0806,0.1079,0.0015,0.1360,0.000,0.000,0.000,0.000,0.000,0.000,0.000,0.000,0.000,0.000,semi-presidential,parliamentary,parliamentary,parliamentary,parliamentary,semi-presidential,semi-presidential,electoral-authoritarian,electoral-authoritarian,parliamentary,0.800,0.800,0.800,0.800,0.800,0.800,0.800,0.500,0.500,0.800,30.0,30.0,30.0,30.0,30.0,30.0,30.0,30.0,30.0,30.0
2026-02-01,1.0031,1.0005,1.0020,1.0006,0.9986,1.0020,1.0003,1.0005,1.0027,1.0035,1.0017,1.0003,1.1255,1.0275,1.1569,1.0472,1.0333,1.1013,1.0022,1.0022,1.0760,1.0750,1.0260,1.0007,3368.22,5047.19,4005.25,2554.15,1905.55,1037.50,212.57,2556.06,1599.26,530.97,1.1595,0.6296,1.0231,1.3711,1.0055,0.5878,1.0979,0.1746,0.2350,0.4361,0.6590,0.7158,0.6650,0.6266,0.6645,0.7181,0.5914,0.6675,0.6611,0.7056,0.0227,0.0176,0.0383,0.0312,0.0304,0.0024,0.0883,0.0039,0.0245,0.0168,0.9808,0.9802,0.9906,0.9795,0.9811,1.0000,0.9680,1.0000,0.9749,1.0000,50.70,182.98,77.73,52.62,59.54,9.20,5.78,233.65,55.87,78.31,0.0000,0.0000,0.0000,0.0000,0.0000,0.0000,0.4591,0.0409,0.0000,0.0000,104304,74663,53998,54750,86225,66964,95775,572442,131417,91336,0,0,0,0,0,0,0,0,0,0,0.0000,0.0000,0.0000,0.0000,0.0000,0.0000,0.0092,0.0092,0.0000,0.0000,0,0,0,0,0,0,0,1,0,0,0,0,0,0,0,0,1,1,0,0,0.1190,0.0740,0.1338,0.0488,0.0865,0.0117,0.0716,0.1033,0.0015,0.1332,0.000,0.000,0.000,0.000,0.000,0.000,0.032,0.147,0.000,0.000,semi-presidential,parliamentary,parliamentary,parliamentary,parliamentary,semi-presidential,semi-presidential,electoral-authoritarian,electoral-authoritarian,parliamentary,0.800,0.800,0.800,0.800,0.800,0.800,0.800,0.500,0.500,0.800,30.2,30.4,30.6,31.2,31.4,31.7,33.5,33.0,33.1,32.6
2026-03-01,1.0037,0.9996,1.0057,1.0019,1.0005,1.0058,1.0020,1.0022,1.0062,1.0073,1.0029,0.9999,1.0820,1.0264,1.1638,1.0612,1.0441,1.1118,1.0509,1.0467,1.1164,1.0826,1.0652,1.0000,3370.89,5044.36,3999.39,2551.17,1905.60,1041.38,210.50,2554.91,1605.40,532.06,1.1718,0.6315,1.0278,1.3773,1.0076,0.5835,1.1104,0.1770,0.2341,0.4208,0.6428,0.7032,0.6475,0.6100,0.6443,0.7179,0.5386,0.6781,0.6382,0.6893,0.0251,0.0173,0.0436,0.0367,0.0341,0.0006,0.0691,0.0061,0.0250,0.0270,0.9810,0.9803,0.9907,0.9798,0.9815,1.0000,0.9685,1.0000,0.9752,1.0000,50.52,179.16,74.31,51.62,57.65,9.47,5.55,229.60,55.45,78.59,0.0000,0.0000,0.0000,0.0000,0.0000,0.0000,0.4598,0.0410,0.0000,0.0000,104304,74663,53998,54750,86225,66964,95775,572442,131417,91336,0,0,0,0,0,0,0,0,0,0,0.0000,0.0000,0.0000,0.0000,0.0000,0.0000,0.0184,0.0184,0.0000,0.0000,0,0,0,0,0,0,0,1,0,0,0,0,0,0,0,0,1,1,0,0,0.1190,0.0729,0.1337,0.0478,0.0866,0.0118,0.0717,0.1009,0.0015,0.1349,0.000,0.000,0.000,0.000,0.000,0.000,0.031,0.147,0.000,0.000,semi-presidential,parliamentary,parliamentary,parliamentary,parliamentary,semi-presidential,semi-presidential,electoral-authoritarian,electoral-authoritarian,parliamentary,0.800,0.800,0.800,0.800,0.800,0.800,0.800,0.500,0.500,0.800,25.2,33.2,33.0,34.7,34.5,34.8,36.5,36.1,36.6,35.3
2026-04-01,1.0019,0.9987,1.0063,1.0021,1.0027,1.0071,1.0037,1.0036,1.0058,1.0102,1.0022,1.0005,1.0783,1.0256,1.0426,1.0321,1.0477,1.0626,1.0336,1.0170,1.0201,1.0292,1.0040,1.0011,3370.54,5058.03,3987.61,2553.65,1902.10,1045.69,210.00,2559.05,1606.63,533.76,1.1767,0.6314,1.0338,1.3803,1.0116,0.5791,1.1148,0.1790,0.2340,0.4050,0.6667,0.6970,0.6379,0.6056,0.6421,0.7163,0.5118,0.6731,0.6440,0.6780,0.0118,0.0095,0.0281,0.0188,0.0201,0.0000,0.0594,0.0014,0.0112,0.0179,0.9808,0.9801,0.9906,0.9795,0.9812,1.0000,0.9679,1.0000,0.9749,1.0000,50.13,184.66,78.94,52.29,58.65,9.70,5.66,228.41,55.36,79.54,0.0000,0.0000,0.0000,0.0000,0.0000,0.0000,0.4599,0.0415,0.0000,0.0000,104304,74663,53998,54750,86225,66964,95775,572442,131417,91336,0,0,0,0,0,0,0,0,0,0,0.0000,0.0000,0.0000,0.0000,0.0000,0.0000,0.0276,0.0276,0.0000,0.0000,0,0,0,0,0,0,0,1,0,0,0,0,0,0,0,0,1,1,0,0,0.1189,0.0746,0.1339,0.0491,0.0865,0.0122,0.0721,0.0984,0.0015,0.1322,0.000,0.000,0.000,0.000,0.000,0.000,0.032,0.148,0.000,0.000,semi-presidential,parliamentary,parliamentary,parliamentary,parliamentary,semi-presidential,semi-presidential,electoral-authoritarian,electoral-authoritarian,parliamentary,0.800,0.800,0.800,0.800,0.800,0.800,0.800,0.500,0.487,0.800,19.8,35.9,35.4,38.0,37.6,37.9,39.3,39.1,38.9,37.9
2026-05-01,1.0008,0.9986,1.0062,1.0020,1.0082,1.0096,1.0039,1.0036,1.0032,1.0096,0.9984,1.0018,1.0823,1.0272,1.0442,1.0151,1.0668,1.1026,1.0312,1.0053,1.0180,1.0115,1.0005,1.0032,3369.86,5062.35,3996.24,2551.99,1902.05,1048.65,209.31,2566.18,1612.03,533.06,1.1801,0.6325,1.0343,1.3853,1.0137,0.5755,1.1207,0.1813,0.2333,0.3912,0.6573,0.6977,0.6408,0.5945,0.6422,0.7238,0.4955,0.6497,0.6559,0.6780,0.0125,0.0109,0.0209,0.0226,0.0238,0.0005,0.0592,0.0013,0.0113,0.0225,0.9794,0.9788,0.9899,0.9781,0.9799,1.0000,0.9679,1.0000,0.9732,1.0000,50.23,184.22,77.72,52.42,59.06,9.60,5.68,230.23,55.68,79.62,0.0000,0.0000,0.0000,0.0000,0.0000,0.0000,0.4601,0.0436,0.0000,0.0000,104304,74663,53998,54750,86225,66964,95775,572442,131417,91336,0,0,0,0,0,0,0,0,0,0,0.0000,0.0000,0.0000,0.0000,0.0000,0.0000,0.0391,0.0391,0.0000,0.0000,0,0,0,0,0,0,0,1,0,0,0,0,0,0,0,0,1,1,0,0,0.1198,0.0754,0.1350,0.0500,0.0875,0.0130,0.0735,0.0991,0.0015,0.1322,0.000,0.000,0.000,0.000,0.000,0.000,0.033,0.148,0.000,0.000,semi-presidential,parliamentary,parliamentary,parliamentary,parliamentary,semi-presidential,semi-presidential,electoral-authoritarian,electoral-authoritarian,parliamentary,0.800,0.800,0.800,0.800,0.800,0.800,0.800,0.500,0.496,0.800,23.0,38.6,37.8,41.4,40.7,41.0,42.5,42.7,42.5,40.5
2026-06-01,1.0022,0.9981,1.0079,0.9994,1.0138,1.0134,1.0037,1.0011,1.0006,1.0063,0.9935,1.0023,1.0862,1.0265,1.1114,0.9996,1.0695,1.1017,1.0055,1.0036,1.0152,1.0090,0.9958,1.0026,3377.24,5057.04,3991.91,2550.26,1911.67,1051.29,208.67,2568.57,1617.86,533.55,1.1804,0.6347,1.0391,1.3940,1.0107,0.5730,1.1259,0.1834,0.2325,0.3764,0.6476,0.6982,0.6308,0.6141,0.6402,0.7324,0.4952,0.6221,0.6602,0.6692,0.0163,0.0130,0.0176,0.0264,0.0269,0.0004,0.0602,0.0011,0.0133,0.0206,0.9797,0.9789,0.9900,0.9784,0.9802,1.0000,0.9682,1.0000,0.9735,1.0000,50.69,183.09,76.12,52.66,60.08,9.39,5.76,233.81,55.99,79.48,0.0000,0.0000,0.0000,0.0000,0.0000,0.0000,0.4601,0.0436,0.0000,0.0000,104304,74663,53998,54750,86225,66964,95775,572442,131417,91336,0,0,0,0,0,0,0,0,0,0,0.0000,0.0000,0.0000,0.0000,0.0000,0.0000,0.0483,0.0483,0.0000,0.0000,0,0,0,0,0,0,0,1,0,0,0,0,0,0,0,0,1,1,0,0,0.1154,0.0738,0.1305,0.0485,0.0847,0.0133,0.0737,0.1016,0.0016,0.1321,0.000,0.000,0.000,0.000,0.000,0.000,0.034,0.148,0.000,0.000,semi-presidential,parliamentary,parliamentary,parliamentary,parliamentary,semi-presidential,semi-presidential,electoral-authoritarian,electoral-authoritarian,parliamentary,0.800,0.800,0.834,0.800,0.800,0.800,0.800,0.500,0.500,0.800,26.2,41.3,31.5,39.8,43.8,42.7,45.1,45.5,46.1,43.1
2026-07-01,1.0037,1.0085,1.0086,1.0007,1.0354,1.0183,1.0028,0.9997,1.0001,1.0049,0.9923,1.0006,1.0902,1.3198,1.0800,1.1268,1.1469,1.1810,1.0041,1.0501,1.0147,1.0182,0.9936,1.0008,3374.03,5037.14,3985.94,2548.95,1903.09,1053.75,207.91,2574.27,1623.11,533.65,1.1808,0.6396,1.0426,1.3982,1.0174,0.5697,1.1318,0.1853,0.2321,0.3628,0.6069,0.6856,0.5984,0.5954,0.5829,0.7386,0.4973,0.6323,0.6165,0.6661,0.0509,0.0527,0.0618,0.0901,0.0734,0.0294,0.0696,0.0015,0.0533,0.0444,0.7431,0.7572,0.8702,0.7600,0.7440,0.8096,0.9439,1.0000,0.7579,1.0000,49.65,168.37,67.88,52.66,55.57,8.45,5.23,226.78,53.77,73.44,0.0000,0.0000,0.0000,0.0000,0.0000,0.0000,0.4580,0.0433,0.0000,0.0000,104304,74663,53998,54750,86225,66964,95775,572442,131417,91336,0,0,0,0,0,0,0,0,0,0,0.0000,0.0000,0.0000,0.0000,0.0000,0.0000,0.0575,0.0575,0.0000,0.0000,0,0,0,0,0,0,0,1,0,0,0,0,0,0,0,0,1,1,0,0,0.1109,0.0658,0.1195,0.0430,0.0772,0.0116,0.0735,0.1032,0.0017,0.1363,0.000,0.000,0.000,0.000,0.000,0.000,0.031,0.148,0.000,0.000,semi-presidential,parliamentary,parliamentary,parliamentary,parliamentary,semi-presidential,semi-presidential,electoral-authoritarian,electoral-authoritarian,parliamentary,0.800,0.800,0.824,0.800,0.800,0.800,0.800,0.500,0.500,0.800,27.6,45.3,33.7,43.1,46.6,45.9,47.6,48.2,51.2,45.7
2026-08-01,1.0061,1.0180,1.0074,1.0024,1.0550,1.0232,1.0012,0.9992,0.9997,1.0064,0.9911,0.9997,1.1245,1.1749,1.0439,1.0132,1.1474,1.1429,1.0030,1.0008,1.0133,1.0510,0.9927,0.9998,3375.10,5034.41,3989.48,2546.00,1894.87,1055.17,207.28,2581.14,1627.71,532.83,1.1823,0.6475,1.0434,1.3981,1.0280,0.5670,1.1376,0.1876,0.2321,0.3488,0.5970,0.6690,0.5752,0.5574,0.5853,0.7141,0.4918,0.6513,0.6194,0.6620,0.0296,0.0273,0.0313,0.0440,0.0479,0.0136,0.0841,0.0012,0.0247,0.0340,0.8688,0.8782,0.9333,0.8820,0.8699,0.9191,0.9513,1.0000,0.8885,1.0000,51.07,178.74,74.30,52.65,58.59,9.07,5.45,235.81,56.57,78.00,0.0000,0.0000,0.0000,0.0000,0.0000,0.0000,0.4571,0.0419,0.0000,0.0000,104304,74663,53998,54750,86225,66964,95775,572442,131417,91336,0,0,0,0,0,0,0,0,0,0,0.0000,0.0000,0.0000,0.0000,0.0000,0.0000,0.0690,0.0690,0.0000,0.0000,0,0,0,0,0,0,0,1,0,0,0,0,0,0,0,0,1,1,0,0,0.1097,0.0705,0.1219,0.0422,0.0765,0.0117,0.0741,0.1048,0.0037,0.1339,0.000,0.000,0.000,0.000,0.000,0.000,0.030,0.148,0.000,0.000,semi-presidential,parliamentary,parliamentary,parliamentary,parliamentary,semi-presidential,semi-presidential,electoral-authoritarian,electoral-authoritarian,parliamentary,0.800,0.800,0.817,0.800,0.800,0.800,0.800,0.500,0.500,0.800,29.5,47.9,35.2,46.3,49.4,49.0,50.9,51.8,54.6,48.3
2026-09-01,1.0063,1.0228,1.0070,1.0004,1.0688,1.0230,1.0011,0.9966,0.9977,1.0091,0.9898,0.9990,1.0847,1.1286,1.0777,1.0007,1.1501,1.0790,1.0064,0.9982,1.0111,1.0476,0.9914,0.9992,3384.29,5033.26,4000.97,2549.34,1886.20,1057.74,206.87,2581.52,1633.50,532.37,1.1845,0.6487,1.0426,1.4013,1.0398,0.5625,1.1416,0.1898,0.2319,0.3346,0.6108,0.7129,0.5896,0.5518,0.5794,0.7129,0.5045,0.6468,0.6175,0.6577,0.0229,0.0195,0.0212,0.0349,0.0394,0.0067,0.0613,0.0013,0.0179,0.0288,0.9109,0.9174,0.9547,0.9210,0.9125,0.9521,0.9567,1.0000,0.9271,1.0000,50.80,180.72,74.19,52.51,59.19,8.94,5.64,235.61,56.99,80.16,0.0000,0.0000,0.0000,0.0000,0.0000,0.0000,0.4551,0.0408,0.0000,0.0000,104304,74663,53998,54750,86225,66964,95775,572442,131417,91336,0,0,0,0,0,0,0,0,0,0,0.0000,0.0000,0.0000,0.0000,0.0000,0.0000,0.0782,0.0782,0.0000,0.0000,0,0,0,0,0,0,0,1,0,0,0,0,0,0,0,0,1,1,0,0,0.1188,0.0736,0.1291,0.0447,0.0809,0.0115,0.0755,0.1027,0.0035,0.1345,0.000,0.000,0.000,0.000,0.000,0.000,0.029,0.148,0.000,0.000,semi-presidential,parliamentary,parliamentary,parliamentary,parliamentary,semi-presidential,semi-presidential,electoral-authoritarian,electoral-authoritarian,parliamentary,0.800,0.800,0.807,0.800,0.800,0.800,0.800,0.500,0.500,0.800,35.4,49.6,37.4,51.4,53.2,54.0,53.5,54.7,57.9,50.8
2026-10-01,1.0070,1.0263,1.0070,0.9971,1.0785,1.0243,1.0004,0.9970,0.9986,1.0133,0.9906,0.9985,1.0857,1.1008,1.0427,0.9977,1.1458,1.1057,1.0021,0.9986,1.0229,1.0497,1.0311,0.9985,3385.63,5029.13,4004.69,2542.37,1888.12,1061.52,206.55,2581.95,1639.87,532.38,1.1862,0.6508,1.0435,1.4078,1.0409,0.5588,1.1452,0.1989,0.2365,0.3200,0.6129,0.7024,0.6036,0.5534,0.5855,0.7106,0.5116,0.6607,0.6442,0.6645,0.0180,0.0155,0.0175,0.0274,0.0312,0.0044,0.0622,0.0019,0.0146,0.0252,0.9392,0.9417,0.9693,0.9445,0.9415,0.9705,0.9634,1.0000,0.9457,1.0000,51.24,181.29,74.54,52.84,59.39,9.05,5.66,237.34,57.67,80.32,0.0000,0.0000,0.0000,0.0000,0.0000,0.0000,0.4554,0.0408,0.0000,0.0000,104304,74663,53998,54750,86225,66964,95775,572442,131417,91336,0,0,0,0,0,0,0,0,0,0,0.0000,0.0000,0.0000,0.0000,0.0000,0.0000,0.0874,0.0874,0.0000,0.0000,0,0,0,0,0,0,0,1,0,0,0,0,0,0,0,0,1,1,0,0,0.1102,0.0697,0.1188,0.0445,0.0779,0.0117,0.0751,0.1027,0.0031,0.1347,0.000,0.000,0.000,0.000,0.000,0.000,0.028,0.148,0.000,0.000,semi-presidential,parliamentary,parliamentary,parliamentary,parliamentary,semi-presidential,semi-presidential,electoral-authoritarian,electoral-authoritarian,parliamentary,0.800,0.800,0.800,0.800,0.800,0.800,0.800,0.500,0.500,0.800,38.4,52.4,39.6,54.5,55.9,57.1,56.1,57.6,61.1,53.3
2026-11-01,1.0079,1.0261,1.0061,0.9927,1.0827,1.0218,0.9993,0.9973,0.9968,1.0161,0.9923,0.9976,1.0874,1.0544,1.0416,0.9929,1.1144,1.0780,1.0009,1.0160,1.0108,1.0467,1.0562,0.9977,3382.14,5032.21,4006.71,2543.76,1887.64,1066.87,206.34,2583.12,1646.19,532.44,1.1894,0.6520,1.0448,1.4110,1.0433,0.5545,1.1486,0.2015,0.2362,0.3053,0.6137,0.6944,0.6178,0.5678,0.5978,0.7117,0.5180,0.6587,0.6492,0.6782,0.0135,0.0097,0.0127,0.0160,0.0185,0.0000,0.0624,0.0017,0.0103,0.0144,0.9799,0.9793,0.9902,0.9787,0.9803,1.0000,0.9700,1.0000,0.9740,1.0000,51.29,181.62,74.89,52.87,59.55,9.18,5.78,237.33,57.57,80.43,0.0000,0.0000,0.0000,0.0000,0.0000,0.0000,0.4613,0.0406,0.0000,0.0000,104304,74663,53998,54750,86225,66964,95775,572442,131417,91336,0,0,0,0,0,0,0,0,0,0,0.0000,0.0000,0.0000,0.0000,0.0000,0.0000,0.0989,0.0989,0.0000,0.0000,0,0,0,0,0,0,0,1,0,0,0,0,0,0,0,0,1,1,0,0,0.1110,0.0698,0.1199,0.0447,0.0785,0.0117,0.0748,0.1032,0.0027,0.1348,0.000,0.000,0.000,0.000,0.000,0.000,0.026,0.149,0.000,0.000,semi-presidential,parliamentary,parliamentary,parliamentary,parliamentary,semi-presidential,semi-presidential,electoral-authoritarian,electoral-authoritarian,parliamentary,0.800,0.800,0.800,0.800,0.800,0.774,0.800,0.500,0.500,0.800,41.4,55.1,41.8,55.8,58.7,61.4,59.6,61.2,64.6,55.9
2026-12-01,1.0050,1.0244,1.0054,0.9903,1.0815,1.0202,0.9981,0.9964,0.9948,1.0181,0.9938,0.9956,1.0788,1.0527,1.0410,0.9970,1.1063,1.0760,0.9998,0.9980,1.0078,1.0473,1.0010,0.9959,3357.19,5039.99,3998.79,2540.97,1892.99,1069.08,205.72,2579.98,1655.45,532.17,1.1995,0.6526,1.0487,1.4148,1.0425,0.5516,1.1579,0.2040,0.2355,0.2908,0.6081,0.6957,0.6091,0.5790,0.6060,0.7183,0.5212,0.6686,0.6491,0.6830,0.0105,0.0094,0.0120,0.0146,0.0146,0.0000,0.0579,0.0012,0.0099,0.0091,0.9801,0.9795,0.9903,0.9789,0.9805,1.0000,0.9695,1.0000,0.9743,1.0000,49.34,179.10,73.84,51.17,57.36,9.19,5.53,227.84,56.56,80.25,0.0000,0.0000,0.0000,0.0000,0.0000,0.0000,0.4614,0.0406,0.0000,0.0000,104304,74663,53998,54750,86225,66964,95775,572442,131417,91336,0,0,0,0,0,0,0,0,0,0,0.0000,0.0000,0.0000,0.0000,0.0000,0.0000,0.1081,0.1081,0.0000,0.0000,0,0,0,0,0,0,0,1,0,0,0,0,0,0,0,0,1,1,0,0,0.1073,0.0672,0.1147,0.0421,0.0748,0.0114,0.0695,0.0985,0.0047,0.1348,0.000,0.000,0.000,0.000,0.000,0.000,0.024,0.149,0.000,0.000,semi-presidential,parliamentary,parliamentary,parliamentary,parliamentary,semi-presidential,semi-presidential,electoral-authoritarian,electoral-authoritarian,parliamentary,0.800,0.800,0.800,0.800,0.800,0.784,0.800,0.500,0.500,0.800,38.7,57.8,44.0,59.0,61.6,64.5,62.4,64.2,68.2,58.6
2027-01-01,1.0026,1.0234,1.0056,0.9885,1.0782,1.0211,0.9944,0.9973,0.9944,1.0195,0.9942,0.9960,1.0787,1.0519,1.0628,0.9894,1.1035,1.0772,0.9966,1.0354,1.0077,1.0279,0.9959,0.9975,3361.50,5055.24,4000.59,2546.92,1891.58,1071.04,204.93,2582.37,1660.69,531.44,1.1994,0.6522,1.0501,1.4141,1.0494,0.5488,1.1646,0.2065,0.2381,0.2818,0.6155,0.6915,0.6022,0.5885,0.6324,0.7171,0.5214,0.6750,0.6765,0.6913,0.0139,0.0104,0.0125,0.0164,0.0175,0.0000,0.0586,0.0014,0.0109,0.0121,0.9799,0.9794,0.9902,0.9786,0.9802,1.0000,0.9679,1.0000,0.9739,1.0000,50.17,180.70,74.50,52.17,58.37,9.29,5.83,231.24,57.25,82.10,0.0000,0.0000,0.0000,0.0000,0.0000,0.0000,0.4620,0.0420,0.0000,0.0000,104304,74663,53998,54750,86225,66964,95775,572442,131417,91336,0,0,0,0,0,0,0,0,0,0,0.0000,0.0000,0.0000,0.0000,0.0000,0.0000,0.1196,0.1196,0.0000,0.0000,0,0,0,0,0,0,0,1,0,0,0,0,0,0,0,0,1,1,0,0,0.1242,0.0744,0.1348,0.0495,0.0878,0.0111,0.0680,0.0998,0.0051,0.1383,0.000,0.000,0.000,0.000,0.000,0.000,0.024,0.150,0.000,0.000,semi-presidential,parliamentary,parliamentary,parliamentary,parliamentary,semi-presidential,semi-presidential,electoral-authoritarian,electoral-authoritarian,parliamentary,0.800,0.800,0.800,0.779,0.800,0.794,0.800,0.500,0.500,0.800,41.7,60.5,46.2,62.0,69.6,67.6,65.9,68.0,70.5,60.2
2027-02-01,0.9999,1.0237,1.0046,0.9854,1.0702,1.0222,0.9916,0.9989,0.9948,1.0181,0.9940,0.9985,1.0776,1.0528,1.0414,0.9857,1.0948,1.0931,0.9931,1.0340,1.0378,1.0243,0.9956,0.9999,3369.78,5075.90,4009.77,2542.58,1897.15,1074.53,204.11,2586.93,1664.72,532.73,1.1976,0.6518,1.0496,1.4182,1.0483,0.5453,1.1709,0.2084,0.2382,0.2678,0.6223,0.6560,0.6225,0.6025,0.6361,0.7198,0.5231,0.6579,0.6884,0.6874,0.0126,0.0101,0.0117,0.0157,0.0171,0.0002,0.0593,0.0026,0.0114,0.0125,0.9794,0.9789,0.9900,0.9782,0.9797,1.0000,0.9680,1.0000,0.9733,1.0000,50.42,183.13,77.44,52.30,58.33,9.43,5.69,232.13,57.50,82.06,0.0000,0.0000,0.0000,0.0000,0.0000,0.0000,0.4604,0.0421,0.0000,0.0000,104304,74663,53998,54750,86225,66964,95775,572442,131417,91336,0,0,0,0,0,0,0,0,0,0,0.0000,0.0000,0.0000,0.0000,0.0000,0.0000,0.1288,0.1288,0.0000,0.0000,0,0,0,0,0,0,0,1,0,0,0,0,0,0,0,0,1,1,0,0,0.1252,0.0758,0.1408,0.0509,0.0893,0.0102,0.0591,0.0976,0.0059,0.1381,0.000,0.000,0.000,0.000,0.000,0.000,0.027,0.150,0.000,0.000,semi-presidential,parliamentary,parliamentary,parliamentary,parliamentary,semi-presidential,semi-presidential,electoral-authoritarian,electoral-authoritarian,parliamentary,0.800,0.800,0.800,0.789,0.800,0.800,0.800,0.500,0.500,0.800,44.8,49.4,48.5,65.4,72.7,70.8,68.7,71.0,74.3,62.6
2027-03-01,1.0006,1.0224,1.0024,0.9825,1.0623,1.0229,0.9900,0.9978,0.9958,1.0167,0.9947,0.9999,1.1183,1.0512,1.0395,0.9827,1.0865,1.0790,0.9914,0.9995,1.0190,1.0220,1.0213,0.9999,3370.76,5072.32,4025.80,2548.11,1900.04,1078.56,203.52,2590.67,1669.83,533.15,1.1981,0.6536,1.0470,1.4164,1.0486,0.5416,1.1759,0.2103,0.2380,0.2528,0.6234,0.6672,0.6433,0.6100,0.6367,0.7148,0.5031,0.6462,0.6749,0.6959,0.0137,0.0118,0.0114,0.0170,0.0181,0.0015,0.0830,0.0016,0.0119,0.0101,0.9798,0.9792,0.9902,0.9785,0.9801,1.0000,0.9682,1.0000,0.9737,1.0000,51.30,183.65,77.71,53.06,59.70,9.31,5.74,238.40,58.36,81.23,0.0000,0.0000,0.0000,0.0000,0.0000,0.0000,0.4603,0.0422,0.0000,0.0000,104304,74663,53998,54750,86225,66964,95775,572442,131417,91336,0,0,0,0,0,0,0,0,0,0,0.0000,0.0000,0.0000,0.0000,0.0000,0.0000,0.1380,0.1380,0.0000,0.0000,0,0,0,0,0,0,0,1,0,0,0,0,0,0,0,0,1,1,0,0,0.1288,0.0760,0.1391,0.0510,0.0887,0.0110,0.0681,0.1025,0.0073,0.1378,0.000,0.000,0.000,0.000,0.000,0.000,0.030,0.151,0.000,0.000,semi-presidential,parliamentary,parliamentary,parliamentary,parliamentary,semi-presidential,semi-presidential,electoral-authoritarian,electoral-authoritarian,parliamentary,0.800,0.800,0.800,0.799,0.800,0.800,0.800,0.500,0.500,0.800,47.8,52.0,50.9,68.8,75.7,73.8,71.4,73.9,78.0,65.3
2027-04-01,1.0037,1.0203,0.9994,0.9824,1.0540,1.0216,0.9892,0.9976,0.9961,1.0165,0.9967,0.9979,1.1824,1.0484,1.0364,1.0190,1.0793,1.0779,0.9907,0.9991,1.0091,1.0406,1.0747,0.9981,3364.12,5072.06,4030.53,2549.22,1900.83,1082.84,202.48,2588.85,1675.68,533.00,1.2010,0.6547,1.0470,1.4168,1.0497,0.5378,1.1875,0.2127,0.2378,0.2380,0.6145,0.6696,0.6361,0.6181,0.6281,0.7175,0.3025,0.6060,0.6818,0.7001,0.0194,0.0155,0.0310,0.0200,0.0229,0.0049,0.0980,0.0015,0.0149,0.0118,0.9807,0.9800,0.9907,0.9794,0.9811,1.0000,0.9689,1.0000,0.9747,1.0000,50.25,182.65,79.06,51.96,58.25,9.38,5.62,232.01,57.50,80.26,0.0000,0.0000,0.0000,0.0000,0.0000,0.0000,0.4603,0.0420,0.0000,0.0000,104304,74663,53998,54750,86225,66964,95775,572442,131417,91336,0,0,0,0,0,0,0,0,0,0,0.0000,0.0000,0.0000,0.0000,0.0000,0.0000,0.1472,0.1472,0.0000,0.0000,0,0,0,0,0,0,0,1,0,0,0,0,0,0,0,0,1,1,0,0,0.0842,0.0572,0.0881,0.0321,0.0560,0.0104,0.0565,0.1005,0.0043,0.1381,0.000,0.000,0.000,0.000,0.000,0.000,0.028,0.152,0.000,0.000,semi-presidential,parliamentary,parliamentary,parliamentary,parliamentary,semi-presidential,semi-presidential,electoral-authoritarian,electoral-authoritarian,parliamentary,0.800,0.800,0.800,0.800,0.800,0.800,0.060,0.500,0.500,0.800,51.6,54.6,53.2,72.3,78.7,76.9,73.8,76.6,81.8,68.1
2027-05-01,1.0075,1.0166,0.9959,0.9826,1.0471,1.0195,0.9897,0.9966,0.9958,1.0159,0.9993,0.9957,1.1138,1.0438,1.0330,1.0355,1.0728,1.0755,1.0520,0.9985,1.0357,1.0186,1.0845,0.9958,3353.59,5060.21,4024.52,2547.65,1898.74,1087.00,201.10,2591.78,1682.86,533.02,1.2049,0.6572,1.0551,1.4214,1.0522,0.5340,1.1977,0.2152,0.2374,0.2231,0.5990,0.6629,0.5971,0.6055,0.6146,0.7217,0.2902,0.6340,0.6865,0.7073,0.0162,0.0133,0.0273,0.0254,0.0199,0.0009,0.0994,0.0029,0.0132,0.0153,0.9811,0.9804,0.9907,0.9799,0.9816,1.0000,0.9690,1.0000,0.9752,1.0000,51.13,180.96,76.77,52.47,58.52,9.44,5.50,235.91,57.92,80.83,0.0000,0.0000,0.0000,0.0000,0.0000,0.0000,0.4602,0.0425,0.0000,0.0000,104304,74663,53998,54750,86225,66964,95775,572442,131417,91336,0,0,0,0,0,0,0,0,0,0,0.0000,0.0000,0.0000,0.0000,0.0000,0.0000,0.1587,0.1587,0.0000,0.0000,0,0,0,0,0,0,0,1,0,0,0,0,0,0,0,0,1,1,0,0,0.1175,0.0690,0.1258,0.0443,0.0798,0.0105,0.0609,0.1014,0.0044,0.1415,0.000,0.000,0.000,0.000,0.000,0.000,0.025,0.153,0.000,0.000,semi-presidential,parliamentary,parliamentary,parliamentary,parliamentary,semi-presidential,semi-presidential,electoral-authoritarian,electoral-authoritarian,parliamentary,0.800,0.800,0.800,0.800,0.800,0.800,0.072,0.500,0.500,0.800,30.0,57.1,56.4,75.7,81.6,80.0,76.4,80.0,85.6,70.8
2027-06-01,1.0109,1.0116,0.9933,0.9845,1.0428,1.0138,0.9928,0.9963,0.9975,1.0111,1.0029,0.9955,1.1621,1.0397,1.0307,1.0363,1.0668,1.0694,1.0729,1.0759,1.0239,1.0138,1.1260,0.9966,3360.96,5055.86,4029.82,2556.07,1901.32,1088.17,200.09,2591.68,1691.91,534.39,1.2021,0.6584,1.0547,1.4184,1.0520,0.5318,1.2052,0.2176,0.2367,0.2077,0.6002,0.6554,0.6035,0.5972,0.6181,0.7170,0.2884,0.5999,0.6848,0.7072,0.0247,0.0161,0.0354,0.0279,0.0262,0.0034,0.1050,0.0034,0.0148,0.0223,0.9807,0.9801,0.9905,0.9795,0.9812,1.0000,0.9684,1.0000,0.9748,1.0000,50.43,179.28,75.55,52.62,57.73,9.44,5.36,233.15,57.92,80.26,0.0000,0.0000,0.0000,0.0000,0.0000,0.0000,0.4601,0.0426,0.0000,0.0000,104304,74663,53998,54750,86225,66964,95775,572442,131417,91336,0,0,0,0,0,0,0,0,0,0,0.0000,0.0000,0.0000,0.0000,0.0000,0.0000,0.1679,0.1679,0.0000,0.0000,0,0,0,0,0,0,0,1,0,0,0,0,0,0,0,0,1,1,0,0,0.1287,0.0730,0.1386,0.0484,0.0878,0.0111,0.0665,0.1024,0.0045,0.1414,0.000,0.000,0.000,0.000,0.000,0.000,0.024,0.154,0.000,0.000,semi-presidential,parliamentary,parliamentary,parliamentary,parliamentary,semi-presidential,semi-presidential,electoral-authoritarian,electoral-authoritarian,parliamentary,0.800,0.800,0.800,0.800,0.800,0.800,0.081,0.500,0.500,0.800,32.7,59.6,58.6,89.5,84.6,83.1,78.4,82.7,89.4,73.6
2027-07-01,1.0136,1.0069,0.9928,0.9856,1.0383,1.0082,0.9953,0.9997,0.9981,1.0062,1.0050,0.9968,1.1281,1.0346,1.0302,1.0481,1.0625,1.0632,1.0708,1.1467,1.0170,1.0073,1.0636,0.9975,3363.52,5079.21,4029.05,2556.33,1908.92,1090.47,199.31,2594.64,1698.47,534.31,1.2010,0.6558,1.0556,1.4192,1.0489,0.5290,1.2162,0.2199,0.2364,0.1929,0.6070,0.6624,0.6164,0.6009,0.6166,0.7277,0.3326,0.6030,0.6922,0.7042,0.0230,0.0149,0.0350,0.0306,0.0241,0.0014,0.1053,0.0033,0.0130,0.0234,0.9809,0.9802,0.9906,0.9797,0.9814,1.0000,0.9682,1.0000,0.9750,1.0000,51.21,180.60,75.86,53.62,58.48,9.74,5.32,236.19,58.24,80.76,0.0000,0.0000,0.0000,0.0000,0.0000,0.0000,0.4601,0.0426,0.0000,0.0000,104304,74663,53998,54750,86225,66964,95775,572442,131417,91336,0,0,0,0,0,0,0,0,0,0,0.0000,0.0000,0.0000,0.0000,0.0000,0.0000,0.1771,0.1771,0.0000,0.0000,0,0,0,0,0,0,0,1,0,0,0,0,0,0,0,0,1,1,0,0,0.1303,0.0740,0.1399,0.0535,0.0931,0.0113,0.0672,0.1035,0.0055,0.1413,0.000,0.000,0.000,0.000,0.000,0.000,0.026,0.155,0.000,0.000,semi-presidential,parliamentary,parliamentary,parliamentary,parliamentary,semi-presidential,semi-presidential,electoral-authoritarian,electoral-authoritarian,parliamentary,0.800,0.800,0.800,0.800,0.800,0.800,0.090,0.500,0.500,0.800,35.4,62.1,60.9,92.9,88.2,86.3,80.5,85.3,93.2,76.3
2027-08-01,1.0145,1.0012,0.9948,0.9893,1.0351,1.0039,0.9958,1.0032,0.9996,1.0017,1.0046,0.9983,1.0948,1.0275,1.1696,1.0612,1.0587,1.0575,0.9972,1.0869,1.0650,1.0029,1.0063,0.9990,3366.27,5082.44,4034.40,2560.08,1911.40,1092.65,198.42,2595.78,1707.54,536.57,1.2000,0.6557,1.0547,1.4180,1.0481,0.5274,1.2230,0.2230,0.2357,0.1793,0.6216,0.6613,0.6297,0.5994,0.6296,0.7327,0.3200,0.6316,0.6711,0.7023,0.0238,0.0188,0.0352,0.0381,0.0281,0.0001,0.0753,0.0037,0.0217,0.0180,0.9818,0.9810,0.9910,0.9806,0.9825,1.0000,0.9686,1.0000,0.9760,1.0000,50.31,177.47,74.50,52.59,56.79,10.15,5.15,227.70,56.92,81.59,0.0000,0.0000,0.0000,0.0000,0.0000,0.0000,0.4600,0.0427,0.0000,0.0000,104304,74663,53998,54750,86225,66964,95775,572442,131417,91336,0,0,0,0,0,0,0,0,0,0,0.0000,0.0000,0.0000,0.0000,0.0000,0.0000,0.1886,0.1886,0.0000,0.0000,0,0,0,0,0,0,0,1,0,0,0,0,0,0,0,0,1,1,0,0,0.1313,0.0744,0.1409,0.0543,0.0941,0.0114,0.0666,0.0991,0.0062,0.1411,0.000,0.000,0.000,0.000,0.000,0.000,0.028,0.155,0.000,0.000,semi-presidential,parliamentary,parliamentary,parliamentary,parliamentary,semi-presidential,semi-presidential,electoral-authoritarian,electoral-authoritarian,parliamentary,0.800,0.800,0.800,0.800,0.800,0.800,0.102,0.500,0.500,0.800,36.1,64.7,63.2,96.2,30.0,87.3,83.2,88.7,96.9,79.1
2027-09-01,1.0163,0.9941,0.9981,0.9915,1.0277,1.0004,0.9937,1.0060,1.0022,0.9992,1.0026,0.9986,1.1090,1.0207,1.1815,1.0647,1.0520,1.0537,0.9950,1.0717,1.0712,0.9997,1.0040,0.9987,3368.30,5103.06,4048.14,2564.03,1914.53,1099.03,197.61,2600.32,1711.17,537.98,1.1990,0.6531,1.0513,1.4168,1.0464,0.5297,1.2290,0.2252,0.2358,0.1660,0.6240,0.6682,0.6267,0.5999,0.6318,0.7321,0.2862,0.6362,0.6709,0.7049,0.0238,0.0196,0.0349,0.0393,0.0286,0.0001,0.0983,0.0037,0.0225,0.0167,0.9821,0.9813,0.9911,0.9809,0.9828,1.0000,0.9683,1.0000,0.9764,1.0000,51.59,181.40,76.81,52.95,58.73,10.51,5.27,234.51,57.99,81.37,0.0000,0.0000,0.0000,0.0000,0.0000,0.0000,0.4600,0.0427,0.0000,0.0000,104304,74663,53998,54750,86225,66964,95775,572442,131417,91336,0,0,0,0,0,0,0,0,0,0,0.0000,0.0000,0.0000,0.0000,0.0000,0.0000,0.1978,0.1978,0.0000,0.0000,0,0,0,0,0,0,0,1,0,0,0,0,0,0,0,0,1,1,0,0,0.1231,0.0720,0.1317,0.0510,0.0882,0.0113,0.0607,0.1017,0.0061,0.1406,0.000,0.000,0.000,0.000,0.000,0.000,0.029,0.156,0.000,0.000,semi-presidential,parliamentary,parliamentary,parliamentary,parliamentary,semi-presidential,semi-presidential,electoral-authoritarian,electoral-authoritarian,parliamentary,0.800,0.800,0.800,0.800,0.800,0.800,0.161,0.500,0.500,0.800,38.9,67.2,65.6,99.6,32.8,92.4,85.2,91.5,100.0,81.5
2027-10-01,1.0180,0.9871,1.0005,0.9953,1.0206,0.9980,0.9942,1.0070,1.0046,0.9976,1.0015,0.9973,1.1030,1.0129,1.0953,1.0540,1.0450,1.0507,0.9953,1.0102,1.0912,0.9982,1.0128,0.9974,3377.41,5118.04,4038.95,2563.68,1917.69,1104.98,196.55,2600.62,1715.35,539.90,1.1956,0.6510,1.0537,1.4175,1.0445,0.5252,1.2366,0.2284,0.2359,0.1506,0.6239,0.6660,0.6257,0.6064,0.6513,0.7309,0.2978,0.6274,0.6527,0.7059,0.0151,0.0152,0.0257,0.0317,0.0212,0.0000,0.0793,0.0039,0.0158,0.0121,0.9817,0.9809,0.9909,0.9805,0.9823,1.0000,0.9672,1.0000,0.9758,1.0000,51.90,184.67,78.36,52.83,59.35,10.70,5.31,235.96,58.69,82.13,0.0000,0.0000,0.0000,0.0000,0.0000,0.0000,0.4591,0.0426,0.0000,0.0000,104304,74663,53998,54750,86225,66964,95775,572442,131417,91336,0,0,0,0,0,0,0,0,0,0,0.0000,0.0000,0.0000,0.0000,0.0000,0.0000,0.2093,0.2093,0.0000,0.0000,0,0,0,0,0,0,0,1,0,0,0,0,0,0,0,0,1,1,0,0,0.1153,0.0690,0.1228,0.0472,0.0820,0.0116,0.0602,0.1010,0.0051,0.1402,0.000,0.000,0.000,0.000,0.000,0.000,0.027,0.158,0.000,0.000,semi-presidential,parliamentary,parliamentary,parliamentary,parliamentary,semi-presidential,semi-presidential,electoral-authoritarian,electoral-authoritarian,parliamentary,0.800,0.800,0.800,0.800,0.800,0.800,0.172,0.500,0.500,0.800,41.7,69.8,67.9,100.0,24.3,95.6,87.6,94.9,100.0,84.2
2027-11-01,1.0197,0.9812,1.0037,0.9994,1.0129,0.9970,0.9961,1.0075,1.0068,0.9974,1.0007,0.9956,1.1096,1.0064,1.0406,1.0615,1.0363,1.0489,1.0459,1.0090,1.0775,1.0115,1.0024,0.9959,3378.55,5097.75,4012.38,2565.54,1917.95,1105.74,195.20,2600.39,1721.10,541.06,1.1947,0.6535,1.0606,1.4169,1.0441,0.5237,1.2458,0.2308,0.2357,0.1356,0.6195,0.6585,0.6195,0.5937,0.6373,0.7247,0.2928,0.6188,0.6444,0.7095,0.0119,0.0134,0.0225,0.0307,0.0173,0.0000,0.0956,0.0036,0.0120,0.0120,0.9826,0.9818,0.9913,0.9815,0.9833,1.0000,0.9674,1.0000,0.9770,1.0000,52.11,183.23,77.17,53.19,59.24,10.84,5.26,235.85,58.92,81.85,0.0000,0.0000,0.0000,0.0000,0.0000,0.0000,0.4590,0.0420,0.0000,0.0000,104304,74663,53998,54750,86225,66964,95775,572442,131417,91336,0,0,0,0,0,0,0,0,0,0,0.0000,0.0000,0.0000,0.0000,0.0000,0.0000,0.2185,0.2185,0.0000,0.0000,0,0,0,0,0,0,0,1,0,0,0,0,0,0,0,0,1,1,0,0,0.1067,0.0649,0.1130,0.0431,0.0753,0.0116,0.0577,0.1012,0.0043,0.1400,0.000,0.000,0.000,0.000,0.000,0.000,0.026,0.159,0.000,0.000,semi-presidential,parliamentary,parliamentary,parliamentary,parliamentary,semi-presidential,semi-presidential,electoral-authoritarian,electoral-authoritarian,parliamentary,0.800,0.800,0.800,0.800,0.800,0.800,0.181,0.500,0.500,0.800,44.4,72.3,78.2,100.0,27.1,30.0,89.6,97.7,100.0,87.0
2027-12-01,1.0209,0.9768,1.0020,1.0030,1.0063,0.9943,0.9974,1.0068,1.0080,0.9988,0.9985,0.9948,1.1028,1.0024,1.0364,1.0608,1.0299,1.0449,1.0625,1.0083,1.0205,1.0796,0.9998,0.9947,3365.46,5082.03,4025.62,2562.54,1917.34,1112.35,194.00,2603.39,1725.72,542.21,1.1990,0.6555,1.0611,1.4188,1.0440,0.5186,1.2541,0.2327,0.2357,0.1206,0.6116,0.6614,0.6286,0.5938,0.6257,0.7283,0.3040,0.6168,0.6565,0.7039,0.0121,0.0130,0.0212,0.0298,0.0157,0.0000,0.0766,0.0017,0.0099,0.0110,0.9822,0.9814,0.9911,0.9810,0.9828,1.0000,0.9662,1.0000,0.9765,1.0000,51.97,184.52,77.90,53.39,59.50,10.89,5.25,236.24,59.29,82.24,0.0000,0.0000,0.0000,0.0000,0.0000,0.0000,0.4577,0.0390,0.0000,0.0000,104304,74663,53998,54750,86225,66964,95775,572442,131417,91336,0,0,0,0,0,0,0,0,0,0,0.0000,0.0000,0.0000,0.0000,0.0000,0.0000,0.2277,0.2277,0.0000,0.0000,0,0,0,0,0,0,0,1,0,0,0,0,0,0,0,0,1,1,0,0,0.1287,0.0736,0.1382,0.0522,0.0917,0.0121,0.0588,0.1001,0.0042,0.1398,0.000,0.000,0.000,0.000,0.000,0.000,0.024,0.159,0.000,0.000,semi-presidential,parliamentary,parliamentary,parliamentary,parliamentary,semi-presidential,semi-presidential,electoral-authoritarian,electoral-authoritarian,parliamentary,0.800,0.800,0.800,0.800,0.800,0.800,0.191,0.500,0.500,0.800,47.2,74.8,75.5,100.0,30.6,33.0,91.5,100.0,100.0,89.7
2028-01-01,1.0209,0.9740,1.0000,1.0044,0.9990,0.9896,0.9988,1.0041,1.0084,1.0023,0.9968,0.9941,1.0974,0.9980,1.0347,1.0417,1.0232,1.0396,1.0316,1.0061,1.0277,1.0551,0.9983,0.9943,3371.52,5085.55,4008.55,2564.41,1920.61,1115.28,192.75,2605.35,1732.21,542.45,1.1967,0.6552,1.0656,1.4177,1.0421,0.5153,1.2626,0.2352,0.2354,0.1058,0.6144,0.6692,0.6236,0.5986,0.6281,0.7296,0.3104,0.6168,0.6820,0.7019,0.0107,0.0099,0.0197,0.0212,0.0148,0.0000,0.0735,0.0016,0.0096,0.0099,0.9830,0.9823,0.9915,0.9819,0.9835,1.0000,0.9655,1.0000,0.9776,1.0000,52.10,186.85,79.40,52.74,59.85,10.72,5.26,237.19,59.95,82.26,0.0000,0.0000,0.0000,0.0000,0.0000,0.0000,0.4586,0.0396,0.0000,0.0000,104304,74663,53998,54750,86225,66964,95775,572442,131417,91336,0,0,0,0,0,0,0,0,0,0,0.0000,0.0000,0.0000,0.0000,0.0000,0.0000,0.2392,0.2392,0.0000,0.0000,0,0,0,0,0,0,0,1,0,0,0,0,0,0,0,0,1,1,0,0,0.1125,0.0726,0.1202,0.0451,0.0794,0.0115,0.0556,0.0996,0.0036,0.1396,0.000,0.000,0.000,0.000,0.000,0.000,0.024,0.160,0.000,0.000,semi-presidential,parliamentary,parliamentary,parliamentary,parliamentary,semi-presidential,semi-presidential,electoral-authoritarian,electoral-authoritarian,parliamentary,0.800,0.800,0.800,0.800,0.800,0.800,0.202,0.500,0.500,0.800,52.6,77.0,77.8,100.0,33.3,36.0,94.1,100.0,100.0,92.5
2028-02-01,1.0201,0.9716,0.9978,1.0025,0.9912,0.9884,0.9982,0.9995,1.0085,1.0054,0.9970,0.9936,1.0968,0.9964,1.0330,1.0032,1.0145,1.0377,0.9998,1.0010,1.0218,1.0433,0.9985,0.9939,3376.80,5097.11,4011.72,2564.15,1923.43,1115.97,191.29,2608.70,1737.43,545.36,1.1949,0.6540,1.0646,1.4179,1.0404,0.5130,1.2724,0.2368,0.2353,0.0759,0.6230,0.6778,0.6334,0.6065,0.6313,0.7211,0.3140,0.6006,0.6894,0.7090,0.0100,0.0091,0.0088,0.0143,0.0142,0.0000,0.0621,0.0013,0.0095,0.0086,0.9823,0.9817,0.9911,0.9811,0.9827,1.0000,0.9646,1.0000,0.9767,1.0000,51.80,187.15,79.28,53.02,60.72,10.24,5.28,238.19,60.78,82.70,0.0000,0.0000,0.0000,0.0000,0.0000,0.0000,0.4577,0.0400,0.0000,0.0000,104304,74663,53998,54750,86225,66964,95775,572442,131417,91336,0,0,0,0,0,0,0,0,0,0,0.0000,0.0000,0.0000,0.0000,0.0000,0.0000,0.2484,0.2484,0.0000,0.0000,0,0,0,0,0,0,0,1,0,0,0,0,0,0,0,0,1,1,0,0,0.1324,0.0831,0.1379,0.0522,0.0901,0.0106,0.0541,0.0991,0.0031,0.1354,0.000,0.000,0.000,0.000,0.000,0.000,0.023,0.161,0.000,0.000,semi-presidential,parliamentary,parliamentary,parliamentary,parliamentary,semi-presidential,semi-presidential,electoral-authoritarian,electoral-authoritarian,parliamentary,0.800,0.800,0.800,0.800,0.800,0.800,0.211,0.500,0.500,0.800,55.4,79.3,78.7,100.0,36.1,39.0,96.1,100.0,100.0,98.0
2028-03-01,1.0212,0.9723,0.9991,0.9970,0.9835,0.9888,0.9983,0.9965,1.0073,1.0068,0.9956,0.9948,1.1116,1.0248,1.0674,0.9979,1.0065,1.0385,1.0587,0.9980,1.0208,1.0119,0.9971,0.9952,3378.25,5110.13,4010.12,2561.32,1924.60,1120.34,190.74,2611.37,1746.32,545.36,1.1945,0.6535,1.0648,1.4195,1.0398,0.5121,1.2761,0.2384,0.2347,0.0759,0.6289,0.7003,0.6471,0.6000,0.6400,0.7279,0.3214,0.6106,0.6911,0.7090,0.0181,0.0141,0.0153,0.0200,0.0215,0.0029,0.0844,0.0014,0.0138,0.0117,0.9570,0.9574,0.9779,0.9595,0.9593,0.9810,0.9601,1.0000,0.9579,1.0000,52.22,186.63,78.44,53.04,61.21,9.94,5.45,241.15,61.43,82.19,0.0000,0.0000,0.0000,0.0000,0.0000,0.0000,0.4590,0.0413,0.0000,0.0000,104304,74663,53998,54750,86225,66964,95775,572442,131417,91336,0,0,0,0,0,0,0,0,0,0,0.0000,0.0000,0.0000,0.0000,0.0000,0.0000,0.2576,0.2576,0.0000,0.0000,0,0,0,0,0,0,0,1,0,0,0,0,0,0,0,0,1,1,0,0,0.1333,0.0834,0.1387,0.0585,0.0909,0.0108,0.0557,0.1025,0.0037,0.1358,0.000,0.000,0.000,0.000,0.000,0.000,0.024,0.162,0.000,0.000,semi-presidential,parliamentary,parliamentary,parliamentary,parliamentary,semi-presidential,semi-presidential,electoral-authoritarian,electoral-authoritarian,parliamentary,0.800,0.800,0.800,0.800,0.800,0.800,0.221,0.500,0.500,0.800,58.2,81.6,81.1,100.0,38.9,42.0,98.1,100.0,100.0,98.0
2028-04-01,1.0219,0.9745,0.9994,0.9918,0.9773,0.9899,1.0006,0.9963,1.0050,1.0072,0.9930,0.9975,1.1016,1.0171,1.0524,0.9919,1.0005,1.0391,1.0855,1.0086,1.0184,1.0385,0.9949,0.9984,3385.15,5112.52,4027.04,2573.61,1933.07,1124.31,189.85,2624.90,1755.68,545.57,1.1923,0.6533,1.0601,1.4129,1.0353,0.5084,1.2820,0.2394,0.2340,0.0468,0.6364,0.6948,0.6574,0.6043,0.6568,0.7280,0.3206,0.6252,0.6761,0.7079,0.0167,0.0121,0.0150,0.0176,0.0196,0.0017,0.0654,0.0018,0.0123,0.0134,0.9666,0.9657,0.9830,0.9675,0.9691,0.9876,0.9627,1.0000,0.9641,1.0000,51.80,186.13,78.30,52.96,60.77,9.95,5.34,239.62,61.44,82.84,0.0000,0.0000,0.0000,0.0000,0.0000,0.0000,0.4583,0.0404,0.0000,0.0000,104304,74663,53998,54750,86225,66964,95775,572442,131417,91336,0,0,0,0,0,0,0,0,0,0,0.0000,0.0000,0.0000,0.0000,0.0000,0.0000,0.2691,0.2691,0.0000,0.0000,0,0,0,0,0,0,0,1,0,0,0,0,0,0,0,0,1,1,0,0,0.1354,0.0852,0.1409,0.0603,0.0991,0.0161,0.0595,0.1026,0.0090,0.1359,0.000,0.000,0.000,0.000,0.000,0.000,0.027,0.159,0.000,0.000,semi-presidential,parliamentary,parliamentary,parliamentary,parliamentary,semi-presidential,semi-presidential,electoral-authoritarian,electoral-authoritarian,parliamentary,0.800,0.800,0.800,0.800,0.784,0.800,0.232,0.500,0.500,0.800,61.1,83.3,83.5,100.0,42.9,45.0,100.0,100.0,100.0,100.0
2028-05-01,1.0216,0.9756,0.9996,0.9881,0.9752,0.9911,1.0019,0.9961,1.0040,1.0066,0.9911,0.9991,1.1027,1.0023,1.0724,0.9884,0.9975,1.0417,1.0034,0.9975,1.0174,1.0116,0.9930,0.9993,3394.23,5119.23,4046.57,2583.80,1932.18,1128.04,189.38,2624.82,1768.95,547.19,1.1933,0.6546,1.0548,1.4074,1.0359,0.5048,1.2851,0.2412,0.2329,0.0320,0.6564,0.7095,0.6682,0.6231,0.6707,0.7366,0.3230,0.6115,0.6774,0.7054,0.0132,0.0109,0.0117,0.0175,0.0173,0.0000,0.0604,0.0010,0.0115,0.0091,0.9807,0.9800,0.9904,0.9794,0.9811,1.0000,0.9646,1.0000,0.9746,1.0000,51.65,185.97,78.48,52.93,60.44,9.99,5.34,238.71,61.45,82.97,0.0000,0.0000,0.0000,0.0000,0.0000,0.0000,0.4584,0.0435,0.0000,0.0000,104304,74663,53998,54750,86225,66964,95775,572442,131417,91336,0,0,0,0,0,0,0,0,0,0,0.0000,0.0000,0.0000,0.0000,0.0000,0.0000,0.2783,0.2783,0.0000,0.0000,0,0,0,0,0,0,0,1,0,0,0,0,0,0,0,0,1,1,0,0,0.1372,0.0865,0.1424,0.0616,0.1005,0.0178,0.0658,0.1043,0.0103,0.1358,0.000,0.000,0.000,0.000,0.000,0.000,0.027,0.158,0.000,0.000,semi-presidential,parliamentary,parliamentary,parliamentary,parliamentary,semi-presidential,semi-presidential,electoral-authoritarian,electoral-authoritarian,parliamentary,0.800,0.830,0.800,0.800,0.794,0.800,0.241,0.500,0.500,0.800,59.0,85.7,86.0,100.0,45.8,48.1,100.0,100.0,100.0,100.0
2028-06-01,1.0215,0.9769,0.9967,0.9856,0.9735,0.9911,1.0022,0.9964,1.0042,1.0061,0.9902,0.9981,1.1054,1.0550,1.0354,0.9897,0.9959,1.0414,1.0071,1.0322,1.0174,1.0102,0.9975,0.9981,3397.03,5133.82,4050.08,2591.40,1936.96,1137.66,188.57,2626.36,1781.79,547.73,1.1924,0.6529,1.0540,1.4033,1.0333,0.4987,1.2906,0.2428,0.2322,0.0325,0.6463,0.7213,0.6566,0.6251,0.6647,0.7436,0.3286,0.6325,0.6948,0.6987,0.0194,0.0159,0.0169,0.0208,0.0228,0.0046,0.0654,0.0014,0.0152,0.0111,0.9338,0.9372,0.9657,0.9398,0.9355,0.9669,0.9554,1.0000,0.9416,1.0000,51.92,186.59,78.78,53.24,60.82,10.08,5.31,240.30,62.29,83.32,0.0000,0.0000,0.0000,0.0000,0.0000,0.0000,0.4584,0.0435,0.0000,0.0000,104304,74663,53998,54750,86225,66964,95775,572442,131417,91336,0,0,0,0,0,0,0,0,0,0,0.0000,0.0000,0.0000,0.0000,0.0000,0.0000,0.2875,0.2875,0.0000,0.0000,0,0,0,0,0,0,0,1,0,0,0,0,0,0,0,0,1,1,0,0,0.1253,0.0804,0.1286,0.0554,0.0906,0.0168,0.0649,0.1021,0.0090,0.1363,0.000,0.000,0.000,0.000,0.000,0.000,0.024,0.159,0.000,0.000,semi-presidential,parliamentary,parliamentary,parliamentary,parliamentary,semi-presidential,semi-presidential,electoral-authoritarian,electoral-authoritarian,parliamentary,0.800,0.820,0.800,0.800,0.800,0.800,0.250,0.500,0.500,0.800,62.0,88.1,91.0,100.0,48.8,51.1,100.0,100.0,100.0,100.0
2028-07-01,1.0235,0.9788,0.9931,0.9836,0.9723,0.9918,1.0033,0.9987,1.0049,1.0052,0.9912,0.9960,1.1439,1.0524,1.0312,0.9837,0.9950,1.0418,1.0651,1.0451,1.0485,1.0097,1.0315,0.9962,3395.27,5140.86,4050.30,2595.57,1939.58,1142.76,187.96,2625.83,1783.45,549.17,1.1932,0.6522,1.0510,1.4011,1.0319,0.4947,1.2949,0.2450,0.2321,0.0177,0.6326,0.7189,0.6535,0.6237,0.6508,0.7485,0.3128,0.6241,0.6866,0.7004,0.0240,0.0172,0.0204,0.0222,0.0274,0.0058,0.0898,0.0033,0.0171,0.0163,0.9386,0.9413,0.9683,0.9438,0.9406,0.9700,0.9569,1.0000,0.9447,1.0000,52.07,187.73,79.55,53.74,61.40,10.35,5.36,241.83,62.64,83.00,0.0000,0.0000,0.0000,0.0000,0.0000,0.0000,0.4584,0.0436,0.0000,0.0000,104304,74663,53998,54750,86225,66964,95775,572442,131417,91336,0,0,0,0,0,0,0,0,0,0,0.0000,0.0000,0.0000,0.0000,0.0000,0.0000,0.2990,0.2990,0.0000,0.0000,0,0,0,0,0,0,0,1,0,0,0,0,0,0,0,0,1,1,0,0,0.1134,0.0747,0.1159,0.0496,0.0814,0.0156,0.0644,0.1037,0.0075,0.1366,0.000,0.000,0.000,0.000,0.000,0.000,0.020,0.161,0.000,0.000,semi-presidential,parliamentary,parliamentary,parliamentary,parliamentary,semi-presidential,semi-presidential,electoral-authoritarian,electoral-authoritarian,parliamentary,0.800,0.811,0.800,0.800,0.800,0.800,0.262,0.500,0.500,0.800,64.8,90.5,92.3,100.0,51.6,54.3,100.0,100.0,100.0,100.0
2028-08-01,1.0243,0.9814,0.9889,0.9817,0.9737,0.9917,1.0023,1.0009,1.0052,1.0059,0.9906,0.9950,1.1039,1.0514,1.0259,0.9821,1.0178,1.0407,1.0038,1.0554,1.0183,1.0375,0.9922,0.9952,3410.21,5142.03,4036.26,2598.51,1939.63,1146.90,187.18,2628.55,1793.31,550.96,1.1881,0.6522,1.0549,1.3955,1.0320,0.4905,1.3004,0.2465,0.2315,0.0029,0.6332,0.7127,0.6428,0.6189,0.6456,0.7499,0.3157,0.6223,0.6823,0.7033,0.0185,0.0146,0.0174,0.0232,0.0270,0.0040,0.0644,0.0017,0.0140,0.0191,0.9416,0.9439,0.9698,0.9465,0.9437,0.9713,0.9577,1.0000,0.9472,1.0000,51.95,188.61,80.17,53.92,61.15,10.64,5.25,239.67,62.68,84.52,0.0000,0.0000,0.0000,0.0000,0.0000,0.0000,0.4572,0.0417,0.0000,0.0000,104304,74663,53998,54750,86225,66964,95775,572442,131417,91336,0,0,0,0,0,0,0,0,0,0,0.0000,0.0000,0.0000,0.0000,0.0000,0.0000,0.3082,0.3082,0.0000,0.0000,0,0,0,0,0,0,0,1,0,0,0,0,0,0,0,0,1,1,0,0,0.1337,0.0841,0.1390,0.0591,0.0974,0.0158,0.0674,0.1008,0.0079,0.1370,0.000,0.000,0.000,0.000,0.000,0.000,0.017,0.163,0.000,0.000,semi-presidential,parliamentary,parliamentary,parliamentary,parliamentary,semi-presidential,semi-presidential,electoral-authoritarian,electoral-authoritarian,parliamentary,0.800,0.801,0.770,0.800,0.800,0.800,0.271,0.500,0.500,0.800,67.6,92.9,94.7,100.0,54.5,58.4,100.0,100.0,100.0,100.0
2028-09-01,1.0225,0.9833,0.9866,0.9803,0.9777,0.9902,1.0052,1.0024,1.0046,1.0074,0.9909,0.9945,1.1013,1.0344,1.0251,1.0057,1.0265,1.0407,1.1891,1.0430,1.0177,1.0465,0.9923,0.9946,3407.93,5149.26,4042.26,2609.64,1948.62,1152.70,186.89,2631.49,1800.09,552.78,1.1891,0.6516,1.0538,1.3897,1.0273,0.4862,1.3026,0.2484,0.2312,-0.0118,0.6337,0.7180,0.6222,0.6202,0.6458,0.7514,0.3065,0.6026,0.6723,0.6998,0.0206,0.0126,0.0340,0.0222,0.0289,0.0023,0.0784,0.0026,0.0128,0.0274,0.9596,0.9594,0.9794,0.9613,0.9620,0.9837,0.9622,1.0000,0.9587,1.0000,51.33,188.90,82.12,53.47,60.00,10.89,5.17,234.27,61.82,84.87,0.0000,0.0000,0.0000,0.0000,0.0000,0.0000,0.4581,0.0413,0.0000,0.0000,104304,74663,53998,54750,86225,66964,95775,572442,131417,91336,0,0,0,0,0,0,0,0,0,0,0.0000,0.0000,0.0000,0.0000,0.0000,0.0000,0.3197,0.3197,0.0000,0.0000,0,0,0,0,0,0,0,1,0,0,0,0,0,0,0,0,1,1,0,0,0.1193,0.0773,0.1222,0.0521,0.0856,0.0155,0.0664,0.0999,0.0071,0.1373,0.000,0.000,0.000,0.000,0.000,0.000,0.014,0.163,0.000,0.000,semi-presidential,parliamentary,parliamentary,parliamentary,parliamentary,semi-presidential,semi-presidential,electoral-authoritarian,electoral-authoritarian,parliamentary,0.800,0.800,0.785,0.800,0.800,0.800,0.283,0.500,0.500,0.800,70.5,97.8,98.2,100.0,57.3,61.6,100.0,100.0,100.0,100.0
2028-10-01,1.0207,0.9846,0.9852,0.9799,0.9828,0.9873,1.0084,1.0017,1.0032,1.0077,0.9899,0.9951,1.1020,1.0130,1.0239,0.9954,1.0324,1.0368,1.0816,1.0033,1.0160,1.0114,0.9915,0.9957,3420.96,5152.66,4046.19,2617.79,1959.74,1157.79,186.43,2634.00,1805.24,551.95,1.1847,0.6513,1.0531,1.3855,1.0216,0.4823,1.3058,0.2500,0.2311,-0.0266,0.6394,0.7235,0.6304,0.6274,0.6516,0.7466,0.3421,0.5952,0.6724,0.6910,0.0130,0.0100,0.0214,0.0199,0.0229,0.0000,0.0684,0.0014,0.0106,0.0207,0.9796,0.9790,0.9899,0.9782,0.9799,1.0000,0.9646,1.0000,0.9732,1.0000,52.04,188.00,80.73,52.87,60.48,10.88,5.11,238.37,62.19,84.34,0.0000,0.0000,0.0000,0.0000,0.0000,0.0000,0.4583,0.0437,0.0000,0.0000,104304,74663,53998,54750,86225,66964,95775,572442,131417,91336,0,0,0,0,0,0,0,0,0,0,0.0000,0.0000,0.0000,0.0000,0.0000,0.0000,0.3289,0.3289,0.0000,0.0000,0,0,0,0,0,0,0,1,0,0,0,0,0,0,0,0,1,1,0,0,0.1346,0.0838,0.1388,0.0583,0.0973,0.0160,0.0680,0.1019,0.0079,0.1370,0.000,0.000,0.000,0.000,0.000,0.000,0.013,0.163,0.000,0.000,semi-presidential,parliamentary,parliamentary,parliamentary,parliamentary,semi-presidential,semi-presidential,electoral-authoritarian,electoral-authoritarian,parliamentary,0.800,0.800,0.795,0.800,0.800,0.800,0.292,0.500,0.500,0.800,73.3,100.0,100.0,100.0,60.2,64.7,100.0,100.0,100.0,100.0
2028-11-01,1.0209,0.9856,0.9854,0.9818,0.9859,0.9851,1.0068,1.0013,1.0021,1.0091,0.9900,0.9973,1.1012,1.0276,1.0213,1.0308,1.0237,1.0328,1.0085,1.0145,1.0142,1.0667,1.0216,0.9972,3427.87,5152.39,4063.54,2621.92,1969.32,1164.05,185.73,2636.16,1819.93,551.40,1.1824,0.6494,1.0489,1.3834,1.0168,0.4780,1.3108,0.2515,0.2305,-0.0414,0.6437,0.7187,0.6385,0.6286,0.6628,0.7445,0.3411,0.5910,0.6678,0.7030,0.0138,0.0136,0.0250,0.0295,0.0210,0.0016,0.0762,0.0014,0.0116,0.0152,0.9676,0.9664,0.9836,0.9682,0.9703,0.9886,0.9641,1.0000,0.9645,1.0000,52.85,186.68,79.20,54.74,61.36,10.87,5.10,243.72,62.80,83.85,0.0000,0.0000,0.0000,0.0000,0.0000,0.0000,0.4581,0.0406,0.0000,0.0000,104304,74663,53998,54750,86225,66964,95775,572442,131417,91336,0,0,0,0,0,0,0,0,0,0,0.0000,0.0000,0.0000,0.0000,0.0000,0.0000,0.3381,0.3381,0.0000,0.0000,0,0,0,0,0,0,0,1,0,0,0,0,0,0,0,0,1,1,0,0,0.1366,0.0846,0.1400,0.0595,0.0993,0.0172,0.0693,0.1096,0.0128,0.1404,0.000,0.000,0.000,0.000,0.000,0.000,0.012,0.156,0.000,0.000,semi-presidential,parliamentary,parliamentary,parliamentary,parliamentary,semi-presidential,semi-presidential,electoral-authoritarian,electoral-authoritarian,parliamentary,0.800,0.800,0.800,0.800,0.800,0.800,0.301,0.500,0.500,0.800,76.2,100.0,100.0,100.0,63.1,67.8,100.0,100.0,100.0,100.0
2028-12-01,1.0213,0.9868,0.9869,0.9827,0.9865,0.9849,1.0022,1.0008,1.0017,1.0090,0.9909,0.9980,1.1484,1.0242,1.1207,1.0390,1.0094,1.0340,1.0043,1.0122,1.0323,1.0114,1.0835,0.9981,3437.22,5163.41,4074.49,2635.11,1971.98,1167.38,185.54,2640.67,1828.83,551.04,1.1794,0.6482,1.0464,1.3766,1.0155,0.4748,1.3122,0.2533,0.2300,-0.0562,0.6431,0.7254,0.6390,0.6424,0.6726,0.7466,0.3919,0.5984,0.6517,0.7012,0.0245,0.0193,0.0332,0.0347,0.0280,0.0029,0.0966,0.0023,0.0211,0.0149,0.9721,0.9710,0.9860,0.9718,0.9739,0.9933,0.9647,1.0000,0.9672,1.0000,52.52,185.00,78.22,54.41,60.74,10.80,5.05,241.84,63.37,83.01,0.0000,0.0000,0.0000,0.0000,0.0000,0.0000,0.4582,0.0438,0.0000,0.0000,104304,74663,53998,54750,86225,66964,95775,572442,131417,91336,0,0,0,0,0,0,0,0,0,0,0.0000,0.0000,0.0000,0.0000,0.0000,0.0000,0.3496,0.3496,0.0000,0.0000,0,0,0,0,0,0,0,1,0,0,0,0,0,0,0,0,1,1,0,0,0.1259,0.0798,0.1287,0.0549,0.0912,0.0224,0.0740,0.1110,0.0124,0.1406,0.000,0.000,0.000,0.000,0.000,0.000,0.014,0.156,0.000,0.000,semi-presidential,parliamentary,parliamentary,parliamentary,parliamentary,semi-presidential,semi-presidential,electoral-authoritarian,electoral-authoritarian,parliamentary,0.800,0.800,0.800,0.800,0.800,0.800,0.313,0.500,0.500,0.800,79.1,100.0,100.0,100.0,66.0,70.9,100.0,100.0,100.0,100.0
2029-01-01,1.0214,0.9878,0.9909,0.9846,0.9872,0.9872,0.9975,1.0006,1.0006,1.0086,0.9933,0.9977,1.1036,1.0641,1.1632,1.0600,1.0087,1.0684,0.9988,1.0017,1.0131,1.0381,1.0397,0.9980,3448.20,5170.50,4077.06,2642.79,1971.38,1174.19,185.21,2642.93,1837.89,552.70,1.1757,0.6475,1.0460,1.3726,1.0159,0.4703,1.3144,0.2548,0.2294,-0.0708,0.6435,0.7302,0.6481,0.6331,0.6624,0.7521,0.4077,0.6082,0.6657,0.7004,0.0280,0.0255,0.0330,0.0460,0.0310,0.0047,0.0727,0.0013,0.0259,0.0124,0.9372,0.9398,0.9676,0.9425,0.9393,0.9693,0.9575,1.0000,0.9435,1.0000,52.23,182.54,76.79,54.66,59.55,10.94,4.91,238.35,62.96,83.90,0.0000,0.0000,0.0000,0.0000,0.0000,0.0000,0.4581,0.0423,0.0000,0.0000,104304,74663,53998,54750,86225,66964,95775,572442,131417,91336,0,0,0,0,0,0,0,0,0,0,0.0000,0.0000,0.0000,0.0000,0.0000,0.0000,0.3588,0.3588,0.0000,0.0000,0,0,0,0,0,0,0,1,0,0,0,0,0,0,0,0,1,1,0,0,0.1375,0.0843,0.1413,0.0601,0.0999,0.0231,0.0730,0.1083,0.0186,0.1408,0.000,0.000,0.000,0.000,0.000,0.000,0.012,0.157,0.000,0.000,semi-presidential,parliamentary,parliamentary,parliamentary,parliamentary,semi-presidential,semi-presidential,electoral-authoritarian,electoral-authoritarian,parliamentary,0.800,0.800,0.800,0.800,0.830,0.800,0.322,0.500,0.500,0.800,82.0,100.0,100.0,100.0,58.9,74.1,100.0,100.0,100.0,100.0
2029-02-01,1.0217,0.9900,0.9951,0.9868,0.9855,0.9902,0.9937,1.0015,0.9984,1.0097,0.9953,0.9958,1.1023,1.0898,1.1583,1.0505,1.0070,1.1074,0.9952,1.0028,1.0104,1.0384,1.0392,0.9958,3444.57,5168.52,4076.02,2645.46,1972.43,1179.44,184.88,2647.55,1848.58,553.48,1.1771,0.6481,1.0465,1.3713,1.0154,0.4665,1.3168,0.2561,0.2287,-0.0855,0.6294,0.7134,0.6308,0.6275,0.6541,0.7538,0.3170,0.6073,0.6772,0.7118,0.0309,0.0269,0.0348,0.0434,0.0337,0.0073,0.0732,0.0013,0.0276,0.0118,0.9153,0.9212,0.9561,0.9245,0.9167,0.9545,0.9522,1.0000,0.9297,1.0000,52.05,183.22,77.40,54.32,59.67,11.02,4.91,238.32,63.54,84.23,0.0000,0.0000,0.0000,0.0000,0.0000,0.0000,0.4583,0.0432,0.0000,0.0000,104304,74663,53998,54750,86225,66964,95775,572442,131417,91336,0,0,0,0,0,0,0,0,0,0,0.0000,0.0000,0.0000,0.0000,0.0000,0.0000,0.3680,0.3680,0.0000,0.0000,0,0,0,0,0,0,0,1,0,0,0,0,0,0,0,0,1,1,0,0,0.1273,0.0793,0.1302,0.0548,0.0918,0.0209,0.0677,0.1113,0.0164,0.1410,0.000,0.000,0.000,0.000,0.000,0.000,0.008,0.152,0.000,0.000,semi-presidential,parliamentary,parliamentary,parliamentary,parliamentary,semi-presidential,semi-presidential,electoral-authoritarian,electoral-authoritarian,parliamentary,0.800,0.800,0.800,0.800,0.820,0.800,0.331,0.500,0.500,0.800,84.8,100.0,100.0,100.0,61.8,77.2,100.0,100.0,100.0,100.0
2029-03-01,1.0200,0.9919,0.9982,0.9880,0.9860,0.9943,0.9904,1.0005,0.9979,1.0095,0.9976,0.9952,1.0985,1.0480,1.1771,1.0285,1.0078,1.1029,0.9921,1.0018,1.0101,1.0129,1.0366,0.9952,3454.51,5170.69,4067.42,2646.88,1979.46,1185.94,184.71,2650.96,1856.15,553.81,1.1758,0.6480,1.0490,1.3707,1.0118,0.4623,1.3182,0.2575,0.2284,-0.1002,0.6197,0.6977,0.6250,0.6170,0.6518,0.7621,0.3969,0.6335,0.6706,0.7103,0.0259,0.0200,0.0313,0.0318,0.0288,0.0034,0.0677,0.0012,0.0239,0.0120,0.9556,0.9558,0.9774,0.9579,0.9581,0.9816,0.9623,1.0000,0.9557,1.0000,51.31,185.07,79.06,53.24,59.50,10.96,4.97,234.54,63.34,84.77,0.0000,0.0000,0.0000,0.0000,0.0000,0.0000,0.4582,0.0438,0.0000,0.0000,104304,74663,53998,54750,86225,66964,95775,572442,131417,91336,0,0,0,0,0,0,0,0,0,0,0.0000,0.0000,0.0000,0.0000,0.0000,0.0000,0.3772,0.3772,0.0000,0.0000,0,0,0,0,0,0,0,1,0,0,0,0,0,0,0,0,1,1,0,0,0.1281,0.0803,0.1311,0.0554,0.0921,0.0210,0.0722,0.1098,0.0163,0.1394,0.000,0.000,0.000,0.000,0.000,0.000,0.005,0.152,0.000,0.000,semi-presidential,parliamentary,parliamentary,parliamentary,parliamentary,semi-presidential,semi-presidential,electoral-authoritarian,electoral-authoritarian,parliamentary,0.800,0.800,0.800,0.800,0.810,0.800,0.340,0.500,0.500,0.800,87.6,30.0,100.0,100.0,64.6,80.4,100.0,100.0,100.0,100.0
2029-04-01,1.0169,0.9907,1.0021,0.9892,0.9864,0.9967,0.9877,0.9993,0.9972,1.0096,1.0001,0.9948,1.0943,1.0180,1.1585,1.0443,1.0223,1.0463,0.9892,1.0009,1.0089,1.0124,1.0870,0.9948,3460.33,5173.62,4057.57,2650.14,1987.26,1192.31,184.28,2662.09,1864.80,554.40,1.1737,0.6473,1.0519,1.3691,1.0079,0.4581,1.3213,0.2586,0.2279,-0.1149,0.6150,0.7089,0.6213,0.6107,0.6529,0.7644,0.3790,0.6269,0.6769,0.7125,0.0211,0.0166,0.0293,0.0364,0.0276,0.0000,0.0677,0.0014,0.0185,0.0176,0.9807,0.9799,0.9904,0.9794,0.9812,1.0000,0.9666,1.0000,0.9746,1.0000,51.15,182.61,76.72,52.57,58.75,10.92,4.85,232.87,62.68,84.38,0.0000,0.0000,0.0000,0.0000,0.0000,0.0000,0.4583,0.0437,0.0000,0.0000,104304,74663,53998,54750,86225,66964,95775,572442,131417,91336,0,0,0,0,0,0,0,0,0,0,0.0000,0.0000,0.0000,0.0000,0.0000,0.0000,0.3887,0.3887,0.0000,0.0000,0,0,0,0,0,0,0,1,0,0,0,0,0,0,0,0,1,1,0,0,0.1263,0.0787,0.1291,0.0539,0.0910,0.0206,0.0726,0.1090,0.0158,0.1410,0.000,0.000,0.000,0.000,0.000,0.000,0.002,0.153,0.000,0.000,semi-presidential,parliamentary,parliamentary,parliamentary,parliamentary,semi-presidential,semi-presidential,electoral-authoritarian,electoral-authoritarian,parliamentary,0.800,0.800,0.800,0.800,0.801,0.800,0.352,0.500,0.500,0.800,90.3,32.9,100.0,100.0,67.5,83.7,100.0,100.0,100.0,100.0
2029-05-01,1.0151,0.9882,1.0051,0.9907,0.9883,0.9945,0.9886,0.9980,0.9967,1.0072,1.0010,0.9954,1.0941,1.0157,1.1831,1.0271,1.0285,1.0441,1.0293,0.9994,1.0088,1.0099,1.0241,0.9955,3465.71,5195.14,4065.35,2656.83,1993.57,1199.11,184.58,2665.22,1876.06,554.81,1.1717,0.6445,1.0502,1.3657,1.0048,0.4539,1.3193,0.2600,0.2272,-0.1296,0.6188,0.7116,0.6344,0.6127,0.6551,0.7606,0.4348,0.6252,0.6726,0.7101,0.0219,0.0152,0.0304,0.0307,0.0297,0.0000,0.0637,0.0014,0.0203,0.0187,0.9810,0.9802,0.9898,0.9798,0.9816,1.0000,0.9690,1.0000,0.9737,1.0000,51.35,184.46,77.33,52.50,59.57,10.99,4.72,234.57,63.15,85.16,0.0000,0.0000,0.0000,0.0000,0.0000,0.0000,0.4582,0.0438,0.0000,0.0000,104304,74663,53998,54750,86225,66964,95775,572442,131417,91336,0,0,0,0,0,0,0,0,0,0,0.0000,0.0000,0.0000,0.0000,0.0000,0.0000,0.3979,0.3979,0.0000,0.0000,0,0,0,0,0,0,0,1,0,0,0,0,0,0,0,0,1,1,0,0,0.1359,0.0833,0.1392,0.0586,0.0981,0.0216,0.0742,0.1105,0.0173,0.1394,0.000,0.000,0.000,0.000,0.000,0.000,0.000,0.153,0.000,0.000,semi-presidential,parliamentary,parliamentary,parliamentary,parliamentary,semi-presidential,semi-presidential,electoral-authoritarian,electoral-authoritarian,parliamentary,0.800,0.800,0.800,0.800,0.800,0.800,0.361,0.500,0.500,0.800,93.1,35.9,100.0,100.0,70.3,86.9,100.0,100.0,100.0,100.0
2029-06-01,1.0145,0.9847,1.0083,0.9906,0.9928,0.9919,0.9889,0.9976,0.9943,1.0032,1.0013,0.9968,1.0935,1.0114,1.1550,1.0242,1.0398,1.0415,1.0385,1.0554,1.0064,1.0056,1.0180,0.9976,3468.09,5206.09,4069.69,2661.99,2002.04,1208.73,183.86,2675.35,1882.58,554.87,1.1707,0.6430,1.0496,1.3632,1.0005,0.4486,1.3244,0.2612,0.2270,-0.1444,0.6244,0.7146,0.6462,0.6157,0.6603,0.7623,0.4449,0.6310,0.6894,0.7074,0.0226,0.0142,0.0324,0.0299,0.0310,0.0000,0.0668,0.0019,0.0181,0.0253,0.9813,0.9805,0.9900,0.9801,0.9820,1.0000,0.9691,1.0000,0.9741,1.0000,51.19,184.81,77.41,52.59,59.79,10.91,4.70,235.56,63.32,84.95,0.0000,0.0000,0.0000,0.0000,0.0000,0.0000,0.4582,0.0438,0.0000,0.0000,104304,74663,53998,54750,86225,66964,95775,572442,131417,91336,0,0,0,0,0,0,0,0,0,0,0.0000,0.0000,0.0000,0.0000,0.0000,0.0000,0.4094,0.4094,0.0000,0.0000,0,0,0,0,0,0,0,1,0,0,0,0,0,0,0,0,1,1,0,0,0.1369,0.0843,0.1405,0.0597,0.0991,0.0223,0.0753,0.1114,0.0182,0.1391,0.000,0.000,0.000,0.000,0.000,0.000,0.000,0.152,0.000,0.000,semi-presidential,parliamentary,parliamentary,parliamentary,parliamentary,semi-presidential,semi-presidential,electoral-authoritarian,electoral-authoritarian,parliamentary,0.800,0.800,0.800,0.800,0.800,0.800,0.372,0.500,0.500,0.800,95.9,38.9,100.0,100.0,73.2,90.1,100.0,100.0,100.0,100.0
2029-07-01,1.0112,0.9824,1.0112,0.9918,0.9964,0.9900,0.9895,0.9993,0.9936,0.9991,1.0014,0.9981,1.0859,1.0106,1.0501,1.0295,1.0444,1.0387,0.9996,1.0551,1.0323,1.0011,1.0432,0.9981,3476.14,5202.04,4085.91,2670.59,2006.43,1215.70,183.76,2682.87,1889.71,555.88,1.1681,0.6435,1.0459,1.3629,0.9984,0.4486,1.3251,0.2622,0.2268,-0.1588,0.6312,0.7163,0.6557,0.6215,0.6640,0.7791,0.4477,0.6212,0.6962,0.6988,0.0146,0.0116,0.0227,0.0299,0.0241,0.0000,0.0639,0.0028,0.0117,0.0232,0.9800,0.9793,0.9893,0.9788,0.9805,1.0000,0.9677,1.0000,0.9725,1.0000,50.00,182.09,75.69,52.41,57.86,11.12,4.50,230.48,62.79,84.76,0.0000,0.0000,0.0000,0.0000,0.0000,0.0000,0.4581,0.0439,0.0000,0.0000,104304,74663,53998,54750,86225,66964,95775,572442,131417,91336,0,0,0,0,0,0,0,0,0,0,0.0000,0.0000,0.0000,0.0000,0.0000,0.0000,0.4186,0.4186,0.0000,0.0000,0,0,0,0,0,0,0,1,0,0,0,0,0,0,0,0,1,1,0,0,0.1380,0.0908,0.1417,0.0604,0.1004,0.0233,0.0765,0.1103,0.0194,0.1402,0.000,0.000,0.000,0.000,0.000,0.000,0.000,0.153,0.000,0.000,semi-presidential,parliamentary,parliamentary,parliamentary,parliamentary,semi-presidential,semi-presidential,electoral-authoritarian,electoral-authoritarian,parliamentary,0.800,0.800,0.800,0.800,0.800,0.800,0.382,0.500,0.500,0.800,98.7,41.8,100.0,95.0,76.2,88.0,100.0,100.0,100.0,100.0
2029-08-01,1.0356,0.9979,1.0113,0.9964,1.0014,0.9872,0.9908,1.0015,0.9963,0.9973,1.0125,1.0036,2.1565,1.5362,1.0776,1.1742,1.0499,1.0359,1.0852,1.0371,1.1548,1.0390,1.6493,1.0028,3486.26,5200.38,4088.13,2672.68,2013.93,1223.44,184.00,2683.10,1895.65,558.04,1.1647,0.6438,1.0454,1.3618,0.9945,0.4441,1.3234,0.2640,0.2266,-0.1728,0.5832,0.6518,0.6539,0.6380,0.6288,0.7770,0.4020,0.6281,0.6221,0.6966,0.1556,0.1423,0.1241,0.1796,0.1713,0.1176,0.1474,0.0106,0.1472,0.0550,0.5598,0.5824,0.7770,0.5855,0.5610,0.6527,0.9319,1.0000,0.5798,1.0000,33.85,139.01,56.50,39.19,40.12,7.98,3.89,151.72,44.86,55.86,0.0000,0.0000,0.0000,0.0000,0.0000,0.0000,0.4587,0.0435,0.0000,0.0000,104304,74663,53998,54750,86225,66964,95775,572442,131417,91336,0,0,0,0,0,0,0,0,0,0,0.0000,0.0000,0.0000,0.0000,0.0000,0.0000,0.4278,0.4278,0.0000,0.0000,0,0,0,0,0,0,0,1,0,0,0,0,0,0,0,0,1,1,0,0,0.1389,0.0879,0.1427,0.0613,0.1008,0.0264,0.0776,0.1214,0.0199,0.1425,0.000,0.000,0.000,0.000,0.000,0.000,0.000,0.153,0.000,0.000,semi-presidential,parliamentary,parliamentary,parliamentary,parliamentary,semi-presidential,semi-presidential,electoral-authoritarian,electoral-authoritarian,parliamentary,0.800,0.800,0.800,0.800,0.841,0.800,0.391,0.500,0.500,0.800,100.0,44.6,100.0,96.2,88.6,91.3,100.0,100.0,100.0,100.0
2029-09-01,1.0826,1.0209,1.0095,1.0033,1.0077,0.9847,0.9923,1.0024,0.9992,0.9985,1.0428,1.0161,2.0192,1.4077,1.0467,1.1226,1.0647,1.0328,1.0080,1.0076,1.0341,1.0463,1.6152,1.0168,3498.55,5197.59,4094.80,2671.70,2015.19,1228.31,183.80,2704.48,1906.54,559.05,1.1607,0.6443,1.0429,1.3623,0.9938,0.4408,1.3251,0.2638,0.2259,-0.2016,0.5827,0.6360,0.6105,0.5505,0.5793,0.7177,0.3846,0.6391,0.6158,0.6738,0.1165,0.1054,0.0934,0.1341,0.1271,0.0844,0.1322,0.0046,0.0998,0.0469,0.6878,0.7062,0.8443,0.7103,0.6892,0.7653,0.9432,1.0000,0.7160,1.0000,40.30,155.09,63.78,45.30,47.10,9.36,4.16,182.77,52.85,66.96,0.0000,0.0000,0.0000,0.0000,0.0000,0.0000,0.4588,0.0422,0.0000,0.0000,104304,74663,53998,54750,86225,66964,95775,572442,131417,91336,0,0,0,0,0,0,0,0,0,0,0.0000,0.0000,0.0000,0.0000,0.0000,0.0000,0.4393,0.4393,0.0000,0.0000,0,0,0,0,0,0,0,1,0,0,0,0,0,0,0,0,1,1,0,0,0.1520,0.1008,0.1558,0.0724,0.1129,0.0371,0.0881,0.1358,0.0301,0.1492,0.000,0.000,0.000,0.000,0.000,0.000,0.000,0.144,0.000,0.000,semi-presidential,parliamentary,parliamentary,parliamentary,parliamentary,semi-presidential,semi-presidential,electoral-authoritarian,electoral-authoritarian,parliamentary,0.800,0.800,0.800,0.800,0.831,0.800,0.402,0.500,0.479,0.800,100.0,47.2,97.3,99.4,91.1,94.4,100.0,100.0,100.0,100.0
2029-10-01,1.1157,1.0341,1.0073,1.0071,1.0136,0.9857,0.9924,1.0030,0.9996,0.9997,1.0614,1.0221,1.9442,1.3194,1.0460,1.0769,1.0579,1.0670,0.9935,1.0062,1.0218,1.0040,1.4799,1.0222,3520.15,5234.39,4115.61,2674.15,2022.98,1236.65,184.02,2717.26,1918.07,559.92,1.1536,0.6399,1.0407,1.3612,0.9951,0.4363,1.3237,0.2639,0.2252,-0.2085,0.5968,0.6514,0.6276,0.5390,0.5903,0.7171,0.3829,0.6571,0.6117,0.6768,0.0947,0.0834,0.0742,0.1002,0.1010,0.0649,0.1235,0.0029,0.0754,0.0345,0.7676,0.7831,0.8855,0.7883,0.7691,0.8355,0.9487,1.0000,0.8020,1.0000,44.47,169.46,71.86,47.97,52.36,11.05,4.44,202.34,57.78,74.09,0.0000,0.0000,0.0000,0.0000,0.0000,0.0000,0.4588,0.0438,0.0000,0.0000,104304,74663,53998,54750,86225,66964,95775,572442,131417,91336,0,0,0,0,0,0,0,0,0,0,0.0000,0.0000,0.0000,0.0000,0.0000,0.0000,0.4485,0.4485,0.0000,0.0000,0,0,0,0,0,0,0,1,0,0,0,0,0,0,0,0,1,1,0,0,0.1568,0.1066,0.1606,0.0765,0.1175,0.0419,0.0921,0.1430,0.0338,0.1529,0.000,0.000,0.000,0.000,0.000,0.000,0.000,0.142,0.000,0.000,semi-presidential,parliamentary,parliamentary,parliamentary,parliamentary,semi-presidential,semi-presidential,electoral-authoritarian,electoral-authoritarian,parliamentary,0.800,0.800,0.800,0.800,0.821,0.800,0.411,0.500,0.489,0.800,100.0,49.9,99.7,100.0,93.7,97.4,100.0,100.0,100.0,30.0
2029-11-01,1.1427,1.0423,1.0070,1.0088,1.0180,0.9880,0.9901,1.0028,0.9981,0.9987,1.0687,1.0245,1.8247,1.2349,1.0458,1.0594,1.0603,1.0721,0.9916,1.0041,1.0098,1.0005,1.2362,1.0246,3546.93,5259.60,4137.11,2690.75,2040.74,1247.66,183.83,2728.42,1927.81,560.48,1.1509,0.6370,1.0354,1.3531,0.9865,0.4309,1.3253,0.2640,0.2247,-0.2241,0.6156,0.6814,0.6333,0.5486,0.6309,0.7200,0.4091,0.6807,0.6304,0.6950,0.0689,0.0634,0.0521,0.0779,0.0762,0.0461,0.1108,0.0015,0.0519,0.0220,0.8384,0.8516,0.9217,0.8576,0.8400,0.8991,0.9528,1.0000,0.8787,1.0000,48.85,181.35,77.70,52.04,57.64,11.81,4.68,224.38,63.11,81.24,0.0000,0.0000,0.0000,0.0000,0.0000,0.0000,0.4582,0.0439,0.0000,0.0000,104304,74663,53998,54750,86225,66964,95775,572442,131417,91336,0,0,0,0,0,0,0,0,0,0,0.0000,0.0000,0.0000,0.0000,0.0000,0.0000,0.4577,0.4577,0.0000,0.0000,0,0,0,0,0,0,0,1,0,0,0,0,0,0,0,0,1,1,0,0,0.1592,0.1101,0.1634,0.0791,0.1202,0.0443,0.0945,0.1481,0.0361,0.1563,0.000,0.000,0.000,0.000,0.000,0.000,0.000,0.142,0.000,0.000,semi-presidential,parliamentary,parliamentary,parliamentary,parliamentary,semi-presidential,semi-presidential,electoral-authoritarian,electoral-authoritarian,parliamentary,0.800,0.800,0.800,0.800,0.807,0.800,0.421,0.500,0.499,0.800,100.0,52.7,100.0,100.0,97.8,100.0,100.0,100.0,100.0,32.9
2029-12-01,1.1631,1.0461,1.0055,1.0105,1.0204,0.9905,0.9878,1.0027,0.9989,0.9972,1.0718,1.0246,1.6982,1.1075,1.0440,1.0353,1.0644,1.0446,0.9892,1.0041,1.0109,0.9997,1.0909,1.0246,3563.10,5270.03,4161.79,2704.51,2051.17,1260.01,184.61,2751.04,1946.06,563.50,1.1457,0.6359,1.0293,1.3464,0.9815,0.4292,1.3198,0.2632,0.2232,-0.2449,0.6253,0.7111,0.6632,0.5746,0.6537,0.7498,0.4330,0.7004,0.6700,0.6776,0.0401,0.0381,0.0314,0.0490,0.0495,0.0255,0.0965,0.0010,0.0328,0.0161,0.9520,0.9542,0.9761,0.9548,0.9527,0.9819,0.9727,1.0000,0.9539,1.0000,53.10,190.43,81.52,56.08,62.00,12.29,4.86,245.28,68.13,88.01,0.0000,0.0000,0.0000,0.0000,0.0000,0.0000,0.4582,0.0438,0.0000,0.0000,104304,74663,53998,54750,86225,66964,95775,572442,131417,91336,0,0,0,0,0,0,0,0,0,0,0.0000,0.0000,0.0000,0.0000,0.0000,0.0000,0.4692,0.4692,0.0000,0.0000,0,0,0,0,0,0,0,1,0,0,0,0,0,0,0,0,1,1,0,0,0.1573,0.1096,0.1611,0.0843,0.1184,0.0438,0.0949,0.1489,0.0360,0.1581,0.000,0.000,0.000,0.000,0.000,0.000,0.000,0.143,0.000,0.000,semi-presidential,parliamentary,parliamentary,parliamentary,parliamentary,semi-presidential,semi-presidential,electoral-authoritarian,electoral-authoritarian,parliamentary,0.800,0.800,0.800,0.800,0.800,0.800,0.432,0.500,0.500,0.846,100.0,55.7,100.0,100.0,100.0,100.0,100.0,100.0,100.0,46.8
2030-01-01,1.1769,1.0481,1.0049,1.0115,1.0250,0.9919,0.9866,1.0026,0.9994,0.9972,1.0692,1.0228,1.5425,1.1101,1.0465,1.0537,1.0705,1.0402,0.9991,1.0039,1.0391,1.0016,1.0719,1.0234,3576.81,5285.70,4183.94,2715.41,2058.57,1265.38,184.77,2770.75,1962.80,565.25,1.1414,0.6341,1.0239,1.3412,0.9779,0.4259,1.3187,0.2623,0.2219,-0.2522,0.6427,0.7411,0.6849,0.6126,0.6571,0.7609,0.4238,0.7131,0.6888,0.7197,0.0311,0.0297,0.0315,0.0456,0.0415,0.0159,0.0949,0.0021,0.0246,0.0171,0.9513,0.9537,0.9758,0.9542,0.9518,0.9816,0.9727,1.0000,0.9535,1.0000,56.40,195.90,83.79,59.19,65.18,12.53,4.91,261.52,71.81,91.08,0.0000,0.0000,0.0000,0.0000,0.0000,0.0000,0.4581,0.0437,0.0000,0.0000,104304,74663,53998,54750,86225,66964,95775,572442,131417,91336,0,0,0,0,0,0,0,0,0,0,0.0000,0.0000,0.0000,0.0000,0.0000,0.0000,0.4784,0.4784,0.0000,0.0000,0,0,0,0,0,0,0,1,0,0,0,0,0,0,0,0,1,1,0,0,0.1324,0.0956,0.1341,0.0701,0.0989,0.0382,0.0894,0.1490,0.0300,0.1595,0.000,0.000,0.000,0.000,0.000,0.000,0.000,0.141,0.000,0.000,semi-presidential,parliamentary,parliamentary,parliamentary,parliamentary,semi-presidential,semi-presidential,electoral-authoritarian,electoral-authoritarian,parliamentary,0.800,0.800,0.800,0.800,0.800,0.800,0.441,0.500,0.500,0.838,100.0,58.9,100.0,100.0,100.0,100.0,100.0,100.0,100.0,49.4
2030-02-01,1.1825,1.0470,1.0071,1.0160,1.0312,0.9943,0.9868,1.0025,0.9994,0.9968,1.0653,1.0195,1.2878,1.0779,1.0958,1.0541,1.0872,1.0500,1.0042,1.0038,1.0113,0.9996,1.0678,1.0197,3582.79,5293.67,4188.54,2712.75,2063.32,1273.39,185.08,2790.45,1977.36,566.75,1.1396,0.6332,1.0228,1.3426,0.9757,0.4218,1.3167,0.2618,0.2208,-0.2679,0.6392,0.7444,0.6742,0.6193,0.6653,0.7861,0.4145,0.7185,0.6917,0.7337,0.0153,0.0134,0.0252,0.0342,0.0274,0.0001,0.0885,0.0011,0.0131,0.0216,0.9786,0.9782,0.9888,0.9774,0.9789,1.0000,0.9739,1.0000,0.9710,1.0000,60.90,202.53,85.42,61.98,69.63,12.95,5.09,279.97,74.47,95.97,0.0000,0.0000,0.0000,0.0000,0.0000,0.0000,0.4583,0.0437,0.0000,0.0000,104304,74663,53998,54750,86225,66964,95775,572442,131417,91336,0,0,0,0,0,0,0,0,0,0,0.0000,0.0000,0.0000,0.0000,0.0000,0.0000,0.4899,0.4899,0.0000,0.0000,0,0,0,0,0,0,0,1,0,0,0,0,0,0,0,0,1,1,0,0,0.1287,0.0927,0.1302,0.0671,0.0959,0.0361,0.0875,0.1435,0.0277,0.1599,0.000,0.000,0.000,0.000,0.000,0.000,0.000,0.144,0.000,0.000,semi-presidential,parliamentary,parliamentary,parliamentary,parliamentary,semi-presidential,semi-presidential,electoral-authoritarian,electoral-authoritarian,parliamentary,0.800,0.800,0.800,0.800,0.800,0.800,0.453,0.500,0.500,0.828,100.0,62.0,100.0,100.0,100.0,100.0,100.0,100.0,100.0,52.4
2030-03-01,1.1774,1.0445,1.0087,1.0203,1.0377,0.9929,0.9874,1.0024,0.9994,0.9959,1.0613,1.0172,1.2664,1.0748,1.1121,1.0625,1.0886,1.0420,1.0205,1.0038,1.0112,0.9984,1.0635,1.0174,3600.62,5311.80,4201.76,2718.64,2064.57,1284.36,185.30,2805.05,1988.50,569.10,1.1340,0.6311,1.0197,1.3398,0.9752,0.4167,1.3152,0.2616,0.2202,-0.2831,0.6480,0.7522,0.6637,0.6258,0.6682,0.7980,0.4441,0.7379,0.7025,0.7393,0.0162,0.0136,0.0256,0.0359,0.0268,0.0000,0.0604,0.0012,0.0133,0.0204,0.9790,0.9786,0.9890,0.9778,0.9794,1.0000,0.9739,1.0000,0.9714,1.0000,58.89,199.99,83.85,60.37,66.59,13.23,4.91,265.95,72.72,98.05,0.0000,0.0000,0.0000,0.0000,0.0000,0.0000,0.4582,0.0438,0.0000,0.0000,104304,74663,53998,54750,86225,66964,95775,572442,131417,91336,0,0,0,0,0,0,0,0,0,0,0.0000,0.0000,0.0000,0.0000,0.0000,0.0000,0.4991,0.4991,0.0000,0.0000,0,0,0,0,0,0,0,1,0,0,0,0,0,0,0,0,1,1,0,0,0.1282,0.0918,0.1297,0.0662,0.0953,0.0351,0.0869,0.1326,0.0267,0.1596,0.000,0.000,0.000,0.000,0.000,0.000,0.000,0.146,0.000,0.000,semi-presidential,parliamentary,parliamentary,parliamentary,parliamentary,semi-presidential,semi-presidential,electoral-authoritarian,electoral-authoritarian,parliamentary,0.800,0.800,0.800,0.800,0.800,0.800,0.462,0.500,0.500,0.818,100.0,65.2,100.0,100.0,100.0,100.0,100.0,100.0,100.0,55.5
2030-04-01,1.1687,1.0435,1.0114,1.0242,1.0404,0.9904,0.9883,1.0029,0.9985,0.9957,1.0572,1.0130,1.1699,1.0438,1.1223,1.0605,1.0540,0.9905,1.0504,1.0066,0.9985,1.0274,1.0584,1.0137,3594.35,5314.97,4185.50,2721.84,2069.32,1288.89,185.49,2816.08,2003.75,570.34,1.1360,0.6308,1.0238,1.3382,0.9729,0.4139,1.3139,0.2615,0.2184,-0.2988,0.6335,0.7442,0.6353,0.6286,0.6652,0.7939,0.4614,0.7459,0.7214,0.7473,0.0095,0.0046,0.0184,0.0201,0.0120,0.0000,0.0090,0.0006,0.0045,0.0088,1.0000,1.0000,1.0000,1.0000,1.0000,1.0000,1.0000,1.0000,1.0000,1.0000,61.54,207.63,86.67,62.94,69.62,13.26,9.30,282.63,75.93,99.24,0.0000,0.0000,0.0000,0.0000,0.0000,0.0000,0.0000,0.0000,0.0000,0.0000,104304,74663,53998,54750,86225,66964,95775,572442,131417,91336,0,0,0,0,0,0,0,0,0,0,0.0000,0.0000,0.0000,0.0000,0.0000,0.0000,0.5014,0.4991,0.0000,0.0000,0,0,0,0,0,0,0,1,0,0,0,0,0,0,0,0,0,0,0,0,0.1151,0.0846,0.1155,0.0583,0.0845,0.0314,0.0946,0.1343,0.0256,0.1610,0.000,0.000,0.000,0.000,0.000,0.000,0.000,0.148,0.000,0.000,semi-presidential,parliamentary,parliamentary,parliamentary,parliamentary,semi-presidential,semi-presidential,electoral-authoritarian,electoral-authoritarian,parliamentary,0.800,0.800,0.800,0.800,0.800,0.800,0.471,0.500,0.500,0.808,100.0,68.3,100.0,100.0,100.0,100.0,100.0,100.0,100.0,58.7
2030-05-01,1.1566,1.0383,1.0122,1.0288,1.0403,0.9889,0.9898,1.0022,0.9987,0.9987,1.0506,1.0094,1.1593,1.0395,1.0126,1.0571,1.0404,0.9891,1.0253,1.0024,1.0354,1.0282,1.0509,1.0103,3594.55,5331.15,4176.07,2721.34,2069.09,1293.50,186.32,2832.44,2017.24,572.53,1.1361,0.6290,1.0262,1.3386,0.9731,0.4110,1.3122,0.2604,0.2163,-0.3138,0.6331,0.7487,0.6282,0.6316,0.6735,0.7858,0.5034,0.7280,0.7198,0.7681,0.0010,0.0000,0.0090,0.0086,0.0017,0.0000,0.0086,0.0017,0.0014,0.0026,1.0000,1.0000,1.0000,1.0000,1.0000,1.0000,1.0000,1.0000,1.0000,1.0000,59.55,206.28,85.90,60.56,67.78,13.31,8.97,272.11,74.76,99.04,0.0000,0.0000,0.0000,0.0000,0.0000,0.0000,0.0000,0.0000,0.0000,0.0000,104304,74663,53998,54750,86225,66964,95775,572442,131417,91336,0,0,0,0,0,0,0,0,0,0,0.0000,0.0000,0.0000,0.0000,0.0000,0.0000,0.4927,0.4794,0.0000,0.0000,0,0,0,0,0,0,0,1,0,0,0,0,0,0,0,0,0,0,0,0,0.1186,0.0860,0.1197,0.0594,0.0871,0.0306,0.0934,0.1285,0.0255,0.1598,0.000,0.000,0.000,0.000,0.000,0.000,0.000,0.150,0.000,0.000,semi-presidential,parliamentary,parliamentary,parliamentary,parliamentary,semi-presidential,semi-presidential,electoral-authoritarian,electoral-authoritarian,parliamentary,0.800,0.800,0.800,0.800,0.800,0.800,0.476,0.500,0.500,0.800,100.0,71.5,100.0,100.0,100.0,100.0,100.0,100.0,100.0,61.9
2030-06-01,1.1394,1.0314,1.0109,1.0325,1.0423,0.9872,0.9907,1.0031,0.9993,1.0020,1.0445,1.0057,1.1407,1.0318,1.0111,1.0566,1.0583,0.9878,0.9943,1.0700,1.0287,1.0162,1.0452,1.0061,3607.45,5329.58,4170.45,2718.54,2074.50,1295.86,187.91,2843.20,2024.81,573.88,1.1321,0.6292,1.0278,1.3400,0.9707,0.4089,1.3022,0.2598,0.2148,-0.3291,0.6321,0.7409,0.6133,0.6331,0.6692,0.7749,0.5665,0.6856,0.7019,0.7694,0.0033,0.0000,0.0129,0.0090,0.0068,0.0000,0.0089,0.0017,0.0012,0.0110,1.0000,1.0000,1.0000,1.0000,1.0000,1.0000,1.0000,1.0000,1.0000,1.0000,57.02,202.98,84.52,57.86,64.60,13.32,8.65,257.17,72.35,98.00,0.0000,0.0000,0.0000,0.0000,0.0000,0.0000,0.0000,0.0000,0.0000,0.0000,104304,74663,53998,54750,86225,66964,95775,572442,131417,91336,0,0,0,0,0,0,0,0,0,0,0.0000,0.0000,0.0000,0.0000,0.0000,0.0000,0.4730,0.4597,0.0000,0.0000,0,0,0,0,0,0,0,1,0,0,0,0,0,0,0,0,0,0,0,0,0.1147,0.0805,0.1099,0.0538,0.0845,0.0279,0.0909,0.1196,0.0223,0.1577,0.000,0.000,0.000,0.000,0.000,0.000,0.000,0.153,0.000,0.000,semi-presidential,parliamentary,parliamentary,parliamentary,parliamentary,semi-presidential,semi-presidential,electoral-authoritarian,electoral-authoritarian,parliamentary,0.800,0.800,0.800,0.800,0.800,0.800,0.485,0.500,0.500,0.800,100.0,74.6,100.0,100.0,100.0,100.0,100.0,100.0,100.0,65.2
2030-07-01,1.1215,1.0248,1.0101,1.0335,1.0392,0.9853,0.9902,1.0043,0.9990,1.0027,1.0391,1.0018,1.1236,1.0258,1.0104,1.0530,1.0396,0.9959,0.9968,1.0633,0.9993,1.0042,1.0402,1.0025,3598.32,5338.84,4170.31,2719.17,2074.37,1301.21,189.16,2850.45,2033.02,576.40,1.1351,0.6282,1.0281,1.3397,0.9707,0.4059,1.2956,0.2597,0.2133,-0.3436,0.6249,0.7299,0.6038,0.6335,0.6720,0.7727,0.5907,0.6598,0.7030,0.7756,0.0032,0.0002,0.0109,0.0035,0.0022,0.0001,0.0062,0.0004,0.0002,0.0046,1.0000,1.0000,1.0000,1.0000,1.0000,1.0000,1.0000,1.0000,1.0000,1.0000,56.99,203.19,86.11,58.42,65.33,13.50,8.87,257.53,72.33,97.56,0.0000,0.0000,0.0000,0.0000,0.0000,0.0000,0.0000,0.0000,0.0000,0.0000,104304,74663,53998,54750,86225,66964,95775,572442,131417,91336,0,0,0,0,0,0,0,0,0,0,0.0000,0.0000,0.0000,0.0000,0.0000,0.0000,0.4533,0.4400,0.0000,0.0000,0,0,0,0,0,0,0,1,0,0,0,0,0,0,0,0,0,0,0,0,0.1068,0.0760,0.1020,0.0497,0.0781,0.0250,0.0793,0.1157,0.0194,0.1557,0.000,0.000,0.000,0.000,0.000,0.000,0.000,0.155,0.000,0.000,semi-presidential,parliamentary,parliamentary,parliamentary,parliamentary,semi-presidential,semi-presidential,electoral-authoritarian,electoral-authoritarian,parliamentary,0.800,0.800,0.800,0.800,0.800,0.800,0.495,0.500,0.500,0.800,100.0,77.6,100.0,100.0,100.0,100.0,100.0,100.0,100.0,68.5
2030-08-01,1.1067,1.0182,1.0087,1.0325,1.0338,0.9852,0.9932,1.0041,0.9977,1.0034,1.0336,0.9992,1.1067,1.0198,1.0091,1.0461,1.0346,1.0072,1.0992,1.0042,0.9979,1.0034,1.0340,0.9993,3605.28,5362.09,4174.77,2725.71,2071.80,1306.78,189.81,2858.12,2046.97,577.78,1.1330,0.6254,1.0272,1.3366,0.9720,0.4029,1.2936,0.2596,0.2112,-0.3585,0.6269,0.7239,0.6145,0.6425,0.6603,0.7703,0.5903,0.6495,0.7155,0.7609,0.0036,0.0005,0.0113,0.0004,0.0024,0.0003,0.0053,0.0005,0.0004,0.0047,1.0000,1.0000,1.0000,1.0000,1.0000,1.0000,1.0000,1.0000,1.0000,1.0000,58.01,204.46,88.34,61.03,66.96,13.88,8.98,264.64,73.62,96.90,0.0000,0.0000,0.0000,0.0000,0.0000,0.0000,0.0000,0.0000,0.0000,0.0000,104304,74663,53998,54750,86225,66964,95775,572442,131417,91336,0,0,0,0,0,0,0,0,0,0,0.0000,0.0000,0.0000,0.0000,0.0000,0.0000,0.4336,0.4202,0.0000,0.0000,0,0,0,0,0,0,0,1,0,0,0,0,0,0,0,0,0,0,0,0,0.1256,0.0842,0.1215,0.0593,0.0922,0.0264,0.0823,0.1181,0.0209,0.1524,0.000,0.000,0.000,0.000,0.000,0.000,0.000,0.157,0.000,0.000,semi-presidential,parliamentary,parliamentary,parliamentary,parliamentary,semi-presidential,semi-presidential,electoral-authoritarian,electoral-authoritarian,parliamentary,0.800,0.800,0.800,0.800,0.800,0.800,0.505,0.500,0.500,0.800,100.0,80.6,100.0,100.0,100.0,100.0,100.0,100.0,100.0,71.7
2030-09-01,1.0944,1.0113,1.0057,1.0297,1.0267,0.9847,0.9960,1.0033,0.9979,1.0008,1.0280,0.9973,1.0955,1.0119,1.0061,1.0424,1.0270,0.9847,1.0858,1.0156,1.0443,1.0012,1.0287,0.9974,3607.04,5368.86,4186.11,2734.02,2085.08,1308.90,190.43,2863.68,2056.82,578.05,1.1375,0.6246,1.0247,1.3323,0.9658,0.4010,1.2921,0.2597,0.2095,-0.3740,0.6363,0.7256,0.6218,0.6598,0.6728,0.7665,0.6049,0.6462,0.7112,0.7605,0.0033,0.0000,0.0119,0.0005,0.0036,0.0000,0.0052,0.0023,0.0019,0.0063,1.0000,1.0000,1.0000,1.0000,1.0000,1.0000,1.0000,1.0000,1.0000,1.0000,57.35,203.15,86.39,60.24,66.79,13.73,8.85,262.33,73.37,96.03,0.0000,0.0000,0.0000,0.0000,0.0000,0.0000,0.0000,0.0000,0.0000,0.0000,104304,74663,53998,54750,86225,66964,95775,572442,131417,91336,0,0,0,0,0,0,0,0,0,0,0.0000,0.0000,0.0000,0.0000,0.0000,0.0000,0.4139,0.4005,0.0000,0.0000,0,0,0,0,0,0,0,1,0,0,0,0,0,0,0,0,0,0,0,0,0.1360,0.0894,0.1343,0.0645,0.1008,0.0261,0.0774,0.1157,0.0213,0.1484,0.000,0.000,0.000,0.000,0.000,0.000,0.000,0.158,0.000,0.000,semi-presidential,parliamentary,parliamentary,parliamentary,parliamentary,semi-presidential,semi-presidential,electoral-authoritarian,electoral-authoritarian,parliamentary,0.800,0.800,0.800,0.800,0.800,0.800,0.515,0.500,0.500,0.800,100.0,83.6,100.0,100.0,100.0,100.0,100.0,100.0,100.0,74.9
2030-10-01,1.0806,1.0062,1.0003,1.0272,1.0194,0.9823,0.9980,1.0015,0.9981,0.9989,1.0241,0.9965,1.0827,1.0071,1.0011,1.0404,1.0200,0.9826,1.0792,1.0016,0.9981,0.9995,1.0251,0.9965,3620.58,5379.14,4185.36,2742.68,2092.23,1311.95,190.39,2868.66,2069.19,578.89,1.1333,0.6235,1.0250,1.3276,0.9626,0.3988,1.2956,0.2600,0.2076,-0.3889,0.6461,0.7280,0.6246,0.6647,0.6889,0.7616,0.6029,0.6352,0.7232,0.7500,0.0024,0.0000,0.0103,0.0000,0.0017,0.0000,0.0023,0.0004,0.0002,0.0036,1.0000,1.0000,1.0000,1.0000,1.0000,1.0000,1.0000,1.0000,1.0000,1.0000,56.59,201.81,86.35,59.16,65.56,13.57,8.66,258.37,72.91,95.10,0.0000,0.0000,0.0000,0.0000,0.0000,0.0000,0.0000,0.0000,0.0000,0.0000,104304,74663,53998,54750,86225,66964,95775,572442,131417,91336,0,0,0,0,0,0,0,0,0,0,0.0000,0.0000,0.0000,0.0000,0.0000,0.0000,0.3942,0.3808,0.0000,0.0000,0,0,0,0,0,0,0,1,0,0,0,0,0,0,0,0,0,0,0,0,0.1354,0.0886,0.1398,0.0636,0.1001,0.0257,0.0801,0.1124,0.0208,0.1469,0.000,0.000,0.000,0.000,0.000,0.000,0.000,0.159,0.000,0.000,semi-presidential,parliamentary,parliamentary,parliamentary,parliamentary,semi-presidential,semi-presidential,electoral-authoritarian,electoral-authoritarian,parliamentary,0.800,0.800,0.800,0.800,0.800,0.800,0.525,0.500,0.500,0.800,100.0,86.6,100.0,100.0,100.0,100.0,100.0,100.0,100.0,78.0
2030-11-01,1.0660,1.0016,0.9965,1.0245,1.0243,0.9811,0.9993,1.0052,1.0087,0.9955,1.0194,0.9962,1.0665,1.0017,0.9976,1.0379,1.1577,0.9812,1.0008,1.5198,1.7666,0.9958,1.0198,0.9962,3632.07,5391.92,4188.72,2749.04,2108.16,1316.67,190.96,2869.87,2079.78,580.78,1.1299,0.6221,1.0244,1.3241,0.9554,0.3961,1.2953,0.2604,0.2059,-0.4030,0.6537,0.7254,0.6490,0.6463,0.7014,0.7566,0.5707,0.6360,0.7280,0.7411,0.0225,0.0000,0.0636,0.0321,0.0704,0.0000,0.0591,0.0346,0.0292,0.1109,1.0000,1.0000,1.0000,1.0000,1.0000,1.0000,1.0000,1.0000,1.0000,1.0000,52.67,168.95,75.27,56.03,58.92,10.96,7.62,247.25,65.98,91.86,0.0000,0.0000,0.0000,0.0000,0.0000,0.0000,0.0000,0.0000,0.0000,0.0000,104304,74663,53998,54750,86225,66964,95775,572442,131417,91336,0,0,0,0,0,0,0,0,0,0,0.0000,0.0000,0.0000,0.0000,0.0000,0.0000,0.3744,0.3688,0.0000,0.0000,0,0,0,0,0,0,0,1,0,0,0,0,0,0,0,0,0,0,0,0,0.1374,0.0899,0.1424,0.0653,0.1018,0.0265,0.0887,0.1148,0.0212,0.1446,0.000,0.000,0.000,0.000,0.000,0.000,0.000,0.159,0.000,0.000,semi-presidential,parliamentary,parliamentary,parliamentary,parliamentary,semi-presidential,semi-presidential,electoral-authoritarian,electoral-authoritarian,parliamentary,0.800,0.800,0.800,0.800,0.800,0.800,0.535,0.500,0.500,0.800,100.0,88.8,100.0,100.0,100.0,100.0,100.0,100.0,100.0,81.1
2030-12-01,1.0530,0.9992,0.9970,1.0228,1.0642,0.9786,0.9991,1.0178,1.0401,0.9944,1.0146,0.9959,1.0541,0.9992,1.0567,1.0363,1.1760,0.9788,1.0153,1.3369,1.5810,0.9945,1.0151,0.9962,3635.64,5418.68,4208.51,2754.71,2115.73,1322.17,191.53,2864.07,2088.92,581.53,1.1317,0.6191,1.0198,1.3211,0.9521,0.3932,1.2954,0.2618,0.2044,-0.4177,0.6584,0.7403,0.6422,0.6347,0.6674,0.7551,0.5587,0.6101,0.7115,0.6737,0.0190,0.0020,0.0486,0.0273,0.0538,0.0000,0.0393,0.0236,0.0223,0.0806,1.0000,1.0000,1.0000,1.0000,1.0000,1.0000,1.0000,1.0000,1.0000,1.0000,57.47,201.93,91.56,60.94,66.29,14.09,8.70,262.37,72.77,94.32,0.0000,0.0000,0.0000,0.0000,0.0000,0.0000,0.0000,0.0000,0.0000,0.0000,104304,74663,53998,54750,86225,66964,95775,572442,131417,91336,0,0,0,0,0,0,0,0,0,0,0.0000,0.0000,0.0000,0.0000,0.0000,0.0000,0.3547,0.3491,0.0000,0.0000,0,0,0,0,0,0,0,1,0,0,0,0,0,0,0,0,0,0,0,0,0.1245,0.0855,0.1264,0.0592,0.0905,0.0274,0.0899,0.1176,0.0193,0.1440,0.000,0.000,0.000,0.000,0.000,0.000,0.000,0.158,0.000,0.000,semi-presidential,parliamentary,parliamentary,parliamentary,parliamentary,semi-presidential,semi-presidential,electoral-authoritarian,electoral-authoritarian,parliamentary,0.800,0.800,0.800,0.800,0.800,0.800,0.545,0.500,0.500,0.800,100.0,91.9,100.0,100.0,100.0,100.0,100.0,100.0,100.0,84.0
2031-01-01,1.0416,0.9978,0.9978,1.0218,1.0927,0.9752,1.0005,1.0245,1.0510,0.9936,1.0111,0.9955,1.0436,0.9984,1.0234,1.0432,1.1847,0.9756,1.0581,1.1254,1.2122,0.9936,1.0112,0.9957,3645.89,5409.05,4203.52,2762.22,2117.15,1331.25,192.31,2868.98,2100.50,582.64,1.1283,0.6204,1.0212,1.3173,0.9515,0.3891,1.2945,0.2622,0.2027,-0.4321,0.6578,0.7354,0.6458,0.6434,0.6555,0.7558,0.5796,0.6012,0.7133,0.6689,0.0082,0.0010,0.0272,0.0220,0.0309,0.0000,0.0172,0.0070,0.0068,0.0491,1.0000,1.0000,1.0000,1.0000,1.0000,1.0000,1.0000,1.0000,1.0000,1.0000,60.35,221.30,97.67,61.05,69.09,16.57,9.29,263.62,78.48,95.66,0.0000,0.0000,0.0000,0.0000,0.0000,0.0000,0.0000,0.0000,0.0000,0.0000,104304,74663,53998,54750,86225,66964,95775,572442,131417,91336,0,0,0,0,0,0,0,0,0,0,0.0000,0.0000,0.0000,0.0000,0.0000,0.0000,0.3350,0.3294,0.0000,0.0000,0,0,0,0,0,0,0,1,0,0,0,0,0,0,0,0,0,0,0,0,0.1442,0.0954,0.1462,0.0673,0.1051,0.0302,0.0940,0.1181,0.0227,0.1465,0.000,0.000,0.000,0.000,0.000,0.000,0.000,0.158,0.000,0.000,semi-presidential,parliamentary,parliamentary,parliamentary,parliamentary,semi-presidential,semi-presidential,electoral-authoritarian,electoral-authoritarian,parliamentary,0.800,0.800,0.800,0.800,0.800,0.800,0.554,0.500,0.500,0.800,100.0,95.0,100.0,100.0,100.0,100.0,100.0,100.0,100.0,86.7
2031-02-01,1.0321,0.9950,0.9984,1.0226,1.1126,0.9755,1.0014,1.0252,1.0523,0.9927,1.0063,0.9951,1.0327,0.9952,0.9988,1.0410,1.1780,1.0621,1.0171,1.0255,1.0523,0.9928,1.0072,0.9952,3660.20,5430.71,4212.92,2767.04,2130.57,1336.23,193.33,2869.72,2107.94,584.62,1.1233,0.6181,1.0221,1.3149,0.9476,0.3864,1.2935,0.2631,0.2013,-0.4457,0.6686,0.7437,0.6640,0.6425,0.6814,0.7566,0.5977,0.6121,0.7319,0.6710,0.0021,0.0019,0.0148,0.0145,0.0162,0.0012,0.0041,0.0001,0.0005,0.0252,1.0000,1.0000,1.0000,1.0000,1.0000,1.0000,1.0000,1.0000,1.0000,1.0000,61.23,223.27,100.38,63.58,70.73,16.81,9.54,267.91,79.64,95.71,0.0000,0.0000,0.0000,0.0000,0.0000,0.0000,0.0000,0.0000,0.0000,0.0000,104304,74663,53998,54750,86225,66964,95775,572442,131417,91336,0,0,0,0,0,0,0,0,0,0,0.0000,0.0000,0.0000,0.0000,0.0000,0.0000,0.3087,0.3097,0.0000,0.0000,0,0,0,0,0,0,0,1,0,0,0,0,0,0,0,0,0,0,0,0,0.1364,0.0918,0.1373,0.0646,0.0985,0.0296,0.0941,0.1184,0.0216,0.1449,0.000,0.000,0.000,0.000,0.000,0.000,0.000,0.158,0.000,0.000,semi-presidential,parliamentary,parliamentary,parliamentary,parliamentary,semi-presidential,semi-presidential,electoral-authoritarian,electoral-authoritarian,parliamentary,0.800,0.800,0.800,0.800,0.800,0.800,0.568,0.500,0.500,0.800,100.0,98.1,100.0,100.0,100.0,100.0,100.0,100.0,100.0,89.5
2031-03-01,1.0232,0.9944,0.9991,1.0214,1.1203,0.9775,1.0006,1.0243,1.0511,0.9931,1.0013,0.9935,1.0238,0.9944,1.0289,1.0348,1.1481,1.0350,1.0007,1.0243,1.0515,0.9970,1.0018,0.9937,3669.20,5441.50,4214.41,2771.03,2130.57,1344.96,193.67,2870.16,2118.34,584.95,1.1201,0.6222,1.0216,1.3130,0.9476,0.3825,1.2959,0.2641,0.1997,-0.4604,0.6670,0.7536,0.6739,0.6196,0.6814,0.7565,0.6083,0.6248,0.7274,0.6875,0.0031,0.0023,0.0127,0.0077,0.0090,0.0008,0.0003,0.0000,0.0014,0.0103,1.0000,1.0000,1.0000,1.0000,1.0000,1.0000,1.0000,1.0000,1.0000,1.0000,60.54,222.07,99.66,63.27,70.33,16.83,9.47,265.47,79.18,95.22,0.0000,0.0000,0.0000,0.0000,0.0000,0.0000,0.0000,0.0000,0.0000,0.0000,104304,74663,53998,54750,86225,66964,95775,572442,131417,91336,0,0,0,0,0,0,0,0,0,0,0.0000,0.0000,0.0000,0.0000,0.0000,0.0000,0.2890,0.2900,0.0000,0.0000,0,0,0,0,0,0,0,1,0,0,0,0,0,0,0,0,0,0,0,0,0.1207,0.0846,0.1221,0.0574,0.0870,0.0274,0.0922,0.1154,0.0182,0.1405,0.000,0.000,0.000,0.000,0.000,0.000,0.000,0.159,0.000,0.000,semi-presidential,parliamentary,parliamentary,parliamentary,parliamentary,semi-presidential,semi-presidential,electoral-authoritarian,electoral-authoritarian,parliamentary,0.800,0.800,0.800,0.836,0.800,0.800,0.577,0.500,0.500,0.800,100.0,100.0,100.0,91.3,100.0,100.0,100.0,100.0,100.0,92.3
2031-04-01,1.0182,0.9954,0.9972,1.0188,1.1207,0.9824,0.9995,1.0232,1.0493,0.9960,0.9964,0.9920,1.0187,1.0234,0.9978,1.0341,1.1208,1.1499,0.9997,1.0234,1.0494,0.9992,0.9977,0.9922,3672.28,5452.05,4225.21,2777.51,2135.65,1351.33,194.56,2865.53,2129.38,585.48,1.1188,0.6211,1.0188,1.3100,0.9476,0.3795,1.2949,0.2655,0.1980,-0.4750,0.6580,0.7494,0.6693,0.6365,0.6971,0.7628,0.6072,0.6492,0.7306,0.6913,0.0066,0.0071,0.0131,0.0062,0.0052,0.0050,0.0012,0.0000,0.0032,0.0000,0.9746,0.9756,0.9879,0.9785,0.9772,0.9805,1.0000,1.0000,0.9836,1.0000,62.04,223.06,100.03,64.61,72.45,16.74,9.78,275.73,80.92,94.94,0.0000,0.0000,0.0000,0.0000,0.0000,0.0000,0.0000,0.0000,0.0000,0.0000,104304,74663,53998,54750,86225,66964,95775,572442,131417,91336,0,0,0,0,0,0,0,0,0,0,0.0000,0.0000,0.0000,0.0000,0.0000,0.0000,0.2693,0.2703,0.0000,0.0000,0,0,0,0,0,0,0,1,0,0,0,0,0,0,0,0,0,0,0,0,0.1265,0.0866,0.1281,0.0630,0.0911,0.0271,0.0902,0.1174,0.0182,0.1405,0.000,0.000,0.000,0.000,0.000,0.000,0.000,0.160,0.000,0.000,semi-presidential,parliamentary,parliamentary,parliamentary,parliamentary,semi-presidential,semi-presidential,electoral-authoritarian,electoral-authoritarian,parliamentary,0.800,0.800,0.800,0.826,0.800,0.800,0.587,0.500,0.500,0.800,100.0,100.0,100.0,94.8,100.0,100.0,100.0,100.0,100.0,95.1
2031-05-01,1.0142,0.9960,0.9967,1.0177,1.1184,0.9856,0.9985,1.0195,1.0466,0.9994,0.9928,0.9922,1.0142,0.9963,1.0194,1.0317,1.1192,1.0403,0.9986,1.0198,1.0469,0.9996,0.9930,0.9927,3687.24,5468.38,4247.89,2778.67,2137.56,1357.71,194.85,2868.95,2139.39,586.57,1.1141,0.6215,1.0132,1.3095,0.9468,0.3764,1.2980,0.2662,0.1964,-0.4890,0.6609,0.7490,0.6739,0.6502,0.7128,0.7590,0.6120,0.6606,0.7364,0.7073,0.0027,0.0020,0.0103,0.0027,0.0023,0.0008,0.0003,0.0000,0.0011,0.0006,0.9996,0.9996,0.9998,0.9996,0.9996,0.9997,1.0000,1.0000,0.9997,1.0000,61.09,220.84,98.05,63.44,70.97,16.35,9.58,271.96,79.61,94.57,0.0000,0.0000,0.0000,0.0000,0.0000,0.0000,0.0000,0.0000,0.0000,0.0000,104304,74663,53998,54750,86225,66964,95775,572442,131417,91336,0,0,0,0,0,0,0,0,0,0,0.0000,0.0000,0.0000,0.0000,0.0000,0.0000,0.2496,0.2505,0.0000,0.0000,0,0,0,0,0,0,0,1,0,0,0,0,0,0,0,0,0,0,0,0,0.1406,0.0925,0.1435,0.0696,0.1062,0.0277,0.0875,0.1174,0.0199,0.1410,0.000,0.000,0.000,0.000,0.000,0.000,0.000,0.160,0.000,0.000,semi-presidential,parliamentary,parliamentary,parliamentary,parliamentary,semi-presidential,semi-presidential,electoral-authoritarian,electoral-authoritarian,parliamentary,0.800,0.840,0.800,0.816,0.800,0.800,0.597,0.500,0.500,0.800,100.0,100.0,100.0,98.4,100.0,100.0,100.0,100.0,100.0,98.0
2031-06-01,1.0070,0.9978,0.9951,1.0164,1.1125,0.9877,0.9974,1.0154,1.0413,1.0006,0.9917,0.9935,1.0077,1.0674,0.9956,1.0329,1.1127,1.1842,0.9977,1.0163,1.0427,1.0007,1.0116,0.9934,3706.61,5476.65,4258.28,2792.39,2145.65,1361.20,194.99,2871.65,2151.55,587.59,1.1083,0.6206,1.0107,1.3061,0.9434,0.3743,1.3023,0.2670,0.1947,-0.5031,0.6669,0.7641,0.6800,0.6647,0.6959,0.7512,0.6246,0.6694,0.7181,0.7052,0.0131,0.0124,0.0179,0.0112,0.0115,0.0089,0.0017,0.0001,0.0066,0.0009,0.9363,0.9421,0.9696,0.9463,0.9381,0.9550,0.9938,1.0000,0.9605,1.0000,59.55,217.51,96.50,62.13,69.15,15.96,9.29,264.76,78.45,94.18,0.0000,0.0000,0.0000,0.0000,0.0000,0.0000,0.0000,0.0000,0.0000,0.0000,104304,74663,53998,54750,86225,66964,95775,572442,131417,91336,0,0,0,0,0,0,0,0,0,0,0.0000,0.0000,0.0000,0.0000,0.0000,0.0000,0.2299,0.2308,0.0000,0.0000,0,0,0,0,0,0,0,1,0,0,0,0,0,0,0,0,0,0,0,0,0.1400,0.0923,0.1428,0.0695,0.1059,0.0276,0.0868,0.1148,0.0201,0.1400,0.000,0.000,0.000,0.000,0.000,0.000,0.000,0.159,0.000,0.000,semi-presidential,parliamentary,parliamentary,parliamentary,parliamentary,semi-presidential,semi-presidential,electoral-authoritarian,electoral-authoritarian,parliamentary,0.800,0.836,0.800,0.806,0.800,0.800,0.607,0.500,0.500,0.800,100.0,100.0,100.0,100.0,100.0,100.0,100.0,100.0,100.0,100.0
2031-07-01,1.0004,1.0002,0.9954,1.0145,1.1054,0.9945,0.9974,1.0107,1.0355,0.9987,0.9910,0.9950,1.0014,1.0700,0.9971,1.0311,1.1062,1.2011,1.0147,1.0108,1.0357,0.9992,0.9913,0.9953,3729.83,5508.56,4262.71,2805.55,2157.54,1371.63,195.05,2878.15,2164.84,588.91,1.1014,0.6172,1.0098,1.3002,0.9384,0.3702,1.3072,0.2675,0.1929,-0.5169,0.6700,0.7578,0.6815,0.6695,0.7095,0.7504,0.6106,0.6676,0.7164,0.7078,0.0133,0.0126,0.0181,0.0115,0.0117,0.0090,0.0017,0.0001,0.0066,0.0012,0.9359,0.9419,0.9698,0.9460,0.9377,0.9548,0.9937,1.0000,0.9603,1.0000,59.62,215.56,94.56,62.82,69.39,15.27,9.26,267.91,78.90,93.75,0.0000,0.0000,0.0000,0.0000,0.0000,0.0000,0.0000,0.0000,0.0000,0.0000,104304,74663,53998,54750,86225,66964,95775,572442,131417,91336,0,0,0,0,0,0,0,0,0,0,0.0000,0.0000,0.0000,0.0000,0.0000,0.0000,0.2102,0.2111,0.0000,0.0000,0,0,0,0,0,0,0,1,0,0,0,0,0,0,0,0,0,0,0,0,0.1415,0.0927,0.1453,0.0709,0.1076,0.0272,0.0839,0.1165,0.0208,0.1394,0.000,0.000,0.000,0.000,0.000,0.000,0.000,0.158,0.000,0.000,semi-presidential,parliamentary,parliamentary,parliamentary,parliamentary,semi-presidential,semi-presidential,electoral-authoritarian,electoral-authoritarian,parliamentary,0.800,0.827,0.800,0.800,0.800,0.800,0.617,0.500,0.500,0.800,100.0,100.0,100.0,100.0,100.0,100.0,100.0,100.0,100.0,100.0
2031-08-01,0.9954,1.0042,0.9943,1.0143,1.0944,1.0011,0.9984,1.0089,1.0308,0.9988,0.9916,0.9977,0.9956,1.1346,1.0094,1.0454,1.0966,1.1924,1.0227,1.0092,1.0312,1.0014,0.9956,0.9982,3744.90,5526.06,4283.64,2810.99,2173.97,1372.25,195.39,2881.14,2172.64,590.43,1.0971,0.6154,1.0049,1.2979,0.9314,0.3689,1.3104,0.2683,0.1916,-0.5304,0.6734,0.7474,0.6859,0.6656,0.7155,0.7483,0.6013,0.6674,0.7070,0.7101,0.0219,0.0202,0.0239,0.0236,0.0202,0.0140,0.0078,0.0001,0.0117,0.0019,0.8819,0.8938,0.9443,0.9005,0.8837,0.9177,0.9804,1.0000,0.9272,1.0000,59.69,212.82,91.75,60.01,68.61,14.92,9.33,267.77,78.43,91.88,0.0000,0.0000,0.0000,0.0000,0.0000,0.0000,0.0000,0.0000,0.0000,0.0000,104304,74663,53998,54750,86225,66964,95775,572442,131417,91336,0,0,0,0,0,0,0,0,0,0,0.0000,0.0000,0.0000,0.0000,0.0000,0.0000,0.1905,0.1914,0.0000,0.0000,0,0,0,0,0,0,0,1,0,0,0,0,0,0,0,0,0,0,0,0,0.1449,0.0942,0.1478,0.0716,0.1104,0.0284,0.0811,0.1192,0.0230,0.1423,0.000,0.000,0.000,0.000,0.000,0.000,0.000,0.155,0.000,0.000,semi-presidential,parliamentary,parliamentary,parliamentary,parliamentary,semi-presidential,semi-presidential,electoral-authoritarian,electoral-authoritarian,parliamentary,0.800,0.817,0.800,0.800,0.800,0.800,0.627,0.500,0.500,0.800,100.0,100.0,100.0,100.0,100.0,100.0,100.0,100.0,100.0,100.0
2031-09-01,0.9920,1.0096,0.9954,1.0137,1.0829,1.0059,0.9990,1.0063,1.0280,0.9988,0.9914,1.0003,0.9924,1.1511,0.9960,1.0337,1.0836,1.1591,0.9990,1.0069,1.0286,1.0015,0.9915,1.0005,3747.54,5547.12,4293.92,2818.63,2181.57,1379.02,195.45,2895.07,2183.64,589.63,1.0964,0.6133,1.0026,1.2947,0.9283,0.3658,1.3155,0.2691,0.1900,-0.5460,0.6737,0.7468,0.6857,0.6706,0.7228,0.7408,0.5975,0.6552,0.6942,0.7121,0.0207,0.0194,0.0221,0.0179,0.0195,0.0145,0.0047,0.0000,0.0118,0.0003,0.8717,0.8847,0.9397,0.8920,0.8737,0.9107,0.9802,1.0000,0.9211,1.0000,60.45,214.61,93.72,62.87,70.45,14.57,9.49,274.86,79.79,91.63,0.0000,0.0000,0.0000,0.0000,0.0000,0.0000,0.0000,0.0000,0.0000,0.0000,104304,74663,53998,54750,86225,66964,95775,572442,131417,91336,0,0,0,0,0,0,0,0,0,0,0.0000,0.0000,0.0000,0.0000,0.0000,0.0000,0.1707,0.1533,0.0000,0.0000,0,0,0,0,0,0,0,1,0,0,0,0,0,0,0,0,0,0,0,0,0.1460,0.0958,0.1498,0.0745,0.1114,0.0295,0.0810,0.1215,0.0239,0.1397,0.000,0.000,0.000,0.000,0.000,0.000,0.000,0.154,0.000,0.000,semi-presidential,parliamentary,parliamentary,parliamentary,parliamentary,semi-presidential,semi-presidential,electoral-authoritarian,electoral-authoritarian,parliamentary,0.800,0.807,0.800,0.800,0.800,0.800,0.637,0.500,0.500,0.800,100.0,100.0,100.0,100.0,100.0,100.0,100.0,100.0,100.0,100.0
2031-10-01,0.9902,1.0139,0.9934,1.0143,1.0716,1.0083,0.9977,1.0033,1.0260,1.0001,0.9916,1.0025,0.9905,1.1215,0.9940,1.0483,1.0732,1.0083,0.9977,1.0036,1.0261,1.0085,1.0274,1.0027,3773.27,5550.56,4300.75,2833.44,2197.04,1386.76,195.81,2903.28,2198.98,592.11,1.0889,0.6128,1.0011,1.2881,0.9221,0.3626,1.3187,0.2694,0.1880,-0.5586,0.6767,0.7427,0.6999,0.6716,0.7376,0.7567,0.5972,0.6769,0.6937,0.7117,0.0147,0.0130,0.0180,0.0185,0.0141,0.0094,0.0082,0.0002,0.0084,0.0017,0.9030,0.9128,0.9545,0.9184,0.9045,0.9325,0.9823,1.0000,0.9404,1.0000,60.96,212.06,89.06,60.22,69.67,14.38,9.31,277.61,80.42,92.15,0.0000,0.0000,0.0000,0.0000,0.0000,0.0000,0.0000,0.0000,0.0000,0.0000,104304,74663,53998,54750,86225,66964,95775,572442,131417,91336,0,0,0,0,0,0,0,0,0,0,0.0000,0.0000,0.0000,0.0000,0.0000,0.0000,0.1510,0.1336,0.0000,0.0000,0,0,0,0,0,0,0,1,0,0,0,0,0,0,0,0,0,0,0,0,0.1487,0.0968,0.1520,0.0743,0.1136,0.0306,0.0805,0.1241,0.0263,0.1431,0.000,0.000,0.000,0.000,0.000,0.000,0.000,0.152,0.000,0.000,semi-presidential,parliamentary,parliamentary,parliamentary,parliamentary,semi-presidential,semi-presidential,electoral-authoritarian,electoral-authoritarian,parliamentary,0.800,0.800,0.800,0.800,0.800,0.800,0.646,0.500,0.500,0.800,100.0,100.0,100.0,100.0,100.0,100.0,100.0,100.0,100.0,100.0
2031-11-01,0.9874,1.0158,0.9956,1.0146,1.0591,1.0072,0.9963,0.9989,1.0241,1.0021,0.9919,1.0015,0.9878,1.0802,1.1487,1.0407,1.0619,1.0076,0.9964,0.9994,1.0245,1.0027,0.9919,1.0018,3795.94,5578.84,4324.63,2846.65,2197.29,1390.01,196.11,2912.36,2208.97,593.71,1.0795,0.6097,0.9957,1.2824,0.9222,0.3609,1.3224,0.2696,0.1865,-0.5719,0.6829,0.7510,0.7043,0.6785,0.7380,0.7549,0.5963,0.6880,0.7084,0.7084,0.0184,0.0130,0.0231,0.0205,0.0181,0.0057,0.0044,0.0000,0.0109,0.0024,0.9420,0.9477,0.9728,0.9512,0.9432,0.9595,0.9941,1.0000,0.9643,1.0000,59.91,210.92,89.51,61.84,68.81,13.98,9.18,271.48,79.43,93.48,0.0000,0.0000,0.0000,0.0000,0.0000,0.0000,0.0000,0.0000,0.0000,0.0000,104304,74663,53998,54750,86225,66964,95775,572442,131417,91336,0,0,0,0,0,0,0,0,0,0,0.0000,0.0000,0.0000,0.0000,0.0000,0.0000,0.1313,0.1139,0.0000,0.0000,0,0,0,0,0,0,0,1,0,0,0,0,0,0,0,0,0,0,0,0,0.1170,0.0810,0.1175,0.0589,0.0887,0.0259,0.0740,0.1171,0.0199,0.1423,0.000,0.000,0.000,0.000,0.000,0.000,0.000,0.153,0.000,0.000,semi-presidential,parliamentary,parliamentary,parliamentary,parliamentary,semi-presidential,semi-presidential,electoral-authoritarian,electoral-authoritarian,parliamentary,0.800,0.800,0.800,0.800,0.800,0.800,0.656,0.500,0.500,0.800,100.0,100.0,100.0,100.0,100.0,30.0,100.0,100.0,100.0,100.0
2031-12-01,0.9813,1.0165,0.9977,1.0131,1.0464,1.0073,0.9951,0.9981,1.0221,1.0009,0.9909,0.9990,0.9821,1.0167,0.9981,1.0273,1.0473,1.0186,0.9952,0.9984,1.0223,1.0015,0.9909,0.9994,3805.02,5590.71,4310.25,2848.74,2196.83,1396.08,196.48,2910.68,2219.91,594.33,1.0769,0.6084,0.9991,1.2817,0.9226,0.3582,1.3253,0.2708,0.1850,-0.5863,0.6758,0.7342,0.6742,0.6670,0.7218,0.7498,0.5998,0.6874,0.7058,0.7109,0.0002,0.0002,0.0083,0.0002,0.0001,0.0001,0.0003,0.0000,0.0001,0.0000,1.0000,1.0000,1.0000,1.0000,1.0000,1.0000,1.0000,1.0000,1.0000,1.0000,59.22,210.76,88.72,61.29,67.85,13.89,9.03,268.66,79.51,93.34,0.0000,0.0000,0.0000,0.0000,0.0000,0.0000,0.0000,0.0000,0.0000,0.0000,104304,74663,53998,54750,86225,66964,95775,572442,131417,91336,0,0,0,0,0,0,0,0,0,0,0.0000,0.0000,0.0000,0.0000,0.0000,0.0000,0.1116,0.0942,0.0000,0.0000,0,0,0,0,0,0,0,1,0,0,0,0,0,0,0,0,0,0,0,0,0.1188,0.0819,0.1211,0.0601,0.0907,0.0248,0.0717,0.1140,0.0193,0.1394,0.000,0.000,0.000,0.000,0.000,0.000,0.000,0.155,0.000,0.000,semi-presidential,parliamentary,parliamentary,parliamentary,parliamentary,semi-presidential,semi-presidential,electoral-authoritarian,electoral-authoritarian,parliamentary,0.800,0.800,0.800,0.800,0.800,0.800,0.666,0.500,0.500,0.800,100.0,100.0,100.0,100.0,100.0,33.1,100.0,100.0,100.0,100.0
2032-01-01,0.9771,1.0156,0.9976,1.0093,1.0323,1.0088,0.9939,0.9984,1.0203,0.9974,0.9900,0.9956,0.9771,1.0160,0.9983,1.0106,1.0347,1.0941,0.9939,0.9985,1.0206,0.9976,0.9902,0.9957,3800.79,5613.59,4301.49,2849.13,2198.10,1402.15,197.29,2906.27,2220.42,594.71,1.0783,0.6059,1.0013,1.2818,0.9223,0.3556,1.3251,0.2723,0.1843,-0.6007,0.6720,0.7262,0.6659,0.6658,0.7011,0.7430,0.5942,0.6805,0.7052,0.7104,0.0015,0.0018,0.0015,0.0016,0.0010,0.0011,0.0002,0.0000,0.0004,0.0000,1.0000,1.0000,1.0000,1.0000,1.0000,1.0000,1.0000,1.0000,1.0000,1.0000,59.59,211.62,87.74,61.89,69.05,13.84,9.22,272.65,80.09,93.26,0.0000,0.0000,0.0000,0.0000,0.0000,0.0000,0.0000,0.0000,0.0000,0.0000,104304,74663,53998,54750,86225,66964,95775,572442,131417,91336,0,0,0,0,0,0,0,0,0,0,0.0000,0.0000,0.0000,0.0000,0.0000,0.0000,0.0919,0.0744,0.0000,0.0000,0,0,0,0,0,0,0,1,0,0,0,0,0,0,0,0,0,0,0,0,0.1158,0.0799,0.1191,0.0582,0.0885,0.0222,0.0671,0.1137,0.0172,0.1381,0.000,0.000,0.000,0.000,0.000,0.000,0.000,0.158,0.000,0.000,semi-presidential,parliamentary,parliamentary,parliamentary,parliamentary,semi-presidential,semi-presidential,electoral-authoritarian,electoral-authoritarian,parliamentary,0.800,0.800,0.800,0.800,0.800,0.800,0.676,0.500,0.500,0.800,100.0,100.0,100.0,100.0,100.0,36.2,100.0,100.0,100.0,100.0
2032-02-01,0.9724,1.0131,0.9973,1.0045,1.0200,1.0082,0.9934,0.9984,1.0184,0.9948,0.9883,0.9950,0.9729,1.0134,1.0119,1.0048,1.0204,1.0083,0.9937,1.0280,1.0189,0.9954,0.9886,0.9950,3804.06,5648.00,4299.05,2853.36,2203.29,1406.35,197.35,2906.37,2229.66,593.97,1.0776,0.6022,1.0019,1.2802,0.9203,0.3535,1.3296,0.2734,0.1829,-0.6163,0.6604,0.7325,0.6528,0.6666,0.7023,0.7353,0.5833,0.6806,0.7089,0.7114,0.0025,0.0005,0.0027,0.0010,0.0020,0.0000,0.0017,0.0002,0.0006,0.0024,1.0000,1.0000,1.0000,1.0000,1.0000,1.0000,1.0000,1.0000,1.0000,1.0000,58.51,210.55,87.19,60.89,67.97,13.81,9.11,267.16,79.12,92.80,0.0000,0.0000,0.0000,0.0000,0.0000,0.0000,0.0000,0.0000,0.0000,0.0000,104304,74663,53998,54750,86225,66964,95775,572442,131417,91336,0,0,0,0,0,0,0,0,0,0,0.0000,0.0000,0.0000,0.0000,0.0000,0.0000,0.0722,0.0547,0.0000,0.0000,0,0,0,0,0,0,0,1,0,0,0,0,0,0,0,0,0,0,0,0,0.1361,0.0887,0.1407,0.0682,0.1044,0.0242,0.0732,0.1143,0.0199,0.1376,0.000,0.000,0.000,0.000,0.000,0.000,0.000,0.159,0.000,0.000,semi-presidential,parliamentary,parliamentary,parliamentary,parliamentary,semi-presidential,semi-presidential,electoral-authoritarian,electoral-authoritarian,parliamentary,0.800,0.800,0.800,0.800,0.800,0.800,0.686,0.500,0.500,0.800,100.0,100.0,100.0,100.0,100.0,39.3,100.0,100.0,100.0,100.0
2032-03-01,0.9667,1.0094,0.9977,1.0016,1.0115,1.0062,0.9919,0.9972,1.0176,0.9903,0.9876,0.9953,0.9673,1.0100,1.0120,1.0101,1.0119,1.0064,0.9920,0.9977,1.0388,0.9914,0.9907,0.9954,3822.45,5648.00,4307.16,2862.34,2208.48,1408.18,197.65,2907.62,2240.89,594.27,1.0726,0.6022,1.0002,1.2764,0.9181,0.3520,1.3323,0.2745,0.1812,-0.6308,0.6642,0.7325,0.6602,0.6704,0.7081,0.7370,0.5815,0.6540,0.6953,0.7118,0.0011,0.0005,0.0062,0.0012,0.0017,0.0000,0.0012,0.0009,0.0013,0.0010,1.0000,1.0000,1.0000,1.0000,1.0000,1.0000,1.0000,1.0000,1.0000,1.0000,58.34,209.56,86.60,60.32,67.51,13.64,9.08,265.95,78.69,92.29,0.0000,0.0000,0.0000,0.0000,0.0000,0.0000,0.0000,0.0000,0.0000,0.0000,104304,74663,53998,54750,86225,66964,95775,572442,131417,91336,0,0,0,0,0,0,0,0,0,0,0.0000,0.0000,0.0000,0.0000,0.0000,0.0000,0.0525,0.0350,0.0000,0.0000,0,0,0,0,0,0,0,1,0,0,0,0,0,0,0,0,0,0,0,0,0.1411,0.0912,0.1460,0.0706,0.1082,0.0254,0.0791,0.1152,0.0208,0.1368,0.000,0.000,0.000,0.000,0.000,0.000,0.000,0.159,0.000,0.000,semi-presidential,parliamentary,parliamentary,parliamentary,parliamentary,semi-presidential,semi-presidential,electoral-authoritarian,electoral-authoritarian,parliamentary,0.800,0.800,0.800,0.800,0.800,0.800,0.696,0.500,0.500,0.800,100.0,100.0,100.0,100.0,100.0,42.3,100.0,100.0,100.0,100.0
2032-04-01,0.9609,1.0032,0.9981,0.9994,1.0050,1.0027,0.9903,0.9968,1.0176,0.9859,0.9882,0.9942,0.9609,1.0047,0.9986,1.0150,1.0060,1.0029,0.9969,1.0354,1.0176,0.9862,0.9882,0.9943,3831.84,5684.20,4320.19,2868.25,2219.95,1414.22,198.38,2913.41,2247.72,594.21,1.0702,0.5984,0.9973,1.2740,0.9134,0.3495,1.3319,0.2751,0.1800,-0.6456,0.6706,0.7398,0.6710,0.6795,0.7130,0.7393,0.5881,0.6733,0.7068,0.7125,0.0021,0.0000,0.0115,0.0000,0.0014,0.0000,0.0022,0.0003,0.0001,0.0031,1.0000,1.0000,1.0000,1.0000,1.0000,1.0000,1.0000,1.0000,1.0000,1.0000,57.96,209.88,87.71,59.60,67.07,13.58,9.04,263.46,77.96,91.55,0.0000,0.0000,0.0000,0.0000,0.0000,0.0000,0.0000,0.0000,0.0000,0.0000,104304,74663,53998,54750,86225,66964,95775,572442,131417,91336,0,0,0,0,0,0,0,0,0,0,0.0000,0.0000,0.0000,0.0000,0.0000,0.0000,0.0328,0.0153,0.0000,0.0000,0,0,0,0,0,0,0,1,0,0,0,0,0,0,0,0,0,0,0,0,0.1121,0.0769,0.1137,0.0553,0.0846,0.0221,0.0733,0.1099,0.0164,0.1369,0.000,0.000,0.000,0.000,0.000,0.000,0.000,0.162,0.000,0.000,semi-presidential,parliamentary,parliamentary,parliamentary,parliamentary,semi-presidential,semi-presidential,electoral-authoritarian,electoral-authoritarian,parliamentary,0.800,0.800,0.800,0.800,0.800,0.800,0.706,0.500,0.500,0.800,100.0,100.0,100.0,100.0,100.0,45.4,100.0,100.0,100.0,100.0
2032-05-01,0.9567,0.9969,0.9973,0.9978,1.0019,1.0061,0.9903,0.9972,1.0180,0.9824,0.9861,0.9913,0.9569,0.9971,1.0732,1.0134,1.0023,1.1467,1.0154,1.0249,1.0518,0.9826,0.9867,0.9915,3830.99,5688.44,4315.11,2882.99,2209.94,1418.12,198.41,2920.87,2254.94,594.91,1.0727,0.5980,0.9985,1.2677,0.9135,0.3475,1.3358,0.2757,0.1788,-0.6595,0.6556,0.7319,0.6587,0.6784,0.7009,0.7416,0.5922,0.6823,0.6900,0.7061,0.0098,0.0054,0.0197,0.0081,0.0091,0.0018,0.0043,0.0016,0.0049,0.0052,1.0000,1.0000,1.0000,1.0000,1.0000,1.0000,1.0000,1.0000,1.0000,1.0000,58.88,210.85,88.62,60.71,67.87,14.15,9.19,268.46,78.63,91.19,0.0000,0.0000,0.0000,0.0000,0.0000,0.0000,0.0000,0.0000,0.0000,0.0000,104304,74663,53998,54750,86225,66964,95775,572442,131417,91336,0,0,0,0,0,0,0,0,0,0,0.0000,0.0000,0.0000,0.0000,0.0000,0.0000,0.0130,0.0000,0.0000,0.0000,0,0,0,0,0,0,0,1,0,0,0,0,0,0,0,0,0,0,0,0,0.1218,0.0803,0.1233,0.0591,0.0915,0.0231,0.0820,0.1130,0.0167,0.1368,0.000,0.000,0.000,0.000,0.000,0.000,0.000,0.165,0.000,0.000,semi-presidential,parliamentary,parliamentary,parliamentary,parliamentary,semi-presidential,semi-presidential,electoral-authoritarian,electoral-authoritarian,parliamentary,0.828,0.800,0.800,0.800,0.800,0.800,0.715,0.500,0.500,0.800,100.0,100.0,100.0,100.0,100.0,48.5,100.0,100.0,100.0,100.0
2032-06-01,0.9554,0.9931,0.9975,0.9960,1.0006,1.0102,0.9901,0.9987,1.0176,0.9799,0.9832,0.9913,1.0017,0.9937,0.9979,1.0119,0.9997,1.0984,0.9901,1.3371,1.0176,0.9804,0.9834,0.9914,3836.83,5704.90,4339.75,2884.29,2214.25,1419.64,198.56,2919.60,2259.80,596.63,1.0711,0.5962,0.9929,1.2674,0.9118,0.3462,1.3386,0.2770,0.1778,-0.6721,0.6526,0.7308,0.6413,0.6722,0.7050,0.7371,0.6068,0.6826,0.6835,0.6993,0.0206,0.0050,0.0337,0.0043,0.0157,0.0037,0.0242,0.0026,0.0025,0.0248,1.0000,1.0000,1.0000,1.0000,1.0000,1.0000,1.0000,1.0000,1.0000,1.0000,59.70,213.58,90.39,61.75,69.68,14.26,9.53,274.20,79.89,91.38,0.0000,0.0000,0.0000,0.0000,0.0000,0.0000,0.0000,0.0000,0.0000,0.0000,104304,74663,53998,54750,86225,66964,95775,572442,131417,91336,0,0,0,0,0,0,0,0,0,0,0.0000,0.0000,0.0000,0.0000,0.0000,0.0000,0.0000,0.0000,0.0000,0.0000,0,0,0,0,0,0,0,1,0,0,0,0,0,0,0,0,0,0,0,0,0.1429,0.0883,0.1421,0.0738,0.1052,0.0241,0.0821,0.1155,0.0186,0.1354,0.000,0.000,0.000,0.000,0.000,0.000,0.000,0.165,0.000,0.000,semi-presidential,parliamentary,parliamentary,parliamentary,parliamentary,semi-presidential,semi-presidential,electoral-authoritarian,electoral-authoritarian,parliamentary,0.825,0.800,0.800,0.800,0.800,0.800,0.725,0.500,0.500,0.800,30.0,100.0,100.0,100.0,100.0,51.6,100.0,100.0,100.0,100.0
2032-07-01,0.9593,0.9898,0.9971,0.9932,1.0256,1.0100,0.9897,1.0073,1.0160,0.9801,0.9803,0.9909,1.1293,0.9906,1.0135,0.9939,1.1140,1.0103,0.9899,1.1856,1.0161,0.9826,0.9805,0.9909,3859.89,5729.14,4340.16,2890.16,2217.36,1423.59,199.14,2924.35,2266.64,596.92,1.0650,0.5937,0.9924,1.2648,0.9106,0.3443,1.3383,0.2779,0.1766,-0.6864,0.6544,0.7275,0.6368,0.6713,0.6844,0.7282,0.5949,0.6731,0.6931,0.6526,0.0219,0.0116,0.0261,0.0265,0.0401,0.0092,0.0422,0.0012,0.0066,0.0479,1.0000,1.0000,1.0000,1.0000,1.0000,1.0000,1.0000,1.0000,1.0000,1.0000,58.35,213.47,91.70,61.51,68.81,14.71,9.52,267.61,78.97,90.92,0.0000,0.0000,0.0000,0.0000,0.0000,0.0000,0.0000,0.0000,0.0000,0.0000,104304,74663,53998,54750,86225,66964,95775,572442,131417,91336,0,0,0,0,0,0,0,0,0,0,0.0000,0.0000,0.0000,0.0000,0.0000,0.0000,0.0000,0.0000,0.0000,0.0000,0,0,0,0,0,0,0,1,0,0,0,0,0,0,0,0,0,0,0,0,0.1330,0.0849,0.1368,0.0695,0.0978,0.0238,0.0860,0.1164,0.0173,0.1347,0.000,0.000,0.000,0.000,0.000,0.000,0.000,0.166,0.000,0.000,semi-presidential,parliamentary,parliamentary,parliamentary,parliamentary,semi-presidential,semi-presidential,electoral-authoritarian,electoral-authoritarian,parliamentary,0.816,0.800,0.800,0.800,0.800,0.800,0.735,0.500,0.500,0.800,32.9,100.0,100.0,100.0,100.0,54.6,100.0,100.0,100.0,100.0
2032-08-01,0.9635,0.9861,0.9995,0.9912,1.0402,1.0082,0.9909,1.0112,1.0150,0.9817,0.9790,0.9897,1.1654,0.9864,1.0518,1.0078,1.0871,1.0083,1.0668,1.0865,1.0153,1.0000,0.9792,0.9899,3895.92,5732.33,4340.88,2896.65,2221.28,1430.81,199.15,2927.79,2271.54,594.77,1.0555,0.5935,0.9921,1.2620,0.9091,0.3416,1.3417,0.2788,0.1756,-0.7035,0.6513,0.7228,0.6227,0.6537,0.6865,0.7231,0.5920,0.6810,0.6900,0.6521,0.0236,0.0147,0.0321,0.0230,0.0325,0.0112,0.0402,0.0010,0.0102,0.0270,1.0000,1.0000,1.0000,1.0000,1.0000,1.0000,1.0000,1.0000,1.0000,1.0000,58.03,214.78,95.09,61.99,68.84,15.33,9.51,264.62,78.43,90.33,0.0000,0.0000,0.0000,0.0000,0.0000,0.0000,0.0000,0.0000,0.0000,0.0000,104304,74663,53998,54750,86225,66964,95775,572442,131417,91336,0,0,0,0,0,0,0,0,0,0,0.0000,0.0000,0.0000,0.0000,0.0000,0.0000,0.0000,0.0000,0.0000,0.0000,0,0,0,0,0,0,0,1,0,0,0,0,0,0,0,0,0,0,0,0,0.1284,0.0830,0.1318,0.0672,0.1001,0.0238,0.0862,0.1153,0.0167,0.1356,0.000,0.000,0.000,0.000,0.000,0.000,0.000,0.167,0.000,0.000,semi-presidential,parliamentary,parliamentary,parliamentary,parliamentary,semi-presidential,semi-presidential,electoral-authoritarian,electoral-authoritarian,parliamentary,0.800,0.800,0.800,0.800,0.800,0.800,0.745,0.500,0.500,0.800,38.6,100.0,100.0,96.2,100.0,57.6,100.0,100.0,100.0,100.0
2032-09-01,0.9689,0.9841,1.0005,0.9898,1.0470,1.0072,0.9930,1.0118,1.0123,0.9844,0.9796,0.9901,1.2061,0.9843,1.0486,1.0067,1.0848,1.0191,1.0333,1.0119,1.0125,0.9992,1.0020,0.9903,3912.46,5735.58,4352.13,2901.63,2228.22,1435.75,199.13,2928.18,2278.06,592.81,1.0512,0.5932,0.9894,1.2600,0.9063,0.3395,1.3451,0.2800,0.1745,-0.7204,0.6555,0.7232,0.6406,0.6572,0.6985,0.7268,0.5984,0.6863,0.6875,0.6562,0.0218,0.0170,0.0272,0.0235,0.0299,0.0136,0.0371,0.0004,0.0123,0.0178,1.0000,1.0000,1.0000,1.0000,1.0000,1.0000,1.0000,1.0000,1.0000,1.0000,57.97,214.12,95.75,62.26,68.87,15.46,9.49,263.96,78.49,89.74,0.0000,0.0000,0.0000,0.0000,0.0000,0.0000,0.0000,0.0000,0.0000,0.0000,104304,74663,53998,54750,86225,66964,95775,572442,131417,91336,0,0,0,0,0,0,0,0,0,0,0.0000,0.0000,0.0000,0.0000,0.0000,0.0000,0.0000,0.0000,0.0000,0.0000,0,0,0,0,0,0,0,1,0,0,0,0,0,0,0,0,0,0,0,0,0.1414,0.0888,0.1456,0.0740,0.1106,0.0248,0.0881,0.1174,0.0184,0.1360,0.000,0.000,0.000,0.000,0.000,0.000,0.000,0.168,0.000,0.000,semi-presidential,parliamentary,parliamentary,parliamentary,parliamentary,semi-presidential,semi-presidential,electoral-authoritarian,electoral-authoritarian,parliamentary,0.800,0.800,0.800,0.800,0.800,0.800,0.755,0.500,0.500,0.800,41.5,100.0,100.0,99.8,100.0,60.6,100.0,100.0,100.0,100.0
2032-10-01,0.9747,0.9823,1.0005,0.9882,1.0513,1.0071,0.9945,1.0101,1.0114,0.9868,0.9815,0.9907,1.1820,0.9824,1.0145,1.0055,1.0702,1.0134,1.0356,1.0105,1.0118,0.9965,1.0573,0.9907,3923.83,5753.41,4369.55,2919.53,2240.21,1441.34,199.29,2935.41,2282.51,593.25,1.0483,0.5915,0.9855,1.2525,0.9015,0.3373,1.3472,0.2805,0.1735,-0.7345,0.6612,0.7242,0.6556,0.6642,0.7095,0.7322,0.6141,0.6774,0.6848,0.6728,0.0191,0.0138,0.0242,0.0159,0.0223,0.0115,0.0378,0.0007,0.0089,0.0121,1.0000,1.0000,1.0000,1.0000,1.0000,1.0000,1.0000,1.0000,1.0000,1.0000,58.79,214.99,95.53,62.83,69.46,15.49,9.56,267.93,78.97,90.37,0.0000,0.0000,0.0000,0.0000,0.0000,0.0000,0.0000,0.0000,0.0000,0.0000,104304,74663,53998,54750,86225,66964,95775,572442,131417,91336,0,0,0,0,0,0,0,0,0,0,0.0000,0.0000,0.0000,0.0000,0.0000,0.0000,0.0000,0.0000,0.0000,0.0000,0,0,0,0,0,0,0,1,0,0,0,0,0,0,0,0,0,0,0,0,0.1411,0.0889,0.1455,0.0740,0.1105,0.0252,0.0888,0.1182,0.0186,0.1359,0.000,0.000,0.000,0.000,0.000,0.000,0.000,0.168,0.000,0.000,semi-presidential,parliamentary,parliamentary,parliamentary,parliamentary,semi-presidential,semi-presidential,electoral-authoritarian,electoral-authoritarian,parliamentary,0.800,0.800,0.800,0.800,0.800,0.800,0.765,0.500,0.500,0.800,44.4,100.0,100.0,100.0,100.0,63.6,100.0,100.0,100.0,100.0
2032-11-01,0.9800,0.9814,0.9973,0.9860,1.0520,1.0091,0.9976,1.0072,1.0093,0.9911,0.9833,0.9908,1.1982,1.0288,0.9980,1.0056,1.0571,1.0902,1.0830,1.0079,1.0095,1.0003,1.0336,0.9908,3934.65,5770.04,4382.24,2927.23,2244.19,1447.83,199.75,2940.09,2294.71,594.01,1.0456,0.5928,0.9826,1.2494,0.8999,0.3389,1.3472,0.2813,0.1720,-0.7482,0.6633,0.7329,0.6714,0.6718,0.7221,0.7285,0.6170,0.6858,0.6854,0.6660,0.0265,0.0213,0.0285,0.0195,0.0253,0.0177,0.0409,0.0007,0.0133,0.0076,0.9574,0.9587,0.9798,0.9639,0.9617,0.9669,0.9968,1.0000,0.9724,1.0000,58.56,213.67,94.41,62.70,69.34,15.27,9.56,269.09,79.31,90.22,0.0000,0.0000,0.0000,0.0000,0.0000,0.0000,0.0000,0.0000,0.0000,0.0000,104304,74663,53998,54750,86225,66964,95775,572442,131417,91336,0,0,0,0,0,0,0,0,0,0,0.0000,0.0000,0.0000,0.0000,0.0000,0.0000,0.0000,0.0000,0.0000,0.0000,0,0,0,0,0,0,0,1,0,0,0,0,0,0,0,0,0,0,0,0,0.1429,0.0889,0.1463,0.0742,0.1114,0.0251,0.0891,0.1174,0.0189,0.1376,0.000,0.000,0.000,0.000,0.000,0.000,0.000,0.170,0.000,0.000,semi-presidential,parliamentary,parliamentary,parliamentary,parliamentary,semi-presidential,semi-presidential,electoral-authoritarian,electoral-authoritarian,parliamentary,0.800,0.800,0.800,0.800,0.800,0.800,0.775,0.500,0.500,0.800,47.3,100.0,100.0,100.0,100.0,71.6,100.0,100.0,100.0,100.0
2032-12-01,0.9858,0.9826,0.9954,0.9871,1.0516,1.0123,1.0002,1.0039,1.0089,0.9957,0.9851,0.9924,1.1764,1.0279,0.9960,1.0234,1.0518,1.1088,1.0716,1.0041,1.0090,1.0110,1.0914,0.9927,3937.96,5795.07,4390.02,2921.13,2253.30,1455.93,199.98,2943.19,2302.89,595.02,1.0449,0.5904,0.9810,1.2521,0.8963,0.3364,1.3486,0.2821,0.1707,-0.7615,0.6632,0.7322,0.6788,0.6606,0.7248,0.7428,0.6195,0.6811,0.6895,0.6810,0.0261,0.0201,0.0288,0.0261,0.0230,0.0160,0.0451,0.0008,0.0114,0.0086,0.9593,0.9605,0.9808,0.9655,0.9637,0.9682,0.9972,1.0000,0.9736,1.0000,59.53,213.43,90.39,59.00,68.75,15.04,9.51,272.69,80.31,90.37,0.0000,0.0000,0.0000,0.0000,0.0000,0.0000,0.0000,0.0000,0.0000,0.0000,104304,74663,53998,54750,86225,66964,95775,572442,131417,91336,0,0,0,0,0,0,0,0,0,0,0.0000,0.0000,0.0000,0.0000,0.0000,0.0000,0.0000,0.0000,0.0000,0.0000,0,0,0,0,0,0,0,1,0,0,0,0,0,0,0,0,0,0,0,0,0.1443,0.0889,0.1473,0.0727,0.1126,0.0308,0.0867,0.1207,0.0198,0.1404,0.000,0.000,0.000,0.000,0.000,0.000,0.000,0.170,0.000,0.000,semi-presidential,parliamentary,parliamentary,parliamentary,parliamentary,semi-presidential,semi-presidential,electoral-authoritarian,electoral-authoritarian,parliamentary,0.800,0.800,0.800,0.800,0.800,0.800,0.784,0.500,0.500,0.800,50.3,100.0,100.0,100.0,100.0,73.8,100.0,100.0,100.0,100.0
2033-01-01,0.9918,0.9828,0.9949,0.9884,1.0479,1.0125,1.0019,1.0014,1.0070,0.9988,0.9897,0.9940,1.2565,1.0292,1.0222,1.0148,1.0490,1.0125,1.0342,1.0017,1.0075,1.0019,1.1489,0.9943,3945.92,5814.66,4400.74,2927.30,2263.28,1464.44,200.69,2956.13,2310.30,595.09,1.0426,0.5885,0.9787,1.2496,0.8923,0.3336,1.3497,0.2821,0.1695,-0.7761,0.6589,0.7380,0.6843,0.6660,0.7240,0.7338,0.6146,0.6916,0.6825,0.6860,0.0312,0.0233,0.0316,0.0249,0.0286,0.0193,0.0457,0.0008,0.0167,0.0096,0.9584,0.9596,0.9803,0.9647,0.9628,0.9676,0.9970,1.0000,0.9731,1.0000,58.29,212.49,91.00,59.81,68.49,14.74,9.57,268.32,79.35,89.70,0.0000,0.0000,0.0000,0.0000,0.0000,0.0000,0.0000,0.0000,0.0000,0.0000,104304,74663,53998,54750,86225,66964,95775,572442,131417,91336,0,0,0,0,0,0,0,0,0,0,0.0000,0.0000,0.0000,0.0000,0.0000,0.0000,0.0000,0.0000,0.0000,0.0000,0,0,0,0,0,0,0,1,0,0,0,0,0,0,0,0,0,0,0,0,0.1458,0.0904,0.1493,0.0750,0.1140,0.0314,0.0833,0.1217,0.0207,0.1402,0.000,0.000,0.000,0.000,0.000,0.000,0.000,0.169,0.000,0.000,semi-presidential,parliamentary,parliamentary,parliamentary,parliamentary,semi-presidential,semi-presidential,electoral-authoritarian,electoral-authoritarian,parliamentary,0.800,0.800,0.800,0.800,0.800,0.800,0.794,0.500,0.500,0.800,53.2,100.0,100.0,100.0,100.0,76.9,100.0,100.0,100.0,100.0
2033-02-01,0.9974,0.9849,0.9949,0.9883,1.0453,1.0120,1.0037,1.0008,1.0052,0.9998,0.9937,0.9953,1.1592,1.0317,0.9955,1.0092,1.0457,1.0121,1.0584,1.0191,1.0053,0.9999,1.1392,0.9954,3965.81,5832.61,4406.96,2933.43,2280.22,1476.22,200.66,2963.34,2322.94,595.55,1.0374,0.5867,0.9774,1.2472,0.8857,0.3293,1.3526,0.2825,0.1680,-0.7903,0.6580,0.7444,0.6943,0.6772,0.7240,0.7291,0.6067,0.7040,0.6710,0.6964,0.0241,0.0159,0.0279,0.0144,0.0211,0.0130,0.0429,0.0010,0.0095,0.0108,0.9579,0.9593,0.9801,0.9644,0.9623,0.9673,0.9969,1.0000,0.9728,1.0000,60.25,215.72,93.06,62.88,71.19,14.84,10.00,279.26,81.86,91.66,0.0000,0.0000,0.0000,0.0000,0.0000,0.0000,0.0000,0.0000,0.0000,0.0000,104304,74663,53998,54750,86225,66964,95775,572442,131417,91336,0,0,0,0,0,0,0,0,0,0,0.0000,0.0000,0.0000,0.0000,0.0000,0.0000,0.0000,0.0000,0.0000,0.0000,0,0,0,0,0,0,0,1,0,0,0,0,0,0,0,0,0,0,0,0,0.1461,0.0911,0.1503,0.0764,0.1148,0.0321,0.0870,0.1223,0.0215,0.1401,0.000,0.000,0.000,0.000,0.000,0.000,0.000,0.169,0.000,0.000,semi-presidential,parliamentary,parliamentary,parliamentary,parliamentary,semi-presidential,semi-presidential,electoral-authoritarian,electoral-authoritarian,parliamentary,0.800,0.800,0.800,0.800,0.800,0.800,0.800,0.500,0.500,0.800,56.1,100.0,100.0,100.0,100.0,82.9,100.0,100.0,100.0,100.0
2033-03-01,1.0005,0.9860,0.9934,0.9875,1.0425,1.0115,1.0049,0.9994,1.0043,0.9982,0.9968,0.9966,1.1252,1.0288,0.9941,1.0084,1.0427,1.0115,1.0182,0.9995,1.0043,0.9987,1.0705,0.9968,3977.51,5836.30,4420.59,2942.64,2289.54,1476.22,200.98,2977.06,2333.00,594.61,1.0345,0.5864,0.9745,1.2463,0.8821,0.3293,1.3530,0.2824,0.1666,-0.8064,0.6638,0.7494,0.7046,0.6969,0.7370,0.7291,0.6051,0.6974,0.6924,0.6993,0.0166,0.0130,0.0207,0.0120,0.0149,0.0106,0.0376,0.0003,0.0077,0.0041,0.9616,0.9625,0.9819,0.9675,0.9660,0.9699,0.9977,1.0000,0.9751,1.0000,61.29,216.23,92.92,63.40,72.09,14.78,9.87,284.07,82.64,92.09,0.0000,0.0000,0.0000,0.0000,0.0000,0.0000,0.0000,0.0000,0.0000,0.0000,104304,74663,53998,54750,86225,66964,95775,572442,131417,91336,0,0,0,0,0,0,0,0,0,0,0.0000,0.0000,0.0000,0.0000,0.0000,0.0000,0.0000,0.0000,0.0000,0.0000,0,0,0,0,0,0,0,1,0,0,0,0,0,0,0,0,0,0,0,0,0.1522,0.0921,0.1511,0.0777,0.1161,0.0333,0.0906,0.1245,0.0226,0.1405,0.000,0.000,0.000,0.000,0.000,0.000,0.000,0.168,0.000,0.000,semi-presidential,parliamentary,parliamentary,parliamentary,parliamentary,semi-presidential,semi-presidential,electoral-authoritarian,electoral-authoritarian,parliamentary,0.800,0.800,0.800,0.800,0.800,0.800,0.800,0.500,0.500,0.800,58.8,100.0,100.0,100.0,100.0,82.9,100.0,100.0,100.0,100.0
2033-04-01,1.0057,0.9866,0.9940,0.9883,1.0371,1.0124,1.0049,0.9990,1.0046,0.9963,0.9982,0.9964,1.2410,0.9927,1.0517,1.0206,1.0387,1.0205,1.0359,1.0160,1.0077,0.9964,1.0357,0.9968,4001.68,5860.42,4433.43,2950.01,2299.56,1482.70,201.81,2989.03,2345.42,595.80,1.0284,0.5841,0.9717,1.2433,0.8783,0.3270,1.3499,0.2823,0.1651,-0.8196,0.6670,0.7478,0.7007,0.6988,0.7464,0.7408,0.6100,0.7034,0.6970,0.7058,0.0234,0.0178,0.0262,0.0242,0.0222,0.0135,0.0424,0.0005,0.0126,0.0056,0.9946,0.9945,0.9975,0.9954,0.9956,0.9954,1.0000,1.0000,0.9964,1.0000,59.92,213.07,89.57,59.31,69.58,14.73,9.85,275.73,81.04,90.51,0.0000,0.0000,0.0000,0.0000,0.0000,0.0000,0.0000,0.0000,0.0000,0.0000,104304,74663,53998,54750,86225,66964,95775,572442,131417,91336,0,0,0,0,0,0,0,0,0,0,0.0000,0.0000,0.0000,0.0000,0.0000,0.0000,0.0000,0.0000,0.0000,0.0000,0,0,0,0,0,0,0,1,0,0,0,0,0,0,0,0,0,0,0,0,0.1520,0.0913,0.1558,0.0759,0.1161,0.0324,0.0821,0.1244,0.0222,0.1425,0.000,0.000,0.000,0.000,0.000,0.000,0.000,0.169,0.000,0.000,semi-presidential,parliamentary,parliamentary,parliamentary,parliamentary,semi-presidential,semi-presidential,electoral-authoritarian,electoral-authoritarian,parliamentary,0.800,0.800,0.800,0.800,0.800,0.800,0.800,0.500,0.500,0.800,61.7,100.0,100.0,100.0,100.0,86.0,100.0,100.0,100.0,100.0
2033-05-01,1.0111,0.9861,0.9991,0.9903,1.0288,1.0113,1.0051,0.9985,1.0048,0.9944,0.9995,0.9975,1.1822,0.9862,1.2547,1.0286,1.0291,1.0114,1.0207,0.9987,1.0101,0.9946,1.0410,0.9978,4010.86,5863.05,4445.34,2956.63,2309.93,1488.71,201.83,2997.68,2360.10,596.75,1.0262,0.5840,0.9692,1.2406,0.8744,0.3274,1.3520,0.2826,0.1633,-0.8331,0.6663,0.7412,0.7028,0.6934,0.7355,0.7524,0.6120,0.7035,0.6771,0.7150,0.0305,0.0204,0.0345,0.0346,0.0298,0.0088,0.0404,0.0004,0.0158,0.0068,1.0000,1.0000,1.0000,1.0000,1.0000,1.0000,1.0000,1.0000,1.0000,1.0000,61.16,212.62,88.34,59.75,70.42,14.89,9.87,280.50,81.49,91.53,0.0000,0.0000,0.0000,0.0000,0.0000,0.0000,0.0000,0.0000,0.0000,0.0000,104304,74663,53998,54750,86225,66964,95775,572442,131417,91336,0,0,0,0,0,0,0,0,0,0,0.0000,0.0000,0.0000,0.0000,0.0000,0.0000,0.0000,0.0000,0.0000,0.0000,0,0,0,0,0,0,0,1,0,0,0,0,0,0,0,0,0,0,0,0,0.1528,0.0918,0.1568,0.0763,0.1171,0.0329,0.0795,0.1251,0.0222,0.1429,0.000,0.000,0.000,0.000,0.000,0.000,0.000,0.169,0.000,0.000,semi-presidential,parliamentary,parliamentary,parliamentary,parliamentary,semi-presidential,semi-presidential,electoral-authoritarian,electoral-authoritarian,parliamentary,0.800,0.800,0.800,0.800,0.800,0.800,0.800,0.500,0.500,0.800,64.7,100.0,100.0,100.0,100.0,90.7,100.0,100.0,100.0,100.0
2033-06-01,1.0113,0.9854,1.0035,0.9941,1.0185,1.0087,1.0059,0.9971,1.0057,0.9909,1.0000,0.9978,1.0114,0.9853,1.0919,1.0288,1.0197,1.0092,1.0187,0.9972,1.0626,0.9909,1.0139,0.9978,4025.64,5879.41,4453.66,2970.87,2320.17,1496.44,201.50,3003.73,2366.21,597.48,1.0226,0.5824,0.9715,1.2347,0.8704,0.3248,1.3563,0.2831,0.1622,-0.8470,0.6761,0.7522,0.7196,0.6945,0.7238,0.7569,0.6033,0.7051,0.6911,0.7122,0.0068,0.0031,0.0170,0.0160,0.0080,0.0000,0.0091,0.0023,0.0054,0.0043,1.0000,1.0000,1.0000,1.0000,1.0000,1.0000,1.0000,1.0000,1.0000,1.0000,63.60,220.06,90.37,61.56,73.09,15.00,9.85,292.74,84.16,93.42,0.0000,0.0000,0.0000,0.0000,0.0000,0.0000,0.0000,0.0000,0.0000,0.0000,104304,74663,53998,54750,86225,66964,95775,572442,131417,91336,0,0,0,0,0,0,0,0,0,0,0.0000,0.0000,0.0000,0.0000,0.0000,0.0000,0.0000,0.0000,0.0000,0.0000,0,0,0,0,0,0,0,1,0,0,0,0,0,0,0,0,0,0,0,0,0.1524,0.0923,0.1568,0.0763,0.1172,0.0327,0.0783,0.1247,0.0229,0.1429,0.000,0.000,0.000,0.000,0.000,0.000,0.000,0.170,0.000,0.000,semi-presidential,parliamentary,parliamentary,parliamentary,parliamentary,semi-presidential,semi-presidential,electoral-authoritarian,electoral-authoritarian,parliamentary,0.800,0.800,0.800,0.800,0.800,0.800,0.800,0.500,0.500,0.800,67.7,100.0,100.0,100.0,100.0,93.9,100.0,100.0,100.0,100.0
2033-07-01,1.0085,0.9872,1.0042,1.0000,1.0098,1.0062,1.0051,0.9973,1.0056,0.9894,0.9997,0.9991,1.0087,1.0860,1.0213,1.0404,1.0112,1.0062,1.0053,0.9973,1.0058,0.9895,0.9998,0.9995,4038.12,5905.20,4470.45,2977.58,2329.63,1503.34,202.06,3019.78,2369.18,598.69,1.0195,0.5800,0.9679,1.2351,0.8668,0.3225,1.3554,0.2826,0.1618,-0.8602,0.6834,0.7542,0.7209,0.6934,0.7354,0.7562,0.6101,0.6744,0.6855,0.7098,0.0139,0.0123,0.0174,0.0244,0.0135,0.0090,0.0059,0.0000,0.0085,0.0005,0.9095,0.9174,0.9572,0.9239,0.9127,0.9356,0.9950,1.0000,0.9440,1.0000,62.59,219.40,90.00,61.41,71.48,15.31,7.70,285.43,83.78,93.49,0.0000,0.0000,0.0000,0.0000,0.0000,0.0000,0.0000,0.0000,0.0000,0.0000,104304,74663,53998,54750,86225,66964,95775,572442,131417,91336,0,0,0,0,0,0,0,0,0,0,0.0000,0.0000,0.0000,0.0000,0.0000,0.0000,0.0000,0.0000,0.0000,0.0000,0,0,0,0,0,0,0,0,0,0,0,0,0,0,0,0,0,0,0,0,0.1543,0.0935,0.1581,0.0774,0.1182,0.0340,0.0822,0.1237,0.0241,0.1429,0.000,0.000,0.000,0.000,0.000,0.000,0.000,0.151,0.000,0.000,semi-presidential,parliamentary,parliamentary,parliamentary,parliamentary,semi-presidential,semi-presidential,electoral-authoritarian,electoral-authoritarian,parliamentary,0.800,0.800,0.800,0.800,0.800,0.800,0.800,0.500,0.500,0.800,70.7,100.0,100.0,100.0,100.0,97.0,91.4,100.0,30.0,100.0
2033-08-01,1.0041,0.9918,1.0036,1.0034,1.0025,1.0067,1.0040,0.9966,1.0052,0.9883,0.9989,1.0008,1.0046,1.1535,1.0037,1.0392,1.0030,1.0071,1.0041,0.9969,1.0307,0.9885,0.9990,1.0010,4057.78,5927.98,4495.72,2984.17,2340.65,1509.00,202.16,3026.80,2382.48,600.49,1.0147,0.5779,0.9626,1.2325,0.8627,0.3204,1.3564,0.2830,0.1602,-0.8873,0.6869,0.7473,0.7203,0.6931,0.7300,0.7542,0.6154,0.6941,0.6864,0.7239,0.0204,0.0190,0.0222,0.0258,0.0208,0.0146,0.0022,0.0010,0.0146,0.0009,0.8545,0.8680,0.9306,0.8752,0.8564,0.8958,0.9916,1.0000,0.9023,1.0000,62.28,218.20,90.19,60.13,71.11,15.16,7.62,283.82,83.72,92.40,0.0000,0.0000,0.0000,0.0000,0.0000,0.0000,0.0000,0.0000,0.0000,0.0000,104304,74663,53998,54750,86225,66964,95775,572442,131417,91336,0,0,0,0,0,0,0,0,0,0,0.0000,0.0000,0.0000,0.0000,0.0000,0.0000,0.0000,0.0000,0.0000,0.0000,0,0,0,0,0,0,0,0,0,0,0,0,0,0,0,0,0,0,0,0,0.1556,0.0943,0.1595,0.0786,0.1193,0.0348,0.0835,0.1242,0.0250,0.1425,0.000,0.000,0.000,0.000,0.000,0.000,0.000,0.132,0.000,0.000,semi-presidential,parliamentary,parliamentary,parliamentary,parliamentary,semi-presidential,semi-presidential,electoral-authoritarian,electoral-authoritarian,parliamentary,0.800,0.800,0.800,0.800,0.800,0.800,0.800,0.500,0.500,0.800,73.7,100.0,100.0,100.0,100.0,100.0,94.2,100.0,33.0,100.0
2033-09-01,1.0014,0.9975,1.0020,1.0050,0.9975,1.0052,1.0024,0.9961,1.0052,0.9880,0.9992,1.0009,1.0014,1.1406,1.0024,1.0421,0.9982,1.0055,1.0027,1.0095,1.0052,0.9880,0.9993,1.0009,4069.73,5936.24,4523.88,2999.39,2352.90,1515.40,202.52,3028.43,2389.84,601.04,1.0118,0.5772,0.9567,1.2262,0.8583,0.3183,1.3554,0.2839,0.1589,-0.9003,0.6878,0.7406,0.7275,0.6909,0.7235,0.7486,0.6321,0.7192,0.6809,0.7219,0.0189,0.0169,0.0211,0.0246,0.0184,0.0128,0.0027,0.0001,0.0114,0.0010,0.8694,0.8824,0.9383,0.8898,0.8714,0.9087,0.9932,1.0000,0.9186,1.0000,63.34,219.99,90.93,61.54,72.58,15.16,7.60,290.38,85.08,93.17,0.0000,0.0000,0.0000,0.0000,0.0000,0.0000,0.0000,0.0000,0.0000,0.0000,104304,74663,53998,54750,86225,66964,95775,572442,131417,91336,0,0,0,0,0,0,0,0,0,0,0.0000,0.0000,0.0000,0.0000,0.0000,0.0000,0.0000,0.0000,0.0000,0.0000,0,0,0,0,0,0,0,0,0,0,0,0,0,0,0,0,0,0,0,0,0.1404,0.0876,0.1425,0.0705,0.1070,0.0329,0.0846,0.1248,0.0229,0.1430,0.000,0.000,0.000,0.000,0.000,0.000,0.000,0.111,0.000,0.000,semi-presidential,parliamentary,parliamentary,parliamentary,parliamentary,semi-presidential,semi-presidential,electoral-authoritarian,electoral-authoritarian,parliamentary,0.800,0.800,0.800,0.800,0.800,0.800,0.800,0.500,0.500,0.800,76.8,100.0,100.0,100.0,100.0,100.0,97.1,100.0,36.0,100.0
2033-10-01,0.9982,1.0002,0.9985,1.0072,0.9931,1.0027,1.0005,0.9966,1.0039,0.9884,0.9980,1.0002,0.9985,1.0568,0.9987,1.0398,0.9945,1.0029,1.0008,1.0225,1.0045,0.9907,0.9980,1.0002,4077.53,5955.55,4541.74,3015.47,2360.31,1521.63,203.17,3041.53,2396.00,601.26,1.0100,0.5754,0.9530,1.2196,0.8556,0.3161,1.3524,0.2837,0.1578,-0.9104,0.6918,0.7472,0.7217,0.6902,0.7236,0.7477,0.6361,0.7189,0.6815,0.7095,0.0083,0.0067,0.0146,0.0146,0.0074,0.0053,0.0044,0.0002,0.0045,0.0019,0.9494,0.9522,0.9762,0.9574,0.9534,0.9622,0.9972,1.0000,0.9680,1.0000,62.70,220.81,91.27,61.31,71.79,15.24,7.73,287.03,84.39,93.94,0.0000,0.0000,0.0000,0.0000,0.0000,0.0000,0.0000,0.0000,0.0000,0.0000,104304,74663,53998,54750,86225,66964,95775,572442,131417,91336,0,0,0,0,0,0,0,0,0,0,0.0000,0.0000,0.0000,0.0000,0.0000,0.0000,0.0000,0.0000,0.0000,0.0000,0,0,0,0,0,0,0,0,0,0,0,0,0,0,0,0,0,0,0,0,0.1551,0.0944,0.1584,0.0781,0.1189,0.0349,0.0849,0.1229,0.0250,0.1431,0.000,0.000,0.000,0.000,0.000,0.000,0.000,0.093,0.000,0.000,semi-presidential,parliamentary,parliamentary,parliamentary,parliamentary,semi-presidential,semi-presidential,electoral-authoritarian,electoral-authoritarian,parliamentary,0.800,0.800,0.800,0.800,0.800,0.800,0.800,0.500,0.500,0.800,79.8,100.0,100.0,100.0,100.0,100.0,100.0,100.0,39.0,30.0
2033-11-01,0.9930,1.0024,0.9946,1.0105,0.9895,0.9989,0.9993,0.9965,1.0010,0.9887,1.0003,1.0010,0.9938,1.0687,0.9950,1.0396,0.9898,0.9994,0.9994,0.9965,1.0010,0.9888,1.0819,1.0011,4098.00,5964.65,4576.04,3023.75,2368.97,1531.48,203.77,3051.42,2405.02,602.94,1.0050,0.5746,0.9460,1.2163,0.8525,0.3133,1.3502,0.2838,0.1565,-0.9226,0.6941,0.7554,0.7233,0.6893,0.7286,0.7520,0.6867,0.7126,0.6999,0.7142,0.0109,0.0078,0.0168,0.0139,0.0094,0.0061,0.0044,0.0003,0.0053,0.0039,0.9404,0.9444,0.9720,0.9498,0.9442,0.9563,0.9968,1.0000,0.9627,1.0000,62.23,219.97,91.74,60.98,71.40,15.35,7.73,284.95,84.10,94.05,0.0000,0.0000,0.0000,0.0000,0.0000,0.0000,0.0000,0.0000,0.0000,0.0000,104304,74663,53998,54750,86225,66964,95775,572442,131417,91336,0,0,0,0,0,0,0,0,0,0,0.0000,0.0000,0.0000,0.0000,0.0000,0.0000,0.0000,0.0000,0.0000,0.0000,0,0,0,0,0,0,0,0,0,0,0,0,0,0,0,0,0,0,0,0,0.1561,0.0949,0.1597,0.0790,0.1198,0.0354,0.0877,0.1229,0.0256,0.1433,0.000,0.000,0.000,0.000,0.000,0.000,0.000,0.075,0.000,0.000,semi-presidential,parliamentary,parliamentary,parliamentary,parliamentary,semi-presidential,semi-presidential,electoral-authoritarian,electoral-authoritarian,parliamentary,0.800,0.800,0.800,0.800,0.800,0.800,0.800,0.500,0.500,0.800,82.9,100.0,100.0,100.0,100.0,100.0,100.0,100.0,42.2,32.8
2033-12-01,0.9893,1.0019,0.9909,1.0128,0.9879,0.9956,0.9965,0.9982,0.9995,0.9886,1.0044,1.0014,0.9893,1.0024,0.9917,1.0402,0.9880,0.9960,0.9968,1.0359,0.9996,0.9893,1.0983,1.0015,4119.97,5984.92,4591.67,3033.06,2383.59,1536.29,204.59,3054.26,2412.88,604.82,0.9997,0.5728,0.9426,1.2126,0.8473,0.3115,1.3456,0.2841,0.1552,-0.9344,0.6968,0.7634,0.7241,0.7016,0.7355,0.7682,0.6740,0.6981,0.7082,0.7164,0.0047,0.0000,0.0142,0.0071,0.0031,0.0000,0.0075,0.0006,0.0001,0.0072,1.0000,1.0000,1.0000,1.0000,1.0000,1.0000,1.0000,1.0000,1.0000,1.0000,62.92,221.72,92.74,61.50,72.54,15.51,7.80,288.03,84.20,94.23,0.0000,0.0000,0.0000,0.0000,0.0000,0.0000,0.0000,0.0000,0.0000,0.0000,104304,74663,53998,54750,86225,66964,95775,572442,131417,91336,0,0,0,0,0,0,0,0,0,0,0.0000,0.0000,0.0000,0.0000,0.0000,0.0000,0.0000,0.0000,0.0000,0.0000,0,0,0,0,0,0,0,0,0,0,0,0,0,0,0,0,0,0,0,0,0.1566,0.0956,0.1602,0.0795,0.1203,0.0364,0.0923,0.1251,0.0318,0.1430,0.000,0.000,0.000,0.000,0.000,0.000,0.000,0.054,0.000,0.000,semi-presidential,parliamentary,parliamentary,parliamentary,parliamentary,semi-presidential,semi-presidential,electoral-authoritarian,electoral-authoritarian,parliamentary,0.800,0.800,0.800,0.800,0.800,0.800,0.800,0.500,0.500,0.800,86.0,100.0,100.0,100.0,100.0,100.0,100.0,100.0,45.3,35.6
2034-01-01,0.9847,0.9996,0.9885,1.0143,0.9851,0.9936,0.9948,0.9978,0.9976,0.9872,1.0067,0.9994,0.9850,0.9997,0.9886,1.0339,0.9852,0.9937,0.9950,0.9980,0.9981,0.9875,1.0944,0.9999,4115.41,5991.22,4604.68,3037.16,2398.15,1546.25,204.77,3068.90,2427.04,605.64,1.0039,0.5722,0.9399,1.2110,0.8422,0.3086,1.3451,0.2839,0.1536,-0.9478,0.6807,0.7471,0.7312,0.6992,0.7519,0.7664,0.6694,0.7064,0.7243,0.7243,0.0027,0.0000,0.0115,0.0032,0.0017,0.0000,0.0027,0.0003,0.0000,0.0041,1.0000,1.0000,1.0000,1.0000,1.0000,1.0000,1.0000,1.0000,1.0000,1.0000,62.18,220.87,93.37,62.08,72.49,15.53,7.69,285.78,83.91,94.09,0.0000,0.0000,0.0000,0.0000,0.0000,0.0000,0.0000,0.0000,0.0000,0.0000,104304,74663,53998,54750,86225,66964,95775,572442,131417,91336,0,0,0,0,0,0,0,0,0,0,0.0000,0.0000,0.0000,0.0000,0.0000,0.0000,0.0000,0.0000,0.0000,0.0000,0,0,0,0,0,0,0,0,0,0,0,0,0,0,0,0,0,0,0,0,0.1209,0.0788,0.1216,0.0608,0.0916,0.0299,0.0823,0.1198,0.0242,0.1424,0.000,0.000,0.000,0.000,0.000,0.000,0.000,0.038,0.000,0.000,semi-presidential,parliamentary,parliamentary,parliamentary,parliamentary,semi-presidential,semi-presidential,electoral-authoritarian,electoral-authoritarian,parliamentary,0.800,0.800,0.800,0.800,0.800,0.800,0.800,0.500,0.500,0.800,89.0,100.0,100.0,100.0,100.0,100.0,100.0,100.0,48.6,38.4
2034-02-01,0.9802,0.9983,0.9873,1.0156,0.9831,0.9903,0.9950,0.9983,0.9966,0.9853,1.0082,0.9961,0.9812,0.9987,0.9877,1.0361,0.9833,0.9910,1.0381,1.0031,0.9966,0.9854,1.0083,0.9966,4105.15,6003.43,4601.93,3037.39,2404.86,1549.75,205.19,3073.50,2438.85,604.88,1.0062,0.5712,0.9406,1.2109,0.8399,0.3071,1.3428,0.2857,0.1521,-0.9637,0.6578,0.7406,0.7031,0.6932,0.7310,0.7600,0.6646,0.6854,0.7340,0.7191,0.0015,0.0000,0.0100,0.0038,0.0010,0.0000,0.0017,0.0002,0.0001,0.0023,1.0000,1.0000,1.0000,1.0000,1.0000,1.0000,1.0000,1.0000,1.0000,1.0000,61.63,220.84,93.64,62.27,72.46,15.58,7.69,285.05,84.06,93.76,0.0000,0.0000,0.0000,0.0000,0.0000,0.0000,0.4603,0.0432,0.0000,0.0000,104304,74663,53998,54750,86225,66964,95775,572442,131417,91336,0,0,0,0,0,0,0,0,0,0,0.0000,0.0000,0.0000,0.0000,0.0000,0.0000,0.0000,0.0000,0.0000,0.0000,0,0,0,0,0,0,0,0,0,0,0,0,0,0,0,0,1,1,0,0,0.1339,0.0838,0.1358,0.0672,0.1018,0.0306,0.0848,0.1190,0.0254,0.1420,0.000,0.000,0.000,0.000,0.000,0.000,0.000,0.024,0.000,0.000,semi-presidential,parliamentary,parliamentary,parliamentary,parliamentary,semi-presidential,semi-presidential,electoral-authoritarian,electoral-authoritarian,parliamentary,0.800,0.800,0.800,0.800,0.800,0.800,0.800,0.500,0.500,0.800,91.8,100.0,100.0,100.0,100.0,100.0,100.0,100.0,51.9,41.2
2034-03-01,0.9777,0.9987,0.9863,1.0166,0.9843,0.9873,0.9951,0.9996,0.9959,0.9834,1.0076,0.9945,1.0481,1.0446,1.0246,1.0417,1.0168,1.0364,0.9966,1.0683,1.0077,0.9896,1.0092,0.9952,4117.93,6009.29,4603.77,3042.16,2406.84,1554.93,204.02,3079.35,2468.95,605.18,1.0029,0.5707,0.9403,1.2131,0.8393,0.3052,1.3537,0.2862,0.1491,-0.9733,0.6495,0.7238,0.6791,0.6711,0.7080,0.7653,0.6249,0.6828,0.7165,0.7157,0.0158,0.0117,0.0244,0.0232,0.0214,0.0018,0.0550,0.0016,0.0118,0.0165,0.9646,0.9636,0.9823,0.9656,0.9676,0.9869,0.9726,1.0000,0.9620,1.0000,58.86,214.97,91.67,59.14,69.45,15.50,5.43,271.08,81.73,92.57,0.0000,0.0000,0.0000,0.0000,0.0000,0.0000,0.4606,0.0426,0.0000,0.0000,104304,74663,53998,54750,86225,66964,95775,572442,131417,91336,0,0,0,0,0,0,0,0,0,0,0.0000,0.0000,0.0000,0.0000,0.0000,0.0000,0.0079,0.0092,0.0000,0.0000,0,0,0,0,0,0,0,1,0,0,0,0,0,0,0,0,1,1,0,0,0.1235,0.0784,0.1246,0.0612,0.0932,0.0288,0.0755,0.1170,0.0229,0.1401,0.000,0.000,0.000,0.000,0.000,0.000,0.000,0.130,0.000,0.000,semi-presidential,parliamentary,parliamentary,parliamentary,parliamentary,semi-presidential,semi-presidential,electoral-authoritarian,electoral-authoritarian,parliamentary,0.800,0.800,0.800,0.800,0.800,0.800,0.800,0.500,0.500,0.800,94.6,100.0,100.0,100.0,100.0,100.0,100.0,100.0,47.1,43.2
2034-04-01,0.9759,1.0003,0.9877,1.0169,0.9870,0.9817,0.9944,1.0022,0.9952,0.9824,1.0065,0.9922,1.0477,1.0510,1.1643,1.0326,1.0207,1.0312,0.9958,1.1017,1.0072,0.9947,1.0101,0.9923,4122.24,6001.23,4592.36,3054.25,2411.88,1558.39,202.65,3081.06,2483.35,605.22,1.0019,0.5716,0.9427,1.2083,0.8376,0.3038,1.3632,0.2871,0.1475,-0.9879,0.6576,0.7216,0.6561,0.6624,0.6830,0.7418,0.5594,0.6814,0.7129,0.7091,0.0273,0.0167,0.0360,0.0285,0.0326,0.0023,0.0567,0.0019,0.0176,0.0217,0.9607,0.9597,0.9805,0.9623,0.9644,0.9835,0.9727,1.0000,0.9595,1.0000,59.88,216.32,93.21,60.94,71.20,15.70,5.54,276.03,82.28,92.67,0.0000,0.0000,0.0000,0.0000,0.0000,0.0000,0.4604,0.0420,0.0000,0.0000,104304,74663,53998,54750,86225,66964,95775,572442,131417,91336,0,0,0,0,0,0,0,0,0,0,0.0000,0.0000,0.0000,0.0000,0.0000,0.0000,0.0194,0.0184,0.0000,0.0000,0,0,0,0,0,0,0,1,0,0,0,0,0,0,0,0,1,1,0,0,0.1338,0.0860,0.1365,0.0666,0.1011,0.0289,0.0757,0.1183,0.0226,0.1372,0.000,0.000,0.000,0.000,0.000,0.000,0.000,0.133,0.000,0.000,semi-presidential,parliamentary,parliamentary,parliamentary,parliamentary,semi-presidential,semi-presidential,electoral-authoritarian,electoral-authoritarian,parliamentary,0.800,0.800,0.800,0.800,0.800,0.831,0.800,0.500,0.500,0.800,88.2,100.0,100.0,100.0,100.0,92.7,100.0,100.0,50.3,46.0
2034-05-01,0.9758,1.0029,0.9893,1.0161,0.9930,0.9791,0.9955,1.0061,0.9947,0.9817,1.0051,0.9915,1.0491,1.0690,1.0893,1.0360,1.0517,1.0267,1.0591,1.1314,1.0263,0.9872,1.0068,0.9918,4122.06,6019.58,4601.83,3053.91,2418.26,1569.40,202.00,3087.31,2493.84,607.08,1.0021,0.5699,0.9409,1.2086,0.8354,0.3009,1.3679,0.2926,0.1531,-0.9994,0.6476,0.7228,0.6500,0.6634,0.6715,0.7422,0.5254,0.6877,0.6854,0.6962,0.0271,0.0162,0.0389,0.0315,0.0378,0.0037,0.0625,0.0032,0.0167,0.0353,0.9471,0.9470,0.9741,0.9508,0.9516,0.9737,0.9715,1.0000,0.9507,1.0000,60.21,218.57,95.82,62.49,72.25,16.14,5.42,278.95,83.28,93.32,0.0000,0.0000,0.0000,0.0000,0.0000,0.0000,0.4606,0.0426,0.0000,0.0000,104304,74663,53998,54750,86225,66964,95775,572442,131417,91336,0,0,0,0,0,0,0,0,0,0,0.0000,0.0000,0.0000,0.0000,0.0000,0.0000,0.0286,0.0276,0.0000,0.0000,0,0,0,0,0,0,0,1,0,0,0,0,0,0,0,0,1,1,0,0,0.1342,0.0861,0.1363,0.0671,0.1011,0.0291,0.0760,0.1193,0.0228,0.1391,0.000,0.000,0.000,0.000,0.000,0.000,0.000,0.133,0.000,0.000,semi-presidential,parliamentary,parliamentary,parliamentary,parliamentary,semi-presidential,semi-presidential,electoral-authoritarian,electoral-authoritarian,parliamentary,0.800,0.840,0.800,0.800,0.800,0.821,0.800,0.500,0.500,0.800,91.0,90.0,100.0,100.0,100.0,95.8,100.0,100.0,53.3,48.7
2034-06-01,0.9746,1.0051,0.9904,1.0151,0.9975,0.9782,0.9970,1.0077,0.9951,0.9806,1.0043,0.9898,1.0466,1.0989,1.1101,1.0328,1.0369,1.0259,1.0168,1.0093,1.0068,0.9868,1.0058,0.9899,4133.36,6020.85,4596.83,3058.63,2419.79,1579.67,201.93,3097.58,2508.08,608.57,0.9996,0.5698,0.9420,1.2068,0.8349,0.2982,1.3686,0.2930,0.1513,-1.0115,0.6469,0.7035,0.6350,0.6601,0.6598,0.7350,0.5097,0.6767,0.6894,0.6860,0.0248,0.0199,0.0309,0.0303,0.0328,0.0060,0.0529,0.0011,0.0188,0.0166,0.9215,0.9248,0.9620,0.9294,0.9254,0.9569,0.9668,1.0000,0.9353,1.0000,60.28,219.31,97.86,63.91,72.55,16.67,5.51,277.36,83.27,93.97,0.0000,0.0000,0.0000,0.0000,0.0000,0.0000,0.4607,0.0424,0.0000,0.0000,104304,74663,53998,54750,86225,66964,95775,572442,131417,91336,0,0,0,0,0,0,0,0,0,0,0.0000,0.0000,0.0000,0.0000,0.0000,0.0000,0.0401,0.0391,0.0000,0.0000,0,0,0,0,0,0,0,1,0,0,0,0,0,0,0,0,1,1,0,0,0.1351,0.0865,0.1380,0.0681,0.1017,0.0284,0.0754,0.1168,0.0217,0.1371,0.000,0.000,0.000,0.000,0.000,0.000,0.000,0.135,0.000,0.000,semi-presidential,parliamentary,parliamentary,parliamentary,parliamentary,semi-presidential,semi-presidential,electoral-authoritarian,electoral-authoritarian,parliamentary,0.800,0.837,0.800,0.800,0.800,0.811,0.800,0.500,0.500,0.800,93.8,90.8,100.0,100.0,100.0,98.8,100.0,100.0,57.3,51.3
2034-07-01,0.9753,1.0063,0.9914,1.0115,1.0019,0.9769,0.9990,1.0075,0.9970,0.9816,1.0034,0.9880,1.0768,1.0342,1.0283,1.0117,1.0442,1.0236,1.0718,1.0091,1.0293,1.0091,1.0054,0.9883,4140.70,6033.08,4596.64,3071.91,2425.31,1583.80,201.68,3103.73,2516.50,610.63,0.9979,0.5687,0.9422,1.2016,0.8330,0.2967,1.3704,0.2935,0.1500,-1.0227,0.6502,0.7091,0.6335,0.6688,0.6623,0.7322,0.5075,0.7012,0.6857,0.6794,0.0147,0.0115,0.0151,0.0201,0.0238,0.0017,0.0584,0.0025,0.0122,0.0195,0.9804,0.9799,0.9898,0.9793,0.9809,1.0000,0.9737,1.0000,0.9733,1.0000,61.35,221.07,97.10,65.09,74.39,16.67,5.71,285.05,85.21,94.50,0.0000,0.0000,0.0000,0.0000,0.0000,0.0000,0.4577,0.0411,0.0000,0.0000,104304,74663,53998,54750,86225,66964,95775,572442,131417,91336,0,0,0,0,0,0,0,0,0,0,0.0000,0.0000,0.0000,0.0000,0.0000,0.0000,0.0493,0.0483,0.0000,0.0000,0,0,0,0,0,0,0,1,0,0,0,0,0,0,0,0,1,1,0,0,0.1269,0.0829,0.1307,0.0642,0.0957,0.0265,0.0743,0.1174,0.0196,0.1353,0.000,0.000,0.000,0.000,0.000,0.000,0.000,0.136,0.000,0.000,semi-presidential,parliamentary,parliamentary,parliamentary,parliamentary,semi-presidential,semi-presidential,electoral-authoritarian,electoral-authoritarian,parliamentary,0.800,0.828,0.800,0.800,0.800,0.802,0.800,0.500,0.500,0.800,96.6,93.6,100.0,100.0,100.0,100.0,100.0,100.0,60.4,54.0
2034-08-01,0.9783,1.0053,0.9916,1.0072,1.0034,0.9783,1.0005,1.0074,0.9980,0.9844,1.0001,0.9862,1.0788,1.0328,1.0281,1.0232,1.0243,1.0708,1.0198,1.0088,1.0524,1.0203,1.0021,0.9865,4138.70,6038.94,4588.69,3086.81,2430.59,1587.27,201.30,3105.04,2528.87,611.22,0.9986,0.5683,0.9439,1.1959,0.8312,0.2954,1.3730,0.2945,0.1486,-1.0363,0.6492,0.7137,0.6362,0.6722,0.6595,0.7312,0.5042,0.6939,0.6993,0.6751,0.0138,0.0124,0.0213,0.0173,0.0185,0.0023,0.0574,0.0031,0.0129,0.0097,0.9808,0.9802,0.9900,0.9797,0.9813,1.0000,0.9741,1.0000,0.9739,1.0000,61.49,221.77,98.33,65.36,74.45,16.82,5.57,285.35,85.48,94.57,0.0000,0.0000,0.0000,0.0000,0.0000,0.0000,0.4567,0.0407,0.0000,0.0000,104304,74663,53998,54750,86225,66964,95775,572442,131417,91336,0,0,0,0,0,0,0,0,0,0,0.0000,0.0000,0.0000,0.0000,0.0000,0.0000,0.0585,0.0575,0.0000,0.0000,0,0,0,0,0,0,0,1,0,0,0,0,0,0,0,0,1,1,0,0,0.1315,0.0843,0.1354,0.0656,0.0989,0.0263,0.0738,0.1170,0.0194,0.1356,0.000,0.000,0.000,0.000,0.000,0.000,0.000,0.138,0.000,0.000,semi-presidential,parliamentary,parliamentary,parliamentary,parliamentary,semi-presidential,semi-presidential,electoral-authoritarian,electoral-authoritarian,parliamentary,0.800,0.818,0.800,0.800,0.800,0.800,0.800,0.500,0.500,0.800,99.4,96.5,30.0,100.0,100.0,100.0,100.0,100.0,63.5,56.6
2034-09-01,0.9839,1.0056,0.9896,1.0030,1.0039,0.9810,1.0002,1.0045,0.9973,0.9875,0.9961,0.9845,1.2636,1.0332,1.0268,1.0041,1.0245,1.0272,1.0020,1.0064,1.0090,1.0177,0.9982,0.9845,4137.42,6068.05,4588.96,3085.08,2430.99,1594.46,201.37,3100.03,2538.34,610.91,0.9991,0.5657,0.9439,1.1926,0.8312,0.2934,1.3755,0.2963,0.1473,-1.0515,0.6447,0.7161,0.6312,0.6692,0.6527,0.7274,0.4947,0.6848,0.6829,0.6802,0.0244,0.0223,0.0158,0.0256,0.0285,0.0115,0.0899,0.0012,0.0183,0.0076,0.9808,0.9803,0.9900,0.9796,0.9812,1.0000,0.9737,1.0000,0.9736,1.0000,59.39,217.68,94.85,63.82,73.06,16.40,5.68,278.16,85.33,93.29,0.0000,0.0000,0.0000,0.0000,0.0000,0.0000,0.4573,0.0409,0.0000,0.0000,104304,74663,53998,54750,86225,66964,95775,572442,131417,91336,0,0,0,0,0,0,0,0,0,0,0.0000,0.0000,0.0000,0.0000,0.0000,0.0000,0.0700,0.0690,0.0000,0.0000,0,0,0,0,0,0,0,1,0,0,0,0,0,0,0,0,1,1,0,0,0.1408,0.0875,0.1462,0.0699,0.1062,0.0293,0.0738,0.1173,0.0199,0.1360,0.000,0.000,0.000,0.000,0.000,0.000,0.000,0.140,0.000,0.000,semi-presidential,parliamentary,parliamentary,parliamentary,parliamentary,semi-presidential,semi-presidential,electoral-authoritarian,electoral-authoritarian,parliamentary,0.800,0.800,0.800,0.800,0.800,0.800,0.800,0.500,0.500,0.800,100.0,100.0,32.7,100.0,100.0,100.0,100.0,100.0,66.5,59.2
2034-10-01,0.9894,1.0071,0.9889,0.9982,1.0056,0.9820,0.9992,1.0021,0.9947,0.9891,0.9910,0.9846,1.1904,1.0728,1.0534,0.9985,1.0287,1.0668,1.0239,1.0037,1.0067,1.0036,0.9931,0.9847,4154.02,6063.51,4593.78,3095.49,2432.43,1601.49,201.14,3101.95,2548.59,610.62,0.9952,0.5663,0.9430,1.1886,0.8306,0.2915,1.3770,0.2971,0.1460,-1.0667,0.6440,0.7193,0.6423,0.6657,0.6575,0.7440,0.4956,0.6758,0.6671,0.6866,0.0270,0.0235,0.0189,0.0280,0.0306,0.0107,0.0893,0.0012,0.0188,0.0098,0.9478,0.9476,0.9745,0.9515,0.9523,0.9738,0.9721,1.0000,0.9515,1.0000,61.10,218.78,94.53,64.87,74.38,16.13,5.93,286.53,86.75,94.52,0.0000,0.0000,0.0000,0.0000,0.0000,0.0000,0.4591,0.0416,0.0000,0.0000,104304,74663,53998,54750,86225,66964,95775,572442,131417,91336,0,0,0,0,0,0,0,0,0,0,0.0000,0.0000,0.0000,0.0000,0.0000,0.0000,0.0792,0.0782,0.0000,0.0000,0,0,0,0,0,0,0,1,0,0,0,0,0,0,0,0,1,1,0,0,0.1409,0.0875,0.1463,0.0698,0.1063,0.0292,0.0740,0.1187,0.0199,0.1365,0.000,0.000,0.000,0.000,0.000,0.000,0.000,0.141,0.000,0.000,semi-presidential,parliamentary,parliamentary,parliamentary,parliamentary,semi-presidential,semi-presidential,electoral-authoritarian,electoral-authoritarian,parliamentary,0.800,0.800,0.800,0.800,0.800,0.800,0.800,0.500,0.500,0.800,100.0,100.0,35.4,100.0,100.0,100.0,100.0,100.0,69.4,61.8
2034-11-01,0.9944,1.0087,0.9924,0.9960,1.0066,0.9848,1.0002,1.0000,0.9934,0.9889,0.9888,0.9857,1.1366,1.0576,1.1380,1.0135,1.0326,1.0862,1.0131,1.0014,1.0047,0.9959,0.9903,0.9859,4170.43,6083.74,4598.81,3100.69,2439.73,1608.78,201.11,3106.77,2556.22,611.00,0.9914,0.5646,0.9421,1.1867,0.8282,0.2895,1.3771,0.2979,0.1448,-1.0807,0.6480,0.7179,0.6550,0.6595,0.6605,0.7413,0.4962,0.6895,0.6656,0.6870,0.0264,0.0210,0.0319,0.0295,0.0309,0.0064,0.0647,0.0011,0.0189,0.0119,0.9626,0.9617,0.9814,0.9640,0.9659,0.9852,0.9736,1.0000,0.9608,1.0000,61.62,218.82,94.75,64.83,74.14,15.94,5.68,287.62,86.48,94.80,0.0000,0.0000,0.0000,0.0000,0.0000,0.0000,0.4594,0.0421,0.0000,0.0000,104304,74663,53998,54750,86225,66964,95775,572442,131417,91336,0,0,0,0,0,0,0,0,0,0,0.0000,0.0000,0.0000,0.0000,0.0000,0.0000,0.0884,0.0897,0.0000,0.0000,0,0,0,0,0,0,0,1,0,0,0,0,0,0,0,0,1,1,0,0,0.1420,0.0874,0.1467,0.0700,0.1071,0.0299,0.0781,0.1187,0.0206,0.1388,0.000,0.000,0.000,0.000,0.000,0.000,0.000,0.141,0.000,0.000,semi-presidential,parliamentary,parliamentary,parliamentary,parliamentary,semi-presidential,semi-presidential,electoral-authoritarian,electoral-authoritarian,parliamentary,0.800,0.800,0.800,0.800,0.800,0.800,0.800,0.500,0.500,0.800,100.0,100.0,38.2,100.0,100.0,100.0,100.0,100.0,72.4,64.5
2034-12-01,0.9994,1.0093,0.9952,0.9964,1.0106,0.9878,1.0007,0.9982,0.9939,0.9883,0.9868,0.9857,1.1837,1.0377,1.0898,1.0194,1.0511,1.0487,1.0477,0.9996,1.0060,0.9945,0.9883,0.9857,4176.82,6088.07,4608.99,3105.04,2440.97,1614.67,200.81,3107.25,2567.08,610.37,0.9901,0.5644,0.9401,1.1851,0.8278,0.2878,1.3794,0.2989,0.1434,-1.0967,0.6529,0.7185,0.6524,0.6471,0.6650,0.7417,0.4951,0.7060,0.6749,0.6869,0.0233,0.0183,0.0302,0.0308,0.0317,0.0056,0.0884,0.0013,0.0163,0.0179,0.9802,0.9796,0.9897,0.9791,0.9808,1.0000,0.9747,1.0000,0.9731,1.0000,61.87,218.71,92.81,63.17,73.70,15.76,5.61,289.64,87.36,94.71,0.0000,0.0000,0.0000,0.0000,0.0000,0.0000,0.4564,0.0421,0.0000,0.0000,104304,74663,53998,54750,86225,66964,95775,572442,131417,91336,0,0,0,0,0,0,0,0,0,0,0.0000,0.0000,0.0000,0.0000,0.0000,0.0000,0.0999,0.0989,0.0000,0.0000,0,0,0,0,0,0,0,1,0,0,0,0,0,0,0,0,1,1,0,0,0.1401,0.0881,0.1386,0.0656,0.1020,0.0292,0.0779,0.1200,0.0204,0.1418,0.000,0.000,0.000,0.000,0.000,0.000,0.000,0.141,0.000,0.000,semi-presidential,parliamentary,parliamentary,parliamentary,parliamentary,semi-presidential,semi-presidential,electoral-authoritarian,electoral-authoritarian,parliamentary,0.800,0.800,0.800,0.800,0.800,0.800,0.800,0.500,0.500,0.800,100.0,100.0,41.0,100.0,100.0,100.0,100.0,100.0,75.3,67.1
2035-01-01,1.0039,1.0107,0.9958,0.9977,1.0120,0.9893,1.0001,0.9965,0.9951,0.9846,0.9860,0.9860,1.1335,1.0539,1.0338,1.0234,1.0403,1.0422,1.0015,0.9980,1.0064,0.9897,0.9873,0.9861,4188.72,6102.16,4622.51,3110.26,2447.33,1623.86,200.54,3120.57,2572.28,610.59,0.9874,0.5633,0.9375,1.1832,0.8256,0.2849,1.3816,0.2985,0.1424,-1.1111,0.6583,0.7120,0.6627,0.6478,0.6780,0.7413,0.4987,0.6853,0.6698,0.6939,0.0162,0.0150,0.0226,0.0247,0.0217,0.0044,0.0622,0.0010,0.0135,0.0100,0.9676,0.9667,0.9838,0.9682,0.9701,0.9895,0.9741,1.0000,0.9641,1.0000,62.45,219.23,91.05,61.57,73.40,15.78,5.48,292.39,88.24,94.72,0.0000,0.0000,0.0000,0.0000,0.0000,0.0000,0.4563,0.0422,0.0000,0.0000,104304,74663,53998,54750,86225,66964,95775,572442,131417,91336,0,0,0,0,0,0,0,0,0,0,0.0000,0.0000,0.0000,0.0000,0.0000,0.0000,0.1091,0.1081,0.0000,0.0000,0,0,0,0,0,0,0,1,0,0,0,0,0,0,0,0,1,1,0,0,0.1481,0.0916,0.1472,0.0683,0.1082,0.0356,0.0791,0.1215,0.0219,0.1427,0.000,0.000,0.000,0.000,0.000,0.000,0.000,0.141,0.000,0.000,semi-presidential,parliamentary,parliamentary,parliamentary,parliamentary,semi-presidential,semi-presidential,electoral-authoritarian,electoral-authoritarian,parliamentary,0.800,0.800,0.800,0.800,0.800,0.800,0.800,0.500,0.500,0.800,100.0,100.0,43.9,100.0,100.0,100.0,100.0,100.0,78.3,69.8
2035-02-01,1.0072,1.0118,0.9969,0.9981,1.0142,0.9923,0.9989,0.9978,0.9964,0.9836,0.9859,0.9856,1.2006,1.0401,1.0947,1.0249,1.0473,1.1093,1.0004,1.0669,1.0632,1.0006,1.0378,0.9856,4182.62,6121.74,4632.89,3118.24,2455.06,1630.61,200.70,3119.69,2587.79,611.61,0.9930,0.5617,0.9352,1.1802,0.8230,0.2832,1.3809,0.2998,0.1408,-1.1240,0.6706,0.7142,0.6734,0.6493,0.6775,0.7476,0.5117,0.6833,0.6782,0.7110,0.0286,0.0200,0.0361,0.0341,0.0352,0.0068,0.0975,0.0041,0.0189,0.0218,0.9802,0.9796,0.9897,0.9791,0.9807,1.0000,0.9746,1.0000,0.9729,1.0000,62.40,220.67,92.35,62.45,74.05,15.84,5.70,292.72,88.64,95.12,0.0000,0.0000,0.0000,0.0000,0.0000,0.0000,0.4558,0.0414,0.0000,0.0000,104304,74663,53998,54750,86225,66964,95775,572442,131417,91336,0,0,0,0,0,0,0,0,0,0,0.0000,0.0000,0.0000,0.0000,0.0000,0.0000,0.1206,0.1196,0.0000,0.0000,0,0,0,0,0,0,0,1,0,0,0,0,0,0,0,0,1,1,0,0,0.1478,0.0916,0.1469,0.0686,0.1080,0.0355,0.0790,0.1256,0.0214,0.1430,0.000,0.000,0.000,0.000,0.000,0.000,0.000,0.138,0.000,0.000,semi-presidential,parliamentary,parliamentary,parliamentary,parliamentary,semi-presidential,semi-presidential,electoral-authoritarian,electoral-authoritarian,parliamentary,0.800,0.800,0.800,0.800,0.800,0.800,0.800,0.500,0.500,0.800,97.9,100.0,46.8,100.0,100.0,100.0,100.0,100.0,81.3,72.6
2035-03-01,1.0136,1.0109,0.9993,1.0001,1.0173,0.9931,1.0001,0.9990,0.9991,0.9858,0.9883,0.9859,1.3123,1.0379,1.1387,1.0301,1.0534,1.0394,1.0816,1.0185,1.0627,1.0243,1.0363,0.9859,4195.54,6124.69,4645.92,3120.38,2455.06,1630.61,200.49,3131.60,2597.47,611.35,0.9900,0.5616,0.9326,1.1795,0.8230,0.2832,1.3827,0.3066,0.1396,-1.1394,0.6627,0.7095,0.6693,0.6412,0.6775,0.7476,0.5004,0.6947,0.6717,0.7033,0.0364,0.0260,0.0409,0.0436,0.0441,0.0122,0.0994,0.0041,0.0248,0.0234,0.9817,0.9810,0.9905,0.9806,0.9823,1.0000,0.9757,1.0000,0.9750,1.0000,60.66,218.99,91.61,60.11,72.09,16.02,5.56,282.87,86.95,93.69,0.0000,0.0000,0.0000,0.0000,0.0000,0.0000,0.4534,0.0402,0.0000,0.0000,104304,74663,53998,54750,86225,66964,95775,572442,131417,91336,0,0,0,0,0,0,0,0,0,0,0.0000,0.0000,0.0000,0.0000,0.0000,0.0000,0.1298,0.1288,0.0000,0.0000,0,0,0,0,0,0,0,1,0,0,0,0,0,0,0,0,1,1,0,0,0.1467,0.0913,0.1453,0.0677,0.1070,0.0359,0.0794,0.1260,0.0212,0.1437,0.000,0.000,0.000,0.000,0.000,0.000,0.000,0.138,0.000,0.000,semi-presidential,parliamentary,parliamentary,parliamentary,parliamentary,semi-presidential,semi-presidential,electoral-authoritarian,electoral-authoritarian,parliamentary,0.800,0.800,0.800,0.800,0.800,0.800,0.800,0.500,0.500,0.800,100.0,100.0,49.8,100.0,100.0,100.0,100.0,100.0,84.2,75.3
2035-04-01,1.0230,1.0105,1.0012,1.0041,1.0202,0.9924,1.0024,0.9985,0.9994,0.9868,0.9880,0.9854,1.3499,1.0389,1.1186,1.0328,1.0529,1.0394,1.0248,0.9999,1.0106,0.9938,0.9899,0.9856,4203.67,6151.67,4652.91,3119.52,2462.39,1647.33,200.13,3140.57,2601.93,612.86,0.9882,0.5593,0.9313,1.1848,0.8207,0.2792,1.3885,0.3066,0.1389,-1.1515,0.6598,0.7096,0.6752,0.6509,0.6700,0.7520,0.5006,0.6724,0.6854,0.7055,0.0327,0.0271,0.0337,0.0416,0.0394,0.0137,0.0917,0.0011,0.0238,0.0140,0.9802,0.9796,0.9897,0.9791,0.9807,1.0000,0.9748,1.0000,0.9731,1.0000,60.89,219.33,91.66,60.08,72.09,16.13,5.69,283.75,87.40,93.75,0.0000,0.0000,0.0000,0.0000,0.0000,0.0000,0.4557,0.0418,0.0000,0.0000,104304,74663,53998,54750,86225,66964,95775,572442,131417,91336,0,0,0,0,0,0,0,0,0,0,0.0000,0.0000,0.0000,0.0000,0.0000,0.0000,0.1390,0.1380,0.0000,0.0000,0,0,0,0,0,0,0,1,0,0,0,0,0,0,0,0,1,1,0,0,0.1477,0.0913,0.1467,0.0679,0.1075,0.0356,0.0793,0.1271,0.0212,0.1444,0.000,0.000,0.000,0.000,0.000,0.000,0.000,0.140,0.000,0.000,semi-presidential,parliamentary,parliamentary,parliamentary,parliamentary,semi-presidential,semi-presidential,electoral-authoritarian,electoral-authoritarian,parliamentary,0.800,0.800,0.800,0.800,0.800,0.800,0.800,0.500,0.500,0.800,100.0,100.0,52.7,100.0,100.0,100.0,100.0,100.0,86.2,78.1
2035-05-01,1.0311,1.0072,1.0018,1.0060,1.0218,0.9939,1.0013,0.9984,0.9994,0.9879,0.9849,0.9868,1.2700,1.0335,1.0384,1.0299,1.0514,1.0805,1.0028,1.0462,1.0108,1.0134,0.9869,0.9870,4214.98,6168.18,4650.44,3120.76,2468.36,1647.34,200.20,3148.00,2613.67,613.16,0.9854,0.5580,0.9318,1.1844,0.8257,0.2791,1.3886,0.3067,0.1375,-1.1659,0.6569,0.7217,0.6696,0.6363,0.6863,0.7558,0.5027,0.6746,0.6856,0.7066,0.0240,0.0198,0.0278,0.0289,0.0292,0.0088,0.0919,0.0016,0.0153,0.0141,0.9822,0.9815,0.9908,0.9812,0.9830,1.0000,0.9762,1.0000,0.9757,1.0000,62.55,222.51,93.37,62.41,74.22,16.30,5.77,291.35,89.37,95.55,0.0000,0.0000,0.0000,0.0000,0.0000,0.0000,0.4545,0.0407,0.0000,0.0000,104304,74663,53998,54750,86225,66964,95775,572442,131417,91336,0,0,0,0,0,0,0,0,0,0,0.0000,0.0000,0.0000,0.0000,0.0000,0.0000,0.1482,0.1472,0.0000,0.0000,0,0,0,0,0,0,0,1,0,0,0,0,0,0,0,0,1,1,0,0,0.1488,0.0924,0.1477,0.0696,0.1085,0.0366,0.0803,0.1272,0.0224,0.1449,0.000,0.000,0.000,0.000,0.000,0.000,0.000,0.140,0.000,0.000,semi-presidential,parliamentary,parliamentary,parliamentary,parliamentary,semi-presidential,semi-presidential,electoral-authoritarian,electoral-authoritarian,parliamentary,0.800,0.800,0.800,0.800,0.800,0.800,0.800,0.500,0.500,0.800,100.0,100.0,55.6,100.0,100.0,100.0,100.0,100.0,89.2,80.9
2035-06-01,1.0364,1.0036,1.0006,1.0064,1.0236,0.9969,0.9989,0.9998,0.9984,0.9895,0.9828,0.9898,1.1737,1.0296,1.0377,1.0290,1.0508,1.1052,1.0007,1.0122,1.0097,1.0203,0.9843,0.9904,4223.92,6185.00,4664.77,3123.97,2480.15,1654.78,199.60,3162.04,2628.29,614.87,0.9833,0.5567,0.9291,1.1833,0.8238,0.2773,1.3934,0.3064,0.1360,-1.1777,0.6607,0.7208,0.6745,0.6385,0.6898,0.7540,0.4936,0.6716,0.6912,0.7093,0.0157,0.0140,0.0224,0.0228,0.0208,0.0037,0.0743,0.0013,0.0121,0.0109,0.9819,0.9812,0.9906,0.9809,0.9826,1.0000,0.9755,1.0000,0.9753,1.0000,64.78,226.39,95.40,64.69,76.94,16.62,5.68,302.55,91.15,97.32,0.0000,0.0000,0.0000,0.0000,0.0000,0.0000,0.4538,0.0405,0.0000,0.0000,104304,74663,53998,54750,86225,66964,95775,572442,131417,91336,0,0,0,0,0,0,0,0,0,0,0.0000,0.0000,0.0000,0.0000,0.0000,0.0000,0.1597,0.1587,0.0000,0.0000,0,0,0,0,0,0,0,1,0,0,0,0,0,0,0,0,1,1,0,0,0.1513,0.0948,0.1503,0.0721,0.1111,0.0387,0.0824,0.1286,0.0243,0.1451,0.000,0.000,0.000,0.000,0.000,0.000,0.000,0.138,0.000,0.000,semi-presidential,parliamentary,parliamentary,parliamentary,parliamentary,semi-presidential,semi-presidential,electoral-authoritarian,electoral-authoritarian,parliamentary,0.800,0.800,0.800,0.800,0.800,0.800,0.800,0.500,0.500,0.800,100.0,100.0,58.5,100.0,100.0,100.0,100.0,100.0,92.3,83.6
2035-07-01,1.0383,1.0000,0.9980,1.0058,1.0223,1.0011,0.9978,0.9987,0.9970,0.9914,0.9824,0.9924,1.1186,1.0259,1.0348,1.0250,1.0400,1.1671,0.9993,1.0002,1.0086,1.0138,0.9890,0.9927,4249.22,6185.79,4666.35,3127.09,2480.42,1669.55,199.40,3170.48,2648.59,616.68,0.9776,0.5597,0.9288,1.1822,0.8238,0.2744,1.3953,0.3065,0.1342,-1.1892,0.6689,0.7282,0.6764,0.6504,0.6859,0.7599,0.5100,0.6806,0.7068,0.7080,0.0126,0.0120,0.0201,0.0178,0.0152,0.0016,0.0553,0.0012,0.0105,0.0072,0.9823,0.9815,0.9908,0.9812,0.9830,1.0000,0.9757,1.0000,0.9757,1.0000,65.19,225.92,96.03,66.01,77.03,16.68,5.71,302.30,91.22,97.71,0.0000,0.0000,0.0000,0.0000,0.0000,0.0000,0.4544,0.0409,0.0000,0.0000,104304,74663,53998,54750,86225,66964,95775,572442,131417,91336,0,0,0,0,0,0,0,0,0,0,0.0000,0.0000,0.0000,0.0000,0.0000,0.0000,0.1689,0.1679,0.0000,0.0000,0,0,0,0,0,0,0,1,0,0,0,0,0,0,0,0,1,1,0,0,0.1534,0.0965,0.1524,0.0747,0.1130,0.0438,0.0802,0.1295,0.0257,0.1446,0.000,0.000,0.000,0.000,0.000,0.000,0.000,0.137,0.000,0.000,semi-presidential,parliamentary,parliamentary,parliamentary,parliamentary,semi-presidential,semi-presidential,electoral-authoritarian,electoral-authoritarian,parliamentary,0.800,0.800,0.800,0.800,0.800,0.800,0.800,0.500,0.500,0.800,100.0,100.0,61.5,100.0,100.0,100.0,100.0,100.0,95.4,86.4
2035-08-01,1.0365,0.9971,0.9975,1.0061,1.0178,1.0044,0.9973,0.9971,0.9962,0.9902,0.9816,0.9936,1.1107,1.0241,1.0351,1.0289,1.0363,1.0633,0.9990,0.9984,1.0074,0.9974,0.9830,0.9935,4263.53,6198.63,4680.58,3138.87,2506.63,1677.74,199.47,3182.16,2659.14,618.51,0.9744,0.5587,0.9292,1.1779,0.8160,0.2727,1.3953,0.3064,0.1330,-1.2156,0.6764,0.7307,0.6905,0.6576,0.7077,0.7646,0.5182,0.6923,0.7128,0.7206,0.0103,0.0095,0.0179,0.0176,0.0135,0.0001,0.0506,0.0010,0.0099,0.0066,0.9815,0.9807,0.9903,0.9804,0.9822,1.0000,0.9751,1.0000,0.9746,1.0000,63.03,222.87,92.71,62.24,73.87,16.56,5.53,290.91,89.42,97.47,0.0000,0.0000,0.0000,0.0000,0.0000,0.0000,0.4556,0.0419,0.0000,0.0000,104304,74663,53998,54750,86225,66964,95775,572442,131417,91336,0,0,0,0,0,0,0,0,0,0,0.0000,0.0000,0.0000,0.0000,0.0000,0.0000,0.1781,0.1794,0.0000,0.0000,0,0,0,0,0,0,0,1,0,0,0,0,0,0,0,0,1,1,0,0,0.1541,0.0971,0.1535,0.0745,0.1140,0.0438,0.0747,0.1297,0.0264,0.1449,0.000,0.000,0.000,0.000,0.000,0.000,0.000,0.133,0.000,0.000,semi-presidential,parliamentary,parliamentary,parliamentary,parliamentary,semi-presidential,semi-presidential,electoral-authoritarian,electoral-authoritarian,parliamentary,0.800,0.800,0.800,0.800,0.800,0.800,0.800,0.500,0.500,0.800,100.0,100.0,65.4,100.0,100.0,100.0,100.0,100.0,98.6,92.0
2035-09-01,1.0319,0.9945,0.9988,1.0066,1.0132,1.0082,0.9940,0.9953,0.9993,0.9900,0.9805,0.9946,1.1026,1.0208,1.0435,1.0220,1.0316,1.1737,0.9958,0.9967,1.0909,0.9976,0.9818,0.9949,4280.22,6202.89,4691.66,3146.07,2519.91,1688.41,199.49,3186.44,2672.96,620.91,0.9707,0.5585,0.9273,1.1752,0.8125,0.2705,1.3957,0.3068,0.1315,-1.2259,0.6804,0.7338,0.6906,0.6580,0.7134,0.7740,0.5242,0.6821,0.7319,0.7132,0.0126,0.0119,0.0214,0.0169,0.0174,0.0015,0.0500,0.0041,0.0133,0.0093,0.9817,0.9809,0.9905,0.9806,0.9824,1.0000,0.9750,1.0000,0.9749,1.0000,62.05,221.11,92.66,62.61,72.86,16.43,5.50,284.83,88.88,97.46,0.0000,0.0000,0.0000,0.0000,0.0000,0.0000,0.4557,0.0418,0.0000,0.0000,104304,74663,53998,54750,86225,66964,95775,572442,131417,91336,0,0,0,0,0,0,0,0,0,0,0.0000,0.0000,0.0000,0.0000,0.0000,0.0000,0.1896,0.1886,0.0000,0.0000,0,0,0,0,0,0,0,1,0,0,0,0,0,0,0,0,1,1,0,0,0.1549,0.0976,0.1543,0.0760,0.1144,0.0447,0.0799,0.1279,0.0268,0.1424,0.000,0.000,0.000,0.000,0.000,0.000,0.000,0.133,0.000,0.000,semi-presidential,parliamentary,parliamentary,parliamentary,parliamentary,semi-presidential,semi-presidential,electoral-authoritarian,electoral-authoritarian,parliamentary,0.800,0.800,0.800,0.800,0.800,0.800,0.800,0.500,0.500,0.800,100.0,100.0,68.4,100.0,100.0,100.0,100.0,100.0,100.0,94.8
2035-10-01,1.0241,0.9915,1.0015,1.0039,1.0098,1.0102,0.9918,0.9940,1.0005,0.9893,0.9815,0.9988,1.0938,1.0183,1.1624,1.0198,1.0275,1.0580,0.9932,0.9953,1.0119,0.9971,1.0760,0.9989,4299.98,6226.46,4708.50,3159.63,2529.52,1706.55,199.45,3193.71,2691.18,621.32,0.9663,0.5566,0.9242,1.1700,0.8103,0.2670,1.3964,0.3070,0.1299,-1.2399,0.6839,0.7323,0.7032,0.6608,0.7213,0.7872,0.5331,0.6719,0.7260,0.7052,0.0211,0.0129,0.0294,0.0216,0.0232,0.0000,0.0494,0.0015,0.0145,0.0133,0.9813,0.9806,0.9902,0.9802,0.9820,1.0000,0.9745,1.0000,0.9744,1.0000,61.75,220.71,92.19,62.22,72.40,16.37,5.48,282.56,88.45,97.12,0.0000,0.0000,0.0000,0.0000,0.0000,0.0000,0.4557,0.0417,0.0000,0.0000,104304,74663,53998,54750,86225,66964,95775,572442,131417,91336,0,0,0,0,0,0,0,0,0,0,0.0000,0.0000,0.0000,0.0000,0.0000,0.0000,0.1988,0.1978,0.0000,0.0000,0,0,0,0,0,0,0,1,0,0,0,0,0,0,0,0,1,1,0,0,0.1570,0.1001,0.1575,0.0785,0.1169,0.0465,0.0815,0.1290,0.0286,0.1399,0.000,0.000,0.000,0.000,0.000,0.000,0.000,0.131,0.000,0.000,semi-presidential,parliamentary,parliamentary,parliamentary,parliamentary,semi-presidential,semi-presidential,electoral-authoritarian,electoral-authoritarian,parliamentary,0.800,0.800,0.800,0.800,0.800,0.800,0.800,0.500,0.500,0.800,100.0,100.0,71.5,100.0,100.0,100.0,100.0,100.0,100.0,97.6
2035-11-01,1.0180,0.9890,1.0045,1.0006,1.0047,1.0081,0.9930,0.9929,0.9996,0.9925,0.9836,1.0020,1.0848,1.0149,1.1461,1.0015,1.0228,1.0555,1.0283,0.9941,1.0109,1.0241,1.0245,1.0022,4324.50,6244.69,4728.96,3175.87,2545.37,1710.71,199.83,3209.77,2706.51,621.11,0.9608,0.5552,0.9205,1.1639,0.8060,0.2661,1.3942,0.3066,0.1285,-1.2552,0.6881,0.7446,0.7038,0.6706,0.7307,0.7839,0.5464,0.6799,0.7273,0.7041,0.0189,0.0121,0.0179,0.0200,0.0213,0.0000,0.0495,0.0017,0.0135,0.0117,0.9822,0.9814,0.9907,0.9811,0.9829,1.0000,0.9748,1.0000,0.9755,1.0000,61.66,220.01,90.50,62.35,73.05,16.21,5.28,284.27,89.12,96.71,0.0000,0.0000,0.0000,0.0000,0.0000,0.0000,0.4526,0.0404,0.0000,0.0000,104304,74663,53998,54750,86225,66964,95775,572442,131417,91336,0,0,0,0,0,0,0,0,0,0,0.0000,0.0000,0.0000,0.0000,0.0000,0.0000,0.2103,0.2093,0.0000,0.0000,0,0,0,0,0,0,0,1,0,0,0,0,0,0,0,0,1,1,0,0,0.1595,0.1027,0.1609,0.0812,0.1198,0.0484,0.0816,0.1323,0.0308,0.1383,0.000,0.000,0.000,0.000,0.000,0.000,0.000,0.128,0.000,0.000,semi-presidential,parliamentary,parliamentary,parliamentary,parliamentary,semi-presidential,semi-presidential,electoral-authoritarian,electoral-authoritarian,parliamentary,0.800,0.800,0.800,0.800,0.800,0.800,0.800,0.500,0.500,0.800,100.0,100.0,74.6,100.0,100.0,30.0,100.0,100.0,100.0,100.0
2035-12-01,1.0119,0.9866,1.0090,0.9983,0.9998,1.0041,0.9933,0.9939,0.9989,0.9955,0.9881,1.0011,1.0787,1.0122,1.1989,1.0144,1.0181,1.0518,0.9949,1.0097,1.0100,1.0265,1.1238,1.0013,4334.17,6259.45,4750.38,3174.47,2554.48,1719.46,200.06,3223.13,2723.44,622.10,0.9587,0.5541,0.9166,1.1644,0.8039,0.2643,1.3930,0.3063,0.1269,-1.2680,0.6817,0.7454,0.6973,0.6739,0.7273,0.7854,0.5469,0.6983,0.7298,0.6970,0.0246,0.0135,0.0340,0.0232,0.0261,0.0000,0.0522,0.0021,0.0153,0.0162,0.9821,0.9814,0.9906,0.9811,0.9828,1.0000,0.9746,1.0000,0.9755,1.0000,61.55,220.76,92.76,62.20,72.81,16.41,5.21,282.98,88.67,96.33,0.0000,0.0000,0.0000,0.0000,0.0000,0.0000,0.4527,0.0404,0.0000,0.0000,104304,74663,53998,54750,86225,66964,95775,572442,131417,91336,0,0,0,0,0,0,0,0,0,0,0.0000,0.0000,0.0000,0.0000,0.0000,0.0000,0.2195,0.2185,0.0000,0.0000,0,0,0,0,0,0,0,1,0,0,0,0,0,0,0,0,1,1,0,0,0.1412,0.0932,0.1406,0.0713,0.1051,0.0441,0.0779,0.1267,0.0303,0.1388,0.000,0.000,0.000,0.000,0.000,0.000,0.000,0.129,0.000,0.000,semi-presidential,parliamentary,parliamentary,parliamentary,parliamentary,semi-presidential,semi-presidential,electoral-authoritarian,electoral-authoritarian,parliamentary,0.800,0.800,0.800,0.800,0.800,0.800,0.800,0.500,0.500,0.800,100.0,100.0,77.6,100.0,100.0,33.3,100.0,100.0,100.0,100.0
2036-01-01,1.0081,0.9859,1.0124,0.9975,0.9949,0.9980,0.9918,0.9939,0.9998,0.9985,0.9907,0.9991,1.0781,1.0186,1.2093,1.0138,1.0127,1.0445,0.9932,0.9950,1.0110,1.0237,1.0470,0.9995,4350.01,6256.05,4756.02,3179.86,2565.91,1726.85,199.82,3226.88,2741.41,624.11,0.9553,0.5545,0.9157,1.1624,0.8012,0.2627,1.3949,0.3069,0.1254,-1.2786,0.6771,0.7472,0.6962,0.6714,0.7264,0.7815,0.5432,0.6901,0.7154,0.6954,0.0230,0.0148,0.0311,0.0246,0.0254,0.0007,0.0508,0.0014,0.0164,0.0115,0.9760,0.9749,0.9877,0.9756,0.9777,0.9947,0.9734,1.0000,0.9705,1.0000,62.92,221.90,92.83,63.37,74.72,16.40,5.40,291.28,90.97,96.05,0.0000,0.0000,0.0000,0.0000,0.0000,0.0000,0.4536,0.0406,0.0000,0.0000,104304,74663,53998,54750,86225,66964,95775,572442,131417,91336,0,0,0,0,0,0,0,0,0,0,0.0000,0.0000,0.0000,0.0000,0.0000,0.0000,0.2287,0.2277,0.0000,0.0000,0,0,0,0,0,0,0,1,0,0,0,0,0,0,0,0,1,1,0,0,0.1393,0.0913,0.1377,0.0693,0.1031,0.0431,0.0758,0.1285,0.0292,0.1396,0.000,0.000,0.000,0.000,0.000,0.000,0.000,0.130,0.000,0.000,semi-presidential,parliamentary,parliamentary,parliamentary,parliamentary,semi-presidential,semi-presidential,electoral-authoritarian,electoral-authoritarian,parliamentary,0.800,0.800,0.800,0.800,0.800,0.800,0.800,0.500,0.500,0.800,100.0,100.0,80.7,100.0,100.0,36.6,100.0,100.0,100.0,100.0
