date,price_oil,price_gas,price_coal,price_electricity,price_food,price_critical-minerals,price_steel,price_consumer-goods,price_electronics,price_arms,price_pharma,price_services,import_price_oil,import_price_gas,import_price_coal,import_price_electricity,import_price_food,import_price_critical-minerals,import_price_steel,import_price_consumer-goods,import_price_electronics,import_price_arms,import_price_pharma,import_price_services,gdp_FRA,gdp_DEU,gdp_GBR,gdp_ITA,gdp_ESP,gdp_POL,gdp_UKR,gdp_RUS,gdp_TUR,gdp_NOR,debt_FRA,debt_DEU,debt_GBR,debt_ITA,debt_ESP,debt_POL,debt_UKR,debt_RUS,debt_TUR,debt_NOR,stability_FRA,stability_DEU,stability_GBR,stability_ITA,stability_ESP,stability_POL,stability_UKR,stability_RUS,stability_TUR,stability_NOR,shortage_FRA,shortage_DEU,shortage_GBR,shortage_ITA,shortage_ESP,shortage_POL,shortage_UKR,shortage_RUS,shortage_TUR,shortage_NOR,gas_coverage_FRA,gas_coverage_DEU,gas_coverage_GBR,gas_coverage_ITA,gas_coverage_ESP,gas_coverage_POL,gas_coverage_UKR,gas_coverage_RUS,gas_coverage_TUR,gas_coverage_NOR,maritime_trade_FRA,maritime_trade_DEU,maritime_trade_GBR,maritime_trade_ITA,maritime_trade_ESP,maritime_trade_POL,maritime_trade_UKR,maritime_trade_RUS,maritime_trade_TUR,maritime_trade_NOR,blockade_FRA,blockade_DEU,blockade_GBR,blockade_ITA,blockade_ESP,blockade_POL,blockade_UKR,blockade_RUS,blockade_TUR,blockade_NOR,tiles_FRA,tiles_DEU,tiles_GBR,tiles_ITA,tiles_ESP,tiles_POL,tiles_UKR,tiles_RUS,tiles_TUR,tiles_NOR,contested_FRA,contested_DEU,contested_GBR,contested_ITA,contested_ESP,contested_POL,contested_UKR,contested_RUS,contested_TUR,contested_NOR,exhaustion_FRA,exhaustion_DEU,exhaustion_GBR,exhaustion_ITA,exhaustion_ESP,exhaustion_POL,exhaustion_UKR,exhaustion_RUS,exhaustion_TUR,exhaustion_NOR,sanctions_against_FRA,sanctions_against_DEU,sanctions_against_GBR,sanctions_against_ITA,sanctions_against_ESP,sanctions_against_POL,sanctions_against_UKR,sanctions_against_RUS,sanctions_against_TUR,sanctions_against_NOR,at_war_FRA,at_war_DEU,at_war_GBR,at_war_ITA,at_war_ESP,at_war_POL,at_war_UKR,at_war_RUS,at_war_TUR,at_war_NOR,export_share_FRA,export_share_DEU,export_share_GBR,export_share_ITA,export_share_ESP,export_share_POL,export_share_UKR,export_share_RUS,export_share_TUR,export_share_NOR,circumvention_FRA,circumvention_DEU,circumvention_GBR,circumvention_ITA,circumvention_ESP,circumvention_POL,circumvention_UKR,circumvention_RUS,circumvention_TUR,circumvention_NOR,regime_FRA,regime_DEU,regime_GBR,regime_ITA,regime_ESP,regime_POL,regime_UKR,regime_RUS,regime_TUR,regime_NOR,legitimacy_FRA,legitimacy_DEU,legitimacy_GBR,legitimacy_ITA,legitimacy_ESP,legitimacy_POL,legitimacy_UKR,legitimacy_RUS,legitimacy_TUR,legitimacy_NOR,capital_FRA,capital_DEU,capital_GBR,capital_ITA,capital_ESP,capital_POL,capital_UKR,capital_RUS,capital_TUR,capital_NOR
2026-01-01,1.0000,1.0000,1.0000,1.0000,1.0000,1.0000,1.0000,1.0000,1.0000,1.0000,1.0000,1.0000,1.0000,1.0000,1.0001,1.0298,1.0000,1.0000,1.0170,1.0170,1.0221,1.0232,1.0170,1.0000,3366.32,5050.92,4002.59,2551.56,1906.45,1035.49,214.23,2561.31,1597.29,530.76,1.1600,0.6290,1.0230,1.3710,1.0040,0.5880,1.0870,0.1720,0.2350,0.4500,0.6600,0.7169,0.6747,0.6374,0.6767,0.7200,0.6678,0.6750,0.6750,0.7200,0.0019,0.0004,0.0179,0.0017,0.0019,0.0000,0.0027,0.0012,0.0009,0.0031,1.0000,1.0000,1.0000,1.0000,1.0000,1.0000,1.0000,1.0000,1.0000,1.0000,53.01,188.04,79.00,54.35,61.58,9.29,7.94,244.34,57.59,79.61,0.0000,0.0000,0.0000,0.0000,0.0000,0.0000,0.0000,0.0000,0.0000,0.0000,104304,74663,53998,54750,86225,66964,95775,572442,131417,91336,0,0,0,0,0,0,0,0,0,0,0.0000,0.0000,0.0000,0.0000,0.0000,0.0000,0.0000,0.0000,0.0000,0.0000,0,0,0,0,0,0,0,0,0,0,0,0,0,0,0,0,1,1,0,0,0.1189,0.0741,0.1337,0.0482,0.0865,0.0115,0.0806,0.1079,0.0015,0.1360,0.000,0.000,0.000,0.000,0.000,0.000,0.000,0.000,0.000,0.000,semi-presidential,parliamentary,parliamentary,parliamentary,parliamentary,semi-presidential,semi-presidential,electoral-authoritarian,electoral-authoritarian,parliamentary,0.800,0.800,0.800,0.800,0.800,0.800,0.800,0.500,0.500,0.800,30.0,30.0,30.0,30.0,30.0,30.0,30.0,30.0,30.0,30.0
2026-02-01,1.0009,1.0021,1.0005,1.0007,1.0006,1.0011,1.0003,1.0018,1.0022,1.0024,1.0019,1.0010,1.0813,1.0774,1.1230,1.0567,1.0269,1.0569,1.0020,1.0366,1.0563,1.0408,1.1134,1.0020,3366.22,5049.11,4003.29,2550.98,1910.28,1037.45,211.82,2561.80,1602.78,531.50,1.1602,0.6294,1.0236,1.3728,1.0030,0.5878,1.1019,0.1743,0.2345,0.4357,0.6589,0.7156,0.6645,0.6267,0.6662,0.7177,0.6006,0.6526,0.6640,0.7036,0.0276,0.0201,0.0415,0.0329,0.0314,0.0043,0.0680,0.0038,0.0251,0.0192,0.9376,0.9407,0.9682,0.9433,0.9395,0.9695,0.9601,1.0000,0.9449,1.0000,50.52,181.04,76.03,51.69,58.75,9.36,5.66,231.97,55.54,78.69,0.0000,0.0000,0.0000,0.0000,0.0000,0.0000,0.4595,0.0424,0.0000,0.0000,104304,74663,53998,54750,86225,66964,95775,572442,131417,91336,0,0,0,0,0,0,0,0,0,0,0.0000,0.0000,0.0000,0.0000,0.0000,0.0000,0.0092,0.0092,0.0000,0.0000,0,0,0,0,0,0,0,1,0,0,0,0,0,0,0,0,1,1,0,0,0.1195,0.0739,0.1344,0.0484,0.0871,0.0122,0.0712,0.1010,0.0015,0.1336,0.000,0.000,0.000,0.000,0.000,0.000,0.032,0.147,0.000,0.000,semi-presidential,parliamentary,parliamentary,parliamentary,parliamentary,semi-presidential,semi-presidential,electoral-authoritarian,electoral-authoritarian,parliamentary,0.800,0.800,0.800,0.800,0.800,0.800,0.800,0.500,0.500,0.800,30.2,30.4,30.6,31.2,31.5,31.7,33.5,33.0,33.1,32.6
2026-03-01,1.0014,1.0040,1.0018,0.9986,1.0008,1.0018,0.9988,1.0015,1.0042,1.0012,1.0056,1.0015,1.0847,1.0489,1.0863,0.9988,1.0275,1.0580,1.0007,1.0034,1.0835,1.0022,1.1440,1.0027,3371.63,5060.34,4002.16,2553.05,1911.29,1040.16,210.32,2554.48,1608.46,530.35,1.1623,0.6296,1.0271,1.3763,1.0046,0.5842,1.1113,0.1770,0.2337,0.4221,0.6482,0.7035,0.6606,0.6196,0.6585,0.7146,0.5487,0.6494,0.6665,0.6957,0.0205,0.0137,0.0198,0.0219,0.0254,0.0016,0.0668,0.0046,0.0166,0.0185,0.9656,0.9647,0.9828,0.9663,0.9680,0.9884,0.9668,1.0000,0.9626,1.0000,50.55,183.47,76.27,52.62,59.92,9.38,5.73,232.97,56.27,79.49,0.0000,0.0000,0.0000,0.0000,0.0000,0.0000,0.4602,0.0438,0.0000,0.0000,104304,74663,53998,54750,86225,66964,95775,572442,131417,91336,0,0,0,0,0,0,0,0,0,0,0.0000,0.0000,0.0000,0.0000,0.0000,0.0000,0.0184,0.0184,0.0000,0.0000,0,0,0,0,0,0,0,1,0,0,0,0,0,0,0,0,1,1,0,0,0.1191,0.0749,0.1347,0.0496,0.0872,0.0125,0.0724,0.1011,0.0015,0.1328,0.000,0.000,0.000,0.000,0.000,0.000,0.033,0.147,0.000,0.000,semi-presidential,parliamentary,parliamentary,parliamentary,parliamentary,semi-presidential,semi-presidential,electoral-authoritarian,electoral-authoritarian,parliamentary,0.800,0.800,0.800,0.800,0.800,0.800,0.800,0.500,0.500,0.800,33.4,33.2,33.1,34.7,34.6,34.8,36.6,35.9,36.8,35.3
2026-04-01,1.0039,1.0060,1.0025,0.9962,1.0022,1.0018,0.9982,0.9987,1.0052,0.9973,1.0088,1.0039,1.1376,1.0466,1.0408,0.9965,1.0441,1.0575,0.9999,1.0005,1.0318,0.9975,1.0308,1.0055,3382.15,5053.97,4015.32,2556.29,1915.83,1042.56,208.92,2553.93,1615.27,529.67,1.1623,0.6319,1.0267,1.3814,1.0062,0.5808,1.1205,0.1793,0.2358,0.4082,0.6454,0.7007,0.6575,0.6285,0.6589,0.7207,0.4942,0.6445,0.6596,0.6795,0.0162,0.0144,0.0148,0.0226,0.0242,0.0035,0.0843,0.0018,0.0140,0.0163,0.9695,0.9680,0.9848,0.9695,0.9719,0.9909,0.9679,1.0000,0.9652,1.0000,50.83,182.43,75.33,52.39,60.14,9.13,5.67,235.17,56.93,78.63,0.0000,0.0000,0.0000,0.0000,0.0000,0.0000,0.4600,0.0438,0.0000,0.0000,104304,74663,53998,54750,86225,66964,95775,572442,131417,91336,0,0,0,0,0,0,0,0,0,0,0.0000,0.0000,0.0000,0.0000,0.0000,0.0000,0.0276,0.0276,0.0000,0.0000,0,0,0,0,0,0,0,1,0,0,0,0,0,0,0,0,1,1,0,0,0.1207,0.0761,0.1364,0.0507,0.0888,0.0136,0.0739,0.1031,0.0015,0.1329,0.000,0.000,0.000,0.000,0.000,0.000,0.036,0.147,0.000,0.000,semi-presidential,parliamentary,parliamentary,parliamentary,parliamentary,semi-presidential,semi-presidential,electoral-authoritarian,electoral-authoritarian,parliamentary,0.800,0.800,0.800,0.800,0.831,0.800,0.800,0.500,0.500,0.800,36.6,35.9,35.5,40.3,37.5,37.9,39.3,38.7,39.5,37.9
2026-05-01,1.0051,1.0056,1.0038,0.9948,1.0043,1.0019,0.9991,0.9963,1.0047,0.9936,1.0094,1.0051,1.0888,1.0344,1.0543,0.9951,1.0373,1.0577,1.0027,0.9982,1.0194,0.9939,1.0113,1.0051,3396.89,5064.05,4016.64,2563.41,1919.85,1044.34,207.85,2552.76,1617.00,528.44,1.1616,0.6333,1.0290,1.3814,1.0055,0.5777,1.1286,0.1822,0.2356,0.3986,0.6135,0.7121,0.6511,0.6262,0.6487,0.7238,0.4862,0.6370,0.6588,0.6620,0.0121,0.0106,0.0115,0.0183,0.0183,0.0000,0.0589,0.0011,0.0111,0.0118,0.9795,0.9788,0.9900,0.9782,0.9800,1.0000,0.9691,1.0000,0.9733,1.0000,50.85,182.13,74.64,51.99,59.66,9.06,5.58,233.95,56.58,79.00,0.0000,0.0000,0.0000,0.0000,0.0000,0.0000,0.4600,0.0438,0.0000,0.0000,104304,74663,53998,54750,86225,66964,95775,572442,131417,91336,0,0,0,0,0,0,0,0,0,0,0.0000,0.0000,0.0000,0.0000,0.0000,0.0000,0.0391,0.0391,0.0000,0.0000,0,0,0,0,0,0,0,1,0,0,0,0,0,0,0,0,1,1,0,0,0.1222,0.0770,0.1378,0.0516,0.0900,0.0145,0.0751,0.1016,0.0015,0.1330,0.000,0.000,0.000,0.000,0.000,0.000,0.038,0.148,0.000,0.000,semi-presidential,parliamentary,parliamentary,parliamentary,parliamentary,semi-presidential,semi-presidential,electoral-authoritarian,electoral-authoritarian,parliamentary,0.800,0.800,0.800,0.800,0.821,0.800,0.800,0.500,0.500,0.800,31.8,40.5,38.0,43.8,40.9,41.0,42.4,42.3,43.1,39.9
2026-06-01,1.0060,1.0047,1.0052,0.9950,1.0055,1.0000,0.9992,0.9968,1.0040,0.9923,1.0076,1.0046,1.0931,1.0329,1.1781,1.0033,1.0393,1.0556,1.0009,0.9983,1.0181,0.9993,1.0094,1.0048,3401.32,5046.76,4019.02,2559.84,1924.95,1048.88,207.10,2558.67,1619.06,526.69,1.1662,0.6366,1.0308,1.3868,1.0043,0.5731,1.1344,0.1841,0.2354,0.3854,0.6361,0.7079,0.6646,0.6238,0.6463,0.7410,0.4845,0.6424,0.6740,0.6680,0.0204,0.0146,0.0228,0.0267,0.0266,0.0000,0.0653,0.0011,0.0173,0.0138,0.9800,0.9793,0.9902,0.9788,0.9807,1.0000,0.9696,1.0000,0.9740,1.0000,51.32,178.81,74.00,52.50,59.03,9.13,5.48,234.24,55.90,78.07,0.0000,0.0000,0.0000,0.0000,0.0000,0.0000,0.4599,0.0436,0.0000,0.0000,104304,74663,53998,54750,86225,66964,95775,572442,131417,91336,0,0,0,0,0,0,0,0,0,0,0.0000,0.0000,0.0000,0.0000,0.0000,0.0000,0.0483,0.0483,0.0000,0.0000,0,0,0,0,0,0,0,1,0,0,0,0,0,0,0,0,1,1,0,0,0.1104,0.0707,0.1234,0.0460,0.0806,0.0140,0.0732,0.1026,0.0015,0.1329,0.000,0.000,0.000,0.000,0.000,0.000,0.037,0.149,0.000,0.000,semi-presidential,parliamentary,parliamentary,parliamentary,parliamentary,semi-presidential,semi-presidential,electoral-authoritarian,electoral-authoritarian,parliamentary,0.800,0.800,0.800,0.800,0.811,0.820,0.800,0.500,0.500,0.800,24.1,37.5,40.5,47.3,44.3,34.2,44.9,45.1,46.8,42.5
2026-07-01,1.0079,1.0028,1.0083,0.9966,1.0057,0.9987,0.9992,0.9964,1.0049,0.9928,1.0073,1.0040,1.0930,1.0313,1.0964,1.0672,1.0312,1.0537,1.0007,1.0108,1.0495,1.0060,1.0088,1.0043,3392.76,5045.67,4010.96,2561.19,1925.25,1052.94,206.83,2559.80,1623.36,527.35,1.1731,0.6380,1.0350,1.3894,1.0084,0.5698,1.1377,0.1862,0.2348,0.3705,0.6218,0.7031,0.6439,0.6108,0.6351,0.7280,0.4880,0.6700,0.6661,0.6767,0.0153,0.0162,0.0299,0.0331,0.0203,0.0003,0.0620,0.0024,0.0172,0.0119,0.9798,0.9791,0.9901,0.9786,0.9804,1.0000,0.9693,1.0000,0.9738,1.0000,51.25,176.31,71.85,53.44,58.48,9.10,5.43,234.43,56.09,77.83,0.0000,0.0000,0.0000,0.0000,0.0000,0.0000,0.4581,0.0434,0.0000,0.0000,104304,74663,53998,54750,86225,66964,95775,572442,131417,91336,0,0,0,0,0,0,0,0,0,0,0.0000,0.0000,0.0000,0.0000,0.0000,0.0000,0.0575,0.0575,0.0000,0.0000,0,0,0,0,0,0,0,1,0,0,0,0,0,0,0,0,1,1,0,0,0.1093,0.0691,0.1215,0.0449,0.0799,0.0136,0.0713,0.1027,0.0015,0.1364,0.000,0.000,0.000,0.000,0.000,0.000,0.037,0.149,0.000,0.000,semi-presidential,parliamentary,parliamentary,parliamentary,parliamentary,semi-presidential,semi-presidential,electoral-authoritarian,electoral-authoritarian,parliamentary,0.800,0.800,0.800,0.800,0.800,0.780,0.800,0.500,0.500,0.800,28.6,39.7,42.9,50.7,49.6,37.4,47.4,48.1,50.5,45.1
2026-08-01,1.0105,1.0015,1.0095,0.9984,1.0059,0.9982,0.9975,0.9971,1.0076,0.9926,1.0070,1.0032,1.1686,1.0300,1.0689,1.0517,1.0313,1.0535,0.9993,1.0162,1.1641,0.9935,1.0086,1.0033,3394.05,5031.81,4001.78,2559.43,1930.64,1057.08,205.79,2559.93,1627.59,528.45,1.1753,0.6413,1.0392,1.3934,1.0070,0.5660,1.1457,0.1890,0.2343,0.3552,0.6239,0.6922,0.6224,0.6117,0.6344,0.7148,0.4861,0.6468,0.6580,0.6796,0.0182,0.0178,0.0324,0.0315,0.0262,0.0035,0.0891,0.0068,0.0200,0.0148,0.9796,0.9790,0.9900,0.9782,0.9799,1.0000,0.9682,1.0000,0.9732,1.0000,50.74,176.63,72.34,52.66,58.47,9.19,5.46,233.01,56.47,77.18,0.0000,0.0000,0.0000,0.0000,0.0000,0.0000,0.4573,0.0435,0.0000,0.0000,104304,74663,53998,54750,86225,66964,95775,572442,131417,91336,0,0,0,0,0,0,0,0,0,0,0.0000,0.0000,0.0000,0.0000,0.0000,0.0000,0.0690,0.0690,0.0000,0.0000,0,0,0,0,0,0,0,1,0,0,0,0,0,0,0,0,1,1,0,0,0.1266,0.0770,0.1368,0.0486,0.0870,0.0134,0.0717,0.1041,0.0057,0.1365,0.000,0.000,0.000,0.000,0.000,0.000,0.035,0.150,0.000,0.000,semi-presidential,parliamentary,parliamentary,parliamentary,parliamentary,semi-presidential,semi-presidential,electoral-authoritarian,electoral-authoritarian,parliamentary,0.800,0.800,0.800,0.800,0.800,0.789,0.800,0.500,0.500,0.800,31.6,42.4,45.2,54.2,53.0,40.1,50.6,51.7,54.1,47.7
2026-09-01,1.0148,1.0045,1.0092,1.0003,1.0204,0.9964,0.9976,1.0034,1.0256,0.9936,1.0058,1.0033,1.1470,1.0731,1.0759,1.0595,1.1786,1.0501,0.9992,1.4650,1.7534,1.0201,1.0077,1.0035,3400.03,5030.09,4010.24,2548.78,1937.92,1061.85,204.87,2568.64,1633.59,531.17,1.1757,0.6553,1.0392,1.4004,1.0047,0.5614,1.1527,0.1907,0.2340,0.3390,0.6193,0.7166,0.6232,0.6061,0.6141,0.7178,0.4399,0.6234,0.6488,0.6854,0.0406,0.0214,0.0815,0.0663,0.0878,0.0059,0.1339,0.0343,0.0468,0.1090,0.9437,0.9460,0.9714,0.9483,0.9456,0.9738,0.9621,1.0000,0.9488,1.0000,49.11,160.56,70.34,49.65,55.30,8.02,4.98,228.73,52.85,77.19,0.0000,0.0000,0.0000,0.0000,0.0000,0.0000,0.4558,0.0427,0.0000,0.0000,104304,74663,53998,54750,86225,66964,95775,572442,131417,91336,0,0,0,0,0,0,0,0,0,0,0.0000,0.0000,0.0000,0.0000,0.0000,0.0000,0.0782,0.0782,0.0000,0.0000,0,0,0,0,0,0,0,1,0,0,0,0,0,0,0,0,1,1,0,0,0.1302,0.0800,0.1406,0.0502,0.0889,0.0143,0.0756,0.1050,0.0058,0.1371,0.000,0.000,0.000,0.000,0.000,0.000,0.035,0.150,0.000,0.000,semi-presidential,parliamentary,parliamentary,parliamentary,parliamentary,semi-presidential,semi-presidential,electoral-authoritarian,electoral-authoritarian,parliamentary,0.800,0.800,0.800,0.800,0.800,0.799,0.843,0.500,0.500,0.800,34.7,47.2,47.4,55.6,56.2,43.2,52.9,54.5,57.6,50.3
2026-10-01,1.0210,1.0067,1.0102,0.9993,1.0643,0.9947,0.9967,1.0136,1.0524,0.9964,1.0022,1.0043,1.2740,1.0715,1.0823,0.9998,1.2007,1.0478,0.9988,1.2094,1.4615,1.0490,1.0040,1.0046,3401.41,5038.35,4008.92,2541.70,1928.77,1064.06,204.06,2576.40,1635.80,531.81,1.1813,0.6558,1.0424,1.4069,1.0144,0.5582,1.1593,0.1975,0.2343,0.3250,0.6223,0.7062,0.5987,0.5748,0.6081,0.7094,0.4668,0.6225,0.6362,0.6230,0.0379,0.0254,0.0456,0.0538,0.0733,0.0129,0.1158,0.0194,0.0374,0.0752,0.9471,0.9489,0.9731,0.9514,0.9492,0.9752,0.9625,1.0000,0.9516,1.0000,51.58,187.16,79.50,51.99,60.56,10.24,5.54,232.24,58.44,78.62,0.0000,0.0000,0.0000,0.0000,0.0000,0.0000,0.4600,0.0401,0.0000,0.0000,104304,74663,53998,54750,86225,66964,95775,572442,131417,91336,0,0,0,0,0,0,0,0,0,0,0.0000,0.0000,0.0000,0.0000,0.0000,0.0000,0.0874,0.0574,0.0000,0.0000,0,0,0,0,0,0,0,1,0,0,0,0,0,0,0,0,1,1,0,0,0.1315,0.0840,0.1416,0.0528,0.0944,0.0170,0.0791,0.1063,0.0067,0.1344,0.000,0.000,0.000,0.000,0.000,0.000,0.035,0.150,0.000,0.000,semi-presidential,parliamentary,parliamentary,parliamentary,parliamentary,semi-presidential,semi-presidential,electoral-authoritarian,electoral-authoritarian,parliamentary,0.800,0.800,0.800,0.800,0.800,0.800,0.834,0.500,0.500,0.800,36.3,50.0,50.7,58.9,58.1,46.2,55.2,57.2,61.1,52.8
2026-11-01,1.0260,1.0091,1.0102,0.9994,1.0959,0.9905,0.9965,1.0183,1.0604,1.0017,1.0001,1.0065,1.1569,1.0838,1.0570,1.0484,1.2084,1.0427,1.0120,1.1229,1.2469,1.0825,1.0016,1.0070,3410.74,5044.19,4003.85,2537.08,1930.51,1066.65,203.57,2576.94,1642.03,532.76,1.1800,0.6567,1.0457,1.4120,1.0150,0.5549,1.1645,0.2005,0.2340,0.3119,0.6308,0.7061,0.6096,0.5701,0.6107,0.7179,0.4682,0.6374,0.6540,0.6242,0.0255,0.0201,0.0471,0.0456,0.0495,0.0066,0.1011,0.0092,0.0238,0.0524,0.9383,0.9413,0.9686,0.9441,0.9403,0.9694,0.9608,1.0000,0.9458,1.0000,55.57,196.78,82.08,51.85,62.88,11.55,5.63,243.98,61.59,80.63,0.0000,0.0000,0.0000,0.0000,0.0000,0.0000,0.4602,0.0399,0.0000,0.0000,104304,74663,53998,54750,86225,66964,95775,572442,131417,91336,0,0,0,0,0,0,0,0,0,0,0.0000,0.0000,0.0000,0.0000,0.0000,0.0000,0.0989,0.0689,0.0000,0.0000,0,0,0,0,0,0,0,1,0,0,0,0,0,0,0,0,1,1,0,0,0.1339,0.0848,0.1430,0.0562,0.0960,0.0190,0.0826,0.1076,0.0079,0.1369,0.000,0.000,0.000,0.000,0.000,0.000,0.035,0.150,0.000,0.000,semi-presidential,parliamentary,parliamentary,parliamentary,parliamentary,semi-presidential,semi-presidential,electoral-authoritarian,electoral-authoritarian,parliamentary,0.800,0.800,0.800,0.800,0.800,0.800,0.822,0.500,0.500,0.820,39.5,52.8,52.9,62.1,61.3,49.3,58.3,60.8,64.7,55.1
2026-12-01,1.0295,1.0117,1.0103,0.9997,1.1156,0.9870,0.9987,1.0181,1.0613,1.0054,0.9977,1.0078,1.1888,1.0386,1.0911,1.0437,1.1996,1.0391,1.0387,1.0199,1.0790,1.0673,1.0002,1.0079,3426.99,5053.56,4014.88,2538.12,1935.71,1072.76,203.51,2580.70,1649.85,533.68,1.1797,0.6571,1.0447,1.4136,1.0132,0.5498,1.1667,0.2025,0.2335,0.2968,0.6497,0.7173,0.6269,0.5696,0.6109,0.7235,0.4792,0.6487,0.6609,0.6331,0.0197,0.0170,0.0365,0.0362,0.0352,0.0038,0.0897,0.0018,0.0161,0.0322,0.9808,0.9802,0.9907,0.9796,0.9811,1.0000,0.9685,1.0000,0.9750,1.0000,55.57,199.05,84.44,53.28,63.92,11.77,5.74,243.20,61.59,81.11,0.0000,0.0000,0.0000,0.0000,0.0000,0.0000,0.4602,0.0401,0.0000,0.0000,104304,74663,53998,54750,86225,66964,95775,572442,131417,91336,0,0,0,0,0,0,0,0,0,0,0.0000,0.0000,0.0000,0.0000,0.0000,0.0000,0.1081,0.0781,0.0000,0.0000,0,0,0,0,0,0,0,1,0,0,0,0,0,0,0,0,1,1,0,0,0.1351,0.0866,0.1444,0.0584,0.0972,0.0202,0.0847,0.1091,0.0090,0.1373,0.000,0.000,0.000,0.000,0.000,0.000,0.034,0.149,0.000,0.000,semi-presidential,parliamentary,parliamentary,parliamentary,parliamentary,semi-presidential,semi-presidential,electoral-authoritarian,electoral-authoritarian,parliamentary,0.800,0.800,0.800,0.800,0.750,0.800,0.813,0.500,0.500,0.810,29.2,55.6,55.3,65.3,63.4,52.5,60.7,63.7,68.3,57.5
2027-01-01,1.0323,1.0123,1.0103,1.0001,1.1278,0.9847,1.0008,1.0152,1.0594,1.0077,0.9951,1.0075,1.1225,1.0392,1.0455,1.0283,1.1972,1.0363,1.0289,1.0174,1.0776,1.0658,0.9967,1.0076,3435.12,5045.61,4031.83,2537.64,1943.47,1076.25,203.35,2587.07,1657.99,534.94,1.1780,0.6597,1.0422,1.4158,1.0122,0.5461,1.1699,0.2049,0.2330,0.2814,0.6496,0.7243,0.6324,0.5918,0.6135,0.7356,0.4934,0.6690,0.6560,0.6399,0.0113,0.0096,0.0292,0.0221,0.0241,0.0001,0.0883,0.0017,0.0101,0.0258,0.9808,0.9802,0.9907,0.9797,0.9813,1.0000,0.9690,1.0000,0.9751,1.0000,57.00,202.13,86.86,55.48,65.96,11.68,5.87,249.84,62.60,82.59,0.0000,0.0000,0.0000,0.0000,0.0000,0.0000,0.4602,0.0401,0.0000,0.0000,104304,74663,53998,54750,86225,66964,95775,572442,131417,91336,0,0,0,0,0,0,0,0,0,0,0.0000,0.0000,0.0000,0.0000,0.0000,0.0000,0.1196,0.0896,0.0000,0.0000,0,0,0,0,0,0,0,1,0,0,0,0,0,0,0,0,1,1,0,0,0.1320,0.0857,0.1408,0.0578,0.0945,0.0198,0.0849,0.1090,0.0123,0.1358,0.000,0.000,0.000,0.000,0.000,0.000,0.030,0.150,0.000,0.000,semi-presidential,parliamentary,parliamentary,parliamentary,parliamentary,semi-presidential,semi-presidential,electoral-authoritarian,electoral-authoritarian,parliamentary,0.800,0.800,0.800,0.800,0.770,0.800,0.802,0.500,0.500,0.800,32.4,58.5,57.6,68.6,69.7,55.7,63.9,67.4,71.9,59.9
2027-02-01,1.0346,1.0110,1.0095,1.0012,1.1337,0.9837,1.0022,1.0144,1.0528,1.0104,0.9935,1.0058,1.1439,1.0383,1.0446,1.0564,1.1813,1.0348,1.0378,1.0196,1.0713,1.0679,0.9952,1.0062,3435.94,5045.88,4024.27,2538.71,1944.59,1082.62,202.92,2586.19,1664.27,535.09,1.1786,0.6612,1.0461,1.4168,1.0169,0.5409,1.1742,0.2073,0.2327,0.2667,0.6349,0.7161,0.6331,0.6025,0.6028,0.7499,0.5048,0.6654,0.6734,0.6626,0.0130,0.0134,0.0281,0.0309,0.0217,0.0011,0.0873,0.0016,0.0108,0.0174,0.9808,0.9802,0.9906,0.9796,0.9812,1.0000,0.9689,1.0000,0.9751,1.0000,56.32,197.14,82.35,52.80,64.47,11.70,5.78,247.27,61.55,81.71,0.0000,0.0000,0.0000,0.0000,0.0000,0.0000,0.4591,0.0401,0.0000,0.0000,104304,74663,53998,54750,86225,66964,95775,572442,131417,91336,0,0,0,0,0,0,0,0,0,0,0.0000,0.0000,0.0000,0.0000,0.0000,0.0000,0.1288,0.0988,0.0000,0.0000,0,0,0,0,0,0,0,1,0,0,0,0,0,0,0,0,1,1,0,0,0.1191,0.0782,0.1258,0.0494,0.0847,0.0185,0.0828,0.1115,0.0106,0.1393,0.000,0.000,0.000,0.000,0.000,0.000,0.026,0.146,0.000,0.000,semi-presidential,parliamentary,parliamentary,parliamentary,parliamentary,semi-presidential,semi-presidential,electoral-authoritarian,electoral-authoritarian,parliamentary,0.800,0.800,0.800,0.800,0.778,0.800,0.800,0.500,0.500,0.800,35.6,61.3,60.0,72.0,72.4,59.0,66.6,70.4,75.6,62.4
2027-03-01,1.0352,1.0182,1.0070,1.0013,1.1525,0.9853,1.0015,1.0111,1.0458,1.0138,0.9923,1.0053,1.1141,1.2827,1.0423,1.0330,1.2537,1.0366,1.0033,1.0141,1.0646,1.0484,0.9942,1.0055,3441.12,5029.81,4022.00,2541.15,1948.64,1088.18,202.94,2596.28,1674.54,533.82,1.1772,0.6647,1.0483,1.4167,1.0161,0.5362,1.1757,0.2088,0.2319,0.2576,0.6177,0.7050,0.6138,0.5968,0.5936,0.7537,0.5179,0.6770,0.6475,0.6572,0.0377,0.0360,0.0367,0.0549,0.0577,0.0218,0.0662,0.0014,0.0370,0.0347,0.7844,0.7971,0.8913,0.8002,0.7854,0.8446,0.9476,1.0000,0.8008,1.0000,54.44,193.76,80.26,52.61,63.99,11.10,5.71,240.29,60.43,79.33,0.0000,0.0000,0.0000,0.0000,0.0000,0.0000,0.4594,0.0402,0.0000,0.0000,104304,74663,53998,54750,86225,66964,95775,572442,131417,91336,0,0,0,0,0,0,0,0,0,0,0.0000,0.0000,0.0000,0.0000,0.0000,0.0000,0.1380,0.1080,0.0000,0.0000,0,0,0,0,0,0,0,1,0,0,0,0,0,0,0,0,1,1,0,0,0.1331,0.0847,0.1467,0.0569,0.0949,0.0181,0.0858,0.1076,0.0112,0.1364,0.000,0.000,0.000,0.000,0.000,0.000,0.023,0.147,0.000,0.000,semi-presidential,parliamentary,parliamentary,parliamentary,parliamentary,semi-presidential,semi-presidential,electoral-authoritarian,electoral-authoritarian,parliamentary,0.800,0.800,0.800,0.800,0.788,0.800,0.800,0.500,0.500,0.800,37.8,64.1,62.2,75.3,75.5,62.3,69.3,73.4,79.1,65.0
2027-04-01,1.0340,1.0251,1.0035,1.0009,1.1698,0.9863,1.0006,1.0076,1.0365,1.0147,0.9906,1.0081,1.1154,1.1633,1.0411,1.0257,1.2528,1.0385,1.0024,1.0095,1.0536,1.0314,0.9921,1.0087,3455.87,5035.02,4031.20,2544.34,1957.19,1090.41,203.15,2598.53,1682.35,535.09,1.1726,0.6652,1.0473,1.4160,1.0128,0.5334,1.1759,0.2159,0.2314,0.2423,0.6182,0.7000,0.6310,0.5776,0.6018,0.7499,0.5302,0.6863,0.6506,0.6612,0.0241,0.0218,0.0313,0.0352,0.0404,0.0094,0.0630,0.0012,0.0217,0.0289,0.8845,0.8933,0.9417,0.8971,0.8855,0.9328,0.9528,1.0000,0.9042,1.0000,54.54,192.92,81.41,54.14,63.85,10.89,5.67,241.82,61.17,82.60,0.0000,0.0000,0.0000,0.0000,0.0000,0.0000,0.4605,0.0424,0.0000,0.0000,104304,74663,53998,54750,86225,66964,95775,572442,131417,91336,0,0,0,0,0,0,0,0,0,0,0.0000,0.0000,0.0000,0.0000,0.0000,0.0000,0.1472,0.1172,0.0000,0.0000,0,0,0,0,0,0,0,1,0,0,0,0,0,0,0,0,1,1,0,0,0.1394,0.0856,0.1490,0.0588,0.0971,0.0194,0.0886,0.1087,0.0130,0.1369,0.000,0.000,0.000,0.000,0.000,0.000,0.021,0.145,0.000,0.000,semi-presidential,parliamentary,parliamentary,parliamentary,parliamentary,semi-presidential,semi-presidential,electoral-authoritarian,electoral-authoritarian,parliamentary,0.800,0.800,0.800,0.800,0.798,0.800,0.800,0.500,0.500,0.800,42.2,66.9,64.6,78.6,78.7,65.3,72.2,76.5,82.7,67.5
2027-05-01,1.0326,1.0284,0.9983,1.0006,1.1788,0.9878,1.0007,1.0063,1.0283,1.0137,1.0136,1.0217,1.1168,1.1253,1.0351,1.0007,1.2293,1.0767,1.0025,1.0081,1.0447,1.0164,1.5810,1.0224,3460.47,5043.28,4048.48,2553.35,1964.83,1098.77,202.81,2594.32,1689.78,534.26,1.1710,0.6650,1.0440,1.4118,1.0097,0.5263,1.1793,0.2191,0.2310,0.2279,0.6194,0.7063,0.6337,0.5895,0.6180,0.7417,0.5379,0.6791,0.6643,0.6499,0.0345,0.0182,0.0363,0.0265,0.0405,0.0062,0.0824,0.0050,0.0178,0.0420,0.9205,0.9256,0.9599,0.9289,0.9223,0.9592,0.9593,1.0000,0.9330,1.0000,55.01,192.52,82.31,55.18,64.63,10.89,5.72,246.82,61.63,82.64,0.0000,0.0000,0.0000,0.0000,0.0000,0.0000,0.4602,0.0425,0.0000,0.0000,104304,74663,53998,54750,86225,66964,95775,572442,131417,91336,0,0,0,0,0,0,0,0,0,0,0.0000,0.0000,0.0000,0.0000,0.0000,0.0000,0.1587,0.1287,0.0000,0.0000,0,0,0,0,0,0,0,1,0,0,0,0,0,0,0,0,1,1,0,0,0.1488,0.0939,0.1593,0.0674,0.1065,0.0268,0.0977,0.1176,0.0207,0.1369,0.000,0.000,0.000,0.000,0.000,0.000,0.025,0.136,0.000,0.000,semi-presidential,parliamentary,parliamentary,parliamentary,parliamentary,semi-presidential,semi-presidential,electoral-authoritarian,electoral-authoritarian,parliamentary,0.800,0.800,0.800,0.800,0.800,0.800,0.800,0.500,0.500,0.800,75.0,69.7,66.9,81.9,81.9,70.4,75.8,80.4,86.3,70.0
2027-06-01,1.0312,1.0316,0.9920,0.9978,1.1853,0.9903,1.0015,1.0066,1.0244,1.0129,1.0347,1.0281,1.1135,1.1249,1.0291,0.9982,1.3073,1.0426,1.0729,1.2297,1.0397,1.0189,1.5344,1.0282,3479.47,5074.65,4068.63,2563.82,1967.66,1104.83,203.25,2602.72,1700.59,534.23,1.1642,0.6617,1.0397,1.4066,1.0089,0.5215,1.1779,0.2207,0.2301,0.2132,0.6289,0.7225,0.6656,0.6031,0.6440,0.7530,0.5610,0.6767,0.6680,0.6558,0.0442,0.0170,0.0515,0.0360,0.0617,0.0054,0.0944,0.0069,0.0170,0.0820,0.9236,0.9283,0.9615,0.9315,0.9255,0.9612,0.9603,1.0000,0.9351,1.0000,54.29,193.63,81.36,55.05,64.46,10.68,5.80,245.95,61.87,83.08,0.0000,0.0000,0.0000,0.0000,0.0000,0.0000,0.4604,0.0421,0.0000,0.0000,104304,74663,53998,54750,86225,66964,95775,572442,131417,91336,0,0,0,0,0,0,0,0,0,0,0.0000,0.0000,0.0000,0.0000,0.0000,0.0000,0.1679,0.1379,0.0000,0.0000,0,0,0,0,0,0,0,1,0,0,0,0,0,0,0,0,1,1,0,0,0.1536,0.0984,0.1653,0.0725,0.1119,0.0312,0.1030,0.1214,0.0252,0.1371,0.000,0.000,0.000,0.000,0.000,0.000,0.024,0.132,0.000,0.000,semi-presidential,parliamentary,parliamentary,parliamentary,parliamentary,semi-presidential,semi-presidential,electoral-authoritarian,electoral-authoritarian,parliamentary,0.800,0.800,0.800,0.800,0.800,0.800,0.800,0.500,0.500,0.800,77.9,72.6,69.5,85.2,85.3,73.7,78.9,83.5,90.0,72.5
2027-07-01,1.0313,1.0298,0.9875,0.9969,1.2104,0.9931,1.0026,1.0106,1.0214,1.0118,1.0470,1.0282,1.1137,1.0593,1.0251,1.0147,1.3000,1.1206,1.0218,1.0620,1.0366,1.0154,1.3228,1.0282,3491.50,5083.25,4098.96,2583.93,1974.18,1110.93,203.91,2608.50,1712.14,534.48,1.1597,0.6610,1.0326,1.3959,1.0060,0.5167,1.1750,0.2225,0.2274,0.1983,0.6376,0.7390,0.6762,0.6355,0.6477,0.7608,0.5592,0.6776,0.6991,0.6365,0.0226,0.0115,0.0366,0.0259,0.0364,0.0009,0.0731,0.0031,0.0112,0.0464,0.9798,0.9792,0.9903,0.9787,0.9804,1.0000,0.9711,1.0000,0.9740,1.0000,54.40,195.40,84.89,55.61,64.34,11.29,5.71,243.91,60.91,83.27,0.0000,0.0000,0.0000,0.0000,0.0000,0.0000,0.4602,0.0425,0.0000,0.0000,104304,74663,53998,54750,86225,66964,95775,572442,131417,91336,0,0,0,0,0,0,0,0,0,0,0.0000,0.0000,0.0000,0.0000,0.0000,0.0000,0.1771,0.1471,0.0000,0.0000,0,0,0,0,0,0,0,1,0,0,0,0,0,0,0,0,1,1,0,0,0.1456,0.0950,0.1546,0.0723,0.1089,0.0309,0.1030,0.1210,0.0241,0.1371,0.000,0.000,0.000,0.000,0.000,0.000,0.020,0.132,0.000,0.000,semi-presidential,parliamentary,parliamentary,parliamentary,parliamentary,semi-presidential,semi-presidential,junta,electoral-authoritarian,parliamentary,0.800,0.800,0.800,0.800,0.800,0.800,0.800,0.400,0.500,0.800,80.7,75.5,72.0,90.3,88.8,77.1,82.0,30.0,95.1,75.0
2027-08-01,1.0316,1.0265,0.9839,0.9966,1.2213,0.9955,1.0018,1.0099,1.0181,1.0118,1.0556,1.0256,1.1132,1.0552,1.0211,1.0287,1.2660,1.0484,1.0038,1.0118,1.0329,1.0181,1.3218,1.0261,3497.95,5096.30,4119.12,2595.57,1977.92,1115.83,204.51,2620.44,1722.65,535.41,1.1574,0.6596,1.0278,1.3896,1.0041,0.5126,1.1725,0.2233,0.2266,0.1833,0.6555,0.7310,0.6711,0.6391,0.6626,0.7721,0.3769,0.6500,0.6979,0.6559,0.0179,0.0105,0.0344,0.0187,0.0237,0.0000,0.0696,0.0024,0.0104,0.0257,0.9799,0.9793,0.9903,0.9787,0.9805,1.0000,0.9709,1.0000,0.9741,1.0000,54.32,195.02,86.03,56.02,64.17,11.41,5.74,243.78,60.77,83.18,0.0000,0.0000,0.0000,0.0000,0.0000,0.0000,0.4602,0.0423,0.0000,0.0000,104304,74663,53998,54750,86225,66964,95775,572442,131417,91336,0,0,0,0,0,0,0,0,0,0,0.0000,0.0000,0.0000,0.0000,0.0000,0.0000,0.1886,0.1586,0.0000,0.0000,0,0,0,0,0,0,0,1,0,0,0,0,0,0,0,0,1,1,0,0,0.1229,0.0833,0.1289,0.0602,0.0906,0.0274,0.0983,0.1176,0.0198,0.1374,0.000,0.000,0.000,0.000,0.000,0.000,0.015,0.133,0.000,0.000,semi-presidential,parliamentary,parliamentary,parliamentary,parliamentary,semi-presidential,semi-presidential,junta,electoral-authoritarian,parliamentary,0.800,0.800,0.800,0.800,0.800,0.800,0.552,0.400,0.500,0.800,82.5,78.4,74.6,93.9,100.0,80.5,85.7,32.8,99.0,77.5
2027-09-01,1.0291,1.0237,0.9819,0.9959,1.2228,0.9936,1.0008,1.0092,1.0159,1.0109,1.0609,1.0205,1.1101,1.0523,1.0193,0.9967,1.2465,1.0469,1.0029,1.0111,1.0307,1.0165,1.1293,1.0217,3492.54,5101.16,4109.83,2586.03,1973.48,1121.75,205.11,2626.50,1731.55,536.27,1.1586,0.6591,1.0302,1.3946,1.0062,0.5081,1.1699,0.2243,0.2255,0.1663,0.6378,0.7430,0.6459,0.6256,0.6473,0.7644,0.4454,0.6466,0.6957,0.6692,0.0126,0.0098,0.0112,0.0144,0.0156,0.0000,0.0620,0.0014,0.0102,0.0110,0.9801,0.9794,0.9904,0.9789,0.9807,1.0000,0.9709,1.0000,0.9743,1.0000,53.61,193.59,83.02,55.49,63.97,11.38,5.90,241.77,60.87,83.35,0.0000,0.0000,0.0000,0.0000,0.0000,0.0000,0.4602,0.0424,0.0000,0.0000,104304,74663,53998,54750,86225,66964,95775,572442,131417,91336,0,0,0,0,0,0,0,0,0,0,0.0000,0.0000,0.0000,0.0000,0.0000,0.0000,0.1978,0.1678,0.0000,0.0000,0,0,0,0,0,0,0,1,0,0,0,0,0,0,0,0,1,1,0,0,0.0993,0.0713,0.1029,0.0475,0.0717,0.0230,0.0874,0.1123,0.0147,0.1366,0.000,0.000,0.000,0.000,0.000,0.000,0.011,0.137,0.000,0.000,semi-presidential,parliamentary,parliamentary,parliamentary,parliamentary,semi-presidential,semi-presidential,junta,electoral-authoritarian,parliamentary,0.800,0.850,0.800,0.800,0.800,0.800,0.561,0.400,0.500,0.800,85.3,80.4,77.0,98.2,100.0,83.9,88.0,35.0,100.0,80.9
2027-10-01,1.0280,1.0202,0.9853,0.9959,1.2142,0.9911,0.9999,1.0090,1.0128,1.0112,1.0606,1.0165,1.1094,1.0482,1.1780,1.0457,1.2396,1.0440,1.0144,1.0145,1.0269,1.0503,1.0630,1.0167,3493.85,5114.59,4118.26,2582.82,1975.48,1129.30,204.72,2627.91,1740.85,537.06,1.1577,0.6573,1.0279,1.3963,1.0051,0.5025,1.1729,0.2291,0.2244,0.1514,0.6249,0.6963,0.6260,0.6149,0.6328,0.7523,0.4826,0.6554,0.6771,0.6786,0.0221,0.0171,0.0355,0.0287,0.0255,0.0000,0.0619,0.0013,0.0213,0.0117,0.9802,0.9796,0.9905,0.9791,0.9808,1.0000,0.9706,1.0000,0.9745,1.0000,53.77,190.60,82.56,54.07,62.97,11.47,5.60,241.21,60.36,82.48,0.0000,0.0000,0.0000,0.0000,0.0000,0.0000,0.4586,0.0408,0.0000,0.0000,104304,74663,53998,54750,86225,66964,95775,572442,131417,91336,0,0,0,0,0,0,0,0,0,0,0.0000,0.0000,0.0000,0.0000,0.0000,0.0000,0.2093,0.1793,0.0000,0.0000,0,0,0,0,0,0,0,1,0,0,0,0,0,0,0,0,1,1,0,0,0.1095,0.0740,0.1151,0.0507,0.0797,0.0209,0.0781,0.1109,0.0138,0.1366,0.000,0.000,0.000,0.000,0.000,0.000,0.006,0.141,0.000,0.000,semi-presidential,parliamentary,parliamentary,parliamentary,parliamentary,semi-presidential,semi-presidential,junta,electoral-authoritarian,parliamentary,0.800,0.843,0.800,0.800,0.800,0.800,0.573,0.400,0.500,0.800,88.1,82.3,79.3,100.0,100.0,88.0,91.5,37.7,100.0,83.5
2027-11-01,1.0258,1.0178,0.9900,0.9967,1.1995,0.9892,0.9998,1.0084,1.0146,1.0123,1.0568,1.0176,1.1036,1.0455,1.2317,1.0459,1.2243,1.0410,1.0015,1.0100,1.1478,1.0391,1.0595,1.0179,3505.66,5124.02,4143.56,2589.04,1982.49,1133.55,204.87,2629.29,1755.61,538.29,1.1534,0.6561,1.0215,1.3979,1.0015,0.4994,1.1724,0.2306,0.2226,0.1364,0.6312,0.6875,0.6432,0.6121,0.6384,0.7514,0.4782,0.6488,0.6797,0.6900,0.0244,0.0177,0.0395,0.0321,0.0314,0.0000,0.0632,0.0057,0.0287,0.0155,0.9807,0.9801,0.9907,0.9796,0.9813,1.0000,0.9704,1.0000,0.9751,1.0000,53.44,184.71,78.70,52.96,61.04,11.51,5.40,238.18,60.22,81.89,0.0000,0.0000,0.0000,0.0000,0.0000,0.0000,0.4591,0.0415,0.0000,0.0000,104304,74663,53998,54750,86225,66964,95775,572442,131417,91336,0,0,0,0,0,0,0,0,0,0,0.0000,0.0000,0.0000,0.0000,0.0000,0.0000,0.2185,0.1885,0.0000,0.0000,0,0,0,0,0,0,0,1,0,0,0,0,0,0,0,0,1,1,0,0,0.1453,0.0891,0.1564,0.0679,0.1082,0.0265,0.0743,0.1117,0.0179,0.1360,0.000,0.000,0.000,0.000,0.000,0.000,0.003,0.141,0.000,0.000,semi-presidential,parliamentary,parliamentary,parliamentary,parliamentary,semi-presidential,semi-presidential,junta,electoral-authoritarian,parliamentary,0.800,0.833,0.800,0.800,0.800,0.800,0.582,0.400,0.500,0.800,90.9,85.0,81.7,100.0,100.0,30.0,94.2,39.9,100.0,86.1
2027-12-01,1.0241,1.0153,0.9953,0.9961,1.1809,0.9884,0.9993,1.0069,1.0159,1.0133,1.0504,1.0183,1.1030,1.0432,1.2006,1.0428,1.2070,1.0400,1.0010,1.0085,1.0818,1.0531,1.0526,1.0185,3519.72,5133.27,4169.64,2589.27,1989.76,1140.83,204.43,2637.11,1761.03,537.70,1.1456,0.6549,1.0150,1.3978,0.9978,0.4940,1.1752,0.2315,0.2220,0.1219,0.6444,0.7029,0.6607,0.6269,0.6545,0.7560,0.4732,0.6329,0.7063,0.6979,0.0221,0.0168,0.0354,0.0293,0.0272,0.0000,0.0625,0.0032,0.0236,0.0126,0.9806,0.9799,0.9906,0.9794,0.9811,1.0000,0.9703,1.0000,0.9749,1.0000,54.36,190.74,82.69,53.61,62.76,11.36,5.72,241.32,61.26,82.15,0.0000,0.0000,0.0000,0.0000,0.0000,0.0000,0.4600,0.0414,0.0000,0.0000,104304,74663,53998,54750,86225,66964,95775,572442,131417,91336,0,0,0,0,0,0,0,0,0,0,0.0000,0.0000,0.0000,0.0000,0.0000,0.0000,0.2277,0.1977,0.0000,0.0000,0,0,0,0,0,0,0,1,0,0,0,0,0,0,0,0,1,1,0,0,0.1429,0.0956,0.1535,0.0679,0.1065,0.0265,0.0700,0.1154,0.0182,0.1358,0.000,0.000,0.000,0.000,0.000,0.000,0.000,0.137,0.000,0.000,semi-presidential,parliamentary,parliamentary,parliamentary,parliamentary,semi-presidential,semi-presidential,junta,electoral-authoritarian,parliamentary,0.800,0.823,0.800,0.800,0.800,0.800,0.591,0.400,0.500,0.800,93.8,87.7,84.1,100.0,100.0,33.2,96.9,42.1,100.0,88.9
2028-01-01,1.0248,1.0143,1.0008,0.9939,1.1590,0.9866,0.9996,1.0056,1.0141,1.0139,1.0446,1.0173,1.1068,1.0422,1.2068,0.9939,1.1874,1.0380,1.0087,1.0076,1.0284,1.0328,1.0475,1.0176,3535.26,5156.21,4190.50,2593.35,1999.51,1148.38,203.44,2644.63,1768.82,538.63,1.1405,0.6520,1.0097,1.3956,0.9930,0.4886,1.1810,0.2328,0.2211,0.1070,0.6516,0.7216,0.7041,0.6311,0.6652,0.7521,0.4646,0.6428,0.7092,0.7027,0.0224,0.0152,0.0202,0.0261,0.0260,0.0000,0.0646,0.0012,0.0168,0.0113,0.9803,0.9797,0.9905,0.9791,0.9807,1.0000,0.9696,1.0000,0.9745,1.0000,55.34,194.07,83.07,55.89,65.69,11.21,6.11,249.85,62.31,82.61,0.0000,0.0000,0.0000,0.0000,0.0000,0.0000,0.4595,0.0410,0.0000,0.0000,104304,74663,53998,54750,86225,66964,95775,572442,131417,91336,0,0,0,0,0,0,0,0,0,0,0.0000,0.0000,0.0000,0.0000,0.0000,0.0000,0.2392,0.2092,0.0000,0.0000,0,0,0,0,0,0,0,1,0,0,0,0,0,0,0,0,1,1,0,0,0.1274,0.0884,0.1368,0.0609,0.0947,0.0241,0.0648,0.1161,0.0158,0.1353,0.000,0.000,0.000,0.000,0.000,0.000,0.000,0.138,0.000,0.000,semi-presidential,parliamentary,parliamentary,parliamentary,parliamentary,semi-presidential,semi-presidential,junta,electoral-authoritarian,parliamentary,0.800,0.814,0.800,0.800,0.800,0.800,0.603,0.400,0.500,0.800,96.7,90.5,77.4,100.0,100.0,36.3,100.0,44.9,100.0,91.6
2028-02-01,1.0247,1.0135,1.0039,0.9922,1.1384,0.9847,0.9989,1.0025,1.0130,1.0163,1.0381,1.0121,1.1027,1.0412,1.1114,0.9925,1.1636,1.0351,1.0186,1.0042,1.0268,1.0431,1.0414,1.0131,3524.57,5164.70,4178.73,2585.77,1997.45,1155.41,201.86,2661.56,1775.89,538.11,1.1439,0.6510,1.0124,1.3998,0.9940,0.4835,1.1985,0.2329,0.2203,0.0925,0.6361,0.7263,0.6631,0.6162,0.6484,0.7532,0.3071,0.6496,0.6941,0.6986,0.0159,0.0118,0.0140,0.0193,0.0194,0.0000,0.0610,0.0013,0.0127,0.0101,0.9804,0.9798,0.9905,0.9793,0.9809,1.0000,0.9695,1.0000,0.9748,1.0000,54.05,191.95,81.06,54.54,64.12,10.94,5.72,246.06,62.42,82.38,0.0000,0.0000,0.0000,0.0000,0.0000,0.0000,0.4590,0.0405,0.0000,0.0000,104304,74663,53998,54750,86225,66964,95775,572442,131417,91336,0,0,0,0,0,0,0,0,0,0,0.0000,0.0000,0.0000,0.0000,0.0000,0.0000,0.2484,0.2184,0.0000,0.0000,0,0,0,0,0,0,0,1,0,0,0,0,0,0,0,0,1,1,0,0,0.0910,0.0715,0.0959,0.0419,0.0658,0.0183,0.0558,0.1083,0.0100,0.1355,0.000,0.000,0.000,0.000,0.000,0.000,0.000,0.142,0.000,0.000,semi-presidential,parliamentary,parliamentary,parliamentary,parliamentary,semi-presidential,semi-presidential,junta,electoral-authoritarian,parliamentary,0.800,0.804,0.800,0.800,0.800,0.800,0.084,0.400,0.500,0.800,99.5,93.4,79.9,100.0,100.0,39.5,100.0,47.1,100.0,94.3
2028-03-01,1.0227,1.0147,1.0035,0.9898,1.1203,0.9858,0.9993,0.9999,1.0108,1.0180,1.0337,1.0082,1.1000,1.0836,1.0530,0.9900,1.1459,1.0385,1.0011,1.0015,1.0246,1.0294,1.0357,1.0090,3520.29,5154.29,4164.80,2579.65,1997.22,1160.92,200.60,2660.51,1781.54,538.06,1.1454,0.6524,1.0157,1.4032,0.9942,0.4791,1.2091,0.2345,0.2197,0.0778,0.6203,0.7234,0.6254,0.6145,0.6357,0.7441,0.3025,0.6554,0.6731,0.7063,0.0165,0.0147,0.0122,0.0198,0.0201,0.0037,0.0596,0.0010,0.0140,0.0084,0.9439,0.9462,0.9719,0.9487,0.9458,0.9739,0.9626,1.0000,0.9494,1.0000,53.76,189.91,79.52,53.99,63.47,10.71,5.99,244.48,62.66,82.16,0.0000,0.0000,0.0000,0.0000,0.0000,0.0000,0.4596,0.0411,0.0000,0.0000,104304,74663,53998,54750,86225,66964,95775,572442,131417,91336,0,0,0,0,0,0,0,0,0,0,0.0000,0.0000,0.0000,0.0000,0.0000,0.0000,0.2576,0.2276,0.0000,0.0000,0,0,0,0,0,0,0,1,0,0,0,0,0,0,0,0,1,1,0,0,0.1059,0.0780,0.1130,0.0480,0.0770,0.0178,0.0579,0.1073,0.0099,0.1355,0.000,0.000,0.000,0.000,0.000,0.000,0.000,0.146,0.000,0.000,semi-presidential,parliamentary,parliamentary,parliamentary,parliamentary,semi-presidential,semi-presidential,junta,electoral-authoritarian,parliamentary,0.800,0.800,0.800,0.800,0.800,0.800,0.093,0.400,0.500,0.800,100.0,96.3,82.1,100.0,100.0,42.6,100.0,49.3,100.0,97.1
2028-04-01,1.0229,1.0165,1.0042,0.9890,1.1008,0.9889,0.9991,0.9972,1.0090,1.0180,1.0300,1.0081,1.1031,1.1102,1.0404,1.0145,1.1284,1.0747,1.0323,0.9991,1.0227,1.0294,1.0323,1.0081,3531.58,5168.25,4168.96,2587.54,2009.09,1164.67,198.87,2666.02,1787.76,539.13,1.1418,0.6507,1.0149,1.3991,0.9884,0.4755,1.2196,0.2360,0.2190,0.0630,0.6185,0.7201,0.6353,0.6243,0.6510,0.7457,0.2867,0.6473,0.6893,0.7012,0.0203,0.0177,0.0258,0.0222,0.0235,0.0060,0.0715,0.0012,0.0165,0.0096,0.9222,0.9276,0.9609,0.9304,0.9236,0.9602,0.9583,1.0000,0.9346,1.0000,54.43,189.88,78.94,54.28,64.34,10.47,5.99,248.86,63.43,82.15,0.0000,0.0000,0.0000,0.0000,0.0000,0.0000,0.4599,0.0414,0.0000,0.0000,104304,74663,53998,54750,86225,66964,95775,572442,131417,91336,0,0,0,0,0,0,0,0,0,0,0.0000,0.0000,0.0000,0.0000,0.0000,0.0000,0.2691,0.2391,0.0000,0.0000,0,0,0,0,0,0,0,1,0,0,0,0,0,0,0,0,1,1,0,0,0.1375,0.0935,0.1491,0.0623,0.1014,0.0187,0.0572,0.1087,0.0156,0.1355,0.000,0.000,0.000,0.000,0.000,0.000,0.000,0.147,0.000,0.000,semi-presidential,parliamentary,parliamentary,parliamentary,parliamentary,semi-presidential,semi-presidential,junta,electoral-authoritarian,parliamentary,0.800,0.800,0.800,0.800,0.800,0.800,0.105,0.400,0.500,0.800,100.0,99.2,84.5,100.0,100.0,45.7,100.0,52.1,100.0,99.8
2028-05-01,1.0225,1.0180,1.0015,0.9879,1.1316,0.9919,0.9988,0.9970,1.0092,1.0168,1.0258,1.0081,1.1022,1.0536,1.0393,0.9881,1.2714,1.1006,1.0007,1.0167,1.0226,1.0269,1.0286,1.0083,3537.59,5183.51,4179.47,2596.75,2012.70,1169.24,197.85,2671.09,1798.44,539.43,1.1399,0.6488,1.0115,1.3942,0.9867,0.4716,1.2257,0.2372,0.2178,0.0483,0.6275,0.7277,0.6529,0.6100,0.6467,0.7455,0.2892,0.6316,0.7236,0.6670,0.0135,0.0119,0.0199,0.0352,0.0407,0.0015,0.0603,0.0012,0.0114,0.0498,0.9738,0.9727,0.9873,0.9734,0.9754,0.9947,0.9690,1.0000,0.9689,1.0000,54.22,190.18,79.48,53.47,63.21,10.13,5.67,247.33,63.30,82.06,0.0000,0.0000,0.0000,0.0000,0.0000,0.0000,0.4588,0.0429,0.0000,0.0000,104304,74663,53998,54750,86225,66964,95775,572442,131417,91336,0,0,0,0,0,0,0,0,0,0,0.0000,0.0000,0.0000,0.0000,0.0000,0.0000,0.2783,0.2483,0.0000,0.0000,0,0,0,0,0,0,0,1,0,0,0,0,0,0,0,0,1,1,0,0,0.1386,0.0938,0.1492,0.0623,0.1015,0.0251,0.0872,0.1129,0.0167,0.1356,0.000,0.000,0.000,0.000,0.000,0.000,0.000,0.147,0.000,0.000,semi-presidential,parliamentary,parliamentary,parliamentary,parliamentary,semi-presidential,semi-presidential,junta,electoral-authoritarian,parliamentary,0.800,0.800,0.800,0.800,0.800,0.800,0.114,0.400,0.500,0.800,100.0,100.0,86.9,100.0,100.0,48.8,100.0,54.3,100.0,100.0
2028-06-01,1.0204,1.0174,0.9962,0.9867,1.1649,0.9928,0.9968,0.9968,1.0079,1.0167,1.0226,1.0066,1.0972,1.0466,1.0336,1.0120,1.2708,1.0436,0.9988,1.0007,1.0214,1.0426,1.0246,1.0067,3535.75,5188.41,4181.11,2599.85,2015.53,1174.45,197.40,2677.26,1806.55,539.47,1.1405,0.6482,1.0113,1.3926,0.9853,0.4674,1.2283,0.2382,0.2169,0.0336,0.6304,0.7396,0.6482,0.6091,0.6456,0.7469,0.3091,0.6372,0.7145,0.6648,0.0107,0.0097,0.0264,0.0278,0.0318,0.0000,0.0655,0.0011,0.0102,0.0375,0.9795,0.9788,0.9901,0.9783,0.9800,1.0000,0.9702,1.0000,0.9735,1.0000,53.28,188.96,79.59,52.55,61.86,10.36,5.63,240.96,62.26,82.03,0.0000,0.0000,0.0000,0.0000,0.0000,0.0000,0.4587,0.0421,0.0000,0.0000,104304,74663,53998,54750,86225,66964,95775,572442,131417,91336,0,0,0,0,0,0,0,0,0,0,0.0000,0.0000,0.0000,0.0000,0.0000,0.0000,0.2875,0.2575,0.0000,0.0000,0,0,0,0,0,0,0,1,0,0,0,0,0,0,0,0,1,1,0,0,0.1357,0.0885,0.1386,0.0630,0.1000,0.0238,0.0873,0.1085,0.0150,0.1357,0.000,0.000,0.000,0.000,0.000,0.000,0.000,0.148,0.000,0.000,semi-presidential,parliamentary,parliamentary,parliamentary,parliamentary,semi-presidential,semi-presidential,junta,electoral-authoritarian,parliamentary,0.800,0.800,0.800,0.800,0.800,0.800,0.123,0.400,0.500,0.800,100.0,100.0,89.3,100.0,100.0,51.9,100.0,56.4,100.0,100.0
2028-07-01,1.0159,1.0149,0.9930,0.9866,1.1802,0.9957,0.9967,0.9971,1.0058,1.0148,1.0181,1.0043,1.0929,1.0439,1.0311,0.9866,1.2432,1.1218,1.0215,1.0097,1.0198,1.0213,1.0205,1.0044,3541.01,5202.34,4177.14,2606.74,2013.50,1179.95,197.08,2684.92,1813.61,538.57,1.1389,0.6465,1.0125,1.3890,0.9863,0.4632,1.2300,0.2395,0.2162,0.0190,0.6304,0.7405,0.6250,0.6129,0.6374,0.7482,0.3515,0.6288,0.7093,0.6729,0.0133,0.0114,0.0142,0.0224,0.0246,0.0009,0.0561,0.0013,0.0108,0.0235,0.9795,0.9788,0.9901,0.9783,0.9801,1.0000,0.9704,1.0000,0.9736,1.0000,52.10,187.96,78.40,52.19,61.25,10.44,5.38,237.47,61.56,81.72,0.0000,0.0000,0.0000,0.0000,0.0000,0.0000,0.4585,0.0434,0.0000,0.0000,104304,74663,53998,54750,86225,66964,95775,572442,131417,91336,0,0,0,0,0,0,0,0,0,0,0.0000,0.0000,0.0000,0.0000,0.0000,0.0000,0.2990,0.2690,0.0000,0.0000,0,0,0,0,0,0,0,1,0,0,0,0,0,0,0,0,1,1,0,0,0.1297,0.0851,0.1326,0.0596,0.0953,0.0222,0.0865,0.1066,0.0134,0.1352,0.000,0.000,0.000,0.000,0.000,0.000,0.000,0.149,0.000,0.000,semi-presidential,parliamentary,parliamentary,parliamentary,parliamentary,semi-presidential,semi-presidential,junta,electoral-authoritarian,parliamentary,0.800,0.800,0.800,0.800,0.800,0.800,0.135,0.400,0.500,0.800,100.0,100.0,91.6,100.0,100.0,55.0,100.0,59.0,100.0,100.0
2028-08-01,1.0123,1.0135,0.9922,0.9848,1.1835,0.9980,0.9965,0.9952,1.0019,1.0105,1.0135,1.0048,1.0920,1.0437,1.0554,0.9850,1.2063,1.0571,0.9983,0.9967,1.0151,1.0179,1.0162,1.0051,3545.70,5205.70,4189.50,2608.86,2016.55,1182.46,196.94,2691.19,1821.83,538.73,1.1374,0.6462,1.0098,1.3880,0.9849,0.4602,1.2308,0.2445,0.2153,0.0044,0.6367,0.7405,0.6318,0.6289,0.6485,0.7513,0.3519,0.6346,0.6896,0.6957,0.0130,0.0111,0.0107,0.0168,0.0166,0.0001,0.0568,0.0011,0.0116,0.0086,0.9784,0.9778,0.9896,0.9771,0.9788,1.0000,0.9689,1.0000,0.9722,1.0000,52.81,187.18,77.10,53.18,62.48,10.22,5.53,243.97,62.56,81.34,0.0000,0.0000,0.0000,0.0000,0.0000,0.0000,0.4585,0.0433,0.0000,0.0000,104304,74663,53998,54750,86225,66964,95775,572442,131417,91336,0,0,0,0,0,0,0,0,0,0,0.0000,0.0000,0.0000,0.0000,0.0000,0.0000,0.3082,0.2782,0.0000,0.0000,0,0,0,0,0,0,0,1,0,0,0,0,0,0,0,0,1,1,0,0,0.1421,0.0908,0.1462,0.0655,0.1051,0.0230,0.0867,0.1141,0.0145,0.1346,0.000,0.000,0.000,0.000,0.000,0.000,0.000,0.145,0.000,0.000,semi-presidential,parliamentary,parliamentary,parliamentary,parliamentary,semi-presidential,semi-presidential,junta,electoral-authoritarian,parliamentary,0.800,0.800,0.800,0.800,0.800,0.800,0.144,0.400,0.500,0.800,100.0,100.0,93.9,100.0,100.0,58.2,100.0,61.2,100.0,100.0
2028-09-01,1.0103,1.0124,0.9946,0.9845,1.1800,0.9995,0.9950,0.9939,1.0010,1.0085,1.0107,1.0051,1.0892,1.0418,1.1558,1.0359,1.2030,1.0573,0.9967,0.9952,1.0136,1.0154,1.0124,1.0054,3550.10,5212.90,4196.16,2617.14,2020.59,1188.91,196.84,2703.02,1824.93,540.91,1.1360,0.6454,1.0084,1.3837,0.9829,0.4558,1.2313,0.2455,0.2150,-0.0101,0.6457,0.7480,0.6382,0.6348,0.6611,0.7511,0.3813,0.6529,0.6930,0.6990,0.0196,0.0160,0.0323,0.0262,0.0230,0.0001,0.0665,0.0010,0.0196,0.0101,0.9789,0.9783,0.9899,0.9777,0.9795,1.0000,0.9694,1.0000,0.9729,1.0000,53.17,184.26,77.01,52.70,61.03,10.18,5.45,241.28,61.82,80.96,0.0000,0.0000,0.0000,0.0000,0.0000,0.0000,0.4586,0.0433,0.0000,0.0000,104304,74663,53998,54750,86225,66964,95775,572442,131417,91336,0,0,0,0,0,0,0,0,0,0,0.0000,0.0000,0.0000,0.0000,0.0000,0.0000,0.3197,0.2897,0.0000,0.0000,0,0,0,0,0,0,0,1,0,0,0,0,0,0,0,0,1,1,0,0,0.1430,0.0902,0.1466,0.0655,0.1055,0.0228,0.0825,0.1183,0.0147,0.1351,0.000,0.000,0.000,0.000,0.000,0.000,0.000,0.139,0.000,0.000,semi-presidential,parliamentary,parliamentary,parliamentary,parliamentary,semi-presidential,semi-presidential,junta,electoral-authoritarian,parliamentary,0.800,0.800,0.800,0.800,0.800,0.800,0.155,0.400,0.500,0.800,100.0,100.0,96.2,100.0,100.0,61.3,100.0,63.9,100.0,100.0
2028-10-01,1.0088,1.0121,0.9966,0.9856,1.1731,1.0013,0.9952,0.9943,1.0014,1.0060,1.0090,1.0067,1.0884,1.0422,1.0730,1.0417,1.1956,1.0531,1.0181,1.0148,1.0337,1.0118,1.0106,1.0070,3562.46,5223.68,4221.19,2628.00,2028.45,1192.22,196.82,2713.25,1832.39,543.06,1.1343,0.6471,1.0027,1.3779,0.9791,0.4525,1.2313,0.2462,0.2142,-0.0246,0.6535,0.7544,0.6451,0.6378,0.6814,0.7511,0.4026,0.6272,0.6892,0.7077,0.0154,0.0149,0.0286,0.0248,0.0189,0.0000,0.0685,0.0021,0.0139,0.0113,0.9783,0.9778,0.9896,0.9771,0.9787,1.0000,0.9686,1.0000,0.9721,1.0000,53.53,181.21,75.18,53.86,60.72,10.24,5.32,243.92,62.27,80.80,0.0000,0.0000,0.0000,0.0000,0.0000,0.0000,0.4585,0.0434,0.0000,0.0000,104304,74663,53998,54750,86225,66964,95775,572442,131417,91336,0,0,0,0,0,0,0,0,0,0,0.0000,0.0000,0.0000,0.0000,0.0000,0.0000,0.2889,0.2989,0.0000,0.0000,0,0,0,0,0,0,0,1,0,0,0,0,0,0,0,0,1,1,0,0,0.1438,0.0900,0.1478,0.0664,0.1070,0.0228,0.0737,0.1186,0.0190,0.1369,0.000,0.000,0.000,0.000,0.000,0.000,0.000,0.138,0.000,0.000,semi-presidential,parliamentary,parliamentary,parliamentary,parliamentary,semi-presidential,semi-presidential,junta,electoral-authoritarian,parliamentary,0.800,0.800,0.800,0.800,0.800,0.800,0.134,0.400,0.500,0.800,100.0,100.0,98.6,100.0,100.0,64.5,100.0,66.1,100.0,100.0
2028-11-01,1.0083,1.0123,0.9982,0.9866,1.1589,0.9989,0.9962,0.9921,1.0016,1.0046,1.0083,1.0061,1.0888,1.0422,1.1149,1.0481,1.1829,1.0508,1.0328,0.9935,1.0141,1.0099,1.0118,1.0065,3579.25,5243.24,4230.35,2632.54,2036.73,1197.50,196.43,2715.33,1842.52,543.86,1.1292,0.6447,1.0008,1.3756,0.9752,0.4486,1.2338,0.2476,0.2131,-0.0391,0.6601,0.7469,0.6607,0.6417,0.6878,0.7530,0.4249,0.6734,0.6918,0.7105,0.0177,0.0167,0.0305,0.0279,0.0208,0.0000,0.0681,0.0012,0.0162,0.0106,0.9785,0.9779,0.9897,0.9773,0.9790,1.0000,0.9690,1.0000,0.9724,1.0000,54.00,181.82,75.17,54.19,61.39,10.11,5.34,245.81,62.42,80.84,0.0000,0.0000,0.0000,0.0000,0.0000,0.0000,0.4585,0.0434,0.0000,0.0000,104304,74663,53998,54750,86225,66964,95775,572442,131417,91336,0,0,0,0,0,0,0,0,0,0,0.0000,0.0000,0.0000,0.0000,0.0000,0.0000,0.2981,0.3081,0.0000,0.0000,0,0,0,0,0,0,0,1,0,0,0,0,0,0,0,0,1,1,0,0,0.1239,0.0804,0.1265,0.0568,0.0917,0.0205,0.0665,0.1161,0.0162,0.1371,0.000,0.000,0.000,0.000,0.000,0.000,0.000,0.139,0.000,0.000,semi-presidential,parliamentary,parliamentary,parliamentary,parliamentary,semi-presidential,semi-presidential,junta,electoral-authoritarian,parliamentary,0.800,0.800,0.800,0.800,0.800,0.800,0.144,0.400,0.500,0.800,100.0,100.0,100.0,100.0,100.0,67.6,100.0,68.3,100.0,100.0
2028-12-01,1.0096,1.0132,1.0019,0.9878,1.1429,0.9957,0.9969,0.9914,1.0009,1.0050,1.0094,1.0056,1.0984,1.0428,1.1988,1.0551,1.1682,1.0466,1.0194,0.9929,1.0131,1.0205,1.0479,1.0056,3589.33,5259.88,4238.06,2645.39,2054.02,1204.54,196.00,2736.67,1849.55,545.26,1.1262,0.6427,0.9991,1.3689,0.9721,0.4441,1.2365,0.2477,0.2124,-0.0536,0.6568,0.7481,0.6571,0.6365,0.6941,0.7488,0.3882,0.6794,0.7108,0.7085,0.0239,0.0196,0.0367,0.0332,0.0269,0.0000,0.0876,0.0013,0.0225,0.0127,0.9788,0.9782,0.9898,0.9775,0.9790,1.0000,0.9685,1.0000,0.9726,1.0000,55.29,182.96,75.38,55.44,63.37,10.06,5.42,253.61,63.70,80.95,0.0000,0.0000,0.0000,0.0000,0.0000,0.0000,0.4585,0.0430,0.0000,0.0000,104304,74663,53998,54750,86225,66964,95775,572442,131417,91336,0,0,0,0,0,0,0,0,0,0,0.0000,0.0000,0.0000,0.0000,0.0000,0.0000,0.3096,0.3196,0.0000,0.0000,0,0,0,0,0,0,0,1,0,0,0,0,0,0,0,0,1,1,0,0,0.1403,0.0881,0.1447,0.0647,0.1046,0.0209,0.0690,0.1196,0.0178,0.1365,0.000,0.000,0.000,0.000,0.000,0.000,0.000,0.140,0.000,0.000,semi-presidential,parliamentary,parliamentary,parliamentary,parliamentary,semi-presidential,semi-presidential,junta,electoral-authoritarian,parliamentary,0.800,0.800,0.800,0.800,0.800,0.800,0.155,0.400,0.500,0.800,100.0,100.0,100.0,100.0,100.0,70.7,100.0,71.2,100.0,100.0
2029-01-01,1.0121,1.0169,1.0038,0.9900,1.1248,0.9934,0.9962,0.9909,1.0015,1.0049,1.0105,1.0057,1.1033,1.1475,1.0419,1.0616,1.1480,1.0442,0.9977,1.0081,1.0137,1.0100,1.0370,1.0057,3607.21,5273.61,4248.16,2653.47,2060.01,1210.42,195.61,2758.71,1862.50,544.59,1.1208,0.6409,0.9970,1.3648,0.9693,0.4423,1.2391,0.2474,0.2110,-0.0731,0.6548,0.7408,0.6567,0.6289,0.6860,0.7378,0.3818,0.6651,0.6966,0.7056,0.0252,0.0268,0.0314,0.0381,0.0282,0.0087,0.0957,0.0012,0.0215,0.0098,0.8905,0.8987,0.9449,0.9023,0.8916,0.9382,0.9526,1.0000,0.9088,1.0000,55.66,180.76,73.52,56.75,63.24,10.04,5.36,256.72,64.65,80.80,0.0000,0.0000,0.0000,0.0000,0.0000,0.0000,0.4584,0.0435,0.0000,0.0000,104304,74663,53998,54750,86225,66964,95775,572442,131417,91336,0,0,0,0,0,0,0,0,0,0,0.0000,0.0000,0.0000,0.0000,0.0000,0.0000,0.3188,0.3288,0.0000,0.0000,0,0,0,0,0,0,0,1,0,0,0,0,0,0,0,0,1,1,0,0,0.1422,0.0881,0.1470,0.0657,0.1062,0.0205,0.0653,0.1191,0.0234,0.1382,0.000,0.000,0.000,0.000,0.000,0.000,0.000,0.141,0.000,0.000,semi-presidential,parliamentary,parliamentary,parliamentary,parliamentary,semi-presidential,semi-presidential,junta,electoral-authoritarian,parliamentary,0.800,0.800,0.800,0.800,0.800,0.800,0.164,0.400,0.500,0.800,100.0,100.0,100.0,100.0,100.0,74.9,100.0,73.5,100.0,95.9
2029-02-01,1.0121,1.0217,1.0040,0.9903,1.1079,0.9924,0.9931,0.9908,1.0008,1.0024,1.0130,1.0056,1.0920,1.1724,1.0421,1.0321,1.1324,1.0431,0.9951,0.9922,1.0282,1.0074,1.1190,1.0057,3621.24,5297.49,4268.66,2660.41,2069.68,1215.41,194.93,2767.55,1866.65,544.63,1.1164,0.6380,0.9924,1.3614,0.9649,0.4385,1.2435,0.2482,0.2106,-0.0877,0.6514,0.7386,0.6615,0.6307,0.6932,0.7362,0.3895,0.6460,0.6947,0.7065,0.0288,0.0245,0.0337,0.0303,0.0317,0.0105,0.0747,0.0022,0.0244,0.0124,0.8743,0.8834,0.9370,0.8870,0.8753,0.9247,0.9520,1.0000,0.8929,1.0000,54.30,187.49,77.88,54.28,63.20,10.04,5.32,250.70,64.42,81.36,0.0000,0.0000,0.0000,0.0000,0.0000,0.0000,0.4584,0.0435,0.0000,0.0000,104304,74663,53998,54750,86225,66964,95775,572442,131417,91336,0,0,0,0,0,0,0,0,0,0,0.0000,0.0000,0.0000,0.0000,0.0000,0.0000,0.3280,0.3380,0.0000,0.0000,0,0,0,0,0,0,0,1,0,0,0,0,0,0,0,0,1,1,0,0,0.1360,0.0873,0.1401,0.0628,0.1009,0.0256,0.0676,0.1161,0.0225,0.1350,0.000,0.000,0.000,0.000,0.000,0.000,0.000,0.141,0.000,0.000,semi-presidential,parliamentary,parliamentary,parliamentary,parliamentary,semi-presidential,semi-presidential,junta,electoral-authoritarian,parliamentary,0.800,0.800,0.800,0.800,0.800,0.800,0.174,0.400,0.500,0.800,100.0,100.0,100.0,100.0,100.0,77.9,100.0,75.8,100.0,98.7
2029-03-01,1.0136,1.0273,1.0045,0.9895,1.0944,0.9908,0.9908,0.9887,1.0018,0.9995,1.0151,1.0063,1.1495,1.1922,1.0424,0.9897,1.1188,1.0413,0.9926,0.9902,1.0553,1.0047,1.0173,1.0064,3624.86,5304.30,4283.53,2666.12,2078.34,1219.65,194.83,2775.71,1872.96,545.40,1.1151,0.6372,0.9891,1.3586,0.9609,0.4351,1.2442,0.2490,0.2100,-0.1022,0.6415,0.7264,0.6634,0.6350,0.6871,0.7398,0.4003,0.6330,0.7067,0.7053,0.0305,0.0277,0.0196,0.0321,0.0353,0.0142,0.0863,0.0027,0.0267,0.0090,0.8640,0.8734,0.9320,0.8769,0.8650,0.9157,0.9525,1.0000,0.8820,1.0000,54.75,188.93,76.80,54.81,65.22,9.85,5.47,257.26,65.60,80.49,0.0000,0.0000,0.0000,0.0000,0.0000,0.0000,0.4585,0.0433,0.0000,0.0000,104304,74663,53998,54750,86225,66964,95775,572442,131417,91336,0,0,0,0,0,0,0,0,0,0,0.0000,0.0000,0.0000,0.0000,0.0000,0.0000,0.3372,0.3472,0.0000,0.0000,0,0,0,0,0,0,0,1,0,0,0,0,0,0,0,0,1,1,0,0,0.1425,0.0911,0.1476,0.0665,0.1064,0.0266,0.0684,0.1212,0.0239,0.1353,0.000,0.000,0.000,0.000,0.000,0.000,0.000,0.142,0.000,0.000,semi-presidential,parliamentary,parliamentary,parliamentary,parliamentary,semi-presidential,semi-presidential,junta,electoral-authoritarian,parliamentary,0.800,0.800,0.800,0.800,0.800,0.800,0.183,0.400,0.500,0.800,100.0,30.0,100.0,100.0,100.0,81.0,100.0,77.9,100.0,100.0
2029-04-01,1.0165,1.0323,1.0038,0.9875,1.0790,0.9880,0.9912,0.9887,1.0016,0.9975,1.0154,1.0072,1.1587,1.1722,1.0418,0.9877,1.1013,1.0376,1.0405,1.0596,1.0147,1.0033,1.0394,1.0075,3641.97,5316.00,4288.89,2672.32,2082.56,1227.52,193.90,2787.97,1881.68,546.48,1.1098,0.6356,0.9881,1.3556,0.9590,0.4303,1.2503,0.2499,0.2091,-0.1167,0.6415,0.7350,0.6704,0.6446,0.6858,0.7352,0.3589,0.6273,0.7094,0.7044,0.0338,0.0254,0.0241,0.0293,0.0356,0.0121,0.0903,0.0022,0.0229,0.0156,0.8845,0.8932,0.9422,0.8968,0.8855,0.9335,0.9544,1.0000,0.9032,1.0000,55.26,189.74,77.08,55.47,65.57,9.97,5.47,259.33,66.27,81.43,0.0000,0.0000,0.0000,0.0000,0.0000,0.0000,0.4584,0.0434,0.0000,0.0000,104304,74663,53998,54750,86225,66964,95775,572442,131417,91336,0,0,0,0,0,0,0,0,0,0,0.0000,0.0000,0.0000,0.0000,0.0000,0.0000,0.3487,0.3587,0.0000,0.0000,0,0,0,0,0,0,0,1,0,0,0,0,0,0,0,0,1,1,0,0,0.1425,0.0913,0.1481,0.0669,0.1068,0.0268,0.0661,0.1216,0.0242,0.1361,0.000,0.000,0.000,0.000,0.000,0.000,0.000,0.143,0.000,0.000,semi-presidential,parliamentary,parliamentary,parliamentary,parliamentary,semi-presidential,semi-presidential,junta,electoral-authoritarian,parliamentary,0.800,0.800,0.800,0.800,0.800,0.800,0.194,0.400,0.500,0.800,100.0,33.1,100.0,100.0,100.0,84.1,100.0,80.5,100.0,100.0
2029-05-01,1.0168,1.0340,1.0041,0.9837,1.0660,0.9886,0.9906,0.9893,0.9998,0.9952,1.0138,1.0085,1.0984,1.0654,1.0423,0.9842,1.0887,1.0380,1.0086,1.0139,1.0126,1.0004,1.0159,1.0085,3655.34,5328.14,4283.57,2681.62,2090.12,1234.81,193.50,2792.32,1887.14,546.55,1.1059,0.6341,0.9895,1.3509,0.9556,0.4259,1.2530,0.2511,0.2086,-0.1314,0.6441,0.7458,0.6783,0.6479,0.6903,0.7495,0.3558,0.6536,0.7095,0.7022,0.0130,0.0103,0.0111,0.0152,0.0161,0.0000,0.0594,0.0014,0.0110,0.0100,0.9776,0.9771,0.9893,0.9764,0.9779,1.0000,0.9704,1.0000,0.9714,1.0000,55.23,190.62,77.30,55.43,65.16,10.15,5.30,257.70,65.98,83.13,0.0000,0.0000,0.0000,0.0000,0.0000,0.0000,0.4584,0.0435,0.0000,0.0000,104304,74663,53998,54750,86225,66964,95775,572442,131417,91336,0,0,0,0,0,0,0,0,0,0,0.0000,0.0000,0.0000,0.0000,0.0000,0.0000,0.3579,0.3679,0.0000,0.0000,0,0,0,0,0,0,0,1,0,0,0,0,0,0,0,0,1,1,0,0,0.1436,0.0923,0.1493,0.0679,0.1079,0.0283,0.0736,0.1207,0.0253,0.1365,0.000,0.000,0.000,0.000,0.000,0.000,0.000,0.142,0.000,0.000,semi-presidential,parliamentary,parliamentary,parliamentary,parliamentary,semi-presidential,semi-presidential,junta,electoral-authoritarian,parliamentary,0.800,0.800,0.800,0.800,0.800,0.800,0.203,0.400,0.500,0.800,100.0,36.2,100.0,100.0,100.0,87.2,100.0,82.8,100.0,100.0
2029-06-01,1.0137,1.0322,1.0050,0.9825,1.0569,0.9914,0.9913,0.9905,0.9989,0.9936,1.0114,1.0074,1.0929,1.0615,1.1262,1.0233,1.0803,1.0643,1.0587,1.1104,1.0113,1.0336,1.0133,1.0075,3659.17,5344.88,4273.90,2683.23,2100.42,1239.33,193.31,2806.48,1896.84,546.99,1.1048,0.6321,0.9917,1.3502,0.9510,0.4224,1.2544,0.2517,0.2076,-0.1460,0.6523,0.7401,0.6884,0.6521,0.6998,0.7481,0.3829,0.6722,0.7182,0.6998,0.0250,0.0152,0.0370,0.0248,0.0260,0.0003,0.0762,0.0028,0.0154,0.0196,0.9791,0.9785,0.9900,0.9780,0.9797,1.0000,0.9717,1.0000,0.9733,1.0000,54.92,187.69,77.34,54.53,63.58,10.22,5.25,252.12,64.43,82.66,0.0000,0.0000,0.0000,0.0000,0.0000,0.0000,0.4576,0.0417,0.0000,0.0000,104304,74663,53998,54750,86225,66964,95775,572442,131417,91336,0,0,0,0,0,0,0,0,0,0,0.0000,0.0000,0.0000,0.0000,0.0000,0.0000,0.3694,0.3794,0.0000,0.0000,0,0,0,0,0,0,0,1,0,0,0,0,0,0,0,0,1,1,0,0,0.1288,0.0838,0.1320,0.0597,0.0955,0.0260,0.0714,0.1163,0.0222,0.1370,0.000,0.000,0.000,0.000,0.000,0.000,0.000,0.143,0.000,0.000,semi-presidential,parliamentary,parliamentary,parliamentary,parliamentary,semi-presidential,semi-presidential,junta,electoral-authoritarian,parliamentary,0.800,0.800,0.800,0.800,0.800,0.800,0.215,0.400,0.500,0.800,100.0,39.4,100.0,100.0,100.0,90.4,100.0,85.7,100.0,100.0
2029-07-01,1.0112,1.0302,1.0071,0.9832,1.0504,0.9931,0.9931,0.9942,0.9985,0.9955,1.0080,1.0050,1.0855,1.0588,1.1201,1.0271,1.0721,1.0417,1.0265,1.0920,1.0100,1.0516,1.0099,1.0052,3661.51,5347.17,4271.29,2685.14,2103.55,1244.54,193.17,2806.57,1906.63,548.01,1.1062,0.6318,0.9924,1.3493,0.9497,0.4187,1.2554,0.2533,0.2066,-0.1604,0.6441,0.7161,0.6460,0.6374,0.6858,0.7573,0.3399,0.6657,0.7349,0.6972,0.0215,0.0147,0.0333,0.0252,0.0232,0.0000,0.0721,0.0022,0.0138,0.0166,0.9798,0.9792,0.9903,0.9787,0.9802,1.0000,0.9710,1.0000,0.9741,1.0000,54.62,184.37,75.41,54.96,62.48,10.57,5.15,250.57,64.24,82.38,0.0000,0.0000,0.0000,0.0000,0.0000,0.0000,0.4577,0.0410,0.0000,0.0000,104304,74663,53998,54750,86225,66964,95775,572442,131417,91336,0,0,0,0,0,0,0,0,0,0,0.0000,0.0000,0.0000,0.0000,0.0000,0.0000,0.3786,0.3886,0.0000,0.0000,0,0,0,0,0,0,0,1,0,0,0,0,0,0,0,0,1,1,0,0,0.1289,0.0877,0.1320,0.0589,0.0953,0.0252,0.0703,0.1150,0.0212,0.1376,0.000,0.000,0.000,0.000,0.000,0.000,0.000,0.145,0.000,0.000,semi-presidential,parliamentary,parliamentary,parliamentary,parliamentary,semi-presidential,semi-presidential,junta,electoral-authoritarian,parliamentary,0.830,0.832,0.800,0.800,0.800,0.800,0.224,0.400,0.500,0.800,100.0,31.7,100.0,100.0,100.0,93.5,100.0,88.0,100.0,100.0
2029-08-01,1.0075,1.0286,1.0055,0.9840,1.0418,0.9956,0.9929,0.9967,0.9990,0.9965,1.0054,1.0039,1.0852,1.0588,1.0438,1.0254,1.0642,1.1049,1.0124,1.0560,1.0267,1.0017,1.0069,1.0043,3672.24,5367.43,4268.30,2691.02,2114.69,1249.40,193.19,2813.73,1920.10,549.23,1.1031,0.6295,0.9932,1.3464,0.9447,0.4152,1.2555,0.2542,0.2053,-0.1747,0.6500,0.7227,0.6374,0.6294,0.6851,0.7578,0.3640,0.6551,0.7027,0.7034,0.0154,0.0140,0.0246,0.0222,0.0180,0.0007,0.0685,0.0022,0.0116,0.0127,0.9788,0.9781,0.9898,0.9776,0.9793,1.0000,0.9713,1.0000,0.9728,1.0000,54.39,188.19,77.57,53.89,63.03,10.87,5.20,249.22,64.74,82.79,0.0000,0.0000,0.0000,0.0000,0.0000,0.0000,0.4584,0.0435,0.0000,0.0000,104304,74663,53998,54750,86225,66964,95775,572442,131417,91336,0,0,0,0,0,0,0,0,0,0,0.0000,0.0000,0.0000,0.0000,0.0000,0.0000,0.3878,0.3978,0.0000,0.0000,0,0,0,0,0,0,0,1,0,0,0,0,0,0,0,0,1,1,0,0,0.1293,0.0887,0.1324,0.0588,0.0955,0.0252,0.0718,0.1126,0.0210,0.1378,0.000,0.000,0.000,0.000,0.000,0.000,0.000,0.146,0.000,0.000,semi-presidential,parliamentary,parliamentary,parliamentary,parliamentary,semi-presidential,semi-presidential,junta,electoral-authoritarian,parliamentary,0.820,0.822,0.800,0.800,0.800,0.800,0.233,0.400,0.500,0.800,100.0,34.7,100.0,100.0,100.0,96.7,100.0,90.2,100.0,100.0
2029-09-01,1.0052,1.0254,1.0038,0.9858,1.0349,0.9979,0.9934,0.9979,0.9988,0.9987,1.0033,1.0028,1.0810,1.0531,1.0400,1.0396,1.0578,1.0462,1.0600,1.0124,1.0101,1.0462,1.0048,1.0028,3676.29,5372.81,4261.98,2693.02,2117.45,1255.09,192.62,2819.46,1932.04,551.25,1.1020,0.6288,0.9947,1.3455,0.9436,0.4114,1.2594,0.2557,0.2041,-0.1910,0.6450,0.7233,0.6278,0.6355,0.6869,0.7566,0.3836,0.6264,0.7021,0.7071,0.0130,0.0143,0.0223,0.0253,0.0159,0.0000,0.0702,0.0016,0.0101,0.0112,0.9805,0.9798,0.9906,0.9794,0.9810,1.0000,0.9712,1.0000,0.9749,1.0000,55.35,184.89,75.34,55.75,63.51,11.03,5.22,254.02,65.31,82.34,0.0000,0.0000,0.0000,0.0000,0.0000,0.0000,0.4583,0.0413,0.0000,0.0000,104304,74663,53998,54750,86225,66964,95775,572442,131417,91336,0,0,0,0,0,0,0,0,0,0,0.0000,0.0000,0.0000,0.0000,0.0000,0.0000,0.3993,0.4093,0.0000,0.0000,0,0,0,0,0,0,0,1,0,0,0,0,0,0,0,0,1,1,0,0,0.1405,0.0931,0.1447,0.0637,0.1043,0.0256,0.0712,0.1151,0.0221,0.1384,0.000,0.000,0.000,0.000,0.000,0.000,0.000,0.148,0.000,0.000,semi-presidential,parliamentary,parliamentary,parliamentary,parliamentary,semi-presidential,semi-presidential,junta,electoral-authoritarian,parliamentary,0.810,0.812,0.800,0.800,0.800,0.800,0.245,0.400,0.500,0.800,100.0,37.7,100.0,100.0,100.0,99.9,100.0,93.0,100.0,100.0
2029-10-01,1.0047,1.0216,1.0015,0.9875,1.0276,0.9989,0.9943,0.9989,0.9992,1.0018,1.0001,1.0028,1.0827,1.0494,1.0372,1.0195,1.0493,1.0477,1.0265,1.0514,1.0153,1.0566,1.0021,1.0028,3681.24,5382.15,4264.75,2689.83,2122.35,1259.03,192.08,2821.79,1937.93,551.66,1.1006,0.6278,0.9942,1.3472,0.9413,0.4082,1.2630,0.2571,0.2036,-0.1977,0.6480,0.7276,0.6371,0.6330,0.6881,0.7576,0.3944,0.6265,0.6941,0.7086,0.0140,0.0111,0.0233,0.0182,0.0167,0.0000,0.0741,0.0020,0.0104,0.0125,0.9804,0.9798,0.9906,0.9793,0.9809,1.0000,0.9707,1.0000,0.9748,1.0000,56.27,189.30,77.81,55.76,65.44,11.07,5.33,259.87,66.50,82.56,0.0000,0.0000,0.0000,0.0000,0.0000,0.0000,0.4584,0.0407,0.0000,0.0000,104304,74663,53998,54750,86225,66964,95775,572442,131417,91336,0,0,0,0,0,0,0,0,0,0,0.0000,0.0000,0.0000,0.0000,0.0000,0.0000,0.4085,0.4185,0.0000,0.0000,0,0,0,0,0,0,0,1,0,0,0,0,0,0,0,0,1,1,0,0,0.1403,0.0938,0.1445,0.0636,0.1038,0.0257,0.0714,0.1166,0.0220,0.1361,0.000,0.000,0.000,0.000,0.000,0.000,0.000,0.148,0.000,0.000,semi-presidential,parliamentary,parliamentary,parliamentary,parliamentary,semi-presidential,semi-presidential,junta,electoral-authoritarian,parliamentary,0.800,0.803,0.800,0.800,0.800,0.800,0.254,0.400,0.500,0.800,100.0,40.7,100.0,100.0,100.0,100.0,100.0,95.1,100.0,100.0
2029-11-01,1.0065,1.0197,0.9997,0.9880,1.0227,0.9997,0.9962,1.0002,0.9977,1.0031,0.9962,1.0024,1.1830,1.0492,1.0377,1.0406,1.0443,1.0495,1.0320,1.0194,1.0171,1.0193,0.9977,1.0024,3687.70,5407.49,4273.66,2706.08,2134.49,1265.09,191.60,2831.43,1947.57,552.65,1.0987,0.6248,0.9923,1.3392,0.9359,0.4044,1.2662,0.2578,0.2027,-0.2119,0.6508,0.7390,0.6451,0.6387,0.6878,0.7580,0.3812,0.6159,0.7186,0.7084,0.0193,0.0201,0.0252,0.0307,0.0226,0.0047,0.0947,0.0017,0.0145,0.0105,0.9789,0.9783,0.9899,0.9778,0.9794,1.0000,0.9700,1.0000,0.9730,1.0000,55.24,188.02,77.34,55.59,64.77,11.09,5.36,256.60,66.25,81.37,0.0000,0.0000,0.0000,0.0000,0.0000,0.0000,0.4587,0.0431,0.0000,0.0000,104304,74663,53998,54750,86225,66964,95775,572442,131417,91336,0,0,0,0,0,0,0,0,0,0,0.0000,0.0000,0.0000,0.0000,0.0000,0.0000,0.4177,0.4277,0.0000,0.0000,0,0,0,0,0,0,0,1,0,0,0,0,0,0,0,0,1,1,0,0,0.1394,0.0930,0.1433,0.0630,0.1034,0.0295,0.0745,0.1226,0.0218,0.1383,0.000,0.000,0.000,0.000,0.000,0.000,0.000,0.145,0.000,0.000,semi-presidential,parliamentary,parliamentary,parliamentary,parliamentary,semi-presidential,semi-presidential,junta,electoral-authoritarian,parliamentary,0.800,0.800,0.800,0.800,0.800,0.800,0.263,0.400,0.500,0.800,100.0,43.8,100.0,100.0,100.0,100.0,100.0,97.2,100.0,100.0
2029-12-01,1.0097,1.0179,0.9984,0.9925,1.0214,0.9990,0.9960,1.0002,0.9981,1.0036,0.9925,1.0022,1.1537,1.0470,1.0359,1.0526,1.0433,1.0485,0.9978,1.0016,1.0096,1.0169,0.9945,1.0022,3693.24,5414.94,4283.67,2710.72,2139.70,1270.09,191.43,2838.70,1955.98,552.69,1.0972,0.6240,0.9900,1.3370,0.9337,0.4009,1.2672,0.2592,0.2019,-0.2265,0.6509,0.7334,0.6480,0.6328,0.6914,0.7628,0.3397,0.6289,0.7202,0.7174,0.0150,0.0194,0.0214,0.0311,0.0189,0.0030,0.0895,0.0010,0.0128,0.0078,0.9790,0.9784,0.9899,0.9778,0.9795,1.0000,0.9718,1.0000,0.9731,1.0000,55.94,187.50,76.81,56.39,65.24,11.20,5.33,259.70,66.74,81.75,0.0000,0.0000,0.0000,0.0000,0.0000,0.0000,0.4584,0.0430,0.0000,0.0000,104304,74663,53998,54750,86225,66964,95775,572442,131417,91336,0,0,0,0,0,0,0,0,0,0,0.0000,0.0000,0.0000,0.0000,0.0000,0.0000,0.4292,0.4392,0.0000,0.0000,0,0,0,0,0,0,0,1,0,0,0,0,0,0,0,0,1,1,0,0,0.1401,0.0929,0.1439,0.0632,0.1038,0.0298,0.0796,0.1225,0.0221,0.1385,0.000,0.000,0.000,0.000,0.000,0.000,0.000,0.146,0.000,0.000,semi-presidential,parliamentary,parliamentary,parliamentary,parliamentary,semi-presidential,semi-presidential,junta,electoral-authoritarian,parliamentary,0.800,0.800,0.800,0.800,0.800,0.800,0.275,0.400,0.500,0.800,100.0,46.9,100.0,100.0,100.0,100.0,100.0,99.8,100.0,100.0
2030-01-01,1.0117,1.0162,0.9960,0.9972,1.0197,1.0011,0.9935,0.9992,0.9999,1.0035,0.9871,1.0015,1.0952,1.0457,1.0342,1.0537,1.0411,1.1289,0.9961,1.0005,1.0896,1.0092,0.9892,1.0017,3705.43,5429.33,4293.28,2717.47,2144.34,1278.35,191.21,2845.47,1965.00,553.78,1.0937,0.6224,0.9880,1.3335,0.9317,0.3964,1.2685,0.2602,0.2011,-0.2406,0.6516,0.7370,0.6514,0.6325,0.6904,0.7632,0.3428,0.6320,0.7029,0.7146,0.0126,0.0172,0.0215,0.0298,0.0182,0.0010,0.0699,0.0040,0.0139,0.0099,0.9789,0.9782,0.9898,0.9777,0.9794,1.0000,0.9721,1.0000,0.9729,1.0000,56.86,188.69,76.76,56.80,65.74,11.21,5.32,262.64,67.45,82.80,0.0000,0.0000,0.0000,0.0000,0.0000,0.0000,0.4585,0.0434,0.0000,0.0000,104304,74663,53998,54750,86225,66964,95775,572442,131417,91336,0,0,0,0,0,0,0,0,0,0,0.0000,0.0000,0.0000,0.0000,0.0000,0.0000,0.4384,0.4484,0.0000,0.0000,0,0,0,0,0,0,0,1,0,0,0,0,0,0,0,0,1,1,0,0,0.1315,0.0882,0.1344,0.0589,0.0970,0.0282,0.0758,0.1205,0.0205,0.1386,0.000,0.000,0.000,0.000,0.000,0.000,0.000,0.147,0.000,0.000,semi-presidential,parliamentary,parliamentary,parliamentary,parliamentary,semi-presidential,semi-presidential,junta,electoral-authoritarian,parliamentary,0.800,0.800,0.800,0.800,0.800,0.800,0.284,0.400,0.500,0.800,100.0,50.0,100.0,100.0,100.0,100.0,100.0,100.0,100.0,100.0
2030-02-01,1.0119,1.0138,0.9947,1.0013,1.0149,1.0055,0.9959,0.9970,1.0029,1.0031,0.9828,1.0000,1.0928,1.0430,1.0330,1.0498,1.0372,1.1273,1.0708,0.9984,1.1029,1.0094,0.9844,1.0001,3717.55,5434.95,4295.92,2714.25,2153.41,1282.29,191.16,2857.71,1968.73,552.40,1.0902,0.6217,0.9895,1.3350,0.9279,0.3934,1.2688,0.2611,0.2008,-0.2559,0.6515,0.7264,0.6498,0.6164,0.6851,0.7579,0.3515,0.6404,0.6991,0.7177,0.0146,0.0158,0.0238,0.0273,0.0197,0.0009,0.0702,0.0049,0.0143,0.0131,0.9788,0.9781,0.9896,0.9776,0.9794,1.0000,0.9719,1.0000,0.9728,1.0000,56.32,189.49,77.09,55.77,65.25,11.06,5.31,259.85,67.37,82.66,0.0000,0.0000,0.0000,0.0000,0.0000,0.0000,0.4585,0.0433,0.0000,0.0000,104304,74663,53998,54750,86225,66964,95775,572442,131417,91336,0,0,0,0,0,0,0,0,0,0,0.0000,0.0000,0.0000,0.0000,0.0000,0.0000,0.4499,0.4599,0.0000,0.0000,0,0,0,0,0,0,0,1,0,0,0,0,0,0,0,0,1,1,0,0,0.1381,0.0917,0.1425,0.0618,0.1025,0.0276,0.0697,0.1185,0.0205,0.1386,0.000,0.000,0.000,0.000,0.000,0.000,0.000,0.149,0.000,0.000,semi-presidential,parliamentary,parliamentary,parliamentary,parliamentary,semi-presidential,semi-presidential,junta,electoral-authoritarian,parliamentary,0.800,0.800,0.800,0.800,0.800,0.800,0.295,0.400,0.500,0.800,100.0,53.0,100.0,100.0,100.0,100.0,100.0,100.0,100.0,100.0
2030-03-01,1.0093,1.0109,0.9952,1.0039,1.0073,1.0091,0.9973,0.9962,1.0055,1.0028,0.9801,0.9978,1.0868,1.0395,1.1151,1.0548,1.0301,1.1460,1.0242,1.0129,1.0552,1.0087,0.9815,0.9980,3717.55,5443.91,4304.60,2720.44,2158.05,1284.91,190.82,2856.46,1976.55,552.91,1.0902,0.6207,0.9878,1.3321,0.9259,0.3907,1.2711,0.2628,0.2001,-0.2702,0.6515,0.7270,0.6450,0.6142,0.6885,0.7639,0.3486,0.6283,0.6832,0.7232,0.0196,0.0194,0.0277,0.0327,0.0233,0.0011,0.0643,0.0027,0.0155,0.0121,0.9793,0.9786,0.9898,0.9781,0.9799,1.0000,0.9722,1.0000,0.9734,1.0000,55.35,187.12,75.84,54.76,63.65,11.06,5.18,252.71,66.15,82.52,0.0000,0.0000,0.0000,0.0000,0.0000,0.0000,0.4585,0.0433,0.0000,0.0000,104304,74663,53998,54750,86225,66964,95775,572442,131417,91336,0,0,0,0,0,0,0,0,0,0,0.0000,0.0000,0.0000,0.0000,0.0000,0.0000,0.4591,0.4691,0.0000,0.0000,0,0,0,0,0,0,0,1,0,0,0,0,0,0,0,0,1,1,0,0,0.1123,0.0775,0.1140,0.0489,0.0819,0.0231,0.0623,0.1120,0.0155,0.1384,0.000,0.000,0.000,0.000,0.000,0.000,0.000,0.151,0.000,0.000,semi-presidential,parliamentary,parliamentary,parliamentary,parliamentary,semi-presidential,semi-presidential,junta,electoral-authoritarian,parliamentary,0.800,0.800,0.800,0.800,0.800,0.800,0.305,0.400,0.500,0.800,100.0,56.0,100.0,100.0,100.0,100.0,100.0,100.0,100.0,100.0
2030-04-01,1.0048,1.0072,0.9963,1.0075,0.9976,1.0136,0.9978,0.9959,1.0069,1.0049,0.9769,0.9964,1.0768,1.0341,1.0614,1.0590,1.0189,1.1320,1.0168,0.9972,1.0931,1.0455,0.9786,0.9966,3703.63,5457.11,4298.60,2726.08,2160.12,1289.80,189.80,2867.39,1983.67,555.49,1.0942,0.6191,0.9896,1.3286,0.9252,0.3910,1.2820,0.2635,0.1995,-0.2835,0.6235,0.7276,0.6311,0.6082,0.6844,0.7781,0.3665,0.6155,0.6771,0.7200,0.0139,0.0164,0.0227,0.0293,0.0191,0.0008,0.0639,0.0041,0.0138,0.0109,0.9810,0.9803,0.9906,0.9799,0.9817,1.0000,0.9725,1.0000,0.9755,1.0000,54.38,187.34,75.40,54.20,62.70,11.12,5.08,248.59,65.92,82.71,0.0000,0.0000,0.0000,0.0000,0.0000,0.0000,0.4579,0.0412,0.0000,0.0000,104304,74663,53998,54750,86225,66964,95775,572442,131417,91336,0,0,0,0,0,0,0,0,0,0,0.0000,0.0000,0.0000,0.0000,0.0000,0.0000,0.4683,0.4783,0.0000,0.0000,0,0,0,0,0,0,0,1,0,0,0,0,0,0,0,0,1,1,0,0,0.1235,0.0828,0.1261,0.0536,0.0902,0.0237,0.0652,0.1103,0.0165,0.1381,0.000,0.000,0.000,0.000,0.000,0.000,0.000,0.152,0.000,0.000,semi-presidential,parliamentary,parliamentary,parliamentary,parliamentary,semi-presidential,semi-presidential,junta,electoral-authoritarian,parliamentary,0.800,0.800,0.800,0.800,0.800,0.800,0.314,0.400,0.500,0.800,100.0,59.1,100.0,96.5,100.0,95.9,97.2,100.0,100.0,100.0
2030-05-01,1.0005,1.0016,0.9981,1.0104,0.9891,1.0157,0.9971,0.9963,1.0067,1.0053,0.9747,0.9964,1.0765,1.0294,1.1068,1.0653,1.0110,1.0662,0.9987,1.0261,1.0188,1.0119,0.9759,0.9965,3707.05,5469.52,4311.15,2731.24,2165.21,1293.69,189.24,2870.20,1991.23,555.54,1.0963,0.6178,0.9870,1.3263,0.9232,0.3880,1.2859,0.2649,0.1988,-0.2980,0.6237,0.7360,0.6379,0.6074,0.6723,0.7714,0.3667,0.6092,0.6764,0.7209,0.0169,0.0175,0.0242,0.0313,0.0201,0.0000,0.0621,0.0013,0.0129,0.0108,0.9805,0.9797,0.9904,0.9794,0.9813,1.0000,0.9724,1.0000,0.9749,1.0000,54.77,186.59,75.28,54.57,63.21,11.13,5.18,250.41,65.75,82.18,0.0000,0.0000,0.0000,0.0000,0.0000,0.0000,0.4586,0.0432,0.0000,0.0000,104304,74663,53998,54750,86225,66964,95775,572442,131417,91336,0,0,0,0,0,0,0,0,0,0,0.0000,0.0000,0.0000,0.0000,0.0000,0.0000,0.4775,0.4875,0.0000,0.0000,0,0,0,0,0,0,0,1,0,0,0,0,0,0,0,0,1,1,0,0,0.1354,0.0885,0.1394,0.0591,0.0997,0.0251,0.0688,0.1127,0.0178,0.1373,0.000,0.000,0.000,0.000,0.000,0.000,0.000,0.153,0.000,0.000,semi-presidential,parliamentary,parliamentary,parliamentary,parliamentary,semi-presidential,semi-presidential,junta,electoral-authoritarian,parliamentary,0.800,0.800,0.800,0.800,0.800,0.800,0.323,0.400,0.500,0.800,100.0,62.1,100.0,99.8,100.0,99.1,99.4,100.0,100.0,100.0
2030-06-01,1.0389,1.0172,0.9995,1.0188,0.9829,1.0139,0.9968,0.9999,1.0081,1.0067,0.9752,0.9971,2.1075,1.4750,1.0953,1.1860,1.0049,1.0641,0.9993,1.1264,1.0525,1.0983,1.0241,0.9972,3710.73,5489.64,4318.34,2725.71,2169.28,1297.20,188.45,2886.16,1999.49,556.10,1.0953,0.6155,0.9857,1.3293,0.9216,0.3852,1.2914,0.2655,0.1981,-0.3121,0.5911,0.7417,0.6405,0.5331,0.6258,0.7027,0.3071,0.5936,0.6005,0.7161,0.1305,0.1313,0.0964,0.1559,0.1358,0.1033,0.1185,0.0036,0.1273,0.0192,0.6330,0.6517,0.8142,0.6535,0.6339,0.7144,0.9448,1.0000,0.6436,1.0000,39.42,148.48,58.97,43.14,46.18,8.45,4.40,178.23,49.65,57.12,0.0000,0.0000,0.0000,0.0000,0.0000,0.0000,0.4577,0.0404,0.0000,0.0000,104304,74663,53998,54750,86225,66964,95775,572442,131417,91336,0,0,0,0,0,0,0,0,0,0,0.0000,0.0000,0.0000,0.0000,0.0000,0.0000,0.4890,0.4990,0.0000,0.0000,0,0,0,0,0,0,0,1,0,0,0,0,0,0,0,0,1,1,0,0,0.1428,0.0855,0.1401,0.0657,0.0995,0.0245,0.0711,0.1245,0.0182,0.1418,0.000,0.000,0.000,0.000,0.000,0.000,0.000,0.155,0.000,0.000,semi-presidential,parliamentary,parliamentary,parliamentary,parliamentary,semi-presidential,semi-presidential,junta,electoral-authoritarian,parliamentary,0.800,0.800,0.800,0.800,0.800,0.800,0.335,0.400,0.500,0.800,100.0,65.2,100.0,100.0,100.0,100.0,100.0,100.0,100.0,100.0
2030-07-01,1.0864,1.0342,1.0002,1.0276,0.9766,1.0132,0.9968,1.0008,1.0087,1.0100,0.9761,0.9964,2.0763,1.3803,1.0362,1.1465,0.9974,1.0623,0.9981,1.0018,1.0217,1.0721,0.9772,0.9966,3726.90,5504.28,4315.19,2735.62,2170.19,1299.75,187.53,2895.17,2006.00,556.32,1.0907,0.6179,0.9866,1.3320,0.9214,0.3828,1.2979,0.2660,0.1975,-0.3258,0.5852,0.6743,0.6136,0.5218,0.6033,0.6792,0.3051,0.6080,0.5824,0.6886,0.0991,0.1061,0.0700,0.1231,0.1035,0.0833,0.1066,0.0011,0.0967,0.0076,0.7240,0.7392,0.8608,0.7414,0.7250,0.7930,0.9516,1.0000,0.7369,1.0000,43.77,162.27,65.46,46.84,51.46,9.66,4.66,199.35,54.87,64.27,0.0000,0.0000,0.0000,0.0000,0.0000,0.0000,0.4603,0.0410,0.0000,0.0000,104304,74663,53998,54750,86225,66964,95775,572442,131417,91336,0,0,0,0,0,0,0,0,0,0,0.0000,0.0000,0.0000,0.0000,0.0000,0.0000,0.4982,0.5082,0.0000,0.0000,0,0,0,0,0,0,0,1,0,0,0,0,0,0,0,0,1,1,0,0,0.1340,0.0829,0.1370,0.0612,0.0928,0.0241,0.0697,0.1277,0.0203,0.1468,0.000,0.000,0.000,0.000,0.000,0.000,0.000,0.158,0.000,0.000,semi-presidential,parliamentary,parliamentary,parliamentary,parliamentary,semi-presidential,semi-presidential,junta,electoral-authoritarian,parliamentary,0.800,0.800,0.800,0.800,0.800,0.800,0.344,0.400,0.500,0.800,100.0,68.1,100.0,100.0,100.0,100.0,100.0,100.0,100.0,100.0
2030-08-01,1.1196,1.0441,0.9982,1.0332,0.9713,1.0113,0.9977,1.0007,1.0095,1.0099,0.9744,0.9961,1.7838,1.2240,0.9990,1.0958,0.9722,1.0118,1.0447,1.0009,1.0097,1.0100,0.9746,0.9961,3729.29,5507.25,4308.47,2735.38,2168.50,1298.38,187.62,2898.45,2007.91,557.63,1.0901,0.6176,0.9880,1.3323,0.9223,0.3811,1.2974,0.2660,0.1975,-0.3373,0.5930,0.6437,0.6078,0.5428,0.6147,0.6163,0.3581,0.6202,0.6079,0.7190,0.0593,0.0613,0.0425,0.0674,0.0591,0.0516,0.0317,0.0003,0.0525,0.0019,0.8527,0.8633,0.9252,0.8671,0.8538,0.8870,0.9905,1.0000,0.8731,1.0000,53.00,187.29,75.98,53.74,61.94,11.22,7.24,243.20,64.84,75.45,0.0000,0.0000,0.0000,0.0000,0.0000,0.0000,0.0000,0.0000,0.0000,0.0000,104304,74663,53998,54750,86225,66964,95775,572442,131417,91336,0,0,0,0,0,0,0,0,0,0,0.0000,0.0000,0.0000,0.0000,0.0000,0.0000,0.4913,0.5036,0.0000,0.0000,0,0,0,0,0,0,0,0,0,0,0,0,0,0,0,0,0,0,0,0,0.1368,0.0868,0.1400,0.0624,0.0952,0.0248,0.0771,0.1338,0.0208,0.1527,0.000,0.000,0.000,0.000,0.000,0.000,0.000,0.146,0.000,0.000,semi-presidential,parliamentary,parliamentary,parliamentary,parliamentary,semi-presidential,semi-presidential,junta,electoral-authoritarian,parliamentary,0.800,0.800,0.800,0.800,0.800,0.800,0.351,0.400,0.500,0.800,100.0,69.9,100.0,100.0,100.0,100.0,100.0,100.0,100.0,100.0
2030-09-01,1.1385,1.0480,0.9979,1.0368,0.9660,1.0077,0.9981,0.9996,1.0080,1.0072,0.9736,0.9959,1.5767,1.1448,1.0561,1.0834,0.9662,1.0079,1.0126,1.0191,1.0079,1.0076,0.9741,0.9961,3727.46,5494.07,4318.65,2734.16,2177.53,1306.32,188.48,2911.51,2018.30,558.50,1.0908,0.6192,0.9855,1.3333,0.9186,0.3772,1.2926,0.2661,0.1966,-0.3523,0.6057,0.6573,0.6256,0.5630,0.6181,0.6496,0.4168,0.6356,0.6301,0.7333,0.0417,0.0404,0.0330,0.0463,0.0412,0.0314,0.0205,0.0002,0.0329,0.0030,0.9170,0.9251,0.9579,0.9294,0.9182,0.9413,0.9956,1.0000,0.9396,1.0000,57.27,195.00,78.49,58.02,66.94,11.49,7.06,266.53,70.19,81.88,0.0000,0.0000,0.0000,0.0000,0.0000,0.0000,0.0000,0.0000,0.0000,0.0000,104304,74663,53998,54750,86225,66964,95775,572442,131417,91336,0,0,0,0,0,0,0,0,0,0,0.0000,0.0000,0.0000,0.0000,0.0000,0.0000,0.4716,0.4839,0.0000,0.0000,0,0,0,0,0,0,0,0,0,0,0,0,0,0,0,0,0,0,0,0,0.1421,0.0894,0.1458,0.0649,0.0993,0.0252,0.0780,0.1375,0.0215,0.1546,0.000,0.000,0.000,0.000,0.000,0.000,0.000,0.128,0.000,0.000,semi-presidential,parliamentary,parliamentary,parliamentary,parliamentary,semi-presidential,semi-presidential,junta,electoral-authoritarian,parliamentary,0.800,0.800,0.800,0.800,0.800,0.800,0.360,0.400,0.500,0.800,100.0,72.6,100.0,100.0,100.0,100.0,100.0,100.0,100.0,100.0
2030-10-01,1.1492,1.0471,0.9978,1.0355,0.9612,1.0035,0.9977,0.9986,1.0077,1.0036,0.9729,0.9955,1.4250,1.0475,0.9979,1.0360,0.9614,1.0039,0.9977,0.9986,1.0078,1.0045,0.9731,0.9956,3738.53,5493.83,4332.37,2741.75,2182.14,1312.41,188.86,2921.68,2030.03,561.32,1.0879,0.6193,0.9823,1.3302,0.9198,0.3738,1.2919,0.2662,0.1955,-0.3662,0.6351,0.6767,0.6351,0.5739,0.6522,0.6839,0.5051,0.6588,0.6446,0.7536,0.0156,0.0150,0.0080,0.0139,0.0157,0.0143,0.0102,0.0000,0.0133,0.0000,1.0000,1.0000,1.0000,1.0000,1.0000,1.0000,1.0000,1.0000,1.0000,1.0000,60.51,206.96,84.45,61.44,72.50,12.23,7.15,284.64,74.74,86.72,0.0000,0.0000,0.0000,0.0000,0.0000,0.0000,0.0000,0.0000,0.0000,0.0000,104304,74663,53998,54750,86225,66964,95775,572442,131417,91336,0,0,0,0,0,0,0,0,0,0,0.0000,0.0000,0.0000,0.0000,0.0000,0.0000,0.4519,0.4642,0.0000,0.0000,0,0,0,0,0,0,0,0,0,0,0,0,0,0,0,0,0,0,0,0,0.1405,0.0910,0.1455,0.0658,0.1046,0.0255,0.0816,0.1370,0.0210,0.1512,0.000,0.000,0.000,0.000,0.000,0.000,0.000,0.110,0.000,0.000,semi-presidential,parliamentary,parliamentary,parliamentary,parliamentary,semi-presidential,semi-presidential,junta,electoral-authoritarian,parliamentary,0.800,0.800,0.800,0.800,0.800,0.800,0.370,0.400,0.500,0.800,100.0,75.3,100.0,100.0,100.0,100.0,100.0,100.0,100.0,100.0
2030-11-01,1.1510,1.0446,0.9978,1.0326,0.9605,0.9998,0.9981,0.9955,1.0068,1.0002,0.9723,0.9957,1.1510,1.0446,1.0515,1.0454,0.9605,1.0004,1.0014,0.9959,1.0070,1.0004,0.9723,0.9958,3753.32,5501.38,4337.09,2744.25,2189.13,1320.22,189.48,2936.27,2040.52,562.97,1.0838,0.6185,0.9812,1.3294,0.9170,0.3700,1.2905,0.2659,0.1946,-0.3808,0.6480,0.6958,0.6528,0.6085,0.6732,0.7156,0.5325,0.6541,0.6618,0.7636,0.0038,0.0018,0.0105,0.0037,0.0038,0.0000,0.0002,0.0000,0.0021,0.0010,1.0000,1.0000,1.0000,1.0000,1.0000,1.0000,1.0000,1.0000,1.0000,1.0000,65.31,212.64,86.52,64.64,76.90,12.39,7.10,306.02,78.58,91.48,0.0000,0.0000,0.0000,0.0000,0.0000,0.0000,0.0000,0.0000,0.0000,0.0000,104304,74663,53998,54750,86225,66964,95775,572442,131417,91336,0,0,0,0,0,0,0,0,0,0,0.0000,0.0000,0.0000,0.0000,0.0000,0.0000,0.4321,0.4444,0.0000,0.0000,0,0,0,0,0,0,0,0,0,0,0,0,0,0,0,0,0,0,0,0,0.1336,0.0873,0.1375,0.0659,0.0990,0.0249,0.0844,0.1363,0.0202,0.1517,0.000,0.000,0.000,0.000,0.000,0.000,0.000,0.087,0.000,0.000,semi-presidential,parliamentary,parliamentary,parliamentary,parliamentary,semi-presidential,semi-presidential,junta,electoral-authoritarian,parliamentary,0.800,0.800,0.800,0.800,0.800,0.800,0.380,0.400,0.500,0.800,100.0,78.2,100.0,100.0,100.0,100.0,100.0,100.0,100.0,100.0
2030-12-01,1.1495,1.0427,0.9990,1.0308,0.9609,0.9965,0.9985,0.9930,1.0031,0.9958,0.9733,0.9944,1.1496,1.0429,0.9990,1.0432,0.9771,0.9966,1.0048,0.9933,1.0042,0.9967,1.0043,0.9946,3769.98,5519.30,4324.64,2748.98,2190.66,1324.79,189.61,2943.08,2048.67,565.33,1.0792,0.6166,0.9840,1.3275,0.9162,0.3671,1.2931,0.2663,0.1939,-0.3949,0.6515,0.7145,0.6551,0.6355,0.6790,0.7263,0.5448,0.6774,0.6697,0.7703,0.0012,0.0000,0.0097,0.0030,0.0048,0.0000,0.0012,0.0002,0.0001,0.0065,1.0000,1.0000,1.0000,1.0000,1.0000,1.0000,1.0000,1.0000,1.0000,1.0000,65.15,211.83,85.28,64.31,76.58,12.07,6.94,306.34,78.72,91.38,0.0000,0.0000,0.0000,0.0000,0.0000,0.0000,0.0000,0.0000,0.0000,0.0000,104304,74663,53998,54750,86225,66964,95775,572442,131417,91336,0,0,0,0,0,0,0,0,0,0,0.0000,0.0000,0.0000,0.0000,0.0000,0.0000,0.4124,0.4247,0.0000,0.0000,0,0,0,0,0,0,0,0,0,0,0,0,0,0,0,0,0,0,0,0,0.1265,0.0831,0.1297,0.0616,0.0933,0.0234,0.0829,0.1354,0.0188,0.1519,0.000,0.000,0.000,0.000,0.000,0.000,0.000,0.068,0.000,0.000,semi-presidential,parliamentary,parliamentary,parliamentary,parliamentary,semi-presidential,semi-presidential,junta,electoral-authoritarian,parliamentary,0.800,0.800,0.800,0.800,0.800,0.800,0.390,0.400,0.500,0.800,100.0,81.1,100.0,100.0,100.0,100.0,100.0,100.0,100.0,100.0
2031-01-01,1.1439,1.0412,0.9997,1.0318,0.9633,0.9959,0.9996,0.9930,0.9988,0.9928,0.9768,0.9931,1.1451,1.0414,1.0316,1.0620,0.9849,1.0097,1.0536,1.0034,0.9991,0.9929,1.0950,0.9934,3769.79,5533.42,4319.80,2753.17,2198.23,1327.60,189.70,2962.90,2058.67,568.24,1.0795,0.6150,0.9852,1.3257,0.9130,0.3648,1.2968,0.2666,0.1931,-0.4085,0.6557,0.7198,0.6570,0.6478,0.6814,0.7449,0.5535,0.6600,0.6707,0.7746,0.0086,0.0036,0.0181,0.0129,0.0117,0.0002,0.0071,0.0009,0.0017,0.0157,1.0000,1.0000,1.0000,1.0000,1.0000,1.0000,1.0000,1.0000,1.0000,1.0000,64.94,208.71,82.66,64.22,75.83,12.20,6.84,303.88,78.62,93.78,0.0000,0.0000,0.0000,0.0000,0.0000,0.0000,0.0000,0.0000,0.0000,0.0000,104304,74663,53998,54750,86225,66964,95775,572442,131417,91336,0,0,0,0,0,0,0,0,0,0,0.0000,0.0000,0.0000,0.0000,0.0000,0.0000,0.3927,0.3853,0.0000,0.0000,0,0,0,0,0,0,0,0,0,0,0,0,0,0,0,0,0,0,0,0,0.1243,0.0805,0.1264,0.0591,0.0916,0.0226,0.0821,0.1294,0.0184,0.1548,0.000,0.000,0.000,0.000,0.000,0.000,0.000,0.050,0.000,0.000,semi-presidential,parliamentary,parliamentary,parliamentary,parliamentary,semi-presidential,semi-presidential,junta,electoral-authoritarian,parliamentary,0.800,0.800,0.800,0.800,0.800,0.800,0.400,0.400,0.500,0.800,100.0,84.1,100.0,100.0,100.0,93.1,100.0,100.0,100.0,100.0
2031-02-01,1.1378,1.0399,1.0000,1.0328,0.9659,0.9942,1.0005,0.9949,0.9951,0.9905,0.9808,0.9925,1.1381,1.0401,1.0000,1.0563,0.9843,0.9944,1.0551,1.0878,0.9955,0.9906,1.0391,0.9926,3773.20,5532.43,4315.12,2758.82,2198.41,1329.96,190.34,2981.76,2068.08,568.79,1.0787,0.6152,0.9864,1.3233,0.9131,0.3625,1.2959,0.2661,0.1923,-0.4238,0.6538,0.7307,0.6427,0.6490,0.6797,0.7488,0.5565,0.6652,0.6903,0.7747,0.0083,0.0013,0.0179,0.0080,0.0102,0.0000,0.0081,0.0013,0.0004,0.0173,1.0000,1.0000,1.0000,1.0000,1.0000,1.0000,1.0000,1.0000,1.0000,1.0000,64.56,208.65,83.35,63.42,75.36,12.29,6.91,301.20,78.02,92.86,0.0000,0.0000,0.0000,0.0000,0.0000,0.0000,0.0000,0.0000,0.0000,0.0000,104304,74663,53998,54750,86225,66964,95775,572442,131417,91336,0,0,0,0,0,0,0,0,0,0,0.0000,0.0000,0.0000,0.0000,0.0000,0.0000,0.3683,0.3656,0.0000,0.0000,0,0,0,0,0,0,0,0,0,0,0,0,0,0,0,0,0,0,0,0,0.1395,0.0875,0.1430,0.0665,0.1033,0.0237,0.0838,0.1298,0.0201,0.1541,0.000,0.000,0.000,0.000,0.000,0.000,0.000,0.028,0.000,0.000,semi-presidential,parliamentary,parliamentary,parliamentary,parliamentary,semi-presidential,semi-presidential,junta,electoral-authoritarian,parliamentary,0.800,0.800,0.800,0.800,0.800,0.800,0.412,0.400,0.500,0.800,100.0,90.1,100.0,100.0,100.0,96.2,100.0,100.0,100.0,100.0
2031-03-01,1.1323,1.0356,0.9987,1.0320,0.9676,0.9939,1.0003,0.9950,0.9932,0.9897,0.9819,0.9941,1.1329,1.0359,0.9988,1.0441,0.9788,0.9941,1.0005,0.9994,0.9934,0.9898,0.9819,0.9947,3791.09,5532.43,4324.28,2767.89,2207.33,1333.95,190.54,2981.76,2076.49,571.08,1.0738,0.6152,0.9844,1.3192,0.9095,0.3598,1.3006,0.2661,0.1916,-0.4376,0.6593,0.7307,0.6500,0.6575,0.6910,0.7509,0.5571,0.6652,0.6848,0.7686,0.0002,0.0000,0.0081,0.0021,0.0031,0.0000,0.0002,0.0000,0.0000,0.0038,1.0000,1.0000,1.0000,1.0000,1.0000,1.0000,1.0000,1.0000,1.0000,1.0000,63.56,209.68,85.51,63.40,75.09,12.46,7.01,294.55,77.25,94.45,0.0000,0.0000,0.0000,0.0000,0.0000,0.0000,0.0000,0.0000,0.0000,0.0000,104304,74663,53998,54750,86225,66964,95775,572442,131417,91336,0,0,0,0,0,0,0,0,0,0,0.0000,0.0000,0.0000,0.0000,0.0000,0.0000,0.3486,0.3656,0.0000,0.0000,0,0,0,0,0,0,0,0,0,0,0,0,0,0,0,0,0,0,0,0,0.1394,0.0892,0.1441,0.0684,0.1034,0.0242,0.0848,0.1233,0.0202,0.1495,0.000,0.000,0.000,0.000,0.000,0.000,0.000,0.011,0.000,0.000,semi-presidential,parliamentary,parliamentary,parliamentary,parliamentary,semi-presidential,semi-presidential,junta,electoral-authoritarian,parliamentary,0.800,0.800,0.800,0.800,0.800,0.800,0.422,0.400,0.500,0.800,100.0,90.1,100.0,100.0,100.0,99.4,100.0,100.0,100.0,100.0
2031-04-01,1.1221,1.0323,0.9936,1.0297,0.9714,0.9922,1.0008,0.9936,0.9927,0.9880,0.9832,0.9977,1.1240,1.0324,0.9943,1.0423,1.0016,0.9924,1.0328,1.0166,0.9928,0.9883,1.0457,0.9980,3799.84,5541.29,4338.75,2781.71,2219.49,1336.13,191.40,3000.21,2091.77,572.32,1.0715,0.6143,0.9812,1.3129,0.9046,0.3577,1.3011,0.2667,0.1903,-0.4522,0.6645,0.7336,0.6623,0.6685,0.6977,0.7429,0.5877,0.6448,0.6805,0.7724,0.0042,0.0000,0.0146,0.0056,0.0100,0.0000,0.0041,0.0006,0.0002,0.0164,1.0000,1.0000,1.0000,1.0000,1.0000,1.0000,1.0000,1.0000,1.0000,1.0000,62.64,208.51,84.80,62.91,73.87,12.22,6.95,292.02,77.37,93.93,0.0000,0.0000,0.0000,0.0000,0.0000,0.0000,0.0000,0.0000,0.0000,0.0000,104304,74663,53998,54750,86225,66964,95775,572442,131417,91336,0,0,0,0,0,0,0,0,0,0,0.0000,0.0000,0.0000,0.0000,0.0000,0.0000,0.3289,0.3262,0.0000,0.0000,0,0,0,0,0,0,0,0,0,0,0,0,0,0,0,0,0,0,0,0,0.1422,0.0913,0.1467,0.0705,0.1059,0.0262,0.0870,0.1230,0.0223,0.1489,0.000,0.000,0.000,0.000,0.000,0.000,0.000,0.005,0.000,0.000,semi-presidential,parliamentary,parliamentary,parliamentary,parliamentary,semi-presidential,semi-presidential,junta,electoral-authoritarian,parliamentary,0.800,0.800,0.800,0.800,0.800,0.800,0.432,0.400,0.500,0.800,100.0,93.2,100.0,100.0,100.0,100.0,100.0,100.0,100.0,100.0
2031-05-01,1.1070,1.0317,0.9899,1.0260,0.9752,0.9906,1.0008,0.9937,0.9918,0.9877,0.9855,0.9994,1.1070,1.0318,0.9906,1.0384,1.0016,0.9909,1.0008,1.0080,0.9951,0.9878,1.0020,0.9998,3816.91,5546.09,4341.30,2783.91,2234.70,1344.25,191.79,3003.65,2099.87,574.64,1.0668,0.6136,0.9807,1.3120,0.8985,0.3539,1.3049,0.2676,0.1897,-0.4657,0.6676,0.7303,0.6714,0.6797,0.7056,0.7483,0.5828,0.6499,0.6978,0.7596,0.0013,0.0000,0.0106,0.0050,0.0073,0.0000,0.0013,0.0003,0.0002,0.0108,1.0000,1.0000,1.0000,1.0000,1.0000,1.0000,1.0000,1.0000,1.0000,1.0000,61.25,206.35,84.10,61.56,72.04,12.25,6.98,283.70,76.06,93.28,0.0000,0.0000,0.0000,0.0000,0.0000,0.0000,0.0000,0.0000,0.0000,0.0000,104304,74663,53998,54750,86225,66964,95775,572442,131417,91336,0,0,0,0,0,0,0,0,0,0,0.0000,0.0000,0.0000,0.0000,0.0000,0.0000,0.3091,0.3065,0.0000,0.0000,0,0,0,0,0,0,0,0,0,0,0,0,0,0,0,0,0,0,0,0,0.1437,0.0929,0.1487,0.0722,0.1118,0.0276,0.0887,0.1219,0.0236,0.1463,0.000,0.000,0.000,0.000,0.000,0.000,0.000,0.005,0.000,0.000,semi-presidential,parliamentary,parliamentary,parliamentary,parliamentary,semi-presidential,semi-presidential,junta,electoral-authoritarian,parliamentary,0.800,0.800,0.800,0.800,0.800,0.800,0.442,0.400,0.500,0.800,100.0,96.2,100.0,100.0,100.0,100.0,100.0,100.0,100.0,100.0
2031-06-01,1.0918,1.0313,0.9871,1.0228,0.9782,0.9885,1.0005,0.9957,0.9941,0.9879,0.9870,1.0004,1.0934,1.0313,0.9872,1.0231,0.9983,0.9885,1.0178,1.0468,1.0515,0.9931,1.0237,1.0005,3837.25,5566.76,4341.13,2797.78,2250.37,1353.01,192.54,3015.83,2107.23,575.40,1.0610,0.6113,0.9808,1.3064,0.8924,0.3500,1.3067,0.2679,0.1891,-0.4804,0.6646,0.7362,0.6782,0.6822,0.7167,0.7456,0.5873,0.6423,0.6965,0.7504,0.0043,0.0000,0.0078,0.0043,0.0094,0.0000,0.0065,0.0029,0.0022,0.0139,1.0000,1.0000,1.0000,1.0000,1.0000,1.0000,1.0000,1.0000,1.0000,1.0000,60.51,207.29,84.85,61.19,71.69,12.48,7.03,280.02,75.63,92.62,0.0000,0.0000,0.0000,0.0000,0.0000,0.0000,0.0000,0.0000,0.0000,0.0000,104304,74663,53998,54750,86225,66964,95775,572442,131417,91336,0,0,0,0,0,0,0,0,0,0,0.0000,0.0000,0.0000,0.0000,0.0000,0.0000,0.2894,0.2867,0.0000,0.0000,0,0,0,0,0,0,0,0,0,0,0,0,0,0,0,0,0,0,0,0,0.1446,0.0940,0.1495,0.0731,0.1126,0.0284,0.0895,0.1210,0.0243,0.1445,0.000,0.000,0.000,0.000,0.000,0.000,0.000,0.004,0.000,0.000,semi-presidential,parliamentary,parliamentary,parliamentary,parliamentary,semi-presidential,semi-presidential,junta,electoral-authoritarian,parliamentary,0.800,0.800,0.800,0.800,0.800,0.800,0.452,0.400,0.500,0.800,100.0,100.0,100.0,100.0,100.0,100.0,100.0,100.0,100.0,100.0
2031-07-01,1.0776,1.0305,0.9863,1.0186,0.9796,0.9867,1.0023,0.9980,0.9958,0.9880,0.9897,1.0006,1.0798,1.0306,0.9864,1.0192,0.9882,0.9867,1.0206,1.0347,1.0864,0.9882,1.1117,1.0007,3847.38,5593.50,4342.06,2809.47,2276.26,1360.65,193.48,3022.59,2121.50,576.81,1.0580,0.6085,0.9807,1.3007,0.8825,0.3537,1.3072,0.2686,0.1880,-0.4945,0.6630,0.7416,0.6861,0.6817,0.7281,0.7651,0.5718,0.6280,0.7064,0.7401,0.0064,0.0000,0.0092,0.0025,0.0091,0.0000,0.0100,0.0045,0.0034,0.0137,1.0000,1.0000,1.0000,1.0000,1.0000,1.0000,1.0000,1.0000,1.0000,1.0000,60.89,209.30,85.26,62.80,73.71,12.82,7.20,283.58,76.77,92.98,0.0000,0.0000,0.0000,0.0000,0.0000,0.0000,0.0000,0.0000,0.0000,0.0000,104304,74663,53998,54750,86225,66964,95775,572442,131417,91336,0,0,0,0,0,0,0,0,0,0,0.0000,0.0000,0.0000,0.0000,0.0000,0.0000,0.2697,0.2670,0.0000,0.0000,0,0,0,0,0,0,0,0,0,0,0,0,0,0,0,0,0,0,0,0,0.1446,0.0942,0.1496,0.0738,0.1123,0.0288,0.0897,0.1222,0.0244,0.1440,0.000,0.000,0.000,0.000,0.000,0.000,0.000,0.004,0.000,0.000,semi-presidential,parliamentary,parliamentary,parliamentary,parliamentary,semi-presidential,semi-presidential,junta,electoral-authoritarian,parliamentary,0.800,0.800,0.800,0.800,0.800,0.800,0.461,0.400,0.500,0.800,100.0,100.0,100.0,100.0,100.0,100.0,100.0,100.0,100.0,100.0
2031-08-01,1.0659,1.0289,0.9855,1.0137,0.9792,0.9850,1.0032,1.0005,0.9972,0.9859,0.9927,1.0003,1.0662,1.0290,0.9855,1.0147,0.9795,0.9854,1.0606,1.0845,1.0302,0.9862,1.0563,1.0004,3865.52,5598.09,4359.03,2817.06,2285.82,1368.63,193.41,3029.85,2129.48,578.54,1.0599,0.6081,0.9770,1.2969,0.8789,0.3499,1.3148,0.2694,0.1874,-0.5081,0.6674,0.7455,0.6883,0.6880,0.7365,0.7648,0.5913,0.6380,0.7073,0.7323,0.0081,0.0000,0.0096,0.0004,0.0065,0.0000,0.0093,0.0025,0.0015,0.0122,1.0000,1.0000,1.0000,1.0000,1.0000,1.0000,1.0000,1.0000,1.0000,1.0000,61.48,211.24,86.84,63.41,75.02,13.15,7.22,286.24,76.96,92.71,0.0000,0.0000,0.0000,0.0000,0.0000,0.0000,0.0000,0.0000,0.0000,0.0000,104304,74663,53998,54750,86225,66964,95775,572442,131417,91336,0,0,0,0,0,0,0,0,0,0,0.0000,0.0000,0.0000,0.0000,0.0000,0.0000,0.2500,0.2473,0.0000,0.0000,0,0,0,0,0,0,0,0,0,0,0,0,0,0,0,0,0,0,0,0,0.1249,0.0851,0.1283,0.0637,0.0966,0.0265,0.0840,0.1202,0.0210,0.1427,0.000,0.000,0.000,0.000,0.000,0.000,0.000,0.004,0.000,0.000,semi-presidential,parliamentary,parliamentary,parliamentary,parliamentary,semi-presidential,semi-presidential,junta,electoral-authoritarian,parliamentary,0.800,0.800,0.800,0.800,0.800,0.800,0.471,0.400,0.500,0.800,95.0,100.0,100.0,100.0,30.0,100.0,100.0,100.0,100.0,100.0
2031-09-01,1.0549,1.0267,0.9846,1.0102,0.9781,0.9820,1.0047,1.0027,0.9994,0.9830,0.9958,0.9973,1.0563,1.0269,0.9849,1.0242,0.9782,0.9822,1.0418,1.0557,1.0693,0.9835,1.1132,0.9976,3864.08,5607.07,4367.83,2819.50,2291.70,1371.95,193.02,3039.66,2140.51,579.82,1.0602,0.6072,0.9782,1.2957,0.8770,0.3473,1.3246,0.2700,0.1865,-0.5219,0.6702,0.7402,0.6685,0.6793,0.7189,0.7558,0.5758,0.6471,0.7173,0.7316,0.0075,0.0000,0.0179,0.0008,0.0071,0.0000,0.0103,0.0038,0.0027,0.0124,1.0000,1.0000,1.0000,1.0000,1.0000,1.0000,1.0000,1.0000,1.0000,1.0000,61.60,212.11,89.52,63.20,74.38,13.51,7.21,283.16,76.74,92.43,0.0000,0.0000,0.0000,0.0000,0.0000,0.0000,0.0000,0.0000,0.0000,0.0000,104304,74663,53998,54750,86225,66964,95775,572442,131417,91336,0,0,0,0,0,0,0,0,0,0,0.0000,0.0000,0.0000,0.0000,0.0000,0.0000,0.2303,0.2276,0.0000,0.0000,0,0,0,0,0,0,0,0,0,0,0,0,0,0,0,0,0,0,0,0,0.1214,0.0823,0.1232,0.0607,0.0928,0.0252,0.0819,0.1167,0.0194,0.1432,0.000,0.000,0.000,0.000,0.000,0.000,0.000,0.004,0.000,0.000,semi-presidential,parliamentary,parliamentary,parliamentary,parliamentary,semi-presidential,semi-presidential,junta,electoral-authoritarian,parliamentary,0.800,0.800,0.800,0.800,0.800,0.800,0.481,0.400,0.500,0.800,97.7,100.0,100.0,100.0,33.1,100.0,100.0,100.0,100.0,100.0
2031-10-01,1.0445,1.0254,0.9837,1.0092,0.9774,0.9794,1.0070,1.0022,1.0036,0.9814,1.0000,0.9948,1.0465,1.0258,1.0233,1.0246,0.9846,0.9797,1.0962,1.0022,1.1068,0.9814,1.1649,0.9953,3869.11,5609.86,4369.33,2825.00,2292.05,1379.39,193.10,3048.19,2151.14,581.13,1.0587,0.6071,0.9781,1.2932,0.8773,0.3429,1.3311,0.2708,0.1857,-0.5357,0.6608,0.7250,0.6487,0.6798,0.6979,0.7593,0.5732,0.6294,0.6972,0.7300,0.0106,0.0013,0.0223,0.0058,0.0129,0.0000,0.0123,0.0052,0.0054,0.0166,1.0000,1.0000,1.0000,1.0000,1.0000,1.0000,1.0000,1.0000,1.0000,1.0000,61.83,212.80,89.39,62.77,74.26,13.59,7.22,283.08,77.11,92.12,0.0000,0.0000,0.0000,0.0000,0.0000,0.0000,0.0000,0.0000,0.0000,0.0000,104304,74663,53998,54750,86225,66964,95775,572442,131417,91336,0,0,0,0,0,0,0,0,0,0,0.0000,0.0000,0.0000,0.0000,0.0000,0.0000,0.2106,0.2079,0.0000,0.0000,0,0,0,0,0,0,0,0,0,0,0,0,0,0,0,0,0,0,0,0,0.1196,0.0809,0.1209,0.0588,0.0908,0.0242,0.0829,0.1167,0.0183,0.1428,0.000,0.000,0.000,0.000,0.000,0.000,0.000,0.003,0.000,0.000,semi-presidential,parliamentary,parliamentary,parliamentary,parliamentary,semi-presidential,semi-presidential,junta,electoral-authoritarian,parliamentary,0.800,0.800,0.800,0.800,0.800,0.800,0.491,0.400,0.500,0.800,100.0,100.0,100.0,100.0,36.2,100.0,100.0,100.0,100.0,100.0
2031-11-01,1.0341,1.0220,0.9858,1.0068,0.9775,0.9777,1.0083,1.0003,1.0059,0.9800,1.0047,0.9920,1.0348,1.0223,1.1133,1.0201,0.9777,0.9781,1.0090,1.0009,1.0432,0.9884,1.0872,0.9923,3859.25,5617.93,4360.84,2827.76,2291.51,1381.78,193.54,3054.59,2159.62,582.67,1.0614,0.6063,0.9833,1.2919,0.8778,0.3411,1.3350,0.2718,0.1851,-0.5491,0.6434,0.7173,0.6329,0.6684,0.6816,0.7532,0.5731,0.6209,0.6883,0.7197,0.0114,0.0042,0.0201,0.0092,0.0115,0.0000,0.0044,0.0019,0.0065,0.0068,1.0000,1.0000,1.0000,1.0000,1.0000,1.0000,1.0000,1.0000,1.0000,1.0000,61.12,211.24,88.69,61.99,73.29,13.56,7.30,277.47,75.85,91.64,0.0000,0.0000,0.0000,0.0000,0.0000,0.0000,0.0000,0.0000,0.0000,0.0000,104304,74663,53998,54750,86225,66964,95775,572442,131417,91336,0,0,0,0,0,0,0,0,0,0,0.0000,0.0000,0.0000,0.0000,0.0000,0.0000,0.1909,0.1882,0.0000,0.0000,0,0,0,0,0,0,0,0,0,0,0,0,0,0,0,0,0,0,0,0,0.1132,0.0775,0.1150,0.0554,0.0856,0.0220,0.0808,0.1122,0.0157,0.1395,0.000,0.000,0.000,0.000,0.000,0.000,0.000,0.004,0.000,0.000,semi-presidential,parliamentary,parliamentary,parliamentary,parliamentary,semi-presidential,semi-presidential,junta,electoral-authoritarian,parliamentary,0.800,0.800,0.800,0.800,0.800,0.800,0.501,0.400,0.500,0.800,100.0,100.0,100.0,100.0,39.1,30.0,100.0,100.0,100.0,100.0
2031-12-01,1.0241,1.0167,0.9879,1.0036,0.9779,0.9780,1.0055,0.9982,1.0080,0.9805,1.0078,0.9904,1.0254,1.0173,0.9878,1.0182,0.9811,0.9781,1.0056,0.9983,1.0572,0.9867,1.0926,0.9904,3854.11,5626.53,4346.23,2828.82,2293.96,1385.94,193.29,3067.35,2174.15,583.72,1.0629,0.6055,0.9868,1.2915,0.8772,0.3384,1.3435,0.2723,0.1839,-0.5629,0.6339,0.7241,0.6359,0.6603,0.6813,0.7477,0.5780,0.6193,0.7046,0.7214,0.0027,0.0000,0.0126,0.0011,0.0041,0.0000,0.0048,0.0024,0.0018,0.0061,1.0000,1.0000,1.0000,1.0000,1.0000,1.0000,1.0000,1.0000,1.0000,1.0000,60.70,211.23,86.25,61.62,73.50,13.36,7.28,280.02,77.48,91.13,0.0000,0.0000,0.0000,0.0000,0.0000,0.0000,0.0000,0.0000,0.0000,0.0000,104304,74663,53998,54750,86225,66964,95775,572442,131417,91336,0,0,0,0,0,0,0,0,0,0,0.0000,0.0000,0.0000,0.0000,0.0000,0.0000,0.1712,0.1685,0.0000,0.0000,0,0,0,0,0,0,0,0,0,0,0,0,0,0,0,0,0,0,0,0,0.1329,0.0860,0.1366,0.0646,0.1013,0.0226,0.0824,0.1129,0.0174,0.1385,0.000,0.000,0.000,0.000,0.000,0.000,0.000,0.004,0.000,0.000,semi-presidential,parliamentary,parliamentary,parliamentary,parliamentary,semi-presidential,semi-presidential,junta,electoral-authoritarian,parliamentary,0.800,0.800,0.800,0.800,0.800,0.800,0.511,0.400,0.500,0.800,100.0,100.0,100.0,100.0,42.0,33.1,100.0,100.0,100.0,100.0
2032-01-01,1.0145,1.0118,0.9874,0.9991,0.9800,0.9764,1.0025,0.9977,1.0087,0.9797,1.0091,0.9916,1.0145,1.0127,0.9875,1.0001,1.0008,0.9766,1.0027,0.9978,1.0087,0.9798,1.0091,0.9920,3863.24,5637.24,4352.15,2834.24,2302.76,1391.04,193.04,3069.18,2187.23,584.46,1.0605,0.6045,0.9856,1.2891,0.8742,0.3355,1.3519,0.2738,0.1829,-0.5769,0.6419,0.7306,0.6435,0.6590,0.6929,0.7458,0.5878,0.6265,0.7181,0.7203,0.0000,0.0000,0.0019,0.0038,0.0051,0.0000,0.0000,0.0000,0.0000,0.0070,1.0000,1.0000,1.0000,1.0000,1.0000,1.0000,1.0000,1.0000,1.0000,1.0000,59.80,210.26,85.49,60.57,72.47,13.27,7.21,275.33,76.82,90.48,0.0000,0.0000,0.0000,0.0000,0.0000,0.0000,0.0000,0.0000,0.0000,0.0000,104304,74663,53998,54750,86225,66964,95775,572442,131417,91336,0,0,0,0,0,0,0,0,0,0,0.0000,0.0000,0.0000,0.0000,0.0000,0.0000,0.1514,0.1488,0.0000,0.0000,0,0,0,0,0,0,0,0,0,0,0,0,0,0,0,0,0,0,0,0,0.1378,0.0889,0.1424,0.0676,0.1058,0.0237,0.0838,0.1120,0.0187,0.1371,0.000,0.000,0.000,0.000,0.000,0.000,0.000,0.003,0.000,0.000,semi-presidential,parliamentary,parliamentary,parliamentary,parliamentary,semi-presidential,semi-presidential,junta,electoral-authoritarian,parliamentary,0.800,0.800,0.800,0.800,0.800,0.800,0.521,0.400,0.500,0.800,100.0,100.0,100.0,100.0,45.0,36.2,100.0,100.0,100.0,100.0
2032-02-01,1.0042,1.0109,0.9865,0.9956,0.9832,0.9758,1.0014,0.9979,1.0080,0.9791,1.0092,0.9916,1.0049,1.0110,1.0168,0.9958,1.0010,0.9759,1.0016,1.0527,1.0082,0.9791,1.0093,0.9917,3873.53,5647.11,4373.25,2854.89,2305.47,1395.36,193.49,3064.68,2194.31,587.95,1.0577,0.6035,0.9807,1.2798,0.8733,0.3329,1.3572,0.2759,0.1825,-0.6024,0.6520,0.7342,0.6585,0.6721,0.6905,0.7488,0.6072,0.6185,0.7172,0.7068,0.0050,0.0010,0.0068,0.0054,0.0083,0.0000,0.0028,0.0004,0.0013,0.0099,1.0000,1.0000,1.0000,1.0000,1.0000,1.0000,1.0000,1.0000,1.0000,1.0000,60.88,211.72,86.41,62.13,73.89,13.16,7.25,282.75,78.12,90.10,0.0000,0.0000,0.0000,0.0000,0.0000,0.0000,0.0000,0.0000,0.0000,0.0000,104304,74663,53998,54750,86225,66964,95775,572442,131417,91336,0,0,0,0,0,0,0,0,0,0,0.0000,0.0000,0.0000,0.0000,0.0000,0.0000,0.1245,0.1290,0.0000,0.0000,0,0,0,0,0,0,0,0,0,0,0,0,0,0,0,0,0,0,0,0,0.1365,0.0882,0.1407,0.0668,0.1045,0.0236,0.0839,0.1150,0.0186,0.1356,0.000,0.000,0.000,0.000,0.000,0.000,0.000,0.003,0.000,0.000,semi-presidential,parliamentary,parliamentary,parliamentary,parliamentary,semi-presidential,semi-presidential,junta,electoral-authoritarian,parliamentary,0.800,0.800,0.800,0.800,0.800,0.800,0.534,0.400,0.500,0.800,100.0,100.0,100.0,100.0,48.0,39.4,100.0,100.0,100.0,100.0
2032-03-01,0.9988,1.0098,0.9896,0.9938,0.9855,0.9748,1.0000,1.0004,1.0067,0.9794,1.0077,0.9924,0.9995,1.0102,1.1339,1.0092,1.0038,1.0256,1.0001,1.0840,1.0069,0.9957,1.0080,0.9926,3886.58,5634.24,4374.56,2866.84,2316.61,1400.59,193.37,3059.45,2205.77,587.95,1.0542,0.6050,0.9802,1.2745,0.8690,0.3300,1.3641,0.2781,0.1867,-0.6024,0.6571,0.7357,0.6704,0.6793,0.6848,0.7436,0.5923,0.6294,0.7169,0.7068,0.0151,0.0058,0.0267,0.0142,0.0178,0.0006,0.0044,0.0007,0.0063,0.0142,1.0000,1.0000,1.0000,1.0000,1.0000,1.0000,1.0000,1.0000,1.0000,1.0000,61.30,212.17,89.03,62.62,74.35,13.44,7.18,282.23,77.43,90.14,0.0000,0.0000,0.0000,0.0000,0.0000,0.0000,0.0000,0.0000,0.0000,0.0000,104304,74663,53998,54750,86225,66964,95775,572442,131417,91336,0,0,0,0,0,0,0,0,0,0,0.0000,0.0000,0.0000,0.0000,0.0000,0.0000,0.1048,0.1093,0.0000,0.0000,0,0,0,0,0,0,0,0,0,0,0,0,0,0,0,0,0,0,0,0,0.1392,0.0895,0.1429,0.0681,0.1064,0.0243,0.0845,0.1165,0.0192,0.1361,0.000,0.000,0.000,0.000,0.000,0.000,0.000,0.004,0.000,0.000,semi-presidential,parliamentary,parliamentary,parliamentary,parliamentary,semi-presidential,semi-presidential,junta,electoral-authoritarian,parliamentary,0.800,0.800,0.800,0.800,0.800,0.800,0.544,0.400,0.500,0.800,100.0,100.0,100.0,100.0,50.9,42.5,100.0,100.0,100.0,100.0
2032-04-01,0.9931,1.0074,0.9923,0.9901,0.9859,0.9763,0.9984,1.0033,1.0063,0.9827,1.0053,0.9940,0.9931,1.0077,1.1062,0.9910,0.9872,0.9982,0.9983,1.1201,1.0064,0.9933,1.0054,0.9946,3900.55,5633.58,4382.75,2871.04,2321.09,1410.73,193.56,3061.71,2218.39,588.15,1.0504,0.6052,0.9783,1.2726,0.8673,0.3260,1.3685,0.2797,0.1857,-0.6239,0.6592,0.7326,0.6621,0.6814,0.6917,0.7386,0.6043,0.6348,0.7123,0.7071,0.0142,0.0042,0.0150,0.0086,0.0125,0.0003,0.0062,0.0010,0.0050,0.0108,1.0000,1.0000,1.0000,1.0000,1.0000,1.0000,1.0000,1.0000,1.0000,1.0000,61.04,212.61,89.21,64.05,75.25,13.81,7.28,282.89,77.97,90.45,0.0000,0.0000,0.0000,0.0000,0.0000,0.0000,0.0000,0.0000,0.0000,0.0000,104304,74663,53998,54750,86225,66964,95775,572442,131417,91336,0,0,0,0,0,0,0,0,0,0,0.0000,0.0000,0.0000,0.0000,0.0000,0.0000,0.0851,0.0896,0.0000,0.0000,0,0,0,0,0,0,0,0,0,0,0,0,0,0,0,0,0,0,0,0,0.1399,0.0909,0.1488,0.0701,0.1076,0.0255,0.0857,0.1173,0.0202,0.1354,0.000,0.000,0.000,0.000,0.000,0.000,0.000,0.003,0.000,0.000,semi-presidential,parliamentary,parliamentary,parliamentary,parliamentary,semi-presidential,semi-presidential,junta,electoral-authoritarian,parliamentary,0.800,0.800,0.800,0.800,0.800,0.800,0.554,0.400,0.500,0.800,100.0,100.0,100.0,100.0,53.9,45.5,100.0,100.0,100.0,100.0
2032-05-01,0.9879,1.0071,0.9948,0.9872,0.9876,0.9771,1.0002,1.0063,1.0054,0.9857,1.0033,0.9954,0.9883,1.0071,1.0762,0.9873,0.9942,1.0157,1.0745,1.1071,1.0054,0.9916,1.0033,0.9957,3932.30,5646.56,4386.95,2882.50,2326.66,1418.29,194.40,3071.02,2231.99,589.75,1.0419,0.6040,0.9774,1.2677,0.8652,0.3227,1.3681,0.2806,0.1847,-0.6366,0.6651,0.7379,0.6702,0.6835,0.6935,0.7401,0.6092,0.6437,0.7082,0.7016,0.0137,0.0035,0.0153,0.0075,0.0128,0.0005,0.0076,0.0011,0.0037,0.0138,1.0000,1.0000,1.0000,1.0000,1.0000,1.0000,1.0000,1.0000,1.0000,1.0000,61.05,213.21,89.99,64.34,75.05,14.14,7.33,281.41,77.91,90.64,0.0000,0.0000,0.0000,0.0000,0.0000,0.0000,0.0000,0.0000,0.0000,0.0000,104304,74663,53998,54750,86225,66964,95775,572442,131417,91336,0,0,0,0,0,0,0,0,0,0,0.0000,0.0000,0.0000,0.0000,0.0000,0.0000,0.0654,0.0699,0.0000,0.0000,0,0,0,0,0,0,0,0,0,0,0,0,0,0,0,0,0,0,0,0,0.1411,0.0921,0.1499,0.0713,0.1086,0.0266,0.0864,0.1172,0.0211,0.1349,0.000,0.000,0.000,0.000,0.000,0.000,0.000,0.003,0.000,0.000,semi-presidential,parliamentary,parliamentary,parliamentary,parliamentary,semi-presidential,semi-presidential,junta,electoral-authoritarian,parliamentary,0.800,0.800,0.800,0.800,0.800,0.800,0.564,0.400,0.500,0.800,100.0,100.0,100.0,100.0,56.9,48.6,100.0,100.0,100.0,100.0
2032-06-01,0.9839,1.0055,0.9990,0.9847,0.9885,0.9759,1.0024,1.0069,1.0053,0.9885,1.0019,0.9975,0.9846,1.0057,1.1297,1.0008,0.9885,0.9761,1.0024,1.0249,1.0359,0.9933,1.0023,0.9977,3957.67,5654.33,4408.04,2891.60,2333.29,1424.22,194.91,3082.16,2251.79,590.13,1.0402,0.6032,0.9728,1.2638,0.8628,0.3198,1.3696,0.2814,0.1832,-0.6506,0.6742,0.7400,0.6802,0.6902,0.6922,0.7385,0.6179,0.6586,0.7152,0.7018,0.0099,0.0042,0.0199,0.0093,0.0104,0.0000,0.0023,0.0014,0.0062,0.0044,1.0000,1.0000,1.0000,1.0000,1.0000,1.0000,1.0000,1.0000,1.0000,1.0000,61.61,214.36,92.32,64.92,75.69,14.36,7.32,284.14,78.29,90.36,0.0000,0.0000,0.0000,0.0000,0.0000,0.0000,0.0000,0.0000,0.0000,0.0000,104304,74663,53998,54750,86225,66964,95775,572442,131417,91336,0,0,0,0,0,0,0,0,0,0,0.0000,0.0000,0.0000,0.0000,0.0000,0.0000,0.0457,0.0502,0.0000,0.0000,0,0,0,0,0,0,0,0,0,0,0,0,0,0,0,0,0,0,0,0,0.1425,0.0936,0.1514,0.0727,0.1102,0.0281,0.0872,0.1197,0.0223,0.1353,0.000,0.000,0.000,0.000,0.000,0.000,0.000,0.003,0.000,0.000,semi-presidential,parliamentary,parliamentary,parliamentary,parliamentary,semi-presidential,semi-presidential,junta,electoral-authoritarian,parliamentary,0.800,0.800,0.800,0.800,0.800,0.800,0.573,0.400,0.500,0.800,33.0,100.0,100.0,100.0,59.8,51.7,100.0,100.0,100.0,100.0
2032-07-01,0.9798,1.0041,1.0007,0.9834,0.9883,0.9738,1.0020,1.0060,1.0059,0.9929,1.0008,0.9966,0.9798,1.0042,1.0277,1.0049,0.9884,0.9742,1.0021,1.0061,1.0603,1.0062,1.0009,0.9966,3967.31,5656.10,4417.75,2893.79,2339.47,1424.54,195.15,3082.08,2256.86,591.04,1.0377,0.6030,0.9707,1.2629,0.8606,0.3182,1.3728,0.2833,0.1829,-0.6640,0.6750,0.7302,0.6940,0.6938,0.6972,0.7465,0.6289,0.6520,0.7088,0.7156,0.0019,0.0013,0.0127,0.0051,0.0034,0.0000,0.0023,0.0022,0.0029,0.0019,1.0000,1.0000,1.0000,1.0000,1.0000,1.0000,1.0000,1.0000,1.0000,1.0000,61.81,213.15,90.78,63.43,75.01,14.27,7.23,284.55,78.89,89.88,0.0000,0.0000,0.0000,0.0000,0.0000,0.0000,0.0000,0.0000,0.0000,0.0000,104304,74663,53998,54750,86225,66964,95775,572442,131417,91336,0,0,0,0,0,0,0,0,0,0,0.0000,0.0000,0.0000,0.0000,0.0000,0.0000,0.0259,0.0305,0.0000,0.0000,0,0,0,0,0,0,0,0,0,0,0,0,0,0,0,0,0,0,0,0,0.1323,0.0861,0.1348,0.0641,0.0984,0.0265,0.0844,0.1183,0.0202,0.1364,0.000,0.000,0.000,0.000,0.000,0.000,0.000,0.002,0.000,0.000,semi-presidential,parliamentary,parliamentary,parliamentary,parliamentary,semi-presidential,semi-presidential,junta,electoral-authoritarian,parliamentary,0.800,0.800,0.800,0.800,0.800,0.800,0.583,0.400,0.500,0.800,35.9,100.0,100.0,100.0,62.8,54.8,100.0,100.0,100.0,100.0
2032-08-01,0.9776,1.0026,0.9990,0.9832,0.9891,0.9690,1.0007,1.0042,1.0053,0.9963,0.9989,0.9949,0.9959,1.0028,0.9991,1.0110,1.0012,0.9692,1.0011,1.0043,1.0089,1.0060,0.9992,0.9951,3977.82,5657.73,4420.58,2908.05,2343.83,1430.35,195.38,3082.35,2272.49,591.23,1.0350,0.6033,0.9701,1.2568,0.8591,0.3154,1.3757,0.2851,0.1817,-0.6781,0.6753,0.7300,0.6802,0.6962,0.6919,0.7452,0.6344,0.6692,0.7126,0.7111,0.0014,0.0025,0.0119,0.0081,0.0044,0.0010,0.0008,0.0002,0.0009,0.0035,1.0000,1.0000,1.0000,1.0000,1.0000,1.0000,1.0000,1.0000,1.0000,1.0000,62.62,211.49,88.80,63.02,75.59,13.99,7.07,290.02,79.90,88.70,0.0000,0.0000,0.0000,0.0000,0.0000,0.0000,0.0000,0.0000,0.0000,0.0000,104304,74663,53998,54750,86225,66964,95775,572442,131417,91336,0,0,0,0,0,0,0,0,0,0,0.0000,0.0000,0.0000,0.0000,0.0000,0.0000,0.0062,0.0108,0.0000,0.0000,0,0,0,0,0,0,0,0,0,0,0,0,0,0,0,0,0,0,0,0,0.1354,0.0865,0.1383,0.0645,0.1009,0.0259,0.0850,0.1216,0.0254,0.1373,0.000,0.000,0.000,0.000,0.000,0.000,0.000,0.003,0.000,0.000,semi-presidential,parliamentary,parliamentary,parliamentary,parliamentary,semi-presidential,semi-presidential,junta,electoral-authoritarian,parliamentary,0.800,0.800,0.800,0.800,0.800,0.800,0.593,0.400,0.500,0.800,38.9,100.0,100.0,100.0,65.8,57.9,100.0,100.0,100.0,100.0
2032-09-01,0.9793,1.0025,0.9962,0.9833,0.9888,0.9657,1.0007,1.0016,1.0060,0.9980,0.9967,0.9946,1.0479,1.0035,0.9967,1.0141,0.9888,0.9660,1.0208,1.0018,1.0316,0.9980,0.9967,0.9947,3988.95,5670.24,4416.54,2922.86,2348.79,1438.82,195.69,3087.55,2285.85,592.13,1.0324,0.6024,0.9710,1.2506,0.8573,0.3120,1.3776,0.2864,0.1808,-0.6913,0.6792,0.7302,0.6738,0.6788,0.7000,0.7458,0.6270,0.6700,0.7008,0.7122,0.0058,0.0063,0.0138,0.0103,0.0062,0.0039,0.0039,0.0011,0.0038,0.0018,0.9992,0.9991,0.9996,0.9993,0.9994,0.9992,0.9999,1.0000,0.9994,1.0000,62.10,208.62,86.58,61.63,74.35,13.78,7.03,286.99,80.14,87.77,0.0000,0.0000,0.0000,0.0000,0.0000,0.0000,0.0000,0.0000,0.0000,0.0000,104304,74663,53998,54750,86225,66964,95775,572442,131417,91336,0,0,0,0,0,0,0,0,0,0,0.0000,0.0000,0.0000,0.0000,0.0000,0.0000,0.0000,0.0000,0.0000,0.0000,0,0,0,0,0,0,0,0,0,0,0,0,0,0,0,0,0,0,0,0,0.1451,0.0903,0.1490,0.0683,0.1086,0.0316,0.0852,0.1218,0.0268,0.1378,0.000,0.000,0.000,0.000,0.000,0.000,0.000,0.003,0.000,0.000,semi-presidential,parliamentary,parliamentary,parliamentary,parliamentary,semi-presidential,semi-presidential,junta,electoral-authoritarian,parliamentary,0.800,0.800,0.800,0.800,0.800,0.800,0.603,0.400,0.500,0.800,41.9,100.0,100.0,100.0,68.8,61.0,100.0,100.0,100.0,100.0
2032-10-01,0.9800,1.0057,0.9946,0.9830,0.9909,0.9665,0.9983,0.9996,1.0078,0.9961,0.9977,0.9966,1.0604,1.1291,0.9947,1.0037,1.0106,1.0034,0.9988,0.9998,1.0122,0.9964,1.0412,0.9973,4000.89,5679.62,4424.16,2934.38,2353.75,1445.17,196.46,3096.63,2294.59,592.78,1.0295,0.6018,0.9694,1.2458,0.8555,0.3092,1.3807,0.2884,0.1802,-0.7049,0.6792,0.7246,0.6736,0.6752,0.6955,0.7477,0.6397,0.6615,0.7220,0.6996,0.0228,0.0197,0.0273,0.0220,0.0268,0.0160,0.0053,0.0003,0.0158,0.0090,0.8935,0.9024,0.9461,0.9063,0.8947,0.9210,0.9926,1.0000,0.9148,1.0000,61.86,211.04,89.57,64.19,75.34,13.48,7.12,287.11,80.56,87.60,0.0000,0.0000,0.0000,0.0000,0.0000,0.0000,0.0000,0.0000,0.0000,0.0000,104304,74663,53998,54750,86225,66964,95775,572442,131417,91336,0,0,0,0,0,0,0,0,0,0,0.0000,0.0000,0.0000,0.0000,0.0000,0.0000,0.0000,0.0000,0.0000,0.0000,0,0,0,0,0,0,0,0,0,0,0,0,0,0,0,0,0,0,0,0,0.1471,0.0923,0.1508,0.0715,0.1095,0.0324,0.0873,0.1225,0.0274,0.1349,0.000,0.000,0.000,0.000,0.000,0.000,0.000,0.002,0.000,0.000,semi-presidential,parliamentary,parliamentary,parliamentary,parliamentary,semi-presidential,semi-presidential,junta,electoral-authoritarian,parliamentary,0.800,0.800,0.800,0.800,0.800,0.800,0.612,0.400,0.500,0.800,44.9,100.0,100.0,100.0,71.8,64.1,100.0,100.0,100.0,100.0
2032-11-01,0.9802,1.0081,0.9924,0.9829,0.9929,0.9659,0.9963,0.9966,1.0113,0.9914,0.9981,0.9975,0.9803,1.0392,0.9926,1.0010,1.0062,0.9660,0.9963,0.9975,1.1402,0.9924,0.9982,0.9978,4009.03,5692.04,4429.65,2947.46,2357.96,1451.99,197.40,3100.94,2309.54,594.90,1.0276,0.6010,0.9683,1.2403,0.8540,0.3063,1.3775,0.2899,0.1792,-0.7167,0.6799,0.7381,0.6824,0.6647,0.7056,0.7498,0.6431,0.6846,0.7228,0.6993,0.0039,0.0036,0.0154,0.0077,0.0106,0.0028,0.0054,0.0050,0.0071,0.0075,0.9719,0.9742,0.9856,0.9768,0.9733,0.9801,0.9983,1.0000,0.9812,1.0000,63.57,208.77,84.22,62.21,74.88,13.56,6.97,294.13,82.34,89.44,0.0000,0.0000,0.0000,0.0000,0.0000,0.0000,0.0000,0.0000,0.0000,0.0000,104304,74663,53998,54750,86225,66964,95775,572442,131417,91336,0,0,0,0,0,0,0,0,0,0,0.0000,0.0000,0.0000,0.0000,0.0000,0.0000,0.0000,0.0000,0.0000,0.0000,0,0,0,0,0,0,0,0,0,0,0,0,0,0,0,0,0,0,0,0,0.1328,0.0850,0.1351,0.0624,0.0987,0.0311,0.0861,0.1209,0.0257,0.1360,0.000,0.000,0.000,0.000,0.000,0.000,0.000,0.002,0.000,0.000,semi-presidential,parliamentary,parliamentary,parliamentary,parliamentary,semi-presidential,semi-presidential,junta,electoral-authoritarian,parliamentary,0.800,0.800,0.800,0.800,0.800,0.800,0.622,0.400,0.500,0.800,47.9,100.0,100.0,100.0,74.9,67.3,100.0,100.0,100.0,100.0
2032-12-01,0.9793,1.0095,0.9916,0.9831,0.9937,0.9660,0.9944,0.9934,1.0131,0.9874,0.9987,0.9961,0.9794,1.0683,1.0235,1.0129,0.9937,1.0453,0.9947,0.9936,1.0132,0.9875,1.0463,0.9964,4020.86,5699.51,4429.36,2948.22,2365.55,1460.49,197.49,3101.73,2317.57,595.56,1.0248,0.6007,0.9684,1.2401,0.8513,0.3031,1.3800,0.2916,0.1787,-0.7302,0.6758,0.7358,0.6778,0.6623,0.7120,0.7581,0.6401,0.6804,0.7303,0.7050,0.0127,0.0108,0.0202,0.0149,0.0115,0.0062,0.0020,0.0002,0.0069,0.0026,0.9470,0.9523,0.9729,0.9557,0.9482,0.9631,0.9969,1.0000,0.9634,1.0000,63.80,209.83,84.69,62.42,75.48,13.27,7.09,294.39,82.69,89.63,0.0000,0.0000,0.0000,0.0000,0.0000,0.0000,0.0000,0.0000,0.0000,0.0000,104304,74663,53998,54750,86225,66964,95775,572442,131417,91336,0,0,0,0,0,0,0,0,0,0,0.0000,0.0000,0.0000,0.0000,0.0000,0.0000,0.0000,0.0000,0.0000,0.0000,0,0,0,0,0,0,0,0,0,0,0,0,0,0,0,0,0,0,0,0,0.1372,0.0868,0.1401,0.0647,0.1081,0.0310,0.0857,0.1219,0.0259,0.1372,0.000,0.000,0.000,0.000,0.000,0.000,0.000,0.002,0.000,0.000,semi-presidential,parliamentary,parliamentary,parliamentary,parliamentary,semi-presidential,semi-presidential,junta,electoral-authoritarian,parliamentary,0.800,0.800,0.800,0.800,0.800,0.800,0.632,0.400,0.500,0.800,50.9,100.0,100.0,100.0,77.9,70.5,100.0,30.0,100.0,100.0
2033-01-01,0.9800,1.0086,0.9943,0.9824,0.9957,0.9675,0.9924,0.9921,1.0135,0.9852,0.9997,0.9954,1.0693,1.0089,1.1246,1.0029,1.0172,0.9971,0.9924,0.9951,1.0300,0.9856,0.9997,0.9957,4029.96,5695.21,4441.77,2950.62,2365.87,1466.95,197.79,3106.33,2335.00,596.34,1.0227,0.6016,0.9657,1.2392,0.8513,0.3004,1.3808,0.2949,0.1774,-0.7436,0.6773,0.7359,0.6851,0.6623,0.7189,0.7525,0.6497,0.6924,0.7248,0.7063,0.0160,0.0109,0.0250,0.0208,0.0213,0.0054,0.0041,0.0007,0.0099,0.0101,1.0000,1.0000,1.0000,1.0000,1.0000,1.0000,1.0000,1.0000,1.0000,1.0000,62.21,207.25,83.36,61.03,73.54,12.95,7.03,286.08,81.25,88.10,0.0000,0.0000,0.0000,0.0000,0.0000,0.0000,0.0000,0.0000,0.0000,0.0000,104304,74663,53998,54750,86225,66964,95775,572442,131417,91336,0,0,0,0,0,0,0,0,0,0,0.0000,0.0000,0.0000,0.0000,0.0000,0.0000,0.0000,0.0000,0.0000,0.0000,0,0,0,0,0,0,0,0,0,0,0,0,0,0,0,0,0,0,0,0,0.1465,0.0905,0.1539,0.0691,0.1154,0.0316,0.0870,0.1225,0.0268,0.1364,0.000,0.000,0.000,0.000,0.000,0.000,0.000,0.001,0.000,0.000,semi-presidential,parliamentary,parliamentary,parliamentary,parliamentary,semi-presidential,semi-presidential,junta,electoral-authoritarian,parliamentary,0.800,0.800,0.800,0.800,0.800,0.800,0.642,0.440,0.500,0.800,53.9,100.0,100.0,100.0,81.1,73.6,100.0,33.6,100.0,100.0
2033-02-01,0.9829,1.0037,0.9943,0.9815,0.9984,0.9684,0.9919,0.9922,1.0154,0.9825,0.9987,0.9958,1.0757,1.0046,1.0265,1.0005,1.0134,0.9684,0.9920,0.9923,1.1039,0.9833,0.9988,0.9959,4037.20,5694.53,4454.64,2956.80,2380.29,1476.59,198.22,3110.45,2345.40,598.09,1.0211,0.6022,0.9629,1.2407,0.8462,0.2971,1.3806,0.2953,0.1768,-0.7558,0.6809,0.7361,0.6851,0.6857,0.7209,0.7647,0.6440,0.6971,0.7010,0.7034,0.0089,0.0071,0.0183,0.0127,0.0149,0.0052,0.0069,0.0034,0.0085,0.0075,1.0000,1.0000,1.0000,1.0000,1.0000,1.0000,1.0000,1.0000,1.0000,1.0000,62.70,209.45,85.28,61.75,74.23,13.76,7.15,286.94,82.33,88.48,0.0000,0.0000,0.0000,0.0000,0.0000,0.0000,0.0000,0.0000,0.0000,0.0000,104304,74663,53998,54750,86225,66964,95775,572442,131417,91336,0,0,0,0,0,0,0,0,0,0,0.0000,0.0000,0.0000,0.0000,0.0000,0.0000,0.0000,0.0000,0.0000,0.0000,0,0,0,0,0,0,0,0,0,0,0,0,0,0,0,0,0,0,0,0,0.1434,0.0898,0.1505,0.0683,0.1130,0.0321,0.0871,0.1223,0.0268,0.1364,0.000,0.000,0.000,0.000,0.000,0.000,0.000,0.001,0.000,0.000,semi-presidential,parliamentary,parliamentary,parliamentary,parliamentary,semi-presidential,semi-presidential,junta,electoral-authoritarian,parliamentary,0.800,0.800,0.800,0.800,0.800,0.800,0.652,0.436,0.500,0.800,56.9,100.0,100.0,98.8,84.2,76.8,100.0,35.2,100.0,100.0
2033-03-01,0.9864,0.9992,0.9955,0.9829,1.0053,0.9688,0.9927,0.9932,1.0178,0.9790,0.9978,0.9947,1.1191,0.9998,1.0737,1.0256,1.1260,1.0143,1.0593,1.3026,1.0775,0.9799,0.9981,0.9949,4050.90,5675.99,4451.96,2961.40,2386.09,1482.35,198.79,3119.41,2355.23,599.58,1.0179,0.6046,0.9636,1.2388,0.8442,0.2946,1.3792,0.2961,0.1761,-0.7682,0.6757,0.7356,0.6661,0.6677,0.7202,0.7573,0.6360,0.6920,0.6982,0.7058,0.0322,0.0155,0.0537,0.0468,0.0565,0.0082,0.0288,0.0052,0.0130,0.0728,1.0000,1.0000,1.0000,1.0000,1.0000,1.0000,1.0000,1.0000,1.0000,1.0000,61.88,203.82,80.82,59.65,71.72,13.50,6.71,282.83,81.22,87.23,0.0000,0.0000,0.0000,0.0000,0.0000,0.0000,0.0000,0.0000,0.0000,0.0000,104304,74663,53998,54750,86225,66964,95775,572442,131417,91336,0,0,0,0,0,0,0,0,0,0,0.0000,0.0000,0.0000,0.0000,0.0000,0.0000,0.0000,0.0000,0.0000,0.0000,0,0,0,0,0,0,0,0,0,0,0,0,0,0,0,0,0,0,0,0,0.1347,0.0845,0.1416,0.0627,0.1061,0.0305,0.0858,0.1223,0.0250,0.1382,0.000,0.000,0.000,0.000,0.000,0.000,0.000,0.001,0.000,0.000,semi-presidential,parliamentary,parliamentary,parliamentary,parliamentary,semi-presidential,semi-presidential,junta,electoral-authoritarian,parliamentary,0.800,0.800,0.800,0.800,0.800,0.800,0.662,0.426,0.500,0.800,59.9,100.0,100.0,100.0,87.4,80.0,100.0,38.8,100.0,100.0
2033-04-01,0.9906,0.9952,0.9970,0.9839,1.0368,0.9717,0.9924,1.0002,1.0182,0.9781,0.9964,0.9927,1.1198,0.9953,1.0129,1.0003,1.1354,1.1177,0.9926,1.1507,1.0182,0.9863,0.9976,0.9929,4041.93,5674.84,4432.76,2965.87,2390.88,1490.26,199.10,3133.40,2364.93,601.34,1.0173,0.6048,0.9678,1.2370,0.8425,0.2916,1.3796,0.2966,0.1755,-0.7803,0.6582,0.7336,0.6398,0.6455,0.6912,0.7439,0.6312,0.7054,0.7032,0.6650,0.0203,0.0120,0.0362,0.0296,0.0400,0.0092,0.0126,0.0012,0.0082,0.0485,1.0000,1.0000,1.0000,1.0000,1.0000,1.0000,1.0000,1.0000,1.0000,1.0000,62.89,212.45,88.72,63.38,75.07,14.41,7.14,286.69,82.61,88.73,0.0000,0.0000,0.0000,0.0000,0.0000,0.0000,0.0000,0.0000,0.0000,0.0000,104304,74663,53998,54750,86225,66964,95775,572442,131417,91336,0,0,0,0,0,0,0,0,0,0,0.0000,0.0000,0.0000,0.0000,0.0000,0.0000,0.0000,0.0000,0.0000,0.0000,0,0,0,0,0,0,0,0,0,0,0,0,0,0,0,0,0,0,0,0,0.1266,0.0804,0.1280,0.0634,0.0953,0.0286,0.0853,0.1196,0.0218,0.1355,0.000,0.000,0.000,0.000,0.000,0.000,0.000,0.001,0.000,0.000,semi-presidential,parliamentary,parliamentary,parliamentary,parliamentary,semi-presidential,semi-presidential,junta,electoral-authoritarian,parliamentary,0.800,0.800,0.800,0.800,0.800,0.800,0.671,0.416,0.500,0.800,62.7,30.0,100.0,100.0,90.4,83.1,100.0,42.5,100.0,100.0
2033-05-01,0.9938,0.9915,0.9977,0.9828,1.0566,0.9734,0.9914,1.0017,1.0184,0.9802,0.9958,0.9912,1.0583,0.9918,0.9977,1.0067,1.1276,0.9829,1.0024,1.0413,1.0183,0.9952,1.0104,0.9913,4055.92,5672.38,4442.54,2975.68,2391.30,1495.50,199.74,3138.67,2376.68,601.46,1.0142,0.6055,0.9655,1.2331,0.8424,0.2892,1.3775,0.2978,0.1748,-0.7945,0.6593,0.7177,0.6439,0.6552,0.6815,0.7455,0.6278,0.6954,0.6817,0.6594,0.0077,0.0052,0.0218,0.0195,0.0224,0.0036,0.0049,0.0005,0.0028,0.0294,1.0000,1.0000,1.0000,1.0000,1.0000,1.0000,1.0000,1.0000,1.0000,1.0000,64.12,215.50,89.64,64.96,76.92,14.85,7.23,294.12,84.54,89.95,0.0000,0.0000,0.0000,0.0000,0.0000,0.0000,0.0000,0.0000,0.0000,0.0000,104304,74663,53998,54750,86225,66964,95775,572442,131417,91336,0,0,0,0,0,0,0,0,0,0,0.0000,0.0000,0.0000,0.0000,0.0000,0.0000,0.0000,0.0000,0.0000,0.0000,0,0,0,0,0,0,0,0,0,0,0,0,0,0,0,0,0,0,0,0,0.1476,0.0893,0.1501,0.0736,0.1121,0.0309,0.0888,0.1222,0.0250,0.1374,0.000,0.000,0.000,0.000,0.000,0.000,0.000,0.000,0.000,0.000,semi-presidential,parliamentary,parliamentary,parliamentary,parliamentary,semi-presidential,semi-presidential,junta,electoral-authoritarian,parliamentary,0.800,0.800,0.800,0.800,0.800,0.800,0.681,0.406,0.500,0.800,65.6,32.8,100.0,100.0,93.3,86.3,100.0,46.2,100.0,100.0
2033-06-01,0.9964,0.9885,1.0011,0.9832,1.0715,0.9744,0.9907,1.0024,1.0193,0.9804,0.9981,0.9905,1.1309,0.9891,1.1866,1.0036,1.1189,0.9897,0.9908,1.0452,1.0193,0.9837,1.0511,0.9908,4074.85,5686.03,4445.01,2990.47,2400.31,1504.21,200.14,3151.68,2386.71,601.14,1.0098,0.6044,0.9649,1.2271,0.8392,0.2862,1.3770,0.2983,0.1742,-0.8093,0.6606,0.7251,0.6434,0.6512,0.6791,0.7492,0.6450,0.7124,0.6817,0.6687,0.0259,0.0151,0.0358,0.0308,0.0350,0.0079,0.0093,0.0005,0.0142,0.0251,1.0000,1.0000,1.0000,1.0000,1.0000,1.0000,1.0000,1.0000,1.0000,1.0000,63.31,213.63,88.96,63.49,75.76,15.07,7.33,287.08,82.53,88.62,0.0000,0.0000,0.0000,0.0000,0.0000,0.0000,0.0000,0.0000,0.0000,0.0000,104304,74663,53998,54750,86225,66964,95775,572442,131417,91336,0,0,0,0,0,0,0,0,0,0,0.0000,0.0000,0.0000,0.0000,0.0000,0.0000,0.0000,0.0000,0.0000,0.0000,0,0,0,0,0,0,0,0,0,0,0,0,0,0,0,0,0,0,0,0,0.1411,0.0865,0.1438,0.0697,0.1069,0.0304,0.0894,0.1212,0.0232,0.1363,0.000,0.000,0.000,0.000,0.000,0.000,0.000,0.000,0.000,0.000,semi-presidential,parliamentary,parliamentary,parliamentary,parliamentary,semi-presidential,semi-presidential,junta,electoral-authoritarian,parliamentary,0.800,0.800,0.800,0.800,0.800,0.800,0.691,0.400,0.500,0.800,68.5,35.7,100.0,100.0,96.2,89.4,100.0,49.9,100.0,100.0
2033-07-01,0.9990,0.9874,1.0045,0.9803,1.0756,0.9755,0.9927,1.0035,1.0206,0.9804,1.0013,0.9881,0.9990,0.9875,1.1162,0.9973,1.0844,1.0251,1.0914,1.0235,1.0558,0.9888,1.0883,0.9882,4075.63,5693.51,4437.61,2990.79,2393.93,1509.54,200.52,3163.06,2386.70,601.13,1.0100,0.6039,0.9665,1.2271,0.8415,0.2839,1.3764,0.2989,0.1742,-0.8237,0.6532,0.7227,0.6343,0.6492,0.6588,0.7451,0.6510,0.6968,0.6736,0.6716,0.0155,0.0047,0.0277,0.0104,0.0160,0.0006,0.0085,0.0025,0.0062,0.0146,1.0000,1.0000,1.0000,1.0000,1.0000,1.0000,1.0000,1.0000,1.0000,1.0000,66.47,219.30,92.05,66.99,79.27,15.61,7.52,301.84,85.74,91.48,0.0000,0.0000,0.0000,0.0000,0.0000,0.0000,0.0000,0.0000,0.0000,0.0000,104304,74663,53998,54750,86225,66964,95775,572442,131417,91336,0,0,0,0,0,0,0,0,0,0,0.0000,0.0000,0.0000,0.0000,0.0000,0.0000,0.0000,0.0000,0.0000,0.0000,0,0,0,0,0,0,0,0,0,0,0,0,0,0,0,0,0,0,0,0,0.1294,0.0810,0.1315,0.0641,0.0970,0.0276,0.0872,0.1179,0.0202,0.1346,0.000,0.000,0.000,0.000,0.000,0.000,0.000,0.000,0.000,0.000,semi-presidential,parliamentary,parliamentary,parliamentary,parliamentary,semi-presidential,semi-presidential,junta,electoral-authoritarian,parliamentary,0.800,0.800,0.800,0.800,0.800,0.800,0.701,0.400,0.500,0.800,71.4,38.5,100.0,100.0,99.0,92.5,100.0,53.6,30.0,100.0
2033-08-01,0.9996,0.9859,1.0047,0.9770,1.0734,0.9778,0.9948,1.0039,1.0206,0.9813,1.0052,0.9880,1.0439,0.9860,1.0088,0.9935,1.0736,1.0315,1.0651,1.0039,1.0429,0.9917,1.0646,0.9883,4086.87,5693.48,4445.22,2993.25,2401.32,1512.35,201.12,3174.48,2407.00,602.03,1.0076,0.6038,0.9649,1.2264,0.8390,0.2822,1.3742,0.3013,0.1713,-0.8369,0.6560,0.7118,0.6497,0.6629,0.6669,0.7502,0.6477,0.6959,0.6907,0.6878,0.0087,0.0042,0.0184,0.0041,0.0076,0.0030,0.0065,0.0016,0.0032,0.0066,1.0000,1.0000,1.0000,1.0000,1.0000,1.0000,1.0000,1.0000,1.0000,1.0000,65.71,218.98,92.07,66.62,78.80,15.71,7.55,300.02,86.11,90.54,0.0000,0.0000,0.0000,0.0000,0.0000,0.0000,0.0000,0.0000,0.0000,0.0000,104304,74663,53998,54750,86225,66964,95775,572442,131417,91336,0,0,0,0,0,0,0,0,0,0,0.0000,0.0000,0.0000,0.0000,0.0000,0.0000,0.0000,0.0000,0.0000,0.0000,0,0,0,0,0,0,0,0,0,0,0,0,0,0,0,0,0,0,0,0,0.1448,0.0876,0.1479,0.0718,0.1093,0.0289,0.0838,0.1187,0.0221,0.1348,0.000,0.000,0.000,0.000,0.000,0.000,0.000,0.000,0.000,0.000,semi-presidential,parliamentary,parliamentary,parliamentary,parliamentary,semi-presidential,semi-presidential,junta,electoral-authoritarian,parliamentary,0.800,0.800,0.800,0.800,0.800,0.800,0.711,0.400,0.500,0.800,74.2,44.1,100.0,100.0,100.0,95.6,100.0,60.8,36.1,100.0
2033-09-01,1.0000,0.9848,1.0039,0.9745,1.0699,0.9786,0.9964,1.0031,1.0212,0.9839,1.0058,0.9872,1.0041,0.9851,1.0042,0.9912,1.0704,1.0045,1.0431,1.0069,1.0854,0.9926,1.0240,0.9872,4093.32,5695.69,4445.05,3004.63,2413.30,1523.78,201.35,3183.34,2415.91,601.82,1.0064,0.6032,0.9650,1.2219,0.8350,0.2789,1.3743,0.3021,0.1699,-0.8616,0.6553,0.7181,0.6501,0.6807,0.6815,0.7389,0.6344,0.6849,0.6830,0.6887,0.0030,0.0008,0.0145,0.0013,0.0039,0.0005,0.0050,0.0029,0.0027,0.0049,1.0000,1.0000,1.0000,1.0000,1.0000,1.0000,1.0000,1.0000,1.0000,1.0000,66.63,219.70,92.13,67.17,79.77,15.81,7.54,304.21,87.06,91.06,0.0000,0.0000,0.0000,0.0000,0.0000,0.0000,0.0000,0.0000,0.0000,0.0000,104304,74663,53998,54750,86225,66964,95775,572442,131417,91336,0,0,0,0,0,0,0,0,0,0,0.0000,0.0000,0.0000,0.0000,0.0000,0.0000,0.0000,0.0000,0.0000,0.0000,0,0,0,0,0,0,0,0,0,0,0,0,0,0,0,0,0,0,0,0,0.1382,0.0844,0.1408,0.0681,0.1039,0.0280,0.0837,0.1177,0.0210,0.1353,0.000,0.000,0.000,0.000,0.000,0.000,0.000,0.000,0.000,0.000,semi-presidential,parliamentary,parliamentary,parliamentary,parliamentary,semi-presidential,semi-presidential,junta,electoral-authoritarian,parliamentary,0.800,0.800,0.800,0.800,0.800,0.800,0.721,0.400,0.500,0.800,77.0,46.9,100.0,100.0,100.0,98.7,100.0,64.4,39.1,100.0
2033-10-01,0.9991,0.9825,1.0035,0.9722,1.0658,0.9807,0.9959,1.0025,1.0216,0.9862,1.0051,0.9881,0.9993,0.9826,1.0155,0.9888,1.0668,1.0900,0.9964,1.0027,1.0217,0.9953,1.0052,0.9885,4115.24,5721.04,4453.95,3019.40,2424.32,1528.10,201.47,3184.68,2424.52,602.11,1.0014,0.6003,0.9631,1.2161,0.8313,0.2769,1.3750,0.3037,0.1686,-0.8713,0.6624,0.7222,0.6636,0.6878,0.6975,0.7434,0.6390,0.6917,0.6890,0.6981,0.0030,0.0028,0.0134,0.0030,0.0023,0.0014,0.0001,0.0001,0.0011,0.0005,1.0000,1.0000,1.0000,1.0000,1.0000,1.0000,1.0000,1.0000,1.0000,1.0000,66.37,218.89,91.60,66.95,79.40,15.88,7.53,301.30,86.51,91.75,0.0000,0.0000,0.0000,0.0000,0.0000,0.0000,0.0000,0.0000,0.0000,0.0000,104304,74663,53998,54750,86225,66964,95775,572442,131417,91336,0,0,0,0,0,0,0,0,0,0,0.0000,0.0000,0.0000,0.0000,0.0000,0.0000,0.0000,0.0000,0.0000,0.0000,0,0,0,0,0,0,0,0,0,0,0,0,0,0,0,0,0,0,0,0,0.1448,0.0872,0.1483,0.0719,0.1095,0.0287,0.0817,0.1160,0.0221,0.1348,0.000,0.000,0.000,0.000,0.000,0.000,0.000,0.000,0.000,0.000,semi-presidential,parliamentary,parliamentary,parliamentary,parliamentary,semi-presidential,semi-presidential,junta,electoral-authoritarian,parliamentary,0.800,0.800,0.800,0.800,0.800,0.800,0.731,0.400,0.500,0.800,79.9,49.7,100.0,100.0,100.0,100.0,100.0,68.0,42.1,100.0
2033-11-01,0.9975,0.9813,1.0059,0.9701,1.0616,0.9827,0.9945,1.0018,1.0196,0.9884,1.0038,0.9890,0.9978,0.9814,1.1391,0.9938,1.0620,0.9829,0.9946,1.0081,1.0197,0.9970,1.0042,0.9890,4128.03,5720.62,4459.79,3024.32,2424.34,1534.27,201.52,3182.55,2424.48,602.36,0.9986,0.6002,0.9619,1.2143,0.8314,0.2747,1.3760,0.3056,0.1678,-0.8852,0.6667,0.7224,0.6654,0.6821,0.7061,0.7529,0.6403,0.6907,0.7046,0.7034,0.0094,0.0049,0.0199,0.0122,0.0092,0.0000,0.0005,0.0001,0.0052,0.0024,1.0000,1.0000,1.0000,1.0000,1.0000,1.0000,1.0000,1.0000,1.0000,1.0000,66.35,217.57,89.94,65.72,78.96,15.73,7.45,301.17,85.92,91.36,0.0000,0.0000,0.0000,0.0000,0.0000,0.0000,0.0000,0.0000,0.0000,0.0000,104304,74663,53998,54750,86225,66964,95775,572442,131417,91336,0,0,0,0,0,0,0,0,0,0,0.0000,0.0000,0.0000,0.0000,0.0000,0.0000,0.0000,0.0000,0.0000,0.0000,0,0,0,0,0,0,0,0,0,0,0,0,0,0,0,0,0,0,0,0,0.1421,0.0861,0.1445,0.0696,0.1072,0.0291,0.0826,0.1181,0.0225,0.1368,0.000,0.000,0.000,0.000,0.000,0.000,0.000,0.000,0.000,0.000,semi-presidential,parliamentary,parliamentary,parliamentary,parliamentary,semi-presidential,semi-presidential,junta,electoral-authoritarian,parliamentary,0.800,0.800,0.800,0.800,0.800,0.800,0.740,0.400,0.500,0.800,82.8,52.5,100.0,100.0,100.0,100.0,100.0,71.6,45.3,100.0
2033-12-01,0.9968,0.9795,1.0105,0.9706,1.0596,0.9861,0.9933,1.0031,1.0164,0.9910,1.0022,0.9902,0.9968,0.9798,1.1286,0.9992,1.0603,1.1384,0.9936,1.0223,1.0167,0.9969,1.0023,0.9905,4148.38,5731.65,4472.87,3026.95,2432.88,1539.91,201.90,3188.66,2433.41,602.12,0.9941,0.5989,0.9591,1.2134,0.8285,0.2726,1.3745,0.3068,0.1665,-0.8999,0.6700,0.7184,0.6693,0.6770,0.7050,0.7458,0.6392,0.6728,0.7089,0.7008,0.0119,0.0085,0.0224,0.0158,0.0105,0.0019,0.0011,0.0002,0.0056,0.0033,1.0000,1.0000,1.0000,1.0000,1.0000,1.0000,1.0000,1.0000,1.0000,1.0000,66.56,216.20,89.13,64.90,78.74,15.84,7.40,301.63,85.62,91.02,0.0000,0.0000,0.0000,0.0000,0.0000,0.0000,0.0000,0.0000,0.0000,0.0000,104304,74663,53998,54750,86225,66964,95775,572442,131417,91336,0,0,0,0,0,0,0,0,0,0,0.0000,0.0000,0.0000,0.0000,0.0000,0.0000,0.0000,0.0000,0.0000,0.0000,0,0,0,0,0,0,0,0,0,0,0,0,0,0,0,0,0,0,0,0,0.1472,0.0884,0.1501,0.0721,0.1118,0.0303,0.0828,0.1250,0.0241,0.1377,0.000,0.000,0.000,0.000,0.000,0.000,0.000,0.000,0.000,0.000,semi-presidential,parliamentary,parliamentary,parliamentary,parliamentary,semi-presidential,semi-presidential,junta,electoral-authoritarian,parliamentary,0.800,0.800,0.800,0.800,0.800,0.800,0.750,0.400,0.500,0.800,85.7,55.3,100.0,100.0,100.0,100.0,100.0,75.1,48.5,100.0
2034-01-01,0.9963,0.9780,1.0103,0.9731,1.0539,0.9909,0.9893,1.0039,1.0123,0.9928,1.0016,0.9895,1.0910,1.0059,1.0575,1.0178,1.0729,1.1082,0.9901,1.0322,1.0129,0.9960,1.0208,0.9897,4160.53,5733.75,4470.36,3026.05,2440.99,1549.22,200.95,3205.38,2444.52,602.51,0.9915,0.5988,0.9597,1.2140,0.8259,0.2698,1.3823,0.3069,0.1679,-0.9137,0.6727,0.7199,0.6692,0.6675,0.7114,0.7398,0.6177,0.6920,0.7192,0.7039,0.0169,0.0162,0.0252,0.0284,0.0191,0.0021,0.0190,0.0003,0.0123,0.0100,0.9790,0.9784,0.9898,0.9779,0.9796,1.0000,0.9702,1.0000,0.9731,1.0000,64.30,211.32,85.97,60.95,75.61,15.82,5.58,290.06,83.30,89.42,0.0000,0.0000,0.0000,0.0000,0.0000,0.0000,0.4601,0.0431,0.0000,0.0000,104304,74663,53998,54750,86225,66964,95775,572442,131417,91336,0,0,0,0,0,0,0,0,0,0,0.0000,0.0000,0.0000,0.0000,0.0000,0.0000,0.0046,0.0000,0.0000,0.0000,0,0,0,0,0,0,0,1,0,0,0,0,0,0,0,0,1,1,0,0,0.1368,0.0834,0.1390,0.0657,0.1035,0.0285,0.0700,0.1206,0.0224,0.1374,0.000,0.000,0.000,0.000,0.000,0.000,0.000,0.022,0.000,0.000,semi-presidential,parliamentary,parliamentary,parliamentary,parliamentary,semi-presidential,semi-presidential,junta,electoral-authoritarian,parliamentary,0.800,0.800,0.800,0.800,0.800,0.800,0.765,0.400,0.500,0.800,88.7,58.1,100.0,100.0,100.0,100.0,100.0,78.6,51.7,100.0
2034-02-01,1.0001,0.9785,1.0107,0.9768,1.0480,0.9938,0.9895,1.0054,1.0121,0.9946,1.0036,0.9907,1.1718,1.0047,1.0462,1.0238,1.0671,1.0732,1.0078,1.0894,1.0661,1.0220,1.0819,0.9908,4181.51,5740.04,4485.06,3036.65,2454.18,1557.54,199.27,3209.18,2459.65,603.93,0.9868,0.5982,0.9566,1.2099,0.8215,0.2673,1.3947,0.3082,0.1662,-0.9259,0.6574,0.7121,0.6803,0.6595,0.7073,0.7375,0.5282,0.6768,0.7085,0.7008,0.0247,0.0191,0.0325,0.0318,0.0265,0.0053,0.1002,0.0039,0.0153,0.0182,0.9801,0.9796,0.9903,0.9790,0.9805,1.0000,0.9698,1.0000,0.9744,1.0000,64.16,206.82,84.65,60.30,74.20,15.92,5.79,287.94,82.96,87.88,0.0000,0.0000,0.0000,0.0000,0.0000,0.0000,0.4595,0.0405,0.0000,0.0000,104304,74663,53998,54750,86225,66964,95775,572442,131417,91336,0,0,0,0,0,0,0,0,0,0,0.0000,0.0000,0.0000,0.0000,0.0000,0.0000,0.0138,0.0092,0.0000,0.0000,0,0,0,0,0,0,0,1,0,0,0,0,0,0,0,0,1,1,0,0,0.1472,0.0874,0.1503,0.0710,0.1120,0.0305,0.0732,0.1222,0.0243,0.1361,0.000,0.000,0.000,0.000,0.000,0.000,0.000,0.128,0.000,0.000,semi-presidential,parliamentary,parliamentary,parliamentary,parliamentary,semi-presidential,semi-presidential,junta,electoral-authoritarian,parliamentary,0.830,0.800,0.800,0.800,0.800,0.800,0.774,0.400,0.500,0.800,81.5,60.9,92.5,100.0,100.0,100.0,96.2,82.0,54.8,100.0
2034-03-01,1.0054,0.9795,1.0098,0.9813,1.0424,0.9977,0.9894,1.0060,1.0118,0.9960,1.0049,0.9911,1.2455,1.0124,1.0456,1.0307,1.0618,1.1374,0.9910,1.0073,1.0239,1.0271,1.0437,0.9913,4201.58,5745.13,4503.89,3040.47,2458.82,1556.93,198.23,3208.81,2469.76,604.53,0.9824,0.5977,0.9526,1.2086,0.8200,0.2663,1.4027,0.3098,0.1647,-0.9393,0.6629,0.7052,0.6765,0.6499,0.7060,0.7431,0.4744,0.7012,0.7070,0.7061,0.0249,0.0255,0.0287,0.0381,0.0272,0.0109,0.0935,0.0013,0.0189,0.0086,0.9742,0.9741,0.9873,0.9739,0.9749,0.9958,0.9687,1.0000,0.9700,1.0000,63.23,204.97,84.14,59.42,73.32,15.96,5.66,282.83,82.10,87.11,0.0000,0.0000,0.0000,0.0000,0.0000,0.0000,0.4600,0.0408,0.0000,0.0000,104304,74663,53998,54750,86225,66964,95775,572442,131417,91336,0,0,0,0,0,0,0,0,0,0,0.0000,0.0000,0.0000,0.0000,0.0000,0.0000,0.0230,0.0184,0.0000,0.0000,0,0,0,0,0,0,0,1,0,0,0,0,0,0,0,0,1,1,0,0,0.1449,0.0867,0.1472,0.0701,0.1103,0.0305,0.0711,0.1224,0.0244,0.1367,0.000,0.000,0.000,0.000,0.000,0.000,0.000,0.128,0.000,0.000,semi-presidential,parliamentary,parliamentary,parliamentary,parliamentary,semi-presidential,semi-presidential,junta,electoral-authoritarian,parliamentary,0.820,0.800,0.800,0.800,0.800,0.800,0.783,0.400,0.500,0.800,84.4,63.7,95.1,100.0,100.0,100.0,98.3,85.4,58.0,100.0
2034-04-01,1.0111,0.9797,1.0109,0.9855,1.0356,1.0002,0.9908,1.0061,1.0097,0.9975,1.0066,0.9910,1.1680,1.0251,1.1016,1.0336,1.0552,1.0590,1.0810,1.0324,1.0216,1.0238,1.0978,0.9911,4214.95,5767.15,4511.43,3047.50,2471.58,1560.83,196.19,3214.27,2488.14,606.29,0.9797,0.5954,0.9511,1.2060,0.8159,0.2645,1.4182,0.3113,0.1628,-0.9510,0.6665,0.7116,0.6772,0.6494,0.7041,0.7336,0.4373,0.6777,0.6926,0.7112,0.0291,0.0217,0.0352,0.0358,0.0299,0.0058,0.0976,0.0023,0.0171,0.0172,0.9628,0.9640,0.9814,0.9644,0.9636,0.9880,0.9666,1.0000,0.9623,1.0000,65.07,207.00,84.96,60.77,75.39,16.07,5.70,291.87,84.00,89.08,0.0000,0.0000,0.0000,0.0000,0.0000,0.0000,0.4602,0.0410,0.0000,0.0000,104304,74663,53998,54750,86225,66964,95775,572442,131417,91336,0,0,0,0,0,0,0,0,0,0,0.0000,0.0000,0.0000,0.0000,0.0000,0.0000,0.0345,0.0299,0.0000,0.0000,0,0,0,0,0,0,0,1,0,0,0,0,0,0,0,0,1,1,0,0,0.1475,0.0914,0.1506,0.0714,0.1123,0.0308,0.0722,0.1237,0.0246,0.1373,0.000,0.000,0.000,0.000,0.000,0.000,0.000,0.129,0.000,0.000,semi-presidential,parliamentary,parliamentary,parliamentary,parliamentary,semi-presidential,semi-presidential,junta,electoral-authoritarian,parliamentary,0.810,0.800,0.800,0.800,0.800,0.800,0.795,0.400,0.500,0.800,87.3,66.5,97.6,100.0,100.0,100.0,100.0,89.5,61.1,100.0
2034-05-01,1.0165,0.9801,1.0112,0.9903,1.0309,1.0012,0.9928,1.0084,1.0102,0.9986,1.0083,0.9924,1.2598,1.0070,1.0471,1.0363,1.0492,1.0475,1.0471,1.0503,1.0223,1.0289,1.0472,0.9926,4223.59,5776.82,4526.78,3050.49,2480.49,1567.30,195.41,3223.48,2497.37,607.28,0.9777,0.5945,0.9479,1.2047,0.8131,0.2623,1.4245,0.3120,0.1614,-0.9638,0.6603,0.7156,0.6835,0.6428,0.7106,0.7431,0.4203,0.6901,0.6734,0.7054,0.0261,0.0223,0.0301,0.0350,0.0277,0.0092,0.0962,0.0020,0.0179,0.0138,0.9800,0.9794,0.9903,0.9788,0.9804,1.0000,0.9703,1.0000,0.9742,1.0000,63.76,208.34,86.14,59.42,74.67,16.37,5.57,286.36,83.25,88.25,0.0000,0.0000,0.0000,0.0000,0.0000,0.0000,0.4599,0.0408,0.0000,0.0000,104304,74663,53998,54750,86225,66964,95775,572442,131417,91336,0,0,0,0,0,0,0,0,0,0,0.0000,0.0000,0.0000,0.0000,0.0000,0.0000,0.0437,0.0391,0.0000,0.0000,0,0,0,0,0,0,0,1,0,0,0,0,0,0,0,0,1,1,0,0,0.1488,0.0929,0.1518,0.0723,0.1134,0.0374,0.0742,0.1249,0.0256,0.1380,0.000,0.000,0.000,0.000,0.000,0.000,0.000,0.129,0.000,0.000,semi-presidential,parliamentary,parliamentary,parliamentary,parliamentary,semi-presidential,semi-presidential,junta,electoral-authoritarian,parliamentary,0.801,0.800,0.800,0.800,0.800,0.800,0.800,0.400,0.500,0.800,90.1,69.3,100.0,100.0,100.0,100.0,100.0,92.9,64.1,100.0
2034-06-01,1.0203,0.9784,1.0094,0.9933,1.0283,1.0026,0.9940,1.0091,1.0073,0.9997,1.0104,0.9937,1.1392,1.0051,1.0456,1.0267,1.0468,1.0662,1.0199,1.0104,1.0193,1.0290,1.0712,0.9938,4232.71,5786.28,4540.17,3053.61,2497.01,1575.25,194.34,3237.14,2510.02,608.18,0.9754,0.5935,0.9451,1.2036,0.8078,0.2598,1.4330,0.3126,0.1599,-0.9769,0.6621,0.7276,0.6865,0.6623,0.7088,0.7450,0.4174,0.6774,0.7074,0.7033,0.0159,0.0136,0.0230,0.0235,0.0182,0.0020,0.0897,0.0016,0.0116,0.0105,0.9804,0.9797,0.9905,0.9793,0.9811,1.0000,0.9710,1.0000,0.9749,1.0000,66.00,214.27,90.31,63.00,78.61,16.72,5.63,298.14,85.43,91.01,0.0000,0.0000,0.0000,0.0000,0.0000,0.0000,0.4594,0.0412,0.0000,0.0000,104304,74663,53998,54750,86225,66964,95775,572442,131417,91336,0,0,0,0,0,0,0,0,0,0,0.0000,0.0000,0.0000,0.0000,0.0000,0.0000,0.0529,0.0506,0.0000,0.0000,0,0,0,0,0,0,0,1,0,0,0,0,0,0,0,0,1,1,0,0,0.1501,0.0947,0.1531,0.0745,0.1147,0.0388,0.0783,0.1258,0.0268,0.1383,0.000,0.000,0.000,0.000,0.000,0.000,0.000,0.128,0.000,0.000,semi-presidential,parliamentary,parliamentary,parliamentary,parliamentary,semi-presidential,semi-presidential,junta,electoral-authoritarian,parliamentary,0.800,0.800,0.800,0.800,0.800,0.800,0.800,0.400,0.500,0.800,93.0,72.1,100.0,92.7,100.0,100.0,100.0,97.1,67.2,100.0
2034-07-01,1.0215,0.9765,1.0075,0.9944,1.0242,1.0020,0.9948,1.0060,1.0057,1.0043,1.0113,0.9937,1.0993,1.0028,1.0432,1.0304,1.0433,1.0483,1.0412,1.0080,1.0213,1.0338,1.0398,0.9937,4237.63,5799.27,4561.82,3061.66,2502.05,1583.65,193.68,3244.28,2526.18,608.32,0.9741,0.5922,0.9404,1.2005,0.8061,0.2573,1.4384,0.3134,0.1581,-0.9912,0.6661,0.7068,0.6972,0.6601,0.7114,0.7546,0.4384,0.6869,0.6994,0.7033,0.0127,0.0112,0.0208,0.0223,0.0153,0.0000,0.0684,0.0017,0.0102,0.0100,0.9803,0.9797,0.9904,0.9791,0.9807,1.0000,0.9701,1.0000,0.9746,1.0000,65.89,213.36,89.04,62.63,78.14,16.55,5.49,299.05,86.20,91.67,0.0000,0.0000,0.0000,0.0000,0.0000,0.0000,0.4598,0.0407,0.0000,0.0000,104304,74663,53998,54750,86225,66964,95775,572442,131417,91336,0,0,0,0,0,0,0,0,0,0,0.0000,0.0000,0.0000,0.0000,0.0000,0.0000,0.0644,0.0598,0.0000,0.0000,0,0,0,0,0,0,0,1,0,0,0,0,0,0,0,0,1,1,0,0,0.1458,0.0924,0.1487,0.0721,0.1114,0.0373,0.0722,0.1221,0.0259,0.1383,0.000,0.000,0.000,0.000,0.000,0.000,0.000,0.129,0.000,0.000,semi-presidential,parliamentary,parliamentary,parliamentary,parliamentary,semi-presidential,semi-presidential,junta,electoral-authoritarian,parliamentary,0.800,0.835,0.800,0.800,0.800,0.800,0.800,0.400,0.500,0.800,95.9,63.4,100.0,96.3,100.0,100.0,100.0,100.0,70.3,100.0
2034-08-01,1.0207,0.9772,1.0047,0.9974,1.0192,1.0000,0.9977,1.0028,1.0041,1.0053,1.0114,0.9965,1.0998,1.0043,1.0413,1.0363,1.0376,1.0464,1.0734,1.0040,1.0156,1.0230,1.0144,0.9966,4251.94,5817.26,4562.83,3068.60,2516.32,1596.99,193.45,3247.85,2538.84,606.29,0.9709,0.5904,0.9402,1.1979,0.8017,0.2540,1.4405,0.3146,0.1566,-1.0090,0.6685,0.7265,0.6979,0.6632,0.7296,0.7650,0.4486,0.6799,0.7126,0.7019,0.0130,0.0117,0.0209,0.0241,0.0156,0.0000,0.0674,0.0015,0.0104,0.0105,0.9797,0.9791,0.9901,0.9784,0.9800,1.0000,0.9700,1.0000,0.9737,1.0000,65.57,211.36,86.51,61.17,77.26,16.16,5.62,297.55,85.99,91.00,0.0000,0.0000,0.0000,0.0000,0.0000,0.0000,0.4607,0.0414,0.0000,0.0000,104304,74663,53998,54750,86225,66964,95775,572442,131417,91336,0,0,0,0,0,0,0,0,0,0,0.0000,0.0000,0.0000,0.0000,0.0000,0.0000,0.0736,0.0690,0.0000,0.0000,0,0,0,0,0,0,0,1,0,0,0,0,0,0,0,0,1,1,0,0,0.1514,0.0952,0.1547,0.0747,0.1162,0.0390,0.0744,0.1240,0.0279,0.1383,0.000,0.000,0.000,0.000,0.000,0.000,0.000,0.128,0.000,0.000,semi-presidential,parliamentary,parliamentary,parliamentary,parliamentary,semi-presidential,semi-presidential,junta,electoral-authoritarian,parliamentary,0.800,0.826,0.800,0.800,0.800,0.800,0.800,0.400,0.500,0.800,98.8,66.2,100.0,99.9,100.0,100.0,100.0,100.0,73.5,100.0
2034-09-01,1.0207,0.9774,1.0046,1.0005,1.0143,0.9983,0.9996,1.0023,1.0024,1.0046,1.0108,0.9996,1.0987,1.0045,1.0414,1.0323,1.0332,1.0442,1.0242,1.0037,1.0139,1.0134,1.0123,0.9999,4269.54,5822.67,4578.80,3081.90,2525.96,1605.86,193.80,3253.39,2554.02,607.11,0.9719,0.5899,0.9368,1.1927,0.7988,0.2515,1.4382,0.3160,0.1549,-1.0221,0.6825,0.7368,0.7002,0.6651,0.7244,0.7704,0.4617,0.6603,0.7264,0.7008,0.0114,0.0110,0.0188,0.0212,0.0144,0.0000,0.0628,0.0011,0.0103,0.0080,0.9797,0.9792,0.9901,0.9785,0.9800,1.0000,0.9701,1.0000,0.9737,1.0000,65.23,211.49,87.43,61.79,77.19,16.16,5.61,295.91,86.06,91.29,0.0000,0.0000,0.0000,0.0000,0.0000,0.0000,0.4610,0.0421,0.0000,0.0000,104304,74663,53998,54750,86225,66964,95775,572442,131417,91336,0,0,0,0,0,0,0,0,0,0,0.0000,0.0000,0.0000,0.0000,0.0000,0.0000,0.0851,0.0805,0.0000,0.0000,0,0,0,0,0,0,0,1,0,0,0,0,0,0,0,0,1,1,0,0,0.1543,0.0980,0.1579,0.0782,0.1192,0.0413,0.0771,0.1265,0.0304,0.1384,0.000,0.000,0.000,0.000,0.000,0.000,0.000,0.126,0.000,0.000,semi-presidential,parliamentary,parliamentary,parliamentary,parliamentary,semi-presidential,semi-presidential,junta,electoral-authoritarian,parliamentary,0.800,0.816,0.800,0.800,0.800,0.800,0.800,0.400,0.500,0.800,100.0,69.1,100.0,100.0,100.0,100.0,100.0,100.0,76.8,100.0
2034-10-01,1.0197,0.9790,1.0033,1.0023,1.0076,0.9954,0.9999,1.0026,1.0035,1.0024,1.0085,1.0000,1.0989,1.0756,1.0405,1.0323,1.0258,1.0412,1.0016,1.0381,1.0450,1.0103,1.0103,1.0000,4286.75,5839.16,4592.41,3094.69,2538.14,1614.02,193.15,3263.65,2570.26,607.37,0.9680,0.5883,0.9340,1.1878,0.7961,0.2491,1.4431,0.3166,0.1532,-1.0361,0.6830,0.7407,0.7055,0.6665,0.7310,0.7786,0.4661,0.6759,0.7244,0.7030,0.0212,0.0189,0.0263,0.0272,0.0245,0.0064,0.0653,0.0025,0.0181,0.0100,0.9178,0.9224,0.9584,0.9247,0.9195,0.9545,0.9600,1.0000,0.9258,1.0000,65.66,213.23,89.48,63.58,78.40,16.18,5.58,298.59,87.07,91.53,0.0000,0.0000,0.0000,0.0000,0.0000,0.0000,0.4609,0.0422,0.0000,0.0000,104304,74663,53998,54750,86225,66964,95775,572442,131417,91336,0,0,0,0,0,0,0,0,0,0,0.0000,0.0000,0.0000,0.0000,0.0000,0.0000,0.0943,0.0897,0.0000,0.0000,0,0,0,0,0,0,0,1,0,0,0,0,0,0,0,0,1,1,0,0,0.1538,0.0982,0.1577,0.0790,0.1189,0.0410,0.0710,0.1254,0.0301,0.1378,0.000,0.000,0.000,0.000,0.000,0.000,0.000,0.126,0.000,0.000,semi-presidential,parliamentary,parliamentary,parliamentary,parliamentary,semi-presidential,semi-presidential,junta,electoral-authoritarian,parliamentary,0.800,0.806,0.800,0.800,0.800,0.800,0.800,0.400,0.500,0.800,100.0,72.1,100.0,100.0,100.0,100.0,100.0,100.0,80.1,100.0
2034-11-01,1.0214,0.9825,1.0045,1.0024,1.0019,0.9930,1.0003,1.0030,1.0042,1.0006,1.0078,0.9982,1.1154,1.1243,1.1078,1.0326,1.0202,1.0383,1.0020,1.0042,1.0157,1.0082,1.0092,0.9989,4284.62,5864.74,4614.61,3091.12,2547.60,1621.03,192.60,3267.43,2579.63,608.01,0.9686,0.5858,0.9295,1.1892,0.7934,0.2470,1.4472,0.3177,0.1519,-1.0495,0.6740,0.7395,0.7065,0.6611,0.7092,0.7780,0.4696,0.6756,0.7052,0.6984,0.0300,0.0266,0.0323,0.0361,0.0332,0.0110,0.0850,0.0010,0.0247,0.0077,0.8790,0.8865,0.9387,0.8896,0.8805,0.9244,0.9547,1.0000,0.8921,1.0000,67.02,214.96,90.66,64.50,80.38,16.31,5.69,305.76,88.08,91.52,0.0000,0.0000,0.0000,0.0000,0.0000,0.0000,0.4594,0.0421,0.0000,0.0000,104304,74663,53998,54750,86225,66964,95775,572442,131417,91336,0,0,0,0,0,0,0,0,0,0,0.0000,0.0000,0.0000,0.0000,0.0000,0.0000,0.1035,0.0989,0.0000,0.0000,0,0,0,0,0,0,0,1,0,0,0,0,0,0,0,0,1,1,0,0,0.1301,0.0896,0.1318,0.0659,0.0990,0.0365,0.0719,0.1249,0.0247,0.1368,0.000,0.000,0.000,0.000,0.000,0.000,0.000,0.127,0.000,0.000,semi-presidential,parliamentary,parliamentary,parliamentary,parliamentary,semi-presidential,semi-presidential,junta,electoral-authoritarian,parliamentary,0.800,0.800,0.800,0.800,0.800,0.800,0.800,0.400,0.500,0.800,100.0,75.0,100.0,100.0,100.0,100.0,100.0,100.0,83.2,100.0
2034-12-01,1.0233,0.9887,1.0062,1.0041,0.9992,0.9914,1.0000,1.0034,1.0047,1.0007,1.0082,0.9975,1.1601,1.1304,1.1156,1.0513,1.0173,1.0363,1.0084,1.0045,1.0238,1.0107,1.0096,0.9975,4291.78,5862.02,4614.63,3094.13,2551.67,1626.01,192.87,3278.48,2592.97,609.48,0.9671,0.5861,0.9295,1.1881,0.7923,0.2451,1.4451,0.3186,0.1504,-1.0615,0.6674,0.7345,0.6897,0.6398,0.6982,0.7797,0.4727,0.6750,0.6858,0.7126,0.0335,0.0310,0.0353,0.0446,0.0367,0.0132,0.0876,0.0013,0.0265,0.0084,0.8802,0.8880,0.9395,0.8910,0.8817,0.9257,0.9553,1.0000,0.8940,1.0000,66.85,211.32,87.26,62.05,78.44,16.43,5.76,303.15,88.02,90.83,0.0000,0.0000,0.0000,0.0000,0.0000,0.0000,0.4596,0.0417,0.0000,0.0000,104304,74663,53998,54750,86225,66964,95775,572442,131417,91336,0,0,0,0,0,0,0,0,0,0,0.0000,0.0000,0.0000,0.0000,0.0000,0.0000,0.1150,0.1104,0.0000,0.0000,0,0,0,0,0,0,0,1,0,0,0,0,0,0,0,0,1,1,0,0,0.1511,0.0992,0.1543,0.0752,0.1156,0.0438,0.0809,0.1293,0.0280,0.1393,0.000,0.000,0.000,0.000,0.000,0.000,0.000,0.128,0.000,0.000,semi-presidential,parliamentary,parliamentary,parliamentary,parliamentary,semi-presidential,semi-presidential,junta,electoral-authoritarian,parliamentary,0.800,0.800,0.800,0.800,0.800,0.800,0.800,0.400,0.500,0.800,100.0,68.8,100.0,100.0,100.0,100.0,100.0,100.0,86.3,100.0
2035-01-01,1.0240,0.9934,1.0084,1.0046,0.9976,0.9922,1.0002,1.0038,1.0054,1.0016,1.0061,0.9965,1.1012,1.1142,1.1151,1.0375,1.0155,1.0367,1.0243,1.0107,1.0168,1.0269,1.0079,0.9968,4304.31,5891.21,4622.10,3106.82,2555.23,1631.16,193.44,3278.57,2600.79,611.37,0.9645,0.5832,0.9281,1.1833,0.7913,0.2433,1.4411,0.3201,0.1492,-1.0728,0.6684,0.7328,0.6883,0.6329,0.6902,0.7805,0.4853,0.6860,0.6967,0.7062,0.0278,0.0238,0.0313,0.0346,0.0305,0.0084,0.0637,0.0013,0.0218,0.0092,0.8980,0.9045,0.9486,0.9073,0.8996,0.9397,0.9584,1.0000,0.9099,1.0000,66.44,214.85,89.78,63.52,78.91,16.65,5.47,301.98,88.32,92.88,0.0000,0.0000,0.0000,0.0000,0.0000,0.0000,0.4583,0.0410,0.0000,0.0000,104304,74663,53998,54750,86225,66964,95775,572442,131417,91336,0,0,0,0,0,0,0,0,0,0,0.0000,0.0000,0.0000,0.0000,0.0000,0.0000,0.1242,0.1196,0.0000,0.0000,0,0,0,0,0,0,0,1,0,0,0,0,0,0,0,0,1,1,0,0,0.1354,0.0915,0.1371,0.0676,0.1028,0.0402,0.0762,0.1237,0.0249,0.1391,0.000,0.000,0.000,0.000,0.000,0.000,0.000,0.129,0.000,0.000,semi-presidential,parliamentary,parliamentary,parliamentary,parliamentary,semi-presidential,semi-presidential,junta,electoral-authoritarian,parliamentary,0.800,0.800,0.800,0.800,0.800,0.800,0.800,0.400,0.500,0.800,100.0,71.7,100.0,100.0,100.0,100.0,100.0,100.0,89.4,100.0
2035-02-01,1.0239,0.9967,1.0098,1.0038,0.9967,0.9936,1.0009,1.0027,1.0026,1.0034,1.0029,0.9952,1.1017,1.0746,1.0460,1.0207,1.0204,1.0381,1.0342,1.0040,1.0143,1.0245,1.0046,0.9952,4313.32,5906.15,4628.09,3106.31,2564.95,1646.68,193.72,3288.60,2610.54,611.68,0.9626,0.5818,0.9271,1.1836,0.7884,0.2390,1.4393,0.3210,0.1479,-1.0868,0.6650,0.7308,0.6758,0.6407,0.6934,0.7741,0.4829,0.6616,0.7181,0.7055,0.0178,0.0153,0.0237,0.0205,0.0222,0.0045,0.0620,0.0013,0.0148,0.0097,0.9346,0.9382,0.9671,0.9401,0.9359,0.9677,0.9641,1.0000,0.9409,1.0000,66.72,218.35,92.90,66.91,81.08,16.47,5.61,306.59,89.54,93.53,0.0000,0.0000,0.0000,0.0000,0.0000,0.0000,0.4557,0.0410,0.0000,0.0000,104304,74663,53998,54750,86225,66964,95775,572442,131417,91336,0,0,0,0,0,0,0,0,0,0,0.0000,0.0000,0.0000,0.0000,0.0000,0.0000,0.1334,0.1311,0.0000,0.0000,0,0,0,0,0,0,0,1,0,0,0,0,0,0,0,0,1,1,0,0,0.1551,0.0995,0.1543,0.0770,0.1152,0.0426,0.0831,0.1255,0.0270,0.1367,0.000,0.000,0.000,0.000,0.000,0.000,0.000,0.130,0.000,0.000,semi-presidential,parliamentary,parliamentary,parliamentary,parliamentary,semi-presidential,semi-presidential,junta,electoral-authoritarian,parliamentary,0.800,0.800,0.800,0.800,0.800,0.800,0.800,0.400,0.500,0.800,100.0,74.6,100.0,100.0,100.0,100.0,100.0,100.0,92.6,100.0
2035-03-01,1.0256,0.9987,1.0098,1.0022,1.0003,0.9937,1.0010,1.0018,0.9998,1.0055,0.9995,0.9943,1.1069,1.0263,1.0459,1.0177,1.0490,1.0381,1.0147,1.0032,1.0112,1.0281,1.0013,0.9944,4335.51,5916.54,4628.09,3119.10,2572.23,1646.68,193.95,3294.84,2624.76,613.05,0.9578,0.5808,0.9271,1.1788,0.7862,0.2390,1.4377,0.3218,0.1463,-1.0990,0.6669,0.7257,0.6758,0.6445,0.6952,0.7741,0.4886,0.6440,0.7045,0.7096,0.0110,0.0097,0.0212,0.0199,0.0217,0.0000,0.0664,0.0012,0.0103,0.0183,0.9797,0.9792,0.9902,0.9784,0.9799,1.0000,0.9718,1.0000,0.9737,1.0000,67.54,218.49,92.53,67.65,82.00,16.22,5.57,311.93,90.55,93.75,0.0000,0.0000,0.0000,0.0000,0.0000,0.0000,0.4555,0.0410,0.0000,0.0000,104304,74663,53998,54750,86225,66964,95775,572442,131417,91336,0,0,0,0,0,0,0,0,0,0,0.0000,0.0000,0.0000,0.0000,0.0000,0.0000,0.1426,0.1403,0.0000,0.0000,0,0,0,0,0,0,0,1,0,0,0,0,0,0,0,0,1,1,0,0,0.1285,0.0863,0.1266,0.0635,0.0945,0.0371,0.0791,0.1236,0.0222,0.1369,0.000,0.000,0.000,0.000,0.000,0.000,0.000,0.131,0.000,0.000,semi-presidential,parliamentary,parliamentary,parliamentary,parliamentary,semi-presidential,semi-presidential,junta,electoral-authoritarian,parliamentary,0.800,0.800,0.800,0.800,0.800,0.800,0.800,0.400,0.500,0.800,100.0,77.5,100.0,100.0,100.0,100.0,100.0,100.0,95.8,100.0
2035-04-01,1.0268,0.9975,1.0087,0.9997,1.0042,0.9962,1.0029,0.9995,0.9986,1.0066,0.9954,0.9931,1.1043,1.0251,1.0454,0.9999,1.0424,1.1449,1.0522,1.0012,1.0098,1.0155,0.9977,0.9931,4348.39,5934.45,4623.69,3129.26,2589.36,1657.61,193.57,3300.23,2640.74,612.27,0.9552,0.5791,0.9281,1.1750,0.7811,0.2391,1.4407,0.3228,0.1447,-1.1151,0.6678,0.7286,0.6614,0.6673,0.6997,0.7679,0.4922,0.6800,0.7054,0.7042,0.0139,0.0118,0.0141,0.0196,0.0210,0.0013,0.0599,0.0013,0.0108,0.0155,0.9796,0.9790,0.9901,0.9785,0.9801,1.0000,0.9724,1.0000,0.9739,1.0000,66.78,217.04,91.05,66.63,80.30,16.13,5.72,306.88,90.04,93.59,0.0000,0.0000,0.0000,0.0000,0.0000,0.0000,0.4558,0.0416,0.0000,0.0000,104304,74663,53998,54750,86225,66964,95775,572442,131417,91336,0,0,0,0,0,0,0,0,0,0,0.0000,0.0000,0.0000,0.0000,0.0000,0.0000,0.1541,0.1495,0.0000,0.0000,0,0,0,0,0,0,0,1,0,0,0,0,0,0,0,0,1,1,0,0,0.1521,0.0976,0.1523,0.0753,0.1124,0.0406,0.0825,0.1241,0.0254,0.1357,0.000,0.000,0.000,0.000,0.000,0.000,0.000,0.132,0.000,0.000,semi-presidential,parliamentary,parliamentary,parliamentary,parliamentary,semi-presidential,semi-presidential,junta,electoral-authoritarian,parliamentary,0.800,0.800,0.800,0.800,0.800,0.800,0.800,0.400,0.500,0.800,100.0,80.4,100.0,100.0,100.0,100.0,100.0,100.0,98.9,100.0
2035-05-01,1.0252,0.9986,1.0053,0.9964,1.0067,0.9996,1.0037,0.9975,0.9994,1.0048,0.9913,0.9908,1.1018,1.0266,1.0423,0.9969,1.0464,1.0544,1.0075,0.9988,1.0537,1.0133,0.9935,0.9914,4358.32,5926.30,4641.94,3127.13,2585.64,1665.45,193.40,3309.34,2652.34,612.29,0.9531,0.5799,0.9246,1.1758,0.7823,0.2369,1.4422,0.3234,0.1433,-1.1297,0.6625,0.7219,0.6691,0.6655,0.6757,0.7693,0.4830,0.6551,0.6928,0.7022,0.0108,0.0098,0.0115,0.0186,0.0204,0.0001,0.0580,0.0027,0.0117,0.0154,0.9793,0.9788,0.9900,0.9781,0.9797,1.0000,0.9723,1.0000,0.9734,1.0000,65.82,214.66,88.34,65.42,79.44,15.86,5.56,303.37,90.15,93.56,0.0000,0.0000,0.0000,0.0000,0.0000,0.0000,0.4558,0.0417,0.0000,0.0000,104304,74663,53998,54750,86225,66964,95775,572442,131417,91336,0,0,0,0,0,0,0,0,0,0,0.0000,0.0000,0.0000,0.0000,0.0000,0.0000,0.1633,0.1587,0.0000,0.0000,0,0,0,0,0,0,0,1,0,0,0,0,0,0,0,0,1,1,0,0,0.1179,0.0805,0.1168,0.0576,0.0867,0.0332,0.0771,0.1168,0.0192,0.1358,0.000,0.000,0.000,0.000,0.000,0.000,0.000,0.134,0.000,0.000,semi-presidential,parliamentary,parliamentary,parliamentary,parliamentary,semi-presidential,semi-presidential,junta,electoral-authoritarian,parliamentary,0.800,0.800,0.800,0.800,0.800,0.800,0.727,0.400,0.500,0.800,100.0,83.2,100.0,100.0,100.0,100.0,100.0,100.0,100.0,100.0
2035-06-01,1.0215,0.9983,1.0009,0.9937,1.0086,0.9992,1.0023,0.9978,1.0030,1.0018,0.9892,0.9892,1.0973,1.0264,1.0381,1.0099,1.0359,1.0443,1.0042,1.0005,1.0801,1.0086,0.9907,0.9892,4352.99,5909.41,4647.52,3122.14,2593.77,1670.66,193.83,3312.39,2665.98,613.36,0.9545,0.5816,0.9237,1.1775,0.7799,0.2353,1.4392,0.3249,0.1419,-1.1423,0.6529,0.7182,0.6543,0.6516,0.6783,0.7788,0.4889,0.6493,0.6871,0.6987,0.0107,0.0096,0.0202,0.0165,0.0181,0.0000,0.0585,0.0036,0.0124,0.0113,0.9793,0.9788,0.9900,0.9780,0.9796,1.0000,0.9721,1.0000,0.9733,1.0000,65.87,214.87,89.67,65.15,79.09,16.05,5.48,302.24,90.48,93.40,0.0000,0.0000,0.0000,0.0000,0.0000,0.0000,0.4556,0.0419,0.0000,0.0000,104304,74663,53998,54750,86225,66964,95775,572442,131417,91336,0,0,0,0,0,0,0,0,0,0,0.0000,0.0000,0.0000,0.0000,0.0000,0.0000,0.1748,0.1702,0.0000,0.0000,0,0,0,0,0,0,0,1,0,0,0,0,0,0,0,0,1,1,0,0,0.1469,0.0936,0.1466,0.0712,0.1086,0.0377,0.0799,0.1183,0.0227,0.1358,0.000,0.000,0.000,0.000,0.000,0.000,0.000,0.135,0.000,0.000,semi-presidential,parliamentary,parliamentary,parliamentary,parliamentary,semi-presidential,semi-presidential,junta,electoral-authoritarian,parliamentary,0.800,0.800,0.800,0.800,0.800,0.800,0.738,0.400,0.500,0.800,100.0,86.0,100.0,100.0,100.0,100.0,100.0,100.0,100.0,100.0
2035-07-01,1.0182,0.9982,0.9991,0.9912,1.0091,0.9977,1.0001,0.9974,1.0044,1.0007,0.9891,0.9888,1.0933,1.0259,1.0358,1.0072,1.0344,1.0425,1.0023,0.9989,1.0158,1.0098,1.0040,0.9889,4363.45,5926.45,4653.78,3132.63,2599.68,1680.44,193.43,3315.82,2679.42,613.42,0.9525,0.5800,0.9226,1.1734,0.7782,0.2330,1.4424,0.3261,0.1404,-1.1568,0.6708,0.7255,0.6574,0.6452,0.6889,0.7793,0.4940,0.6515,0.6845,0.6920,0.0109,0.0096,0.0195,0.0153,0.0159,0.0000,0.0559,0.0011,0.0101,0.0093,0.9796,0.9790,0.9902,0.9786,0.9802,1.0000,0.9731,1.0000,0.9740,1.0000,66.02,215.43,89.67,64.97,78.83,16.17,5.62,301.33,90.37,93.29,0.0000,0.0000,0.0000,0.0000,0.0000,0.0000,0.4558,0.0415,0.0000,0.0000,104304,74663,53998,54750,86225,66964,95775,572442,131417,91336,0,0,0,0,0,0,0,0,0,0,0.0000,0.0000,0.0000,0.0000,0.0000,0.0000,0.1840,0.1794,0.0000,0.0000,0,0,0,0,0,0,0,1,0,0,0,0,0,0,0,0,1,1,0,0,0.1456,0.0928,0.1450,0.0703,0.1071,0.0375,0.0796,0.1212,0.0223,0.1358,0.000,0.000,0.000,0.000,0.000,0.000,0.000,0.132,0.000,0.000,semi-presidential,parliamentary,parliamentary,parliamentary,parliamentary,semi-presidential,semi-presidential,junta,electoral-authoritarian,parliamentary,0.800,0.800,0.800,0.800,0.800,0.800,0.748,0.400,0.500,0.800,100.0,88.9,100.0,100.0,100.0,100.0,100.0,100.0,100.0,100.0
2035-08-01,1.0157,0.9965,0.9967,0.9888,1.0099,0.9960,0.9979,0.9969,1.0041,1.0004,0.9913,0.9914,1.0925,1.0243,1.0336,1.0050,1.0337,1.0406,0.9997,0.9985,1.0155,1.0146,1.0603,0.9916,4383.22,5948.94,4655.27,3133.53,2604.52,1691.08,193.26,3322.02,2691.36,613.08,0.9485,0.5779,0.9224,1.1731,0.7766,0.2307,1.4438,0.3270,0.1391,-1.1720,0.6735,0.7279,0.6653,0.6488,0.6876,0.7812,0.4971,0.6407,0.6892,0.6928,0.0128,0.0096,0.0217,0.0151,0.0168,0.0000,0.0598,0.0014,0.0102,0.0117,0.9797,0.9791,0.9902,0.9786,0.9803,1.0000,0.9731,1.0000,0.9740,1.0000,66.77,216.37,89.85,65.33,79.96,16.08,5.59,305.92,91.24,92.93,0.0000,0.0000,0.0000,0.0000,0.0000,0.0000,0.4558,0.0416,0.0000,0.0000,104304,74663,53998,54750,86225,66964,95775,572442,131417,91336,0,0,0,0,0,0,0,0,0,0,0.0000,0.0000,0.0000,0.0000,0.0000,0.0000,0.1932,0.1886,0.0000,0.0000,0,0,0,0,0,0,0,1,0,0,0,0,0,0,0,0,1,1,0,0,0.1516,0.0959,0.1507,0.0735,0.1120,0.0433,0.0814,0.1246,0.0244,0.1365,0.000,0.000,0.000,0.000,0.000,0.000,0.000,0.131,0.000,0.000,semi-presidential,parliamentary,parliamentary,parliamentary,parliamentary,semi-presidential,semi-presidential,junta,electoral-authoritarian,parliamentary,0.800,0.800,0.800,0.800,0.800,0.800,0.757,0.400,0.500,0.800,100.0,91.7,100.0,100.0,100.0,100.0,100.0,100.0,100.0,100.0
2035-09-01,1.0171,0.9958,0.9948,0.9880,1.0085,0.9944,0.9957,0.9958,1.0056,1.0003,0.9945,0.9928,1.1111,1.0236,1.0316,1.0066,1.0263,1.0392,0.9976,0.9972,1.0628,1.0092,1.0199,0.9930,4402.73,5967.11,4674.51,3150.09,2610.62,1699.59,193.06,3325.03,2709.57,614.38,0.9446,0.5761,0.9188,1.1670,0.7747,0.2288,1.4455,0.3286,0.1374,-1.1840,0.6767,0.7317,0.6788,0.6641,0.6881,0.7856,0.5004,0.6469,0.7048,0.6926,0.0125,0.0108,0.0208,0.0162,0.0166,0.0007,0.0689,0.0029,0.0124,0.0091,0.9795,0.9790,0.9901,0.9784,0.9800,1.0000,0.9725,1.0000,0.9737,1.0000,68.32,217.86,90.05,66.42,81.62,16.04,5.78,314.12,93.43,92.98,0.0000,0.0000,0.0000,0.0000,0.0000,0.0000,0.4558,0.0415,0.0000,0.0000,104304,74663,53998,54750,86225,66964,95775,572442,131417,91336,0,0,0,0,0,0,0,0,0,0,0.0000,0.0000,0.0000,0.0000,0.0000,0.0000,0.2047,0.2001,0.0000,0.0000,0,0,0,0,0,0,0,1,0,0,0,0,0,0,0,0,1,1,0,0,0.1532,0.0970,0.1521,0.0746,0.1135,0.0442,0.0776,0.1280,0.0255,0.1374,0.000,0.000,0.000,0.000,0.000,0.000,0.000,0.131,0.000,0.000,semi-presidential,parliamentary,parliamentary,parliamentary,parliamentary,semi-presidential,semi-presidential,junta,electoral-authoritarian,parliamentary,0.800,0.800,0.800,0.800,0.800,0.800,0.768,0.400,0.500,0.800,100.0,94.6,100.0,100.0,30.0,100.0,100.0,100.0,100.0,100.0
2035-10-01,1.0209,0.9968,0.9950,0.9867,1.0048,0.9933,0.9950,0.9934,1.0057,1.0007,0.9958,0.9936,1.1850,1.0276,1.0316,1.0033,1.0222,1.0373,1.0093,0.9952,1.0170,1.0123,1.0193,0.9936,4410.65,5970.20,4689.98,3165.47,2620.08,1716.19,192.84,3335.98,2722.50,615.86,0.9432,0.5759,0.9158,1.1613,0.7716,0.2253,1.4473,0.3290,0.1360,-1.1957,0.6793,0.7352,0.6800,0.6671,0.6935,0.7944,0.4879,0.6443,0.7082,0.6998,0.0179,0.0151,0.0236,0.0187,0.0206,0.0046,0.0835,0.0012,0.0136,0.0082,0.9766,0.9765,0.9886,0.9760,0.9770,0.9977,0.9716,1.0000,0.9718,1.0000,67.35,215.74,88.87,65.82,80.77,15.85,5.72,310.66,93.36,92.27,0.0000,0.0000,0.0000,0.0000,0.0000,0.0000,0.4556,0.0414,0.0000,0.0000,104304,74663,53998,54750,86225,66964,95775,572442,131417,91336,0,0,0,0,0,0,0,0,0,0,0.0000,0.0000,0.0000,0.0000,0.0000,0.0000,0.2139,0.2093,0.0000,0.0000,0,0,0,0,0,0,0,1,0,0,0,0,0,0,0,0,1,1,0,0,0.1533,0.0974,0.1523,0.0750,0.1138,0.0440,0.0752,0.1321,0.0256,0.1363,0.000,0.000,0.000,0.000,0.000,0.000,0.000,0.127,0.000,0.000,semi-presidential,parliamentary,parliamentary,parliamentary,parliamentary,semi-presidential,semi-presidential,junta,electoral-authoritarian,parliamentary,0.800,0.800,0.800,0.800,0.800,0.800,0.777,0.400,0.500,0.800,100.0,97.5,100.0,100.0,33.6,100.0,100.0,100.0,100.0,100.0
2035-11-01,1.0235,0.9992,0.9969,0.9846,0.9988,0.9920,0.9960,0.9910,1.0054,1.0029,0.9976,0.9936,1.1314,1.0425,1.1647,0.9850,1.0168,1.0354,0.9977,0.9924,1.0403,1.0229,1.0310,0.9937,4421.94,5988.17,4700.74,3175.75,2632.29,1723.65,192.12,3342.08,2738.55,617.99,0.9407,0.5742,0.9139,1.1577,0.7674,0.2239,1.4528,0.3303,0.1345,-1.2062,0.6732,0.7332,0.6932,0.6623,0.7010,0.7938,0.4809,0.6530,0.6932,0.6989,0.0243,0.0171,0.0208,0.0261,0.0276,0.0027,0.0833,0.0022,0.0185,0.0107,0.9654,0.9663,0.9829,0.9666,0.9662,0.9898,0.9700,1.0000,0.9639,1.0000,68.10,216.06,86.88,66.49,82.35,15.63,5.57,316.27,94.35,93.76,0.0000,0.0000,0.0000,0.0000,0.0000,0.0000,0.4551,0.0406,0.0000,0.0000,104304,74663,53998,54750,86225,66964,95775,572442,131417,91336,0,0,0,0,0,0,0,0,0,0,0.0000,0.0000,0.0000,0.0000,0.0000,0.0000,0.2231,0.2208,0.0000,0.0000,0,0,0,0,0,0,0,1,0,0,0,0,0,0,0,0,1,1,0,0,0.1528,0.0973,0.1531,0.0750,0.1138,0.0433,0.0721,0.1327,0.0253,0.1354,0.000,0.000,0.000,0.000,0.000,0.000,0.000,0.128,0.000,0.000,semi-presidential,parliamentary,parliamentary,parliamentary,parliamentary,semi-presidential,semi-presidential,junta,electoral-authoritarian,parliamentary,0.800,0.800,0.800,0.800,0.800,0.800,0.787,0.400,0.500,0.800,100.0,100.0,100.0,100.0,40.8,30.0,100.0,30.6,100.0,100.0
2035-12-01,1.0241,1.0014,1.0018,0.9830,0.9926,0.9917,0.9953,0.9893,1.0063,1.0042,0.9993,0.9948,1.1020,1.0782,1.1719,1.0012,1.0107,1.0352,1.0151,0.9907,1.0496,1.0175,1.0702,0.9950,4433.25,5995.33,4715.61,3180.50,2648.61,1735.65,191.76,3344.94,2752.34,617.94,0.9383,0.5735,0.9111,1.1561,0.7626,0.2217,1.4558,0.3314,0.1331,-1.2209,0.6698,0.7347,0.6863,0.6568,0.6996,0.7965,0.4856,0.6433,0.7171,0.6987,0.0284,0.0193,0.0355,0.0284,0.0312,0.0043,0.0636,0.0028,0.0210,0.0136,0.9369,0.9401,0.9684,0.9418,0.9383,0.9690,0.9660,1.0000,0.9418,1.0000,67.78,218.70,88.46,65.80,81.07,15.65,5.55,312.61,94.62,93.87,0.0000,0.0000,0.0000,0.0000,0.0000,0.0000,0.4555,0.0413,0.0000,0.0000,104304,74663,53998,54750,86225,66964,95775,572442,131417,91336,0,0,0,0,0,0,0,0,0,0,0.0000,0.0000,0.0000,0.0000,0.0000,0.0000,0.2346,0.2300,0.0000,0.0000,0,0,0,0,0,0,0,1,0,0,0,0,0,0,0,0,1,1,0,0,0.1542,0.0983,0.1537,0.0755,0.1139,0.0442,0.0735,0.1314,0.0260,0.1366,0.000,0.000,0.000,0.000,0.000,0.000,0.000,0.128,0.000,0.000,semi-presidential,parliamentary,parliamentary,parliamentary,parliamentary,semi-presidential,semi-presidential,junta,electoral-authoritarian,parliamentary,0.800,0.800,0.800,0.800,0.800,0.800,0.798,0.400,0.500,0.800,100.0,100.0,100.0,100.0,44.4,33.4,100.0,33.0,100.0,100.0
2036-01-01,1.0220,1.0044,1.0054,0.9832,0.9877,0.9917,0.9975,0.9892,1.0069,1.0037,1.0025,0.9965,1.0962,1.0942,1.1721,1.0160,1.0049,1.0351,1.0366,1.0225,1.0213,1.0122,1.1358,0.9966,4438.43,6004.37,4732.55,3181.89,2652.61,1750.45,191.28,3353.70,2760.47,619.10,0.9374,0.5727,0.9077,1.1557,0.7614,0.2192,1.4595,0.3320,0.1319,-1.2332,0.6679,0.7316,0.6806,0.6534,0.6940,0.7983,0.4914,0.6366,0.7048,0.6898,0.0337,0.0224,0.0408,0.0341,0.0342,0.0055,0.0653,0.0023,0.0210,0.0185,0.9258,0.9300,0.9628,0.9320,0.9273,0.9608,0.9646,1.0000,0.9327,1.0000,66.52,214.50,85.05,62.46,78.34,15.95,5.40,304.33,93.12,93.73,0.0000,0.0000,0.0000,0.0000,0.0000,0.0000,0.4550,0.0415,0.0000,0.0000,104304,74663,53998,54750,86225,66964,95775,572442,131417,91336,0,0,0,0,0,0,0,0,0,0,0.0000,0.0000,0.0000,0.0000,0.0000,0.0000,0.2438,0.2392,0.0000,0.0000,0,0,0,0,0,0,0,1,0,0,0,0,0,0,0,0,1,1,0,0,0.1559,0.0987,0.1546,0.0754,0.1161,0.0456,0.0768,0.1312,0.0275,0.1395,0.000,0.000,0.000,0.000,0.000,0.000,0.000,0.127,0.000,0.000,semi-presidential,parliamentary,parliamentary,parliamentary,parliamentary,semi-presidential,semi-presidential,junta,electoral-authoritarian,parliamentary,0.800,0.800,0.800,0.800,0.800,0.800,0.800,0.400,0.500,0.800,100.0,100.0,100.0,100.0,48.0,36.8,100.0,35.4,100.0,100.0
