date,price_oil,price_gas,price_coal,price_electricity,price_food,price_critical-minerals,price_steel,price_consumer-goods,price_electronics,price_arms,price_pharma,price_services,import_price_oil,import_price_gas,import_price_coal,import_price_electricity,import_price_food,import_price_critical-minerals,import_price_steel,import_price_consumer-goods,import_price_electronics,import_price_arms,import_price_pharma,import_price_services,gdp_FRA,gdp_DEU,gdp_GBR,gdp_ITA,gdp_ESP,gdp_POL,gdp_UKR,gdp_RUS,gdp_TUR,gdp_NOR,debt_FRA,debt_DEU,debt_GBR,debt_ITA,debt_ESP,debt_POL,debt_UKR,debt_RUS,debt_TUR,debt_NOR,stability_FRA,stability_DEU,stability_GBR,stability_ITA,stability_ESP,stability_POL,stability_UKR,stability_RUS,stability_TUR,stability_NOR,shortage_FRA,shortage_DEU,shortage_GBR,shortage_ITA,shortage_ESP,shortage_POL,shortage_UKR,shortage_RUS,shortage_TUR,shortage_NOR,gas_coverage_FRA,gas_coverage_DEU,gas_coverage_GBR,gas_coverage_ITA,gas_coverage_ESP,gas_coverage_POL,gas_coverage_UKR,gas_coverage_RUS,gas_coverage_TUR,gas_coverage_NOR,maritime_trade_FRA,maritime_trade_DEU,maritime_trade_GBR,maritime_trade_ITA,maritime_trade_ESP,maritime_trade_POL,maritime_trade_UKR,maritime_trade_RUS,maritime_trade_TUR,maritime_trade_NOR,blockade_FRA,blockade_DEU,blockade_GBR,blockade_ITA,blockade_ESP,blockade_POL,blockade_UKR,blockade_RUS,blockade_TUR,blockade_NOR,tiles_FRA,tiles_DEU,tiles_GBR,tiles_ITA,tiles_ESP,tiles_POL,tiles_UKR,tiles_RUS,tiles_TUR,tiles_NOR,contested_FRA,contested_DEU,contested_GBR,contested_ITA,contested_ESP,contested_POL,contested_UKR,contested_RUS,contested_TUR,contested_NOR,exhaustion_FRA,exhaustion_DEU,exhaustion_GBR,exhaustion_ITA,exhaustion_ESP,exhaustion_POL,exhaustion_UKR,exhaustion_RUS,exhaustion_TUR,exhaustion_NOR,sanctions_against_FRA,sanctions_against_DEU,sanctions_against_GBR,sanctions_against_ITA,sanctions_against_ESP,sanctions_against_POL,sanctions_against_UKR,sanctions_against_RUS,sanctions_against_TUR,sanctions_against_NOR,at_war_FRA,at_war_DEU,at_war_GBR,at_war_ITA,at_war_ESP,at_war_POL,at_war_UKR,at_war_RUS,at_war_TUR,at_war_NOR,export_share_FRA,export_share_DEU,export_share_GBR,export_share_ITA,export_share_ESP,export_share_POL,export_share_UKR,export_share_RUS,export_share_TUR,export_share_NOR,circumvention_FRA,circumvention_DEU,circumvention_GBR,circumvention_ITA,circumvention_ESP,circumvention_POL,circumvention_UKR,circumvention_RUS,circumvention_TUR,circumvention_NOR,regime_FRA,regime_DEU,regime_GBR,regime_ITA,regime_ESP,regime_POL,regime_UKR,regime_RUS,regime_TUR,regime_NOR,legitimacy_FRA,legitimacy_DEU,legitimacy_GBR,legitimacy_ITA,legitimacy_ESP,legitimacy_POL,legitimacy_UKR,legitimacy_RUS,legitimacy_TUR,legitimacy_NOR,capital_FRA,capital_DEU,capital_GBR,capital_ITA,capital_ESP,capital_POL,capital_UKR,capital_RUS,capital_TUR,capital_NOR
2026-01-01,1.0000,1.0000,1.0000,1.0000,1.0000,1.0000,1.0000,1.0000,1.0000,1.0000,1.0000,1.0000,1.0000,1.0000,1.0001,1.0298,1.0000,1.0000,1.0170,1.0170,1.0221,1.0232,1.0170,1.0000,3366.32,5050.92,4002.59,2551.56,1906.45,1035.49,214.23,2561.31,1597.29,530.76,1.1600,0.6290,1.0230,1.3710,1.0040,0.5880,1.0870,0.1720,0.2350,0.4500,0.6600,0.7169,0.6747,0.6374,0.6767,0.7200,0.6678,0.6750,0.6750,0.7200,0.0019,0.0004,0.0179,0.0017,0.0019,0.0000,0.0027,0.0012,0.0009,0.0031,1.0000,1.0000,1.0000,1.0000,1.0000,1.0000,1.0000,1.0000,1.0000,1.0000,53.01,188.04,79.00,54.35,61.58,9.29,7.94,244.34,57.59,79.61,0.0000,0.0000,0.0000,0.0000,0.0000,0.0000,0.0000,0.0000,0.0000,0.0000,104304,74663,53998,54750,86225,66964,95775,572442,131417,91336,0,0,0,0,0,0,0,0,0,0,0.0000,0.0000,0.0000,0.0000,0.0000,0.0000,0.0000,0.0000,0.0000,0.0000,0,0,0,0,0,0,0,0,0,0,0,0,0,0,0,0,1,1,0,0,0.1189,0.0741,0.1337,0.0482,0.0865,0.0115,0.0806,0.1079,0.0015,0.1360,0.000,0.000,0.000,0.000,0.000,0.000,0.000,0.000,0.000,0.000,semi-presidential,parliamentary,parliamentary,parliamentary,parliamentary,semi-presidential,semi-presidential,electoral-authoritarian,electoral-authoritarian,parliamentary,0.800,0.800,0.800,0.800,0.800,0.800,0.800,0.500,0.500,0.800,30.0,30.0,30.0,30.0,30.0,30.0,30.0,30.0,30.0,30.0
2026-02-01,1.0031,1.0022,0.9993,1.0008,0.9996,1.0010,1.0014,1.0015,1.0005,1.0041,1.0008,1.0007,1.1616,1.0846,1.0350,1.0468,1.0258,1.0561,1.0323,1.0248,1.0139,1.0821,1.0024,1.0007,3365.20,5051.86,4005.45,2551.65,1905.86,1036.25,212.48,2560.05,1602.02,530.51,1.1606,0.6290,1.0231,1.3724,1.0054,0.5885,1.0984,0.1744,0.2346,0.4365,0.6589,0.7156,0.6649,0.6250,0.6639,0.7162,0.5877,0.6801,0.6657,0.7090,0.0245,0.0218,0.0355,0.0298,0.0282,0.0087,0.0880,0.0017,0.0203,0.0123,0.9309,0.9351,0.9647,0.9379,0.9326,0.9651,0.9586,1.0000,0.9409,1.0000,50.01,179.14,74.91,52.16,58.25,9.25,5.68,231.33,55.45,77.43,0.0000,0.0000,0.0000,0.0000,0.0000,0.0000,0.4587,0.0408,0.0000,0.0000,104304,74663,53998,54750,86225,66964,95775,572442,131417,91336,0,0,0,0,0,0,0,0,0,0,0.0000,0.0000,0.0000,0.0000,0.0000,0.0000,0.0092,0.0092,0.0000,0.0000,0,0,0,0,0,0,0,1,0,0,0,0,0,0,0,0,1,1,0,0,0.1192,0.0734,0.1341,0.0483,0.0868,0.0121,0.0711,0.1029,0.0015,0.1336,0.000,0.000,0.000,0.000,0.000,0.000,0.032,0.147,0.000,0.000,semi-presidential,parliamentary,parliamentary,parliamentary,parliamentary,semi-presidential,semi-presidential,electoral-authoritarian,electoral-authoritarian,parliamentary,0.800,0.800,0.800,0.800,0.800,0.800,0.840,0.500,0.500,0.800,30.2,30.4,30.6,31.2,31.4,31.7,23.5,33.0,33.1,32.6
2026-03-01,1.0051,1.0060,0.9973,0.9996,0.9993,1.0008,1.0007,1.0004,0.9990,1.0066,0.9988,1.0018,1.1307,1.1328,1.0332,0.9998,1.0254,1.0559,1.0026,1.0022,1.0135,1.0483,1.0008,1.0024,3377.01,5064.96,4005.40,2551.11,1907.50,1036.88,211.67,2561.27,1607.24,531.06,1.1604,0.6290,1.0263,1.3773,1.0066,0.5861,1.1043,0.1766,0.2339,0.4215,0.6498,0.7029,0.6538,0.6146,0.6558,0.7139,0.5364,0.6572,0.6697,0.7035,0.0255,0.0231,0.0175,0.0281,0.0299,0.0107,0.0864,0.0013,0.0206,0.0099,0.8930,0.9007,0.9453,0.9044,0.8944,0.9374,0.9525,1.0000,0.9107,1.0000,50.74,182.75,75.98,53.04,60.41,9.12,5.87,235.97,56.45,78.70,0.0000,0.0000,0.0000,0.0000,0.0000,0.0000,0.4587,0.0411,0.0000,0.0000,104304,74663,53998,54750,86225,66964,95775,572442,131417,91336,0,0,0,0,0,0,0,0,0,0,0.0000,0.0000,0.0000,0.0000,0.0000,0.0000,0.0184,0.0184,0.0000,0.0000,0,0,0,0,0,0,0,1,0,0,0,0,0,0,0,0,1,1,0,0,0.1195,0.0749,0.1351,0.0498,0.0875,0.0126,0.0717,0.1025,0.0015,0.1327,0.000,0.000,0.000,0.000,0.000,0.000,0.034,0.147,0.000,0.000,semi-presidential,parliamentary,parliamentary,parliamentary,parliamentary,semi-presidential,semi-presidential,electoral-authoritarian,electoral-authoritarian,parliamentary,0.800,0.800,0.800,0.800,0.800,0.800,0.831,0.500,0.500,0.800,33.4,33.2,33.1,34.7,34.6,34.8,26.4,36.1,36.8,35.4
2026-04-01,1.0078,1.0120,0.9975,0.9981,0.9997,1.0011,1.0006,1.0010,0.9963,1.0097,0.9974,1.0014,1.0962,1.1583,1.0568,0.9984,1.0402,1.0561,1.0022,1.0246,1.0098,1.0378,0.9990,1.0018,3374.96,5066.48,4009.18,2544.93,1905.46,1038.69,210.87,2562.23,1616.58,531.71,1.1648,0.6304,1.0282,1.3850,1.0098,0.5830,1.1102,0.1787,0.2326,0.4065,0.6437,0.6879,0.6474,0.5930,0.6324,0.6947,0.4941,0.6419,0.6579,0.6947,0.0280,0.0238,0.0213,0.0325,0.0355,0.0105,0.0844,0.0014,0.0220,0.0161,0.8763,0.8855,0.9369,0.8895,0.8774,0.9252,0.9503,1.0000,0.8969,1.0000,51.35,184.62,78.87,53.52,60.45,9.16,5.88,238.31,56.69,79.48,0.0000,0.0000,0.0000,0.0000,0.0000,0.0000,0.4590,0.0411,0.0000,0.0000,104304,74663,53998,54750,86225,66964,95775,572442,131417,91336,0,0,0,0,0,0,0,0,0,0,0.0000,0.0000,0.0000,0.0000,0.0000,0.0000,0.0276,0.0276,0.0000,0.0000,0,0,0,0,0,0,0,1,0,0,0,0,0,0,0,0,1,1,0,0,0.1194,0.0747,0.1348,0.0496,0.0873,0.0123,0.0725,0.1033,0.0015,0.1332,0.000,0.000,0.000,0.000,0.000,0.000,0.033,0.147,0.000,0.000,semi-presidential,parliamentary,parliamentary,parliamentary,parliamentary,semi-presidential,semi-presidential,electoral-authoritarian,electoral-authoritarian,parliamentary,0.800,0.800,0.800,0.800,0.800,0.800,0.822,0.500,0.500,0.800,36.6,35.9,35.5,38.0,37.6,37.7,29.0,38.9,40.4,38.1
2026-05-01,1.0107,1.0184,0.9990,0.9987,1.0015,0.9991,1.0016,1.0029,0.9971,1.0111,0.9952,1.0016,1.1105,1.1447,1.0712,1.0799,1.0359,1.0548,1.0595,1.1063,1.0653,1.0641,0.9967,1.0033,3380.41,5064.56,4017.10,2544.68,1898.54,1041.82,209.62,2567.95,1620.50,531.56,1.1652,0.6322,1.0289,1.3893,1.0156,0.5792,1.1193,0.1811,0.2321,0.3920,0.6277,0.6783,0.6404,0.5799,0.6225,0.6946,0.4619,0.6713,0.6435,0.6889,0.0323,0.0268,0.0473,0.0446,0.0383,0.0088,0.0931,0.0045,0.0301,0.0230,0.8942,0.9022,0.9461,0.9059,0.8954,0.9400,0.9535,1.0000,0.9129,1.0000,51.54,179.79,76.72,53.79,58.19,9.40,5.52,237.20,56.78,78.66,0.0000,0.0000,0.0000,0.0000,0.0000,0.0000,0.4600,0.0420,0.0000,0.0000,104304,74663,53998,54750,86225,66964,95775,572442,131417,91336,0,0,0,0,0,0,0,0,0,0,0.0000,0.0000,0.0000,0.0000,0.0000,0.0000,0.0391,0.0391,0.0000,0.0000,0,0,0,0,0,0,0,1,0,0,0,0,0,0,0,0,1,1,0,0,0.1198,0.0732,0.1349,0.0489,0.0875,0.0125,0.0727,0.1047,0.0015,0.1373,0.000,0.000,0.000,0.000,0.000,0.000,0.033,0.148,0.000,0.000,semi-presidential,parliamentary,parliamentary,parliamentary,parliamentary,semi-presidential,semi-presidential,electoral-authoritarian,electoral-authoritarian,parliamentary,0.800,0.800,0.800,0.800,0.800,0.800,0.810,0.500,0.500,0.800,35.7,38.5,37.8,41.2,40.6,40.7,32.1,47.6,43.9,40.7
2026-06-01,1.0139,1.0215,0.9984,0.9995,1.0045,0.9975,1.0019,1.0053,0.9976,1.0126,0.9922,1.0015,1.1992,1.0724,1.0357,1.0327,1.0464,1.0526,1.0035,1.0187,1.0111,1.0406,0.9945,1.0017,3377.78,5063.18,4014.66,2552.35,1896.31,1043.09,209.16,2567.01,1624.88,532.23,1.1691,0.6340,1.0319,1.3889,1.0189,0.5775,1.1238,0.1834,0.2316,0.3769,0.6281,0.6817,0.6340,0.5750,0.6194,0.7024,0.4608,0.6717,0.6503,0.6853,0.0209,0.0186,0.0331,0.0263,0.0285,0.0073,0.0845,0.0012,0.0181,0.0153,0.9607,0.9603,0.9804,0.9624,0.9634,0.9847,0.9674,1.0000,0.9597,1.0000,50.33,182.19,79.00,52.19,57.82,9.56,5.53,232.35,56.23,78.18,0.0000,0.0000,0.0000,0.0000,0.0000,0.0000,0.4601,0.0426,0.0000,0.0000,104304,74663,53998,54750,86225,66964,95775,572442,131417,91336,0,0,0,0,0,0,0,0,0,0,0.0000,0.0000,0.0000,0.0000,0.0000,0.0000,0.0483,0.0483,0.0000,0.0000,0,0,0,0,0,0,0,1,0,0,0,0,0,0,0,0,1,1,0,0,0.1181,0.0737,0.1328,0.0483,0.0861,0.0129,0.0726,0.1041,0.0016,0.1349,0.000,0.000,0.000,0.000,0.000,0.000,0.033,0.148,0.000,0.000,semi-presidential,parliamentary,parliamentary,parliamentary,parliamentary,semi-presidential,semi-presidential,electoral-authoritarian,electoral-authoritarian,parliamentary,0.800,0.800,0.800,0.800,0.800,0.800,0.801,0.500,0.500,0.800,38.8,41.1,40.2,44.4,43.5,43.7,34.4,50.6,47.4,43.4
2026-07-01,1.0186,1.0233,0.9998,0.9966,1.0048,0.9992,0.9998,1.0060,0.9958,1.0123,0.9861,1.0011,1.1503,1.0530,1.1231,0.9977,1.0298,1.0653,1.0016,1.0360,1.0095,1.0169,0.9878,1.0013,3383.78,5063.75,3993.27,2555.83,1897.96,1045.59,208.54,2565.11,1634.01,531.95,1.1701,0.6368,1.0406,1.3906,1.0202,0.5749,1.1292,0.1857,0.2303,0.3625,0.6221,0.6953,0.6026,0.5897,0.6268,0.6976,0.4647,0.6587,0.6339,0.6846,0.0214,0.0157,0.0188,0.0243,0.0253,0.0022,0.0834,0.0013,0.0158,0.0127,0.9790,0.9784,0.9898,0.9776,0.9793,1.0000,0.9694,1.0000,0.9727,1.0000,51.33,185.56,80.11,54.29,60.22,9.62,5.92,237.32,56.99,79.93,0.0000,0.0000,0.0000,0.0000,0.0000,0.0000,0.4583,0.0431,0.0000,0.0000,104304,74663,53998,54750,86225,66964,95775,572442,131417,91336,0,0,0,0,0,0,0,0,0,0,0.0000,0.0000,0.0000,0.0000,0.0000,0.0000,0.0575,0.0575,0.0000,0.0000,0,0,0,0,0,0,0,1,0,0,0,0,0,0,0,0,1,1,0,0,0.1128,0.0724,0.1279,0.0474,0.0828,0.0126,0.0696,0.1049,0.0015,0.1353,0.000,0.000,0.000,0.000,0.000,0.000,0.033,0.149,0.000,0.000,semi-presidential,parliamentary,parliamentary,parliamentary,parliamentary,semi-presidential,semi-presidential,electoral-authoritarian,electoral-authoritarian,parliamentary,0.800,0.800,0.800,0.800,0.800,0.800,0.800,0.500,0.500,0.800,41.8,46.1,43.4,47.6,46.5,46.3,36.7,53.6,50.9,46.0
2026-08-01,1.0220,1.0217,1.0008,0.9904,1.0015,1.0012,0.9991,1.0080,0.9934,1.0106,0.9822,1.0001,1.1157,1.0504,1.0648,0.9905,1.0267,1.0565,1.0011,1.0548,1.0071,1.0142,0.9838,1.0002,3374.52,5067.56,3985.67,2554.02,1894.05,1052.98,207.65,2565.42,1636.74,532.05,1.1762,0.6380,1.0447,1.3948,1.0250,0.5690,1.1366,0.1883,0.2300,0.3477,0.6156,0.6926,0.4411,0.5863,0.6343,0.7116,0.4654,0.6521,0.6413,0.6883,0.0152,0.0110,0.0140,0.0178,0.0187,0.0000,0.0828,0.0014,0.0117,0.0126,0.9798,0.9791,0.9902,0.9785,0.9803,1.0000,0.9704,1.0000,0.9737,1.0000,51.74,187.01,80.98,54.74,60.76,9.87,5.88,239.03,57.16,81.00,0.0000,0.0000,0.0000,0.0000,0.0000,0.0000,0.4576,0.0432,0.0000,0.0000,104304,74663,53998,54750,86225,66964,95775,572442,131417,91336,0,0,0,0,0,0,0,0,0,0,0.0000,0.0000,0.0000,0.0000,0.0000,0.0000,0.0690,0.0690,0.0000,0.0000,0,0,0,0,0,0,0,1,0,0,0,0,0,0,0,0,1,1,0,0,0.1172,0.0723,0.1328,0.0474,0.0830,0.0116,0.0641,0.1029,0.0037,0.1354,0.000,0.000,0.000,0.000,0.000,0.000,0.032,0.150,0.000,0.000,semi-presidential,parliamentary,parliamentary,parliamentary,parliamentary,semi-presidential,semi-presidential,electoral-authoritarian,electoral-authoritarian,parliamentary,0.800,0.800,0.559,0.800,0.800,0.800,0.800,0.500,0.500,0.800,44.8,48.8,44.8,50.9,50.4,49.3,39.8,57.2,54.3,48.7
2026-09-01,1.0255,1.0196,1.0001,0.9881,0.9963,1.0011,0.9979,1.0073,0.9945,1.0095,0.9823,0.9998,1.1497,1.0484,1.0377,0.9883,1.0208,1.0559,0.9996,1.0090,1.0079,1.0137,0.9838,0.9998,3375.37,5066.78,3981.44,2556.90,1891.74,1058.29,206.40,2567.72,1637.37,531.98,1.1825,0.6397,1.0482,1.3962,1.0283,0.5643,1.1454,0.1903,0.2302,0.3331,0.6196,0.7003,0.5002,0.5950,0.6311,0.7131,0.4693,0.6491,0.6190,0.6912,0.0132,0.0120,0.0108,0.0174,0.0174,0.0017,0.0812,0.0010,0.0118,0.0092,0.9799,0.9792,0.9902,0.9787,0.9805,1.0000,0.9705,1.0000,0.9739,1.0000,51.36,186.27,80.41,54.31,60.14,9.84,5.86,237.66,57.23,80.21,0.0000,0.0000,0.0000,0.0000,0.0000,0.0000,0.4564,0.0430,0.0000,0.0000,104304,74663,53998,54750,86225,66964,95775,572442,131417,91336,0,0,0,0,0,0,0,0,0,0,0.0000,0.0000,0.0000,0.0000,0.0000,0.0000,0.0782,0.0782,0.0000,0.0000,0,0,0,0,0,0,0,1,0,0,0,0,0,0,0,0,1,1,0,0,0.1248,0.0773,0.1364,0.0484,0.0852,0.0110,0.0614,0.1025,0.0034,0.1357,0.000,0.000,0.000,0.000,0.000,0.000,0.031,0.150,0.000,0.000,semi-presidential,parliamentary,parliamentary,parliamentary,parliamentary,semi-presidential,semi-presidential,electoral-authoritarian,electoral-authoritarian,parliamentary,0.800,0.800,0.568,0.800,0.800,0.800,0.800,0.500,0.500,0.800,37.8,51.5,46.6,54.2,53.4,52.4,42.1,60.1,55.5,51.4
2026-10-01,1.0265,1.0157,1.0000,0.9876,0.9937,1.0007,0.9947,1.0043,0.9946,1.0098,0.9828,1.0003,1.1120,1.0433,1.0369,1.0166,1.0178,1.0551,0.9964,1.0062,1.0076,1.0667,1.0220,1.0011,3376.45,5073.09,3982.64,2556.14,1896.15,1059.09,205.75,2565.66,1643.89,533.13,1.1838,0.6405,1.0499,1.3993,1.0280,0.5621,1.1541,0.1926,0.2299,0.3177,0.6383,0.7154,0.5369,0.5976,0.6353,0.7361,0.4736,0.6539,0.6354,0.6948,0.0119,0.0098,0.0264,0.0154,0.0156,0.0000,0.0662,0.0015,0.0110,0.0109,0.9811,0.9803,0.9908,0.9799,0.9817,1.0000,0.9709,1.0000,0.9754,1.0000,51.57,186.10,81.37,53.75,59.65,9.73,5.64,236.75,57.06,80.80,0.0000,0.0000,0.0000,0.0000,0.0000,0.0000,0.4559,0.0422,0.0000,0.0000,104304,74663,53998,54750,86225,66964,95775,572442,131417,91336,0,0,0,0,0,0,0,0,0,0,0.0000,0.0000,0.0000,0.0000,0.0000,0.0000,0.0874,0.0874,0.0000,0.0000,0,0,0,0,0,0,0,1,0,0,0,0,0,0,0,0,1,1,0,0,0.1270,0.0779,0.1383,0.0490,0.0906,0.0115,0.0668,0.1018,0.0038,0.1354,0.000,0.000,0.000,0.000,0.000,0.000,0.032,0.151,0.000,0.000,semi-presidential,parliamentary,parliamentary,parliamentary,parliamentary,semi-presidential,semi-presidential,electoral-authoritarian,electoral-authoritarian,parliamentary,0.800,0.800,0.578,0.800,0.800,0.820,0.800,0.500,0.500,0.800,40.3,54.4,48.6,57.5,56.4,45.6,44.5,62.9,59.0,54.0
2026-11-01,1.0258,1.0123,1.0018,0.9887,0.9928,0.9995,0.9952,1.0022,0.9962,1.0120,0.9866,1.0009,1.1153,1.0386,1.1679,1.0698,1.0207,1.0537,1.0646,1.0037,1.1055,1.0369,1.1195,1.0014,3393.60,5085.41,3989.44,2562.94,1893.58,1062.81,204.96,2562.02,1647.25,532.26,1.1815,0.6405,1.0499,1.3980,1.0315,0.5633,1.1610,0.1956,0.2300,0.3035,0.6375,0.7087,0.5651,0.6073,0.6351,0.7315,0.4780,0.6343,0.6328,0.6892,0.0252,0.0194,0.0432,0.0409,0.0311,0.0005,0.0906,0.0059,0.0243,0.0231,0.9817,0.9810,0.9911,0.9806,0.9823,1.0000,0.9706,1.0000,0.9762,1.0000,51.86,178.82,75.16,53.73,57.77,9.46,5.41,236.55,56.58,79.28,0.0000,0.0000,0.0000,0.0000,0.0000,0.0000,0.4615,0.0419,0.0000,0.0000,104304,74663,53998,54750,86225,66964,95775,572442,131417,91336,0,0,0,0,0,0,0,0,0,0,0.0000,0.0000,0.0000,0.0000,0.0000,0.0000,0.0989,0.0989,0.0000,0.0000,0,0,0,0,0,0,0,1,0,0,0,0,0,0,0,0,1,1,0,0,0.1278,0.0762,0.1387,0.0522,0.0913,0.0116,0.0716,0.1049,0.0043,0.1385,0.000,0.000,0.000,0.000,0.000,0.000,0.033,0.152,0.000,0.000,semi-presidential,parliamentary,parliamentary,parliamentary,parliamentary,semi-presidential,semi-presidential,electoral-authoritarian,electoral-authoritarian,parliamentary,0.800,0.800,0.588,0.800,0.800,0.810,0.800,0.500,0.500,0.800,46.6,57.2,50.8,60.9,59.5,48.7,47.6,66.5,62.4,56.7
2026-12-01,1.0274,1.0096,1.0043,0.9903,0.9935,0.9975,0.9965,1.0001,0.9997,1.0137,0.9907,1.0008,1.1091,1.0373,1.0494,1.0477,1.0183,1.0518,0.9979,1.0016,1.0643,1.0268,1.1081,1.0009,3390.65,5085.09,3985.40,2563.85,1889.62,1065.39,204.74,2564.64,1650.13,533.84,1.1839,0.6421,1.0526,1.4039,1.0387,0.5605,1.1643,0.1975,0.2302,0.2880,0.6388,0.7039,0.5743,0.6077,0.6543,0.7277,0.4948,0.6500,0.6415,0.6884,0.0147,0.0132,0.0309,0.0273,0.0194,0.0000,0.0656,0.0037,0.0133,0.0154,0.9806,0.9800,0.9906,0.9794,0.9811,1.0000,0.9689,1.0000,0.9748,1.0000,51.81,181.25,76.20,53.51,57.82,9.54,5.38,236.72,57.46,80.03,0.0000,0.0000,0.0000,0.0000,0.0000,0.0000,0.4619,0.0424,0.0000,0.0000,104304,74663,53998,54750,86225,66964,95775,572442,131417,91336,0,0,0,0,0,0,0,0,0,0,0.0000,0.0000,0.0000,0.0000,0.0000,0.0000,0.1081,0.1081,0.0000,0.0000,0,0,0,0,0,0,0,1,0,0,0,0,0,0,0,0,1,1,0,0,0.1251,0.0756,0.1354,0.0510,0.0892,0.0118,0.0708,0.1034,0.0043,0.1385,0.000,0.000,0.000,0.000,0.000,0.000,0.033,0.152,0.000,0.000,semi-presidential,parliamentary,parliamentary,parliamentary,parliamentary,semi-presidential,semi-presidential,electoral-authoritarian,electoral-authoritarian,parliamentary,0.800,0.800,0.598,0.800,0.800,0.803,0.800,0.500,0.500,0.800,49.7,59.9,53.1,51.6,62.6,51.1,50.2,69.3,65.8,59.4
2027-01-01,1.0254,1.0422,1.0191,0.9950,0.9935,0.9965,0.9996,1.0011,1.0031,1.0158,0.9970,0.9989,1.1049,1.5699,1.4017,1.2038,1.0208,1.0504,1.0443,1.0193,1.0673,1.0491,1.1882,0.9990,3388.21,5070.01,3973.42,2562.42,1887.21,1068.71,203.92,2569.89,1655.46,534.38,1.1880,0.6456,1.0574,1.4063,1.0420,0.5571,1.1715,0.1998,0.2344,0.2729,0.6131,0.6488,0.5157,0.5374,0.5912,0.7322,0.4973,0.6580,0.6232,0.6879,0.0966,0.0879,0.0954,0.1264,0.1061,0.0464,0.0669,0.0042,0.1077,0.0264,0.5856,0.6061,0.7938,0.6079,0.5865,0.6729,0.9444,1.0000,0.5953,1.0000,47.83,156.70,63.45,50.26,51.06,9.05,4.84,211.24,50.93,68.20,0.0000,0.0000,0.0000,0.0000,0.0000,0.0000,0.4636,0.0424,0.0000,0.0000,104304,74663,53998,54750,86225,66964,95775,572442,131417,91336,0,0,0,0,0,0,0,0,0,0,0.0000,0.0000,0.0000,0.0000,0.0000,0.0000,0.1196,0.1196,0.0000,0.0000,0,0,0,0,0,0,0,1,0,0,0,0,0,0,0,0,1,1,0,0,0.1100,0.0644,0.1182,0.0440,0.0772,0.0112,0.0687,0.1027,0.0061,0.1409,0.000,0.000,0.000,0.000,0.000,0.000,0.030,0.152,0.000,0.000,semi-presidential,parliamentary,parliamentary,parliamentary,parliamentary,semi-presidential,semi-presidential,electoral-authoritarian,electoral-authoritarian,parliamentary,0.800,0.800,0.608,0.800,0.800,0.800,0.800,0.500,0.500,0.800,50.6,62.5,55.1,54.7,65.5,54.3,53.4,72.9,71.4,62.1
2027-02-01,1.0211,1.0661,1.0262,0.9968,0.9964,0.9969,0.9980,0.9988,1.0020,1.0151,1.0007,0.9979,1.0995,1.4526,1.2556,1.0420,1.1691,1.0509,0.9995,1.0005,1.0155,1.0161,1.0921,0.9983,3377.40,5068.89,3971.80,2557.39,1885.26,1074.08,203.67,2570.42,1658.20,535.35,1.1979,0.6474,1.0596,1.4096,1.0451,0.5509,1.1749,0.2018,0.2346,0.2616,0.6001,0.6357,0.5080,0.5339,0.5636,0.6989,0.5011,0.6432,0.6033,0.7073,0.0654,0.0556,0.0664,0.0998,0.1018,0.0319,0.0584,0.0015,0.0598,0.0713,0.6995,0.7155,0.8514,0.7178,0.7005,0.7720,0.9535,1.0000,0.7118,1.0000,48.35,171.76,71.06,49.59,53.51,8.98,4.82,217.38,53.74,73.74,0.0000,0.0000,0.0000,0.0000,0.0000,0.0000,0.4602,0.0427,0.0000,0.0000,104304,74663,53998,54750,86225,66964,95775,572442,131417,91336,0,0,0,0,0,0,0,0,0,0,0.0000,0.0000,0.0000,0.0000,0.0000,0.0000,0.1288,0.1288,0.0000,0.0000,0,0,0,0,0,0,0,1,0,0,0,0,0,0,0,0,1,1,0,0,0.1260,0.0741,0.1407,0.0503,0.0888,0.0113,0.0708,0.1020,0.0061,0.1389,0.000,0.000,0.000,0.000,0.000,0.000,0.029,0.151,0.000,0.000,semi-presidential,parliamentary,parliamentary,parliamentary,parliamentary,semi-presidential,semi-presidential,electoral-authoritarian,electoral-authoritarian,parliamentary,0.800,0.800,0.618,0.800,0.800,0.800,0.800,0.500,0.500,0.800,53.4,64.9,57.0,50.8,68.2,60.4,56.1,75.8,74.7,59.8
2027-03-01,1.0174,1.0771,1.0294,0.9976,1.0494,0.9974,0.9954,0.9961,1.0006,1.0143,1.0030,1.0002,1.0945,1.3289,1.1958,1.0690,1.2034,1.0514,0.9968,0.9980,1.0138,1.0164,1.0990,1.0012,3384.56,5063.73,3967.92,2556.93,1879.89,1074.08,203.38,2568.19,1662.85,535.89,1.1962,0.6495,1.0622,1.4113,1.0550,0.5509,1.1783,0.2040,0.2346,0.2464,0.5962,0.6339,0.5242,0.5100,0.5507,0.6989,0.5075,0.6606,0.6104,0.6725,0.0466,0.0385,0.0642,0.0746,0.0769,0.0192,0.0577,0.0015,0.0473,0.0629,0.8042,0.8159,0.9032,0.8189,0.8051,0.8628,0.9593,1.0000,0.8195,1.0000,49.12,175.62,73.16,50.79,54.07,9.02,4.85,222.10,55.75,77.71,0.0000,0.0000,0.0000,0.0000,0.0000,0.0000,0.4600,0.0426,0.0000,0.0000,104304,74663,53998,54750,86225,66964,95775,572442,131417,91336,0,0,0,0,0,0,0,0,0,0,0.0000,0.0000,0.0000,0.0000,0.0000,0.0000,0.1380,0.1380,0.0000,0.0000,0,0,0,0,0,0,0,1,0,0,0,0,0,0,0,0,1,1,0,0,0.1278,0.0760,0.1423,0.0516,0.0902,0.0114,0.0757,0.1022,0.0075,0.1402,0.000,0.000,0.000,0.000,0.000,0.000,0.030,0.149,0.000,0.000,semi-presidential,parliamentary,parliamentary,parliamentary,parliamentary,semi-presidential,semi-presidential,electoral-authoritarian,electoral-authoritarian,parliamentary,0.800,0.800,0.628,0.800,0.800,0.800,0.800,0.500,0.500,0.800,56.3,67.3,59.0,53.7,70.8,60.4,58.7,78.7,78.0,62.5
2027-04-01,1.0119,1.0848,1.0311,0.9961,1.0894,1.0001,0.9924,0.9933,0.9978,1.0119,1.0188,1.0106,1.0866,1.2241,1.1155,0.9964,1.2090,1.0940,0.9941,0.9949,1.0114,1.0152,1.5701,1.0128,3405.49,5062.59,3968.52,2561.93,1882.14,1075.01,203.67,2568.96,1668.20,536.79,1.1896,0.6509,1.0633,1.4098,1.0555,0.5488,1.1782,0.2060,0.2376,0.2311,0.6004,0.6498,0.5658,0.5182,0.5556,0.7002,0.5110,0.6744,0.6577,0.6539,0.0417,0.0233,0.0470,0.0463,0.0622,0.0094,0.0736,0.0048,0.0224,0.0706,0.8896,0.8979,0.9454,0.9014,0.8905,0.9369,0.9633,1.0000,0.9075,1.0000,49.61,178.90,73.19,51.31,55.86,8.86,5.12,227.98,57.64,80.96,0.0000,0.0000,0.0000,0.0000,0.0000,0.0000,0.4602,0.0424,0.0000,0.0000,104304,74663,53998,54750,86225,66964,95775,572442,131417,91336,0,0,0,0,0,0,0,0,0,0,0.0000,0.0000,0.0000,0.0000,0.0000,0.0000,0.1472,0.1472,0.0000,0.0000,0,0,0,0,0,0,0,1,0,0,0,0,0,0,0,0,1,1,0,0,0.1395,0.0839,0.1507,0.0588,0.0978,0.0176,0.0845,0.1089,0.0139,0.1396,0.000,0.000,0.000,0.000,0.000,0.000,0.038,0.138,0.000,0.000,semi-presidential,parliamentary,parliamentary,parliamentary,parliamentary,semi-presidential,semi-presidential,electoral-authoritarian,electoral-authoritarian,parliamentary,0.800,0.800,0.637,0.800,0.800,0.800,0.800,0.500,0.500,0.800,61.6,69.8,61.1,56.5,73.4,63.4,61.5,81.7,82.4,65.1
2027-05-01,1.0069,1.0885,1.0322,0.9957,1.1140,1.0031,0.9890,0.9932,0.9977,1.0093,1.0403,1.0203,1.0821,1.1810,1.0957,1.0450,1.2126,1.0567,0.9910,0.9957,1.0107,1.0104,1.5561,1.0209,3420.21,5068.63,3983.10,2570.85,1888.79,1078.62,203.97,2573.99,1679.75,536.19,1.1844,0.6506,1.0603,1.4059,1.0561,0.5454,1.1782,0.2081,0.2366,0.2164,0.6086,0.6405,0.5883,0.5406,0.5845,0.7131,0.5196,0.6767,0.6615,0.6490,0.0327,0.0184,0.0557,0.0412,0.0492,0.0047,0.0725,0.0040,0.0196,0.0595,0.9280,0.9332,0.9645,0.9352,0.9285,0.9663,0.9652,1.0000,0.9383,1.0000,50.43,180.77,75.95,52.63,55.99,9.14,5.02,230.75,58.52,81.86,0.0000,0.0000,0.0000,0.0000,0.0000,0.0000,0.4601,0.0426,0.0000,0.0000,104304,74663,53998,54750,86225,66964,95775,572442,131417,91336,0,0,0,0,0,0,0,0,0,0,0.0000,0.0000,0.0000,0.0000,0.0000,0.0000,0.1587,0.1587,0.0000,0.0000,0,0,0,0,0,0,0,1,0,0,0,0,0,0,0,0,1,1,0,0,0.1481,0.0902,0.1587,0.0654,0.1055,0.0238,0.0928,0.1157,0.0200,0.1420,0.000,0.000,0.000,0.000,0.000,0.000,0.043,0.130,0.000,0.000,semi-presidential,parliamentary,parliamentary,parliamentary,parliamentary,semi-presidential,semi-presidential,electoral-authoritarian,electoral-authoritarian,parliamentary,0.800,0.835,0.647,0.800,0.800,0.800,0.800,0.500,0.500,0.800,94.3,61.0,63.4,59.5,76.0,66.5,64.9,85.4,86.0,67.6
2027-06-01,1.0025,1.0901,1.0337,0.9946,1.1318,1.0041,0.9871,0.9946,0.9980,1.0101,1.0543,1.0224,1.0758,1.1220,1.0701,0.9951,1.2126,1.0576,0.9885,1.0130,1.0320,1.0320,1.3816,1.0225,3433.98,5085.41,3994.05,2580.15,1895.27,1090.63,204.13,2579.62,1681.27,537.03,1.1793,0.6494,1.0581,1.4014,1.0537,0.5362,1.1785,0.2097,0.2417,0.2012,0.6241,0.6661,0.6056,0.5568,0.6154,0.7432,0.5339,0.6904,0.6615,0.6499,0.0201,0.0095,0.0259,0.0242,0.0334,0.0000,0.0682,0.0037,0.0110,0.0447,0.9783,0.9781,0.9898,0.9772,0.9783,1.0000,0.9740,1.0000,0.9726,1.0000,51.22,184.82,76.90,53.75,58.00,9.41,5.47,236.42,59.54,83.40,0.0000,0.0000,0.0000,0.0000,0.0000,0.0000,0.4600,0.0411,0.0000,0.0000,104304,74663,53998,54750,86225,66964,95775,572442,131417,91336,0,0,0,0,0,0,0,0,0,0,0.0000,0.0000,0.0000,0.0000,0.0000,0.0000,0.1679,0.1679,0.0000,0.0000,0,0,0,0,0,0,0,1,0,0,0,0,0,0,0,0,1,1,0,0,0.1482,0.0926,0.1607,0.0674,0.1068,0.0255,0.0958,0.1181,0.0216,0.1393,0.000,0.000,0.000,0.000,0.000,0.000,0.041,0.126,0.000,0.000,semi-presidential,parliamentary,parliamentary,parliamentary,parliamentary,semi-presidential,semi-presidential,electoral-authoritarian,electoral-authoritarian,parliamentary,0.800,0.825,0.657,0.800,0.800,0.800,0.800,0.500,0.500,0.800,97.1,63.5,65.8,62.6,79.0,72.9,67.8,88.5,87.6,70.1
2027-07-01,1.0007,1.0884,1.0314,0.9909,1.1417,1.0042,0.9877,0.9951,0.9994,1.0108,1.0594,1.0208,1.0760,1.1206,1.0672,0.9915,1.1936,1.0574,1.0377,0.9968,1.0245,1.0446,1.1125,1.0209,3443.42,5100.07,4003.03,2585.33,1903.63,1096.25,204.12,2587.25,1687.30,537.89,1.1756,0.6482,1.0561,1.3989,1.0502,0.5319,1.1795,0.2111,0.2416,0.1929,0.6290,0.6909,0.6440,0.5807,0.6360,0.7525,0.5506,0.6890,0.6546,0.6497,0.0135,0.0096,0.0145,0.0195,0.0225,0.0000,0.0613,0.0022,0.0107,0.0228,0.9785,0.9781,0.9898,0.9772,0.9787,1.0000,0.9747,1.0000,0.9724,1.0000,51.91,185.95,77.67,54.14,58.92,9.62,5.44,238.71,59.78,83.39,0.0000,0.0000,0.0000,0.0000,0.0000,0.0000,0.4592,0.0404,0.0000,0.0000,104304,74663,53998,54750,86225,66964,95775,572442,131417,91336,0,0,0,0,0,0,0,0,0,0,0.0000,0.0000,0.0000,0.0000,0.0000,0.0000,0.1771,0.1771,0.0000,0.0000,0,0,0,0,0,0,0,1,0,0,0,0,0,0,0,0,1,1,0,0,0.1206,0.0792,0.1288,0.0538,0.0888,0.0225,0.0906,0.1151,0.0172,0.1389,0.000,0.000,0.000,0.000,0.000,0.000,0.035,0.126,0.000,0.000,semi-presidential,parliamentary,parliamentary,parliamentary,parliamentary,semi-presidential,semi-presidential,electoral-authoritarian,electoral-authoritarian,parliamentary,0.800,0.815,0.667,0.800,0.800,0.800,0.800,0.500,0.500,0.800,99.9,66.1,68.3,65.8,83.5,76.2,70.8,91.6,90.7,71.4
2027-08-01,0.9989,1.0857,1.0292,0.9895,1.1464,1.0036,0.9895,0.9949,1.0002,1.0133,1.0581,1.0176,1.0737,1.1155,1.0646,1.0192,1.1796,1.0568,1.0558,1.0006,1.0391,1.0507,1.0607,1.0180,3451.70,5096.12,4016.05,2581.82,1906.49,1100.44,204.21,2594.52,1697.54,538.54,1.1763,0.6491,1.0527,1.4008,1.0491,0.5283,1.1800,0.2100,0.2410,0.1778,0.6289,0.6976,0.6488,0.5930,0.6473,0.7512,0.5666,0.6591,0.6897,0.6713,0.0125,0.0094,0.0280,0.0162,0.0183,0.0000,0.0621,0.0026,0.0115,0.0151,0.9801,0.9796,0.9906,0.9789,0.9803,1.0000,0.9749,1.0000,0.9743,1.0000,51.97,185.81,78.54,53.84,58.67,9.69,5.41,237.68,59.79,83.22,0.0000,0.0000,0.0000,0.0000,0.0000,0.0000,0.4595,0.0403,0.0000,0.0000,104304,74663,53998,54750,86225,66964,95775,572442,131417,91336,0,0,0,0,0,0,0,0,0,0,0.0000,0.0000,0.0000,0.0000,0.0000,0.0000,0.1886,0.1886,0.0000,0.0000,0,0,0,0,0,0,0,1,0,0,0,0,0,0,0,0,1,1,0,0,0.1252,0.0803,0.1334,0.0583,0.0916,0.0216,0.0904,0.1128,0.0165,0.1387,0.000,0.000,0.000,0.000,0.000,0.000,0.030,0.126,0.000,0.000,semi-presidential,parliamentary,parliamentary,parliamentary,parliamentary,semi-presidential,semi-presidential,electoral-authoritarian,electoral-authoritarian,parliamentary,0.800,0.806,0.677,0.800,0.800,0.800,0.800,0.500,0.500,0.800,100.0,68.9,70.8,69.1,30.0,79.5,74.6,95.5,94.5,74.0
2027-09-01,0.9973,1.0797,1.0253,0.9889,1.1468,1.0028,0.9922,0.9962,1.0096,1.0166,1.0547,1.0218,1.0718,1.1093,1.0611,1.0176,1.1743,1.0559,1.0795,1.0286,1.2126,1.0635,1.0570,1.0216,3455.50,5120.81,4034.89,2589.59,1910.48,1106.55,203.72,2604.83,1707.00,540.02,1.1749,0.6462,1.0504,1.3964,1.0468,0.5238,1.1835,0.2113,0.2405,0.1625,0.6279,0.7069,0.6967,0.6114,0.6508,0.7552,0.5640,0.6684,0.6881,0.6801,0.0141,0.0093,0.0329,0.0168,0.0227,0.0000,0.0709,0.0095,0.0167,0.0206,0.9810,0.9804,0.9910,0.9798,0.9814,1.0000,0.9753,1.0000,0.9754,1.0000,52.30,188.51,80.56,53.40,58.47,10.05,5.42,236.54,60.29,83.31,0.0000,0.0000,0.0000,0.0000,0.0000,0.0000,0.4597,0.0401,0.0000,0.0000,104304,74663,53998,54750,86225,66964,95775,572442,131417,91336,0,0,0,0,0,0,0,0,0,0,0.0000,0.0000,0.0000,0.0000,0.0000,0.0000,0.1978,0.1978,0.0000,0.0000,0,0,0,0,0,0,0,1,0,0,0,0,0,0,0,0,1,1,0,0,0.1489,0.0926,0.1596,0.0710,0.1104,0.0255,0.0961,0.1142,0.0211,0.1382,0.000,0.000,0.000,0.000,0.000,0.000,0.029,0.135,0.000,0.000,semi-presidential,parliamentary,parliamentary,parliamentary,parliamentary,semi-presidential,semi-presidential,electoral-authoritarian,electoral-authoritarian,parliamentary,0.800,0.800,0.694,0.800,0.800,0.800,0.800,0.500,0.500,0.800,100.0,71.6,75.3,72.5,26.4,82.8,77.8,98.4,98.3,76.6
2027-10-01,0.9987,1.0732,1.0230,0.9888,1.1415,1.0043,0.9940,0.9968,1.0142,1.0179,1.0519,1.0221,1.0791,1.1022,1.0593,1.0175,1.1657,1.1001,1.0417,0.9984,1.1549,1.0304,1.0542,1.0221,3471.01,5140.72,4039.14,2609.09,1922.79,1112.82,203.98,2610.89,1718.28,541.34,1.1690,0.6437,1.0490,1.3849,1.0398,0.5193,1.1825,0.2134,0.2398,0.1474,0.6412,0.7188,0.6894,0.6457,0.6702,0.7599,0.5643,0.6760,0.7019,0.6815,0.0128,0.0106,0.0289,0.0167,0.0192,0.0006,0.0681,0.0064,0.0150,0.0138,0.9804,0.9798,0.9907,0.9793,0.9809,1.0000,0.9747,1.0000,0.9747,1.0000,53.92,191.37,81.96,54.74,60.43,10.27,5.69,243.80,61.52,83.30,0.0000,0.0000,0.0000,0.0000,0.0000,0.0000,0.4594,0.0418,0.0000,0.0000,104304,74663,53998,54750,86225,66964,95775,572442,131417,91336,0,0,0,0,0,0,0,0,0,0,0.0000,0.0000,0.0000,0.0000,0.0000,0.0000,0.2093,0.2093,0.0000,0.0000,0,0,0,0,0,0,0,1,0,0,0,0,0,0,0,0,1,1,0,0,0.1438,0.0906,0.1538,0.0688,0.1066,0.0248,0.0830,0.1161,0.0204,0.1382,0.000,0.000,0.000,0.000,0.000,0.000,0.025,0.135,0.000,0.000,semi-presidential,parliamentary,parliamentary,parliamentary,parliamentary,semi-presidential,semi-presidential,electoral-authoritarian,electoral-authoritarian,parliamentary,0.800,0.800,0.703,0.800,0.800,0.800,0.800,0.500,0.500,0.800,100.0,74.5,78.1,100.0,29.4,86.2,81.7,100.0,100.0,79.2
2027-11-01,1.0014,1.0668,1.0239,0.9881,1.1306,1.0050,0.9963,0.9960,1.0171,1.0185,1.0482,1.0201,1.1069,1.0961,1.0606,1.0170,1.1538,1.0774,1.0133,0.9977,1.0447,1.0272,1.0512,1.0205,3483.91,5139.50,4039.84,2609.39,1932.02,1116.43,203.57,2617.08,1725.82,542.13,1.1642,0.6438,1.0486,1.3837,1.0345,0.5165,1.1851,0.2153,0.2396,0.1323,0.6442,0.7222,0.6740,0.6471,0.6774,0.7619,0.5429,0.6325,0.7086,0.6852,0.0128,0.0113,0.0264,0.0161,0.0165,0.0012,0.0845,0.0017,0.0115,0.0094,0.9805,0.9799,0.9907,0.9793,0.9809,1.0000,0.9742,1.0000,0.9747,1.0000,54.35,191.58,82.01,54.80,60.99,10.30,5.72,245.23,61.87,83.02,0.0000,0.0000,0.0000,0.0000,0.0000,0.0000,0.4594,0.0420,0.0000,0.0000,104304,74663,53998,54750,86225,66964,95775,572442,131417,91336,0,0,0,0,0,0,0,0,0,0,0.0000,0.0000,0.0000,0.0000,0.0000,0.0000,0.2185,0.2185,0.0000,0.0000,0,0,0,0,0,0,0,1,0,0,0,0,0,0,0,0,1,1,0,0,0.1276,0.0828,0.1362,0.0604,0.0940,0.0222,0.0737,0.1143,0.0174,0.1376,0.000,0.000,0.000,0.000,0.000,0.000,0.021,0.137,0.000,0.000,semi-presidential,parliamentary,parliamentary,parliamentary,parliamentary,semi-presidential,semi-presidential,electoral-authoritarian,electoral-authoritarian,parliamentary,0.800,0.800,0.713,0.800,0.800,0.800,0.800,0.500,0.500,0.800,100.0,77.3,80.7,100.0,32.4,30.0,84.8,100.0,100.0,81.9
2027-12-01,1.0025,1.0618,1.0215,0.9873,1.1183,1.0073,0.9967,0.9951,1.0161,1.0202,1.0443,1.0184,1.0787,1.0904,1.0572,1.0115,1.1417,1.0799,0.9982,0.9967,1.0302,1.0534,1.0464,1.0190,3491.74,5151.54,4049.80,2613.09,1934.60,1123.35,203.32,2621.47,1733.97,543.19,1.1581,0.6423,1.0457,1.3808,1.0328,0.5113,1.1917,0.2214,0.2393,0.1173,0.6370,0.7169,0.6695,0.6471,0.6670,0.7612,0.5430,0.6586,0.7123,0.6899,0.0105,0.0097,0.0223,0.0145,0.0139,0.0003,0.0597,0.0011,0.0098,0.0083,0.9812,0.9806,0.9911,0.9801,0.9817,1.0000,0.9740,1.0000,0.9756,1.0000,53.62,190.19,80.90,53.79,59.81,10.31,5.62,239.83,61.26,83.39,0.0000,0.0000,0.0000,0.0000,0.0000,0.0000,0.4592,0.0403,0.0000,0.0000,104304,74663,53998,54750,86225,66964,95775,572442,131417,91336,0,0,0,0,0,0,0,0,0,0,0.0000,0.0000,0.0000,0.0000,0.0000,0.0000,0.2277,0.2277,0.0000,0.0000,0,0,0,0,0,0,0,1,0,0,0,0,0,0,0,0,1,1,0,0,0.1313,0.0841,0.1407,0.0619,0.0970,0.0248,0.0709,0.1099,0.0171,0.1373,0.000,0.000,0.000,0.000,0.000,0.000,0.017,0.138,0.000,0.000,semi-presidential,parliamentary,parliamentary,parliamentary,parliamentary,semi-presidential,semi-presidential,electoral-authoritarian,electoral-authoritarian,parliamentary,0.800,0.800,0.723,0.800,0.800,0.800,0.800,0.500,0.500,0.800,100.0,80.2,83.3,100.0,35.4,33.2,87.8,100.0,100.0,84.5
2028-01-01,1.0018,1.0558,1.0174,0.9866,1.1072,1.0109,0.9966,0.9945,1.0161,1.0217,1.0396,1.0154,1.0785,1.0844,1.0538,1.0138,1.1315,1.1388,0.9981,1.0050,1.0302,1.0318,1.0422,1.0157,3490.84,5155.96,4042.03,2623.14,1935.77,1128.93,203.44,2621.47,1743.37,543.57,1.1584,0.6418,1.0475,1.3747,1.0318,0.5068,1.1911,0.2244,0.2389,0.1025,0.6492,0.7150,0.6482,0.6428,0.6567,0.7595,0.5237,0.6436,0.7166,0.6905,0.0122,0.0111,0.0254,0.0158,0.0151,0.0010,0.0599,0.0011,0.0104,0.0089,0.9805,0.9800,0.9907,0.9794,0.9810,1.0000,0.9731,1.0000,0.9749,1.0000,54.18,190.21,81.15,53.93,59.73,10.25,5.92,240.93,61.69,83.03,0.0000,0.0000,0.0000,0.0000,0.0000,0.0000,0.4598,0.0416,0.0000,0.0000,104304,74663,53998,54750,86225,66964,95775,572442,131417,91336,0,0,0,0,0,0,0,0,0,0,0.0000,0.0000,0.0000,0.0000,0.0000,0.0000,0.2392,0.2392,0.0000,0.0000,0,0,0,0,0,0,0,1,0,0,0,0,0,0,0,0,1,1,0,0,0.1255,0.0854,0.1342,0.0580,0.0918,0.0228,0.0711,0.1114,0.0149,0.1370,0.000,0.000,0.000,0.000,0.000,0.000,0.012,0.137,0.000,0.000,semi-presidential,parliamentary,parliamentary,parliamentary,parliamentary,semi-presidential,semi-presidential,electoral-authoritarian,electoral-authoritarian,parliamentary,0.800,0.800,0.733,0.800,0.800,0.800,0.800,0.500,0.500,0.800,100.0,83.0,85.7,100.0,38.2,36.4,91.4,100.0,100.0,87.2
2028-02-01,1.0009,1.0527,1.0131,0.9851,1.1312,1.0148,0.9961,1.0047,1.0400,1.0223,1.0354,1.0114,1.0786,1.0828,1.0497,0.9853,1.2687,1.0760,0.9977,1.4186,1.6565,1.0333,1.0383,1.0122,3490.30,5160.05,4014.28,2624.73,1934.86,1137.54,202.72,2626.29,1746.10,543.95,1.1585,0.6414,1.0547,1.3782,1.0350,0.5011,1.1952,0.2315,0.2393,0.0877,0.6276,0.7133,0.6053,0.5707,0.6615,0.7626,0.4947,0.6163,0.7014,0.6957,0.0291,0.0099,0.0497,0.0393,0.0683,0.0001,0.1045,0.0297,0.0340,0.0959,0.9794,0.9789,0.9901,0.9782,0.9797,1.0000,0.9720,1.0000,0.9735,1.0000,52.06,175.19,76.75,52.95,57.38,9.51,5.68,237.34,58.67,82.76,0.0000,0.0000,0.0000,0.0000,0.0000,0.0000,0.4599,0.0415,0.0000,0.0000,104304,74663,53998,54750,86225,66964,95775,572442,131417,91336,0,0,0,0,0,0,0,0,0,0,0.0000,0.0000,0.0000,0.0000,0.0000,0.0000,0.2484,0.2484,0.0000,0.0000,0,0,0,0,0,0,0,1,0,0,0,0,0,0,0,0,1,1,0,0,0.1079,0.0804,0.1142,0.0489,0.0770,0.0223,0.0831,0.1106,0.0121,0.1364,0.000,0.000,0.000,0.000,0.000,0.000,0.008,0.140,0.000,0.000,semi-presidential,parliamentary,parliamentary,parliamentary,parliamentary,semi-presidential,semi-presidential,electoral-authoritarian,electoral-authoritarian,parliamentary,0.800,0.800,0.743,0.800,0.800,0.800,0.800,0.500,0.500,0.800,100.0,85.8,88.0,100.0,41.1,39.6,94.1,100.0,100.0,89.9
2028-03-01,1.0033,1.0507,1.0083,0.9840,1.1693,1.0172,0.9974,1.0134,1.0612,1.0228,1.0313,1.0088,1.1299,1.0804,1.0451,1.0179,1.2835,1.0912,1.0242,1.1700,1.4386,1.0616,1.0333,1.0094,3489.93,5160.56,4004.48,2629.28,1935.40,1141.16,202.78,2627.54,1751.43,542.93,1.1588,0.6414,1.0573,1.3753,1.0345,0.4976,1.1987,0.2339,0.2395,0.0731,0.6183,0.7101,0.5878,0.5769,0.6135,0.7588,0.4814,0.6205,0.6785,0.6414,0.0217,0.0127,0.0479,0.0351,0.0503,0.0024,0.1228,0.0171,0.0254,0.0632,0.9801,0.9796,0.9905,0.9790,0.9806,1.0000,0.9726,1.0000,0.9744,1.0000,56.62,199.65,87.10,55.82,62.21,11.81,6.11,247.87,64.79,83.59,0.0000,0.0000,0.0000,0.0000,0.0000,0.0000,0.4598,0.0416,0.0000,0.0000,104304,74663,53998,54750,86225,66964,95775,572442,131417,91336,0,0,0,0,0,0,0,0,0,0,0.0000,0.0000,0.0000,0.0000,0.0000,0.0000,0.2576,0.2576,0.0000,0.0000,0,0,0,0,0,0,0,1,0,0,0,0,0,0,0,0,1,1,0,0,0.1176,0.0859,0.1238,0.0530,0.0836,0.0234,0.0858,0.1127,0.0119,0.1365,0.000,0.000,0.000,0.000,0.000,0.000,0.005,0.142,0.000,0.000,semi-presidential,parliamentary,parliamentary,parliamentary,parliamentary,semi-presidential,semi-presidential,electoral-authoritarian,electoral-authoritarian,parliamentary,0.800,0.800,0.753,0.800,0.800,0.800,0.800,0.500,0.500,0.800,100.0,88.6,90.2,100.0,43.9,42.8,96.7,100.0,100.0,92.4
2028-04-01,1.0095,1.0441,1.0035,0.9837,1.1951,1.0170,0.9960,1.0151,1.0694,1.0240,1.0307,1.0051,1.3047,1.0710,1.0390,1.0325,1.2827,1.0705,0.9977,1.0349,1.1992,1.0440,1.0696,1.0055,3491.32,5147.42,3996.35,2629.69,1931.45,1146.10,202.10,2631.42,1752.89,542.09,1.1585,0.6432,1.0575,1.3747,1.0366,0.4936,1.2027,0.2367,0.2401,0.0585,0.6118,0.7040,0.5732,0.5813,0.6037,0.7600,0.4717,0.6254,0.6723,0.6414,0.0261,0.0238,0.0398,0.0438,0.0448,0.0123,0.1093,0.0060,0.0243,0.0385,0.9817,0.9810,0.9913,0.9806,0.9823,1.0000,0.9729,1.0000,0.9762,1.0000,55.59,202.45,87.40,53.59,60.84,12.49,6.37,236.50,64.20,81.39,0.0000,0.0000,0.0000,0.0000,0.0000,0.0000,0.4602,0.0408,0.0000,0.0000,104304,74663,53998,54750,86225,66964,95775,572442,131417,91336,0,0,0,0,0,0,0,0,0,0,0.0000,0.0000,0.0000,0.0000,0.0000,0.0000,0.2691,0.2691,0.0000,0.0000,0,0,0,0,0,0,0,1,0,0,0,0,0,0,0,0,1,1,0,0,0.1001,0.0759,0.1025,0.0433,0.0696,0.0212,0.0835,0.1106,0.0115,0.1401,0.000,0.000,0.000,0.000,0.000,0.000,0.001,0.145,0.000,0.000,semi-presidential,parliamentary,parliamentary,parliamentary,parliamentary,semi-presidential,semi-presidential,electoral-authoritarian,electoral-authoritarian,parliamentary,0.800,0.800,0.759,0.800,0.800,0.800,0.800,0.500,0.500,0.800,100.0,91.3,91.6,100.0,46.5,46.0,99.9,100.0,100.0,94.9
2028-05-01,1.0158,1.0379,1.0012,0.9848,1.2068,1.0169,0.9963,1.0141,1.0672,1.0241,1.0332,1.0020,1.2097,1.0655,1.0389,1.0183,1.2594,1.0717,0.9979,1.0163,1.0866,1.0336,1.1216,1.0022,3494.81,5138.19,3967.25,2626.54,1932.45,1150.24,201.41,2635.12,1762.10,541.48,1.1575,0.6444,1.0654,1.3762,1.0360,0.4900,1.2068,0.2388,0.2397,0.0438,0.6093,0.6965,0.5449,0.5701,0.6113,0.7524,0.4648,0.6308,0.6758,0.6598,0.0205,0.0163,0.0331,0.0247,0.0290,0.0057,0.1027,0.0017,0.0143,0.0226,0.9816,0.9808,0.9912,0.9805,0.9823,1.0000,0.9729,1.0000,0.9760,1.0000,56.90,203.05,86.68,54.13,62.31,12.74,6.25,242.82,64.99,82.64,0.0000,0.0000,0.0000,0.0000,0.0000,0.0000,0.4588,0.0431,0.0000,0.0000,104304,74663,53998,54750,86225,66964,95775,572442,131417,91336,0,0,0,0,0,0,0,0,0,0,0.0000,0.0000,0.0000,0.0000,0.0000,0.0000,0.2783,0.2783,0.0000,0.0000,0,0,0,0,0,0,0,1,0,0,0,0,0,0,0,0,1,1,0,0,0.1176,0.0837,0.1228,0.0499,0.0822,0.0237,0.0852,0.1103,0.0117,0.1379,0.000,0.000,0.000,0.000,0.000,0.000,0.000,0.149,0.000,0.000,semi-presidential,parliamentary,parliamentary,parliamentary,parliamentary,semi-presidential,semi-presidential,electoral-authoritarian,electoral-authoritarian,parliamentary,0.800,0.800,0.769,0.800,0.800,0.800,0.800,0.500,0.500,0.800,100.0,94.1,93.5,100.0,49.1,49.2,100.0,100.0,100.0,97.5
2028-06-01,1.0235,1.0302,1.0000,0.9861,1.2103,1.0165,0.9970,1.0133,1.0616,1.0230,1.0327,1.0012,1.3133,1.0591,1.0376,1.0352,1.2336,1.0713,1.0444,1.0151,1.0800,1.0308,1.0347,1.0013,3506.27,5158.70,3972.98,2632.75,1944.77,1156.78,201.34,2646.10,1767.65,542.53,1.1538,0.6420,1.0711,1.3727,1.0295,0.4854,1.2072,0.2403,0.2406,0.0290,0.6119,0.7091,0.5779,0.5710,0.5994,0.7501,0.4714,0.6229,0.6572,0.6741,0.0252,0.0236,0.0327,0.0328,0.0284,0.0114,0.1003,0.0015,0.0201,0.0104,0.9810,0.9802,0.9909,0.9798,0.9817,1.0000,0.9724,1.0000,0.9752,1.0000,55.31,198.98,83.95,51.97,60.73,12.60,6.09,236.65,63.41,81.00,0.0000,0.0000,0.0000,0.0000,0.0000,0.0000,0.4588,0.0431,0.0000,0.0000,104304,74663,53998,54750,86225,66964,95775,572442,131417,91336,0,0,0,0,0,0,0,0,0,0,0.0000,0.0000,0.0000,0.0000,0.0000,0.0000,0.2875,0.2875,0.0000,0.0000,0,0,0,0,0,0,0,1,0,0,0,0,0,0,0,0,1,1,0,0,0.1310,0.0865,0.1315,0.0575,0.0941,0.0236,0.0856,0.1119,0.0120,0.1404,0.000,0.000,0.000,0.000,0.000,0.000,0.000,0.150,0.000,0.000,semi-presidential,parliamentary,parliamentary,parliamentary,parliamentary,semi-presidential,semi-presidential,electoral-authoritarian,electoral-authoritarian,parliamentary,0.800,0.800,0.779,0.800,0.847,0.800,0.800,0.500,0.500,0.800,100.0,96.9,95.6,100.0,62.6,52.3,100.0,100.0,100.0,100.0
2028-07-01,1.0305,1.0215,1.0008,0.9884,1.2052,1.0166,0.9987,1.0110,1.0548,1.0209,1.0296,1.0003,1.2518,1.0490,1.0387,1.0446,1.2277,1.0713,1.0698,1.0127,1.0734,1.0281,1.0316,1.0002,3510.26,5162.75,3981.67,2632.09,1951.41,1161.05,201.49,2648.16,1773.95,542.52,1.1527,0.6475,1.0689,1.3730,1.0261,0.4880,1.2064,0.2431,0.2406,0.0142,0.6147,0.7070,0.5872,0.5791,0.6322,0.7831,0.4740,0.6185,0.6615,0.6829,0.0217,0.0201,0.0309,0.0319,0.0241,0.0070,0.0984,0.0016,0.0159,0.0107,0.9811,0.9802,0.9909,0.9799,0.9818,1.0000,0.9718,1.0000,0.9754,1.0000,55.99,197.70,82.65,52.95,61.33,12.44,6.01,241.05,63.78,81.53,0.0000,0.0000,0.0000,0.0000,0.0000,0.0000,0.4586,0.0433,0.0000,0.0000,104304,74663,53998,54750,86225,66964,95775,572442,131417,91336,0,0,0,0,0,0,0,0,0,0,0.0000,0.0000,0.0000,0.0000,0.0000,0.0000,0.2990,0.2990,0.0000,0.0000,0,0,0,0,0,0,0,1,0,0,0,0,0,0,0,0,1,1,0,0,0.1407,0.0902,0.1427,0.0618,0.1018,0.0224,0.0755,0.1103,0.0118,0.1402,0.000,0.000,0.000,0.000,0.000,0.000,0.000,0.152,0.000,0.000,semi-presidential,parliamentary,parliamentary,parliamentary,parliamentary,semi-presidential,semi-presidential,electoral-authoritarian,electoral-authoritarian,parliamentary,0.800,0.800,0.789,0.800,0.838,0.800,0.800,0.500,0.500,0.800,100.0,99.7,97.8,100.0,65.3,55.2,100.0,100.0,100.0,100.0
2028-08-01,1.0344,1.0130,0.9990,0.9905,1.1929,1.0158,1.0005,1.0114,1.0452,1.0191,1.0268,0.9993,1.1278,1.0407,1.0370,1.0526,1.2149,1.0702,1.0323,1.0130,1.0617,1.0269,1.0291,0.9997,3524.31,5173.00,3993.15,2637.51,1951.61,1166.72,200.67,2650.69,1775.48,543.85,1.1482,0.6464,1.0660,1.3702,1.0261,0.4839,1.2113,0.2451,0.2413,-0.0006,0.6262,0.7424,0.5943,0.5975,0.6549,0.7751,0.4750,0.6156,0.6698,0.6871,0.0118,0.0125,0.0244,0.0282,0.0146,0.0000,0.0934,0.0013,0.0104,0.0091,0.9814,0.9805,0.9910,0.9803,0.9822,1.0000,0.9715,1.0000,0.9757,1.0000,57.81,198.67,83.08,55.39,62.84,12.65,6.04,248.93,63.88,83.45,0.0000,0.0000,0.0000,0.0000,0.0000,0.0000,0.4586,0.0432,0.0000,0.0000,104304,74663,53998,54750,86225,66964,95775,572442,131417,91336,0,0,0,0,0,0,0,0,0,0,0.0000,0.0000,0.0000,0.0000,0.0000,0.0000,0.3082,0.3082,0.0000,0.0000,0,0,0,0,0,0,0,1,0,0,0,0,0,0,0,0,1,1,0,0,0.1274,0.0835,0.1289,0.0556,0.0920,0.0204,0.0652,0.1056,0.0103,0.1399,0.000,0.000,0.000,0.000,0.000,0.000,0.000,0.154,0.000,0.000,semi-presidential,parliamentary,parliamentary,parliamentary,parliamentary,semi-presidential,semi-presidential,electoral-authoritarian,electoral-authoritarian,parliamentary,0.800,0.800,0.798,0.800,0.828,0.800,0.800,0.500,0.500,0.800,100.0,100.0,100.0,100.0,68.1,58.5,100.0,100.0,100.0,100.0
2028-09-01,1.0333,1.0058,0.9950,0.9943,1.1771,1.0159,1.0001,1.0102,1.0376,1.0188,1.0222,0.9954,1.1145,1.0328,1.0333,1.0510,1.2012,1.0702,1.0016,1.0117,1.0540,1.0267,1.0243,0.9956,3519.88,5173.27,3972.80,2643.46,1947.78,1168.69,199.91,2645.83,1781.38,544.56,1.1498,0.6464,1.0716,1.3672,1.0281,0.4813,1.2159,0.2481,0.2413,-0.0153,0.6152,0.7309,0.5758,0.5991,0.6526,0.7690,0.4771,0.6206,0.6695,0.6878,0.0106,0.0119,0.0230,0.0261,0.0137,0.0000,0.0682,0.0011,0.0101,0.0080,0.9810,0.9802,0.9909,0.9799,0.9818,1.0000,0.9704,1.0000,0.9753,1.0000,55.83,195.73,81.78,53.93,60.68,12.44,5.86,240.32,62.76,83.43,0.0000,0.0000,0.0000,0.0000,0.0000,0.0000,0.4586,0.0432,0.0000,0.0000,104304,74663,53998,54750,86225,66964,95775,572442,131417,91336,0,0,0,0,0,0,0,0,0,0,0.0000,0.0000,0.0000,0.0000,0.0000,0.0000,0.3197,0.3197,0.0000,0.0000,0,0,0,0,0,0,0,1,0,0,0,0,0,0,0,0,1,1,0,0,0.1126,0.0755,0.1135,0.0478,0.0805,0.0168,0.0566,0.1023,0.0102,0.1395,0.000,0.000,0.000,0.000,0.000,0.000,0.000,0.153,0.000,0.000,semi-presidential,parliamentary,parliamentary,parliamentary,parliamentary,semi-presidential,semi-presidential,electoral-authoritarian,electoral-authoritarian,parliamentary,0.800,0.800,0.800,0.800,0.818,0.800,0.800,0.500,0.500,0.800,100.0,100.0,100.0,100.0,70.9,61.7,100.0,100.0,100.0,100.0
2028-10-01,1.0323,0.9993,0.9918,0.9954,1.1613,1.0141,1.0015,1.0090,1.0318,1.0158,1.0162,0.9935,1.1158,1.0266,1.0298,1.0195,1.1826,1.0681,1.0265,1.0108,1.0482,1.0224,1.0188,0.9936,3511.84,5183.29,3966.06,2644.79,1955.21,1176.37,199.09,2642.78,1787.22,546.57,1.1526,0.6452,1.0736,1.3666,1.0249,0.4764,1.2210,0.2504,0.2414,-0.0299,0.6145,0.7252,0.5785,0.5977,0.6556,0.7589,0.4592,0.6188,0.6585,0.6903,0.0115,0.0099,0.0210,0.0144,0.0144,0.0000,0.0681,0.0013,0.0103,0.0089,0.9809,0.9801,0.9908,0.9798,0.9817,1.0000,0.9698,1.0000,0.9752,1.0000,55.67,196.43,82.72,53.34,61.72,12.25,5.81,242.76,63.02,83.50,0.0000,0.0000,0.0000,0.0000,0.0000,0.0000,0.4585,0.0434,0.0000,0.0000,104304,74663,53998,54750,86225,66964,95775,572442,131417,91336,0,0,0,0,0,0,0,0,0,0,0.0000,0.0000,0.0000,0.0000,0.0000,0.0000,0.3289,0.3289,0.0000,0.0000,0,0,0,0,0,0,0,1,0,0,0,0,0,0,0,0,1,1,0,0,0.1202,0.0791,0.1236,0.0515,0.0864,0.0156,0.0536,0.1028,0.0097,0.1353,0.000,0.000,0.000,0.000,0.000,0.000,0.000,0.156,0.000,0.000,semi-presidential,parliamentary,parliamentary,parliamentary,parliamentary,semi-presidential,semi-presidential,electoral-authoritarian,electoral-authoritarian,parliamentary,0.800,0.800,0.800,0.800,0.808,0.800,0.800,0.500,0.500,0.800,100.0,100.0,100.0,100.0,74.1,64.9,100.0,100.0,100.0,100.0
2028-11-01,1.0316,0.9945,0.9924,0.9951,1.1427,1.0092,1.0029,1.0084,1.0278,1.0113,1.0122,0.9916,1.1159,1.0229,1.2061,1.0422,1.1659,1.0632,1.0391,1.0100,1.0433,1.0165,1.0139,0.9920,3515.19,5198.50,3965.90,2641.50,1952.04,1177.74,198.38,2644.87,1791.20,547.72,1.1515,0.6435,1.0738,1.3684,1.0273,0.4742,1.2254,0.2520,0.2417,-0.0592,0.6231,0.7161,0.5778,0.5989,0.6592,0.7519,0.4450,0.6059,0.6618,0.6901,0.0241,0.0165,0.0364,0.0285,0.0269,0.0000,0.0713,0.0013,0.0230,0.0123,0.9801,0.9794,0.9904,0.9789,0.9808,1.0000,0.9685,1.0000,0.9742,1.0000,55.63,196.60,83.83,55.05,62.27,12.03,5.77,243.50,63.09,83.48,0.0000,0.0000,0.0000,0.0000,0.0000,0.0000,0.4585,0.0435,0.0000,0.0000,104304,74663,53998,54750,86225,66964,95775,572442,131417,91336,0,0,0,0,0,0,0,0,0,0,0.0000,0.0000,0.0000,0.0000,0.0000,0.0000,0.3381,0.3381,0.0000,0.0000,0,0,0,0,0,0,0,1,0,0,0,0,0,0,0,0,1,1,0,0,0.1178,0.0770,0.1201,0.0505,0.0841,0.0141,0.0493,0.1029,0.0085,0.1366,0.000,0.000,0.000,0.000,0.000,0.000,0.000,0.158,0.000,0.000,semi-presidential,parliamentary,parliamentary,parliamentary,parliamentary,semi-presidential,semi-presidential,electoral-authoritarian,electoral-authoritarian,parliamentary,0.800,0.814,0.800,0.800,0.800,0.800,0.800,0.500,0.500,0.800,100.0,96.6,100.0,100.0,77.3,68.1,100.0,100.0,100.0,100.0
2028-12-01,1.0292,0.9918,0.9962,0.9962,1.1245,1.0030,1.0035,1.0084,1.0241,1.0081,1.0096,0.9900,1.1108,1.0202,1.1939,1.0625,1.1486,1.0571,1.0159,1.0147,1.0388,1.0138,1.0111,0.9901,3520.76,5201.11,3957.35,2646.25,1953.52,1181.37,197.48,2640.20,1797.68,545.96,1.1498,0.6432,1.0763,1.3661,1.0272,0.4710,1.2311,0.2547,0.2395,-0.0740,0.6148,0.7056,0.5727,0.5931,0.6548,0.7440,0.4320,0.5764,0.6546,0.6975,0.0224,0.0182,0.0347,0.0356,0.0254,0.0000,0.0682,0.0012,0.0216,0.0114,0.9796,0.9789,0.9901,0.9784,0.9802,1.0000,0.9677,1.0000,0.9735,1.0000,54.95,191.66,79.77,53.70,60.17,12.02,5.58,239.70,62.46,82.65,0.0000,0.0000,0.0000,0.0000,0.0000,0.0000,0.4585,0.0435,0.0000,0.0000,104304,74663,53998,54750,86225,66964,95775,572442,131417,91336,0,0,0,0,0,0,0,0,0,0,0.0000,0.0000,0.0000,0.0000,0.0000,0.0000,0.3496,0.3496,0.0000,0.0000,0,0,0,0,0,0,0,1,0,0,0,0,0,0,0,0,1,1,0,0,0.1094,0.0717,0.1108,0.0451,0.0779,0.0130,0.0532,0.1057,0.0071,0.1384,0.000,0.000,0.000,0.000,0.000,0.000,0.000,0.153,0.000,0.000,semi-presidential,parliamentary,parliamentary,parliamentary,parliamentary,semi-presidential,semi-presidential,electoral-authoritarian,electoral-authoritarian,parliamentary,0.800,0.805,0.800,0.800,0.800,0.800,0.800,0.500,0.500,0.800,100.0,99.4,100.0,100.0,80.5,71.2,100.0,100.0,100.0,100.0
2029-01-01,1.0267,0.9921,1.0002,0.9970,1.1051,0.9964,1.0059,1.0068,1.0217,1.0049,1.0069,0.9882,1.1071,1.0266,1.1997,1.0336,1.1269,1.0486,1.1169,1.0083,1.0372,1.0106,1.0094,0.9884,3517.64,5205.72,3946.70,2644.09,1954.17,1184.05,196.84,2638.24,1803.32,545.33,1.1510,0.6426,1.0794,1.3673,1.0275,0.4683,1.2352,0.2567,0.2396,-0.0887,0.6076,0.6918,0.5608,0.5806,0.6460,0.7332,0.4249,0.5677,0.6519,0.6941,0.0257,0.0161,0.0359,0.0263,0.0278,0.0006,0.0704,0.0018,0.0226,0.0151,0.9745,0.9734,0.9875,0.9738,0.9760,0.9954,0.9667,1.0000,0.9691,1.0000,54.11,193.92,82.05,54.23,60.93,11.83,5.57,238.27,62.71,82.92,0.0000,0.0000,0.0000,0.0000,0.0000,0.0000,0.4584,0.0435,0.0000,0.0000,104304,74663,53998,54750,86225,66964,95775,572442,131417,91336,0,0,0,0,0,0,0,0,0,0,0.0000,0.0000,0.0000,0.0000,0.0000,0.0000,0.3588,0.3588,0.0000,0.0000,0,0,0,0,0,0,0,1,0,0,0,0,0,0,0,0,1,1,0,0,0.1154,0.0747,0.1178,0.0484,0.0819,0.0118,0.0509,0.1038,0.0113,0.1359,0.000,0.000,0.000,0.000,0.000,0.000,0.000,0.155,0.000,0.000,semi-presidential,parliamentary,parliamentary,parliamentary,parliamentary,semi-presidential,semi-presidential,electoral-authoritarian,electoral-authoritarian,parliamentary,0.800,0.800,0.800,0.800,0.800,0.800,0.800,0.500,0.500,0.800,100.0,100.0,100.0,100.0,83.7,74.2,100.0,100.0,100.0,100.0
2029-02-01,1.0256,0.9925,1.0037,0.9966,1.0855,0.9934,1.0080,1.0060,1.0171,1.0031,1.0017,0.9872,1.1185,1.0211,1.1368,1.0264,1.1092,1.0450,1.0097,1.0079,1.0319,1.0092,1.0038,0.9878,3530.30,5210.45,3940.40,2650.73,1954.54,1187.53,195.91,2639.19,1812.16,546.09,1.1470,0.6420,1.0813,1.3662,1.0280,0.4654,1.2412,0.2584,0.2393,-0.1031,0.6036,0.6820,0.5735,0.5929,0.6450,0.7217,0.4333,0.5768,0.6562,0.6971,0.0177,0.0133,0.0272,0.0215,0.0210,0.0000,0.0911,0.0011,0.0167,0.0098,0.9795,0.9788,0.9901,0.9782,0.9799,1.0000,0.9673,1.0000,0.9732,1.0000,55.94,195.70,83.41,56.46,63.29,11.66,5.76,249.13,64.20,82.69,0.0000,0.0000,0.0000,0.0000,0.0000,0.0000,0.4585,0.0434,0.0000,0.0000,104304,74663,53998,54750,86225,66964,95775,572442,131417,91336,0,0,0,0,0,0,0,0,0,0,0.0000,0.0000,0.0000,0.0000,0.0000,0.0000,0.3680,0.3680,0.0000,0.0000,0,0,0,0,0,0,0,1,0,0,0,0,0,0,0,0,1,1,0,0,0.1276,0.0799,0.1322,0.0542,0.0914,0.0160,0.0482,0.1074,0.0118,0.1346,0.000,0.000,0.000,0.000,0.000,0.000,0.000,0.157,0.000,0.000,semi-presidential,parliamentary,parliamentary,parliamentary,parliamentary,semi-presidential,semi-presidential,electoral-authoritarian,electoral-authoritarian,parliamentary,0.840,0.800,0.800,0.825,0.800,0.800,0.800,0.500,0.500,0.800,90.0,100.0,100.0,100.0,86.8,77.2,91.1,100.0,100.0,100.0
2029-03-01,1.0257,0.9922,1.0047,0.9981,1.0707,0.9916,1.0072,1.0045,1.0131,1.0013,0.9971,0.9882,1.1082,1.0211,1.0429,1.0421,1.0935,1.0428,1.0088,1.0061,1.0274,1.0072,0.9987,0.9883,3540.37,5228.03,3944.70,2653.68,1960.55,1190.85,194.61,2636.95,1821.03,545.92,1.1436,0.6399,1.0803,1.3648,1.0255,0.4627,1.2496,0.2605,0.2390,-0.1152,0.5936,0.6814,0.5882,0.6010,0.6622,0.7265,0.4197,0.5820,0.6721,0.7180,0.0110,0.0115,0.0207,0.0233,0.0143,0.0000,0.0676,0.0011,0.0105,0.0080,0.9795,0.9788,0.9901,0.9782,0.9799,1.0000,0.9675,1.0000,0.9733,1.0000,54.75,191.76,79.35,54.17,60.87,11.52,5.50,243.54,63.33,82.24,0.0000,0.0000,0.0000,0.0000,0.0000,0.0000,0.4585,0.0434,0.0000,0.0000,104304,74663,53998,54750,86225,66964,95775,572442,131417,91336,0,0,0,0,0,0,0,0,0,0,0.0000,0.0000,0.0000,0.0000,0.0000,0.0000,0.3772,0.3772,0.0000,0.0000,0,0,0,0,0,0,0,1,0,0,0,0,0,0,0,0,1,1,0,0,0.1293,0.0797,0.1330,0.0534,0.0929,0.0169,0.0539,0.1071,0.0127,0.1378,0.000,0.000,0.000,0.000,0.000,0.000,0.000,0.157,0.000,0.000,semi-presidential,parliamentary,parliamentary,parliamentary,parliamentary,semi-presidential,semi-presidential,electoral-authoritarian,electoral-authoritarian,parliamentary,0.830,0.800,0.800,0.816,0.800,0.800,0.800,0.500,0.500,0.800,92.5,30.0,100.0,100.0,90.1,80.2,93.3,100.0,100.0,100.0
2029-04-01,1.0262,0.9974,1.0054,1.0011,1.0683,0.9908,1.0099,1.0030,1.0104,1.0022,0.9957,0.9889,1.1098,1.3008,1.1341,1.1161,1.1476,1.0398,1.1395,1.0044,1.0236,1.0853,0.9971,0.9893,3561.81,5238.33,3950.61,2658.26,1963.78,1197.61,193.85,2638.69,1829.42,545.39,1.1368,0.6384,1.0788,1.3625,1.0244,0.4585,1.2547,0.2626,0.2388,-0.1299,0.6003,0.6679,0.6055,0.5678,0.6776,0.7288,0.4084,0.5712,0.6869,0.6932,0.0524,0.0493,0.0582,0.0838,0.0667,0.0260,0.0792,0.0020,0.0527,0.0359,0.7538,0.7675,0.8766,0.7702,0.7547,0.8189,0.9425,1.0000,0.7684,1.0000,53.69,181.60,73.35,54.81,58.35,10.75,5.15,237.78,61.43,77.37,0.0000,0.0000,0.0000,0.0000,0.0000,0.0000,0.4582,0.0403,0.0000,0.0000,104304,74663,53998,54750,86225,66964,95775,572442,131417,91336,0,0,0,0,0,0,0,0,0,0,0.0000,0.0000,0.0000,0.0000,0.0000,0.0000,0.3887,0.3887,0.0000,0.0000,0,0,0,0,0,0,0,1,0,0,0,0,0,0,0,0,1,1,0,0,0.1304,0.0780,0.1333,0.0537,0.0926,0.0183,0.0744,0.1123,0.0135,0.1382,0.000,0.000,0.000,0.000,0.000,0.000,0.000,0.158,0.000,0.000,semi-presidential,parliamentary,parliamentary,parliamentary,parliamentary,semi-presidential,semi-presidential,electoral-authoritarian,electoral-authoritarian,parliamentary,0.814,0.800,0.800,0.806,0.800,0.800,0.800,0.500,0.500,0.800,96.8,32.7,100.0,100.0,93.4,83.2,95.8,100.0,100.0,100.0
2029-05-01,1.0269,1.0058,1.0084,1.0047,1.0790,0.9916,1.0133,1.0005,1.0090,1.0050,0.9952,0.9903,1.1513,1.2063,1.1476,1.0862,1.1377,1.0413,1.0808,1.0019,1.0217,1.0620,1.0022,0.9910,3571.76,5243.45,3937.94,2663.11,1971.05,1199.65,194.08,2641.77,1833.41,546.45,1.1336,0.6377,1.0822,1.3632,1.0212,0.4562,1.2533,0.2641,0.2421,-0.1442,0.6062,0.6662,0.5976,0.5863,0.6537,0.7149,0.4167,0.5962,0.6685,0.6865,0.0424,0.0383,0.0483,0.0640,0.0530,0.0175,0.0996,0.0015,0.0372,0.0264,0.8358,0.8464,0.9175,0.8498,0.8368,0.8893,0.9475,1.0000,0.8536,1.0000,54.95,185.08,75.10,55.57,60.29,10.93,5.35,245.35,63.45,80.27,0.0000,0.0000,0.0000,0.0000,0.0000,0.0000,0.4594,0.0411,0.0000,0.0000,104304,74663,53998,54750,86225,66964,95775,572442,131417,91336,0,0,0,0,0,0,0,0,0,0,0.0000,0.0000,0.0000,0.0000,0.0000,0.0000,0.3979,0.3979,0.0000,0.0000,0,0,0,0,0,0,0,1,0,0,0,0,0,0,0,0,1,1,0,0,0.1315,0.0795,0.1344,0.0547,0.0939,0.0192,0.0759,0.1154,0.0144,0.1387,0.000,0.000,0.000,0.000,0.000,0.000,0.000,0.157,0.000,0.000,semi-presidential,parliamentary,parliamentary,parliamentary,parliamentary,semi-presidential,semi-presidential,electoral-authoritarian,electoral-authoritarian,parliamentary,0.804,0.800,0.800,0.800,0.800,0.800,0.800,0.500,0.500,0.800,99.5,35.4,100.0,100.0,96.7,86.1,97.9,100.0,100.0,100.0
2029-06-01,1.0265,1.0139,1.0111,1.0074,1.0846,0.9926,1.0142,0.9995,1.0093,1.0054,0.9980,0.9901,1.1081,1.2551,1.1596,1.0936,1.1311,1.0431,1.0329,1.0007,1.0311,1.0102,1.1001,0.9901,3579.68,5254.75,3949.33,2661.44,1968.38,1208.75,193.76,2650.91,1836.75,547.42,1.1312,0.6363,1.0790,1.3642,1.0232,0.4512,1.2553,0.2654,0.2422,-0.1586,0.6198,0.6683,0.6010,0.5750,0.6491,0.7063,0.4456,0.6070,0.6715,0.6859,0.0462,0.0406,0.0503,0.0651,0.0540,0.0189,0.0752,0.0020,0.0422,0.0237,0.8063,0.8179,0.9033,0.8210,0.8072,0.8648,0.9481,1.0000,0.8223,1.0000,54.05,183.42,74.30,54.43,58.63,11.01,5.21,239.02,62.45,79.94,0.0000,0.0000,0.0000,0.0000,0.0000,0.0000,0.4585,0.0435,0.0000,0.0000,104304,74663,53998,54750,86225,66964,95775,572442,131417,91336,0,0,0,0,0,0,0,0,0,0,0.0000,0.0000,0.0000,0.0000,0.0000,0.0000,0.4094,0.4094,0.0000,0.0000,0,0,0,0,0,0,0,1,0,0,0,0,0,0,0,0,1,1,0,0,0.1256,0.0767,0.1279,0.0520,0.0894,0.0190,0.0757,0.1124,0.0139,0.1396,0.000,0.000,0.000,0.000,0.000,0.000,0.000,0.157,0.000,0.000,semi-presidential,parliamentary,parliamentary,parliamentary,parliamentary,semi-presidential,semi-presidential,electoral-authoritarian,electoral-authoritarian,parliamentary,0.800,0.800,0.800,0.800,0.800,0.800,0.800,0.500,0.500,0.800,100.0,38.2,100.0,100.0,99.9,89.0,100.0,100.0,100.0,100.0
2029-07-01,1.0240,1.0219,1.0121,1.0111,1.0871,1.0200,1.0140,0.9995,1.0169,1.0042,1.0013,0.9910,1.1029,1.2121,1.1053,1.0819,1.1073,2.8437,1.0267,1.0007,1.5816,1.0093,1.1230,0.9917,3597.35,5257.03,3940.27,2664.60,1975.25,1208.97,193.91,2657.55,1847.25,548.44,1.1257,0.6361,1.0815,1.3627,1.0201,0.4496,1.2580,0.2664,0.2408,-0.1730,0.6115,0.6499,0.5879,0.5469,0.6667,0.7043,0.4508,0.6026,0.6796,0.6930,0.0696,0.0653,0.0793,0.0902,0.0800,0.0325,0.0925,0.0238,0.0599,0.0296,0.8464,0.8565,0.9233,0.8602,0.8474,0.8998,0.9511,1.0000,0.8636,1.0000,53.54,176.15,71.81,53.99,56.96,10.66,5.14,236.90,62.17,81.16,0.0000,0.0000,0.0000,0.0000,0.0000,0.0000,0.4584,0.0435,0.0000,0.0000,104304,74663,53998,54750,86225,66964,95775,572442,131417,91336,0,0,0,0,0,0,0,0,0,0,0.0000,0.0000,0.0000,0.0000,0.0000,0.0000,0.4186,0.4186,0.0000,0.0000,0,0,0,0,0,0,0,1,0,0,0,0,0,0,0,0,1,1,0,0,0.1324,0.0800,0.1350,0.0551,0.0945,0.0198,0.0740,0.1112,0.0147,0.1403,0.000,0.000,0.000,0.000,0.000,0.000,0.000,0.156,0.000,0.000,semi-presidential,parliamentary,parliamentary,parliamentary,parliamentary,semi-presidential,semi-presidential,electoral-authoritarian,electoral-authoritarian,parliamentary,0.800,0.800,0.800,0.800,0.773,0.800,0.113,0.500,0.500,0.800,100.0,40.8,100.0,100.0,100.0,91.9,100.0,100.0,100.0,100.0
2029-08-01,1.0196,1.0291,1.0137,1.0131,1.0825,1.0734,1.0141,0.9993,1.0302,1.0042,1.0051,0.9943,1.0967,1.2306,1.1074,1.0744,1.1032,2.3194,1.0157,1.0006,1.2464,1.0098,1.1185,0.9949,3600.93,5260.58,3942.91,2665.07,1979.35,1214.35,193.51,2659.29,1854.53,548.83,1.1248,0.6356,1.0808,1.3626,1.0181,0.4462,1.2607,0.2680,0.2390,-0.1877,0.6290,0.6547,0.5817,0.5541,0.6405,0.6977,0.3129,0.5917,0.6702,0.6905,0.0584,0.0544,0.0621,0.0710,0.0609,0.0273,0.0790,0.0096,0.0445,0.0193,0.8380,0.8484,0.9193,0.8520,0.8390,0.8923,0.9519,1.0000,0.8548,1.0000,55.53,190.06,76.29,53.76,59.19,11.61,5.47,240.84,65.44,81.98,0.0000,0.0000,0.0000,0.0000,0.0000,0.0000,0.4583,0.0424,0.0000,0.0000,104304,74663,53998,54750,86225,66964,95775,572442,131417,91336,0,0,0,0,0,0,0,0,0,0,0.0000,0.0000,0.0000,0.0000,0.0000,0.0000,0.4278,0.4278,0.0000,0.0000,0,0,0,0,0,0,0,1,0,0,0,0,0,0,0,0,1,1,0,0,0.1348,0.0831,0.1374,0.0571,0.0967,0.0215,0.0704,0.1121,0.0164,0.1407,0.000,0.000,0.000,0.000,0.000,0.000,0.000,0.153,0.000,0.000,semi-presidential,parliamentary,parliamentary,parliamentary,parliamentary,semi-presidential,semi-presidential,electoral-authoritarian,electoral-authoritarian,parliamentary,0.800,0.800,0.800,0.800,0.783,0.800,0.122,0.500,0.500,0.800,100.0,43.5,100.0,100.0,100.0,94.8,100.0,100.0,100.0,100.0
2029-09-01,1.0175,1.0328,1.0160,1.0116,1.0740,1.1043,1.0105,0.9992,1.0306,1.0028,1.0059,0.9954,1.0966,1.0640,1.1828,1.0311,1.0961,1.7853,1.0128,1.0011,1.0463,1.0091,1.0077,0.9959,3602.91,5253.77,3938.59,2669.30,1982.63,1216.74,193.31,2664.38,1875.16,549.40,1.1244,0.6365,1.0821,1.3646,1.0163,0.4438,1.2621,0.2696,0.2351,-0.2057,0.6273,0.6717,0.5953,0.5716,0.6523,0.7110,0.3208,0.6055,0.6868,0.7034,0.0300,0.0259,0.0364,0.0339,0.0300,0.0068,0.0634,0.0012,0.0192,0.0102,0.9781,0.9777,0.9896,0.9769,0.9783,1.0000,0.9696,1.0000,0.9718,1.0000,56.76,196.48,79.88,56.45,62.62,11.67,5.75,250.02,67.90,84.95,0.0000,0.0000,0.0000,0.0000,0.0000,0.0000,0.4585,0.0434,0.0000,0.0000,104304,74663,53998,54750,86225,66964,95775,572442,131417,91336,0,0,0,0,0,0,0,0,0,0,0.0000,0.0000,0.0000,0.0000,0.0000,0.0000,0.4393,0.4393,0.0000,0.0000,0,0,0,0,0,0,0,1,0,0,0,0,0,0,0,0,1,1,0,0,0.1345,0.0913,0.1387,0.0596,0.0973,0.0221,0.0657,0.1134,0.0172,0.1373,0.000,0.000,0.000,0.000,0.000,0.000,0.000,0.152,0.000,0.000,semi-presidential,parliamentary,parliamentary,parliamentary,parliamentary,semi-presidential,semi-presidential,electoral-authoritarian,electoral-authoritarian,parliamentary,0.800,0.800,0.800,0.800,0.791,0.800,0.133,0.500,0.500,0.800,100.0,46.2,100.0,100.0,92.7,97.7,100.0,100.0,100.0,100.0
2029-10-01,1.0131,1.0317,1.0161,1.0103,1.0641,1.1190,1.0081,0.9997,1.0279,1.0028,1.0054,0.9960,1.0895,1.0615,1.0543,1.0296,1.0857,1.4158,1.0097,1.0403,1.0434,1.0115,1.0073,0.9962,3610.97,5269.54,3941.44,2681.44,1990.18,1221.53,192.66,2669.90,1882.42,550.74,1.1221,0.6346,1.0813,1.3580,1.0124,0.4406,1.2664,0.2707,0.2334,-0.2191,0.6378,0.6916,0.6181,0.5925,0.6642,0.7219,0.3370,0.6153,0.6898,0.6786,0.0164,0.0143,0.0237,0.0190,0.0177,0.0026,0.0642,0.0015,0.0114,0.0104,0.9795,0.9789,0.9902,0.9784,0.9800,1.0000,0.9712,1.0000,0.9735,1.0000,56.28,195.78,81.00,55.39,61.15,11.81,5.81,244.54,66.97,84.90,0.0000,0.0000,0.0000,0.0000,0.0000,0.0000,0.4586,0.0431,0.0000,0.0000,104304,74663,53998,54750,86225,66964,95775,572442,131417,91336,0,0,0,0,0,0,0,0,0,0,0.0000,0.0000,0.0000,0.0000,0.0000,0.0000,0.4485,0.4485,0.0000,0.0000,0,0,0,0,0,0,0,1,0,0,0,0,0,0,0,0,1,1,0,0,0.1363,0.0916,0.1393,0.0598,0.0984,0.0223,0.0643,0.1103,0.0179,0.1393,0.000,0.000,0.000,0.000,0.000,0.000,0.000,0.151,0.000,0.000,semi-presidential,parliamentary,parliamentary,parliamentary,parliamentary,semi-presidential,semi-presidential,electoral-authoritarian,electoral-authoritarian,parliamentary,0.800,0.800,0.800,0.800,0.800,0.800,0.143,0.500,0.500,0.800,100.0,49.0,100.0,100.0,96.0,100.0,100.0,100.0,100.0,31.3
2029-11-01,1.0111,1.0279,1.0148,1.0106,1.0534,1.1221,1.0051,1.0015,1.0254,1.0022,1.0034,0.9961,1.0881,1.0576,1.0531,1.0386,1.0754,1.1842,1.0070,1.0296,1.0402,1.0421,1.0050,0.9964,3619.92,5277.70,3945.68,2682.14,1999.92,1227.40,191.38,2674.10,1889.97,551.13,1.1195,0.6337,1.0801,1.3570,1.0075,0.4371,1.2750,0.2719,0.2317,-0.2338,0.6370,0.7094,0.6224,0.6010,0.6694,0.7261,0.3115,0.6107,0.7173,0.6882,0.0121,0.0103,0.0193,0.0197,0.0148,0.0000,0.0652,0.0016,0.0103,0.0096,0.9797,0.9791,0.9903,0.9786,0.9803,1.0000,0.9713,1.0000,0.9738,1.0000,56.29,195.80,80.00,54.15,61.21,11.97,5.68,245.77,66.85,84.52,0.0000,0.0000,0.0000,0.0000,0.0000,0.0000,0.4586,0.0432,0.0000,0.0000,104304,74663,53998,54750,86225,66964,95775,572442,131417,91336,0,0,0,0,0,0,0,0,0,0,0.0000,0.0000,0.0000,0.0000,0.0000,0.0000,0.4577,0.4577,0.0000,0.0000,0,0,0,0,0,0,0,1,0,0,0,0,0,0,0,0,1,1,0,0,0.1363,0.0916,0.1393,0.0591,0.0990,0.0223,0.0640,0.1114,0.0180,0.1403,0.000,0.000,0.000,0.000,0.000,0.000,0.000,0.152,0.000,0.000,semi-presidential,parliamentary,parliamentary,parliamentary,parliamentary,semi-presidential,semi-presidential,electoral-authoritarian,electoral-authoritarian,parliamentary,0.800,0.800,0.800,0.800,0.800,0.800,0.152,0.500,0.500,0.800,100.0,52.0,100.0,100.0,99.2,100.0,100.0,100.0,100.0,34.1
2029-12-01,1.0073,1.0245,1.0144,1.0119,1.0445,1.1198,1.0018,1.0026,1.0251,1.0024,1.0005,0.9954,1.0838,1.0531,1.0725,1.0434,1.0672,1.1823,1.0040,1.0338,1.0566,1.0094,1.0025,0.9955,3634.83,5297.44,3954.03,2688.19,2012.02,1232.32,190.59,2687.63,1900.76,552.36,1.1151,0.6314,1.0779,1.3534,1.0015,0.4339,1.2803,0.2727,0.2296,-0.2481,0.6427,0.7197,0.6432,0.6050,0.6812,0.7308,0.3217,0.6220,0.7131,0.7004,0.0136,0.0112,0.0208,0.0230,0.0168,0.0000,0.0631,0.0021,0.0116,0.0106,0.9800,0.9793,0.9904,0.9789,0.9807,1.0000,0.9731,1.0000,0.9742,1.0000,56.22,195.59,79.49,53.60,60.92,12.01,5.63,244.78,66.74,84.35,0.0000,0.0000,0.0000,0.0000,0.0000,0.0000,0.4586,0.0433,0.0000,0.0000,104304,74663,53998,54750,86225,66964,95775,572442,131417,91336,0,0,0,0,0,0,0,0,0,0,0.0000,0.0000,0.0000,0.0000,0.0000,0.0000,0.4692,0.4692,0.0000,0.0000,0,0,0,0,0,0,0,1,0,0,0,0,0,0,0,0,1,1,0,0,0.1358,0.0910,0.1388,0.0582,0.0985,0.0257,0.0660,0.1148,0.0176,0.1399,0.000,0.000,0.000,0.000,0.000,0.000,0.000,0.148,0.000,0.000,semi-presidential,parliamentary,parliamentary,parliamentary,parliamentary,semi-presidential,semi-presidential,electoral-authoritarian,electoral-authoritarian,parliamentary,0.800,0.800,0.800,0.800,0.800,0.800,0.163,0.500,0.500,0.800,100.0,54.9,100.0,100.0,100.0,100.0,100.0,100.0,100.0,36.9
2030-01-01,1.0043,1.0204,1.0152,1.0116,1.0327,1.1138,0.9984,1.0023,1.0259,1.0023,0.9956,0.9954,1.0810,1.0500,1.1236,1.0293,1.0545,1.1754,0.9999,1.0038,1.0405,1.0098,0.9982,0.9954,3644.95,5301.13,3964.29,2701.15,2019.29,1241.68,190.05,2692.07,1908.33,552.80,1.1122,0.6310,1.0752,1.3465,0.9979,0.4291,1.2841,0.2740,0.2279,-0.2647,0.6460,0.7325,0.6496,0.6210,0.6893,0.7473,0.3065,0.6249,0.7038,0.7083,0.0156,0.0122,0.0222,0.0198,0.0188,0.0000,0.0608,0.0011,0.0130,0.0089,0.9793,0.9787,0.9901,0.9782,0.9798,1.0000,0.9720,1.0000,0.9733,1.0000,56.54,196.77,81.91,55.97,62.09,11.99,5.69,246.69,67.31,84.41,0.0000,0.0000,0.0000,0.0000,0.0000,0.0000,0.4586,0.0432,0.0000,0.0000,104304,74663,53998,54750,86225,66964,95775,572442,131417,91336,0,0,0,0,0,0,0,0,0,0,0.0000,0.0000,0.0000,0.0000,0.0000,0.0000,0.4784,0.4784,0.0000,0.0000,0,0,0,0,0,0,0,1,0,0,0,0,0,0,0,0,1,1,0,0,0.1351,0.0911,0.1387,0.0595,0.0979,0.0248,0.0576,0.1136,0.0170,0.1374,0.000,0.000,0.000,0.000,0.000,0.000,0.000,0.149,0.000,0.000,semi-presidential,parliamentary,parliamentary,parliamentary,parliamentary,semi-presidential,semi-presidential,electoral-authoritarian,electoral-authoritarian,parliamentary,0.800,0.800,0.800,0.800,0.800,0.800,0.173,0.500,0.500,0.800,100.0,58.0,100.0,100.0,100.0,100.0,100.0,100.0,100.0,39.8
2030-02-01,1.0016,1.0163,1.0170,1.0082,1.0188,1.1044,0.9971,1.0017,1.0230,1.0024,0.9914,0.9950,1.0779,1.0441,1.1026,1.0093,1.0416,1.1660,0.9989,1.0050,1.0378,1.0245,0.9931,0.9950,3650.83,5323.50,3966.83,2713.00,2025.95,1245.10,189.48,2699.22,1927.52,554.25,1.1105,0.6284,1.0745,1.3403,0.9947,0.4265,1.2881,0.2754,0.2245,-0.2787,0.6468,0.7294,0.6527,0.6288,0.6866,0.7553,0.3279,0.6228,0.6936,0.7042,0.0140,0.0113,0.0121,0.0182,0.0172,0.0000,0.0566,0.0013,0.0119,0.0086,0.9804,0.9797,0.9906,0.9794,0.9811,1.0000,0.9728,1.0000,0.9747,1.0000,55.89,195.99,79.90,55.94,62.28,11.82,5.66,246.34,67.46,84.35,0.0000,0.0000,0.0000,0.0000,0.0000,0.0000,0.4579,0.0422,0.0000,0.0000,104304,74663,53998,54750,86225,66964,95775,572442,131417,91336,0,0,0,0,0,0,0,0,0,0,0.0000,0.0000,0.0000,0.0000,0.0000,0.0000,0.4899,0.4899,0.0000,0.0000,0,0,0,0,0,0,0,1,0,0,0,0,0,0,0,0,1,1,0,0,0.1221,0.0852,0.1265,0.0545,0.0886,0.0232,0.0565,0.1120,0.0154,0.1347,0.000,0.000,0.000,0.000,0.000,0.000,0.000,0.150,0.000,0.000,semi-presidential,parliamentary,parliamentary,parliamentary,parliamentary,semi-presidential,semi-presidential,electoral-authoritarian,electoral-authoritarian,parliamentary,0.800,0.800,0.800,0.800,0.800,0.800,0.184,0.500,0.516,0.800,100.0,61.0,100.0,100.0,100.0,100.0,100.0,100.0,96.1,42.7
2030-03-01,1.0006,1.0126,1.0184,1.0039,1.0087,1.0935,0.9968,1.0024,1.0190,1.0019,0.9906,0.9930,1.0800,1.0409,1.1719,1.0045,1.0312,1.1550,0.9984,1.0187,1.0337,1.0083,0.9921,0.9931,3645.84,5329.09,3960.62,2710.73,2030.49,1252.16,188.84,2702.82,1927.52,555.56,1.1172,0.6277,1.0763,1.3412,0.9925,0.4226,1.2926,0.2768,0.2245,-0.2928,0.6402,0.7329,0.6531,0.6294,0.6730,0.7524,0.3269,0.6334,0.6936,0.6947,0.0194,0.0136,0.0175,0.0229,0.0224,0.0000,0.0590,0.0013,0.0148,0.0105,0.9799,0.9792,0.9903,0.9788,0.9806,1.0000,0.9720,1.0000,0.9740,1.0000,56.13,196.82,80.50,56.86,63.54,11.84,5.63,250.28,67.71,84.29,0.0000,0.0000,0.0000,0.0000,0.0000,0.0000,0.4585,0.0434,0.0000,0.0000,104304,74663,53998,54750,86225,66964,95775,572442,131417,91336,0,0,0,0,0,0,0,0,0,0,0.0000,0.0000,0.0000,0.0000,0.0000,0.0000,0.4991,0.4991,0.0000,0.0000,0,0,0,0,0,0,0,1,0,0,0,0,0,0,0,0,1,1,0,0,0.1111,0.0792,0.1144,0.0489,0.0799,0.0213,0.0563,0.1122,0.0133,0.1341,0.000,0.000,0.000,0.000,0.000,0.000,0.000,0.152,0.000,0.000,semi-presidential,parliamentary,parliamentary,parliamentary,parliamentary,semi-presidential,semi-presidential,electoral-authoritarian,electoral-authoritarian,parliamentary,0.800,0.800,0.800,0.800,0.800,0.800,0.193,0.500,0.516,0.800,100.0,62.3,100.0,92.3,100.0,100.0,100.0,100.0,96.1,45.6
2030-04-01,0.9997,1.0113,1.0192,1.0010,0.9967,1.0757,0.9959,1.0014,1.0153,1.0000,0.9913,0.9920,1.0000,1.0116,1.0193,1.0014,0.9975,1.0770,0.9959,1.0018,1.0161,1.0005,1.0005,0.9923,3647.28,5337.30,3956.27,2712.86,2034.73,1257.18,188.30,2712.65,1947.52,555.67,1.1170,0.6268,1.0775,1.3400,0.9905,0.4195,1.2964,0.2772,0.2206,-0.3030,0.6389,0.7345,0.6492,0.6340,0.6616,0.7579,0.3687,0.6259,0.6874,0.6663,0.0003,0.0000,0.0003,0.0000,0.0002,0.0000,0.0004,0.0000,0.0000,0.0004,1.0000,1.0000,1.0000,1.0000,1.0000,1.0000,1.0000,1.0000,1.0000,1.0000,58.07,201.74,81.36,58.79,64.85,11.76,10.26,261.99,70.33,85.29,0.0000,0.0000,0.0000,0.0000,0.0000,0.0000,0.0000,0.0000,0.0000,0.0000,104304,74663,53998,54750,86225,66964,95775,572442,131417,91336,0,0,0,0,0,0,0,0,0,0,0.0000,0.0000,0.0000,0.0000,0.0000,0.0000,0.5014,0.4991,0.0000,0.0000,0,0,0,0,0,0,0,1,0,0,0,0,0,0,0,0,0,0,0,0,0.1180,0.0828,0.1224,0.0519,0.0853,0.0214,0.0683,0.1150,0.0136,0.1361,0.000,0.000,0.000,0.000,0.000,0.000,0.000,0.153,0.000,0.000,semi-presidential,parliamentary,parliamentary,parliamentary,parliamentary,semi-presidential,semi-presidential,electoral-authoritarian,electoral-authoritarian,parliamentary,0.800,0.800,0.800,0.800,0.800,0.800,0.202,0.500,0.500,0.800,100.0,65.3,100.0,94.6,100.0,100.0,100.0,100.0,100.0,47.6
2030-05-01,0.9963,1.0090,1.0170,0.9974,0.9864,1.0596,0.9955,1.0001,1.0130,0.9970,0.9932,0.9901,0.9969,1.0096,1.0178,0.9978,0.9878,1.0618,1.0331,1.0002,1.0132,0.9971,1.1115,0.9903,3643.46,5350.17,3963.21,2718.95,2041.91,1259.28,189.09,2718.47,1956.45,557.58,1.1213,0.6254,1.0756,1.3370,0.9870,0.4174,1.2918,0.2775,0.2189,-0.3166,0.6345,0.7415,0.6483,0.6457,0.6707,0.7569,0.4275,0.6302,0.6884,0.6830,0.0048,0.0000,0.0058,0.0000,0.0032,0.0000,0.0050,0.0008,0.0003,0.0066,1.0000,1.0000,1.0000,1.0000,1.0000,1.0000,1.0000,1.0000,1.0000,1.0000,57.02,200.31,80.65,58.22,64.50,11.60,9.64,259.80,70.31,85.21,0.0000,0.0000,0.0000,0.0000,0.0000,0.0000,0.0000,0.0000,0.0000,0.0000,104304,74663,53998,54750,86225,66964,95775,572442,131417,91336,0,0,0,0,0,0,0,0,0,0,0.0000,0.0000,0.0000,0.0000,0.0000,0.0000,0.4817,0.4794,0.0000,0.0000,0,0,0,0,0,0,0,1,0,0,0,0,0,0,0,0,0,0,0,0,0.1177,0.0818,0.1223,0.0510,0.0849,0.0201,0.0666,0.1117,0.0126,0.1356,0.000,0.000,0.000,0.000,0.000,0.000,0.000,0.155,0.000,0.000,semi-presidential,parliamentary,parliamentary,parliamentary,parliamentary,semi-presidential,semi-presidential,electoral-authoritarian,electoral-authoritarian,parliamentary,0.800,0.800,0.800,0.800,0.800,0.800,0.212,0.500,0.500,0.800,100.0,68.4,100.0,97.0,100.0,100.0,100.0,100.0,100.0,50.3
2030-06-01,0.9946,1.0049,1.0139,0.9924,0.9758,1.0451,0.9959,0.9976,1.0118,0.9940,0.9969,0.9906,0.9947,1.0050,1.0141,0.9926,0.9778,1.0480,0.9959,0.9978,1.0120,0.9943,1.1084,0.9912,3640.00,5354.00,3963.27,2727.42,2043.17,1263.58,189.82,2722.41,1961.96,558.66,1.1225,0.6250,1.0757,1.3359,0.9865,0.4145,1.2885,0.2780,0.2175,-0.3305,0.6256,0.7443,0.6462,0.6507,0.6679,0.7533,0.4679,0.6225,0.7027,0.6835,0.0035,0.0000,0.0042,0.0000,0.0023,0.0000,0.0036,0.0005,0.0002,0.0052,1.0000,1.0000,1.0000,1.0000,1.0000,1.0000,1.0000,1.0000,1.0000,1.0000,56.86,198.96,79.90,58.20,64.56,11.38,9.54,260.38,70.53,84.92,0.0000,0.0000,0.0000,0.0000,0.0000,0.0000,0.0000,0.0000,0.0000,0.0000,104304,74663,53998,54750,86225,66964,95775,572442,131417,91336,0,0,0,0,0,0,0,0,0,0,0.0000,0.0000,0.0000,0.0000,0.0000,0.0000,0.4620,0.4597,0.0000,0.0000,0,0,0,0,0,0,0,1,0,0,0,0,0,0,0,0,0,0,0,0,0.1289,0.0872,0.1347,0.0619,0.0936,0.0209,0.0689,0.1150,0.0138,0.1350,0.000,0.000,0.000,0.000,0.000,0.000,0.000,0.156,0.000,0.000,semi-presidential,parliamentary,parliamentary,parliamentary,parliamentary,semi-presidential,semi-presidential,electoral-authoritarian,electoral-authoritarian,parliamentary,0.800,0.800,0.800,0.800,0.800,0.800,0.222,0.500,0.500,0.800,100.0,71.6,100.0,99.4,100.0,100.0,100.0,100.0,100.0,53.1
2030-07-01,0.9918,1.0025,1.0120,0.9868,0.9695,1.0343,0.9959,0.9970,1.0093,0.9927,0.9980,0.9921,0.9921,1.0027,1.0124,0.9874,0.9699,1.0350,1.0049,0.9971,1.0098,0.9930,1.0177,0.9923,3645.59,5367.25,3966.68,2735.85,2045.23,1270.09,190.51,2726.66,1969.54,559.03,1.1206,0.6235,1.0748,1.3319,0.9855,0.4110,1.2863,0.2785,0.2158,-0.3449,0.6253,0.7498,0.6526,0.6597,0.6806,0.7503,0.5177,0.6349,0.7110,0.6911,0.0009,0.0000,0.0011,0.0000,0.0006,0.0000,0.0010,0.0001,0.0000,0.0014,1.0000,1.0000,1.0000,1.0000,1.0000,1.0000,1.0000,1.0000,1.0000,1.0000,56.54,198.31,79.61,57.96,64.17,11.34,9.58,258.79,70.31,84.68,0.0000,0.0000,0.0000,0.0000,0.0000,0.0000,0.0000,0.0000,0.0000,0.0000,104304,74663,53998,54750,86225,66964,95775,572442,131417,91336,0,0,0,0,0,0,0,0,0,0,0.0000,0.0000,0.0000,0.0000,0.0000,0.0000,0.4423,0.4400,0.0000,0.0000,0,0,0,0,0,0,0,1,0,0,0,0,0,0,0,0,0,0,0,0,0.1304,0.0882,0.1360,0.0627,0.0947,0.0222,0.0740,0.1152,0.0149,0.1346,0.000,0.000,0.000,0.000,0.000,0.000,0.000,0.155,0.000,0.000,semi-presidential,parliamentary,parliamentary,parliamentary,parliamentary,semi-presidential,semi-presidential,electoral-authoritarian,electoral-authoritarian,parliamentary,0.800,0.800,0.800,0.800,0.800,0.800,0.232,0.500,0.500,0.800,100.0,74.7,100.0,100.0,100.0,100.0,100.0,100.0,100.0,55.9
2030-08-01,0.9917,1.0020,1.0115,0.9826,0.9633,1.0255,0.9970,0.9955,1.0072,0.9903,1.0003,0.9931,1.0541,1.0021,1.0431,0.9934,0.9641,1.0268,1.0541,0.9956,1.0074,0.9904,1.1458,0.9932,3649.91,5376.60,3975.80,2749.72,2048.01,1281.25,191.05,2741.88,1982.03,559.21,1.1190,0.6223,1.0724,1.3253,0.9802,0.4049,1.2856,0.2780,0.2137,-0.3539,0.6311,0.7558,0.6640,0.6695,0.6932,0.7487,0.5326,0.6418,0.7080,0.7039,0.0125,0.0047,0.0169,0.0053,0.0104,0.0030,0.0331,0.0009,0.0037,0.0092,1.0000,1.0000,1.0000,1.0000,1.0000,1.0000,1.0000,1.0000,1.0000,1.0000,57.20,198.20,80.41,58.74,65.06,11.17,9.75,263.34,71.10,84.22,0.0000,0.0000,0.0000,0.0000,0.0000,0.0000,0.0000,0.0000,0.0000,0.0000,104304,74663,53998,54750,86225,66964,95775,572442,131417,91336,0,0,0,0,0,0,0,0,0,0,0.0000,0.0000,0.0000,0.0000,0.0000,0.0000,0.4225,0.4202,0.0000,0.0000,0,0,0,0,0,0,0,1,0,0,0,0,0,0,0,0,0,0,0,0,0.1317,0.0887,0.1369,0.0636,0.0956,0.0227,0.0745,0.1187,0.0193,0.1345,0.000,0.000,0.000,0.000,0.000,0.000,0.000,0.155,0.000,0.000,semi-presidential,parliamentary,parliamentary,parliamentary,parliamentary,semi-presidential,semi-presidential,electoral-authoritarian,electoral-authoritarian,parliamentary,0.800,0.800,0.800,0.800,0.800,0.800,0.242,0.500,0.500,0.800,100.0,77.9,100.0,100.0,100.0,100.0,100.0,100.0,100.0,57.7
2030-09-01,0.9912,1.0031,1.0137,0.9820,0.9605,1.0181,0.9986,0.9949,1.0048,0.9889,1.0043,0.9928,0.9914,1.0115,1.1358,1.0098,0.9606,1.0183,1.0139,1.0014,1.0053,0.9892,1.0873,0.9931,3653.42,5389.74,3979.72,2753.13,2052.26,1285.97,191.69,2745.99,1991.80,559.48,1.1177,0.6209,1.0713,1.3238,0.9784,0.4021,1.2845,0.2785,0.2119,-0.3683,0.6274,0.7498,0.6269,0.6696,0.6873,0.7496,0.5392,0.6365,0.7197,0.7011,0.0125,0.0056,0.0227,0.0117,0.0111,0.0009,0.0127,0.0005,0.0056,0.0065,0.9931,0.9924,0.9965,0.9942,0.9948,0.9935,0.9999,1.0000,0.9946,1.0000,56.38,197.30,80.77,58.03,63.50,11.20,9.48,257.27,70.04,84.43,0.0000,0.0000,0.0000,0.0000,0.0000,0.0000,0.0000,0.0000,0.0000,0.0000,104304,74663,53998,54750,86225,66964,95775,572442,131417,91336,0,0,0,0,0,0,0,0,0,0,0.0000,0.0000,0.0000,0.0000,0.0000,0.0000,0.4028,0.4005,0.0000,0.0000,0,0,0,0,0,0,0,1,0,0,0,0,0,0,0,0,0,0,0,0,0.1229,0.0806,0.1191,0.0555,0.0841,0.0213,0.0748,0.1151,0.0171,0.1374,0.000,0.000,0.000,0.000,0.000,0.000,0.000,0.156,0.000,0.000,semi-presidential,parliamentary,parliamentary,parliamentary,parliamentary,semi-presidential,semi-presidential,electoral-authoritarian,electoral-authoritarian,parliamentary,0.800,0.800,0.834,0.800,0.800,0.800,0.252,0.500,0.500,0.800,100.0,81.1,91.4,100.0,100.0,100.0,100.0,100.0,100.0,60.5
2030-10-01,0.9904,1.0023,1.0151,0.9835,0.9570,1.0131,1.0011,0.9947,1.0037,0.9864,1.0053,0.9906,0.9906,1.0027,1.0154,1.0227,0.9574,1.0136,1.0693,0.9948,1.0491,0.9873,1.0052,0.9908,3655.29,5392.40,3962.71,2751.29,2054.25,1286.95,191.73,2749.43,2001.24,559.26,1.1171,0.6206,1.0760,1.3248,0.9776,0.4006,1.2878,0.2821,0.2101,-0.3830,0.6271,0.7486,0.6209,0.6581,0.6761,0.7400,0.5325,0.6454,0.7113,0.7044,0.0021,0.0011,0.0130,0.0097,0.0027,0.0000,0.0130,0.0021,0.0017,0.0041,1.0000,1.0000,1.0000,1.0000,1.0000,1.0000,1.0000,1.0000,1.0000,1.0000,57.08,196.53,78.35,58.18,63.52,11.77,9.37,261.57,70.83,83.97,0.0000,0.0000,0.0000,0.0000,0.0000,0.0000,0.0000,0.0000,0.0000,0.0000,104304,74663,53998,54750,86225,66964,95775,572442,131417,91336,0,0,0,0,0,0,0,0,0,0,0.0000,0.0000,0.0000,0.0000,0.0000,0.0000,0.3831,0.3852,0.0000,0.0000,0,0,0,0,0,0,0,1,0,0,0,0,0,0,0,0,0,0,0,0,0.1237,0.0799,0.1260,0.0579,0.0846,0.0207,0.0730,0.1152,0.0165,0.1380,0.000,0.000,0.000,0.000,0.000,0.000,0.000,0.158,0.000,0.000,semi-presidential,parliamentary,parliamentary,parliamentary,parliamentary,semi-presidential,semi-presidential,electoral-authoritarian,electoral-authoritarian,parliamentary,0.800,0.800,0.824,0.800,0.800,0.800,0.262,0.500,0.500,0.800,100.0,84.2,93.6,100.0,100.0,100.0,100.0,100.0,100.0,63.4
2030-11-01,0.9889,0.9989,1.0136,0.9861,0.9545,1.0099,1.0011,0.9946,1.0031,0.9823,1.0072,0.9902,0.9889,0.9990,1.0142,1.0221,0.9549,1.0106,1.0015,1.0341,1.0034,0.9827,1.0682,0.9903,3669.55,5409.73,3970.49,2764.24,2053.47,1292.89,192.16,2757.21,2013.93,561.55,1.1129,0.6187,1.0740,1.3187,0.9781,0.3976,1.2889,0.2826,0.2080,-0.4050,0.6388,0.7454,0.6351,0.6637,0.6713,0.7422,0.5512,0.6413,0.7094,0.7102,0.0038,0.0010,0.0144,0.0082,0.0025,0.0000,0.0116,0.0005,0.0002,0.0053,1.0000,1.0000,1.0000,1.0000,1.0000,1.0000,1.0000,1.0000,1.0000,1.0000,57.15,197.15,78.62,58.20,63.67,11.77,9.35,262.55,71.39,84.12,0.0000,0.0000,0.0000,0.0000,0.0000,0.0000,0.0000,0.0000,0.0000,0.0000,104304,74663,53998,54750,86225,66964,95775,572442,131417,91336,0,0,0,0,0,0,0,0,0,0,0.0000,0.0000,0.0000,0.0000,0.0000,0.0000,0.3634,0.3655,0.0000,0.0000,0,0,0,0,0,0,0,1,0,0,0,0,0,0,0,0,0,0,0,0,0.1376,0.0862,0.1411,0.0646,0.1008,0.0218,0.0773,0.1165,0.0182,0.1376,0.000,0.000,0.000,0.000,0.000,0.000,0.000,0.159,0.000,0.000,semi-presidential,parliamentary,parliamentary,parliamentary,parliamentary,semi-presidential,semi-presidential,electoral-authoritarian,electoral-authoritarian,parliamentary,0.800,0.800,0.814,0.800,0.800,0.800,0.271,0.500,0.500,0.800,100.0,87.3,96.0,100.0,100.0,100.0,100.0,100.0,100.0,68.8
2030-12-01,0.9883,0.9963,1.0122,0.9889,0.9519,1.0068,1.0007,0.9944,1.0024,0.9771,1.0101,0.9897,0.9883,0.9965,1.0125,1.0274,0.9520,1.0069,1.0007,0.9946,1.0025,0.9778,1.1406,0.9898,3678.54,5403.59,3980.27,2771.98,2061.81,1299.90,192.58,2763.43,2026.39,563.78,1.1102,0.6195,1.0712,1.3152,0.9742,0.3943,1.2903,0.2832,0.2059,-0.4178,0.6441,0.7479,0.6515,0.6640,0.6813,0.7498,0.5584,0.6526,0.7138,0.7107,0.0040,0.0010,0.0145,0.0094,0.0026,0.0000,0.0119,0.0005,0.0001,0.0056,1.0000,1.0000,1.0000,1.0000,1.0000,1.0000,1.0000,1.0000,1.0000,1.0000,57.38,196.88,78.63,58.70,64.00,11.80,9.36,264.39,71.85,84.23,0.0000,0.0000,0.0000,0.0000,0.0000,0.0000,0.0000,0.0000,0.0000,0.0000,104304,74663,53998,54750,86225,66964,95775,572442,131417,91336,0,0,0,0,0,0,0,0,0,0,0.0000,0.0000,0.0000,0.0000,0.0000,0.0000,0.3437,0.3458,0.0000,0.0000,0,0,0,0,0,0,0,1,0,0,0,0,0,0,0,0,0,0,0,0,0.1302,0.0828,0.1335,0.0610,0.0954,0.0207,0.0727,0.1158,0.0170,0.1374,0.000,0.000,0.000,0.000,0.000,0.000,0.000,0.160,0.000,0.000,semi-presidential,parliamentary,parliamentary,parliamentary,parliamentary,semi-presidential,semi-presidential,electoral-authoritarian,electoral-authoritarian,parliamentary,0.800,0.800,0.805,0.800,0.800,0.800,0.281,0.500,0.500,0.800,100.0,90.5,98.4,100.0,100.0,100.0,100.0,100.0,100.0,71.7
2031-01-01,0.9879,0.9958,1.0089,0.9915,0.9494,1.0034,0.9992,0.9929,1.0016,0.9705,1.0160,0.9894,0.9881,1.0480,1.0097,1.0307,0.9496,1.0038,0.9993,0.9930,1.0016,0.9706,1.2773,0.9893,3693.46,5413.50,3985.78,2781.19,2068.07,1306.11,192.87,2774.40,2037.84,564.73,1.1057,0.6184,1.0696,1.3109,0.9714,0.3913,1.2928,0.2833,0.2040,-0.4316,0.6473,0.7443,0.6543,0.6710,0.6932,0.7412,0.5580,0.6610,0.7175,0.7066,0.0143,0.0071,0.0239,0.0141,0.0117,0.0046,0.0175,0.0010,0.0046,0.0116,0.9532,0.9578,0.9762,0.9611,0.9545,0.9674,0.9921,1.0000,0.9681,1.0000,57.08,195.70,78.18,58.79,63.71,11.70,9.28,263.44,72.10,84.12,0.0000,0.0000,0.0000,0.0000,0.0000,0.0000,0.0000,0.0000,0.0000,0.0000,104304,74663,53998,54750,86225,66964,95775,572442,131417,91336,0,0,0,0,0,0,0,0,0,0,0.0000,0.0000,0.0000,0.0000,0.0000,0.0000,0.3240,0.3261,0.0000,0.0000,0,0,0,0,0,0,0,1,0,0,0,0,0,0,0,0,0,0,0,0,0.1363,0.0852,0.1403,0.0640,0.0999,0.0210,0.0765,0.1142,0.0174,0.1371,0.000,0.000,0.000,0.000,0.000,0.000,0.000,0.161,0.000,0.000,semi-presidential,parliamentary,parliamentary,parliamentary,parliamentary,semi-presidential,semi-presidential,electoral-authoritarian,electoral-authoritarian,parliamentary,0.800,0.800,0.800,0.800,0.800,0.800,0.291,0.500,0.500,0.800,100.0,93.6,100.0,100.0,100.0,100.0,100.0,100.0,100.0,74.6
2031-02-01,0.9873,0.9964,1.0046,0.9902,0.9494,1.0028,0.9980,0.9920,0.9986,0.9652,1.0222,0.9913,0.9873,0.9964,1.0049,1.0082,0.9491,1.0267,0.9981,0.9919,0.9991,0.9660,1.1637,0.9919,3709.81,5443.25,3994.91,2794.30,2067.27,1310.78,193.23,2786.98,2054.43,565.28,1.1009,0.6151,1.0672,1.3048,0.9719,0.3887,1.2951,0.2833,0.2015,-0.4401,0.6543,0.7457,0.6567,0.6837,0.7013,0.7405,0.5505,0.6693,0.7191,0.7096,0.0047,0.0005,0.0153,0.0006,0.0033,0.0003,0.0097,0.0005,0.0002,0.0067,1.0000,1.0000,1.0000,1.0000,1.0000,1.0000,1.0000,1.0000,1.0000,1.0000,57.38,197.87,80.43,59.25,64.70,11.58,9.40,266.01,73.14,84.67,0.0000,0.0000,0.0000,0.0000,0.0000,0.0000,0.0000,0.0000,0.0000,0.0000,104304,74663,53998,54750,86225,66964,95775,572442,131417,91336,0,0,0,0,0,0,0,0,0,0,0.0000,0.0000,0.0000,0.0000,0.0000,0.0000,0.3043,0.3064,0.0000,0.0000,0,0,0,0,0,0,0,1,0,0,0,0,0,0,0,0,0,0,0,0,0.1362,0.0868,0.1420,0.0661,0.1005,0.0222,0.0807,0.1163,0.0184,0.1339,0.000,0.000,0.000,0.000,0.000,0.000,0.000,0.160,0.000,0.000,semi-presidential,parliamentary,parliamentary,parliamentary,parliamentary,semi-presidential,semi-presidential,electoral-authoritarian,electoral-authoritarian,parliamentary,0.800,0.800,0.800,0.800,0.800,0.800,0.301,0.500,0.500,0.800,100.0,99.8,100.0,100.0,100.0,100.0,100.0,100.0,100.0,76.8
2031-03-01,0.9870,0.9939,1.0024,0.9885,0.9732,1.0030,0.9955,0.9962,0.9967,0.9611,1.0258,0.9926,0.9870,0.9941,1.0028,1.0068,1.0713,1.0098,0.9962,1.0708,0.9968,0.9614,1.1715,0.9929,3713.26,5443.25,4007.40,2804.98,2071.12,1314.75,193.66,2793.48,2061.72,566.36,1.0998,0.6151,1.0639,1.2999,0.9702,0.3871,1.2972,0.2838,0.2001,-0.4537,0.6530,0.7457,0.6601,0.6739,0.6878,0.7485,0.5474,0.6794,0.7178,0.6766,0.0082,0.0001,0.0298,0.0215,0.0270,0.0001,0.0139,0.0011,0.0003,0.0484,1.0000,1.0000,1.0000,1.0000,1.0000,1.0000,1.0000,1.0000,1.0000,1.0000,57.30,199.26,81.74,58.89,64.24,11.68,9.18,263.69,72.54,84.94,0.0000,0.0000,0.0000,0.0000,0.0000,0.0000,0.0000,0.0000,0.0000,0.0000,104304,74663,53998,54750,86225,66964,95775,572442,131417,91336,0,0,0,0,0,0,0,0,0,0,0.0000,0.0000,0.0000,0.0000,0.0000,0.0000,0.2846,0.2867,0.0000,0.0000,0,0,0,0,0,0,0,1,0,0,0,0,0,0,0,0,0,0,0,0,0.1379,0.0883,0.1429,0.0672,0.1014,0.0234,0.0828,0.1176,0.0192,0.1337,0.000,0.000,0.000,0.000,0.000,0.000,0.000,0.159,0.000,0.000,semi-presidential,parliamentary,parliamentary,parliamentary,parliamentary,semi-presidential,semi-presidential,electoral-authoritarian,electoral-authoritarian,parliamentary,0.800,0.800,0.800,0.800,0.800,0.800,0.311,0.500,0.500,0.800,100.0,99.8,100.0,100.0,100.0,100.0,100.0,100.0,100.0,79.6
2031-04-01,0.9885,0.9914,1.0010,0.9878,0.9910,1.0013,0.9927,0.9993,0.9961,0.9604,1.0278,0.9940,1.0665,0.9914,1.0014,1.0106,1.0672,1.0016,0.9929,1.1514,1.0135,0.9602,1.0936,0.9941,3722.31,5456.59,4014.01,2810.43,2079.26,1321.67,193.76,2808.93,2074.24,567.54,1.0972,0.6137,1.0621,1.2975,0.9665,0.3840,1.3016,0.2835,0.1981,-0.4671,0.6594,0.7420,0.6615,0.6679,0.6926,0.7489,0.5459,0.6723,0.7267,0.6744,0.0146,0.0049,0.0320,0.0216,0.0280,0.0039,0.0399,0.0020,0.0039,0.0410,1.0000,1.0000,1.0000,1.0000,1.0000,1.0000,1.0000,1.0000,1.0000,1.0000,57.30,200.16,82.42,59.02,64.91,12.00,9.43,265.50,73.20,84.42,0.0000,0.0000,0.0000,0.0000,0.0000,0.0000,0.0000,0.0000,0.0000,0.0000,104304,74663,53998,54750,86225,66964,95775,572442,131417,91336,0,0,0,0,0,0,0,0,0,0,0.0000,0.0000,0.0000,0.0000,0.0000,0.0000,0.2648,0.2670,0.0000,0.0000,0,0,0,0,0,0,0,1,0,0,0,0,0,0,0,0,0,0,0,0,0.1407,0.0896,0.1441,0.0681,0.1033,0.0247,0.0851,0.1205,0.0206,0.1362,0.000,0.000,0.000,0.000,0.000,0.000,0.000,0.158,0.000,0.000,semi-presidential,parliamentary,parliamentary,parliamentary,parliamentary,semi-presidential,semi-presidential,electoral-authoritarian,electoral-authoritarian,parliamentary,0.800,0.800,0.800,0.800,0.800,0.800,0.321,0.500,0.500,0.800,100.0,100.0,100.0,100.0,100.0,100.0,100.0,100.0,100.0,82.4
2031-05-01,0.9912,0.9898,0.9980,0.9874,1.0032,0.9983,0.9903,1.0032,0.9963,0.9609,1.0292,0.9944,1.0739,0.9905,0.9990,1.0130,1.0701,0.9990,0.9904,1.1413,0.9964,0.9687,1.0418,0.9948,3730.08,5477.31,4033.13,2824.42,2084.64,1327.88,194.33,2819.11,2086.07,568.59,1.0950,0.6114,1.0571,1.2913,0.9640,0.3811,1.3031,0.2838,0.2001,-0.4807,0.6603,0.7447,0.6654,0.6893,0.6930,0.7413,0.5371,0.6641,0.7398,0.6685,0.0126,0.0054,0.0282,0.0211,0.0244,0.0041,0.0371,0.0010,0.0034,0.0342,1.0000,1.0000,1.0000,1.0000,1.0000,1.0000,1.0000,1.0000,1.0000,1.0000,57.42,202.16,83.98,59.13,65.22,12.48,9.51,265.11,73.01,84.81,0.0000,0.0000,0.0000,0.0000,0.0000,0.0000,0.0000,0.0000,0.0000,0.0000,104304,74663,53998,54750,86225,66964,95775,572442,131417,91336,0,0,0,0,0,0,0,0,0,0,0.0000,0.0000,0.0000,0.0000,0.0000,0.0000,0.2451,0.2473,0.0000,0.0000,0,0,0,0,0,0,0,1,0,0,0,0,0,0,0,0,0,0,0,0,0.1410,0.0902,0.1445,0.0684,0.1037,0.0253,0.0861,0.1194,0.0213,0.1369,0.000,0.000,0.000,0.000,0.000,0.000,0.000,0.158,0.000,0.000,semi-presidential,parliamentary,parliamentary,parliamentary,parliamentary,semi-presidential,semi-presidential,electoral-authoritarian,electoral-authoritarian,parliamentary,0.800,0.800,0.800,0.800,0.800,0.800,0.331,0.500,0.500,0.800,90.0,100.0,100.0,100.0,100.0,100.0,100.0,100.0,100.0,85.1
2031-06-01,0.9944,0.9864,0.9925,0.9878,1.0145,0.9952,0.9897,1.0055,0.9944,0.9628,1.0270,0.9960,1.1218,0.9866,0.9930,1.0072,1.0708,0.9952,0.9896,1.0161,0.9947,1.0128,1.0272,0.9963,3740.27,5510.12,4045.44,2833.54,2087.06,1331.38,194.16,2823.50,2101.76,568.37,1.0921,0.6078,1.0539,1.2870,0.9630,0.3821,1.3073,0.2846,0.1979,-0.4953,0.6764,0.7609,0.6724,0.6798,0.7012,0.7481,0.5255,0.6764,0.6205,0.6785,0.0091,0.0079,0.0206,0.0186,0.0207,0.0067,0.0319,0.0004,0.0055,0.0207,1.0000,1.0000,1.0000,1.0000,1.0000,1.0000,1.0000,1.0000,1.0000,1.0000,56.79,201.95,84.48,58.88,64.76,12.71,9.48,262.52,72.96,84.16,0.0000,0.0000,0.0000,0.0000,0.0000,0.0000,0.0000,0.0000,0.0000,0.0000,104304,74663,53998,54750,86225,66964,95775,572442,131417,91336,0,0,0,0,0,0,0,0,0,0,0.0000,0.0000,0.0000,0.0000,0.0000,0.0000,0.2338,0.2275,0.0000,0.0000,0,0,0,0,0,0,0,1,0,0,0,0,0,0,0,0,0,0,0,0,0.1423,0.0913,0.1458,0.0695,0.1046,0.0265,0.0879,0.1196,0.0221,0.1356,0.000,0.000,0.000,0.000,0.000,0.000,0.000,0.157,0.000,0.000,semi-presidential,parliamentary,parliamentary,parliamentary,parliamentary,semi-presidential,semi-presidential,electoral-authoritarian,electoral-authoritarian,parliamentary,0.800,0.800,0.800,0.800,0.800,0.800,0.336,0.500,0.500,0.800,92.8,100.0,100.0,100.0,100.0,100.0,100.0,100.0,100.0,87.9
2031-07-01,0.9975,0.9833,0.9873,0.9863,1.0229,0.9928,0.9906,1.0039,0.9927,0.9641,1.0260,0.9979,1.0944,0.9838,0.9883,1.0057,1.0645,0.9933,1.0216,1.0040,0.9928,0.9900,1.0272,0.9982,3751.72,5512.10,4058.22,2847.62,2094.70,1335.54,194.70,2830.72,2111.62,568.77,1.0889,0.6077,1.0506,1.2807,0.9595,0.3801,1.3091,0.2851,0.1962,-0.5094,0.6748,0.7636,0.6776,0.6809,0.6978,0.7551,0.5236,0.6863,0.7060,0.6859,0.0075,0.0059,0.0185,0.0136,0.0159,0.0049,0.0306,0.0003,0.0038,0.0161,1.0000,1.0000,1.0000,1.0000,1.0000,1.0000,1.0000,1.0000,1.0000,1.0000,57.44,203.13,86.58,61.81,65.96,12.61,9.62,265.77,73.72,84.89,0.0000,0.0000,0.0000,0.0000,0.0000,0.0000,0.0000,0.0000,0.0000,0.0000,104304,74663,53998,54750,86225,66964,95775,572442,131417,91336,0,0,0,0,0,0,0,0,0,0,0.0000,0.0000,0.0000,0.0000,0.0000,0.0000,0.2141,0.2078,0.0000,0.0000,0,0,0,0,0,0,0,1,0,0,0,0,0,0,0,0,0,0,0,0,0.1422,0.0927,0.1471,0.0719,0.1094,0.0274,0.0894,0.1214,0.0227,0.1339,0.000,0.000,0.000,0.000,0.000,0.000,0.000,0.157,0.000,0.000,semi-presidential,parliamentary,parliamentary,parliamentary,parliamentary,semi-presidential,semi-presidential,electoral-authoritarian,electoral-authoritarian,parliamentary,0.800,0.800,0.800,0.800,0.800,0.800,0.346,0.500,0.500,0.800,95.8,100.0,100.0,100.0,100.0,100.0,100.0,100.0,100.0,90.7
2031-08-01,1.0000,0.9822,0.9852,0.9859,1.0275,0.9912,0.9907,1.0032,0.9920,0.9664,1.0233,0.9993,1.0937,0.9988,0.9862,1.0043,1.0457,0.9916,1.0001,1.0077,0.9921,1.0120,1.0236,0.9993,3779.72,5522.89,4066.24,2858.34,2106.45,1346.27,195.51,2843.36,2125.09,568.79,1.0839,0.6066,1.0486,1.2759,0.9540,0.3761,1.3094,0.2851,0.1942,-0.5239,0.6810,0.7678,0.6888,0.6896,0.7194,0.7583,0.5208,0.6922,0.7021,0.6933,0.0089,0.0076,0.0172,0.0105,0.0128,0.0062,0.0292,0.0004,0.0051,0.0066,0.9849,0.9862,0.9923,0.9875,0.9856,0.9893,0.9974,1.0000,0.9899,1.0000,58.00,202.91,86.76,62.91,66.68,12.59,9.66,268.66,74.67,85.02,0.0000,0.0000,0.0000,0.0000,0.0000,0.0000,0.0000,0.0000,0.0000,0.0000,104304,74663,53998,54750,86225,66964,95775,572442,131417,91336,0,0,0,0,0,0,0,0,0,0,0.0000,0.0000,0.0000,0.0000,0.0000,0.0000,0.1944,0.1881,0.0000,0.0000,0,0,0,0,0,0,0,1,0,0,0,0,0,0,0,0,0,0,0,0,0.1446,0.0935,0.1480,0.0732,0.1108,0.0286,0.0907,0.1243,0.0242,0.1359,0.000,0.000,0.000,0.000,0.000,0.000,0.000,0.156,0.000,0.000,semi-presidential,parliamentary,parliamentary,parliamentary,parliamentary,semi-presidential,semi-presidential,electoral-authoritarian,electoral-authoritarian,parliamentary,0.800,0.800,0.800,0.800,0.800,0.800,0.356,0.500,0.500,0.800,100.0,100.0,100.0,100.0,100.0,100.0,100.0,100.0,100.0,93.5
2031-09-01,1.0017,0.9818,0.9840,0.9861,1.0294,0.9896,0.9918,1.0023,0.9925,0.9714,1.0217,1.0008,1.0815,0.9818,0.9848,1.0047,1.0377,0.9897,1.0684,1.0028,1.0500,1.0167,1.0220,1.0011,3804.20,5538.52,4079.74,2862.86,2115.94,1364.34,196.16,2847.87,2131.95,569.78,1.0770,0.6047,1.0492,1.2739,0.9493,0.3691,1.3108,0.2859,0.1928,-0.5374,0.6852,0.7680,0.7037,0.6902,0.7200,0.7602,0.5352,0.7149,0.7013,0.7057,0.0076,0.0048,0.0178,0.0069,0.0105,0.0039,0.0325,0.0029,0.0053,0.0074,1.0000,1.0000,1.0000,1.0000,1.0000,1.0000,1.0000,1.0000,1.0000,1.0000,58.51,202.45,84.84,61.30,66.28,12.68,9.62,270.34,74.97,85.13,0.0000,0.0000,0.0000,0.0000,0.0000,0.0000,0.0000,0.0000,0.0000,0.0000,104304,74663,53998,54750,86225,66964,95775,572442,131417,91336,0,0,0,0,0,0,0,0,0,0,0.0000,0.0000,0.0000,0.0000,0.0000,0.0000,0.1747,0.1684,0.0000,0.0000,0,0,0,0,0,0,0,1,0,0,0,0,0,0,0,0,0,0,0,0,0.1462,0.0942,0.1496,0.0733,0.1119,0.0292,0.0918,0.1253,0.0252,0.1361,0.000,0.000,0.000,0.000,0.000,0.000,0.000,0.156,0.000,0.000,semi-presidential,parliamentary,parliamentary,parliamentary,parliamentary,semi-presidential,semi-presidential,electoral-authoritarian,electoral-authoritarian,parliamentary,0.800,0.800,0.800,0.800,0.800,0.800,0.366,0.500,0.500,0.800,100.0,100.0,97.0,100.0,100.0,100.0,100.0,100.0,100.0,96.4
2031-10-01,1.0041,0.9823,0.9853,0.9841,1.0295,0.9882,0.9934,0.9997,0.9938,0.9743,1.0191,1.0013,1.1156,1.0014,1.0665,0.9846,1.0297,0.9885,0.9934,0.9997,1.0853,0.9884,1.0192,1.0015,3818.26,5558.18,4096.78,2880.91,2130.16,1370.91,196.02,2863.59,2143.75,569.50,1.0731,0.6025,1.0449,1.2660,0.9427,0.3664,1.3175,0.2856,0.1909,-0.5522,0.6836,0.7535,0.7046,0.6928,0.7180,0.7664,0.5666,0.7279,0.7107,0.7090,0.0155,0.0116,0.0122,0.0144,0.0180,0.0073,0.0280,0.0038,0.0125,0.0040,0.9824,0.9841,0.9911,0.9855,0.9831,0.9878,0.9969,1.0000,0.9883,1.0000,58.25,201.99,83.85,62.64,66.79,12.39,9.67,269.68,75.34,84.91,0.0000,0.0000,0.0000,0.0000,0.0000,0.0000,0.0000,0.0000,0.0000,0.0000,104304,74663,53998,54750,86225,66964,95775,572442,131417,91336,0,0,0,0,0,0,0,0,0,0,0.0000,0.0000,0.0000,0.0000,0.0000,0.0000,0.1550,0.1487,0.0000,0.0000,0,0,0,0,0,0,0,1,0,0,0,0,0,0,0,0,0,0,0,0,0.1376,0.0910,0.1419,0.0707,0.1053,0.0285,0.0892,0.1255,0.0238,0.1340,0.000,0.000,0.000,0.000,0.000,0.000,0.000,0.156,0.000,0.000,semi-presidential,parliamentary,parliamentary,parliamentary,parliamentary,semi-presidential,semi-presidential,electoral-authoritarian,electoral-authoritarian,parliamentary,0.800,0.800,0.800,0.800,0.800,0.800,0.376,0.500,0.500,0.800,100.0,100.0,99.7,100.0,100.0,100.0,100.0,100.0,100.0,99.3
2031-11-01,1.0068,0.9844,0.9860,0.9819,1.0274,0.9836,0.9953,0.9984,0.9963,0.9754,1.0151,0.9999,1.0609,1.0400,1.0053,1.0027,1.0281,0.9845,1.0600,0.9987,1.0877,1.0070,1.0157,1.0001,3818.40,5572.37,4104.74,2887.55,2143.56,1378.12,196.68,2881.49,2151.20,570.76,1.0731,0.6010,1.0429,1.2630,0.9366,0.3638,1.3185,0.2856,0.1895,-0.5654,0.6784,0.7460,0.7008,0.6896,0.7139,0.7626,0.5662,0.7194,0.7065,0.7154,0.0137,0.0100,0.0222,0.0109,0.0156,0.0075,0.0346,0.0041,0.0111,0.0057,0.9505,0.9549,0.9751,0.9581,0.9520,0.9646,0.9920,1.0000,0.9643,1.0000,59.80,204.83,86.05,63.52,68.20,12.53,9.75,276.88,76.64,85.94,0.0000,0.0000,0.0000,0.0000,0.0000,0.0000,0.0000,0.0000,0.0000,0.0000,104304,74663,53998,54750,86225,66964,95775,572442,131417,91336,0,0,0,0,0,0,0,0,0,0,0.0000,0.0000,0.0000,0.0000,0.0000,0.0000,0.1353,0.1198,0.0000,0.0000,0,0,0,0,0,0,0,1,0,0,0,0,0,0,0,0,0,0,0,0,0.1332,0.0879,0.1357,0.0672,0.1017,0.0270,0.0844,0.1236,0.0223,0.1359,0.000,0.000,0.000,0.000,0.000,0.000,0.000,0.157,0.000,0.000,semi-presidential,parliamentary,parliamentary,parliamentary,parliamentary,semi-presidential,semi-presidential,electoral-authoritarian,electoral-authoritarian,parliamentary,0.800,0.800,0.800,0.800,0.800,0.800,0.386,0.500,0.500,0.800,100.0,100.0,100.0,100.0,100.0,30.0,100.0,91.5,100.0,100.0
2031-12-01,1.0057,0.9844,0.9869,0.9812,1.0241,0.9828,0.9963,0.9968,0.9977,0.9767,1.0106,0.9977,1.0059,0.9845,1.0177,1.0087,1.0241,0.9828,1.0305,0.9971,1.0343,1.0026,1.0112,0.9979,3807.19,5588.45,4115.58,2896.43,2148.33,1384.60,197.31,2888.15,2158.77,570.19,1.0763,0.5993,1.0402,1.2593,0.9344,0.3612,1.3196,0.2861,0.1880,-0.5805,0.6684,0.7492,0.6782,0.6848,0.7167,0.7658,0.5443,0.7061,0.7057,0.7187,0.0032,0.0017,0.0143,0.0065,0.0040,0.0000,0.0090,0.0018,0.0026,0.0030,1.0000,1.0000,1.0000,1.0000,1.0000,1.0000,1.0000,1.0000,1.0000,1.0000,59.90,205.65,85.62,63.29,68.22,12.51,9.71,277.61,76.87,86.26,0.0000,0.0000,0.0000,0.0000,0.0000,0.0000,0.0000,0.0000,0.0000,0.0000,104304,74663,53998,54750,86225,66964,95775,572442,131417,91336,0,0,0,0,0,0,0,0,0,0,0.0000,0.0000,0.0000,0.0000,0.0000,0.0000,0.1155,0.1001,0.0000,0.0000,0,0,0,0,0,0,0,1,0,0,0,0,0,0,0,0,0,0,0,0,0.1364,0.0885,0.1390,0.0678,0.1042,0.0265,0.0868,0.1230,0.0223,0.1379,0.000,0.000,0.000,0.000,0.000,0.000,0.000,0.160,0.000,0.000,semi-presidential,parliamentary,parliamentary,parliamentary,parliamentary,semi-presidential,semi-presidential,electoral-authoritarian,electoral-authoritarian,parliamentary,0.800,0.800,0.800,0.800,0.800,0.800,0.395,0.500,0.500,0.800,100.0,100.0,100.0,100.0,100.0,33.2,100.0,94.6,100.0,100.0
2032-01-01,1.0041,0.9837,0.9883,0.9810,1.0234,0.9821,0.9989,0.9944,0.9987,0.9793,1.0071,0.9966,1.0041,1.0007,1.1173,1.0093,1.0238,0.9877,1.0817,0.9945,1.0371,1.0095,1.0074,0.9966,3823.13,5596.82,4131.00,2907.57,2156.04,1388.87,197.52,2906.72,2169.02,570.56,1.0719,0.5985,1.0395,1.2546,0.9311,0.3591,1.3283,0.2856,0.1864,-0.5946,0.6649,0.7413,0.6715,0.6886,0.7134,0.7741,0.5593,0.7177,0.6920,0.7155,0.0137,0.0073,0.0245,0.0149,0.0138,0.0016,0.0112,0.0021,0.0082,0.0067,0.9842,0.9858,0.9920,0.9870,0.9848,0.9891,0.9972,1.0000,0.9896,1.0000,59.64,203.32,82.48,61.48,67.39,12.27,9.52,276.36,76.53,85.74,0.0000,0.0000,0.0000,0.0000,0.0000,0.0000,0.0000,0.0000,0.0000,0.0000,104304,74663,53998,54750,86225,66964,95775,572442,131417,91336,0,0,0,0,0,0,0,0,0,0,0.0000,0.0000,0.0000,0.0000,0.0000,0.0000,0.0958,0.0804,0.0000,0.0000,0,0,0,0,0,0,0,1,0,0,0,0,0,0,0,0,0,0,0,0,0.1308,0.0851,0.1329,0.0636,0.0996,0.0250,0.0820,0.1206,0.0203,0.1372,0.000,0.000,0.000,0.000,0.000,0.000,0.000,0.161,0.000,0.000,semi-presidential,parliamentary,parliamentary,parliamentary,parliamentary,semi-presidential,semi-presidential,electoral-authoritarian,electoral-authoritarian,parliamentary,0.800,0.800,0.800,0.800,0.800,0.800,0.405,0.500,0.500,0.800,100.0,100.0,100.0,100.0,100.0,36.5,100.0,97.9,100.0,100.0
2032-02-01,1.0034,0.9843,0.9909,0.9802,1.0198,0.9830,1.0003,0.9939,0.9996,0.9827,1.0043,0.9964,1.0034,1.0471,1.1119,1.0012,1.0200,0.9860,1.0466,1.0278,1.0313,1.0095,1.0046,0.9966,3840.02,5611.27,4138.03,2918.60,2163.99,1398.39,197.82,2910.32,2177.74,569.30,1.0672,0.5970,1.0378,1.2500,0.9277,0.3558,1.3352,0.2864,0.1849,-0.6105,0.6690,0.7433,0.6791,0.6829,0.7126,0.7630,0.5629,0.7263,0.6848,0.7131,0.0192,0.0111,0.0283,0.0153,0.0189,0.0057,0.0119,0.0019,0.0119,0.0071,0.9443,0.9491,0.9720,0.9525,0.9459,0.9597,0.9912,1.0000,0.9588,1.0000,60.01,205.65,84.43,63.37,68.60,12.30,9.62,279.23,77.31,85.84,0.0000,0.0000,0.0000,0.0000,0.0000,0.0000,0.0000,0.0000,0.0000,0.0000,104304,74663,53998,54750,86225,66964,95775,572442,131417,91336,0,0,0,0,0,0,0,0,0,0,0.0000,0.0000,0.0000,0.0000,0.0000,0.0000,0.0761,0.0606,0.0000,0.0000,0,0,0,0,0,0,0,1,0,0,0,0,0,0,0,0,0,0,0,0,0.1286,0.0846,0.1311,0.0636,0.0976,0.0243,0.0775,0.1202,0.0197,0.1352,0.000,0.000,0.000,0.000,0.000,0.000,0.000,0.163,0.000,0.000,semi-presidential,parliamentary,parliamentary,parliamentary,parliamentary,semi-presidential,semi-presidential,electoral-authoritarian,electoral-authoritarian,parliamentary,0.800,0.800,0.800,0.800,0.800,0.800,0.415,0.500,0.500,0.800,100.0,100.0,100.0,100.0,100.0,39.7,100.0,100.0,100.0,100.0
2032-03-01,1.0041,0.9869,0.9928,0.9801,1.0154,0.9830,1.0009,0.9956,1.0008,0.9873,1.0037,0.9943,1.0633,1.0812,1.0854,1.0027,1.0157,0.9831,1.0009,1.0968,1.0404,1.0145,1.0388,0.9946,3838.29,5613.28,4138.24,2921.29,2164.93,1406.81,197.71,2916.59,2180.74,569.33,1.0678,0.5969,1.0378,1.2490,0.9274,0.3527,1.3405,0.2870,0.1838,-0.6249,0.6575,0.7241,0.6672,0.6759,0.6897,0.7572,0.5645,0.7192,0.6861,0.7161,0.0278,0.0170,0.0350,0.0199,0.0266,0.0113,0.0382,0.0025,0.0164,0.0109,0.9173,0.9242,0.9586,0.9284,0.9190,0.9392,0.9875,1.0000,0.9362,1.0000,59.71,204.73,83.66,62.41,68.26,12.48,9.67,278.54,77.41,85.30,0.0000,0.0000,0.0000,0.0000,0.0000,0.0000,0.0000,0.0000,0.0000,0.0000,104304,74663,53998,54750,86225,66964,95775,572442,131417,91336,0,0,0,0,0,0,0,0,0,0,0.0000,0.0000,0.0000,0.0000,0.0000,0.0000,0.0564,0.0409,0.0000,0.0000,0,0,0,0,0,0,0,1,0,0,0,0,0,0,0,0,0,0,0,0,0.1177,0.0786,0.1192,0.0569,0.0885,0.0224,0.0750,0.1189,0.0172,0.1355,0.000,0.000,0.000,0.000,0.000,0.000,0.000,0.165,0.000,0.000,semi-presidential,parliamentary,parliamentary,parliamentary,parliamentary,semi-presidential,semi-presidential,electoral-authoritarian,electoral-authoritarian,parliamentary,0.800,0.800,0.800,0.800,0.800,0.800,0.425,0.500,0.500,0.800,100.0,100.0,100.0,100.0,100.0,42.9,100.0,100.0,100.0,100.0
2032-04-01,1.0041,0.9893,0.9951,0.9810,1.0096,0.9833,1.0007,0.9986,1.0033,0.9920,1.0031,0.9950,1.0382,1.0410,1.0738,1.0202,1.0107,0.9836,1.0008,1.0974,1.0786,1.0188,1.0031,0.9959,3856.84,5619.21,4146.19,2928.69,2171.63,1413.11,197.92,2918.40,2191.07,568.94,1.0626,0.5963,1.0359,1.2459,0.9245,0.3503,1.3433,0.2880,0.1822,-0.6399,0.6586,0.7234,0.6726,0.6655,0.6942,0.7587,0.5704,0.7108,0.6767,0.7150,0.0187,0.0117,0.0285,0.0218,0.0189,0.0061,0.0374,0.0037,0.0118,0.0105,0.9540,0.9581,0.9768,0.9611,0.9553,0.9670,0.9926,1.0000,0.9668,1.0000,60.87,206.19,83.15,61.06,68.55,13.63,9.64,281.69,78.15,85.76,0.0000,0.0000,0.0000,0.0000,0.0000,0.0000,0.0000,0.0000,0.0000,0.0000,104304,74663,53998,54750,86225,66964,95775,572442,131417,91336,0,0,0,0,0,0,0,0,0,0,0.0000,0.0000,0.0000,0.0000,0.0000,0.0000,0.0367,0.0212,0.0000,0.0000,0,0,0,0,0,0,0,1,0,0,0,0,0,0,0,0,0,0,0,0,0.1416,0.0901,0.1450,0.0679,0.1084,0.0255,0.0759,0.1220,0.0210,0.1381,0.000,0.000,0.000,0.000,0.000,0.000,0.000,0.165,0.000,0.000,semi-presidential,parliamentary,parliamentary,parliamentary,parliamentary,semi-presidential,semi-presidential,electoral-authoritarian,electoral-authoritarian,parliamentary,0.800,0.800,0.800,0.800,0.800,0.800,0.435,0.500,0.500,0.800,100.0,100.0,100.0,100.0,100.0,46.1,100.0,100.0,100.0,100.0
2032-05-01,1.0030,0.9882,0.9991,0.9830,1.0048,0.9828,1.0008,0.9994,1.0047,0.9984,1.0004,0.9974,1.0030,0.9883,1.1657,1.0246,1.0058,0.9830,1.0058,1.0035,1.0354,1.0195,1.0008,0.9978,3869.70,5627.71,4160.82,2946.05,2183.34,1421.07,198.31,2923.53,2202.00,571.32,1.0589,0.5954,1.0323,1.2387,0.9196,0.3475,1.3447,0.2887,0.1805,-0.6517,0.6595,0.7161,0.6789,0.6721,0.7009,0.7704,0.5604,0.6999,0.6991,0.7292,0.0117,0.0074,0.0222,0.0216,0.0123,0.0000,0.0092,0.0013,0.0076,0.0042,1.0000,1.0000,1.0000,1.0000,1.0000,1.0000,1.0000,1.0000,1.0000,1.0000,60.72,204.39,82.13,61.14,67.75,13.88,9.44,278.93,77.28,85.96,0.0000,0.0000,0.0000,0.0000,0.0000,0.0000,0.0000,0.0000,0.0000,0.0000,104304,74663,53998,54750,86225,66964,95775,572442,131417,91336,0,0,0,0,0,0,0,0,0,0,0.0000,0.0000,0.0000,0.0000,0.0000,0.0000,0.0170,0.0015,0.0000,0.0000,0,0,0,0,0,0,0,1,0,0,0,0,0,0,0,0,0,0,0,0,0.1481,0.0914,0.1469,0.0695,0.1103,0.0275,0.0800,0.1231,0.0224,0.1380,0.000,0.000,0.000,0.000,0.000,0.000,0.000,0.163,0.000,0.000,semi-presidential,parliamentary,parliamentary,parliamentary,parliamentary,semi-presidential,semi-presidential,electoral-authoritarian,electoral-authoritarian,parliamentary,0.800,0.800,0.800,0.800,0.800,0.800,0.445,0.500,0.500,0.800,100.0,100.0,100.0,100.0,100.0,49.4,100.0,100.0,100.0,100.0
2032-06-01,1.0033,0.9876,1.0046,0.9867,1.0001,0.9818,1.0024,0.9997,1.0056,1.0022,0.9980,0.9988,1.0150,0.9877,1.2124,1.0321,1.0006,0.9820,1.0200,0.9998,1.0457,1.0177,0.9983,0.9992,3872.55,5646.51,4181.06,2951.06,2192.75,1430.08,198.30,2939.74,2208.33,572.42,1.0620,0.5935,1.0274,1.2368,0.9158,0.3445,1.3485,0.2884,0.1793,-0.6650,0.6781,0.7241,0.6930,0.6717,0.7158,0.7701,0.5770,0.7117,0.7088,0.7318,0.0153,0.0091,0.0254,0.0278,0.0162,0.0005,0.0163,0.0016,0.0100,0.0053,1.0000,1.0000,1.0000,1.0000,1.0000,1.0000,1.0000,1.0000,1.0000,1.0000,61.32,207.25,83.37,62.12,68.96,14.03,9.61,282.24,77.79,86.22,0.0000,0.0000,0.0000,0.0000,0.0000,0.0000,0.0000,0.0000,0.0000,0.0000,104304,74663,53998,54750,86225,66964,95775,572442,131417,91336,0,0,0,0,0,0,0,0,0,0,0.0000,0.0000,0.0000,0.0000,0.0000,0.0000,0.0000,0.0000,0.0000,0.0000,0,0,0,0,0,0,0,1,0,0,0,0,0,0,0,0,0,0,0,0,0.1492,0.0928,0.1480,0.0704,0.1113,0.0284,0.0807,0.1247,0.0231,0.1380,0.000,0.000,0.000,0.000,0.000,0.000,0.000,0.163,0.000,0.000,semi-presidential,parliamentary,parliamentary,parliamentary,parliamentary,semi-presidential,semi-presidential,electoral-authoritarian,electoral-authoritarian,parliamentary,0.800,0.800,0.800,0.800,0.800,0.800,0.455,0.500,0.500,0.800,26.1,100.0,100.0,100.0,100.0,52.6,100.0,100.0,100.0,100.0
2032-07-01,1.0023,0.9871,1.0089,0.9901,0.9934,0.9804,1.0031,0.9983,1.0071,1.0058,0.9970,0.9976,1.0023,0.9876,1.1773,1.0264,0.9944,0.9808,1.0032,0.9983,1.0524,1.0176,0.9971,0.9976,3889.18,5659.62,4196.72,2961.50,2200.02,1438.22,198.38,2950.42,2217.51,573.37,1.0573,0.5922,1.0234,1.2295,0.9128,0.3418,1.3513,0.2886,0.1778,-0.6783,0.6760,0.7391,0.6894,0.6777,0.7075,0.7729,0.5952,0.7332,0.7224,0.7286,0.0114,0.0063,0.0215,0.0212,0.0126,0.0000,0.0080,0.0017,0.0082,0.0038,1.0000,1.0000,1.0000,1.0000,1.0000,1.0000,1.0000,1.0000,1.0000,1.0000,61.38,208.82,84.09,61.44,68.98,13.98,9.56,282.43,78.29,86.43,0.0000,0.0000,0.0000,0.0000,0.0000,0.0000,0.0000,0.0000,0.0000,0.0000,104304,74663,53998,54750,86225,66964,95775,572442,131417,91336,0,0,0,0,0,0,0,0,0,0,0.0000,0.0000,0.0000,0.0000,0.0000,0.0000,0.0000,0.0000,0.0000,0.0000,0,0,0,0,0,0,0,1,0,0,0,0,0,0,0,0,0,0,0,0,0.1332,0.0853,0.1352,0.0622,0.0988,0.0260,0.0746,0.1215,0.0203,0.1380,0.000,0.000,0.000,0.000,0.000,0.000,0.000,0.164,0.000,0.000,semi-presidential,parliamentary,parliamentary,parliamentary,parliamentary,semi-presidential,semi-presidential,electoral-authoritarian,electoral-authoritarian,parliamentary,0.800,0.800,0.800,0.800,0.800,0.800,0.464,0.500,0.500,0.800,29.1,100.0,100.0,100.0,100.0,55.9,100.0,100.0,100.0,100.0
2032-08-01,1.0026,0.9838,1.0101,0.9916,0.9902,0.9799,1.0003,0.9983,1.0089,1.0084,0.9942,0.9965,1.0609,0.9842,1.0103,1.0209,0.9903,0.9799,1.0012,0.9985,1.0866,1.0149,0.9948,0.9967,3897.79,5671.78,4209.64,2970.63,2198.10,1446.50,198.55,2955.22,2228.29,573.07,1.0548,0.5909,1.0201,1.2259,0.9137,0.3390,1.3533,0.2893,0.1761,-0.6932,0.6767,0.7350,0.6869,0.6751,0.7120,0.7736,0.5920,0.7204,0.7225,0.7270,0.0037,0.0034,0.0127,0.0105,0.0058,0.0028,0.0298,0.0030,0.0049,0.0022,1.0000,1.0000,1.0000,1.0000,1.0000,1.0000,1.0000,1.0000,1.0000,1.0000,61.21,210.29,85.34,61.30,69.40,14.04,9.69,282.62,79.28,86.07,0.0000,0.0000,0.0000,0.0000,0.0000,0.0000,0.0000,0.0000,0.0000,0.0000,104304,74663,53998,54750,86225,66964,95775,572442,131417,91336,0,0,0,0,0,0,0,0,0,0,0.0000,0.0000,0.0000,0.0000,0.0000,0.0000,0.0000,0.0000,0.0000,0.0000,0,0,0,0,0,0,0,1,0,0,0,0,0,0,0,0,0,0,0,0,0.1330,0.0853,0.1348,0.0621,0.0988,0.0260,0.0785,0.1219,0.0256,0.1381,0.000,0.000,0.000,0.000,0.000,0.000,0.000,0.168,0.000,0.000,semi-presidential,parliamentary,parliamentary,parliamentary,parliamentary,semi-presidential,semi-presidential,electoral-authoritarian,electoral-authoritarian,parliamentary,0.800,0.800,0.800,0.800,0.800,0.800,0.474,0.500,0.500,0.800,32.1,100.0,100.0,100.0,100.0,59.2,100.0,100.0,100.0,100.0
2032-09-01,1.0041,0.9805,1.0077,0.9937,0.9859,0.9785,0.9969,0.9981,1.0085,1.0083,0.9900,0.9963,1.1245,0.9808,1.0083,1.0231,0.9865,0.9787,0.9973,1.0296,1.0086,1.0084,0.9901,0.9966,3915.83,5700.91,4229.29,2975.52,2197.20,1451.46,198.98,2964.82,2239.25,574.11,1.0499,0.5880,1.0155,1.2241,0.9141,0.3371,1.3566,0.2896,0.1745,-0.7064,0.6831,0.7394,0.7057,0.6778,0.7075,0.7689,0.5852,0.7219,0.7225,0.7295,0.0096,0.0073,0.0157,0.0132,0.0090,0.0062,0.0300,0.0002,0.0049,0.0021,1.0000,1.0000,1.0000,1.0000,1.0000,1.0000,1.0000,1.0000,1.0000,1.0000,60.31,210.02,85.36,60.75,68.52,13.93,9.73,279.30,79.19,85.17,0.0000,0.0000,0.0000,0.0000,0.0000,0.0000,0.0000,0.0000,0.0000,0.0000,104304,74663,53998,54750,86225,66964,95775,572442,131417,91336,0,0,0,0,0,0,0,0,0,0,0.0000,0.0000,0.0000,0.0000,0.0000,0.0000,0.0000,0.0000,0.0000,0.0000,0,0,0,0,0,0,0,1,0,0,0,0,0,0,0,0,0,0,0,0,0.1322,0.0849,0.1342,0.0617,0.0984,0.0255,0.0765,0.1212,0.0254,0.1379,0.000,0.000,0.000,0.000,0.000,0.000,0.000,0.168,0.000,0.000,semi-presidential,parliamentary,parliamentary,parliamentary,parliamentary,semi-presidential,semi-presidential,electoral-authoritarian,electoral-authoritarian,parliamentary,0.800,0.800,0.800,0.800,0.800,0.800,0.494,0.500,0.500,0.800,35.1,100.0,100.0,100.0,100.0,62.4,100.0,100.0,100.0,100.0
2032-10-01,1.0067,0.9820,1.0079,0.9943,0.9824,0.9796,0.9937,1.0000,1.0086,1.0080,0.9881,0.9973,1.0962,1.0891,1.0290,1.0279,0.9830,1.0396,0.9942,1.0561,1.0252,1.0111,0.9880,0.9976,3932.74,5705.30,4243.59,2986.32,2203.59,1458.14,199.03,2970.74,2250.84,575.46,1.0455,0.5876,1.0121,1.2200,0.9114,0.3349,1.3592,0.2902,0.1728,-0.7192,0.6830,0.7428,0.7046,0.6712,0.7108,0.7661,0.5651,0.7248,0.7273,0.7215,0.0243,0.0198,0.0274,0.0253,0.0232,0.0149,0.0326,0.0010,0.0154,0.0048,0.9071,0.9144,0.9535,0.9187,0.9089,0.9307,0.9864,1.0000,0.9261,1.0000,61.32,210.49,86.41,61.94,69.53,14.13,9.77,283.25,80.12,86.05,0.0000,0.0000,0.0000,0.0000,0.0000,0.0000,0.0000,0.0000,0.0000,0.0000,104304,74663,53998,54750,86225,66964,95775,572442,131417,91336,0,0,0,0,0,0,0,0,0,0,0.0000,0.0000,0.0000,0.0000,0.0000,0.0000,0.0000,0.0000,0.0000,0.0000,0,0,0,0,0,0,0,1,0,0,0,0,0,0,0,0,0,0,0,0,0.1481,0.0923,0.1513,0.0699,0.1106,0.0275,0.0795,0.1246,0.0283,0.1383,0.000,0.000,0.000,0.000,0.000,0.000,0.000,0.169,0.000,0.000,semi-presidential,parliamentary,parliamentary,parliamentary,parliamentary,semi-presidential,semi-presidential,electoral-authoritarian,electoral-authoritarian,parliamentary,0.800,0.800,0.800,0.800,0.800,0.800,0.504,0.500,0.500,0.800,38.2,100.0,100.0,30.0,100.0,65.6,100.0,100.0,100.0,100.0
2032-11-01,1.0092,0.9851,1.0094,0.9934,0.9801,0.9826,0.9930,1.0008,1.0096,1.0084,0.9888,0.9980,1.0909,1.0414,1.0889,1.0179,0.9991,1.0893,1.0001,1.0252,1.0495,1.0323,1.0159,0.9981,3946.41,5717.48,4248.23,2988.48,2208.36,1464.97,197.88,2991.84,2261.91,575.74,1.0419,0.5864,1.0111,1.2196,0.9095,0.3327,1.3696,0.2899,0.1712,-0.7334,0.6824,0.7372,0.7028,0.6689,0.7086,0.7617,0.5448,0.7168,0.7295,0.7157,0.0207,0.0161,0.0281,0.0255,0.0234,0.0034,0.0689,0.0026,0.0161,0.0116,0.9538,0.9557,0.9773,0.9567,0.9549,0.9818,0.9642,1.0000,0.9552,1.0000,61.26,208.99,88.14,63.65,69.77,14.30,5.81,279.28,79.16,86.20,0.0000,0.0000,0.0000,0.0000,0.0000,0.0000,0.4582,0.0421,0.0000,0.0000,104304,74663,53998,54750,86225,66964,95775,572442,131417,91336,0,0,0,0,0,0,0,0,0,0,0.0000,0.0000,0.0000,0.0000,0.0000,0.0000,0.0092,0.0046,0.0000,0.0000,0,0,0,0,0,0,0,1,0,0,0,0,0,0,0,0,1,1,0,0,0.1486,0.0927,0.1519,0.0721,0.1175,0.0282,0.0715,0.1210,0.0285,0.1358,0.000,0.000,0.000,0.000,0.000,0.000,0.000,0.168,0.000,0.000,semi-presidential,parliamentary,parliamentary,parliamentary,parliamentary,semi-presidential,semi-presidential,electoral-authoritarian,electoral-authoritarian,parliamentary,0.800,0.800,0.800,0.800,0.800,0.800,0.513,0.500,0.500,0.800,41.2,100.0,100.0,33.1,100.0,68.9,100.0,100.0,100.0,100.0
2032-12-01,1.0103,0.9876,1.0093,0.9923,0.9778,0.9866,0.9944,1.0022,1.0090,1.0093,0.9890,0.9973,1.0909,1.1001,1.0466,1.0120,1.0016,1.1206,1.0801,1.0914,1.0218,1.0358,1.0208,0.9975,3951.72,5720.74,4255.49,2994.65,2224.92,1474.91,197.05,2998.27,2270.25,577.52,1.0406,0.5861,1.0094,1.2176,0.9029,0.3298,1.3777,0.2904,0.1698,-0.7456,0.6810,0.7407,0.6943,0.6662,0.7287,0.7615,0.5010,0.7026,0.7389,0.7131,0.0306,0.0213,0.0378,0.0268,0.0318,0.0088,0.0732,0.0026,0.0193,0.0193,0.9052,0.9110,0.9530,0.9139,0.9069,0.9453,0.9564,1.0000,0.9161,1.0000,61.27,210.04,89.29,64.30,70.66,14.56,5.75,280.40,79.58,86.75,0.0000,0.0000,0.0000,0.0000,0.0000,0.0000,0.4580,0.0422,0.0000,0.0000,104304,74663,53998,54750,86225,66964,95775,572442,131417,91336,0,0,0,0,0,0,0,0,0,0,0.0000,0.0000,0.0000,0.0000,0.0000,0.0000,0.0184,0.0138,0.0000,0.0000,0,0,0,0,0,0,0,1,0,0,0,0,0,0,0,0,1,1,0,0,0.1406,0.0891,0.1433,0.0681,0.1104,0.0276,0.0752,0.1195,0.0268,0.1344,0.000,0.000,0.000,0.000,0.000,0.000,0.000,0.169,0.000,0.000,semi-presidential,parliamentary,parliamentary,parliamentary,parliamentary,semi-presidential,semi-presidential,electoral-authoritarian,electoral-authoritarian,parliamentary,0.800,0.800,0.800,0.800,0.800,0.800,0.522,0.500,0.500,0.800,44.2,100.0,100.0,36.2,100.0,72.1,100.0,100.0,100.0,100.0
2033-01-01,1.0123,0.9913,1.0085,0.9913,0.9793,0.9897,0.9967,1.0023,1.0103,1.0112,0.9896,0.9965,1.0914,1.1093,1.0454,1.0126,1.0142,1.0629,1.0689,1.0223,1.0611,1.0328,0.9917,0.9965,3950.04,5731.68,4264.47,2996.12,2234.13,1482.82,196.63,3019.08,2284.79,579.81,1.0412,0.5850,1.0073,1.2176,0.8993,0.3274,1.3837,0.2898,0.1679,-0.7572,0.6701,0.7255,0.6901,0.6597,0.7174,0.7583,0.4457,0.7005,0.7269,0.7078,0.0253,0.0205,0.0325,0.0293,0.0319,0.0084,0.0695,0.0032,0.0205,0.0176,0.9010,0.9073,0.9510,0.9104,0.9026,0.9424,0.9558,1.0000,0.9130,1.0000,60.92,210.55,89.11,64.24,70.47,14.69,5.69,279.92,80.11,87.42,0.0000,0.0000,0.0000,0.0000,0.0000,0.0000,0.4582,0.0421,0.0000,0.0000,104304,74663,53998,54750,86225,66964,95775,572442,131417,91336,0,0,0,0,0,0,0,0,0,0,0.0000,0.0000,0.0000,0.0000,0.0000,0.0000,0.0299,0.0253,0.0000,0.0000,0,0,0,0,0,0,0,1,0,0,0,0,0,0,0,0,1,1,0,0,0.1494,0.0909,0.1480,0.0760,0.1140,0.0330,0.0755,0.1182,0.0272,0.1354,0.000,0.000,0.000,0.000,0.000,0.000,0.000,0.170,0.000,0.000,semi-presidential,parliamentary,parliamentary,parliamentary,parliamentary,semi-presidential,semi-presidential,electoral-authoritarian,electoral-authoritarian,parliamentary,0.800,0.800,0.800,0.800,0.800,0.800,0.534,0.500,0.500,0.800,47.2,100.0,100.0,39.2,100.0,75.3,100.0,100.0,100.0,100.0
2033-02-01,1.0128,0.9957,1.0063,0.9894,0.9806,0.9910,0.9983,1.0046,1.0092,1.0123,0.9898,0.9967,1.0931,1.1004,1.0439,1.0088,1.0000,1.0381,1.0179,1.1022,1.0220,1.0219,0.9912,0.9967,3963.50,5733.47,4276.49,3012.04,2244.49,1491.93,195.63,3019.57,2299.89,580.64,1.0377,0.5849,1.0045,1.2117,0.8952,0.3248,1.3932,0.2908,0.1661,-0.7707,0.6712,0.7192,0.6862,0.6624,0.7062,0.7626,0.4498,0.6898,0.7176,0.7027,0.0255,0.0184,0.0319,0.0234,0.0270,0.0068,0.0684,0.0020,0.0176,0.0146,0.9124,0.9178,0.9568,0.9206,0.9140,0.9514,0.9581,1.0000,0.9226,1.0000,61.63,211.89,90.95,65.35,71.37,15.12,5.91,281.48,80.34,87.99,0.0000,0.0000,0.0000,0.0000,0.0000,0.0000,0.4588,0.0428,0.0000,0.0000,104304,74663,53998,54750,86225,66964,95775,572442,131417,91336,0,0,0,0,0,0,0,0,0,0,0.0000,0.0000,0.0000,0.0000,0.0000,0.0000,0.0391,0.0345,0.0000,0.0000,0,0,0,0,0,0,0,1,0,0,0,0,0,0,0,0,1,1,0,0,0.1493,0.0912,0.1483,0.0764,0.1140,0.0333,0.0754,0.1196,0.0272,0.1350,0.000,0.000,0.000,0.000,0.000,0.000,0.000,0.170,0.000,0.000,semi-presidential,parliamentary,parliamentary,parliamentary,parliamentary,semi-presidential,semi-presidential,electoral-authoritarian,electoral-authoritarian,parliamentary,0.800,0.800,0.800,0.800,0.800,0.800,0.543,0.500,0.500,0.800,50.2,100.0,100.0,42.2,100.0,78.5,100.0,100.0,100.0,100.0
2033-03-01,1.0138,0.9999,1.0055,0.9876,0.9800,0.9926,0.9986,1.0047,1.0071,1.0125,0.9892,0.9960,1.0921,1.1024,1.0430,1.0066,1.0003,1.0393,1.0260,1.0061,1.0197,1.0220,0.9908,0.9963,3981.84,5737.87,4289.66,3020.15,2249.15,1499.98,194.67,3031.15,2306.52,581.43,1.0331,0.5895,1.0015,1.2089,0.8934,0.3224,1.4023,0.2907,0.1648,-0.7843,0.6757,0.7137,0.6862,0.6639,0.7104,0.7590,0.4877,0.6894,0.7059,0.7074,0.0210,0.0185,0.0260,0.0233,0.0239,0.0069,0.0571,0.0012,0.0166,0.0082,0.9119,0.9164,0.9584,0.9217,0.9158,0.9509,0.9624,1.0000,0.9301,1.0000,61.37,211.35,90.61,65.28,70.85,15.41,5.69,280.75,80.44,89.13,0.0000,0.0000,0.0000,0.0000,0.0000,0.0000,0.4562,0.0426,0.0000,0.0000,104304,74663,53998,54750,86225,66964,95775,572442,131417,91336,0,0,0,0,0,0,0,0,0,0,0.0000,0.0000,0.0000,0.0000,0.0000,0.0000,0.0483,0.0437,0.0000,0.0000,0,0,0,0,0,0,0,1,0,0,0,0,0,0,0,0,1,1,0,0,0.1349,0.0850,0.1380,0.0692,0.1029,0.0310,0.0737,0.1176,0.0245,0.1343,0.000,0.000,0.000,0.000,0.000,0.000,0.000,0.171,0.000,0.000,semi-presidential,parliamentary,parliamentary,parliamentary,parliamentary,semi-presidential,semi-presidential,electoral-authoritarian,electoral-authoritarian,parliamentary,0.800,0.800,0.800,0.800,0.800,0.800,0.552,0.500,0.500,0.800,53.2,100.0,100.0,45.3,100.0,81.7,100.0,100.0,100.0,100.0
2033-04-01,1.0128,1.0022,1.0039,0.9862,0.9822,0.9938,0.9976,1.0036,1.0067,1.0130,0.9909,0.9959,1.0893,1.0338,1.0412,1.0123,1.0178,1.0402,0.9994,1.0053,1.0191,1.0212,1.0755,0.9959,4005.17,5759.27,4302.56,3031.63,2257.10,1507.56,194.71,3043.51,2319.31,580.38,1.0241,0.5876,0.9986,1.2049,0.8904,0.3202,1.4047,0.2908,0.1631,-0.8004,0.6819,0.7258,0.6945,0.6687,0.7079,0.7701,0.4595,0.6886,0.6957,0.7047,0.0136,0.0103,0.0245,0.0225,0.0196,0.0003,0.0598,0.0015,0.0109,0.0161,0.9769,0.9762,0.9883,0.9761,0.9778,0.9977,0.9723,1.0000,0.9704,1.0000,61.32,210.31,88.24,63.19,69.50,15.36,5.50,279.47,80.30,88.73,0.0000,0.0000,0.0000,0.0000,0.0000,0.0000,0.4561,0.0428,0.0000,0.0000,104304,74663,53998,54750,86225,66964,95775,572442,131417,91336,0,0,0,0,0,0,0,0,0,0,0.0000,0.0000,0.0000,0.0000,0.0000,0.0000,0.0598,0.0552,0.0000,0.0000,0,0,0,0,0,0,0,1,0,0,0,0,0,0,0,0,1,1,0,0,0.1486,0.0899,0.1514,0.0746,0.1138,0.0326,0.0755,0.1184,0.0270,0.1381,0.000,0.000,0.000,0.000,0.000,0.000,0.000,0.171,0.000,0.000,semi-presidential,parliamentary,parliamentary,parliamentary,parliamentary,semi-presidential,semi-presidential,electoral-authoritarian,electoral-authoritarian,parliamentary,0.800,0.800,0.800,0.800,0.800,0.800,0.564,0.500,0.500,0.800,56.2,32.9,100.0,48.3,100.0,84.9,100.0,100.0,100.0,100.0
2033-05-01,1.0139,1.0041,1.0021,0.9843,0.9839,0.9945,0.9967,1.0019,1.0066,1.0102,0.9931,0.9951,1.1107,1.0444,1.0402,1.0016,1.0089,1.0415,1.0051,1.0036,1.0283,1.0154,1.0664,0.9954,4024.31,5755.28,4314.59,3031.14,2268.54,1519.90,194.62,3048.36,2335.31,581.38,1.0195,0.5883,0.9958,1.2055,0.8859,0.3217,1.4073,0.2914,0.1612,-0.8137,0.6853,0.7234,0.6986,0.6685,0.7104,0.7596,0.4570,0.6656,0.7028,0.7050,0.0156,0.0120,0.0244,0.0183,0.0194,0.0016,0.0820,0.0018,0.0126,0.0123,0.9693,0.9685,0.9849,0.9696,0.9715,0.9918,0.9723,1.0000,0.9650,1.0000,62.74,212.08,90.02,65.95,72.08,15.20,5.43,288.55,82.20,88.99,0.0000,0.0000,0.0000,0.0000,0.0000,0.0000,0.4558,0.0433,0.0000,0.0000,104304,74663,53998,54750,86225,66964,95775,572442,131417,91336,0,0,0,0,0,0,0,0,0,0,0.0000,0.0000,0.0000,0.0000,0.0000,0.0000,0.0690,0.0644,0.0000,0.0000,0,0,0,0,0,0,0,1,0,0,0,0,0,0,0,0,1,1,0,0,0.1345,0.0840,0.1369,0.0684,0.1024,0.0304,0.0734,0.1184,0.0241,0.1359,0.000,0.000,0.000,0.000,0.000,0.000,0.000,0.172,0.000,0.000,semi-presidential,parliamentary,parliamentary,parliamentary,parliamentary,semi-presidential,semi-presidential,electoral-authoritarian,electoral-authoritarian,parliamentary,0.800,0.800,0.800,0.800,0.800,0.800,0.573,0.500,0.500,0.800,59.3,35.7,100.0,51.4,100.0,90.0,100.0,100.0,100.0,100.0
2033-06-01,1.0172,1.0064,1.0007,0.9828,0.9865,0.9945,0.9964,1.0008,1.0060,1.0066,0.9946,0.9940,1.1533,1.0357,1.0386,1.0000,1.0233,1.0415,0.9980,1.0021,1.0186,1.0121,1.0697,0.9941,4026.06,5776.74,4318.38,3043.38,2277.80,1524.03,194.62,3065.64,2344.79,580.83,1.0192,0.5864,0.9950,1.2012,0.8824,0.3203,1.4092,0.2907,0.1595,-0.8291,0.6801,0.7213,0.6960,0.6672,0.7034,0.7605,0.4492,0.6676,0.6694,0.6994,0.0168,0.0131,0.0258,0.0217,0.0232,0.0026,0.0886,0.0014,0.0127,0.0160,0.9788,0.9783,0.9892,0.9776,0.9792,1.0000,0.9744,1.0000,0.9713,1.0000,62.22,212.19,89.35,65.69,71.83,15.00,5.45,287.60,82.53,88.50,0.0000,0.0000,0.0000,0.0000,0.0000,0.0000,0.4559,0.0430,0.0000,0.0000,104304,74663,53998,54750,86225,66964,95775,572442,131417,91336,0,0,0,0,0,0,0,0,0,0,0.0000,0.0000,0.0000,0.0000,0.0000,0.0000,0.0782,0.0736,0.0000,0.0000,0,0,0,0,0,0,0,1,0,0,0,0,0,0,0,0,1,1,0,0,0.1490,0.0899,0.1532,0.0755,0.1140,0.0316,0.0754,0.1200,0.0261,0.1361,0.000,0.000,0.000,0.000,0.000,0.000,0.000,0.173,0.000,0.000,semi-presidential,parliamentary,parliamentary,parliamentary,parliamentary,semi-presidential,semi-presidential,electoral-authoritarian,electoral-authoritarian,parliamentary,0.800,0.800,0.800,0.800,0.800,0.800,0.582,0.500,0.500,0.800,62.3,38.5,100.0,54.5,100.0,93.2,100.0,100.0,100.0,100.0
2033-07-01,1.0198,1.0078,1.0018,0.9820,0.9897,0.9953,0.9970,0.9998,1.0072,1.0056,0.9967,0.9937,1.1002,1.0743,1.0397,1.0021,1.0348,1.0451,1.0263,1.0013,1.0726,1.0130,1.0545,0.9938,4042.83,5801.05,4337.04,3047.47,2280.77,1532.92,193.72,3075.29,2344.94,581.70,1.0152,0.5843,0.9908,1.2001,0.8813,0.3179,1.4180,0.2911,0.1593,-0.8426,0.6806,0.7271,0.6870,0.6693,0.7023,0.7679,0.4766,0.6859,0.6764,0.7035,0.0183,0.0147,0.0282,0.0262,0.0273,0.0037,0.0632,0.0036,0.0159,0.0213,0.9459,0.9460,0.9742,0.9500,0.9504,0.9739,0.9726,1.0000,0.9501,1.0000,62.77,213.00,88.83,65.17,71.49,15.03,5.48,288.62,82.72,89.37,0.0000,0.0000,0.0000,0.0000,0.0000,0.0000,0.4560,0.0429,0.0000,0.0000,104304,74663,53998,54750,86225,66964,95775,572442,131417,91336,0,0,0,0,0,0,0,0,0,0,0.0000,0.0000,0.0000,0.0000,0.0000,0.0000,0.0897,0.0851,0.0000,0.0000,0,0,0,0,0,0,0,1,0,0,0,0,0,0,0,0,1,1,0,0,0.1393,0.0852,0.1413,0.0696,0.1058,0.0302,0.0742,0.1185,0.0243,0.1381,0.000,0.000,0.000,0.000,0.000,0.000,0.000,0.174,0.000,0.000,semi-presidential,parliamentary,parliamentary,parliamentary,parliamentary,semi-presidential,semi-presidential,electoral-authoritarian,electoral-authoritarian,parliamentary,0.800,0.800,0.800,0.800,0.800,0.800,0.593,0.500,0.500,0.800,65.3,41.4,100.0,57.6,100.0,96.4,100.0,100.0,30.0,100.0
2033-08-01,1.0224,1.0088,1.0035,0.9813,0.9957,0.9979,0.9971,0.9983,1.0086,1.0028,1.0000,0.9925,1.1921,1.0384,1.2004,1.0100,1.0434,1.0448,0.9985,0.9999,1.0213,1.0087,1.0973,0.9929,4057.43,5808.81,4347.44,3064.42,2287.40,1542.80,193.58,3085.59,2366.10,580.39,1.0117,0.5839,0.9885,1.1936,0.8806,0.3153,1.4207,0.2911,0.1563,-0.8593,0.6743,0.7092,0.6881,0.6617,0.6985,0.7581,0.4777,0.6849,0.6897,0.7021,0.0307,0.0211,0.0395,0.0402,0.0389,0.0044,0.0938,0.0016,0.0206,0.0236,0.9786,0.9781,0.9891,0.9775,0.9791,1.0000,0.9747,1.0000,0.9712,1.0000,62.17,212.05,88.62,64.87,71.33,14.85,5.39,286.22,82.21,88.15,0.0000,0.0000,0.0000,0.0000,0.0000,0.0000,0.4558,0.0431,0.0000,0.0000,104304,74663,53998,54750,86225,66964,95775,572442,131417,91336,0,0,0,0,0,0,0,0,0,0,0.0000,0.0000,0.0000,0.0000,0.0000,0.0000,0.0989,0.0943,0.0000,0.0000,0,0,0,0,0,0,0,1,0,0,0,0,0,0,0,0,1,1,0,0,0.1352,0.0831,0.1370,0.0673,0.1026,0.0291,0.0737,0.1203,0.0227,0.1390,0.000,0.000,0.000,0.000,0.000,0.000,0.000,0.175,0.000,0.000,semi-presidential,parliamentary,parliamentary,parliamentary,parliamentary,semi-presidential,semi-presidential,electoral-authoritarian,electoral-authoritarian,parliamentary,0.800,0.800,0.800,0.800,0.800,0.800,0.603,0.500,0.500,0.800,68.2,44.2,100.0,60.6,100.0,99.6,100.0,100.0,36.1,100.0
2033-09-01,1.0264,1.0093,1.0083,0.9826,0.9981,1.0008,0.9952,0.9993,1.0071,1.0008,1.0032,0.9904,1.1735,1.0386,1.2184,1.0148,1.0240,1.1065,0.9967,1.0251,1.0198,1.0053,1.0749,0.9905,4050.21,5825.12,4337.30,3067.86,2289.65,1551.37,193.37,3088.29,2385.36,582.28,1.0137,0.5826,0.9906,1.1921,0.8801,0.3131,1.4238,0.2920,0.1543,-0.8816,0.6547,0.6963,0.6708,0.6564,0.6745,0.7573,0.4610,0.7008,0.6903,0.7040,0.0313,0.0214,0.0390,0.0374,0.0344,0.0039,0.0943,0.0016,0.0209,0.0164,0.9789,0.9783,0.9893,0.9779,0.9794,1.0000,0.9746,1.0000,0.9717,1.0000,62.63,212.18,87.00,63.65,71.44,15.25,5.26,288.99,82.85,88.76,0.0000,0.0000,0.0000,0.0000,0.0000,0.0000,0.4619,0.0427,0.0000,0.0000,104304,74663,53998,54750,86225,66964,95775,572442,131417,91336,0,0,0,0,0,0,0,0,0,0,0.0000,0.0000,0.0000,0.0000,0.0000,0.0000,0.1081,0.1058,0.0000,0.0000,0,0,0,0,0,0,0,1,0,0,0,0,0,0,0,0,1,1,0,0,0.1265,0.0783,0.1277,0.0611,0.0955,0.0271,0.0714,0.1193,0.0203,0.1400,0.000,0.000,0.000,0.000,0.000,0.000,0.000,0.178,0.000,0.000,semi-presidential,parliamentary,parliamentary,parliamentary,parliamentary,semi-presidential,semi-presidential,electoral-authoritarian,electoral-authoritarian,parliamentary,0.800,0.800,0.800,0.800,0.800,0.800,0.612,0.500,0.500,0.800,71.1,46.9,100.0,63.6,100.0,100.0,100.0,100.0,39.2,100.0
2033-10-01,1.0295,1.0100,1.0130,0.9838,0.9965,1.0065,0.9923,0.9983,1.0038,0.9989,1.0051,0.9903,1.1505,1.0647,1.2002,1.0222,1.0154,1.1757,0.9942,0.9997,1.0164,1.0056,1.0946,0.9906,4050.60,5842.65,4355.07,3069.88,2294.17,1553.25,193.08,3089.47,2397.00,583.82,1.0139,0.5813,0.9865,1.1913,0.8786,0.3125,1.4278,0.2929,0.1528,-0.8896,0.6439,0.6995,0.6624,0.6456,0.6881,0.7702,0.4628,0.6871,0.6832,0.7068,0.0313,0.0233,0.0378,0.0411,0.0321,0.0059,0.0946,0.0014,0.0205,0.0130,0.9568,0.9558,0.9792,0.9591,0.9610,0.9813,0.9740,1.0000,0.9568,1.0000,63.33,212.93,86.59,63.10,71.71,15.23,5.39,292.14,83.56,89.32,0.0000,0.0000,0.0000,0.0000,0.0000,0.0000,0.4621,0.0425,0.0000,0.0000,104304,74663,53998,54750,86225,66964,95775,572442,131417,91336,0,0,0,0,0,0,0,0,0,0,0.0000,0.0000,0.0000,0.0000,0.0000,0.0000,0.1196,0.1150,0.0000,0.0000,0,0,0,0,0,0,0,1,0,0,0,0,0,0,0,0,1,1,0,0,0.1468,0.0869,0.1500,0.0708,0.1115,0.0290,0.0690,0.1202,0.0234,0.1402,0.000,0.000,0.000,0.000,0.000,0.000,0.000,0.178,0.000,0.000,semi-presidential,parliamentary,parliamentary,parliamentary,parliamentary,semi-presidential,semi-presidential,electoral-authoritarian,electoral-authoritarian,parliamentary,0.840,0.800,0.800,0.800,0.800,0.800,0.623,0.500,0.500,0.800,63.9,49.6,100.0,66.6,100.0,100.0,100.0,100.0,42.2,30.0
2033-11-01,1.0307,1.0104,1.0135,0.9840,0.9930,1.0118,0.9899,0.9979,1.0012,0.9990,1.0073,0.9914,1.1112,1.0394,1.0507,1.0008,1.0114,1.1784,0.9913,0.9992,1.0133,1.0090,1.0606,0.9914,4059.86,5846.15,4374.93,3075.46,2301.23,1559.53,192.77,3099.29,2406.67,585.28,1.0118,0.5813,0.9821,1.1892,0.8762,0.3108,1.4315,0.2929,0.1515,-0.9021,0.6305,0.7117,0.6725,0.6601,0.7014,0.7644,0.4508,0.6872,0.6781,0.7174,0.0146,0.0124,0.0233,0.0171,0.0163,0.0015,0.0579,0.0013,0.0113,0.0089,0.9791,0.9785,0.9894,0.9781,0.9797,1.0000,0.9748,1.0000,0.9720,1.0000,63.98,214.72,89.80,66.43,72.52,15.22,5.60,294.31,84.48,90.52,0.0000,0.0000,0.0000,0.0000,0.0000,0.0000,0.4623,0.0420,0.0000,0.0000,104304,74663,53998,54750,86225,66964,95775,572442,131417,91336,0,0,0,0,0,0,0,0,0,0,0.0000,0.0000,0.0000,0.0000,0.0000,0.0000,0.1288,0.1242,0.0000,0.0000,0,0,0,0,0,0,0,1,0,0,0,0,0,0,0,0,1,1,0,0,0.1465,0.0877,0.1508,0.0733,0.1114,0.0292,0.0675,0.1168,0.0240,0.1376,0.000,0.000,0.000,0.000,0.000,0.000,0.000,0.178,0.000,0.000,semi-presidential,parliamentary,parliamentary,parliamentary,parliamentary,semi-presidential,semi-presidential,electoral-authoritarian,electoral-authoritarian,parliamentary,0.831,0.800,0.800,0.800,0.800,0.800,0.633,0.500,0.500,0.800,66.4,52.4,100.0,69.6,100.0,100.0,100.0,100.0,45.2,32.8
2033-12-01,1.0290,1.0109,1.0116,0.9825,0.9886,1.0179,0.9909,0.9964,1.0000,1.0007,1.0100,0.9928,1.1032,1.0394,1.0480,0.9996,1.0073,1.1750,1.0829,0.9980,1.0117,1.0223,1.0397,0.9933,4076.01,5852.58,4388.07,3087.41,2309.28,1566.63,192.12,3104.44,2413.62,586.76,1.0081,0.5811,0.9792,1.1846,0.8733,0.3089,1.4376,0.2935,0.1503,-0.9145,0.6480,0.7120,0.6931,0.6667,0.7018,0.7570,0.4611,0.6837,0.6797,0.7108,0.0160,0.0118,0.0255,0.0164,0.0171,0.0014,0.0565,0.0018,0.0110,0.0121,0.9797,0.9791,0.9897,0.9787,0.9802,1.0000,0.9750,1.0000,0.9727,1.0000,62.07,212.48,88.74,65.16,70.34,15.17,5.22,286.13,83.49,90.73,0.0000,0.0000,0.0000,0.0000,0.0000,0.0000,0.4602,0.0412,0.0000,0.0000,104304,74663,53998,54750,86225,66964,95775,572442,131417,91336,0,0,0,0,0,0,0,0,0,0,0.0000,0.0000,0.0000,0.0000,0.0000,0.0000,0.1380,0.1357,0.0000,0.0000,0,0,0,0,0,0,0,1,0,0,0,0,0,0,0,0,1,1,0,0,0.1479,0.0887,0.1521,0.0743,0.1130,0.0300,0.0666,0.1205,0.0251,0.1383,0.000,0.000,0.000,0.000,0.000,0.000,0.000,0.169,0.000,0.000,semi-presidential,parliamentary,parliamentary,parliamentary,parliamentary,semi-presidential,semi-presidential,electoral-authoritarian,electoral-authoritarian,parliamentary,0.821,0.800,0.800,0.800,0.800,0.800,0.642,0.500,0.500,0.800,69.2,55.1,100.0,72.6,100.0,100.0,100.0,100.0,48.2,35.6
2034-01-01,1.0253,1.0091,1.0113,0.9828,0.9840,1.0208,0.9943,0.9961,0.9988,1.0005,1.0091,0.9945,1.1013,1.0378,1.0486,1.0153,1.0021,1.0690,1.1188,0.9971,1.0109,1.0080,1.0107,0.9948,4087.69,5842.05,4394.89,3092.52,2317.44,1577.45,192.06,3112.36,2425.11,588.10,1.0054,0.5843,0.9777,1.1826,0.8705,0.3064,1.4396,0.2937,0.1488,-0.9270,0.6587,0.7127,0.7007,0.6751,0.7104,0.7568,0.4626,0.6601,0.6982,0.7083,0.0143,0.0096,0.0239,0.0227,0.0162,0.0000,0.0611,0.0018,0.0107,0.0124,0.9795,0.9788,0.9896,0.9784,0.9801,1.0000,0.9752,1.0000,0.9724,1.0000,61.97,211.49,86.56,62.44,69.51,15.36,5.26,284.73,83.24,90.37,0.0000,0.0000,0.0000,0.0000,0.0000,0.0000,0.4609,0.0423,0.0000,0.0000,104304,74663,53998,54750,86225,66964,95775,572442,131417,91336,0,0,0,0,0,0,0,0,0,0,0.0000,0.0000,0.0000,0.0000,0.0000,0.0000,0.1495,0.1449,0.0000,0.0000,0,0,0,0,0,0,0,1,0,0,0,0,0,0,0,0,1,1,0,0,0.1498,0.0896,0.1532,0.0738,0.1144,0.0314,0.0725,0.1227,0.0268,0.1406,0.000,0.000,0.000,0.000,0.000,0.000,0.000,0.168,0.000,0.000,semi-presidential,parliamentary,parliamentary,parliamentary,parliamentary,semi-presidential,semi-presidential,electoral-authoritarian,electoral-authoritarian,parliamentary,0.811,0.825,0.800,0.800,0.800,0.800,0.653,0.500,0.500,0.800,72.1,56.6,100.0,75.7,100.0,100.0,100.0,100.0,51.3,38.4
2034-02-01,1.0244,1.0086,1.0092,0.9858,0.9828,1.0229,0.9975,0.9995,0.9948,1.0005,1.0088,0.9980,1.1031,1.0369,1.0463,1.0195,1.0012,1.1431,1.1171,1.1428,1.0062,1.0129,1.0103,0.9980,4107.53,5846.52,4420.78,3103.79,2323.91,1584.88,192.07,3111.45,2444.33,587.98,1.0008,0.5843,0.9721,1.1784,0.8682,0.3046,1.4405,0.2948,0.1469,-0.9419,0.6659,0.7177,0.6923,0.6777,0.7152,0.7562,0.4656,0.6536,0.7157,0.7031,0.0224,0.0112,0.0337,0.0251,0.0218,0.0009,0.0728,0.0030,0.0112,0.0228,0.9798,0.9792,0.9898,0.9788,0.9804,1.0000,0.9751,1.0000,0.9729,1.0000,64.15,214.49,88.21,63.67,71.94,15.70,5.62,294.99,84.37,90.16,0.0000,0.0000,0.0000,0.0000,0.0000,0.0000,0.4611,0.0420,0.0000,0.0000,104304,74663,53998,54750,86225,66964,95775,572442,131417,91336,0,0,0,0,0,0,0,0,0,0,0.0000,0.0000,0.0000,0.0000,0.0000,0.0000,0.1587,0.1541,0.0000,0.0000,0,0,0,0,0,0,0,1,0,0,0,0,0,0,0,0,1,1,0,0,0.1523,0.0919,0.1557,0.0755,0.1168,0.0335,0.0758,0.1281,0.0286,0.1404,0.000,0.000,0.000,0.000,0.000,0.000,0.000,0.166,0.000,0.000,semi-presidential,parliamentary,parliamentary,parliamentary,parliamentary,semi-presidential,semi-presidential,electoral-authoritarian,electoral-authoritarian,parliamentary,0.801,0.815,0.800,0.800,0.800,0.800,0.662,0.500,0.500,0.800,75.0,59.4,100.0,78.8,100.0,100.0,100.0,100.0,54.5,41.1
2034-03-01,1.0283,1.0069,1.0087,0.9876,0.9802,1.0248,1.0004,1.0040,0.9937,1.0001,1.0084,1.0002,1.2532,1.0353,1.0458,1.0126,0.9984,1.0729,1.1060,1.1447,1.0050,1.0076,1.0494,1.0004,4116.87,5868.58,4432.46,3116.70,2337.81,1596.12,192.17,3122.54,2462.51,589.12,0.9987,0.5825,0.9696,1.1736,0.8633,0.3020,1.4458,0.2947,0.1451,-0.9547,0.6704,0.7181,0.6922,0.6761,0.7150,0.7567,0.4669,0.6681,0.7107,0.6987,0.0316,0.0186,0.0381,0.0263,0.0310,0.0075,0.1032,0.0030,0.0155,0.0234,0.9799,0.9792,0.9898,0.9789,0.9806,1.0000,0.9756,1.0000,0.9729,1.0000,61.75,213.70,91.19,64.50,71.08,16.15,5.49,285.97,83.51,89.15,0.0000,0.0000,0.0000,0.0000,0.0000,0.0000,0.4610,0.0421,0.0000,0.0000,104304,74663,53998,54750,86225,66964,95775,572442,131417,91336,0,0,0,0,0,0,0,0,0,0,0.0000,0.0000,0.0000,0.0000,0.0000,0.0000,0.1679,0.1633,0.0000,0.0000,0,0,0,0,0,0,0,1,0,0,0,0,0,0,0,0,1,1,0,0,0.1545,0.0984,0.1582,0.0791,0.1187,0.0410,0.0735,0.1308,0.0303,0.1405,0.000,0.000,0.000,0.000,0.000,0.000,0.000,0.165,0.000,0.000,semi-presidential,parliamentary,parliamentary,parliamentary,parliamentary,semi-presidential,semi-presidential,electoral-authoritarian,electoral-authoritarian,parliamentary,0.800,0.805,0.800,0.800,0.800,0.800,0.672,0.500,0.500,0.800,77.9,62.2,100.0,81.9,100.0,100.0,100.0,100.0,57.7,43.8
2034-04-01,1.0339,1.0066,1.0080,0.9876,0.9772,1.0232,1.0034,1.0059,0.9933,0.9998,1.0093,0.9986,1.2017,1.0352,1.0448,1.0067,0.9952,1.0721,1.0758,1.0073,1.0045,1.0146,1.0297,0.9988,4132.25,5879.19,4436.97,3131.57,2341.67,1602.43,191.42,3139.12,2474.67,588.51,0.9952,0.5818,0.9686,1.1682,0.8620,0.3005,1.4525,0.2943,0.1436,-0.9704,0.6684,0.7190,0.6866,0.6735,0.7107,0.7548,0.4537,0.6604,0.7242,0.7042,0.0191,0.0149,0.0252,0.0202,0.0212,0.0043,0.0918,0.0016,0.0134,0.0104,0.9794,0.9788,0.9895,0.9784,0.9800,1.0000,0.9748,1.0000,0.9723,1.0000,63.79,216.74,94.59,68.51,73.65,16.55,5.55,295.52,85.53,90.49,0.0000,0.0000,0.0000,0.0000,0.0000,0.0000,0.4605,0.0418,0.0000,0.0000,104304,74663,53998,54750,86225,66964,95775,572442,131417,91336,0,0,0,0,0,0,0,0,0,0,0.0000,0.0000,0.0000,0.0000,0.0000,0.0000,0.1794,0.1748,0.0000,0.0000,0,0,0,0,0,0,0,1,0,0,0,0,0,0,0,0,1,1,0,0,0.1435,0.0928,0.1459,0.0741,0.1100,0.0386,0.0723,0.1286,0.0275,0.1399,0.000,0.000,0.000,0.000,0.000,0.000,0.000,0.167,0.000,0.000,semi-presidential,parliamentary,parliamentary,parliamentary,parliamentary,semi-presidential,semi-presidential,electoral-authoritarian,electoral-authoritarian,parliamentary,0.800,0.800,0.800,0.800,0.800,0.800,0.683,0.500,0.500,0.800,80.8,65.0,100.0,85.0,100.0,100.0,100.0,100.0,51.0,46.6
2034-05-01,1.0372,1.0066,1.0053,0.9876,0.9755,1.0192,1.0047,1.0056,0.9926,1.0011,1.0088,0.9970,1.1262,1.0347,1.0415,1.0120,0.9930,1.0664,1.0544,1.0339,1.0036,1.0292,1.0108,0.9972,4152.86,5896.11,4449.68,3139.23,2349.70,1616.29,191.17,3145.64,2493.59,589.24,0.9912,0.5805,0.9659,1.1654,0.8592,0.2976,1.4552,0.2946,0.1418,-0.9839,0.6646,0.7174,0.6919,0.6676,0.7196,0.7580,0.4439,0.6568,0.7183,0.7152,0.0135,0.0097,0.0225,0.0187,0.0156,0.0000,0.0900,0.0016,0.0106,0.0105,0.9799,0.9793,0.9898,0.9788,0.9804,1.0000,0.9749,1.0000,0.9728,1.0000,64.99,219.40,93.87,67.98,74.82,16.73,5.40,303.12,86.66,91.58,0.0000,0.0000,0.0000,0.0000,0.0000,0.0000,0.4597,0.0410,0.0000,0.0000,104304,74663,53998,54750,86225,66964,95775,572442,131417,91336,0,0,0,0,0,0,0,0,0,0,0.0000,0.0000,0.0000,0.0000,0.0000,0.0000,0.1886,0.1840,0.0000,0.0000,0,0,0,0,0,0,0,1,0,0,0,0,0,0,0,0,1,1,0,0,0.1475,0.0946,0.1509,0.0750,0.1134,0.0386,0.0719,0.1285,0.0277,0.1413,0.000,0.000,0.000,0.000,0.000,0.000,0.000,0.169,0.000,0.000,semi-presidential,parliamentary,parliamentary,parliamentary,parliamentary,semi-presidential,semi-presidential,electoral-authoritarian,electoral-authoritarian,parliamentary,0.800,0.800,0.800,0.800,0.800,0.800,0.692,0.500,0.500,0.800,86.5,67.8,100.0,88.0,100.0,100.0,100.0,100.0,54.2,49.4
2034-06-01,1.0381,1.0061,1.0032,0.9888,0.9726,1.0163,1.0064,1.0051,0.9941,1.0024,1.0046,0.9958,1.1141,1.0345,1.0398,1.0100,0.9904,1.0636,1.1056,1.0066,1.0587,1.0227,1.0063,0.9959,4160.49,5913.33,4452.00,3142.14,2354.90,1625.09,191.26,3151.30,2506.04,590.08,0.9896,0.5792,0.9655,1.1644,0.8574,0.2957,1.4583,0.2952,0.1403,-0.9972,0.6740,0.7346,0.6884,0.6672,0.7149,0.7677,0.4552,0.6854,0.7123,0.7212,0.0134,0.0095,0.0233,0.0174,0.0168,0.0000,0.0613,0.0037,0.0123,0.0123,0.9797,0.9790,0.9897,0.9787,0.9803,1.0000,0.9751,1.0000,0.9727,1.0000,63.83,218.17,93.32,66.72,73.00,16.84,5.36,294.69,86.14,91.92,0.0000,0.0000,0.0000,0.0000,0.0000,0.0000,0.4605,0.0410,0.0000,0.0000,104304,74663,53998,54750,86225,66964,95775,572442,131417,91336,0,0,0,0,0,0,0,0,0,0,0.0000,0.0000,0.0000,0.0000,0.0000,0.0000,0.1978,0.1955,0.0000,0.0000,0,0,0,0,0,0,0,1,0,0,0,0,0,0,0,0,1,1,0,0,0.1365,0.0887,0.1384,0.0690,0.1042,0.0360,0.0693,0.1234,0.0251,0.1410,0.000,0.000,0.000,0.000,0.000,0.000,0.000,0.170,0.000,0.000,semi-presidential,parliamentary,parliamentary,parliamentary,parliamentary,semi-presidential,semi-presidential,electoral-authoritarian,electoral-authoritarian,parliamentary,0.800,0.800,0.800,0.800,0.800,0.800,0.702,0.500,0.500,0.800,89.4,70.7,100.0,91.0,100.0,100.0,100.0,100.0,57.4,52.2
2034-07-01,1.0369,1.0059,1.0031,0.9898,0.9689,1.0133,1.0088,1.0037,0.9957,1.0029,1.0025,0.9944,1.1166,1.0341,1.0723,1.0124,0.9868,1.0609,1.0390,1.0053,1.0239,1.0142,1.0042,0.9945,4164.83,5920.12,4447.17,3145.76,2359.12,1632.04,190.31,3158.29,2523.76,591.35,0.9888,0.5790,0.9666,1.1631,0.8560,0.2942,1.4664,0.2955,0.1386,-1.0098,0.6637,0.7346,0.6761,0.6641,0.7110,0.7767,0.4626,0.6835,0.6882,0.7222,0.0138,0.0108,0.0223,0.0203,0.0169,0.0000,0.0594,0.0018,0.0123,0.0085,0.9799,0.9792,0.9898,0.9789,0.9805,1.0000,0.9754,1.0000,0.9729,1.0000,64.80,218.84,92.10,65.89,73.64,16.81,5.55,298.73,87.23,91.82,0.0000,0.0000,0.0000,0.0000,0.0000,0.0000,0.4610,0.0418,0.0000,0.0000,104304,74663,53998,54750,86225,66964,95775,572442,131417,91336,0,0,0,0,0,0,0,0,0,0,0.0000,0.0000,0.0000,0.0000,0.0000,0.0000,0.2093,0.2047,0.0000,0.0000,0,0,0,0,0,0,0,1,0,0,0,0,0,0,0,0,1,1,0,0,0.1357,0.0879,0.1376,0.0675,0.1035,0.0353,0.0692,0.1251,0.0243,0.1412,0.000,0.000,0.000,0.000,0.000,0.000,0.000,0.172,0.000,0.000,semi-presidential,parliamentary,parliamentary,parliamentary,parliamentary,semi-presidential,semi-presidential,electoral-authoritarian,electoral-authoritarian,parliamentary,0.800,0.800,0.800,0.800,0.800,0.800,0.713,0.500,0.500,0.800,92.3,73.6,100.0,94.0,100.0,100.0,100.0,100.0,60.4,55.0
2034-08-01,1.0376,1.0038,1.0044,0.9922,0.9698,1.0114,1.0097,1.0013,0.9987,1.0031,0.9999,0.9935,1.1188,1.0320,1.0667,1.0270,1.0080,1.0580,1.0527,1.0026,1.0786,1.0248,1.0021,0.9937,4177.02,5918.41,4453.40,3147.59,2365.57,1636.46,190.42,3168.54,2535.60,590.75,0.9861,0.5795,0.9653,1.1626,0.8538,0.2933,1.4660,0.2954,0.1372,-1.0256,0.6604,0.7366,0.6734,0.6595,0.6979,0.7820,0.4630,0.6927,0.7003,0.7250,0.0138,0.0106,0.0251,0.0318,0.0229,0.0000,0.0658,0.0039,0.0140,0.0176,0.9799,0.9792,0.9898,0.9789,0.9806,1.0000,0.9754,1.0000,0.9730,1.0000,65.18,218.71,89.33,63.95,73.43,16.47,5.39,301.90,88.29,91.17,0.0000,0.0000,0.0000,0.0000,0.0000,0.0000,0.4604,0.0412,0.0000,0.0000,104304,74663,53998,54750,86225,66964,95775,572442,131417,91336,0,0,0,0,0,0,0,0,0,0,0.0000,0.0000,0.0000,0.0000,0.0000,0.0000,0.2185,0.2139,0.0000,0.0000,0,0,0,0,0,0,0,1,0,0,0,0,0,0,0,0,1,1,0,0,0.1409,0.0901,0.1436,0.0687,0.1076,0.0358,0.0731,0.1270,0.0251,0.1412,0.000,0.000,0.000,0.000,0.000,0.000,0.000,0.173,0.000,0.000,semi-presidential,parliamentary,parliamentary,parliamentary,parliamentary,semi-presidential,semi-presidential,electoral-authoritarian,electoral-authoritarian,parliamentary,0.800,0.800,0.800,0.800,0.800,0.800,0.722,0.500,0.500,0.800,95.2,76.5,30.0,97.0,100.0,100.0,100.0,100.0,63.6,57.9
2034-09-01,1.0374,1.0019,1.0067,0.9947,0.9731,1.0077,1.0108,1.0011,1.0010,1.0013,0.9953,0.9931,1.1143,1.0297,1.1898,1.0238,1.0018,1.0548,1.0576,1.0183,1.0714,1.0086,0.9969,0.9931,4178.17,5938.79,4464.10,3146.53,2371.20,1640.63,190.32,3182.81,2545.87,591.12,0.9861,0.5811,0.9630,1.1631,0.8516,0.2923,1.4712,0.2953,0.1359,-1.0396,0.6581,0.7459,0.6744,0.6492,0.6921,0.7788,0.4945,0.6919,0.7037,0.7143,0.0226,0.0144,0.0328,0.0342,0.0290,0.0000,0.0607,0.0037,0.0182,0.0171,0.9799,0.9792,0.9898,0.9789,0.9806,1.0000,0.9753,1.0000,0.9730,1.0000,63.51,217.05,89.30,62.85,71.72,16.56,5.23,291.28,86.48,91.38,0.0000,0.0000,0.0000,0.0000,0.0000,0.0000,0.4609,0.0423,0.0000,0.0000,104304,74663,53998,54750,86225,66964,95775,572442,131417,91336,0,0,0,0,0,0,0,0,0,0,0.0000,0.0000,0.0000,0.0000,0.0000,0.0000,0.2300,0.2254,0.0000,0.0000,0,0,0,0,0,0,0,1,0,0,0,0,0,0,0,0,1,1,0,0,0.1490,0.0934,0.1524,0.0731,0.1141,0.0367,0.0739,0.1241,0.0257,0.1412,0.000,0.000,0.000,0.000,0.000,0.000,0.000,0.174,0.000,0.000,semi-presidential,parliamentary,parliamentary,parliamentary,parliamentary,semi-presidential,semi-presidential,electoral-authoritarian,electoral-authoritarian,parliamentary,0.800,0.800,0.800,0.800,0.800,0.800,0.734,0.500,0.500,0.800,98.0,80.6,33.0,100.0,100.0,100.0,100.0,100.0,66.7,60.7
2034-10-01,1.0353,0.9995,1.0078,0.9979,0.9760,1.0031,1.0111,1.0002,1.0004,0.9984,0.9924,0.9932,1.1124,1.0274,1.0452,1.0282,1.0184,1.0492,1.0126,1.0018,1.0122,1.0056,0.9941,0.9934,4184.19,5959.28,4471.48,3154.36,2378.72,1651.89,190.17,3199.22,2548.63,594.06,0.9849,0.5795,0.9615,1.1603,0.8487,0.2901,1.4726,0.2947,0.1350,-1.0491,0.6664,0.7446,0.6832,0.6487,0.6953,0.7775,0.4899,0.7001,0.7015,0.7131,0.0106,0.0096,0.0206,0.0274,0.0189,0.0000,0.0561,0.0010,0.0104,0.0150,0.9799,0.9792,0.9897,0.9789,0.9806,1.0000,0.9750,1.0000,0.9729,1.0000,63.56,218.04,88.97,62.31,71.79,16.60,5.16,293.17,87.33,91.57,0.0000,0.0000,0.0000,0.0000,0.0000,0.0000,0.4608,0.0423,0.0000,0.0000,104304,74663,53998,54750,86225,66964,95775,572442,131417,91336,0,0,0,0,0,0,0,0,0,0,0.0000,0.0000,0.0000,0.0000,0.0000,0.0000,0.2392,0.2346,0.0000,0.0000,0,0,0,0,0,0,0,1,0,0,0,0,0,0,0,0,1,1,0,0,0.1490,0.0936,0.1525,0.0729,0.1142,0.0368,0.0743,0.1231,0.0264,0.1409,0.000,0.000,0.000,0.000,0.000,0.000,0.000,0.174,0.000,0.000,semi-presidential,parliamentary,parliamentary,parliamentary,parliamentary,semi-presidential,semi-presidential,electoral-authoritarian,electoral-authoritarian,parliamentary,0.800,0.800,0.800,0.800,0.800,0.800,0.743,0.500,0.500,0.800,100.0,83.6,36.0,100.0,100.0,100.0,100.0,100.0,69.8,63.5
2034-11-01,1.0314,0.9975,1.0036,1.0000,0.9788,0.9986,1.0101,0.9987,1.0015,0.9969,0.9905,0.9915,1.1067,1.0255,1.0409,1.0232,1.0235,1.0443,1.0119,0.9999,1.0131,1.0069,0.9918,0.9917,4197.52,5956.96,4470.97,3152.50,2380.82,1662.28,190.40,3196.98,2558.27,594.82,0.9819,0.5801,0.9614,1.1611,0.8478,0.2882,1.4710,0.2958,0.1338,-1.0624,0.6632,0.7397,0.6776,0.6505,0.6808,0.7711,0.4825,0.6712,0.6939,0.7208,0.0104,0.0095,0.0207,0.0243,0.0194,0.0000,0.0534,0.0010,0.0103,0.0161,0.9798,0.9791,0.9897,0.9787,0.9804,1.0000,0.9747,1.0000,0.9728,1.0000,63.31,216.72,89.08,63.25,71.31,16.41,5.33,290.56,87.41,91.52,0.0000,0.0000,0.0000,0.0000,0.0000,0.0000,0.4595,0.0419,0.0000,0.0000,104304,74663,53998,54750,86225,66964,95775,572442,131417,91336,0,0,0,0,0,0,0,0,0,0,0.0000,0.0000,0.0000,0.0000,0.0000,0.0000,0.2484,0.2438,0.0000,0.0000,0,0,0,0,0,0,0,1,0,0,0,0,0,0,0,0,1,1,0,0,0.1316,0.0884,0.1335,0.0644,0.1001,0.0333,0.0748,0.1188,0.0228,0.1406,0.000,0.000,0.000,0.000,0.000,0.000,0.000,0.176,0.000,0.000,semi-presidential,parliamentary,parliamentary,parliamentary,parliamentary,semi-presidential,semi-presidential,electoral-authoritarian,electoral-authoritarian,parliamentary,0.800,0.800,0.800,0.800,0.810,0.800,0.752,0.500,0.500,0.800,100.0,86.5,38.9,100.0,98.1,100.0,100.0,100.0,72.9,66.3
2034-12-01,1.0274,0.9961,1.0011,1.0016,0.9831,0.9970,1.0089,0.9998,1.0018,0.9970,0.9879,0.9912,1.1012,1.0236,1.0381,1.0266,1.0294,1.0425,1.0105,1.0603,1.0134,1.0073,0.9894,0.9913,4203.43,5973.26,4476.02,3160.78,2391.85,1670.50,190.67,3206.81,2571.27,595.66,0.9807,0.5789,0.9603,1.1582,0.8439,0.2867,1.4690,0.2961,0.1324,-1.0755,0.6663,0.7398,0.6744,0.6472,0.6875,0.7766,0.4931,0.6735,0.7060,0.7122,0.0133,0.0094,0.0244,0.0257,0.0216,0.0000,0.0570,0.0015,0.0102,0.0213,0.9801,0.9794,0.9899,0.9791,0.9808,1.0000,0.9748,1.0000,0.9732,1.0000,63.41,217.45,89.03,62.76,71.47,16.52,5.36,290.62,87.53,91.35,0.0000,0.0000,0.0000,0.0000,0.0000,0.0000,0.4596,0.0417,0.0000,0.0000,104304,74663,53998,54750,86225,66964,95775,572442,131417,91336,0,0,0,0,0,0,0,0,0,0,0.0000,0.0000,0.0000,0.0000,0.0000,0.0000,0.2599,0.2553,0.0000,0.0000,0,0,0,0,0,0,0,1,0,0,0,0,0,0,0,0,1,1,0,0,0.1521,0.0960,0.1508,0.0720,0.1126,0.0355,0.0771,0.1204,0.0251,0.1402,0.000,0.000,0.000,0.000,0.000,0.000,0.000,0.176,0.000,0.000,semi-presidential,parliamentary,parliamentary,parliamentary,parliamentary,semi-presidential,semi-presidential,electoral-authoritarian,electoral-authoritarian,parliamentary,0.800,0.800,0.800,0.800,0.801,0.800,0.764,0.500,0.500,0.800,100.0,89.5,41.9,100.0,100.0,100.0,100.0,100.0,76.1,69.1
2035-01-01,1.0233,0.9932,0.9999,1.0008,0.9870,0.9940,1.0085,1.0027,1.0026,0.9965,0.9888,0.9919,1.0958,1.0202,1.0370,1.0160,1.0225,1.0391,1.0269,1.0709,1.0575,1.0043,1.0565,0.9922,4208.55,5982.37,4485.73,3171.86,2401.09,1680.43,191.00,3213.59,2581.34,596.88,0.9797,0.5784,0.9583,1.1543,0.8407,0.2849,1.4664,0.2965,0.1311,-1.0879,0.6708,0.7362,0.6719,0.6547,0.6927,0.7769,0.5034,0.6488,0.7047,0.7047,0.0161,0.0093,0.0276,0.0183,0.0222,0.0000,0.0585,0.0037,0.0117,0.0228,0.9807,0.9800,0.9902,0.9798,0.9815,1.0000,0.9752,1.0000,0.9740,1.0000,62.56,217.93,92.18,65.26,71.79,16.99,5.21,286.55,86.88,91.78,0.0000,0.0000,0.0000,0.0000,0.0000,0.0000,0.4594,0.0421,0.0000,0.0000,104304,74663,53998,54750,86225,66964,95775,572442,131417,91336,0,0,0,0,0,0,0,0,0,0,0.0000,0.0000,0.0000,0.0000,0.0000,0.0000,0.2691,0.2645,0.0000,0.0000,0,0,0,0,0,0,0,1,0,0,0,0,0,0,0,0,1,1,0,0,0.1517,0.0966,0.1512,0.0741,0.1123,0.0398,0.0775,0.1184,0.0248,0.1370,0.000,0.000,0.000,0.000,0.000,0.000,0.000,0.176,0.000,0.000,semi-presidential,parliamentary,parliamentary,parliamentary,parliamentary,semi-presidential,semi-presidential,electoral-authoritarian,electoral-authoritarian,parliamentary,0.800,0.800,0.800,0.800,0.800,0.800,0.773,0.500,0.500,0.800,100.0,92.4,44.8,100.0,100.0,100.0,100.0,100.0,79.2,71.9
2035-02-01,1.0208,0.9904,1.0008,0.9978,0.9895,0.9911,1.0075,1.0030,1.0021,0.9964,0.9890,0.9950,1.0955,1.0178,1.0840,1.0136,1.0191,1.0359,1.0091,1.0044,1.0138,1.0236,0.9904,0.9956,4217.22,5997.06,4493.64,3178.50,2410.04,1690.71,191.39,3219.58,2591.53,596.45,0.9779,0.5774,0.9566,1.1517,0.8376,0.2832,1.4633,0.2972,0.1299,-1.1032,0.6688,0.7376,0.6823,0.6594,0.7022,0.7751,0.4978,0.6719,0.7088,0.7084,0.0136,0.0110,0.0223,0.0200,0.0193,0.0000,0.0533,0.0012,0.0120,0.0112,0.9805,0.9797,0.9900,0.9795,0.9812,1.0000,0.9751,1.0000,0.9736,1.0000,63.58,219.39,93.25,66.54,73.66,17.13,5.16,293.22,87.85,91.44,0.0000,0.0000,0.0000,0.0000,0.0000,0.0000,0.4575,0.0414,0.0000,0.0000,104304,74663,53998,54750,86225,66964,95775,572442,131417,91336,0,0,0,0,0,0,0,0,0,0,0.0000,0.0000,0.0000,0.0000,0.0000,0.0000,0.2783,0.2760,0.0000,0.0000,0,0,0,0,0,0,0,1,0,0,0,0,0,0,0,0,1,1,0,0,0.1536,0.0990,0.1539,0.0765,0.1144,0.0417,0.0797,0.1270,0.0265,0.1347,0.000,0.000,0.000,0.000,0.000,0.000,0.000,0.169,0.000,0.000,semi-presidential,parliamentary,parliamentary,parliamentary,parliamentary,semi-presidential,semi-presidential,electoral-authoritarian,electoral-authoritarian,parliamentary,0.800,0.800,0.800,0.800,0.800,0.800,0.782,0.500,0.500,0.800,100.0,95.3,47.8,90.0,100.0,100.0,100.0,100.0,82.4,74.7
2035-03-01,1.0190,0.9879,1.0023,0.9950,0.9892,0.9900,1.0064,1.0048,1.0003,0.9973,0.9897,0.9985,1.0913,1.0145,1.0974,1.0110,1.0062,1.0339,1.0081,1.0257,1.0117,1.0056,1.0059,0.9988,4235.80,6000.68,4503.27,3187.82,2426.68,1701.77,191.28,3226.73,2596.38,597.54,0.9738,0.5775,0.9547,1.1483,0.8318,0.2814,1.4643,0.2976,0.1322,-1.1157,0.6745,0.7470,0.6882,0.6758,0.7053,0.7796,0.5127,0.6631,0.7154,0.7004,0.0156,0.0111,0.0237,0.0180,0.0178,0.0000,0.0525,0.0012,0.0122,0.0093,0.9813,0.9805,0.9904,0.9803,0.9821,1.0000,0.9754,1.0000,0.9747,1.0000,63.25,218.97,93.74,66.21,73.23,17.49,5.35,288.84,86.72,91.57,0.0000,0.0000,0.0000,0.0000,0.0000,0.0000,0.4571,0.0411,0.0000,0.0000,104304,74663,53998,54750,86225,66964,95775,572442,131417,91336,0,0,0,0,0,0,0,0,0,0,0.0000,0.0000,0.0000,0.0000,0.0000,0.0000,0.2875,0.2852,0.0000,0.0000,0,0,0,0,0,0,0,1,0,0,0,0,0,0,0,0,1,1,0,0,0.1564,0.1015,0.1568,0.0790,0.1171,0.0439,0.0783,0.1266,0.0287,0.1348,0.000,0.000,0.000,0.000,0.000,0.000,0.000,0.166,0.000,0.000,semi-presidential,parliamentary,parliamentary,parliamentary,parliamentary,semi-presidential,semi-presidential,electoral-authoritarian,electoral-authoritarian,parliamentary,0.800,0.800,0.800,0.800,0.800,0.800,0.791,0.500,0.500,0.800,100.0,98.3,52.4,91.9,100.0,100.0,100.0,100.0,84.2,77.4
2035-04-01,1.0156,0.9836,1.0045,0.9931,0.9871,0.9887,1.0051,1.0054,0.9984,0.9954,0.9911,0.9982,1.0886,1.0092,1.1160,1.0087,1.0039,1.0327,1.0068,1.0084,1.0101,1.0017,1.0380,0.9984,4246.15,6026.73,4504.48,3200.09,2438.68,1714.22,191.48,3233.80,2606.87,599.14,0.9716,0.5754,0.9545,1.1439,0.8277,0.2794,1.4679,0.2980,0.1309,-1.1272,0.6819,0.7501,0.6824,0.6795,0.7115,0.7845,0.5449,0.6686,0.7043,0.6972,0.0167,0.0116,0.0250,0.0190,0.0188,0.0000,0.0518,0.0012,0.0128,0.0094,0.9818,0.9809,0.9907,0.9809,0.9827,1.0000,0.9761,1.0000,0.9753,1.0000,62.47,218.58,93.78,65.73,72.95,17.65,5.17,285.01,85.70,91.53,0.0000,0.0000,0.0000,0.0000,0.0000,0.0000,0.4556,0.0420,0.0000,0.0000,104304,74663,53998,54750,86225,66964,95775,572442,131417,91336,0,0,0,0,0,0,0,0,0,0,0.0000,0.0000,0.0000,0.0000,0.0000,0.0000,0.2990,0.2944,0.0000,0.0000,0,0,0,0,0,0,0,1,0,0,0,0,0,0,0,0,1,1,0,0,0.1418,0.0937,0.1401,0.0711,0.1054,0.0408,0.0739,0.1230,0.0260,0.1362,0.000,0.000,0.000,0.000,0.000,0.000,0.000,0.166,0.000,0.000,semi-presidential,parliamentary,parliamentary,parliamentary,parliamentary,semi-presidential,semi-presidential,electoral-authoritarian,electoral-authoritarian,parliamentary,0.800,0.800,0.800,0.800,0.800,0.800,0.800,0.500,0.500,0.800,100.0,100.0,55.4,95.0,100.0,100.0,100.0,100.0,87.3,80.1
2035-05-01,1.0136,0.9799,1.0065,0.9914,0.9847,0.9899,1.0060,1.0051,0.9969,0.9939,0.9934,0.9962,1.0872,1.0063,1.1205,1.0074,1.0015,1.0386,1.0516,1.0065,1.0081,1.0015,1.1088,0.9966,4251.76,6043.27,4504.41,3210.53,2441.97,1728.30,191.12,3247.31,2617.26,600.91,0.9705,0.5742,0.9585,1.1402,0.8267,0.2772,1.4707,0.2979,0.1297,-1.1382,0.6758,0.7470,0.6835,0.6804,0.7053,0.7855,0.5270,0.6863,0.7012,0.6963,0.0205,0.0119,0.0298,0.0194,0.0215,0.0001,0.0566,0.0019,0.0132,0.0146,0.9810,0.9802,0.9903,0.9800,0.9818,1.0000,0.9749,1.0000,0.9743,1.0000,63.08,219.48,94.12,66.50,73.53,17.68,5.30,289.35,86.67,91.48,0.0000,0.0000,0.0000,0.0000,0.0000,0.0000,0.4557,0.0417,0.0000,0.0000,104304,74663,53998,54750,86225,66964,95775,572442,131417,91336,0,0,0,0,0,0,0,0,0,0,0.0000,0.0000,0.0000,0.0000,0.0000,0.0000,0.3082,0.3036,0.0000,0.0000,0,0,0,0,0,0,0,1,0,0,0,0,0,0,0,0,1,1,0,0,0.1396,0.0925,0.1388,0.0700,0.1038,0.0397,0.0744,0.1261,0.0248,0.1343,0.000,0.000,0.000,0.000,0.000,0.000,0.000,0.163,0.000,0.000,semi-presidential,parliamentary,parliamentary,parliamentary,parliamentary,semi-presidential,semi-presidential,electoral-authoritarian,electoral-authoritarian,parliamentary,0.800,0.800,0.800,0.800,0.800,0.800,0.800,0.500,0.500,0.800,100.0,100.0,52.3,98.1,100.0,100.0,100.0,100.0,90.5,82.8
2035-06-01,1.0104,0.9765,1.0071,0.9890,0.9825,0.9933,1.0061,1.0055,0.9964,0.9937,0.9949,0.9940,1.0829,1.0019,1.0435,1.0050,0.9996,1.0935,1.0079,1.0069,1.0080,1.0030,0.9963,0.9942,4254.79,6049.48,4504.92,3205.02,2451.80,1735.99,190.57,3257.45,2634.44,600.88,0.9697,0.5740,0.9585,1.1423,0.8234,0.2761,1.4750,0.2983,0.1281,-1.1527,0.6645,0.7440,0.6679,0.6715,0.7047,0.7873,0.5028,0.6686,0.7073,0.6918,0.0111,0.0104,0.0194,0.0150,0.0135,0.0007,0.0519,0.0010,0.0103,0.0060,0.9814,0.9806,0.9905,0.9805,0.9822,1.0000,0.9747,1.0000,0.9748,1.0000,63.52,223.31,95.06,66.76,74.48,17.79,5.47,292.64,88.33,91.29,0.0000,0.0000,0.0000,0.0000,0.0000,0.0000,0.4558,0.0415,0.0000,0.0000,104304,74663,53998,54750,86225,66964,95775,572442,131417,91336,0,0,0,0,0,0,0,0,0,0,0.0000,0.0000,0.0000,0.0000,0.0000,0.0000,0.3197,0.3151,0.0000,0.0000,0,0,0,0,0,0,0,1,0,0,0,0,0,0,0,0,1,1,0,0,0.1323,0.0883,0.1299,0.0651,0.0973,0.0374,0.0723,0.1240,0.0228,0.1355,0.000,0.000,0.000,0.000,0.000,0.000,0.000,0.165,0.000,0.000,semi-presidential,parliamentary,parliamentary,parliamentary,parliamentary,semi-presidential,semi-presidential,electoral-authoritarian,electoral-authoritarian,parliamentary,0.800,0.800,0.800,0.800,0.800,0.800,0.800,0.500,0.500,0.800,100.0,100.0,55.2,100.0,100.0,100.0,100.0,100.0,93.6,85.5
2035-07-01,1.0088,0.9756,1.0054,0.9872,0.9804,0.9954,1.0061,1.0044,0.9952,0.9940,0.9953,0.9914,1.0810,1.0017,1.0420,1.0032,0.9971,1.0396,1.0075,1.0058,1.0066,1.0030,1.0250,0.9917,4241.49,6065.58,4499.66,3210.56,2452.57,1750.80,190.65,3255.87,2650.73,600.67,0.9726,0.5729,0.9596,1.1404,0.8231,0.2772,1.4746,0.2995,0.1266,-1.1675,0.6493,0.7337,0.6467,0.6641,0.7025,0.7865,0.4983,0.6539,0.7051,0.7063,0.0111,0.0093,0.0197,0.0140,0.0135,0.0000,0.0522,0.0012,0.0101,0.0073,0.9809,0.9802,0.9902,0.9798,0.9815,1.0000,0.9738,1.0000,0.9739,1.0000,62.83,222.88,94.57,66.63,74.05,17.70,5.41,292.11,88.91,91.10,0.0000,0.0000,0.0000,0.0000,0.0000,0.0000,0.4558,0.0416,0.0000,0.0000,104304,74663,53998,54750,86225,66964,95775,572442,131417,91336,0,0,0,0,0,0,0,0,0,0,0.0000,0.0000,0.0000,0.0000,0.0000,0.0000,0.3289,0.3243,0.0000,0.0000,0,0,0,0,0,0,0,1,0,0,0,0,0,0,0,0,1,1,0,0,0.1409,0.0919,0.1395,0.0689,0.1038,0.0376,0.0715,0.1229,0.0230,0.1348,0.000,0.000,0.000,0.000,0.000,0.000,0.000,0.167,0.000,0.000,semi-presidential,parliamentary,parliamentary,parliamentary,parliamentary,semi-presidential,semi-presidential,electoral-authoritarian,electoral-authoritarian,parliamentary,0.800,0.800,0.800,0.800,0.800,0.800,0.800,0.500,0.500,0.800,100.0,100.0,58.0,100.0,100.0,100.0,100.0,100.0,96.8,88.2
2035-08-01,1.0091,0.9755,1.0043,0.9858,0.9795,0.9963,1.0071,1.0035,0.9952,0.9940,0.9959,0.9902,1.0839,1.0017,1.0408,1.0021,0.9965,1.0404,1.0318,1.0048,1.0066,1.0031,0.9974,0.9902,4255.46,6082.06,4504.59,3217.05,2454.47,1760.43,190.27,3258.50,2659.51,602.72,0.9695,0.5717,0.9586,1.1383,0.8226,0.2761,1.4777,0.3004,0.1254,-1.1829,0.6470,0.7299,0.6375,0.6624,0.6977,0.7812,0.4889,0.6459,0.6991,0.7029,0.0111,0.0094,0.0197,0.0142,0.0137,0.0000,0.0542,0.0011,0.0102,0.0071,0.9808,0.9801,0.9901,0.9798,0.9815,1.0000,0.9739,1.0000,0.9739,1.0000,63.98,224.23,94.73,67.43,75.29,17.62,5.49,298.41,90.15,91.16,0.0000,0.0000,0.0000,0.0000,0.0000,0.0000,0.4557,0.0414,0.0000,0.0000,104304,74663,53998,54750,86225,66964,95775,572442,131417,91336,0,0,0,0,0,0,0,0,0,0,0.0000,0.0000,0.0000,0.0000,0.0000,0.0000,0.3381,0.3335,0.0000,0.0000,0,0,0,0,0,0,0,1,0,0,0,0,0,0,0,0,1,1,0,0,0.1427,0.0925,0.1422,0.0696,0.1053,0.0372,0.0738,0.1256,0.0225,0.1333,0.000,0.000,0.000,0.000,0.000,0.000,0.000,0.169,0.000,0.000,semi-presidential,parliamentary,parliamentary,parliamentary,parliamentary,semi-presidential,semi-presidential,electoral-authoritarian,electoral-authoritarian,parliamentary,0.800,0.800,0.800,0.800,0.800,0.800,0.800,0.500,0.500,0.800,100.0,100.0,60.7,100.0,100.0,100.0,100.0,100.0,99.9,92.8
2035-09-01,1.0083,0.9755,1.0055,0.9846,0.9794,0.9977,1.0106,1.0015,0.9948,0.9941,0.9936,0.9893,1.0825,1.0017,1.1230,1.0008,1.0002,1.0724,1.1764,1.0031,1.0063,1.0030,0.9952,0.9896,4270.56,6097.41,4515.77,3228.88,2456.02,1768.23,190.27,3263.13,2674.14,604.79,0.9711,0.5707,0.9563,1.1343,0.8220,0.2754,1.4779,0.3014,0.1240,-1.1931,0.6480,0.7270,0.6468,0.6739,0.6954,0.7730,0.4885,0.6389,0.6824,0.6971,0.0213,0.0127,0.0316,0.0211,0.0234,0.0004,0.0585,0.0020,0.0137,0.0162,0.9808,0.9801,0.9902,0.9798,0.9816,1.0000,0.9741,1.0000,0.9740,1.0000,63.65,223.30,93.29,66.21,74.47,17.49,5.43,296.36,89.78,91.30,0.0000,0.0000,0.0000,0.0000,0.0000,0.0000,0.4558,0.0416,0.0000,0.0000,104304,74663,53998,54750,86225,66964,95775,572442,131417,91336,0,0,0,0,0,0,0,0,0,0,0.0000,0.0000,0.0000,0.0000,0.0000,0.0000,0.3496,0.3450,0.0000,0.0000,0,0,0,0,0,0,0,1,0,0,0,0,0,0,0,0,1,1,0,0,0.1332,0.0873,0.1316,0.0639,0.0978,0.0355,0.0743,0.1245,0.0208,0.1348,0.000,0.000,0.000,0.000,0.000,0.000,0.000,0.169,0.000,0.000,semi-presidential,parliamentary,parliamentary,parliamentary,parliamentary,semi-presidential,semi-presidential,electoral-authoritarian,electoral-authoritarian,parliamentary,0.800,0.800,0.800,0.800,0.800,0.800,0.800,0.500,0.500,0.800,100.0,100.0,63.5,100.0,100.0,100.0,100.0,100.0,100.0,95.5
2035-10-01,1.0080,0.9757,1.0085,0.9834,0.9802,1.0001,1.0125,1.0005,0.9939,0.9950,0.9913,0.9868,1.0823,1.0218,1.1601,1.0003,0.9968,1.0706,1.0221,1.0103,1.0054,1.0174,0.9931,0.9871,4263.19,6090.52,4512.62,3230.09,2458.96,1778.33,190.35,3271.84,2691.82,605.46,0.9729,0.5717,0.9570,1.1340,0.8210,0.2744,1.4774,0.3017,0.1224,-1.2062,0.6392,0.7170,0.6324,0.6637,0.6819,0.7587,0.4874,0.6402,0.6822,0.7030,0.0218,0.0162,0.0294,0.0245,0.0237,0.0025,0.0549,0.0013,0.0165,0.0088,0.9630,0.9617,0.9819,0.9647,0.9665,0.9843,0.9721,1.0000,0.9619,1.0000,63.77,222.62,93.47,67.34,75.29,17.34,5.30,298.96,90.75,91.29,0.0000,0.0000,0.0000,0.0000,0.0000,0.0000,0.4546,0.0409,0.0000,0.0000,104304,74663,53998,54750,86225,66964,95775,572442,131417,91336,0,0,0,0,0,0,0,0,0,0,0.0000,0.0000,0.0000,0.0000,0.0000,0.0000,0.3588,0.3542,0.0000,0.0000,0,0,0,0,0,0,0,1,0,0,0,0,0,0,0,0,1,1,0,0,0.1252,0.0827,0.1230,0.0596,0.0910,0.0325,0.0678,0.1220,0.0183,0.1341,0.000,0.000,0.000,0.000,0.000,0.000,0.000,0.171,0.000,0.000,semi-presidential,parliamentary,parliamentary,parliamentary,parliamentary,semi-presidential,semi-presidential,electoral-authoritarian,electoral-authoritarian,parliamentary,0.800,0.800,0.800,0.800,0.800,0.800,0.800,0.500,0.500,0.800,100.0,100.0,66.2,100.0,100.0,100.0,100.0,100.0,100.0,98.3
2035-11-01,1.0090,0.9807,1.0117,0.9840,0.9852,1.0030,1.0120,1.0029,0.9928,0.9959,0.9946,0.9860,1.0830,1.1433,1.1735,1.0120,1.1085,1.0889,1.0135,1.2999,1.0038,1.0233,1.1636,0.9862,4263.72,6096.90,4514.90,3220.62,2466.31,1785.73,190.12,3282.14,2703.76,606.97,0.9729,0.5715,0.9566,1.1376,0.8187,0.2739,1.4793,0.3022,0.1211,-1.2175,0.6361,0.6981,0.6224,0.6214,0.6298,0.7484,0.4919,0.6628,0.6869,0.6662,0.0564,0.0306,0.0754,0.0651,0.0766,0.0131,0.0815,0.0048,0.0273,0.0804,0.8555,0.8666,0.9315,0.8730,0.8580,0.9097,0.9525,1.0000,0.8899,1.0000,63.53,223.25,93.22,65.47,75.00,17.27,5.14,299.52,91.09,91.49,0.0000,0.0000,0.0000,0.0000,0.0000,0.0000,0.4544,0.0408,0.0000,0.0000,104304,74663,53998,54750,86225,66964,95775,572442,131417,91336,0,0,0,0,0,0,0,0,0,0,0.0000,0.0000,0.0000,0.0000,0.0000,0.0000,0.3680,0.3657,0.0000,0.0000,0,0,0,0,0,0,0,1,0,0,0,0,0,0,0,0,1,1,0,0,0.1475,0.0926,0.1465,0.0692,0.1079,0.0398,0.0751,0.1265,0.0208,0.1356,0.000,0.000,0.000,0.000,0.000,0.000,0.000,0.172,0.000,0.000,semi-presidential,parliamentary,parliamentary,parliamentary,parliamentary,semi-presidential,semi-presidential,electoral-authoritarian,electoral-authoritarian,parliamentary,0.800,0.800,0.800,0.800,0.800,0.800,0.800,0.500,0.500,0.800,100.0,100.0,68.9,100.0,100.0,30.0,100.0,100.0,100.0,100.0
2035-12-01,1.0113,0.9859,1.0133,0.9840,1.0108,1.0051,1.0117,1.0084,0.9945,0.9962,0.9999,0.9860,1.1211,1.1312,1.0846,1.0190,1.1107,1.1030,1.0132,1.0895,1.0966,1.0166,1.1034,0.9860,4283.87,6109.80,4520.58,3215.89,2469.07,1799.46,189.88,3283.11,2714.90,606.52,0.9684,0.5707,0.9555,1.1395,0.8237,0.2725,1.4814,0.3032,0.1199,-1.2328,0.6404,0.7005,0.6108,0.6128,0.6458,0.7520,0.4736,0.6559,0.6840,0.6626,0.0385,0.0282,0.0515,0.0588,0.0592,0.0131,0.0815,0.0058,0.0262,0.0529,0.8719,0.8817,0.9394,0.8877,0.8744,0.9230,0.9557,1.0000,0.9033,1.0000,65.19,226.55,95.24,65.59,76.43,18.45,5.37,305.62,92.89,92.13,0.0000,0.0000,0.0000,0.0000,0.0000,0.0000,0.4551,0.0410,0.0000,0.0000,104304,74663,53998,54750,86225,66964,95775,572442,131417,91336,0,0,0,0,0,0,0,0,0,0,0.0000,0.0000,0.0000,0.0000,0.0000,0.0000,0.3795,0.3749,0.0000,0.0000,0,0,0,0,0,0,0,1,0,0,0,0,0,0,0,0,1,1,0,0,0.1433,0.0912,0.1417,0.0669,0.1050,0.0398,0.0762,0.1284,0.0208,0.1376,0.000,0.000,0.000,0.000,0.000,0.000,0.000,0.172,0.000,0.000,semi-presidential,parliamentary,parliamentary,parliamentary,parliamentary,semi-presidential,semi-presidential,electoral-authoritarian,electoral-authoritarian,parliamentary,0.800,0.800,0.800,0.800,0.800,0.800,0.800,0.500,0.500,0.800,100.0,100.0,71.5,100.0,100.0,33.2,100.0,100.0,100.0,100.0
2036-01-01,1.0114,0.9926,1.0130,0.9840,1.0329,1.0065,1.0114,1.0083,0.9972,0.9955,1.0033,0.9826,1.0857,1.2032,1.0498,1.0215,1.1261,1.0513,1.0129,1.0096,1.0949,1.0028,1.0581,0.9832,4271.76,6105.16,4514.92,3207.77,2468.04,1807.58,190.26,3288.54,2723.61,607.82,0.9712,0.5715,0.9566,1.1426,0.8240,0.2720,1.4787,0.3037,0.1188,-1.2446,0.6280,0.6878,0.5931,0.5920,0.6266,0.7508,0.4829,0.6423,0.6821,0.6658,0.0349,0.0310,0.0433,0.0584,0.0554,0.0167,0.0642,0.0046,0.0298,0.0399,0.8171,0.8312,0.9132,0.8376,0.8187,0.8804,0.9490,1.0000,0.8559,1.0000,64.30,226.02,94.37,64.32,74.92,18.79,5.23,299.76,92.61,92.18,0.0000,0.0000,0.0000,0.0000,0.0000,0.0000,0.4557,0.0418,0.0000,0.0000,104304,74663,53998,54750,86225,66964,95775,572442,131417,91336,0,0,0,0,0,0,0,0,0,0,0.0000,0.0000,0.0000,0.0000,0.0000,0.0000,0.3887,0.3841,0.0000,0.0000,0,0,0,0,0,0,0,1,0,0,0,0,0,0,0,0,1,1,0,0,0.1133,0.0765,0.1098,0.0513,0.0811,0.0333,0.0732,0.1206,0.0158,0.1380,0.000,0.000,0.000,0.000,0.000,0.000,0.000,0.174,0.000,0.000,semi-presidential,parliamentary,parliamentary,parliamentary,parliamentary,semi-presidential,semi-presidential,electoral-authoritarian,electoral-authoritarian,parliamentary,0.800,0.800,0.800,0.800,0.800,0.800,0.800,0.500,0.500,0.800,100.0,100.0,74.0,100.0,100.0,36.3,100.0,100.0,100.0,100.0
