date,price_oil,price_gas,price_coal,price_electricity,price_food,price_critical-minerals,price_steel,price_consumer-goods,price_electronics,price_arms,price_pharma,price_services,import_price_oil,import_price_gas,import_price_coal,import_price_electricity,import_price_food,import_price_critical-minerals,import_price_steel,import_price_consumer-goods,import_price_electronics,import_price_arms,import_price_pharma,import_price_services,gdp_FRA,gdp_DEU,gdp_GBR,gdp_ITA,gdp_ESP,gdp_POL,gdp_UKR,gdp_RUS,gdp_TUR,gdp_NOR,debt_FRA,debt_DEU,debt_GBR,debt_ITA,debt_ESP,debt_POL,debt_UKR,debt_RUS,debt_TUR,debt_NOR,stability_FRA,stability_DEU,stability_GBR,stability_ITA,stability_ESP,stability_POL,stability_UKR,stability_RUS,stability_TUR,stability_NOR,shortage_FRA,shortage_DEU,shortage_GBR,shortage_ITA,shortage_ESP,shortage_POL,shortage_UKR,shortage_RUS,shortage_TUR,shortage_NOR,gas_coverage_FRA,gas_coverage_DEU,gas_coverage_GBR,gas_coverage_ITA,gas_coverage_ESP,gas_coverage_POL,gas_coverage_UKR,gas_coverage_RUS,gas_coverage_TUR,gas_coverage_NOR,maritime_trade_FRA,maritime_trade_DEU,maritime_trade_GBR,maritime_trade_ITA,maritime_trade_ESP,maritime_trade_POL,maritime_trade_UKR,maritime_trade_RUS,maritime_trade_TUR,maritime_trade_NOR,blockade_FRA,blockade_DEU,blockade_GBR,blockade_ITA,blockade_ESP,blockade_POL,blockade_UKR,blockade_RUS,blockade_TUR,blockade_NOR,tiles_FRA,tiles_DEU,tiles_GBR,tiles_ITA,tiles_ESP,tiles_POL,tiles_UKR,tiles_RUS,tiles_TUR,tiles_NOR,contested_FRA,contested_DEU,contested_GBR,contested_ITA,contested_ESP,contested_POL,contested_UKR,contested_RUS,contested_TUR,contested_NOR,exhaustion_FRA,exhaustion_DEU,exhaustion_GBR,exhaustion_ITA,exhaustion_ESP,exhaustion_POL,exhaustion_UKR,exhaustion_RUS,exhaustion_TUR,exhaustion_NOR,sanctions_against_FRA,sanctions_against_DEU,sanctions_against_GBR,sanctions_against_ITA,sanctions_against_ESP,sanctions_against_POL,sanctions_against_UKR,sanctions_against_RUS,sanctions_against_TUR,sanctions_against_NOR,at_war_FRA,at_war_DEU,at_war_GBR,at_war_ITA,at_war_ESP,at_war_POL,at_war_UKR,at_war_RUS,at_war_TUR,at_war_NOR,export_share_FRA,export_share_DEU,export_share_GBR,export_share_ITA,export_share_ESP,export_share_POL,export_share_UKR,export_share_RUS,export_share_TUR,export_share_NOR,circumvention_FRA,circumvention_DEU,circumvention_GBR,circumvention_ITA,circumvention_ESP,circumvention_POL,circumvention_UKR,circumvention_RUS,circumvention_TUR,circumvention_NOR,regime_FRA,regime_DEU,regime_GBR,regime_ITA,regime_ESP,regime_POL,regime_UKR,regime_RUS,regime_TUR,regime_NOR,legitimacy_FRA,legitimacy_DEU,legitimacy_GBR,legitimacy_ITA,legitimacy_ESP,legitimacy_POL,legitimacy_UKR,legitimacy_RUS,legitimacy_TUR,legitimacy_NOR,capital_FRA,capital_DEU,capital_GBR,capital_ITA,capital_ESP,capital_POL,capital_UKR,capital_RUS,capital_TUR,capital_NOR
2026-01-01,1.0000,1.0000,1.0000,1.0000,1.0000,1.0000,1.0000,1.0000,1.0000,1.0000,1.0000,1.0000,1.0000,1.0000,1.0001,1.0298,1.0000,1.0000,1.0170,1.0170,1.0221,1.0232,1.0170,1.0000,3366.32,5050.92,4002.59,2551.56,1906.45,1035.49,214.23,2561.31,1597.29,530.76,1.1600,0.6290,1.0230,1.3710,1.0040,0.5880,1.0870,0.1720,0.2350,0.4500,0.6600,0.7169,0.6747,0.6374,0.6767,0.7200,0.6678,0.6750,0.6750,0.7200,0.0019,0.0004,0.0179,0.0017,0.0019,0.0000,0.0027,0.0012,0.0009,0.0031,1.0000,1.0000,1.0000,1.0000,1.0000,1.0000,1.0000,1.0000,1.0000,1.0000,53.01,188.04,79.00,54.35,61.58,9.29,7.94,244.34,57.59,79.61,0.0000,0.0000,0.0000,0.0000,0.0000,0.0000,0.0000,0.0000,0.0000,0.0000,104304,74663,53998,54750,86225,66964,95775,572442,131417,91336,0,0,0,0,0,0,0,0,0,0,0.0000,0.0000,0.0000,0.0000,0.0000,0.0000,0.0000,0.0000,0.0000,0.0000,0,0,0,0,0,0,0,0,0,0,0,0,0,0,0,0,1,1,0,0,0.1189,0.0741,0.1337,0.0482,0.0865,0.0115,0.0806,0.1079,0.0015,0.1360,0.000,0.000,0.000,0.000,0.000,0.000,0.000,0.000,0.000,0.000,semi-presidential,parliamentary,parliamentary,parliamentary,parliamentary,semi-presidential,semi-presidential,electoral-authoritarian,electoral-authoritarian,parliamentary,0.800,0.800,0.800,0.800,0.800,0.800,0.800,0.500,0.500,0.800,30.0,30.0,30.0,30.0,30.0,30.0,30.0,30.0,30.0,30.0
2026-02-01,1.0032,0.9998,0.9994,0.9995,0.9996,1.0017,1.0016,0.9998,1.0020,1.0012,1.0008,0.9999,1.1792,1.0278,1.0376,1.0143,1.0260,1.0861,1.0504,1.0208,1.0710,1.0015,1.0305,1.0001,3367.99,5053.25,4001.29,2549.78,1909.86,1035.93,212.55,2565.15,1600.83,530.59,1.1596,0.6289,1.0241,1.3734,1.0033,0.5887,1.0980,0.1740,0.2347,0.4364,0.6590,0.7160,0.6653,0.6287,0.6663,0.7192,0.5907,0.6601,0.6656,0.7046,0.0208,0.0161,0.0256,0.0219,0.0257,0.0049,0.0894,0.0039,0.0170,0.0157,0.9799,0.9792,0.9902,0.9787,0.9805,1.0000,0.9686,1.0000,0.9739,1.0000,49.73,181.86,77.13,51.64,58.71,9.09,5.74,230.10,55.42,77.48,0.0000,0.0000,0.0000,0.0000,0.0000,0.0000,0.4601,0.0438,0.0000,0.0000,104304,74663,53998,54750,86225,66964,95775,572442,131417,91336,0,0,0,0,0,0,0,0,0,0,0.0000,0.0000,0.0000,0.0000,0.0000,0.0000,0.0092,0.0092,0.0000,0.0000,0,0,0,0,0,0,0,1,0,0,0,0,0,0,0,0,1,1,0,0,0.1182,0.0737,0.1335,0.0484,0.0861,0.0114,0.0703,0.1024,0.0015,0.1323,0.000,0.000,0.000,0.000,0.000,0.000,0.031,0.147,0.000,0.000,semi-presidential,parliamentary,parliamentary,parliamentary,parliamentary,semi-presidential,semi-presidential,electoral-authoritarian,electoral-authoritarian,parliamentary,0.800,0.800,0.800,0.800,0.800,0.800,0.800,0.500,0.500,0.800,30.2,30.4,30.6,31.2,31.4,31.7,33.5,33.0,33.1,32.6
2026-03-01,1.0064,0.9982,0.9997,0.9982,1.0017,1.0042,1.0024,0.9978,1.0032,0.9987,1.0013,0.9989,1.1004,1.0261,1.0642,0.9983,1.0584,1.0929,1.0482,0.9999,1.0287,0.9992,1.0030,0.9990,3369.48,5060.51,4009.42,2553.58,1909.63,1038.92,211.20,2566.45,1604.63,531.35,1.1630,0.6295,1.0252,1.3760,1.0055,0.5849,1.1067,0.1762,0.2342,0.4213,0.6504,0.7072,0.6575,0.6212,0.6475,0.7137,0.5287,0.6415,0.6528,0.6948,0.0151,0.0118,0.0169,0.0242,0.0259,0.0004,0.0840,0.0018,0.0123,0.0225,0.9801,0.9793,0.9903,0.9789,0.9807,1.0000,0.9689,1.0000,0.9741,1.0000,51.06,182.79,75.20,52.34,60.20,9.02,5.72,235.99,56.18,78.99,0.0000,0.0000,0.0000,0.0000,0.0000,0.0000,0.4600,0.0438,0.0000,0.0000,104304,74663,53998,54750,86225,66964,95775,572442,131417,91336,0,0,0,0,0,0,0,0,0,0,0.0000,0.0000,0.0000,0.0000,0.0000,0.0000,0.0184,0.0184,0.0000,0.0000,0,0,0,0,0,0,0,1,0,0,0,0,0,0,0,0,1,1,0,0,0.1074,0.0687,0.1207,0.0434,0.0777,0.0113,0.0700,0.1021,0.0015,0.1322,0.000,0.000,0.000,0.000,0.000,0.000,0.030,0.147,0.000,0.000,semi-presidential,parliamentary,parliamentary,parliamentary,parliamentary,semi-presidential,semi-presidential,electoral-authoritarian,electoral-authoritarian,parliamentary,0.800,0.800,0.800,0.800,0.800,0.800,0.800,0.500,0.500,0.800,33.4,33.2,33.1,34.7,34.6,34.8,36.5,35.9,36.7,35.3
2026-04-01,1.0104,0.9948,1.0020,0.9970,1.0067,1.0072,1.0045,0.9960,1.0033,0.9981,1.0026,0.9986,1.1920,1.0231,1.0843,0.9973,1.0509,1.0811,1.0856,0.9978,1.0176,1.0241,1.0709,0.9988,3362.51,5072.83,4013.16,2557.83,1912.76,1042.57,210.39,2565.35,1608.11,531.11,1.1691,0.6296,1.0242,1.3780,1.0060,0.5808,1.1127,0.1785,0.2338,0.4071,0.6407,0.7042,0.6256,0.6091,0.6375,0.7173,0.4843,0.6605,0.6523,0.6783,0.0254,0.0177,0.0234,0.0276,0.0323,0.0051,0.0893,0.0021,0.0163,0.0223,0.9800,0.9792,0.9902,0.9788,0.9806,1.0000,0.9685,1.0000,0.9739,1.0000,49.53,180.88,74.07,51.31,58.92,8.86,5.68,230.41,55.56,77.65,0.0000,0.0000,0.0000,0.0000,0.0000,0.0000,0.4592,0.0423,0.0000,0.0000,104304,74663,53998,54750,86225,66964,95775,572442,131417,91336,0,0,0,0,0,0,0,0,0,0,0.0000,0.0000,0.0000,0.0000,0.0000,0.0000,0.0276,0.0276,0.0000,0.0000,0,0,0,0,0,0,0,1,0,0,0,0,0,0,0,0,1,1,0,0,0.1132,0.0710,0.1276,0.0457,0.0821,0.0112,0.0708,0.1032,0.0015,0.1326,0.000,0.000,0.000,0.000,0.000,0.000,0.030,0.148,0.000,0.000,semi-presidential,parliamentary,parliamentary,parliamentary,parliamentary,semi-presidential,semi-presidential,electoral-authoritarian,electoral-authoritarian,parliamentary,0.800,0.800,0.800,0.800,0.800,0.800,0.800,0.500,0.500,0.800,36.5,35.9,36.3,38.1,37.6,37.9,39.1,38.8,40.2,37.9
2026-05-01,1.0152,0.9941,1.0015,0.9959,1.0107,1.0092,1.0047,0.9955,1.0029,0.9980,1.0029,0.9954,1.1866,1.0264,1.0400,0.9961,1.0600,1.0685,1.0069,0.9972,1.0173,0.9980,1.0251,0.9957,3357.26,5065.32,3982.81,2545.87,1910.64,1044.45,209.21,2569.89,1611.25,531.31,1.1743,0.6320,1.0346,1.3938,1.0093,0.5777,1.1213,0.1810,0.2334,0.3974,0.6256,0.6992,0.5929,0.5794,0.6138,0.7111,0.4628,0.6654,0.6600,0.6759,0.0179,0.0157,0.0163,0.0250,0.0272,0.0046,0.0844,0.0012,0.0142,0.0183,0.9763,0.9753,0.9883,0.9753,0.9773,0.9969,0.9671,1.0000,0.9705,1.0000,49.87,181.00,73.94,52.01,59.44,8.82,5.66,232.90,56.39,77.89,0.0000,0.0000,0.0000,0.0000,0.0000,0.0000,0.4600,0.0438,0.0000,0.0000,104304,74663,53998,54750,86225,66964,95775,572442,131417,91336,0,0,0,0,0,0,0,0,0,0,0.0000,0.0000,0.0000,0.0000,0.0000,0.0000,0.0391,0.0391,0.0000,0.0000,0,0,0,0,0,0,0,1,0,0,0,0,0,0,0,0,1,1,0,0,0.0827,0.0573,0.0911,0.0322,0.0582,0.0112,0.0667,0.1034,0.0015,0.1329,0.000,0.000,0.000,0.000,0.000,0.000,0.025,0.149,0.000,0.000,semi-presidential,parliamentary,parliamentary,parliamentary,parliamentary,semi-presidential,semi-presidential,electoral-authoritarian,electoral-authoritarian,parliamentary,0.800,0.800,0.800,0.800,0.800,0.800,0.800,0.500,0.500,0.800,39.6,38.7,38.4,38.2,40.5,40.9,42.1,42.5,43.8,40.5
2026-06-01,1.0181,0.9953,0.9995,0.9978,1.0153,1.0106,1.0053,0.9954,1.0042,0.9980,1.0044,0.9931,1.1106,1.0234,1.0376,1.0533,1.0714,1.0676,1.0258,0.9969,1.0601,0.9989,1.0517,0.9934,3346.20,5045.23,3976.23,2538.56,1907.20,1050.72,208.34,2569.02,1611.03,532.16,1.1812,0.6360,1.0387,1.4016,1.0134,0.5723,1.1279,0.1833,0.2335,0.3823,0.6119,0.6750,0.5668,0.5638,0.5986,0.7084,0.4519,0.6545,0.6601,0.6803,0.0132,0.0130,0.0308,0.0314,0.0247,0.0000,0.0792,0.0030,0.0139,0.0235,0.9798,0.9791,0.9901,0.9785,0.9804,1.0000,0.9682,1.0000,0.9737,1.0000,51.06,177.49,72.11,53.62,58.48,9.00,5.51,235.54,56.11,78.63,0.0000,0.0000,0.0000,0.0000,0.0000,0.0000,0.4600,0.0438,0.0000,0.0000,104304,74663,53998,54750,86225,66964,95775,572442,131417,91336,0,0,0,0,0,0,0,0,0,0,0.0000,0.0000,0.0000,0.0000,0.0000,0.0000,0.0483,0.0483,0.0000,0.0000,0,0,0,0,0,0,0,1,0,0,0,0,0,0,0,0,1,1,0,0,0.0950,0.0600,0.1054,0.0359,0.0674,0.0112,0.0672,0.1015,0.0016,0.1364,0.000,0.000,0.000,0.000,0.000,0.000,0.022,0.149,0.000,0.000,semi-presidential,parliamentary,parliamentary,parliamentary,parliamentary,semi-presidential,semi-presidential,electoral-authoritarian,electoral-authoritarian,parliamentary,0.800,0.830,0.800,0.800,0.800,0.800,0.800,0.500,0.500,0.800,42.6,31.2,40.5,41.3,43.3,44.0,44.4,45.5,47.4,43.2
2026-07-01,1.0163,0.9944,0.9994,1.0003,1.0190,1.0123,1.0049,0.9940,1.0057,0.9982,1.0045,0.9924,1.0982,1.0226,1.1194,1.0659,1.0492,1.0688,1.0066,0.9954,1.0436,1.0132,1.0060,0.9933,3337.34,5047.06,3957.97,2536.65,1904.34,1053.82,207.24,2573.24,1613.27,534.19,1.1872,0.6373,1.0457,1.4005,1.0172,0.5687,1.1357,0.1852,0.2332,0.3664,0.6023,0.6648,0.5635,0.5374,0.5955,0.7133,0.4636,0.6517,0.6644,0.6865,0.0167,0.0164,0.0313,0.0333,0.0227,0.0000,0.0581,0.0021,0.0191,0.0128,0.9798,0.9791,0.9901,0.9786,0.9804,1.0000,0.9681,1.0000,0.9737,1.0000,49.62,175.92,71.12,51.98,56.78,9.11,5.40,227.10,55.22,78.89,0.0000,0.0000,0.0000,0.0000,0.0000,0.0000,0.4577,0.0431,0.0000,0.0000,104304,74663,53998,54750,86225,66964,95775,572442,131417,91336,0,0,0,0,0,0,0,0,0,0,0.0000,0.0000,0.0000,0.0000,0.0000,0.0000,0.0575,0.0575,0.0000,0.0000,0,0,0,0,0,0,0,1,0,0,0,0,0,0,0,0,1,1,0,0,0.1132,0.0669,0.1276,0.0428,0.0812,0.0112,0.0684,0.0997,0.0016,0.1363,0.000,0.000,0.000,0.000,0.000,0.000,0.021,0.149,0.000,0.000,semi-presidential,parliamentary,parliamentary,parliamentary,parliamentary,semi-presidential,semi-presidential,electoral-authoritarian,electoral-authoritarian,parliamentary,0.800,0.820,0.800,0.800,0.800,0.800,0.800,0.500,0.500,0.800,45.5,33.8,42.5,42.8,46.1,47.0,46.7,48.4,51.1,45.8
2026-08-01,1.0133,0.9948,0.9990,1.0015,1.0191,1.0122,1.0044,0.9943,1.0060,1.0000,1.0038,0.9945,1.0888,1.0279,1.0353,1.0291,1.0476,1.0675,1.0059,1.0249,1.0196,1.0485,1.0115,0.9975,3341.62,5038.56,3960.81,2537.30,1906.39,1054.95,205.97,2569.38,1613.51,534.48,1.1906,0.6398,1.0469,1.4035,1.0183,0.5664,1.1450,0.1883,0.2333,0.3517,0.5991,0.6592,0.5732,0.5509,0.6137,0.7161,0.4763,0.6334,0.7144,0.6836,0.0127,0.0104,0.0274,0.0168,0.0171,0.0007,0.0581,0.0017,0.0106,0.0130,0.9754,0.9743,0.9878,0.9749,0.9769,0.9950,0.9672,1.0000,0.9705,1.0000,49.39,177.18,72.26,51.75,56.83,9.17,5.38,226.20,55.28,79.30,0.0000,0.0000,0.0000,0.0000,0.0000,0.0000,0.4551,0.0417,0.0000,0.0000,104304,74663,53998,54750,86225,66964,95775,572442,131417,91336,0,0,0,0,0,0,0,0,0,0,0.0000,0.0000,0.0000,0.0000,0.0000,0.0000,0.0690,0.0690,0.0000,0.0000,0,0,0,0,0,0,0,1,0,0,0,0,0,0,0,0,1,1,0,0,0.1229,0.0724,0.1334,0.0441,0.0821,0.0113,0.0695,0.0986,0.0016,0.1336,0.000,0.000,0.000,0.000,0.000,0.000,0.023,0.150,0.000,0.000,semi-presidential,parliamentary,parliamentary,parliamentary,parliamentary,semi-presidential,semi-presidential,electoral-authoritarian,electoral-authoritarian,parliamentary,0.800,0.810,0.800,0.800,0.800,0.800,0.800,0.500,0.500,0.800,51.0,36.2,44.5,45.7,48.8,51.4,49.7,51.9,52.4,48.5
2026-09-01,1.0103,0.9960,0.9962,1.0009,1.0209,1.0125,1.0028,0.9938,1.0057,1.0015,1.0033,0.9974,1.0863,1.0223,1.0331,1.0012,1.0566,1.0681,1.0047,0.9953,1.0200,1.0249,1.0052,0.9991,3353.41,5032.26,3968.98,2540.60,1908.93,1060.40,205.87,2569.33,1621.06,535.01,1.1889,0.6422,1.0464,1.4049,1.0192,0.5616,1.1475,0.1906,0.2357,0.3369,0.6144,0.6690,0.5884,0.5684,0.6166,0.7173,0.4958,0.6156,0.6681,0.6924,0.0103,0.0094,0.0104,0.0169,0.0170,0.0000,0.0577,0.0013,0.0099,0.0129,0.9810,0.9804,0.9907,0.9797,0.9813,1.0000,0.9674,1.0000,0.9750,1.0000,49.76,180.21,73.18,51.61,58.63,9.06,5.54,229.66,56.38,79.83,0.0000,0.0000,0.0000,0.0000,0.0000,0.0000,0.4556,0.0421,0.0000,0.0000,104304,74663,53998,54750,86225,66964,95775,572442,131417,91336,0,0,0,0,0,0,0,0,0,0,0.0000,0.0000,0.0000,0.0000,0.0000,0.0000,0.0782,0.0782,0.0000,0.0000,0,0,0,0,0,0,0,1,0,0,0,0,0,0,0,0,1,1,0,0,0.1241,0.0752,0.1356,0.0464,0.0881,0.0112,0.0714,0.0975,0.0021,0.1329,0.000,0.000,0.000,0.000,0.000,0.000,0.027,0.150,0.000,0.000,semi-presidential,parliamentary,parliamentary,parliamentary,parliamentary,semi-presidential,semi-presidential,electoral-authoritarian,electoral-authoritarian,parliamentary,0.800,0.801,0.800,0.800,0.800,0.800,0.800,0.500,0.500,0.800,54.0,38.8,46.6,48.9,51.8,54.5,52.2,54.6,58.4,51.1
2026-10-01,1.0096,0.9966,0.9908,0.9979,1.0220,1.0108,1.0016,0.9939,1.0030,1.0036,1.0013,0.9981,1.0874,1.0226,1.0264,0.9985,1.0505,1.0661,1.0035,0.9954,1.0169,1.0469,1.0032,0.9984,3360.89,5036.02,3974.85,2540.05,1914.64,1065.46,205.70,2576.81,1625.53,535.20,1.1883,0.6432,1.0462,1.4072,1.0184,0.5571,1.1502,0.1923,0.2354,0.3223,0.6253,0.6787,0.6148,0.5807,0.6307,0.7195,0.4983,0.6158,0.6690,0.6904,0.0103,0.0094,0.0096,0.0156,0.0154,0.0000,0.0612,0.0013,0.0098,0.0103,0.9811,0.9805,0.9907,0.9798,0.9814,1.0000,0.9672,1.0000,0.9753,1.0000,50.62,180.80,73.58,52.20,59.74,9.03,5.61,234.57,56.88,79.71,0.0000,0.0000,0.0000,0.0000,0.0000,0.0000,0.4598,0.0402,0.0000,0.0000,104304,74663,53998,54750,86225,66964,95775,572442,131417,91336,0,0,0,0,0,0,0,0,0,0,0.0000,0.0000,0.0000,0.0000,0.0000,0.0000,0.0874,0.0874,0.0000,0.0000,0,0,0,0,0,0,0,1,0,0,0,0,0,0,0,0,1,1,0,0,0.1251,0.0759,0.1366,0.0510,0.0890,0.0111,0.0721,0.0994,0.0028,0.1327,0.000,0.000,0.000,0.000,0.000,0.000,0.028,0.151,0.000,0.000,semi-presidential,parliamentary,parliamentary,parliamentary,parliamentary,semi-presidential,semi-presidential,electoral-authoritarian,electoral-authoritarian,parliamentary,0.800,0.800,0.800,0.800,0.800,0.800,0.800,0.500,0.500,0.800,57.0,41.4,48.9,51.1,54.7,57.6,54.8,57.3,62.1,53.8
2026-11-01,1.0093,0.9987,0.9868,0.9939,1.0219,1.0078,1.0022,0.9941,1.0001,1.0043,0.9981,1.0009,1.0895,1.0426,1.0229,0.9941,1.0462,1.0629,1.0646,1.0540,1.0143,1.0271,1.0003,1.0017,3372.68,5025.86,3977.83,2547.14,1914.88,1070.13,205.15,2574.81,1631.16,534.34,1.1859,0.6461,1.0468,1.4082,1.0205,0.5528,1.1556,0.1953,0.2349,0.3083,0.6325,0.6904,0.6336,0.6051,0.6371,0.7237,0.5030,0.6126,0.6582,0.6961,0.0175,0.0118,0.0157,0.0169,0.0197,0.0017,0.0659,0.0022,0.0120,0.0159,0.9659,0.9650,0.9829,0.9668,0.9683,0.9878,0.9659,1.0000,0.9635,1.0000,50.68,179.92,73.46,52.20,59.66,9.00,5.62,234.58,56.98,79.60,0.0000,0.0000,0.0000,0.0000,0.0000,0.0000,0.4608,0.0414,0.0000,0.0000,104304,74663,53998,54750,86225,66964,95775,572442,131417,91336,0,0,0,0,0,0,0,0,0,0,0.0000,0.0000,0.0000,0.0000,0.0000,0.0000,0.0989,0.0989,0.0000,0.0000,0,0,0,0,0,0,0,1,0,0,0,0,0,0,0,0,1,1,0,0,0.1270,0.0774,0.1386,0.0525,0.0908,0.0112,0.0684,0.0993,0.0041,0.1328,0.000,0.000,0.000,0.000,0.000,0.000,0.032,0.151,0.000,0.000,semi-presidential,parliamentary,parliamentary,parliamentary,parliamentary,semi-presidential,semi-presidential,electoral-authoritarian,electoral-authoritarian,parliamentary,0.800,0.800,0.800,0.800,0.800,0.800,0.800,0.500,0.500,0.800,60.1,44.1,51.2,57.8,57.8,60.7,58.1,60.6,65.6,56.5
2026-12-01,1.0102,1.0002,0.9853,0.9900,1.0634,1.0066,1.0042,0.9948,0.9984,1.0068,0.9954,1.0038,1.0896,1.0267,1.0207,0.9904,1.2210,1.0606,1.1081,1.0210,1.0117,1.0448,0.9976,1.0044,3379.14,5040.24,3980.46,2545.73,1913.57,1074.03,204.36,2572.22,1635.90,534.67,1.1848,0.6461,1.0474,1.4128,1.0209,0.5490,1.1669,0.1978,0.2346,0.2937,0.6360,0.6503,0.6381,0.6309,0.5973,0.7155,0.5139,0.6141,0.6808,0.6495,0.0148,0.0095,0.0258,0.0381,0.0456,0.0000,0.0667,0.0021,0.0102,0.0647,0.9810,0.9804,0.9907,0.9797,0.9813,1.0000,0.9674,1.0000,0.9751,1.0000,50.88,180.60,73.47,52.11,59.52,8.71,5.41,236.11,57.23,79.68,0.0000,0.0000,0.0000,0.0000,0.0000,0.0000,0.4603,0.0403,0.0000,0.0000,104304,74663,53998,54750,86225,66964,95775,572442,131417,91336,0,0,0,0,0,0,0,0,0,0,0.0000,0.0000,0.0000,0.0000,0.0000,0.0000,0.1081,0.1081,0.0000,0.0000,0,0,0,0,0,0,0,1,0,0,0,0,0,0,0,0,1,1,0,0,0.1291,0.0793,0.1406,0.0545,0.0927,0.0133,0.0787,0.1025,0.0060,0.1330,0.000,0.000,0.000,0.000,0.000,0.000,0.034,0.151,0.000,0.000,semi-presidential,parliamentary,parliamentary,parliamentary,parliamentary,semi-presidential,semi-presidential,electoral-authoritarian,electoral-authoritarian,parliamentary,0.800,0.773,0.800,0.800,0.800,0.800,0.787,0.500,0.500,0.800,62.4,47.5,53.6,59.2,62.9,63.8,55.9,63.3,69.4,59.1
2027-01-01,1.0099,1.0003,0.9848,0.9856,1.1100,1.0065,1.0063,0.9941,0.9989,1.0067,0.9924,1.0056,1.0909,1.0278,1.0303,0.9865,1.2380,1.0614,1.0239,0.9956,1.0234,1.0105,0.9942,1.0056,3390.88,5036.36,3992.85,2545.15,1909.65,1077.79,204.87,2567.66,1640.12,535.23,1.1819,0.6482,1.0460,1.4150,1.0252,0.5454,1.1662,0.2010,0.2343,0.2789,0.6412,0.6715,0.6720,0.6132,0.6177,0.7226,0.5276,0.6155,0.6753,0.6346,0.0119,0.0102,0.0192,0.0339,0.0380,0.0000,0.0602,0.0016,0.0110,0.0491,0.9802,0.9795,0.9903,0.9790,0.9807,1.0000,0.9682,1.0000,0.9742,1.0000,50.51,179.34,73.07,51.46,58.63,8.80,5.46,232.56,56.74,79.77,0.0000,0.0000,0.0000,0.0000,0.0000,0.0000,0.4602,0.0424,0.0000,0.0000,104304,74663,53998,54750,86225,66964,95775,572442,131417,91336,0,0,0,0,0,0,0,0,0,0,0.0000,0.0000,0.0000,0.0000,0.0000,0.0000,0.1196,0.1196,0.0000,0.0000,0,0,0,0,0,0,0,1,0,0,0,0,0,0,0,0,1,1,0,0,0.1287,0.0799,0.1399,0.0550,0.0927,0.0151,0.0828,0.1023,0.0111,0.1331,0.000,0.000,0.000,0.000,0.000,0.000,0.034,0.150,0.000,0.000,semi-presidential,parliamentary,parliamentary,parliamentary,parliamentary,semi-presidential,semi-presidential,electoral-authoritarian,electoral-authoritarian,parliamentary,0.800,0.783,0.800,0.800,0.800,0.800,0.798,0.500,0.500,0.800,65.6,50.1,56.8,62.7,65.9,66.9,59.4,66.6,73.1,61.5
2027-02-01,1.0122,1.0003,0.9860,0.9829,1.1393,1.0052,1.0070,0.9950,0.9988,1.0090,0.9892,1.0051,1.1521,1.0618,1.1038,1.0308,1.2375,1.0588,1.0155,1.0251,1.0119,1.0467,0.9913,1.0054,3396.96,5047.62,4005.21,2547.65,1911.65,1082.43,204.64,2567.68,1648.65,533.94,1.1807,0.6483,1.0442,1.4152,1.0263,0.5414,1.1732,0.2032,0.2334,0.2651,0.6422,0.6843,0.6662,0.6130,0.6174,0.7263,0.5298,0.6214,0.6843,0.6411,0.0259,0.0197,0.0428,0.0389,0.0435,0.0060,0.1000,0.0016,0.0233,0.0386,0.9501,0.9514,0.9747,0.9538,0.9524,0.9772,0.9624,1.0000,0.9535,1.0000,50.67,179.85,73.61,52.15,59.33,8.83,5.49,235.25,57.34,78.69,0.0000,0.0000,0.0000,0.0000,0.0000,0.0000,0.4589,0.0402,0.0000,0.0000,104304,74663,53998,54750,86225,66964,95775,572442,131417,91336,0,0,0,0,0,0,0,0,0,0,0.0000,0.0000,0.0000,0.0000,0.0000,0.0000,0.1288,0.1288,0.0000,0.0000,0,0,0,0,0,0,0,1,0,0,0,0,0,0,0,0,1,1,0,0,0.1196,0.0754,0.1322,0.0504,0.0848,0.0150,0.0837,0.1095,0.0103,0.1332,0.000,0.000,0.000,0.000,0.000,0.000,0.031,0.146,0.000,0.000,semi-presidential,parliamentary,parliamentary,parliamentary,parliamentary,semi-presidential,semi-presidential,electoral-authoritarian,electoral-authoritarian,parliamentary,0.800,0.793,0.800,0.800,0.800,0.800,0.800,0.500,0.500,0.800,68.8,52.8,59.3,66.2,68.8,70.1,62.3,69.3,76.9,64.0
2027-03-01,1.0151,1.0025,0.9880,0.9830,1.1533,1.0067,1.0072,0.9988,1.0005,1.0124,0.9887,1.0056,1.1657,1.0379,1.0648,1.0140,1.2225,1.0598,1.0091,1.1469,1.1001,1.0814,0.9926,1.0057,3401.30,5062.27,4015.75,2555.06,1918.88,1085.99,204.43,2573.74,1659.86,532.94,1.1799,0.6477,1.0430,1.4124,1.0246,0.5379,1.1760,0.2050,0.2322,0.2511,0.6319,0.6801,0.6553,0.6012,0.6310,0.7247,0.5251,0.6392,0.6832,0.6487,0.0260,0.0160,0.0401,0.0302,0.0386,0.0045,0.1062,0.0060,0.0205,0.0374,0.9736,0.9723,0.9869,0.9735,0.9755,0.9928,0.9672,1.0000,0.9696,1.0000,50.97,180.88,75.71,52.34,58.75,9.26,5.49,235.72,57.84,78.36,0.0000,0.0000,0.0000,0.0000,0.0000,0.0000,0.4609,0.0389,0.0000,0.0000,104304,74663,53998,54750,86225,66964,95775,572442,131417,91336,0,0,0,0,0,0,0,0,0,0,0.0000,0.0000,0.0000,0.0000,0.0000,0.0000,0.1380,0.1380,0.0000,0.0000,0,0,0,0,0,0,0,1,0,0,0,0,0,0,0,0,1,1,0,0,0.1362,0.0808,0.1469,0.0558,0.0940,0.0158,0.0861,0.1106,0.0113,0.1335,0.000,0.000,0.000,0.000,0.000,0.000,0.028,0.146,0.000,0.000,semi-presidential,parliamentary,parliamentary,parliamentary,parliamentary,semi-presidential,semi-presidential,electoral-authoritarian,electoral-authoritarian,parliamentary,0.800,0.800,0.800,0.800,0.800,0.800,0.800,0.500,0.500,0.800,71.9,55.4,61.8,69.6,71.9,73.2,65.2,72.1,80.7,66.5
2027-04-01,1.0172,1.0049,0.9887,0.9838,1.1605,1.0086,1.0069,1.0021,1.0021,1.0143,0.9885,1.0071,1.1270,1.0326,1.0394,1.0352,1.1956,1.1037,1.0088,1.0680,1.0365,1.0802,1.0092,1.0071,3418.69,5058.94,4025.90,2559.79,1921.31,1088.36,204.53,2583.27,1668.57,533.17,1.1744,0.6492,1.0419,1.4108,1.0255,0.5393,1.1778,0.2065,0.2313,0.2364,0.6322,0.6847,0.6691,0.6241,0.6498,0.7327,0.5208,0.6504,0.6823,0.6600,0.0177,0.0138,0.0334,0.0248,0.0230,0.0018,0.1023,0.0027,0.0142,0.0180,0.9802,0.9797,0.9904,0.9789,0.9805,1.0000,0.9676,1.0000,0.9742,1.0000,52.30,183.59,77.24,52.96,60.21,9.79,5.62,240.50,58.46,79.32,0.0000,0.0000,0.0000,0.0000,0.0000,0.0000,0.4604,0.0392,0.0000,0.0000,104304,74663,53998,54750,86225,66964,95775,572442,131417,91336,0,0,0,0,0,0,0,0,0,0,0.0000,0.0000,0.0000,0.0000,0.0000,0.0000,0.1472,0.1472,0.0000,0.0000,0,0,0,0,0,0,0,1,0,0,0,0,0,0,0,0,1,1,0,0,0.1372,0.0821,0.1475,0.0565,0.0996,0.0173,0.0874,0.1120,0.0124,0.1357,0.000,0.000,0.000,0.000,0.000,0.000,0.027,0.145,0.000,0.000,semi-presidential,parliamentary,parliamentary,parliamentary,parliamentary,semi-presidential,semi-presidential,electoral-authoritarian,electoral-authoritarian,parliamentary,0.800,0.800,0.800,0.800,0.800,0.800,0.800,0.500,0.500,0.800,76.4,58.1,64.4,62.6,75.0,76.0,68.1,74.9,84.5,69.0
2027-05-01,1.0204,1.0060,0.9918,0.9864,1.1585,1.0107,1.0063,1.0047,1.0029,1.0158,0.9909,1.0074,1.1312,1.0900,1.1733,1.0806,1.1831,1.0819,1.0079,1.0602,1.0433,1.0500,1.0572,1.0074,3421.87,5072.05,4040.19,2564.79,1922.75,1092.65,204.03,2588.23,1672.38,532.72,1.1782,0.6484,1.0397,1.4088,1.0268,0.5355,1.1822,0.2139,0.2311,0.2221,0.6395,0.6758,0.6599,0.6203,0.6521,0.7392,0.5020,0.6545,0.6647,0.6779,0.0341,0.0283,0.0463,0.0475,0.0366,0.0063,0.1021,0.0030,0.0307,0.0180,0.9303,0.9343,0.9646,0.9371,0.9320,0.9651,0.9586,1.0000,0.9399,1.0000,52.37,178.35,73.93,54.01,59.13,10.07,5.49,238.85,58.05,78.92,0.0000,0.0000,0.0000,0.0000,0.0000,0.0000,0.4607,0.0411,0.0000,0.0000,104304,74663,53998,54750,86225,66964,95775,572442,131417,91336,0,0,0,0,0,0,0,0,0,0,0.0000,0.0000,0.0000,0.0000,0.0000,0.0000,0.1587,0.1587,0.0000,0.0000,0,0,0,0,0,0,0,1,0,0,0,0,0,0,0,0,1,1,0,0,0.1340,0.0794,0.1440,0.0588,0.0973,0.0171,0.0808,0.1109,0.0120,0.1378,0.000,0.000,0.000,0.000,0.000,0.000,0.024,0.146,0.000,0.000,semi-presidential,parliamentary,parliamentary,parliamentary,parliamentary,semi-presidential,semi-presidential,electoral-authoritarian,electoral-authoritarian,parliamentary,0.800,0.800,0.800,0.800,0.800,0.800,0.800,0.500,0.500,0.800,100.0,60.7,66.8,66.2,78.2,79.2,71.5,78.5,88.1,71.6
2027-06-01,1.0238,1.0094,0.9940,0.9898,1.1519,1.0113,1.0062,1.0056,1.0043,1.0148,0.9950,1.0074,1.2025,1.0998,1.0809,1.0792,1.1762,1.0661,1.0421,1.0070,1.3397,1.0169,1.0969,1.0069,3424.71,5083.36,4048.51,2569.81,1926.85,1098.79,203.38,2595.85,1679.72,533.55,1.1767,0.6476,1.0399,1.4069,1.0267,0.5309,1.1871,0.2155,0.2305,0.2071,0.6306,0.6752,0.6684,0.6114,0.6559,0.7317,0.4946,0.6727,0.6713,0.6818,0.0325,0.0295,0.0465,0.0500,0.0432,0.0105,0.1138,0.0144,0.0367,0.0238,0.9244,0.9292,0.9617,0.9322,0.9261,0.9616,0.9577,1.0000,0.9358,1.0000,51.58,178.79,74.05,53.61,58.15,10.09,5.46,236.36,58.53,78.32,0.0000,0.0000,0.0000,0.0000,0.0000,0.0000,0.4601,0.0426,0.0000,0.0000,104304,74663,53998,54750,86225,66964,95775,572442,131417,91336,0,0,0,0,0,0,0,0,0,0,0.0000,0.0000,0.0000,0.0000,0.0000,0.0000,0.1679,0.1679,0.0000,0.0000,0,0,0,0,0,0,0,1,0,0,0,0,0,0,0,0,1,1,0,0,0.1325,0.0790,0.1429,0.0582,0.0963,0.0161,0.0728,0.1100,0.0114,0.1384,0.000,0.000,0.000,0.000,0.000,0.000,0.022,0.147,0.000,0.000,semi-presidential,parliamentary,parliamentary,parliamentary,parliamentary,semi-presidential,semi-presidential,electoral-authoritarian,electoral-authoritarian,parliamentary,0.800,0.800,0.800,0.800,0.800,0.800,0.800,0.500,0.500,0.800,100.0,63.3,69.2,69.6,81.3,82.4,74.2,81.6,91.8,74.2
2027-07-01,1.0280,1.0126,0.9967,0.9921,1.1372,1.0100,1.0076,1.0031,1.0104,1.0123,0.9998,1.0139,1.1936,1.1160,1.1950,1.0637,1.1631,1.0652,1.0093,1.0050,1.1255,1.0144,1.0920,1.0149,3429.31,5090.93,4043.95,2573.97,1930.34,1105.09,202.87,2598.93,1688.39,534.35,1.1756,0.6471,1.0470,1.4054,1.0270,0.5262,1.1910,0.2174,0.2296,0.1922,0.6358,0.6748,0.6637,0.6035,0.6553,0.7336,0.4834,0.6549,0.6771,0.6866,0.0393,0.0305,0.0495,0.0448,0.0445,0.0103,0.1047,0.0055,0.0381,0.0184,0.9130,0.9194,0.9559,0.9226,0.9144,0.9542,0.9556,1.0000,0.9280,1.0000,52.41,184.14,77.29,53.05,60.07,10.31,5.61,239.02,59.56,79.49,0.0000,0.0000,0.0000,0.0000,0.0000,0.0000,0.4601,0.0425,0.0000,0.0000,104304,74663,53998,54750,86225,66964,95775,572442,131417,91336,0,0,0,0,0,0,0,0,0,0,0.0000,0.0000,0.0000,0.0000,0.0000,0.0000,0.1771,0.1771,0.0000,0.0000,0,0,0,0,0,0,0,1,0,0,0,0,0,0,0,0,1,1,0,0,0.1423,0.0868,0.1537,0.0654,0.1049,0.0196,0.0686,0.1133,0.0157,0.1366,0.000,0.000,0.000,0.000,0.000,0.000,0.022,0.143,0.000,0.000,semi-presidential,parliamentary,parliamentary,parliamentary,parliamentary,semi-presidential,semi-presidential,electoral-authoritarian,electoral-authoritarian,parliamentary,0.800,0.800,0.800,0.800,0.800,0.800,0.800,0.500,0.500,0.800,86.4,65.9,71.0,73.0,84.5,85.6,76.8,84.5,95.6,76.9
2027-08-01,1.0310,1.0115,0.9984,0.9921,1.1225,1.0069,1.0084,1.0002,1.0119,1.0100,1.0012,1.0152,1.1726,1.0402,1.0356,1.0275,1.1462,1.0612,1.0362,1.0022,1.0260,1.0130,1.0029,1.0153,3443.55,5098.84,4067.86,2583.04,1936.25,1110.27,202.18,2603.70,1693.21,535.06,1.1700,0.6523,1.0419,1.4011,1.0297,0.5222,1.2001,0.2197,0.2293,0.1773,0.6427,0.7330,0.6755,0.6283,0.6556,0.7352,0.4712,0.6514,0.6805,0.6914,0.0152,0.0131,0.0276,0.0177,0.0186,0.0026,0.0966,0.0012,0.0125,0.0097,0.9796,0.9789,0.9901,0.9783,0.9800,1.0000,0.9689,1.0000,0.9736,1.0000,53.17,187.58,79.48,54.01,61.32,10.22,5.70,243.20,60.05,80.34,0.0000,0.0000,0.0000,0.0000,0.0000,0.0000,0.4602,0.0424,0.0000,0.0000,104304,74663,53998,54750,86225,66964,95775,572442,131417,91336,0,0,0,0,0,0,0,0,0,0,0.0000,0.0000,0.0000,0.0000,0.0000,0.0000,0.1886,0.1886,0.0000,0.0000,0,0,0,0,0,0,0,1,0,0,0,0,0,0,0,0,1,1,0,0,0.1436,0.0883,0.1549,0.0669,0.1060,0.0207,0.0730,0.1144,0.0167,0.1364,0.000,0.000,0.000,0.000,0.000,0.000,0.020,0.143,0.000,0.000,semi-presidential,parliamentary,parliamentary,parliamentary,parliamentary,semi-presidential,semi-presidential,electoral-authoritarian,electoral-authoritarian,parliamentary,0.800,0.800,0.800,0.800,0.800,0.800,0.800,0.500,0.500,0.800,89.3,70.7,73.6,76.6,30.0,88.8,80.0,88.1,99.3,79.5
2027-09-01,1.0334,1.0099,0.9981,0.9931,1.1082,1.0020,1.0094,0.9994,1.0118,1.0084,0.9994,1.0132,1.1213,1.0384,1.0434,1.0492,1.1334,1.0560,1.0383,1.0009,1.0255,1.0100,1.0009,1.0136,3442.48,5103.99,4075.23,2592.19,1937.01,1117.80,201.37,2607.56,1697.79,535.76,1.1696,0.6515,1.0408,1.3994,1.0309,0.5167,1.2055,0.2215,0.2290,0.1623,0.6325,0.7229,0.6751,0.6261,0.6581,0.7454,0.4713,0.6562,0.6975,0.6991,0.0124,0.0126,0.0261,0.0241,0.0158,0.0000,0.0819,0.0012,0.0108,0.0098,0.9800,0.9793,0.9903,0.9788,0.9805,1.0000,0.9694,1.0000,0.9741,1.0000,53.70,185.58,77.05,54.43,61.00,10.30,5.56,244.60,60.02,81.22,0.0000,0.0000,0.0000,0.0000,0.0000,0.0000,0.4593,0.0424,0.0000,0.0000,104304,74663,53998,54750,86225,66964,95775,572442,131417,91336,0,0,0,0,0,0,0,0,0,0,0.0000,0.0000,0.0000,0.0000,0.0000,0.0000,0.1978,0.1978,0.0000,0.0000,0,0,0,0,0,0,0,1,0,0,0,0,0,0,0,0,1,1,0,0,0.1264,0.0793,0.1357,0.0575,0.0930,0.0214,0.0646,0.1104,0.0139,0.1393,0.000,0.000,0.000,0.000,0.000,0.000,0.017,0.145,0.000,0.000,semi-presidential,parliamentary,parliamentary,parliamentary,parliamentary,semi-presidential,semi-presidential,electoral-authoritarian,electoral-authoritarian,parliamentary,0.800,0.800,0.800,0.800,0.800,0.800,0.800,0.500,0.500,0.800,92.1,73.5,76.2,67.5,32.9,100.0,82.4,91.0,100.0,82.2
2027-10-01,1.0317,1.0068,1.0017,0.9959,1.0923,0.9989,1.0112,0.9988,1.0118,1.0073,0.9997,1.0121,1.1113,1.0345,1.1667,1.0739,1.1187,1.0524,1.0651,1.0002,1.0360,1.0134,1.0141,1.0121,3443.26,5110.70,4080.76,2593.43,1941.66,1122.91,200.83,2614.85,1706.91,535.61,1.1687,0.6503,1.0400,1.3984,1.0299,0.5128,1.2093,0.2236,0.2283,0.1477,0.6293,0.7181,0.6683,0.6205,0.6650,0.7468,0.4735,0.6739,0.7096,0.7011,0.0214,0.0188,0.0346,0.0377,0.0247,0.0000,0.0702,0.0018,0.0194,0.0137,0.9802,0.9795,0.9904,0.9790,0.9808,1.0000,0.9694,1.0000,0.9743,1.0000,51.80,179.46,73.25,53.40,57.95,10.35,5.24,233.41,58.37,80.70,0.0000,0.0000,0.0000,0.0000,0.0000,0.0000,0.4591,0.0423,0.0000,0.0000,104304,74663,53998,54750,86225,66964,95775,572442,131417,91336,0,0,0,0,0,0,0,0,0,0,0.0000,0.0000,0.0000,0.0000,0.0000,0.0000,0.2093,0.2093,0.0000,0.0000,0,0,0,0,0,0,0,1,0,0,0,0,0,0,0,0,1,1,0,0,0.1350,0.0816,0.1457,0.0611,0.0995,0.0213,0.0645,0.1061,0.0140,0.1392,0.000,0.000,0.000,0.000,0.000,0.000,0.013,0.147,0.000,0.000,semi-presidential,parliamentary,parliamentary,parliamentary,parliamentary,semi-presidential,semi-presidential,electoral-authoritarian,electoral-authoritarian,parliamentary,0.800,0.800,0.800,0.800,0.800,0.800,0.800,0.500,0.500,0.800,94.9,76.4,78.7,100.0,35.8,100.0,85.5,94.8,100.0,85.0
2027-11-01,1.0279,1.0040,1.0041,0.9988,1.0777,0.9975,1.0117,0.9980,1.0130,1.0071,1.0015,1.0109,1.1071,1.0318,1.1344,1.0659,1.1013,1.0500,1.0133,0.9994,1.0753,1.0241,1.0700,1.0111,3442.44,5122.37,4088.86,2599.78,1950.64,1125.15,200.74,2609.49,1713.41,537.40,1.1685,0.6485,1.0382,1.3945,1.0267,0.5107,1.2101,0.2262,0.2279,0.1326,0.6254,0.7075,0.6719,0.6204,0.6713,0.7430,0.4658,0.6615,0.6993,0.6999,0.0191,0.0164,0.0328,0.0334,0.0232,0.0000,0.0714,0.0034,0.0177,0.0143,0.9802,0.9795,0.9904,0.9790,0.9808,1.0000,0.9691,1.0000,0.9743,1.0000,51.64,180.86,74.16,53.15,58.26,10.33,5.25,233.12,58.65,80.86,0.0000,0.0000,0.0000,0.0000,0.0000,0.0000,0.4591,0.0418,0.0000,0.0000,104304,74663,53998,54750,86225,66964,95775,572442,131417,91336,0,0,0,0,0,0,0,0,0,0,0.0000,0.0000,0.0000,0.0000,0.0000,0.0000,0.2185,0.2185,0.0000,0.0000,0,0,0,0,0,0,0,1,0,0,0,0,0,0,0,0,1,1,0,0,0.1321,0.0803,0.1421,0.0592,0.0970,0.0208,0.0662,0.1057,0.0132,0.1388,0.000,0.000,0.000,0.000,0.000,0.000,0.010,0.148,0.000,0.000,semi-presidential,parliamentary,parliamentary,parliamentary,parliamentary,semi-presidential,semi-presidential,electoral-authoritarian,electoral-authoritarian,parliamentary,0.800,0.800,0.800,0.800,0.800,0.800,0.800,0.500,0.500,0.800,97.7,79.2,81.2,100.0,38.8,30.0,88.0,97.7,100.0,87.7
2027-12-01,1.0257,1.0017,1.0045,1.0001,1.0660,0.9971,1.0104,0.9987,1.0129,1.0086,1.0016,1.0086,1.1010,1.0279,1.0522,1.0414,1.0901,1.0487,1.0124,1.0002,1.0266,1.0109,1.0032,1.0092,3441.36,5119.49,4088.39,2595.70,1953.82,1131.42,200.02,2613.15,1718.88,539.83,1.1725,0.6488,1.0384,1.3964,1.0265,0.5051,1.2147,0.2281,0.2277,0.1141,0.6229,0.6982,0.6595,0.6167,0.6694,0.7300,0.4662,0.6502,0.7179,0.7096,0.0109,0.0106,0.0237,0.0188,0.0145,0.0000,0.0683,0.0010,0.0100,0.0088,0.9816,0.9809,0.9910,0.9804,0.9821,1.0000,0.9689,1.0000,0.9761,1.0000,52.06,186.12,77.92,52.74,59.98,10.42,5.44,236.50,59.69,81.58,0.0000,0.0000,0.0000,0.0000,0.0000,0.0000,0.4591,0.0404,0.0000,0.0000,104304,74663,53998,54750,86225,66964,95775,572442,131417,91336,0,0,0,0,0,0,0,0,0,0,0.0000,0.0000,0.0000,0.0000,0.0000,0.0000,0.2277,0.2277,0.0000,0.0000,0,0,0,0,0,0,0,1,0,0,0,0,0,0,0,0,1,1,0,0,0.1199,0.0733,0.1222,0.0509,0.0829,0.0187,0.0636,0.1073,0.0108,0.1369,0.000,0.000,0.000,0.000,0.000,0.000,0.007,0.146,0.000,0.000,semi-presidential,parliamentary,parliamentary,parliamentary,parliamentary,semi-presidential,semi-presidential,electoral-authoritarian,electoral-authoritarian,parliamentary,0.800,0.800,0.800,0.800,0.800,0.800,0.800,0.500,0.500,0.800,100.0,81.9,83.7,100.0,41.7,34.3,90.4,100.0,100.0,91.3
2028-01-01,1.0235,0.9997,1.0055,0.9998,1.0563,0.9966,1.0091,1.0004,1.0120,1.0065,1.0002,1.0074,1.1040,1.0271,1.1517,1.0372,1.0821,1.0492,1.0113,1.0504,1.0260,1.0092,1.0021,1.0075,3444.66,5125.66,4097.71,2604.81,1958.90,1138.46,198.99,2616.95,1723.83,540.44,1.1712,0.6480,1.0359,1.3913,1.0254,0.5000,1.2209,0.2305,0.2275,0.1033,0.6076,0.6970,0.6504,0.6189,0.6688,0.7365,0.4624,0.6502,0.7007,0.6739,0.0205,0.0133,0.0334,0.0224,0.0234,0.0000,0.0726,0.0015,0.0171,0.0137,0.9805,0.9797,0.9905,0.9793,0.9811,1.0000,0.9689,1.0000,0.9746,1.0000,52.16,187.94,79.74,53.84,61.09,10.51,5.51,237.44,59.77,81.77,0.0000,0.0000,0.0000,0.0000,0.0000,0.0000,0.4593,0.0424,0.0000,0.0000,104304,74663,53998,54750,86225,66964,95775,572442,131417,91336,0,0,0,0,0,0,0,0,0,0,0.0000,0.0000,0.0000,0.0000,0.0000,0.0000,0.2392,0.2392,0.0000,0.0000,0,0,0,0,0,0,0,1,0,0,0,0,0,0,0,0,1,1,0,0,0.1336,0.0846,0.1378,0.0631,0.0987,0.0188,0.0650,0.1079,0.0111,0.1348,0.000,0.000,0.000,0.000,0.000,0.000,0.003,0.148,0.000,0.000,semi-presidential,parliamentary,parliamentary,parliamentary,parliamentary,semi-presidential,semi-presidential,electoral-authoritarian,electoral-authoritarian,parliamentary,0.800,0.800,0.800,0.800,0.800,0.800,0.800,0.500,0.500,0.843,100.0,84.6,86.1,100.0,44.7,37.3,93.4,100.0,100.0,100.0
2028-02-01,1.0217,0.9981,1.0058,1.0000,1.0479,0.9952,1.0085,1.0014,1.0113,1.0059,0.9976,1.0086,1.0996,1.0258,1.0429,1.0319,1.0718,1.0472,1.0105,1.0030,1.0251,1.0080,0.9997,1.0089,3452.11,5153.18,4104.88,2611.23,1966.12,1144.76,198.59,2616.35,1733.65,540.41,1.1685,0.6446,1.0339,1.3879,1.0229,0.4953,1.2233,0.2328,0.2268,0.0887,0.6150,0.7096,0.6559,0.6270,0.6740,0.7458,0.4638,0.6332,0.7049,0.6841,0.0105,0.0096,0.0234,0.0147,0.0142,0.0000,0.0677,0.0011,0.0101,0.0089,0.9804,0.9797,0.9905,0.9792,0.9809,1.0000,0.9687,1.0000,0.9745,1.0000,51.57,188.22,80.41,53.39,60.50,10.71,5.42,234.77,59.80,81.75,0.0000,0.0000,0.0000,0.0000,0.0000,0.0000,0.4593,0.0424,0.0000,0.0000,104304,74663,53998,54750,86225,66964,95775,572442,131417,91336,0,0,0,0,0,0,0,0,0,0,0.0000,0.0000,0.0000,0.0000,0.0000,0.0000,0.2484,0.2484,0.0000,0.0000,0,0,0,0,0,0,0,1,0,0,0,0,0,0,0,0,1,1,0,0,0.1448,0.0939,0.1495,0.0685,0.1074,0.0203,0.0682,0.1076,0.0126,0.1357,0.000,0.000,0.000,0.000,0.000,0.000,0.000,0.147,0.000,0.000,semi-presidential,parliamentary,parliamentary,parliamentary,parliamentary,semi-presidential,semi-presidential,electoral-authoritarian,electoral-authoritarian,parliamentary,0.800,0.800,0.800,0.800,0.800,0.800,0.800,0.500,0.500,0.833,100.0,87.4,88.6,100.0,47.7,40.4,95.8,100.0,100.0,100.0
2028-03-01,1.0210,0.9977,1.0055,1.0003,1.0399,0.9935,1.0059,1.0000,1.0103,1.0053,0.9955,1.0101,1.1019,1.0257,1.0428,1.0482,1.0640,1.0453,1.0078,1.0015,1.0239,1.0072,0.9970,1.0103,3471.22,5169.01,4115.97,2619.54,1971.46,1150.75,198.40,2621.63,1739.51,541.29,1.1619,0.6426,1.0309,1.3835,1.0211,0.4908,1.2244,0.2346,0.2265,0.0740,0.6352,0.7355,0.6723,0.6419,0.6836,0.7494,0.4826,0.6337,0.6871,0.6862,0.0107,0.0110,0.0235,0.0221,0.0145,0.0000,0.0695,0.0010,0.0103,0.0091,0.9800,0.9794,0.9903,0.9787,0.9804,1.0000,0.9679,1.0000,0.9739,1.0000,52.66,187.07,77.98,53.54,60.94,10.65,5.40,240.43,60.59,81.31,0.0000,0.0000,0.0000,0.0000,0.0000,0.0000,0.4593,0.0424,0.0000,0.0000,104304,74663,53998,54750,86225,66964,95775,572442,131417,91336,0,0,0,0,0,0,0,0,0,0,0.0000,0.0000,0.0000,0.0000,0.0000,0.0000,0.2576,0.2576,0.0000,0.0000,0,0,0,0,0,0,0,1,0,0,0,0,0,0,0,0,1,1,0,0,0.1456,0.0937,0.1503,0.0681,0.1085,0.0246,0.0699,0.1112,0.0170,0.1378,0.000,0.000,0.000,0.000,0.000,0.000,0.000,0.147,0.000,0.000,semi-presidential,parliamentary,parliamentary,parliamentary,parliamentary,semi-presidential,semi-presidential,electoral-authoritarian,electoral-authoritarian,parliamentary,0.800,0.800,0.800,0.800,0.800,0.800,0.800,0.500,0.500,0.823,100.0,90.3,91.1,100.0,50.7,43.6,98.3,100.0,100.0,100.0
2028-04-01,1.0214,0.9959,1.0063,0.9998,1.0322,0.9900,1.0030,0.9986,1.0070,1.0040,0.9949,1.0102,1.1031,1.0226,1.0534,0.9998,1.0569,1.0418,1.0052,1.0002,1.0209,1.0064,0.9965,1.0102,3481.27,5180.28,4129.09,2632.93,1974.85,1158.73,198.04,2633.83,1748.80,542.06,1.1586,0.6413,1.0274,1.3764,1.0202,0.4856,1.2266,0.2365,0.2258,0.0647,0.6505,0.7485,0.6770,0.6602,0.6879,0.7539,0.4816,0.6522,0.6870,0.6945,0.0114,0.0101,0.0099,0.0156,0.0152,0.0000,0.0596,0.0010,0.0105,0.0089,0.9811,0.9803,0.9908,0.9800,0.9818,1.0000,0.9695,1.0000,0.9754,1.0000,52.69,188.26,79.81,54.16,61.67,10.52,5.46,241.19,60.53,81.58,0.0000,0.0000,0.0000,0.0000,0.0000,0.0000,0.4593,0.0424,0.0000,0.0000,104304,74663,53998,54750,86225,66964,95775,572442,131417,91336,0,0,0,0,0,0,0,0,0,0,0.0000,0.0000,0.0000,0.0000,0.0000,0.0000,0.2691,0.2691,0.0000,0.0000,0,0,0,0,0,0,0,1,0,0,0,0,0,0,0,0,1,1,0,0,0.1450,0.0946,0.1508,0.0696,0.1084,0.0247,0.0687,0.1112,0.0172,0.1339,0.000,0.000,0.000,0.000,0.000,0.000,0.000,0.147,0.000,0.000,semi-presidential,parliamentary,parliamentary,parliamentary,parliamentary,semi-presidential,semi-presidential,electoral-authoritarian,electoral-authoritarian,parliamentary,0.800,0.800,0.800,0.800,0.800,0.800,0.800,0.500,0.500,0.816,100.0,93.4,93.7,100.0,53.8,46.7,100.0,100.0,100.0,100.0
2028-05-01,1.0243,0.9937,1.0058,0.9967,1.0267,0.9901,1.0015,0.9973,1.0038,1.0031,0.9947,1.0092,1.1529,1.0211,1.0441,0.9971,1.0499,1.0415,1.0387,0.9992,1.0179,1.0068,0.9965,1.0096,3499.63,5188.58,4140.05,2635.82,1979.82,1162.20,197.85,2634.02,1761.37,541.54,1.1526,0.6473,1.0247,1.3750,1.0182,0.4822,1.2279,0.2389,0.2248,0.0502,0.6605,0.7625,0.6860,0.6624,0.6871,0.7563,0.4722,0.6344,0.7333,0.6990,0.0146,0.0123,0.0122,0.0172,0.0181,0.0020,0.0837,0.0013,0.0119,0.0102,0.9805,0.9797,0.9905,0.9793,0.9810,1.0000,0.9686,1.0000,0.9746,1.0000,52.90,187.20,77.48,54.53,62.46,10.25,5.58,244.98,61.51,80.91,0.0000,0.0000,0.0000,0.0000,0.0000,0.0000,0.4583,0.0436,0.0000,0.0000,104304,74663,53998,54750,86225,66964,95775,572442,131417,91336,0,0,0,0,0,0,0,0,0,0,0.0000,0.0000,0.0000,0.0000,0.0000,0.0000,0.2783,0.2783,0.0000,0.0000,0,0,0,0,0,0,0,1,0,0,0,0,0,0,0,0,1,1,0,0,0.1198,0.0819,0.1234,0.0568,0.0886,0.0223,0.0706,0.1119,0.0142,0.1339,0.000,0.000,0.000,0.000,0.000,0.000,0.000,0.149,0.000,0.000,semi-presidential,parliamentary,parliamentary,parliamentary,parliamentary,semi-presidential,semi-presidential,electoral-authoritarian,electoral-authoritarian,parliamentary,0.800,0.800,0.800,0.800,0.800,0.800,0.800,0.500,0.500,0.806,100.0,96.1,96.2,100.0,56.8,49.9,100.0,100.0,100.0,100.0
2028-06-01,1.0273,0.9914,1.0049,0.9923,1.0211,0.9896,1.0038,0.9953,1.0019,1.0027,0.9939,1.0083,1.1855,1.0195,1.0434,0.9932,1.0449,1.0412,1.1052,0.9969,1.0155,1.0064,1.0337,1.0084,3513.47,5207.85,4128.29,2650.69,1986.55,1169.54,197.50,2645.26,1767.96,541.25,1.1481,0.6449,1.0276,1.3673,1.0150,0.4774,1.2302,0.2403,0.2245,0.0357,0.6571,0.7620,0.6772,0.6612,0.6822,0.7561,0.4736,0.6500,0.7287,0.6950,0.0199,0.0142,0.0168,0.0188,0.0223,0.0035,0.0872,0.0019,0.0134,0.0145,0.9800,0.9792,0.9903,0.9788,0.9806,1.0000,0.9687,1.0000,0.9740,1.0000,52.42,185.90,76.19,54.06,61.93,10.05,5.53,243.47,61.37,80.36,0.0000,0.0000,0.0000,0.0000,0.0000,0.0000,0.4583,0.0436,0.0000,0.0000,104304,74663,53998,54750,86225,66964,95775,572442,131417,91336,0,0,0,0,0,0,0,0,0,0,0.0000,0.0000,0.0000,0.0000,0.0000,0.0000,0.2875,0.2875,0.0000,0.0000,0,0,0,0,0,0,0,1,0,0,0,0,0,0,0,0,1,1,0,0,0.1325,0.0876,0.1378,0.0628,0.0987,0.0223,0.0679,0.1115,0.0149,0.1341,0.000,0.000,0.000,0.000,0.000,0.000,0.000,0.150,0.000,0.000,semi-presidential,parliamentary,parliamentary,parliamentary,parliamentary,semi-presidential,semi-presidential,electoral-authoritarian,electoral-authoritarian,parliamentary,0.800,0.800,0.800,0.800,0.800,0.800,0.800,0.500,0.500,0.800,100.0,99.2,98.8,100.0,59.8,53.1,100.0,100.0,100.0,100.0
2028-07-01,1.0294,0.9888,1.0061,0.9884,1.0150,0.9872,1.0062,0.9929,0.9999,1.0011,0.9968,1.0084,1.1147,1.0167,1.1005,0.9885,1.0402,1.0388,1.0757,0.9946,1.0135,1.0046,1.0736,1.0086,3518.67,5213.06,4141.58,2658.80,1995.73,1175.49,196.52,2649.25,1769.71,541.26,1.1464,0.6443,1.0244,1.3632,1.0105,0.4731,1.2365,0.2429,0.2244,0.0211,0.6531,0.7641,0.6460,0.6627,0.6791,0.7585,0.4794,0.6563,0.7262,0.6969,0.0194,0.0119,0.0186,0.0192,0.0217,0.0000,0.0645,0.0019,0.0130,0.0157,0.9800,0.9792,0.9903,0.9788,0.9807,1.0000,0.9687,1.0000,0.9741,1.0000,52.99,185.90,76.06,54.33,62.33,10.01,5.46,245.24,61.20,81.27,0.0000,0.0000,0.0000,0.0000,0.0000,0.0000,0.4583,0.0437,0.0000,0.0000,104304,74663,53998,54750,86225,66964,95775,572442,131417,91336,0,0,0,0,0,0,0,0,0,0,0.0000,0.0000,0.0000,0.0000,0.0000,0.0000,0.2990,0.2990,0.0000,0.0000,0,0,0,0,0,0,0,1,0,0,0,0,0,0,0,0,1,1,0,0,0.1435,0.0926,0.1493,0.0679,0.1070,0.0231,0.0696,0.1117,0.0161,0.1340,0.000,0.000,0.000,0.000,0.000,0.000,0.000,0.151,0.000,0.000,semi-presidential,parliamentary,parliamentary,parliamentary,parliamentary,semi-presidential,semi-presidential,electoral-authoritarian,electoral-authoritarian,parliamentary,0.800,0.800,0.800,0.800,0.800,0.800,0.800,0.500,0.500,0.800,100.0,100.0,100.0,100.0,62.8,56.3,100.0,100.0,100.0,100.0
2028-08-01,1.0322,0.9865,1.0091,0.9855,1.0068,0.9866,1.0091,0.9922,0.9990,0.9985,0.9968,1.0099,1.2058,1.0146,1.1506,0.9859,1.0311,1.0370,1.1915,0.9936,1.0122,1.0019,0.9986,1.0100,3523.43,5237.68,4151.74,2668.82,2007.17,1182.29,196.45,2657.91,1781.98,541.32,1.1450,0.6413,1.0220,1.3571,1.0046,0.4686,1.2370,0.2447,0.2233,0.0066,0.6647,0.7580,0.6571,0.6616,0.6874,0.7531,0.4753,0.6436,0.7128,0.7016,0.0291,0.0185,0.0262,0.0267,0.0313,0.0043,0.0888,0.0022,0.0181,0.0182,0.9800,0.9792,0.9903,0.9788,0.9806,1.0000,0.9686,1.0000,0.9740,1.0000,52.07,185.01,75.61,53.94,61.93,9.87,5.44,242.99,61.08,80.00,0.0000,0.0000,0.0000,0.0000,0.0000,0.0000,0.4582,0.0438,0.0000,0.0000,104304,74663,53998,54750,86225,66964,95775,572442,131417,91336,0,0,0,0,0,0,0,0,0,0,0.0000,0.0000,0.0000,0.0000,0.0000,0.0000,0.2682,0.3082,0.0000,0.0000,0,0,0,0,0,0,0,1,0,0,0,0,0,0,0,0,1,1,0,0,0.1440,0.0931,0.1502,0.0686,0.1078,0.0232,0.0659,0.1225,0.0166,0.1341,0.000,0.000,0.000,0.000,0.000,0.000,0.000,0.140,0.000,0.000,semi-presidential,parliamentary,parliamentary,parliamentary,parliamentary,semi-presidential,semi-presidential,electoral-authoritarian,electoral-authoritarian,parliamentary,0.800,0.800,0.800,0.800,0.800,0.800,0.800,0.500,0.500,0.800,100.0,100.0,100.0,100.0,65.9,59.4,100.0,100.0,100.0,100.0
2028-09-01,1.0354,0.9839,1.0093,0.9836,0.9981,0.9901,1.0113,0.9918,0.9992,0.9960,0.9957,1.0113,1.1297,1.0117,1.0480,0.9840,1.0230,1.1289,1.0584,0.9931,1.0204,0.9986,0.9975,1.0116,3543.90,5244.62,4161.91,2683.26,2016.79,1186.80,196.02,2667.94,1805.43,542.57,1.1384,0.6405,1.0236,1.3499,0.9997,0.4695,1.2398,0.2471,0.2214,-0.0080,0.6651,0.7518,0.6730,0.6709,0.6955,0.7625,0.4722,0.6459,0.7093,0.6944,0.0141,0.0121,0.0134,0.0172,0.0173,0.0011,0.0831,0.0017,0.0116,0.0109,0.9799,0.9791,0.9902,0.9787,0.9805,1.0000,0.9682,1.0000,0.9739,1.0000,53.87,187.34,76.40,55.35,63.63,9.98,5.46,251.47,62.72,81.38,0.0000,0.0000,0.0000,0.0000,0.0000,0.0000,0.4582,0.0438,0.0000,0.0000,104304,74663,53998,54750,86225,66964,95775,572442,131417,91336,0,0,0,0,0,0,0,0,0,0,0.0000,0.0000,0.0000,0.0000,0.0000,0.0000,0.2797,0.3197,0.0000,0.0000,0,0,0,0,0,0,0,1,0,0,0,0,0,0,0,0,1,1,0,0,0.1452,0.0943,0.1517,0.0699,0.1092,0.0243,0.0668,0.1231,0.0176,0.1341,0.000,0.000,0.000,0.000,0.000,0.000,0.000,0.139,0.000,0.000,semi-presidential,parliamentary,parliamentary,parliamentary,parliamentary,semi-presidential,semi-presidential,electoral-authoritarian,electoral-authoritarian,parliamentary,0.800,0.800,0.800,0.800,0.800,0.800,0.800,0.500,0.500,0.800,100.0,100.0,100.0,100.0,69.0,56.7,100.0,100.0,100.0,100.0
2028-10-01,1.0369,0.9816,1.0085,0.9839,0.9925,0.9937,1.0154,0.9937,0.9998,0.9966,0.9950,1.0104,1.1237,1.0095,1.0466,1.0356,1.0160,1.0444,1.1277,1.0631,1.0127,1.0084,0.9973,1.0107,3548.45,5256.74,4172.72,2688.23,2025.73,1192.55,195.60,2677.26,1818.19,542.76,1.1370,0.6391,1.0210,1.3475,0.9953,0.4654,1.2425,0.2487,0.2204,-0.0226,0.6555,0.7626,0.6941,0.6724,0.6997,0.7646,0.4660,0.6528,0.7020,0.6965,0.0178,0.0118,0.0331,0.0238,0.0195,0.0000,0.0783,0.0024,0.0110,0.0176,0.9799,0.9791,0.9902,0.9787,0.9806,1.0000,0.9682,1.0000,0.9739,1.0000,53.88,187.89,78.39,55.32,62.85,10.27,5.37,249.97,62.40,81.29,0.0000,0.0000,0.0000,0.0000,0.0000,0.0000,0.4580,0.0434,0.0000,0.0000,104304,74663,53998,54750,86225,66964,95775,572442,131417,91336,0,0,0,0,0,0,0,0,0,0,0.0000,0.0000,0.0000,0.0000,0.0000,0.0000,0.2889,0.3289,0.0000,0.0000,0,0,0,0,0,0,0,1,0,0,0,0,0,0,0,0,1,1,0,0,0.1265,0.0843,0.1300,0.0597,0.0940,0.0275,0.0678,0.1196,0.0183,0.1376,0.000,0.000,0.000,0.000,0.000,0.000,0.000,0.140,0.000,0.000,semi-presidential,parliamentary,parliamentary,parliamentary,parliamentary,semi-presidential,semi-presidential,electoral-authoritarian,electoral-authoritarian,parliamentary,0.800,0.800,0.800,0.800,0.800,0.800,0.800,0.500,0.500,0.800,100.0,100.0,100.0,100.0,72.1,59.9,100.0,100.0,100.0,100.0
2028-11-01,1.0359,0.9816,1.0067,0.9869,0.9883,0.9953,1.0165,0.9942,1.0034,0.9984,0.9982,1.0077,1.1146,1.0080,1.0428,1.0475,1.0117,1.0445,1.0181,0.9956,1.1670,1.0304,1.1116,1.0081,3536.20,5260.85,4162.60,2689.62,2033.54,1199.81,195.07,2681.56,1824.90,544.34,1.1410,0.6386,1.0267,1.3469,0.9915,0.4607,1.2461,0.2537,0.2201,-0.0370,0.6443,0.7465,0.6493,0.6559,0.6790,0.7598,0.4644,0.6530,0.6999,0.6962,0.0137,0.0121,0.0292,0.0310,0.0206,0.0000,0.0782,0.0076,0.0153,0.0173,0.9810,0.9804,0.9908,0.9797,0.9813,1.0000,0.9670,1.0000,0.9750,1.0000,53.39,185.07,75.31,55.71,61.33,10.55,5.20,246.48,62.68,81.24,0.0000,0.0000,0.0000,0.0000,0.0000,0.0000,0.4573,0.0409,0.0000,0.0000,104304,74663,53998,54750,86225,66964,95775,572442,131417,91336,0,0,0,0,0,0,0,0,0,0,0.0000,0.0000,0.0000,0.0000,0.0000,0.0000,0.2981,0.3381,0.0000,0.0000,0,0,0,0,0,0,0,1,0,0,0,0,0,0,0,0,1,1,0,0,0.1214,0.0803,0.1238,0.0558,0.0892,0.0259,0.0666,0.1168,0.0165,0.1378,0.000,0.000,0.000,0.000,0.000,0.000,0.000,0.143,0.000,0.000,semi-presidential,parliamentary,parliamentary,parliamentary,parliamentary,semi-presidential,semi-presidential,electoral-authoritarian,electoral-authoritarian,parliamentary,0.800,0.800,0.800,0.800,0.800,0.800,0.800,0.500,0.500,0.800,100.0,100.0,100.0,100.0,75.1,63.1,100.0,100.0,100.0,100.0
2028-12-01,1.0361,0.9833,1.0037,0.9916,0.9863,0.9971,1.0156,0.9933,1.0073,0.9978,1.0002,1.0060,1.1212,1.0683,1.0428,1.0628,1.0099,1.0480,1.0173,1.0553,1.0975,0.9988,1.0489,1.0060,3543.42,5265.52,4178.39,2693.83,2035.80,1202.62,194.94,2697.99,1832.79,545.48,1.1387,0.6381,1.0230,1.3449,0.9905,0.4585,1.2470,0.2549,0.2197,-0.0515,0.6416,0.7298,0.6429,0.6449,0.6608,0.7517,0.4699,0.6370,0.6837,0.6962,0.0226,0.0202,0.0340,0.0398,0.0269,0.0050,0.0783,0.0048,0.0192,0.0165,0.9291,0.9330,0.9641,0.9354,0.9307,0.9641,0.9573,1.0000,0.9370,1.0000,53.73,184.99,74.95,56.59,61.75,10.57,5.22,249.10,63.39,81.30,0.0000,0.0000,0.0000,0.0000,0.0000,0.0000,0.4581,0.0439,0.0000,0.0000,104304,74663,53998,54750,86225,66964,95775,572442,131417,91336,0,0,0,0,0,0,0,0,0,0,0.0000,0.0000,0.0000,0.0000,0.0000,0.0000,0.3096,0.3496,0.0000,0.0000,0,0,0,0,0,0,0,1,0,0,0,0,0,0,0,0,1,1,0,0,0.1400,0.0887,0.1446,0.0644,0.1037,0.0275,0.0761,0.1182,0.0234,0.1379,0.000,0.000,0.000,0.000,0.000,0.000,0.000,0.145,0.000,0.000,semi-presidential,parliamentary,parliamentary,parliamentary,parliamentary,semi-presidential,semi-presidential,electoral-authoritarian,electoral-authoritarian,parliamentary,0.800,0.800,0.800,0.800,0.800,0.800,0.800,0.500,0.500,0.800,100.0,100.0,100.0,100.0,78.0,65.0,100.0,100.0,100.0,100.0
2029-01-01,1.0354,0.9862,1.0013,0.9949,0.9857,0.9979,1.0146,0.9950,1.0091,0.9961,1.0015,1.0062,1.1193,1.0370,1.0398,1.0311,1.0090,1.0490,1.0297,1.0162,1.0430,0.9976,1.0260,1.0064,3556.48,5283.19,4186.13,2697.51,2042.18,1213.59,194.88,2710.89,1845.50,545.64,1.1346,0.6360,1.0214,1.3432,0.9914,0.4508,1.2475,0.2557,0.2187,-0.0661,0.6483,0.7269,0.6453,0.6357,0.6888,0.7599,0.4738,0.6271,0.7060,0.6913,0.0159,0.0135,0.0265,0.0221,0.0197,0.0020,0.0707,0.0022,0.0134,0.0119,0.9592,0.9601,0.9796,0.9611,0.9605,0.9855,0.9633,1.0000,0.9591,1.0000,53.80,189.77,80.20,55.92,62.04,10.81,5.23,248.66,63.47,81.67,0.0000,0.0000,0.0000,0.0000,0.0000,0.0000,0.4581,0.0439,0.0000,0.0000,104304,74663,53998,54750,86225,66964,95775,572442,131417,91336,0,0,0,0,0,0,0,0,0,0,0.0000,0.0000,0.0000,0.0000,0.0000,0.0000,0.3188,0.3588,0.0000,0.0000,0,0,0,0,0,0,0,1,0,0,0,0,0,0,0,0,1,1,0,0,0.1426,0.0910,0.1477,0.0662,0.1057,0.0283,0.0794,0.1195,0.0240,0.1369,0.000,0.000,0.000,0.000,0.000,0.000,0.000,0.145,0.000,0.000,semi-presidential,parliamentary,parliamentary,parliamentary,parliamentary,semi-presidential,semi-presidential,electoral-authoritarian,electoral-authoritarian,parliamentary,0.800,0.800,0.800,0.800,0.800,0.800,0.800,0.500,0.500,0.800,100.0,100.0,100.0,100.0,77.3,71.3,100.0,100.0,100.0,100.0
2029-02-01,1.0333,0.9878,1.0030,0.9965,0.9857,0.9952,1.0138,0.9953,1.0110,0.9936,1.0018,1.0039,1.1176,1.0417,1.1769,1.0599,1.0157,1.0467,1.0156,1.0321,1.0568,0.9944,1.0032,1.0040,3556.00,5294.20,4172.49,2703.46,2044.16,1217.24,194.36,2712.32,1859.28,544.98,1.1349,0.6345,1.0250,1.3445,0.9905,0.4477,1.2509,0.2575,0.2176,-0.0808,0.6406,0.7134,0.6200,0.6555,0.6718,0.7636,0.4816,0.6381,0.6936,0.6923,0.0253,0.0205,0.0363,0.0396,0.0310,0.0023,0.0712,0.0026,0.0239,0.0156,0.9564,0.9578,0.9781,0.9588,0.9575,0.9838,0.9628,1.0000,0.9574,1.0000,54.03,188.48,78.54,55.69,61.87,10.85,5.17,248.91,64.05,81.38,0.0000,0.0000,0.0000,0.0000,0.0000,0.0000,0.4581,0.0440,0.0000,0.0000,104304,74663,53998,54750,86225,66964,95775,572442,131417,91336,0,0,0,0,0,0,0,0,0,0,0.0000,0.0000,0.0000,0.0000,0.0000,0.0000,0.3280,0.3680,0.0000,0.0000,0,0,0,0,0,0,0,1,0,0,0,0,0,0,0,0,1,1,0,0,0.1138,0.0760,0.1159,0.0513,0.0829,0.0240,0.0750,0.1162,0.0184,0.1380,0.000,0.000,0.000,0.000,0.000,0.000,0.000,0.147,0.000,0.000,semi-presidential,parliamentary,parliamentary,parliamentary,parliamentary,semi-presidential,semi-presidential,electoral-authoritarian,electoral-authoritarian,parliamentary,0.800,0.800,0.800,0.800,0.800,0.800,0.800,0.500,0.500,0.800,100.0,100.0,100.0,98.6,80.3,74.6,100.0,100.0,100.0,100.0
2029-03-01,1.0342,0.9884,1.0049,0.9990,0.9863,0.9932,1.0123,0.9972,1.0104,0.9912,1.0025,1.0002,1.1243,1.0170,1.0998,1.0528,1.0164,1.0438,1.0139,1.1095,1.0237,0.9919,1.0319,1.0003,3544.12,5285.41,4147.70,2703.67,2044.16,1217.24,193.54,2718.38,1871.57,545.31,1.1387,0.6356,1.0315,1.3445,0.9905,0.4477,1.2563,0.2587,0.2166,-0.0923,0.6165,0.7013,0.5827,0.6352,0.6718,0.7636,0.4843,0.6344,0.6984,0.6964,0.0213,0.0146,0.0337,0.0326,0.0249,0.0000,0.0847,0.0022,0.0142,0.0194,0.9791,0.9785,0.9899,0.9778,0.9795,1.0000,0.9675,1.0000,0.9728,1.0000,54.88,191.03,79.61,56.64,63.46,11.01,5.25,254.82,64.97,81.61,0.0000,0.0000,0.0000,0.0000,0.0000,0.0000,0.4581,0.0440,0.0000,0.0000,104304,74663,53998,54750,86225,66964,95775,572442,131417,91336,0,0,0,0,0,0,0,0,0,0,0.0000,0.0000,0.0000,0.0000,0.0000,0.0000,0.3372,0.3772,0.0000,0.0000,0,0,0,0,0,0,0,1,0,0,0,0,0,0,0,0,1,1,0,0,0.1007,0.0692,0.1016,0.0440,0.0724,0.0213,0.0717,0.1151,0.0150,0.1381,0.000,0.000,0.000,0.000,0.000,0.000,0.000,0.150,0.000,0.000,semi-presidential,parliamentary,parliamentary,parliamentary,parliamentary,semi-presidential,semi-presidential,electoral-authoritarian,electoral-authoritarian,parliamentary,0.800,0.800,0.800,0.800,0.800,0.800,0.800,0.500,0.500,0.800,100.0,30.0,100.0,100.0,80.3,74.6,100.0,100.0,100.0,100.0
2029-04-01,1.0339,0.9895,1.0067,1.0014,0.9868,0.9926,1.0117,1.0004,1.0082,0.9904,1.0030,0.9975,1.1183,1.0389,1.0444,1.0269,1.0251,1.0426,1.0221,1.0823,1.0219,1.0147,1.0109,0.9977,3546.25,5295.75,4152.27,2708.23,2043.57,1227.56,193.53,2735.34,1881.46,546.89,1.1382,0.6342,1.0307,1.3424,0.9908,0.4404,1.2564,0.2593,0.2160,-0.1115,0.6080,0.6979,0.5747,0.6188,0.6391,0.7659,0.4751,0.6493,0.6923,0.6924,0.0179,0.0125,0.0303,0.0206,0.0238,0.0019,0.0723,0.0020,0.0127,0.0188,0.9606,0.9613,0.9803,0.9623,0.9620,0.9865,0.9639,1.0000,0.9599,1.0000,54.08,192.65,81.39,55.73,63.05,11.30,5.21,251.44,64.90,82.23,0.0000,0.0000,0.0000,0.0000,0.0000,0.0000,0.4575,0.0429,0.0000,0.0000,104304,74663,53998,54750,86225,66964,95775,572442,131417,91336,0,0,0,0,0,0,0,0,0,0,0.0000,0.0000,0.0000,0.0000,0.0000,0.0000,0.3487,0.3887,0.0000,0.0000,0,0,0,0,0,0,0,1,0,0,0,0,0,0,0,0,1,1,0,0,0.1187,0.0774,0.1215,0.0519,0.0857,0.0219,0.0732,0.1129,0.0164,0.1359,0.000,0.000,0.000,0.000,0.000,0.000,0.000,0.153,0.000,0.000,semi-presidential,parliamentary,parliamentary,parliamentary,parliamentary,semi-presidential,semi-presidential,electoral-authoritarian,electoral-authoritarian,parliamentary,0.800,0.800,0.800,0.800,0.800,0.800,0.800,0.500,0.500,0.800,100.0,32.9,100.0,100.0,85.8,81.0,100.0,100.0,100.0,100.0
2029-05-01,1.0349,0.9908,1.0059,1.0026,0.9867,1.0280,1.0115,1.0013,1.0169,0.9923,1.0026,0.9971,1.1252,1.0470,1.0677,1.0506,1.0119,2.8429,1.0132,1.0244,1.5144,1.0683,1.0426,0.9972,3552.00,5317.40,4146.64,2720.29,2053.77,1234.15,193.39,2745.50,1890.94,548.59,1.1362,0.6317,1.0325,1.3365,0.9858,0.4363,1.2572,0.2602,0.2155,-0.1257,0.5955,0.6751,0.5645,0.6130,0.6163,0.7579,0.4598,0.6324,0.6562,0.7082,0.0510,0.0485,0.0685,0.0678,0.0614,0.0199,0.1144,0.0210,0.0409,0.0256,0.9540,0.9558,0.9768,0.9572,0.9553,0.9810,0.9621,1.0000,0.9568,1.0000,55.91,192.75,81.39,56.53,64.11,11.33,5.40,259.84,66.99,82.01,0.0000,0.0000,0.0000,0.0000,0.0000,0.0000,0.4561,0.0402,0.0000,0.0000,104304,74663,53998,54750,86225,66964,95775,572442,131417,91336,0,0,0,0,0,0,0,0,0,0,0.0000,0.0000,0.0000,0.0000,0.0000,0.0000,0.3579,0.3979,0.0000,0.0000,0,0,0,0,0,0,0,1,0,0,0,0,0,0,0,0,1,1,0,0,0.1363,0.0853,0.1403,0.0597,0.0986,0.0234,0.0753,0.1190,0.0183,0.1385,0.000,0.000,0.000,0.000,0.000,0.000,0.000,0.154,0.000,0.000,semi-presidential,parliamentary,parliamentary,parliamentary,parliamentary,semi-presidential,semi-presidential,electoral-authoritarian,electoral-authoritarian,parliamentary,0.800,0.800,0.800,0.800,0.800,0.800,0.800,0.500,0.500,0.800,108.0,35.6,100.0,100.0,88.5,84.2,100.0,100.0,100.0,100.0
2029-06-01,1.0360,0.9929,1.0024,1.0045,0.9872,1.0806,1.0098,1.0021,1.0261,0.9944,1.0011,0.9981,1.1183,1.0751,1.0404,1.0456,1.0098,2.2663,1.0116,1.0151,1.1710,1.0307,1.0027,0.9985,3557.30,5329.95,4163.81,2732.88,2055.92,1240.84,192.71,2757.82,1895.03,550.41,1.1345,0.6303,1.0284,1.3305,0.9848,0.4322,1.2618,0.2612,0.2155,-0.1399,0.5947,0.6807,0.5885,0.6028,0.6307,0.7534,0.4653,0.6204,0.6623,0.7056,0.0379,0.0379,0.0479,0.0489,0.0404,0.0155,0.0759,0.0065,0.0253,0.0129,0.9316,0.9356,0.9654,0.9378,0.9330,0.9662,0.9581,1.0000,0.9397,1.0000,56.27,199.26,84.15,56.50,64.61,11.97,5.57,258.73,67.65,83.61,0.0000,0.0000,0.0000,0.0000,0.0000,0.0000,0.4574,0.0421,0.0000,0.0000,104304,74663,53998,54750,86225,66964,95775,572442,131417,91336,0,0,0,0,0,0,0,0,0,0,0.0000,0.0000,0.0000,0.0000,0.0000,0.0000,0.3694,0.4094,0.0000,0.0000,0,0,0,0,0,0,0,1,0,0,0,0,0,0,0,0,1,1,0,0,0.1373,0.0869,0.1411,0.0605,0.1000,0.0280,0.0751,0.1145,0.0192,0.1391,0.000,0.000,0.000,0.000,0.000,0.000,0.000,0.153,0.000,0.000,semi-presidential,parliamentary,parliamentary,parliamentary,parliamentary,semi-presidential,semi-presidential,electoral-authoritarian,electoral-authoritarian,parliamentary,0.800,0.800,0.800,0.800,0.800,0.800,0.800,0.500,0.500,0.800,100.0,38.4,100.0,100.0,91.2,87.4,100.0,100.0,100.0,100.0
2029-07-01,1.0353,0.9963,0.9966,1.0042,0.9885,1.1110,1.0079,1.0029,1.0265,0.9939,0.9991,0.9974,1.1201,1.1195,1.0345,1.0287,1.0262,1.7663,1.0099,1.0423,1.0414,1.0034,1.0010,0.9976,3570.06,5333.85,4176.12,2741.46,2058.76,1246.38,192.98,2758.39,1901.70,548.11,1.1305,0.6299,1.0251,1.3264,0.9835,0.4310,1.2601,0.2629,0.2153,-0.1553,0.6045,0.6807,0.6011,0.6100,0.6248,0.7496,0.4740,0.6197,0.6753,0.7089,0.0343,0.0318,0.0405,0.0379,0.0376,0.0143,0.0739,0.0015,0.0223,0.0152,0.8968,0.9036,0.9479,0.9068,0.8984,0.9405,0.9529,1.0000,0.9108,1.0000,56.88,201.33,86.23,58.17,65.70,12.01,5.71,261.97,67.87,83.71,0.0000,0.0000,0.0000,0.0000,0.0000,0.0000,0.4580,0.0434,0.0000,0.0000,104304,74663,53998,54750,86225,66964,95775,572442,131417,91336,0,0,0,0,0,0,0,0,0,0,0.0000,0.0000,0.0000,0.0000,0.0000,0.0000,0.3786,0.4186,0.0000,0.0000,0,0,0,0,0,0,0,1,0,0,0,0,0,0,0,0,1,1,0,0,0.1226,0.0805,0.1257,0.0545,0.0883,0.0262,0.0752,0.1138,0.0170,0.1361,0.000,0.000,0.000,0.000,0.000,0.000,0.000,0.153,0.000,0.000,semi-presidential,parliamentary,parliamentary,parliamentary,parliamentary,semi-presidential,semi-presidential,electoral-authoritarian,electoral-authoritarian,parliamentary,0.800,0.800,0.800,0.800,0.800,0.823,0.800,0.500,0.500,0.800,100.0,41.2,100.0,100.0,93.9,89.7,100.0,100.0,100.0,100.0
2029-08-01,1.0351,1.0009,0.9915,1.0035,0.9928,1.1283,1.0060,1.0036,1.0220,0.9931,0.9973,0.9958,1.1187,1.1005,1.0302,1.0271,1.0391,1.4944,1.0079,1.0052,1.0366,0.9954,0.9989,0.9959,3568.41,5329.54,4180.34,2749.75,2063.60,1253.91,192.71,2766.09,1907.04,548.46,1.1311,0.6305,1.0240,1.3225,0.9812,0.4268,1.2619,0.2688,0.2152,-0.1699,0.6044,0.6895,0.6018,0.6194,0.6353,0.7483,0.4787,0.6237,0.6674,0.7015,0.0248,0.0238,0.0323,0.0321,0.0321,0.0092,0.0697,0.0011,0.0184,0.0163,0.9165,0.9218,0.9579,0.9246,0.9180,0.9558,0.9563,1.0000,0.9278,1.0000,56.40,201.82,88.19,59.56,65.57,12.05,5.71,260.42,67.39,84.19,0.0000,0.0000,0.0000,0.0000,0.0000,0.0000,0.4582,0.0438,0.0000,0.0000,104304,74663,53998,54750,86225,66964,95775,572442,131417,91336,0,0,0,0,0,0,0,0,0,0,0.0000,0.0000,0.0000,0.0000,0.0000,0.0000,0.3878,0.4278,0.0000,0.0000,0,0,0,0,0,0,0,1,0,0,0,0,0,0,0,0,1,1,0,0,0.1254,0.0816,0.1290,0.0561,0.0902,0.0257,0.0753,0.1159,0.0166,0.1367,0.000,0.000,0.000,0.000,0.000,0.000,0.000,0.150,0.000,0.000,semi-presidential,parliamentary,parliamentary,parliamentary,parliamentary,semi-presidential,semi-presidential,electoral-authoritarian,electoral-authoritarian,parliamentary,0.800,0.800,0.800,0.800,0.800,0.813,0.800,0.500,0.500,0.800,100.0,44.0,100.0,100.0,96.6,92.8,100.0,100.0,100.0,100.0
2029-09-01,1.0332,1.0055,0.9898,1.0014,0.9942,1.1342,1.0041,1.0019,1.0177,0.9934,0.9970,0.9959,1.1115,1.1381,1.0363,1.0016,1.0211,1.1960,1.0062,1.0037,1.0321,1.0105,0.9986,0.9960,3575.82,5348.54,4173.93,2752.89,2071.59,1256.82,192.25,2771.58,1916.77,550.49,1.1287,0.6283,1.0254,1.3206,0.9774,0.4238,1.2650,0.2704,0.2146,-0.1909,0.6123,0.7037,0.6110,0.6146,0.6431,0.7508,0.4760,0.6312,0.6650,0.7100,0.0241,0.0216,0.0171,0.0274,0.0288,0.0091,0.0607,0.0012,0.0200,0.0097,0.8895,0.8972,0.9443,0.9006,0.8908,0.9348,0.9524,1.0000,0.9058,1.0000,55.87,200.39,85.58,59.47,65.52,11.86,5.74,259.77,67.67,84.67,0.0000,0.0000,0.0000,0.0000,0.0000,0.0000,0.4575,0.0428,0.0000,0.0000,104304,74663,53998,54750,86225,66964,95775,572442,131417,91336,0,0,0,0,0,0,0,0,0,0,0.0000,0.0000,0.0000,0.0000,0.0000,0.0000,0.3993,0.4393,0.0000,0.0000,0,0,0,0,0,0,0,1,0,0,0,0,0,0,0,0,1,1,0,0,0.1273,0.0880,0.1318,0.0573,0.0923,0.0256,0.0759,0.1179,0.0170,0.1364,0.000,0.000,0.000,0.000,0.000,0.000,0.000,0.150,0.000,0.000,semi-presidential,parliamentary,parliamentary,parliamentary,parliamentary,semi-presidential,semi-presidential,electoral-authoritarian,electoral-authoritarian,parliamentary,0.800,0.800,0.800,0.800,0.800,0.803,0.800,0.500,0.500,0.800,100.0,46.9,100.0,100.0,99.4,95.0,100.0,100.0,100.0,100.0
2029-10-01,1.0277,1.0092,0.9926,0.9980,0.9945,1.1301,1.0015,0.9993,1.0160,0.9944,0.9965,0.9978,1.1029,1.0865,1.1534,1.0006,1.0167,1.1921,1.0031,1.0011,1.0300,1.0295,0.9980,0.9983,3580.52,5355.78,4179.80,2764.63,2076.48,1262.35,192.27,2783.82,1929.01,550.73,1.1272,0.6307,1.0238,1.3149,0.9752,0.4240,1.2650,0.2709,0.2138,-0.1977,0.6166,0.7152,0.6196,0.5832,0.6428,0.7388,0.4862,0.6456,0.6646,0.7181,0.0252,0.0192,0.0219,0.0285,0.0288,0.0042,0.0575,0.0014,0.0193,0.0109,0.9359,0.9398,0.9678,0.9420,0.9372,0.9700,0.9600,1.0000,0.9442,1.0000,54.61,197.43,83.77,58.11,63.70,11.64,5.61,252.99,66.68,84.49,0.0000,0.0000,0.0000,0.0000,0.0000,0.0000,0.4564,0.0417,0.0000,0.0000,104304,74663,53998,54750,86225,66964,95775,572442,131417,91336,0,0,0,0,0,0,0,0,0,0,0.0000,0.0000,0.0000,0.0000,0.0000,0.0000,0.4085,0.4485,0.0000,0.0000,0,0,0,0,0,0,0,1,0,0,0,0,0,0,0,0,1,1,0,0,0.1356,0.0922,0.1406,0.0610,0.0985,0.0271,0.0767,0.1169,0.0187,0.1364,0.000,0.000,0.000,0.000,0.000,0.000,0.000,0.149,0.000,0.000,semi-presidential,parliamentary,parliamentary,parliamentary,parliamentary,semi-presidential,semi-presidential,electoral-authoritarian,electoral-authoritarian,parliamentary,0.800,0.800,0.800,0.840,0.800,0.800,0.800,0.500,0.500,0.800,100.0,49.8,100.0,100.0,100.0,97.2,100.0,100.0,100.0,100.0
2029-11-01,1.0230,1.0106,0.9964,0.9974,0.9967,1.1211,0.9989,0.9983,1.0142,0.9953,0.9956,1.0000,1.1018,1.0395,1.2094,1.0259,1.0290,1.1850,1.0006,0.9998,1.0280,0.9979,0.9971,1.0003,3591.80,5378.49,4193.26,2776.37,2085.14,1269.50,192.28,2787.90,1939.23,550.67,1.1259,0.6282,1.0205,1.3093,0.9712,0.4197,1.2650,0.2722,0.2132,-0.2125,0.6141,0.7254,0.6292,0.6009,0.6556,0.7456,0.4971,0.6460,0.6797,0.7135,0.0230,0.0158,0.0319,0.0290,0.0290,0.0000,0.0641,0.0011,0.0208,0.0142,0.9792,0.9787,0.9900,0.9779,0.9795,1.0000,0.9686,1.0000,0.9731,1.0000,54.83,197.93,84.79,58.28,63.78,11.50,5.51,254.57,66.89,83.98,0.0000,0.0000,0.0000,0.0000,0.0000,0.0000,0.4583,0.0438,0.0000,0.0000,104304,74663,53998,54750,86225,66964,95775,572442,131417,91336,0,0,0,0,0,0,0,0,0,0,0.0000,0.0000,0.0000,0.0000,0.0000,0.0000,0.4177,0.4577,0.0000,0.0000,0,0,0,0,0,0,0,1,0,0,0,0,0,0,0,0,1,1,0,0,0.1381,0.0938,0.1427,0.0689,0.1008,0.0286,0.0791,0.1194,0.0203,0.1367,0.000,0.000,0.000,0.000,0.000,0.000,0.000,0.147,0.000,0.000,semi-presidential,parliamentary,parliamentary,parliamentary,parliamentary,semi-presidential,semi-presidential,electoral-authoritarian,electoral-authoritarian,parliamentary,0.800,0.800,0.800,0.830,0.800,0.800,0.800,0.500,0.500,0.800,100.0,52.8,100.0,100.0,100.0,99.5,100.0,100.0,100.0,100.0
2029-12-01,1.0178,1.0105,0.9967,0.9973,0.9964,1.1093,0.9988,0.9991,1.0116,0.9942,0.9947,1.0006,1.0954,1.0404,1.0352,1.0175,1.0186,1.1729,1.0006,1.0228,1.0254,0.9966,0.9963,1.0008,3607.50,5390.61,4206.26,2785.20,2094.32,1274.43,192.59,2793.94,1949.33,552.35,1.1211,0.6270,1.0174,1.3051,0.9670,0.4162,1.2630,0.2738,0.2126,-0.2265,0.6286,0.7383,0.6361,0.6265,0.6669,0.7508,0.5057,0.6495,0.7028,0.7110,0.0121,0.0101,0.0204,0.0153,0.0154,0.0000,0.0623,0.0013,0.0106,0.0099,0.9784,0.9778,0.9896,0.9771,0.9788,1.0000,0.9708,1.0000,0.9721,1.0000,54.48,197.21,84.26,57.35,63.20,11.64,5.41,253.62,66.94,83.96,0.0000,0.0000,0.0000,0.0000,0.0000,0.0000,0.4582,0.0438,0.0000,0.0000,104304,74663,53998,54750,86225,66964,95775,572442,131417,91336,0,0,0,0,0,0,0,0,0,0,0.0000,0.0000,0.0000,0.0000,0.0000,0.0000,0.4292,0.4692,0.0000,0.0000,0,0,0,0,0,0,0,1,0,0,0,0,0,0,0,0,1,1,0,0,0.1388,0.0940,0.1432,0.0688,0.1015,0.0289,0.0768,0.1176,0.0207,0.1373,0.000,0.000,0.000,0.000,0.000,0.000,0.000,0.147,0.000,0.000,semi-presidential,parliamentary,parliamentary,parliamentary,parliamentary,semi-presidential,semi-presidential,electoral-authoritarian,electoral-authoritarian,parliamentary,0.800,0.800,0.800,0.820,0.800,0.800,0.800,0.500,0.500,0.800,100.0,55.9,100.0,100.0,100.0,100.0,100.0,100.0,100.0,100.0
2030-01-01,1.0136,1.0131,0.9953,0.9967,0.9960,1.0978,0.9976,0.9995,1.0090,0.9964,0.9939,0.9997,1.0868,1.0884,1.0307,1.0132,1.0278,1.1562,0.9993,1.0328,1.0217,1.0591,0.9954,1.0002,3620.22,5408.78,4218.19,2795.08,2096.15,1280.90,192.40,2809.10,1959.63,552.95,1.1172,0.6251,1.0147,1.3005,0.9662,0.4122,1.2643,0.2740,0.2120,-0.2409,0.6393,0.7446,0.6313,0.6386,0.6718,0.7503,0.5038,0.6398,0.6905,0.7150,0.0177,0.0147,0.0232,0.0212,0.0231,0.0041,0.0653,0.0016,0.0139,0.0130,0.9376,0.9415,0.9686,0.9436,0.9388,0.9708,0.9631,1.0000,0.9458,1.0000,54.53,198.21,85.31,58.55,63.99,11.56,5.38,255.76,67.48,84.07,0.0000,0.0000,0.0000,0.0000,0.0000,0.0000,0.4565,0.0403,0.0000,0.0000,104304,74663,53998,54750,86225,66964,95775,572442,131417,91336,0,0,0,0,0,0,0,0,0,0,0.0000,0.0000,0.0000,0.0000,0.0000,0.0000,0.4384,0.4784,0.0000,0.0000,0,0,0,0,0,0,0,1,0,0,0,0,0,0,0,0,1,1,0,0,0.1198,0.0848,0.1235,0.0597,0.0871,0.0264,0.0771,0.1160,0.0179,0.1354,0.000,0.000,0.000,0.000,0.000,0.000,0.000,0.148,0.000,0.000,semi-presidential,parliamentary,parliamentary,parliamentary,parliamentary,semi-presidential,semi-presidential,electoral-authoritarian,electoral-authoritarian,parliamentary,0.800,0.800,0.800,0.811,0.800,0.800,0.800,0.500,0.500,0.800,100.0,59.1,100.0,100.0,100.0,100.0,100.0,100.0,100.0,100.0
2030-02-01,1.0084,1.0148,0.9951,0.9954,0.9959,1.0869,0.9963,0.9993,1.0050,0.9988,0.9948,0.9971,1.0793,1.0692,1.0310,1.0161,1.0180,1.1462,0.9979,1.0008,1.0175,1.0520,1.0116,0.9972,3609.47,5427.69,4209.60,2793.98,2098.30,1286.46,192.16,2818.08,1965.72,553.31,1.1237,0.6282,1.0168,1.3010,0.9652,0.4085,1.2658,0.2753,0.2119,-0.2554,0.6299,0.7322,0.6201,0.6413,0.6570,0.7438,0.5027,0.6506,0.6873,0.7201,0.0139,0.0124,0.0215,0.0171,0.0172,0.0024,0.0624,0.0014,0.0121,0.0089,0.9570,0.9577,0.9786,0.9595,0.9589,0.9831,0.9676,1.0000,0.9579,1.0000,53.42,197.08,85.09,57.99,62.86,11.56,5.33,251.46,66.79,83.89,0.0000,0.0000,0.0000,0.0000,0.0000,0.0000,0.4568,0.0407,0.0000,0.0000,104304,74663,53998,54750,86225,66964,95775,572442,131417,91336,0,0,0,0,0,0,0,0,0,0,0.0000,0.0000,0.0000,0.0000,0.0000,0.0000,0.4499,0.4899,0.0000,0.0000,0,0,0,0,0,0,0,1,0,0,0,0,0,0,0,0,1,1,0,0,0.1350,0.0916,0.1404,0.0669,0.0986,0.0266,0.0750,0.1147,0.0185,0.1353,0.000,0.000,0.000,0.000,0.000,0.000,0.000,0.150,0.000,0.000,semi-presidential,parliamentary,parliamentary,parliamentary,parliamentary,semi-presidential,semi-presidential,electoral-authoritarian,electoral-authoritarian,parliamentary,0.800,0.800,0.800,0.801,0.800,0.800,0.800,0.500,0.500,0.800,100.0,63.0,100.0,100.0,100.0,100.0,100.0,100.0,100.0,100.0
2030-03-01,1.0029,1.0183,0.9959,0.9965,0.9944,1.0746,0.9968,0.9992,1.0058,1.0004,0.9973,0.9976,1.0749,1.1490,1.0328,1.0479,1.0161,1.1334,1.0096,1.0106,1.0519,1.0577,1.1132,0.9977,3623.57,5427.69,4209.60,2803.94,2103.06,1294.28,191.85,2831.60,1976.21,554.18,1.1194,0.6282,1.0168,1.2964,0.9631,0.4042,1.2680,0.2758,0.2113,-0.2696,0.6336,0.7322,0.6201,0.6389,0.6512,0.7400,0.4980,0.6308,0.6776,0.7220,0.0272,0.0234,0.0333,0.0375,0.0301,0.0087,0.0704,0.0033,0.0205,0.0151,0.8914,0.8994,0.9455,0.9027,0.8926,0.9377,0.9565,1.0000,0.9084,1.0000,53.29,192.62,80.44,56.51,61.17,11.66,5.14,249.50,66.55,83.20,0.0000,0.0000,0.0000,0.0000,0.0000,0.0000,0.4572,0.0408,0.0000,0.0000,104304,74663,53998,54750,86225,66964,95775,572442,131417,91336,0,0,0,0,0,0,0,0,0,0,0.0000,0.0000,0.0000,0.0000,0.0000,0.0000,0.4591,0.4991,0.0000,0.0000,0,0,0,0,0,0,0,1,0,0,0,0,0,0,0,0,1,1,0,0,0.1364,0.0909,0.1408,0.0658,0.0995,0.0268,0.0745,0.1144,0.0226,0.1387,0.000,0.000,0.000,0.000,0.000,0.000,0.000,0.150,0.000,0.000,semi-presidential,parliamentary,parliamentary,parliamentary,parliamentary,semi-presidential,semi-presidential,electoral-authoritarian,electoral-authoritarian,parliamentary,0.800,0.800,0.800,0.800,0.800,0.800,0.800,0.500,0.500,0.800,100.0,63.0,100.0,100.0,100.0,100.0,100.0,100.0,100.0,100.0
2030-04-01,0.9978,1.0241,0.9964,0.9978,0.9953,1.0601,0.9976,0.9997,1.0070,1.0028,1.0028,0.9977,1.0698,1.1980,1.0320,1.0538,1.0316,1.1147,1.0451,1.0246,1.0243,1.0626,1.1593,0.9978,3633.74,5478.00,4225.27,2815.81,2103.61,1299.50,191.93,2840.49,1984.89,556.02,1.1164,0.6224,1.0132,1.2912,0.9659,0.4009,1.2674,0.2765,0.2109,-0.2833,0.6351,0.7249,0.6213,0.6366,0.6694,0.7370,0.4865,0.6182,0.6722,0.7188,0.0346,0.0276,0.0413,0.0449,0.0392,0.0128,0.0768,0.0027,0.0246,0.0228,0.8575,0.8672,0.9288,0.8705,0.8584,0.9084,0.9550,1.0000,0.8749,1.0000,54.03,194.58,81.66,56.63,62.32,11.61,5.21,253.88,67.23,82.42,0.0000,0.0000,0.0000,0.0000,0.0000,0.0000,0.4577,0.0405,0.0000,0.0000,104304,74663,53998,54750,86225,66964,95775,572442,131417,91336,0,0,0,0,0,0,0,0,0,0,0.0000,0.0000,0.0000,0.0000,0.0000,0.0000,0.4683,0.5083,0.0000,0.0000,0,0,0,0,0,0,0,1,0,0,0,0,0,0,0,0,1,1,0,0,0.1363,0.0906,0.1405,0.0655,0.0993,0.0268,0.0810,0.1167,0.0225,0.1385,0.000,0.000,0.000,0.000,0.000,0.000,0.000,0.150,0.000,0.000,semi-presidential,parliamentary,parliamentary,parliamentary,parliamentary,semi-presidential,semi-presidential,electoral-authoritarian,electoral-authoritarian,parliamentary,0.800,0.800,0.800,0.800,0.800,0.800,0.800,0.500,0.500,0.800,100.0,69.1,100.0,100.0,100.0,100.0,100.0,100.0,100.0,100.0
2030-05-01,0.9947,1.0285,0.9970,1.0007,0.9978,1.0494,0.9993,1.0006,1.0088,1.0053,1.0085,0.9990,1.0666,1.1131,1.0922,1.0537,1.0369,1.1035,1.0463,1.0349,1.0210,1.0594,1.1906,0.9991,3647.15,5479.73,4222.96,2817.89,2107.07,1304.52,191.91,2852.43,1997.85,556.74,1.1126,0.6219,1.0139,1.2904,0.9643,0.3977,1.2677,0.2762,0.2100,-0.2975,0.6566,0.7341,0.6274,0.6412,0.6643,0.7357,0.4737,0.6303,0.6780,0.7088,0.0298,0.0205,0.0399,0.0414,0.0343,0.0048,0.0739,0.0026,0.0172,0.0263,0.9302,0.9346,0.9651,0.9374,0.9317,0.9659,0.9633,1.0000,0.9406,1.0000,54.59,196.36,82.03,57.88,62.70,12.47,5.19,255.93,68.00,83.71,0.0000,0.0000,0.0000,0.0000,0.0000,0.0000,0.4576,0.0408,0.0000,0.0000,104304,74663,53998,54750,86225,66964,95775,572442,131417,91336,0,0,0,0,0,0,0,0,0,0,0.0000,0.0000,0.0000,0.0000,0.0000,0.0000,0.4775,0.5175,0.0000,0.0000,0,0,0,0,0,0,0,1,0,0,0,0,0,0,0,0,1,1,0,0,0.1437,0.0922,0.1420,0.0667,0.1069,0.0286,0.0820,0.1181,0.0235,0.1386,0.000,0.000,0.000,0.000,0.000,0.000,0.000,0.149,0.000,0.000,semi-presidential,parliamentary,parliamentary,parliamentary,parliamentary,semi-presidential,semi-presidential,electoral-authoritarian,electoral-authoritarian,parliamentary,0.800,0.800,0.800,0.800,0.800,0.800,0.800,0.500,0.500,0.800,100.0,72.1,100.0,100.0,100.0,100.0,100.0,100.0,100.0,100.0
2030-06-01,0.9940,1.0298,0.9985,1.0003,0.9985,1.0417,1.0005,1.0010,1.0071,1.0052,1.0129,1.0004,1.0721,1.0604,1.1010,1.0186,1.0239,1.0970,1.0021,1.0026,1.0205,1.0098,1.1004,1.0007,3666.84,5481.64,4216.14,2829.31,2118.22,1308.39,191.77,2861.94,2007.10,557.88,1.1069,0.6213,1.0156,1.2854,0.9593,0.3948,1.2686,0.2763,0.2096,-0.3115,0.6649,0.7384,0.6425,0.6577,0.6808,0.7459,0.4876,0.6476,0.6842,0.7091,0.0182,0.0123,0.0269,0.0204,0.0219,0.0000,0.0642,0.0015,0.0133,0.0140,0.9780,0.9775,0.9895,0.9768,0.9785,1.0000,0.9725,1.0000,0.9719,1.0000,55.42,201.50,87.67,59.77,65.36,12.56,5.46,259.53,68.72,84.70,0.0000,0.0000,0.0000,0.0000,0.0000,0.0000,0.4584,0.0435,0.0000,0.0000,104304,74663,53998,54750,86225,66964,95775,572442,131417,91336,0,0,0,0,0,0,0,0,0,0,0.0000,0.0000,0.0000,0.0000,0.0000,0.0000,0.4890,0.5290,0.0000,0.0000,0,0,0,0,0,0,0,1,0,0,0,0,0,0,0,0,1,1,0,0,0.1443,0.0943,0.1432,0.0694,0.1073,0.0296,0.0827,0.1189,0.0243,0.1352,0.000,0.000,0.000,0.000,0.000,0.000,0.000,0.149,0.000,0.000,semi-presidential,parliamentary,parliamentary,parliamentary,parliamentary,semi-presidential,semi-presidential,electoral-authoritarian,electoral-authoritarian,parliamentary,0.800,0.800,0.800,0.800,0.800,0.800,0.800,0.500,0.500,0.800,100.0,75.2,100.0,100.0,100.0,100.0,100.0,100.0,100.0,100.0
2030-07-01,0.9927,1.0279,0.9985,0.9997,1.0015,1.0377,1.0012,0.9999,1.0077,1.0058,1.0146,1.0021,1.0712,1.0581,1.0523,1.0275,1.0488,1.0905,1.0513,1.0165,1.0314,1.0320,1.0719,1.0027,3678.57,5504.90,4212.60,2833.20,2131.04,1315.26,191.92,2872.40,2019.35,558.43,1.1036,0.6184,1.0165,1.2838,0.9536,0.3911,1.2675,0.2761,0.2088,-0.3257,0.6729,0.7421,0.6523,0.6609,0.6901,0.7545,0.4934,0.6200,0.6891,0.7115,0.0162,0.0113,0.0280,0.0249,0.0244,0.0000,0.0688,0.0023,0.0117,0.0230,0.9785,0.9779,0.9897,0.9773,0.9790,1.0000,0.9727,1.0000,0.9724,1.0000,55.55,200.56,86.20,59.13,65.41,12.42,5.40,260.73,69.37,84.44,0.0000,0.0000,0.0000,0.0000,0.0000,0.0000,0.4579,0.0422,0.0000,0.0000,104304,74663,53998,54750,86225,66964,95775,572442,131417,91336,0,0,0,0,0,0,0,0,0,0,0.0000,0.0000,0.0000,0.0000,0.0000,0.0000,0.4982,0.5382,0.0000,0.0000,0,0,0,0,0,0,0,1,0,0,0,0,0,0,0,0,1,1,0,0,0.1459,0.0947,0.1443,0.0741,0.1091,0.0304,0.0839,0.1204,0.0255,0.1379,0.000,0.000,0.000,0.000,0.000,0.000,0.000,0.148,0.000,0.000,semi-presidential,parliamentary,parliamentary,parliamentary,parliamentary,semi-presidential,semi-presidential,electoral-authoritarian,electoral-authoritarian,parliamentary,0.800,0.800,0.800,0.800,0.800,0.800,0.800,0.500,0.500,0.800,100.0,78.3,100.0,100.0,100.0,100.0,100.0,100.0,100.0,100.0
2030-08-01,0.9890,1.0235,0.9998,0.9985,1.0073,1.0327,1.0026,0.9997,1.0094,1.0063,1.0163,1.0020,0.9890,1.0245,1.0536,1.0157,1.0441,1.0338,1.0028,1.0344,1.0538,1.0063,1.0992,1.0021,3693.52,5517.70,4224.73,2846.10,2137.74,1323.61,192.39,2875.78,2032.15,559.24,1.0993,0.6168,1.0136,1.2782,0.9506,0.3870,1.2644,0.2760,0.2080,-0.3398,0.6782,0.7573,0.6570,0.6690,0.6975,0.7601,0.5166,0.6133,0.7123,0.7152,0.0079,0.0018,0.0223,0.0107,0.0157,0.0000,0.0105,0.0024,0.0037,0.0207,1.0000,1.0000,1.0000,1.0000,1.0000,1.0000,1.0000,1.0000,1.0000,1.0000,57.21,206.97,88.38,61.42,66.66,12.49,9.96,268.19,71.06,85.68,0.0000,0.0000,0.0000,0.0000,0.0000,0.0000,0.0000,0.0000,0.0000,0.0000,104304,74663,53998,54750,86225,66964,95775,572442,131417,91336,0,0,0,0,0,0,0,0,0,0,0.0000,0.0000,0.0000,0.0000,0.0000,0.0000,0.4959,0.5336,0.0000,0.0000,0,0,0,0,0,0,0,1,0,0,0,0,0,0,0,0,0,0,0,0,0.1457,0.0960,0.1511,0.0750,0.1087,0.0307,0.0935,0.1221,0.0255,0.1364,0.000,0.000,0.000,0.000,0.000,0.000,0.000,0.148,0.000,0.000,semi-presidential,parliamentary,parliamentary,parliamentary,parliamentary,semi-presidential,semi-presidential,electoral-authoritarian,electoral-authoritarian,parliamentary,0.800,0.800,0.800,0.800,0.800,0.800,0.800,0.500,0.500,0.800,100.0,81.5,100.0,100.0,100.0,100.0,100.0,100.0,100.0,100.0
2030-09-01,0.9859,1.0217,1.0036,0.9994,1.0119,1.0248,1.0013,1.0006,1.0093,1.0050,1.0176,1.0025,0.9863,1.0218,1.1369,1.0352,1.0413,1.0251,1.0017,1.0235,1.0099,1.0052,1.0397,1.0025,3710.01,5540.11,4232.78,2853.78,2141.85,1327.09,193.87,2881.33,2043.78,560.50,1.0947,0.6143,1.0117,1.2749,0.9518,0.3853,1.2318,0.2794,0.2074,-0.3535,0.6810,0.7613,0.6649,0.6715,0.7030,0.7401,0.5949,0.6259,0.7275,0.7024,0.0109,0.0058,0.0229,0.0217,0.0164,0.0000,0.0085,0.0003,0.0052,0.0143,1.0000,1.0000,1.0000,1.0000,1.0000,1.0000,1.0000,1.0000,1.0000,1.0000,57.88,206.07,86.73,60.53,66.89,12.67,9.71,271.53,71.51,85.32,0.0000,0.0000,0.0000,0.0000,0.0000,0.0000,0.0000,0.0000,0.0000,0.0000,104304,74663,53998,54750,86225,66964,95775,572442,131417,91336,0,0,0,0,0,0,0,0,0,0,0.0000,0.0000,0.0000,0.0000,0.0000,0.0000,0.4762,0.5139,0.0000,0.0000,0,0,0,0,0,0,0,1,0,0,0,0,0,0,0,0,0,0,0,0,0.1441,0.0944,0.1481,0.0725,0.1074,0.0307,0.0935,0.1245,0.0253,0.1393,0.000,0.000,0.000,0.000,0.000,0.000,0.000,0.148,0.000,0.000,semi-presidential,parliamentary,parliamentary,parliamentary,parliamentary,semi-presidential,semi-presidential,electoral-authoritarian,electoral-authoritarian,parliamentary,0.800,0.800,0.800,0.800,0.800,0.800,0.800,0.500,0.500,0.800,100.0,84.7,100.0,100.0,100.0,100.0,100.0,100.0,100.0,100.0
2030-10-01,0.9845,1.0203,1.0038,0.9989,1.0144,1.0161,1.0009,1.0004,1.0059,1.0031,1.0182,1.0020,0.9846,1.0203,1.0041,1.0161,1.0224,1.0170,1.0011,1.0076,1.0060,1.0039,1.0301,1.0020,3718.85,5547.40,4237.86,2865.48,2148.98,1334.78,195.10,2887.23,2051.57,562.02,1.0923,0.6135,1.0105,1.2698,0.9486,0.3815,1.2020,0.2798,0.2091,-0.3670,0.6814,0.7635,0.6729,0.6915,0.7241,0.7492,0.6410,0.6231,0.7243,0.7029,0.0007,0.0000,0.0105,0.0013,0.0023,0.0000,0.0050,0.0001,0.0000,0.0031,1.0000,1.0000,1.0000,1.0000,1.0000,1.0000,1.0000,1.0000,1.0000,1.0000,58.66,208.87,90.01,63.94,69.32,12.65,9.86,278.76,73.20,85.75,0.0000,0.0000,0.0000,0.0000,0.0000,0.0000,0.0000,0.0000,0.0000,0.0000,104304,74663,53998,54750,86225,66964,95775,572442,131417,91336,0,0,0,0,0,0,0,0,0,0,0.0000,0.0000,0.0000,0.0000,0.0000,0.0000,0.4565,0.4942,0.0000,0.0000,0,0,0,0,0,0,0,1,0,0,0,0,0,0,0,0,0,0,0,0,0.1344,0.0903,0.1388,0.0692,0.1001,0.0292,0.0918,0.1241,0.0237,0.1361,0.000,0.000,0.000,0.000,0.000,0.000,0.000,0.149,0.000,0.000,semi-presidential,parliamentary,parliamentary,parliamentary,parliamentary,semi-presidential,semi-presidential,electoral-authoritarian,electoral-authoritarian,parliamentary,0.800,0.800,0.800,0.800,0.800,0.800,0.800,0.500,0.500,0.800,100.0,88.0,100.0,100.0,100.0,100.0,100.0,100.0,100.0,100.0
2030-11-01,0.9833,1.0214,1.0027,0.9984,1.0150,1.0075,0.9983,1.0001,1.0032,1.0015,1.0186,1.0011,0.9834,1.0896,1.0031,1.0212,1.0152,1.0091,0.9989,1.0003,1.0038,1.0017,1.0466,1.0013,3728.02,5550.46,4241.61,2866.52,2151.26,1341.28,196.21,2896.26,2062.87,563.67,1.0895,0.6133,1.0097,1.2695,0.9471,0.3780,1.1740,0.2799,0.2087,-0.3914,0.6671,0.7489,0.6636,0.7099,0.6959,0.7554,0.6722,0.6490,0.7319,0.7280,0.0093,0.0078,0.0146,0.0090,0.0088,0.0058,0.0082,0.0001,0.0056,0.0012,0.9395,0.9460,0.9694,0.9501,0.9408,0.9589,0.9900,1.0000,0.9602,1.0000,58.88,207.94,89.23,63.29,69.36,12.69,9.87,279.84,73.63,85.76,0.0000,0.0000,0.0000,0.0000,0.0000,0.0000,0.0000,0.0000,0.0000,0.0000,104304,74663,53998,54750,86225,66964,95775,572442,131417,91336,0,0,0,0,0,0,0,0,0,0,0.0000,0.0000,0.0000,0.0000,0.0000,0.0000,0.4367,0.4744,0.0000,0.0000,0,0,0,0,0,0,0,1,0,0,0,0,0,0,0,0,0,0,0,0,0.1208,0.0828,0.1229,0.0607,0.0889,0.0269,0.0868,0.1222,0.0211,0.1379,0.000,0.000,0.000,0.000,0.000,0.000,0.000,0.150,0.000,0.000,semi-presidential,parliamentary,parliamentary,parliamentary,parliamentary,semi-presidential,semi-presidential,electoral-authoritarian,electoral-authoritarian,parliamentary,0.800,0.800,0.800,0.800,0.832,0.800,0.800,0.500,0.500,0.788,100.0,91.1,100.0,100.0,92.3,100.0,100.0,100.0,100.0,100.0
2030-12-01,0.9829,1.0235,1.0004,0.9985,1.0162,1.0017,0.9963,0.9989,0.9992,0.9989,1.0183,0.9987,0.9833,1.0855,1.0008,1.0289,1.0363,1.0018,0.9967,0.9990,0.9998,0.9994,1.0187,0.9990,3729.30,5558.22,4245.30,2872.92,2147.88,1344.07,196.54,2911.38,2073.42,565.50,1.0890,0.6124,1.0086,1.2669,0.9484,0.3757,1.1518,0.2794,0.2084,-0.4045,0.6504,0.7332,0.6450,0.6928,0.6791,0.7530,0.6788,0.6235,0.7261,0.7383,0.0077,0.0076,0.0161,0.0144,0.0118,0.0053,0.0089,0.0000,0.0051,0.0063,0.9449,0.9504,0.9722,0.9546,0.9466,0.9621,0.9913,1.0000,0.9636,1.0000,58.71,206.14,87.34,62.11,68.62,12.44,9.66,280.50,73.72,85.69,0.0000,0.0000,0.0000,0.0000,0.0000,0.0000,0.0000,0.0000,0.0000,0.0000,104304,74663,53998,54750,86225,66964,95775,572442,131417,91336,0,0,0,0,0,0,0,0,0,0,0.0000,0.0000,0.0000,0.0000,0.0000,0.0000,0.4170,0.4547,0.0000,0.0000,0,0,0,0,0,0,0,1,0,0,0,0,0,0,0,0,0,0,0,0,0.1270,0.0848,0.1299,0.0627,0.0936,0.0264,0.0889,0.1211,0.0213,0.1388,0.000,0.000,0.000,0.000,0.000,0.000,0.000,0.152,0.000,0.000,semi-presidential,parliamentary,parliamentary,parliamentary,parliamentary,semi-presidential,semi-presidential,electoral-authoritarian,electoral-authoritarian,parliamentary,0.800,0.800,0.800,0.800,0.823,0.800,0.800,0.500,0.500,0.797,100.0,94.2,100.0,100.0,95.2,100.0,100.0,100.0,100.0,100.0
2031-01-01,0.9837,1.0254,0.9964,0.9977,1.0175,1.0002,0.9957,0.9995,0.9970,0.9955,1.0186,0.9970,1.0240,1.0778,0.9972,1.0180,1.0317,1.0004,0.9959,1.0513,0.9971,0.9956,1.0394,0.9970,3736.54,5567.11,4251.41,2882.68,2144.36,1350.54,197.51,2933.63,2081.45,567.22,1.0869,0.6115,1.0070,1.2628,0.9499,0.3723,1.1268,0.2792,0.2084,-0.4177,0.6449,0.7257,0.6456,0.6849,0.6667,0.7470,0.6630,0.6300,0.7268,0.7422,0.0122,0.0082,0.0202,0.0097,0.0140,0.0064,0.0313,0.0004,0.0059,0.0085,0.9532,0.9575,0.9764,0.9614,0.9551,0.9674,0.9931,1.0000,0.9689,1.0000,58.46,207.02,89.60,64.31,68.91,12.39,9.83,280.67,74.03,85.66,0.0000,0.0000,0.0000,0.0000,0.0000,0.0000,0.0000,0.0000,0.0000,0.0000,104304,74663,53998,54750,86225,66964,95775,572442,131417,91336,0,0,0,0,0,0,0,0,0,0,0.0000,0.0000,0.0000,0.0000,0.0000,0.0000,0.3973,0.4153,0.0000,0.0000,0,0,0,0,0,0,0,1,0,0,0,0,0,0,0,0,0,0,0,0,0.1311,0.0867,0.1352,0.0659,0.0966,0.0259,0.0888,0.1205,0.0208,0.1357,0.000,0.000,0.000,0.000,0.000,0.000,0.000,0.153,0.000,0.000,semi-presidential,parliamentary,parliamentary,parliamentary,parliamentary,semi-presidential,semi-presidential,electoral-authoritarian,electoral-authoritarian,parliamentary,0.800,0.800,0.800,0.800,0.813,0.800,0.800,0.500,0.500,0.800,100.0,97.2,100.0,100.0,98.1,100.0,100.0,100.0,100.0,100.0
2031-02-01,0.9841,1.0275,0.9915,0.9949,1.0168,0.9983,0.9925,1.0004,0.9963,0.9941,1.0179,0.9971,1.0204,1.0499,0.9919,1.0131,1.0170,0.9988,0.9932,1.0287,0.9965,0.9943,1.0182,0.9971,3745.60,5577.01,4261.47,2896.58,2154.53,1355.61,198.05,2947.87,2091.28,568.39,1.0843,0.6115,1.0047,1.2570,0.9454,0.3695,1.1053,0.2788,0.2082,-0.4313,0.6504,0.7354,0.6650,0.6851,0.6835,0.7485,0.6637,0.6723,0.7114,0.7379,0.0064,0.0046,0.0135,0.0040,0.0055,0.0037,0.0278,0.0002,0.0032,0.0019,0.9805,0.9810,0.9902,0.9838,0.9828,0.9850,0.9988,1.0000,0.9864,1.0000,58.61,207.99,88.49,65.03,69.85,12.49,9.82,282.69,74.82,86.43,0.0000,0.0000,0.0000,0.0000,0.0000,0.0000,0.0000,0.0000,0.0000,0.0000,104304,74663,53998,54750,86225,66964,95775,572442,131417,91336,0,0,0,0,0,0,0,0,0,0,0.0000,0.0000,0.0000,0.0000,0.0000,0.0000,0.3776,0.3956,0.0000,0.0000,0,0,0,0,0,0,0,1,0,0,0,0,0,0,0,0,0,0,0,0,0.1391,0.0912,0.1447,0.0704,0.1032,0.0268,0.0877,0.1216,0.0219,0.1356,0.000,0.000,0.000,0.000,0.000,0.000,0.000,0.154,0.000,0.000,semi-presidential,parliamentary,parliamentary,parliamentary,parliamentary,semi-presidential,semi-presidential,electoral-authoritarian,electoral-authoritarian,parliamentary,0.800,0.800,0.800,0.800,0.803,0.800,0.800,0.500,0.500,0.800,100.0,100.0,100.0,100.0,100.0,100.0,100.0,100.0,100.0,100.0
2031-03-01,0.9851,1.0275,0.9886,0.9922,1.0158,0.9994,0.9899,1.0008,0.9962,0.9932,1.0142,0.9985,1.0481,1.0276,0.9890,0.9923,1.0161,1.0731,0.9902,1.0135,1.0277,0.9933,1.0147,0.9988,3767.05,5598.31,4273.64,2902.75,2164.51,1359.19,197.96,2947.87,2102.78,568.29,1.0782,0.6092,1.0019,1.2545,0.9411,0.3670,1.0882,0.2788,0.2079,-0.4459,0.6608,0.7450,0.6792,0.7030,0.6984,0.7541,0.6513,0.6723,0.7149,0.7359,0.0061,0.0053,0.0049,0.0049,0.0063,0.0040,0.0241,0.0013,0.0039,0.0020,1.0000,1.0000,1.0000,1.0000,1.0000,1.0000,1.0000,1.0000,1.0000,1.0000,58.36,207.80,88.78,65.46,69.56,12.44,9.81,281.23,74.77,86.10,0.0000,0.0000,0.0000,0.0000,0.0000,0.0000,0.0000,0.0000,0.0000,0.0000,104304,74663,53998,54750,86225,66964,95775,572442,131417,91336,0,0,0,0,0,0,0,0,0,0,0.0000,0.0000,0.0000,0.0000,0.0000,0.0000,0.3579,0.3956,0.0000,0.0000,0,0,0,0,0,0,0,1,0,0,0,0,0,0,0,0,0,0,0,0,0.1420,0.0931,0.1481,0.0728,0.1100,0.0278,0.0900,0.1233,0.0231,0.1357,0.000,0.000,0.000,0.000,0.000,0.000,0.000,0.153,0.000,0.000,semi-presidential,parliamentary,parliamentary,parliamentary,parliamentary,semi-presidential,semi-presidential,electoral-authoritarian,electoral-authoritarian,parliamentary,0.790,0.800,0.800,0.800,0.800,0.800,0.800,0.500,0.500,0.800,100.0,100.0,100.0,92.9,100.0,100.0,100.0,100.0,100.0,100.0
2031-04-01,0.9871,1.0261,0.9870,0.9898,1.0136,1.0006,0.9898,1.0004,0.9980,0.9935,1.0126,0.9998,1.0720,1.0264,0.9877,1.0075,1.0140,1.0007,1.0040,1.0004,1.0102,1.0026,1.0131,0.9999,3781.75,5620.14,4284.28,2914.09,2176.36,1367.06,198.11,2966.65,2117.13,571.15,1.0740,0.6069,0.9994,1.2496,0.9361,0.3634,1.0623,0.2789,0.2105,-0.4581,0.6690,0.7466,0.6921,0.6943,0.7086,0.7503,0.6350,0.6817,0.7284,0.7374,0.0062,0.0052,0.0136,0.0046,0.0063,0.0043,0.0274,0.0006,0.0036,0.0009,1.0000,1.0000,1.0000,1.0000,1.0000,1.0000,1.0000,1.0000,1.0000,1.0000,58.55,208.89,90.63,65.38,69.29,12.58,9.80,280.98,75.03,85.90,0.0000,0.0000,0.0000,0.0000,0.0000,0.0000,0.0000,0.0000,0.0000,0.0000,104304,74663,53998,54750,86225,66964,95775,572442,131417,91336,0,0,0,0,0,0,0,0,0,0,0.0000,0.0000,0.0000,0.0000,0.0000,0.0000,0.3282,0.3562,0.0000,0.0000,0,0,0,0,0,0,0,1,0,0,0,0,0,0,0,0,0,0,0,0,0.1373,0.0907,0.1416,0.0702,0.1058,0.0279,0.0850,0.1229,0.0231,0.1369,0.000,0.000,0.000,0.000,0.000,0.000,0.000,0.153,0.000,0.000,semi-presidential,parliamentary,parliamentary,parliamentary,parliamentary,semi-presidential,semi-presidential,electoral-authoritarian,electoral-authoritarian,parliamentary,0.800,0.800,0.800,0.800,0.800,0.800,0.800,0.500,0.500,0.800,100.0,100.0,100.0,96.7,100.0,100.0,100.0,100.0,100.0,100.0
2031-05-01,0.9888,1.0250,0.9869,0.9905,1.0122,0.9989,0.9894,0.9975,0.9990,0.9948,1.0099,0.9996,1.0148,1.0253,1.0318,1.0144,1.0124,0.9991,0.9896,0.9979,1.0178,1.0095,1.0102,0.9997,3800.41,5640.32,4308.31,2923.45,2187.81,1371.17,198.80,2988.10,2126.14,573.74,1.0688,0.6048,0.9938,1.2457,0.9313,0.3608,1.0430,0.2779,0.2104,-0.4704,0.6776,0.7557,0.6962,0.6887,0.7238,0.7464,0.6309,0.6851,0.7302,0.7341,0.0046,0.0033,0.0138,0.0072,0.0051,0.0011,0.0268,0.0008,0.0032,0.0013,1.0000,1.0000,1.0000,1.0000,1.0000,1.0000,1.0000,1.0000,1.0000,1.0000,59.86,209.36,89.05,64.73,70.08,12.40,9.82,286.69,75.84,86.68,0.0000,0.0000,0.0000,0.0000,0.0000,0.0000,0.0000,0.0000,0.0000,0.0000,104304,74663,53998,54750,86225,66964,95775,572442,131417,91336,0,0,0,0,0,0,0,0,0,0,0.0000,0.0000,0.0000,0.0000,0.0000,0.0000,0.3085,0.3365,0.0000,0.0000,0,0,0,0,0,0,0,1,0,0,0,0,0,0,0,0,0,0,0,0,0.1445,0.0936,0.1491,0.0727,0.1116,0.0287,0.0898,0.1252,0.0244,0.1385,0.000,0.000,0.000,0.000,0.000,0.000,0.000,0.154,0.000,0.000,semi-presidential,parliamentary,parliamentary,parliamentary,parliamentary,semi-presidential,semi-presidential,electoral-authoritarian,electoral-authoritarian,parliamentary,0.800,0.800,0.800,0.800,0.800,0.800,0.800,0.500,0.500,0.800,100.0,100.0,100.0,100.0,93.2,100.0,100.0,100.0,100.0,100.0
2031-06-01,0.9905,1.0236,0.9880,0.9903,1.0097,1.0000,0.9893,0.9949,1.0001,0.9991,1.0065,0.9998,1.0422,1.0237,1.0653,1.0079,1.0098,1.0466,1.0006,0.9953,1.0253,1.0098,1.0071,0.9999,3823.81,5653.82,4313.51,2929.78,2198.85,1377.47,199.14,2998.89,2143.04,573.42,1.0623,0.6064,0.9926,1.2431,0.9268,0.3577,1.0263,0.2778,0.2095,-0.4852,0.6796,0.7593,0.6985,0.6857,0.7224,0.7485,0.6357,0.6771,0.7223,0.7298,0.0098,0.0065,0.0184,0.0090,0.0101,0.0030,0.0271,0.0011,0.0060,0.0025,1.0000,1.0000,1.0000,1.0000,1.0000,1.0000,1.0000,1.0000,1.0000,1.0000,59.70,209.27,89.02,65.29,70.21,12.09,9.73,286.23,76.30,86.61,0.0000,0.0000,0.0000,0.0000,0.0000,0.0000,0.0000,0.0000,0.0000,0.0000,104304,74663,53998,54750,86225,66964,95775,572442,131417,91336,0,0,0,0,0,0,0,0,0,0,0.0000,0.0000,0.0000,0.0000,0.0000,0.0000,0.2888,0.3167,0.0000,0.0000,0,0,0,0,0,0,0,1,0,0,0,0,0,0,0,0,0,0,0,0,0.1446,0.0938,0.1492,0.0734,0.1115,0.0285,0.0879,0.1247,0.0242,0.1376,0.000,0.000,0.000,0.000,0.000,0.000,0.000,0.154,0.000,0.000,semi-presidential,parliamentary,parliamentary,parliamentary,parliamentary,semi-presidential,semi-presidential,electoral-authoritarian,electoral-authoritarian,parliamentary,0.800,0.800,0.800,0.800,0.800,0.800,0.800,0.500,0.500,0.800,100.0,100.0,100.0,100.0,96.4,100.0,100.0,100.0,100.0,100.0
2031-07-01,0.9918,1.0235,0.9903,0.9896,1.0088,1.0002,0.9893,0.9949,1.0012,1.0034,1.0029,0.9999,1.0259,1.0236,1.0659,1.0060,1.0089,1.0003,0.9894,0.9949,1.0069,1.0131,1.0036,1.0000,3834.97,5671.43,4321.01,2942.39,2212.78,1385.64,199.56,3015.43,2155.63,576.47,1.0593,0.6045,0.9909,1.2379,0.9211,0.3541,1.0100,0.2772,0.2091,-0.4971,0.6812,0.7671,0.6994,0.6802,0.7289,0.7453,0.6394,0.6799,0.7462,0.7309,0.0073,0.0043,0.0160,0.0068,0.0074,0.0015,0.0226,0.0002,0.0043,0.0015,1.0000,1.0000,1.0000,1.0000,1.0000,1.0000,1.0000,1.0000,1.0000,1.0000,60.62,210.44,89.00,65.79,70.98,12.14,9.80,289.24,77.17,87.36,0.0000,0.0000,0.0000,0.0000,0.0000,0.0000,0.0000,0.0000,0.0000,0.0000,104304,74663,53998,54750,86225,66964,95775,572442,131417,91336,0,0,0,0,0,0,0,0,0,0,0.0000,0.0000,0.0000,0.0000,0.0000,0.0000,0.2691,0.2970,0.0000,0.0000,0,0,0,0,0,0,0,1,0,0,0,0,0,0,0,0,0,0,0,0,0.1436,0.0937,0.1491,0.0732,0.1109,0.0286,0.0893,0.1249,0.0239,0.1361,0.000,0.000,0.000,0.000,0.000,0.000,0.000,0.154,0.000,0.000,semi-presidential,parliamentary,parliamentary,parliamentary,parliamentary,semi-presidential,semi-presidential,electoral-authoritarian,electoral-authoritarian,parliamentary,0.800,0.800,0.800,0.800,0.800,0.800,0.800,0.500,0.500,0.800,100.0,100.0,100.0,100.0,100.0,100.0,100.0,100.0,100.0,100.0
2031-08-01,0.9922,1.0223,0.9917,0.9882,1.0082,0.9985,0.9901,0.9934,0.9997,1.0074,1.0009,0.9993,0.9985,1.0224,1.0743,1.0057,1.0081,0.9989,1.0124,0.9936,1.0000,1.0138,1.0209,0.9994,3839.60,5698.55,4343.66,2950.19,2218.49,1393.48,199.97,3025.14,2164.64,577.58,1.0581,0.6017,0.9858,1.2348,0.9188,0.3506,0.9943,0.2772,0.2090,-0.5106,0.6802,0.7748,0.6970,0.6764,0.7282,0.7491,0.6354,0.6850,0.7471,0.7257,0.0070,0.0028,0.0168,0.0057,0.0066,0.0000,0.0249,0.0002,0.0033,0.0031,1.0000,1.0000,1.0000,1.0000,1.0000,1.0000,1.0000,1.0000,1.0000,1.0000,60.90,211.10,89.15,65.73,71.34,12.07,9.85,290.61,77.06,87.71,0.0000,0.0000,0.0000,0.0000,0.0000,0.0000,0.0000,0.0000,0.0000,0.0000,104304,74663,53998,54750,86225,66964,95775,572442,131417,91336,0,0,0,0,0,0,0,0,0,0,0.0000,0.0000,0.0000,0.0000,0.0000,0.0000,0.2493,0.2773,0.0000,0.0000,0,0,0,0,0,0,0,1,0,0,0,0,0,0,0,0,0,0,0,0,0.1366,0.0897,0.1407,0.0691,0.1050,0.0274,0.0896,0.1237,0.0228,0.1371,0.000,0.000,0.000,0.000,0.000,0.000,0.000,0.155,0.000,0.000,semi-presidential,parliamentary,parliamentary,parliamentary,parliamentary,semi-presidential,semi-presidential,electoral-authoritarian,electoral-authoritarian,parliamentary,0.800,0.800,0.800,0.800,0.800,0.800,0.800,0.500,0.500,0.800,100.0,100.0,100.0,100.0,100.0,100.0,100.0,100.0,100.0,100.0
2031-09-01,0.9931,1.0197,0.9956,0.9882,1.0100,0.9978,0.9904,0.9934,0.9988,1.0075,1.0036,0.9981,1.0824,1.0198,1.1869,1.0133,1.0195,1.0117,0.9904,0.9934,0.9986,1.0076,1.0832,0.9983,3847.44,5702.21,4345.70,2962.08,2227.53,1401.15,200.21,3041.64,2171.42,580.25,1.0560,0.6014,0.9853,1.2300,0.9152,0.3472,0.9803,0.2766,0.2091,-0.5227,0.6704,0.7700,0.6842,0.6747,0.7128,0.7489,0.6423,0.6915,0.7413,0.7129,0.0218,0.0128,0.0301,0.0221,0.0229,0.0047,0.0303,0.0003,0.0110,0.0091,1.0000,1.0000,1.0000,1.0000,1.0000,1.0000,1.0000,1.0000,1.0000,1.0000,59.61,208.95,88.55,65.05,70.12,12.11,9.82,284.85,76.23,86.79,0.0000,0.0000,0.0000,0.0000,0.0000,0.0000,0.0000,0.0000,0.0000,0.0000,104304,74663,53998,54750,86225,66964,95775,572442,131417,91336,0,0,0,0,0,0,0,0,0,0,0.0000,0.0000,0.0000,0.0000,0.0000,0.0000,0.2296,0.2576,0.0000,0.0000,0,0,0,0,0,0,0,1,0,0,0,0,0,0,0,0,0,0,0,0,0.1308,0.0863,0.1341,0.0655,0.1002,0.0261,0.0887,0.1232,0.0212,0.1383,0.000,0.000,0.000,0.000,0.000,0.000,0.000,0.156,0.000,0.000,semi-presidential,parliamentary,parliamentary,parliamentary,parliamentary,semi-presidential,semi-presidential,electoral-authoritarian,electoral-authoritarian,parliamentary,0.800,0.800,0.800,0.800,0.800,0.800,0.800,0.500,0.500,0.800,100.0,100.0,100.0,100.0,100.0,100.0,100.0,100.0,100.0,100.0
2031-10-01,0.9951,1.0186,1.0003,0.9873,1.0102,0.9978,0.9894,0.9922,1.0007,1.0050,1.0039,0.9970,1.0889,1.0193,1.1656,1.0044,1.0105,0.9980,0.9896,0.9923,1.0348,1.0051,1.0303,0.9969,3859.95,5715.12,4346.86,2964.98,2230.17,1413.93,200.44,3044.87,2179.77,580.43,1.0497,0.5999,0.9851,1.2289,0.9142,0.3416,0.9668,0.2767,0.2091,-0.5370,0.6604,0.7599,0.6659,0.6686,0.7021,0.7345,0.6527,0.7053,0.7230,0.7259,0.0185,0.0112,0.0256,0.0166,0.0191,0.0048,0.0270,0.0014,0.0112,0.0047,1.0000,1.0000,1.0000,1.0000,1.0000,1.0000,1.0000,1.0000,1.0000,1.0000,59.53,208.92,87.84,64.53,69.86,12.13,9.73,284.00,76.44,86.63,0.0000,0.0000,0.0000,0.0000,0.0000,0.0000,0.0000,0.0000,0.0000,0.0000,104304,74663,53998,54750,86225,66964,95775,572442,131417,91336,0,0,0,0,0,0,0,0,0,0,0.0000,0.0000,0.0000,0.0000,0.0000,0.0000,0.2099,0.2496,0.0000,0.0000,0,0,0,0,0,0,0,1,0,0,0,0,0,0,0,0,0,0,0,0,0.1413,0.0915,0.1468,0.0711,0.1089,0.0264,0.0865,0.1232,0.0221,0.1359,0.000,0.000,0.000,0.000,0.000,0.000,0.000,0.158,0.000,0.000,semi-presidential,parliamentary,parliamentary,parliamentary,parliamentary,semi-presidential,semi-presidential,electoral-authoritarian,electoral-authoritarian,parliamentary,0.800,0.800,0.800,0.800,0.800,0.800,0.800,0.500,0.500,0.800,100.0,100.0,100.0,100.0,100.0,100.0,100.0,100.0,100.0,100.0
2031-11-01,0.9983,1.0153,1.0039,0.9878,1.0092,0.9957,0.9873,0.9932,1.0016,1.0020,1.0073,0.9962,1.0692,1.0154,1.0372,1.0221,1.0092,0.9962,0.9875,1.0491,1.0502,1.0022,1.1416,0.9963,3882.61,5725.35,4353.34,2970.62,2234.30,1418.58,200.29,3045.63,2186.52,583.56,1.0437,0.5987,0.9836,1.2267,0.9126,0.3395,0.9559,0.2775,0.2092,-0.5486,0.6635,0.7401,0.6479,0.6654,0.6938,0.7350,0.6475,0.6968,0.7176,0.7228,0.0139,0.0064,0.0238,0.0138,0.0129,0.0035,0.0369,0.0028,0.0057,0.0115,1.0000,1.0000,1.0000,1.0000,1.0000,1.0000,1.0000,1.0000,1.0000,1.0000,60.59,208.30,85.35,62.79,69.60,12.99,9.76,288.17,77.59,87.04,0.0000,0.0000,0.0000,0.0000,0.0000,0.0000,0.0000,0.0000,0.0000,0.0000,104304,74663,53998,54750,86225,66964,95775,572442,131417,91336,0,0,0,0,0,0,0,0,0,0,0.0000,0.0000,0.0000,0.0000,0.0000,0.0000,0.1902,0.2298,0.0000,0.0000,0,0,0,0,0,0,0,1,0,0,0,0,0,0,0,0,0,0,0,0,0.1411,0.0904,0.1463,0.0690,0.1091,0.0267,0.0878,0.1241,0.0225,0.1396,0.000,0.000,0.000,0.000,0.000,0.000,0.000,0.160,0.000,0.000,semi-presidential,parliamentary,parliamentary,parliamentary,parliamentary,semi-presidential,semi-presidential,electoral-authoritarian,electoral-authoritarian,parliamentary,0.800,0.800,0.800,0.800,0.800,0.800,0.800,0.500,0.500,0.800,100.0,100.0,100.0,100.0,100.0,30.0,100.0,100.0,100.0,100.0
2031-12-01,1.0024,1.0132,1.0048,0.9879,1.0080,0.9953,0.9863,0.9944,1.0010,1.0006,1.0114,0.9978,1.2114,1.0135,1.0642,1.0078,1.0081,1.0343,0.9864,1.0499,1.0015,1.0010,1.1472,0.9979,3895.69,5733.14,4353.17,2980.23,2239.50,1422.63,200.41,3052.18,2196.16,581.23,1.0405,0.5980,0.9837,1.2229,0.9105,0.3408,0.9441,0.2778,0.2091,-0.5653,0.6649,0.7435,0.6475,0.6704,0.7134,0.7324,0.6467,0.6913,0.7203,0.7141,0.0252,0.0157,0.0304,0.0169,0.0226,0.0122,0.0380,0.0010,0.0131,0.0107,1.0000,1.0000,1.0000,1.0000,1.0000,1.0000,1.0000,1.0000,1.0000,1.0000,58.61,207.83,87.61,62.75,68.53,12.96,9.73,277.83,75.78,85.15,0.0000,0.0000,0.0000,0.0000,0.0000,0.0000,0.0000,0.0000,0.0000,0.0000,104304,74663,53998,54750,86225,66964,95775,572442,131417,91336,0,0,0,0,0,0,0,0,0,0,0.0000,0.0000,0.0000,0.0000,0.0000,0.0000,0.1705,0.2101,0.0000,0.0000,0,0,0,0,0,0,0,1,0,0,0,0,0,0,0,0,0,0,0,0,0.1427,0.0922,0.1475,0.0713,0.1099,0.0276,0.0863,0.1244,0.0229,0.1381,0.000,0.000,0.000,0.000,0.000,0.000,0.000,0.159,0.000,0.000,semi-presidential,parliamentary,parliamentary,parliamentary,parliamentary,semi-presidential,semi-presidential,electoral-authoritarian,electoral-authoritarian,parliamentary,0.800,0.800,0.800,0.800,0.800,0.800,0.800,0.500,0.500,0.800,100.0,100.0,100.0,100.0,100.0,32.6,100.0,100.0,100.0,100.0
2032-01-01,1.0064,1.0094,1.0070,0.9870,1.0049,0.9963,0.9856,0.9948,1.0000,0.9973,1.0135,0.9978,1.1388,1.0105,1.0418,1.0052,1.0057,1.0106,0.9856,1.0047,1.0000,0.9975,1.0640,0.9982,3906.91,5755.94,4355.12,2987.25,2251.24,1433.11,201.07,3064.67,2205.11,581.41,1.0378,0.5957,0.9833,1.2202,0.9058,0.3373,0.9305,0.2776,0.2090,-0.5797,0.6708,0.7449,0.6573,0.6701,0.7029,0.7328,0.6494,0.6825,0.7290,0.7168,0.0135,0.0095,0.0196,0.0097,0.0126,0.0071,0.0295,0.0003,0.0070,0.0036,1.0000,1.0000,1.0000,1.0000,1.0000,1.0000,1.0000,1.0000,1.0000,1.0000,60.06,211.18,89.37,64.86,70.57,13.18,9.84,284.63,77.04,86.65,0.0000,0.0000,0.0000,0.0000,0.0000,0.0000,0.0000,0.0000,0.0000,0.0000,104304,74663,53998,54750,86225,66964,95775,572442,131417,91336,0,0,0,0,0,0,0,0,0,0,0.0000,0.0000,0.0000,0.0000,0.0000,0.0000,0.1508,0.1904,0.0000,0.0000,0,0,0,0,0,0,0,1,0,0,0,0,0,0,0,0,0,0,0,0,0.1426,0.0924,0.1476,0.0719,0.1098,0.0274,0.0830,0.1237,0.0228,0.1376,0.000,0.000,0.000,0.000,0.000,0.000,0.000,0.162,0.000,0.000,semi-presidential,parliamentary,parliamentary,parliamentary,parliamentary,semi-presidential,semi-presidential,electoral-authoritarian,electoral-authoritarian,parliamentary,0.800,0.800,0.800,0.800,0.800,0.800,0.800,0.500,0.500,0.800,100.0,100.0,100.0,100.0,100.0,35.7,100.0,100.0,100.0,100.0
2032-02-01,1.0082,1.0024,1.0068,0.9851,1.0015,0.9940,0.9864,0.9934,0.9988,0.9931,1.0158,0.9984,1.0138,1.0030,1.0071,1.0010,1.0016,0.9941,1.0433,0.9935,0.9991,0.9937,1.0725,0.9984,3919.14,5771.51,4365.66,2996.27,2265.33,1437.20,200.90,3070.85,2214.03,583.22,1.0348,0.5941,0.9806,1.2166,0.9002,0.3354,0.9212,0.2779,0.2090,-0.5923,0.6759,0.7501,0.6659,0.6768,0.7126,0.7351,0.6525,0.6895,0.7066,0.7236,0.0035,0.0000,0.0140,0.0000,0.0024,0.0000,0.0229,0.0005,0.0001,0.0049,1.0000,1.0000,1.0000,1.0000,1.0000,1.0000,1.0000,1.0000,1.0000,1.0000,62.18,213.83,89.95,66.06,72.87,13.26,9.91,293.85,78.32,88.80,0.0000,0.0000,0.0000,0.0000,0.0000,0.0000,0.0000,0.0000,0.0000,0.0000,104304,74663,53998,54750,86225,66964,95775,572442,131417,91336,0,0,0,0,0,0,0,0,0,0,0.0000,0.0000,0.0000,0.0000,0.0000,0.0000,0.1311,0.1707,0.0000,0.0000,0,0,0,0,0,0,0,1,0,0,0,0,0,0,0,0,0,0,0,0,0.1418,0.0926,0.1479,0.0722,0.1099,0.0281,0.0880,0.1234,0.0230,0.1359,0.000,0.000,0.000,0.000,0.000,0.000,0.000,0.162,0.000,0.000,semi-presidential,parliamentary,parliamentary,parliamentary,parliamentary,semi-presidential,semi-presidential,electoral-authoritarian,electoral-authoritarian,parliamentary,0.800,0.800,0.800,0.800,0.800,0.800,0.800,0.500,0.500,0.800,100.0,100.0,100.0,100.0,100.0,38.7,100.0,100.0,100.0,100.0
2032-03-01,1.0059,0.9977,1.0043,0.9816,1.0004,0.9926,0.9882,0.9935,0.9968,0.9900,1.0165,0.9952,1.0063,0.9983,1.0048,0.9820,1.0005,0.9949,1.0306,0.9938,0.9973,0.9903,1.0488,0.9958,3910.78,5767.39,4349.14,2997.11,2271.19,1444.30,200.51,3073.25,2215.88,583.25,1.0372,0.5946,0.9843,1.2164,0.8978,0.3326,0.9134,0.2786,0.2096,-0.6068,0.6566,0.7467,0.6420,0.6796,0.6962,0.7351,0.6642,0.6878,0.7058,0.7232,0.0024,0.0000,0.0029,0.0000,0.0016,0.0000,0.0023,0.0004,0.0001,0.0032,1.0000,1.0000,1.0000,1.0000,1.0000,1.0000,1.0000,1.0000,1.0000,1.0000,60.72,211.46,87.47,65.19,71.60,13.31,9.67,286.77,77.41,88.84,0.0000,0.0000,0.0000,0.0000,0.0000,0.0000,0.0000,0.0000,0.0000,0.0000,104304,74663,53998,54750,86225,66964,95775,572442,131417,91336,0,0,0,0,0,0,0,0,0,0,0.0000,0.0000,0.0000,0.0000,0.0000,0.0000,0.1114,0.1510,0.0000,0.0000,0,0,0,0,0,0,0,1,0,0,0,0,0,0,0,0,0,0,0,0,0.1052,0.0741,0.1078,0.0526,0.0798,0.0225,0.0818,0.1140,0.0163,0.1354,0.000,0.000,0.000,0.000,0.000,0.000,0.000,0.164,0.000,0.000,semi-presidential,parliamentary,parliamentary,parliamentary,parliamentary,semi-presidential,semi-presidential,electoral-authoritarian,electoral-authoritarian,parliamentary,0.800,0.800,0.800,0.800,0.800,0.800,0.800,0.500,0.500,0.800,100.0,100.0,100.0,100.0,100.0,41.8,100.0,100.0,100.0,100.0
2032-04-01,1.0046,0.9926,0.9998,0.9783,0.9999,0.9923,0.9879,0.9929,0.9948,0.9908,1.0169,0.9931,1.0074,0.9938,1.0005,0.9790,1.0002,0.9925,1.0157,0.9930,0.9950,0.9959,1.0170,0.9932,3917.32,5780.47,4341.68,2992.02,2278.25,1448.15,200.74,3081.08,2225.58,584.17,1.0358,0.5933,0.9910,1.2186,0.8950,0.3307,0.9033,0.2788,0.2095,-0.6203,0.6491,0.7534,0.6456,0.6618,0.6846,0.7389,0.6768,0.6973,0.7103,0.7244,0.0009,0.0000,0.0011,0.0000,0.0006,0.0000,0.0109,0.0002,0.0001,0.0012,1.0000,1.0000,1.0000,1.0000,1.0000,1.0000,1.0000,1.0000,1.0000,1.0000,61.65,212.33,87.58,65.95,73.27,13.15,9.87,293.54,78.39,88.63,0.0000,0.0000,0.0000,0.0000,0.0000,0.0000,0.0000,0.0000,0.0000,0.0000,104304,74663,53998,54750,86225,66964,95775,572442,131417,91336,0,0,0,0,0,0,0,0,0,0,0.0000,0.0000,0.0000,0.0000,0.0000,0.0000,0.0916,0.1313,0.0000,0.0000,0,0,0,0,0,0,0,1,0,0,0,0,0,0,0,0,0,0,0,0,0.1296,0.0850,0.1390,0.0645,0.0994,0.0236,0.0831,0.1174,0.0186,0.1349,0.000,0.000,0.000,0.000,0.000,0.000,0.000,0.167,0.000,0.000,semi-presidential,parliamentary,parliamentary,parliamentary,parliamentary,semi-presidential,semi-presidential,electoral-authoritarian,electoral-authoritarian,parliamentary,0.800,0.800,0.800,0.800,0.800,0.800,0.800,0.500,0.500,0.800,100.0,100.0,100.0,100.0,100.0,44.8,100.0,100.0,100.0,100.0
2032-05-01,1.0052,0.9883,0.9979,0.9776,0.9990,0.9923,0.9882,0.9938,0.9925,0.9953,1.0161,0.9930,1.0829,1.0152,1.0335,0.9957,1.0220,1.0396,0.9995,1.0229,1.0043,1.0526,1.0180,0.9930,3918.46,5795.90,4348.95,2996.20,2285.27,1453.04,199.12,3084.83,2209.16,585.22,1.0357,0.5917,0.9894,1.2168,0.8923,0.3286,0.8980,0.2801,0.2118,-0.6335,0.6445,0.7418,0.6452,0.6647,0.6774,0.7299,0.5899,0.6676,0.6998,0.7155,0.0122,0.0096,0.0226,0.0149,0.0159,0.0000,0.0649,0.0016,0.0101,0.0108,0.9802,0.9795,0.9906,0.9791,0.9807,1.0000,0.9698,1.0000,0.9746,1.0000,58.85,207.32,87.59,63.56,70.68,13.18,5.42,280.11,75.69,87.03,0.0000,0.0000,0.0000,0.0000,0.0000,0.0000,0.4559,0.0408,0.0000,0.0000,104304,74663,53998,54750,86225,66964,95775,572442,131417,91336,0,0,0,0,0,0,0,0,0,0,0.0000,0.0000,0.0000,0.0000,0.0000,0.0000,0.1055,0.1185,0.0000,0.0000,0,0,0,0,0,0,0,1,0,0,0,0,0,0,0,0,1,1,0,0,0.1395,0.0868,0.1444,0.0668,0.1035,0.0244,0.0773,0.1145,0.0196,0.1332,0.000,0.000,0.000,0.000,0.000,0.000,0.000,0.168,0.000,0.000,semi-presidential,parliamentary,parliamentary,parliamentary,parliamentary,semi-presidential,semi-presidential,electoral-authoritarian,electoral-authoritarian,parliamentary,0.800,0.800,0.800,0.800,0.800,0.800,0.800,0.500,0.500,0.800,100.0,100.0,100.0,100.0,100.0,47.9,100.0,100.0,100.0,100.0
2032-06-01,1.0051,0.9858,0.9966,0.9777,1.0006,0.9928,0.9863,0.9949,0.9911,1.0019,1.0152,0.9942,1.0822,1.0128,1.0321,1.0150,1.0415,1.0682,0.9878,1.0634,1.0024,1.0587,1.0170,0.9944,3923.41,5808.70,4360.31,3000.45,2299.25,1462.05,198.44,3087.53,2215.12,584.66,1.0345,0.5905,0.9868,1.2151,0.8869,0.3255,0.8929,0.2807,0.2119,-0.6486,0.6456,0.7464,0.6650,0.6599,0.6740,0.7338,0.5541,0.6843,0.7123,0.7004,0.0143,0.0107,0.0271,0.0281,0.0212,0.0003,0.0703,0.0019,0.0103,0.0195,0.9801,0.9795,0.9905,0.9790,0.9807,1.0000,0.9694,1.0000,0.9745,1.0000,58.61,206.89,85.07,61.04,69.84,13.27,5.27,279.56,75.49,86.48,0.0000,0.0000,0.0000,0.0000,0.0000,0.0000,0.4565,0.0407,0.0000,0.0000,104304,74663,53998,54750,86225,66964,95775,572442,131417,91336,0,0,0,0,0,0,0,0,0,0,0.0000,0.0000,0.0000,0.0000,0.0000,0.0000,0.1147,0.1277,0.0000,0.0000,0,0,0,0,0,0,0,1,0,0,0,0,0,0,0,0,1,1,0,0,0.1442,0.0889,0.1489,0.0675,0.1137,0.0254,0.0785,0.1165,0.0211,0.1357,0.000,0.000,0.000,0.000,0.000,0.000,0.000,0.169,0.000,0.000,semi-presidential,parliamentary,parliamentary,parliamentary,parliamentary,semi-presidential,semi-presidential,electoral-authoritarian,electoral-authoritarian,parliamentary,0.800,0.800,0.800,0.800,0.800,0.800,0.800,0.500,0.500,0.800,30.0,100.0,100.0,100.0,100.0,50.9,100.0,100.0,100.0,100.0
2032-07-01,1.0054,0.9860,0.9946,0.9813,1.0058,0.9944,0.9862,0.9978,0.9904,1.0104,1.0135,0.9935,1.0823,1.0483,1.0302,1.0255,1.0487,1.0922,0.9876,1.0465,1.0016,1.0649,1.0152,0.9936,3933.96,5821.36,4382.75,3004.01,2310.50,1466.30,197.88,3100.94,2227.31,583.80,1.0320,0.5893,0.9818,1.2136,0.8827,0.3235,0.8854,0.2806,0.2116,-0.6640,0.6523,0.7507,0.6644,0.6532,0.6792,0.7351,0.5290,0.6674,0.6987,0.6892,0.0183,0.0157,0.0293,0.0359,0.0258,0.0038,0.0704,0.0016,0.0136,0.0188,0.9474,0.9502,0.9740,0.9515,0.9486,0.9773,0.9621,1.0000,0.9518,1.0000,58.84,207.50,85.61,61.23,70.22,13.57,5.26,281.05,75.93,86.32,0.0000,0.0000,0.0000,0.0000,0.0000,0.0000,0.4577,0.0406,0.0000,0.0000,104304,74663,53998,54750,86225,66964,95775,572442,131417,91336,0,0,0,0,0,0,0,0,0,0,0.0000,0.0000,0.0000,0.0000,0.0000,0.0000,0.1262,0.1392,0.0000,0.0000,0,0,0,0,0,0,0,1,0,0,0,0,0,0,0,0,1,1,0,0,0.1254,0.0802,0.1284,0.0579,0.0980,0.0286,0.0763,0.1145,0.0183,0.1359,0.000,0.000,0.000,0.000,0.000,0.000,0.000,0.170,0.000,0.000,semi-presidential,parliamentary,parliamentary,parliamentary,parliamentary,semi-presidential,semi-presidential,electoral-authoritarian,electoral-authoritarian,parliamentary,0.800,0.800,0.800,0.800,0.800,0.800,0.800,0.500,0.500,0.800,32.8,100.0,100.0,100.0,100.0,53.9,100.0,100.0,100.0,100.0
2032-08-01,1.0044,0.9886,0.9934,0.9865,1.0093,0.9935,0.9849,0.9980,0.9901,1.0158,1.0105,0.9935,1.0802,1.0627,1.0290,1.0336,1.0303,1.0405,0.9864,0.9995,1.0013,1.0617,1.0125,0.9937,3952.19,5830.49,4387.62,3007.49,2322.92,1477.43,197.39,3100.14,2232.33,583.33,1.0299,0.5884,0.9807,1.2123,0.8781,0.3200,0.8798,0.2816,0.2119,-0.6790,0.6520,0.7397,0.6628,0.6383,0.6904,0.7420,0.5166,0.6757,0.6921,0.6933,0.0165,0.0160,0.0235,0.0334,0.0200,0.0042,0.0669,0.0011,0.0143,0.0081,0.9373,0.9409,0.9690,0.9427,0.9386,0.9700,0.9606,1.0000,0.9439,1.0000,58.60,207.35,85.69,61.02,70.03,13.78,5.28,278.91,75.54,86.40,0.0000,0.0000,0.0000,0.0000,0.0000,0.0000,0.4583,0.0409,0.0000,0.0000,104304,74663,53998,54750,86225,66964,95775,572442,131417,91336,0,0,0,0,0,0,0,0,0,0,0.0000,0.0000,0.0000,0.0000,0.0000,0.0000,0.1354,0.1484,0.0000,0.0000,0,0,0,0,0,0,0,1,0,0,0,0,0,0,0,0,1,1,0,0,0.1437,0.0886,0.1484,0.0727,0.1131,0.0309,0.0785,0.1165,0.0207,0.1365,0.000,0.000,0.000,0.000,0.000,0.000,0.000,0.171,0.000,0.000,semi-presidential,parliamentary,parliamentary,parliamentary,parliamentary,semi-presidential,semi-presidential,electoral-authoritarian,electoral-authoritarian,parliamentary,0.800,0.800,0.800,0.800,0.800,0.800,0.800,0.500,0.500,0.800,38.0,100.0,100.0,100.0,100.0,57.0,100.0,100.0,100.0,100.0
2032-09-01,1.0039,0.9908,0.9919,0.9903,1.0097,0.9917,0.9844,0.9969,0.9884,1.0169,1.0083,0.9933,1.0815,1.0415,1.0286,1.0269,1.0294,1.0391,0.9860,0.9981,0.9997,1.0335,1.0100,0.9934,3967.25,5846.73,4403.85,3013.43,2334.71,1482.06,196.85,3107.78,2239.25,583.22,1.0305,0.5868,0.9771,1.2099,0.8737,0.3180,0.8743,0.2820,0.2120,-0.6880,0.6715,0.7396,0.6753,0.6396,0.6987,0.7440,0.5167,0.6858,0.6789,0.6879,0.0137,0.0129,0.0210,0.0264,0.0170,0.0020,0.0641,0.0010,0.0123,0.0076,0.9581,0.9597,0.9795,0.9605,0.9591,0.9854,0.9646,1.0000,0.9591,1.0000,58.87,207.90,86.32,60.95,70.41,13.68,5.53,280.22,75.88,86.47,0.0000,0.0000,0.0000,0.0000,0.0000,0.0000,0.4592,0.0418,0.0000,0.0000,104304,74663,53998,54750,86225,66964,95775,572442,131417,91336,0,0,0,0,0,0,0,0,0,0,0.0000,0.0000,0.0000,0.0000,0.0000,0.0000,0.1446,0.1599,0.0000,0.0000,0,0,0,0,0,0,0,1,0,0,0,0,0,0,0,0,1,1,0,0,0.1433,0.0886,0.1484,0.0729,0.1133,0.0308,0.0756,0.1148,0.0207,0.1366,0.000,0.000,0.000,0.000,0.000,0.000,0.000,0.171,0.000,0.000,semi-presidential,parliamentary,parliamentary,parliamentary,parliamentary,semi-presidential,semi-presidential,electoral-authoritarian,electoral-authoritarian,parliamentary,0.800,0.800,0.800,0.800,0.800,0.800,0.800,0.500,0.500,0.800,36.0,100.0,100.0,100.0,100.0,60.1,100.0,100.0,100.0,100.0
2032-10-01,1.0074,0.9931,0.9911,0.9917,1.0100,0.9902,0.9824,0.9985,0.9865,1.0181,1.0056,0.9927,1.1101,1.0994,1.0278,1.0293,1.0300,1.0371,0.9840,1.1068,0.9978,1.0572,1.0073,0.9929,3981.41,5888.99,4404.04,3022.23,2343.42,1492.79,196.52,3118.80,2252.72,584.12,1.0273,0.5826,0.9771,1.2065,0.8706,0.3146,0.8660,0.2818,0.2115,-0.7014,0.6653,0.7390,0.6671,0.6474,0.7028,0.7478,0.5212,0.6977,0.6783,0.6947,0.0271,0.0205,0.0330,0.0329,0.0287,0.0080,0.0943,0.0020,0.0184,0.0150,0.9098,0.9157,0.9554,0.9184,0.9113,0.9498,0.9567,1.0000,0.9216,1.0000,59.86,209.74,87.06,61.83,72.19,13.65,5.40,287.60,77.07,86.36,0.0000,0.0000,0.0000,0.0000,0.0000,0.0000,0.4583,0.0413,0.0000,0.0000,104304,74663,53998,54750,86225,66964,95775,572442,131417,91336,0,0,0,0,0,0,0,0,0,0,0.0000,0.0000,0.0000,0.0000,0.0000,0.0000,0.1561,0.1691,0.0000,0.0000,0,0,0,0,0,0,0,1,0,0,0,0,0,0,0,0,1,1,0,0,0.1432,0.0881,0.1479,0.0725,0.1127,0.0304,0.0781,0.1192,0.0203,0.1370,0.000,0.000,0.000,0.000,0.000,0.000,0.000,0.172,0.000,0.000,semi-presidential,parliamentary,parliamentary,parliamentary,parliamentary,semi-presidential,semi-presidential,electoral-authoritarian,electoral-authoritarian,parliamentary,0.800,0.800,0.800,0.800,0.800,0.800,0.800,0.500,0.500,0.800,38.9,100.0,100.0,100.0,100.0,63.3,100.0,100.0,100.0,100.0
2032-11-01,1.0093,0.9959,0.9905,0.9909,1.0100,0.9898,0.9807,1.0023,0.9858,1.0199,1.0038,0.9938,1.0894,1.0779,1.0271,1.0090,1.0372,1.0364,0.9822,1.0712,0.9969,1.0475,1.0057,0.9939,3994.14,5898.34,4414.48,3036.32,2347.06,1501.18,195.97,3122.02,2275.25,584.97,1.0245,0.5818,0.9748,1.2009,0.8693,0.3119,0.8606,0.2824,0.2110,-0.7149,0.6642,0.7375,0.6676,0.6600,0.7068,0.7508,0.5263,0.6797,0.6798,0.6892,0.0210,0.0160,0.0288,0.0217,0.0250,0.0048,0.0658,0.0017,0.0153,0.0144,0.9309,0.9350,0.9659,0.9371,0.9322,0.9659,0.9604,1.0000,0.9388,1.0000,60.10,212.70,92.34,66.03,73.57,14.14,5.47,287.62,77.48,87.94,0.0000,0.0000,0.0000,0.0000,0.0000,0.0000,0.4582,0.0420,0.0000,0.0000,104304,74663,53998,54750,86225,66964,95775,572442,131417,91336,0,0,0,0,0,0,0,0,0,0,0.0000,0.0000,0.0000,0.0000,0.0000,0.0000,0.1653,0.1783,0.0000,0.0000,0,0,0,0,0,0,0,1,0,0,0,0,0,0,0,0,1,1,0,0,0.1431,0.0893,0.1486,0.0753,0.1129,0.0312,0.0788,0.1167,0.0204,0.1340,0.000,0.000,0.000,0.000,0.000,0.000,0.000,0.172,0.000,0.000,semi-presidential,parliamentary,parliamentary,parliamentary,parliamentary,semi-presidential,semi-presidential,electoral-authoritarian,electoral-authoritarian,parliamentary,0.800,0.800,0.800,0.800,0.800,0.800,0.800,0.500,0.500,0.800,41.9,90.0,100.0,100.0,100.0,66.4,100.0,100.0,100.0,100.0
2032-12-01,1.0103,0.9999,0.9901,0.9900,1.0091,0.9907,0.9804,1.0029,0.9881,1.0214,1.0030,0.9946,1.0936,1.1356,1.0267,1.0214,1.0287,1.0370,0.9819,1.0043,1.0674,1.0446,1.0139,0.9948,3997.69,5904.40,4416.24,3045.57,2356.68,1507.66,196.14,3128.45,2282.97,585.31,1.0238,0.5812,0.9744,1.1972,0.8658,0.3095,0.8521,0.2829,0.2111,-0.7290,0.6571,0.7409,0.6733,0.6607,0.7085,0.7595,0.5399,0.6636,0.6634,0.7046,0.0244,0.0225,0.0294,0.0318,0.0295,0.0096,0.0801,0.0037,0.0230,0.0101,0.8850,0.8929,0.9432,0.8959,0.8862,0.9312,0.9536,1.0000,0.9002,1.0000,60.98,213.18,91.03,64.31,73.87,14.42,5.63,291.06,78.48,87.85,0.0000,0.0000,0.0000,0.0000,0.0000,0.0000,0.4589,0.0417,0.0000,0.0000,104304,74663,53998,54750,86225,66964,95775,572442,131417,91336,0,0,0,0,0,0,0,0,0,0,0.0000,0.0000,0.0000,0.0000,0.0000,0.0000,0.1745,0.1898,0.0000,0.0000,0,0,0,0,0,0,0,1,0,0,0,0,0,0,0,0,1,1,0,0,0.1489,0.0897,0.1536,0.0745,0.1137,0.0317,0.0763,0.1189,0.0209,0.1365,0.000,0.000,0.000,0.000,0.000,0.000,0.000,0.171,0.000,0.000,semi-presidential,parliamentary,parliamentary,parliamentary,parliamentary,semi-presidential,semi-presidential,electoral-authoritarian,electoral-authoritarian,parliamentary,0.800,0.800,0.800,0.800,0.800,0.800,0.800,0.500,0.500,0.800,44.7,92.0,100.0,100.0,100.0,69.6,100.0,100.0,100.0,100.0
2033-01-01,1.0114,1.0060,0.9888,0.9898,1.0069,0.9912,0.9790,1.0040,0.9905,1.0228,1.0029,0.9951,1.0900,1.1209,1.0254,1.0186,1.0266,1.0378,0.9806,1.0519,1.0344,1.0493,1.0045,0.9952,4008.15,5903.96,4426.36,3055.00,2370.35,1514.56,196.10,3136.07,2298.60,583.74,1.0210,0.5813,0.9722,1.1935,0.8609,0.3072,0.8425,0.2830,0.2105,-0.7455,0.6533,0.7391,0.6810,0.6629,0.7076,0.7471,0.5353,0.6443,0.6555,0.6976,0.0237,0.0198,0.0297,0.0281,0.0270,0.0076,0.0680,0.0027,0.0194,0.0116,0.9036,0.9102,0.9525,0.9130,0.9050,0.9459,0.9572,1.0000,0.9166,1.0000,60.51,213.13,91.21,63.93,73.16,14.69,5.42,287.66,78.48,88.15,0.0000,0.0000,0.0000,0.0000,0.0000,0.0000,0.4586,0.0419,0.0000,0.0000,104304,74663,53998,54750,86225,66964,95775,572442,131417,91336,0,0,0,0,0,0,0,0,0,0,0.0000,0.0000,0.0000,0.0000,0.0000,0.0000,0.1860,0.1990,0.0000,0.0000,0,0,0,0,0,0,0,1,0,0,0,0,0,0,0,0,1,1,0,0,0.1497,0.0904,0.1543,0.0750,0.1143,0.0325,0.0761,0.1179,0.0214,0.1373,0.000,0.000,0.000,0.000,0.000,0.000,0.000,0.171,0.000,0.000,semi-presidential,parliamentary,parliamentary,parliamentary,parliamentary,semi-presidential,semi-presidential,electoral-authoritarian,electoral-authoritarian,parliamentary,0.800,0.800,0.800,0.800,0.800,0.800,0.800,0.500,0.500,0.800,47.6,95.1,100.0,100.0,100.0,72.7,100.0,100.0,100.0,100.0
2033-02-01,1.0096,1.0079,0.9877,0.9906,1.0032,0.9929,0.9783,1.0039,0.9923,1.0246,1.0025,0.9953,1.0848,1.0470,1.0242,1.0181,1.0226,1.0489,0.9797,1.0191,1.0323,1.0469,1.0039,0.9955,4032.25,5921.43,4442.59,3061.00,2377.85,1525.79,196.04,3136.48,2309.02,583.69,1.0148,0.5796,0.9686,1.1913,0.8583,0.3039,0.8349,0.2838,0.2103,-0.7602,0.6572,0.7345,0.6920,0.6773,0.7181,0.7550,0.5389,0.6420,0.6569,0.7041,0.0127,0.0113,0.0211,0.0211,0.0163,0.0011,0.0615,0.0023,0.0122,0.0093,0.9700,0.9694,0.9856,0.9701,0.9714,0.9927,0.9693,1.0000,0.9664,1.0000,59.55,213.39,90.70,62.90,71.78,14.82,5.30,281.68,78.04,88.38,0.0000,0.0000,0.0000,0.0000,0.0000,0.0000,0.4587,0.0418,0.0000,0.0000,104304,74663,53998,54750,86225,66964,95775,572442,131417,91336,0,0,0,0,0,0,0,0,0,0,0.0000,0.0000,0.0000,0.0000,0.0000,0.0000,0.1952,0.2082,0.0000,0.0000,0,0,0,0,0,0,0,1,0,0,0,0,0,0,0,0,1,1,0,0,0.1497,0.0906,0.1543,0.0751,0.1147,0.0323,0.0722,0.1155,0.0217,0.1386,0.000,0.000,0.000,0.000,0.000,0.000,0.000,0.171,0.000,0.000,semi-presidential,parliamentary,parliamentary,parliamentary,parliamentary,semi-presidential,semi-presidential,electoral-authoritarian,electoral-authoritarian,parliamentary,0.800,0.800,0.800,0.800,0.800,0.800,0.800,0.500,0.500,0.800,50.5,98.1,100.0,100.0,100.0,75.9,100.0,100.0,100.0,100.0
2033-03-01,1.0087,1.0084,0.9875,0.9920,1.0008,0.9941,0.9792,1.0040,0.9936,1.0260,1.0026,0.9959,1.0877,1.0377,1.0245,1.0194,1.0199,1.0457,1.0426,1.0054,1.0052,1.0392,1.0096,0.9960,4043.06,5950.52,4473.28,3064.57,2387.44,1538.10,195.47,3145.74,2323.90,585.57,1.0120,0.5769,0.9620,1.1900,0.8549,0.3005,0.8296,0.2838,0.2098,-0.7723,0.6619,0.7320,0.7048,0.6769,0.7275,0.7603,0.5412,0.6513,0.6659,0.7083,0.0132,0.0102,0.0217,0.0203,0.0158,0.0001,0.0646,0.0014,0.0107,0.0103,0.9784,0.9779,0.9898,0.9772,0.9787,1.0000,0.9706,1.0000,0.9724,1.0000,61.06,216.48,92.06,63.68,73.78,14.96,5.63,289.72,79.50,88.57,0.0000,0.0000,0.0000,0.0000,0.0000,0.0000,0.4568,0.0424,0.0000,0.0000,104304,74663,53998,54750,86225,66964,95775,572442,131417,91336,0,0,0,0,0,0,0,0,0,0,0.0000,0.0000,0.0000,0.0000,0.0000,0.0000,0.2044,0.2174,0.0000,0.0000,0,0,0,0,0,0,0,1,0,0,0,0,0,0,0,0,1,1,0,0,0.1503,0.0912,0.1549,0.0755,0.1152,0.0332,0.0767,0.1194,0.0222,0.1384,0.000,0.000,0.000,0.000,0.000,0.000,0.000,0.171,0.000,0.000,semi-presidential,parliamentary,parliamentary,parliamentary,parliamentary,semi-presidential,semi-presidential,electoral-authoritarian,electoral-authoritarian,parliamentary,0.800,0.800,0.800,0.800,0.800,0.800,0.800,0.500,0.500,0.800,53.4,100.0,100.0,100.0,100.0,79.1,100.0,100.0,100.0,100.0
2033-04-01,1.0084,1.0101,0.9868,0.9919,0.9992,0.9954,0.9830,1.0051,0.9934,1.0263,1.0013,0.9945,1.0868,1.0398,1.0239,1.0085,1.0186,1.0419,1.1232,1.0733,1.0049,1.0369,1.0030,0.9947,4050.64,5968.77,4484.98,3062.32,2395.40,1547.33,195.32,3150.69,2333.81,586.57,1.0102,0.5755,0.9593,1.1908,0.8520,0.2977,0.8205,0.2844,0.2097,-0.7855,0.6553,0.7326,0.6902,0.6756,0.7276,0.7552,0.5440,0.6793,0.6808,0.7128,0.0185,0.0100,0.0285,0.0147,0.0195,0.0000,0.0671,0.0025,0.0109,0.0178,0.9783,0.9777,0.9898,0.9771,0.9787,1.0000,0.9711,1.0000,0.9723,1.0000,60.85,217.12,94.72,66.36,74.40,15.14,5.63,289.02,79.88,89.22,0.0000,0.0000,0.0000,0.0000,0.0000,0.0000,0.4567,0.0426,0.0000,0.0000,104304,74663,53998,54750,86225,66964,95775,572442,131417,91336,0,0,0,0,0,0,0,0,0,0,0.0000,0.0000,0.0000,0.0000,0.0000,0.0000,0.2159,0.2289,0.0000,0.0000,0,0,0,0,0,0,0,1,0,0,0,0,0,0,0,0,1,1,0,0,0.1242,0.0791,0.1266,0.0634,0.0938,0.0293,0.0732,0.1143,0.0180,0.1368,0.000,0.000,0.000,0.000,0.000,0.000,0.000,0.172,0.000,0.000,semi-presidential,parliamentary,parliamentary,parliamentary,parliamentary,semi-presidential,semi-presidential,electoral-authoritarian,electoral-authoritarian,parliamentary,0.800,0.800,0.800,0.800,0.800,0.800,0.800,0.500,0.500,0.800,56.2,32.9,100.0,100.0,100.0,82.3,100.0,100.0,100.0,100.0
2033-05-01,1.0085,1.0099,0.9879,0.9932,0.9972,0.9954,0.9871,1.0073,0.9933,1.0260,0.9980,0.9912,1.0899,1.0393,1.0906,1.0244,1.0162,1.0618,1.1214,1.0619,1.0051,1.0331,1.0000,0.9915,4053.92,5968.28,4466.61,3056.54,2390.98,1550.77,194.76,3158.44,2339.24,586.05,1.0095,0.5760,0.9631,1.1932,0.8536,0.2961,0.8152,0.2845,0.2100,-0.8008,0.6450,0.7214,0.6511,0.6552,0.6999,0.7494,0.5434,0.6613,0.6792,0.7035,0.0228,0.0133,0.0323,0.0267,0.0238,0.0002,0.0714,0.0023,0.0137,0.0177,0.9784,0.9778,0.9898,0.9773,0.9789,1.0000,0.9716,1.0000,0.9725,1.0000,61.78,217.76,92.27,63.20,74.40,15.49,5.71,292.36,79.85,88.72,0.0000,0.0000,0.0000,0.0000,0.0000,0.0000,0.4561,0.0429,0.0000,0.0000,104304,74663,53998,54750,86225,66964,95775,572442,131417,91336,0,0,0,0,0,0,0,0,0,0,0.0000,0.0000,0.0000,0.0000,0.0000,0.0000,0.2251,0.2381,0.0000,0.0000,0,0,0,0,0,0,0,1,0,0,0,0,0,0,0,0,1,1,0,0,0.1240,0.0782,0.1265,0.0606,0.0937,0.0280,0.0714,0.1160,0.0166,0.1384,0.000,0.000,0.000,0.000,0.000,0.000,0.000,0.175,0.000,0.000,semi-presidential,parliamentary,parliamentary,parliamentary,parliamentary,semi-presidential,semi-presidential,electoral-authoritarian,electoral-authoritarian,parliamentary,0.800,0.800,0.800,0.800,0.800,0.800,0.800,0.500,0.500,0.800,59.0,35.7,100.0,100.0,100.0,85.4,100.0,100.0,100.0,100.0
2033-06-01,1.0090,1.0095,0.9903,0.9944,0.9959,0.9964,0.9902,1.0079,0.9941,1.0216,0.9926,0.9898,1.0896,1.0394,1.1589,1.0280,1.0151,1.0433,1.0696,1.0149,1.0232,1.0253,0.9941,0.9901,4063.48,5963.50,4469.22,3060.75,2394.79,1557.05,194.43,3165.12,2347.48,589.18,1.0072,0.5767,0.9625,1.1918,0.8524,0.2941,0.8088,0.2849,0.2100,-0.8111,0.6480,0.7128,0.6409,0.6404,0.6779,0.7432,0.5475,0.6429,0.6698,0.7054,0.0229,0.0155,0.0315,0.0318,0.0259,0.0000,0.0664,0.0022,0.0168,0.0136,0.9779,0.9773,0.9896,0.9767,0.9783,1.0000,0.9728,1.0000,0.9718,1.0000,61.53,217.84,92.55,63.40,73.90,15.67,5.44,290.02,80.02,89.32,0.0000,0.0000,0.0000,0.0000,0.0000,0.0000,0.4558,0.0433,0.0000,0.0000,104304,74663,53998,54750,86225,66964,95775,572442,131417,91336,0,0,0,0,0,0,0,0,0,0,0.0000,0.0000,0.0000,0.0000,0.0000,0.0000,0.2343,0.2496,0.0000,0.0000,0,0,0,0,0,0,0,1,0,0,0,0,0,0,0,0,1,1,0,0,0.1333,0.0821,0.1367,0.0650,0.1009,0.0283,0.0723,0.1153,0.0168,0.1385,0.000,0.000,0.000,0.000,0.000,0.000,0.000,0.177,0.000,0.000,semi-presidential,parliamentary,parliamentary,parliamentary,parliamentary,semi-presidential,semi-presidential,electoral-authoritarian,electoral-authoritarian,parliamentary,0.800,0.800,0.800,0.800,0.800,0.800,0.800,0.500,0.500,0.800,61.8,38.5,100.0,100.0,100.0,88.5,100.0,100.0,100.0,100.0
2033-07-01,1.0099,1.0102,0.9934,0.9933,0.9926,0.9968,0.9926,1.0094,0.9920,1.0188,0.9904,0.9902,1.0977,1.0587,1.1356,1.0096,1.0123,1.0436,1.0697,1.0942,1.0041,1.0244,1.0258,0.9905,4072.76,5991.08,4483.12,3062.30,2399.21,1565.14,193.82,3174.59,2349.80,590.37,1.0120,0.5743,0.9596,1.1915,0.8509,0.2918,0.8017,0.2849,0.2100,-0.8241,0.6622,0.7146,0.6436,0.6480,0.6698,0.7423,0.5317,0.6495,0.6633,0.7044,0.0282,0.0158,0.0367,0.0241,0.0290,0.0017,0.0905,0.0023,0.0167,0.0197,0.9615,0.9621,0.9813,0.9631,0.9629,0.9876,0.9696,1.0000,0.9606,1.0000,62.79,221.85,97.89,68.39,77.12,15.94,5.66,297.44,81.34,90.17,0.0000,0.0000,0.0000,0.0000,0.0000,0.0000,0.4620,0.0426,0.0000,0.0000,104304,74663,53998,54750,86225,66964,95775,572442,131417,91336,0,0,0,0,0,0,0,0,0,0,0.0000,0.0000,0.0000,0.0000,0.0000,0.0000,0.2457,0.2588,0.0000,0.0000,0,0,0,0,0,0,0,1,0,0,0,0,0,0,0,0,1,1,0,0,0.1448,0.0878,0.1501,0.0736,0.1102,0.0294,0.0686,0.1160,0.0180,0.1353,0.000,0.000,0.000,0.000,0.000,0.000,0.000,0.177,0.000,0.000,semi-presidential,parliamentary,parliamentary,parliamentary,parliamentary,semi-presidential,semi-presidential,electoral-authoritarian,electoral-authoritarian,parliamentary,0.800,0.800,0.800,0.800,0.800,0.800,0.800,0.500,0.500,0.800,64.7,41.3,100.0,100.0,100.0,91.6,100.0,100.0,30.0,100.0
2033-08-01,1.0130,1.0118,0.9943,0.9931,0.9886,0.9990,0.9927,1.0121,0.9897,1.0189,0.9899,0.9922,1.1557,1.0411,1.0560,1.0170,1.0074,1.1206,1.0059,1.0814,1.0013,1.0262,0.9917,0.9926,4081.91,5993.24,4495.97,3065.92,2407.33,1569.31,193.15,3176.97,2357.36,591.20,1.0099,0.5744,0.9568,1.1904,0.8481,0.2902,0.7969,0.2854,0.2093,-0.8375,0.6647,0.7215,0.6543,0.6520,0.6836,0.7500,0.5210,0.6427,0.6651,0.7007,0.0219,0.0163,0.0290,0.0245,0.0235,0.0039,0.0897,0.0016,0.0143,0.0134,0.9784,0.9779,0.9898,0.9771,0.9786,1.0000,0.9722,1.0000,0.9722,1.0000,62.12,221.76,97.77,66.34,76.08,16.17,5.74,294.31,81.82,89.49,0.0000,0.0000,0.0000,0.0000,0.0000,0.0000,0.4609,0.0423,0.0000,0.0000,104304,74663,53998,54750,86225,66964,95775,572442,131417,91336,0,0,0,0,0,0,0,0,0,0,0.0000,0.0000,0.0000,0.0000,0.0000,0.0000,0.2549,0.2680,0.0000,0.0000,0,0,0,0,0,0,0,1,0,0,0,0,0,0,0,0,1,1,0,0,0.1469,0.0892,0.1515,0.0740,0.1120,0.0311,0.0717,0.1192,0.0199,0.1385,0.000,0.000,0.000,0.000,0.000,0.000,0.000,0.176,0.000,0.000,semi-presidential,parliamentary,parliamentary,parliamentary,parliamentary,semi-presidential,semi-presidential,electoral-authoritarian,electoral-authoritarian,parliamentary,0.800,0.800,0.800,0.800,0.800,0.800,0.800,0.500,0.500,0.800,67.6,44.1,100.0,100.0,100.0,94.7,100.0,100.0,32.9,100.0
2033-09-01,1.0156,1.0120,0.9919,0.9914,0.9868,1.0016,0.9933,1.0140,0.9906,1.0165,0.9905,0.9960,1.0965,1.0415,1.0295,1.0081,1.0060,1.0761,0.9949,1.0220,1.0075,1.0218,1.0068,0.9968,4104.53,5999.69,4519.53,3075.03,2418.06,1575.77,193.08,3186.07,2365.40,592.22,1.0044,0.5741,0.9519,1.1871,0.8444,0.2882,0.7876,0.2856,0.2078,-0.8609,0.6677,0.7255,0.6720,0.6734,0.6905,0.7492,0.5218,0.6532,0.6508,0.6997,0.0124,0.0107,0.0206,0.0154,0.0154,0.0003,0.0616,0.0013,0.0110,0.0091,0.9784,0.9778,0.9898,0.9772,0.9789,1.0000,0.9731,1.0000,0.9725,1.0000,63.33,224.27,101.15,68.96,77.38,16.69,5.64,296.92,82.88,91.21,0.0000,0.0000,0.0000,0.0000,0.0000,0.0000,0.4607,0.0425,0.0000,0.0000,104304,74663,53998,54750,86225,66964,95775,572442,131417,91336,0,0,0,0,0,0,0,0,0,0,0.0000,0.0000,0.0000,0.0000,0.0000,0.0000,0.2664,0.2795,0.0000,0.0000,0,0,0,0,0,0,0,1,0,0,0,0,0,0,0,0,1,1,0,0,0.1493,0.0924,0.1550,0.0782,0.1146,0.0337,0.0774,0.1236,0.0279,0.1359,0.000,0.000,0.000,0.000,0.000,0.000,0.000,0.166,0.000,0.000,semi-presidential,parliamentary,parliamentary,parliamentary,parliamentary,semi-presidential,semi-presidential,electoral-authoritarian,electoral-authoritarian,parliamentary,0.800,0.800,0.800,0.800,0.800,0.800,0.800,0.500,0.500,0.800,70.6,47.0,100.0,100.0,100.0,97.9,100.0,100.0,35.7,100.0
2033-10-01,1.0164,1.0111,0.9897,0.9897,0.9864,1.0031,0.9928,1.0123,0.9920,1.0146,0.9904,0.9979,1.0968,1.0403,1.0265,1.0101,1.0056,1.0494,1.0090,1.0145,1.0445,1.0225,0.9918,0.9984,4114.99,6003.83,4536.05,3082.73,2427.98,1586.39,192.65,3196.19,2373.62,592.00,1.0019,0.5740,0.9484,1.1843,0.8410,0.2855,0.7817,0.2885,0.2064,-0.8681,0.6751,0.7310,0.6887,0.6859,0.7045,0.7495,0.5252,0.6793,0.6759,0.6993,0.0115,0.0100,0.0204,0.0171,0.0159,0.0000,0.0652,0.0027,0.0120,0.0095,0.9784,0.9779,0.9898,0.9772,0.9788,1.0000,0.9727,1.0000,0.9724,1.0000,63.71,224.38,100.79,69.09,77.59,16.67,5.78,299.14,83.34,91.02,0.0000,0.0000,0.0000,0.0000,0.0000,0.0000,0.4609,0.0422,0.0000,0.0000,104304,74663,53998,54750,86225,66964,95775,572442,131417,91336,0,0,0,0,0,0,0,0,0,0,0.0000,0.0000,0.0000,0.0000,0.0000,0.0000,0.2756,0.2887,0.0000,0.0000,0,0,0,0,0,0,0,1,0,0,0,0,0,0,0,0,1,1,0,0,0.1517,0.0937,0.1564,0.0794,0.1164,0.0350,0.0790,0.1266,0.0294,0.1385,0.000,0.000,0.000,0.000,0.000,0.000,0.000,0.165,0.000,0.000,semi-presidential,parliamentary,parliamentary,parliamentary,parliamentary,semi-presidential,semi-presidential,electoral-authoritarian,electoral-authoritarian,parliamentary,0.800,0.800,0.800,0.800,0.800,0.800,0.800,0.500,0.500,0.800,73.5,49.9,100.0,100.0,100.0,100.0,100.0,100.0,38.7,100.0
2033-11-01,1.0176,1.0113,0.9882,0.9891,0.9848,1.0053,0.9939,1.0087,0.9937,1.0138,0.9896,0.9990,1.0981,1.0501,1.0251,1.0113,1.0038,1.0519,1.0806,1.0102,1.0589,1.0219,0.9936,0.9991,4132.88,6015.94,4555.87,3089.49,2440.78,1593.48,192.79,3211.15,2399.50,592.87,0.9976,0.5731,0.9443,1.1819,0.8366,0.2835,0.7736,0.2879,0.2026,-0.8814,0.6802,0.7361,0.7024,0.6893,0.7175,0.7525,0.5316,0.6862,0.6894,0.6997,0.0149,0.0112,0.0242,0.0190,0.0188,0.0010,0.0685,0.0036,0.0135,0.0127,0.9701,0.9695,0.9857,0.9702,0.9715,0.9930,0.9715,1.0000,0.9662,1.0000,63.79,223.44,97.89,67.43,77.22,16.26,5.74,300.90,83.41,90.73,0.0000,0.0000,0.0000,0.0000,0.0000,0.0000,0.4609,0.0422,0.0000,0.0000,104304,74663,53998,54750,86225,66964,95775,572442,131417,91336,0,0,0,0,0,0,0,0,0,0,0.0000,0.0000,0.0000,0.0000,0.0000,0.0000,0.2848,0.2979,0.0000,0.0000,0,0,0,0,0,0,0,1,0,0,0,0,0,0,0,0,1,1,0,0,0.1528,0.0941,0.1575,0.0793,0.1174,0.0356,0.0797,0.1276,0.0297,0.1388,0.000,0.000,0.000,0.000,0.000,0.000,0.000,0.164,0.000,0.000,semi-presidential,parliamentary,parliamentary,parliamentary,parliamentary,semi-presidential,semi-presidential,electoral-authoritarian,electoral-authoritarian,parliamentary,0.800,0.800,0.800,0.800,0.800,0.800,0.800,0.500,0.500,0.800,76.5,52.8,100.0,100.0,100.0,100.0,100.0,100.0,44.8,100.0
2033-12-01,1.0204,1.0137,0.9881,0.9907,0.9847,1.0056,0.9967,1.0056,0.9955,1.0125,0.9896,0.9977,1.1966,1.0621,1.0410,1.0205,1.0037,1.0521,1.0116,1.0073,1.0790,1.0187,1.0273,0.9977,4134.10,6005.82,4571.15,3098.33,2441.88,1603.77,191.94,3221.96,2413.69,594.50,0.9974,0.5743,0.9411,1.1787,0.8363,0.2809,0.7675,0.2879,0.2007,-0.8937,0.6695,0.7327,0.6889,0.6788,0.7234,0.7468,0.5281,0.6903,0.6988,0.6984,0.0226,0.0185,0.0285,0.0303,0.0272,0.0065,0.0919,0.0041,0.0189,0.0117,0.9611,0.9618,0.9812,0.9628,0.9625,0.9874,0.9699,1.0000,0.9605,1.0000,62.59,220.76,94.66,64.39,75.48,15.96,5.57,297.22,83.50,89.14,0.0000,0.0000,0.0000,0.0000,0.0000,0.0000,0.4608,0.0424,0.0000,0.0000,104304,74663,53998,54750,86225,66964,95775,572442,131417,91336,0,0,0,0,0,0,0,0,0,0,0.0000,0.0000,0.0000,0.0000,0.0000,0.0000,0.2963,0.3094,0.0000,0.0000,0,0,0,0,0,0,0,1,0,0,0,0,0,0,0,0,1,1,0,0,0.1327,0.0844,0.1357,0.0670,0.1013,0.0318,0.0763,0.1271,0.0256,0.1401,0.000,0.000,0.000,0.000,0.000,0.000,0.000,0.166,0.000,0.000,semi-presidential,parliamentary,parliamentary,parliamentary,parliamentary,semi-presidential,semi-presidential,electoral-authoritarian,electoral-authoritarian,parliamentary,0.800,0.800,0.800,0.800,0.800,0.800,0.800,0.500,0.500,0.800,79.5,55.7,100.0,100.0,100.0,100.0,100.0,100.0,47.9,100.0
2034-01-01,1.0234,1.0148,0.9880,0.9919,0.9842,1.0060,0.9985,1.0033,0.9983,1.0115,0.9914,0.9960,1.1442,1.0487,1.0248,1.0211,1.0028,1.0526,1.0644,1.0047,1.0537,1.0193,1.0535,0.9961,4148.97,6019.15,4577.80,3102.61,2444.89,1613.25,191.56,3239.98,2419.65,594.46,0.9939,0.5734,0.9398,1.1773,0.8353,0.2786,0.7615,0.2870,0.1995,-0.9084,0.6626,0.7216,0.6723,0.6732,0.7079,0.7367,0.5303,0.6778,0.6937,0.6987,0.0179,0.0128,0.0263,0.0241,0.0211,0.0023,0.0922,0.0034,0.0141,0.0138,0.9744,0.9736,0.9879,0.9738,0.9755,0.9965,0.9723,1.0000,0.9691,1.0000,64.30,222.99,94.20,64.67,76.64,15.90,5.68,304.62,84.97,89.97,0.0000,0.0000,0.0000,0.0000,0.0000,0.0000,0.4609,0.0422,0.0000,0.0000,104304,74663,53998,54750,86225,66964,95775,572442,131417,91336,0,0,0,0,0,0,0,0,0,0,0.0000,0.0000,0.0000,0.0000,0.0000,0.0000,0.3055,0.3186,0.0000,0.0000,0,0,0,0,0,0,0,1,0,0,0,0,0,0,0,0,1,1,0,0,0.1439,0.0889,0.1478,0.0720,0.1100,0.0326,0.0763,0.1278,0.0271,0.1404,0.000,0.000,0.000,0.000,0.000,0.000,0.000,0.167,0.000,0.000,semi-presidential,parliamentary,parliamentary,parliamentary,parliamentary,semi-presidential,semi-presidential,electoral-authoritarian,electoral-authoritarian,parliamentary,0.800,0.800,0.800,0.800,0.800,0.800,0.800,0.500,0.500,0.800,82.3,58.5,100.0,100.0,100.0,100.0,100.0,100.0,51.0,100.0
2034-02-01,1.0276,1.0154,0.9867,0.9959,0.9827,1.0072,0.9998,1.0020,0.9981,1.0095,0.9937,0.9986,1.1191,1.0451,1.0238,1.0320,1.0010,1.0537,1.0012,1.0033,1.0098,1.0166,1.0476,0.9986,4158.37,6051.78,4596.32,3111.22,2450.83,1620.63,191.20,3255.62,2429.50,595.13,0.9917,0.5705,0.9360,1.1742,0.8333,0.2767,0.7554,0.2866,0.1979,-0.9221,0.6641,0.7269,0.6818,0.6820,0.7121,0.7445,0.5308,0.6678,0.7025,0.7044,0.0131,0.0104,0.0211,0.0258,0.0158,0.0002,0.0889,0.0013,0.0109,0.0099,0.9780,0.9775,0.9896,0.9768,0.9783,1.0000,0.9727,1.0000,0.9719,1.0000,65.14,224.93,93.63,64.61,77.16,15.95,5.62,309.02,85.57,90.50,0.0000,0.0000,0.0000,0.0000,0.0000,0.0000,0.4608,0.0424,0.0000,0.0000,104304,74663,53998,54750,86225,66964,95775,572442,131417,91336,0,0,0,0,0,0,0,0,0,0,0.0000,0.0000,0.0000,0.0000,0.0000,0.0000,0.3147,0.3301,0.0000,0.0000,0,0,0,0,0,0,0,1,0,0,0,0,0,0,0,0,1,1,0,0,0.1521,0.0931,0.1566,0.0761,0.1168,0.0345,0.0773,0.1291,0.0294,0.1409,0.000,0.000,0.000,0.000,0.000,0.000,0.000,0.167,0.000,0.000,semi-presidential,parliamentary,parliamentary,parliamentary,parliamentary,semi-presidential,semi-presidential,electoral-authoritarian,electoral-authoritarian,parliamentary,0.800,0.800,0.800,0.800,0.800,0.800,0.800,0.500,0.500,0.800,85.2,61.4,100.0,100.0,100.0,100.0,100.0,100.0,54.1,100.0
2034-03-01,1.0278,1.0162,0.9854,1.0012,0.9809,1.0073,1.0004,1.0017,0.9990,1.0097,0.9945,1.0007,1.1063,1.0651,1.0217,1.0406,0.9991,1.0533,1.0084,1.0030,1.0106,1.0195,0.9959,1.0008,4185.31,6074.14,4607.94,3117.71,2467.40,1627.93,190.80,3263.20,2444.87,596.08,0.9854,0.5687,0.9336,1.1719,0.8278,0.2749,0.7494,0.2866,0.1959,-0.9354,0.6725,0.7234,0.7029,0.6809,0.7257,0.7542,0.5401,0.6673,0.7081,0.7096,0.0135,0.0122,0.0202,0.0292,0.0164,0.0018,0.0662,0.0010,0.0121,0.0078,0.9609,0.9616,0.9811,0.9628,0.9624,0.9870,0.9701,1.0000,0.9605,1.0000,64.65,224.65,93.08,64.18,76.21,16.12,5.69,303.78,85.14,91.31,0.0000,0.0000,0.0000,0.0000,0.0000,0.0000,0.4614,0.0415,0.0000,0.0000,104304,74663,53998,54750,86225,66964,95775,572442,131417,91336,0,0,0,0,0,0,0,0,0,0,0.0000,0.0000,0.0000,0.0000,0.0000,0.0000,0.3239,0.3393,0.0000,0.0000,0,0,0,0,0,0,0,1,0,0,0,0,0,0,0,0,1,1,0,0,0.1540,0.0945,0.1585,0.0775,0.1186,0.0359,0.0775,0.1283,0.0308,0.1412,0.000,0.000,0.000,0.000,0.000,0.000,0.000,0.166,0.000,0.000,semi-presidential,parliamentary,parliamentary,parliamentary,parliamentary,semi-presidential,semi-presidential,electoral-authoritarian,electoral-authoritarian,parliamentary,0.800,0.800,0.800,0.800,0.800,0.800,0.800,0.500,0.500,0.800,88.2,64.2,100.0,100.0,100.0,100.0,100.0,100.0,57.3,100.0
2034-04-01,1.0269,1.0167,0.9867,1.0052,0.9786,1.0085,1.0008,1.0001,0.9995,1.0085,0.9932,1.0022,1.1045,1.0461,1.1490,1.0351,0.9970,1.0741,1.0296,1.0015,1.0370,1.0163,0.9947,1.0024,4205.86,6082.39,4631.49,3131.71,2480.47,1632.32,190.78,3277.19,2451.82,597.24,0.9803,0.5682,0.9289,1.1668,0.8235,0.2735,0.7402,0.2861,0.1946,-0.9483,0.6737,0.7291,0.7080,0.6828,0.7249,0.7562,0.5421,0.6837,0.7153,0.7176,0.0207,0.0144,0.0283,0.0315,0.0242,0.0002,0.0632,0.0022,0.0165,0.0111,0.9782,0.9777,0.9898,0.9771,0.9787,1.0000,0.9734,1.0000,0.9724,1.0000,64.01,222.99,92.93,63.24,75.42,15.94,5.47,299.39,84.23,91.52,0.0000,0.0000,0.0000,0.0000,0.0000,0.0000,0.4609,0.0422,0.0000,0.0000,104304,74663,53998,54750,86225,66964,95775,572442,131417,91336,0,0,0,0,0,0,0,0,0,0,0.0000,0.0000,0.0000,0.0000,0.0000,0.0000,0.3354,0.3485,0.0000,0.0000,0,0,0,0,0,0,0,1,0,0,0,0,0,0,0,0,1,1,0,0,0.1557,0.0999,0.1602,0.0794,0.1202,0.0371,0.0797,0.1288,0.0318,0.1414,0.000,0.000,0.000,0.000,0.000,0.000,0.000,0.165,0.000,0.000,semi-presidential,parliamentary,parliamentary,parliamentary,parliamentary,semi-presidential,semi-presidential,electoral-authoritarian,electoral-authoritarian,parliamentary,0.800,0.800,0.800,0.800,0.800,0.800,0.800,0.500,0.500,0.800,91.1,67.1,100.0,100.0,100.0,100.0,100.0,100.0,60.5,100.0
2034-05-01,1.0248,1.0153,0.9903,1.0068,0.9778,1.0090,1.0008,1.0001,1.0004,1.0076,0.9942,0.9989,1.1030,1.0448,1.1348,1.0334,1.0041,1.0556,1.0023,1.0428,1.0356,1.0155,1.0892,0.9995,4199.53,6086.26,4632.37,3139.45,2493.36,1642.88,190.60,3290.82,2462.61,598.87,0.9837,0.5682,0.9287,1.1639,0.8194,0.2711,0.7334,0.2857,0.1930,-0.9605,0.6635,0.7205,0.6940,0.6572,0.7286,0.7570,0.5425,0.6867,0.7014,0.7195,0.0234,0.0135,0.0329,0.0299,0.0274,0.0000,0.0672,0.0028,0.0156,0.0187,0.9783,0.9777,0.9898,0.9772,0.9787,1.0000,0.9733,1.0000,0.9724,1.0000,64.18,223.72,93.29,63.94,76.23,16.02,5.50,301.59,84.72,91.67,0.0000,0.0000,0.0000,0.0000,0.0000,0.0000,0.4609,0.0422,0.0000,0.0000,104304,74663,53998,54750,86225,66964,95775,572442,131417,91336,0,0,0,0,0,0,0,0,0,0,0.0000,0.0000,0.0000,0.0000,0.0000,0.0000,0.3446,0.3577,0.0000,0.0000,0,0,0,0,0,0,0,1,0,0,0,0,0,0,0,0,1,1,0,0,0.1164,0.0800,0.1177,0.0581,0.0882,0.0328,0.0754,0.1223,0.0231,0.1411,0.000,0.000,0.000,0.000,0.000,0.000,0.000,0.167,0.000,0.000,semi-presidential,parliamentary,parliamentary,parliamentary,parliamentary,semi-presidential,semi-presidential,electoral-authoritarian,electoral-authoritarian,parliamentary,0.820,0.800,0.800,0.800,0.800,0.800,0.800,0.500,0.500,0.800,94.0,69.9,100.0,100.0,100.0,100.0,100.0,100.0,63.6,100.0
2034-06-01,1.0240,1.0147,0.9916,1.0066,0.9782,1.0065,1.0003,0.9981,1.0031,1.0070,0.9973,0.9948,1.1049,1.0443,1.0379,1.0215,1.0003,1.0536,1.0019,0.9995,1.0685,1.0140,1.0807,0.9949,4187.27,6089.18,4616.39,3134.75,2492.12,1649.34,190.88,3305.67,2476.64,598.64,0.9865,0.5682,0.9317,1.1657,0.8199,0.2694,0.7230,0.2853,0.1912,-0.9756,0.6469,0.7108,0.6672,0.6445,0.7031,0.7501,0.5540,0.6961,0.6808,0.7180,0.0144,0.0104,0.0233,0.0167,0.0192,0.0000,0.0662,0.0035,0.0128,0.0134,0.9781,0.9776,0.9897,0.9769,0.9785,1.0000,0.9730,1.0000,0.9722,1.0000,65.26,225.11,95.60,68.00,78.46,15.86,5.61,309.78,87.48,91.72,0.0000,0.0000,0.0000,0.0000,0.0000,0.0000,0.4609,0.0423,0.0000,0.0000,104304,74663,53998,54750,86225,66964,95775,572442,131417,91336,0,0,0,0,0,0,0,0,0,0,0.0000,0.0000,0.0000,0.0000,0.0000,0.0000,0.3561,0.3692,0.0000,0.0000,0,0,0,0,0,0,0,1,0,0,0,0,0,0,0,0,1,1,0,0,0.1123,0.0769,0.1133,0.0568,0.0842,0.0303,0.0731,0.1206,0.0208,0.1390,0.000,0.000,0.000,0.000,0.000,0.000,0.000,0.171,0.000,0.000,semi-presidential,parliamentary,parliamentary,parliamentary,parliamentary,semi-presidential,semi-presidential,electoral-authoritarian,electoral-authoritarian,parliamentary,0.810,0.800,0.800,0.800,0.800,0.800,0.800,0.500,0.500,0.800,96.8,72.7,100.0,100.0,100.0,100.0,100.0,100.0,66.6,97.8
2034-07-01,1.0255,1.0153,0.9908,1.0061,0.9784,1.0027,0.9996,0.9959,1.0046,1.0071,1.0003,0.9914,1.1117,1.0537,1.0270,1.0212,1.0031,1.0500,1.0014,0.9973,1.0345,1.0243,1.0807,0.9916,4177.15,6058.62,4595.01,3130.00,2493.17,1654.44,190.29,3307.95,2483.00,601.43,0.9890,0.5713,0.9359,1.1676,0.8197,0.2680,0.7179,0.2858,0.1900,-0.9858,0.6335,0.7002,0.6098,0.6399,0.6757,0.7491,0.5475,0.6819,0.6755,0.7172,0.0146,0.0112,0.0230,0.0169,0.0189,0.0010,0.0853,0.0022,0.0120,0.0129,0.9705,0.9695,0.9859,0.9705,0.9722,0.9930,0.9719,1.0000,0.9664,1.0000,65.83,224.24,94.59,68.26,79.32,15.65,5.55,313.90,88.75,91.68,0.0000,0.0000,0.0000,0.0000,0.0000,0.0000,0.4603,0.0416,0.0000,0.0000,104304,74663,53998,54750,86225,66964,95775,572442,131417,91336,0,0,0,0,0,0,0,0,0,0,0.0000,0.0000,0.0000,0.0000,0.0000,0.0000,0.3653,0.3784,0.0000,0.0000,0,0,0,0,0,0,0,1,0,0,0,0,0,0,0,0,1,1,0,0,0.1285,0.0839,0.1319,0.0645,0.0970,0.0313,0.0738,0.1225,0.0220,0.1378,0.000,0.000,0.000,0.000,0.000,0.000,0.000,0.174,0.000,0.000,semi-presidential,parliamentary,parliamentary,parliamentary,parliamentary,semi-presidential,semi-presidential,electoral-authoritarian,electoral-authoritarian,parliamentary,0.800,0.800,0.800,0.800,0.800,0.800,0.800,0.500,0.500,0.800,99.5,75.4,100.0,100.0,100.0,100.0,100.0,100.0,69.6,100.0
2034-08-01,1.0264,1.0156,0.9924,1.0039,0.9820,0.9988,0.9982,0.9948,1.0042,1.0074,1.0028,0.9903,1.1067,1.0452,1.0869,1.0191,1.0239,1.0448,0.9999,0.9961,1.0164,1.0145,1.0797,0.9905,4173.05,6076.66,4602.25,3134.42,2492.77,1660.38,189.90,3311.48,2491.70,601.96,0.9901,0.5699,0.9345,1.1660,0.8199,0.2665,0.7119,0.2862,0.1886,-0.9996,0.6303,0.7020,0.5998,0.6307,0.6682,0.7433,0.5438,0.6675,0.6754,0.7089,0.0175,0.0120,0.0279,0.0230,0.0253,0.0000,0.0633,0.0014,0.0129,0.0197,0.9779,0.9775,0.9896,0.9767,0.9782,1.0000,0.9724,1.0000,0.9719,1.0000,64.81,223.31,93.69,67.37,77.91,15.56,5.49,308.09,87.68,92.16,0.0000,0.0000,0.0000,0.0000,0.0000,0.0000,0.4609,0.0423,0.0000,0.0000,104304,74663,53998,54750,86225,66964,95775,572442,131417,91336,0,0,0,0,0,0,0,0,0,0,0.0000,0.0000,0.0000,0.0000,0.0000,0.0000,0.3745,0.3876,0.0000,0.0000,0,0,0,0,0,0,0,1,0,0,0,0,0,0,0,0,1,1,0,0,0.1399,0.0887,0.1443,0.0700,0.1061,0.0323,0.0749,0.1213,0.0232,0.1380,0.000,0.000,0.000,0.000,0.000,0.000,0.000,0.175,0.000,0.000,semi-presidential,parliamentary,parliamentary,parliamentary,parliamentary,semi-presidential,semi-presidential,electoral-authoritarian,electoral-authoritarian,parliamentary,0.800,0.800,0.800,0.800,0.800,0.800,0.800,0.500,0.500,0.800,100.0,78.1,30.7,100.0,100.0,100.0,100.0,100.0,72.6,100.0
2034-09-01,1.0244,1.0142,0.9926,1.0008,0.9855,0.9944,0.9962,0.9925,1.0013,1.0054,1.0034,0.9887,1.1021,1.0430,1.0298,1.0165,1.0227,1.0406,0.9979,0.9939,1.0136,1.0112,1.0050,0.9887,4174.17,6078.74,4601.47,3134.87,2494.72,1666.77,189.22,3318.01,2505.35,603.08,0.9899,0.5700,0.9348,1.1660,0.8193,0.2650,0.7053,0.2866,0.1868,-1.0120,0.6340,0.7067,0.6124,0.6343,0.6595,0.7430,0.5538,0.6652,0.6925,0.7104,0.0109,0.0099,0.0205,0.0179,0.0184,0.0000,0.0574,0.0010,0.0104,0.0136,0.9786,0.9781,0.9899,0.9776,0.9792,1.0000,0.9737,1.0000,0.9729,1.0000,63.28,220.42,92.00,65.71,75.96,15.37,5.25,300.69,86.75,92.06,0.0000,0.0000,0.0000,0.0000,0.0000,0.0000,0.4607,0.0425,0.0000,0.0000,104304,74663,53998,54750,86225,66964,95775,572442,131417,91336,0,0,0,0,0,0,0,0,0,0,0.0000,0.0000,0.0000,0.0000,0.0000,0.0000,0.3860,0.3991,0.0000,0.0000,0,0,0,0,0,0,0,1,0,0,0,0,0,0,0,0,1,1,0,0,0.1365,0.0865,0.1411,0.0678,0.1034,0.0305,0.0738,0.1169,0.0218,0.1371,0.000,0.000,0.000,0.000,0.000,0.000,0.000,0.177,0.000,0.000,semi-presidential,parliamentary,parliamentary,parliamentary,parliamentary,semi-presidential,semi-presidential,electoral-authoritarian,electoral-authoritarian,parliamentary,0.800,0.800,0.800,0.800,0.800,0.800,0.800,0.500,0.500,0.800,100.0,80.9,33.3,100.0,100.0,100.0,100.0,100.0,75.7,100.0
2034-10-01,1.0208,1.0115,0.9908,1.0010,0.9882,0.9916,0.9961,0.9920,0.9998,1.0036,1.0030,0.9901,1.0966,1.0404,1.0275,1.0240,1.0230,1.0365,1.0078,1.0193,1.0117,1.0104,1.0044,0.9901,4184.06,6096.65,4610.89,3142.71,2496.36,1674.40,189.45,3323.86,2514.34,603.55,0.9877,0.5686,0.9330,1.1632,0.8188,0.2633,0.6971,0.2868,0.1854,-1.0259,0.6447,0.7172,0.6406,0.6406,0.6731,0.7516,0.5491,0.6438,0.6946,0.7083,0.0124,0.0098,0.0221,0.0214,0.0188,0.0000,0.0596,0.0013,0.0104,0.0148,0.9786,0.9781,0.9899,0.9776,0.9792,1.0000,0.9734,1.0000,0.9729,1.0000,62.66,219.83,90.12,63.32,74.57,15.30,5.23,297.94,86.41,91.67,0.0000,0.0000,0.0000,0.0000,0.0000,0.0000,0.4593,0.0422,0.0000,0.0000,104304,74663,53998,54750,86225,66964,95775,572442,131417,91336,0,0,0,0,0,0,0,0,0,0,0.0000,0.0000,0.0000,0.0000,0.0000,0.0000,0.3952,0.4083,0.0000,0.0000,0,0,0,0,0,0,0,1,0,0,0,0,0,0,0,0,1,1,0,0,0.1502,0.0907,0.1501,0.0713,0.1109,0.0326,0.0756,0.1189,0.0247,0.1405,0.000,0.000,0.000,0.000,0.000,0.000,0.000,0.176,0.000,0.000,semi-presidential,parliamentary,parliamentary,parliamentary,parliamentary,semi-presidential,semi-presidential,electoral-authoritarian,electoral-authoritarian,parliamentary,0.800,0.800,0.800,0.800,0.800,0.800,0.800,0.500,0.500,0.800,100.0,83.7,36.0,100.0,100.0,100.0,100.0,100.0,78.7,100.0
2034-11-01,1.0176,1.0092,0.9912,1.0023,0.9911,0.9872,0.9979,0.9926,0.9987,1.0021,1.0031,0.9899,1.0952,1.0381,1.0916,1.0251,1.0294,1.0321,1.0525,1.0532,1.0220,1.0082,1.0432,0.9902,4207.75,6110.74,4620.12,3151.47,2503.17,1692.39,189.09,3342.78,2520.78,603.99,0.9822,0.5676,0.9312,1.1601,0.8165,0.2597,0.6911,0.2861,0.1842,-1.0399,0.6568,0.7208,0.6513,0.6440,0.6853,0.7400,0.5451,0.6371,0.6733,0.7104,0.0211,0.0120,0.0323,0.0267,0.0273,0.0000,0.0662,0.0025,0.0135,0.0234,0.9786,0.9780,0.9899,0.9775,0.9791,1.0000,0.9732,1.0000,0.9728,1.0000,63.34,220.61,90.50,63.77,75.36,15.36,5.26,301.01,86.56,91.45,0.0000,0.0000,0.0000,0.0000,0.0000,0.0000,0.4593,0.0423,0.0000,0.0000,104304,74663,53998,54750,86225,66964,95775,572442,131417,91336,0,0,0,0,0,0,0,0,0,0,0.0000,0.0000,0.0000,0.0000,0.0000,0.0000,0.4044,0.4198,0.0000,0.0000,0,0,0,0,0,0,0,1,0,0,0,0,0,0,0,0,1,1,0,0,0.1392,0.0894,0.1384,0.0659,0.1024,0.0312,0.0780,0.1192,0.0228,0.1400,0.000,0.000,0.000,0.000,0.000,0.000,0.000,0.176,0.000,0.000,semi-presidential,parliamentary,parliamentary,parliamentary,parliamentary,semi-presidential,semi-presidential,electoral-authoritarian,electoral-authoritarian,parliamentary,0.800,0.800,0.800,0.800,0.800,0.800,0.800,0.500,0.500,0.800,100.0,86.5,38.8,100.0,100.0,100.0,100.0,100.0,81.7,100.0
2034-12-01,1.0122,1.0106,0.9932,1.0003,0.9931,0.9839,0.9977,0.9938,0.9991,1.0000,1.0024,0.9884,1.0854,1.0884,1.0298,1.0174,1.0202,1.0287,0.9995,0.9950,1.0108,1.0057,1.0040,0.9887,4199.83,6124.52,4601.89,3151.37,2509.10,1699.74,189.08,3350.52,2529.07,605.51,0.9842,0.5666,0.9350,1.1602,0.8146,0.2583,0.6820,0.2863,0.1828,-1.0519,0.6465,0.7150,0.6324,0.6340,0.6794,0.7389,0.5459,0.6111,0.6658,0.7043,0.0168,0.0152,0.0231,0.0210,0.0220,0.0043,0.0553,0.0010,0.0145,0.0098,0.9345,0.9385,0.9678,0.9404,0.9356,0.9696,0.9647,1.0000,0.9420,1.0000,62.25,220.36,92.35,65.41,75.07,15.66,5.19,296.47,86.66,91.80,0.0000,0.0000,0.0000,0.0000,0.0000,0.0000,0.4564,0.0421,0.0000,0.0000,104304,74663,53998,54750,86225,66964,95775,572442,131417,91336,0,0,0,0,0,0,0,0,0,0,0.0000,0.0000,0.0000,0.0000,0.0000,0.0000,0.4159,0.4290,0.0000,0.0000,0,0,0,0,0,0,0,1,0,0,0,0,0,0,0,0,1,1,0,0,0.1478,0.0936,0.1487,0.0713,0.1088,0.0313,0.0785,0.1194,0.0227,0.1357,0.000,0.000,0.000,0.000,0.000,0.000,0.000,0.172,0.000,0.000,semi-presidential,parliamentary,parliamentary,parliamentary,parliamentary,semi-presidential,semi-presidential,electoral-authoritarian,electoral-authoritarian,parliamentary,0.800,0.800,0.800,0.800,0.800,0.800,0.800,0.500,0.500,0.800,100.0,89.3,41.5,100.0,100.0,100.0,100.0,100.0,84.6,100.0
2035-01-01,1.0073,1.0127,0.9929,0.9992,0.9976,0.9805,0.9952,0.9941,0.9995,0.9965,0.9999,0.9901,1.0811,1.0694,1.0296,1.0154,1.0390,1.0244,0.9967,1.0324,1.0173,1.0011,1.0019,0.9903,4199.50,6140.14,4614.61,3159.20,2521.48,1709.03,189.65,3362.76,2532.70,606.26,0.9843,0.5654,0.9325,1.1575,0.8106,0.2567,0.6727,0.2861,0.1818,-1.0652,0.6537,0.7239,0.6488,0.6417,0.6847,0.7408,0.5591,0.6126,0.6589,0.7058,0.0161,0.0130,0.0257,0.0214,0.0239,0.0024,0.0569,0.0016,0.0130,0.0182,0.9530,0.9549,0.9771,0.9562,0.9542,0.9826,0.9681,1.0000,0.9553,1.0000,62.01,220.67,92.35,65.34,74.97,15.60,5.05,296.64,86.82,91.75,0.0000,0.0000,0.0000,0.0000,0.0000,0.0000,0.4563,0.0423,0.0000,0.0000,104304,74663,53998,54750,86225,66964,95775,572442,131417,91336,0,0,0,0,0,0,0,0,0,0,0.0000,0.0000,0.0000,0.0000,0.0000,0.0000,0.4251,0.4382,0.0000,0.0000,0,0,0,0,0,0,0,1,0,0,0,0,0,0,0,0,1,1,0,0,0.1497,0.0944,0.1498,0.0722,0.1098,0.0324,0.0797,0.1203,0.0239,0.1372,0.000,0.000,0.000,0.000,0.000,0.000,0.000,0.171,0.000,0.000,semi-presidential,parliamentary,parliamentary,parliamentary,parliamentary,semi-presidential,semi-presidential,electoral-authoritarian,electoral-authoritarian,parliamentary,0.800,0.800,0.800,0.800,0.800,0.800,0.800,0.500,0.500,0.800,100.0,92.1,44.3,100.0,100.0,100.0,100.0,100.0,87.5,100.0
2035-02-01,1.0031,1.0164,0.9930,0.9993,1.0004,0.9777,0.9945,0.9954,1.0034,0.9933,0.9966,0.9913,1.0781,1.1192,1.0575,1.0190,1.0211,1.0216,0.9960,1.0409,1.1544,0.9974,0.9982,0.9918,4215.11,6139.27,4632.52,3159.14,2526.12,1714.16,190.01,3368.90,2531.40,606.29,0.9807,0.5658,0.9290,1.1576,0.8092,0.2557,0.6624,0.2866,0.1812,-1.0797,0.6613,0.7311,0.6587,0.6373,0.6893,0.7466,0.5663,0.6296,0.6749,0.6962,0.0243,0.0191,0.0316,0.0272,0.0311,0.0065,0.0658,0.0069,0.0231,0.0153,0.9124,0.9185,0.9570,0.9212,0.9136,0.9537,0.9618,1.0000,0.9246,1.0000,63.43,222.73,93.25,65.66,76.40,15.94,5.18,302.22,88.02,91.93,0.0000,0.0000,0.0000,0.0000,0.0000,0.0000,0.4563,0.0423,0.0000,0.0000,104304,74663,53998,54750,86225,66964,95775,572442,131417,91336,0,0,0,0,0,0,0,0,0,0,0.0000,0.0000,0.0000,0.0000,0.0000,0.0000,0.4366,0.4497,0.0000,0.0000,0,0,0,0,0,0,0,1,0,0,0,0,0,0,0,0,1,1,0,0,0.1513,0.0958,0.1511,0.0731,0.1114,0.0375,0.0806,0.1234,0.0249,0.1381,0.000,0.000,0.000,0.000,0.000,0.000,0.000,0.170,0.000,0.000,semi-presidential,parliamentary,parliamentary,parliamentary,parliamentary,semi-presidential,semi-presidential,electoral-authoritarian,electoral-authoritarian,parliamentary,0.800,0.800,0.800,0.800,0.800,0.800,0.800,0.500,0.500,0.800,100.0,95.0,47.2,100.0,100.0,100.0,100.0,100.0,90.5,100.0
2035-03-01,1.0001,1.0221,0.9927,0.9997,1.0011,0.9757,0.9958,0.9966,1.0067,0.9897,0.9949,0.9931,1.0755,1.2062,1.0293,1.0356,1.0297,1.0195,1.0344,1.0384,1.0871,0.9932,0.9963,0.9934,4236.31,6154.71,4645.10,3162.61,2526.12,1722.99,190.14,3375.24,2540.37,607.84,0.9809,0.5646,0.9266,1.1564,0.8092,0.2541,0.6548,0.2869,0.1798,-1.0916,0.6641,0.7326,0.6663,0.6388,0.6893,0.7429,0.5663,0.6371,0.6807,0.7014,0.0324,0.0271,0.0366,0.0419,0.0389,0.0140,0.0673,0.0043,0.0284,0.0165,0.8470,0.8568,0.9254,0.8596,0.8479,0.8998,0.9576,1.0000,0.8615,1.0000,63.60,223.15,91.57,62.59,75.57,16.17,5.11,301.06,87.47,90.25,0.0000,0.0000,0.0000,0.0000,0.0000,0.0000,0.4563,0.0424,0.0000,0.0000,104304,74663,53998,54750,86225,66964,95775,572442,131417,91336,0,0,0,0,0,0,0,0,0,0,0.0000,0.0000,0.0000,0.0000,0.0000,0.0000,0.4458,0.4589,0.0000,0.0000,0,0,0,0,0,0,0,1,0,0,0,0,0,0,0,0,1,1,0,0,0.1527,0.0971,0.1526,0.0728,0.1128,0.0387,0.0819,0.1255,0.0262,0.1397,0.000,0.000,0.000,0.000,0.000,0.000,0.000,0.168,0.000,0.000,semi-presidential,parliamentary,parliamentary,parliamentary,parliamentary,semi-presidential,semi-presidential,electoral-authoritarian,electoral-authoritarian,parliamentary,0.800,0.800,0.800,0.800,0.800,0.800,0.800,0.500,0.500,0.800,100.0,97.9,50.0,100.0,100.0,100.0,100.0,100.0,93.5,100.0
2035-04-01,0.9969,1.0275,0.9926,1.0012,1.0012,0.9739,0.9967,0.9991,1.0077,0.9838,0.9916,0.9939,1.0730,1.1127,1.0294,1.0260,1.0202,1.0170,1.0033,1.0896,1.0198,0.9874,0.9936,0.9940,4250.53,6174.42,4657.69,3172.32,2542.77,1730.92,190.55,3377.09,2557.34,609.36,0.9776,0.5631,0.9242,1.1530,0.8039,0.2528,0.6462,0.2875,0.1779,-1.1034,0.6668,0.7321,0.6721,0.6458,0.7031,0.7510,0.5644,0.6402,0.6815,0.6946,0.0225,0.0161,0.0289,0.0247,0.0243,0.0047,0.0648,0.0019,0.0154,0.0136,0.9285,0.9334,0.9650,0.9357,0.9296,0.9665,0.9653,1.0000,0.9385,1.0000,64.67,226.97,95.34,66.18,77.60,16.65,5.17,306.98,89.66,92.82,0.0000,0.0000,0.0000,0.0000,0.0000,0.0000,0.4562,0.0425,0.0000,0.0000,104304,74663,53998,54750,86225,66964,95775,572442,131417,91336,0,0,0,0,0,0,0,0,0,0,0.0000,0.0000,0.0000,0.0000,0.0000,0.0000,0.4550,0.4681,0.0000,0.0000,0,0,0,0,0,0,0,1,0,0,0,0,0,0,0,0,1,1,0,0,0.1534,0.0981,0.1532,0.0747,0.1130,0.0394,0.0823,0.1263,0.0270,0.1399,0.000,0.000,0.000,0.000,0.000,0.000,0.000,0.168,0.000,0.000,semi-presidential,parliamentary,parliamentary,parliamentary,parliamentary,semi-presidential,semi-presidential,electoral-authoritarian,electoral-authoritarian,parliamentary,0.800,0.800,0.800,0.800,0.800,0.800,0.800,0.500,0.500,0.800,100.0,100.0,53.0,100.0,100.0,100.0,100.0,100.0,96.5,100.0
2035-05-01,0.9946,1.0293,0.9904,1.0007,1.0026,0.9717,0.9970,1.0031,1.0066,0.9788,0.9871,0.9951,1.0687,1.0827,1.0273,1.0168,1.0416,1.0148,1.0063,1.1147,1.0188,0.9824,0.9897,0.9951,4270.21,6198.24,4656.49,3180.32,2556.57,1737.62,190.68,3386.50,2572.06,610.56,0.9732,0.5612,0.9245,1.1502,0.7997,0.2517,0.6386,0.2926,0.1761,-1.1159,0.6759,0.7335,0.6924,0.6546,0.7086,0.7623,0.5731,0.6532,0.6772,0.7027,0.0194,0.0126,0.0297,0.0205,0.0253,0.0021,0.0616,0.0021,0.0126,0.0224,0.9572,0.9580,0.9794,0.9595,0.9590,0.9850,0.9711,1.0000,0.9575,1.0000,64.12,228.49,97.92,67.74,77.80,17.24,5.10,302.98,89.01,93.58,0.0000,0.0000,0.0000,0.0000,0.0000,0.0000,0.4553,0.0424,0.0000,0.0000,104304,74663,53998,54750,86225,66964,95775,572442,131417,91336,0,0,0,0,0,0,0,0,0,0,0.0000,0.0000,0.0000,0.0000,0.0000,0.0000,0.4642,0.4773,0.0000,0.0000,0,0,0,0,0,0,0,1,0,0,0,0,0,0,0,0,1,1,0,0,0.1536,0.0991,0.1540,0.0765,0.1133,0.0457,0.0831,0.1275,0.0272,0.1374,0.000,0.000,0.000,0.000,0.000,0.000,0.000,0.162,0.000,0.000,semi-presidential,parliamentary,parliamentary,parliamentary,parliamentary,semi-presidential,semi-presidential,electoral-authoritarian,electoral-authoritarian,parliamentary,0.800,0.800,0.800,0.800,0.800,0.800,0.800,0.500,0.500,0.800,100.0,100.0,56.0,100.0,100.0,100.0,100.0,100.0,99.5,100.0
2035-06-01,0.9885,1.0326,0.9892,0.9983,1.0055,0.9699,0.9964,1.0064,1.0040,0.9755,0.9831,0.9965,1.0601,1.1178,1.0261,1.0239,1.0349,1.0125,1.0009,1.0709,1.0160,0.9789,0.9847,0.9966,4282.92,6219.10,4679.81,3190.80,2569.64,1744.72,190.51,3403.73,2579.59,612.13,0.9703,0.5596,0.9200,1.1462,0.7958,0.2505,0.6303,0.2921,0.1748,-1.1276,0.6772,0.7361,0.6937,0.6547,0.7096,0.7640,0.5756,0.6473,0.6856,0.6988,0.0208,0.0159,0.0334,0.0220,0.0255,0.0046,0.0581,0.0016,0.0150,0.0150,0.9288,0.9338,0.9652,0.9361,0.9299,0.9670,0.9659,1.0000,0.9391,1.0000,63.83,229.52,100.84,68.10,77.72,17.71,5.11,300.71,88.32,93.74,0.0000,0.0000,0.0000,0.0000,0.0000,0.0000,0.4554,0.0423,0.0000,0.0000,104304,74663,53998,54750,86225,66964,95775,572442,131417,91336,0,0,0,0,0,0,0,0,0,0,0.0000,0.0000,0.0000,0.0000,0.0000,0.0000,0.4757,0.4888,0.0000,0.0000,0,0,0,0,0,0,0,1,0,0,0,0,0,0,0,0,1,1,0,0,0.1551,0.1005,0.1551,0.0779,0.1152,0.0471,0.0843,0.1278,0.0282,0.1371,0.000,0.000,0.000,0.000,0.000,0.000,0.000,0.161,0.000,0.000,semi-presidential,parliamentary,parliamentary,parliamentary,parliamentary,semi-presidential,semi-presidential,electoral-authoritarian,electoral-authoritarian,parliamentary,0.800,0.800,0.800,0.800,0.800,0.800,0.800,0.500,0.500,0.800,100.0,100.0,61.1,100.0,100.0,100.0,100.0,100.0,100.0,100.0
2035-07-01,0.9840,1.0332,0.9867,0.9971,1.0035,0.9711,0.9972,1.0077,1.0045,0.9723,0.9806,0.9975,1.0569,1.0636,1.0234,1.0198,1.0208,1.0473,1.0539,1.0315,1.0255,0.9756,0.9822,0.9976,4302.93,6234.35,4696.38,3206.26,2578.76,1757.88,190.79,3409.78,2590.51,613.96,0.9656,0.5586,0.9169,1.1406,0.7932,0.2484,0.6223,0.2925,0.1734,-1.1388,0.6793,0.7416,0.7036,0.6613,0.7185,0.7815,0.5845,0.6472,0.7000,0.7016,0.0143,0.0107,0.0273,0.0150,0.0164,0.0004,0.0582,0.0019,0.0111,0.0110,0.9775,0.9771,0.9895,0.9764,0.9779,1.0000,0.9747,1.0000,0.9716,1.0000,64.57,231.02,101.45,68.77,78.43,18.01,5.15,303.61,88.86,93.91,0.0000,0.0000,0.0000,0.0000,0.0000,0.0000,0.4553,0.0423,0.0000,0.0000,104304,74663,53998,54750,86225,66964,95775,572442,131417,91336,0,0,0,0,0,0,0,0,0,0,0.0000,0.0000,0.0000,0.0000,0.0000,0.0000,0.4849,0.4980,0.0000,0.0000,0,0,0,0,0,0,0,1,0,0,0,0,0,0,0,0,1,1,0,0,0.1553,0.1013,0.1557,0.0787,0.1155,0.0470,0.0781,0.1277,0.0285,0.1361,0.000,0.000,0.000,0.000,0.000,0.000,0.000,0.160,0.000,0.000,semi-presidential,parliamentary,parliamentary,parliamentary,parliamentary,semi-presidential,semi-presidential,electoral-authoritarian,electoral-authoritarian,parliamentary,0.800,0.800,0.800,0.800,0.800,0.800,0.800,0.500,0.500,0.800,100.0,100.0,64.2,100.0,100.0,100.0,100.0,100.0,100.0,100.0
2035-08-01,0.9822,1.0327,0.9857,0.9960,0.9988,0.9757,0.9998,1.0075,1.0049,0.9698,0.9795,0.9979,1.0564,1.0632,1.0224,1.0237,1.0166,1.1179,1.0835,1.0089,1.0282,0.9726,0.9808,0.9979,4317.32,6244.93,4701.46,3208.06,2584.09,1769.75,190.40,3420.55,2593.77,616.91,0.9622,0.5579,0.9157,1.1400,0.7917,0.2466,0.6164,0.2926,0.1724,-1.1624,0.6804,0.7508,0.7020,0.6654,0.7208,0.7870,0.5870,0.6571,0.6915,0.7104,0.0152,0.0122,0.0284,0.0190,0.0171,0.0013,0.0605,0.0020,0.0117,0.0105,0.9775,0.9771,0.9895,0.9764,0.9779,1.0000,0.9747,1.0000,0.9717,1.0000,65.16,231.96,101.01,67.85,78.93,18.19,5.15,306.76,89.34,93.72,0.0000,0.0000,0.0000,0.0000,0.0000,0.0000,0.4553,0.0423,0.0000,0.0000,104304,74663,53998,54750,86225,66964,95775,572442,131417,91336,0,0,0,0,0,0,0,0,0,0,0.0000,0.0000,0.0000,0.0000,0.0000,0.0000,0.4941,0.5095,0.0000,0.0000,0,0,0,0,0,0,0,1,0,0,0,0,0,0,0,0,1,1,0,0,0.1539,0.1005,0.1538,0.0771,0.1148,0.0470,0.0757,0.1297,0.0292,0.1383,0.000,0.000,0.000,0.000,0.000,0.000,0.000,0.160,0.000,0.000,semi-presidential,parliamentary,parliamentary,parliamentary,parliamentary,semi-presidential,semi-presidential,electoral-authoritarian,electoral-authoritarian,parliamentary,0.800,0.800,0.800,0.800,0.800,0.800,0.800,0.500,0.500,0.800,100.0,100.0,67.3,100.0,100.0,100.0,100.0,100.0,100.0,100.0
2035-09-01,0.9785,1.0309,0.9889,0.9974,0.9935,0.9800,1.0026,1.0058,1.0067,0.9680,0.9766,0.9979,0.9788,1.0311,1.0893,1.0289,0.9945,1.0881,1.0338,1.0063,1.0543,0.9682,0.9771,0.9979,4335.60,6259.01,4732.12,3214.41,2589.55,1781.37,190.35,3426.98,2604.76,617.24,0.9582,0.5569,0.9098,1.1348,0.7902,0.2450,0.6096,0.2927,0.1709,-1.1763,0.6776,0.7472,0.7180,0.6710,0.7277,0.7834,0.5922,0.6534,0.7054,0.7177,0.0099,0.0057,0.0242,0.0146,0.0102,0.0014,0.0063,0.0020,0.0063,0.0042,1.0000,1.0000,1.0000,1.0000,1.0000,1.0000,1.0000,1.0000,1.0000,1.0000,67.66,237.40,101.62,69.36,80.59,18.18,9.41,319.08,91.66,94.86,0.0000,0.0000,0.0000,0.0000,0.0000,0.0000,0.0000,0.0000,0.0000,0.0000,104304,74663,53998,54750,86225,66964,95775,572442,131417,91336,0,0,0,0,0,0,0,0,0,0,0.0000,0.0000,0.0000,0.0000,0.0000,0.0000,0.4964,0.5095,0.0000,0.0000,0,0,0,0,0,0,0,1,0,0,0,0,0,0,0,0,0,0,0,0,0.1542,0.1008,0.1539,0.0768,0.1151,0.0473,0.0862,0.1339,0.0292,0.1405,0.000,0.000,0.000,0.000,0.000,0.000,0.000,0.160,0.000,0.000,semi-presidential,parliamentary,parliamentary,parliamentary,parliamentary,semi-presidential,semi-presidential,electoral-authoritarian,electoral-authoritarian,parliamentary,0.800,0.800,0.800,0.800,0.800,0.800,0.800,0.500,0.500,0.800,100.0,100.0,70.4,100.0,100.0,100.0,100.0,100.0,100.0,100.0
2035-10-01,0.9758,1.0301,0.9909,0.9980,0.9882,0.9822,1.0051,1.0021,1.0068,0.9664,0.9753,0.9978,0.9761,1.0302,1.1061,1.0197,0.9886,1.0346,1.1302,1.0030,1.0069,0.9670,0.9756,0.9978,4343.91,6279.28,4748.00,3224.08,2603.77,1794.05,192.16,3435.31,2616.00,617.67,0.9564,0.5554,0.9068,1.1314,0.7859,0.2433,0.5956,0.2930,0.1695,-1.1900,0.6797,0.7555,0.7190,0.6739,0.7359,0.7898,0.6503,0.6526,0.7082,0.7143,0.0126,0.0049,0.0271,0.0090,0.0111,0.0006,0.0044,0.0007,0.0051,0.0080,1.0000,1.0000,1.0000,1.0000,1.0000,1.0000,1.0000,1.0000,1.0000,1.0000,67.89,237.56,100.78,69.96,80.98,18.35,8.77,321.86,92.56,96.31,0.0000,0.0000,0.0000,0.0000,0.0000,0.0000,0.0000,0.0000,0.0000,0.0000,104304,74663,53998,54750,86225,66964,95775,572442,131417,91336,0,0,0,0,0,0,0,0,0,0,0.0000,0.0000,0.0000,0.0000,0.0000,0.0000,0.4767,0.4897,0.0000,0.0000,0,0,0,0,0,0,0,1,0,0,0,0,0,0,0,0,0,0,0,0,0.1564,0.1016,0.1560,0.0778,0.1167,0.0473,0.0844,0.1340,0.0290,0.1387,0.000,0.000,0.000,0.000,0.000,0.000,0.000,0.160,0.000,0.000,semi-presidential,parliamentary,parliamentary,parliamentary,parliamentary,semi-presidential,semi-presidential,electoral-authoritarian,electoral-authoritarian,parliamentary,0.800,0.800,0.800,0.800,0.800,0.800,0.800,0.500,0.500,0.800,100.0,100.0,73.6,100.0,100.0,100.0,100.0,100.0,100.0,100.0
2035-11-01,0.9742,1.0276,0.9928,0.9974,0.9850,0.9824,1.0100,1.0015,1.0044,0.9670,0.9730,0.9964,0.9742,1.0284,1.0995,1.0195,0.9857,0.9942,1.1243,1.0366,1.0046,1.0058,0.9731,0.9965,4359.29,6312.60,4752.80,3237.50,2608.72,1807.22,193.05,3443.39,2620.20,619.03,0.9530,0.5528,0.9059,1.1269,0.7844,0.2415,0.5849,0.2932,0.1686,-1.1993,0.6802,0.7592,0.7007,0.6995,0.7343,0.7877,0.6931,0.6497,0.7065,0.7236,0.0127,0.0038,0.0281,0.0078,0.0111,0.0001,0.0062,0.0011,0.0046,0.0102,1.0000,1.0000,1.0000,1.0000,1.0000,1.0000,1.0000,1.0000,1.0000,1.0000,67.78,237.58,101.45,70.99,81.59,18.17,8.72,321.96,92.07,96.25,0.0000,0.0000,0.0000,0.0000,0.0000,0.0000,0.0000,0.0000,0.0000,0.0000,104304,74663,53998,54750,86225,66964,95775,572442,131417,91336,0,0,0,0,0,0,0,0,0,0,0.0000,0.0000,0.0000,0.0000,0.0000,0.0000,0.4570,0.4700,0.0000,0.0000,0,0,0,0,0,0,0,1,0,0,0,0,0,0,0,0,0,0,0,0,0.1408,0.0935,0.1400,0.0703,0.1043,0.0433,0.0835,0.1303,0.0255,0.1377,0.000,0.000,0.000,0.000,0.000,0.000,0.000,0.161,0.000,0.000,semi-presidential,parliamentary,parliamentary,parliamentary,parliamentary,semi-presidential,semi-presidential,electoral-authoritarian,electoral-authoritarian,parliamentary,0.800,0.800,0.800,0.800,0.800,0.800,0.800,0.500,0.532,0.820,100.0,100.0,76.1,100.0,100.0,100.0,100.0,100.0,92.5,100.0
2035-12-01,0.9757,1.0242,0.9929,0.9969,0.9845,0.9839,1.0128,1.0007,1.0032,0.9712,0.9718,0.9948,1.0934,1.0243,0.9956,1.0263,0.9879,1.0614,1.0272,1.0009,1.0034,1.0067,0.9718,0.9950,4356.74,6321.33,4752.98,3249.38,2608.78,1817.14,193.59,3449.26,2633.59,619.63,0.9536,0.5523,0.9060,1.1230,0.7844,0.2402,0.5757,0.2937,0.1670,-1.2120,0.6732,0.7583,0.6939,0.6982,0.7291,0.7857,0.7015,0.6458,0.7103,0.7256,0.0104,0.0093,0.0206,0.0129,0.0107,0.0073,0.0443,0.0004,0.0041,0.0020,1.0000,1.0000,1.0000,1.0000,1.0000,1.0000,1.0000,1.0000,1.0000,1.0000,66.61,235.92,99.77,69.86,80.84,18.01,8.79,321.24,93.48,95.23,0.0000,0.0000,0.0000,0.0000,0.0000,0.0000,0.0000,0.0000,0.0000,0.0000,104304,74663,53998,54750,86225,66964,95775,572442,131417,91336,0,0,0,0,0,0,0,0,0,0,0.0000,0.0000,0.0000,0.0000,0.0000,0.0000,0.4373,0.4503,0.0000,0.0000,0,0,0,0,0,0,0,1,0,0,0,0,0,0,0,0,0,0,0,0,0.1382,0.0916,0.1369,0.0679,0.1023,0.0424,0.0880,0.1329,0.0255,0.1398,0.000,0.000,0.000,0.000,0.000,0.000,0.000,0.163,0.000,0.000,semi-presidential,parliamentary,parliamentary,parliamentary,parliamentary,semi-presidential,semi-presidential,electoral-authoritarian,electoral-authoritarian,parliamentary,0.800,0.800,0.800,0.800,0.800,0.800,0.800,0.500,0.522,0.810,100.0,100.0,79.1,100.0,100.0,100.0,100.0,100.0,95.6,100.0
2036-01-01,0.9786,1.0231,0.9959,0.9970,0.9845,0.9863,1.0127,1.0008,1.0023,0.9752,0.9714,0.9932,1.0592,1.0235,1.1389,1.0198,0.9846,1.0644,1.0128,1.0041,1.0023,0.9984,0.9717,0.9936,4366.12,6330.77,4766.19,3257.49,2627.32,1825.50,194.10,3462.12,2642.46,619.48,0.9515,0.5559,0.9036,1.1204,0.7788,0.2392,0.5669,0.2936,0.1657,-1.2263,0.6493,0.7570,0.6835,0.6828,0.7161,0.7831,0.7029,0.6647,0.7099,0.7248,0.0170,0.0113,0.0278,0.0162,0.0164,0.0051,0.0411,0.0002,0.0085,0.0025,1.0000,1.0000,1.0000,1.0000,1.0000,1.0000,1.0000,1.0000,1.0000,1.0000,67.65,237.11,101.09,71.47,82.53,18.11,8.88,325.20,93.37,95.83,0.0000,0.0000,0.0000,0.0000,0.0000,0.0000,0.0000,0.0000,0.0000,0.0000,104304,74663,53998,54750,86225,66964,95775,572442,131417,91336,0,0,0,0,0,0,0,0,0,0,0.0000,0.0000,0.0000,0.0000,0.0000,0.0000,0.4176,0.4306,0.0000,0.0000,0,0,0,0,0,0,0,1,0,0,0,0,0,0,0,0,0,0,0,0,0.1394,0.0917,0.1382,0.0686,0.1028,0.0421,0.0858,0.1320,0.0242,0.1388,0.000,0.000,0.000,0.000,0.000,0.000,0.000,0.164,0.000,0.000,semi-presidential,parliamentary,parliamentary,parliamentary,parliamentary,semi-presidential,semi-presidential,electoral-authoritarian,electoral-authoritarian,parliamentary,0.830,0.800,0.800,0.800,0.800,0.800,0.800,0.500,0.512,0.800,92.7,96.1,82.1,100.0,100.0,100.0,100.0,100.0,98.8,100.0
