date,price_oil,price_gas,price_coal,price_electricity,price_food,price_critical-minerals,price_steel,price_consumer-goods,price_electronics,price_arms,price_pharma,price_services,import_price_oil,import_price_gas,import_price_coal,import_price_electricity,import_price_food,import_price_critical-minerals,import_price_steel,import_price_consumer-goods,import_price_electronics,import_price_arms,import_price_pharma,import_price_services,gdp_FRA,gdp_DEU,gdp_GBR,gdp_ITA,gdp_ESP,gdp_POL,gdp_UKR,gdp_RUS,gdp_TUR,gdp_NOR,debt_FRA,debt_DEU,debt_GBR,debt_ITA,debt_ESP,debt_POL,debt_UKR,debt_RUS,debt_TUR,debt_NOR,stability_FRA,stability_DEU,stability_GBR,stability_ITA,stability_ESP,stability_POL,stability_UKR,stability_RUS,stability_TUR,stability_NOR,shortage_FRA,shortage_DEU,shortage_GBR,shortage_ITA,shortage_ESP,shortage_POL,shortage_UKR,shortage_RUS,shortage_TUR,shortage_NOR,gas_coverage_FRA,gas_coverage_DEU,gas_coverage_GBR,gas_coverage_ITA,gas_coverage_ESP,gas_coverage_POL,gas_coverage_UKR,gas_coverage_RUS,gas_coverage_TUR,gas_coverage_NOR,maritime_trade_FRA,maritime_trade_DEU,maritime_trade_GBR,maritime_trade_ITA,maritime_trade_ESP,maritime_trade_POL,maritime_trade_UKR,maritime_trade_RUS,maritime_trade_TUR,maritime_trade_NOR,blockade_FRA,blockade_DEU,blockade_GBR,blockade_ITA,blockade_ESP,blockade_POL,blockade_UKR,blockade_RUS,blockade_TUR,blockade_NOR,tiles_FRA,tiles_DEU,tiles_GBR,tiles_ITA,tiles_ESP,tiles_POL,tiles_UKR,tiles_RUS,tiles_TUR,tiles_NOR,contested_FRA,contested_DEU,contested_GBR,contested_ITA,contested_ESP,contested_POL,contested_UKR,contested_RUS,contested_TUR,contested_NOR,exhaustion_FRA,exhaustion_DEU,exhaustion_GBR,exhaustion_ITA,exhaustion_ESP,exhaustion_POL,exhaustion_UKR,exhaustion_RUS,exhaustion_TUR,exhaustion_NOR,sanctions_against_FRA,sanctions_against_DEU,sanctions_against_GBR,sanctions_against_ITA,sanctions_against_ESP,sanctions_against_POL,sanctions_against_UKR,sanctions_against_RUS,sanctions_against_TUR,sanctions_against_NOR,at_war_FRA,at_war_DEU,at_war_GBR,at_war_ITA,at_war_ESP,at_war_POL,at_war_UKR,at_war_RUS,at_war_TUR,at_war_NOR,export_share_FRA,export_share_DEU,export_share_GBR,export_share_ITA,export_share_ESP,export_share_POL,export_share_UKR,export_share_RUS,export_share_TUR,export_share_NOR,circumvention_FRA,circumvention_DEU,circumvention_GBR,circumvention_ITA,circumvention_ESP,circumvention_POL,circumvention_UKR,circumvention_RUS,circumvention_TUR,circumvention_NOR,regime_FRA,regime_DEU,regime_GBR,regime_ITA,regime_ESP,regime_POL,regime_UKR,regime_RUS,regime_TUR,regime_NOR,legitimacy_FRA,legitimacy_DEU,legitimacy_GBR,legitimacy_ITA,legitimacy_ESP,legitimacy_POL,legitimacy_UKR,legitimacy_RUS,legitimacy_TUR,legitimacy_NOR,capital_FRA,capital_DEU,capital_GBR,capital_ITA,capital_ESP,capital_POL,capital_UKR,capital_RUS,capital_TUR,capital_NOR
2026-01-01,1.0000,1.0000,1.0000,1.0000,1.0000,1.0000,1.0000,1.0000,1.0000,1.0000,1.0000,1.0000,1.0000,1.0000,1.0001,1.0298,1.0000,1.0000,1.0170,1.0170,1.0221,1.0232,1.0170,1.0000,3366.32,5050.92,4002.59,2551.56,1906.45,1035.49,214.23,2561.31,1597.29,530.76,1.1600,0.6290,1.0230,1.3710,1.0040,0.5880,1.0870,0.1720,0.2350,0.4500,0.6600,0.7169,0.6747,0.6374,0.6767,0.7200,0.6678,0.6750,0.6750,0.7200,0.0019,0.0004,0.0179,0.0017,0.0019,0.0000,0.0027,0.0012,0.0009,0.0031,1.0000,1.0000,1.0000,1.0000,1.0000,1.0000,1.0000,1.0000,1.0000,1.0000,53.01,188.04,79.00,54.35,61.58,9.29,7.94,244.34,57.59,79.61,0.0000,0.0000,0.0000,0.0000,0.0000,0.0000,0.0000,0.0000,0.0000,0.0000,104304,74663,53998,54750,86225,66964,95775,572442,131417,91336,0,0,0,0,0,0,0,0,0,0,0.0000,0.0000,0.0000,0.0000,0.0000,0.0000,0.0000,0.0000,0.0000,0.0000,0,0,0,0,0,0,0,0,0,0,0,0,0,0,0,0,1,1,0,0,0.1189,0.0741,0.1337,0.0482,0.0865,0.0115,0.0806,0.1079,0.0015,0.1360,0.000,0.000,0.000,0.000,0.000,0.000,0.000,0.000,0.000,0.000,semi-presidential,parliamentary,parliamentary,parliamentary,parliamentary,semi-presidential,semi-presidential,electoral-authoritarian,electoral-authoritarian,parliamentary,0.800,0.800,0.800,0.800,0.800,0.800,0.800,0.500,0.500,0.800,30.0,30.0,30.0,30.0,30.0,30.0,30.0,30.0,30.0,30.0
2026-02-01,1.0022,0.9999,1.0003,1.0004,0.9999,1.0026,1.0001,1.0015,1.0012,1.0019,1.0013,1.0004,1.1028,1.0280,1.0678,1.0031,1.0279,1.0820,1.0019,1.0561,1.0471,1.0393,1.0239,1.0010,3367.60,5051.68,4003.93,2550.06,1907.26,1037.65,212.78,2560.46,1602.45,531.48,1.1597,0.6291,1.0235,1.3733,1.0046,0.5877,1.0968,0.1744,0.2344,0.4357,0.6587,0.7158,0.6647,0.6265,0.6661,0.7193,0.5872,0.6796,0.6613,0.7073,0.0175,0.0122,0.0187,0.0202,0.0222,0.0008,0.0868,0.0031,0.0137,0.0161,0.9799,0.9792,0.9902,0.9786,0.9803,1.0000,0.9680,1.0000,0.9738,1.0000,51.01,180.67,75.38,52.58,59.03,9.28,5.70,235.12,55.56,78.19,0.0000,0.0000,0.0000,0.0000,0.0000,0.0000,0.4595,0.0425,0.0000,0.0000,104304,74663,53998,54750,86225,66964,95775,572442,131417,91336,0,0,0,0,0,0,0,0,0,0,0.0000,0.0000,0.0000,0.0000,0.0000,0.0000,0.0092,0.0092,0.0000,0.0000,0,0,0,0,0,0,0,1,0,0,0,0,0,0,0,0,1,1,0,0,0.1185,0.0732,0.1339,0.0480,0.0865,0.0118,0.0717,0.1030,0.0015,0.1320,0.000,0.000,0.000,0.000,0.000,0.000,0.032,0.147,0.000,0.000,semi-presidential,parliamentary,parliamentary,parliamentary,parliamentary,semi-presidential,semi-presidential,electoral-authoritarian,electoral-authoritarian,parliamentary,0.800,0.800,0.800,0.800,0.800,0.800,0.800,0.500,0.500,0.800,30.2,30.4,30.6,31.2,31.5,31.7,33.5,33.1,31.9,32.6
2026-03-01,1.0042,1.0000,1.0000,0.9995,1.0004,1.0058,0.9980,1.0009,1.0022,1.0015,1.0001,1.0012,1.0928,1.0286,1.0382,1.0478,1.0302,1.1701,1.0002,1.0055,1.0440,1.0020,1.0020,1.0012,3366.86,5052.00,3996.13,2553.10,1911.07,1040.64,211.79,2567.22,1610.94,532.01,1.1639,0.6306,1.0286,1.3832,1.0047,0.5839,1.1036,0.1762,0.2332,0.4208,0.6514,0.7109,0.6636,0.6179,0.6583,0.7207,0.5395,0.6881,0.6519,0.7064,0.0133,0.0145,0.0281,0.0258,0.0189,0.0014,0.0708,0.0022,0.0138,0.0116,0.9794,0.9788,0.9899,0.9780,0.9797,1.0000,0.9677,1.0000,0.9730,1.0000,51.17,184.05,78.42,53.42,60.29,9.30,5.79,236.33,56.44,79.15,0.0000,0.0000,0.0000,0.0000,0.0000,0.0000,0.4600,0.0438,0.0000,0.0000,104304,74663,53998,54750,86225,66964,95775,572442,131417,91336,0,0,0,0,0,0,0,0,0,0,0.0000,0.0000,0.0000,0.0000,0.0000,0.0000,0.0184,0.0184,0.0000,0.0000,0,0,0,0,0,0,0,1,0,0,0,0,0,0,0,0,1,1,0,0,0.1197,0.0746,0.1346,0.0497,0.0875,0.0123,0.0723,0.1016,0.0015,0.1350,0.000,0.000,0.000,0.000,0.000,0.000,0.033,0.147,0.000,0.000,semi-presidential,parliamentary,parliamentary,parliamentary,parliamentary,semi-presidential,semi-presidential,electoral-authoritarian,electoral-authoritarian,parliamentary,0.800,0.800,0.800,0.800,0.800,0.800,0.800,0.500,0.500,0.800,33.4,33.2,33.1,36.3,34.6,34.8,36.5,36.2,35.4,35.4
2026-04-01,1.0068,1.0000,0.9991,1.0006,1.0015,1.0091,0.9975,1.0009,1.0031,1.0026,1.0010,1.0004,1.1066,1.0274,1.0356,1.0479,1.0274,1.0647,1.0084,1.0490,1.0175,1.0518,1.0322,1.0006,3370.76,5046.01,4005.77,2557.91,1915.57,1042.81,210.47,2567.02,1616.39,532.71,1.1662,0.6329,1.0291,1.3848,1.0045,0.5816,1.1123,0.1784,0.2325,0.4150,0.6490,0.7003,0.6485,0.6078,0.6529,0.7229,0.4924,0.6742,0.6385,0.6556,0.0150,0.0124,0.0297,0.0231,0.0184,0.0005,0.0868,0.0019,0.0124,0.0142,0.9802,0.9796,0.9904,0.9789,0.9805,1.0000,0.9677,1.0000,0.9741,1.0000,51.37,181.55,75.95,52.79,59.68,9.34,5.70,236.95,56.46,78.62,0.0000,0.0000,0.0000,0.0000,0.0000,0.0000,0.4587,0.0417,0.0000,0.0000,104304,74663,53998,54750,86225,66964,95775,572442,131417,91336,0,0,0,0,0,0,0,0,0,0,0.0000,0.0000,0.0000,0.0000,0.0000,0.0000,0.0276,0.0276,0.0000,0.0000,0,0,0,0,0,0,0,1,0,0,0,0,0,0,0,0,1,1,0,0,0.1151,0.0718,0.1291,0.0465,0.0838,0.0120,0.0701,0.1030,0.0015,0.1353,0.000,0.000,0.000,0.000,0.000,0.000,0.032,0.148,0.000,0.000,semi-presidential,parliamentary,parliamentary,parliamentary,parliamentary,semi-presidential,semi-presidential,electoral-authoritarian,electoral-authoritarian,parliamentary,0.800,0.800,0.800,0.800,0.800,0.800,0.800,0.500,0.500,0.846,36.6,35.9,35.5,39.7,37.8,36.7,39.1,39.2,38.8,46.3
2026-05-01,1.0078,1.0023,0.9992,1.0012,1.0012,1.0092,0.9969,1.0013,1.0038,1.0037,1.0015,0.9996,1.1187,1.0353,1.0720,1.0658,1.0272,1.0658,1.0019,1.0029,1.0509,1.0270,1.0493,0.9996,3365.83,5049.50,4004.59,2561.44,1916.55,1042.43,209.42,2570.32,1620.66,532.26,1.1713,0.6341,1.0321,1.3868,1.0061,0.5784,1.1202,0.1810,0.2320,0.4009,0.6397,0.6928,0.6285,0.5951,0.6408,0.7102,0.4717,0.6556,0.6288,0.6685,0.0170,0.0166,0.0316,0.0314,0.0218,0.0015,0.0853,0.0027,0.0179,0.0131,0.9758,0.9748,0.9881,0.9750,0.9770,0.9963,0.9677,1.0000,0.9703,1.0000,51.19,179.40,74.36,53.30,59.04,9.40,5.61,236.00,56.40,78.32,0.0000,0.0000,0.0000,0.0000,0.0000,0.0000,0.4598,0.0430,0.0000,0.0000,104304,74663,53998,54750,86225,66964,95775,572442,131417,91336,0,0,0,0,0,0,0,0,0,0,0.0000,0.0000,0.0000,0.0000,0.0000,0.0000,0.0391,0.0391,0.0000,0.0000,0,0,0,0,0,0,0,1,0,0,0,0,0,0,0,0,1,1,0,0,0.1184,0.0723,0.1331,0.0475,0.0863,0.0116,0.0697,0.1037,0.0014,0.1363,0.000,0.000,0.000,0.000,0.000,0.000,0.031,0.148,0.000,0.000,semi-presidential,parliamentary,parliamentary,parliamentary,parliamentary,semi-presidential,semi-presidential,electoral-authoritarian,electoral-authoritarian,parliamentary,0.800,0.800,0.800,0.800,0.800,0.800,0.800,0.500,0.500,0.837,39.7,38.6,37.8,43.0,40.8,31.7,42.2,42.9,42.2,48.8
2026-06-01,1.0113,1.0042,1.0001,1.0024,0.9998,1.0077,0.9956,0.9992,1.0043,1.0054,1.0017,0.9988,1.1032,1.0319,1.0856,1.0568,1.0249,1.0629,0.9971,1.0014,1.0178,1.0698,1.0032,0.9990,3370.84,5052.78,3996.69,2565.96,1922.11,1044.48,208.23,2569.14,1626.91,532.28,1.1726,0.6352,1.0365,1.3881,1.0053,0.5761,1.1284,0.1833,0.2312,0.3864,0.6348,0.6930,0.6098,0.5895,0.6318,0.7292,0.4604,0.6818,0.6473,0.6778,0.0144,0.0141,0.0288,0.0269,0.0186,0.0001,0.0837,0.0013,0.0154,0.0102,0.9802,0.9796,0.9903,0.9788,0.9805,1.0000,0.9681,1.0000,0.9740,1.0000,51.72,182.57,76.17,52.69,60.32,9.32,5.65,238.69,57.11,79.12,0.0000,0.0000,0.0000,0.0000,0.0000,0.0000,0.4589,0.0411,0.0000,0.0000,104304,74663,53998,54750,86225,66964,95775,572442,131417,91336,0,0,0,0,0,0,0,0,0,0,0.0000,0.0000,0.0000,0.0000,0.0000,0.0000,0.0483,0.0483,0.0000,0.0000,0,0,0,0,0,0,0,1,0,0,0,0,0,0,0,0,1,1,0,0,0.1181,0.0726,0.1328,0.0472,0.0859,0.0113,0.0666,0.1036,0.0014,0.1365,0.000,0.000,0.000,0.000,0.000,0.000,0.030,0.149,0.000,0.000,semi-presidential,parliamentary,parliamentary,parliamentary,parliamentary,semi-presidential,semi-presidential,electoral-authoritarian,electoral-authoritarian,parliamentary,0.800,0.800,0.800,0.800,0.800,0.824,0.800,0.500,0.500,0.827,42.9,41.3,40.1,46.3,43.8,23.4,44.5,46.0,45.8,51.3
2026-07-01,1.0133,1.0039,0.9992,1.0018,1.0591,1.0052,0.9947,1.0049,1.0240,1.0073,1.0022,0.9974,1.0997,1.0362,1.0357,1.0023,1.2512,1.0604,0.9965,1.3562,1.6890,1.0376,1.0039,0.9977,3367.95,5045.35,3984.56,2558.66,1920.10,1051.27,207.55,2571.99,1631.28,532.71,1.1782,0.6378,1.0427,1.3995,1.0086,0.5702,1.1340,0.1853,0.2306,0.3715,0.6196,0.6854,0.5776,0.5706,0.6205,0.7282,0.4604,0.6586,0.6449,0.6875,0.0273,0.0104,0.0541,0.0535,0.0829,0.0005,0.1165,0.0315,0.0365,0.1170,0.9762,0.9752,0.9883,0.9755,0.9774,0.9961,0.9679,1.0000,0.9710,1.0000,49.69,166.85,73.01,51.38,57.18,8.06,5.33,232.80,53.94,79.07,0.0000,0.0000,0.0000,0.0000,0.0000,0.0000,0.4575,0.0415,0.0000,0.0000,104304,74663,53998,54750,86225,66964,95775,572442,131417,91336,0,0,0,0,0,0,0,0,0,0,0.0000,0.0000,0.0000,0.0000,0.0000,0.0000,0.0575,0.0575,0.0000,0.0000,0,0,0,0,0,0,0,1,0,0,0,0,0,0,0,0,1,1,0,0,0.1035,0.0679,0.1156,0.0419,0.0742,0.0126,0.0729,0.1029,0.0017,0.1334,0.000,0.000,0.000,0.000,0.000,0.000,0.027,0.149,0.000,0.000,semi-presidential,parliamentary,parliamentary,parliamentary,parliamentary,semi-presidential,semi-presidential,electoral-authoritarian,electoral-authoritarian,parliamentary,0.800,0.800,0.800,0.800,0.800,0.815,0.800,0.500,0.500,0.817,48.2,44.0,42.9,44.5,46.7,26.6,46.9,49.0,49.2,54.0
2026-08-01,1.0153,1.0052,1.0003,0.9995,1.1761,1.0013,0.9926,1.0126,1.0481,1.0064,0.9992,0.9966,1.1464,1.0362,1.1770,1.0060,1.3418,1.0576,0.9949,1.1753,1.4368,1.0091,1.0015,0.9968,3365.80,5042.39,3976.73,2556.17,1921.08,1053.99,207.35,2575.77,1635.23,534.04,1.1852,0.6397,1.0472,1.4040,1.0102,0.5667,1.1375,0.1879,0.2302,0.3561,0.6073,0.6787,0.5730,0.5631,0.5785,0.7244,0.4604,0.6477,0.6464,0.6158,0.0314,0.0175,0.0477,0.0561,0.0742,0.0023,0.1090,0.0180,0.0330,0.0897,0.9775,0.9768,0.9890,0.9764,0.9782,0.9983,0.9679,1.0000,0.9716,1.0000,52.91,190.19,79.49,53.58,61.54,10.12,5.78,238.74,59.33,80.35,0.0000,0.0000,0.0000,0.0000,0.0000,0.0000,0.4582,0.0433,0.0000,0.0000,104304,74663,53998,54750,86225,66964,95775,572442,131417,91336,0,0,0,0,0,0,0,0,0,0,0.0000,0.0000,0.0000,0.0000,0.0000,0.0000,0.0690,0.0690,0.0000,0.0000,0,0,0,0,0,0,0,1,0,0,0,0,0,0,0,0,1,1,0,0,0.1098,0.0731,0.1209,0.0427,0.0749,0.0147,0.0802,0.1063,0.0025,0.1337,0.000,0.000,0.000,0.000,0.000,0.000,0.024,0.147,0.000,0.000,semi-presidential,parliamentary,parliamentary,parliamentary,parliamentary,semi-presidential,semi-presidential,electoral-authoritarian,electoral-authoritarian,parliamentary,0.800,0.800,0.800,0.800,0.800,0.805,0.800,0.500,0.500,0.807,40.6,46.6,45.0,47.7,49.5,29.7,49.9,52.6,52.8,56.4
2026-09-01,1.0174,1.0055,1.0030,0.9978,1.2611,0.9993,0.9900,1.0160,1.0564,1.0074,0.9938,0.9963,1.1136,1.0329,1.1706,0.9982,1.4096,1.0532,0.9917,1.0439,1.1630,1.0452,0.9966,0.9964,3361.30,5033.80,3986.89,2559.23,1921.97,1058.20,207.28,2577.22,1639.88,530.46,1.1884,0.6424,1.0467,1.4013,1.0120,0.5626,1.1397,0.1900,0.2296,0.3339,0.6233,0.6818,0.5893,0.5436,0.5721,0.7320,0.4701,0.6476,0.6410,0.6098,0.0215,0.0145,0.0274,0.0438,0.0509,0.0004,0.0912,0.0053,0.0188,0.0604,0.9806,0.9800,0.9906,0.9794,0.9811,1.0000,0.9689,1.0000,0.9749,1.0000,54.78,198.14,82.47,55.22,63.99,11.00,6.01,244.42,61.15,81.27,0.0000,0.0000,0.0000,0.0000,0.0000,0.0000,0.4551,0.0409,0.0000,0.0000,104304,74663,53998,54750,86225,66964,95775,572442,131417,91336,0,0,0,0,0,0,0,0,0,0,0.0000,0.0000,0.0000,0.0000,0.0000,0.0000,0.0782,0.0782,0.0000,0.0000,0,0,0,0,0,0,0,1,0,0,0,0,0,0,0,0,1,1,0,0,0.1201,0.0764,0.1280,0.0453,0.0793,0.0161,0.0876,0.1079,0.0027,0.1344,0.000,0.000,0.000,0.000,0.000,0.000,0.022,0.146,0.000,0.000,semi-presidential,parliamentary,parliamentary,parliamentary,parliamentary,semi-presidential,semi-presidential,electoral-authoritarian,electoral-authoritarian,parliamentary,0.800,0.800,0.800,0.800,0.800,0.800,0.800,0.500,0.500,0.800,42.7,49.2,47.1,50.7,52.2,32.7,52.3,55.4,56.3,55.4
2026-10-01,1.0183,1.0041,1.0056,0.9956,1.3143,0.9982,0.9880,1.0170,1.0554,1.0081,0.9893,0.9957,1.1018,1.0325,1.1592,0.9962,1.4274,1.0526,0.9900,1.0190,1.0738,1.0359,0.9912,0.9960,3363.92,5026.10,4001.82,2542.40,1924.96,1061.53,207.32,2580.84,1643.34,529.53,1.1898,0.6465,1.0447,1.4149,1.0127,0.5589,1.1413,0.1919,0.2292,0.3272,0.6245,0.6874,0.6127,0.5380,0.5824,0.7342,0.5024,0.6507,0.6400,0.6026,0.0189,0.0137,0.0210,0.0361,0.0395,0.0000,0.0662,0.0015,0.0149,0.0440,0.9798,0.9791,0.9901,0.9786,0.9803,1.0000,0.9691,1.0000,0.9738,1.0000,54.61,197.94,82.94,55.09,64.11,11.19,6.09,242.90,60.74,81.52,0.0000,0.0000,0.0000,0.0000,0.0000,0.0000,0.4548,0.0416,0.0000,0.0000,104304,74663,53998,54750,86225,66964,95775,572442,131417,91336,0,0,0,0,0,0,0,0,0,0,0.0000,0.0000,0.0000,0.0000,0.0000,0.0000,0.0874,0.0874,0.0000,0.0000,0,0,0,0,0,0,0,1,0,0,0,0,0,0,0,0,1,1,0,0,0.1258,0.0787,0.1347,0.0513,0.0872,0.0166,0.0917,0.1066,0.0028,0.1339,0.000,0.000,0.000,0.000,0.000,0.000,0.020,0.146,0.000,0.000,semi-presidential,parliamentary,parliamentary,parliamentary,parliamentary,semi-presidential,semi-presidential,electoral-authoritarian,electoral-authoritarian,parliamentary,0.800,0.800,0.800,0.800,0.800,0.800,0.800,0.500,0.500,0.800,45.7,54.1,49.4,53.2,54.9,37.2,54.9,58.3,59.7,56.5
2026-11-01,1.0194,1.0011,1.0063,0.9914,1.3397,0.9966,0.9851,1.0149,1.0546,1.0095,0.9863,0.9953,1.1039,1.0282,1.0419,0.9916,1.4068,1.0506,0.9875,1.0172,1.0732,1.0402,0.9879,0.9954,3376.09,5017.00,4001.21,2538.59,1926.46,1065.70,207.29,2583.03,1653.34,528.93,1.1875,0.6493,1.0464,1.4195,1.0142,0.5548,1.1438,0.1945,0.2279,0.3127,0.6293,0.6948,0.6261,0.5622,0.5995,0.7484,0.5230,0.6764,0.6394,0.6539,0.0107,0.0099,0.0102,0.0204,0.0220,0.0000,0.0637,0.0015,0.0102,0.0237,0.9808,0.9800,0.9906,0.9797,0.9815,1.0000,0.9699,1.0000,0.9750,1.0000,54.48,196.28,81.64,54.33,63.60,11.19,6.11,241.63,61.11,81.22,0.0000,0.0000,0.0000,0.0000,0.0000,0.0000,0.4608,0.0408,0.0000,0.0000,104304,74663,53998,54750,86225,66964,95775,572442,131417,91336,0,0,0,0,0,0,0,0,0,0,0.0000,0.0000,0.0000,0.0000,0.0000,0.0000,0.0989,0.0989,0.0000,0.0000,0,0,0,0,0,0,0,1,0,0,0,0,0,0,0,0,1,1,0,0,0.1200,0.0761,0.1279,0.0486,0.0829,0.0167,0.0929,0.1058,0.0029,0.1338,0.000,0.000,0.000,0.000,0.000,0.000,0.019,0.146,0.000,0.000,semi-presidential,parliamentary,parliamentary,parliamentary,parliamentary,semi-presidential,semi-presidential,electoral-authoritarian,electoral-authoritarian,parliamentary,0.800,0.800,0.800,0.800,0.800,0.800,0.800,0.500,0.500,0.800,48.8,56.7,51.7,56.3,57.8,40.4,58.3,62.0,63.2,59.8
2026-12-01,1.0200,0.9989,1.0066,0.9889,1.3483,0.9957,0.9830,1.0134,1.0529,1.0083,0.9847,0.9940,1.1025,1.0268,1.0764,0.9890,1.3878,1.0504,0.9846,1.0153,1.0712,1.0119,0.9866,0.9945,3379.98,5012.86,4004.43,2535.96,1926.73,1068.25,207.51,2584.37,1662.44,528.93,1.1882,0.6516,1.0471,1.4232,1.0163,0.5515,1.1493,0.1966,0.2268,0.2982,0.6322,0.6897,0.6310,0.5784,0.6140,0.7495,0.5433,0.6634,0.6542,0.6684,0.0132,0.0110,0.0112,0.0190,0.0195,0.0000,0.0622,0.0013,0.0116,0.0144,0.9799,0.9792,0.9902,0.9786,0.9803,1.0000,0.9678,1.0000,0.9738,1.0000,54.07,194.55,80.72,54.20,63.13,11.09,5.99,240.55,61.17,81.02,0.0000,0.0000,0.0000,0.0000,0.0000,0.0000,0.4617,0.0426,0.0000,0.0000,104304,74663,53998,54750,86225,66964,95775,572442,131417,91336,0,0,0,0,0,0,0,0,0,0,0.0000,0.0000,0.0000,0.0000,0.0000,0.0000,0.1081,0.1081,0.0000,0.0000,0,0,0,0,0,0,0,1,0,0,0,0,0,0,0,0,1,1,0,0,0.1026,0.0682,0.1076,0.0408,0.0696,0.0165,0.0914,0.1059,0.0030,0.1337,0.000,0.000,0.000,0.000,0.000,0.000,0.018,0.147,0.000,0.000,semi-presidential,parliamentary,parliamentary,parliamentary,parliamentary,semi-presidential,semi-presidential,electoral-authoritarian,electoral-authoritarian,parliamentary,0.800,0.800,0.800,0.800,0.800,0.800,0.800,0.500,0.500,0.800,52.8,59.2,54.0,59.5,60.6,43.7,51.2,65.0,61.7,62.3
2027-01-01,1.0187,1.0016,1.0063,0.9903,1.3530,0.9950,0.9818,1.0131,1.0495,1.0067,0.9840,0.9933,1.0991,1.2759,1.0441,1.0521,1.4477,1.0498,0.9833,1.0148,1.0671,1.0077,0.9854,0.9934,3390.99,5019.45,4004.97,2532.18,1931.22,1072.11,207.79,2587.90,1667.45,530.53,1.1863,0.6524,1.0486,1.4266,1.0191,0.5475,1.1499,0.1991,0.2262,0.2828,0.6175,0.6935,0.6217,0.5478,0.6319,0.7481,0.5697,0.6671,0.6390,0.6755,0.0398,0.0398,0.0421,0.0609,0.0567,0.0230,0.0761,0.0012,0.0368,0.0356,0.7730,0.7860,0.8849,0.7891,0.7740,0.8355,0.9440,1.0000,0.7891,1.0000,52.49,186.71,77.07,49.44,59.40,10.83,5.53,230.26,58.48,77.00,0.0000,0.0000,0.0000,0.0000,0.0000,0.0000,0.4615,0.0428,0.0000,0.0000,104304,74663,53998,54750,86225,66964,95775,572442,131417,91336,0,0,0,0,0,0,0,0,0,0,0.0000,0.0000,0.0000,0.0000,0.0000,0.0000,0.1196,0.0896,0.0000,0.0000,0,0,0,0,0,0,0,1,0,0,0,0,0,0,0,0,1,1,0,0,0.1130,0.0705,0.1190,0.0426,0.0772,0.0164,0.0919,0.1040,0.0029,0.1373,0.000,0.000,0.000,0.000,0.000,0.000,0.017,0.147,0.000,0.000,semi-presidential,parliamentary,parliamentary,parliamentary,parliamentary,semi-presidential,semi-presidential,electoral-authoritarian,electoral-authoritarian,parliamentary,0.800,0.800,0.800,0.843,0.800,0.800,0.800,0.500,0.500,0.800,57.8,61.8,56.3,71.6,63.6,46.9,55.2,68.8,64.1,64.9
2027-02-01,1.0150,1.0319,1.0122,0.9955,1.3746,0.9958,0.9848,1.0150,1.0455,1.0072,0.9865,0.9929,1.0945,1.6978,1.4243,1.2633,1.4373,1.0504,1.1254,1.1387,1.0600,1.0500,1.1432,0.9930,3391.29,5008.26,3996.18,2527.23,1934.74,1076.71,208.14,2590.95,1671.11,531.99,1.1868,0.6555,1.0574,1.4311,1.0194,0.5432,1.1495,0.2011,0.2258,0.2674,0.5846,0.6271,0.6300,0.5296,0.6034,0.7303,0.5694,0.6638,0.6296,0.6595,0.1224,0.1091,0.1138,0.1604,0.1374,0.0665,0.0862,0.0035,0.1308,0.0463,0.4644,0.4899,0.7324,0.4913,0.4654,0.5681,0.9360,1.0000,0.4719,1.0000,48.14,154.44,59.15,48.47,51.31,8.67,4.89,205.49,50.43,63.05,0.0000,0.0000,0.0000,0.0000,0.0000,0.0000,0.4626,0.0420,0.0000,0.0000,104304,74663,53998,54750,86225,66964,95775,572442,131417,91336,0,0,0,0,0,0,0,0,0,0,0.0000,0.0000,0.0000,0.0000,0.0000,0.0000,0.1288,0.0988,0.0000,0.0000,0,0,0,0,0,0,0,1,0,0,0,0,0,0,0,0,1,1,0,0,0.1168,0.0654,0.1275,0.0441,0.0796,0.0146,0.0938,0.1058,0.0046,0.1390,0.000,0.000,0.000,0.000,0.000,0.000,0.016,0.146,0.000,0.000,semi-presidential,parliamentary,parliamentary,parliamentary,parliamentary,semi-presidential,semi-presidential,electoral-authoritarian,electoral-authoritarian,parliamentary,0.800,0.800,0.800,0.833,0.800,0.800,0.800,0.500,0.500,0.800,60.0,64.1,58.6,74.5,66.5,50.1,58.3,71.8,67.6,67.5
2027-03-01,1.0117,1.0705,1.0229,0.9977,1.3785,0.9949,0.9868,1.0155,1.0408,1.0062,0.9881,0.9928,1.0918,1.6602,1.3423,0.9979,1.4008,1.0500,0.9885,1.0177,1.0585,1.0078,0.9894,0.9929,3385.99,4999.86,3982.26,2513.98,1933.16,1079.20,208.21,2593.35,1678.00,532.65,1.1894,0.6581,1.0629,1.4401,1.0223,0.5400,1.1506,0.2030,0.2249,0.2523,0.5711,0.6154,0.5817,0.4740,0.5505,0.7034,0.5716,0.6496,0.5586,0.6745,0.0913,0.0770,0.0572,0.0911,0.0941,0.0510,0.0605,0.0011,0.0806,0.0128,0.5417,0.5641,0.7740,0.5657,0.5426,0.6358,0.9481,1.0000,0.5500,1.0000,49.63,175.35,70.71,47.33,57.32,10.75,5.42,215.66,53.32,68.58,0.0000,0.0000,0.0000,0.0000,0.0000,0.0000,0.4615,0.0428,0.0000,0.0000,104304,74663,53998,54750,86225,66964,95775,572442,131417,91336,0,0,0,0,0,0,0,0,0,0,0.0000,0.0000,0.0000,0.0000,0.0000,0.0000,0.1380,0.1080,0.0000,0.0000,0,0,0,0,0,0,0,1,0,0,0,0,0,0,0,0,1,1,0,0,0.1242,0.0738,0.1367,0.0473,0.0851,0.0167,0.0933,0.1072,0.0046,0.1382,0.000,0.000,0.000,0.000,0.000,0.000,0.016,0.145,0.000,0.000,semi-presidential,parliamentary,parliamentary,parliamentary,parliamentary,semi-presidential,semi-presidential,electoral-authoritarian,electoral-authoritarian,parliamentary,0.800,0.800,0.800,0.823,0.800,0.800,0.800,0.500,0.500,0.800,62.8,66.4,61.6,77.1,69.1,53.2,61.5,74.7,70.6,70.0
2027-04-01,1.0108,1.0989,1.0276,0.9969,1.3687,0.9926,0.9874,1.0127,1.0345,0.9996,0.9930,0.9919,1.0921,1.5342,1.1575,1.0594,1.3924,1.0477,1.0654,1.0144,1.0506,1.0003,1.6137,0.9987,3362.19,4983.92,3950.08,2511.57,1926.71,1080.05,208.18,2600.01,1681.72,532.24,1.1984,0.6616,1.0726,1.4429,1.0283,0.5376,1.1521,0.2045,0.2246,0.2375,0.5502,0.5968,0.5469,0.4930,0.5380,0.6924,0.5704,0.6577,0.5731,0.6875,0.0798,0.0587,0.0678,0.0757,0.0800,0.0361,0.0889,0.0065,0.0629,0.0407,0.6663,0.6836,0.8378,0.6856,0.6672,0.7437,0.9583,1.0000,0.6770,1.0000,50.76,178.57,71.66,49.33,58.72,10.63,5.47,226.88,56.81,72.90,0.0000,0.0000,0.0000,0.0000,0.0000,0.0000,0.4600,0.0427,0.0000,0.0000,104304,74663,53998,54750,86225,66964,95775,572442,131417,91336,0,0,0,0,0,0,0,0,0,0,0.0000,0.0000,0.0000,0.0000,0.0000,0.0000,0.1472,0.1172,0.0000,0.0000,0,0,0,0,0,0,0,1,0,0,0,0,0,0,0,0,1,1,0,0,0.1266,0.0728,0.1356,0.0462,0.0842,0.0151,0.0786,0.1069,0.0032,0.1400,0.000,0.000,0.000,0.000,0.000,0.000,0.015,0.145,0.000,0.000,semi-presidential,parliamentary,parliamentary,parliamentary,parliamentary,semi-presidential,semi-presidential,electoral-authoritarian,electoral-authoritarian,parliamentary,0.800,0.800,0.800,0.814,0.800,0.800,0.800,0.500,0.500,0.800,66.1,68.5,63.6,79.8,62.7,56.2,64.6,77.6,73.7,72.7
2027-05-01,1.0093,1.1126,1.0311,0.9972,1.3524,0.9910,0.9905,1.0112,1.0299,0.9954,1.0189,1.0021,1.0894,1.3761,1.2367,1.0788,1.3791,1.0458,1.0981,1.0131,1.0463,0.9960,1.5704,1.0035,3371.53,4996.40,3958.53,2516.72,1931.01,1084.93,207.27,2602.76,1683.50,532.67,1.1951,0.6610,1.0712,1.4411,1.0276,0.5334,1.1586,0.2118,0.2244,0.2223,0.5478,0.6038,0.5381,0.5063,0.5471,0.7024,0.5401,0.6691,0.5742,0.6790,0.0650,0.0415,0.0718,0.0565,0.0638,0.0196,0.0946,0.0056,0.0514,0.0401,0.8008,0.8126,0.9034,0.8152,0.8017,0.8601,0.9656,1.0000,0.8147,1.0000,51.85,185.68,76.53,51.82,60.86,10.84,5.54,233.71,58.99,78.32,0.0000,0.0000,0.0000,0.0000,0.0000,0.0000,0.4600,0.0427,0.0000,0.0000,104304,74663,53998,54750,86225,66964,95775,572442,131417,91336,0,0,0,0,0,0,0,0,0,0,0.0000,0.0000,0.0000,0.0000,0.0000,0.0000,0.1587,0.1287,0.0000,0.0000,0,0,0,0,0,0,0,1,0,0,0,0,0,0,0,0,1,1,0,0,0.1337,0.0803,0.1436,0.0537,0.0914,0.0147,0.0742,0.1067,0.0088,0.1412,0.000,0.000,0.000,0.000,0.000,0.000,0.025,0.141,0.000,0.000,semi-presidential,parliamentary,parliamentary,parliamentary,parliamentary,semi-presidential,semi-presidential,electoral-authoritarian,electoral-authoritarian,parliamentary,0.800,0.800,0.800,0.804,0.800,0.800,0.800,0.500,0.500,0.800,30.0,70.6,65.5,82.6,65.2,59.2,68.4,81.2,76.7,75.3
2027-06-01,1.0080,1.1214,1.0340,0.9989,1.3275,0.9886,0.9943,1.0109,1.0240,0.9952,1.0374,1.0073,1.0903,1.3068,1.1214,1.0544,1.3523,1.0429,1.1049,1.0128,1.0394,0.9955,1.4628,1.0078,3390.05,4995.19,3957.85,2513.87,1934.02,1087.04,206.98,2611.06,1686.65,534.11,1.1883,0.6623,1.0760,1.4438,1.0273,0.5305,1.1612,0.2131,0.2242,0.2066,0.5668,0.6340,0.5691,0.5266,0.5582,0.6962,0.5265,0.6658,0.5884,0.6766,0.0459,0.0277,0.0568,0.0346,0.0451,0.0126,0.0937,0.0042,0.0332,0.0318,0.8582,0.8677,0.9312,0.8706,0.8591,0.9097,0.9686,1.0000,0.8737,1.0000,53.09,190.24,81.30,54.54,62.79,11.04,5.64,241.65,60.71,80.51,0.0000,0.0000,0.0000,0.0000,0.0000,0.0000,0.4600,0.0427,0.0000,0.0000,104304,74663,53998,54750,86225,66964,95775,572442,131417,91336,0,0,0,0,0,0,0,0,0,0,0.0000,0.0000,0.0000,0.0000,0.0000,0.0000,0.1679,0.1379,0.0000,0.0000,0,0,0,0,0,0,0,1,0,0,0,0,0,0,0,0,1,1,0,0,0.1363,0.0839,0.1477,0.0577,0.0951,0.0167,0.0673,0.1099,0.0114,0.1416,0.000,0.000,0.000,0.000,0.000,0.000,0.028,0.137,0.000,0.000,semi-presidential,parliamentary,parliamentary,parliamentary,parliamentary,semi-presidential,semi-presidential,electoral-authoritarian,electoral-authoritarian,parliamentary,0.800,0.800,0.800,0.800,0.800,0.800,0.800,0.500,0.500,0.800,32.5,72.9,67.4,85.5,67.7,62.2,71.3,84.2,79.8,77.9
2027-07-01,1.0092,1.1240,1.0346,0.9960,1.2958,0.9871,0.9964,1.0082,1.0178,0.9948,1.0467,1.0108,1.1148,1.1589,1.0721,0.9968,1.3235,1.0410,1.0161,1.0103,1.0333,1.0059,1.2772,1.0115,3395.87,5020.46,3972.51,2513.70,1947.54,1089.66,206.39,2618.55,1693.27,535.85,1.1892,0.6598,1.0724,1.4449,1.0214,0.5337,1.1654,0.2144,0.2234,0.1909,0.5826,0.6652,0.6131,0.5592,0.5982,0.7339,0.4960,0.6676,0.6080,0.6909,0.0195,0.0113,0.0177,0.0158,0.0206,0.0008,0.0912,0.0025,0.0117,0.0192,0.9766,0.9765,0.9891,0.9753,0.9764,1.0000,0.9767,1.0000,0.9704,1.0000,54.50,192.75,80.84,57.51,65.24,11.00,5.72,250.91,62.79,85.15,0.0000,0.0000,0.0000,0.0000,0.0000,0.0000,0.4602,0.0426,0.0000,0.0000,104304,74663,53998,54750,86225,66964,95775,572442,131417,91336,0,0,0,0,0,0,0,0,0,0,0.0000,0.0000,0.0000,0.0000,0.0000,0.0000,0.1771,0.1471,0.0000,0.0000,0,0,0,0,0,0,0,1,0,0,0,0,0,0,0,0,1,1,0,0,0.1385,0.0865,0.1512,0.0651,0.1024,0.0178,0.0587,0.1117,0.0136,0.1419,0.000,0.000,0.000,0.000,0.000,0.000,0.030,0.133,0.000,0.000,semi-presidential,parliamentary,parliamentary,parliamentary,parliamentary,semi-presidential,semi-presidential,electoral-authoritarian,electoral-authoritarian,parliamentary,0.800,0.800,0.800,0.800,0.800,0.800,0.800,0.500,0.500,0.800,18.4,75.3,69.7,88.6,71.2,64.9,74.1,87.2,83.1,80.6
2027-08-01,1.0120,1.1217,1.0326,0.9932,1.2606,0.9868,0.9960,1.0053,1.0144,0.9934,1.0527,1.0126,1.1048,1.1559,1.0701,0.9934,1.2842,1.0400,0.9978,1.0076,1.0296,0.9948,1.1727,1.0127,3413.19,5034.35,3985.82,2521.02,1952.40,1093.99,205.20,2623.24,1706.98,537.22,1.1828,0.6585,1.0688,1.4416,1.0195,0.5297,1.1731,0.2164,0.2218,0.1753,0.5975,0.6872,0.6402,0.5973,0.6309,0.7410,0.4647,0.6942,0.6775,0.6964,0.0149,0.0104,0.0129,0.0151,0.0172,0.0001,0.0860,0.0017,0.0110,0.0134,0.9770,0.9769,0.9893,0.9758,0.9769,1.0000,0.9768,1.0000,0.9708,1.0000,54.67,191.79,80.14,57.45,65.13,10.84,5.66,251.58,62.82,85.38,0.0000,0.0000,0.0000,0.0000,0.0000,0.0000,0.4601,0.0426,0.0000,0.0000,104304,74663,53998,54750,86225,66964,95775,572442,131417,91336,0,0,0,0,0,0,0,0,0,0,0.0000,0.0000,0.0000,0.0000,0.0000,0.0000,0.1886,0.1586,0.0000,0.0000,0,0,0,0,0,0,0,1,0,0,0,0,0,0,0,0,1,1,0,0,0.1397,0.0872,0.1526,0.0662,0.1037,0.0180,0.0542,0.1106,0.0144,0.1419,0.000,0.000,0.000,0.000,0.000,0.000,0.029,0.131,0.000,0.000,semi-presidential,parliamentary,parliamentary,parliamentary,parliamentary,semi-presidential,semi-presidential,electoral-authoritarian,electoral-authoritarian,parliamentary,0.800,0.800,0.800,0.800,0.800,0.800,0.800,0.500,0.500,0.800,21.0,77.9,72.0,91.9,30.0,68.1,77.2,91.1,90.3,83.3
2027-09-01,1.0134,1.1172,1.0302,0.9899,1.2233,0.9853,0.9953,1.0033,1.0149,0.9923,1.0563,1.0118,1.1046,1.1501,1.0798,0.9905,1.2505,1.0384,0.9971,1.0051,1.1051,0.9931,1.1681,1.0121,3422.06,5049.43,3996.92,2532.54,1954.40,1096.21,204.21,2627.37,1712.53,538.39,1.1794,0.6569,1.0656,1.4359,1.0255,0.5267,1.1795,0.2180,0.2212,0.1598,0.6153,0.6932,0.6526,0.6209,0.6406,0.7331,0.4520,0.6734,0.6870,0.7095,0.0152,0.0106,0.0143,0.0166,0.0197,0.0000,0.0884,0.0046,0.0137,0.0152,0.9788,0.9784,0.9901,0.9776,0.9791,1.0000,0.9777,1.0000,0.9727,1.0000,54.37,190.93,79.21,56.43,64.33,10.68,5.61,248.53,62.64,85.64,0.0000,0.0000,0.0000,0.0000,0.0000,0.0000,0.4600,0.0427,0.0000,0.0000,104304,74663,53998,54750,86225,66964,95775,572442,131417,91336,0,0,0,0,0,0,0,0,0,0,0.0000,0.0000,0.0000,0.0000,0.0000,0.0000,0.1978,0.1678,0.0000,0.0000,0,0,0,0,0,0,0,1,0,0,0,0,0,0,0,0,1,1,0,0,0.1259,0.0808,0.1374,0.0595,0.0933,0.0162,0.0462,0.1082,0.0127,0.1418,0.000,0.000,0.000,0.000,0.000,0.000,0.027,0.131,0.000,0.000,semi-presidential,parliamentary,parliamentary,parliamentary,parliamentary,semi-presidential,semi-presidential,electoral-authoritarian,electoral-authoritarian,parliamentary,0.800,0.800,0.800,0.800,0.800,0.800,0.800,0.500,0.500,0.800,23.8,80.5,74.5,95.4,32.8,71.3,79.6,94.2,94.1,86.1
2027-10-01,1.0128,1.1102,1.0291,0.9873,1.1884,0.9847,0.9962,1.0012,1.0160,0.9926,1.0591,1.0110,1.0931,1.1400,1.0655,0.9877,1.2176,1.0363,1.0690,1.0031,1.0305,1.0130,1.0830,1.0110,3435.01,5051.84,4004.03,2554.11,1958.82,1103.24,203.14,2638.57,1724.60,538.46,1.1784,0.6567,1.0634,1.4244,1.0231,0.5202,1.1863,0.2195,0.2197,0.1446,0.6227,0.6986,0.6484,0.6205,0.6576,0.7358,0.4481,0.6758,0.6923,0.7112,0.0134,0.0097,0.0117,0.0144,0.0160,0.0000,0.0638,0.0018,0.0103,0.0121,0.9802,0.9797,0.9907,0.9790,0.9805,1.0000,0.9776,1.0000,0.9743,1.0000,53.88,189.76,78.37,55.87,63.46,10.72,5.55,245.21,62.36,85.63,0.0000,0.0000,0.0000,0.0000,0.0000,0.0000,0.4590,0.0416,0.0000,0.0000,104304,74663,53998,54750,86225,66964,95775,572442,131417,91336,0,0,0,0,0,0,0,0,0,0,0.0000,0.0000,0.0000,0.0000,0.0000,0.0000,0.2093,0.1793,0.0000,0.0000,0,0,0,0,0,0,0,1,0,0,0,0,0,0,0,0,1,1,0,0,0.1370,0.0853,0.1500,0.0643,0.1017,0.0161,0.0468,0.1052,0.0132,0.1413,0.000,0.000,0.000,0.000,0.000,0.000,0.024,0.131,0.000,0.000,semi-presidential,parliamentary,parliamentary,parliamentary,parliamentary,semi-presidential,semi-presidential,electoral-authoritarian,electoral-authoritarian,parliamentary,0.800,0.800,0.800,0.800,0.800,0.800,0.800,0.500,0.500,0.800,26.5,83.1,76.9,100.0,33.9,76.7,82.5,98.0,98.0,88.9
2027-11-01,1.0114,1.1018,1.0257,0.9864,1.1575,0.9837,0.9985,1.0006,1.0182,0.9944,1.0575,1.0095,1.0844,1.1296,1.0613,1.0227,1.1824,1.0348,1.0569,1.0160,1.1447,1.0315,1.0602,1.0099,3448.33,5048.84,4018.76,2564.19,1967.53,1104.70,200.32,2639.46,1730.25,540.80,1.1736,0.6570,1.0594,1.4189,1.0182,0.5182,1.2033,0.2213,0.2241,0.1319,0.6173,0.6936,0.6639,0.6235,0.6662,0.7295,0.4301,0.6691,0.6906,0.7086,0.0122,0.0090,0.0284,0.0151,0.0182,0.0000,0.0809,0.0063,0.0135,0.0148,0.9822,0.9817,0.9917,0.9811,0.9826,1.0000,0.9777,1.0000,0.9769,1.0000,53.34,188.90,78.12,54.95,62.38,10.74,5.47,241.06,62.06,85.30,0.0000,0.0000,0.0000,0.0000,0.0000,0.0000,0.4576,0.0405,0.0000,0.0000,104304,74663,53998,54750,86225,66964,95775,572442,131417,91336,0,0,0,0,0,0,0,0,0,0,0.0000,0.0000,0.0000,0.0000,0.0000,0.0000,0.2185,0.1885,0.0000,0.0000,0,0,0,0,0,0,0,1,0,0,0,0,0,0,0,0,1,1,0,0,0.1182,0.0763,0.1274,0.0544,0.0863,0.0183,0.0496,0.1009,0.0110,0.1411,0.000,0.000,0.000,0.000,0.000,0.000,0.021,0.144,0.000,0.000,semi-presidential,parliamentary,parliamentary,parliamentary,parliamentary,semi-presidential,semi-presidential,electoral-authoritarian,electoral-authoritarian,parliamentary,0.800,0.800,0.800,0.800,0.800,0.800,0.800,0.500,0.500,0.800,28.9,85.7,78.7,100.0,36.9,30.0,84.7,100.0,100.0,91.6
2027-12-01,1.0110,1.0960,1.0212,0.9851,1.1309,0.9826,1.0004,1.0013,1.0197,0.9964,1.0503,1.0083,1.0890,1.1263,1.0581,0.9855,1.1574,1.0340,1.0333,1.0507,1.0378,1.0201,1.0527,1.0087,3450.86,5064.32,4002.77,2570.46,1967.09,1107.66,199.23,2644.64,1739.90,542.59,1.1724,0.6549,1.0652,1.4152,1.0181,0.5186,1.2101,0.2229,0.2259,0.1165,0.6201,0.6971,0.6422,0.6292,0.6539,0.7545,0.4013,0.6475,0.6774,0.7158,0.0139,0.0096,0.0126,0.0146,0.0166,0.0000,0.0654,0.0021,0.0103,0.0131,0.9799,0.9795,0.9903,0.9787,0.9801,1.0000,0.9757,1.0000,0.9741,1.0000,54.64,191.30,78.80,56.58,64.21,10.77,5.61,249.40,63.70,85.66,0.0000,0.0000,0.0000,0.0000,0.0000,0.0000,0.4584,0.0415,0.0000,0.0000,104304,74663,53998,54750,86225,66964,95775,572442,131417,91336,0,0,0,0,0,0,0,0,0,0,0.0000,0.0000,0.0000,0.0000,0.0000,0.0000,0.2277,0.1977,0.0000,0.0000,0,0,0,0,0,0,0,1,0,0,0,0,0,0,0,0,1,1,0,0,0.1199,0.0771,0.1302,0.0553,0.0879,0.0180,0.0501,0.1036,0.0106,0.1401,0.000,0.000,0.000,0.000,0.000,0.000,0.018,0.146,0.000,0.000,semi-presidential,parliamentary,parliamentary,parliamentary,parliamentary,semi-presidential,semi-presidential,electoral-authoritarian,electoral-authoritarian,parliamentary,0.800,0.800,0.800,0.800,0.800,0.800,0.800,0.500,0.500,0.800,31.6,88.3,82.6,100.0,39.7,32.0,86.7,100.0,100.0,94.5
2028-01-01,1.0144,1.0914,1.0185,0.9828,1.1069,0.9841,1.0019,1.0025,1.0188,0.9967,1.0403,1.0061,1.2216,1.1216,1.0551,0.9829,1.1354,1.0698,1.0850,1.0814,1.0335,1.0072,1.0434,1.0062,3453.73,5060.25,3994.39,2576.46,1969.71,1112.12,198.65,2651.33,1746.75,545.28,1.1710,0.6553,1.0673,1.4118,1.0163,0.5145,1.2138,0.2248,0.2270,0.1010,0.6227,0.6881,0.6196,0.6213,0.6519,0.7504,0.3945,0.6259,0.6635,0.7162,0.0260,0.0181,0.0213,0.0221,0.0276,0.0071,0.0909,0.0024,0.0157,0.0171,0.9798,0.9793,0.9903,0.9786,0.9801,1.0000,0.9755,1.0000,0.9739,1.0000,52.85,188.66,78.05,55.35,62.70,10.70,5.54,241.64,62.61,83.68,0.0000,0.0000,0.0000,0.0000,0.0000,0.0000,0.4588,0.0420,0.0000,0.0000,104304,74663,53998,54750,86225,66964,95775,572442,131417,91336,0,0,0,0,0,0,0,0,0,0,0.0000,0.0000,0.0000,0.0000,0.0000,0.0000,0.2392,0.2092,0.0000,0.0000,0,0,0,0,0,0,0,1,0,0,0,0,0,0,0,0,1,1,0,0,0.1266,0.0848,0.1380,0.0577,0.0927,0.0174,0.0517,0.1054,0.0100,0.1401,0.000,0.000,0.000,0.000,0.000,0.000,0.014,0.149,0.000,0.000,semi-presidential,parliamentary,parliamentary,parliamentary,parliamentary,semi-presidential,semi-presidential,electoral-authoritarian,electoral-authoritarian,parliamentary,0.800,0.800,0.800,0.800,0.800,0.800,0.800,0.500,0.500,0.800,37.2,90.8,84.9,100.0,42.6,35.1,89.1,100.0,100.0,97.3
2028-02-01,1.0186,1.0834,1.0164,0.9798,1.0855,0.9855,1.0057,1.0028,1.0170,0.9976,1.0308,1.0046,1.1698,1.1128,1.0522,0.9801,1.1105,1.0402,1.1240,1.0045,1.0313,1.0273,1.0348,1.0051,3451.34,5070.28,3990.17,2578.59,1970.14,1114.28,197.96,2661.12,1755.30,545.97,1.1719,0.6539,1.0683,1.4105,1.0158,0.5112,1.2179,0.2260,0.2260,0.0859,0.6138,0.6958,0.6102,0.6210,0.6514,0.7453,0.3866,0.6079,0.6697,0.7077,0.0186,0.0137,0.0155,0.0182,0.0213,0.0034,0.0874,0.0020,0.0127,0.0134,0.9811,0.9804,0.9909,0.9800,0.9817,1.0000,0.9765,1.0000,0.9754,1.0000,53.36,188.93,78.04,55.42,63.25,10.78,5.57,243.14,62.49,83.98,0.0000,0.0000,0.0000,0.0000,0.0000,0.0000,0.4578,0.0408,0.0000,0.0000,104304,74663,53998,54750,86225,66964,95775,572442,131417,91336,0,0,0,0,0,0,0,0,0,0,0.0000,0.0000,0.0000,0.0000,0.0000,0.0000,0.2484,0.2184,0.0000,0.0000,0,0,0,0,0,0,0,1,0,0,0,0,0,0,0,0,1,1,0,0,0.1043,0.0770,0.1128,0.0471,0.0755,0.0160,0.0522,0.1041,0.0079,0.1392,0.000,0.000,0.000,0.000,0.000,0.000,0.011,0.151,0.000,0.000,semi-presidential,parliamentary,parliamentary,parliamentary,parliamentary,semi-presidential,semi-presidential,electoral-authoritarian,electoral-authoritarian,parliamentary,0.800,0.800,0.800,0.800,0.800,0.800,0.800,0.500,0.500,0.800,39.9,93.4,87.2,100.0,45.4,38.3,91.0,100.0,100.0,100.0
2028-03-01,1.0210,1.0744,1.0135,0.9793,1.0689,0.9877,1.0097,1.0010,1.0144,0.9969,1.0246,1.0035,1.1347,1.1043,1.0510,1.0156,1.0945,1.0393,1.1250,1.0026,1.0287,0.9978,1.0266,1.0041,3453.74,5085.89,3993.94,2577.85,1971.93,1117.35,197.68,2660.02,1767.19,548.24,1.1712,0.6518,1.0673,1.4108,1.0146,0.5075,1.2196,0.2281,0.2246,0.0706,0.6154,0.7053,0.6018,0.6194,0.6448,0.7452,0.3874,0.6012,0.6950,0.7114,0.0158,0.0114,0.0296,0.0170,0.0186,0.0012,0.1005,0.0017,0.0113,0.0132,0.9809,0.9802,0.9908,0.9798,0.9815,1.0000,0.9757,1.0000,0.9751,1.0000,53.81,189.47,79.76,55.15,63.17,10.73,5.51,244.58,62.57,84.37,0.0000,0.0000,0.0000,0.0000,0.0000,0.0000,0.4592,0.0426,0.0000,0.0000,104304,74663,53998,54750,86225,66964,95775,572442,131417,91336,0,0,0,0,0,0,0,0,0,0,0.0000,0.0000,0.0000,0.0000,0.0000,0.0000,0.2576,0.2276,0.0000,0.0000,0,0,0,0,0,0,0,1,0,0,0,0,0,0,0,0,1,1,0,0,0.1251,0.0835,0.1288,0.0531,0.0864,0.0161,0.0549,0.1029,0.0084,0.1401,0.000,0.000,0.000,0.000,0.000,0.000,0.009,0.152,0.000,0.000,semi-presidential,parliamentary,parliamentary,parliamentary,parliamentary,semi-presidential,semi-presidential,electoral-authoritarian,electoral-authoritarian,parliamentary,0.800,0.780,0.800,0.800,0.800,0.800,0.800,0.500,0.500,0.800,42.6,96.1,89.4,100.0,48.2,41.4,92.9,100.0,100.0,100.0
2028-04-01,1.0249,1.0633,1.0106,0.9800,1.0517,0.9884,1.0120,0.9992,1.0120,0.9968,1.0196,1.0009,1.2707,1.0906,1.0479,1.0217,1.0785,1.0402,1.0498,1.0008,1.0261,0.9971,1.0217,1.0012,3456.23,5082.41,3997.61,2579.77,1970.66,1118.93,197.03,2655.69,1773.01,550.60,1.1705,0.6523,1.0664,1.4099,1.0150,0.5046,1.2236,0.2311,0.2239,0.0553,0.6089,0.7138,0.5943,0.6126,0.6343,0.7360,0.3839,0.5838,0.6806,0.7126,0.0222,0.0200,0.0317,0.0263,0.0256,0.0088,0.0987,0.0012,0.0172,0.0101,0.9818,0.9810,0.9912,0.9807,0.9826,1.0000,0.9762,1.0000,0.9762,1.0000,51.12,181.81,74.59,52.41,59.41,10.41,5.29,231.89,60.22,80.90,0.0000,0.0000,0.0000,0.0000,0.0000,0.0000,0.4591,0.0426,0.0000,0.0000,104304,74663,53998,54750,86225,66964,95775,572442,131417,91336,0,0,0,0,0,0,0,0,0,0,0.0000,0.0000,0.0000,0.0000,0.0000,0.0000,0.2691,0.2391,0.0000,0.0000,0,0,0,0,0,0,0,1,0,0,0,0,0,0,0,0,1,1,0,0,0.1114,0.0753,0.1141,0.0453,0.0761,0.0140,0.0521,0.1044,0.0092,0.1385,0.000,0.000,0.000,0.000,0.000,0.000,0.005,0.151,0.000,0.000,semi-presidential,parliamentary,parliamentary,parliamentary,parliamentary,semi-presidential,semi-presidential,electoral-authoritarian,electoral-authoritarian,parliamentary,0.800,0.785,0.800,0.800,0.800,0.800,0.800,0.500,0.500,0.800,45.3,97.3,91.5,100.0,50.9,44.4,95.2,100.0,100.0,100.0
2028-05-01,1.0301,1.0510,1.0083,0.9787,1.0380,0.9885,1.0143,0.9970,1.0092,0.9968,1.0164,0.9993,1.1711,1.0787,1.0460,0.9789,1.0618,1.0429,1.0960,0.9991,1.0236,1.0112,1.0188,0.9994,3461.11,5081.04,4001.27,2576.63,1974.55,1124.82,196.01,2657.93,1779.13,550.76,1.1730,0.6525,1.0656,1.4117,1.0130,0.4997,1.2300,0.2329,0.2233,0.0404,0.6235,0.7049,0.6128,0.5983,0.6275,0.7239,0.3881,0.5985,0.6753,0.7149,0.0166,0.0129,0.0141,0.0177,0.0197,0.0027,0.0850,0.0016,0.0122,0.0119,0.9818,0.9810,0.9912,0.9807,0.9826,1.0000,0.9748,1.0000,0.9762,1.0000,52.85,185.49,75.69,54.02,62.51,10.32,5.46,241.24,62.19,83.23,0.0000,0.0000,0.0000,0.0000,0.0000,0.0000,0.4575,0.0431,0.0000,0.0000,104304,74663,53998,54750,86225,66964,95775,572442,131417,91336,0,0,0,0,0,0,0,0,0,0,0.0000,0.0000,0.0000,0.0000,0.0000,0.0000,0.2783,0.2483,0.0000,0.0000,0,0,0,0,0,0,0,1,0,0,0,0,0,0,0,0,1,1,0,0,0.1253,0.0823,0.1303,0.0520,0.0864,0.0166,0.0529,0.1041,0.0094,0.1373,0.000,0.000,0.000,0.000,0.000,0.000,0.003,0.154,0.000,0.000,semi-presidential,parliamentary,parliamentary,parliamentary,parliamentary,semi-presidential,semi-presidential,electoral-authoritarian,electoral-authoritarian,parliamentary,0.800,0.794,0.800,0.800,0.800,0.800,0.800,0.500,0.500,0.800,41.5,100.0,93.8,100.0,53.7,47.4,97.1,100.0,100.0,100.0
2028-06-01,1.0329,1.0415,1.0058,0.9763,1.0206,0.9884,1.0140,0.9956,1.0052,0.9945,1.0135,0.9973,1.1192,1.0708,1.0447,0.9766,1.0463,1.0403,1.0157,0.9972,1.0193,0.9957,1.0155,0.9974,3462.62,5084.75,3995.39,2579.73,1979.91,1132.26,195.25,2656.45,1789.09,550.73,1.1726,0.6520,1.0672,1.4101,1.0103,0.4943,1.2349,0.2351,0.2222,0.0255,0.6209,0.7076,0.6181,0.5982,0.6279,0.7259,0.3866,0.6309,0.6658,0.7141,0.0110,0.0100,0.0096,0.0153,0.0148,0.0000,0.0608,0.0011,0.0104,0.0086,0.9809,0.9801,0.9907,0.9797,0.9816,1.0000,0.9731,1.0000,0.9750,1.0000,53.20,185.25,75.25,54.38,62.94,10.29,5.41,242.59,62.48,85.28,0.0000,0.0000,0.0000,0.0000,0.0000,0.0000,0.4581,0.0440,0.0000,0.0000,104304,74663,53998,54750,86225,66964,95775,572442,131417,91336,0,0,0,0,0,0,0,0,0,0,0.0000,0.0000,0.0000,0.0000,0.0000,0.0000,0.2875,0.2575,0.0000,0.0000,0,0,0,0,0,0,0,1,0,0,0,0,0,0,0,0,1,1,0,0,0.1126,0.0755,0.1170,0.0460,0.0823,0.0141,0.0450,0.0995,0.0074,0.1383,0.000,0.000,0.000,0.000,0.000,0.000,0.000,0.157,0.000,0.000,semi-presidential,parliamentary,parliamentary,parliamentary,parliamentary,semi-presidential,semi-presidential,electoral-authoritarian,electoral-authoritarian,parliamentary,0.800,0.800,0.800,0.800,0.800,0.800,0.800,0.500,0.500,0.800,44.3,100.0,96.0,100.0,56.4,50.4,99.0,100.0,100.0,100.0
2028-07-01,1.0321,1.0336,1.0013,0.9757,1.0051,0.9890,1.0145,0.9931,1.0041,0.9941,1.0101,0.9948,1.1150,1.0619,1.0379,1.0152,1.0313,1.0405,1.0255,0.9946,1.0613,1.0295,1.0123,0.9949,3461.13,5076.60,3976.30,2581.01,1982.15,1139.30,194.05,2658.47,1791.47,550.77,1.1733,0.6530,1.0725,1.4097,1.0093,0.4892,1.2427,0.2376,0.2220,0.0106,0.6124,0.7066,0.6052,0.6011,0.6377,0.7261,0.3938,0.6410,0.6740,0.7144,0.0110,0.0104,0.0264,0.0178,0.0161,0.0000,0.0751,0.0030,0.0119,0.0102,0.9804,0.9797,0.9904,0.9792,0.9810,1.0000,0.9717,1.0000,0.9745,1.0000,52.57,183.01,75.28,53.46,61.18,10.23,5.25,239.17,62.01,84.47,0.0000,0.0000,0.0000,0.0000,0.0000,0.0000,0.4574,0.0422,0.0000,0.0000,104304,74663,53998,54750,86225,66964,95775,572442,131417,91336,0,0,0,0,0,0,0,0,0,0,0.0000,0.0000,0.0000,0.0000,0.0000,0.0000,0.2990,0.2690,0.0000,0.0000,0,0,0,0,0,0,0,1,0,0,0,0,0,0,0,0,1,1,0,0,0.1215,0.0780,0.1257,0.0535,0.0883,0.0135,0.0492,0.0967,0.0068,0.1392,0.000,0.000,0.000,0.000,0.000,0.000,0.000,0.160,0.000,0.000,semi-presidential,parliamentary,parliamentary,parliamentary,parliamentary,semi-presidential,semi-presidential,electoral-authoritarian,electoral-authoritarian,parliamentary,0.800,0.800,0.800,0.800,0.800,0.800,0.800,0.500,0.500,0.800,47.0,100.0,98.2,100.0,59.1,53.4,100.0,100.0,100.0,100.0
2028-08-01,1.0297,1.0279,0.9987,0.9758,0.9895,1.0115,1.0135,0.9941,1.0116,0.9945,1.0075,0.9946,1.1129,1.0575,1.0372,1.0029,1.0137,2.8442,1.0154,1.0074,1.5559,0.9958,1.0099,0.9947,3472.58,5093.75,3983.95,2583.01,1984.77,1140.76,193.23,2655.47,1800.48,552.28,1.1697,0.6508,1.0735,1.4088,1.0080,0.4865,1.2481,0.2399,0.2210,-0.0042,0.6095,0.7047,0.5966,0.6054,0.6437,0.7275,0.3958,0.6161,0.6629,0.7187,0.0451,0.0435,0.0630,0.0538,0.0568,0.0190,0.0940,0.0224,0.0382,0.0241,0.9795,0.9788,0.9900,0.9782,0.9800,1.0000,0.9705,1.0000,0.9734,1.0000,52.63,178.38,74.24,52.85,60.56,9.89,5.26,239.69,62.04,84.23,0.0000,0.0000,0.0000,0.0000,0.0000,0.0000,0.4581,0.0439,0.0000,0.0000,104304,74663,53998,54750,86225,66964,95775,572442,131417,91336,0,0,0,0,0,0,0,0,0,0,0.0000,0.0000,0.0000,0.0000,0.0000,0.0000,0.3082,0.2782,0.0000,0.0000,0,0,0,0,0,0,0,1,0,0,0,0,0,0,0,0,1,1,0,0,0.1323,0.0834,0.1380,0.0587,0.0966,0.0136,0.0475,0.0983,0.0069,0.1378,0.000,0.000,0.000,0.000,0.000,0.000,0.000,0.161,0.000,0.000,semi-presidential,parliamentary,parliamentary,parliamentary,parliamentary,semi-presidential,semi-presidential,electoral-authoritarian,electoral-authoritarian,parliamentary,0.800,0.800,0.800,0.800,0.800,0.800,0.800,0.500,0.500,0.800,51.2,100.0,100.0,100.0,61.9,56.4,100.0,100.0,100.0,100.0
2028-09-01,1.0277,1.0231,0.9988,0.9763,0.9754,1.0656,1.0125,0.9944,1.0248,0.9937,1.0031,0.9946,1.1120,1.0516,1.0609,1.0329,1.0007,2.3199,1.0142,1.0148,1.2472,0.9942,1.0049,0.9946,3482.01,5103.85,3985.54,2586.63,1995.01,1144.59,192.39,2649.98,1809.49,552.90,1.1667,0.6495,1.0732,1.4070,1.0031,0.4811,1.2537,0.2431,0.2200,-0.0190,0.6139,0.6909,0.6074,0.5915,0.6397,0.7069,0.3868,0.5896,0.6672,0.7081,0.0350,0.0359,0.0480,0.0529,0.0394,0.0125,0.0825,0.0094,0.0245,0.0159,0.9800,0.9793,0.9902,0.9788,0.9806,1.0000,0.9708,1.0000,0.9740,1.0000,54.57,184.32,73.12,54.53,61.37,10.58,5.38,244.34,64.01,84.11,0.0000,0.0000,0.0000,0.0000,0.0000,0.0000,0.4581,0.0440,0.0000,0.0000,104304,74663,53998,54750,86225,66964,95775,572442,131417,91336,0,0,0,0,0,0,0,0,0,0,0.0000,0.0000,0.0000,0.0000,0.0000,0.0000,0.3197,0.2897,0.0000,0.0000,0,0,0,0,0,0,0,1,0,0,0,0,0,0,0,0,1,1,0,0,0.1322,0.0823,0.1369,0.0576,0.0961,0.0142,0.0498,0.1004,0.0071,0.1401,0.000,0.000,0.000,0.000,0.000,0.000,0.000,0.161,0.000,0.000,semi-presidential,parliamentary,parliamentary,parliamentary,parliamentary,semi-presidential,semi-presidential,electoral-authoritarian,electoral-authoritarian,parliamentary,0.800,0.800,0.800,0.800,0.800,0.812,0.800,0.500,0.500,0.800,53.9,100.0,100.0,100.0,67.4,56.7,100.0,100.0,100.0,100.0
2028-10-01,1.0271,1.0196,0.9999,0.9807,0.9634,1.0944,1.0099,0.9954,1.0272,0.9937,0.9996,0.9948,1.1122,1.0486,1.1439,1.0528,0.9863,1.6980,1.0122,0.9968,1.0485,0.9939,1.0015,0.9950,3496.51,5100.22,3998.56,2590.98,1997.16,1148.52,191.46,2652.27,1818.59,554.76,1.1620,0.6500,1.0698,1.4049,1.0021,0.4775,1.2599,0.2450,0.2189,-0.0337,0.6231,0.6962,0.6205,0.5905,0.6448,0.7082,0.3859,0.5831,0.6550,0.7172,0.0274,0.0284,0.0371,0.0474,0.0286,0.0061,0.0741,0.0014,0.0206,0.0107,0.9797,0.9790,0.9901,0.9785,0.9802,1.0000,0.9699,1.0000,0.9737,1.0000,55.71,184.84,73.14,56.09,62.29,10.74,5.48,249.08,64.28,84.18,0.0000,0.0000,0.0000,0.0000,0.0000,0.0000,0.4581,0.0440,0.0000,0.0000,104304,74663,53998,54750,86225,66964,95775,572442,131417,91336,0,0,0,0,0,0,0,0,0,0,0.0000,0.0000,0.0000,0.0000,0.0000,0.0000,0.3289,0.2989,0.0000,0.0000,0,0,0,0,0,0,0,1,0,0,0,0,0,0,0,0,1,1,0,0,0.1335,0.0827,0.1383,0.0581,0.0972,0.0146,0.0516,0.1030,0.0109,0.1400,0.000,0.000,0.000,0.000,0.000,0.000,0.000,0.161,0.000,0.000,semi-presidential,parliamentary,parliamentary,parliamentary,parliamentary,semi-presidential,semi-presidential,electoral-authoritarian,electoral-authoritarian,parliamentary,0.800,0.800,0.800,0.800,0.800,0.802,0.800,0.500,0.500,0.800,56.7,100.0,100.0,100.0,70.2,59.6,100.0,100.0,100.0,100.0
2028-11-01,1.0272,1.0174,1.0030,0.9841,0.9534,1.1099,1.0052,0.9949,1.0247,0.9954,0.9990,0.9946,1.1051,1.0455,1.0789,1.0444,0.9769,1.4128,1.0070,1.0231,1.0389,1.0418,1.0053,0.9948,3504.93,5104.79,3998.45,2604.96,2002.97,1154.96,191.18,2646.28,1824.90,554.93,1.1593,0.6494,1.0700,1.3976,0.9992,0.4728,1.2619,0.2477,0.2183,-0.0485,0.6230,0.7014,0.6299,0.5886,0.6523,0.7153,0.3927,0.6002,0.6507,0.7213,0.0187,0.0188,0.0288,0.0365,0.0208,0.0027,0.0743,0.0015,0.0133,0.0111,0.9804,0.9799,0.9904,0.9793,0.9808,1.0000,0.9689,1.0000,0.9747,1.0000,55.46,185.33,73.48,56.24,62.09,10.69,5.49,249.00,64.41,84.25,0.0000,0.0000,0.0000,0.0000,0.0000,0.0000,0.4578,0.0421,0.0000,0.0000,104304,74663,53998,54750,86225,66964,95775,572442,131417,91336,0,0,0,0,0,0,0,0,0,0,0.0000,0.0000,0.0000,0.0000,0.0000,0.0000,0.3381,0.3081,0.0000,0.0000,0,0,0,0,0,0,0,1,0,0,0,0,0,0,0,0,1,1,0,0,0.1236,0.0784,0.1275,0.0536,0.0896,0.0144,0.0537,0.1035,0.0101,0.1400,0.000,0.000,0.000,0.000,0.000,0.000,0.000,0.161,0.000,0.000,semi-presidential,parliamentary,parliamentary,parliamentary,parliamentary,semi-presidential,semi-presidential,electoral-authoritarian,electoral-authoritarian,parliamentary,0.800,0.800,0.800,0.800,0.800,0.800,0.800,0.500,0.500,0.800,59.5,100.0,100.0,100.0,73.1,62.6,100.0,100.0,100.0,100.0
2028-12-01,1.0271,1.0172,1.0051,0.9886,0.9474,1.1153,1.0029,0.9940,1.0220,0.9984,0.9980,0.9932,1.1056,1.0907,1.1184,1.0504,0.9703,1.1758,1.0045,0.9955,1.0355,1.0781,0.9995,0.9933,3498.18,5117.89,3998.59,2610.43,2007.28,1159.40,190.19,2646.86,1833.90,557.97,1.1617,0.6478,1.0700,1.3949,0.9971,0.4690,1.2686,0.2503,0.2173,-0.0630,0.6257,0.7011,0.6329,0.5807,0.6582,0.7189,0.3941,0.6214,0.6503,0.7283,0.0213,0.0210,0.0267,0.0408,0.0249,0.0040,0.0752,0.0014,0.0187,0.0098,0.9410,0.9435,0.9699,0.9462,0.9432,0.9716,0.9619,1.0000,0.9472,1.0000,55.72,184.84,72.71,57.14,62.76,10.61,5.49,252.29,65.29,84.54,0.0000,0.0000,0.0000,0.0000,0.0000,0.0000,0.4575,0.0397,0.0000,0.0000,104304,74663,53998,54750,86225,66964,95775,572442,131417,91336,0,0,0,0,0,0,0,0,0,0,0.0000,0.0000,0.0000,0.0000,0.0000,0.0000,0.3496,0.3196,0.0000,0.0000,0,0,0,0,0,0,0,1,0,0,0,0,0,0,0,0,1,1,0,0,0.1211,0.0763,0.1243,0.0518,0.0873,0.0140,0.0638,0.1053,0.0093,0.1400,0.000,0.000,0.000,0.000,0.000,0.000,0.034,0.163,0.000,0.000,semi-presidential,parliamentary,parliamentary,parliamentary,parliamentary,semi-presidential,semi-presidential,electoral-authoritarian,electoral-authoritarian,parliamentary,0.800,0.800,0.800,0.800,0.800,0.800,0.800,0.500,0.500,0.800,62.3,100.0,100.0,100.0,76.0,65.5,100.0,100.0,100.0,100.0
2029-01-01,1.0277,1.0194,1.0046,0.9927,0.9427,1.1111,1.0031,0.9923,1.0201,1.0020,0.9975,0.9909,1.1136,1.0551,1.0398,1.0475,0.9649,1.1716,1.0787,0.9939,1.0340,1.0715,0.9992,0.9914,3498.04,5109.76,3992.15,2605.14,2010.30,1163.32,189.84,2652.21,1841.33,559.41,1.1619,0.6488,1.0718,1.3980,0.9957,0.4654,1.2711,0.2520,0.2165,-0.0776,0.6227,0.7044,0.6257,0.5808,0.6495,0.7189,0.3894,0.6267,0.6814,0.7247,0.0137,0.0134,0.0206,0.0323,0.0168,0.0008,0.0969,0.0017,0.0107,0.0116,0.9737,0.9731,0.9869,0.9734,0.9750,0.9946,0.9678,1.0000,0.9694,1.0000,56.16,186.52,73.39,57.35,63.68,10.48,5.55,255.97,66.11,84.76,0.0000,0.0000,0.0000,0.0000,0.0000,0.0000,0.4578,0.0399,0.0000,0.0000,104304,74663,53998,54750,86225,66964,95775,572442,131417,91336,0,0,0,0,0,0,0,0,0,0,0.0000,0.0000,0.0000,0.0000,0.0000,0.0000,0.3588,0.3288,0.0000,0.0000,0,0,0,0,0,0,0,1,0,0,0,0,0,0,0,0,1,1,0,0,0.1034,0.0681,0.1049,0.0432,0.0735,0.0127,0.0612,0.1084,0.0074,0.1402,0.000,0.000,0.000,0.000,0.000,0.000,0.031,0.160,0.000,0.000,semi-presidential,parliamentary,parliamentary,parliamentary,parliamentary,semi-presidential,semi-presidential,electoral-authoritarian,electoral-authoritarian,parliamentary,0.800,0.800,0.800,0.800,0.800,0.800,0.800,0.500,0.500,0.800,65.0,100.0,100.0,100.0,78.8,68.5,100.0,100.0,100.0,100.0
2029-02-01,1.0285,1.0188,1.0062,0.9983,0.9405,1.1021,1.0033,0.9915,1.0187,1.0051,0.9967,0.9879,1.1167,1.0467,1.1253,1.0553,0.9629,1.1635,1.0047,0.9928,1.0321,1.0695,1.0177,0.9881,3497.34,5114.52,3984.40,2601.14,2010.86,1164.52,189.31,2649.77,1845.36,561.82,1.1622,0.6482,1.0740,1.4004,0.9955,0.4630,1.2748,0.2545,0.2162,-0.0920,0.6073,0.6912,0.6134,0.5699,0.6402,0.7235,0.4002,0.6279,0.6751,0.7245,0.0169,0.0159,0.0233,0.0365,0.0207,0.0000,0.0937,0.0014,0.0149,0.0107,0.9806,0.9801,0.9905,0.9794,0.9810,1.0000,0.9688,1.0000,0.9749,1.0000,55.79,184.03,71.73,57.05,62.97,10.42,5.50,253.12,65.59,84.99,0.0000,0.0000,0.0000,0.0000,0.0000,0.0000,0.4580,0.0412,0.0000,0.0000,104304,74663,53998,54750,86225,66964,95775,572442,131417,91336,0,0,0,0,0,0,0,0,0,0,0.0000,0.0000,0.0000,0.0000,0.0000,0.0000,0.3680,0.3380,0.0000,0.0000,0,0,0,0,0,0,0,1,0,0,0,0,0,0,0,0,1,1,0,0,0.0924,0.0619,0.0930,0.0375,0.0649,0.0151,0.0621,0.1069,0.0053,0.1403,0.000,0.000,0.000,0.000,0.000,0.000,0.024,0.164,0.000,0.000,semi-presidential,parliamentary,parliamentary,parliamentary,parliamentary,semi-presidential,semi-presidential,electoral-authoritarian,electoral-authoritarian,parliamentary,0.800,0.800,0.800,0.800,0.800,0.800,0.800,0.500,0.500,0.800,67.7,100.0,100.0,100.0,81.5,71.4,100.0,100.0,100.0,100.0
2029-03-01,1.0303,1.0171,1.0094,1.0030,0.9408,1.0940,1.0042,0.9910,1.0157,1.0070,0.9960,0.9863,1.1590,1.0449,1.2135,1.0647,0.9721,1.1551,1.0056,0.9923,1.0291,1.0251,0.9974,0.9863,3496.73,5110.38,3966.87,2597.80,2010.39,1167.75,189.21,2650.71,1846.66,562.31,1.1634,0.6488,1.0788,1.3994,0.9958,0.4597,1.2756,0.2567,0.2161,-0.1067,0.6119,0.6803,0.6003,0.5722,0.6317,0.7237,0.4064,0.6378,0.6617,0.7195,0.0248,0.0214,0.0302,0.0440,0.0309,0.0021,0.0918,0.0011,0.0225,0.0138,0.9809,0.9803,0.9906,0.9798,0.9813,1.0000,0.9689,1.0000,0.9752,1.0000,54.72,181.26,70.50,56.05,62.06,10.28,5.42,248.23,64.54,83.95,0.0000,0.0000,0.0000,0.0000,0.0000,0.0000,0.4581,0.0415,0.0000,0.0000,104304,74663,53998,54750,86225,66964,95775,572442,131417,91336,0,0,0,0,0,0,0,0,0,0,0.0000,0.0000,0.0000,0.0000,0.0000,0.0000,0.3772,0.3472,0.0000,0.0000,0,0,0,0,0,0,0,1,0,0,0,0,0,0,0,0,1,1,0,0,0.1229,0.0743,0.1266,0.0504,0.0878,0.0156,0.0668,0.1081,0.0111,0.1405,0.000,0.000,0.000,0.000,0.000,0.000,0.025,0.165,0.000,0.000,semi-presidential,parliamentary,parliamentary,parliamentary,parliamentary,semi-presidential,semi-presidential,electoral-authoritarian,electoral-authoritarian,parliamentary,0.800,0.800,0.800,0.800,0.800,0.800,0.800,0.500,0.500,0.800,68.8,30.0,100.0,100.0,84.3,74.4,100.0,100.0,100.0,100.0
2029-04-01,1.0310,1.0147,1.0113,1.0040,0.9426,1.0830,1.0038,0.9904,1.0115,1.0090,0.9965,0.9861,1.1111,1.0427,1.0545,1.0367,0.9924,1.1407,1.0056,0.9917,1.0255,1.0590,1.0372,0.9866,3500.01,5120.21,3974.55,2601.57,2019.93,1170.83,188.71,2653.01,1855.57,562.38,1.1621,0.6474,1.0766,1.3978,0.9911,0.4565,1.2831,0.2593,0.2152,-0.1215,0.6020,0.6851,0.6125,0.5722,0.6461,0.7305,0.4240,0.6376,0.6737,0.7176,0.0123,0.0110,0.0213,0.0279,0.0222,0.0000,0.0733,0.0015,0.0102,0.0201,0.9804,0.9799,0.9904,0.9793,0.9809,1.0000,0.9685,1.0000,0.9747,1.0000,54.89,185.09,73.40,55.32,63.18,10.18,5.43,250.95,65.74,85.49,0.0000,0.0000,0.0000,0.0000,0.0000,0.0000,0.4579,0.0404,0.0000,0.0000,104304,74663,53998,54750,86225,66964,95775,572442,131417,91336,0,0,0,0,0,0,0,0,0,0,0.0000,0.0000,0.0000,0.0000,0.0000,0.0000,0.3887,0.3587,0.0000,0.0000,0,0,0,0,0,0,0,1,0,0,0,0,0,0,0,0,1,1,0,0,0.1270,0.0768,0.1311,0.0524,0.0905,0.0154,0.0671,0.1103,0.0114,0.1404,0.000,0.000,0.000,0.000,0.000,0.000,0.024,0.160,0.000,0.000,semi-presidential,parliamentary,parliamentary,parliamentary,parliamentary,semi-presidential,semi-presidential,electoral-authoritarian,electoral-authoritarian,parliamentary,0.800,0.800,0.800,0.800,0.800,0.800,0.146,0.500,0.500,0.800,71.5,32.8,100.0,100.0,87.1,77.4,100.0,100.0,100.0,100.0
2029-05-01,1.0296,1.0147,1.0116,1.0040,0.9481,1.0729,1.0026,0.9892,1.0069,1.0122,0.9969,0.9876,1.1062,1.0430,1.0512,1.0236,1.0110,1.1302,1.0043,0.9906,1.0197,1.0561,1.0012,0.9880,3514.28,5121.85,3977.34,2603.74,2021.77,1176.17,187.93,2662.56,1862.18,564.49,1.1572,0.6492,1.0759,1.3970,0.9903,0.4525,1.2887,0.2606,0.2145,-0.1358,0.6091,0.6968,0.6236,0.5775,0.6538,0.7268,0.2907,0.6456,0.6680,0.7149,0.0108,0.0099,0.0211,0.0239,0.0240,0.0000,0.0687,0.0012,0.0099,0.0238,0.9801,0.9796,0.9902,0.9789,0.9804,1.0000,0.9680,1.0000,0.9743,1.0000,53.77,184.01,73.43,54.41,62.26,10.09,5.27,245.87,65.06,85.87,0.0000,0.0000,0.0000,0.0000,0.0000,0.0000,0.4581,0.0406,0.0000,0.0000,104304,74663,53998,54750,86225,66964,95775,572442,131417,91336,0,0,0,0,0,0,0,0,0,0,0.0000,0.0000,0.0000,0.0000,0.0000,0.0000,0.3979,0.3679,0.0000,0.0000,0,0,0,0,0,0,0,1,0,0,0,0,0,0,0,0,1,1,0,0,0.1279,0.0778,0.1321,0.0535,0.0914,0.0161,0.0682,0.1085,0.0122,0.1386,0.000,0.000,0.000,0.000,0.000,0.000,0.024,0.159,0.000,0.000,semi-presidential,parliamentary,parliamentary,parliamentary,parliamentary,semi-presidential,semi-presidential,electoral-authoritarian,electoral-authoritarian,parliamentary,0.800,0.840,0.800,0.800,0.800,0.800,0.155,0.500,0.500,0.800,74.2,34.0,100.0,100.0,89.9,80.4,100.0,100.0,100.0,100.0
2029-06-01,1.0251,1.0130,1.0086,1.0042,0.9547,1.0634,1.0014,0.9898,1.0019,1.0159,0.9956,0.9902,1.0991,1.0405,1.0454,1.0295,1.0158,1.1207,1.0030,1.0227,1.0147,1.0546,0.9971,0.9911,3522.81,5120.17,3995.28,2607.14,2025.52,1181.68,187.40,2670.25,1871.10,566.26,1.1545,0.6494,1.0711,1.3955,0.9883,0.4485,1.2925,0.2628,0.2136,-0.1501,0.6176,0.7025,0.6386,0.5896,0.6558,0.7267,0.3138,0.6319,0.6796,0.7145,0.0118,0.0099,0.0222,0.0259,0.0241,0.0000,0.0680,0.0014,0.0097,0.0254,0.9806,0.9800,0.9905,0.9795,0.9810,1.0000,0.9684,1.0000,0.9749,1.0000,52.73,181.68,72.51,53.62,60.87,10.11,5.20,240.23,63.98,85.71,0.0000,0.0000,0.0000,0.0000,0.0000,0.0000,0.4586,0.0408,0.0000,0.0000,104304,74663,53998,54750,86225,66964,95775,572442,131417,91336,0,0,0,0,0,0,0,0,0,0,0.0000,0.0000,0.0000,0.0000,0.0000,0.0000,0.4094,0.3794,0.0000,0.0000,0,0,0,0,0,0,0,1,0,0,0,0,0,0,0,0,1,1,0,0,0.1302,0.0794,0.1344,0.0552,0.0938,0.0177,0.0703,0.1060,0.0142,0.1394,0.000,0.000,0.000,0.000,0.000,0.000,0.024,0.157,0.000,0.000,semi-presidential,parliamentary,parliamentary,parliamentary,parliamentary,semi-presidential,semi-presidential,electoral-authoritarian,electoral-authoritarian,parliamentary,0.800,0.832,0.800,0.800,0.800,0.800,0.167,0.500,0.500,0.800,76.9,36.4,100.0,100.0,92.8,83.4,100.0,100.0,100.0,100.0
2029-07-01,1.0197,1.0100,1.0036,1.0029,0.9622,1.0539,1.0009,0.9896,0.9982,1.0184,0.9978,0.9913,1.0934,1.0374,1.0408,1.0031,1.0235,1.1094,1.0028,0.9911,1.0109,1.0392,1.0882,0.9918,3531.04,5124.17,4001.97,2608.96,2030.89,1188.09,187.30,2669.14,1882.53,567.13,1.1518,0.6489,1.0694,1.3949,0.9856,0.4441,1.2931,0.2652,0.2124,-0.1646,0.6261,0.7132,0.6426,0.5984,0.6551,0.7279,0.3486,0.5969,0.7027,0.7040,0.0130,0.0093,0.0165,0.0218,0.0247,0.0000,0.0589,0.0016,0.0098,0.0264,0.9809,0.9802,0.9906,0.9797,0.9814,1.0000,0.9686,1.0000,0.9751,1.0000,52.05,180.99,72.31,53.18,60.83,10.05,5.24,237.85,63.88,85.68,0.0000,0.0000,0.0000,0.0000,0.0000,0.0000,0.4583,0.0422,0.0000,0.0000,104304,74663,53998,54750,86225,66964,95775,572442,131417,91336,0,0,0,0,0,0,0,0,0,0,0.0000,0.0000,0.0000,0.0000,0.0000,0.0000,0.4186,0.3886,0.0000,0.0000,0,0,0,0,0,0,0,1,0,0,0,0,0,0,0,0,1,1,0,0,0.1299,0.0804,0.1355,0.0565,0.0942,0.0184,0.0714,0.1061,0.0146,0.1356,0.000,0.000,0.000,0.000,0.000,0.000,0.023,0.157,0.000,0.000,semi-presidential,parliamentary,parliamentary,parliamentary,parliamentary,semi-presidential,semi-presidential,electoral-authoritarian,electoral-authoritarian,parliamentary,0.800,0.822,0.800,0.800,0.800,0.800,0.176,0.500,0.500,0.800,79.6,39.4,100.0,100.0,95.7,86.4,100.0,100.0,100.0,100.0
2029-08-01,1.0175,1.0060,1.0022,1.0025,0.9689,1.0428,0.9992,0.9890,0.9964,1.0207,1.0005,0.9905,1.0942,1.0334,1.0386,1.0315,1.0252,1.0978,1.0008,1.0363,1.0083,1.0509,1.1104,0.9906,3528.79,5136.70,3999.86,2607.68,2031.75,1190.72,187.19,2667.86,1893.41,568.21,1.1525,0.6473,1.0700,1.3959,0.9852,0.4412,1.2937,0.2677,0.2112,-0.1789,0.6304,0.7168,0.6455,0.6095,0.6535,0.7322,0.3484,0.6147,0.7197,0.6952,0.0160,0.0106,0.0238,0.0285,0.0257,0.0000,0.0742,0.0021,0.0100,0.0283,0.9812,0.9806,0.9908,0.9801,0.9818,1.0000,0.9688,1.0000,0.9756,1.0000,52.53,179.98,70.99,53.67,60.87,10.02,5.28,240.77,64.28,85.09,0.0000,0.0000,0.0000,0.0000,0.0000,0.0000,0.4589,0.0409,0.0000,0.0000,104304,74663,53998,54750,86225,66964,95775,572442,131417,91336,0,0,0,0,0,0,0,0,0,0,0.0000,0.0000,0.0000,0.0000,0.0000,0.0000,0.4278,0.3978,0.0000,0.0000,0,0,0,0,0,0,0,1,0,0,0,0,0,0,0,0,1,1,0,0,0.1216,0.0808,0.1250,0.0514,0.0875,0.0175,0.0704,0.1084,0.0137,0.1387,0.000,0.000,0.000,0.000,0.000,0.000,0.021,0.158,0.000,0.000,semi-presidential,parliamentary,parliamentary,parliamentary,parliamentary,semi-presidential,semi-presidential,electoral-authoritarian,electoral-authoritarian,parliamentary,0.800,0.812,0.800,0.800,0.800,0.800,0.185,0.500,0.500,0.800,82.4,42.3,100.0,100.0,98.5,89.5,100.0,100.0,100.0,100.0
2029-09-01,1.0166,1.0032,1.0003,1.0031,0.9756,1.0326,0.9992,0.9910,0.9968,1.0220,1.0061,0.9913,1.0983,1.0313,1.0377,1.0259,1.0379,1.0881,1.0058,1.0499,1.0801,1.0367,1.1374,0.9917,3540.54,5137.51,4013.49,2610.99,2039.91,1192.90,186.38,2677.13,1899.41,568.19,1.1489,0.6473,1.0664,1.3945,0.9813,0.4386,1.2992,0.2697,0.2107,-0.2037,0.6136,0.7192,0.6511,0.6218,0.6567,0.7336,0.3149,0.6300,0.7080,0.6868,0.0179,0.0106,0.0274,0.0281,0.0307,0.0000,0.0808,0.0052,0.0131,0.0351,0.9801,0.9795,0.9902,0.9789,0.9806,1.0000,0.9679,1.0000,0.9741,1.0000,53.69,182.15,73.00,54.06,62.66,10.00,5.56,246.66,65.54,84.99,0.0000,0.0000,0.0000,0.0000,0.0000,0.0000,0.4589,0.0425,0.0000,0.0000,104304,74663,53998,54750,86225,66964,95775,572442,131417,91336,0,0,0,0,0,0,0,0,0,0,0.0000,0.0000,0.0000,0.0000,0.0000,0.0000,0.4393,0.4093,0.0000,0.0000,0,0,0,0,0,0,0,1,0,0,0,0,0,0,0,0,1,1,0,0,0.1311,0.0861,0.1354,0.0561,0.0948,0.0186,0.0721,0.1106,0.0150,0.1377,0.000,0.000,0.000,0.000,0.000,0.000,0.018,0.159,0.000,0.000,semi-presidential,parliamentary,parliamentary,parliamentary,parliamentary,semi-presidential,semi-presidential,electoral-authoritarian,electoral-authoritarian,parliamentary,0.837,0.802,0.800,0.800,0.800,0.800,0.197,0.500,0.500,0.800,76.0,45.3,100.0,100.0,100.0,92.5,100.0,100.0,100.0,100.0
2029-10-01,1.0170,1.0014,0.9968,1.0010,0.9830,1.0230,0.9994,0.9913,0.9979,1.0222,1.0114,0.9924,1.0945,1.0293,1.0353,1.0015,1.0430,1.0760,1.0236,1.0078,1.0102,1.0289,1.1951,0.9930,3544.11,5155.59,4018.99,2613.90,2047.84,1198.70,185.85,2679.83,1905.48,568.76,1.1479,0.6451,1.0650,1.3953,0.9775,0.4345,1.3079,0.2718,0.2101,-0.2103,0.6288,0.7317,0.6573,0.6254,0.6650,0.7378,0.3148,0.6218,0.7035,0.6831,0.0176,0.0096,0.0212,0.0219,0.0277,0.0000,0.0660,0.0024,0.0103,0.0324,0.9802,0.9796,0.9903,0.9790,0.9807,1.0000,0.9675,1.0000,0.9743,1.0000,52.78,182.81,73.50,53.98,62.41,10.13,5.29,243.05,65.40,85.43,0.0000,0.0000,0.0000,0.0000,0.0000,0.0000,0.4586,0.0433,0.0000,0.0000,104304,74663,53998,54750,86225,66964,95775,572442,131417,91336,0,0,0,0,0,0,0,0,0,0,0.0000,0.0000,0.0000,0.0000,0.0000,0.0000,0.4485,0.4185,0.0000,0.0000,0,0,0,0,0,0,0,1,0,0,0,0,0,0,0,0,1,1,0,0,0.1303,0.0870,0.1361,0.0572,0.0948,0.0226,0.0730,0.1095,0.0152,0.1344,0.000,0.000,0.000,0.000,0.000,0.000,0.017,0.159,0.000,0.000,semi-presidential,parliamentary,parliamentary,parliamentary,parliamentary,semi-presidential,semi-presidential,electoral-authoritarian,electoral-authoritarian,parliamentary,0.828,0.800,0.800,0.826,0.800,0.800,0.206,0.500,0.500,0.800,78.7,48.4,100.0,100.0,100.0,95.6,100.0,100.0,100.0,30.0
2029-11-01,1.0170,1.0028,0.9946,0.9949,0.9894,1.0153,1.0006,0.9927,0.9985,1.0190,1.0158,0.9942,1.0993,1.0845,1.0333,0.9960,1.0450,1.0682,1.0666,1.0190,1.0457,1.0237,1.0785,0.9951,3549.02,5168.02,4024.09,2611.39,2052.60,1208.69,185.78,2688.58,1909.83,568.35,1.1464,0.6436,1.0636,1.3969,0.9752,0.4291,1.3085,0.2734,0.2097,-0.2252,0.6348,0.7374,0.6584,0.6307,0.6630,0.7355,0.3334,0.6225,0.6997,0.6798,0.0228,0.0160,0.0226,0.0275,0.0334,0.0046,0.0683,0.0034,0.0166,0.0291,0.9324,0.9360,0.9652,0.9387,0.9342,0.9669,0.9582,1.0000,0.9406,1.0000,53.51,184.44,74.63,55.00,63.86,10.33,5.27,247.66,66.43,85.47,0.0000,0.0000,0.0000,0.0000,0.0000,0.0000,0.4584,0.0436,0.0000,0.0000,104304,74663,53998,54750,86225,66964,95775,572442,131417,91336,0,0,0,0,0,0,0,0,0,0,0.0000,0.0000,0.0000,0.0000,0.0000,0.0000,0.4577,0.4277,0.0000,0.0000,0,0,0,0,0,0,0,1,0,0,0,0,0,0,0,0,1,1,0,0,0.1319,0.0887,0.1378,0.0588,0.0964,0.0240,0.0746,0.1122,0.0165,0.1343,0.000,0.000,0.000,0.000,0.000,0.000,0.015,0.158,0.000,0.000,semi-presidential,parliamentary,parliamentary,parliamentary,parliamentary,semi-presidential,semi-presidential,electoral-authoritarian,electoral-authoritarian,parliamentary,0.818,0.800,0.800,0.817,0.800,0.800,0.215,0.500,0.500,0.800,81.5,51.5,100.0,100.0,100.0,98.6,100.0,100.0,100.0,32.8
2029-12-01,1.0180,1.0051,0.9950,0.9908,0.9944,1.0084,1.0009,0.9943,0.9992,1.0140,1.0169,0.9964,1.1035,1.0597,1.0403,0.9909,1.0404,1.0606,1.0028,1.0545,1.0295,1.0189,1.0414,0.9971,3563.79,5170.51,4035.39,2617.15,2057.90,1215.71,185.61,2701.00,1918.24,569.69,1.1387,0.6434,1.0607,1.3941,0.9727,0.4247,1.3098,0.2751,0.2089,-0.2394,0.6378,0.7340,0.6621,0.6305,0.6732,0.7523,0.2991,0.6186,0.7092,0.6818,0.0185,0.0134,0.0183,0.0233,0.0270,0.0024,0.0702,0.0024,0.0140,0.0229,0.9571,0.9572,0.9782,0.9591,0.9595,0.9831,0.9664,1.0000,0.9567,1.0000,54.57,185.92,75.75,55.91,64.86,10.55,5.30,251.89,67.18,85.91,0.0000,0.0000,0.0000,0.0000,0.0000,0.0000,0.4584,0.0436,0.0000,0.0000,104304,74663,53998,54750,86225,66964,95775,572442,131417,91336,0,0,0,0,0,0,0,0,0,0,0.0000,0.0000,0.0000,0.0000,0.0000,0.0000,0.4692,0.4392,0.0000,0.0000,0,0,0,0,0,0,0,1,0,0,0,0,0,0,0,0,1,1,0,0,0.1337,0.0902,0.1394,0.0603,0.0978,0.0254,0.0766,0.1158,0.0178,0.1345,0.000,0.000,0.000,0.000,0.000,0.000,0.013,0.156,0.000,0.000,semi-presidential,parliamentary,parliamentary,parliamentary,parliamentary,semi-presidential,semi-presidential,electoral-authoritarian,electoral-authoritarian,parliamentary,0.808,0.800,0.800,0.807,0.800,0.800,0.227,0.500,0.500,0.800,84.3,54.5,100.0,100.0,100.0,100.0,100.0,100.0,100.0,35.6
2030-01-01,1.0165,1.0056,0.9940,0.9867,0.9994,1.0054,0.9993,0.9951,1.0010,1.0079,1.0154,0.9991,1.0957,1.0350,1.0328,0.9873,1.0484,1.0562,1.0010,0.9965,1.0847,1.0133,1.0180,0.9996,3573.03,5187.44,4036.65,2622.87,2065.49,1219.91,185.24,2705.48,1930.95,569.69,1.1359,0.6414,1.0604,1.3913,0.9692,0.4214,1.3125,0.2770,0.2076,-0.2541,0.6450,0.7362,0.6737,0.6290,0.6806,0.7587,0.3430,0.6281,0.6863,0.6811,0.0109,0.0100,0.0131,0.0209,0.0229,0.0000,0.0601,0.0039,0.0130,0.0202,0.9788,0.9782,0.9896,0.9774,0.9791,1.0000,0.9690,1.0000,0.9724,1.0000,53.29,185.12,75.20,54.67,63.00,10.75,5.14,243.85,66.50,86.06,0.0000,0.0000,0.0000,0.0000,0.0000,0.0000,0.4584,0.0436,0.0000,0.0000,104304,74663,53998,54750,86225,66964,95775,572442,131417,91336,0,0,0,0,0,0,0,0,0,0,0.0000,0.0000,0.0000,0.0000,0.0000,0.0000,0.4784,0.4484,0.0000,0.0000,0,0,0,0,0,0,0,1,0,0,0,0,0,0,0,0,1,1,0,0,0.1359,0.0923,0.1415,0.0623,0.0999,0.0272,0.0787,0.1134,0.0194,0.1347,0.000,0.000,0.000,0.000,0.000,0.000,0.012,0.154,0.000,0.000,semi-presidential,parliamentary,parliamentary,parliamentary,parliamentary,semi-presidential,semi-presidential,electoral-authoritarian,electoral-authoritarian,parliamentary,0.801,0.800,0.800,0.800,0.800,0.800,0.236,0.500,0.500,0.800,86.4,57.6,100.0,100.0,100.0,100.0,100.0,100.0,100.0,38.3
2030-02-01,1.0136,1.0069,0.9933,0.9834,1.0018,1.0019,0.9995,0.9965,1.0025,1.0047,1.0109,0.9997,1.0913,1.0362,1.0318,0.9843,1.0316,1.0526,1.0404,1.0344,1.0561,1.0113,1.0131,1.0002,3586.29,5201.51,4061.44,2634.16,2070.94,1227.09,185.27,2704.67,1944.69,570.28,1.1318,0.6397,1.0539,1.3856,0.9668,0.4171,1.3124,0.2798,0.2063,-0.2685,0.6516,0.7461,0.6900,0.6249,0.6845,0.7585,0.3857,0.6335,0.7006,0.6862,0.0139,0.0099,0.0141,0.0169,0.0198,0.0000,0.0618,0.0033,0.0120,0.0160,0.9790,0.9785,0.9897,0.9778,0.9794,1.0000,0.9697,1.0000,0.9728,1.0000,53.53,186.28,76.16,54.86,63.12,10.97,5.28,243.77,66.79,86.19,0.0000,0.0000,0.0000,0.0000,0.0000,0.0000,0.4585,0.0433,0.0000,0.0000,104304,74663,53998,54750,86225,66964,95775,572442,131417,91336,0,0,0,0,0,0,0,0,0,0,0.0000,0.0000,0.0000,0.0000,0.0000,0.0000,0.4899,0.4599,0.0000,0.0000,0,0,0,0,0,0,0,1,0,0,0,0,0,0,0,0,1,1,0,0,0.1366,0.0929,0.1422,0.0629,0.1004,0.0279,0.0792,0.1141,0.0200,0.1346,0.000,0.000,0.000,0.000,0.000,0.000,0.008,0.154,0.000,0.000,semi-presidential,parliamentary,parliamentary,parliamentary,parliamentary,semi-presidential,semi-presidential,electoral-authoritarian,electoral-authoritarian,parliamentary,0.800,0.800,0.800,0.800,0.800,0.800,0.247,0.500,0.500,0.800,89.3,60.8,100.0,100.0,100.0,100.0,100.0,100.0,100.0,41.1
2030-03-01,1.0118,1.0065,0.9945,0.9799,1.0020,0.9982,1.0000,0.9980,1.0025,1.0031,1.0062,1.0016,1.0906,1.0534,1.1308,0.9808,1.0238,1.0488,1.0085,1.0909,1.0152,1.0098,1.0083,1.0020,3584.97,5219.39,4070.35,2644.47,2073.36,1231.72,185.45,2712.79,1954.17,571.22,1.1324,0.6376,1.0516,1.3805,0.9657,0.4138,1.3130,0.2811,0.2054,-0.2830,0.6550,0.7532,0.6946,0.6331,0.6927,0.7627,0.3898,0.6338,0.7141,0.6900,0.0244,0.0152,0.0223,0.0236,0.0264,0.0017,0.0636,0.0020,0.0161,0.0166,0.9641,0.9635,0.9819,0.9651,0.9665,0.9876,0.9680,1.0000,0.9617,1.0000,53.80,187.68,77.09,55.70,64.05,11.09,5.35,246.09,67.01,86.30,0.0000,0.0000,0.0000,0.0000,0.0000,0.0000,0.4585,0.0433,0.0000,0.0000,104304,74663,53998,54750,86225,66964,95775,572442,131417,91336,0,0,0,0,0,0,0,0,0,0,0.0000,0.0000,0.0000,0.0000,0.0000,0.0000,0.4991,0.4691,0.0000,0.0000,0,0,0,0,0,0,0,1,0,0,0,0,0,0,0,0,1,1,0,0,0.1382,0.0944,0.1437,0.0702,0.1019,0.0291,0.0801,0.1164,0.0212,0.1343,0.000,0.000,0.000,0.000,0.000,0.000,0.006,0.153,0.000,0.000,semi-presidential,parliamentary,parliamentary,parliamentary,parliamentary,semi-presidential,semi-presidential,electoral-authoritarian,electoral-authoritarian,parliamentary,0.800,0.800,0.800,0.800,0.800,0.800,0.256,0.500,0.500,0.800,92.3,64.0,100.0,100.0,100.0,100.0,100.0,100.0,100.0,44.3
2030-04-01,1.0098,1.0058,0.9963,0.9769,1.0036,0.9932,0.9983,1.0003,1.0012,1.0009,1.0012,1.0015,1.0886,1.0348,1.0368,0.9936,1.0293,1.0426,1.0000,1.0535,1.0140,1.0075,1.0034,1.0016,3591.02,5236.52,4090.47,2653.09,2082.30,1243.53,185.54,2717.28,1967.66,573.02,1.1307,0.6356,1.0465,1.3759,0.9616,0.4081,1.3123,0.2825,0.2041,-0.2971,0.6552,0.7498,0.6887,0.6350,0.6878,0.7729,0.4183,0.6412,0.7156,0.6816,0.0136,0.0100,0.0190,0.0160,0.0175,0.0000,0.0724,0.0015,0.0106,0.0128,0.9793,0.9787,0.9898,0.9781,0.9798,1.0000,0.9700,1.0000,0.9732,1.0000,53.68,188.65,77.98,55.79,64.11,11.36,5.32,245.95,67.33,86.55,0.0000,0.0000,0.0000,0.0000,0.0000,0.0000,0.4585,0.0433,0.0000,0.0000,104304,74663,53998,54750,86225,66964,95775,572442,131417,91336,0,0,0,0,0,0,0,0,0,0,0.0000,0.0000,0.0000,0.0000,0.0000,0.0000,0.5083,0.4783,0.0000,0.0000,0,0,0,0,0,0,0,1,0,0,0,0,0,0,0,0,1,1,0,0,0.1370,0.0936,0.1416,0.0694,0.1005,0.0291,0.0839,0.1156,0.0210,0.1348,0.000,0.000,0.000,0.000,0.000,0.000,0.003,0.153,0.000,0.000,semi-presidential,parliamentary,parliamentary,parliamentary,parliamentary,semi-presidential,semi-presidential,electoral-authoritarian,electoral-authoritarian,parliamentary,0.800,0.800,0.800,0.800,0.800,0.800,0.266,0.500,0.500,0.800,95.2,67.1,100.0,100.0,100.0,100.0,100.0,100.0,100.0,47.3
2030-05-01,1.0085,1.0049,0.9959,0.9767,1.0038,0.9885,0.9972,1.0002,1.0014,0.9976,1.0000,1.0005,1.0880,1.0338,1.0346,0.9932,1.0254,1.0376,1.0184,1.0018,1.0140,1.0030,1.0017,1.0006,3598.14,5262.74,4089.45,2661.99,2081.83,1246.13,186.08,2720.34,1974.58,573.13,1.1286,0.6325,1.0500,1.3714,0.9619,0.4055,1.3085,0.2833,0.2034,-0.3120,0.6600,0.7602,0.6763,0.6450,0.6792,0.7672,0.4049,0.6323,0.7167,0.6912,0.0115,0.0099,0.0164,0.0151,0.0151,0.0000,0.0712,0.0012,0.0105,0.0089,0.9792,0.9787,0.9898,0.9778,0.9795,1.0000,0.9692,1.0000,0.9728,1.0000,54.07,189.69,79.15,56.23,64.41,11.41,5.33,248.07,67.72,86.39,0.0000,0.0000,0.0000,0.0000,0.0000,0.0000,0.4584,0.0435,0.0000,0.0000,104304,74663,53998,54750,86225,66964,95775,572442,131417,91336,0,0,0,0,0,0,0,0,0,0,0.0000,0.0000,0.0000,0.0000,0.0000,0.0000,0.5175,0.4875,0.0000,0.0000,0,0,0,0,0,0,0,1,0,0,0,0,0,0,0,0,1,1,0,0,0.1326,0.0911,0.1369,0.0669,0.0970,0.0280,0.0818,0.1182,0.0199,0.1346,0.000,0.000,0.000,0.000,0.000,0.000,0.000,0.150,0.000,0.000,semi-presidential,parliamentary,parliamentary,parliamentary,parliamentary,semi-presidential,semi-presidential,electoral-authoritarian,electoral-authoritarian,parliamentary,0.800,0.800,0.800,0.800,0.800,0.800,0.275,0.500,0.500,0.800,98.1,70.4,100.0,100.0,100.0,100.0,100.0,100.0,100.0,50.5
2030-06-01,1.0066,1.0071,0.9965,0.9777,1.0055,0.9859,0.9980,0.9989,1.0027,0.9952,0.9985,0.9993,1.0858,1.0871,1.0787,1.0185,1.0398,1.0348,1.0563,1.0006,1.0713,1.0016,1.0001,0.9994,3606.55,5273.90,4083.86,2674.11,2088.88,1250.20,186.42,2735.22,1987.73,573.79,1.1261,0.6312,1.0516,1.3652,0.9586,0.4025,1.3062,0.2831,0.2022,-0.3265,0.6606,0.7599,0.6688,0.6384,0.6835,0.7575,0.4149,0.6317,0.7123,0.6937,0.0219,0.0191,0.0269,0.0347,0.0296,0.0044,0.0764,0.0036,0.0193,0.0169,0.9345,0.9381,0.9664,0.9405,0.9361,0.9687,0.9617,1.0000,0.9423,1.0000,54.14,187.51,76.30,54.32,63.47,11.29,5.27,247.58,67.94,86.04,0.0000,0.0000,0.0000,0.0000,0.0000,0.0000,0.4585,0.0433,0.0000,0.0000,104304,74663,53998,54750,86225,66964,95775,572442,131417,91336,0,0,0,0,0,0,0,0,0,0,0.0000,0.0000,0.0000,0.0000,0.0000,0.0000,0.5290,0.4990,0.0000,0.0000,0,0,0,0,0,0,0,1,0,0,0,0,0,0,0,0,1,1,0,0,0.1301,0.0887,0.1336,0.0637,0.0949,0.0269,0.0815,0.1180,0.0188,0.1374,0.000,0.000,0.000,0.000,0.000,0.000,0.000,0.151,0.000,0.000,semi-presidential,parliamentary,parliamentary,parliamentary,parliamentary,semi-presidential,semi-presidential,electoral-authoritarian,electoral-authoritarian,parliamentary,0.800,0.800,0.800,0.800,0.800,0.800,0.286,0.500,0.500,0.800,100.0,73.6,100.0,100.0,100.0,100.0,100.0,100.0,100.0,53.6
2030-07-01,1.0062,1.0089,0.9978,0.9783,1.0058,0.9833,0.9989,0.9990,1.0036,0.9946,0.9981,0.9974,1.0858,1.0383,1.1508,1.0052,1.0270,1.0311,1.0004,1.0313,1.0162,1.0113,1.0070,0.9978,3614.67,5284.60,4090.91,2682.46,2090.67,1256.16,186.13,2741.23,1993.23,574.12,1.1237,0.6300,1.0501,1.3610,0.9578,0.4039,1.3082,0.2837,0.2017,-0.3412,0.6542,0.7435,0.6572,0.6382,0.6792,0.7511,0.4225,0.6211,0.7029,0.6950,0.0205,0.0143,0.0251,0.0250,0.0236,0.0000,0.0724,0.0014,0.0174,0.0123,0.9790,0.9784,0.9897,0.9776,0.9792,1.0000,0.9695,1.0000,0.9726,1.0000,54.86,187.55,76.36,55.15,63.77,11.90,5.31,248.93,68.07,86.11,0.0000,0.0000,0.0000,0.0000,0.0000,0.0000,0.4583,0.0427,0.0000,0.0000,104304,74663,53998,54750,86225,66964,95775,572442,131417,91336,0,0,0,0,0,0,0,0,0,0,0.0000,0.0000,0.0000,0.0000,0.0000,0.0000,0.5382,0.5082,0.0000,0.0000,0,0,0,0,0,0,0,1,0,0,0,0,0,0,0,0,1,1,0,0,0.1119,0.0787,0.1137,0.0539,0.0804,0.0244,0.0758,0.1151,0.0155,0.1358,0.000,0.000,0.000,0.000,0.000,0.000,0.000,0.152,0.000,0.000,semi-presidential,parliamentary,parliamentary,parliamentary,parliamentary,semi-presidential,semi-presidential,electoral-authoritarian,electoral-authoritarian,parliamentary,0.800,0.800,0.800,0.800,0.800,0.800,0.296,0.500,0.500,0.800,100.0,76.7,100.0,100.0,100.0,100.0,100.0,100.0,100.0,56.7
2030-08-01,1.0067,1.0053,1.0000,0.9781,1.0020,0.9801,0.9989,1.0008,0.9994,0.9934,0.9972,0.9945,1.0079,1.0063,1.1202,0.9980,1.0030,0.9805,0.9990,1.0618,1.0000,0.9936,0.9973,0.9946,3613.30,5289.88,4089.58,2686.09,2088.17,1260.91,186.59,2743.25,2002.56,574.92,1.1244,0.6293,1.0507,1.3593,0.9590,0.4015,1.3051,0.2837,0.2009,-0.3557,0.6351,0.7267,0.6401,0.6430,0.6649,0.7608,0.4463,0.6254,0.6844,0.7042,0.0112,0.0045,0.0169,0.0103,0.0101,0.0000,0.0177,0.0005,0.0048,0.0061,1.0000,1.0000,1.0000,1.0000,1.0000,1.0000,1.0000,1.0000,1.0000,1.0000,57.54,195.40,80.30,58.39,67.17,12.05,9.99,263.52,70.01,87.80,0.0000,0.0000,0.0000,0.0000,0.0000,0.0000,0.0000,0.0000,0.0000,0.0000,104304,74663,53998,54750,86225,66964,95775,572442,131417,91336,0,0,0,0,0,0,0,0,0,0,0.0000,0.0000,0.0000,0.0000,0.0000,0.0000,0.5359,0.5036,0.0000,0.0000,0,0,0,0,0,0,0,1,0,0,0,0,0,0,0,0,0,0,0,0,0.1190,0.0825,0.1220,0.0575,0.0913,0.0233,0.0780,0.1185,0.0149,0.1382,0.000,0.000,0.000,0.000,0.000,0.000,0.000,0.155,0.000,0.000,semi-presidential,parliamentary,parliamentary,parliamentary,parliamentary,semi-presidential,semi-presidential,electoral-authoritarian,electoral-authoritarian,parliamentary,0.800,0.800,0.800,0.800,0.800,0.800,0.300,0.500,0.500,0.800,100.0,82.8,100.0,100.0,100.0,100.0,100.0,100.0,100.0,59.9
2030-09-01,1.0069,1.0020,1.0031,0.9790,0.9970,0.9785,0.9974,1.0023,0.9948,0.9919,0.9984,0.9928,1.0175,1.0022,1.1401,1.0098,0.9971,0.9785,0.9977,1.0513,0.9953,0.9920,1.0470,0.9929,3615.85,5300.58,4081.44,2688.09,2094.57,1267.39,188.15,2749.78,2009.35,575.84,1.1238,0.6277,1.0531,1.3583,0.9560,0.3978,1.2950,0.2843,0.2003,-0.3700,0.6380,0.7243,0.6282,0.6441,0.6659,0.7602,0.5097,0.6318,0.7087,0.7099,0.0136,0.0063,0.0192,0.0158,0.0121,0.0002,0.0343,0.0006,0.0062,0.0076,1.0000,1.0000,1.0000,1.0000,1.0000,1.0000,1.0000,1.0000,1.0000,1.0000,57.43,192.12,77.64,57.73,66.59,12.18,9.75,263.09,69.74,87.31,0.0000,0.0000,0.0000,0.0000,0.0000,0.0000,0.0000,0.0000,0.0000,0.0000,104304,74663,53998,54750,86225,66964,95775,572442,131417,91336,0,0,0,0,0,0,0,0,0,0,0.0000,0.0000,0.0000,0.0000,0.0000,0.0000,0.5162,0.4839,0.0000,0.0000,0,0,0,0,0,0,0,1,0,0,0,0,0,0,0,0,0,0,0,0,0.1337,0.0853,0.1376,0.0603,0.0982,0.0237,0.0825,0.1199,0.0186,0.1392,0.000,0.000,0.000,0.000,0.000,0.000,0.000,0.157,0.000,0.000,semi-presidential,parliamentary,parliamentary,parliamentary,parliamentary,semi-presidential,semi-presidential,electoral-authoritarian,electoral-authoritarian,parliamentary,0.800,0.800,0.800,0.800,0.800,0.800,0.310,0.500,0.500,0.800,100.0,85.8,100.0,100.0,100.0,100.0,100.0,100.0,100.0,63.1
2030-10-01,1.0067,1.0013,1.0034,0.9803,0.9956,0.9778,0.9957,1.0001,0.9933,0.9911,0.9996,0.9909,1.0069,1.0555,1.0036,1.0108,0.9956,0.9778,0.9959,1.0002,0.9933,0.9913,1.0239,0.9913,3628.50,5299.67,4084.60,2686.59,2099.01,1270.78,189.31,2752.08,2016.00,576.48,1.1201,0.6276,1.0527,1.3591,0.9541,0.3952,1.2887,0.2853,0.1998,-0.3845,0.6573,0.7153,0.6293,0.6445,0.6615,0.7584,0.5393,0.6365,0.7132,0.7195,0.0076,0.0072,0.0110,0.0121,0.0071,0.0047,0.0129,0.0001,0.0046,0.0011,0.9514,0.9562,0.9748,0.9596,0.9527,0.9664,0.9919,1.0000,0.9675,1.0000,56.60,192.34,77.96,57.20,66.31,11.99,9.58,261.84,70.58,87.42,0.0000,0.0000,0.0000,0.0000,0.0000,0.0000,0.0000,0.0000,0.0000,0.0000,104304,74663,53998,54750,86225,66964,95775,572442,131417,91336,0,0,0,0,0,0,0,0,0,0,0.0000,0.0000,0.0000,0.0000,0.0000,0.0000,0.4965,0.4642,0.0000,0.0000,0,0,0,0,0,0,0,1,0,0,0,0,0,0,0,0,0,0,0,0,0.1220,0.0800,0.1254,0.0546,0.0892,0.0217,0.0817,0.1172,0.0168,0.1391,0.000,0.000,0.000,0.000,0.000,0.000,0.000,0.159,0.000,0.000,semi-presidential,parliamentary,parliamentary,parliamentary,parliamentary,semi-presidential,semi-presidential,electoral-authoritarian,electoral-authoritarian,parliamentary,0.800,0.800,0.800,0.800,0.800,0.800,0.320,0.500,0.500,0.800,100.0,88.8,100.0,100.0,100.0,100.0,100.0,100.0,100.0,66.4
2030-11-01,1.0057,1.0011,1.0061,0.9837,0.9962,0.9775,0.9914,0.9977,0.9934,0.9912,1.0005,0.9886,1.0113,1.0012,1.1186,1.0213,0.9978,0.9774,0.9922,0.9978,1.0687,0.9913,1.0103,0.9888,3629.81,5289.84,4084.49,2689.15,2096.67,1274.51,190.06,2762.44,2024.57,576.65,1.1198,0.6286,1.0530,1.3578,0.9552,0.3924,1.2860,0.2855,0.1991,-0.3993,0.6447,0.6983,0.6284,0.6381,0.6595,0.7552,0.5571,0.6405,0.7439,0.7297,0.0079,0.0060,0.0142,0.0195,0.0103,0.0000,0.0310,0.0030,0.0069,0.0048,1.0000,1.0000,1.0000,1.0000,1.0000,1.0000,1.0000,1.0000,1.0000,1.0000,57.47,189.95,75.82,57.96,66.12,11.72,9.68,264.27,70.55,86.99,0.0000,0.0000,0.0000,0.0000,0.0000,0.0000,0.0000,0.0000,0.0000,0.0000,104304,74663,53998,54750,86225,66964,95775,572442,131417,91336,0,0,0,0,0,0,0,0,0,0,0.0000,0.0000,0.0000,0.0000,0.0000,0.0000,0.4767,0.4444,0.0000,0.0000,0,0,0,0,0,0,0,1,0,0,0,0,0,0,0,0,0,0,0,0,0.1151,0.0751,0.1175,0.0502,0.0834,0.0198,0.0816,0.1171,0.0145,0.1391,0.000,0.000,0.000,0.000,0.000,0.000,0.000,0.162,0.000,0.000,semi-presidential,parliamentary,parliamentary,parliamentary,parliamentary,semi-presidential,semi-presidential,electoral-authoritarian,electoral-authoritarian,parliamentary,0.800,0.800,0.800,0.800,0.800,0.800,0.330,0.500,0.540,0.800,100.0,91.6,100.0,100.0,100.0,100.0,100.0,100.0,90.0,69.8
2030-12-01,1.0060,1.0000,1.0097,0.9838,0.9964,0.9790,0.9892,0.9981,0.9963,0.9906,0.9989,0.9862,1.0062,1.0190,1.1734,1.0066,0.9981,0.9984,0.9895,1.0053,1.1175,0.9910,0.9994,0.9864,3648.09,5286.78,4080.23,2686.50,2094.58,1279.84,190.75,2769.10,2029.59,578.19,1.1144,0.6360,1.0545,1.3592,0.9562,0.3893,1.2847,0.2861,0.1989,-0.4131,0.6387,0.7108,0.6127,0.6192,0.6408,0.7491,0.5410,0.6385,0.7144,0.7318,0.0140,0.0085,0.0202,0.0168,0.0173,0.0021,0.0151,0.0048,0.0140,0.0069,0.9835,0.9836,0.9914,0.9861,0.9855,0.9868,0.9985,1.0000,0.9881,1.0000,56.63,192.84,79.21,58.40,66.50,11.77,9.63,260.78,70.88,87.87,0.0000,0.0000,0.0000,0.0000,0.0000,0.0000,0.0000,0.0000,0.0000,0.0000,104304,74663,53998,54750,86225,66964,95775,572442,131417,91336,0,0,0,0,0,0,0,0,0,0,0.0000,0.0000,0.0000,0.0000,0.0000,0.0000,0.4570,0.4247,0.0000,0.0000,0,0,0,0,0,0,0,1,0,0,0,0,0,0,0,0,0,0,0,0,0.1227,0.0792,0.1266,0.0548,0.0891,0.0192,0.0815,0.1144,0.0143,0.1375,0.000,0.000,0.000,0.000,0.000,0.000,0.000,0.164,0.000,0.000,semi-presidential,parliamentary,parliamentary,parliamentary,parliamentary,semi-presidential,semi-presidential,electoral-authoritarian,electoral-authoritarian,parliamentary,0.800,0.800,0.800,0.800,0.800,0.800,0.340,0.500,0.531,0.800,100.0,92.7,100.0,100.0,100.0,100.0,100.0,100.0,93.7,73.2
2031-01-01,1.0050,1.0004,1.0126,0.9842,0.9975,0.9793,0.9886,0.9989,0.9998,0.9882,0.9962,0.9849,1.0164,1.0035,1.1164,0.9975,1.0090,1.0073,0.9886,1.0108,1.0903,0.9883,0.9963,0.9852,3658.67,5280.75,4082.59,2691.46,2101.36,1284.30,192.17,2772.17,2036.53,580.30,1.1113,0.6367,1.0542,1.3568,0.9532,0.3865,1.2856,0.2882,0.1985,-0.4264,0.6358,0.7071,0.6115,0.6207,0.6474,0.7453,0.5668,0.6526,0.6997,0.7276,0.0089,0.0047,0.0160,0.0112,0.0137,0.0010,0.0332,0.0036,0.0078,0.0084,0.9973,0.9971,0.9986,0.9977,0.9979,0.9975,1.0000,1.0000,0.9979,1.0000,58.12,194.55,80.42,59.75,68.04,11.90,9.90,266.55,72.23,88.18,0.0000,0.0000,0.0000,0.0000,0.0000,0.0000,0.0000,0.0000,0.0000,0.0000,104304,74663,53998,54750,86225,66964,95775,572442,131417,91336,0,0,0,0,0,0,0,0,0,0,0.0000,0.0000,0.0000,0.0000,0.0000,0.0000,0.4280,0.3853,0.0000,0.0000,0,0,0,0,0,0,0,1,0,0,0,0,0,0,0,0,0,0,0,0,0.1203,0.0778,0.1238,0.0536,0.0868,0.0186,0.0807,0.1155,0.0134,0.1369,0.000,0.000,0.000,0.000,0.000,0.000,0.000,0.165,0.000,0.000,semi-presidential,parliamentary,parliamentary,parliamentary,parliamentary,semi-presidential,semi-presidential,electoral-authoritarian,electoral-authoritarian,parliamentary,0.800,0.800,0.800,0.800,0.800,0.800,0.354,0.500,0.521,0.800,100.0,95.6,100.0,100.0,100.0,100.0,100.0,100.0,97.6,76.5
2031-02-01,1.0066,0.9996,1.0142,0.9870,0.9990,0.9780,0.9882,0.9997,1.0016,0.9882,0.9937,0.9842,1.0769,0.9997,1.0203,1.0224,1.0107,0.9784,0.9883,0.9999,1.0113,1.0043,0.9941,0.9846,3662.19,5281.18,4079.54,2695.86,2102.30,1286.00,192.69,2768.74,2061.37,581.25,1.1101,0.6377,1.0554,1.3547,0.9558,0.3845,1.2833,0.2898,0.1966,-0.4405,0.6362,0.7045,0.6056,0.6184,0.6431,0.7332,0.5465,0.6393,0.7076,0.7214,0.0051,0.0057,0.0093,0.0173,0.0081,0.0034,0.0321,0.0004,0.0030,0.0042,1.0000,1.0000,1.0000,1.0000,1.0000,1.0000,1.0000,1.0000,1.0000,1.0000,57.28,192.41,76.65,57.15,66.02,12.05,9.65,262.72,72.28,86.99,0.0000,0.0000,0.0000,0.0000,0.0000,0.0000,0.0000,0.0000,0.0000,0.0000,104304,74663,53998,54750,86225,66964,95775,572442,131417,91336,0,0,0,0,0,0,0,0,0,0,0.0000,0.0000,0.0000,0.0000,0.0000,0.0000,0.4122,0.3656,0.0000,0.0000,0,0,0,0,0,0,0,1,0,0,0,0,0,0,0,0,0,0,0,0,0.1324,0.0824,0.1364,0.0566,0.0958,0.0188,0.0813,0.1164,0.0144,0.1391,0.000,0.000,0.000,0.000,0.000,0.000,0.000,0.167,0.000,0.000,semi-presidential,parliamentary,parliamentary,parliamentary,parliamentary,semi-presidential,semi-presidential,electoral-authoritarian,electoral-authoritarian,parliamentary,0.800,0.800,0.800,0.800,0.800,0.800,0.362,0.500,0.501,0.800,100.0,98.5,100.0,100.0,100.0,90.0,100.0,100.0,100.0,79.8
2031-03-01,1.0084,0.9975,1.0151,0.9912,0.9993,0.9763,0.9883,0.9993,1.0037,0.9909,0.9915,0.9849,1.0763,0.9977,1.1074,1.0256,1.0054,0.9766,0.9964,1.0183,1.0829,1.0126,0.9917,0.9849,3679.11,5292.98,4097.01,2699.92,2107.52,1292.17,192.85,2768.74,2061.37,583.48,1.1050,0.6364,1.0510,1.3527,0.9534,0.3812,1.2882,0.2898,0.1966,-0.4537,0.6341,0.7140,0.6252,0.6183,0.6582,0.7428,0.5271,0.6393,0.7076,0.7195,0.0118,0.0087,0.0164,0.0219,0.0150,0.0033,0.0356,0.0033,0.0087,0.0069,1.0000,1.0000,1.0000,1.0000,1.0000,1.0000,1.0000,1.0000,1.0000,1.0000,57.12,192.41,76.34,57.33,66.09,12.05,9.52,262.82,72.51,87.12,0.0000,0.0000,0.0000,0.0000,0.0000,0.0000,0.0000,0.0000,0.0000,0.0000,104304,74663,53998,54750,86225,66964,95775,572442,131417,91336,0,0,0,0,0,0,0,0,0,0,0.0000,0.0000,0.0000,0.0000,0.0000,0.0000,0.3925,0.3656,0.0000,0.0000,0,0,0,0,0,0,0,1,0,0,0,0,0,0,0,0,0,0,0,0,0.1242,0.0790,0.1280,0.0534,0.0901,0.0189,0.0810,0.1171,0.0138,0.1392,0.000,0.000,0.000,0.000,0.000,0.000,0.000,0.167,0.000,0.000,semi-presidential,parliamentary,parliamentary,parliamentary,parliamentary,semi-presidential,semi-presidential,electoral-authoritarian,electoral-authoritarian,parliamentary,0.800,0.800,0.800,0.800,0.800,0.800,0.372,0.500,0.501,0.800,100.0,100.0,100.0,100.0,100.0,93.1,100.0,100.0,100.0,83.1
2031-04-01,1.0100,0.9956,1.0166,0.9916,0.9996,0.9743,0.9871,1.0005,1.0056,0.9937,0.9882,0.9855,1.0716,0.9959,1.1601,1.0090,1.0106,0.9746,0.9871,1.0489,1.0917,1.0062,0.9888,0.9857,3683.61,5294.67,4101.47,2710.34,2111.47,1298.07,193.41,2783.45,2068.38,584.62,1.1037,0.6363,1.0498,1.3476,0.9517,0.3780,1.2913,0.2907,0.1963,-0.4677,0.6346,0.7099,0.6361,0.6292,0.6653,0.7374,0.5434,0.6313,0.6879,0.7199,0.0160,0.0086,0.0214,0.0176,0.0201,0.0029,0.0358,0.0038,0.0108,0.0113,1.0000,1.0000,1.0000,1.0000,1.0000,1.0000,1.0000,1.0000,1.0000,1.0000,57.63,195.00,79.66,58.79,67.49,12.20,9.69,264.35,73.09,87.94,0.0000,0.0000,0.0000,0.0000,0.0000,0.0000,0.0000,0.0000,0.0000,0.0000,104304,74663,53998,54750,86225,66964,95775,572442,131417,91336,0,0,0,0,0,0,0,0,0,0,0.0000,0.0000,0.0000,0.0000,0.0000,0.0000,0.3728,0.3262,0.0000,0.0000,0,0,0,0,0,0,0,1,0,0,0,0,0,0,0,0,0,0,0,0,0.1334,0.0838,0.1376,0.0589,0.0966,0.0198,0.0821,0.1173,0.0148,0.1380,0.000,0.000,0.000,0.000,0.000,0.000,0.000,0.167,0.000,0.000,semi-presidential,parliamentary,parliamentary,parliamentary,parliamentary,semi-presidential,semi-presidential,electoral-authoritarian,electoral-authoritarian,parliamentary,0.800,0.800,0.800,0.800,0.800,0.800,0.382,0.500,0.500,0.800,100.0,100.0,100.0,100.0,100.0,96.2,100.0,100.0,100.0,86.4
2031-05-01,1.0136,0.9933,1.0185,0.9918,1.0001,0.9719,0.9864,1.0015,1.0061,1.0000,0.9871,0.9878,1.1258,0.9941,1.0985,1.0199,1.0058,0.9724,0.9866,1.0591,1.0061,1.0142,1.0013,0.9887,3699.08,5290.68,4104.28,2718.86,2113.58,1303.57,193.16,2796.70,2071.14,585.40,1.0991,0.6368,1.0488,1.3432,0.9507,0.3750,1.2999,0.2906,0.1963,-0.4819,0.6377,0.7123,0.6392,0.6265,0.6629,0.7342,0.5182,0.6483,0.6780,0.7199,0.0163,0.0106,0.0187,0.0193,0.0164,0.0056,0.0354,0.0005,0.0073,0.0079,1.0000,1.0000,1.0000,1.0000,1.0000,1.0000,1.0000,1.0000,1.0000,1.0000,56.88,192.92,77.70,56.37,66.00,12.33,9.50,260.58,72.53,86.93,0.0000,0.0000,0.0000,0.0000,0.0000,0.0000,0.0000,0.0000,0.0000,0.0000,104304,74663,53998,54750,86225,66964,95775,572442,131417,91336,0,0,0,0,0,0,0,0,0,0,0.0000,0.0000,0.0000,0.0000,0.0000,0.0000,0.3531,0.3065,0.0000,0.0000,0,0,0,0,0,0,0,1,0,0,0,0,0,0,0,0,0,0,0,0,0.1354,0.0853,0.1394,0.0593,0.0985,0.0213,0.0835,0.1192,0.0166,0.1394,0.000,0.000,0.000,0.000,0.000,0.000,0.000,0.166,0.000,0.000,semi-presidential,parliamentary,parliamentary,parliamentary,parliamentary,semi-presidential,semi-presidential,electoral-authoritarian,electoral-authoritarian,parliamentary,0.800,0.800,0.800,0.800,0.800,0.800,0.392,0.500,0.500,0.800,100.0,100.0,100.0,100.0,100.0,99.2,100.0,100.0,100.0,89.7
2031-06-01,1.0158,0.9894,1.0208,0.9916,0.9997,0.9709,0.9860,1.0027,1.0061,1.0072,0.9888,0.9902,1.0779,0.9897,1.0723,1.0041,0.9997,0.9710,0.9911,1.0729,1.0377,1.0094,1.0980,0.9906,3708.87,5315.28,4112.02,2724.25,2121.16,1310.54,193.55,2807.04,2093.33,587.90,1.0962,0.6340,1.0468,1.3404,0.9474,0.3716,1.3045,0.2907,0.1948,-0.4947,0.6427,0.7230,0.6460,0.6233,0.6660,0.7350,0.5127,0.6539,0.6884,0.7215,0.0147,0.0054,0.0190,0.0075,0.0131,0.0029,0.0351,0.0023,0.0055,0.0120,1.0000,1.0000,1.0000,1.0000,1.0000,1.0000,1.0000,1.0000,1.0000,1.0000,58.08,198.10,82.24,60.10,68.54,12.54,9.68,266.34,73.88,88.70,0.0000,0.0000,0.0000,0.0000,0.0000,0.0000,0.0000,0.0000,0.0000,0.0000,104304,74663,53998,54750,86225,66964,95775,572442,131417,91336,0,0,0,0,0,0,0,0,0,0,0.0000,0.0000,0.0000,0.0000,0.0000,0.0000,0.3334,0.2867,0.0000,0.0000,0,0,0,0,0,0,0,1,0,0,0,0,0,0,0,0,0,0,0,0,0.1372,0.0875,0.1413,0.0668,0.1000,0.0231,0.0846,0.1201,0.0179,0.1378,0.000,0.000,0.000,0.000,0.000,0.000,0.000,0.165,0.000,0.000,semi-presidential,parliamentary,parliamentary,parliamentary,parliamentary,semi-presidential,semi-presidential,electoral-authoritarian,electoral-authoritarian,parliamentary,0.800,0.800,0.800,0.800,0.800,0.800,0.401,0.500,0.500,0.800,100.0,100.0,100.0,100.0,100.0,100.0,100.0,100.0,100.0,93.0
2031-07-01,1.0159,0.9894,1.0209,0.9928,0.9997,0.9710,0.9870,1.0047,1.0064,1.0124,0.9901,0.9924,1.0875,1.0277,1.0211,1.0212,0.9997,0.9711,0.9877,1.0241,1.0749,1.0193,1.0107,0.9929,3721.33,5338.14,4132.96,2742.03,2126.06,1311.79,194.06,2825.13,2102.99,589.63,1.0925,0.6314,1.0415,1.3317,0.9452,0.3699,1.3167,0.2901,0.1941,-0.5081,0.6504,0.7330,0.6619,0.6379,0.6857,0.7423,0.5392,0.6392,0.7024,0.7155,0.0111,0.0097,0.0135,0.0159,0.0122,0.0069,0.0340,0.0029,0.0083,0.0046,0.9655,0.9680,0.9822,0.9713,0.9673,0.9751,0.9947,1.0000,0.9764,1.0000,58.26,197.93,80.28,57.86,67.74,12.82,9.67,267.97,74.73,88.39,0.0000,0.0000,0.0000,0.0000,0.0000,0.0000,0.0000,0.0000,0.0000,0.0000,104304,74663,53998,54750,86225,66964,95775,572442,131417,91336,0,0,0,0,0,0,0,0,0,0,0.0000,0.0000,0.0000,0.0000,0.0000,0.0000,0.3051,0.2670,0.0000,0.0000,0,0,0,0,0,0,0,1,0,0,0,0,0,0,0,0,0,0,0,0,0.1385,0.0888,0.1430,0.0664,0.1059,0.0245,0.0843,0.1215,0.0194,0.1393,0.000,0.000,0.000,0.000,0.000,0.000,0.000,0.164,0.000,0.000,semi-presidential,parliamentary,parliamentary,parliamentary,parliamentary,semi-presidential,semi-presidential,electoral-authoritarian,electoral-authoritarian,parliamentary,0.800,0.800,0.800,0.800,0.800,0.800,0.416,0.500,0.500,0.800,100.0,100.0,100.0,100.0,100.0,100.0,100.0,100.0,100.0,96.2
2031-08-01,1.0170,0.9916,1.0171,0.9964,0.9978,0.9703,0.9905,1.0047,1.0079,1.0173,0.9913,0.9919,1.1041,1.0725,1.0181,1.0354,0.9984,0.9801,1.1605,1.0047,1.0464,1.0256,1.0260,0.9921,3722.79,5349.35,4142.24,2747.33,2141.79,1326.72,194.22,2834.47,2111.75,590.61,1.0922,0.6304,1.0391,1.3292,0.9384,0.3629,1.3232,0.2903,0.1936,-0.5221,0.6163,0.7232,0.6807,0.6486,0.6974,0.7419,0.5491,0.6545,0.6950,0.7131,0.0225,0.0162,0.0223,0.0262,0.0212,0.0115,0.0400,0.0026,0.0121,0.0100,0.9276,0.9347,0.9628,0.9390,0.9290,0.9492,0.9879,1.0000,0.9493,1.0000,58.28,197.18,79.28,58.10,67.80,12.96,9.62,268.41,75.16,88.14,0.0000,0.0000,0.0000,0.0000,0.0000,0.0000,0.0000,0.0000,0.0000,0.0000,104304,74663,53998,54750,86225,66964,95775,572442,131417,91336,0,0,0,0,0,0,0,0,0,0,0.0000,0.0000,0.0000,0.0000,0.0000,0.0000,0.2854,0.2473,0.0000,0.0000,0,0,0,0,0,0,0,1,0,0,0,0,0,0,0,0,0,0,0,0,0.1239,0.0815,0.1265,0.0585,0.0938,0.0229,0.0791,0.1188,0.0177,0.1396,0.000,0.000,0.000,0.000,0.000,0.000,0.000,0.164,0.000,0.000,semi-presidential,parliamentary,parliamentary,parliamentary,parliamentary,semi-presidential,semi-presidential,electoral-authoritarian,electoral-authoritarian,parliamentary,0.800,0.800,0.800,0.800,0.800,0.800,0.425,0.500,0.500,0.800,100.0,100.0,100.0,100.0,100.0,100.0,100.0,100.0,100.0,99.5
2031-09-01,1.0186,0.9946,1.0145,0.9991,0.9947,0.9675,0.9955,1.0038,1.0097,1.0209,0.9904,0.9918,1.0245,1.0896,1.0147,1.0366,0.9949,0.9677,1.1459,1.0040,1.0565,1.0260,0.9906,0.9921,3733.03,5348.52,4139.00,2750.40,2151.17,1330.91,194.04,2849.63,2120.50,591.70,1.0894,0.6307,1.0400,1.3277,0.9344,0.3603,1.3319,0.2900,0.1931,-0.5360,0.6300,0.7329,0.6623,0.6449,0.7018,0.7463,0.5444,0.6676,0.6975,0.7082,0.0166,0.0124,0.0185,0.0218,0.0163,0.0084,0.0356,0.0026,0.0104,0.0081,0.9150,0.9233,0.9564,0.9279,0.9162,0.9401,0.9860,1.0000,0.9393,1.0000,60.21,199.93,80.36,59.21,69.77,13.12,9.72,276.32,76.51,89.95,0.0000,0.0000,0.0000,0.0000,0.0000,0.0000,0.0000,0.0000,0.0000,0.0000,104304,74663,53998,54750,86225,66964,95775,572442,131417,91336,0,0,0,0,0,0,0,0,0,0,0.0000,0.0000,0.0000,0.0000,0.0000,0.0000,0.2657,0.2276,0.0000,0.0000,0,0,0,0,0,0,0,1,0,0,0,0,0,0,0,0,0,0,0,0,0.1385,0.0883,0.1425,0.0658,0.1054,0.0239,0.0799,0.1208,0.0192,0.1400,0.000,0.000,0.000,0.000,0.000,0.000,0.000,0.165,0.000,0.000,semi-presidential,parliamentary,parliamentary,parliamentary,parliamentary,semi-presidential,semi-presidential,electoral-authoritarian,electoral-authoritarian,parliamentary,0.800,0.800,0.800,0.800,0.800,0.800,0.435,0.500,0.500,0.800,100.0,100.0,100.0,100.0,100.0,100.0,100.0,100.0,100.0,100.0
2031-10-01,1.0201,0.9972,1.0135,0.9992,0.9917,0.9672,0.9987,1.0025,1.0080,1.0227,0.9882,0.9915,1.0539,1.0738,1.0140,1.0113,0.9920,1.0104,1.0510,1.0026,1.0082,1.0228,0.9883,0.9916,3743.63,5361.21,4159.47,2764.07,2161.33,1331.99,194.22,2850.84,2133.62,592.22,1.0864,0.6294,1.0350,1.3211,0.9302,0.3586,1.3380,0.2910,0.1922,-0.5505,0.6362,0.7320,0.6656,0.6531,0.6998,0.7480,0.5291,0.6767,0.6992,0.7154,0.0141,0.0114,0.0146,0.0104,0.0131,0.0088,0.0268,0.0003,0.0080,0.0023,0.9310,0.9380,0.9646,0.9423,0.9323,0.9522,0.9883,1.0000,0.9529,1.0000,59.66,201.57,84.36,63.27,71.07,12.95,9.75,275.66,76.74,90.18,0.0000,0.0000,0.0000,0.0000,0.0000,0.0000,0.0000,0.0000,0.0000,0.0000,104304,74663,53998,54750,86225,66964,95775,572442,131417,91336,0,0,0,0,0,0,0,0,0,0,0.0000,0.0000,0.0000,0.0000,0.0000,0.0000,0.2460,0.2079,0.0000,0.0000,0,0,0,0,0,0,0,1,0,0,0,0,0,0,0,0,0,0,0,0,0.1290,0.0849,0.1335,0.0643,0.0978,0.0233,0.0801,0.1206,0.0175,0.1367,0.000,0.000,0.000,0.000,0.000,0.000,0.000,0.166,0.000,0.000,semi-presidential,parliamentary,parliamentary,parliamentary,parliamentary,semi-presidential,semi-presidential,electoral-authoritarian,electoral-authoritarian,parliamentary,0.800,0.800,0.800,0.800,0.800,0.800,0.445,0.500,0.500,0.800,100.0,100.0,100.0,100.0,100.0,100.0,100.0,100.0,100.0,100.0
2031-11-01,1.0212,0.9992,1.0103,0.9991,0.9897,0.9707,1.0011,1.0015,1.0053,1.0235,0.9848,0.9924,1.0271,1.0145,1.0105,1.0191,0.9902,1.0917,1.0636,1.0018,1.0055,1.0235,0.9854,0.9924,3756.42,5375.01,4175.37,2766.71,2166.59,1334.16,194.72,2861.65,2136.99,593.17,1.0828,0.6280,1.0311,1.3199,0.9282,0.3570,1.3418,0.2911,0.1922,-0.5645,0.6462,0.7352,0.6665,0.6636,0.7114,0.7548,0.5281,0.6790,0.7019,0.7182,0.0061,0.0051,0.0100,0.0086,0.0044,0.0032,0.0270,0.0003,0.0021,0.0028,0.9867,0.9864,0.9932,0.9888,0.9890,0.9888,0.9996,1.0000,0.9902,1.0000,60.79,200.93,82.16,61.24,70.85,12.98,9.80,279.22,77.21,90.56,0.0000,0.0000,0.0000,0.0000,0.0000,0.0000,0.0000,0.0000,0.0000,0.0000,104304,74663,53998,54750,86225,66964,95775,572442,131417,91336,0,0,0,0,0,0,0,0,0,0,0.0000,0.0000,0.0000,0.0000,0.0000,0.0000,0.2263,0.1882,0.0000,0.0000,0,0,0,0,0,0,0,1,0,0,0,0,0,0,0,0,0,0,0,0,0.1393,0.0889,0.1432,0.0675,0.1063,0.0245,0.0822,0.1215,0.0200,0.1405,0.000,0.000,0.000,0.000,0.000,0.000,0.000,0.165,0.000,0.000,semi-presidential,parliamentary,parliamentary,parliamentary,parliamentary,semi-presidential,semi-presidential,electoral-authoritarian,electoral-authoritarian,parliamentary,0.800,0.800,0.800,0.800,0.800,0.800,0.455,0.500,0.500,0.800,100.0,100.0,100.0,100.0,100.0,30.0,100.0,100.0,100.0,100.0
2031-12-01,1.0218,1.0013,1.0076,1.0022,0.9891,0.9753,1.0046,1.0008,1.0035,1.0213,0.9828,0.9921,1.0432,1.0741,1.0081,1.0376,0.9892,1.0892,1.1199,1.0010,1.0038,1.0219,0.9828,0.9922,3758.63,5397.29,4180.16,2780.13,2174.36,1343.54,194.55,2878.14,2141.79,594.84,1.0823,0.6255,1.0300,1.3136,0.9251,0.3531,1.3501,0.2906,0.1920,-0.5779,0.6501,0.7304,0.6740,0.6712,0.7192,0.7450,0.5407,0.6867,0.7031,0.7215,0.0160,0.0131,0.0173,0.0214,0.0140,0.0087,0.0324,0.0006,0.0075,0.0050,0.9341,0.9411,0.9662,0.9453,0.9354,0.9549,0.9886,1.0000,0.9561,1.0000,60.46,199.44,80.16,60.50,70.17,12.95,9.76,278.84,77.08,90.13,0.0000,0.0000,0.0000,0.0000,0.0000,0.0000,0.0000,0.0000,0.0000,0.0000,104304,74663,53998,54750,86225,66964,95775,572442,131417,91336,0,0,0,0,0,0,0,0,0,0,0.0000,0.0000,0.0000,0.0000,0.0000,0.0000,0.2066,0.1685,0.0000,0.0000,0,0,0,0,0,0,0,1,0,0,0,0,0,0,0,0,0,0,0,0,0.1312,0.0845,0.1347,0.0625,0.0998,0.0235,0.0835,0.1216,0.0187,0.1407,0.000,0.000,0.000,0.000,0.000,0.000,0.000,0.166,0.000,0.000,semi-presidential,parliamentary,parliamentary,parliamentary,parliamentary,semi-presidential,semi-presidential,electoral-authoritarian,electoral-authoritarian,parliamentary,0.800,0.800,0.800,0.800,0.800,0.800,0.465,0.500,0.500,0.800,100.0,100.0,100.0,100.0,100.0,33.1,100.0,100.0,100.0,100.0
2032-01-01,1.0248,1.0023,1.0055,1.0066,0.9905,0.9798,1.0054,1.0003,1.0031,1.0187,0.9846,0.9921,1.0717,1.0022,1.0061,1.0330,1.0163,1.1490,1.0056,1.0004,1.0147,1.0188,1.0159,0.9922,3776.88,5401.11,4185.63,2785.00,2178.17,1346.78,194.28,2897.82,2149.63,595.88,1.0772,0.6253,1.0288,1.3113,0.9275,0.3508,1.3638,0.2898,0.1916,-0.5918,0.6544,0.7374,0.6873,0.6628,0.7402,0.7437,0.5662,0.6913,0.7141,0.7230,0.0071,0.0069,0.0123,0.0193,0.0119,0.0044,0.0287,0.0006,0.0029,0.0110,1.0000,1.0000,1.0000,1.0000,1.0000,1.0000,1.0000,1.0000,1.0000,1.0000,60.42,201.27,80.40,59.83,70.10,12.80,9.71,278.70,77.21,90.10,0.0000,0.0000,0.0000,0.0000,0.0000,0.0000,0.0000,0.0000,0.0000,0.0000,104304,74663,53998,54750,86225,66964,95775,572442,131417,91336,0,0,0,0,0,0,0,0,0,0,0.0000,0.0000,0.0000,0.0000,0.0000,0.0000,0.1868,0.1488,0.0000,0.0000,0,0,0,0,0,0,0,1,0,0,0,0,0,0,0,0,0,0,0,0,0.1315,0.0853,0.1349,0.0626,0.1002,0.0236,0.0834,0.1225,0.0191,0.1411,0.000,0.000,0.000,0.000,0.000,0.000,0.000,0.167,0.000,0.000,semi-presidential,parliamentary,parliamentary,parliamentary,parliamentary,semi-presidential,semi-presidential,electoral-authoritarian,electoral-authoritarian,parliamentary,0.800,0.800,0.800,0.800,0.800,0.800,0.475,0.500,0.500,0.800,100.0,100.0,100.0,100.0,100.0,36.2,100.0,100.0,100.0,100.0
2032-02-01,1.0228,1.0047,1.0029,1.0087,0.9926,0.9857,1.0046,0.9989,1.0024,1.0180,0.9866,0.9918,1.0232,1.0587,1.0033,1.0373,1.0033,1.1373,1.0049,0.9992,1.0026,1.0182,1.0551,0.9918,3790.67,5409.06,4197.58,2785.05,2187.00,1347.32,194.22,2907.30,2159.60,597.87,1.0753,0.6243,1.0259,1.3114,0.9240,0.3492,1.3708,0.2899,0.1910,-0.6198,0.6617,0.7293,0.6851,0.6576,0.7321,0.7365,0.5806,0.6989,0.7108,0.7148,0.0118,0.0103,0.0145,0.0191,0.0124,0.0068,0.0096,0.0003,0.0054,0.0062,0.9514,0.9558,0.9750,0.9596,0.9532,0.9659,0.9925,1.0000,0.9673,1.0000,60.12,200.52,80.73,60.20,69.73,12.84,9.60,275.45,77.17,91.83,0.0000,0.0000,0.0000,0.0000,0.0000,0.0000,0.0000,0.0000,0.0000,0.0000,104304,74663,53998,54750,86225,66964,95775,572442,131417,91336,0,0,0,0,0,0,0,0,0,0,0.0000,0.0000,0.0000,0.0000,0.0000,0.0000,0.1671,0.1290,0.0000,0.0000,0,0,0,0,0,0,0,1,0,0,0,0,0,0,0,0,0,0,0,0,0.1335,0.0859,0.1370,0.0640,0.1016,0.0235,0.0838,0.1181,0.0191,0.1409,0.000,0.000,0.000,0.000,0.000,0.000,0.000,0.168,0.000,0.000,semi-presidential,parliamentary,parliamentary,parliamentary,parliamentary,semi-presidential,semi-presidential,electoral-authoritarian,electoral-authoritarian,parliamentary,0.820,0.800,0.800,0.800,0.800,0.800,0.485,0.500,0.500,0.800,100.0,100.0,100.0,100.0,100.0,39.3,100.0,100.0,100.0,100.0
2032-03-01,1.0189,1.0075,1.0006,1.0098,0.9935,0.9868,1.0043,0.9983,1.0015,1.0177,0.9882,0.9915,1.0193,1.1002,1.0010,1.0407,1.0010,0.9869,1.0880,0.9982,1.0195,1.0178,1.0001,0.9917,3799.75,5423.19,4192.12,2798.20,2195.88,1355.78,194.86,2914.33,2163.29,597.87,1.0728,0.6228,1.0273,1.3053,0.9204,0.3456,1.3726,0.2904,0.1929,-0.6198,0.6609,0.7202,0.6796,0.6633,0.7203,0.7403,0.5756,0.6869,0.7159,0.7148,0.0145,0.0115,0.0158,0.0203,0.0157,0.0081,0.0120,0.0012,0.0089,0.0067,0.9176,0.9258,0.9580,0.9303,0.9189,0.9422,0.9868,1.0000,0.9416,1.0000,60.72,199.42,79.29,60.97,70.05,12.79,9.74,278.80,77.49,91.26,0.0000,0.0000,0.0000,0.0000,0.0000,0.0000,0.0000,0.0000,0.0000,0.0000,104304,74663,53998,54750,86225,66964,95775,572442,131417,91336,0,0,0,0,0,0,0,0,0,0,0.0000,0.0000,0.0000,0.0000,0.0000,0.0000,0.1474,0.1093,0.0000,0.0000,0,0,0,0,0,0,0,1,0,0,0,0,0,0,0,0,0,0,0,0,0.1303,0.0837,0.1335,0.0619,0.0989,0.0231,0.0834,0.1190,0.0185,0.1411,0.000,0.000,0.000,0.000,0.000,0.000,0.000,0.168,0.000,0.000,semi-presidential,parliamentary,parliamentary,parliamentary,parliamentary,semi-presidential,semi-presidential,electoral-authoritarian,electoral-authoritarian,parliamentary,0.811,0.800,0.800,0.800,0.800,0.800,0.494,0.500,0.532,0.800,100.0,100.0,100.0,100.0,100.0,42.4,100.0,100.0,100.0,100.0
2032-04-01,1.0158,1.0129,0.9982,1.0140,0.9960,0.9856,1.0064,0.9975,1.0016,1.0171,0.9885,0.9908,1.0158,1.1455,0.9988,1.0500,1.0147,0.9857,1.0360,0.9975,1.0016,1.0173,1.0120,0.9908,3818.06,5418.77,4195.50,2807.68,2204.04,1362.97,195.10,2924.77,2171.95,600.56,1.0677,0.6234,1.0265,1.3010,0.9172,0.3424,1.3769,0.2905,0.1924,-0.6470,0.6560,0.7090,0.6684,0.6570,0.7147,0.7382,0.5620,0.6734,0.6891,0.7182,0.0176,0.0161,0.0178,0.0286,0.0213,0.0119,0.0098,0.0002,0.0129,0.0087,0.8860,0.8954,0.9425,0.8996,0.8872,0.9153,0.9848,1.0000,0.9085,1.0000,60.49,198.53,78.82,60.23,69.79,12.68,9.58,277.26,76.94,90.12,0.0000,0.0000,0.0000,0.0000,0.0000,0.0000,0.0000,0.0000,0.0000,0.0000,104304,74663,53998,54750,86225,66964,95775,572442,131417,91336,0,0,0,0,0,0,0,0,0,0,0.0000,0.0000,0.0000,0.0000,0.0000,0.0000,0.1277,0.0896,0.0000,0.0000,0,0,0,0,0,0,0,1,0,0,0,0,0,0,0,0,0,0,0,0,0.1377,0.0871,0.1419,0.0654,0.1049,0.0232,0.0840,0.1201,0.0189,0.1409,0.000,0.000,0.000,0.000,0.000,0.000,0.000,0.171,0.000,0.000,semi-presidential,parliamentary,parliamentary,parliamentary,parliamentary,semi-presidential,semi-presidential,electoral-authoritarian,electoral-authoritarian,parliamentary,0.800,0.800,0.800,0.800,0.800,0.800,0.504,0.500,0.523,0.800,100.0,100.0,100.0,100.0,100.0,45.5,100.0,100.0,100.0,100.0
2032-05-01,1.0135,1.0160,0.9966,1.0169,0.9988,0.9849,1.0060,0.9986,1.0011,1.0144,0.9891,0.9899,1.0136,1.0970,1.0439,1.0425,1.0103,0.9850,1.0062,1.0290,1.0186,1.0148,0.9892,0.9901,3830.72,5432.98,4209.44,2810.21,2209.09,1370.16,195.12,2939.15,2181.37,601.46,1.0643,0.6218,1.0232,1.2999,0.9153,0.3392,1.3826,0.2902,0.1919,-0.6610,0.6556,0.7143,0.6697,0.6432,0.7095,0.7397,0.5816,0.6904,0.6942,0.7192,0.0150,0.0113,0.0162,0.0216,0.0176,0.0069,0.0089,0.0009,0.0092,0.0070,0.9276,0.9353,0.9630,0.9399,0.9288,0.9505,0.9880,1.0000,0.9516,1.0000,61.08,202.05,80.77,60.71,70.87,12.90,9.68,280.67,78.02,92.04,0.0000,0.0000,0.0000,0.0000,0.0000,0.0000,0.0000,0.0000,0.0000,0.0000,104304,74663,53998,54750,86225,66964,95775,572442,131417,91336,0,0,0,0,0,0,0,0,0,0,0.0000,0.0000,0.0000,0.0000,0.0000,0.0000,0.1080,0.0699,0.0000,0.0000,0,0,0,0,0,0,0,1,0,0,0,0,0,0,0,0,0,0,0,0,0.1226,0.0804,0.1254,0.0577,0.0928,0.0218,0.0820,0.1191,0.0167,0.1411,0.000,0.000,0.000,0.000,0.000,0.000,0.000,0.171,0.000,0.000,semi-presidential,parliamentary,parliamentary,parliamentary,parliamentary,semi-presidential,semi-presidential,electoral-authoritarian,electoral-authoritarian,parliamentary,0.800,0.800,0.800,0.800,0.800,0.800,0.514,0.500,0.513,0.800,100.0,100.0,100.0,100.0,100.0,48.5,100.0,100.0,100.0,100.0
2032-06-01,1.0108,1.0187,0.9965,1.0189,1.0030,0.9816,1.0055,0.9981,1.0004,1.0115,0.9892,0.9888,1.0113,1.0756,1.0411,1.0376,1.0368,0.9819,1.0056,0.9982,1.0005,1.0121,0.9936,0.9889,3830.53,5442.16,4212.93,2817.85,2210.78,1373.62,195.89,2953.45,2184.14,602.06,1.0643,0.6208,1.0225,1.2965,0.9108,0.3370,1.3826,0.2899,0.1919,-0.6669,0.6538,0.7144,0.6633,0.6374,0.7014,0.7354,0.5830,0.6996,0.6992,0.7335,0.0104,0.0079,0.0141,0.0208,0.0177,0.0049,0.0054,0.0000,0.0065,0.0133,0.9489,0.9542,0.9739,0.9577,0.9502,0.9649,0.9927,1.0000,0.9660,1.0000,60.97,202.42,81.55,61.68,71.05,12.82,9.61,280.82,78.08,92.68,0.0000,0.0000,0.0000,0.0000,0.0000,0.0000,0.0000,0.0000,0.0000,0.0000,104304,74663,53998,54750,86225,66964,95775,572442,131417,91336,0,0,0,0,0,0,0,0,0,0,0.0000,0.0000,0.0000,0.0000,0.0000,0.0000,0.0883,0.0502,0.0000,0.0000,0,0,0,0,0,0,0,1,0,0,0,0,0,0,0,0,0,0,0,0,0.1363,0.0865,0.1448,0.0648,0.1036,0.0222,0.0833,0.1191,0.0178,0.1413,0.000,0.000,0.000,0.000,0.000,0.000,0.000,0.173,0.000,0.000,semi-presidential,parliamentary,parliamentary,parliamentary,parliamentary,semi-presidential,semi-presidential,electoral-authoritarian,electoral-authoritarian,parliamentary,0.800,0.800,0.800,0.800,0.800,0.800,0.524,0.500,0.503,0.800,30.0,100.0,100.0,100.0,100.0,51.6,100.0,100.0,100.0,100.0
2032-07-01,1.0089,1.0197,0.9968,1.0175,1.0078,0.9791,1.0044,0.9965,0.9961,1.0086,0.9878,0.9896,1.0143,1.0201,1.0043,1.0232,1.0381,0.9794,1.0045,0.9966,0.9967,1.0087,0.9879,0.9898,3834.66,5447.08,4222.74,2830.73,2220.53,1377.89,195.95,2953.23,2191.28,601.86,1.0633,0.6203,1.0202,1.2907,0.9071,0.3349,1.3873,0.2911,0.1916,-0.6821,0.6540,0.7154,0.6769,0.6383,0.6998,0.7463,0.5910,0.6953,0.6948,0.7292,0.0006,0.0003,0.0063,0.0062,0.0075,0.0000,0.0183,0.0000,0.0002,0.0114,1.0000,1.0000,1.0000,1.0000,1.0000,1.0000,1.0000,1.0000,1.0000,1.0000,61.29,202.07,82.91,64.61,72.67,12.56,9.62,285.11,78.23,92.58,0.0000,0.0000,0.0000,0.0000,0.0000,0.0000,0.0000,0.0000,0.0000,0.0000,104304,74663,53998,54750,86225,66964,95775,572442,131417,91336,0,0,0,0,0,0,0,0,0,0,0.0000,0.0000,0.0000,0.0000,0.0000,0.0000,0.0686,0.0305,0.0000,0.0000,0,0,0,0,0,0,0,1,0,0,0,0,0,0,0,0,0,0,0,0,0.1354,0.0866,0.1454,0.0666,0.1035,0.0223,0.0840,0.1200,0.0176,0.1377,0.000,0.000,0.000,0.000,0.000,0.000,0.000,0.172,0.000,0.000,semi-presidential,parliamentary,parliamentary,parliamentary,parliamentary,semi-presidential,semi-presidential,electoral-authoritarian,electoral-authoritarian,parliamentary,0.800,0.800,0.800,0.800,0.800,0.800,0.534,0.500,0.500,0.800,32.9,97.3,100.0,100.0,100.0,53.9,100.0,100.0,100.0,100.0
2032-08-01,1.0088,1.0166,0.9956,1.0165,1.0132,0.9790,1.0032,0.9974,0.9928,1.0068,0.9862,0.9904,1.0796,1.0169,0.9961,1.0254,1.0407,1.0047,1.0033,1.0539,0.9933,1.0071,0.9862,0.9905,3862.07,5475.67,4243.24,2836.38,2225.17,1382.82,196.49,2963.40,2209.32,602.10,1.0554,0.6172,1.0153,1.2882,0.9055,0.3324,1.3883,0.2912,0.1903,-0.6969,0.6516,0.7260,0.6908,0.6484,0.7106,0.7447,0.5844,0.7077,0.7004,0.7192,0.0080,0.0047,0.0120,0.0103,0.0130,0.0038,0.0266,0.0004,0.0028,0.0141,1.0000,1.0000,1.0000,1.0000,1.0000,1.0000,1.0000,1.0000,1.0000,1.0000,60.06,200.72,81.66,61.61,70.74,13.01,9.60,279.30,77.49,90.72,0.0000,0.0000,0.0000,0.0000,0.0000,0.0000,0.0000,0.0000,0.0000,0.0000,104304,74663,53998,54750,86225,66964,95775,572442,131417,91336,0,0,0,0,0,0,0,0,0,0,0.0000,0.0000,0.0000,0.0000,0.0000,0.0000,0.0489,0.0108,0.0000,0.0000,0,0,0,0,0,0,0,1,0,0,0,0,0,0,0,0,0,0,0,0,0.1368,0.0871,0.1459,0.0660,0.1046,0.0234,0.0848,0.1218,0.0188,0.1404,0.000,0.000,0.000,0.000,0.000,0.000,0.000,0.172,0.000,0.000,semi-presidential,parliamentary,parliamentary,parliamentary,parliamentary,semi-presidential,semi-presidential,electoral-authoritarian,electoral-authoritarian,parliamentary,0.800,0.800,0.800,0.800,0.800,0.800,0.544,0.500,0.500,0.800,38.6,100.0,100.0,100.0,100.0,57.0,100.0,100.0,100.0,100.0
2032-09-01,1.0093,1.0128,0.9936,1.0178,1.0170,0.9830,1.0029,0.9994,0.9913,1.0043,0.9864,0.9925,1.0328,1.0136,0.9944,1.0385,1.0420,1.1169,1.0223,1.0511,0.9914,1.0044,1.0018,0.9930,3865.13,5481.89,4257.60,2841.42,2237.38,1385.62,197.05,2964.19,2217.61,604.60,1.0596,0.6165,1.0117,1.2860,0.9009,0.3303,1.3889,0.2923,0.1899,-0.7090,0.6371,0.7276,0.6930,0.6618,0.7166,0.7428,0.6082,0.7159,0.7193,0.7188,0.0075,0.0041,0.0128,0.0158,0.0111,0.0027,0.0289,0.0005,0.0014,0.0147,1.0000,1.0000,1.0000,1.0000,1.0000,1.0000,1.0000,1.0000,1.0000,1.0000,61.11,202.36,81.94,60.92,71.59,13.35,9.69,282.57,77.76,91.74,0.0000,0.0000,0.0000,0.0000,0.0000,0.0000,0.0000,0.0000,0.0000,0.0000,104304,74663,53998,54750,86225,66964,95775,572442,131417,91336,0,0,0,0,0,0,0,0,0,0,0.0000,0.0000,0.0000,0.0000,0.0000,0.0000,0.0291,0.0000,0.0000,0.0000,0,0,0,0,0,0,0,1,0,0,0,0,0,0,0,0,0,0,0,0,0.1429,0.0884,0.1473,0.0665,0.1124,0.0246,0.0862,0.1225,0.0201,0.1411,0.000,0.000,0.000,0.000,0.000,0.000,0.000,0.171,0.000,0.000,semi-presidential,parliamentary,parliamentary,parliamentary,parliamentary,semi-presidential,semi-presidential,electoral-authoritarian,electoral-authoritarian,parliamentary,0.800,0.800,0.800,0.800,0.815,0.800,0.554,0.500,0.500,0.800,40.2,100.0,100.0,100.0,96.5,60.1,100.0,100.0,100.0,100.0
2032-10-01,1.0076,1.0098,0.9876,1.0186,1.0210,0.9865,1.0022,1.0006,0.9918,0.9999,0.9891,0.9923,1.0130,1.0099,0.9890,1.0273,1.0486,1.0811,1.0022,1.0148,1.0460,1.0005,1.0394,0.9923,3879.16,5496.12,4273.25,2861.09,2246.56,1390.67,197.05,2981.27,2228.05,606.37,1.0559,0.6150,1.0079,1.2772,0.8975,0.3278,1.3930,0.2918,0.1893,-0.7219,0.6465,0.7345,0.6985,0.6625,0.7241,0.7445,0.6129,0.7153,0.7181,0.7120,0.0041,0.0021,0.0107,0.0088,0.0106,0.0013,0.0249,0.0025,0.0024,0.0150,1.0000,1.0000,1.0000,1.0000,1.0000,1.0000,1.0000,1.0000,1.0000,1.0000,61.80,203.96,85.00,64.57,73.09,13.55,9.75,285.93,78.65,92.92,0.0000,0.0000,0.0000,0.0000,0.0000,0.0000,0.0000,0.0000,0.0000,0.0000,104304,74663,53998,54750,86225,66964,95775,572442,131417,91336,0,0,0,0,0,0,0,0,0,0,0.0000,0.0000,0.0000,0.0000,0.0000,0.0000,0.0094,0.0000,0.0000,0.0000,0,0,0,0,0,0,0,1,0,0,0,0,0,0,0,0,0,0,0,0,0.1399,0.0873,0.1440,0.0727,0.1097,0.0246,0.0863,0.1193,0.0197,0.1400,0.000,0.000,0.000,0.000,0.000,0.000,0.000,0.171,0.000,0.000,semi-presidential,parliamentary,parliamentary,parliamentary,parliamentary,semi-presidential,semi-presidential,electoral-authoritarian,electoral-authoritarian,parliamentary,0.800,0.800,0.800,0.800,0.806,0.800,0.563,0.500,0.500,0.800,41.6,100.0,100.0,100.0,99.6,63.2,100.0,100.0,100.0,100.0
2032-11-01,1.0077,1.0069,0.9827,1.0166,1.0237,0.9891,1.0028,1.0009,0.9920,0.9932,0.9917,0.9927,1.0256,1.0075,0.9834,1.0222,1.0348,1.0067,1.0709,1.0474,0.9922,0.9947,1.0759,0.9929,3897.10,5507.59,4287.01,2874.82,2255.10,1394.87,196.81,2985.19,2238.49,606.97,1.0511,0.6138,1.0048,1.2711,0.8944,0.3254,1.3984,0.2922,0.1887,-0.7362,0.6560,0.7432,0.7047,0.6758,0.7305,0.7424,0.6124,0.7292,0.7152,0.7039,0.0084,0.0012,0.0131,0.0030,0.0086,0.0009,0.0270,0.0011,0.0008,0.0135,1.0000,1.0000,1.0000,1.0000,1.0000,1.0000,1.0000,1.0000,1.0000,1.0000,61.57,204.25,85.81,65.02,73.32,13.60,9.75,285.34,78.60,92.40,0.0000,0.0000,0.0000,0.0000,0.0000,0.0000,0.0000,0.0000,0.0000,0.0000,104304,74663,53998,54750,86225,66964,95775,572442,131417,91336,0,0,0,0,0,0,0,0,0,0,0.0000,0.0000,0.0000,0.0000,0.0000,0.0000,0.0000,0.0000,0.0000,0.0000,0,0,0,0,0,0,0,1,0,0,0,0,0,0,0,0,0,0,0,0,0.1426,0.0890,0.1478,0.0747,0.1122,0.0250,0.0872,0.1207,0.0198,0.1377,0.000,0.000,0.000,0.000,0.000,0.000,0.000,0.171,0.000,0.000,semi-presidential,parliamentary,parliamentary,parliamentary,parliamentary,semi-presidential,semi-presidential,electoral-authoritarian,electoral-authoritarian,parliamentary,0.800,0.800,0.800,0.800,0.800,0.800,0.573,0.500,0.500,0.800,44.5,100.0,100.0,100.0,100.0,66.3,100.0,100.0,100.0,100.0
2032-12-01,1.0078,1.0024,0.9798,1.0145,1.0249,0.9904,1.0045,1.0008,0.9917,0.9885,0.9940,0.9929,1.0208,1.0031,0.9808,1.0218,1.0263,1.0151,1.0489,1.0009,1.0089,0.9886,1.0874,0.9930,3908.29,5530.05,4304.97,2884.45,2269.07,1401.52,197.49,2991.99,2248.43,608.09,1.0483,0.6114,1.0006,1.2666,0.8892,0.3225,1.3969,0.2927,0.1882,-0.7498,0.6626,0.7480,0.7064,0.6852,0.7446,0.7430,0.6002,0.7260,0.7292,0.7079,0.0054,0.0010,0.0093,0.0018,0.0046,0.0007,0.0268,0.0013,0.0011,0.0071,1.0000,1.0000,1.0000,1.0000,1.0000,1.0000,1.0000,1.0000,1.0000,1.0000,61.84,204.84,86.09,65.08,73.75,13.74,9.87,286.12,78.69,92.53,0.0000,0.0000,0.0000,0.0000,0.0000,0.0000,0.0000,0.0000,0.0000,0.0000,104304,74663,53998,54750,86225,66964,95775,572442,131417,91336,0,0,0,0,0,0,0,0,0,0,0.0000,0.0000,0.0000,0.0000,0.0000,0.0000,0.0000,0.0000,0.0000,0.0000,0,0,0,0,0,0,0,1,0,0,0,0,0,0,0,0,0,0,0,0,0.1437,0.0892,0.1480,0.0749,0.1128,0.0253,0.0875,0.1215,0.0204,0.1391,0.000,0.000,0.000,0.000,0.000,0.000,0.000,0.171,0.000,0.000,semi-presidential,parliamentary,parliamentary,parliamentary,parliamentary,semi-presidential,semi-presidential,electoral-authoritarian,electoral-authoritarian,parliamentary,0.800,0.800,0.800,0.800,0.800,0.800,0.583,0.500,0.500,0.800,47.4,100.0,100.0,100.0,100.0,69.4,100.0,100.0,100.0,100.0
2033-01-01,1.0074,0.9987,0.9786,1.0141,1.0236,0.9920,1.0046,1.0007,0.9926,0.9854,0.9968,0.9929,1.0398,0.9990,0.9798,1.0198,1.0239,1.0292,1.0047,1.0008,1.0086,0.9857,1.0922,0.9929,3934.28,5555.62,4327.88,2894.45,2276.86,1404.81,198.00,3000.25,2257.74,608.59,1.0465,0.6086,0.9955,1.2621,0.8864,0.3204,1.3963,0.2931,0.1877,-0.7641,0.6736,0.7465,0.7178,0.6878,0.7506,0.7458,0.6017,0.7228,0.7128,0.7062,0.0057,0.0025,0.0087,0.0024,0.0048,0.0019,0.0243,0.0011,0.0019,0.0047,1.0000,1.0000,1.0000,1.0000,1.0000,1.0000,1.0000,1.0000,1.0000,1.0000,61.65,205.59,86.11,64.76,73.60,13.76,9.95,285.68,78.79,92.15,0.0000,0.0000,0.0000,0.0000,0.0000,0.0000,0.0000,0.0000,0.0000,0.0000,104304,74663,53998,54750,86225,66964,95775,572442,131417,91336,0,0,0,0,0,0,0,0,0,0,0.0000,0.0000,0.0000,0.0000,0.0000,0.0000,0.0000,0.0000,0.0000,0.0000,0,0,0,0,0,0,0,1,0,0,0,0,0,0,0,0,0,0,0,0,0.1393,0.0881,0.1448,0.0736,0.1103,0.0250,0.0870,0.1217,0.0196,0.1369,0.000,0.000,0.000,0.000,0.000,0.000,0.000,0.171,0.000,0.000,semi-presidential,parliamentary,parliamentary,parliamentary,parliamentary,semi-presidential,semi-presidential,electoral-authoritarian,electoral-authoritarian,parliamentary,0.800,0.800,0.800,0.800,0.800,0.800,0.593,0.500,0.500,0.800,53.2,100.0,100.0,100.0,100.0,72.5,100.0,100.0,100.0,100.0
2033-02-01,1.0067,0.9967,0.9776,1.0115,1.0205,0.9934,1.0024,0.9999,0.9930,0.9837,0.9985,0.9925,1.0069,0.9969,0.9804,1.0176,1.0209,1.0662,1.0025,1.0000,0.9930,0.9840,1.0013,0.9925,3945.30,5588.35,4342.96,2908.43,2283.85,1408.86,198.65,3020.27,2267.63,608.51,1.0437,0.6051,0.9921,1.2560,0.8840,0.3181,1.3946,0.2932,0.1872,-0.7792,0.6636,0.7415,0.7143,0.6909,0.7435,0.7492,0.6069,0.7284,0.7160,0.7039,0.0016,0.0017,0.0049,0.0015,0.0011,0.0010,0.0006,0.0000,0.0004,0.0002,1.0000,1.0000,1.0000,1.0000,1.0000,1.0000,1.0000,1.0000,1.0000,1.0000,62.86,206.87,86.95,65.85,74.19,13.75,9.95,289.23,79.81,92.98,0.0000,0.0000,0.0000,0.0000,0.0000,0.0000,0.0000,0.0000,0.0000,0.0000,104304,74663,53998,54750,86225,66964,95775,572442,131417,91336,0,0,0,0,0,0,0,0,0,0,0.0000,0.0000,0.0000,0.0000,0.0000,0.0000,0.0000,0.0000,0.0000,0.0000,0,0,0,0,0,0,0,1,0,0,0,0,0,0,0,0,0,0,0,0,0.1373,0.0866,0.1419,0.0720,0.1081,0.0242,0.0806,0.1191,0.0189,0.1369,0.000,0.000,0.000,0.000,0.000,0.000,0.000,0.174,0.000,0.000,semi-presidential,parliamentary,parliamentary,parliamentary,parliamentary,semi-presidential,semi-presidential,electoral-authoritarian,electoral-authoritarian,parliamentary,0.830,0.800,0.800,0.800,0.800,0.800,0.603,0.500,0.500,0.800,46.1,100.0,100.0,100.0,100.0,75.6,100.0,92.3,100.0,100.0
2033-03-01,1.0064,0.9964,0.9778,1.0085,1.0173,0.9942,1.0005,0.9984,0.9931,0.9825,1.0001,0.9931,1.0120,1.0075,0.9918,1.0153,1.0176,0.9943,1.0006,0.9984,1.0080,0.9826,1.0444,0.9931,3955.51,5597.85,4342.96,2920.98,2296.10,1415.64,199.14,3020.27,2270.93,607.42,1.0411,0.6039,0.9921,1.2506,0.8796,0.3152,1.3938,0.2932,0.1872,-0.7955,0.6716,0.7348,0.7143,0.6973,0.7495,0.7500,0.6030,0.7284,0.7121,0.7002,0.0038,0.0019,0.0072,0.0023,0.0034,0.0012,0.0217,0.0007,0.0020,0.0027,0.9905,0.9898,0.9951,0.9920,0.9925,0.9915,0.9999,1.0000,0.9928,1.0000,62.98,206.76,86.44,66.04,74.80,13.56,10.05,292.04,80.23,92.30,0.0000,0.0000,0.0000,0.0000,0.0000,0.0000,0.0000,0.0000,0.0000,0.0000,104304,74663,53998,54750,86225,66964,95775,572442,131417,91336,0,0,0,0,0,0,0,0,0,0,0.0000,0.0000,0.0000,0.0000,0.0000,0.0000,0.0000,0.0000,0.0000,0.0000,0,0,0,0,0,0,0,1,0,0,0,0,0,0,0,0,0,0,0,0,0.1423,0.0889,0.1526,0.0748,0.1123,0.0302,0.0829,0.1216,0.0196,0.1361,0.000,0.000,0.000,0.000,0.000,0.000,0.000,0.174,0.000,0.000,semi-presidential,parliamentary,parliamentary,parliamentary,parliamentary,semi-presidential,semi-presidential,electoral-authoritarian,electoral-authoritarian,parliamentary,0.820,0.800,0.800,0.800,0.800,0.800,0.613,0.500,0.500,0.800,49.0,100.0,100.0,100.0,100.0,78.7,100.0,92.3,100.0,100.0
2033-04-01,1.0071,0.9973,0.9805,1.0060,1.0154,0.9926,0.9984,0.9981,0.9931,0.9813,0.9986,0.9941,1.0072,1.0179,1.1168,1.0147,1.0156,0.9926,0.9985,0.9982,0.9935,0.9814,0.9988,0.9943,3971.13,5600.86,4369.30,2924.34,2306.89,1424.45,199.77,3042.69,2276.37,608.52,1.0371,0.6035,0.9862,1.2492,0.8758,0.3118,1.3920,0.2935,0.1870,-0.8089,0.6741,0.7354,0.7054,0.6908,0.7440,0.7506,0.6044,0.7067,0.7153,0.7041,0.0119,0.0069,0.0151,0.0115,0.0116,0.0020,0.0017,0.0000,0.0072,0.0023,0.9818,0.9822,0.9906,0.9848,0.9838,0.9858,0.9981,1.0000,0.9872,1.0000,62.76,206.37,86.58,66.09,74.68,13.64,10.05,289.81,79.40,92.84,0.0000,0.0000,0.0000,0.0000,0.0000,0.0000,0.0000,0.0000,0.0000,0.0000,104304,74663,53998,54750,86225,66964,95775,572442,131417,91336,0,0,0,0,0,0,0,0,0,0,0.0000,0.0000,0.0000,0.0000,0.0000,0.0000,0.0000,0.0000,0.0000,0.0000,0,0,0,0,0,0,0,1,0,0,0,0,0,0,0,0,0,0,0,0,0.1437,0.0898,0.1535,0.0759,0.1134,0.0311,0.0846,0.1211,0.0203,0.1372,0.000,0.000,0.000,0.000,0.000,0.000,0.000,0.173,0.000,0.000,semi-presidential,parliamentary,parliamentary,parliamentary,parliamentary,semi-presidential,semi-presidential,electoral-authoritarian,electoral-authoritarian,parliamentary,0.810,0.800,0.833,0.800,0.800,0.800,0.623,0.500,0.500,0.800,52.0,30.0,91.8,100.0,100.0,81.9,100.0,98.6,100.0,100.0
2033-05-01,1.0058,0.9960,0.9831,1.0042,1.0140,0.9911,0.9973,0.9976,0.9906,0.9801,0.9974,0.9957,1.0081,0.9962,1.0905,1.0116,1.0140,0.9911,0.9977,1.0043,0.9912,0.9803,0.9975,0.9962,3972.52,5618.19,4388.62,2937.03,2320.82,1431.45,200.54,3054.50,2291.92,610.00,1.0368,0.6017,0.9819,1.2439,0.8708,0.3089,1.3890,0.2936,0.1862,-0.8219,0.6794,0.7354,0.7179,0.7058,0.7517,0.7608,0.5972,0.7018,0.7042,0.7128,0.0077,0.0035,0.0114,0.0074,0.0075,0.0000,0.0100,0.0000,0.0042,0.0026,1.0000,1.0000,1.0000,1.0000,1.0000,1.0000,1.0000,1.0000,1.0000,1.0000,62.86,207.32,86.58,66.02,75.07,13.59,10.06,291.03,79.71,92.91,0.0000,0.0000,0.0000,0.0000,0.0000,0.0000,0.0000,0.0000,0.0000,0.0000,104304,74663,53998,54750,86225,66964,95775,572442,131417,91336,0,0,0,0,0,0,0,0,0,0,0.0000,0.0000,0.0000,0.0000,0.0000,0.0000,0.0000,0.0000,0.0000,0.0000,0,0,0,0,0,0,0,1,0,0,0,0,0,0,0,0,0,0,0,0,0.1453,0.0906,0.1545,0.0767,0.1145,0.0318,0.0851,0.1220,0.0213,0.1377,0.000,0.000,0.000,0.000,0.000,0.000,0.000,0.172,0.000,0.000,semi-presidential,parliamentary,parliamentary,parliamentary,parliamentary,semi-presidential,semi-presidential,electoral-authoritarian,electoral-authoritarian,parliamentary,0.801,0.800,0.823,0.800,0.800,0.800,0.632,0.500,0.500,0.800,55.0,32.8,94.5,100.0,100.0,85.1,100.0,100.0,100.0,100.0
2033-06-01,1.0035,0.9949,0.9849,1.0029,1.0119,0.9911,0.9987,0.9992,0.9881,0.9787,0.9965,0.9959,1.0043,1.0026,1.0566,1.0127,1.0122,0.9958,1.1013,1.0632,0.9884,0.9788,0.9966,0.9963,3966.72,5626.94,4411.87,2948.25,2331.62,1441.93,200.94,3065.74,2308.49,612.56,1.0384,0.6008,0.9768,1.2392,0.8671,0.3053,1.3884,0.2938,0.1851,-0.8333,0.6691,0.7387,0.7179,0.7075,0.7497,0.7612,0.6089,0.7075,0.7062,0.7130,0.0124,0.0035,0.0168,0.0067,0.0101,0.0009,0.0095,0.0010,0.0038,0.0101,0.9934,0.9928,0.9966,0.9944,0.9949,0.9939,1.0000,1.0000,0.9949,1.0000,61.19,206.34,86.74,64.89,73.11,13.83,9.85,283.27,79.06,93.18,0.0000,0.0000,0.0000,0.0000,0.0000,0.0000,0.0000,0.0000,0.0000,0.0000,104304,74663,53998,54750,86225,66964,95775,572442,131417,91336,0,0,0,0,0,0,0,0,0,0,0.0000,0.0000,0.0000,0.0000,0.0000,0.0000,0.0000,0.0000,0.0000,0.0000,0,0,0,0,0,0,0,1,0,0,0,0,0,0,0,0,0,0,0,0,0.1278,0.0827,0.1344,0.0670,0.1000,0.0297,0.0821,0.1178,0.0194,0.1381,0.000,0.000,0.000,0.000,0.000,0.000,0.000,0.172,0.000,0.000,semi-presidential,parliamentary,parliamentary,parliamentary,parliamentary,semi-presidential,semi-presidential,electoral-authoritarian,electoral-authoritarian,parliamentary,0.800,0.800,0.813,0.800,0.800,0.800,0.642,0.500,0.500,0.800,57.9,35.6,97.2,100.0,100.0,88.3,100.0,100.0,100.0,100.0
2033-07-01,0.9983,0.9949,0.9875,1.0011,1.0079,0.9915,1.0026,1.0001,0.9861,0.9762,0.9940,0.9949,0.9985,1.0010,1.1109,1.0085,1.0091,0.9917,1.1141,1.0497,0.9863,0.9766,0.9943,0.9951,3969.98,5635.11,4414.16,2959.43,2336.17,1449.17,201.63,3072.92,2305.57,613.72,1.0376,0.6000,0.9764,1.2345,0.8655,0.3024,1.3857,0.2945,0.1854,-0.8560,0.6682,0.7448,0.7000,0.7010,0.7346,0.7629,0.6124,0.7168,0.7099,0.6966,0.0152,0.0048,0.0196,0.0091,0.0131,0.0007,0.0064,0.0009,0.0057,0.0104,0.9948,0.9944,0.9973,0.9956,0.9960,0.9953,1.0000,1.0000,0.9960,1.0000,59.91,205.43,87.10,65.04,72.13,13.98,9.59,277.55,77.71,93.48,0.0000,0.0000,0.0000,0.0000,0.0000,0.0000,0.0000,0.0000,0.0000,0.0000,104304,74663,53998,54750,86225,66964,95775,572442,131417,91336,0,0,0,0,0,0,0,0,0,0,0.0000,0.0000,0.0000,0.0000,0.0000,0.0000,0.0000,0.0000,0.0000,0.0000,0,0,0,0,0,0,0,1,0,0,0,0,0,0,0,0,0,0,0,0,0.1486,0.0903,0.1542,0.0766,0.1140,0.0310,0.0798,0.1157,0.0207,0.1367,0.000,0.000,0.000,0.000,0.000,0.000,0.000,0.173,0.000,0.000,semi-presidential,parliamentary,parliamentary,parliamentary,parliamentary,semi-presidential,semi-presidential,electoral-authoritarian,electoral-authoritarian,parliamentary,0.800,0.800,0.804,0.800,0.800,0.800,0.652,0.500,0.500,0.800,60.9,38.4,99.9,100.0,100.0,91.5,100.0,100.0,30.0,100.0
2033-08-01,0.9916,0.9953,0.9859,0.9990,1.0017,0.9925,1.0048,0.9998,0.9856,0.9735,0.9933,0.9974,0.9926,0.9953,0.9866,1.0062,1.0021,1.0503,1.0304,1.0032,1.0199,0.9739,1.0306,0.9976,3990.26,5648.63,4437.67,2977.30,2348.55,1456.55,201.72,3080.68,2337.26,614.21,1.0324,0.5986,0.9713,1.2271,0.8638,0.2995,1.3869,0.2952,0.1816,-0.8702,0.6786,0.7431,0.7130,0.6995,0.7364,0.7708,0.6277,0.6975,0.7032,0.7054,0.0032,0.0013,0.0082,0.0015,0.0031,0.0008,0.0037,0.0016,0.0015,0.0044,1.0000,1.0000,1.0000,1.0000,1.0000,1.0000,1.0000,1.0000,1.0000,1.0000,59.81,205.75,87.62,65.13,72.10,14.09,9.57,278.63,78.55,93.21,0.0000,0.0000,0.0000,0.0000,0.0000,0.0000,0.0000,0.0000,0.0000,0.0000,104304,74663,53998,54750,86225,66964,95775,572442,131417,91336,0,0,0,0,0,0,0,0,0,0,0.0000,0.0000,0.0000,0.0000,0.0000,0.0000,0.0000,0.0000,0.0000,0.0000,0,0,0,0,0,0,0,1,0,0,0,0,0,0,0,0,0,0,0,0,0.1493,0.0917,0.1558,0.0780,0.1155,0.0323,0.0807,0.1150,0.0219,0.1360,0.000,0.000,0.000,0.000,0.000,0.000,0.000,0.171,0.000,0.000,semi-presidential,parliamentary,parliamentary,parliamentary,parliamentary,semi-presidential,semi-presidential,electoral-authoritarian,electoral-authoritarian,parliamentary,0.800,0.800,0.800,0.800,0.800,0.800,0.662,0.500,0.500,0.800,63.9,41.2,100.0,100.0,100.0,94.8,100.0,100.0,36.3,100.0
2033-09-01,0.9827,0.9969,0.9844,0.9966,0.9962,0.9944,1.0070,0.9977,0.9869,0.9712,0.9920,0.9993,0.9827,1.0786,0.9849,1.0076,0.9972,1.0378,1.0714,0.9978,1.0297,0.9714,0.9920,0.9994,4009.46,5709.39,4461.27,2987.88,2361.66,1462.57,202.22,3084.92,2350.58,614.84,1.0276,0.5923,0.9662,1.2227,0.8637,0.2969,1.3911,0.2962,0.1799,-0.8841,0.6817,0.7465,0.7179,0.7113,0.7371,0.7681,0.6585,0.6912,0.7115,0.7059,0.0130,0.0102,0.0151,0.0100,0.0131,0.0078,0.0064,0.0020,0.0091,0.0041,0.9272,0.9341,0.9627,0.9381,0.9286,0.9483,0.9890,1.0000,0.9474,1.0000,58.78,204.04,86.40,63.67,70.31,13.90,9.36,272.08,78.08,92.66,0.0000,0.0000,0.0000,0.0000,0.0000,0.0000,0.0000,0.0000,0.0000,0.0000,104304,74663,53998,54750,86225,66964,95775,572442,131417,91336,0,0,0,0,0,0,0,0,0,0,0.0000,0.0000,0.0000,0.0000,0.0000,0.0000,0.0000,0.0000,0.0000,0.0000,0,0,0,0,0,0,0,1,0,0,0,0,0,0,0,0,0,0,0,0,0.1522,0.0930,0.1578,0.0796,0.1173,0.0335,0.0808,0.1152,0.0235,0.1352,0.000,0.000,0.000,0.000,0.000,0.000,0.000,0.169,0.000,0.000,semi-presidential,parliamentary,parliamentary,parliamentary,parliamentary,semi-presidential,semi-presidential,electoral-authoritarian,electoral-authoritarian,parliamentary,0.800,0.800,0.800,0.800,0.800,0.800,0.672,0.500,0.500,0.800,66.9,46.8,100.0,100.0,100.0,98.0,100.0,100.0,39.5,100.0
2033-10-01,0.9740,0.9969,0.9844,0.9935,0.9898,0.9927,1.0069,0.9957,0.9892,0.9694,0.9893,0.9987,0.9746,0.9970,0.9864,1.0011,0.9911,0.9934,1.0502,0.9961,1.0661,0.9696,0.9896,0.9988,4026.05,5729.68,4478.96,2997.21,2371.46,1471.08,202.29,3085.39,2364.20,614.30,1.0231,0.5902,0.9625,1.2211,0.8599,0.2939,1.3917,0.2977,0.1781,-0.8952,0.6812,0.7507,0.7161,0.7101,0.7431,0.7580,0.6443,0.6909,0.7104,0.7161,0.0015,0.0001,0.0073,0.0010,0.0033,0.0000,0.0049,0.0032,0.0028,0.0041,1.0000,1.0000,1.0000,1.0000,1.0000,1.0000,1.0000,1.0000,1.0000,1.0000,58.92,204.53,85.70,63.01,70.32,13.79,9.34,272.93,78.54,92.10,0.0000,0.0000,0.0000,0.0000,0.0000,0.0000,0.0000,0.0000,0.0000,0.0000,104304,74663,53998,54750,86225,66964,95775,572442,131417,91336,0,0,0,0,0,0,0,0,0,0,0.0000,0.0000,0.0000,0.0000,0.0000,0.0000,0.0000,0.0000,0.0000,0.0000,0,0,0,0,0,0,0,1,0,0,0,0,0,0,0,0,0,0,0,0,0.1479,0.0908,0.1535,0.0772,0.1140,0.0327,0.0811,0.1147,0.0226,0.1343,0.000,0.000,0.000,0.000,0.000,0.000,0.000,0.169,0.000,0.000,semi-presidential,parliamentary,parliamentary,parliamentary,parliamentary,semi-presidential,semi-presidential,electoral-authoritarian,electoral-authoritarian,parliamentary,0.800,0.800,0.800,0.800,0.800,0.800,0.678,0.500,0.500,0.800,69.9,49.7,100.0,100.0,100.0,100.0,100.0,100.0,42.7,30.0
2033-11-01,0.9666,0.9987,0.9847,0.9902,0.9861,0.9891,1.0058,0.9924,0.9921,0.9695,0.9877,0.9965,0.9675,1.0797,1.0271,1.0015,0.9864,0.9895,1.0059,0.9924,1.0692,0.9822,0.9881,0.9969,4027.33,5728.66,4477.65,3001.50,2388.47,1486.84,202.37,3097.71,2368.13,614.18,1.0227,0.5904,0.9626,1.2196,0.8536,0.2881,1.3927,0.2980,0.1771,-0.9097,0.6645,0.7356,0.7122,0.6961,0.7517,0.7540,0.6353,0.6849,0.7053,0.7132,0.0130,0.0105,0.0155,0.0125,0.0151,0.0072,0.0052,0.0032,0.0117,0.0029,0.9279,0.9347,0.9631,0.9388,0.9293,0.9488,0.9892,1.0000,0.9479,1.0000,59.74,204.87,84.80,63.29,71.51,13.38,9.45,279.00,80.01,91.52,0.0000,0.0000,0.0000,0.0000,0.0000,0.0000,0.0000,0.0000,0.0000,0.0000,104304,74663,53998,54750,86225,66964,95775,572442,131417,91336,0,0,0,0,0,0,0,0,0,0,0.0000,0.0000,0.0000,0.0000,0.0000,0.0000,0.0000,0.0000,0.0000,0.0000,0,0,0,0,0,0,0,1,0,0,0,0,0,0,0,0,0,0,0,0,0.1203,0.0779,0.1239,0.0619,0.0915,0.0276,0.0783,0.1137,0.0176,0.1326,0.000,0.000,0.000,0.000,0.000,0.000,0.000,0.170,0.000,0.000,semi-presidential,parliamentary,parliamentary,parliamentary,parliamentary,semi-presidential,semi-presidential,electoral-authoritarian,electoral-authoritarian,parliamentary,0.800,0.800,0.800,0.800,0.800,0.800,0.688,0.500,0.500,0.800,72.8,52.5,100.0,100.0,100.0,100.0,100.0,100.0,45.8,32.8
2033-12-01,0.9633,1.0005,0.9865,0.9871,0.9827,0.9865,1.0052,0.9902,0.9934,0.9707,0.9872,0.9963,0.9633,1.0839,1.1226,0.9989,0.9831,0.9868,1.0054,0.9903,1.0256,0.9880,0.9872,0.9967,4040.13,5743.27,4503.85,3005.64,2397.96,1493.52,202.36,3106.40,2375.19,613.83,1.0195,0.5889,0.9569,1.2181,0.8501,0.2855,1.3941,0.2987,0.1758,-0.9245,0.6712,0.7268,0.7138,0.6861,0.7463,0.7554,0.6394,0.7011,0.6823,0.7126,0.0197,0.0138,0.0217,0.0186,0.0204,0.0074,0.0037,0.0014,0.0141,0.0033,0.9260,0.9330,0.9622,0.9370,0.9274,0.9473,0.9890,1.0000,0.9462,1.0000,60.00,204.39,84.40,62.83,71.77,13.20,9.43,279.85,79.92,91.15,0.0000,0.0000,0.0000,0.0000,0.0000,0.0000,0.0000,0.0000,0.0000,0.0000,104304,74663,53998,54750,86225,66964,95775,572442,131417,91336,0,0,0,0,0,0,0,0,0,0,0.0000,0.0000,0.0000,0.0000,0.0000,0.0000,0.0000,0.0000,0.0000,0.0000,0,0,0,0,0,0,0,1,0,0,0,0,0,0,0,0,0,0,0,0,0.1499,0.0906,0.1554,0.0769,0.1149,0.0316,0.0840,0.1164,0.0271,0.1330,0.000,0.000,0.000,0.000,0.000,0.000,0.000,0.171,0.000,0.000,semi-presidential,parliamentary,parliamentary,parliamentary,parliamentary,semi-presidential,semi-presidential,electoral-authoritarian,electoral-authoritarian,parliamentary,0.800,0.800,0.800,0.800,0.800,0.800,0.698,0.500,0.500,0.800,75.8,55.2,100.0,100.0,100.0,100.0,100.0,100.0,48.8,35.5
2034-01-01,0.9601,1.0021,0.9892,0.9858,0.9801,0.9849,1.0024,0.9906,0.9947,0.9720,0.9875,0.9972,0.9602,1.0275,1.1006,0.9963,0.9802,1.0058,1.0031,1.0203,1.0419,0.9858,0.9875,0.9972,4055.34,5749.00,4523.34,3018.15,2413.82,1499.80,203.01,3118.60,2388.75,612.88,1.0158,0.5884,0.9528,1.2134,0.8445,0.2830,1.3908,0.2991,0.1741,-0.9402,0.6766,0.7329,0.7210,0.6825,0.7564,0.7645,0.6491,0.7032,0.6973,0.7057,0.0127,0.0070,0.0174,0.0112,0.0132,0.0026,0.0068,0.0022,0.0084,0.0052,0.9773,0.9787,0.9883,0.9812,0.9788,0.9833,0.9970,1.0000,0.9845,1.0000,61.45,206.46,85.03,63.96,73.69,13.17,9.65,288.48,81.65,90.95,0.0000,0.0000,0.0000,0.0000,0.0000,0.0000,0.0000,0.0000,0.0000,0.0000,104304,74663,53998,54750,86225,66964,95775,572442,131417,91336,0,0,0,0,0,0,0,0,0,0,0.0000,0.0000,0.0000,0.0000,0.0000,0.0000,0.0000,0.0000,0.0000,0.0000,0,0,0,0,0,0,0,1,0,0,0,0,0,0,0,0,0,0,0,0,0.1493,0.0903,0.1540,0.0765,0.1143,0.0317,0.0820,0.1191,0.0275,0.1345,0.000,0.000,0.000,0.000,0.000,0.000,0.000,0.170,0.000,0.000,semi-presidential,parliamentary,parliamentary,parliamentary,parliamentary,semi-presidential,semi-presidential,electoral-authoritarian,electoral-authoritarian,parliamentary,0.800,0.800,0.800,0.800,0.800,0.800,0.708,0.500,0.500,0.800,78.7,57.9,100.0,100.0,100.0,100.0,100.0,100.0,51.9,38.3
2034-02-01,0.9597,1.0019,0.9909,0.9849,0.9773,0.9857,0.9983,0.9924,0.9964,0.9729,0.9876,0.9948,0.9601,1.0019,1.0879,0.9949,0.9776,0.9969,0.9985,1.0556,1.0326,0.9868,1.0111,0.9953,4052.37,5756.88,4527.27,3029.16,2426.74,1505.36,202.74,3122.22,2399.84,615.88,1.0166,0.5876,0.9521,1.2092,0.8401,0.2806,1.3936,0.3003,0.1725,-0.9498,0.6687,0.7281,0.6990,0.6865,0.7601,0.7578,0.6502,0.7037,0.6896,0.7055,0.0109,0.0034,0.0168,0.0073,0.0105,0.0001,0.0089,0.0022,0.0053,0.0080,1.0000,1.0000,1.0000,1.0000,1.0000,1.0000,1.0000,1.0000,1.0000,1.0000,61.77,208.34,86.03,64.58,74.52,13.50,9.77,289.87,82.08,91.55,0.0000,0.0000,0.0000,0.0000,0.0000,0.0000,0.0000,0.0000,0.0000,0.0000,104304,74663,53998,54750,86225,66964,95775,572442,131417,91336,0,0,0,0,0,0,0,0,0,0,0.0000,0.0000,0.0000,0.0000,0.0000,0.0000,0.0000,0.0000,0.0000,0.0000,0,0,0,0,0,0,0,1,0,0,0,0,0,0,0,0,0,0,0,0,0.1329,0.0825,0.1360,0.0673,0.1008,0.0289,0.0803,0.1172,0.0237,0.1349,0.000,0.000,0.000,0.000,0.000,0.000,0.000,0.172,0.000,0.000,semi-presidential,parliamentary,parliamentary,parliamentary,parliamentary,semi-presidential,semi-presidential,electoral-authoritarian,electoral-authoritarian,parliamentary,0.800,0.800,0.800,0.800,0.800,0.800,0.718,0.500,0.500,0.800,81.7,60.7,100.0,100.0,100.0,100.0,100.0,100.0,55.0,41.0
2034-03-01,0.9583,1.0022,0.9938,0.9847,0.9744,0.9855,0.9960,0.9956,0.9981,0.9741,0.9889,0.9936,0.9585,1.0137,1.1087,0.9950,0.9749,0.9856,0.9963,1.1290,1.0522,0.9861,1.0218,0.9936,4058.62,5752.57,4537.14,3035.69,2433.98,1515.22,202.81,3131.86,2406.17,617.51,1.0151,0.5881,0.9501,1.2066,0.8378,0.2775,1.3939,0.3010,0.1713,-0.9615,0.6696,0.7326,0.6747,0.6641,0.7501,0.7563,0.6450,0.7015,0.6970,0.7044,0.0171,0.0051,0.0234,0.0096,0.0158,0.0012,0.0133,0.0034,0.0077,0.0142,0.9901,0.9897,0.9949,0.9917,0.9918,0.9915,0.9995,1.0000,0.9927,1.0000,61.68,209.62,87.48,64.85,74.59,13.90,9.78,288.29,82.07,91.95,0.0000,0.0000,0.0000,0.0000,0.0000,0.0000,0.0000,0.0000,0.0000,0.0000,104304,74663,53998,54750,86225,66964,95775,572442,131417,91336,0,0,0,0,0,0,0,0,0,0,0.0000,0.0000,0.0000,0.0000,0.0000,0.0000,0.0000,0.0000,0.0000,0.0000,0,0,0,0,0,0,0,1,0,0,0,0,0,0,0,0,0,0,0,0,0.1476,0.0891,0.1524,0.0749,0.1126,0.0300,0.0792,0.1164,0.0254,0.1346,0.000,0.000,0.000,0.000,0.000,0.000,0.000,0.174,0.000,0.000,semi-presidential,parliamentary,parliamentary,parliamentary,parliamentary,semi-presidential,semi-presidential,electoral-authoritarian,electoral-authoritarian,parliamentary,0.800,0.800,0.800,0.800,0.800,0.800,0.728,0.500,0.500,0.800,84.6,63.4,100.0,100.0,100.0,100.0,100.0,100.0,58.1,43.7
2034-04-01,0.9581,1.0028,0.9978,0.9849,0.9695,0.9851,0.9950,0.9976,0.9992,0.9766,0.9906,0.9924,0.9664,1.0844,1.1380,1.0208,0.9707,0.9853,0.9952,1.0199,1.0765,0.9970,1.0909,0.9925,4075.84,5748.72,4538.02,3040.63,2439.53,1520.64,203.18,3137.31,2415.59,617.56,1.0109,0.5886,0.9500,1.2047,0.8360,0.2751,1.3943,0.3020,0.1699,-0.9757,0.6689,0.7368,0.6744,0.6594,0.7395,0.7565,0.6378,0.7232,0.6966,0.7004,0.0246,0.0149,0.0278,0.0314,0.0251,0.0077,0.0165,0.0038,0.0160,0.0105,0.9279,0.9346,0.9632,0.9387,0.9293,0.9487,0.9894,1.0000,0.9477,1.0000,62.56,209.67,85.91,62.99,75.14,14.21,9.86,292.57,82.93,91.68,0.0000,0.0000,0.0000,0.0000,0.0000,0.0000,0.0000,0.0000,0.0000,0.0000,104304,74663,53998,54750,86225,66964,95775,572442,131417,91336,0,0,0,0,0,0,0,0,0,0,0.0000,0.0000,0.0000,0.0000,0.0000,0.0000,0.0000,0.0000,0.0000,0.0000,0,0,0,0,0,0,0,1,0,0,0,0,0,0,0,0,0,0,0,0,0.1412,0.0895,0.1452,0.0697,0.1073,0.0286,0.0758,0.1226,0.0238,0.1365,0.000,0.000,0.000,0.000,0.000,0.000,0.000,0.168,0.000,0.000,semi-presidential,parliamentary,parliamentary,parliamentary,parliamentary,semi-presidential,semi-presidential,electoral-authoritarian,electoral-authoritarian,parliamentary,0.800,0.800,0.800,0.800,0.800,0.800,0.745,0.500,0.500,0.800,87.5,66.2,100.0,100.0,100.0,100.0,100.0,100.0,61.2,46.5
2034-05-01,0.9591,1.0032,1.0015,0.9889,0.9664,0.9855,0.9944,0.9979,1.0013,0.9794,0.9946,0.9917,0.9663,1.0035,1.1391,1.0189,0.9665,1.0391,0.9945,1.0215,1.0788,0.9991,1.1597,0.9919,4092.03,5753.68,4544.87,3041.15,2445.21,1528.39,203.33,3150.33,2428.06,618.48,1.0069,0.5881,0.9486,1.2046,0.8342,0.2724,1.3937,0.3023,0.1683,-0.9885,0.6715,0.7417,0.6616,0.6356,0.7375,0.7552,0.6220,0.7107,0.6822,0.6942,0.0174,0.0060,0.0238,0.0234,0.0170,0.0011,0.0179,0.0040,0.0088,0.0136,1.0000,1.0000,1.0000,1.0000,1.0000,1.0000,1.0000,1.0000,1.0000,1.0000,63.11,210.98,85.50,62.61,75.11,14.55,9.88,293.64,83.17,91.85,0.0000,0.0000,0.0000,0.0000,0.0000,0.0000,0.0000,0.0000,0.0000,0.0000,104304,74663,53998,54750,86225,66964,95775,572442,131417,91336,0,0,0,0,0,0,0,0,0,0,0.0000,0.0000,0.0000,0.0000,0.0000,0.0000,0.0000,0.0000,0.0000,0.0000,0,0,0,0,0,0,0,1,0,0,0,0,0,0,0,0,0,0,0,0,0.1472,0.0921,0.1515,0.0719,0.1120,0.0296,0.0802,0.1236,0.0246,0.1367,0.000,0.000,0.000,0.000,0.000,0.000,0.000,0.169,0.000,0.000,semi-presidential,parliamentary,parliamentary,parliamentary,parliamentary,semi-presidential,semi-presidential,electoral-authoritarian,electoral-authoritarian,parliamentary,0.800,0.800,0.800,0.810,0.800,0.800,0.755,0.500,0.500,0.800,90.5,69.0,100.0,98.3,100.0,100.0,100.0,100.0,64.2,49.1
2034-06-01,0.9572,1.0019,1.0034,0.9934,0.9646,0.9860,0.9939,0.9997,1.0022,0.9820,0.9979,0.9904,0.9572,1.0022,1.0791,1.0189,0.9647,1.0244,1.0053,1.0308,1.0284,0.9965,1.0842,0.9905,4092.29,5756.95,4553.17,3044.84,2453.80,1532.27,203.20,3159.86,2437.07,619.23,1.0069,0.5878,0.9469,1.2033,0.8314,0.2704,1.3949,0.3029,0.1670,-1.0015,0.6656,0.7342,0.6587,0.6441,0.7425,0.7595,0.6231,0.7142,0.6817,0.7056,0.0107,0.0033,0.0161,0.0158,0.0095,0.0005,0.0125,0.0017,0.0042,0.0085,1.0000,1.0000,1.0000,1.0000,1.0000,1.0000,1.0000,1.0000,1.0000,1.0000,63.03,212.86,86.78,62.52,75.43,14.91,9.91,293.96,83.79,92.02,0.0000,0.0000,0.0000,0.0000,0.0000,0.0000,0.0000,0.0000,0.0000,0.0000,104304,74663,53998,54750,86225,66964,95775,572442,131417,91336,0,0,0,0,0,0,0,0,0,0,0.0000,0.0000,0.0000,0.0000,0.0000,0.0000,0.0000,0.0000,0.0000,0.0000,0,0,0,0,0,0,0,1,0,0,0,0,0,0,0,0,0,0,0,0,0.1338,0.0861,0.1369,0.0647,0.1011,0.0278,0.0790,0.1212,0.0223,0.1365,0.000,0.000,0.000,0.000,0.000,0.000,0.000,0.170,0.000,0.000,semi-presidential,parliamentary,parliamentary,parliamentary,parliamentary,semi-presidential,semi-presidential,electoral-authoritarian,electoral-authoritarian,parliamentary,0.800,0.800,0.800,0.801,0.800,0.800,0.764,0.500,0.500,0.800,93.4,71.8,100.0,100.0,100.0,100.0,100.0,100.0,67.2,51.9
2034-07-01,0.9585,0.9991,1.0043,0.9989,0.9633,0.9878,0.9950,1.0003,1.0005,0.9839,1.0005,0.9901,1.0910,0.9993,1.0045,1.0287,0.9635,1.0336,1.0660,1.0181,1.0007,0.9994,1.0938,0.9905,4115.10,5763.29,4585.93,3047.31,2457.56,1543.51,203.04,3162.46,2447.07,619.03,1.0014,0.5872,0.9403,1.2025,0.8303,0.2671,1.3961,0.3039,0.1656,-1.0161,0.6689,0.7408,0.6631,0.6421,0.7429,0.7542,0.6047,0.7055,0.6936,0.7086,0.0162,0.0094,0.0175,0.0199,0.0138,0.0079,0.0378,0.0010,0.0064,0.0089,1.0000,1.0000,1.0000,1.0000,1.0000,1.0000,1.0000,1.0000,1.0000,1.0000,61.44,210.40,86.15,61.20,73.78,14.91,9.92,286.28,82.67,90.47,0.0000,0.0000,0.0000,0.0000,0.0000,0.0000,0.0000,0.0000,0.0000,0.0000,104304,74663,53998,54750,86225,66964,95775,572442,131417,91336,0,0,0,0,0,0,0,0,0,0,0.0000,0.0000,0.0000,0.0000,0.0000,0.0000,0.0000,0.0000,0.0000,0.0000,0,0,0,0,0,0,0,1,0,0,0,0,0,0,0,0,0,0,0,0,0.1460,0.0916,0.1499,0.0707,0.1108,0.0290,0.0800,0.1220,0.0243,0.1365,0.000,0.000,0.000,0.000,0.000,0.000,0.000,0.172,0.000,0.000,semi-presidential,parliamentary,parliamentary,parliamentary,parliamentary,semi-presidential,semi-presidential,electoral-authoritarian,electoral-authoritarian,parliamentary,0.800,0.800,0.800,0.800,0.800,0.800,0.774,0.500,0.500,0.800,96.3,74.6,100.0,100.0,100.0,100.0,100.0,100.0,70.3,54.6
2034-08-01,0.9624,0.9937,1.0042,1.0044,0.9632,0.9881,0.9963,0.9999,1.0007,0.9850,1.0023,0.9918,1.1155,0.9946,1.0045,1.0269,0.9632,0.9993,1.0182,1.0000,1.0007,0.9910,1.0314,0.9918,4125.40,5761.86,4585.64,3065.59,2482.33,1547.72,203.19,3175.84,2449.51,618.47,0.9989,0.5874,0.9403,1.1954,0.8222,0.2652,1.3949,0.3042,0.1691,-1.0312,0.6741,0.7357,0.6716,0.6501,0.7441,0.7501,0.6016,0.6941,0.6881,0.7138,0.0123,0.0100,0.0120,0.0167,0.0117,0.0088,0.0317,0.0003,0.0074,0.0026,1.0000,1.0000,1.0000,1.0000,1.0000,1.0000,1.0000,1.0000,1.0000,1.0000,61.21,209.36,86.23,60.81,73.83,14.99,10.02,283.65,81.83,89.99,0.0000,0.0000,0.0000,0.0000,0.0000,0.0000,0.0000,0.0000,0.0000,0.0000,104304,74663,53998,54750,86225,66964,95775,572442,131417,91336,0,0,0,0,0,0,0,0,0,0,0.0000,0.0000,0.0000,0.0000,0.0000,0.0000,0.0000,0.0000,0.0000,0.0000,0,0,0,0,0,0,0,1,0,0,0,0,0,0,0,0,0,0,0,0,0.1470,0.0926,0.1512,0.0720,0.1113,0.0299,0.0807,0.1226,0.0252,0.1366,0.000,0.000,0.000,0.000,0.000,0.000,0.000,0.172,0.000,0.000,semi-presidential,parliamentary,parliamentary,parliamentary,parliamentary,semi-presidential,semi-presidential,electoral-authoritarian,electoral-authoritarian,parliamentary,0.800,0.800,0.800,0.800,0.800,0.800,0.784,0.500,0.500,0.800,99.3,77.3,30.0,100.0,100.0,100.0,100.0,100.0,81.7,57.4
2034-09-01,0.9666,0.9906,1.0035,1.0076,0.9627,0.9875,0.9975,0.9978,1.0024,0.9840,1.0039,0.9937,1.1240,0.9906,1.0036,1.0294,0.9630,0.9880,1.0076,0.9980,1.0489,0.9842,1.0226,0.9938,4138.78,5767.42,4594.65,3080.87,2498.04,1554.67,203.45,3185.47,2455.14,619.89,0.9958,0.5869,0.9386,1.1896,0.8172,0.2626,1.3788,0.3043,0.1682,-1.0431,0.6782,0.7380,0.6865,0.6579,0.7471,0.7515,0.6030,0.7094,0.6944,0.7167,0.0116,0.0099,0.0116,0.0170,0.0126,0.0088,0.0327,0.0019,0.0091,0.0026,1.0000,1.0000,1.0000,1.0000,1.0000,1.0000,1.0000,1.0000,1.0000,1.0000,61.83,209.81,85.90,61.52,74.59,14.84,10.04,288.12,83.09,90.07,0.0000,0.0000,0.0000,0.0000,0.0000,0.0000,0.0000,0.0000,0.0000,0.0000,104304,74663,53998,54750,86225,66964,95775,572442,131417,91336,0,0,0,0,0,0,0,0,0,0,0.0000,0.0000,0.0000,0.0000,0.0000,0.0000,0.0000,0.0000,0.0000,0.0000,0,0,0,0,0,0,0,1,0,0,0,0,0,0,0,0,0,0,0,0,0.1488,0.0941,0.1533,0.0737,0.1137,0.0312,0.0819,0.1253,0.0268,0.1367,0.000,0.000,0.000,0.000,0.000,0.000,0.000,0.171,0.000,0.000,semi-presidential,parliamentary,parliamentary,parliamentary,parliamentary,semi-presidential,semi-presidential,electoral-authoritarian,electoral-authoritarian,parliamentary,0.800,0.800,0.800,0.800,0.800,0.800,0.794,0.500,0.500,0.800,100.0,80.1,33.0,100.0,100.0,100.0,100.0,100.0,84.8,60.2
2034-10-01,0.9703,0.9894,1.0080,1.0096,0.9620,0.9866,0.9975,0.9978,1.0048,0.9824,1.0044,0.9932,1.1284,1.0040,1.1783,1.0331,0.9729,0.9867,1.0053,1.0226,1.0671,0.9827,1.0051,0.9934,4159.88,5778.78,4607.15,3091.57,2505.89,1559.37,203.94,3200.39,2470.93,622.34,0.9937,0.5858,0.9361,1.1856,0.8148,0.2605,1.3612,0.3045,0.1664,-1.0531,0.6779,0.7408,0.6867,0.6599,0.7474,0.7555,0.6093,0.6928,0.6965,0.7138,0.0256,0.0171,0.0259,0.0327,0.0293,0.0102,0.0341,0.0027,0.0176,0.0095,0.9868,0.9875,0.9932,0.9891,0.9879,0.9901,0.9982,1.0000,0.9909,1.0000,62.26,210.19,86.95,63.19,75.33,14.78,10.05,288.65,83.27,90.58,0.0000,0.0000,0.0000,0.0000,0.0000,0.0000,0.0000,0.0000,0.0000,0.0000,104304,74663,53998,54750,86225,66964,95775,572442,131417,91336,0,0,0,0,0,0,0,0,0,0,0.0000,0.0000,0.0000,0.0000,0.0000,0.0000,0.0000,0.0000,0.0000,0.0000,0,0,0,0,0,0,0,1,0,0,0,0,0,0,0,0,0,0,0,0,0.1380,0.0888,0.1415,0.0687,0.1046,0.0297,0.0825,0.1249,0.0241,0.1370,0.000,0.000,0.000,0.000,0.000,0.000,0.000,0.172,0.000,0.000,semi-presidential,parliamentary,parliamentary,parliamentary,parliamentary,semi-presidential,semi-presidential,electoral-authoritarian,electoral-authoritarian,parliamentary,0.800,0.800,0.800,0.800,0.800,0.800,0.800,0.500,0.500,0.800,100.0,82.9,36.0,100.0,100.0,100.0,100.0,100.0,87.9,63.0
2034-11-01,0.9729,0.9882,1.0127,1.0104,0.9630,0.9862,0.9959,0.9983,1.0052,0.9819,1.0064,0.9925,1.0708,0.9881,1.1664,1.0172,0.9667,0.9918,0.9961,1.0327,1.0053,0.9819,1.0783,0.9927,4171.18,5788.00,4625.52,3098.82,2514.17,1563.09,204.36,3208.30,2475.76,622.58,0.9911,0.5849,0.9324,1.1829,0.8123,0.2585,1.3445,0.3053,0.1653,-1.0670,0.6754,0.7380,0.6853,0.6555,0.7485,0.7559,0.6121,0.6832,0.6934,0.7123,0.0214,0.0111,0.0228,0.0164,0.0208,0.0052,0.0271,0.0005,0.0098,0.0089,1.0000,1.0000,1.0000,1.0000,1.0000,1.0000,1.0000,1.0000,1.0000,1.0000,63.71,212.80,89.84,66.49,77.71,15.01,10.13,295.57,84.67,91.97,0.0000,0.0000,0.0000,0.0000,0.0000,0.0000,0.0000,0.0000,0.0000,0.0000,104304,74663,53998,54750,86225,66964,95775,572442,131417,91336,0,0,0,0,0,0,0,0,0,0,0.0000,0.0000,0.0000,0.0000,0.0000,0.0000,0.0000,0.0000,0.0000,0.0000,0,0,0,0,0,0,0,1,0,0,0,0,0,0,0,0,0,0,0,0,0.1482,0.0974,0.1523,0.0749,0.1122,0.0310,0.0834,0.1251,0.0253,0.1355,0.000,0.000,0.000,0.000,0.000,0.000,0.000,0.173,0.000,0.000,semi-presidential,parliamentary,parliamentary,parliamentary,parliamentary,semi-presidential,semi-presidential,electoral-authoritarian,electoral-authoritarian,parliamentary,0.800,0.800,0.800,0.800,0.800,0.800,0.800,0.500,0.500,0.800,100.0,85.7,39.0,100.0,100.0,100.0,100.0,100.0,91.0,65.8
2034-12-01,0.9737,0.9902,1.0170,1.0082,0.9651,0.9850,0.9945,0.9988,1.0018,0.9831,1.0091,0.9916,0.9737,1.0949,1.1907,1.0183,0.9809,0.9856,0.9946,0.9988,1.0023,0.9899,1.0847,0.9916,4184.54,5788.33,4614.71,3107.20,2518.84,1569.73,203.93,3224.30,2485.67,621.74,0.9876,0.5919,0.9347,1.1798,0.8110,0.2560,1.3337,0.3053,0.1639,-1.0903,0.6659,0.7611,0.6788,0.6548,0.7359,0.7406,0.6198,0.6965,0.6943,0.7155,0.0271,0.0173,0.0281,0.0259,0.0299,0.0094,0.0045,0.0004,0.0167,0.0112,0.9078,0.9158,0.9529,0.9200,0.9092,0.9325,0.9868,1.0000,0.9289,1.0000,64.30,213.08,90.37,67.25,78.33,15.13,9.84,297.87,84.71,93.08,0.0000,0.0000,0.0000,0.0000,0.0000,0.0000,0.0000,0.0000,0.0000,0.0000,104304,74663,53998,54750,86225,66964,95775,572442,131417,91336,0,0,0,0,0,0,0,0,0,0,0.0000,0.0000,0.0000,0.0000,0.0000,0.0000,0.0000,0.0000,0.0000,0.0000,0,0,0,0,0,0,0,1,0,0,0,0,0,0,0,0,0,0,0,0,0.1342,0.0906,0.1383,0.0680,0.1016,0.0285,0.0848,0.1210,0.0223,0.1334,0.000,0.000,0.000,0.000,0.000,0.000,0.000,0.174,0.000,0.000,semi-presidential,parliamentary,parliamentary,parliamentary,parliamentary,semi-presidential,semi-presidential,electoral-authoritarian,electoral-authoritarian,parliamentary,0.800,0.809,0.800,0.800,0.800,0.800,0.800,0.500,0.500,0.800,100.0,83.8,41.9,100.0,100.0,100.0,100.0,100.0,94.0,70.0
2035-01-01,0.9708,0.9943,1.0202,1.0056,0.9654,0.9826,0.9935,1.0010,1.0012,0.9864,1.0123,0.9924,0.9712,1.1038,1.1641,1.0164,0.9655,0.9827,1.0576,1.1074,1.0074,0.9914,1.1020,0.9925,4195.93,5813.27,4641.09,3121.99,2535.93,1576.90,204.25,3232.79,2496.67,621.24,0.9849,0.5894,0.9292,1.1743,0.8057,0.2535,1.3182,0.3060,0.1625,-1.1054,0.6619,0.7569,0.6812,0.6667,0.7358,0.7375,0.6325,0.7017,0.6911,0.7112,0.0331,0.0168,0.0351,0.0215,0.0298,0.0099,0.0122,0.0017,0.0164,0.0164,0.9038,0.9120,0.9510,0.9163,0.9051,0.9294,0.9864,1.0000,0.9253,1.0000,63.72,214.55,93.12,67.24,77.16,15.44,9.70,295.16,84.73,92.97,0.0000,0.0000,0.0000,0.0000,0.0000,0.0000,0.0000,0.0000,0.0000,0.0000,104304,74663,53998,54750,86225,66964,95775,572442,131417,91336,0,0,0,0,0,0,0,0,0,0,0.0000,0.0000,0.0000,0.0000,0.0000,0.0000,0.0000,0.0000,0.0000,0.0000,0,0,0,0,0,0,0,1,0,0,0,0,0,0,0,0,0,0,0,0,0.1473,0.0971,0.1521,0.0748,0.1111,0.0304,0.0825,0.1209,0.0246,0.1341,0.000,0.000,0.000,0.000,0.000,0.000,0.000,0.173,0.000,0.000,semi-presidential,parliamentary,parliamentary,parliamentary,parliamentary,semi-presidential,semi-presidential,electoral-authoritarian,electoral-authoritarian,parliamentary,0.800,0.800,0.800,0.800,0.800,0.800,0.800,0.500,0.500,0.800,100.0,86.7,44.9,100.0,100.0,100.0,100.0,100.0,97.1,72.8
2035-02-01,0.9692,0.9978,1.0216,1.0034,0.9641,0.9828,0.9944,1.0027,1.0024,0.9886,1.0151,0.9921,1.0046,1.0849,1.0219,1.0138,0.9642,1.0434,1.0008,1.0766,1.0403,0.9923,1.1184,0.9921,4215.28,5835.76,4659.78,3129.05,2543.51,1586.15,204.51,3234.98,2509.81,621.94,0.9804,0.5872,0.9254,1.1717,0.8033,0.2506,1.3032,0.3073,0.1678,-1.1184,0.6616,0.7481,0.6900,0.6709,0.7327,0.7377,0.6444,0.7011,0.7154,0.7022,0.0213,0.0133,0.0232,0.0126,0.0194,0.0104,0.0225,0.0024,0.0111,0.0109,0.9229,0.9298,0.9607,0.9338,0.9244,0.9442,0.9889,1.0000,0.9421,1.0000,65.44,218.75,96.41,68.92,79.82,15.82,10.03,305.25,87.29,93.25,0.0000,0.0000,0.0000,0.0000,0.0000,0.0000,0.0000,0.0000,0.0000,0.0000,104304,74663,53998,54750,86225,66964,95775,572442,131417,91336,0,0,0,0,0,0,0,0,0,0,0.0000,0.0000,0.0000,0.0000,0.0000,0.0000,0.0000,0.0000,0.0000,0.0000,0,0,0,0,0,0,0,1,0,0,0,0,0,0,0,0,0,0,0,0,0.1422,0.0950,0.1466,0.0724,0.1079,0.0301,0.0849,0.1233,0.0240,0.1341,0.000,0.000,0.000,0.000,0.000,0.000,0.000,0.173,0.000,0.000,semi-presidential,parliamentary,parliamentary,parliamentary,parliamentary,semi-presidential,semi-presidential,electoral-authoritarian,electoral-authoritarian,parliamentary,0.800,0.800,0.800,0.800,0.800,0.800,0.800,0.500,0.500,0.800,100.0,89.5,47.9,100.0,100.0,100.0,100.0,100.0,100.0,75.5
2035-03-01,0.9704,1.0017,1.0185,1.0018,0.9634,0.9849,0.9944,1.0039,1.0040,0.9906,1.0178,0.9906,1.0935,1.1232,1.0193,1.0135,0.9636,1.0563,0.9944,1.0473,1.0967,0.9938,1.1045,0.9906,4216.36,5843.02,4652.73,3128.85,2549.07,1592.06,204.64,3243.61,2523.28,622.47,0.9802,0.5865,0.9269,1.1718,0.8016,0.2484,1.2961,0.3080,0.1662,-1.1318,0.6520,0.7422,0.6676,0.6738,0.7167,0.7282,0.6514,0.6933,0.7002,0.7041,0.0294,0.0228,0.0277,0.0220,0.0296,0.0185,0.0342,0.0042,0.0205,0.0093,0.8942,0.9032,0.9463,0.9075,0.8953,0.9221,0.9856,1.0000,0.9167,1.0000,64.13,217.82,96.55,68.27,78.72,15.99,10.02,299.29,86.99,92.20,0.0000,0.0000,0.0000,0.0000,0.0000,0.0000,0.0000,0.0000,0.0000,0.0000,104304,74663,53998,54750,86225,66964,95775,572442,131417,91336,0,0,0,0,0,0,0,0,0,0,0.0000,0.0000,0.0000,0.0000,0.0000,0.0000,0.0000,0.0000,0.0000,0.0000,0,0,0,0,0,0,0,1,0,0,0,0,0,0,0,0,0,0,0,0,0.1393,0.0931,0.1431,0.0705,0.1051,0.0293,0.0838,0.1211,0.0229,0.1351,0.000,0.000,0.000,0.000,0.000,0.000,0.000,0.175,0.000,0.000,semi-presidential,parliamentary,parliamentary,parliamentary,parliamentary,semi-presidential,semi-presidential,electoral-authoritarian,electoral-authoritarian,parliamentary,0.800,0.800,0.800,0.800,0.800,0.800,0.800,0.500,0.500,0.800,100.0,92.3,50.8,100.0,100.0,100.0,100.0,100.0,100.0,78.3
2035-04-01,0.9723,1.0065,1.0165,1.0031,0.9622,0.9887,0.9943,1.0029,1.0059,0.9920,1.0186,0.9910,1.0685,1.1259,1.0167,1.0361,0.9623,1.0333,0.9944,1.0033,1.0511,0.9983,1.0241,0.9912,4231.62,5861.83,4660.68,3130.97,2555.12,1595.81,205.11,3256.46,2535.90,623.35,0.9767,0.5846,0.9253,1.1708,0.7998,0.2465,1.2803,0.3083,0.1646,-1.1445,0.6559,0.7383,0.6711,0.6611,0.7223,0.7260,0.6450,0.6979,0.6853,0.7120,0.0222,0.0202,0.0195,0.0306,0.0228,0.0162,0.0322,0.0018,0.0168,0.0017,0.8967,0.9056,0.9476,0.9099,0.8979,0.9242,0.9861,1.0000,0.9192,1.0000,65.16,219.40,93.51,64.33,78.25,16.13,10.06,303.34,88.00,92.46,0.0000,0.0000,0.0000,0.0000,0.0000,0.0000,0.0000,0.0000,0.0000,0.0000,104304,74663,53998,54750,86225,66964,95775,572442,131417,91336,0,0,0,0,0,0,0,0,0,0,0.0000,0.0000,0.0000,0.0000,0.0000,0.0000,0.0000,0.0000,0.0000,0.0000,0,0,0,0,0,0,0,1,0,0,0,0,0,0,0,0,0,0,0,0,0.1467,0.0967,0.1508,0.0717,0.1112,0.0339,0.0833,0.1239,0.0246,0.1383,0.000,0.000,0.000,0.000,0.000,0.000,0.000,0.175,0.000,0.000,semi-presidential,parliamentary,parliamentary,parliamentary,parliamentary,semi-presidential,semi-presidential,electoral-authoritarian,electoral-authoritarian,parliamentary,0.800,0.800,0.800,0.800,0.800,0.800,0.800,0.500,0.500,0.800,100.0,95.1,53.7,100.0,100.0,100.0,100.0,100.0,100.0,81.0
2035-05-01,0.9761,1.0111,1.0124,1.0066,0.9605,0.9923,0.9940,1.0004,1.0081,0.9926,1.0183,0.9925,1.1591,1.1145,1.0130,1.0374,0.9607,1.1098,1.0091,1.0005,1.0424,0.9968,1.0185,0.9928,4252.36,5876.07,4672.91,3141.36,2566.71,1602.43,205.70,3266.89,2552.64,625.48,0.9720,0.5833,0.9230,1.1668,0.7963,0.2441,1.2638,0.3088,0.1628,-1.1550,0.6604,0.7343,0.6752,0.6575,0.7167,0.7312,0.6403,0.6841,0.6798,0.7215,0.0275,0.0255,0.0227,0.0346,0.0273,0.0211,0.0343,0.0014,0.0204,0.0019,0.9098,0.9180,0.9542,0.9223,0.9110,0.9349,0.9875,1.0000,0.9319,1.0000,64.25,217.62,91.63,63.47,76.70,15.86,10.04,297.98,87.53,91.60,0.0000,0.0000,0.0000,0.0000,0.0000,0.0000,0.0000,0.0000,0.0000,0.0000,104304,74663,53998,54750,86225,66964,95775,572442,131417,91336,0,0,0,0,0,0,0,0,0,0,0.0000,0.0000,0.0000,0.0000,0.0000,0.0000,0.0000,0.0000,0.0000,0.0000,0,0,0,0,0,0,0,1,0,0,0,0,0,0,0,0,0,0,0,0,0.1524,0.0975,0.1520,0.0722,0.1118,0.0345,0.0833,0.1285,0.0256,0.1390,0.000,0.000,0.000,0.000,0.000,0.000,0.000,0.169,0.000,0.000,semi-presidential,parliamentary,parliamentary,parliamentary,parliamentary,semi-presidential,semi-presidential,electoral-authoritarian,electoral-authoritarian,parliamentary,0.800,0.800,0.800,0.800,0.800,0.800,0.800,0.500,0.500,0.800,100.0,97.9,56.6,100.0,100.0,100.0,100.0,100.0,100.0,83.8
2035-06-01,0.9804,1.0149,1.0079,1.0118,0.9569,0.9961,0.9960,0.9987,1.0079,0.9932,1.0152,0.9946,1.1249,1.1259,1.0092,1.0426,0.9578,1.1373,1.0467,0.9988,1.0080,0.9933,1.0156,0.9950,4269.37,5892.32,4693.49,3147.55,2577.27,1608.02,206.13,3283.55,2564.61,627.30,0.9681,0.5817,0.9190,1.1646,0.7931,0.2420,1.2486,0.3087,0.1613,-1.1660,0.6682,0.7367,0.6763,0.6531,0.7204,0.7375,0.6346,0.6812,0.6782,0.7255,0.0273,0.0242,0.0226,0.0334,0.0257,0.0195,0.0328,0.0003,0.0176,0.0024,0.9043,0.9129,0.9516,0.9172,0.9055,0.9306,0.9871,1.0000,0.9268,1.0000,65.42,219.08,91.69,64.79,78.05,15.77,10.18,304.21,88.80,92.62,0.0000,0.0000,0.0000,0.0000,0.0000,0.0000,0.0000,0.0000,0.0000,0.0000,104304,74663,53998,54750,86225,66964,95775,572442,131417,91336,0,0,0,0,0,0,0,0,0,0,0.0000,0.0000,0.0000,0.0000,0.0000,0.0000,0.0000,0.0000,0.0000,0.0000,0,0,0,0,0,0,0,1,0,0,0,0,0,0,0,0,0,0,0,0,0.1541,0.0989,0.1539,0.0741,0.1141,0.0356,0.0830,0.1301,0.0270,0.1398,0.000,0.000,0.000,0.000,0.000,0.000,0.000,0.168,0.000,0.000,semi-presidential,parliamentary,parliamentary,parliamentary,parliamentary,semi-presidential,semi-presidential,electoral-authoritarian,electoral-authoritarian,parliamentary,0.800,0.800,0.800,0.800,0.800,0.800,0.800,0.500,0.500,0.800,100.0,100.0,59.6,100.0,100.0,100.0,100.0,100.0,100.0,86.7
2035-07-01,0.9830,1.0178,1.0027,1.0148,0.9541,1.0002,0.9975,0.9969,1.0063,0.9934,1.0141,0.9972,0.9889,1.0530,1.0030,1.0352,0.9541,1.0952,1.0481,0.9972,1.0069,1.0004,1.0142,0.9974,4296.88,5905.85,4707.66,3154.33,2591.80,1615.99,206.17,3290.32,2582.19,628.26,0.9619,0.5804,0.9163,1.1621,0.7887,0.2394,1.2304,0.3095,0.1595,-1.1787,0.6785,0.7384,0.6942,0.6601,0.7332,0.7464,0.6333,0.6843,0.6829,0.7309,0.0081,0.0064,0.0103,0.0128,0.0068,0.0046,0.0077,0.0003,0.0037,0.0023,0.9685,0.9713,0.9839,0.9741,0.9700,0.9779,0.9955,1.0000,0.9791,1.0000,68.11,225.18,93.21,66.92,81.14,15.76,10.16,318.01,91.94,95.25,0.0000,0.0000,0.0000,0.0000,0.0000,0.0000,0.0000,0.0000,0.0000,0.0000,104304,74663,53998,54750,86225,66964,95775,572442,131417,91336,0,0,0,0,0,0,0,0,0,0,0.0000,0.0000,0.0000,0.0000,0.0000,0.0000,0.0000,0.0000,0.0000,0.0000,0,0,0,0,0,0,0,1,0,0,0,0,0,0,0,0,0,0,0,0,0.1565,0.1013,0.1561,0.0761,0.1163,0.0375,0.0872,0.1329,0.0290,0.1403,0.000,0.000,0.000,0.000,0.000,0.000,0.000,0.167,0.000,0.000,semi-presidential,parliamentary,parliamentary,parliamentary,parliamentary,semi-presidential,semi-presidential,electoral-authoritarian,electoral-authoritarian,parliamentary,0.800,0.800,0.800,0.800,0.800,0.800,0.800,0.500,0.500,0.800,100.0,100.0,62.6,100.0,100.0,100.0,100.0,100.0,100.0,89.6
2035-08-01,0.9837,1.0165,1.0030,1.0181,0.9532,1.0024,0.9985,0.9959,1.0025,0.9945,1.0104,0.9978,0.9885,1.0171,1.0418,1.0365,0.9532,1.0251,1.0033,0.9959,1.0027,0.9945,1.0106,0.9976,4319.31,5936.25,4738.97,3169.52,2608.29,1623.23,206.01,3307.60,2599.15,630.71,0.9619,0.5775,0.9103,1.1566,0.7838,0.2370,1.2257,0.3093,0.1577,-1.1886,0.6996,0.7541,0.7085,0.6742,0.7436,0.7532,0.6354,0.7090,0.6982,0.7238,0.0036,0.0021,0.0065,0.0100,0.0034,0.0005,0.0053,0.0000,0.0018,0.0009,1.0000,1.0000,1.0000,1.0000,1.0000,1.0000,1.0000,1.0000,1.0000,1.0000,68.01,224.71,93.18,66.89,81.39,15.54,10.22,317.80,91.31,95.58,0.0000,0.0000,0.0000,0.0000,0.0000,0.0000,0.0000,0.0000,0.0000,0.0000,104304,74663,53998,54750,86225,66964,95775,572442,131417,91336,0,0,0,0,0,0,0,0,0,0,0.0000,0.0000,0.0000,0.0000,0.0000,0.0000,0.0000,0.0000,0.0000,0.0000,0,0,0,0,0,0,0,1,0,0,0,0,0,0,0,0,0,0,0,0,0.1566,0.1012,0.1563,0.0764,0.1166,0.0376,0.0896,0.1345,0.0291,0.1404,0.000,0.000,0.000,0.000,0.000,0.000,0.000,0.167,0.000,0.000,semi-presidential,parliamentary,parliamentary,parliamentary,parliamentary,semi-presidential,semi-presidential,electoral-authoritarian,electoral-authoritarian,parliamentary,0.800,0.800,0.800,0.800,0.800,0.800,0.800,0.500,0.500,0.800,100.0,100.0,65.7,100.0,100.0,100.0,100.0,100.0,100.0,92.4
2035-09-01,0.9835,1.0128,1.0037,1.0186,0.9545,1.0045,0.9992,0.9965,0.9981,0.9951,1.0063,1.0002,0.9835,1.0130,1.0696,1.0322,0.9704,1.0744,1.0324,0.9967,0.9986,0.9976,1.0066,1.0005,4336.24,5966.47,4750.70,3189.01,2618.45,1632.61,206.63,3316.77,2616.25,633.17,0.9581,0.5745,0.9081,1.1496,0.7809,0.2344,1.2102,0.3098,0.1560,-1.1984,0.7024,0.7626,0.7180,0.6909,0.7477,0.7596,0.6479,0.7228,0.7029,0.7109,0.0068,0.0036,0.0117,0.0129,0.0099,0.0009,0.0038,0.0002,0.0029,0.0078,1.0000,1.0000,1.0000,1.0000,1.0000,1.0000,1.0000,1.0000,1.0000,1.0000,67.56,224.65,94.73,68.72,81.39,15.50,10.03,316.78,91.03,95.92,0.0000,0.0000,0.0000,0.0000,0.0000,0.0000,0.0000,0.0000,0.0000,0.0000,104304,74663,53998,54750,86225,66964,95775,572442,131417,91336,0,0,0,0,0,0,0,0,0,0,0.0000,0.0000,0.0000,0.0000,0.0000,0.0000,0.0000,0.0000,0.0000,0.0000,0,0,0,0,0,0,0,1,0,0,0,0,0,0,0,0,0,0,0,0,0.1587,0.1030,0.1586,0.0794,0.1182,0.0392,0.0917,0.1359,0.0307,0.1401,0.000,0.000,0.000,0.000,0.000,0.000,0.000,0.165,0.000,0.000,semi-presidential,parliamentary,parliamentary,parliamentary,parliamentary,semi-presidential,semi-presidential,electoral-authoritarian,electoral-authoritarian,parliamentary,0.800,0.800,0.800,0.800,0.800,0.800,0.800,0.500,0.500,0.800,100.0,100.0,68.8,100.0,100.0,100.0,100.0,100.0,100.0,95.2
2035-10-01,0.9841,1.0095,1.0050,1.0177,0.9548,1.0045,1.0001,0.9959,0.9952,0.9957,1.0029,1.0018,1.0470,1.0099,1.0053,1.0234,0.9548,1.0897,1.0002,0.9992,0.9958,0.9958,1.0035,1.0019,4362.82,5992.37,4772.45,3204.33,2628.79,1646.24,207.03,3324.54,2639.13,635.70,0.9524,0.5720,0.9040,1.1442,0.7780,0.2309,1.1962,0.3105,0.1536,-1.2081,0.7024,0.7680,0.7303,0.6960,0.7562,0.7677,0.6634,0.7373,0.7247,0.7149,0.0059,0.0056,0.0073,0.0048,0.0053,0.0042,0.0219,0.0000,0.0027,0.0004,1.0000,1.0000,1.0000,1.0000,1.0000,1.0000,1.0000,1.0000,1.0000,1.0000,67.20,223.76,94.78,69.13,81.35,15.43,10.18,316.34,91.66,95.76,0.0000,0.0000,0.0000,0.0000,0.0000,0.0000,0.0000,0.0000,0.0000,0.0000,104304,74663,53998,54750,86225,66964,95775,572442,131417,91336,0,0,0,0,0,0,0,0,0,0,0.0000,0.0000,0.0000,0.0000,0.0000,0.0000,0.0000,0.0000,0.0000,0.0000,0,0,0,0,0,0,0,1,0,0,0,0,0,0,0,0,0,0,0,0,0.1597,0.1038,0.1599,0.0807,0.1190,0.0455,0.0921,0.1394,0.0316,0.1380,0.000,0.000,0.000,0.000,0.000,0.000,0.000,0.160,0.000,0.000,semi-presidential,parliamentary,parliamentary,parliamentary,parliamentary,semi-presidential,semi-presidential,electoral-authoritarian,electoral-authoritarian,parliamentary,0.800,0.800,0.800,0.800,0.800,0.800,0.800,0.500,0.500,0.800,100.0,100.0,72.1,100.0,100.0,100.0,100.0,100.0,100.0,98.0
2035-11-01,0.9855,1.0068,1.0050,1.0170,0.9542,1.0066,0.9995,0.9958,0.9939,0.9956,0.9999,1.0012,0.9899,1.0073,1.0054,1.0252,0.9542,1.0579,0.9996,0.9976,1.0068,0.9956,1.0001,1.0012,4378.61,6012.59,4796.08,3227.49,2635.96,1654.37,207.74,3358.62,2649.37,635.87,0.9490,0.5702,0.8996,1.1360,0.7760,0.2287,1.1806,0.3102,0.1522,-1.2222,0.7034,0.7687,0.7331,0.7055,0.7445,0.7702,0.6687,0.7368,0.7437,0.7184,0.0013,0.0014,0.0047,0.0026,0.0013,0.0009,0.0026,0.0005,0.0008,0.0005,1.0000,1.0000,1.0000,1.0000,1.0000,1.0000,1.0000,1.0000,1.0000,1.0000,68.16,225.15,95.54,70.37,82.38,15.41,10.17,322.17,92.62,96.09,0.0000,0.0000,0.0000,0.0000,0.0000,0.0000,0.0000,0.0000,0.0000,0.0000,104304,74663,53998,54750,86225,66964,95775,572442,131417,91336,0,0,0,0,0,0,0,0,0,0,0.0000,0.0000,0.0000,0.0000,0.0000,0.0000,0.0000,0.0000,0.0000,0.0000,0,0,0,0,0,0,0,1,0,0,0,0,0,0,0,0,0,0,0,0,0.1565,0.1020,0.1563,0.0790,0.1171,0.0447,0.0918,0.1391,0.0311,0.1390,0.000,0.000,0.000,0.000,0.000,0.000,0.000,0.161,0.000,0.000,semi-presidential,parliamentary,parliamentary,parliamentary,parliamentary,semi-presidential,semi-presidential,electoral-authoritarian,electoral-authoritarian,parliamentary,0.800,0.800,0.800,0.800,0.800,0.800,0.800,0.500,0.500,0.800,100.0,100.0,75.3,100.0,100.0,30.0,100.0,100.0,100.0,100.0
2035-12-01,0.9869,1.0035,1.0059,1.0179,0.9543,1.0055,0.9996,0.9969,0.9946,0.9962,0.9958,1.0015,1.0266,1.0037,1.0629,1.0325,0.9572,1.0058,0.9996,1.0653,1.0268,0.9988,0.9963,1.0016,4392.83,6037.36,4811.81,3238.30,2644.19,1662.27,207.97,3374.56,2663.18,637.50,0.9460,0.5679,0.8968,1.1322,0.7737,0.2264,1.1679,0.3101,0.1507,-1.2335,0.7027,0.7827,0.7423,0.7076,0.7529,0.7761,0.6677,0.7500,0.7323,0.7117,0.0098,0.0041,0.0133,0.0112,0.0103,0.0019,0.0289,0.0018,0.0047,0.0073,1.0000,1.0000,1.0000,1.0000,1.0000,1.0000,1.0000,1.0000,1.0000,1.0000,68.02,226.03,94.23,68.87,82.24,15.52,10.27,321.96,92.78,96.14,0.0000,0.0000,0.0000,0.0000,0.0000,0.0000,0.0000,0.0000,0.0000,0.0000,104304,74663,53998,54750,86225,66964,95775,572442,131417,91336,0,0,0,0,0,0,0,0,0,0,0.0000,0.0000,0.0000,0.0000,0.0000,0.0000,0.0000,0.0000,0.0000,0.0000,0,0,0,0,0,0,0,1,0,0,0,0,0,0,0,0,0,0,0,0,0.1598,0.1037,0.1597,0.0799,0.1198,0.0455,0.0926,0.1404,0.0319,0.1397,0.000,0.000,0.000,0.000,0.000,0.000,0.000,0.161,0.000,0.000,semi-presidential,parliamentary,parliamentary,parliamentary,parliamentary,semi-presidential,semi-presidential,electoral-authoritarian,electoral-authoritarian,parliamentary,0.800,0.800,0.800,0.800,0.800,0.800,0.800,0.500,0.500,0.800,100.0,100.0,78.6,100.0,100.0,33.3,100.0,100.0,100.0,100.0
2036-01-01,0.9876,1.0028,1.0089,1.0194,0.9566,1.0046,1.0003,0.9987,0.9964,0.9968,0.9963,1.0026,0.9940,1.0030,1.1875,1.0331,0.9756,1.0264,1.0003,1.0498,1.0547,0.9969,1.0731,1.0024,4412.14,6045.58,4826.36,3247.95,2654.28,1674.02,208.44,3396.72,2675.13,639.64,0.9420,0.5674,0.8941,1.1289,0.7708,0.2237,1.1542,0.3096,0.1493,-1.2438,0.7030,0.7854,0.7345,0.7023,0.7441,0.7901,0.6747,0.7625,0.7301,0.7097,0.0179,0.0065,0.0244,0.0211,0.0221,0.0006,0.0116,0.0029,0.0094,0.0175,1.0000,1.0000,1.0000,1.0000,1.0000,1.0000,1.0000,1.0000,1.0000,1.0000,68.67,227.64,95.54,69.67,82.69,15.89,10.22,322.66,92.65,96.69,0.0000,0.0000,0.0000,0.0000,0.0000,0.0000,0.0000,0.0000,0.0000,0.0000,104304,74663,53998,54750,86225,66964,95775,572442,131417,91336,0,0,0,0,0,0,0,0,0,0,0.0000,0.0000,0.0000,0.0000,0.0000,0.0000,0.0000,0.0000,0.0000,0.0000,0,0,0,0,0,0,0,1,0,0,0,0,0,0,0,0,0,0,0,0,0.1605,0.1045,0.1605,0.0809,0.1201,0.0501,0.0933,0.1409,0.0320,0.1398,0.000,0.000,0.000,0.000,0.000,0.000,0.000,0.161,0.000,0.000,semi-presidential,parliamentary,parliamentary,parliamentary,parliamentary,semi-presidential,semi-presidential,electoral-authoritarian,electoral-authoritarian,parliamentary,0.800,0.800,0.800,0.800,0.800,0.800,0.800,0.500,0.500,0.800,100.0,100.0,81.8,100.0,100.0,36.7,100.0,100.0,100.0,100.0
