date,price_oil,price_gas,price_coal,price_electricity,price_food,price_critical-minerals,price_steel,price_consumer-goods,price_electronics,price_arms,price_pharma,price_services,import_price_oil,import_price_gas,import_price_coal,import_price_electricity,import_price_food,import_price_critical-minerals,import_price_steel,import_price_consumer-goods,import_price_electronics,import_price_arms,import_price_pharma,import_price_services,gdp_FRA,gdp_DEU,gdp_GBR,gdp_ITA,gdp_ESP,gdp_POL,gdp_UKR,gdp_RUS,gdp_TUR,gdp_NOR,debt_FRA,debt_DEU,debt_GBR,debt_ITA,debt_ESP,debt_POL,debt_UKR,debt_RUS,debt_TUR,debt_NOR,stability_FRA,stability_DEU,stability_GBR,stability_ITA,stability_ESP,stability_POL,stability_UKR,stability_RUS,stability_TUR,stability_NOR,shortage_FRA,shortage_DEU,shortage_GBR,shortage_ITA,shortage_ESP,shortage_POL,shortage_UKR,shortage_RUS,shortage_TUR,shortage_NOR,gas_coverage_FRA,gas_coverage_DEU,gas_coverage_GBR,gas_coverage_ITA,gas_coverage_ESP,gas_coverage_POL,gas_coverage_UKR,gas_coverage_RUS,gas_coverage_TUR,gas_coverage_NOR,maritime_trade_FRA,maritime_trade_DEU,maritime_trade_GBR,maritime_trade_ITA,maritime_trade_ESP,maritime_trade_POL,maritime_trade_UKR,maritime_trade_RUS,maritime_trade_TUR,maritime_trade_NOR,blockade_FRA,blockade_DEU,blockade_GBR,blockade_ITA,blockade_ESP,blockade_POL,blockade_UKR,blockade_RUS,blockade_TUR,blockade_NOR,tiles_FRA,tiles_DEU,tiles_GBR,tiles_ITA,tiles_ESP,tiles_POL,tiles_UKR,tiles_RUS,tiles_TUR,tiles_NOR,contested_FRA,contested_DEU,contested_GBR,contested_ITA,contested_ESP,contested_POL,contested_UKR,contested_RUS,contested_TUR,contested_NOR,exhaustion_FRA,exhaustion_DEU,exhaustion_GBR,exhaustion_ITA,exhaustion_ESP,exhaustion_POL,exhaustion_UKR,exhaustion_RUS,exhaustion_TUR,exhaustion_NOR,sanctions_against_FRA,sanctions_against_DEU,sanctions_against_GBR,sanctions_against_ITA,sanctions_against_ESP,sanctions_against_POL,sanctions_against_UKR,sanctions_against_RUS,sanctions_against_TUR,sanctions_against_NOR,at_war_FRA,at_war_DEU,at_war_GBR,at_war_ITA,at_war_ESP,at_war_POL,at_war_UKR,at_war_RUS,at_war_TUR,at_war_NOR,export_share_FRA,export_share_DEU,export_share_GBR,export_share_ITA,export_share_ESP,export_share_POL,export_share_UKR,export_share_RUS,export_share_TUR,export_share_NOR,circumvention_FRA,circumvention_DEU,circumvention_GBR,circumvention_ITA,circumvention_ESP,circumvention_POL,circumvention_UKR,circumvention_RUS,circumvention_TUR,circumvention_NOR,regime_FRA,regime_DEU,regime_GBR,regime_ITA,regime_ESP,regime_POL,regime_UKR,regime_RUS,regime_TUR,regime_NOR,legitimacy_FRA,legitimacy_DEU,legitimacy_GBR,legitimacy_ITA,legitimacy_ESP,legitimacy_POL,legitimacy_UKR,legitimacy_RUS,legitimacy_TUR,legitimacy_NOR,capital_FRA,capital_DEU,capital_GBR,capital_ITA,capital_ESP,capital_POL,capital_UKR,capital_RUS,capital_TUR,capital_NOR
2026-01-01,1.0000,1.0000,1.0000,1.0000,1.0000,1.0000,1.0000,1.0000,1.0000,1.0000,1.0000,1.0000,1.0000,1.0000,1.0001,1.0298,1.0000,1.0000,1.0170,1.0170,1.0221,1.0232,1.0170,1.0000,3366.32,5050.92,4002.59,2551.56,1906.45,1035.49,214.23,2561.31,1597.29,530.76,1.1600,0.6290,1.0230,1.3710,1.0040,0.5880,1.0870,0.1720,0.2350,0.4500,0.6600,0.7169,0.6747,0.6374,0.6767,0.7200,0.6678,0.6750,0.6750,0.7200,0.0019,0.0004,0.0179,0.0017,0.0019,0.0000,0.0027,0.0012,0.0009,0.0031,1.0000,1.0000,1.0000,1.0000,1.0000,1.0000,1.0000,1.0000,1.0000,1.0000,53.01,188.04,79.00,54.35,61.58,9.29,7.94,244.34,57.59,79.61,0.0000,0.0000,0.0000,0.0000,0.0000,0.0000,0.0000,0.0000,0.0000,0.0000,104304,74663,53998,54750,86225,66964,95775,572442,131417,91336,0,0,0,0,0,0,0,0,0,0,0.0000,0.0000,0.0000,0.0000,0.0000,0.0000,0.0000,0.0000,0.0000,0.0000,0,0,0,0,0,0,0,0,0,0,0,0,0,0,0,0,1,1,0,0,0.1189,0.0741,0.1337,0.0482,0.0865,0.0115,0.0806,0.1079,0.0015,0.1360,0.000,0.000,0.000,0.000,0.000,0.000,0.000,0.000,0.000,0.000,semi-presidential,parliamentary,parliamentary,parliamentary,parliamentary,semi-presidential,semi-presidential,electoral-authoritarian,electoral-authoritarian,parliamentary,0.800,0.800,0.800,0.800,0.800,0.800,0.800,0.500,0.500,0.800,30.0,30.0,30.0,30.0,30.0,30.0,30.0,30.0,30.0,30.0
2026-02-01,1.0030,1.0017,0.9988,1.0019,1.0011,0.9994,1.0031,1.0001,1.0013,1.0014,1.0028,0.9973,1.1153,1.0902,1.0368,1.0745,1.0490,1.0559,1.1296,1.0018,1.0416,1.0067,1.1193,0.9978,3365.94,5050.37,3998.61,2551.44,1904.36,1038.91,213.02,2561.34,1602.11,529.25,1.1603,0.6292,1.0248,1.3725,1.0062,0.5870,1.0957,0.1743,0.2345,0.4375,0.6589,0.7157,0.6633,0.6258,0.6635,0.7172,0.5685,0.6622,0.6647,0.7015,0.0273,0.0225,0.0418,0.0422,0.0350,0.0067,0.0920,0.0035,0.0207,0.0271,0.9255,0.9303,0.9619,0.9331,0.9270,0.9621,0.9575,1.0000,0.9366,1.0000,50.70,178.01,73.50,53.24,58.29,9.15,5.62,234.05,55.69,77.69,0.0000,0.0000,0.0000,0.0000,0.0000,0.0000,0.4601,0.0436,0.0000,0.0000,104304,74663,53998,54750,86225,66964,95775,572442,131417,91336,0,0,0,0,0,0,0,0,0,0,0.0000,0.0000,0.0000,0.0000,0.0000,0.0000,0.0092,0.0092,0.0000,0.0000,0,0,0,0,0,0,0,1,0,0,0,0,0,0,0,0,1,1,0,0,0.0852,0.0575,0.0934,0.0328,0.0603,0.0114,0.0670,0.1021,0.0015,0.1360,0.000,0.000,0.000,0.000,0.000,0.000,0.028,0.147,0.000,0.000,semi-presidential,parliamentary,parliamentary,parliamentary,parliamentary,semi-presidential,semi-presidential,electoral-authoritarian,electoral-authoritarian,parliamentary,0.800,0.800,0.800,0.800,0.800,0.800,0.843,0.500,0.500,0.800,30.2,30.4,30.6,31.2,31.4,31.7,33.3,33.0,33.1,32.6
2026-03-01,1.0050,1.0043,0.9980,1.0063,1.0047,0.9964,1.0070,0.9999,1.0002,1.0023,1.0068,0.9974,1.0983,1.0606,1.0350,1.0828,1.0550,1.0520,1.0851,1.0011,1.0136,1.0497,1.1394,0.9991,3352.50,5033.66,3974.65,2545.89,1911.24,1041.86,211.83,2564.67,1610.06,531.34,1.1689,0.6329,1.0342,1.3801,1.0046,0.5833,1.1035,0.1763,0.2335,0.4214,0.6301,0.6915,0.6107,0.5889,0.6443,0.7140,0.5175,0.6633,0.6571,0.6871,0.0207,0.0186,0.0368,0.0417,0.0283,0.0031,0.0883,0.0024,0.0154,0.0262,0.9551,0.9555,0.9773,0.9576,0.9575,0.9814,0.9645,1.0000,0.9558,1.0000,50.76,175.33,71.28,54.60,58.16,9.00,5.51,235.01,55.71,77.66,0.0000,0.0000,0.0000,0.0000,0.0000,0.0000,0.4591,0.0423,0.0000,0.0000,104304,74663,53998,54750,86225,66964,95775,572442,131417,91336,0,0,0,0,0,0,0,0,0,0,0.0000,0.0000,0.0000,0.0000,0.0000,0.0000,0.0184,0.0184,0.0000,0.0000,0,0,0,0,0,0,0,1,0,0,0,0,0,0,0,0,1,1,0,0,0.1168,0.0698,0.1315,0.0460,0.0847,0.0112,0.0703,0.1031,0.0015,0.1356,0.000,0.000,0.000,0.000,0.000,0.000,0.028,0.147,0.000,0.000,semi-presidential,parliamentary,parliamentary,parliamentary,parliamentary,semi-presidential,semi-presidential,electoral-authoritarian,electoral-authoritarian,parliamentary,0.800,0.800,0.800,0.800,0.800,0.800,0.834,0.500,0.500,0.800,33.3,33.1,32.9,34.5,34.5,34.8,36.1,36.0,36.7,35.3
2026-04-01,1.0079,1.0061,0.9954,1.0106,1.0079,0.9951,1.0085,0.9998,0.9985,1.0027,1.0097,0.9977,1.1131,1.0443,1.0339,1.0759,1.0531,1.0514,1.0458,1.0014,1.0120,1.0028,1.0748,0.9976,3354.93,5042.87,3971.81,2543.02,1905.67,1044.00,211.22,2568.53,1615.36,531.21,1.1717,0.6333,1.0379,1.3861,1.0097,0.5800,1.1085,0.1783,0.2328,0.4070,0.6246,0.6844,0.6069,0.5761,0.6389,0.7142,0.4751,0.6565,0.6516,0.6849,0.0163,0.0162,0.0310,0.0355,0.0239,0.0018,0.0842,0.0016,0.0135,0.0198,0.9712,0.9700,0.9857,0.9710,0.9732,0.9928,0.9676,1.0000,0.9665,1.0000,50.71,177.76,72.95,53.81,58.59,9.25,5.53,234.81,55.77,78.16,0.0000,0.0000,0.0000,0.0000,0.0000,0.0000,0.4608,0.0439,0.0000,0.0000,104304,74663,53998,54750,86225,66964,95775,572442,131417,91336,0,0,0,0,0,0,0,0,0,0,0.0000,0.0000,0.0000,0.0000,0.0000,0.0000,0.0276,0.0276,0.0000,0.0000,0,0,0,0,0,0,0,1,0,0,0,0,0,0,0,0,1,1,0,0,0.1146,0.0697,0.1288,0.0452,0.0832,0.0114,0.0701,0.1029,0.0015,0.1366,0.000,0.000,0.000,0.000,0.000,0.000,0.028,0.148,0.000,0.000,semi-presidential,parliamentary,parliamentary,parliamentary,parliamentary,semi-presidential,semi-presidential,electoral-authoritarian,electoral-authoritarian,parliamentary,0.800,0.800,0.800,0.800,0.800,0.800,0.825,0.500,0.500,0.800,36.3,35.8,35.1,37.7,37.6,37.9,38.6,39.0,40.2,37.9
2026-05-01,1.0094,1.0087,0.9939,1.0156,1.0089,0.9941,1.0076,0.9975,0.9958,1.0008,1.0112,0.9996,1.0936,1.0380,1.0322,1.0922,1.0393,1.0498,1.0093,0.9991,1.0089,1.0010,1.0881,1.0005,3365.15,5047.28,3975.93,2547.43,1905.64,1046.70,210.70,2568.60,1621.26,531.70,1.1716,0.6344,1.0386,1.3878,1.0126,0.5765,1.1135,0.1811,0.2320,0.3921,0.6267,0.6792,0.6079,0.5717,0.6397,0.7117,0.4672,0.6523,0.6527,0.6909,0.0135,0.0151,0.0283,0.0346,0.0183,0.0004,0.0596,0.0014,0.0127,0.0140,0.9791,0.9785,0.9898,0.9777,0.9794,1.0000,0.9682,1.0000,0.9727,1.0000,50.24,174.96,71.12,54.19,57.37,9.10,5.43,231.92,55.56,78.66,0.0000,0.0000,0.0000,0.0000,0.0000,0.0000,0.4600,0.0438,0.0000,0.0000,104304,74663,53998,54750,86225,66964,95775,572442,131417,91336,0,0,0,0,0,0,0,0,0,0,0.0000,0.0000,0.0000,0.0000,0.0000,0.0000,0.0391,0.0391,0.0000,0.0000,0,0,0,0,0,0,0,1,0,0,0,0,0,0,0,0,1,1,0,0,0.1185,0.0713,0.1333,0.0475,0.0863,0.0111,0.0717,0.1014,0.0015,0.1371,0.000,0.000,0.000,0.000,0.000,0.000,0.031,0.148,0.000,0.000,semi-presidential,parliamentary,parliamentary,parliamentary,parliamentary,semi-presidential,semi-presidential,electoral-authoritarian,electoral-authoritarian,parliamentary,0.800,0.800,0.800,0.800,0.800,0.800,0.813,0.500,0.500,0.800,39.4,38.4,37.3,40.9,40.2,40.9,41.5,42.6,43.8,40.6
2026-06-01,1.0103,1.0107,0.9953,1.0165,1.0084,0.9932,1.0080,0.9955,0.9941,0.9996,1.0122,0.9996,1.0989,1.0886,1.1170,1.0592,1.0388,1.0485,1.0384,0.9975,1.0082,0.9997,1.0343,0.9997,3365.74,5047.34,3965.35,2553.97,1913.16,1047.06,209.59,2564.62,1627.22,533.08,1.1744,0.6360,1.0437,1.3881,1.0107,0.5743,1.1212,0.1836,0.2312,0.3766,0.6290,0.6866,0.6265,0.5802,0.6136,0.7289,0.4702,0.6474,0.6323,0.6898,0.0247,0.0193,0.0361,0.0299,0.0295,0.0043,0.0696,0.0013,0.0230,0.0141,0.9359,0.9389,0.9674,0.9416,0.9379,0.9691,0.9609,1.0000,0.9430,1.0000,50.72,180.49,75.05,52.43,59.83,9.00,5.60,235.68,56.58,79.40,0.0000,0.0000,0.0000,0.0000,0.0000,0.0000,0.4600,0.0438,0.0000,0.0000,104304,74663,53998,54750,86225,66964,95775,572442,131417,91336,0,0,0,0,0,0,0,0,0,0,0.0000,0.0000,0.0000,0.0000,0.0000,0.0000,0.0483,0.0483,0.0000,0.0000,0,0,0,0,0,0,0,1,0,0,0,0,0,0,0,0,1,1,0,0,0.1186,0.0729,0.1334,0.0478,0.0861,0.0110,0.0718,0.1029,0.0016,0.1341,0.000,0.000,0.000,0.000,0.000,0.000,0.031,0.149,0.000,0.000,semi-presidential,parliamentary,parliamentary,parliamentary,parliamentary,semi-presidential,semi-presidential,electoral-authoritarian,electoral-authoritarian,parliamentary,0.800,0.800,0.800,0.800,0.840,0.820,0.804,0.500,0.500,0.800,42.5,41.0,39.4,44.1,53.1,34.1,43.9,45.5,47.2,43.3
2026-07-01,1.0103,1.0117,0.9969,1.0194,1.0092,0.9943,1.0098,0.9955,0.9933,1.0011,1.0116,0.9994,1.0910,1.0397,1.0835,1.0881,1.0396,1.0483,1.0875,1.0158,1.0057,1.0427,1.0132,0.9997,3368.91,5057.68,3977.96,2558.03,1911.83,1051.27,209.04,2566.41,1629.66,534.06,1.1761,0.6362,1.0426,1.3895,1.0137,0.5700,1.1260,0.1857,0.2309,0.3613,0.6260,0.6824,0.6259,0.5772,0.6232,0.7280,0.4828,0.6322,0.6468,0.6903,0.0175,0.0159,0.0314,0.0355,0.0219,0.0000,0.0612,0.0017,0.0146,0.0158,0.9800,0.9795,0.9903,0.9787,0.9803,1.0000,0.9687,1.0000,0.9739,1.0000,50.26,175.24,71.11,54.09,57.69,9.04,5.43,232.80,55.82,79.05,0.0000,0.0000,0.0000,0.0000,0.0000,0.0000,0.4567,0.0417,0.0000,0.0000,104304,74663,53998,54750,86225,66964,95775,572442,131417,91336,0,0,0,0,0,0,0,0,0,0,0.0000,0.0000,0.0000,0.0000,0.0000,0.0000,0.0575,0.0575,0.0000,0.0000,0,0,0,0,0,0,0,1,0,0,0,0,0,0,0,0,1,1,0,0,0.1080,0.0668,0.1207,0.0431,0.0784,0.0110,0.0707,0.1026,0.0016,0.1372,0.000,0.000,0.000,0.000,0.000,0.000,0.031,0.149,0.000,0.000,semi-presidential,parliamentary,parliamentary,parliamentary,parliamentary,semi-presidential,semi-presidential,electoral-authoritarian,electoral-authoritarian,parliamentary,0.800,0.800,0.800,0.800,0.830,0.810,0.800,0.500,0.500,0.800,45.5,43.7,41.8,47.3,56.0,37.2,46.3,48.3,50.7,45.9
2026-08-01,1.0105,1.0108,0.9974,1.0231,1.0079,0.9961,1.0110,0.9965,0.9936,1.0023,1.0100,0.9981,1.0930,1.0391,1.0345,1.0826,1.0338,1.0504,1.0408,1.0412,1.0262,1.0380,1.0198,0.9982,3363.06,5064.41,3971.31,2549.94,1907.96,1052.72,208.51,2565.59,1638.22,533.52,1.1828,0.6368,1.0475,1.3984,1.0256,0.5673,1.1311,0.1885,0.2303,0.3472,0.6131,0.6826,0.5939,0.6099,0.6450,0.7227,0.4931,0.6308,0.6411,0.6946,0.0141,0.0134,0.0277,0.0300,0.0178,0.0000,0.0624,0.0025,0.0113,0.0141,0.9799,0.9792,0.9902,0.9787,0.9804,1.0000,0.9692,1.0000,0.9739,1.0000,50.30,177.33,72.24,53.57,57.90,9.15,5.46,233.08,56.16,79.32,0.0000,0.0000,0.0000,0.0000,0.0000,0.0000,0.4569,0.0423,0.0000,0.0000,104304,74663,53998,54750,86225,66964,95775,572442,131417,91336,0,0,0,0,0,0,0,0,0,0,0.0000,0.0000,0.0000,0.0000,0.0000,0.0000,0.0690,0.0690,0.0000,0.0000,0,0,0,0,0,0,0,1,0,0,0,0,0,0,0,0,1,1,0,0,0.1076,0.0685,0.1198,0.0409,0.0751,0.0107,0.0633,0.1012,0.0026,0.1375,0.000,0.000,0.000,0.000,0.000,0.000,0.029,0.149,0.000,0.000,semi-presidential,parliamentary,parliamentary,parliamentary,parliamentary,semi-presidential,semi-presidential,electoral-authoritarian,electoral-authoritarian,parliamentary,0.800,0.800,0.800,0.800,0.818,0.800,0.800,0.500,0.500,0.800,51.5,46.3,45.2,51.6,59.8,40.3,49.5,51.7,53.9,48.6
2026-09-01,1.0106,1.0096,0.9974,1.0264,1.0034,0.9936,1.0102,0.9975,0.9930,1.0037,1.0099,0.9973,1.0913,1.0380,1.0438,1.0868,1.0281,1.0481,1.0278,0.9989,1.0056,1.0166,1.0115,0.9972,3374.77,5060.07,3954.81,2542.27,1906.69,1056.30,207.91,2557.48,1636.36,533.21,1.1806,0.6389,1.0540,1.4057,1.0284,0.5717,1.1362,0.1914,0.2312,0.3391,0.6192,0.6740,0.5940,0.5924,0.6404,0.7382,0.4920,0.6435,0.6514,0.7100,0.0120,0.0137,0.0245,0.0304,0.0160,0.0000,0.0570,0.0011,0.0107,0.0100,0.9798,0.9792,0.9902,0.9786,0.9803,1.0000,0.9690,1.0000,0.9738,1.0000,49.86,176.74,72.01,53.11,57.41,9.29,5.40,230.12,55.71,79.33,0.0000,0.0000,0.0000,0.0000,0.0000,0.0000,0.4554,0.0429,0.0000,0.0000,104304,74663,53998,54750,86225,66964,95775,572442,131417,91336,0,0,0,0,0,0,0,0,0,0,0.0000,0.0000,0.0000,0.0000,0.0000,0.0000,0.0782,0.0782,0.0000,0.0000,0,0,0,0,0,0,0,1,0,0,0,0,0,0,0,0,1,1,0,0,0.1246,0.0740,0.1358,0.0498,0.0889,0.0107,0.0633,0.1007,0.0021,0.1376,0.000,0.000,0.000,0.000,0.000,0.000,0.028,0.150,0.000,0.000,semi-presidential,parliamentary,parliamentary,parliamentary,parliamentary,semi-presidential,semi-presidential,electoral-authoritarian,electoral-authoritarian,parliamentary,0.800,0.800,0.800,0.800,0.808,0.800,0.800,0.500,0.500,0.800,54.6,48.9,47.4,54.9,62.8,44.7,52.0,54.5,57.5,50.2
2026-10-01,1.0104,1.0089,0.9997,1.0286,1.0259,0.9929,1.0104,0.9990,0.9921,1.0029,1.0087,0.9992,1.0934,1.0377,1.1504,1.0726,1.1871,1.0474,1.0122,1.0005,1.0051,1.0031,1.0104,1.0008,3381.30,5071.72,3956.51,2541.53,1912.23,1059.14,208.06,2561.76,1639.44,534.03,1.1798,0.6389,1.0554,1.4141,1.0276,0.5683,1.1372,0.1933,0.2313,0.3241,0.6218,0.6820,0.5923,0.5872,0.6346,0.7355,0.4920,0.6517,0.6424,0.6992,0.0189,0.0154,0.0443,0.0542,0.0536,0.0000,0.0577,0.0011,0.0175,0.0644,0.9793,0.9788,0.9899,0.9780,0.9797,1.0000,0.9685,1.0000,0.9730,1.0000,50.03,179.55,74.11,51.52,58.15,8.99,5.25,230.81,55.94,79.71,0.0000,0.0000,0.0000,0.0000,0.0000,0.0000,0.4554,0.0434,0.0000,0.0000,104304,74663,53998,54750,86225,66964,95775,572442,131417,91336,0,0,0,0,0,0,0,0,0,0,0.0000,0.0000,0.0000,0.0000,0.0000,0.0000,0.0874,0.0874,0.0000,0.0000,0,0,0,0,0,0,0,1,0,0,0,0,0,0,0,0,1,1,0,0,0.1267,0.0762,0.1374,0.0514,0.0902,0.0114,0.0734,0.1023,0.0034,0.1363,0.000,0.000,0.000,0.000,0.000,0.000,0.030,0.150,0.000,0.000,semi-presidential,parliamentary,parliamentary,parliamentary,parliamentary,semi-presidential,semi-presidential,electoral-authoritarian,electoral-authoritarian,parliamentary,0.800,0.800,0.800,0.800,0.800,0.800,0.800,0.500,0.500,0.800,57.2,51.5,49.5,58.1,65.8,47.9,54.6,57.4,60.9,52.9
2026-11-01,1.0097,1.0059,1.0011,1.0301,1.0774,0.9919,1.0087,0.9983,0.9930,1.0030,1.0059,0.9997,1.0917,1.0335,1.1527,1.0936,1.2174,1.0462,1.0107,1.0000,1.0556,1.0078,1.0080,0.9997,3387.75,5066.81,3957.73,2546.46,1914.79,1062.83,207.75,2566.65,1642.32,533.75,1.1788,0.6410,1.0569,1.4140,1.0285,0.5655,1.1411,0.1957,0.2315,0.3097,0.6247,0.6840,0.6078,0.5791,0.6315,0.7228,0.5065,0.6407,0.6563,0.6670,0.0187,0.0175,0.0408,0.0555,0.0475,0.0000,0.0596,0.0029,0.0188,0.0536,0.9806,0.9798,0.9905,0.9794,0.9812,1.0000,0.9694,1.0000,0.9747,1.0000,49.86,176.89,72.22,51.58,57.32,9.06,5.16,228.45,55.30,79.28,0.0000,0.0000,0.0000,0.0000,0.0000,0.0000,0.4613,0.0427,0.0000,0.0000,104304,74663,53998,54750,86225,66964,95775,572442,131417,91336,0,0,0,0,0,0,0,0,0,0,0.0000,0.0000,0.0000,0.0000,0.0000,0.0000,0.0989,0.0989,0.0000,0.0000,0,0,0,0,0,0,0,1,0,0,0,0,0,0,0,0,1,1,0,0,0.1236,0.0745,0.1333,0.0500,0.0878,0.0118,0.0773,0.1023,0.0039,0.1373,0.000,0.000,0.000,0.000,0.000,0.000,0.029,0.149,0.000,0.000,semi-presidential,parliamentary,parliamentary,parliamentary,parliamentary,semi-presidential,semi-presidential,electoral-authoritarian,electoral-authoritarian,parliamentary,0.800,0.800,0.800,0.800,0.800,0.780,0.800,0.500,0.500,0.800,68.3,54.2,51.8,61.4,68.9,51.0,57.9,61.0,64.5,55.6
2026-12-01,1.0108,1.0058,1.0035,1.0321,1.1127,0.9933,1.0068,0.9968,0.9938,1.0053,1.0029,0.9999,1.0942,1.0326,1.0580,1.0763,1.2338,1.1035,1.0086,0.9982,1.0603,1.0715,1.0050,1.0004,3394.03,5075.76,3947.67,2550.96,1916.05,1068.32,207.98,2570.55,1647.65,535.43,1.1770,0.6414,1.0614,1.4139,1.0300,0.5608,1.1416,0.1979,0.2314,0.2943,0.6251,0.6891,0.6093,0.5706,0.6199,0.7336,0.5177,0.6362,0.6485,0.6597,0.0128,0.0134,0.0336,0.0422,0.0377,0.0007,0.0733,0.0034,0.0129,0.0461,0.9810,0.9804,0.9907,0.9797,0.9813,1.0000,0.9680,1.0000,0.9751,1.0000,51.22,179.62,73.11,52.85,59.08,8.96,5.35,236.99,57.17,79.55,0.0000,0.0000,0.0000,0.0000,0.0000,0.0000,0.4603,0.0401,0.0000,0.0000,104304,74663,53998,54750,86225,66964,95775,572442,131417,91336,0,0,0,0,0,0,0,0,0,0,0.0000,0.0000,0.0000,0.0000,0.0000,0.0000,0.1081,0.1081,0.0000,0.0000,0,0,0,0,0,0,0,1,0,0,0,0,0,0,0,0,1,1,0,0,0.1276,0.0763,0.1378,0.0516,0.0907,0.0119,0.0800,0.1056,0.0042,0.1372,0.000,0.000,0.000,0.000,0.000,0.000,0.028,0.149,0.000,0.000,semi-presidential,parliamentary,parliamentary,parliamentary,parliamentary,semi-presidential,semi-presidential,electoral-authoritarian,electoral-authoritarian,parliamentary,0.800,0.800,0.800,0.800,0.800,0.790,0.800,0.500,0.500,0.800,69.3,56.9,54.0,64.6,71.9,54.2,60.6,63.8,68.0,58.2
2027-01-01,1.0124,1.0170,1.0077,1.0341,1.1386,0.9959,1.0052,0.9969,0.9965,1.0076,1.0038,0.9996,1.0929,1.6442,1.4508,1.1169,1.2346,1.0685,1.0069,1.0711,1.0806,1.0787,1.0511,0.9997,3397.83,5085.33,3944.83,2551.32,1921.82,1073.06,208.16,2574.86,1653.77,536.84,1.1775,0.6432,1.0640,1.4159,1.0291,0.5565,1.1429,0.2007,0.2311,0.2790,0.5909,0.6834,0.6181,0.5701,0.6222,0.7357,0.5250,0.6438,0.6430,0.6566,0.1115,0.0917,0.0975,0.1294,0.1302,0.0569,0.0729,0.0050,0.1101,0.0507,0.4967,0.5208,0.7476,0.5223,0.4977,0.5952,0.9351,1.0000,0.5050,1.0000,47.46,167.58,67.66,46.35,55.32,8.30,5.26,214.21,50.62,65.96,0.0000,0.0000,0.0000,0.0000,0.0000,0.0000,0.4592,0.0401,0.0000,0.0000,104304,74663,53998,54750,86225,66964,95775,572442,131417,91336,0,0,0,0,0,0,0,0,0,0,0.0000,0.0000,0.0000,0.0000,0.0000,0.0000,0.1196,0.1196,0.0000,0.0000,0,0,0,0,0,0,0,1,0,0,0,0,0,0,0,0,1,1,0,0,0.1128,0.0692,0.1202,0.0451,0.0791,0.0122,0.0799,0.1061,0.0071,0.1377,0.000,0.000,0.000,0.000,0.000,0.000,0.028,0.149,0.000,0.000,semi-presidential,parliamentary,parliamentary,parliamentary,parliamentary,semi-presidential,semi-presidential,electoral-authoritarian,electoral-authoritarian,parliamentary,0.800,0.800,0.800,0.800,0.800,0.800,0.800,0.500,0.500,0.800,75.1,62.2,56.3,67.8,74.9,57.5,64.1,67.4,71.5,60.7
2027-02-01,1.0140,1.0515,1.0212,1.0363,1.1557,0.9981,1.0048,0.9996,0.9993,1.0116,1.0067,0.9986,1.0936,1.5710,1.3729,1.1153,1.2400,1.0521,1.0063,1.0472,1.0450,1.0864,1.0723,0.9986,3394.64,5085.08,3931.72,2549.18,1924.02,1073.85,207.80,2578.01,1656.52,535.70,1.1851,0.6447,1.0693,1.4189,1.0301,0.5543,1.1466,0.2029,0.2313,0.2650,0.5802,0.6528,0.5701,0.5169,0.5723,0.7069,0.5173,0.6558,0.6096,0.6424,0.0905,0.0774,0.0743,0.1138,0.1072,0.0451,0.0679,0.0032,0.0848,0.0414,0.5916,0.6119,0.7972,0.6138,0.5925,0.6778,0.9460,1.0000,0.6015,1.0000,48.42,166.65,65.65,49.47,55.65,8.86,5.17,219.37,52.22,69.25,0.0000,0.0000,0.0000,0.0000,0.0000,0.0000,0.4639,0.0405,0.0000,0.0000,104304,74663,53998,54750,86225,66964,95775,572442,131417,91336,0,0,0,0,0,0,0,0,0,0,0.0000,0.0000,0.0000,0.0000,0.0000,0.0000,0.1288,0.1288,0.0000,0.0000,0,0,0,0,0,0,0,1,0,0,0,0,0,0,0,0,1,1,0,0,0.1257,0.0736,0.1359,0.0504,0.0887,0.0128,0.0818,0.1066,0.0072,0.1368,0.000,0.000,0.000,0.000,0.000,0.000,0.026,0.148,0.000,0.000,semi-presidential,parliamentary,parliamentary,parliamentary,parliamentary,semi-presidential,semi-presidential,electoral-authoritarian,electoral-authoritarian,parliamentary,0.800,0.800,0.800,0.800,0.800,0.800,0.800,0.500,0.500,0.800,77.0,64.8,58.5,70.8,77.7,60.5,66.8,70.3,74.9,63.2
2027-03-01,1.0120,1.0730,1.0284,1.0331,1.1668,1.0018,1.0005,1.0005,0.9990,1.0129,1.0052,0.9983,1.0889,1.4611,1.2635,1.0336,1.2383,1.1672,1.0024,1.0251,1.0127,1.0399,1.0075,0.9984,3407.85,5085.08,3931.07,2555.00,1927.31,1077.24,207.78,2582.75,1661.25,535.55,1.1811,0.6447,1.0712,1.4174,1.0304,0.5508,1.1483,0.2048,0.2313,0.2558,0.5769,0.6528,0.5850,0.5136,0.5609,0.6957,0.5211,0.6626,0.6085,0.6616,0.0661,0.0550,0.0476,0.0738,0.0779,0.0333,0.0613,0.0014,0.0550,0.0298,0.7007,0.7166,0.8532,0.7189,0.7016,0.7726,0.9548,1.0000,0.7129,1.0000,48.90,178.95,72.96,50.27,58.55,9.14,5.66,223.83,54.59,74.72,0.0000,0.0000,0.0000,0.0000,0.0000,0.0000,0.4612,0.0409,0.0000,0.0000,104304,74663,53998,54750,86225,66964,95775,572442,131417,91336,0,0,0,0,0,0,0,0,0,0,0.0000,0.0000,0.0000,0.0000,0.0000,0.0000,0.1380,0.1380,0.0000,0.0000,0,0,0,0,0,0,0,1,0,0,0,0,0,0,0,0,1,1,0,0,0.1242,0.0743,0.1343,0.0492,0.0848,0.0129,0.0821,0.1053,0.0069,0.1386,0.000,0.000,0.000,0.000,0.000,0.000,0.026,0.146,0.000,0.000,semi-presidential,parliamentary,parliamentary,parliamentary,parliamentary,semi-presidential,semi-presidential,electoral-authoritarian,electoral-authoritarian,parliamentary,0.800,0.800,0.800,0.800,0.800,0.800,0.800,0.500,0.500,0.800,79.8,64.8,60.6,73.6,80.3,63.5,69.6,73.2,78.2,65.6
2027-04-01,1.0086,1.0859,1.0336,1.0289,1.1730,1.0035,0.9970,1.0001,0.9991,1.0123,1.0004,0.9984,1.0855,1.3098,1.1892,1.0298,1.2172,1.0589,0.9991,1.0019,1.0129,1.0156,1.0023,0.9992,3426.57,5088.59,3936.12,2550.14,1926.67,1080.40,207.51,2591.06,1664.73,534.98,1.1790,0.6467,1.0711,1.4216,1.0326,0.5479,1.1511,0.2065,0.2314,0.2411,0.5982,0.6471,0.6017,0.5268,0.5732,0.7097,0.5401,0.6651,0.6128,0.6686,0.0403,0.0334,0.0287,0.0454,0.0479,0.0166,0.0569,0.0011,0.0333,0.0175,0.8258,0.8366,0.9145,0.8396,0.8267,0.8815,0.9614,1.0000,0.8415,1.0000,50.04,181.47,73.75,52.15,59.15,9.45,5.55,229.74,56.99,79.04,0.0000,0.0000,0.0000,0.0000,0.0000,0.0000,0.4602,0.0423,0.0000,0.0000,104304,74663,53998,54750,86225,66964,95775,572442,131417,91336,0,0,0,0,0,0,0,0,0,0,0.0000,0.0000,0.0000,0.0000,0.0000,0.0000,0.1472,0.1472,0.0000,0.0000,0,0,0,0,0,0,0,1,0,0,0,0,0,0,0,0,1,1,0,0,0.1300,0.0766,0.1412,0.0556,0.0892,0.0129,0.0830,0.1047,0.0071,0.1393,0.000,0.000,0.000,0.000,0.000,0.000,0.026,0.144,0.000,0.000,semi-presidential,parliamentary,parliamentary,parliamentary,parliamentary,semi-presidential,semi-presidential,electoral-authoritarian,electoral-authoritarian,parliamentary,0.800,0.800,0.800,0.800,0.800,0.800,0.800,0.500,0.500,0.800,73.4,69.7,62.8,76.5,83.0,65.7,72.4,76.2,81.5,68.2
2027-05-01,1.0050,1.0904,1.0364,1.0236,1.1715,1.0018,0.9967,0.9986,0.9987,1.0067,0.9963,1.0010,1.0814,1.1261,1.1498,1.0239,1.1969,1.0570,1.0364,1.0007,1.0124,1.0093,0.9986,1.0016,3432.55,5097.88,3944.97,2554.57,1930.18,1082.40,207.02,2592.26,1669.88,537.06,1.1768,0.6464,1.0698,1.4203,1.0323,0.5452,1.1553,0.2092,0.2313,0.2168,0.6035,0.6605,0.6347,0.5411,0.5842,0.7125,0.5481,0.6609,0.6235,0.6712,0.0176,0.0126,0.0154,0.0205,0.0209,0.0001,0.0557,0.0013,0.0137,0.0120,0.9752,0.9753,0.9883,0.9743,0.9751,0.9991,0.9735,1.0000,0.9696,1.0000,51.37,184.21,74.72,54.53,60.19,9.70,5.48,236.68,59.22,83.88,0.0000,0.0000,0.0000,0.0000,0.0000,0.0000,0.4592,0.0425,0.0000,0.0000,104304,74663,53998,54750,86225,66964,95775,572442,131417,91336,0,0,0,0,0,0,0,0,0,0,0.0000,0.0000,0.0000,0.0000,0.0000,0.0000,0.1587,0.1587,0.0000,0.0000,0,0,0,0,0,0,0,1,0,0,0,0,0,0,0,0,1,1,0,0,0.1309,0.0779,0.1430,0.0571,0.0950,0.0127,0.0768,0.1037,0.0082,0.1395,0.000,0.000,0.000,0.000,0.000,0.000,0.027,0.141,0.000,0.000,semi-presidential,parliamentary,parliamentary,parliamentary,parliamentary,semi-presidential,semi-presidential,electoral-authoritarian,electoral-authoritarian,parliamentary,0.800,0.800,0.800,0.800,0.800,0.800,0.800,0.500,0.500,0.800,30.0,72.3,65.2,79.5,85.8,68.8,71.2,79.9,84.8,72.2
2027-06-01,1.0016,1.0897,1.0371,1.0168,1.1627,1.0017,0.9962,0.9970,0.9998,1.0008,0.9925,1.0013,1.0799,1.1221,1.1086,1.0175,1.1878,1.0564,0.9979,0.9986,1.0299,1.0036,0.9950,1.0015,3435.62,5098.50,3950.90,2564.40,1933.42,1084.01,207.06,2583.72,1673.75,537.62,1.1755,0.6470,1.0690,1.4158,1.0319,0.5427,1.1561,0.2121,0.2314,0.2017,0.6076,0.6665,0.6531,0.5728,0.6146,0.7208,0.5385,0.6394,0.6605,0.6828,0.0133,0.0110,0.0114,0.0176,0.0175,0.0000,0.0561,0.0017,0.0123,0.0098,0.9784,0.9780,0.9898,0.9772,0.9786,1.0000,0.9749,1.0000,0.9723,1.0000,51.34,183.71,73.88,53.89,60.05,9.55,5.48,236.08,59.26,83.65,0.0000,0.0000,0.0000,0.0000,0.0000,0.0000,0.4592,0.0425,0.0000,0.0000,104304,74663,53998,54750,86225,66964,95775,572442,131417,91336,0,0,0,0,0,0,0,0,0,0,0.0000,0.0000,0.0000,0.0000,0.0000,0.0000,0.1679,0.1679,0.0000,0.0000,0,0,0,0,0,0,0,1,0,0,0,0,0,0,0,0,1,1,0,0,0.1166,0.0722,0.1268,0.0508,0.0844,0.0123,0.0699,0.1031,0.0077,0.1391,0.000,0.000,0.000,0.000,0.000,0.000,0.026,0.139,0.000,0.000,semi-presidential,parliamentary,parliamentary,parliamentary,parliamentary,semi-presidential,semi-presidential,electoral-authoritarian,electoral-authoritarian,parliamentary,0.800,0.800,0.800,0.800,0.800,0.800,0.800,0.500,0.500,0.800,32.7,74.8,67.6,82.6,88.7,71.9,74.1,82.8,87.8,74.9
2027-07-01,0.9993,1.0850,1.0354,1.0120,1.1524,1.0000,0.9963,0.9959,1.0011,0.9973,0.9896,0.9991,1.0785,1.1165,1.0734,1.0125,1.1785,1.0545,1.0375,0.9975,1.0815,0.9990,0.9913,0.9992,3432.85,5086.04,3945.65,2564.48,1941.71,1087.40,206.36,2585.02,1680.56,538.64,1.1762,0.6491,1.0709,1.4193,1.0290,0.5392,1.1608,0.2192,0.2312,0.1865,0.5990,0.6697,0.6484,0.5839,0.6361,0.7276,0.5332,0.6442,0.6423,0.7000,0.0121,0.0099,0.0113,0.0157,0.0174,0.0000,0.0607,0.0040,0.0128,0.0124,0.9794,0.9789,0.9903,0.9782,0.9798,1.0000,0.9753,1.0000,0.9734,1.0000,51.48,183.26,73.37,53.48,60.38,9.53,5.50,236.66,59.43,83.39,0.0000,0.0000,0.0000,0.0000,0.0000,0.0000,0.4592,0.0425,0.0000,0.0000,104304,74663,53998,54750,86225,66964,95775,572442,131417,91336,0,0,0,0,0,0,0,0,0,0,0.0000,0.0000,0.0000,0.0000,0.0000,0.0000,0.1771,0.1771,0.0000,0.0000,0,0,0,0,0,0,0,1,0,0,0,0,0,0,0,0,1,1,0,0,0.1115,0.0692,0.1208,0.0476,0.0800,0.0111,0.0655,0.1006,0.0062,0.1384,0.000,0.000,0.000,0.000,0.000,0.000,0.026,0.139,0.000,0.000,semi-presidential,parliamentary,parliamentary,parliamentary,parliamentary,semi-presidential,semi-presidential,electoral-authoritarian,electoral-authoritarian,parliamentary,0.800,0.800,0.800,0.800,0.800,0.800,0.800,0.500,0.500,0.800,35.3,77.4,70.0,70.8,93.0,75.0,77.0,85.6,91.3,77.6
2027-08-01,0.9993,1.0795,1.0324,1.0087,1.1413,0.9995,0.9963,0.9967,1.0035,0.9957,0.9889,0.9976,1.0799,1.1097,1.0700,1.0089,1.1656,1.0535,0.9983,1.0327,1.0284,0.9975,0.9906,0.9977,3435.20,5086.34,3950.28,2560.31,1938.60,1090.91,204.92,2587.38,1685.05,539.82,1.1752,0.6493,1.0739,1.4219,1.0313,0.5357,1.1749,0.2217,0.2314,0.1712,0.5961,0.6672,0.6568,0.5880,0.6285,0.7328,0.5280,0.6512,0.6565,0.6973,0.0126,0.0099,0.0111,0.0151,0.0161,0.0000,0.0603,0.0019,0.0108,0.0114,0.9799,0.9793,0.9905,0.9787,0.9803,1.0000,0.9750,1.0000,0.9739,1.0000,51.98,183.96,73.91,53.64,60.85,9.66,5.54,238.17,59.72,83.43,0.0000,0.0000,0.0000,0.0000,0.0000,0.0000,0.4592,0.0425,0.0000,0.0000,104304,74663,53998,54750,86225,66964,95775,572442,131417,91336,0,0,0,0,0,0,0,0,0,0,0.0000,0.0000,0.0000,0.0000,0.0000,0.0000,0.1886,0.1886,0.0000,0.0000,0,0,0,0,0,0,0,1,0,0,0,0,0,0,0,0,1,1,0,0,0.1215,0.0729,0.1324,0.0517,0.0874,0.0112,0.0656,0.1005,0.0058,0.1380,0.000,0.000,0.000,0.000,0.000,0.000,0.025,0.140,0.000,0.000,semi-presidential,parliamentary,parliamentary,parliamentary,parliamentary,semi-presidential,semi-presidential,electoral-authoritarian,electoral-authoritarian,parliamentary,0.800,0.800,0.800,0.800,0.800,0.800,0.800,0.500,0.500,0.800,37.9,79.9,72.5,75.9,30.0,78.2,80.6,89.3,94.9,80.3
2027-09-01,1.0012,1.0729,1.0281,1.0049,1.1309,1.0036,0.9954,0.9947,1.0035,0.9946,0.9875,0.9971,1.1082,1.1033,1.0656,1.0055,1.1557,1.1294,0.9972,0.9964,1.0251,0.9959,0.9892,0.9972,3442.00,5107.28,3958.56,2561.29,1943.13,1092.45,203.61,2593.48,1695.65,539.87,1.1727,0.6467,1.0766,1.4212,1.0289,0.5332,1.1870,0.2233,0.2307,0.1563,0.6034,0.6707,0.6640,0.5972,0.6318,0.7390,0.5098,0.6300,0.6682,0.7066,0.0134,0.0125,0.0112,0.0174,0.0170,0.0019,0.0814,0.0014,0.0118,0.0089,0.9802,0.9796,0.9906,0.9790,0.9807,1.0000,0.9748,1.0000,0.9743,1.0000,52.43,183.79,73.47,53.60,61.45,9.45,5.54,241.12,60.29,82.75,0.0000,0.0000,0.0000,0.0000,0.0000,0.0000,0.4592,0.0425,0.0000,0.0000,104304,74663,53998,54750,86225,66964,95775,572442,131417,91336,0,0,0,0,0,0,0,0,0,0,0.0000,0.0000,0.0000,0.0000,0.0000,0.0000,0.1978,0.1978,0.0000,0.0000,0,0,0,0,0,0,0,1,0,0,0,0,0,0,0,0,1,1,0,0,0.1221,0.0726,0.1331,0.0516,0.0877,0.0132,0.0678,0.1033,0.0056,0.1376,0.000,0.000,0.000,0.000,0.000,0.000,0.024,0.139,0.000,0.000,semi-presidential,parliamentary,parliamentary,parliamentary,parliamentary,semi-presidential,semi-presidential,electoral-authoritarian,electoral-authoritarian,parliamentary,0.800,0.800,0.800,0.800,0.800,0.800,0.800,0.500,0.500,0.800,40.5,82.5,74.8,79.2,32.7,81.4,83.4,92.1,98.6,83.0
2027-10-01,1.0031,1.0671,1.0272,1.0026,1.1236,1.0078,0.9941,0.9931,1.0037,0.9943,0.9854,0.9964,1.0850,1.0966,1.0645,1.0031,1.1486,1.0695,0.9960,0.9949,1.0176,1.0004,0.9872,0.9964,3444.97,5099.66,3968.15,2566.03,1949.28,1096.79,202.70,2598.93,1703.88,539.88,1.1717,0.6475,1.0739,1.4182,1.0255,0.5286,1.1927,0.2256,0.2343,0.1415,0.6095,0.6711,0.6667,0.6024,0.6387,0.7294,0.5021,0.6040,0.6850,0.7106,0.0110,0.0101,0.0093,0.0152,0.0148,0.0001,0.0589,0.0011,0.0104,0.0087,0.9799,0.9793,0.9905,0.9787,0.9804,1.0000,0.9740,1.0000,0.9740,1.0000,52.33,183.36,72.96,53.40,61.20,9.37,5.48,240.93,60.41,82.89,0.0000,0.0000,0.0000,0.0000,0.0000,0.0000,0.4589,0.0423,0.0000,0.0000,104304,74663,53998,54750,86225,66964,95775,572442,131417,91336,0,0,0,0,0,0,0,0,0,0,0.0000,0.0000,0.0000,0.0000,0.0000,0.0000,0.2093,0.2093,0.0000,0.0000,0,0,0,0,0,0,0,1,0,0,0,0,0,0,0,0,1,1,0,0,0.1221,0.0724,0.1331,0.0512,0.0876,0.0126,0.0677,0.1032,0.0052,0.1374,0.000,0.000,0.000,0.000,0.000,0.000,0.024,0.139,0.000,0.000,semi-presidential,parliamentary,parliamentary,parliamentary,parliamentary,semi-presidential,semi-presidential,electoral-authoritarian,electoral-authoritarian,parliamentary,0.800,0.800,0.800,0.800,0.800,0.800,0.800,0.500,0.500,0.800,43.2,85.1,76.8,100.0,35.5,86.1,86.7,95.4,100.0,85.8
2027-11-01,1.0040,1.0606,1.0256,1.0014,1.1154,1.0082,0.9926,0.9934,1.0043,0.9973,0.9849,0.9968,1.0805,1.0880,1.0599,1.0185,1.1396,1.0605,0.9943,1.0575,1.0548,1.0701,1.0154,0.9971,3458.31,5098.39,3981.52,2568.80,1954.21,1097.58,202.32,2602.13,1706.19,540.08,1.1672,0.6474,1.0700,1.4163,1.0227,0.5270,1.1952,0.2275,0.2346,0.1267,0.6196,0.6820,0.6692,0.6068,0.6402,0.7315,0.4829,0.5949,0.6607,0.7100,0.0140,0.0092,0.0220,0.0146,0.0176,0.0000,0.0712,0.0037,0.0112,0.0152,0.9819,0.9812,0.9914,0.9808,0.9824,1.0000,0.9743,1.0000,0.9764,1.0000,52.23,183.26,74.39,52.71,60.39,9.39,5.44,238.50,59.84,82.59,0.0000,0.0000,0.0000,0.0000,0.0000,0.0000,0.4574,0.0388,0.0000,0.0000,104304,74663,53998,54750,86225,66964,95775,572442,131417,91336,0,0,0,0,0,0,0,0,0,0,0.0000,0.0000,0.0000,0.0000,0.0000,0.0000,0.2185,0.1885,0.0000,0.0000,0,0,0,0,0,0,0,1,0,0,0,0,0,0,0,0,1,1,0,0,0.1282,0.0748,0.1399,0.0539,0.0921,0.0127,0.0656,0.1009,0.0052,0.1371,0.000,0.000,0.000,0.000,0.000,0.000,0.024,0.153,0.000,0.000,semi-presidential,parliamentary,parliamentary,parliamentary,parliamentary,semi-presidential,semi-presidential,electoral-authoritarian,electoral-authoritarian,parliamentary,0.800,0.800,0.800,0.800,0.800,0.800,0.800,0.500,0.500,0.800,46.0,87.7,79.4,100.0,38.3,30.0,89.3,98.0,100.0,88.6
2027-12-01,1.0065,1.0563,1.0226,1.0020,1.1053,1.0092,0.9915,0.9945,1.0057,1.0006,0.9847,0.9983,1.1642,1.0845,1.0570,1.0533,1.1302,1.0614,1.0318,0.9959,1.0243,1.0793,1.0270,0.9986,3463.32,5098.61,3982.59,2569.47,1958.39,1102.63,201.74,2604.53,1716.13,541.01,1.1656,0.6473,1.0695,1.4155,1.0204,0.5224,1.1988,0.2295,0.2340,0.1139,0.6276,0.6802,0.6548,0.6015,0.6459,0.7300,0.4721,0.6057,0.6674,0.7115,0.0179,0.0161,0.0293,0.0268,0.0209,0.0041,0.0971,0.0020,0.0130,0.0126,0.9810,0.9805,0.9909,0.9799,0.9814,1.0000,0.9730,1.0000,0.9756,1.0000,52.22,180.59,72.49,53.56,59.86,9.43,5.38,240.46,60.28,80.27,0.0000,0.0000,0.0000,0.0000,0.0000,0.0000,0.4580,0.0386,0.0000,0.0000,104304,74663,53998,54750,86225,66964,95775,572442,131417,91336,0,0,0,0,0,0,0,0,0,0,0.0000,0.0000,0.0000,0.0000,0.0000,0.0000,0.2277,0.1977,0.0000,0.0000,0,0,0,0,0,0,0,1,0,0,0,0,0,0,0,0,1,1,0,0,0.1360,0.0747,0.1406,0.0541,0.0934,0.0130,0.0626,0.1036,0.0059,0.1392,0.000,0.000,0.000,0.000,0.000,0.000,0.026,0.154,0.000,0.000,semi-presidential,parliamentary,parliamentary,parliamentary,parliamentary,semi-presidential,semi-presidential,electoral-authoritarian,electoral-authoritarian,parliamentary,0.800,0.800,0.800,0.800,0.800,0.800,0.800,0.500,0.500,0.800,48.7,90.3,81.8,100.0,41.1,33.0,91.9,100.0,100.0,91.4
2028-01-01,1.0105,1.0526,1.0187,1.0049,1.0942,1.0091,0.9935,0.9951,1.0071,1.0031,0.9875,1.0014,1.1353,1.0809,1.0548,1.0600,1.1201,1.0621,1.0688,1.0473,1.0488,1.0337,1.0867,1.0022,3474.28,5096.80,3995.47,2569.69,1963.62,1106.30,200.48,2600.37,1718.04,541.27,1.1621,0.6476,1.0657,1.4150,1.0175,0.5218,1.2063,0.2326,0.2345,0.0992,0.6358,0.6913,0.6549,0.6045,0.6528,0.7456,0.4554,0.6236,0.6449,0.7087,0.0210,0.0137,0.0339,0.0287,0.0229,0.0020,0.1011,0.0038,0.0130,0.0204,0.9806,0.9800,0.9907,0.9795,0.9811,1.0000,0.9731,1.0000,0.9750,1.0000,52.98,180.48,72.31,54.12,60.26,9.57,5.37,242.03,60.36,80.75,0.0000,0.0000,0.0000,0.0000,0.0000,0.0000,0.4589,0.0411,0.0000,0.0000,104304,74663,53998,54750,86225,66964,95775,572442,131417,91336,0,0,0,0,0,0,0,0,0,0,0.0000,0.0000,0.0000,0.0000,0.0000,0.0000,0.2392,0.2092,0.0000,0.0000,0,0,0,0,0,0,0,1,0,0,0,0,0,0,0,0,1,1,0,0,0.1387,0.0865,0.1433,0.0622,0.1021,0.0151,0.0650,0.1088,0.0079,0.1394,0.000,0.000,0.000,0.000,0.000,0.000,0.027,0.149,0.000,0.000,semi-presidential,parliamentary,parliamentary,parliamentary,parliamentary,semi-presidential,semi-presidential,electoral-authoritarian,electoral-authoritarian,parliamentary,0.800,0.800,0.800,0.800,0.800,0.800,0.800,0.500,0.500,0.800,51.6,93.0,84.3,100.0,43.9,36.1,94.9,100.0,100.0,94.2
2028-02-01,1.0139,1.0489,1.0155,1.0066,1.0852,1.0077,0.9957,0.9966,1.0091,1.0031,0.9894,1.0046,1.1187,1.0794,1.0531,1.0583,1.1095,1.0612,1.0530,1.0758,1.0467,1.0044,1.0349,1.0050,3495.43,5091.11,4011.47,2573.48,1968.87,1107.68,200.40,2600.73,1727.35,541.65,1.1551,0.6493,1.0613,1.4148,1.0145,0.5184,1.2077,0.2347,0.2348,0.0845,0.6293,0.6904,0.6560,0.6115,0.6684,0.6835,0.4413,0.6366,0.6679,0.7058,0.0189,0.0125,0.0318,0.0262,0.0212,0.0008,0.0991,0.0033,0.0124,0.0188,0.9789,0.9784,0.9900,0.9777,0.9793,1.0000,0.9720,1.0000,0.9730,1.0000,54.10,184.27,74.52,54.63,61.61,9.84,5.45,246.20,61.35,81.48,0.0000,0.0000,0.0000,0.0000,0.0000,0.0000,0.4592,0.0425,0.0000,0.0000,104304,74663,53998,54750,86225,66964,95775,572442,131417,91336,0,0,0,0,0,0,0,0,0,0,0.0000,0.0000,0.0000,0.0000,0.0000,0.0000,0.2484,0.2184,0.0000,0.0000,0,0,0,0,0,0,0,1,0,0,0,0,0,0,0,0,1,1,0,0,0.1413,0.0898,0.1461,0.0646,0.1047,0.0213,0.0688,0.1110,0.0100,0.1395,0.000,0.000,0.000,0.000,0.000,0.000,0.029,0.147,0.000,0.000,semi-presidential,parliamentary,parliamentary,parliamentary,parliamentary,semi-presidential,semi-presidential,electoral-authoritarian,electoral-authoritarian,parliamentary,0.800,0.800,0.800,0.800,0.800,0.800,0.800,0.500,0.500,0.800,53.9,94.3,86.8,100.0,46.9,40.3,97.2,100.0,100.0,96.9
2028-03-01,1.0152,1.0466,1.0130,1.0062,1.0786,1.0075,0.9982,0.9976,1.0097,1.0028,0.9896,1.0059,1.0987,1.0768,1.0503,1.0369,1.1029,1.0607,1.0791,1.0011,1.0624,1.0047,0.9912,1.0061,3512.57,5119.01,4018.37,2580.98,1979.26,1114.65,199.80,2605.31,1727.35,541.89,1.1495,0.6498,1.0594,1.4105,1.0091,0.5130,1.2113,0.2365,0.2348,0.0759,0.6449,0.7125,0.6527,0.6340,0.6851,0.7081,0.4533,0.6326,0.6679,0.7126,0.0134,0.0100,0.0266,0.0155,0.0175,0.0000,0.0757,0.0031,0.0120,0.0134,0.9796,0.9789,0.9903,0.9784,0.9801,1.0000,0.9726,1.0000,0.9737,1.0000,54.31,187.43,77.48,54.32,62.66,9.99,5.54,245.98,61.52,82.40,0.0000,0.0000,0.0000,0.0000,0.0000,0.0000,0.4592,0.0423,0.0000,0.0000,104304,74663,53998,54750,86225,66964,95775,572442,131417,91336,0,0,0,0,0,0,0,0,0,0,0.0000,0.0000,0.0000,0.0000,0.0000,0.0000,0.2576,0.2276,0.0000,0.0000,0,0,0,0,0,0,0,1,0,0,0,0,0,0,0,0,1,1,0,0,0.1417,0.0914,0.1471,0.0663,0.1050,0.0222,0.0698,0.1108,0.0106,0.1359,0.000,0.000,0.000,0.000,0.000,0.000,0.028,0.147,0.000,0.000,semi-presidential,parliamentary,parliamentary,parliamentary,parliamentary,semi-presidential,semi-presidential,electoral-authoritarian,electoral-authoritarian,parliamentary,0.800,0.800,0.800,0.800,0.800,0.800,0.800,0.500,0.500,0.800,56.8,98.4,89.2,100.0,49.9,43.2,99.5,100.0,100.0,99.7
2028-04-01,1.0162,1.0439,1.0130,1.0041,1.0717,1.0077,1.0008,0.9960,1.0084,1.0007,0.9875,1.0081,1.0974,1.0740,1.0503,1.0042,1.0966,1.0609,1.0925,0.9980,1.0227,1.0033,0.9894,1.0083,3522.33,5142.55,4027.87,2589.99,1985.92,1122.85,199.44,2611.62,1740.15,541.66,1.1464,0.6468,1.0569,1.4055,1.0057,0.5071,1.2135,0.2386,0.2346,0.0612,0.6559,0.7286,0.6735,0.6439,0.7006,0.7356,0.4642,0.6542,0.6800,0.7111,0.0136,0.0099,0.0124,0.0151,0.0166,0.0000,0.0615,0.0016,0.0106,0.0126,0.9792,0.9786,0.9901,0.9780,0.9796,1.0000,0.9720,1.0000,0.9732,1.0000,53.76,186.47,75.22,54.18,62.58,10.03,5.49,244.76,61.68,82.47,0.0000,0.0000,0.0000,0.0000,0.0000,0.0000,0.4593,0.0424,0.0000,0.0000,104304,74663,53998,54750,86225,66964,95775,572442,131417,91336,0,0,0,0,0,0,0,0,0,0,0.0000,0.0000,0.0000,0.0000,0.0000,0.0000,0.2691,0.2391,0.0000,0.0000,0,0,0,0,0,0,0,1,0,0,0,0,0,0,0,0,1,1,0,0,0.1432,0.0928,0.1490,0.0678,0.1067,0.0236,0.0709,0.1122,0.0156,0.1357,0.000,0.000,0.000,0.000,0.000,0.000,0.026,0.146,0.000,0.000,semi-presidential,parliamentary,parliamentary,parliamentary,parliamentary,semi-presidential,semi-presidential,electoral-authoritarian,electoral-authoritarian,parliamentary,0.800,0.800,0.800,0.800,0.800,0.800,0.800,0.500,0.500,0.800,59.7,100.0,91.8,100.0,53.1,46.3,100.0,100.0,100.0,100.0
2028-05-01,1.0144,1.0420,1.0138,1.0026,1.0655,1.0087,1.0027,0.9934,1.0058,0.9980,0.9852,1.0069,1.0945,1.0722,1.0981,1.0028,1.0891,1.0914,1.0392,0.9951,1.0196,0.9996,0.9874,1.0073,3537.18,5156.68,4034.87,2599.10,1987.08,1127.23,199.17,2618.45,1752.26,541.64,1.1416,0.6450,1.0551,1.4005,1.0051,0.5030,1.2151,0.2402,0.2337,0.0466,0.6596,0.7301,0.6774,0.6543,0.7056,0.7486,0.4705,0.6453,0.7012,0.7140,0.0157,0.0121,0.0141,0.0188,0.0189,0.0004,0.0583,0.0013,0.0124,0.0108,0.9791,0.9785,0.9900,0.9779,0.9795,1.0000,0.9719,1.0000,0.9731,1.0000,53.39,185.35,75.91,53.54,61.39,9.82,5.34,242.10,61.00,82.02,0.0000,0.0000,0.0000,0.0000,0.0000,0.0000,0.4581,0.0439,0.0000,0.0000,104304,74663,53998,54750,86225,66964,95775,572442,131417,91336,0,0,0,0,0,0,0,0,0,0,0.0000,0.0000,0.0000,0.0000,0.0000,0.0000,0.2783,0.2483,0.0000,0.0000,0,0,0,0,0,0,0,1,0,0,0,0,0,0,0,0,1,1,0,0,0.1261,0.0839,0.1302,0.0589,0.0932,0.0217,0.0710,0.1154,0.0134,0.1355,0.000,0.000,0.000,0.000,0.000,0.000,0.023,0.141,0.000,0.000,semi-presidential,parliamentary,parliamentary,parliamentary,parliamentary,semi-presidential,semi-presidential,electoral-authoritarian,electoral-authoritarian,parliamentary,0.800,0.800,0.800,0.800,0.800,0.800,0.800,0.500,0.500,0.800,62.7,100.0,94.3,100.0,56.2,49.4,100.0,100.0,100.0,100.0
2028-06-01,1.0146,1.0404,1.0144,1.0000,1.0600,1.0097,1.0040,0.9938,1.0043,0.9971,0.9832,1.0068,1.1000,1.0713,1.0535,1.0004,1.0839,1.0631,1.0867,1.0755,1.0181,1.0177,0.9847,1.0068,3549.98,5157.86,4033.50,2608.38,1997.20,1134.10,199.07,2619.52,1763.73,542.69,1.1375,0.6449,1.0555,1.3956,1.0001,0.4978,1.2157,0.2423,0.2329,0.0318,0.6622,0.7387,0.6734,0.6462,0.7097,0.7558,0.4786,0.6309,0.6823,0.7162,0.0178,0.0103,0.0168,0.0155,0.0196,0.0000,0.0668,0.0025,0.0112,0.0174,0.9788,0.9781,0.9899,0.9775,0.9793,1.0000,0.9722,1.0000,0.9727,1.0000,54.15,185.70,74.44,54.25,62.89,9.76,5.47,247.60,62.38,82.18,0.0000,0.0000,0.0000,0.0000,0.0000,0.0000,0.4582,0.0439,0.0000,0.0000,104304,74663,53998,54750,86225,66964,95775,572442,131417,91336,0,0,0,0,0,0,0,0,0,0,0.0000,0.0000,0.0000,0.0000,0.0000,0.0000,0.2875,0.2575,0.0000,0.0000,0,0,0,0,0,0,0,1,0,0,0,0,0,0,0,0,1,1,0,0,0.1378,0.0894,0.1432,0.0646,0.1024,0.0225,0.0729,0.1183,0.0146,0.1353,0.000,0.000,0.000,0.000,0.000,0.000,0.020,0.142,0.000,0.000,semi-presidential,parliamentary,parliamentary,parliamentary,parliamentary,semi-presidential,semi-presidential,electoral-authoritarian,electoral-authoritarian,parliamentary,0.800,0.800,0.800,0.800,0.800,0.800,0.800,0.500,0.500,0.800,65.7,100.0,96.9,100.0,59.4,52.6,100.0,100.0,100.0,100.0
2028-07-01,1.0146,1.0383,1.0119,0.9981,1.0561,1.0107,1.0043,0.9975,1.0054,0.9990,0.9831,1.0075,1.0906,1.0669,1.0492,0.9982,1.0798,1.0628,1.0062,1.0917,1.1035,1.0198,0.9846,1.0078,3567.02,5182.54,4039.32,2620.89,2004.82,1145.51,198.88,2623.68,1775.90,543.63,1.1322,0.6419,1.0541,1.3890,0.9993,0.4908,1.2169,0.2447,0.2321,0.0171,0.6644,0.7479,0.6688,0.6523,0.7115,0.7615,0.4970,0.6419,0.6885,0.7062,0.0151,0.0095,0.0154,0.0155,0.0198,0.0000,0.0641,0.0055,0.0133,0.0175,0.9802,0.9795,0.9905,0.9790,0.9807,1.0000,0.9724,1.0000,0.9745,1.0000,53.11,186.16,75.17,53.51,61.41,10.23,5.44,240.17,61.72,82.63,0.0000,0.0000,0.0000,0.0000,0.0000,0.0000,0.4575,0.0426,0.0000,0.0000,104304,74663,53998,54750,86225,66964,95775,572442,131417,91336,0,0,0,0,0,0,0,0,0,0,0.0000,0.0000,0.0000,0.0000,0.0000,0.0000,0.2990,0.2690,0.0000,0.0000,0,0,0,0,0,0,0,1,0,0,0,0,0,0,0,0,1,1,0,0,0.1428,0.0923,0.1485,0.0674,0.1062,0.0235,0.0750,0.1138,0.0153,0.1354,0.000,0.000,0.000,0.000,0.000,0.000,0.018,0.142,0.000,0.000,semi-presidential,parliamentary,parliamentary,parliamentary,parliamentary,semi-presidential,semi-presidential,electoral-authoritarian,electoral-authoritarian,parliamentary,0.800,0.800,0.800,0.800,0.800,0.800,0.800,0.500,0.500,0.800,68.6,100.0,99.4,100.0,61.7,55.8,100.0,100.0,100.0,100.0
2028-08-01,1.0138,1.0360,1.0076,0.9964,1.0495,1.0113,1.0022,1.0006,1.0077,1.0013,0.9841,1.0088,1.0917,1.0645,1.0443,0.9967,1.0731,1.0634,1.0041,1.0224,1.0541,1.0413,1.0074,1.0090,3587.97,5201.98,4056.71,2629.72,2012.15,1150.41,199.47,2628.81,1785.69,543.91,1.1257,0.6396,1.0497,1.3843,0.9956,0.4866,1.2133,0.2464,0.2316,0.0139,0.6674,0.7615,0.6751,0.6588,0.7169,0.7539,0.5037,0.6315,0.6941,0.7198,0.0121,0.0095,0.0114,0.0149,0.0162,0.0000,0.0619,0.0030,0.0112,0.0120,0.9807,0.9800,0.9908,0.9796,0.9813,1.0000,0.9726,1.0000,0.9751,1.0000,54.36,189.08,76.99,54.73,63.08,10.57,5.50,245.45,62.52,82.72,0.0000,0.0000,0.0000,0.0000,0.0000,0.0000,0.4564,0.0414,0.0000,0.0000,104304,74663,53998,54750,86225,66964,95775,572442,131417,91336,0,0,0,0,0,0,0,0,0,0,0.0000,0.0000,0.0000,0.0000,0.0000,0.0000,0.3082,0.2782,0.0000,0.0000,0,0,0,0,0,0,0,1,0,0,0,0,0,0,0,0,1,1,0,0,0.1435,0.0935,0.1494,0.0685,0.1071,0.0240,0.0693,0.1162,0.0158,0.1351,0.000,0.000,0.000,0.000,0.000,0.000,0.016,0.141,0.000,0.000,semi-presidential,parliamentary,parliamentary,parliamentary,parliamentary,semi-presidential,semi-presidential,electoral-authoritarian,electoral-authoritarian,parliamentary,0.800,0.800,0.800,0.800,0.800,0.800,0.800,0.500,0.500,0.800,71.7,100.0,100.0,100.0,64.9,58.9,100.0,100.0,100.0,100.0
2028-09-01,1.0140,1.0316,1.0082,0.9964,1.0414,1.0091,0.9993,1.0033,1.0092,0.9994,0.9864,1.0096,1.0958,1.0607,1.1013,1.0392,1.0658,1.0629,1.0014,1.1001,1.0835,1.0011,1.1082,1.0097,3607.13,5217.98,4069.43,2642.19,2019.59,1156.48,199.45,2637.42,1794.26,545.85,1.1228,0.6377,1.0465,1.3778,0.9920,0.4820,1.2135,0.2484,0.2312,-0.0007,0.6717,0.7578,0.6871,0.6656,0.7142,0.7568,0.4937,0.6465,0.7199,0.7121,0.0231,0.0129,0.0380,0.0241,0.0258,0.0000,0.0768,0.0051,0.0160,0.0226,0.9798,0.9791,0.9903,0.9787,0.9805,1.0000,0.9726,1.0000,0.9739,1.0000,54.29,188.66,77.95,53.02,61.77,10.90,5.39,241.81,61.76,82.53,0.0000,0.0000,0.0000,0.0000,0.0000,0.0000,0.4582,0.0439,0.0000,0.0000,104304,74663,53998,54750,86225,66964,95775,572442,131417,91336,0,0,0,0,0,0,0,0,0,0,0.0000,0.0000,0.0000,0.0000,0.0000,0.0000,0.3197,0.2897,0.0000,0.0000,0,0,0,0,0,0,0,1,0,0,0,0,0,0,0,0,1,1,0,0,0.1453,0.0941,0.1503,0.0684,0.1085,0.0251,0.0704,0.1170,0.0202,0.1371,0.000,0.000,0.000,0.000,0.000,0.000,0.013,0.141,0.000,0.000,semi-presidential,parliamentary,parliamentary,parliamentary,parliamentary,semi-presidential,semi-presidential,electoral-authoritarian,electoral-authoritarian,parliamentary,0.800,0.800,0.800,0.800,0.800,0.800,0.800,0.500,0.500,0.800,59.7,100.0,100.0,100.0,68.1,62.1,100.0,100.0,100.0,100.0
2028-10-01,1.0134,1.0262,1.0083,1.0019,1.0352,1.0059,0.9991,1.0059,1.0115,0.9993,0.9915,1.0106,1.0949,1.0550,1.0666,1.0663,1.0581,1.0575,1.0355,1.0843,1.0872,1.0497,1.1771,1.0108,3623.93,5241.85,4083.68,2641.00,2029.92,1161.57,199.32,2646.69,1805.90,546.78,1.1177,0.6349,1.0429,1.3784,0.9869,0.4779,1.2143,0.2498,0.2305,-0.0153,0.6802,0.7643,0.6892,0.6579,0.7227,0.7587,0.4858,0.6383,0.7350,0.7064,0.0226,0.0133,0.0380,0.0340,0.0246,0.0000,0.0806,0.0057,0.0138,0.0248,0.9803,0.9795,0.9906,0.9792,0.9810,1.0000,0.9725,1.0000,0.9745,1.0000,54.64,188.60,76.66,54.67,61.56,11.23,5.33,242.71,61.91,82.20,0.0000,0.0000,0.0000,0.0000,0.0000,0.0000,0.4573,0.0417,0.0000,0.0000,104304,74663,53998,54750,86225,66964,95775,572442,131417,91336,0,0,0,0,0,0,0,0,0,0,0.0000,0.0000,0.0000,0.0000,0.0000,0.0000,0.3289,0.2989,0.0000,0.0000,0,0,0,0,0,0,0,1,0,0,0,0,0,0,0,0,1,1,0,0,0.1462,0.0944,0.1510,0.0688,0.1096,0.0262,0.0729,0.1183,0.0210,0.1381,0.000,0.000,0.000,0.000,0.000,0.000,0.010,0.141,0.000,0.000,semi-presidential,parliamentary,parliamentary,parliamentary,parliamentary,semi-presidential,semi-presidential,electoral-authoritarian,electoral-authoritarian,parliamentary,0.800,0.800,0.800,0.800,0.800,0.800,0.800,0.500,0.500,0.800,62.0,100.0,100.0,100.0,71.4,65.3,100.0,100.0,100.0,100.0
2028-11-01,1.0301,1.0279,1.0084,1.0060,1.0306,1.0059,1.0018,1.0075,1.0122,1.0010,1.0003,1.0110,2.2698,1.5291,1.0657,1.1862,1.0537,1.0575,1.1188,1.0623,1.0544,1.0832,1.3730,1.0110,3648.53,5256.48,4106.20,2652.01,2039.19,1169.64,199.27,2651.89,1813.94,545.90,1.1103,0.6332,1.0374,1.3728,0.9826,0.4726,1.2147,0.2515,0.2303,-0.0299,0.6289,0.7673,0.6359,0.6530,0.7248,0.7689,0.4690,0.6447,0.7211,0.7003,0.1517,0.1427,0.1189,0.1729,0.1549,0.1195,0.1364,0.0054,0.1446,0.0319,0.6046,0.6243,0.8043,0.6263,0.6055,0.6897,0.9414,1.0000,0.6149,1.0000,34.79,145.57,59.45,38.98,40.98,8.20,4.47,151.04,42.77,52.27,0.0000,0.0000,0.0000,0.0000,0.0000,0.0000,0.4577,0.0425,0.0000,0.0000,104304,74663,53998,54750,86225,66964,95775,572442,131417,91336,0,0,0,0,0,0,0,0,0,0,0.0000,0.0000,0.0000,0.0000,0.0000,0.0000,0.3381,0.3081,0.0000,0.0000,0,0,0,0,0,0,0,1,0,0,0,0,0,0,0,0,1,1,0,0,0.1442,0.0907,0.1495,0.0682,0.1076,0.0306,0.0752,0.1244,0.0265,0.1390,0.000,0.000,0.000,0.000,0.000,0.000,0.007,0.142,0.000,0.000,semi-presidential,parliamentary,parliamentary,parliamentary,parliamentary,semi-presidential,semi-presidential,electoral-authoritarian,electoral-authoritarian,parliamentary,0.800,0.800,0.800,0.800,0.800,0.800,0.800,0.500,0.500,0.800,67.7,100.0,100.0,100.0,74.6,68.5,100.0,100.0,100.0,100.0
2028-12-01,1.0884,1.0477,1.0111,1.0102,1.0257,1.0492,1.0031,1.0084,1.0245,1.0032,1.0078,1.0101,2.1715,1.4265,1.1801,1.1541,1.0492,2.7886,1.0044,1.0308,1.4663,1.0606,1.1091,1.0102,3649.96,5260.89,4110.66,2649.31,2046.31,1171.33,198.63,2666.88,1821.75,546.97,1.1100,0.6328,1.0364,1.3743,0.9793,0.4698,1.2227,0.2556,0.2300,-0.0446,0.6061,0.6701,0.5964,0.5676,0.6539,0.6958,0.4554,0.6641,0.6477,0.6963,0.1491,0.1459,0.1295,0.1744,0.1572,0.1057,0.1327,0.0185,0.1418,0.0273,0.7079,0.7235,0.8564,0.7260,0.7088,0.7797,0.9504,1.0000,0.7206,1.0000,42.67,161.30,66.54,43.54,48.19,10.37,4.89,182.79,51.01,62.54,0.0000,0.0000,0.0000,0.0000,0.0000,0.0000,0.4597,0.0421,0.0000,0.0000,104304,74663,53998,54750,86225,66964,95775,572442,131417,91336,0,0,0,0,0,0,0,0,0,0,0.0000,0.0000,0.0000,0.0000,0.0000,0.0000,0.3496,0.3196,0.0000,0.0000,0,0,0,0,0,0,0,1,0,0,0,0,0,0,0,0,1,1,0,0,0.1414,0.0903,0.1456,0.0662,0.1048,0.0313,0.0779,0.1337,0.0254,0.1466,0.000,0.000,0.000,0.000,0.000,0.000,0.004,0.142,0.000,0.000,semi-presidential,parliamentary,parliamentary,parliamentary,parliamentary,semi-presidential,semi-presidential,electoral-authoritarian,electoral-authoritarian,parliamentary,0.800,0.800,0.800,0.800,0.800,0.800,0.800,0.500,0.500,0.800,69.4,100.0,100.0,100.0,77.6,71.5,100.0,100.0,100.0,100.0
2029-01-01,1.1329,1.0672,1.0126,1.0116,1.0357,1.0950,1.0022,1.0088,1.0310,1.0045,1.0095,1.0081,2.0691,1.5215,1.1167,1.1329,1.1455,2.0467,1.0035,1.0686,1.1835,1.0332,1.0682,1.0085,3650.91,5271.48,4106.42,2649.18,2038.60,1171.52,198.34,2681.79,1828.86,547.47,1.1099,0.6316,1.0377,1.3747,0.9882,0.4677,1.2246,0.2560,0.2299,-0.0598,0.5990,0.6559,0.5502,0.5314,0.5708,0.6793,0.4402,0.6785,0.6213,0.7017,0.1275,0.1237,0.1116,0.1575,0.1490,0.0933,0.1178,0.0072,0.1212,0.0508,0.6536,0.6714,0.8310,0.6735,0.6545,0.7330,0.9520,1.0000,0.6643,1.0000,46.38,170.61,69.91,45.52,51.72,10.64,5.07,199.52,53.91,64.78,0.0000,0.0000,0.0000,0.0000,0.0000,0.0000,0.4581,0.0430,0.0000,0.0000,104304,74663,53998,54750,86225,66964,95775,572442,131417,91336,0,0,0,0,0,0,0,0,0,0,0.0000,0.0000,0.0000,0.0000,0.0000,0.0000,0.3588,0.3288,0.0000,0.0000,0,0,0,0,0,0,0,1,0,0,0,0,0,0,0,0,1,1,0,0,0.1219,0.0810,0.1242,0.0560,0.0890,0.0289,0.0834,0.1363,0.0214,0.1484,0.000,0.000,0.000,0.000,0.000,0.000,0.001,0.144,0.000,0.000,semi-presidential,parliamentary,parliamentary,parliamentary,parliamentary,semi-presidential,semi-presidential,electoral-authoritarian,electoral-authoritarian,parliamentary,0.800,0.800,0.800,0.800,0.800,0.800,0.800,0.500,0.500,0.800,72.1,100.0,100.0,100.0,81.9,74.3,90.0,100.0,100.0,100.0
2029-02-01,1.1623,1.0837,1.0135,1.0125,1.0544,1.1204,1.0007,1.0073,1.0302,1.0065,1.0097,1.0025,1.7794,1.3789,1.0546,1.0270,1.1414,1.6633,1.0026,1.0093,1.0460,1.0297,1.0115,1.0027,3628.41,5251.20,4071.67,2654.09,2028.30,1176.41,198.21,2695.65,1835.15,549.33,1.1191,0.6342,1.0468,1.3725,0.9935,0.4638,1.2256,0.2562,0.2299,-0.0753,0.5729,0.6337,0.5191,0.4938,0.5362,0.6716,0.4458,0.6718,0.6440,0.6951,0.0762,0.0741,0.0544,0.0889,0.0918,0.0556,0.0940,0.0013,0.0647,0.0320,0.7745,0.7875,0.8903,0.7902,0.7754,0.8367,0.9593,1.0000,0.7886,1.0000,53.93,191.99,79.32,53.42,62.44,11.24,5.83,239.59,62.52,77.19,0.0000,0.0000,0.0000,0.0000,0.0000,0.0000,0.4586,0.0422,0.0000,0.0000,104304,74663,53998,54750,86225,66964,95775,572442,131417,91336,0,0,0,0,0,0,0,0,0,0,0.0000,0.0000,0.0000,0.0000,0.0000,0.0000,0.3680,0.3380,0.0000,0.0000,0,0,0,0,0,0,0,1,0,0,0,0,0,0,0,0,1,1,0,0,0.0824,0.0636,0.0812,0.0372,0.0577,0.0221,0.0764,0.1332,0.0129,0.1516,0.000,0.000,0.000,0.000,0.000,0.000,0.000,0.149,0.000,0.000,semi-presidential,parliamentary,parliamentary,parliamentary,parliamentary,semi-presidential,semi-presidential,electoral-authoritarian,electoral-authoritarian,parliamentary,0.800,0.800,0.800,0.800,0.800,0.800,0.800,0.500,0.500,0.800,75.3,100.0,100.0,100.0,84.2,77.1,92.4,100.0,100.0,100.0
2029-03-01,1.1762,1.0904,1.0146,1.0135,1.0635,1.1317,0.9981,1.0047,1.0267,1.0089,1.0083,0.9980,1.5158,1.2480,1.0853,1.0700,1.1236,1.3923,0.9998,1.0063,1.0411,1.0684,1.0099,0.9981,3622.12,5249.10,4050.50,2647.69,2022.21,1179.11,198.06,2707.23,1842.83,549.92,1.1215,0.6346,1.0526,1.3763,0.9967,0.4609,1.2267,0.2565,0.2297,-0.0912,0.5725,0.6250,0.5001,0.4929,0.5404,0.6839,0.4471,0.6685,0.6528,0.7069,0.0443,0.0428,0.0458,0.0609,0.0553,0.0248,0.0962,0.0013,0.0358,0.0222,0.8771,0.8859,0.9399,0.8892,0.8780,0.9254,0.9639,1.0000,0.8942,1.0000,59.54,197.73,79.79,57.59,66.09,11.63,5.88,267.17,68.30,84.59,0.0000,0.0000,0.0000,0.0000,0.0000,0.0000,0.4580,0.0403,0.0000,0.0000,104304,74663,53998,54750,86225,66964,95775,572442,131417,91336,0,0,0,0,0,0,0,0,0,0,0.0000,0.0000,0.0000,0.0000,0.0000,0.0000,0.3772,0.3472,0.0000,0.0000,0,0,0,0,0,0,0,1,0,0,0,0,0,0,0,0,1,1,0,0,0.1038,0.0715,0.1047,0.0448,0.0744,0.0224,0.0786,0.1355,0.0145,0.1564,0.000,0.000,0.000,0.000,0.000,0.000,0.000,0.152,0.000,0.000,semi-presidential,parliamentary,parliamentary,parliamentary,parliamentary,semi-presidential,semi-presidential,electoral-authoritarian,electoral-authoritarian,parliamentary,0.800,0.800,0.800,0.800,0.800,0.800,0.800,0.500,0.500,0.800,77.8,100.0,100.0,100.0,86.4,79.9,94.8,100.0,100.0,100.0
2029-04-01,1.1823,1.0920,1.0153,1.0122,1.0690,1.1305,0.9963,1.0022,1.0226,1.0097,1.0068,0.9945,1.2873,1.1262,1.1062,1.0160,1.1097,1.1952,0.9984,1.0043,1.0386,1.0161,1.0085,0.9948,3611.65,5246.60,4040.62,2649.19,2020.28,1182.91,197.68,2721.11,1849.11,552.92,1.1253,0.6349,1.0556,1.3760,0.9978,0.4576,1.2292,0.2570,0.2325,-0.1068,0.5767,0.6487,0.5174,0.5173,0.5611,0.7006,0.4563,0.6802,0.6471,0.7266,0.0153,0.0123,0.0166,0.0223,0.0232,0.0000,0.0798,0.0012,0.0131,0.0149,0.9766,0.9764,0.9890,0.9754,0.9767,1.0000,0.9747,1.0000,0.9705,1.0000,63.82,206.75,83.08,63.92,71.97,11.86,6.39,288.14,72.48,92.88,0.0000,0.0000,0.0000,0.0000,0.0000,0.0000,0.4585,0.0433,0.0000,0.0000,104304,74663,53998,54750,86225,66964,95775,572442,131417,91336,0,0,0,0,0,0,0,0,0,0,0.0000,0.0000,0.0000,0.0000,0.0000,0.0000,0.3887,0.3587,0.0000,0.0000,0,0,0,0,0,0,0,1,0,0,0,0,0,0,0,0,1,1,0,0,0.1107,0.0748,0.1135,0.0493,0.0793,0.0216,0.0785,0.1312,0.0142,0.1537,0.000,0.000,0.000,0.000,0.000,0.000,0.000,0.155,0.000,0.000,semi-presidential,parliamentary,parliamentary,parliamentary,parliamentary,semi-presidential,semi-presidential,electoral-authoritarian,electoral-authoritarian,parliamentary,0.800,0.800,0.800,0.800,0.800,0.800,0.800,0.500,0.500,0.800,80.3,32.6,100.0,100.0,77.9,82.7,97.7,100.0,100.0,100.0
2029-05-01,1.1804,1.0899,1.0173,1.0072,1.0677,1.1220,0.9963,1.0007,1.0173,1.0110,1.0068,0.9922,1.2810,1.1225,1.1441,1.0082,1.0905,1.1864,1.0392,1.0023,1.0318,1.0320,1.0086,0.9926,3606.70,5241.68,4024.54,2649.26,2017.46,1188.18,197.90,2730.83,1854.31,555.33,1.1273,0.6354,1.0602,1.3764,0.9994,0.4538,1.2279,0.2574,0.2326,-0.1225,0.5763,0.6631,0.5336,0.5473,0.5750,0.7095,0.4686,0.6902,0.6679,0.7478,0.0186,0.0131,0.0166,0.0213,0.0220,0.0000,0.0791,0.0015,0.0141,0.0114,0.9778,0.9775,0.9896,0.9766,0.9780,1.0000,0.9747,1.0000,0.9719,1.0000,63.28,204.69,81.96,63.61,71.46,11.84,6.45,284.83,71.94,94.84,0.0000,0.0000,0.0000,0.0000,0.0000,0.0000,0.4581,0.0423,0.0000,0.0000,104304,74663,53998,54750,86225,66964,95775,572442,131417,91336,0,0,0,0,0,0,0,0,0,0,0.0000,0.0000,0.0000,0.0000,0.0000,0.0000,0.3979,0.3679,0.0000,0.0000,0,0,0,0,0,0,0,1,0,0,0,0,0,0,0,0,1,1,0,0,0.1093,0.0734,0.1130,0.0481,0.0785,0.0192,0.0680,0.1266,0.0129,0.1534,0.000,0.000,0.000,0.000,0.000,0.000,0.000,0.154,0.000,0.000,semi-presidential,parliamentary,parliamentary,parliamentary,parliamentary,semi-presidential,semi-presidential,electoral-authoritarian,electoral-authoritarian,parliamentary,0.800,0.800,0.800,0.800,0.800,0.800,0.800,0.500,0.500,0.800,82.7,35.2,100.0,100.0,80.3,85.6,100.0,100.0,100.0,100.0
2029-06-01,1.1759,1.0852,1.0202,1.0029,1.0617,1.1070,0.9975,0.9994,1.0127,1.0124,1.0050,0.9894,1.2685,1.1157,1.1666,1.0037,1.0850,1.1723,1.0190,1.0012,1.0272,1.0343,1.0071,0.9895,3594.19,5232.44,4009.62,2650.87,2013.01,1192.25,197.34,2739.09,1861.73,557.09,1.1318,0.6365,1.0643,1.3719,1.0018,0.4505,1.2315,0.2584,0.2325,-0.1382,0.5738,0.6688,0.5368,0.5707,0.5826,0.7229,0.4858,0.6862,0.6723,0.7578,0.0190,0.0135,0.0171,0.0224,0.0225,0.0000,0.0619,0.0013,0.0146,0.0108,0.9793,0.9787,0.9903,0.9781,0.9798,1.0000,0.9757,1.0000,0.9734,1.0000,60.79,200.45,79.96,61.34,68.70,11.80,6.18,271.57,69.84,94.77,0.0000,0.0000,0.0000,0.0000,0.0000,0.0000,0.4581,0.0422,0.0000,0.0000,104304,74663,53998,54750,86225,66964,95775,572442,131417,91336,0,0,0,0,0,0,0,0,0,0,0.0000,0.0000,0.0000,0.0000,0.0000,0.0000,0.4094,0.3794,0.0000,0.0000,0,0,0,0,0,0,0,1,0,0,0,0,0,0,0,0,1,1,0,0,0.1081,0.0718,0.1114,0.0467,0.0772,0.0175,0.0659,0.1197,0.0114,0.1528,0.000,0.000,0.000,0.000,0.000,0.000,0.000,0.157,0.000,0.000,semi-presidential,parliamentary,parliamentary,parliamentary,parliamentary,semi-presidential,semi-presidential,electoral-authoritarian,electoral-authoritarian,parliamentary,0.800,0.800,0.800,0.800,0.800,0.800,0.800,0.500,0.500,0.800,85.2,37.9,100.0,100.0,82.7,88.6,100.0,100.0,100.0,100.0
2029-07-01,1.1694,1.0771,1.0220,1.0006,1.0551,1.0892,0.9983,0.9989,1.0087,1.0135,1.0032,0.9878,1.2607,1.1067,1.1163,1.0245,1.0776,1.1535,1.0294,1.0004,1.0227,1.0212,1.0051,0.9879,3589.48,5228.47,4011.90,2654.62,2016.75,1196.70,196.84,2743.22,1869.76,559.06,1.1335,0.6371,1.0636,1.3703,1.0000,0.4470,1.2388,0.2594,0.2322,-0.1538,0.5750,0.6824,0.5450,0.5743,0.5978,0.7249,0.4959,0.6795,0.6714,0.7600,0.0156,0.0116,0.0254,0.0187,0.0190,0.0000,0.0688,0.0012,0.0124,0.0103,0.9802,0.9796,0.9907,0.9791,0.9808,1.0000,0.9754,1.0000,0.9745,1.0000,60.71,199.83,79.87,61.27,68.50,11.67,6.19,272.69,69.76,94.36,0.0000,0.0000,0.0000,0.0000,0.0000,0.0000,0.4586,0.0432,0.0000,0.0000,104304,74663,53998,54750,86225,66964,95775,572442,131417,91336,0,0,0,0,0,0,0,0,0,0,0.0000,0.0000,0.0000,0.0000,0.0000,0.0000,0.4186,0.3886,0.0000,0.0000,0,0,0,0,0,0,0,1,0,0,0,0,0,0,0,0,1,1,0,0,0.1159,0.0744,0.1200,0.0496,0.0830,0.0199,0.0613,0.1189,0.0113,0.1518,0.000,0.000,0.000,0.000,0.000,0.000,0.000,0.157,0.000,0.000,semi-presidential,parliamentary,parliamentary,parliamentary,parliamentary,semi-presidential,semi-presidential,electoral-authoritarian,electoral-authoritarian,parliamentary,0.800,0.800,0.800,0.800,0.800,0.800,0.800,0.500,0.500,0.800,87.6,40.7,100.0,100.0,85.2,91.6,95.7,100.0,100.0,100.0
2029-08-01,1.1616,1.0704,1.0205,0.9986,1.0428,1.0766,0.9970,0.9995,1.0051,1.0110,1.0006,0.9884,1.2535,1.1020,1.0590,0.9991,1.0667,1.1405,0.9990,1.0423,1.0188,1.0149,1.0024,0.9887,3596.26,5247.02,4012.11,2657.86,2023.95,1203.75,196.54,2748.64,1872.37,561.62,1.1313,0.6349,1.0635,1.3722,0.9964,0.4426,1.2407,0.2603,0.2327,-0.1690,0.5948,0.6927,0.5550,0.5970,0.6253,0.7348,0.4758,0.6834,0.6632,0.7694,0.0131,0.0100,0.0116,0.0151,0.0161,0.0000,0.0602,0.0015,0.0105,0.0112,0.9792,0.9786,0.9902,0.9780,0.9797,1.0000,0.9745,1.0000,0.9731,1.0000,59.43,198.19,79.52,60.63,67.48,11.72,5.83,267.28,69.01,94.27,0.0000,0.0000,0.0000,0.0000,0.0000,0.0000,0.4583,0.0436,0.0000,0.0000,104304,74663,53998,54750,86225,66964,95775,572442,131417,91336,0,0,0,0,0,0,0,0,0,0,0.0000,0.0000,0.0000,0.0000,0.0000,0.0000,0.4278,0.3978,0.0000,0.0000,0,0,0,0,0,0,0,1,0,0,0,0,0,0,0,0,1,1,0,0,0.1269,0.0792,0.1330,0.0550,0.0919,0.0199,0.0558,0.1156,0.0123,0.1507,0.000,0.000,0.000,0.000,0.000,0.000,0.000,0.157,0.000,0.000,semi-presidential,parliamentary,parliamentary,parliamentary,parliamentary,semi-presidential,semi-presidential,electoral-authoritarian,electoral-authoritarian,parliamentary,0.800,0.800,0.800,0.800,0.800,0.800,0.800,0.500,0.500,0.800,89.5,43.5,100.0,100.0,87.9,94.6,98.2,100.0,100.0,100.0
2029-09-01,1.1527,1.0582,1.0176,0.9937,1.0313,1.0694,0.9952,1.0002,1.0026,1.0084,0.9995,0.9881,1.2408,1.0866,1.0557,0.9939,1.0556,1.1324,0.9972,1.0017,1.0164,1.0125,1.0013,0.9882,3594.15,5250.00,4005.22,2670.01,2028.66,1209.85,195.94,2755.69,1887.26,564.23,1.1320,0.6347,1.0654,1.3664,0.9941,0.4386,1.2445,0.2615,0.2316,-0.1951,0.5985,0.7058,0.5754,0.6055,0.6293,0.7333,0.4530,0.7028,0.6664,0.7720,0.0107,0.0097,0.0093,0.0148,0.0144,0.0000,0.0565,0.0011,0.0101,0.0082,0.9808,0.9800,0.9909,0.9797,0.9816,1.0000,0.9755,1.0000,0.9751,1.0000,57.89,195.53,78.70,59.20,65.82,11.73,5.73,259.45,67.58,92.77,0.0000,0.0000,0.0000,0.0000,0.0000,0.0000,0.4583,0.0436,0.0000,0.0000,104304,74663,53998,54750,86225,66964,95775,572442,131417,91336,0,0,0,0,0,0,0,0,0,0,0.0000,0.0000,0.0000,0.0000,0.0000,0.0000,0.4393,0.4093,0.0000,0.0000,0,0,0,0,0,0,0,1,0,0,0,0,0,0,0,0,1,1,0,0,0.1224,0.0830,0.1280,0.0531,0.0885,0.0200,0.0598,0.1127,0.0120,0.1473,0.000,0.000,0.000,0.000,0.000,0.000,0.000,0.158,0.000,0.000,semi-presidential,parliamentary,parliamentary,parliamentary,parliamentary,semi-presidential,semi-presidential,electoral-authoritarian,electoral-authoritarian,parliamentary,0.800,0.800,0.800,0.800,0.800,0.800,0.800,0.500,0.500,0.800,92.1,46.4,100.0,100.0,90.2,97.6,100.0,100.0,100.0,100.0
2029-10-01,1.1411,1.0467,1.0156,0.9892,1.0217,1.0616,0.9940,1.0016,1.0009,1.0078,0.9974,0.9888,1.2265,1.0752,1.0538,0.9897,1.0442,1.1229,0.9957,1.0238,1.0144,1.0137,0.9995,0.9893,3594.50,5256.01,4009.06,2674.15,2036.80,1216.01,195.49,2762.07,1888.98,565.09,1.1320,0.6340,1.0643,1.3647,0.9901,0.4346,1.2475,0.2625,0.2322,-0.2022,0.6064,0.7179,0.5944,0.6161,0.6437,0.7311,0.4501,0.6702,0.6698,0.7681,0.0115,0.0096,0.0103,0.0146,0.0148,0.0000,0.0559,0.0013,0.0100,0.0100,0.9811,0.9803,0.9910,0.9801,0.9820,1.0000,0.9750,1.0000,0.9755,1.0000,56.69,194.09,78.50,58.22,64.72,11.80,5.71,253.46,66.44,92.00,0.0000,0.0000,0.0000,0.0000,0.0000,0.0000,0.4585,0.0434,0.0000,0.0000,104304,74663,53998,54750,86225,66964,95775,572442,131417,91336,0,0,0,0,0,0,0,0,0,0,0.0000,0.0000,0.0000,0.0000,0.0000,0.0000,0.4485,0.4185,0.0000,0.0000,0,0,0,0,0,0,0,1,0,0,0,0,0,0,0,0,1,1,0,0,0.1271,0.0854,0.1333,0.0613,0.0922,0.0205,0.0587,0.1102,0.0127,0.1456,0.000,0.000,0.000,0.000,0.000,0.000,0.000,0.158,0.000,0.000,semi-presidential,parliamentary,parliamentary,parliamentary,parliamentary,semi-presidential,semi-presidential,electoral-authoritarian,electoral-authoritarian,parliamentary,0.800,0.800,0.800,0.800,0.800,0.800,0.800,0.500,0.500,0.800,94.7,49.4,100.0,100.0,93.0,100.0,100.0,100.0,100.0,100.0
2029-11-01,1.1305,1.0344,1.0120,0.9831,1.0114,1.0501,0.9931,1.0019,1.0005,1.0060,0.9936,0.9880,1.2160,1.0639,1.0504,0.9841,1.0349,1.1116,0.9949,1.0037,1.0414,1.0101,0.9954,0.9881,3603.27,5271.34,4021.69,2674.18,2043.21,1222.42,195.22,2765.76,1896.23,565.39,1.1293,0.6322,1.0610,1.3650,0.9871,0.4306,1.2493,0.2638,0.2321,-0.2177,0.6073,0.7250,0.6119,0.6233,0.6493,0.7280,0.4492,0.6578,0.6754,0.7577,0.0106,0.0097,0.0096,0.0151,0.0151,0.0000,0.0574,0.0022,0.0110,0.0090,0.9813,0.9804,0.9911,0.9802,0.9822,1.0000,0.9741,1.0000,0.9757,1.0000,56.91,194.51,78.80,58.27,65.31,11.79,5.63,255.71,66.83,91.17,0.0000,0.0000,0.0000,0.0000,0.0000,0.0000,0.4584,0.0436,0.0000,0.0000,104304,74663,53998,54750,86225,66964,95775,572442,131417,91336,0,0,0,0,0,0,0,0,0,0,0.0000,0.0000,0.0000,0.0000,0.0000,0.0000,0.4577,0.4277,0.0000,0.0000,0,0,0,0,0,0,0,1,0,0,0,0,0,0,0,0,1,1,0,0,0.1235,0.0837,0.1295,0.0595,0.0895,0.0197,0.0564,0.1099,0.0120,0.1441,0.000,0.000,0.000,0.000,0.000,0.000,0.000,0.159,0.000,0.000,semi-presidential,parliamentary,parliamentary,parliamentary,parliamentary,semi-presidential,semi-presidential,electoral-authoritarian,electoral-authoritarian,parliamentary,0.800,0.800,0.800,0.800,0.800,0.800,0.800,0.500,0.500,0.800,97.4,52.4,100.0,100.0,95.8,100.0,100.0,100.0,100.0,100.0
2029-12-01,1.1193,1.0227,1.0110,0.9797,1.0041,1.0403,0.9912,1.0008,1.0008,1.0028,0.9925,0.9889,1.2017,1.0494,1.0493,0.9844,1.0273,1.1013,0.9932,1.0023,1.0293,1.0057,1.0016,0.9891,3616.17,5281.46,4012.93,2679.46,2051.24,1227.30,194.51,2771.70,1906.08,567.49,1.1254,0.6310,1.0634,1.3627,0.9832,0.4272,1.2540,0.2654,0.2317,-0.2323,0.6149,0.7322,0.6275,0.6306,0.6574,0.7304,0.4416,0.6442,0.6858,0.7417,0.0107,0.0095,0.0118,0.0148,0.0147,0.0000,0.0564,0.0017,0.0104,0.0092,0.9815,0.9806,0.9911,0.9804,0.9824,1.0000,0.9748,1.0000,0.9759,1.0000,55.53,192.27,77.48,56.76,63.75,11.68,5.40,248.10,65.80,90.64,0.0000,0.0000,0.0000,0.0000,0.0000,0.0000,0.4582,0.0438,0.0000,0.0000,104304,74663,53998,54750,86225,66964,95775,572442,131417,91336,0,0,0,0,0,0,0,0,0,0,0.0000,0.0000,0.0000,0.0000,0.0000,0.0000,0.4692,0.4392,0.0000,0.0000,0,0,0,0,0,0,0,1,0,0,0,0,0,0,0,0,1,1,0,0,0.1277,0.0855,0.1334,0.0613,0.0923,0.0207,0.0619,0.1092,0.0128,0.1427,0.000,0.000,0.000,0.000,0.000,0.000,0.000,0.159,0.000,0.000,semi-presidential,parliamentary,parliamentary,parliamentary,parliamentary,semi-presidential,semi-presidential,electoral-authoritarian,electoral-authoritarian,parliamentary,0.800,0.800,0.800,0.800,0.800,0.800,0.800,0.500,0.500,0.800,100.0,55.5,100.0,100.0,98.7,100.0,100.0,100.0,100.0,100.0
2030-01-01,1.1074,1.0120,1.0092,0.9791,1.0006,1.0297,0.9881,1.0003,1.0023,1.0022,0.9926,0.9910,1.1913,1.0397,1.0458,1.0059,1.0226,1.0868,0.9898,1.0018,1.0756,1.0424,1.0201,0.9913,3620.48,5287.87,4021.14,2684.03,2059.16,1233.73,194.00,2780.00,1912.89,567.68,1.1241,0.6303,1.0612,1.3608,0.9794,0.4233,1.2574,0.2665,0.2316,-0.2475,0.6232,0.7396,0.6353,0.6422,0.6644,0.7408,0.4351,0.6346,0.7070,0.7415,0.0112,0.0099,0.0217,0.0172,0.0163,0.0000,0.0684,0.0037,0.0120,0.0115,0.9811,0.9803,0.9909,0.9800,0.9820,1.0000,0.9732,1.0000,0.9755,1.0000,55.79,192.25,78.03,55.86,63.47,11.71,5.35,249.07,66.04,90.01,0.0000,0.0000,0.0000,0.0000,0.0000,0.0000,0.4575,0.0416,0.0000,0.0000,104304,74663,53998,54750,86225,66964,95775,572442,131417,91336,0,0,0,0,0,0,0,0,0,0,0.0000,0.0000,0.0000,0.0000,0.0000,0.0000,0.4784,0.4484,0.0000,0.0000,0,0,0,0,0,0,0,1,0,0,0,0,0,0,0,0,1,1,0,0,0.1302,0.0865,0.1347,0.0619,0.0941,0.0224,0.0697,0.1107,0.0141,0.1439,0.000,0.000,0.000,0.000,0.000,0.000,0.000,0.158,0.000,0.000,semi-presidential,parliamentary,parliamentary,parliamentary,parliamentary,semi-presidential,semi-presidential,electoral-authoritarian,electoral-authoritarian,parliamentary,0.800,0.800,0.800,0.800,0.800,0.800,0.800,0.500,0.500,0.800,100.0,58.6,100.0,100.0,100.0,100.0,100.0,100.0,100.0,100.0
2030-02-01,1.0920,1.0024,1.0079,0.9791,0.9984,1.0194,0.9861,0.9994,1.0043,1.0025,0.9940,0.9941,1.1666,1.0276,1.0453,1.0020,1.0206,1.0771,0.9878,1.0010,1.0508,1.0427,1.0786,0.9950,3635.44,5299.20,4033.57,2681.43,2064.23,1239.97,193.56,2783.52,1921.89,568.03,1.1195,0.6290,1.0585,1.3624,0.9771,0.4194,1.2646,0.2686,0.2313,-0.2625,0.6322,0.7365,0.6458,0.6391,0.6724,0.7411,0.2997,0.6190,0.7142,0.7353,0.0126,0.0091,0.0232,0.0146,0.0164,0.0000,0.0666,0.0030,0.0107,0.0132,0.9820,0.9811,0.9913,0.9809,0.9828,1.0000,0.9726,1.0000,0.9765,1.0000,54.15,190.83,77.92,54.79,61.77,11.66,5.26,239.79,64.81,89.04,0.0000,0.0000,0.0000,0.0000,0.0000,0.0000,0.4576,0.0414,0.0000,0.0000,104304,74663,53998,54750,86225,66964,95775,572442,131417,91336,0,0,0,0,0,0,0,0,0,0,0.0000,0.0000,0.0000,0.0000,0.0000,0.0000,0.4899,0.4599,0.0000,0.0000,0,0,0,0,0,0,0,1,0,0,0,0,0,0,0,0,1,1,0,0,0.1327,0.0891,0.1371,0.0649,0.0964,0.0247,0.0726,0.1096,0.0163,0.1408,0.000,0.000,0.000,0.000,0.000,0.000,0.000,0.156,0.000,0.000,semi-presidential,parliamentary,parliamentary,parliamentary,parliamentary,semi-presidential,semi-presidential,electoral-authoritarian,electoral-authoritarian,parliamentary,0.800,0.800,0.800,0.800,0.800,0.800,0.092,0.500,0.500,0.800,100.0,61.7,100.0,100.0,100.0,100.0,100.0,100.0,100.0,100.0
2030-03-01,1.0795,0.9951,1.0050,0.9782,0.9962,1.0116,0.9840,0.9979,1.0046,1.0042,0.9952,0.9977,1.1513,1.0204,1.0410,1.0010,1.0182,1.0666,0.9857,0.9997,1.0173,1.0560,1.0356,0.9989,3640.65,5313.37,4033.57,2693.80,2075.08,1247.14,192.30,2793.18,1926.07,568.64,1.1180,0.6274,1.0585,1.3565,0.9721,0.4153,1.2732,0.2697,0.2316,-0.2772,0.6387,0.7383,0.6458,0.6539,0.6745,0.7492,0.3129,0.6086,0.7212,0.7227,0.0110,0.0089,0.0210,0.0139,0.0142,0.0000,0.0648,0.0015,0.0093,0.0104,0.9817,0.9809,0.9911,0.9806,0.9823,1.0000,0.9709,1.0000,0.9762,1.0000,54.31,191.13,77.80,55.32,62.37,11.52,5.22,243.24,65.27,88.10,0.0000,0.0000,0.0000,0.0000,0.0000,0.0000,0.4576,0.0405,0.0000,0.0000,104304,74663,53998,54750,86225,66964,95775,572442,131417,91336,0,0,0,0,0,0,0,0,0,0,0.0000,0.0000,0.0000,0.0000,0.0000,0.0000,0.4991,0.4691,0.0000,0.0000,0,0,0,0,0,0,0,1,0,0,0,0,0,0,0,0,1,1,0,0,0.1350,0.0915,0.1404,0.0672,0.0988,0.0265,0.0718,0.1112,0.0220,0.1384,0.000,0.000,0.000,0.000,0.000,0.000,0.000,0.153,0.000,0.000,semi-presidential,parliamentary,parliamentary,parliamentary,parliamentary,semi-presidential,semi-presidential,electoral-authoritarian,electoral-authoritarian,parliamentary,0.800,0.800,0.800,0.800,0.800,0.800,0.101,0.500,0.500,0.800,100.0,64.8,100.0,100.0,100.0,100.0,100.0,100.0,100.0,100.0
2030-04-01,1.0648,0.9901,1.0010,0.9792,0.9916,1.0048,0.9853,0.9973,1.0056,1.0065,0.9957,1.0002,1.1371,1.0158,1.0365,1.0236,1.0132,1.0577,0.9981,1.0063,1.0254,1.0622,1.0165,1.0005,3647.75,5315.11,4046.54,2695.99,2088.01,1252.42,192.11,2795.02,1941.87,569.59,1.1158,0.6272,1.0554,1.3557,0.9662,0.4119,1.2748,0.2713,0.2305,-0.2915,0.6463,0.7402,0.6455,0.6550,0.6965,0.7483,0.3618,0.5989,0.7164,0.7195,0.0111,0.0108,0.0213,0.0243,0.0145,0.0000,0.0647,0.0017,0.0096,0.0104,0.9817,0.9810,0.9911,0.9806,0.9824,1.0000,0.9706,1.0000,0.9763,1.0000,54.01,188.23,74.64,53.51,61.28,11.45,5.06,242.21,65.27,86.86,0.0000,0.0000,0.0000,0.0000,0.0000,0.0000,0.4577,0.0404,0.0000,0.0000,104304,74663,53998,54750,86225,66964,95775,572442,131417,91336,0,0,0,0,0,0,0,0,0,0,0.0000,0.0000,0.0000,0.0000,0.0000,0.0000,0.5083,0.4783,0.0000,0.0000,0,0,0,0,0,0,0,1,0,0,0,0,0,0,0,0,1,1,0,0,0.1376,0.0925,0.1424,0.0716,0.1017,0.0277,0.0742,0.1116,0.0237,0.1404,0.000,0.000,0.000,0.000,0.000,0.000,0.000,0.151,0.000,0.000,semi-presidential,parliamentary,parliamentary,parliamentary,parliamentary,semi-presidential,semi-presidential,junta,electoral-authoritarian,parliamentary,0.800,0.800,0.800,0.800,0.800,0.800,0.110,0.400,0.500,0.800,100.0,67.9,100.0,100.0,100.0,100.0,100.0,30.0,100.0,100.0
2030-05-01,1.0541,0.9855,0.9938,0.9818,0.9851,0.9997,0.9870,0.9964,1.0071,1.0088,0.9954,1.0012,1.1285,1.0117,1.0310,1.0275,1.0072,1.0530,1.0407,0.9978,1.0254,1.0129,0.9970,1.0014,3657.19,5328.97,4057.25,2702.26,2098.72,1259.59,191.89,2793.87,1955.06,569.22,1.1129,0.6257,1.0530,1.3528,0.9613,0.4078,1.2766,0.2732,0.2297,-0.3065,0.6653,0.7454,0.6529,0.6603,0.7056,0.7595,0.3517,0.5883,0.7135,0.7207,0.0117,0.0111,0.0213,0.0250,0.0150,0.0000,0.0643,0.0015,0.0099,0.0105,0.9813,0.9806,0.9909,0.9802,0.9819,1.0000,0.9700,1.0000,0.9758,1.0000,54.58,188.20,74.25,54.41,61.95,11.41,5.16,245.69,65.98,85.94,0.0000,0.0000,0.0000,0.0000,0.0000,0.0000,0.4583,0.0420,0.0000,0.0000,104304,74663,53998,54750,86225,66964,95775,572442,131417,91336,0,0,0,0,0,0,0,0,0,0,0.0000,0.0000,0.0000,0.0000,0.0000,0.0000,0.5175,0.4875,0.0000,0.0000,0,0,0,0,0,0,0,1,0,0,0,0,0,0,0,0,1,1,0,0,0.1451,0.0930,0.1435,0.0725,0.1027,0.0282,0.0720,0.1133,0.0245,0.1391,0.000,0.000,0.000,0.000,0.000,0.000,0.000,0.150,0.000,0.000,semi-presidential,parliamentary,parliamentary,parliamentary,parliamentary,semi-presidential,semi-presidential,junta,electoral-authoritarian,parliamentary,0.800,0.800,0.800,0.800,0.800,0.800,0.119,0.400,0.500,0.800,93.0,71.0,100.0,100.0,100.0,100.0,100.0,32.4,100.0,100.0
2030-06-01,1.0467,0.9844,0.9897,0.9822,0.9804,0.9965,0.9878,0.9941,1.0083,1.0054,0.9945,0.9997,1.1261,1.0127,1.0278,1.0215,1.0031,1.0503,1.0174,0.9958,1.0771,1.0088,0.9961,0.9997,3657.99,5330.03,4055.49,2716.35,2098.31,1265.32,191.81,2793.05,1964.09,570.49,1.1126,0.6254,1.0540,1.3461,0.9616,0.4043,1.2775,0.2756,0.2294,-0.3204,0.6552,0.7366,0.6573,0.6613,0.6934,0.7553,0.3543,0.5983,0.7104,0.7157,0.0117,0.0114,0.0217,0.0237,0.0168,0.0000,0.0667,0.0034,0.0124,0.0108,0.9792,0.9785,0.9899,0.9780,0.9798,1.0000,0.9689,1.0000,0.9731,1.0000,55.23,190.09,76.06,54.59,63.34,11.67,5.17,250.58,67.37,85.86,0.0000,0.0000,0.0000,0.0000,0.0000,0.0000,0.4583,0.0437,0.0000,0.0000,104304,74663,53998,54750,86225,66964,95775,572442,131417,91336,0,0,0,0,0,0,0,0,0,0,0.0000,0.0000,0.0000,0.0000,0.0000,0.0000,0.5290,0.4990,0.0000,0.0000,0,0,0,0,0,0,0,1,0,0,0,0,0,0,0,0,1,1,0,0,0.1331,0.0872,0.1309,0.0662,0.0936,0.0265,0.0707,0.1138,0.0218,0.1382,0.000,0.000,0.000,0.000,0.000,0.000,0.000,0.152,0.000,0.000,semi-presidential,parliamentary,parliamentary,parliamentary,parliamentary,semi-presidential,semi-presidential,junta,electoral-authoritarian,parliamentary,0.800,0.800,0.800,0.800,0.800,0.800,0.131,0.400,0.500,0.800,95.9,74.1,100.0,100.0,100.0,100.0,100.0,35.3,100.0,100.0
2030-07-01,1.0393,0.9836,0.9865,0.9845,0.9776,0.9922,0.9882,0.9934,1.0096,1.0012,0.9929,0.9988,1.1171,1.0118,1.0250,1.0301,0.9993,1.0452,0.9895,0.9967,1.0225,1.0045,0.9946,0.9989,3677.14,5338.02,4057.35,2723.58,2105.57,1269.52,191.61,2796.54,1972.85,572.32,1.1070,0.6244,1.0538,1.3425,0.9584,0.4012,1.2791,0.2771,0.2292,-0.3339,0.6556,0.7385,0.6546,0.6615,0.6947,0.7577,0.3948,0.5920,0.7058,0.7151,0.0108,0.0118,0.0198,0.0261,0.0146,0.0000,0.0617,0.0011,0.0103,0.0082,0.9794,0.9787,0.9900,0.9781,0.9800,1.0000,0.9690,1.0000,0.9733,1.0000,54.71,187.66,73.89,54.48,62.00,11.70,5.06,246.17,66.72,85.54,0.0000,0.0000,0.0000,0.0000,0.0000,0.0000,0.4583,0.0437,0.0000,0.0000,104304,74663,53998,54750,86225,66964,95775,572442,131417,91336,0,0,0,0,0,0,0,0,0,0,0.0000,0.0000,0.0000,0.0000,0.0000,0.0000,0.5382,0.5082,0.0000,0.0000,0,0,0,0,0,0,0,1,0,0,0,0,0,0,0,0,1,1,0,0,0.1334,0.0866,0.1309,0.0657,0.0993,0.0266,0.0755,0.1130,0.0216,0.1377,0.000,0.000,0.000,0.000,0.000,0.000,0.000,0.152,0.000,0.000,semi-presidential,parliamentary,parliamentary,parliamentary,parliamentary,semi-presidential,semi-presidential,junta,electoral-authoritarian,parliamentary,0.800,0.800,0.800,0.800,0.800,0.800,0.140,0.400,0.500,0.800,98.8,77.2,100.0,100.0,100.0,100.0,100.0,37.7,100.0,100.0
2030-08-01,1.0281,0.9831,0.9827,0.9872,0.9775,0.9860,0.9856,0.9949,1.0088,0.9991,0.9913,0.9973,1.0281,0.9829,0.9836,1.0288,0.9914,0.9871,0.9857,1.0479,1.0089,0.9992,0.9914,0.9974,3696.74,5351.98,4057.18,2733.87,2120.83,1278.62,192.21,2796.27,1986.32,574.33,1.1012,0.6228,1.0542,1.3372,0.9516,0.3967,1.2753,0.2776,0.2284,-0.3472,0.6620,0.7386,0.6429,0.6504,0.7133,0.7594,0.3799,0.5698,0.7164,0.7242,0.0027,0.0013,0.0139,0.0136,0.0052,0.0000,0.0112,0.0005,0.0001,0.0078,1.0000,1.0000,1.0000,1.0000,1.0000,1.0000,1.0000,1.0000,1.0000,1.0000,55.80,192.69,75.13,55.65,62.90,11.77,9.15,252.35,68.24,86.45,0.0000,0.0000,0.0000,0.0000,0.0000,0.0000,0.0000,0.0000,0.0000,0.0000,104304,74663,53998,54750,86225,66964,95775,572442,131417,91336,0,0,0,0,0,0,0,0,0,0,0.0000,0.0000,0.0000,0.0000,0.0000,0.0000,0.5359,0.5036,0.0000,0.0000,0,0,0,0,0,0,0,1,0,0,0,0,0,0,0,0,0,0,0,0,0.1158,0.0783,0.1126,0.0561,0.0854,0.0240,0.0835,0.1124,0.0185,0.1385,0.000,0.000,0.000,0.000,0.000,0.000,0.000,0.154,0.000,0.000,semi-presidential,parliamentary,parliamentary,parliamentary,parliamentary,semi-presidential,semi-presidential,junta,electoral-authoritarian,parliamentary,0.800,0.800,0.800,0.800,0.800,0.800,0.145,0.400,0.500,0.800,100.0,80.3,100.0,100.0,100.0,100.0,100.0,38.2,100.0,100.0
2030-09-01,1.0180,0.9850,0.9827,0.9923,0.9787,0.9837,0.9855,0.9960,1.0085,0.9946,0.9888,0.9940,1.0188,1.0567,0.9835,1.0442,0.9986,1.0081,0.9855,1.0528,1.0125,0.9956,0.9894,0.9945,3687.06,5354.36,4033.67,2746.96,2127.74,1282.70,193.34,2807.40,1997.14,574.75,1.1042,0.6226,1.0607,1.3304,0.9516,0.3938,1.2689,0.2786,0.2279,-0.3614,0.6551,0.7224,0.6155,0.6324,0.7274,0.7607,0.4380,0.5851,0.7001,0.7125,0.0123,0.0108,0.0209,0.0259,0.0157,0.0067,0.0135,0.0006,0.0070,0.0104,0.9358,0.9416,0.9674,0.9453,0.9374,0.9540,0.9897,1.0000,0.9533,1.0000,56.44,192.08,74.74,57.30,64.08,11.77,9.05,257.71,69.27,85.95,0.0000,0.0000,0.0000,0.0000,0.0000,0.0000,0.0000,0.0000,0.0000,0.0000,104304,74663,53998,54750,86225,66964,95775,572442,131417,91336,0,0,0,0,0,0,0,0,0,0,0.0000,0.0000,0.0000,0.0000,0.0000,0.0000,0.5162,0.4839,0.0000,0.0000,0,0,0,0,0,0,0,1,0,0,0,0,0,0,0,0,0,0,0,0,0.1049,0.0721,0.1020,0.0498,0.0766,0.0216,0.0809,0.1133,0.0156,0.1379,0.000,0.000,0.000,0.000,0.000,0.000,0.000,0.156,0.000,0.000,semi-presidential,parliamentary,parliamentary,parliamentary,parliamentary,semi-presidential,semi-presidential,junta,electoral-authoritarian,parliamentary,0.800,0.800,0.800,0.800,0.800,0.800,0.155,0.400,0.500,0.800,100.0,83.3,100.0,100.0,100.0,100.0,100.0,40.7,100.0,100.0
2030-10-01,1.0100,0.9846,0.9805,0.9970,0.9804,0.9813,0.9860,0.9956,1.0069,0.9894,0.9871,0.9918,1.0109,0.9849,0.9813,1.0372,0.9921,0.9817,1.0665,1.0344,1.0069,0.9905,0.9870,0.9921,3673.93,5354.14,4045.62,2750.41,2128.86,1288.41,194.59,2810.38,2003.79,575.72,1.1083,0.6227,1.0579,1.3287,0.9512,0.3904,1.2621,0.2804,0.2280,-0.3751,0.6378,0.7126,0.6120,0.6252,0.7053,0.7524,0.4930,0.5978,0.7034,0.7058,0.0045,0.0010,0.0151,0.0136,0.0060,0.0000,0.0117,0.0008,0.0003,0.0095,1.0000,1.0000,1.0000,1.0000,1.0000,1.0000,1.0000,1.0000,1.0000,1.0000,56.24,194.05,75.55,56.88,64.71,11.77,9.14,258.50,69.43,85.95,0.0000,0.0000,0.0000,0.0000,0.0000,0.0000,0.0000,0.0000,0.0000,0.0000,104304,74663,53998,54750,86225,66964,95775,572442,131417,91336,0,0,0,0,0,0,0,0,0,0,0.0000,0.0000,0.0000,0.0000,0.0000,0.0000,0.4965,0.4642,0.0000,0.0000,0,0,0,0,0,0,0,1,0,0,0,0,0,0,0,0,0,0,0,0,0.1232,0.0805,0.1260,0.0585,0.0907,0.0225,0.0823,0.1137,0.0173,0.1373,0.000,0.000,0.000,0.000,0.000,0.000,0.000,0.158,0.000,0.000,semi-presidential,parliamentary,parliamentary,parliamentary,parliamentary,semi-presidential,semi-presidential,junta,electoral-authoritarian,parliamentary,0.800,0.800,0.800,0.800,0.800,0.800,0.164,0.400,0.500,0.800,100.0,86.2,100.0,100.0,100.0,100.0,100.0,43.2,100.0,100.0
2030-11-01,1.0045,0.9812,0.9793,0.9994,0.9825,0.9775,0.9847,0.9966,1.0056,0.9860,0.9878,0.9915,1.0047,0.9813,0.9805,1.0293,1.0037,0.9780,0.9850,1.0201,1.0059,0.9861,0.9879,0.9915,3682.14,5364.71,4049.84,2760.52,2130.40,1296.74,195.62,2815.27,2010.95,575.97,1.1059,0.6215,1.0572,1.3240,0.9507,0.3862,1.2574,0.2821,0.2279,-0.3893,0.6401,0.7293,0.6295,0.6437,0.7012,0.7497,0.5108,0.6083,0.7021,0.7027,0.0012,0.0005,0.0122,0.0105,0.0059,0.0000,0.0065,0.0002,0.0001,0.0089,1.0000,1.0000,1.0000,1.0000,1.0000,1.0000,1.0000,1.0000,1.0000,1.0000,56.36,194.78,76.79,56.21,65.14,11.83,9.21,259.10,69.45,85.72,0.0000,0.0000,0.0000,0.0000,0.0000,0.0000,0.0000,0.0000,0.0000,0.0000,104304,74663,53998,54750,86225,66964,95775,572442,131417,91336,0,0,0,0,0,0,0,0,0,0,0.0000,0.0000,0.0000,0.0000,0.0000,0.0000,0.4767,0.4444,0.0000,0.0000,0,0,0,0,0,0,0,1,0,0,0,0,0,0,0,0,0,0,0,0,0.1317,0.0845,0.1356,0.0629,0.0971,0.0230,0.0832,0.1137,0.0182,0.1365,0.000,0.000,0.000,0.000,0.000,0.000,0.000,0.159,0.000,0.000,semi-presidential,parliamentary,parliamentary,parliamentary,parliamentary,semi-presidential,semi-presidential,junta,electoral-authoritarian,parliamentary,0.800,0.800,0.800,0.800,0.800,0.800,0.174,0.400,0.500,0.800,100.0,89.2,100.0,100.0,100.0,100.0,100.0,45.8,100.0,100.0
2030-12-01,0.9997,0.9788,0.9781,1.0023,0.9835,0.9767,0.9848,0.9983,1.0049,0.9829,0.9878,0.9898,1.0002,0.9789,0.9790,1.0416,0.9835,0.9767,1.0198,1.0737,1.0051,0.9836,0.9879,0.9900,3686.01,5353.27,4045.45,2764.74,2140.49,1304.14,196.27,2819.33,2021.97,577.04,1.1049,0.6229,1.0587,1.3221,0.9463,0.3819,1.2554,0.2838,0.2275,-0.4028,0.6428,0.7272,0.6342,0.6338,0.7008,0.7671,0.5285,0.6062,0.7201,0.7043,0.0050,0.0008,0.0142,0.0114,0.0034,0.0000,0.0119,0.0007,0.0003,0.0068,1.0000,1.0000,1.0000,1.0000,1.0000,1.0000,1.0000,1.0000,1.0000,1.0000,56.68,194.98,76.81,57.10,65.89,11.98,9.30,262.16,70.28,85.52,0.0000,0.0000,0.0000,0.0000,0.0000,0.0000,0.0000,0.0000,0.0000,0.0000,104304,74663,53998,54750,86225,66964,95775,572442,131417,91336,0,0,0,0,0,0,0,0,0,0,0.0000,0.0000,0.0000,0.0000,0.0000,0.0000,0.4570,0.4247,0.0000,0.0000,0,0,0,0,0,0,0,1,0,0,0,0,0,0,0,0,0,0,0,0,0.1146,0.0761,0.1170,0.0537,0.0838,0.0209,0.0800,0.1132,0.0153,0.1360,0.000,0.000,0.000,0.000,0.000,0.000,0.000,0.160,0.000,0.000,semi-presidential,parliamentary,parliamentary,parliamentary,parliamentary,semi-presidential,semi-presidential,junta,electoral-authoritarian,parliamentary,0.800,0.800,0.800,0.800,0.800,0.800,0.184,0.400,0.500,0.800,100.0,92.2,100.0,100.0,100.0,100.0,100.0,48.4,100.0,100.0
2031-01-01,0.9951,0.9778,0.9760,1.0085,0.9837,0.9775,0.9887,1.0017,1.0040,0.9803,0.9888,0.9873,0.9958,0.9778,0.9769,1.0539,0.9838,1.0209,1.1703,1.0553,1.0181,0.9803,1.0629,0.9879,3676.18,5350.85,4035.17,2766.25,2142.50,1310.89,196.47,2835.23,2026.29,576.79,1.1080,0.6233,1.0657,1.3215,0.9455,0.3783,1.2568,0.2866,0.2278,-0.4172,0.6332,0.7270,0.6402,0.6358,0.7010,0.7622,0.5423,0.6143,0.7168,0.7116,0.0116,0.0015,0.0263,0.0124,0.0083,0.0005,0.0181,0.0022,0.0014,0.0152,1.0000,1.0000,1.0000,1.0000,1.0000,1.0000,1.0000,1.0000,1.0000,1.0000,57.07,197.02,78.97,57.51,66.82,12.44,9.42,264.78,70.57,85.43,0.0000,0.0000,0.0000,0.0000,0.0000,0.0000,0.0000,0.0000,0.0000,0.0000,104304,74663,53998,54750,86225,66964,95775,572442,131417,91336,0,0,0,0,0,0,0,0,0,0,0.0000,0.0000,0.0000,0.0000,0.0000,0.0000,0.4373,0.3853,0.0000,0.0000,0,0,0,0,0,0,0,1,0,0,0,0,0,0,0,0,0,0,0,0,0.1107,0.0742,0.1128,0.0513,0.0805,0.0200,0.0778,0.1121,0.0139,0.1356,0.000,0.000,0.000,0.000,0.000,0.000,0.000,0.162,0.000,0.000,semi-presidential,parliamentary,parliamentary,parliamentary,parliamentary,semi-presidential,semi-presidential,junta,electoral-authoritarian,parliamentary,0.800,0.800,0.800,0.800,0.800,0.800,0.194,0.400,0.500,0.800,100.0,95.3,100.0,100.0,100.0,100.0,100.0,53.7,100.0,100.0
2031-02-01,0.9932,0.9761,0.9756,1.0122,0.9827,0.9767,0.9958,1.0026,1.0040,0.9801,0.9909,0.9859,0.9934,0.9763,0.9765,1.0507,0.9829,0.9771,1.1947,1.0174,1.0200,1.0213,1.0492,0.9860,3666.52,5350.39,4042.19,2765.39,2141.13,1315.08,196.59,2841.19,2033.53,577.74,1.1111,0.6234,1.0660,1.3220,0.9459,0.3756,1.2590,0.2882,0.2278,-0.4307,0.6215,0.7205,0.6315,0.6341,0.6831,0.7425,0.5275,0.6154,0.7099,0.7065,0.0088,0.0003,0.0239,0.0087,0.0066,0.0000,0.0154,0.0022,0.0012,0.0128,1.0000,1.0000,1.0000,1.0000,1.0000,1.0000,1.0000,1.0000,1.0000,1.0000,57.13,198.08,79.96,57.22,67.27,12.63,9.52,265.01,70.78,85.58,0.0000,0.0000,0.0000,0.0000,0.0000,0.0000,0.0000,0.0000,0.0000,0.0000,104304,74663,53998,54750,86225,66964,95775,572442,131417,91336,0,0,0,0,0,0,0,0,0,0,0.0000,0.0000,0.0000,0.0000,0.0000,0.0000,0.4176,0.3656,0.0000,0.0000,0,0,0,0,0,0,0,1,0,0,0,0,0,0,0,0,0,0,0,0,0.1334,0.0843,0.1376,0.0620,0.0977,0.0206,0.0793,0.1130,0.0155,0.1354,0.000,0.000,0.000,0.000,0.000,0.000,0.000,0.165,0.000,0.000,semi-presidential,parliamentary,parliamentary,parliamentary,parliamentary,semi-presidential,semi-presidential,junta,electoral-authoritarian,parliamentary,0.800,0.800,0.800,0.800,0.800,0.800,0.204,0.400,0.500,0.800,100.0,98.2,100.0,100.0,100.0,100.0,100.0,56.4,100.0,100.0
2031-03-01,0.9928,0.9735,0.9761,1.0127,0.9826,0.9753,0.9983,1.0016,1.0032,0.9824,0.9931,0.9866,1.0137,0.9735,0.9870,1.0417,0.9880,0.9813,1.0503,1.0019,1.0069,1.0160,1.0789,0.9871,3676.15,5354.17,4051.47,2777.14,2150.00,1318.94,197.28,2841.19,2045.14,578.19,1.1134,0.6230,1.0636,1.3166,0.9422,0.3730,1.2580,0.2882,0.2273,-0.4445,0.6320,0.7202,0.6376,0.6438,0.6974,0.7336,0.5155,0.6154,0.7026,0.7064,0.0064,0.0016,0.0203,0.0061,0.0064,0.0009,0.0288,0.0010,0.0014,0.0081,1.0000,1.0000,1.0000,1.0000,1.0000,1.0000,1.0000,1.0000,1.0000,1.0000,57.98,199.26,82.58,60.85,69.45,12.47,9.74,271.28,72.09,85.25,0.0000,0.0000,0.0000,0.0000,0.0000,0.0000,0.0000,0.0000,0.0000,0.0000,104304,74663,53998,54750,86225,66964,95775,572442,131417,91336,0,0,0,0,0,0,0,0,0,0,0.0000,0.0000,0.0000,0.0000,0.0000,0.0000,0.3979,0.3656,0.0000,0.0000,0,0,0,0,0,0,0,1,0,0,0,0,0,0,0,0,0,0,0,0,0.1338,0.0848,0.1381,0.0639,0.1022,0.0209,0.0808,0.1172,0.0162,0.1349,0.000,0.000,0.000,0.000,0.000,0.000,0.000,0.165,0.000,0.000,semi-presidential,parliamentary,parliamentary,parliamentary,parliamentary,semi-presidential,semi-presidential,junta,electoral-authoritarian,parliamentary,0.800,0.800,0.800,0.800,0.800,0.800,0.214,0.400,0.500,0.800,100.0,100.0,100.0,100.0,100.0,100.0,100.0,56.4,100.0,100.0
2031-04-01,0.9945,0.9738,0.9780,1.0148,0.9849,0.9762,0.9976,1.0005,1.0030,0.9842,0.9950,0.9879,1.0986,1.0142,1.0291,1.0565,1.0043,0.9763,0.9977,1.0005,1.0030,1.0215,1.0959,0.9879,3682.52,5369.95,4059.30,2783.58,2153.66,1326.01,197.57,2843.55,2056.88,577.80,1.1116,0.6212,1.0616,1.3136,0.9407,0.3695,1.2618,0.2924,0.2268,-0.4589,0.6398,0.7260,0.6433,0.6478,0.7120,0.7307,0.4917,0.6296,0.7215,0.7042,0.0191,0.0138,0.0298,0.0252,0.0223,0.0089,0.0326,0.0006,0.0097,0.0118,0.9627,0.9662,0.9809,0.9689,0.9639,0.9738,0.9934,1.0000,0.9744,1.0000,56.39,195.63,79.29,57.56,67.08,12.27,9.54,264.47,71.27,83.63,0.0000,0.0000,0.0000,0.0000,0.0000,0.0000,0.0000,0.0000,0.0000,0.0000,104304,74663,53998,54750,86225,66964,95775,572442,131417,91336,0,0,0,0,0,0,0,0,0,0,0.0000,0.0000,0.0000,0.0000,0.0000,0.0000,0.3675,0.3262,0.0000,0.0000,0,0,0,0,0,0,0,1,0,0,0,0,0,0,0,0,0,0,0,0,0.1347,0.0851,0.1390,0.0634,0.1030,0.0215,0.0817,0.1182,0.0167,0.1353,0.000,0.000,0.000,0.000,0.000,0.000,0.000,0.164,0.000,0.000,semi-presidential,parliamentary,parliamentary,parliamentary,parliamentary,semi-presidential,semi-presidential,junta,electoral-authoritarian,parliamentary,0.800,0.800,0.800,0.800,0.800,0.800,0.229,0.400,0.500,0.800,100.0,100.0,100.0,100.0,100.0,100.0,100.0,61.9,100.0,100.0
2031-05-01,0.9972,0.9739,0.9822,1.0145,0.9878,0.9760,0.9962,1.0000,1.0011,0.9860,0.9956,0.9909,1.1786,0.9741,1.2208,1.0368,1.0098,0.9760,0.9964,1.0254,1.0014,1.0122,0.9957,0.9921,3689.19,5389.13,4062.81,2791.19,2162.21,1329.09,198.00,2848.36,2068.18,577.22,1.1098,0.6190,1.0604,1.3101,0.9371,0.3671,1.2632,0.2941,0.2263,-0.4736,0.6436,0.7212,0.6479,0.6511,0.7103,0.7343,0.5069,0.6489,0.7057,0.6993,0.0295,0.0190,0.0394,0.0303,0.0342,0.0099,0.0292,0.0003,0.0182,0.0140,1.0000,1.0000,1.0000,1.0000,1.0000,1.0000,1.0000,1.0000,1.0000,1.0000,55.12,195.72,82.04,60.09,67.38,12.09,9.60,258.12,69.63,83.09,0.0000,0.0000,0.0000,0.0000,0.0000,0.0000,0.0000,0.0000,0.0000,0.0000,104304,74663,53998,54750,86225,66964,95775,572442,131417,91336,0,0,0,0,0,0,0,0,0,0,0.0000,0.0000,0.0000,0.0000,0.0000,0.0000,0.3478,0.3065,0.0000,0.0000,0,0,0,0,0,0,0,1,0,0,0,0,0,0,0,0,0,0,0,0,0.1370,0.0877,0.1416,0.0678,0.1047,0.0235,0.0838,0.1197,0.0179,0.1331,0.000,0.000,0.000,0.000,0.000,0.000,0.000,0.162,0.000,0.000,semi-presidential,parliamentary,parliamentary,parliamentary,parliamentary,semi-presidential,semi-presidential,junta,electoral-authoritarian,parliamentary,0.800,0.800,0.800,0.800,0.800,0.800,0.239,0.400,0.500,0.800,100.0,100.0,100.0,100.0,100.0,100.0,100.0,64.7,100.0,100.0
2031-06-01,1.0017,0.9734,0.9875,1.0154,0.9906,0.9757,0.9966,1.0009,1.0002,0.9883,0.9954,0.9958,1.1615,0.9734,1.1911,1.0397,1.0007,0.9757,1.0316,1.0009,1.0003,1.0166,1.0063,0.9965,3706.47,5406.04,4066.33,2797.41,2166.46,1334.04,198.21,2860.72,2080.24,578.05,1.1047,0.6172,1.0590,1.3073,0.9354,0.3643,1.2662,0.2950,0.2258,-0.4870,0.6457,0.7248,0.6531,0.6481,0.6994,0.7369,0.4924,0.6650,0.6863,0.6971,0.0258,0.0166,0.0353,0.0251,0.0276,0.0086,0.0291,0.0003,0.0154,0.0085,1.0000,1.0000,1.0000,1.0000,1.0000,1.0000,1.0000,1.0000,1.0000,1.0000,55.87,195.91,82.41,58.20,66.28,12.36,9.48,260.65,70.21,83.07,0.0000,0.0000,0.0000,0.0000,0.0000,0.0000,0.0000,0.0000,0.0000,0.0000,104304,74663,53998,54750,86225,66964,95775,572442,131417,91336,0,0,0,0,0,0,0,0,0,0,0.0000,0.0000,0.0000,0.0000,0.0000,0.0000,0.3281,0.2867,0.0000,0.0000,0,0,0,0,0,0,0,1,0,0,0,0,0,0,0,0,0,0,0,0,0.1409,0.0904,0.1454,0.0695,0.1084,0.0264,0.0869,0.1228,0.0209,0.1340,0.000,0.000,0.000,0.000,0.000,0.000,0.000,0.159,0.000,0.000,semi-presidential,parliamentary,parliamentary,parliamentary,parliamentary,semi-presidential,semi-presidential,junta,electoral-authoritarian,parliamentary,0.800,0.800,0.800,0.800,0.800,0.800,0.249,0.400,0.500,0.800,100.0,100.0,100.0,100.0,100.0,100.0,100.0,67.6,100.0,100.0
2031-07-01,1.0261,0.9844,0.9930,1.0162,0.9912,0.9738,0.9974,1.0000,1.0025,0.9921,0.9939,0.9980,2.0318,1.4386,1.2209,1.1462,0.9912,0.9740,1.0430,1.0074,1.1238,1.0703,0.9943,0.9981,3725.55,5429.30,4069.66,2798.21,2180.81,1335.68,198.22,2869.43,2090.26,578.69,1.0989,0.6146,1.0577,1.3069,0.9293,0.3623,1.2707,0.2962,0.2255,-0.5006,0.6135,0.7292,0.6624,0.5847,0.7090,0.6800,0.4769,0.6679,0.6856,0.6922,0.1317,0.1263,0.1013,0.1464,0.1348,0.1030,0.0754,0.0049,0.1356,0.0095,0.6217,0.6417,0.8139,0.6438,0.6228,0.6915,0.9613,1.0000,0.6358,1.0000,40.38,161.61,66.99,42.38,48.38,10.82,8.17,181.20,52.46,58.70,0.0000,0.0000,0.0000,0.0000,0.0000,0.0000,0.0000,0.0000,0.0000,0.0000,104304,74663,53998,54750,86225,66964,95775,572442,131417,91336,0,0,0,0,0,0,0,0,0,0,0.0000,0.0000,0.0000,0.0000,0.0000,0.0000,0.3084,0.2670,0.0000,0.0000,0,0,0,0,0,0,0,1,0,0,0,0,0,0,0,0,0,0,0,0,0.1425,0.0894,0.1472,0.0701,0.1095,0.0274,0.0878,0.1262,0.0222,0.1354,0.000,0.000,0.000,0.000,0.000,0.000,0.000,0.159,0.000,0.000,semi-presidential,parliamentary,parliamentary,parliamentary,parliamentary,semi-presidential,semi-presidential,junta,electoral-authoritarian,parliamentary,0.800,0.800,0.800,0.800,0.800,0.800,0.258,0.400,0.500,0.800,100.0,100.0,100.0,100.0,100.0,100.0,100.0,70.6,100.0,100.0
2031-08-01,1.0698,1.0040,0.9987,1.0154,0.9926,0.9719,0.9971,0.9992,1.0053,0.9933,0.9911,0.9995,1.9345,1.3893,1.1715,1.0160,1.0050,0.9722,0.9974,1.0078,1.0713,0.9962,0.9915,0.9999,3739.70,5416.18,4066.30,2800.95,2199.30,1340.95,198.86,2883.56,2099.88,580.52,1.0948,0.6159,1.0582,1.3058,0.9217,0.3594,1.2715,0.2966,0.2252,-0.5281,0.6067,0.6643,0.6289,0.5818,0.6474,0.6647,0.4739,0.6493,0.6224,0.7016,0.1066,0.0966,0.0616,0.1026,0.1116,0.0842,0.0534,0.0027,0.0981,0.0091,0.6856,0.7030,0.8464,0.7056,0.6867,0.7457,0.9693,1.0000,0.7012,1.0000,45.47,180.73,76.19,49.38,57.88,11.09,8.97,209.07,59.44,67.49,0.0000,0.0000,0.0000,0.0000,0.0000,0.0000,0.0000,0.0000,0.0000,0.0000,104304,74663,53998,54750,86225,66964,95775,572442,131417,91336,0,0,0,0,0,0,0,0,0,0,0.0000,0.0000,0.0000,0.0000,0.0000,0.0000,0.2887,0.2473,0.0000,0.0000,0,0,0,0,0,0,0,1,0,0,0,0,0,0,0,0,0,0,0,0,0.1439,0.0938,0.1486,0.0738,0.1107,0.0285,0.0895,0.1332,0.0233,0.1396,0.000,0.000,0.000,0.000,0.000,0.000,0.000,0.160,0.000,0.000,semi-presidential,parliamentary,parliamentary,parliamentary,parliamentary,semi-presidential,semi-presidential,junta,electoral-authoritarian,parliamentary,0.800,0.800,0.800,0.800,0.800,0.800,0.268,0.400,0.500,0.800,100.0,100.0,100.0,100.0,100.0,100.0,100.0,73.4,100.0,100.0
2031-09-01,1.1006,1.0193,1.0014,1.0112,0.9938,0.9719,0.9969,0.9978,1.0044,0.9951,0.9895,1.0011,1.7896,1.3145,1.1021,1.0119,1.0036,1.0408,0.9969,0.9983,1.0046,0.9972,0.9897,1.0015,3750.80,5424.73,4075.59,2812.65,2203.02,1337.88,199.23,2897.63,2108.31,582.46,1.0887,0.6149,1.0556,1.3006,0.9203,0.3586,1.2740,0.2968,0.2251,-0.5414,0.6104,0.6568,0.6377,0.5886,0.6474,0.6646,0.4948,0.6780,0.6267,0.7130,0.0812,0.0750,0.0455,0.0774,0.0834,0.0654,0.0428,0.0000,0.0718,0.0046,0.7590,0.7735,0.8826,0.7766,0.7601,0.8079,0.9761,1.0000,0.7767,1.0000,50.19,187.87,78.31,54.25,62.46,11.51,9.23,233.11,65.17,74.30,0.0000,0.0000,0.0000,0.0000,0.0000,0.0000,0.0000,0.0000,0.0000,0.0000,104304,74663,53998,54750,86225,66964,95775,572442,131417,91336,0,0,0,0,0,0,0,0,0,0,0.0000,0.0000,0.0000,0.0000,0.0000,0.0000,0.2690,0.2276,0.0000,0.0000,0,0,0,0,0,0,0,1,0,0,0,0,0,0,0,0,0,0,0,0,0.1442,0.0946,0.1497,0.0746,0.1118,0.0294,0.0904,0.1380,0.0242,0.1428,0.000,0.000,0.000,0.000,0.000,0.000,0.000,0.164,0.000,0.000,semi-presidential,parliamentary,parliamentary,parliamentary,parliamentary,semi-presidential,semi-presidential,junta,electoral-authoritarian,parliamentary,0.800,0.800,0.800,0.800,0.800,0.800,0.278,0.400,0.500,0.800,100.0,100.0,100.0,100.0,100.0,100.0,100.0,76.5,100.0,100.0
2031-10-01,1.1221,1.0270,1.0011,1.0046,0.9941,0.9738,0.9962,0.9972,1.0039,0.9957,0.9893,1.0016,1.7129,1.1713,1.0084,1.0056,1.0017,0.9898,0.9962,0.9973,1.0039,0.9971,1.0036,1.0018,3762.21,5437.02,4089.66,2819.53,2208.79,1342.08,199.88,2914.00,2116.03,583.78,1.0856,0.6136,1.0519,1.2976,0.9181,0.3556,1.2747,0.2967,0.2251,-0.5554,0.6216,0.6630,0.6439,0.6095,0.6674,0.6719,0.5157,0.6951,0.6257,0.7231,0.0516,0.0487,0.0274,0.0477,0.0534,0.0445,0.0384,0.0001,0.0444,0.0029,0.8785,0.8883,0.9403,0.8923,0.8797,0.9090,0.9850,1.0000,0.9006,1.0000,54.28,194.42,80.20,58.51,65.95,11.86,9.45,253.35,70.80,81.23,0.0000,0.0000,0.0000,0.0000,0.0000,0.0000,0.0000,0.0000,0.0000,0.0000,104304,74663,53998,54750,86225,66964,95775,572442,131417,91336,0,0,0,0,0,0,0,0,0,0,0.0000,0.0000,0.0000,0.0000,0.0000,0.0000,0.2499,0.2079,0.0000,0.0000,0,0,0,0,0,0,0,1,0,0,0,0,0,0,0,0,0,0,0,0,0.1448,0.0951,0.1505,0.0750,0.1125,0.0298,0.0910,0.1405,0.0247,0.1454,0.000,0.000,0.000,0.000,0.000,0.000,0.000,0.164,0.000,0.000,semi-presidential,parliamentary,parliamentary,parliamentary,parliamentary,semi-presidential,semi-presidential,junta,electoral-authoritarian,parliamentary,0.800,0.800,0.800,0.800,0.840,0.800,0.288,0.400,0.500,0.800,100.0,100.0,100.0,100.0,90.0,100.0,100.0,79.6,100.0,100.0
2031-11-01,1.1370,1.0302,1.0030,1.0008,0.9943,0.9766,0.9965,0.9992,1.0048,0.9961,0.9903,1.0004,1.4502,1.0839,1.0558,1.0010,0.9981,1.0614,0.9988,1.0815,1.0137,0.9962,0.9903,1.0006,3771.76,5452.79,4104.86,2818.70,2212.72,1343.14,200.46,2927.65,2122.99,584.83,1.0831,0.6120,1.0480,1.2978,0.9165,0.3542,1.2762,0.2967,0.2252,-0.5698,0.6241,0.6734,0.6599,0.6101,0.6615,0.6850,0.5285,0.6990,0.6442,0.7246,0.0337,0.0265,0.0231,0.0271,0.0329,0.0215,0.0326,0.0009,0.0221,0.0079,0.9522,0.9571,0.9762,0.9606,0.9537,0.9672,0.9935,1.0000,0.9684,1.0000,60.32,204.77,83.97,64.40,72.05,12.57,9.90,282.73,77.24,88.72,0.0000,0.0000,0.0000,0.0000,0.0000,0.0000,0.0000,0.0000,0.0000,0.0000,104304,74663,53998,54750,86225,66964,95775,572442,131417,91336,0,0,0,0,0,0,0,0,0,0,0.0000,0.0000,0.0000,0.0000,0.0000,0.0000,0.2302,0.1882,0.0000,0.0000,0,0,0,0,0,0,0,1,0,0,0,0,0,0,0,0,0,0,0,0,0.1299,0.0877,0.1343,0.0672,0.1002,0.0276,0.0882,0.1405,0.0218,0.1476,0.000,0.000,0.000,0.000,0.000,0.000,0.000,0.166,0.000,0.000,semi-presidential,parliamentary,parliamentary,parliamentary,parliamentary,semi-presidential,semi-presidential,junta,electoral-authoritarian,parliamentary,0.800,0.800,0.840,0.800,0.836,0.800,0.298,0.400,0.500,0.800,100.0,100.0,90.0,100.0,91.2,30.0,100.0,82.7,100.0,100.0
2031-12-01,1.1411,1.0337,1.0058,0.9980,0.9950,0.9778,0.9969,1.0005,1.0032,0.9938,0.9908,0.9995,1.1549,1.1500,1.1393,0.9983,1.0077,0.9797,0.9969,1.0511,1.0036,0.9944,0.9911,0.9995,3778.94,5468.80,4101.81,2820.93,2218.88,1350.69,200.34,2948.01,2136.01,587.53,1.0813,0.6102,1.0488,1.2968,0.9141,0.3506,1.2801,0.2961,0.2246,-0.5826,0.6310,0.6966,0.6486,0.6203,0.6768,0.6955,0.5266,0.7314,0.6572,0.7350,0.0260,0.0175,0.0203,0.0238,0.0280,0.0105,0.0232,0.0004,0.0164,0.0093,0.9006,0.9094,0.9511,0.9136,0.9018,0.9276,0.9869,1.0000,0.9231,1.0000,65.19,211.82,86.65,68.21,77.26,13.02,10.17,305.22,80.70,92.03,0.0000,0.0000,0.0000,0.0000,0.0000,0.0000,0.0000,0.0000,0.0000,0.0000,104304,74663,53998,54750,86225,66964,95775,572442,131417,91336,0,0,0,0,0,0,0,0,0,0,0.0000,0.0000,0.0000,0.0000,0.0000,0.0000,0.2105,0.1685,0.0000,0.0000,0,0,0,0,0,0,0,1,0,0,0,0,0,0,0,0,0,0,0,0,0.1393,0.0919,0.1442,0.0717,0.1075,0.0283,0.0892,0.1417,0.0227,0.1475,0.000,0.000,0.000,0.000,0.000,0.000,0.000,0.168,0.000,0.000,semi-presidential,parliamentary,parliamentary,parliamentary,parliamentary,semi-presidential,semi-presidential,junta,electoral-authoritarian,parliamentary,0.800,0.800,0.830,0.800,0.826,0.800,0.307,0.400,0.500,0.800,100.0,100.0,92.4,100.0,94.1,32.8,100.0,86.0,100.0,100.0
2032-01-01,1.1349,1.0376,1.0092,0.9975,0.9981,0.9783,0.9959,1.0009,1.0030,0.9934,0.9894,0.9983,1.1349,1.1244,1.1018,1.0243,1.0163,0.9798,0.9961,1.0048,1.0044,1.0044,0.9895,0.9984,3789.02,5509.51,4117.35,2822.88,2229.03,1356.98,200.47,2962.67,2146.87,590.40,1.0786,0.6058,1.0450,1.2960,0.9101,0.3474,1.2824,0.2961,0.2242,-0.5952,0.6361,0.7158,0.6499,0.6143,0.6897,0.7081,0.5252,0.7388,0.6631,0.7314,0.0172,0.0126,0.0290,0.0187,0.0214,0.0074,0.0054,0.0001,0.0111,0.0078,0.9240,0.9318,0.9623,0.9363,0.9252,0.9474,0.9886,1.0000,0.9474,1.0000,64.37,213.46,89.92,67.41,75.39,13.61,10.07,296.21,80.04,96.51,0.0000,0.0000,0.0000,0.0000,0.0000,0.0000,0.0000,0.0000,0.0000,0.0000,104304,74663,53998,54750,86225,66964,95775,572442,131417,91336,0,0,0,0,0,0,0,0,0,0,0.0000,0.0000,0.0000,0.0000,0.0000,0.0000,0.1980,0.1488,0.0000,0.0000,0,0,0,0,0,0,0,1,0,0,0,0,0,0,0,0,0,0,0,0,0.1131,0.0788,0.1151,0.0576,0.0859,0.0251,0.0848,0.1264,0.0181,0.1485,0.000,0.000,0.000,0.000,0.000,0.000,0.000,0.168,0.000,0.000,semi-presidential,parliamentary,parliamentary,parliamentary,parliamentary,semi-presidential,semi-presidential,junta,electoral-authoritarian,parliamentary,0.800,0.800,0.810,0.800,0.816,0.800,0.314,0.400,0.500,0.800,100.0,100.0,97.3,100.0,97.1,35.7,100.0,89.4,100.0,100.0
2032-02-01,1.1263,1.0393,1.0105,0.9936,1.0018,0.9799,0.9948,1.0020,1.0015,0.9923,0.9876,0.9964,1.1271,1.0881,1.0107,0.9938,1.0183,1.0300,0.9950,1.0525,1.0018,0.9925,0.9879,0.9964,3786.79,5517.37,4123.54,2829.82,2231.42,1365.30,201.40,2972.74,2161.58,591.94,1.0794,0.6050,1.0435,1.2930,0.9093,0.3438,1.2818,0.2966,0.2243,-0.6090,0.6388,0.7246,0.6642,0.6386,0.6839,0.7173,0.5484,0.7334,0.6832,0.7301,0.0095,0.0065,0.0086,0.0088,0.0121,0.0047,0.0039,0.0003,0.0043,0.0087,0.9568,0.9616,0.9785,0.9644,0.9576,0.9708,0.9906,1.0000,0.9717,1.0000,64.62,214.31,88.00,68.52,76.66,13.64,10.18,301.13,81.49,97.67,0.0000,0.0000,0.0000,0.0000,0.0000,0.0000,0.0000,0.0000,0.0000,0.0000,104304,74663,53998,54750,86225,66964,95775,572442,131417,91336,0,0,0,0,0,0,0,0,0,0,0.0000,0.0000,0.0000,0.0000,0.0000,0.0000,0.1783,0.1290,0.0000,0.0000,0,0,0,0,0,0,0,1,0,0,0,0,0,0,0,0,0,0,0,0,0.1396,0.0914,0.1448,0.0713,0.1076,0.0269,0.0883,0.1299,0.0213,0.1474,0.000,0.000,0.000,0.000,0.000,0.000,0.000,0.169,0.000,0.000,semi-presidential,parliamentary,parliamentary,parliamentary,parliamentary,semi-presidential,semi-presidential,junta,electoral-authoritarian,parliamentary,0.800,0.800,0.801,0.800,0.806,0.800,0.323,0.400,0.500,0.800,100.0,100.0,99.7,100.0,100.0,38.7,100.0,92.7,100.0,100.0
2032-03-01,1.1181,1.0401,1.0083,0.9915,1.0034,0.9816,0.9945,1.0020,1.0005,0.9919,0.9884,0.9957,1.1192,1.0402,1.0088,1.0155,1.0188,1.0285,1.0522,1.0220,1.0006,1.0052,1.0352,0.9960,3790.22,5537.78,4113.30,2838.25,2242.58,1365.57,201.85,2982.99,2169.40,592.39,1.0786,0.6028,1.0462,1.2892,0.9047,0.3422,1.2842,0.2970,0.2243,-0.6239,0.6460,0.7359,0.6467,0.6542,0.6910,0.7227,0.5669,0.7189,0.6890,0.7352,0.0051,0.0010,0.0219,0.0036,0.0070,0.0006,0.0075,0.0007,0.0004,0.0106,1.0000,1.0000,1.0000,1.0000,1.0000,1.0000,1.0000,1.0000,1.0000,1.0000,64.53,215.46,90.84,68.53,76.26,14.34,10.13,299.85,80.91,97.23,0.0000,0.0000,0.0000,0.0000,0.0000,0.0000,0.0000,0.0000,0.0000,0.0000,104304,74663,53998,54750,86225,66964,95775,572442,131417,91336,0,0,0,0,0,0,0,0,0,0,0.0000,0.0000,0.0000,0.0000,0.0000,0.0000,0.1586,0.1093,0.0000,0.0000,0,0,0,0,0,0,0,1,0,0,0,0,0,0,0,0,0,0,0,0,0.1206,0.0818,0.1237,0.0610,0.0921,0.0254,0.0854,0.1248,0.0186,0.1485,0.000,0.000,0.000,0.000,0.000,0.000,0.000,0.169,0.000,0.000,semi-presidential,parliamentary,parliamentary,parliamentary,parliamentary,semi-presidential,semi-presidential,junta,electoral-authoritarian,parliamentary,0.800,0.800,0.800,0.800,0.800,0.800,0.333,0.400,0.500,0.800,100.0,100.0,100.0,100.0,100.0,41.7,100.0,96.0,100.0,100.0
2032-04-01,1.1115,1.0390,1.0050,0.9899,1.0044,0.9848,0.9951,1.0021,0.9992,0.9911,0.9863,0.9956,1.1115,1.0392,1.0059,1.0130,1.0081,1.1317,0.9953,1.0230,0.9993,0.9912,0.9865,0.9956,3795.97,5564.05,4124.36,2850.67,2252.29,1373.78,202.20,2987.19,2183.13,593.80,1.0772,0.6000,1.0435,1.2836,0.9008,0.3386,1.2872,0.2981,0.2236,-0.6378,0.6589,0.7431,0.6507,0.6635,0.6987,0.7314,0.5630,0.7190,0.6949,0.7287,0.0038,0.0032,0.0182,0.0034,0.0034,0.0018,0.0017,0.0001,0.0007,0.0024,1.0000,1.0000,1.0000,1.0000,1.0000,1.0000,1.0000,1.0000,1.0000,1.0000,64.64,216.10,90.88,68.89,76.94,14.37,10.21,301.90,81.24,97.02,0.0000,0.0000,0.0000,0.0000,0.0000,0.0000,0.0000,0.0000,0.0000,0.0000,104304,74663,53998,54750,86225,66964,95775,572442,131417,91336,0,0,0,0,0,0,0,0,0,0,0.0000,0.0000,0.0000,0.0000,0.0000,0.0000,0.1389,0.0896,0.0000,0.0000,0,0,0,0,0,0,0,1,0,0,0,0,0,0,0,0,0,0,0,0,0.1401,0.0913,0.1455,0.0713,0.1080,0.0273,0.0882,0.1272,0.0211,0.1463,0.000,0.000,0.000,0.000,0.000,0.000,0.000,0.170,0.000,0.000,semi-presidential,parliamentary,parliamentary,parliamentary,parliamentary,semi-presidential,semi-presidential,junta,electoral-authoritarian,parliamentary,0.800,0.800,0.800,0.800,0.800,0.800,0.343,0.400,0.500,0.800,100.0,100.0,100.0,100.0,100.0,44.7,100.0,99.2,100.0,100.0
2032-05-01,1.1042,1.0365,1.0002,0.9890,1.0054,0.9887,0.9938,1.0027,0.9969,0.9913,0.9853,0.9951,1.1049,1.0367,1.0004,1.0226,1.0220,1.1217,0.9941,1.0284,0.9973,0.9999,0.9852,0.9951,3801.31,5573.71,4135.72,2859.91,2264.35,1377.55,202.69,2992.28,2193.07,595.15,1.0758,0.5990,1.0408,1.2794,0.8960,0.3361,1.2893,0.2991,0.2234,-0.6515,0.6639,0.7537,0.6557,0.6608,0.7135,0.7351,0.5754,0.7180,0.6999,0.7271,0.0037,0.0032,0.0198,0.0104,0.0064,0.0016,0.0053,0.0002,0.0007,0.0072,1.0000,1.0000,1.0000,1.0000,1.0000,1.0000,1.0000,1.0000,1.0000,1.0000,62.80,213.76,89.98,66.75,74.75,14.44,9.93,291.26,79.12,96.80,0.0000,0.0000,0.0000,0.0000,0.0000,0.0000,0.0000,0.0000,0.0000,0.0000,104304,74663,53998,54750,86225,66964,95775,572442,131417,91336,0,0,0,0,0,0,0,0,0,0,0.0000,0.0000,0.0000,0.0000,0.0000,0.0000,0.1192,0.0699,0.0000,0.0000,0,0,0,0,0,0,0,1,0,0,0,0,0,0,0,0,0,0,0,0,0.1392,0.0903,0.1433,0.0701,0.1076,0.0270,0.0879,0.1230,0.0213,0.1490,0.000,0.000,0.000,0.000,0.000,0.000,0.000,0.170,0.000,0.000,semi-presidential,parliamentary,parliamentary,parliamentary,parliamentary,semi-presidential,semi-presidential,junta,electoral-authoritarian,parliamentary,0.800,0.800,0.800,0.800,0.800,0.800,0.353,0.400,0.500,0.800,30.0,100.0,100.0,100.0,100.0,47.7,100.0,100.0,100.0,100.0
2032-06-01,1.0942,1.0314,0.9936,0.9890,1.0048,0.9915,0.9940,1.0020,0.9964,0.9898,0.9880,0.9962,1.0957,1.0324,0.9944,1.0124,1.0049,1.0126,1.0179,1.0021,1.0348,0.9903,1.0463,0.9965,3824.02,5581.63,4151.40,2870.61,2278.55,1385.79,203.26,3009.72,2200.57,594.96,1.0696,0.5981,1.0369,1.2748,0.8906,0.3326,1.2907,0.2990,0.2234,-0.6669,0.6696,0.7556,0.6702,0.6721,0.7163,0.7396,0.5672,0.7069,0.7226,0.7334,0.0030,0.0005,0.0182,0.0008,0.0030,0.0003,0.0060,0.0019,0.0015,0.0049,1.0000,1.0000,1.0000,1.0000,1.0000,1.0000,1.0000,1.0000,1.0000,1.0000,62.85,213.51,90.29,67.20,75.28,14.42,10.04,292.44,79.19,96.07,0.0000,0.0000,0.0000,0.0000,0.0000,0.0000,0.0000,0.0000,0.0000,0.0000,104304,74663,53998,54750,86225,66964,95775,572442,131417,91336,0,0,0,0,0,0,0,0,0,0,0.0000,0.0000,0.0000,0.0000,0.0000,0.0000,0.0994,0.0502,0.0000,0.0000,0,0,0,0,0,0,0,1,0,0,0,0,0,0,0,0,0,0,0,0,0.1403,0.0914,0.1452,0.0715,0.1087,0.0275,0.0870,0.1220,0.0215,0.1462,0.000,0.000,0.000,0.000,0.000,0.000,0.000,0.169,0.000,0.000,semi-presidential,parliamentary,parliamentary,parliamentary,parliamentary,semi-presidential,semi-presidential,junta,electoral-authoritarian,parliamentary,0.800,0.800,0.800,0.800,0.800,0.800,0.363,0.400,0.500,0.800,33.0,100.0,100.0,100.0,100.0,50.8,100.0,100.0,100.0,100.0
2032-07-01,1.0843,1.0270,0.9883,0.9878,1.0041,0.9906,0.9947,0.9987,0.9981,0.9898,0.9892,0.9983,1.0843,1.0278,0.9895,1.0106,1.0044,0.9913,0.9948,0.9990,1.0511,0.9998,1.0679,0.9989,3839.71,5589.94,4174.64,2879.43,2290.52,1391.75,203.42,3021.61,2208.65,596.51,1.0653,0.5973,1.0312,1.2711,0.8861,0.3297,1.2944,0.2994,0.2234,-0.6803,0.6847,0.7555,0.6840,0.6847,0.7261,0.7410,0.5812,0.6976,0.7301,0.7298,0.0025,0.0000,0.0182,0.0006,0.0031,0.0000,0.0046,0.0024,0.0019,0.0052,1.0000,1.0000,1.0000,1.0000,1.0000,1.0000,1.0000,1.0000,1.0000,1.0000,61.78,211.07,88.64,65.60,73.24,14.17,9.68,285.86,78.47,95.24,0.0000,0.0000,0.0000,0.0000,0.0000,0.0000,0.0000,0.0000,0.0000,0.0000,104304,74663,53998,54750,86225,66964,95775,572442,131417,91336,0,0,0,0,0,0,0,0,0,0,0.0000,0.0000,0.0000,0.0000,0.0000,0.0000,0.0797,0.0305,0.0000,0.0000,0,0,0,0,0,0,0,1,0,0,0,0,0,0,0,0,0,0,0,0,0.1424,0.0928,0.1522,0.0730,0.1102,0.0287,0.0872,0.1201,0.0228,0.1436,0.000,0.000,0.000,0.000,0.000,0.000,0.000,0.167,0.000,0.000,semi-presidential,parliamentary,parliamentary,parliamentary,parliamentary,semi-presidential,semi-presidential,junta,electoral-authoritarian,parliamentary,0.800,0.800,0.800,0.800,0.800,0.800,0.373,0.400,0.500,0.800,35.5,100.0,100.0,100.0,100.0,53.9,100.0,100.0,100.0,100.0
2032-08-01,1.0726,1.0219,0.9864,0.9866,1.0041,0.9872,0.9939,0.9970,0.9994,0.9904,0.9932,1.0002,1.0735,1.0223,0.9870,1.0100,1.0258,0.9873,0.9942,0.9973,1.0080,1.0044,1.1324,1.0006,3856.27,5599.99,4195.30,2892.93,2302.49,1396.59,203.93,3025.58,2220.82,597.44,1.0608,0.5963,1.0262,1.2653,0.8817,0.3270,1.2956,0.3007,0.2230,-0.6942,0.6851,0.7547,0.6896,0.6955,0.7310,0.7441,0.5914,0.6904,0.7203,0.7276,0.0043,0.0000,0.0222,0.0039,0.0081,0.0000,0.0064,0.0010,0.0004,0.0140,1.0000,1.0000,1.0000,1.0000,1.0000,1.0000,1.0000,1.0000,1.0000,1.0000,62.03,210.86,88.32,65.41,73.58,13.88,9.69,287.51,78.76,94.59,0.0000,0.0000,0.0000,0.0000,0.0000,0.0000,0.0000,0.0000,0.0000,0.0000,104304,74663,53998,54750,86225,66964,95775,572442,131417,91336,0,0,0,0,0,0,0,0,0,0,0.0000,0.0000,0.0000,0.0000,0.0000,0.0000,0.0600,0.0108,0.0000,0.0000,0,0,0,0,0,0,0,1,0,0,0,0,0,0,0,0,0,0,0,0,0.1487,0.0939,0.1535,0.0740,0.1181,0.0298,0.0909,0.1246,0.0241,0.1436,0.000,0.000,0.000,0.000,0.000,0.000,0.000,0.166,0.000,0.000,semi-presidential,parliamentary,parliamentary,parliamentary,parliamentary,semi-presidential,semi-presidential,junta,electoral-authoritarian,parliamentary,0.800,0.800,0.800,0.800,0.800,0.800,0.383,0.400,0.500,0.800,38.5,100.0,100.0,100.0,100.0,57.0,100.0,100.0,100.0,100.0
2032-09-01,1.0669,1.0174,0.9862,0.9879,1.0064,0.9880,0.9928,0.9975,0.9982,0.9907,0.9951,1.0014,1.0703,1.0183,1.0301,1.0266,1.0187,1.0165,0.9928,1.0310,0.9982,1.0023,1.0257,1.0014,3881.26,5631.91,4202.40,2897.68,2310.06,1403.40,204.26,3029.25,2236.14,597.82,1.0541,0.5929,1.0245,1.2634,0.8790,0.3239,1.2976,0.3021,0.2223,-0.7086,0.6866,0.7544,0.6919,0.6934,0.7431,0.7501,0.5911,0.6846,0.7139,0.7202,0.0062,0.0021,0.0222,0.0141,0.0081,0.0004,0.0171,0.0004,0.0019,0.0079,1.0000,1.0000,1.0000,1.0000,1.0000,1.0000,1.0000,1.0000,1.0000,1.0000,64.36,213.83,86.86,63.86,75.86,13.86,10.17,299.84,80.05,93.80,0.0000,0.0000,0.0000,0.0000,0.0000,0.0000,0.0000,0.0000,0.0000,0.0000,104304,74663,53998,54750,86225,66964,95775,572442,131417,91336,0,0,0,0,0,0,0,0,0,0,0.0000,0.0000,0.0000,0.0000,0.0000,0.0000,0.0403,0.0000,0.0000,0.0000,0,0,0,0,0,0,0,1,0,0,0,0,0,0,0,0,0,0,0,0,0.1464,0.0931,0.1505,0.0771,0.1168,0.0303,0.0915,0.1308,0.0246,0.1448,0.000,0.000,0.000,0.000,0.000,0.000,0.000,0.165,0.000,0.000,semi-presidential,parliamentary,parliamentary,parliamentary,parliamentary,semi-presidential,semi-presidential,junta,electoral-authoritarian,parliamentary,0.800,0.800,0.800,0.800,0.800,0.800,0.392,0.400,0.500,0.800,41.6,100.0,100.0,100.0,100.0,60.1,100.0,100.0,100.0,100.0
2032-10-01,1.0635,1.0122,0.9875,0.9901,1.0076,0.9879,0.9925,1.0000,0.9971,0.9909,0.9977,1.0009,1.0636,1.0124,1.0310,1.0230,1.0217,0.9878,0.9929,1.0449,0.9973,1.0016,1.0868,1.0009,3898.01,5652.35,4205.58,2905.46,2319.06,1408.73,205.08,3046.49,2249.66,598.43,1.0493,0.5908,1.0237,1.2601,0.8758,0.3211,1.2965,0.3022,0.2217,-0.7227,0.6844,0.7531,0.6820,0.6943,0.7511,0.7500,0.6060,0.7029,0.7137,0.7127,0.0081,0.0015,0.0248,0.0109,0.0097,0.0000,0.0093,0.0007,0.0018,0.0120,1.0000,1.0000,1.0000,1.0000,1.0000,1.0000,1.0000,1.0000,1.0000,1.0000,63.90,214.53,88.74,64.55,75.77,14.13,10.15,296.99,79.91,93.77,0.0000,0.0000,0.0000,0.0000,0.0000,0.0000,0.0000,0.0000,0.0000,0.0000,104304,74663,53998,54750,86225,66964,95775,572442,131417,91336,0,0,0,0,0,0,0,0,0,0,0.0000,0.0000,0.0000,0.0000,0.0000,0.0000,0.0206,0.0000,0.0000,0.0000,0,0,0,0,0,0,0,1,0,0,0,0,0,0,0,0,0,0,0,0,0.1388,0.0897,0.1426,0.0736,0.1105,0.0294,0.0901,0.1281,0.0234,0.1442,0.000,0.000,0.000,0.000,0.000,0.000,0.000,0.166,0.000,0.000,semi-presidential,parliamentary,parliamentary,parliamentary,parliamentary,semi-presidential,semi-presidential,junta,electoral-authoritarian,parliamentary,0.811,0.800,0.800,0.800,0.800,0.800,0.402,0.400,0.500,0.800,44.2,100.0,100.0,100.0,100.0,63.3,100.0,100.0,100.0,100.0
2032-11-01,1.0566,1.0074,0.9876,0.9908,1.0101,0.9901,0.9903,0.9997,0.9959,0.9913,1.0012,0.9987,1.0577,1.0078,0.9882,1.0164,1.0277,1.0417,0.9904,1.0062,1.0139,0.9976,1.1234,0.9989,3907.14,5662.68,4213.65,2912.23,2336.09,1413.41,205.33,3059.02,2256.95,599.92,1.0468,0.5899,1.0218,1.2603,0.8697,0.3185,1.2988,0.3028,0.2218,-0.7357,0.6738,0.7567,0.6730,0.6938,0.7357,0.7489,0.6228,0.6964,0.7047,0.7171,0.0051,0.0011,0.0221,0.0057,0.0080,0.0006,0.0074,0.0012,0.0009,0.0120,1.0000,1.0000,1.0000,1.0000,1.0000,1.0000,1.0000,1.0000,1.0000,1.0000,62.58,213.21,88.55,64.24,74.16,14.12,9.86,291.29,79.48,93.51,0.0000,0.0000,0.0000,0.0000,0.0000,0.0000,0.0000,0.0000,0.0000,0.0000,104304,74663,53998,54750,86225,66964,95775,572442,131417,91336,0,0,0,0,0,0,0,0,0,0,0.0000,0.0000,0.0000,0.0000,0.0000,0.0000,0.0009,0.0000,0.0000,0.0000,0,0,0,0,0,0,0,1,0,0,0,0,0,0,0,0,0,0,0,0,0.1335,0.0866,0.1369,0.0705,0.1052,0.0277,0.0886,0.1233,0.0215,0.1421,0.000,0.000,0.000,0.000,0.000,0.000,0.000,0.167,0.000,0.000,semi-presidential,parliamentary,parliamentary,parliamentary,parliamentary,semi-presidential,semi-presidential,junta,electoral-authoritarian,parliamentary,0.802,0.800,0.800,0.800,0.800,0.800,0.412,0.400,0.500,0.800,47.2,100.0,100.0,100.0,100.0,66.4,100.0,100.0,100.0,100.0
2032-12-01,1.0496,1.0051,0.9897,0.9898,1.0111,0.9903,0.9871,1.0005,0.9954,0.9912,1.0039,0.9957,1.0507,1.0056,1.1064,1.0061,1.0113,0.9905,0.9874,1.0006,0.9955,0.9913,1.0485,0.9965,3907.17,5676.73,4200.02,2919.84,2339.44,1416.51,205.99,3074.38,2268.10,601.90,1.0469,0.5885,1.0252,1.2573,0.8687,0.3163,1.2985,0.3031,0.2215,-0.7480,0.6563,0.7461,0.6508,0.6776,0.7160,0.7476,0.6168,0.6997,0.6897,0.7178,0.0095,0.0038,0.0195,0.0081,0.0089,0.0000,0.0018,0.0002,0.0047,0.0038,1.0000,1.0000,1.0000,1.0000,1.0000,1.0000,1.0000,1.0000,1.0000,1.0000,62.81,213.16,89.79,66.89,75.69,14.20,10.02,292.96,79.32,93.68,0.0000,0.0000,0.0000,0.0000,0.0000,0.0000,0.0000,0.0000,0.0000,0.0000,104304,74663,53998,54750,86225,66964,95775,572442,131417,91336,0,0,0,0,0,0,0,0,0,0,0.0000,0.0000,0.0000,0.0000,0.0000,0.0000,0.0000,0.0000,0.0000,0.0000,0,0,0,0,0,0,0,1,0,0,0,0,0,0,0,0,0,0,0,0,0.1113,0.0759,0.1145,0.0596,0.0869,0.0283,0.0825,0.1202,0.0165,0.1384,0.000,0.000,0.000,0.000,0.000,0.000,0.000,0.169,0.000,0.000,semi-presidential,parliamentary,parliamentary,parliamentary,parliamentary,semi-presidential,semi-presidential,junta,electoral-authoritarian,parliamentary,0.800,0.800,0.800,0.800,0.800,0.800,0.422,0.400,0.500,0.800,50.1,100.0,100.0,100.0,100.0,69.5,100.0,100.0,100.0,100.0
2033-01-01,1.0464,1.0023,0.9924,0.9889,1.0106,0.9892,0.9847,1.0000,0.9925,0.9892,1.0042,0.9930,1.0466,1.0026,1.1065,1.0113,1.0184,0.9896,0.9850,1.0000,0.9927,0.9894,1.0063,0.9933,3910.68,5679.44,4185.34,2926.22,2343.85,1422.44,206.02,3075.38,2282.11,602.55,1.0461,0.5883,1.0286,1.2548,0.8673,0.3134,1.3057,0.3049,0.2209,-0.7618,0.6489,0.7303,0.6302,0.6802,0.7069,0.7580,0.6128,0.6833,0.6921,0.7156,0.0079,0.0037,0.0224,0.0091,0.0097,0.0000,0.0008,0.0000,0.0045,0.0039,1.0000,1.0000,1.0000,1.0000,1.0000,1.0000,1.0000,1.0000,1.0000,1.0000,63.63,213.28,88.73,65.93,76.55,14.04,10.21,298.78,80.19,93.08,0.0000,0.0000,0.0000,0.0000,0.0000,0.0000,0.0000,0.0000,0.0000,0.0000,104304,74663,53998,54750,86225,66964,95775,572442,131417,91336,0,0,0,0,0,0,0,0,0,0,0.0000,0.0000,0.0000,0.0000,0.0000,0.0000,0.0000,0.0000,0.0000,0.0000,0,0,0,0,0,0,0,1,0,0,0,0,0,0,0,0,0,0,0,0,0.1197,0.0784,0.1226,0.0621,0.0934,0.0282,0.0844,0.1215,0.0212,0.1395,0.000,0.000,0.000,0.000,0.000,0.000,0.000,0.172,0.000,0.000,semi-presidential,parliamentary,parliamentary,parliamentary,parliamentary,semi-presidential,semi-presidential,junta,electoral-authoritarian,parliamentary,0.800,0.800,0.800,0.800,0.800,0.800,0.442,0.400,0.500,0.800,52.9,100.0,100.0,100.0,100.0,72.7,100.0,100.0,100.0,100.0
2033-02-01,1.0424,1.0004,0.9941,0.9871,1.0097,0.9886,0.9847,1.0012,0.9924,0.9870,1.0046,0.9897,1.0433,1.0005,1.0995,1.0103,1.0147,0.9887,0.9848,1.0218,0.9924,0.9877,1.0402,0.9904,3894.84,5677.24,4167.90,2924.27,2342.82,1429.36,206.35,3076.15,2298.78,602.44,1.0504,0.5886,1.0329,1.2559,0.8679,0.3104,1.3072,0.3067,0.2201,-0.7780,0.6343,0.7254,0.6092,0.6695,0.6842,0.7520,0.6062,0.6618,0.6945,0.7098,0.0094,0.0034,0.0243,0.0081,0.0098,0.0000,0.0041,0.0003,0.0042,0.0059,1.0000,1.0000,1.0000,1.0000,1.0000,1.0000,1.0000,1.0000,1.0000,1.0000,62.16,213.15,89.81,66.60,75.78,14.18,10.01,293.41,80.23,92.98,0.0000,0.0000,0.0000,0.0000,0.0000,0.0000,0.0000,0.0000,0.0000,0.0000,104304,74663,53998,54750,86225,66964,95775,572442,131417,91336,0,0,0,0,0,0,0,0,0,0,0.0000,0.0000,0.0000,0.0000,0.0000,0.0000,0.0000,0.0000,0.0000,0.0000,0,0,0,0,0,0,0,1,0,0,0,0,0,0,0,0,0,0,0,0,0.1095,0.0732,0.1147,0.0569,0.0849,0.0257,0.0816,0.1176,0.0184,0.1394,0.000,0.000,0.000,0.000,0.000,0.000,0.000,0.175,0.000,0.000,semi-presidential,parliamentary,parliamentary,parliamentary,parliamentary,semi-presidential,semi-presidential,junta,electoral-authoritarian,parliamentary,0.800,0.800,0.800,0.800,0.800,0.800,0.452,0.400,0.500,0.800,55.6,100.0,100.0,100.0,100.0,75.8,100.0,100.0,100.0,100.0
2033-03-01,1.0406,0.9997,0.9966,0.9875,1.0068,0.9887,0.9826,1.0024,0.9912,0.9851,1.0063,0.9874,1.0465,0.9999,1.1020,1.0149,1.0072,0.9981,0.9829,1.0619,0.9913,0.9855,1.0716,0.9877,3892.74,5665.70,4172.03,2925.13,2346.74,1435.62,206.35,3082.23,2308.10,602.44,1.0512,0.5898,1.0320,1.2558,0.8666,0.3075,1.3072,0.3080,0.2201,-0.7780,0.6208,0.7146,0.5962,0.6540,0.6892,0.7534,0.6062,0.6849,0.6787,0.7098,0.0124,0.0038,0.0276,0.0095,0.0106,0.0001,0.0268,0.0006,0.0043,0.0085,1.0000,1.0000,1.0000,1.0000,1.0000,1.0000,1.0000,1.0000,1.0000,1.0000,63.48,214.16,90.03,66.85,77.14,14.38,10.22,301.62,81.36,91.71,0.0000,0.0000,0.0000,0.0000,0.0000,0.0000,0.0000,0.0000,0.0000,0.0000,104304,74663,53998,54750,86225,66964,95775,572442,131417,91336,0,0,0,0,0,0,0,0,0,0,0.0000,0.0000,0.0000,0.0000,0.0000,0.0000,0.0000,0.0000,0.0000,0.0000,0,0,0,0,0,0,0,1,0,0,0,0,0,0,0,0,0,0,0,0,0.1265,0.0801,0.1342,0.0648,0.0988,0.0262,0.0747,0.1217,0.0198,0.1401,0.000,0.000,0.000,0.000,0.000,0.000,0.000,0.177,0.000,0.000,semi-presidential,parliamentary,parliamentary,parliamentary,parliamentary,semi-presidential,semi-presidential,junta,electoral-authoritarian,parliamentary,0.800,0.800,0.800,0.800,0.800,0.800,0.452,0.400,0.500,0.800,58.3,100.0,100.0,100.0,100.0,79.0,100.0,100.0,100.0,100.0
2033-04-01,1.0395,1.0006,0.9983,0.9895,1.0016,0.9848,0.9819,1.0037,0.9924,0.9866,1.0077,0.9876,1.0448,1.0547,1.0583,1.0326,1.0027,0.9858,1.0208,1.0701,1.0739,1.0041,1.0678,0.9879,3904.18,5664.09,4191.31,2933.30,2350.37,1437.92,206.63,3083.45,2325.08,605.26,1.0483,0.5900,1.0273,1.2526,0.8655,0.3056,1.3122,0.3098,0.2192,-0.8035,0.6293,0.7113,0.6142,0.6542,0.6913,0.7479,0.5684,0.6840,0.6692,0.7095,0.0175,0.0087,0.0320,0.0208,0.0174,0.0048,0.0341,0.0040,0.0098,0.0122,0.9504,0.9555,0.9750,0.9590,0.9516,0.9660,0.9913,1.0000,0.9672,1.0000,63.73,213.90,87.89,63.82,76.39,14.66,10.20,301.95,82.49,92.54,0.0000,0.0000,0.0000,0.0000,0.0000,0.0000,0.0000,0.0000,0.0000,0.0000,104304,74663,53998,54750,86225,66964,95775,572442,131417,91336,0,0,0,0,0,0,0,0,0,0,0.0000,0.0000,0.0000,0.0000,0.0000,0.0000,0.0000,0.0000,0.0000,0.0000,0,0,0,0,0,0,0,1,0,0,0,0,0,0,0,0,0,0,0,0,0.1429,0.0853,0.1478,0.0693,0.1092,0.0274,0.0749,0.1210,0.0218,0.1410,0.000,0.000,0.000,0.000,0.000,0.000,0.000,0.178,0.000,0.000,semi-presidential,parliamentary,parliamentary,parliamentary,parliamentary,semi-presidential,semi-presidential,junta,electoral-authoritarian,parliamentary,0.800,0.800,0.800,0.800,0.800,0.800,0.471,0.400,0.500,0.800,61.0,30.0,100.0,100.0,100.0,82.1,100.0,100.0,100.0,100.0
2033-05-01,1.0388,1.0012,0.9991,0.9911,1.0116,0.9799,0.9825,1.0094,0.9942,0.9885,1.0100,0.9884,1.0678,1.0012,1.0668,1.0253,1.1021,0.9800,0.9828,1.2485,1.0614,1.0110,1.0989,0.9886,3926.77,5668.01,4202.96,2937.75,2358.70,1445.12,206.62,3091.41,2340.48,604.75,1.0424,0.5899,1.0245,1.2510,0.8624,0.3026,1.3164,0.3109,0.2186,-0.8188,0.6419,0.7156,0.6169,0.6561,0.6647,0.7521,0.5536,0.6748,0.6721,0.6737,0.0205,0.0038,0.0481,0.0291,0.0381,0.0012,0.0424,0.0045,0.0058,0.0589,1.0000,1.0000,1.0000,1.0000,1.0000,1.0000,1.0000,1.0000,1.0000,1.0000,63.64,217.60,90.96,64.98,76.66,14.73,9.99,301.53,82.77,91.93,0.0000,0.0000,0.0000,0.0000,0.0000,0.0000,0.0000,0.0000,0.0000,0.0000,104304,74663,53998,54750,86225,66964,95775,572442,131417,91336,0,0,0,0,0,0,0,0,0,0,0.0000,0.0000,0.0000,0.0000,0.0000,0.0000,0.0000,0.0000,0.0000,0.0000,0,0,0,0,0,0,0,1,0,0,0,0,0,0,0,0,0,0,0,0,0.1325,0.0820,0.1360,0.0652,0.1005,0.0280,0.0829,0.1246,0.0211,0.1413,0.000,0.000,0.000,0.000,0.000,0.000,0.000,0.177,0.000,0.000,semi-presidential,parliamentary,parliamentary,parliamentary,parliamentary,semi-presidential,semi-presidential,junta,electoral-authoritarian,parliamentary,0.800,0.800,0.800,0.800,0.800,0.800,0.477,0.400,0.500,0.800,63.8,32.8,100.0,100.0,100.0,85.3,100.0,100.0,100.0,100.0
2033-06-01,1.0378,0.9981,0.9996,0.9916,1.0310,0.9738,0.9830,1.0123,0.9968,0.9908,1.0135,0.9882,1.0416,0.9988,1.0001,1.0227,1.0983,0.9748,1.0538,1.0207,1.1001,1.0072,1.0514,0.9882,3945.27,5664.55,4203.98,2942.48,2367.51,1453.05,207.02,3089.99,2358.29,604.78,1.0376,0.5906,1.0243,1.2490,0.8593,0.2995,1.3173,0.3129,0.2180,-0.8333,0.6526,0.7152,0.6374,0.6521,0.6767,0.7477,0.5533,0.6658,0.6946,0.6805,0.0038,0.0000,0.0267,0.0180,0.0207,0.0000,0.0238,0.0046,0.0037,0.0345,1.0000,1.0000,1.0000,1.0000,1.0000,1.0000,1.0000,1.0000,1.0000,1.0000,64.79,219.78,94.16,66.77,78.01,15.61,10.20,301.53,84.47,93.77,0.0000,0.0000,0.0000,0.0000,0.0000,0.0000,0.0000,0.0000,0.0000,0.0000,104304,74663,53998,54750,86225,66964,95775,572442,131417,91336,0,0,0,0,0,0,0,0,0,0,0.0000,0.0000,0.0000,0.0000,0.0000,0.0000,0.0000,0.0000,0.0000,0.0000,0,0,0,0,0,0,0,1,0,0,0,0,0,0,0,0,0,0,0,0,0.1438,0.0873,0.1481,0.0718,0.1092,0.0295,0.0854,0.1216,0.0231,0.1410,0.000,0.000,0.000,0.000,0.000,0.000,0.000,0.178,0.000,0.000,semi-presidential,parliamentary,parliamentary,parliamentary,parliamentary,semi-presidential,semi-presidential,junta,electoral-authoritarian,parliamentary,0.800,0.800,0.800,0.800,0.800,0.800,0.487,0.400,0.500,0.800,66.7,35.6,100.0,100.0,100.0,88.4,100.0,100.0,30.0,100.0
2033-07-01,1.0377,0.9934,0.9999,0.9912,1.0443,0.9686,0.9843,1.0110,0.9992,0.9939,1.0159,0.9885,1.0433,0.9936,1.0197,1.0135,1.0996,0.9694,1.0372,1.0114,1.0981,1.0034,1.0736,0.9886,3976.40,5653.41,4218.91,2952.52,2373.33,1459.76,207.38,3099.97,2370.22,605.74,1.0296,0.5920,1.0206,1.2446,0.8572,0.2967,1.3184,0.3139,0.2170,-0.8465,0.6637,0.7223,0.6542,0.6487,0.6897,0.7557,0.5669,0.6598,0.6987,0.6747,0.0048,0.0007,0.0263,0.0124,0.0191,0.0000,0.0260,0.0043,0.0042,0.0294,1.0000,1.0000,1.0000,1.0000,1.0000,1.0000,1.0000,1.0000,1.0000,1.0000,65.18,218.68,95.30,68.28,78.32,15.59,10.17,301.19,84.33,93.06,0.0000,0.0000,0.0000,0.0000,0.0000,0.0000,0.0000,0.0000,0.0000,0.0000,104304,74663,53998,54750,86225,66964,95775,572442,131417,91336,0,0,0,0,0,0,0,0,0,0,0.0000,0.0000,0.0000,0.0000,0.0000,0.0000,0.0000,0.0000,0.0000,0.0000,0,0,0,0,0,0,0,1,0,0,0,0,0,0,0,0,0,0,0,0,0.1439,0.0877,0.1486,0.0734,0.1093,0.0299,0.0866,0.1220,0.0228,0.1379,0.000,0.000,0.000,0.000,0.000,0.000,0.000,0.178,0.000,0.000,semi-presidential,parliamentary,parliamentary,parliamentary,parliamentary,semi-presidential,semi-presidential,junta,electoral-authoritarian,parliamentary,0.800,0.800,0.800,0.800,0.800,0.800,0.497,0.400,0.500,0.800,69.6,38.4,100.0,100.0,100.0,91.6,100.0,100.0,33.1,100.0
2033-08-01,1.0358,0.9903,1.0000,0.9883,1.0534,0.9673,0.9881,1.0076,1.0011,0.9982,1.0173,0.9886,1.0413,0.9907,1.0004,1.0107,1.0848,0.9690,1.1071,1.0082,1.0577,1.0052,1.0903,0.9887,3981.02,5668.21,4233.68,2962.54,2382.08,1462.71,207.52,3108.21,2373.68,606.02,1.0286,0.5908,1.0171,1.2401,0.8541,0.2947,1.3206,0.3150,0.2168,-0.8600,0.6844,0.7293,0.6710,0.6613,0.6967,0.7537,0.5888,0.6571,0.7043,0.6916,0.0059,0.0000,0.0254,0.0060,0.0126,0.0000,0.0255,0.0031,0.0022,0.0212,1.0000,1.0000,1.0000,1.0000,1.0000,1.0000,1.0000,1.0000,1.0000,1.0000,65.21,218.74,94.42,68.38,78.37,15.45,10.25,302.67,84.39,93.37,0.0000,0.0000,0.0000,0.0000,0.0000,0.0000,0.0000,0.0000,0.0000,0.0000,104304,74663,53998,54750,86225,66964,95775,572442,131417,91336,0,0,0,0,0,0,0,0,0,0,0.0000,0.0000,0.0000,0.0000,0.0000,0.0000,0.0000,0.0000,0.0000,0.0000,0,0,0,0,0,0,0,1,0,0,0,0,0,0,0,0,0,0,0,0,0.1385,0.0854,0.1430,0.0706,0.1046,0.0293,0.0868,0.1201,0.0217,0.1367,0.000,0.000,0.000,0.000,0.000,0.000,0.000,0.178,0.000,0.000,semi-presidential,parliamentary,parliamentary,parliamentary,parliamentary,semi-presidential,semi-presidential,junta,electoral-authoritarian,parliamentary,0.800,0.800,0.800,0.800,0.800,0.800,0.507,0.400,0.500,0.800,72.6,41.3,100.0,100.0,100.0,94.7,100.0,100.0,36.2,100.0
2033-09-01,1.0326,0.9870,1.0020,0.9870,1.0559,0.9697,0.9912,1.0054,1.0002,1.0010,1.0185,0.9884,1.0326,0.9876,1.0853,1.0097,1.0644,1.0801,1.0508,1.0054,1.0152,1.0046,1.0324,0.9890,3993.36,5683.81,4257.23,2977.82,2386.98,1471.49,208.04,3113.04,2396.69,606.63,1.0256,0.5895,1.0155,1.2337,0.8524,0.2915,1.3203,0.3192,0.2177,-0.8727,0.6774,0.7302,0.6693,0.6575,0.6985,0.7562,0.6090,0.6602,0.7119,0.6871,0.0101,0.0051,0.0257,0.0094,0.0111,0.0014,0.0031,0.0009,0.0044,0.0075,1.0000,1.0000,1.0000,1.0000,1.0000,1.0000,1.0000,1.0000,1.0000,1.0000,63.85,216.57,93.37,67.21,76.71,15.37,10.07,295.14,83.12,93.07,0.0000,0.0000,0.0000,0.0000,0.0000,0.0000,0.0000,0.0000,0.0000,0.0000,104304,74663,53998,54750,86225,66964,95775,572442,131417,91336,0,0,0,0,0,0,0,0,0,0,0.0000,0.0000,0.0000,0.0000,0.0000,0.0000,0.0000,0.0000,0.0000,0.0000,0,0,0,0,0,0,0,1,0,0,0,0,0,0,0,0,0,0,0,0,0.1436,0.0871,0.1484,0.0729,0.1089,0.0295,0.0874,0.1182,0.0223,0.1364,0.000,0.000,0.000,0.000,0.000,0.000,0.000,0.179,0.000,0.000,semi-presidential,parliamentary,parliamentary,parliamentary,parliamentary,semi-presidential,semi-presidential,junta,electoral-authoritarian,parliamentary,0.800,0.800,0.800,0.800,0.800,0.800,0.517,0.400,0.500,0.800,75.6,44.1,95.0,100.0,100.0,97.9,100.0,100.0,39.4,100.0
2033-10-01,1.0275,0.9856,1.0061,0.9856,1.0551,0.9724,0.9937,1.0026,0.9989,1.0017,1.0165,0.9910,1.0279,0.9856,1.1723,1.0153,1.0551,1.0931,1.0810,1.0031,0.9990,1.0061,1.0170,0.9916,4012.81,5695.98,4271.85,2983.98,2393.96,1476.32,208.22,3111.60,2408.82,607.85,1.0209,0.5885,1.0121,1.2311,0.8500,0.2892,1.3219,0.3214,0.2167,-0.8810,0.6759,0.7335,0.6962,0.6671,0.7075,0.7539,0.6205,0.6606,0.7144,0.6885,0.0162,0.0079,0.0310,0.0170,0.0145,0.0015,0.0061,0.0005,0.0072,0.0066,1.0000,1.0000,1.0000,1.0000,1.0000,1.0000,1.0000,1.0000,1.0000,1.0000,63.18,214.55,92.25,66.56,75.69,15.13,9.95,291.78,82.82,92.69,0.0000,0.0000,0.0000,0.0000,0.0000,0.0000,0.0000,0.0000,0.0000,0.0000,104304,74663,53998,54750,86225,66964,95775,572442,131417,91336,0,0,0,0,0,0,0,0,0,0,0.0000,0.0000,0.0000,0.0000,0.0000,0.0000,0.0000,0.0000,0.0000,0.0000,0,0,0,0,0,0,0,1,0,0,0,0,0,0,0,0,0,0,0,0,0.1462,0.0886,0.1505,0.0744,0.1116,0.0309,0.0878,0.1252,0.0239,0.1387,0.000,0.000,0.000,0.000,0.000,0.000,0.000,0.169,0.000,0.000,semi-presidential,parliamentary,parliamentary,parliamentary,parliamentary,semi-presidential,semi-presidential,junta,electoral-authoritarian,parliamentary,0.800,0.800,0.800,0.800,0.800,0.800,0.527,0.400,0.500,0.800,78.6,47.0,96.2,100.0,100.0,100.0,100.0,100.0,42.6,30.0
2033-11-01,1.0223,0.9858,1.0089,0.9867,1.0552,0.9765,0.9943,1.0001,0.9985,1.0029,1.0115,0.9922,1.0233,0.9934,1.1205,1.0205,1.0596,1.0544,1.0136,1.0002,1.0179,1.0087,1.0128,0.9922,4019.81,5708.39,4299.03,2989.98,2403.59,1483.10,208.58,3117.26,2420.58,609.63,1.0193,0.5878,1.0057,1.2287,0.8466,0.2865,1.3222,0.3228,0.2158,-0.8930,0.6752,0.7356,0.6909,0.6591,0.7199,0.7510,0.6209,0.6846,0.7045,0.6956,0.0106,0.0062,0.0251,0.0164,0.0113,0.0017,0.0058,0.0008,0.0060,0.0044,0.9933,0.9933,0.9966,0.9944,0.9941,0.9946,0.9993,1.0000,0.9952,1.0000,62.66,213.37,89.11,63.14,74.24,14.97,9.83,290.41,83.11,92.20,0.0000,0.0000,0.0000,0.0000,0.0000,0.0000,0.0000,0.0000,0.0000,0.0000,104304,74663,53998,54750,86225,66964,95775,572442,131417,91336,0,0,0,0,0,0,0,0,0,0,0.0000,0.0000,0.0000,0.0000,0.0000,0.0000,0.0000,0.0000,0.0000,0.0000,0,0,0,0,0,0,0,1,0,0,0,0,0,0,0,0,0,0,0,0,0.1472,0.0891,0.1514,0.0734,0.1126,0.0315,0.0897,0.1257,0.0252,0.1391,0.000,0.000,0.000,0.000,0.000,0.000,0.000,0.168,0.000,0.000,semi-presidential,parliamentary,parliamentary,parliamentary,parliamentary,semi-presidential,semi-presidential,junta,electoral-authoritarian,parliamentary,0.800,0.800,0.800,0.800,0.800,0.800,0.536,0.400,0.500,0.800,81.5,52.8,98.8,100.0,100.0,100.0,100.0,100.0,45.8,32.8
2033-12-01,1.0174,0.9861,1.0097,0.9890,1.0558,0.9790,0.9936,0.9979,0.9992,1.0049,1.0058,0.9939,1.0174,0.9943,1.0099,1.0268,1.0559,1.1038,0.9937,0.9982,1.0114,1.0133,1.0061,0.9943,4036.15,5723.36,4317.55,2999.81,2413.37,1492.56,209.23,3126.88,2433.64,609.78,1.0151,0.5866,1.0015,1.2248,0.8432,0.2833,1.3205,0.3238,0.2147,-0.9073,0.6753,0.7386,0.6954,0.6700,0.7270,0.7591,0.6079,0.6816,0.7068,0.7074,0.0034,0.0038,0.0174,0.0115,0.0028,0.0024,0.0059,0.0005,0.0018,0.0005,0.9926,0.9926,0.9963,0.9939,0.9936,0.9940,0.9992,1.0000,0.9948,1.0000,63.26,213.08,87.63,62.12,74.37,14.74,9.85,294.51,84.35,91.62,0.0000,0.0000,0.0000,0.0000,0.0000,0.0000,0.0000,0.0000,0.0000,0.0000,104304,74663,53998,54750,86225,66964,95775,572442,131417,91336,0,0,0,0,0,0,0,0,0,0,0.0000,0.0000,0.0000,0.0000,0.0000,0.0000,0.0000,0.0000,0.0000,0.0000,0,0,0,0,0,0,0,1,0,0,0,0,0,0,0,0,0,0,0,0,0.1489,0.0903,0.1530,0.0741,0.1142,0.0326,0.0904,0.1275,0.0269,0.1388,0.000,0.000,0.000,0.000,0.000,0.000,0.000,0.167,0.000,0.000,semi-presidential,parliamentary,parliamentary,parliamentary,parliamentary,semi-presidential,semi-presidential,junta,electoral-authoritarian,parliamentary,0.800,0.800,0.800,0.800,0.800,0.800,0.546,0.400,0.500,0.800,84.5,55.8,100.0,100.0,100.0,100.0,100.0,100.0,48.9,35.7
2034-01-01,1.0120,0.9868,1.0125,0.9928,1.0524,0.9821,0.9915,0.9955,1.0008,1.0069,0.9999,0.9937,1.0124,1.0378,1.1777,1.0387,1.0526,1.0718,0.9923,0.9959,1.0615,1.0145,1.0008,0.9940,4054.72,5732.82,4336.56,3003.61,2429.47,1497.61,209.54,3131.87,2445.41,610.04,1.0103,0.5859,0.9971,1.2234,0.8377,0.2810,1.3208,0.3254,0.2137,-0.9214,0.6764,0.7303,0.6974,0.6697,0.7329,0.7538,0.5876,0.6977,0.7180,0.7082,0.0193,0.0134,0.0317,0.0302,0.0201,0.0057,0.0095,0.0023,0.0135,0.0041,0.9538,0.9580,0.9767,0.9609,0.9551,0.9671,0.9929,1.0000,0.9669,1.0000,63.26,211.99,86.50,62.16,74.18,14.47,9.83,293.29,83.99,91.23,0.0000,0.0000,0.0000,0.0000,0.0000,0.0000,0.0000,0.0000,0.0000,0.0000,104304,74663,53998,54750,86225,66964,95775,572442,131417,91336,0,0,0,0,0,0,0,0,0,0,0.0000,0.0000,0.0000,0.0000,0.0000,0.0000,0.0000,0.0000,0.0000,0.0000,0,0,0,0,0,0,0,1,0,0,0,0,0,0,0,0,0,0,0,0,0.1394,0.0857,0.1428,0.0690,0.1065,0.0306,0.0821,0.1253,0.0244,0.1385,0.000,0.000,0.000,0.000,0.000,0.000,0.000,0.167,0.000,0.000,semi-presidential,parliamentary,parliamentary,parliamentary,parliamentary,semi-presidential,semi-presidential,junta,electoral-authoritarian,parliamentary,0.800,0.800,0.800,0.800,0.800,0.800,0.556,0.400,0.500,0.800,87.5,58.6,100.0,100.0,100.0,100.0,100.0,100.0,52.1,38.6
2034-02-01,1.0104,0.9920,1.0136,0.9953,1.0439,0.9842,0.9891,0.9938,1.0019,1.0087,0.9944,0.9917,1.0878,1.1589,1.0496,1.0463,1.0640,1.0587,0.9907,0.9952,1.0137,1.0446,0.9959,0.9921,4063.99,5723.24,4340.44,3004.16,2439.45,1501.58,208.12,3142.51,2456.37,609.71,1.0080,0.5871,0.9963,1.2232,0.8343,0.2789,1.3325,0.3277,0.2129,-0.9364,0.6596,0.7278,0.6848,0.6545,0.7132,0.7516,0.5198,0.6950,0.7046,0.7155,0.0281,0.0262,0.0346,0.0423,0.0312,0.0131,0.0671,0.0011,0.0241,0.0077,0.8583,0.8678,0.9300,0.8708,0.8592,0.9085,0.9524,1.0000,0.8742,1.0000,62.32,207.19,84.18,61.08,73.35,14.19,5.68,289.38,83.53,89.10,0.0000,0.0000,0.0000,0.0000,0.0000,0.0000,0.4603,0.0407,0.0000,0.0000,104304,74663,53998,54750,86225,66964,95775,572442,131417,91336,0,0,0,0,0,0,0,0,0,0,0.0000,0.0000,0.0000,0.0000,0.0000,0.0000,0.0138,0.0069,0.0000,0.0000,0,0,0,0,0,0,0,1,0,0,0,0,0,0,0,0,1,1,0,0,0.1327,0.0817,0.1360,0.0651,0.1010,0.0331,0.0666,0.1206,0.0225,0.1363,0.000,0.000,0.000,0.000,0.000,0.000,0.000,0.169,0.000,0.000,semi-presidential,parliamentary,parliamentary,parliamentary,parliamentary,semi-presidential,semi-presidential,junta,electoral-authoritarian,parliamentary,0.800,0.800,0.800,0.800,0.800,0.800,0.570,0.400,0.500,0.800,90.4,61.5,100.0,100.0,100.0,100.0,100.0,100.0,55.3,41.5
2034-03-01,1.0105,0.9966,1.0131,0.9961,1.0344,0.9864,0.9882,0.9903,1.0034,1.0104,0.9916,0.9888,1.0962,1.1287,1.0494,1.0302,1.0549,1.0626,0.9898,0.9917,1.0516,1.0234,0.9931,0.9895,4066.96,5714.83,4337.93,3003.67,2440.36,1505.67,207.01,3152.81,2458.81,611.23,1.0073,0.5883,0.9969,1.2236,0.8340,0.2767,1.3415,0.3285,0.2127,-0.9485,0.6415,0.7020,0.6651,0.6476,0.6873,0.7496,0.4716,0.6766,0.6776,0.7159,0.0242,0.0222,0.0324,0.0306,0.0284,0.0097,0.0865,0.0024,0.0216,0.0087,0.8874,0.8952,0.9443,0.8982,0.8885,0.9328,0.9556,1.0000,0.9024,1.0000,63.78,207.91,85.04,62.05,75.08,13.80,6.00,296.67,85.33,89.82,0.0000,0.0000,0.0000,0.0000,0.0000,0.0000,0.4615,0.0411,0.0000,0.0000,104304,74663,53998,54750,86225,66964,95775,572442,131417,91336,0,0,0,0,0,0,0,0,0,0,0.0000,0.0000,0.0000,0.0000,0.0000,0.0000,0.0230,0.0161,0.0000,0.0000,0,0,0,0,0,0,0,1,0,0,0,0,0,0,0,0,1,1,0,0,0.1120,0.0718,0.1138,0.0545,0.0841,0.0281,0.0587,0.1178,0.0179,0.1353,0.000,0.000,0.000,0.000,0.000,0.000,0.000,0.171,0.000,0.000,semi-presidential,parliamentary,parliamentary,parliamentary,parliamentary,semi-presidential,semi-presidential,junta,electoral-authoritarian,parliamentary,0.800,0.800,0.800,0.800,0.800,0.800,0.579,0.400,0.500,0.800,93.1,64.3,100.0,100.0,100.0,100.0,100.0,100.0,58.3,44.5
2034-04-01,1.0127,1.0001,1.0114,0.9957,1.0239,0.9880,0.9864,0.9883,1.0046,1.0094,0.9924,0.9882,1.1006,1.0770,1.0485,1.0251,1.0451,1.0389,0.9880,0.9896,1.0341,1.0174,1.0479,0.9885,4070.81,5729.57,4343.24,3005.29,2449.36,1512.32,205.86,3162.31,2468.50,611.97,1.0064,0.5871,0.9957,1.2231,0.8311,0.2741,1.3514,0.3294,0.2120,-0.9619,0.6379,0.7053,0.6405,0.6430,0.6820,0.7530,0.4283,0.6565,0.6862,0.7068,0.0189,0.0156,0.0297,0.0225,0.0222,0.0042,0.0861,0.0019,0.0154,0.0107,0.9352,0.9392,0.9681,0.9411,0.9364,0.9697,0.9630,1.0000,0.9426,1.0000,63.88,207.61,85.51,63.80,75.69,13.65,5.91,298.41,86.03,89.98,0.0000,0.0000,0.0000,0.0000,0.0000,0.0000,0.4609,0.0422,0.0000,0.0000,104304,74663,53998,54750,86225,66964,95775,572442,131417,91336,0,0,0,0,0,0,0,0,0,0,0.0000,0.0000,0.0000,0.0000,0.0000,0.0000,0.0345,0.0253,0.0000,0.0000,0,0,0,0,0,0,0,1,0,0,0,0,0,0,0,0,1,1,0,0,0.1437,0.0884,0.1483,0.0712,0.1092,0.0323,0.0635,0.1203,0.0222,0.1356,0.000,0.000,0.000,0.000,0.000,0.000,0.000,0.173,0.000,0.000,semi-presidential,parliamentary,parliamentary,parliamentary,parliamentary,semi-presidential,semi-presidential,junta,electoral-authoritarian,parliamentary,0.800,0.800,0.800,0.800,0.800,0.800,0.591,0.400,0.500,0.800,95.9,67.0,100.0,100.0,100.0,100.0,100.0,100.0,61.3,47.4
2034-05-01,1.0125,1.0018,1.0079,0.9948,1.0171,0.9858,0.9855,0.9883,1.0061,1.0096,0.9929,0.9885,1.0924,1.0554,1.0450,1.0187,1.0364,1.0362,0.9917,1.0139,1.0919,1.0218,0.9943,0.9886,4077.13,5744.63,4346.03,3007.36,2453.28,1517.54,204.99,3164.16,2479.71,612.99,1.0100,0.5858,0.9952,1.2224,0.8298,0.2717,1.3590,0.3311,0.2111,-0.9749,0.6527,0.7129,0.6540,0.6505,0.6905,0.7547,0.4150,0.6636,0.6883,0.7029,0.0155,0.0129,0.0281,0.0180,0.0204,0.0023,0.0648,0.0041,0.0151,0.0115,0.9563,0.9577,0.9786,0.9589,0.9576,0.9839,0.9671,1.0000,0.9575,1.0000,63.35,207.50,84.80,63.15,74.77,13.71,5.84,294.85,86.13,90.74,0.0000,0.0000,0.0000,0.0000,0.0000,0.0000,0.4608,0.0420,0.0000,0.0000,104304,74663,53998,54750,86225,66964,95775,572442,131417,91336,0,0,0,0,0,0,0,0,0,0,0.0000,0.0000,0.0000,0.0000,0.0000,0.0000,0.0437,0.0345,0.0000,0.0000,0,0,0,0,0,0,0,1,0,0,0,0,0,0,0,0,1,1,0,0,0.1415,0.0879,0.1466,0.0705,0.1075,0.0325,0.0663,0.1185,0.0218,0.1335,0.000,0.000,0.000,0.000,0.000,0.000,0.000,0.173,0.000,0.000,semi-presidential,parliamentary,parliamentary,parliamentary,parliamentary,semi-presidential,semi-presidential,junta,electoral-authoritarian,parliamentary,0.800,0.800,0.800,0.800,0.800,0.800,0.600,0.400,0.500,0.800,99.8,69.8,100.0,100.0,100.0,100.0,100.0,100.0,64.4,50.2
2034-06-01,1.0115,1.0033,1.0055,0.9905,1.0108,0.9840,0.9860,0.9900,1.0062,1.0103,0.9922,0.9886,1.0915,1.0506,1.0428,0.9914,1.0308,1.0340,0.9889,1.0040,1.0189,1.0196,0.9939,0.9889,4092.87,5765.56,4352.85,3011.14,2464.80,1529.94,203.97,3172.10,2484.13,612.50,1.0062,0.5840,0.9936,1.2210,0.8258,0.2682,1.3679,0.3326,0.2108,-0.9902,0.6588,0.7122,0.6739,0.6542,0.6989,0.7570,0.4229,0.6651,0.6875,0.7017,0.0140,0.0122,0.0110,0.0167,0.0171,0.0017,0.0614,0.0012,0.0121,0.0088,0.9620,0.9625,0.9815,0.9635,0.9634,0.9876,0.9685,1.0000,0.9610,1.0000,63.42,208.78,83.77,63.68,76.02,13.95,5.93,296.63,86.49,91.02,0.0000,0.0000,0.0000,0.0000,0.0000,0.0000,0.4610,0.0421,0.0000,0.0000,104304,74663,53998,54750,86225,66964,95775,572442,131417,91336,0,0,0,0,0,0,0,0,0,0,0.0000,0.0000,0.0000,0.0000,0.0000,0.0000,0.0552,0.0460,0.0000,0.0000,0,0,0,0,0,0,0,1,0,0,0,0,0,0,0,0,1,1,0,0,0.1428,0.0892,0.1488,0.0716,0.1088,0.0325,0.0659,0.1199,0.0219,0.1327,0.000,0.000,0.000,0.000,0.000,0.000,0.000,0.173,0.000,0.000,semi-presidential,parliamentary,parliamentary,parliamentary,parliamentary,semi-presidential,semi-presidential,junta,electoral-authoritarian,parliamentary,0.800,0.800,0.800,0.800,0.800,0.800,0.611,0.400,0.500,0.800,100.0,72.6,100.0,100.0,100.0,100.0,100.0,100.0,67.4,53.1
2034-07-01,1.0145,1.0062,1.0042,0.9850,1.0056,0.9861,0.9867,0.9914,1.0054,1.0126,0.9913,0.9895,1.1911,1.1014,1.0405,0.9851,1.0250,1.0745,1.0258,1.0264,1.0176,1.0359,0.9998,0.9897,4109.78,5774.79,4372.94,3019.86,2479.23,1535.52,203.83,3178.87,2495.34,612.64,1.0021,0.5833,0.9891,1.2176,0.8209,0.2659,1.3705,0.3337,0.2139,-1.0046,0.6605,0.7143,0.6800,0.6617,0.6921,0.7533,0.4135,0.6648,0.7074,0.6942,0.0295,0.0240,0.0210,0.0273,0.0315,0.0113,0.0876,0.0017,0.0202,0.0119,0.9198,0.9252,0.9605,0.9276,0.9210,0.9580,0.9616,1.0000,0.9305,1.0000,62.51,207.66,83.83,63.50,75.81,13.93,5.67,294.60,86.48,89.50,0.0000,0.0000,0.0000,0.0000,0.0000,0.0000,0.4586,0.0411,0.0000,0.0000,104304,74663,53998,54750,86225,66964,95775,572442,131417,91336,0,0,0,0,0,0,0,0,0,0,0.0000,0.0000,0.0000,0.0000,0.0000,0.0000,0.0644,0.0552,0.0000,0.0000,0,0,0,0,0,0,0,1,0,0,0,0,0,0,0,0,1,1,0,0,0.1437,0.0899,0.1495,0.0723,0.1095,0.0335,0.0701,0.1239,0.0225,0.1332,0.000,0.000,0.000,0.000,0.000,0.000,0.000,0.172,0.000,0.000,semi-presidential,parliamentary,parliamentary,parliamentary,parliamentary,semi-presidential,semi-presidential,junta,electoral-authoritarian,parliamentary,0.800,0.800,0.800,0.800,0.800,0.800,0.621,0.400,0.500,0.800,100.0,75.4,100.0,100.0,100.0,100.0,100.0,100.0,75.6,55.9
2034-08-01,1.0195,1.0091,1.0044,0.9791,1.0024,0.9872,0.9888,0.9924,1.0059,1.0142,0.9915,0.9921,1.2225,1.1053,1.0554,0.9798,1.0215,1.0368,1.0770,1.0379,1.0183,1.0302,0.9930,0.9922,4126.40,5783.17,4382.56,3027.18,2483.47,1540.57,203.48,3193.69,2508.39,612.06,0.9981,0.5898,0.9868,1.2148,0.8196,0.2636,1.3744,0.3340,0.2129,-1.0201,0.6633,0.7242,0.6835,0.6675,0.6940,0.7481,0.4337,0.6841,0.7126,0.6924,0.0334,0.0254,0.0244,0.0293,0.0353,0.0125,0.0899,0.0021,0.0222,0.0147,0.9187,0.9242,0.9600,0.9267,0.9200,0.9576,0.9616,1.0000,0.9298,1.0000,62.62,208.43,84.63,63.74,75.91,14.10,5.81,294.44,86.57,89.34,0.0000,0.0000,0.0000,0.0000,0.0000,0.0000,0.4591,0.0415,0.0000,0.0000,104304,74663,53998,54750,86225,66964,95775,572442,131417,91336,0,0,0,0,0,0,0,0,0,0,0.0000,0.0000,0.0000,0.0000,0.0000,0.0000,0.0736,0.0644,0.0000,0.0000,0,0,0,0,0,0,0,1,0,0,0,0,0,0,0,0,1,1,0,0,0.1457,0.0917,0.1515,0.0742,0.1114,0.0355,0.0757,0.1270,0.0242,0.1338,0.000,0.000,0.000,0.000,0.000,0.000,0.000,0.171,0.000,0.000,semi-presidential,parliamentary,parliamentary,parliamentary,parliamentary,semi-presidential,semi-presidential,junta,electoral-authoritarian,parliamentary,0.800,0.800,0.800,0.800,0.800,0.800,0.630,0.400,0.500,0.800,100.0,78.2,100.0,100.0,100.0,100.0,100.0,100.0,78.8,58.8
2034-09-01,1.0273,1.0099,1.0080,0.9744,1.0016,0.9869,0.9909,0.9927,1.0042,1.0139,0.9917,0.9938,1.3296,1.0389,1.1732,0.9754,1.0208,1.0370,1.0263,0.9940,1.0166,1.0227,0.9933,0.9939,4139.70,5787.73,4396.04,3028.70,2495.93,1544.71,203.28,3207.32,2517.00,612.55,0.9949,0.5896,0.9836,1.2143,0.8155,0.2615,1.3776,0.3349,0.2122,-1.0340,0.6615,0.7255,0.6850,0.6564,0.6835,0.7539,0.4333,0.6748,0.7105,0.6901,0.0346,0.0272,0.0261,0.0355,0.0379,0.0125,0.0856,0.0012,0.0263,0.0111,0.9787,0.9782,0.9900,0.9776,0.9792,1.0000,0.9725,1.0000,0.9729,1.0000,61.21,206.37,84.23,62.35,74.37,14.07,5.88,285.92,83.99,88.08,0.0000,0.0000,0.0000,0.0000,0.0000,0.0000,0.4595,0.0420,0.0000,0.0000,104304,74663,53998,54750,86225,66964,95775,572442,131417,91336,0,0,0,0,0,0,0,0,0,0,0.0000,0.0000,0.0000,0.0000,0.0000,0.0000,0.0851,0.0759,0.0000,0.0000,0,0,0,0,0,0,0,1,0,0,0,0,0,0,0,0,1,1,0,0,0.1474,0.0931,0.1531,0.0756,0.1129,0.0406,0.0771,0.1326,0.0254,0.1346,0.000,0.000,0.000,0.000,0.000,0.000,0.000,0.165,0.000,0.000,semi-presidential,parliamentary,parliamentary,parliamentary,parliamentary,semi-presidential,semi-presidential,junta,electoral-authoritarian,parliamentary,0.800,0.800,0.800,0.800,0.800,0.800,0.641,0.400,0.500,0.800,100.0,81.1,100.0,100.0,100.0,100.0,100.0,100.0,82.0,61.6
2034-10-01,1.0337,1.0072,1.0124,0.9717,0.9992,0.9870,0.9907,0.9920,1.0055,1.0122,0.9936,0.9955,1.2759,1.0352,1.1283,0.9966,1.0178,1.0368,1.0171,0.9938,1.0931,1.0189,1.0866,0.9957,4164.03,5795.42,4409.60,3035.38,2503.47,1554.08,202.80,3219.99,2532.86,612.10,0.9931,0.5891,0.9805,1.2117,0.8132,0.2586,1.3822,0.3353,0.2110,-1.0494,0.6773,0.7273,0.6902,0.6519,0.6833,0.7562,0.4490,0.6900,0.6955,0.6869,0.0300,0.0219,0.0412,0.0292,0.0342,0.0087,0.0895,0.0045,0.0232,0.0160,0.9797,0.9790,0.9904,0.9786,0.9803,1.0000,0.9737,1.0000,0.9740,1.0000,62.81,208.47,87.13,62.75,74.82,14.38,5.69,290.44,85.25,88.92,0.0000,0.0000,0.0000,0.0000,0.0000,0.0000,0.4593,0.0423,0.0000,0.0000,104304,74663,53998,54750,86225,66964,95775,572442,131417,91336,0,0,0,0,0,0,0,0,0,0,0.0000,0.0000,0.0000,0.0000,0.0000,0.0000,0.0943,0.0851,0.0000,0.0000,0,0,0,0,0,0,0,1,0,0,0,0,0,0,0,0,1,1,0,0,0.1489,0.0940,0.1541,0.0766,0.1141,0.0413,0.0730,0.1314,0.0262,0.1357,0.000,0.000,0.000,0.000,0.000,0.000,0.000,0.165,0.000,0.000,semi-presidential,parliamentary,parliamentary,parliamentary,parliamentary,semi-presidential,semi-presidential,junta,electoral-authoritarian,parliamentary,0.800,0.800,0.800,0.800,0.800,0.800,0.650,0.400,0.500,0.800,98.0,84.0,100.0,100.0,100.0,100.0,100.0,100.0,85.1,64.4
2034-11-01,1.0386,1.0025,1.0128,0.9703,0.9927,0.9868,0.9919,0.9913,1.0065,1.0109,0.9937,0.9982,1.1524,1.0307,1.0614,0.9959,1.0120,1.0626,1.0567,0.9974,1.0187,1.0179,0.9952,0.9983,4178.20,5816.76,4425.77,3045.26,2516.89,1568.20,202.78,3234.47,2544.26,613.28,0.9897,0.5872,0.9769,1.2079,0.8089,0.2535,1.3835,0.3360,0.2101,-1.0621,0.6813,0.7349,0.6955,0.6580,0.7016,0.7748,0.4338,0.7041,0.6928,0.6814,0.0162,0.0125,0.0297,0.0174,0.0188,0.0017,0.0850,0.0014,0.0119,0.0110,0.9796,0.9789,0.9903,0.9785,0.9802,1.0000,0.9731,1.0000,0.9739,1.0000,65.81,213.01,88.55,64.94,78.10,14.53,5.82,305.07,88.25,91.17,0.0000,0.0000,0.0000,0.0000,0.0000,0.0000,0.4595,0.0420,0.0000,0.0000,104304,74663,53998,54750,86225,66964,95775,572442,131417,91336,0,0,0,0,0,0,0,0,0,0,0.0000,0.0000,0.0000,0.0000,0.0000,0.0000,0.1035,0.0966,0.0000,0.0000,0,0,0,0,0,0,0,1,0,0,0,0,0,0,0,0,1,1,0,0,0.1512,0.0954,0.1561,0.0782,0.1163,0.0422,0.0692,0.1326,0.0280,0.1372,0.000,0.000,0.000,0.000,0.000,0.000,0.000,0.164,0.000,0.000,semi-presidential,parliamentary,parliamentary,parliamentary,parliamentary,semi-presidential,semi-presidential,junta,electoral-authoritarian,parliamentary,0.800,0.800,0.800,0.800,0.800,0.800,0.660,0.400,0.500,0.800,100.0,86.9,100.0,100.0,100.0,100.0,100.0,100.0,88.2,67.1
2034-12-01,1.0405,0.9995,1.0126,0.9696,0.9882,0.9896,0.9953,0.9898,1.0056,1.0092,0.9939,1.0003,1.1274,1.0268,1.0498,0.9945,1.0075,1.0776,1.1278,0.9914,1.0177,1.0159,1.0091,1.0006,4200.93,5827.46,4440.92,3055.87,2528.45,1576.31,202.23,3240.05,2551.11,615.33,0.9845,0.5864,0.9736,1.2035,0.8052,0.2509,1.3887,0.3372,0.2096,-1.0733,0.6861,0.7500,0.6964,0.6630,0.7144,0.7773,0.4320,0.7034,0.6940,0.6820,0.0160,0.0108,0.0311,0.0153,0.0178,0.0005,0.0771,0.0019,0.0107,0.0138,0.9798,0.9792,0.9904,0.9788,0.9805,1.0000,0.9732,1.0000,0.9742,1.0000,66.57,213.55,88.59,65.23,78.67,14.61,5.83,307.23,88.56,92.58,0.0000,0.0000,0.0000,0.0000,0.0000,0.0000,0.4565,0.0420,0.0000,0.0000,104304,74663,53998,54750,86225,66964,95775,572442,131417,91336,0,0,0,0,0,0,0,0,0,0,0.0000,0.0000,0.0000,0.0000,0.0000,0.0000,0.1150,0.1058,0.0000,0.0000,0,0,0,0,0,0,0,1,0,0,0,0,0,0,0,0,1,1,0,0,0.1528,0.1014,0.1582,0.0799,0.1179,0.0441,0.0754,0.1326,0.0294,0.1357,0.000,0.000,0.000,0.000,0.000,0.000,0.000,0.162,0.000,0.000,semi-presidential,parliamentary,parliamentary,parliamentary,parliamentary,semi-presidential,semi-presidential,junta,electoral-authoritarian,parliamentary,0.800,0.800,0.800,0.800,0.800,0.800,0.671,0.400,0.500,0.800,100.0,89.9,100.0,100.0,100.0,100.0,100.0,100.0,91.3,69.9
2035-01-01,1.0415,0.9958,1.0125,0.9689,0.9859,0.9958,0.9981,0.9876,1.0054,1.0076,0.9930,1.0025,1.1243,1.0238,1.0496,0.9944,1.0043,1.2340,1.0720,0.9889,1.0175,1.0142,0.9948,1.0027,4212.91,5842.72,4470.94,3066.32,2537.47,1584.91,202.14,3265.53,2564.67,616.61,0.9818,0.5852,0.9702,1.1994,0.8024,0.2482,1.3904,0.3363,0.2086,-1.0858,0.6904,0.7535,0.7014,0.6747,0.7272,0.7865,0.4459,0.7109,0.7113,0.6941,0.0166,0.0140,0.0311,0.0182,0.0182,0.0023,0.0646,0.0014,0.0113,0.0107,0.9794,0.9788,0.9902,0.9783,0.9800,1.0000,0.9724,1.0000,0.9737,1.0000,66.49,213.15,87.16,64.15,78.10,14.40,5.79,307.65,88.92,92.48,0.0000,0.0000,0.0000,0.0000,0.0000,0.0000,0.4565,0.0420,0.0000,0.0000,104304,74663,53998,54750,86225,66964,95775,572442,131417,91336,0,0,0,0,0,0,0,0,0,0,0.0000,0.0000,0.0000,0.0000,0.0000,0.0000,0.1242,0.1150,0.0000,0.0000,0,0,0,0,0,0,0,1,0,0,0,0,0,0,0,0,1,1,0,0,0.1596,0.1026,0.1591,0.0807,0.1199,0.0456,0.0798,0.1340,0.0310,0.1370,0.000,0.000,0.000,0.000,0.000,0.000,0.000,0.161,0.000,0.000,semi-presidential,parliamentary,parliamentary,parliamentary,parliamentary,semi-presidential,semi-presidential,junta,electoral-authoritarian,parliamentary,0.800,0.800,0.800,0.800,0.800,0.800,0.680,0.400,0.500,0.800,100.0,92.9,100.0,100.0,100.0,100.0,100.0,100.0,94.5,72.7
2035-02-01,1.0419,0.9943,1.0105,0.9677,0.9855,1.0007,0.9993,0.9879,1.0056,1.0046,0.9919,1.0036,1.1316,1.0227,1.0479,0.9931,1.0149,1.0706,1.0088,1.0234,1.0461,1.0095,0.9935,1.0039,4249.49,5871.26,4483.49,3084.88,2549.98,1596.92,202.27,3286.29,2581.02,616.84,0.9734,0.5826,0.9675,1.1922,0.7985,0.2451,1.3906,0.3364,0.2074,-1.1001,0.6933,0.7624,0.7058,0.6779,0.7306,0.7928,0.4659,0.7197,0.7239,0.6937,0.0134,0.0105,0.0293,0.0174,0.0196,0.0002,0.0836,0.0025,0.0116,0.0143,0.9790,0.9784,0.9901,0.9779,0.9796,1.0000,0.9721,1.0000,0.9733,1.0000,67.46,214.63,88.36,65.77,79.23,14.34,5.72,313.60,90.13,91.72,0.0000,0.0000,0.0000,0.0000,0.0000,0.0000,0.4564,0.0422,0.0000,0.0000,104304,74663,53998,54750,86225,66964,95775,572442,131417,91336,0,0,0,0,0,0,0,0,0,0,0.0000,0.0000,0.0000,0.0000,0.0000,0.0000,0.1357,0.1265,0.0000,0.0000,0,0,0,0,0,0,0,1,0,0,0,0,0,0,0,0,1,1,0,0,0.1605,0.1036,0.1611,0.0822,0.1209,0.0467,0.0878,0.1377,0.0320,0.1364,0.000,0.000,0.000,0.000,0.000,0.000,0.000,0.161,0.000,0.000,semi-presidential,parliamentary,parliamentary,parliamentary,parliamentary,semi-presidential,semi-presidential,junta,electoral-authoritarian,parliamentary,0.800,0.800,0.800,0.800,0.800,0.800,0.692,0.400,0.500,0.800,100.0,95.9,100.0,100.0,100.0,100.0,100.0,100.0,97.7,75.5
2035-03-01,1.0451,0.9924,1.0096,0.9664,0.9859,1.0032,0.9989,0.9885,1.0055,1.0013,0.9890,1.0035,1.1962,1.0205,1.0741,0.9916,1.0104,1.1143,1.0006,1.0159,1.0177,1.0059,0.9905,1.0035,4274.88,5882.36,4483.49,3098.05,2561.76,1602.85,202.78,3303.59,2595.56,617.07,0.9677,0.5818,0.9675,1.1872,0.7948,0.2429,1.3878,0.3363,0.2063,-1.1144,0.6950,0.7616,0.7058,0.6924,0.7422,0.7964,0.4728,0.7258,0.7415,0.6957,0.0197,0.0161,0.0325,0.0222,0.0238,0.0040,0.0824,0.0012,0.0141,0.0113,0.9792,0.9786,0.9901,0.9782,0.9799,1.0000,0.9723,1.0000,0.9735,1.0000,66.60,213.45,88.18,65.24,78.41,14.35,5.69,309.11,89.38,90.71,0.0000,0.0000,0.0000,0.0000,0.0000,0.0000,0.4563,0.0423,0.0000,0.0000,104304,74663,53998,54750,86225,66964,95775,572442,131417,91336,0,0,0,0,0,0,0,0,0,0,0.0000,0.0000,0.0000,0.0000,0.0000,0.0000,0.1449,0.1357,0.0000,0.0000,0,0,0,0,0,0,0,1,0,0,0,0,0,0,0,0,1,1,0,0,0.1511,0.0989,0.1513,0.0773,0.1134,0.0446,0.0860,0.1406,0.0300,0.1363,0.000,0.000,0.000,0.000,0.000,0.000,0.000,0.157,0.000,0.000,semi-presidential,parliamentary,parliamentary,parliamentary,parliamentary,semi-presidential,semi-presidential,junta,electoral-authoritarian,parliamentary,0.800,0.800,0.800,0.800,0.800,0.800,0.701,0.400,0.500,0.800,100.0,99.0,100.0,100.0,100.0,100.0,100.0,100.0,100.0,78.3
2035-04-01,1.0492,0.9909,1.0104,0.9672,0.9860,1.0064,0.9989,0.9892,1.0040,0.9973,0.9857,1.0035,1.2231,1.0188,1.0474,1.0035,1.0095,1.0570,1.0005,0.9903,1.0158,1.0026,0.9874,1.0035,4287.47,5906.84,4511.32,3105.69,2574.19,1616.67,202.74,3317.67,2615.20,616.22,0.9650,0.5816,0.9616,1.1843,0.7910,0.2427,1.3887,0.3367,0.2048,-1.1307,0.6938,0.7845,0.7074,0.6862,0.7404,0.8030,0.4816,0.7273,0.7242,0.6955,0.0169,0.0153,0.0287,0.0261,0.0216,0.0044,0.0844,0.0010,0.0136,0.0088,0.9791,0.9785,0.9901,0.9780,0.9797,1.0000,0.9721,1.0000,0.9734,1.0000,66.42,214.02,86.75,63.28,77.79,14.61,5.69,309.58,89.84,90.09,0.0000,0.0000,0.0000,0.0000,0.0000,0.0000,0.4555,0.0421,0.0000,0.0000,104304,74663,53998,54750,86225,66964,95775,572442,131417,91336,0,0,0,0,0,0,0,0,0,0,0.0000,0.0000,0.0000,0.0000,0.0000,0.0000,0.1541,0.1449,0.0000,0.0000,0,0,0,0,0,0,0,1,0,0,0,0,0,0,0,0,1,1,0,0,0.1597,0.1031,0.1592,0.0804,0.1206,0.0468,0.0877,0.1434,0.0322,0.1393,0.000,0.000,0.000,0.000,0.000,0.000,0.000,0.158,0.000,0.000,semi-presidential,parliamentary,parliamentary,parliamentary,parliamentary,semi-presidential,semi-presidential,junta,electoral-authoritarian,parliamentary,0.800,0.800,0.800,0.800,0.800,0.800,0.710,0.400,0.500,0.800,100.0,100.0,100.0,100.0,100.0,100.0,100.0,100.0,100.0,81.2
2035-05-01,1.0525,0.9903,1.0093,0.9698,0.9877,1.0063,1.0021,0.9895,1.0048,0.9958,0.9832,1.0042,1.1614,1.0182,1.0463,1.0127,1.0124,1.0568,1.1091,1.0474,1.0442,1.0023,0.9851,1.0042,4317.75,5920.85,4536.88,3114.32,2590.11,1624.20,203.13,3334.66,2630.85,618.04,0.9583,0.5806,0.9562,1.1810,0.7931,0.2404,1.3868,0.3367,0.2037,-1.1421,0.6958,0.7868,0.7099,0.6800,0.7612,0.8084,0.4998,0.7035,0.7227,0.6986,0.0183,0.0112,0.0342,0.0273,0.0222,0.0010,0.0931,0.0032,0.0123,0.0182,0.9791,0.9785,0.9901,0.9779,0.9796,1.0000,0.9717,1.0000,0.9733,1.0000,68.62,217.22,87.35,64.97,79.47,14.85,5.84,318.13,91.51,91.43,0.0000,0.0000,0.0000,0.0000,0.0000,0.0000,0.4556,0.0419,0.0000,0.0000,104304,74663,53998,54750,86225,66964,95775,572442,131417,91336,0,0,0,0,0,0,0,0,0,0,0.0000,0.0000,0.0000,0.0000,0.0000,0.0000,0.1633,0.1541,0.0000,0.0000,0,0,0,0,0,0,0,1,0,0,0,0,0,0,0,0,1,1,0,0,0.1613,0.1041,0.1606,0.0812,0.1216,0.0514,0.0883,0.1440,0.0328,0.1396,0.000,0.000,0.000,0.000,0.000,0.000,0.000,0.158,0.000,0.000,semi-presidential,parliamentary,parliamentary,parliamentary,parliamentary,semi-presidential,semi-presidential,junta,electoral-authoritarian,parliamentary,0.800,0.800,0.800,0.800,0.800,0.800,0.719,0.400,0.500,0.800,100.0,100.0,100.0,100.0,99.4,100.0,100.0,100.0,100.0,84.0
2035-06-01,1.0542,0.9910,1.0068,0.9738,0.9854,1.0055,1.0038,0.9920,1.0056,0.9973,0.9834,1.0017,1.1410,1.0180,1.0426,1.0186,1.0036,1.0550,1.0371,1.0794,1.0231,1.0338,1.0146,1.0020,4319.23,5930.61,4538.12,3120.72,2590.13,1634.52,202.52,3355.60,2650.54,620.06,0.9580,0.5800,0.9560,1.1785,0.7930,0.2375,1.3917,0.3367,0.2023,-1.1531,0.6908,0.7762,0.6958,0.6824,0.7470,0.8036,0.4901,0.7141,0.7184,0.6959,0.0168,0.0097,0.0327,0.0262,0.0182,0.0000,0.0929,0.0025,0.0105,0.0157,0.9797,0.9793,0.9904,0.9786,0.9800,1.0000,0.9712,1.0000,0.9740,1.0000,69.36,219.55,88.65,65.70,80.52,15.32,5.86,321.96,92.76,92.63,0.0000,0.0000,0.0000,0.0000,0.0000,0.0000,0.4546,0.0403,0.0000,0.0000,104304,74663,53998,54750,86225,66964,95775,572442,131417,91336,0,0,0,0,0,0,0,0,0,0,0.0000,0.0000,0.0000,0.0000,0.0000,0.0000,0.1748,0.1656,0.0000,0.0000,0,0,0,0,0,0,0,1,0,0,0,0,0,0,0,0,1,1,0,0,0.1284,0.0872,0.1270,0.0633,0.0958,0.0424,0.0759,0.1350,0.0253,0.1398,0.000,0.000,0.000,0.000,0.000,0.000,0.000,0.160,0.000,0.000,semi-presidential,parliamentary,parliamentary,parliamentary,parliamentary,semi-presidential,semi-presidential,junta,electoral-authoritarian,parliamentary,0.800,0.800,0.800,0.800,0.800,0.800,0.731,0.400,0.500,0.800,100.0,100.0,100.0,100.0,100.0,100.0,100.0,100.0,100.0,86.9
2035-07-01,1.0533,0.9924,1.0026,0.9780,0.9833,1.0041,1.0030,0.9958,1.0062,0.9986,0.9844,0.9996,1.1338,1.0559,1.0387,1.0208,1.0012,1.0539,1.0045,1.0729,1.0250,1.0164,1.0334,0.9999,4325.40,5947.64,4539.64,3118.16,2595.05,1644.29,202.57,3365.57,2661.29,621.47,0.9567,0.5787,0.9557,1.1795,0.7914,0.2349,1.3919,0.3374,0.2015,-1.1653,0.6813,0.7680,0.6889,0.6665,0.7329,0.7986,0.4941,0.6904,0.7101,0.6942,0.0206,0.0139,0.0340,0.0282,0.0222,0.0032,0.0709,0.0022,0.0138,0.0146,0.9465,0.9492,0.9737,0.9505,0.9476,0.9769,0.9653,1.0000,0.9502,1.0000,68.71,220.44,89.88,64.45,79.69,15.96,5.88,316.23,92.34,93.95,0.0000,0.0000,0.0000,0.0000,0.0000,0.0000,0.4554,0.0412,0.0000,0.0000,104304,74663,53998,54750,86225,66964,95775,572442,131417,91336,0,0,0,0,0,0,0,0,0,0,0.0000,0.0000,0.0000,0.0000,0.0000,0.0000,0.1840,0.1748,0.0000,0.0000,0,0,0,0,0,0,0,1,0,0,0,0,0,0,0,0,1,1,0,0,0.1441,0.0949,0.1434,0.0710,0.1076,0.0458,0.0803,0.1336,0.0274,0.1400,0.000,0.000,0.000,0.000,0.000,0.000,0.000,0.162,0.000,0.000,semi-presidential,parliamentary,parliamentary,parliamentary,parliamentary,semi-presidential,semi-presidential,junta,electoral-authoritarian,parliamentary,0.800,0.800,0.800,0.800,0.800,0.800,0.740,0.400,0.500,0.800,100.0,100.0,100.0,100.0,100.0,100.0,100.0,100.0,100.0,89.7
2035-08-01,1.0483,0.9950,0.9975,0.9824,0.9829,1.0038,1.0042,0.9995,1.0059,0.9970,0.9858,0.9973,1.1279,1.0500,1.0349,1.0243,1.0015,1.0539,1.0563,1.0658,1.0178,1.0030,1.0001,0.9979,4334.90,5953.15,4528.40,3111.45,2595.34,1655.31,202.33,3383.64,2676.41,622.34,0.9547,0.5786,0.9581,1.1792,0.7943,0.2322,1.3939,0.3378,0.2005,-1.1784,0.6607,0.7469,0.6666,0.6559,0.7208,0.7920,0.4905,0.6928,0.7096,0.7004,0.0194,0.0130,0.0329,0.0274,0.0213,0.0024,0.0675,0.0019,0.0128,0.0144,0.9539,0.9560,0.9774,0.9568,0.9548,0.9828,0.9667,1.0000,0.9557,1.0000,67.84,221.12,91.18,63.36,78.92,16.68,5.73,310.69,91.57,94.33,0.0000,0.0000,0.0000,0.0000,0.0000,0.0000,0.4555,0.0421,0.0000,0.0000,104304,74663,53998,54750,86225,66964,95775,572442,131417,91336,0,0,0,0,0,0,0,0,0,0,0.0000,0.0000,0.0000,0.0000,0.0000,0.0000,0.1932,0.1863,0.0000,0.0000,0,0,0,0,0,0,0,1,0,0,0,0,0,0,0,0,1,1,0,0,0.1356,0.0906,0.1349,0.0661,0.1009,0.0434,0.0804,0.1281,0.0254,0.1400,0.000,0.000,0.000,0.000,0.000,0.000,0.000,0.163,0.000,0.000,semi-presidential,parliamentary,parliamentary,parliamentary,parliamentary,semi-presidential,semi-presidential,junta,electoral-authoritarian,parliamentary,0.830,0.800,0.800,0.800,0.800,0.800,0.749,0.400,0.500,0.810,92.8,100.0,100.0,100.0,100.0,100.0,100.0,100.0,100.0,87.6
2035-09-01,1.0426,0.9957,0.9922,0.9868,0.9851,1.0037,1.0037,1.0011,1.0052,0.9957,0.9869,0.9955,1.1211,1.0239,1.0285,1.0244,1.0208,1.0542,1.0054,1.0125,1.0170,1.0063,1.0428,0.9956,4326.73,5974.64,4533.99,3115.95,2605.84,1667.90,202.88,3391.41,2692.15,622.52,0.9567,0.5769,0.9570,1.1776,0.7911,0.2293,1.3905,0.3388,0.1994,-1.1928,0.6601,0.7415,0.6661,0.6465,0.7143,0.7998,0.5070,0.6889,0.7166,0.7054,0.0130,0.0098,0.0282,0.0255,0.0203,0.0000,0.0638,0.0014,0.0103,0.0164,0.9788,0.9783,0.9899,0.9776,0.9791,1.0000,0.9715,1.0000,0.9729,1.0000,67.80,222.48,91.86,63.24,79.43,16.85,5.76,312.33,92.10,94.16,0.0000,0.0000,0.0000,0.0000,0.0000,0.0000,0.4555,0.0417,0.0000,0.0000,104304,74663,53998,54750,86225,66964,95775,572442,131417,91336,0,0,0,0,0,0,0,0,0,0,0.0000,0.0000,0.0000,0.0000,0.0000,0.0000,0.2047,0.1955,0.0000,0.0000,0,0,0,0,0,0,0,1,0,0,0,0,0,0,0,0,1,1,0,0,0.1464,0.0954,0.1460,0.0711,0.1092,0.0451,0.0814,0.1342,0.0264,0.1396,0.000,0.000,0.000,0.000,0.000,0.000,0.000,0.161,0.000,0.000,semi-presidential,parliamentary,parliamentary,parliamentary,parliamentary,semi-presidential,semi-presidential,junta,electoral-authoritarian,parliamentary,0.820,0.800,0.800,0.800,0.800,0.800,0.761,0.400,0.500,0.800,95.6,100.0,100.0,100.0,100.0,100.0,100.0,100.0,100.0,90.4
2035-10-01,1.0381,0.9968,0.9895,0.9905,0.9863,1.0000,1.0030,1.0011,1.0037,0.9970,0.9893,0.9957,1.1149,1.0245,1.0254,1.0244,1.0153,1.0495,1.0045,1.0026,1.0156,1.0204,1.0012,0.9958,4344.86,5998.64,4539.47,3131.05,2620.36,1678.65,202.92,3402.10,2710.08,623.10,0.9528,0.5750,0.9558,1.1722,0.7868,0.2266,1.3905,0.3395,0.1982,-1.2065,0.6682,0.7487,0.6744,0.6483,0.7104,0.8030,0.5105,0.6946,0.7192,0.6951,0.0109,0.0096,0.0248,0.0223,0.0172,0.0000,0.0607,0.0011,0.0101,0.0109,0.9792,0.9788,0.9902,0.9780,0.9794,1.0000,0.9714,1.0000,0.9733,1.0000,67.73,222.80,92.40,63.90,79.76,16.96,5.78,312.55,92.28,94.14,0.0000,0.0000,0.0000,0.0000,0.0000,0.0000,0.4550,0.0409,0.0000,0.0000,104304,74663,53998,54750,86225,66964,95775,572442,131417,91336,0,0,0,0,0,0,0,0,0,0,0.0000,0.0000,0.0000,0.0000,0.0000,0.0000,0.2139,0.2047,0.0000,0.0000,0,0,0,0,0,0,0,1,0,0,0,0,0,0,0,0,1,1,0,0,0.1490,0.0968,0.1485,0.0727,0.1112,0.0457,0.0820,0.1347,0.0270,0.1394,0.000,0.000,0.000,0.000,0.000,0.000,0.000,0.161,0.000,0.000,semi-presidential,parliamentary,parliamentary,parliamentary,parliamentary,semi-presidential,semi-presidential,junta,electoral-authoritarian,parliamentary,0.810,0.800,0.800,0.800,0.800,0.800,0.770,0.400,0.500,0.800,98.5,100.0,100.0,100.0,100.0,100.0,100.0,100.0,100.0,93.3
2035-11-01,1.0366,0.9992,0.9890,0.9927,0.9864,0.9962,1.0019,1.0019,1.0032,0.9978,0.9914,0.9968,1.1175,1.0473,1.0542,1.0270,1.0043,1.0449,1.0035,1.0322,1.0388,1.0046,1.0358,0.9971,4374.95,6019.75,4556.68,3144.26,2627.69,1684.77,202.17,3416.95,2721.47,623.69,0.9464,0.5733,0.9520,1.1675,0.7847,0.2290,1.3958,0.3402,0.1974,-1.2200,0.6743,0.7465,0.6827,0.6519,0.7196,0.7899,0.5169,0.6938,0.7060,0.7059,0.0184,0.0133,0.0309,0.0252,0.0216,0.0019,0.0675,0.0023,0.0141,0.0122,0.9599,0.9615,0.9804,0.9621,0.9607,0.9866,0.9681,1.0000,0.9605,1.0000,69.30,224.78,94.14,66.07,81.92,17.02,5.92,320.53,93.76,94.23,0.0000,0.0000,0.0000,0.0000,0.0000,0.0000,0.4548,0.0418,0.0000,0.0000,104304,74663,53998,54750,86225,66964,95775,572442,131417,91336,0,0,0,0,0,0,0,0,0,0,0.0000,0.0000,0.0000,0.0000,0.0000,0.0000,0.2254,0.2162,0.0000,0.0000,0,0,0,0,0,0,0,1,0,0,0,0,0,0,0,0,1,1,0,0,0.1554,0.1002,0.1554,0.0769,0.1164,0.0476,0.0805,0.1394,0.0321,0.1392,0.000,0.000,0.000,0.000,0.000,0.000,0.000,0.161,0.000,0.000,semi-presidential,parliamentary,parliamentary,parliamentary,parliamentary,semi-presidential,semi-presidential,junta,electoral-authoritarian,parliamentary,0.801,0.800,0.800,0.800,0.800,0.800,0.781,0.400,0.500,0.800,100.0,100.0,100.0,100.0,100.0,30.0,100.0,100.0,100.0,96.2
2035-12-01,1.0348,0.9999,0.9899,0.9941,0.9869,0.9943,1.0002,1.0016,1.0039,0.9980,0.9948,0.9984,1.1132,1.0276,1.0458,1.0225,1.0091,1.0433,1.0021,1.0030,1.0154,1.0276,1.0939,0.9985,4395.19,6032.83,4575.57,3147.34,2643.22,1691.80,202.51,3434.95,2740.46,625.56,0.9418,0.5725,0.9480,1.1665,0.7801,0.2270,1.3934,0.3402,0.1962,-1.2353,0.6750,0.7539,0.6907,0.6594,0.7218,0.7957,0.5257,0.6910,0.7155,0.7017,0.0152,0.0104,0.0289,0.0198,0.0188,0.0000,0.0652,0.0017,0.0109,0.0131,0.9792,0.9787,0.9902,0.9781,0.9797,1.0000,0.9723,1.0000,0.9736,1.0000,69.35,225.00,94.83,67.64,82.56,17.00,5.79,321.34,94.41,94.67,0.0000,0.0000,0.0000,0.0000,0.0000,0.0000,0.4535,0.0406,0.0000,0.0000,104304,74663,53998,54750,86225,66964,95775,572442,131417,91336,0,0,0,0,0,0,0,0,0,0,0.0000,0.0000,0.0000,0.0000,0.0000,0.0000,0.2346,0.2254,0.0000,0.0000,0,0,0,0,0,0,0,1,0,0,0,0,0,0,0,0,1,1,0,0,0.1567,0.1013,0.1567,0.0789,0.1175,0.0487,0.0844,0.1405,0.0332,0.1390,0.000,0.000,0.000,0.000,0.000,0.000,0.000,0.160,0.000,0.000,semi-presidential,parliamentary,parliamentary,parliamentary,parliamentary,semi-presidential,semi-presidential,junta,electoral-authoritarian,parliamentary,0.800,0.800,0.800,0.800,0.800,0.800,0.791,0.400,0.500,0.800,100.0,100.0,100.0,100.0,100.0,33.4,100.0,100.0,100.0,100.0
2036-01-01,1.0334,1.0009,0.9931,0.9947,0.9863,0.9912,1.0001,1.0019,1.0037,0.9995,1.0003,0.9991,1.1152,1.0292,1.1454,1.0314,1.0045,1.0400,1.0215,1.0598,1.0153,1.0063,1.1818,0.9992,4413.19,6048.08,4576.74,3156.88,2652.19,1703.80,202.78,3443.56,2755.90,624.45,0.9379,0.5714,0.9478,1.1632,0.7776,0.2244,1.3916,0.3411,0.1951,-1.2522,0.6768,0.7566,0.6863,0.6682,0.7203,0.7976,0.5229,0.6842,0.7160,0.6978,0.0279,0.0138,0.0426,0.0303,0.0285,0.0000,0.0754,0.0025,0.0152,0.0219,0.9787,0.9783,0.9899,0.9775,0.9789,1.0000,0.9720,1.0000,0.9727,1.0000,70.18,226.08,93.93,66.25,83.09,17.13,6.01,324.51,94.73,94.27,0.0000,0.0000,0.0000,0.0000,0.0000,0.0000,0.4536,0.0416,0.0000,0.0000,104304,74663,53998,54750,86225,66964,95775,572442,131417,91336,0,0,0,0,0,0,0,0,0,0,0.0000,0.0000,0.0000,0.0000,0.0000,0.0000,0.2438,0.2346,0.0000,0.0000,0,0,0,0,0,0,0,1,0,0,0,0,0,0,0,0,1,1,0,0,0.1572,0.1016,0.1572,0.0782,0.1181,0.0491,0.0839,0.1419,0.0331,0.1390,0.000,0.000,0.000,0.000,0.000,0.000,0.000,0.160,0.000,0.000,semi-presidential,parliamentary,parliamentary,parliamentary,parliamentary,semi-presidential,semi-presidential,junta,electoral-authoritarian,parliamentary,0.800,0.800,0.800,0.800,0.800,0.800,0.800,0.400,0.500,0.800,100.0,100.0,100.0,100.0,100.0,36.8,100.0,100.0,100.0,100.0
