date,price_oil,price_gas,price_coal,price_electricity,price_food,price_critical-minerals,price_steel,price_consumer-goods,price_electronics,price_arms,price_pharma,price_services,import_price_oil,import_price_gas,import_price_coal,import_price_electricity,import_price_food,import_price_critical-minerals,import_price_steel,import_price_consumer-goods,import_price_electronics,import_price_arms,import_price_pharma,import_price_services,gdp_FRA,gdp_DEU,gdp_GBR,gdp_ITA,gdp_ESP,gdp_POL,gdp_UKR,gdp_RUS,gdp_TUR,gdp_NOR,debt_FRA,debt_DEU,debt_GBR,debt_ITA,debt_ESP,debt_POL,debt_UKR,debt_RUS,debt_TUR,debt_NOR,stability_FRA,stability_DEU,stability_GBR,stability_ITA,stability_ESP,stability_POL,stability_UKR,stability_RUS,stability_TUR,stability_NOR,shortage_FRA,shortage_DEU,shortage_GBR,shortage_ITA,shortage_ESP,shortage_POL,shortage_UKR,shortage_RUS,shortage_TUR,shortage_NOR,gas_coverage_FRA,gas_coverage_DEU,gas_coverage_GBR,gas_coverage_ITA,gas_coverage_ESP,gas_coverage_POL,gas_coverage_UKR,gas_coverage_RUS,gas_coverage_TUR,gas_coverage_NOR,maritime_trade_FRA,maritime_trade_DEU,maritime_trade_GBR,maritime_trade_ITA,maritime_trade_ESP,maritime_trade_POL,maritime_trade_UKR,maritime_trade_RUS,maritime_trade_TUR,maritime_trade_NOR,blockade_FRA,blockade_DEU,blockade_GBR,blockade_ITA,blockade_ESP,blockade_POL,blockade_UKR,blockade_RUS,blockade_TUR,blockade_NOR,tiles_FRA,tiles_DEU,tiles_GBR,tiles_ITA,tiles_ESP,tiles_POL,tiles_UKR,tiles_RUS,tiles_TUR,tiles_NOR,contested_FRA,contested_DEU,contested_GBR,contested_ITA,contested_ESP,contested_POL,contested_UKR,contested_RUS,contested_TUR,contested_NOR,exhaustion_FRA,exhaustion_DEU,exhaustion_GBR,exhaustion_ITA,exhaustion_ESP,exhaustion_POL,exhaustion_UKR,exhaustion_RUS,exhaustion_TUR,exhaustion_NOR,sanctions_against_FRA,sanctions_against_DEU,sanctions_against_GBR,sanctions_against_ITA,sanctions_against_ESP,sanctions_against_POL,sanctions_against_UKR,sanctions_against_RUS,sanctions_against_TUR,sanctions_against_NOR,at_war_FRA,at_war_DEU,at_war_GBR,at_war_ITA,at_war_ESP,at_war_POL,at_war_UKR,at_war_RUS,at_war_TUR,at_war_NOR,export_share_FRA,export_share_DEU,export_share_GBR,export_share_ITA,export_share_ESP,export_share_POL,export_share_UKR,export_share_RUS,export_share_TUR,export_share_NOR,circumvention_FRA,circumvention_DEU,circumvention_GBR,circumvention_ITA,circumvention_ESP,circumvention_POL,circumvention_UKR,circumvention_RUS,circumvention_TUR,circumvention_NOR,regime_FRA,regime_DEU,regime_GBR,regime_ITA,regime_ESP,regime_POL,regime_UKR,regime_RUS,regime_TUR,regime_NOR,legitimacy_FRA,legitimacy_DEU,legitimacy_GBR,legitimacy_ITA,legitimacy_ESP,legitimacy_POL,legitimacy_UKR,legitimacy_RUS,legitimacy_TUR,legitimacy_NOR,capital_FRA,capital_DEU,capital_GBR,capital_ITA,capital_ESP,capital_POL,capital_UKR,capital_RUS,capital_TUR,capital_NOR
2026-01-01,1.0000,1.0000,1.0000,1.0000,1.0000,1.0000,1.0000,1.0000,1.0000,1.0000,1.0000,1.0000,1.0000,1.0000,1.0000,1.0000,1.0000,1.0000,1.0000,1.0000,1.0000,1.0000,1.0000,1.0000,3366.32,5050.92,4002.59,2551.56,1906.45,1035.49,214.23,2561.31,1597.29,530.76,1.1600,0.6290,1.0230,1.3710,1.0040,0.5880,1.0870,0.1720,0.2350,0.4500,0.6600,0.7169,0.6747,0.6374,0.6767,0.7200,0.6678,0.6750,0.6750,0.7200,0.0000,0.0000,0.0000,0.0000,0.0000,0.0000,0.0000,0.0000,0.0000,0.0000,1.0000,1.0000,1.0000,1.0000,1.0000,1.0000,1.0000,1.0000,1.0000,1.0000,0.00,0.00,0.00,0.00,0.00,0.00,0.00,0.00,0.00,0.00,0.0000,0.0000,0.0000,0.0000,0.0000,0.0000,0.0000,0.0000,0.0000,0.0000,104304,74663,53998,54750,86225,66964,95775,572442,131417,91336,0,0,0,0,0,0,0,0,0,0,0.0000,0.0000,0.0000,0.0000,0.0000,0.0000,0.0000,0.0000,0.0000,0.0000,0,0,0,0,0,0,0,0,0,0,0,0,0,0,0,0,1,1,0,0,0.1188,0.0739,0.1337,0.0486,0.0868,0.0114,0.0806,0.1082,0.0016,0.1382,0.000,0.000,0.000,0.000,0.000,0.000,0.000,0.000,0.000,0.000,semi-presidential,parliamentary,parliamentary,parliamentary,parliamentary,semi-presidential,semi-presidential,electoral-authoritarian,electoral-authoritarian,parliamentary,0.800,0.800,0.800,0.800,0.800,0.800,0.800,0.500,0.500,0.800,30.0,30.0,30.0,30.0,30.0,30.0,30.0,30.0,30.0,30.0
2026-02-01,1.0000,1.0000,1.0000,1.0000,1.0000,1.0000,1.0000,1.0000,1.0000,1.0000,1.0000,1.0000,1.0737,1.0272,1.0377,1.0397,1.0268,1.0569,1.0247,1.0247,1.0417,1.0274,1.0247,1.0000,3363.28,5055.37,4000.26,2552.28,1913.55,1039.60,212.55,2563.17,1601.35,531.50,1.1691,0.6318,1.0319,1.3813,1.0073,0.5904,1.1040,0.1758,0.2379,0.4367,0.6600,0.7169,0.6747,0.6374,0.6767,0.7200,0.6678,0.6750,0.6750,0.7200,0.0139,0.0114,0.0296,0.0205,0.0185,0.0000,0.0278,0.0025,0.0136,0.0141,0.9793,0.9788,0.9899,0.9779,0.9796,1.0000,0.9876,1.0000,0.9729,1.0000,50.88,180.46,76.31,51.83,59.37,9.22,4.24,232.99,55.64,79.06,0.0000,0.0000,0.0000,0.0000,0.0000,0.0000,0.4600,0.0438,0.0000,0.0000,104304,74663,53998,54750,86225,66964,95775,572442,131417,91336,0,0,0,0,0,0,0,0,0,0,0.0000,0.0000,0.0000,0.0000,0.0000,0.0000,0.0100,0.0100,0.0000,0.0000,0,0,0,0,0,0,0,1,0,0,0,0,0,0,0,0,1,1,0,0,0.1189,0.0730,0.1338,0.0478,0.0862,0.0113,0.0722,0.1041,0.0015,0.1356,0.000,0.000,0.000,0.000,0.000,0.000,0.000,0.000,0.000,0.000,semi-presidential,parliamentary,parliamentary,parliamentary,parliamentary,semi-presidential,semi-presidential,electoral-authoritarian,electoral-authoritarian,parliamentary,0.800,0.800,0.800,0.800,0.800,0.800,0.800,0.500,0.500,0.800,33.3,32.9,32.5,33.6,33.3,33.1,30.0,33.3,33.8,32.9
2026-03-01,1.0004,1.0013,1.0030,1.0000,0.9975,1.0008,1.0037,0.9997,1.0021,1.0005,1.0000,1.0003,1.0889,1.0457,1.1426,1.0490,1.0232,1.0575,1.1016,1.0012,1.0523,1.0167,1.0027,1.0006,3358.74,5059.32,4007.95,2550.86,1924.60,1044.85,211.52,2559.73,1608.45,531.25,1.1815,0.6350,1.0377,1.3928,1.0078,0.5880,1.1166,0.1799,0.2398,0.4241,0.6428,0.7154,0.6479,0.6207,0.6847,0.7319,0.5803,0.6595,0.6664,0.7150,0.0231,0.0168,0.0374,0.0286,0.0272,0.0016,0.0736,0.0031,0.0233,0.0163,0.9661,0.9650,0.9831,0.9667,0.9686,0.9887,0.9666,1.0000,0.9629,1.0000,50.73,180.41,75.63,51.59,59.19,9.16,5.67,233.83,55.65,78.59,0.0000,0.0000,0.0000,0.0000,0.0000,0.0000,0.4605,0.0439,0.0000,0.0000,104304,74663,53998,54750,86225,66964,95775,572442,131417,91336,0,0,0,0,0,0,0,0,0,0,0.0000,0.0000,0.0000,0.0000,0.0000,0.0000,0.0200,0.0200,0.0000,0.0000,0,0,0,0,0,0,0,1,0,0,0,0,0,0,0,0,1,1,0,0,0.1192,0.0732,0.1337,0.0481,0.0861,0.0113,0.0709,0.1042,0.0013,0.1332,0.000,0.000,0.000,0.000,0.000,0.000,0.032,0.147,0.000,0.000,semi-presidential,parliamentary,parliamentary,parliamentary,parliamentary,semi-presidential,semi-presidential,electoral-authoritarian,electoral-authoritarian,parliamentary,0.800,0.800,0.800,0.800,0.800,0.800,0.800,0.500,0.500,0.800,36.5,35.7,35.0,37.1,36.7,36.4,32.5,36.5,37.5,35.7
2026-04-01,1.0011,1.0057,1.0047,1.0026,0.9977,1.0025,1.0064,1.0005,1.0049,1.0022,1.0001,1.0023,1.0809,1.0872,1.0790,1.0734,1.0246,1.0588,1.0857,1.0342,1.0781,1.0482,1.0211,1.0035,3366.29,5057.37,4010.71,2550.80,1932.02,1047.36,210.52,2562.60,1607.87,531.38,1.1862,0.6385,1.0443,1.4030,1.0099,0.5869,1.1289,0.1834,0.2426,0.4112,0.6290,0.7130,0.6450,0.5957,0.7005,0.7475,0.5246,0.6465,0.6681,0.6934,0.0245,0.0213,0.0383,0.0380,0.0291,0.0046,0.0652,0.0044,0.0226,0.0183,0.9327,0.9364,0.9657,0.9390,0.9345,0.9669,0.9596,1.0000,0.9412,1.0000,49.56,176.41,72.96,52.24,57.21,9.40,5.47,227.41,55.07,78.51,0.0000,0.0000,0.0000,0.0000,0.0000,0.0000,0.4598,0.0432,0.0000,0.0000,104304,74663,53998,54750,86225,66964,95775,572442,131417,91336,0,0,0,0,0,0,0,0,0,0,0.0000,0.0000,0.0000,0.0000,0.0000,0.0000,0.0300,0.0300,0.0000,0.0000,0,0,0,0,0,0,0,1,0,0,0,0,0,0,0,0,1,1,0,0,0.1202,0.0738,0.1355,0.0494,0.0880,0.0129,0.0764,0.1040,0.0015,0.1362,0.000,0.000,0.000,0.000,0.000,0.000,0.034,0.147,0.000,0.000,semi-presidential,parliamentary,parliamentary,parliamentary,parliamentary,semi-presidential,semi-presidential,electoral-authoritarian,electoral-authoritarian,parliamentary,0.800,0.800,0.800,0.800,0.800,0.800,0.800,0.500,0.500,0.800,39.7,38.6,37.4,40.5,40.2,39.7,34.8,39.6,41.2,38.4
2026-05-01,1.0035,1.0075,1.0042,1.0057,0.9960,1.0038,1.0083,1.0035,1.0060,1.0011,0.9997,1.0036,1.0819,1.0358,1.0411,1.0661,1.0220,1.0595,1.0474,1.0597,1.0229,1.0012,1.0011,1.0043,3356.78,5052.27,4012.71,2552.56,1937.92,1053.61,209.74,2559.64,1616.20,531.92,1.1963,0.6423,1.0506,1.4118,1.0123,0.5877,1.1396,0.1871,0.2439,0.3980,0.6381,0.6885,0.6333,0.5776,0.6985,0.7274,0.4998,0.6584,0.6202,0.6750,0.0145,0.0131,0.0288,0.0279,0.0177,0.0001,0.0601,0.0019,0.0117,0.0149,0.9799,0.9793,0.9902,0.9785,0.9802,1.0000,0.9683,1.0000,0.9737,1.0000,49.95,179.02,74.54,52.21,57.93,9.71,5.47,228.63,55.06,79.00,0.0000,0.0000,0.0000,0.0000,0.0000,0.0000,0.4597,0.0423,0.0000,0.0000,104304,74663,53998,54750,86225,66964,95775,572442,131417,91336,0,0,0,0,0,0,0,0,0,0,0.0000,0.0000,0.0000,0.0000,0.0000,0.0000,0.0400,0.0400,0.0000,0.0000,0,0,0,0,0,0,0,1,0,0,0,0,0,0,0,0,1,1,0,0,0.1219,0.0753,0.1365,0.0502,0.0891,0.0138,0.0741,0.1038,0.0014,0.1365,0.000,0.000,0.000,0.000,0.000,0.000,0.036,0.148,0.000,0.000,semi-presidential,parliamentary,parliamentary,parliamentary,parliamentary,semi-presidential,semi-presidential,electoral-authoritarian,electoral-authoritarian,parliamentary,0.800,0.800,0.800,0.800,0.800,0.800,0.800,0.500,0.500,0.800,42.9,41.3,39.8,43.7,43.7,37.9,36.9,42.8,44.6,41.1
2026-06-01,1.0077,1.0111,1.0058,1.0076,0.9946,1.0079,1.0066,1.0065,1.0047,1.0010,1.0007,1.0034,1.0906,1.0746,1.0440,1.0690,1.0208,1.0645,1.0081,1.0657,1.0184,1.0010,1.0255,1.0034,3360.33,5051.76,4021.17,2553.49,1937.15,1058.90,208.99,2568.05,1617.21,532.38,1.2052,0.6452,1.0546,1.4184,1.0158,0.5850,1.1498,0.1899,0.2460,0.3847,0.6191,0.6765,0.6282,0.5799,0.6952,0.7608,0.4967,0.6198,0.6633,0.6796,0.0188,0.0173,0.0315,0.0311,0.0219,0.0031,0.0617,0.0017,0.0156,0.0143,0.9493,0.9504,0.9744,0.9527,0.9516,0.9777,0.9640,1.0000,0.9517,1.0000,50.41,180.49,75.91,52.61,59.13,10.01,5.54,231.78,55.75,79.51,0.0000,0.0000,0.0000,0.0000,0.0000,0.0000,0.4600,0.0438,0.0000,0.0000,104304,74663,53998,54750,86225,66964,95775,572442,131417,91336,0,0,0,0,0,0,0,0,0,0,0.0000,0.0000,0.0000,0.0000,0.0000,0.0000,0.0500,0.0500,0.0000,0.0000,0,0,0,0,0,0,0,1,0,0,0,0,0,0,0,0,1,1,0,0,0.1199,0.0748,0.1346,0.0495,0.0882,0.0139,0.0743,0.1045,0.0014,0.1371,0.000,0.000,0.000,0.000,0.000,0.000,0.036,0.148,0.000,0.000,semi-presidential,parliamentary,parliamentary,parliamentary,parliamentary,semi-presidential,semi-presidential,electoral-authoritarian,electoral-authoritarian,parliamentary,0.800,0.800,0.800,0.800,0.800,0.800,0.800,0.500,0.500,0.800,40.9,43.9,42.2,47.0,42.1,41.3,38.9,45.8,48.2,43.7
2026-07-01,1.0106,1.0138,1.0097,1.0075,0.9910,1.0110,1.0060,1.0087,1.0009,1.0012,1.0007,1.0015,1.0929,1.0555,1.1389,1.0483,1.0165,1.0676,1.0076,1.0344,1.0146,1.0013,1.0023,1.0015,3358.74,5050.40,4005.62,2553.48,1921.35,1062.10,208.02,2565.15,1623.29,532.67,1.2112,0.6481,1.0644,1.4269,1.0308,0.5835,1.1609,0.1932,0.2477,0.3715,0.6339,0.6734,0.6342,0.5722,0.6666,0.7713,0.4952,0.6592,0.6487,0.6834,0.0200,0.0152,0.0330,0.0250,0.0236,0.0013,0.0592,0.0013,0.0200,0.0126,0.9688,0.9674,0.9845,0.9689,0.9713,0.9907,0.9685,1.0000,0.9647,1.0000,50.44,184.59,80.29,53.26,60.47,10.17,5.65,231.97,55.73,80.48,0.0000,0.0000,0.0000,0.0000,0.0000,0.0000,0.4580,0.0436,0.0000,0.0000,104304,74663,53998,54750,86225,66964,95775,572442,131417,91336,0,0,0,0,0,0,0,0,0,0,0.0000,0.0000,0.0000,0.0000,0.0000,0.0000,0.0600,0.0600,0.0000,0.0000,0,0,0,0,0,0,0,1,0,0,0,0,0,0,0,0,1,1,0,0,0.1070,0.0698,0.1201,0.0444,0.0782,0.0125,0.0694,0.1046,0.0013,0.1348,0.000,0.000,0.000,0.000,0.000,0.000,0.033,0.149,0.000,0.000,semi-presidential,parliamentary,parliamentary,parliamentary,parliamentary,semi-presidential,semi-presidential,electoral-authoritarian,electoral-authoritarian,parliamentary,0.800,0.800,0.800,0.800,0.800,0.800,0.800,0.500,0.500,0.800,44.1,46.6,44.6,50.2,45.4,44.8,41.0,49.0,51.8,46.4
2026-08-01,1.0196,1.0140,1.0143,1.0055,0.9903,1.0117,1.0045,1.0087,0.9995,0.9997,1.0017,1.0011,1.1780,1.0431,1.1793,1.0055,1.0163,1.0680,1.0062,1.0106,1.0134,1.0004,1.0063,1.0011,3361.88,5054.46,4006.25,2558.96,1922.73,1065.20,207.53,2572.74,1630.02,534.96,1.2190,0.6501,1.0701,1.4318,1.0344,0.5822,1.1689,0.1956,0.2490,0.3569,0.6189,0.6725,0.5733,0.5800,0.5940,0.7498,0.4800,0.6341,0.6572,0.6845,0.0245,0.0184,0.0212,0.0284,0.0289,0.0035,0.0828,0.0011,0.0182,0.0117,0.9793,0.9786,0.9899,0.9780,0.9797,1.0000,0.9694,1.0000,0.9731,1.0000,50.49,184.34,78.87,54.12,61.39,10.05,5.83,234.49,55.94,79.89,0.0000,0.0000,0.0000,0.0000,0.0000,0.0000,0.4561,0.0434,0.0000,0.0000,104304,74663,53998,54750,86225,66964,95775,572442,131417,91336,0,0,0,0,0,0,0,0,0,0,0.0000,0.0000,0.0000,0.0000,0.0000,0.0000,0.0700,0.0700,0.0000,0.0000,0,0,0,0,0,0,0,1,0,0,0,0,0,0,0,0,1,1,0,0,0.1207,0.0741,0.1320,0.0490,0.0857,0.0127,0.0738,0.1071,0.0044,0.1342,0.000,0.000,0.000,0.000,0.000,0.000,0.033,0.149,0.000,0.000,semi-presidential,parliamentary,parliamentary,parliamentary,parliamentary,semi-presidential,semi-presidential,electoral-authoritarian,electoral-authoritarian,parliamentary,0.800,0.800,0.800,0.800,0.800,0.800,0.800,0.500,0.500,0.800,37.2,49.2,46.7,53.5,48.2,48.1,43.0,52.0,55.5,49.0
2026-09-01,1.0203,1.0138,1.0190,1.0034,0.9899,1.0106,1.0039,1.0068,1.0001,0.9964,1.0008,1.0012,1.1034,1.0426,1.1844,1.0034,1.0158,1.0666,1.0056,1.0086,1.0140,0.9968,1.0024,1.0013,3357.64,5064.66,4000.03,2561.23,1920.71,1068.90,207.91,2570.48,1631.74,535.00,1.2248,0.6510,1.0800,1.4378,1.0394,0.5836,1.1716,0.1985,0.2508,0.3437,0.6293,0.6837,0.5962,0.6017,0.6019,0.7412,0.4827,0.6519,0.6740,0.7174,0.0197,0.0142,0.0185,0.0247,0.0241,0.0000,0.0584,0.0011,0.0155,0.0116,0.9795,0.9788,0.9900,0.9782,0.9800,1.0000,0.9695,1.0000,0.9734,1.0000,50.66,184.20,78.15,53.90,60.91,10.06,5.72,233.50,56.14,81.50,0.0000,0.0000,0.0000,0.0000,0.0000,0.0000,0.4562,0.0434,0.0000,0.0000,104304,74663,53998,54750,86225,66964,95775,572442,131417,91336,0,0,0,0,0,0,0,0,0,0,0.0000,0.0000,0.0000,0.0000,0.0000,0.0000,0.0800,0.0800,0.0000,0.0000,0,0,0,0,0,0,0,1,0,0,0,0,0,0,0,0,1,1,0,0,0.1276,0.0787,0.1393,0.0500,0.0917,0.0126,0.0741,0.1062,0.0045,0.1349,0.000,0.000,0.000,0.000,0.000,0.000,0.033,0.150,0.000,0.000,semi-presidential,parliamentary,parliamentary,parliamentary,parliamentary,semi-presidential,semi-presidential,electoral-authoritarian,electoral-authoritarian,parliamentary,0.800,0.800,0.800,0.800,0.800,0.800,0.800,0.500,0.500,0.800,40.4,51.9,48.9,56.9,51.1,51.4,45.1,55.1,59.2,51.9
2026-10-01,1.0213,1.0131,1.0149,1.0000,0.9918,1.0091,1.0012,1.0046,0.9998,0.9945,1.0030,0.9994,1.1011,1.0412,1.0519,1.0000,1.0289,1.0651,1.0028,1.0063,1.0137,0.9949,1.0621,0.9994,3350.24,5070.26,4008.44,2570.60,1924.28,1071.05,207.39,2570.30,1635.73,535.10,1.2313,0.6523,1.0827,1.4392,1.0409,0.5832,1.1839,0.2012,0.2521,0.3305,0.6085,0.7035,0.5926,0.5981,0.5918,0.7565,0.5405,0.6345,0.6498,0.6971,0.0125,0.0098,0.0128,0.0176,0.0189,0.0000,0.0587,0.0014,0.0104,0.0151,0.9800,0.9793,0.9903,0.9788,0.9805,1.0000,0.9693,1.0000,0.9740,1.0000,49.85,183.11,76.88,52.83,59.72,9.91,5.55,230.13,56.13,81.43,0.0000,0.0000,0.0000,0.0000,0.0000,0.0000,0.4615,0.0428,0.0000,0.0000,104304,74663,53998,54750,86225,66964,95775,572442,131417,91336,0,0,0,0,0,0,0,0,0,0,0.0000,0.0000,0.0000,0.0000,0.0000,0.0000,0.0900,0.0900,0.0000,0.0000,0,0,0,0,0,0,0,1,0,0,0,0,0,0,0,0,1,1,0,0,0.1137,0.0722,0.1232,0.0470,0.0809,0.0116,0.0740,0.1050,0.0033,0.1350,0.000,0.000,0.000,0.000,0.000,0.000,0.031,0.151,0.000,0.000,semi-presidential,parliamentary,parliamentary,parliamentary,parliamentary,semi-presidential,semi-presidential,electoral-authoritarian,electoral-authoritarian,parliamentary,0.800,0.800,0.800,0.800,0.800,0.800,0.800,0.500,0.500,0.800,43.4,54.7,51.1,60.3,43.9,54.8,47.4,58.2,62.8,54.6
2026-11-01,1.0266,1.0151,1.0156,0.9988,0.9965,1.0075,1.0005,1.0015,0.9996,0.9941,1.0041,0.9950,1.1103,1.0441,1.0527,0.9988,1.0478,1.0632,1.0022,1.0032,1.0134,0.9945,1.0339,0.9950,3338.46,5063.45,3998.58,2566.36,1923.06,1075.41,206.22,2572.19,1636.71,534.81,1.2387,0.6550,1.0897,1.4477,1.0444,0.5816,1.1945,0.2035,0.2536,0.3175,0.5933,0.7107,0.6201,0.6220,0.6136,0.7260,0.5315,0.6399,0.6547,0.6891,0.0118,0.0100,0.0132,0.0203,0.0216,0.0000,0.0604,0.0012,0.0106,0.0190,0.9794,0.9788,0.9900,0.9781,0.9797,1.0000,0.9687,1.0000,0.9732,1.0000,50.80,183.73,76.45,53.76,60.99,9.63,5.59,237.40,57.36,81.47,0.0000,0.0000,0.0000,0.0000,0.0000,0.0000,0.4615,0.0428,0.0000,0.0000,104304,74663,53998,54750,86225,66964,95775,572442,131417,91336,0,0,0,0,0,0,0,0,0,0,0.0000,0.0000,0.0000,0.0000,0.0000,0.0000,0.1000,0.1000,0.0000,0.0000,0,0,0,0,0,0,0,1,0,0,0,0,0,0,0,0,1,1,0,0,0.0942,0.0624,0.1009,0.0373,0.0655,0.0113,0.0715,0.1065,0.0015,0.1356,0.000,0.000,0.000,0.000,0.000,0.000,0.025,0.151,0.000,0.000,semi-presidential,parliamentary,parliamentary,parliamentary,parliamentary,semi-presidential,semi-presidential,electoral-authoritarian,electoral-authoritarian,parliamentary,0.800,0.800,0.800,0.800,0.800,0.800,0.800,0.500,0.500,0.800,46.3,57.5,53.4,63.9,46.8,58.0,49.7,61.2,66.4,57.3
2026-12-01,1.0305,1.0141,1.0159,0.9957,1.0645,1.0057,0.9979,1.0023,1.0008,0.9941,1.0040,0.9936,1.1150,1.0424,1.0530,0.9957,1.2345,1.0611,0.9995,1.0175,1.0265,0.9948,1.0057,0.9936,3344.16,5069.65,3985.91,2558.34,1919.76,1077.38,206.40,2573.78,1638.68,535.64,1.2392,0.6558,1.0970,1.4577,1.0490,0.5813,1.1969,0.2057,0.2549,0.3037,0.5807,0.6849,0.6002,0.5929,0.5981,0.7289,0.4953,0.6376,0.6372,0.6742,0.0116,0.0100,0.0225,0.0396,0.0449,0.0000,0.0612,0.0017,0.0109,0.0615,0.9799,0.9792,0.9902,0.9787,0.9804,1.0000,0.9693,1.0000,0.9739,1.0000,50.72,184.04,76.13,53.17,60.73,9.43,5.39,236.96,57.38,81.54,0.0000,0.0000,0.0000,0.0000,0.0000,0.0000,0.4615,0.0428,0.0000,0.0000,104304,74663,53998,54750,86225,66964,95775,572442,131417,91336,0,0,0,0,0,0,0,0,0,0,0.0000,0.0000,0.0000,0.0000,0.0000,0.0000,0.1100,0.1100,0.0000,0.0000,0,0,0,0,0,0,0,1,0,0,0,0,0,0,0,0,1,1,0,0,0.1119,0.0695,0.1222,0.0446,0.0790,0.0119,0.0764,0.1074,0.0018,0.1355,0.000,0.000,0.000,0.000,0.000,0.000,0.022,0.151,0.000,0.000,semi-presidential,parliamentary,parliamentary,parliamentary,parliamentary,semi-presidential,semi-presidential,electoral-authoritarian,electoral-authoritarian,parliamentary,0.800,0.800,0.800,0.800,0.800,0.800,0.800,0.500,0.500,0.800,49.2,60.2,55.6,57.3,49.7,61.2,51.8,64.3,69.9,60.0
2027-01-01,1.0307,1.0103,1.0196,0.9919,1.1200,1.0034,0.9914,1.0012,1.0022,0.9941,1.0049,0.9938,1.1109,1.0369,1.0567,0.9919,1.2699,1.0585,0.9929,1.0029,1.0301,0.9948,1.0300,0.9939,3347.52,5076.26,3992.53,2557.13,1918.92,1082.88,206.39,2571.36,1645.35,536.02,1.2398,0.6564,1.0955,1.4634,1.0520,0.5792,1.2000,0.2081,0.2556,0.2902,0.5960,0.6924,0.5679,0.5583,0.5709,0.7094,0.5268,0.6353,0.6247,0.6586,0.0113,0.0096,0.0194,0.0349,0.0396,0.0000,0.0580,0.0018,0.0106,0.0541,0.9810,0.9802,0.9907,0.9798,0.9817,1.0000,0.9701,1.0000,0.9752,1.0000,49.57,182.09,74.64,51.46,58.95,9.43,5.30,228.87,56.35,81.58,0.0000,0.0000,0.0000,0.0000,0.0000,0.0000,0.4600,0.0427,0.0000,0.0000,104304,74663,53998,54750,86225,66964,95775,572442,131417,91336,0,0,0,0,0,0,0,0,0,0,0.0000,0.0000,0.0000,0.0000,0.0000,0.0000,0.1200,0.1200,0.0000,0.0000,0,0,0,0,0,0,0,1,0,0,0,0,0,0,0,0,1,1,0,0,0.1218,0.0734,0.1330,0.0484,0.0862,0.0122,0.0807,0.1071,0.0042,0.1356,0.000,0.000,0.000,0.000,0.000,0.000,0.021,0.151,0.000,0.000,semi-presidential,parliamentary,parliamentary,parliamentary,parliamentary,semi-presidential,semi-presidential,electoral-authoritarian,electoral-authoritarian,parliamentary,0.800,0.800,0.800,0.800,0.800,0.800,0.800,0.500,0.500,0.800,52.1,62.9,57.7,60.5,52.4,64.3,54.1,67.3,73.3,62.6
2027-02-01,1.0312,1.0100,1.0179,0.9922,1.1518,0.9984,0.9890,1.0033,1.0044,0.9949,1.0061,0.9981,1.1096,1.0376,1.0549,1.0240,1.2659,1.0529,0.9904,1.0615,1.0716,1.0386,1.0530,0.9999,3351.21,5087.22,4002.47,2560.65,1923.92,1084.92,206.48,2579.58,1654.47,533.86,1.2397,0.6562,1.0956,1.4658,1.0516,0.5790,1.2021,0.2095,0.2598,0.2791,0.5934,0.7017,0.6023,0.5575,0.5680,0.7269,0.5371,0.6372,0.6344,0.6559,0.0147,0.0099,0.0367,0.0303,0.0358,0.0000,0.0637,0.0042,0.0127,0.0476,0.9803,0.9796,0.9904,0.9791,0.9809,1.0000,0.9694,1.0000,0.9744,1.0000,49.55,183.48,77.36,51.29,58.36,9.81,5.26,227.51,56.30,81.63,0.0000,0.0000,0.0000,0.0000,0.0000,0.0000,0.4600,0.0427,0.0000,0.0000,104304,74663,53998,54750,86225,66964,95775,572442,131417,91336,0,0,0,0,0,0,0,0,0,0,0.0000,0.0000,0.0000,0.0000,0.0000,0.0000,0.1300,0.1300,0.0000,0.0000,0,0,0,0,0,0,0,1,0,0,0,0,0,0,0,0,1,1,0,0,0.1262,0.0764,0.1363,0.0511,0.0892,0.0127,0.0852,0.1066,0.0068,0.1372,0.000,0.000,0.000,0.000,0.000,0.000,0.026,0.151,0.000,0.000,semi-presidential,parliamentary,parliamentary,parliamentary,parliamentary,semi-presidential,semi-presidential,electoral-authoritarian,electoral-authoritarian,parliamentary,0.750,0.800,0.800,0.800,0.800,0.800,0.800,0.500,0.500,0.800,55.1,65.7,60.0,63.7,55.1,67.5,56.5,70.4,76.8,65.2
2027-03-01,1.0973,1.0358,1.0211,0.9916,1.1703,0.9931,0.9907,1.0056,1.0065,0.9986,1.0058,1.0019,2.2499,1.4935,1.0568,1.1359,1.2602,1.0462,1.1066,1.1328,1.1249,1.1210,1.0732,1.0031,3358.22,5088.34,4010.62,2556.75,1924.47,1085.93,206.11,2592.18,1655.06,535.50,1.2381,0.6570,1.0995,1.4719,1.0533,0.5793,1.2023,0.2149,0.2614,0.2643,0.5452,0.7094,0.6188,0.5602,0.5958,0.7138,0.5435,0.6806,0.6672,0.6124,0.1300,0.1238,0.1089,0.1552,0.1501,0.1001,0.1178,0.0074,0.1305,0.0494,0.6398,0.6581,0.8203,0.6602,0.6407,0.7195,0.9456,1.0000,0.6510,1.0000,36.07,149.68,61.95,40.06,43.44,8.56,4.63,163.13,43.13,56.56,0.0000,0.0000,0.0000,0.0000,0.0000,0.0000,0.4588,0.0411,0.0000,0.0000,104304,74663,53998,54750,86225,66964,95775,572442,131417,91336,0,0,0,0,0,0,0,0,0,0,0.0000,0.0000,0.0000,0.0000,0.0000,0.0000,0.1400,0.1400,0.0000,0.0000,0,0,0,0,0,0,0,1,0,0,0,0,0,0,0,0,1,1,0,0,0.1293,0.0762,0.1439,0.0531,0.0922,0.0145,0.0889,0.1197,0.0093,0.1437,0.000,0.000,0.000,0.000,0.000,0.000,0.028,0.151,0.000,0.000,semi-presidential,parliamentary,parliamentary,parliamentary,parliamentary,semi-presidential,semi-presidential,electoral-authoritarian,electoral-authoritarian,parliamentary,0.760,0.800,0.800,0.800,0.800,0.800,0.800,0.500,0.500,0.800,57.7,68.6,62.3,66.9,58.0,70.6,58.9,73.7,80.5,67.6
2027-04-01,1.1450,1.0537,1.0202,0.9945,1.1793,0.9926,0.9949,1.0095,1.0093,1.0042,1.0064,1.0017,2.1235,1.3925,1.0550,1.0972,1.2371,1.0455,1.0633,1.0587,1.0373,1.0987,1.0078,1.0017,3350.03,5090.89,4014.98,2556.28,1922.92,1089.22,206.35,2604.28,1655.59,536.12,1.2419,0.6575,1.1002,1.4755,1.0561,0.5785,1.2029,0.2150,0.2680,0.2497,0.5272,0.6403,0.6001,0.4793,0.5329,0.6398,0.4838,0.7269,0.5875,0.6460,0.0978,0.0953,0.0811,0.1138,0.1086,0.0763,0.1033,0.0026,0.0968,0.0260,0.7352,0.7497,0.8685,0.7523,0.7361,0.8020,0.9526,1.0000,0.7489,1.0000,41.42,164.78,69.38,44.08,49.74,9.55,4.98,188.56,48.60,65.30,0.0000,0.0000,0.0000,0.0000,0.0000,0.0000,0.4623,0.0401,0.0000,0.0000,104304,74663,53998,54750,86225,66964,95775,572442,131417,91336,0,0,0,0,0,0,0,0,0,0,0.0000,0.0000,0.0000,0.0000,0.0000,0.0000,0.1500,0.1500,0.0000,0.0000,0,0,0,0,0,0,0,1,0,0,0,0,0,0,0,0,1,1,0,0,0.1327,0.0772,0.1422,0.0523,0.0910,0.0149,0.0888,0.1242,0.0091,0.1491,0.000,0.000,0.000,0.000,0.000,0.000,0.025,0.153,0.000,0.000,semi-presidential,parliamentary,parliamentary,parliamentary,parliamentary,semi-presidential,semi-presidential,electoral-authoritarian,electoral-authoritarian,parliamentary,0.770,0.800,0.800,0.800,0.800,0.800,0.800,0.500,0.500,0.800,60.4,71.1,64.6,69.7,60.6,73.3,61.0,77.4,83.8,70.1
2027-05-01,1.1786,1.0642,1.0189,0.9946,1.1813,1.0535,0.9971,1.0093,1.0277,1.0089,1.0062,1.0019,1.9761,1.2873,1.0534,0.9946,1.2149,2.4473,0.9987,1.0111,1.3303,1.0437,1.0080,1.0020,3350.46,5080.72,4022.55,2552.88,1927.25,1092.71,206.22,2612.78,1658.49,537.12,1.2421,0.6595,1.0989,1.4802,1.0555,0.5775,1.2094,0.2151,0.2693,0.2344,0.5156,0.6304,0.5937,0.4881,0.5186,0.6381,0.5056,0.7307,0.5634,0.6585,0.0935,0.0909,0.0664,0.0963,0.1022,0.0678,0.1075,0.0130,0.0805,0.0194,0.8244,0.8354,0.9133,0.8386,0.8254,0.8795,0.9577,1.0000,0.8408,1.0000,47.54,183.27,76.82,49.62,57.63,10.20,5.85,217.58,55.73,74.05,0.0000,0.0000,0.0000,0.0000,0.0000,0.0000,0.4610,0.0400,0.0000,0.0000,104304,74663,53998,54750,86225,66964,95775,572442,131417,91336,0,0,0,0,0,0,0,0,0,0,0.0000,0.0000,0.0000,0.0000,0.0000,0.0000,0.1600,0.1600,0.0000,0.0000,0,0,0,0,0,0,0,1,0,0,0,0,0,0,0,0,1,1,0,0,0.1346,0.0810,0.1440,0.0585,0.0961,0.0156,0.0902,0.1282,0.0093,0.1525,0.000,0.000,0.000,0.000,0.000,0.000,0.023,0.153,0.000,0.000,semi-presidential,parliamentary,parliamentary,parliamentary,parliamentary,semi-presidential,semi-presidential,electoral-authoritarian,electoral-authoritarian,parliamentary,0.780,0.800,0.800,0.800,0.800,0.800,0.800,0.500,0.500,0.800,30.0,73.6,66.9,72.4,63.1,76.1,63.2,81.0,86.8,72.6
2027-06-01,1.1997,1.0726,1.0166,0.9984,1.1733,1.0919,0.9969,1.0082,1.0353,1.0110,1.0019,1.0003,1.7438,1.2433,1.0513,1.0851,1.1969,1.9267,1.0446,1.0398,1.2434,1.0968,1.0033,1.0003,3351.73,5071.27,4019.34,2554.52,1931.52,1093.85,205.90,2626.03,1663.60,539.65,1.2417,0.6612,1.1011,1.4815,1.0516,0.5779,1.2129,0.2148,0.2702,0.2184,0.5182,0.6006,0.6202,0.4781,0.5339,0.6410,0.4971,0.7023,0.5347,0.6773,0.0663,0.0665,0.0667,0.0812,0.0706,0.0430,0.1125,0.0093,0.0577,0.0176,0.8648,0.8743,0.9332,0.8776,0.8658,0.9147,0.9607,1.0000,0.8824,1.0000,52.82,185.85,76.01,53.77,59.96,10.80,5.85,239.88,59.68,78.88,0.0000,0.0000,0.0000,0.0000,0.0000,0.0000,0.4592,0.0404,0.0000,0.0000,104304,74663,53998,54750,86225,66964,95775,572442,131417,91336,0,0,0,0,0,0,0,0,0,0,0.0000,0.0000,0.0000,0.0000,0.0000,0.0000,0.1700,0.1700,0.0000,0.0000,0,0,0,0,0,0,0,1,0,0,0,0,0,0,0,0,1,1,0,0,0.1224,0.0736,0.1307,0.0510,0.0870,0.0138,0.0796,0.1276,0.0074,0.1581,0.000,0.000,0.000,0.000,0.000,0.000,0.019,0.155,0.000,0.000,semi-presidential,parliamentary,parliamentary,parliamentary,parliamentary,semi-presidential,semi-presidential,electoral-authoritarian,electoral-authoritarian,parliamentary,0.790,0.800,0.800,0.800,0.800,0.820,0.800,0.500,0.500,0.800,32.3,65.9,69.3,75.1,55.6,73.8,65.4,84.5,89.6,75.3
2027-07-01,1.2115,1.0735,1.0139,1.0021,1.1609,1.1121,1.0036,1.0093,1.0368,1.0153,1.0007,0.9995,1.5349,1.1035,1.0472,1.0646,1.1845,1.5469,1.1476,1.0176,1.0530,1.0811,1.0022,0.9995,3362.08,5072.41,4017.15,2549.42,1932.42,1097.74,205.65,2639.48,1669.06,540.27,1.2375,0.6614,1.1079,1.4860,1.0584,0.5767,1.2158,0.2144,0.2760,0.2030,0.5300,0.5994,0.5890,0.4936,0.5751,0.6321,0.4865,0.7166,0.5750,0.7184,0.0335,0.0312,0.0419,0.0431,0.0338,0.0151,0.1020,0.0021,0.0213,0.0149,0.9792,0.9790,0.9901,0.9781,0.9792,1.0000,0.9720,1.0000,0.9736,1.0000,57.46,196.63,80.53,57.80,65.23,11.41,6.15,262.32,63.87,86.11,0.0000,0.0000,0.0000,0.0000,0.0000,0.0000,0.4610,0.0388,0.0000,0.0000,104304,74663,53998,54750,86225,66964,95775,572442,131417,91336,0,0,0,0,0,0,0,0,0,0,0.0000,0.0000,0.0000,0.0000,0.0000,0.0000,0.1800,0.1800,0.0000,0.0000,0,0,0,0,0,0,0,1,0,0,0,0,0,0,0,0,1,1,0,0,0.1271,0.0762,0.1367,0.0532,0.0913,0.0131,0.0734,0.1268,0.0071,0.1597,0.000,0.000,0.000,0.000,0.000,0.000,0.016,0.156,0.000,0.000,semi-presidential,parliamentary,parliamentary,parliamentary,parliamentary,semi-presidential,semi-presidential,electoral-authoritarian,electoral-authoritarian,parliamentary,0.800,0.800,0.800,0.800,0.800,0.810,0.800,0.500,0.500,0.800,34.7,68.2,71.5,67.9,58.4,76.4,67.5,88.1,92.7,78.1
2027-08-01,1.2134,1.0735,1.0133,1.0015,1.1448,1.1230,1.0067,1.0084,1.0332,1.0180,1.0002,1.0005,1.3136,1.1027,1.0460,1.0348,1.1681,1.3183,1.0542,1.0101,1.0486,1.0655,1.0019,1.0008,3373.06,5072.96,4044.73,2555.08,1938.72,1099.95,204.96,2647.29,1673.35,543.94,1.2331,0.6614,1.1013,1.4839,1.0554,0.5764,1.2212,0.2146,0.2770,0.1864,0.5603,0.6179,0.5883,0.5117,0.6028,0.6641,0.4856,0.7262,0.6174,0.7107,0.0139,0.0119,0.0275,0.0165,0.0164,0.0014,0.0940,0.0015,0.0105,0.0106,0.9798,0.9795,0.9904,0.9787,0.9799,1.0000,0.9725,1.0000,0.9742,1.0000,61.02,205.20,86.46,61.63,70.02,11.61,6.63,277.38,66.21,91.04,0.0000,0.0000,0.0000,0.0000,0.0000,0.0000,0.4606,0.0390,0.0000,0.0000,104304,74663,53998,54750,86225,66964,95775,572442,131417,91336,0,0,0,0,0,0,0,0,0,0,0.0000,0.0000,0.0000,0.0000,0.0000,0.0000,0.1900,0.1900,0.0000,0.0000,0,0,0,0,0,0,0,1,0,0,0,0,0,0,0,0,1,1,0,0,0.1322,0.0798,0.1423,0.0575,0.0951,0.0129,0.0697,0.1252,0.0077,0.1556,0.000,0.000,0.000,0.000,0.000,0.000,0.015,0.156,0.000,0.000,semi-presidential,parliamentary,parliamentary,parliamentary,parliamentary,semi-presidential,semi-presidential,electoral-authoritarian,electoral-authoritarian,parliamentary,0.800,0.800,0.800,0.800,0.800,0.800,0.850,0.500,0.500,0.800,37.2,70.6,73.7,70.7,30.0,79.3,59.7,91.8,96.1,81.0
2027-09-01,1.2100,1.0706,1.0104,1.0011,1.1291,1.1270,1.0076,1.0064,1.0264,1.0193,0.9978,1.0012,1.3016,1.0984,1.0416,1.0344,1.1525,1.1925,1.0282,1.0081,1.0412,1.0493,0.9995,1.0015,3372.23,5087.94,4051.22,2558.93,1941.34,1106.82,204.31,2654.50,1682.37,545.49,1.2330,0.6593,1.1001,1.4825,1.0543,0.5738,1.2262,0.2149,0.2772,0.1707,0.5831,0.6376,0.6549,0.5457,0.6263,0.6796,0.4471,0.7134,0.6347,0.7556,0.0106,0.0093,0.0241,0.0141,0.0140,0.0000,0.0761,0.0012,0.0096,0.0095,0.9808,0.9803,0.9909,0.9797,0.9811,1.0000,0.9732,1.0000,0.9752,1.0000,59.85,201.91,85.28,60.39,68.58,11.67,6.63,267.82,64.61,94.27,0.0000,0.0000,0.0000,0.0000,0.0000,0.0000,0.4599,0.0395,0.0000,0.0000,104304,74663,53998,54750,86225,66964,95775,572442,131417,91336,0,0,0,0,0,0,0,0,0,0,0.0000,0.0000,0.0000,0.0000,0.0000,0.0000,0.2000,0.2000,0.0000,0.0000,0,0,0,0,0,0,0,1,0,0,0,0,0,0,0,0,1,1,0,0,0.1329,0.0796,0.1436,0.0578,0.0958,0.0129,0.0695,0.1211,0.0081,0.1555,0.000,0.000,0.000,0.000,0.000,0.000,0.014,0.156,0.000,0.000,semi-presidential,parliamentary,parliamentary,parliamentary,parliamentary,semi-presidential,semi-presidential,electoral-authoritarian,electoral-authoritarian,parliamentary,0.800,0.800,0.800,0.800,0.800,0.800,0.840,0.500,0.500,0.800,39.8,73.0,76.2,73.8,32.8,82.2,61.5,95.3,99.5,84.0
2027-10-01,1.2053,1.0664,1.0079,1.0004,1.1163,1.1261,1.0068,1.0046,1.0226,1.0201,0.9964,1.0023,1.2907,1.0937,1.0396,1.0337,1.1397,1.1919,1.0085,1.0063,1.0373,1.0380,0.9981,1.0026,3384.24,5097.25,4054.82,2561.38,1951.20,1115.90,204.35,2665.00,1688.57,548.26,1.2282,0.6579,1.1034,1.4812,1.0490,0.5699,1.2270,0.2151,0.2779,0.1547,0.5769,0.6800,0.6486,0.5719,0.6165,0.7276,0.4507,0.6949,0.6535,0.7487,0.0098,0.0091,0.0233,0.0140,0.0134,0.0000,0.0689,0.0011,0.0094,0.0087,0.9812,0.9806,0.9911,0.9800,0.9816,1.0000,0.9736,1.0000,0.9755,1.0000,57.15,198.06,83.34,57.80,65.21,11.60,6.31,253.45,62.62,94.22,0.0000,0.0000,0.0000,0.0000,0.0000,0.0000,0.4598,0.0405,0.0000,0.0000,104304,74663,53998,54750,86225,66964,95775,572442,131417,91336,0,0,0,0,0,0,0,0,0,0,0.0000,0.0000,0.0000,0.0000,0.0000,0.0000,0.2100,0.2100,0.0000,0.0000,0,0,0,0,0,0,0,1,0,0,0,0,0,0,0,0,1,1,0,0,0.1331,0.0801,0.1446,0.0584,0.0961,0.0170,0.0716,0.1191,0.0088,0.1547,0.000,0.000,0.000,0.000,0.000,0.000,0.012,0.156,0.000,0.000,semi-presidential,parliamentary,parliamentary,parliamentary,parliamentary,semi-presidential,semi-presidential,electoral-authoritarian,electoral-authoritarian,parliamentary,0.800,0.800,0.800,0.800,0.800,0.800,0.830,0.500,0.500,0.800,42.3,75.7,78.7,30.0,35.4,85.3,63.3,98.8,100.0,87.1
2027-11-01,1.1994,1.0635,1.0075,1.0011,1.1034,1.1204,1.0044,1.0053,1.0201,1.0212,0.9953,1.0014,1.2819,1.0913,1.0414,1.0400,1.1266,1.1859,1.0060,1.0227,1.0346,1.0467,0.9969,1.0014,3386.91,5113.48,4070.42,2567.70,1954.01,1120.71,203.30,2674.93,1701.43,550.12,1.2271,0.6557,1.0992,1.4775,1.0473,0.5678,1.2341,0.2154,0.2775,0.1390,0.5964,0.6932,0.6447,0.5720,0.6540,0.7588,0.4793,0.6981,0.6512,0.7633,0.0107,0.0098,0.0245,0.0165,0.0140,0.0000,0.0670,0.0013,0.0095,0.0096,0.9807,0.9801,0.9908,0.9796,0.9812,1.0000,0.9733,1.0000,0.9750,1.0000,56.06,195.78,81.76,55.89,63.62,11.71,6.12,247.41,61.82,94.18,0.0000,0.0000,0.0000,0.0000,0.0000,0.0000,0.4597,0.0413,0.0000,0.0000,104304,74663,53998,54750,86225,66964,95775,572442,131417,91336,0,0,0,0,0,0,0,0,0,0,0.0000,0.0000,0.0000,0.0000,0.0000,0.0000,0.2200,0.2200,0.0000,0.0000,0,0,0,0,0,0,0,1,0,0,0,0,0,0,0,0,1,1,0,0,0.1276,0.0768,0.1371,0.0546,0.0919,0.0163,0.0704,0.1172,0.0080,0.1559,0.000,0.000,0.000,0.000,0.000,0.000,0.010,0.157,0.000,0.000,semi-presidential,parliamentary,parliamentary,parliamentary,parliamentary,semi-presidential,semi-presidential,electoral-authoritarian,electoral-authoritarian,parliamentary,0.800,0.800,0.800,0.800,0.800,0.800,0.820,0.500,0.500,0.800,45.0,78.4,81.2,32.7,38.4,30.0,65.3,100.0,100.0,90.2
2027-12-01,1.1965,1.0592,1.0042,1.0008,1.0895,1.1119,1.0034,1.0074,1.0211,1.0238,0.9926,0.9997,1.2789,1.0860,1.0357,1.0323,1.1126,1.1760,1.0051,1.0460,1.0358,1.0664,0.9942,0.9997,3387.02,5123.90,4077.00,2569.48,1958.38,1123.70,202.95,2682.31,1705.86,550.97,1.2272,0.6544,1.0972,1.4760,1.0447,0.5667,1.2369,0.2159,0.2785,0.1236,0.5950,0.7163,0.6701,0.5933,0.6523,0.7608,0.4520,0.6965,0.7009,0.7595,0.0115,0.0090,0.0247,0.0139,0.0144,0.0000,0.0699,0.0015,0.0094,0.0110,0.9814,0.9808,0.9912,0.9802,0.9819,1.0000,0.9733,1.0000,0.9757,1.0000,56.16,198.01,83.90,57.09,64.40,11.90,6.15,247.95,62.24,94.51,0.0000,0.0000,0.0000,0.0000,0.0000,0.0000,0.4598,0.0408,0.0000,0.0000,104304,74663,53998,54750,86225,66964,95775,572442,131417,91336,0,0,0,0,0,0,0,0,0,0,0.0000,0.0000,0.0000,0.0000,0.0000,0.0000,0.2300,0.2300,0.0000,0.0000,0,0,0,0,0,0,0,1,0,0,0,0,0,0,0,0,1,1,0,0,0.1200,0.0737,0.1291,0.0517,0.0914,0.0150,0.0660,0.1153,0.0066,0.1547,0.000,0.000,0.000,0.000,0.000,0.000,0.007,0.159,0.000,0.000,semi-presidential,parliamentary,parliamentary,parliamentary,parliamentary,semi-presidential,semi-presidential,electoral-authoritarian,electoral-authoritarian,parliamentary,0.800,0.800,0.800,0.800,0.800,0.800,0.810,0.500,0.500,0.800,47.7,81.3,83.8,35.5,41.3,33.2,67.2,100.0,100.0,93.3
2028-01-01,1.1914,1.0538,1.0064,1.0040,1.0724,1.0969,1.0041,1.0064,1.0222,1.0228,0.9932,0.9981,1.2700,1.0792,1.0401,1.0603,1.0954,1.1587,1.0391,1.0079,1.0645,1.0269,1.0283,0.9981,3392.51,5129.34,4086.03,2568.70,1964.73,1128.70,202.22,2689.07,1713.26,553.29,1.2254,0.6537,1.0945,1.4760,1.0411,0.5646,1.2418,0.2165,0.2790,0.1080,0.5898,0.7262,0.6684,0.5882,0.6499,0.7399,0.4631,0.6694,0.6725,0.7335,0.0116,0.0114,0.0249,0.0244,0.0152,0.0000,0.0675,0.0025,0.0101,0.0121,0.9823,0.9817,0.9916,0.9813,0.9829,1.0000,0.9731,1.0000,0.9769,1.0000,55.53,193.38,79.17,55.20,62.37,11.91,5.88,244.57,61.80,93.35,0.0000,0.0000,0.0000,0.0000,0.0000,0.0000,0.4602,0.0396,0.0000,0.0000,104304,74663,53998,54750,86225,66964,95775,572442,131417,91336,0,0,0,0,0,0,0,0,0,0,0.0000,0.0000,0.0000,0.0000,0.0000,0.0000,0.2400,0.2400,0.0000,0.0000,0,0,0,0,0,0,0,1,0,0,0,0,0,0,0,0,1,1,0,0,0.1262,0.0723,0.1297,0.0500,0.0920,0.0137,0.0604,0.1165,0.0058,0.1561,0.000,0.000,0.000,0.000,0.000,0.000,0.005,0.157,0.000,0.000,semi-presidential,parliamentary,parliamentary,parliamentary,parliamentary,semi-presidential,semi-presidential,electoral-authoritarian,electoral-authoritarian,parliamentary,0.800,0.800,0.800,0.800,0.800,0.800,0.800,0.500,0.500,0.800,50.3,84.2,76.4,38.3,44.2,26.4,69.1,100.0,100.0,96.2
2028-02-01,1.1855,1.0500,1.0094,1.0071,1.0561,1.0858,1.0033,1.0054,1.0223,1.0224,0.9952,0.9966,1.2672,1.0772,1.0455,1.0599,1.0790,1.1476,1.0048,1.0069,1.0369,1.0269,1.0437,0.9966,3401.42,5132.72,4090.60,2572.48,1968.43,1132.09,201.79,2699.67,1716.30,555.32,1.2223,0.6534,1.0930,1.4734,1.0389,0.5632,1.2447,0.2169,0.2802,0.0926,0.5962,0.7247,0.6799,0.5818,0.6545,0.7562,0.4552,0.6644,0.6803,0.7512,0.0116,0.0108,0.0241,0.0248,0.0147,0.0000,0.0647,0.0013,0.0097,0.0105,0.9809,0.9802,0.9909,0.9797,0.9814,1.0000,0.9725,1.0000,0.9751,1.0000,55.07,194.20,79.54,54.92,62.30,11.85,5.83,242.94,61.78,93.04,0.0000,0.0000,0.0000,0.0000,0.0000,0.0000,0.4594,0.0422,0.0000,0.0000,104304,74663,53998,54750,86225,66964,95775,572442,131417,91336,0,0,0,0,0,0,0,0,0,0,0.0000,0.0000,0.0000,0.0000,0.0000,0.0000,0.2500,0.2500,0.0000,0.0000,0,0,0,0,0,0,0,1,0,0,0,0,0,0,0,0,1,1,0,0,0.1249,0.0770,0.1286,0.0489,0.0911,0.0128,0.0589,0.1150,0.0049,0.1548,0.000,0.000,0.000,0.000,0.000,0.000,0.003,0.159,0.000,0.000,semi-presidential,parliamentary,parliamentary,parliamentary,parliamentary,semi-presidential,semi-presidential,electoral-authoritarian,electoral-authoritarian,parliamentary,0.800,0.800,0.800,0.800,0.800,0.800,0.800,0.500,0.500,0.800,53.0,87.1,79.0,41.1,47.1,29.6,71.1,100.0,100.0,99.3
2028-03-01,1.1736,1.0463,1.0087,1.0097,1.0469,1.0760,1.0020,1.0032,1.0249,1.0196,0.9941,0.9966,1.2495,1.0734,1.0447,1.0609,1.0698,1.1367,1.0035,1.0047,1.0789,1.0234,0.9955,0.9966,3416.07,5150.86,4103.67,2575.80,1976.51,1133.81,201.13,2704.51,1726.93,556.95,1.2172,0.6511,1.0893,1.4710,1.0346,0.5627,1.2490,0.2178,0.2802,0.0773,0.6062,0.7128,0.6661,0.5930,0.6516,0.7523,0.4566,0.6762,0.6632,0.7533,0.0099,0.0105,0.0229,0.0245,0.0146,0.0000,0.0602,0.0026,0.0108,0.0097,0.9809,0.9802,0.9909,0.9797,0.9815,1.0000,0.9721,1.0000,0.9751,1.0000,53.41,191.40,78.00,53.31,60.06,11.56,5.56,235.37,60.71,90.42,0.0000,0.0000,0.0000,0.0000,0.0000,0.0000,0.4594,0.0422,0.0000,0.0000,104304,74663,53998,54750,86225,66964,95775,572442,131417,91336,0,0,0,0,0,0,0,0,0,0,0.0000,0.0000,0.0000,0.0000,0.0000,0.0000,0.2600,0.2600,0.0000,0.0000,0,0,0,0,0,0,0,1,0,0,0,0,0,0,0,0,1,1,0,0,0.1354,0.0850,0.1396,0.0590,0.0988,0.0135,0.0660,0.1140,0.0090,0.1499,0.000,0.000,0.000,0.000,0.000,0.000,0.001,0.160,0.000,0.000,semi-presidential,parliamentary,parliamentary,parliamentary,parliamentary,semi-presidential,semi-presidential,electoral-authoritarian,electoral-authoritarian,parliamentary,0.800,0.800,0.840,0.800,0.800,0.800,0.800,0.500,0.500,0.800,55.7,90.0,71.6,43.9,50.0,32.8,73.0,100.0,100.0,100.0
2028-04-01,1.1583,1.0401,1.0083,1.0121,1.0346,1.0666,1.0038,1.0004,1.0226,1.0180,0.9917,0.9932,1.2305,1.0662,1.0444,1.0602,1.0574,1.1262,1.0416,1.0018,1.0372,1.0221,0.9931,0.9932,3409.71,5147.56,4095.07,2576.69,1975.28,1138.31,199.95,2709.78,1733.35,558.73,1.2195,0.6516,1.0917,1.4700,1.0354,0.5609,1.2564,0.2188,0.2809,0.0622,0.6257,0.7380,0.6572,0.5965,0.6795,0.7283,0.4496,0.6758,0.6837,0.7492,0.0108,0.0101,0.0233,0.0228,0.0140,0.0000,0.0570,0.0013,0.0093,0.0101,0.9815,0.9808,0.9912,0.9804,0.9822,1.0000,0.9722,1.0000,0.9758,1.0000,51.83,188.67,76.63,51.74,58.44,11.20,5.41,228.19,59.40,88.47,0.0000,0.0000,0.0000,0.0000,0.0000,0.0000,0.4594,0.0423,0.0000,0.0000,104304,74663,53998,54750,86225,66964,95775,572442,131417,91336,0,0,0,0,0,0,0,0,0,0,0.0000,0.0000,0.0000,0.0000,0.0000,0.0000,0.2700,0.2700,0.0000,0.0000,0,0,0,0,0,0,0,1,0,0,0,0,0,0,0,0,1,1,0,0,0.1110,0.0728,0.1132,0.0467,0.0797,0.0137,0.0595,0.1092,0.0059,0.1461,0.000,0.000,0.000,0.000,0.000,0.000,0.021,0.162,0.000,0.000,semi-presidential,parliamentary,parliamentary,parliamentary,parliamentary,semi-presidential,semi-presidential,electoral-authoritarian,electoral-authoritarian,parliamentary,0.800,0.800,0.830,0.800,0.800,0.800,0.800,0.520,0.500,0.800,58.6,93.0,74.1,46.8,53.0,35.8,74.8,95.0,100.0,100.0
2028-05-01,1.1465,1.0372,1.0074,1.0118,1.0239,1.0603,1.0026,0.9985,1.0215,1.0152,0.9908,0.9938,1.2186,1.0642,1.0428,1.0403,1.0466,1.1191,1.0041,1.0001,1.0362,1.0189,0.9923,0.9941,3422.73,5164.47,4094.14,2579.70,1982.26,1138.41,199.92,2705.79,1737.73,559.16,1.2151,0.6495,1.0921,1.4681,1.0319,0.5612,1.2566,0.2205,0.2819,0.0474,0.6151,0.7176,0.6267,0.5971,0.6600,0.7291,0.4298,0.6604,0.6751,0.7560,0.0098,0.0091,0.0221,0.0142,0.0134,0.0000,0.0546,0.0011,0.0094,0.0087,0.9809,0.9802,0.9909,0.9797,0.9814,1.0000,0.9712,1.0000,0.9751,1.0000,51.83,189.30,78.13,51.92,59.23,11.10,5.41,229.81,60.06,88.89,0.0000,0.0000,0.0000,0.0000,0.0000,0.0000,0.4594,0.0422,0.0000,0.0000,104304,74663,53998,54750,86225,66964,95775,572442,131417,91336,0,0,0,0,0,0,0,0,0,0,0.0000,0.0000,0.0000,0.0000,0.0000,0.0000,0.2800,0.2800,0.0000,0.0000,0,0,0,0,0,0,0,1,0,0,0,0,0,0,0,0,1,1,0,0,0.1332,0.0831,0.1380,0.0579,0.0965,0.0148,0.0606,0.1090,0.0071,0.1443,0.000,0.000,0.000,0.000,0.000,0.000,0.020,0.163,0.000,0.000,semi-presidential,parliamentary,parliamentary,parliamentary,parliamentary,semi-presidential,semi-presidential,electoral-authoritarian,electoral-authoritarian,parliamentary,0.800,0.800,0.820,0.800,0.800,0.800,0.800,0.510,0.500,0.800,61.4,95.9,76.4,49.6,56.0,38.9,76.6,98.2,100.0,100.0
2028-06-01,1.1346,1.0324,1.0086,1.0126,1.0160,1.0545,1.0013,0.9977,1.0165,1.0113,0.9887,0.9976,1.2082,1.0597,1.0459,1.0472,1.0388,1.1132,1.0028,0.9991,1.0309,1.0141,0.9902,0.9985,3440.02,5162.52,4106.10,2591.26,1987.18,1146.64,199.45,2703.78,1749.47,560.10,1.2092,0.6498,1.0930,1.4616,1.0294,0.5576,1.2595,0.2222,0.2808,0.0326,0.6286,0.7361,0.6228,0.6119,0.6748,0.7011,0.4753,0.6149,0.6516,0.7326,0.0101,0.0097,0.0224,0.0174,0.0137,0.0000,0.0541,0.0011,0.0096,0.0090,0.9807,0.9799,0.9908,0.9795,0.9813,1.0000,0.9713,1.0000,0.9747,1.0000,51.18,187.20,76.42,50.72,58.49,10.92,5.29,227.01,59.27,88.34,0.0000,0.0000,0.0000,0.0000,0.0000,0.0000,0.4583,0.0437,0.0000,0.0000,104304,74663,53998,54750,86225,66964,95775,572442,131417,91336,0,0,0,0,0,0,0,0,0,0,0.0000,0.0000,0.0000,0.0000,0.0000,0.0000,0.2900,0.2900,0.0000,0.0000,0,0,0,0,0,0,0,1,0,0,0,0,0,0,0,0,1,1,0,0,0.1360,0.0856,0.1406,0.0596,0.0996,0.0171,0.0661,0.1107,0.0095,0.1446,0.000,0.000,0.000,0.000,0.000,0.000,0.023,0.160,0.000,0.000,semi-presidential,parliamentary,parliamentary,parliamentary,parliamentary,semi-presidential,semi-presidential,electoral-authoritarian,electoral-authoritarian,parliamentary,0.800,0.800,0.810,0.800,0.800,0.800,0.800,0.500,0.500,0.800,64.2,98.8,73.8,52.6,59.0,41.8,78.6,100.0,30.0,100.0
2028-07-01,1.1227,1.0301,1.0073,1.0123,1.0106,1.0492,1.0006,0.9971,1.0137,1.0082,1.0177,1.0146,1.1952,1.0580,1.0432,1.0401,1.0333,1.1071,1.0022,0.9986,1.0279,1.0109,1.5681,1.0167,3452.16,5183.38,4120.41,2601.65,1998.84,1155.48,199.44,2713.01,1758.11,561.11,1.2051,0.6472,1.0893,1.4557,1.0235,0.5537,1.2597,0.2231,0.2802,0.0179,0.6384,0.7209,0.6505,0.6391,0.6704,0.7407,0.4755,0.6004,0.6881,0.7259,0.0244,0.0093,0.0426,0.0144,0.0244,0.0000,0.0733,0.0045,0.0105,0.0333,0.9801,0.9794,0.9905,0.9789,0.9807,1.0000,0.9708,1.0000,0.9741,1.0000,50.83,185.94,76.91,51.34,58.25,10.89,5.26,225.82,59.21,87.96,0.0000,0.0000,0.0000,0.0000,0.0000,0.0000,0.4583,0.0438,0.0000,0.0000,104304,74663,53998,54750,86225,66964,95775,572442,131417,91336,0,0,0,0,0,0,0,0,0,0,0.0000,0.0000,0.0000,0.0000,0.0000,0.0000,0.3000,0.3000,0.0000,0.0000,0,0,0,0,0,0,0,1,0,0,0,0,0,0,0,0,1,1,0,0,0.1497,0.0972,0.1544,0.0720,0.1118,0.0276,0.0788,0.1199,0.0199,0.1422,0.000,0.000,0.000,0.000,0.000,0.000,0.036,0.148,0.000,0.000,semi-presidential,parliamentary,parliamentary,parliamentary,parliamentary,semi-presidential,semi-presidential,electoral-authoritarian,electoral-authoritarian,parliamentary,0.800,0.800,0.800,0.800,0.800,0.800,0.800,0.500,0.500,0.800,67.1,100.0,76.2,55.7,62.0,44.9,80.6,100.0,33.1,100.0
2028-08-01,1.1163,1.0287,1.0059,1.0107,1.0106,1.0422,0.9990,0.9971,1.0121,1.0023,1.0376,1.0234,1.1917,1.0577,1.0414,1.0378,1.0340,1.0993,1.0006,0.9986,1.0262,1.0042,1.5219,1.0245,3470.05,5214.00,4142.39,2613.05,2011.17,1163.42,200.23,2718.43,1769.22,560.43,1.1990,0.6434,1.0835,1.4496,1.0173,0.5503,1.2549,0.2242,0.2792,0.0033,0.6353,0.7384,0.6614,0.6545,0.6909,0.7757,0.4847,0.6258,0.6984,0.7052,0.0227,0.0095,0.0400,0.0147,0.0233,0.0000,0.0738,0.0038,0.0102,0.0300,0.9793,0.9787,0.9901,0.9781,0.9798,1.0000,0.9699,1.0000,0.9732,1.0000,52.05,189.38,79.06,52.92,60.28,11.14,5.34,232.25,60.46,89.75,0.0000,0.0000,0.0000,0.0000,0.0000,0.0000,0.4583,0.0438,0.0000,0.0000,104304,74663,53998,54750,86225,66964,95775,572442,131417,91336,0,0,0,0,0,0,0,0,0,0,0.0000,0.0000,0.0000,0.0000,0.0000,0.0000,0.3100,0.3100,0.0000,0.0000,0,0,0,0,0,0,0,1,0,0,0,0,0,0,0,0,1,1,0,0,0.1558,0.1033,0.1613,0.0783,0.1182,0.0336,0.0912,0.1273,0.0255,0.1436,0.000,0.000,0.000,0.000,0.000,0.000,0.039,0.142,0.000,0.000,semi-presidential,parliamentary,parliamentary,parliamentary,parliamentary,semi-presidential,semi-presidential,electoral-authoritarian,electoral-authoritarian,parliamentary,0.800,0.800,0.800,0.800,0.800,0.800,0.800,0.500,0.500,0.800,70.0,100.0,78.8,58.8,65.1,48.2,82.7,100.0,36.2,100.0
2028-09-01,1.1065,1.0287,1.0075,1.0133,1.0113,1.0406,0.9998,0.9971,1.0120,0.9991,1.0510,1.0250,1.1801,1.0585,1.0451,1.0581,1.0378,1.0974,1.0298,1.0088,1.0259,1.0006,1.4054,1.0252,3495.27,5246.11,4160.74,2623.47,2028.73,1170.11,200.57,2722.61,1784.10,561.67,1.1904,0.6394,1.0807,1.4440,1.0085,0.5475,1.2528,0.2255,0.2777,-0.0113,0.6411,0.7662,0.6875,0.6657,0.7215,0.7891,0.5297,0.6450,0.7121,0.6703,0.0213,0.0106,0.0371,0.0232,0.0225,0.0000,0.0701,0.0030,0.0101,0.0264,0.9787,0.9781,0.9898,0.9775,0.9791,1.0000,0.9696,1.0000,0.9725,1.0000,51.71,188.64,77.83,52.96,59.27,11.24,5.24,231.34,60.43,88.60,0.0000,0.0000,0.0000,0.0000,0.0000,0.0000,0.4582,0.0439,0.0000,0.0000,104304,74663,53998,54750,86225,66964,95775,572442,131417,91336,0,0,0,0,0,0,0,0,0,0,0.0000,0.0000,0.0000,0.0000,0.0000,0.0000,0.3200,0.3200,0.0000,0.0000,0,0,0,0,0,0,0,1,0,0,0,0,0,0,0,0,1,1,0,0,0.1578,0.1040,0.1628,0.0789,0.1198,0.0347,0.0928,0.1282,0.0267,0.1456,0.000,0.000,0.000,0.000,0.000,0.000,0.036,0.141,0.000,0.000,semi-presidential,parliamentary,parliamentary,parliamentary,parliamentary,semi-presidential,semi-presidential,electoral-authoritarian,electoral-authoritarian,parliamentary,0.800,0.800,0.800,0.800,0.800,0.800,0.800,0.500,0.500,0.800,73.0,100.0,81.5,62.1,68.4,51.6,85.1,100.0,39.5,100.0
2028-10-01,1.0952,1.0248,1.0084,1.0153,1.0093,1.0384,1.0017,0.9983,1.0118,0.9964,1.0572,1.0210,1.1663,1.0531,1.0462,1.0607,1.0319,1.0948,1.0465,1.0245,1.0256,0.9976,1.2205,1.0210,3505.20,5260.81,4162.26,2626.37,2033.28,1177.62,201.22,2730.07,1795.80,562.26,1.1871,0.6377,1.0807,1.4425,1.0064,0.5443,1.2488,0.2265,0.2767,-0.0258,0.6448,0.7936,0.6953,0.6573,0.7562,0.7806,0.5309,0.6275,0.7255,0.6895,0.0172,0.0104,0.0309,0.0228,0.0185,0.0000,0.0628,0.0022,0.0099,0.0186,0.9798,0.9791,0.9902,0.9787,0.9805,1.0000,0.9705,1.0000,0.9738,1.0000,50.89,188.45,78.19,51.84,58.55,11.41,5.15,226.20,59.51,87.71,0.0000,0.0000,0.0000,0.0000,0.0000,0.0000,0.4582,0.0439,0.0000,0.0000,104304,74663,53998,54750,86225,66964,95775,572442,131417,91336,0,0,0,0,0,0,0,0,0,0,0.0000,0.0000,0.0000,0.0000,0.0000,0.0000,0.3300,0.3300,0.0000,0.0000,0,0,0,0,0,0,0,1,0,0,0,0,0,0,0,0,1,1,0,0,0.1309,0.0892,0.1336,0.0637,0.0981,0.0289,0.0845,0.1254,0.0236,0.1437,0.000,0.000,0.000,0.000,0.000,0.000,0.029,0.140,0.000,0.000,semi-presidential,parliamentary,parliamentary,parliamentary,parliamentary,semi-presidential,semi-presidential,electoral-authoritarian,electoral-authoritarian,parliamentary,0.800,0.800,0.800,0.800,0.800,0.800,0.800,0.500,0.500,0.800,75.9,100.0,84.2,65.3,71.9,55.0,87.5,100.0,42.8,100.0
2028-11-01,1.0828,1.0250,1.0130,1.0169,1.0058,1.0365,1.0011,0.9981,1.0097,0.9946,1.0588,1.0174,1.1523,1.0548,1.0509,1.0592,1.0283,1.0928,1.0026,0.9995,1.0234,0.9956,1.0961,1.0174,3517.61,5270.32,4167.70,2639.18,2038.36,1183.12,201.25,2739.25,1805.27,561.99,1.1830,0.6366,1.0798,1.4357,1.0041,0.5421,1.2485,0.2275,0.2740,-0.0402,0.6399,0.7825,0.6690,0.6508,0.7275,0.7923,0.5567,0.6273,0.7155,0.6934,0.0113,0.0103,0.0236,0.0215,0.0145,0.0000,0.0549,0.0012,0.0099,0.0099,0.9788,0.9782,0.9896,0.9776,0.9793,1.0000,0.9696,1.0000,0.9727,1.0000,50.53,188.15,78.26,51.68,58.36,11.36,5.12,226.05,59.68,87.03,0.0000,0.0000,0.0000,0.0000,0.0000,0.0000,0.4581,0.0439,0.0000,0.0000,104304,74663,53998,54750,86225,66964,95775,572442,131417,91336,0,0,0,0,0,0,0,0,0,0,0.0000,0.0000,0.0000,0.0000,0.0000,0.0000,0.3400,0.3400,0.0000,0.0000,0,0,0,0,0,0,0,1,0,0,0,0,0,0,0,0,1,1,0,0,0.1301,0.0881,0.1330,0.0623,0.0973,0.0271,0.0808,0.1229,0.0220,0.1425,0.000,0.000,0.000,0.000,0.000,0.000,0.024,0.142,0.000,0.000,semi-presidential,parliamentary,parliamentary,parliamentary,parliamentary,semi-presidential,semi-presidential,electoral-authoritarian,electoral-authoritarian,parliamentary,0.800,0.800,0.800,0.800,0.800,0.800,0.800,0.500,0.500,0.800,78.8,100.0,86.8,68.4,75.3,58.4,90.0,100.0,46.0,100.0
2028-12-01,1.0725,1.0236,1.0101,1.0127,1.0005,1.0312,0.9993,0.9991,1.0084,0.9948,1.0558,1.0124,1.1420,1.0530,1.0479,1.0127,1.0228,1.0869,1.0009,1.0006,1.0224,0.9973,1.0580,1.0124,3530.74,5278.04,4166.94,2646.50,2045.39,1190.63,201.11,2744.30,1810.50,560.39,1.1784,0.6357,1.0805,1.4318,1.0008,0.5390,1.2496,0.2288,0.2740,-0.0547,0.6353,0.7574,0.6669,0.6710,0.7060,0.7805,0.5455,0.6476,0.7091,0.6794,0.0103,0.0094,0.0093,0.0146,0.0139,0.0000,0.0482,0.0011,0.0099,0.0084,0.9790,0.9784,0.9897,0.9778,0.9795,1.0000,0.9698,1.0000,0.9729,1.0000,50.49,188.99,78.87,52.90,59.66,11.37,5.27,227.04,60.16,87.51,0.0000,0.0000,0.0000,0.0000,0.0000,0.0000,0.4581,0.0439,0.0000,0.0000,104304,74663,53998,54750,86225,66964,95775,572442,131417,91336,0,0,0,0,0,0,0,0,0,0,0.0000,0.0000,0.0000,0.0000,0.0000,0.0000,0.3500,0.3500,0.0000,0.0000,0,0,0,0,0,0,0,1,0,0,0,0,0,0,0,0,1,1,0,0,0.1156,0.0808,0.1193,0.0560,0.0858,0.0273,0.0746,0.1227,0.0176,0.1389,0.000,0.000,0.000,0.000,0.000,0.000,0.018,0.140,0.000,0.000,semi-presidential,parliamentary,parliamentary,parliamentary,parliamentary,semi-presidential,semi-presidential,electoral-authoritarian,electoral-authoritarian,parliamentary,0.800,0.800,0.800,0.800,0.800,0.800,0.800,0.500,0.500,0.800,81.7,100.0,89.4,71.7,78.5,61.8,92.4,100.0,49.3,105.0
2029-01-01,1.0625,1.0259,1.0118,1.0089,0.9952,1.0259,0.9969,0.9976,1.0069,0.9908,1.0481,1.0079,1.1316,1.0569,1.0495,1.0089,1.0174,1.0809,0.9984,0.9991,1.0208,0.9918,1.0502,1.0079,3527.88,5276.69,4173.27,2652.72,2050.82,1196.91,200.85,2749.30,1824.84,560.61,1.1824,0.6360,1.0794,1.4285,0.9984,0.5366,1.2514,0.2302,0.2776,-0.0659,0.6357,0.7429,0.6593,0.6665,0.7095,0.7883,0.5312,0.6330,0.7051,0.6536,0.0104,0.0096,0.0094,0.0148,0.0141,0.0000,0.0483,0.0011,0.0101,0.0084,0.9778,0.9773,0.9892,0.9766,0.9782,1.0000,0.9689,1.0000,0.9716,1.0000,50.59,188.45,78.12,53.13,59.84,11.17,5.15,229.39,60.71,87.14,0.0000,0.0000,0.0000,0.0000,0.0000,0.0000,0.4582,0.0438,0.0000,0.0000,104304,74663,53998,54750,86225,66964,95775,572442,131417,91336,0,0,0,0,0,0,0,0,0,0,0.0000,0.0000,0.0000,0.0000,0.0000,0.0000,0.3600,0.3600,0.0000,0.0000,0,0,0,0,0,0,0,1,0,0,0,0,0,0,0,0,1,1,0,0,0.1154,0.0793,0.1185,0.0544,0.0849,0.0253,0.0770,0.1203,0.0200,0.1385,0.000,0.000,0.000,0.000,0.000,0.000,0.016,0.143,0.000,0.000,semi-presidential,parliamentary,parliamentary,parliamentary,parliamentary,semi-presidential,semi-presidential,electoral-authoritarian,electoral-authoritarian,parliamentary,0.800,0.800,0.800,0.800,0.800,0.800,0.800,0.500,0.500,0.800,84.6,100.0,91.9,74.9,81.7,65.2,94.7,100.0,52.5,100.0
2029-02-01,1.0561,1.0300,1.0110,1.0083,0.9920,1.0196,0.9937,0.9971,1.0065,0.9878,1.0402,1.0044,1.1271,1.0928,1.0489,1.0332,1.0142,1.0740,0.9952,0.9992,1.0201,0.9885,1.0423,1.0044,3530.94,5282.38,4167.77,2649.45,2052.98,1204.15,200.43,2762.12,1836.13,561.53,1.1815,0.6354,1.0814,1.4304,0.9975,0.5337,1.2543,0.2309,0.2767,-0.0799,0.6068,0.7185,0.6564,0.6565,0.6941,0.7857,0.5210,0.6464,0.7316,0.6659,0.0144,0.0133,0.0231,0.0181,0.0178,0.0028,0.0573,0.0011,0.0129,0.0084,0.9506,0.9517,0.9751,0.9536,0.9528,0.9802,0.9662,1.0000,0.9522,1.0000,51.25,189.09,79.73,53.76,60.44,11.18,5.16,233.06,61.76,87.74,0.0000,0.0000,0.0000,0.0000,0.0000,0.0000,0.4581,0.0439,0.0000,0.0000,104304,74663,53998,54750,86225,66964,95775,572442,131417,91336,0,0,0,0,0,0,0,0,0,0,0.0000,0.0000,0.0000,0.0000,0.0000,0.0000,0.3700,0.3700,0.0000,0.0000,0,0,0,0,0,0,0,1,0,0,0,0,0,0,0,0,1,1,0,0,0.1199,0.0799,0.1229,0.0553,0.0875,0.0244,0.0776,0.1189,0.0193,0.1408,0.000,0.000,0.000,0.000,0.000,0.000,0.012,0.145,0.000,0.000,semi-presidential,parliamentary,parliamentary,parliamentary,parliamentary,semi-presidential,semi-presidential,electoral-authoritarian,electoral-authoritarian,parliamentary,0.800,0.800,0.800,0.800,0.800,0.800,0.800,0.500,0.500,0.800,87.3,100.0,94.4,78.1,84.8,68.6,97.0,100.0,55.8,100.0
2029-03-01,1.0504,1.0279,1.0125,1.0064,0.9886,1.0155,0.9904,0.9989,1.0064,0.9857,1.0326,1.0018,1.1218,1.0578,1.0504,1.0117,1.0107,1.0695,0.9918,1.0316,1.0202,0.9863,1.0346,1.0018,3531.43,5284.45,4171.31,2650.00,2055.47,1209.75,200.09,2769.97,1849.58,563.40,1.1815,0.6352,1.0810,1.4302,0.9965,0.5315,1.2587,0.2321,0.2754,-0.0938,0.6017,0.7202,0.6276,0.6263,0.6803,0.7872,0.4968,0.6523,0.7345,0.6832,0.0120,0.0096,0.0139,0.0148,0.0152,0.0000,0.0521,0.0014,0.0102,0.0104,0.9786,0.9780,0.9896,0.9774,0.9791,1.0000,0.9700,1.0000,0.9725,1.0000,51.01,188.94,78.57,53.30,60.56,11.30,5.15,231.58,61.61,87.71,0.0000,0.0000,0.0000,0.0000,0.0000,0.0000,0.4581,0.0440,0.0000,0.0000,104304,74663,53998,54750,86225,66964,95775,572442,131417,91336,0,0,0,0,0,0,0,0,0,0,0.0000,0.0000,0.0000,0.0000,0.0000,0.0000,0.3800,0.3800,0.0000,0.0000,0,0,0,0,0,0,0,1,0,0,0,0,0,0,0,0,1,1,0,0,0.1200,0.0798,0.1237,0.0551,0.0878,0.0234,0.0752,0.1168,0.0183,0.1389,0.000,0.000,0.000,0.000,0.000,0.000,0.008,0.147,0.000,0.000,semi-presidential,parliamentary,parliamentary,parliamentary,parliamentary,semi-presidential,semi-presidential,electoral-authoritarian,electoral-authoritarian,parliamentary,0.800,0.800,0.800,0.800,0.800,0.800,0.800,0.500,0.500,0.800,90.0,30.0,96.8,81.1,87.9,72.0,99.2,100.0,59.2,100.0
2029-04-01,1.0470,1.0270,1.0139,1.0052,0.9857,1.0114,0.9892,0.9987,1.0052,0.9873,1.0238,1.0005,1.1204,1.0568,1.0518,1.0287,1.0078,1.0649,0.9906,1.0020,1.0186,1.0404,1.0257,1.0005,3544.82,5297.16,4177.57,2655.36,2062.44,1214.72,199.96,2771.75,1857.51,563.18,1.1772,0.6308,1.0800,1.4275,0.9933,0.5297,1.2602,0.2337,0.2750,-0.1080,0.5964,0.7054,0.6379,0.6179,0.6745,0.7771,0.4881,0.6389,0.7538,0.7079,0.0107,0.0097,0.0212,0.0150,0.0144,0.0000,0.0590,0.0014,0.0102,0.0084,0.9787,0.9781,0.9896,0.9774,0.9792,1.0000,0.9699,1.0000,0.9725,1.0000,51.54,189.30,79.64,53.62,60.98,11.25,5.16,234.80,62.27,87.55,0.0000,0.0000,0.0000,0.0000,0.0000,0.0000,0.4581,0.0440,0.0000,0.0000,104304,74663,53998,54750,86225,66964,95775,572442,131417,91336,0,0,0,0,0,0,0,0,0,0,0.0000,0.0000,0.0000,0.0000,0.0000,0.0000,0.3900,0.3900,0.0000,0.0000,0,0,0,0,0,0,0,1,0,0,0,0,0,0,0,0,1,1,0,0,0.1290,0.0834,0.1337,0.0589,0.0945,0.0237,0.0758,0.1173,0.0191,0.1393,0.000,0.000,0.000,0.000,0.000,0.000,0.004,0.148,0.000,0.000,semi-presidential,parliamentary,parliamentary,parliamentary,parliamentary,semi-presidential,semi-presidential,electoral-authoritarian,electoral-authoritarian,parliamentary,0.800,0.800,0.800,0.800,0.800,0.800,0.800,0.500,0.500,0.800,92.6,32.9,99.2,84.1,90.9,75.4,100.0,100.0,62.7,100.0
2029-05-01,1.0442,1.0268,1.0168,1.0056,0.9854,1.0085,0.9909,1.0013,1.0053,0.9911,1.0178,0.9959,1.1147,1.0553,1.0527,1.0298,1.0078,1.0602,1.0312,1.0560,1.0183,1.0508,1.0196,0.9959,3540.07,5298.64,4158.45,2651.52,2060.47,1219.96,199.70,2771.00,1865.14,564.67,1.1789,0.6307,1.0905,1.4296,0.9943,0.5278,1.2624,0.2355,0.2747,-0.1218,0.6144,0.7224,0.6421,0.6277,0.6845,0.7604,0.4920,0.6484,0.7371,0.6972,0.0139,0.0093,0.0250,0.0146,0.0166,0.0000,0.0646,0.0021,0.0099,0.0135,0.9797,0.9792,0.9901,0.9786,0.9801,1.0000,0.9699,1.0000,0.9739,1.0000,52.06,191.76,81.08,54.38,61.84,11.47,5.44,238.10,62.91,87.54,0.0000,0.0000,0.0000,0.0000,0.0000,0.0000,0.4560,0.0415,0.0000,0.0000,104304,74663,53998,54750,86225,66964,95775,572442,131417,91336,0,0,0,0,0,0,0,0,0,0,0.0000,0.0000,0.0000,0.0000,0.0000,0.0000,0.4000,0.4000,0.0000,0.0000,0,0,0,0,0,0,0,1,0,0,0,0,0,0,0,0,1,1,0,0,0.1057,0.0711,0.1069,0.0462,0.0753,0.0199,0.0754,0.1151,0.0139,0.1405,0.000,0.000,0.000,0.000,0.000,0.000,0.001,0.152,0.000,0.000,semi-presidential,parliamentary,parliamentary,parliamentary,parliamentary,semi-presidential,semi-presidential,electoral-authoritarian,electoral-authoritarian,parliamentary,0.800,0.800,0.800,0.800,0.800,0.800,0.800,0.500,0.500,0.800,95.4,36.0,100.0,87.1,93.9,78.6,100.0,100.0,66.1,100.0
2029-06-01,1.0432,1.0239,1.0193,1.0075,0.9838,1.0075,0.9933,1.0007,1.0043,0.9928,1.0115,0.9932,1.1143,1.0509,1.0545,1.0433,1.0062,1.0588,1.0560,1.0022,1.0170,1.0392,1.0132,0.9932,3537.09,5298.13,4146.81,2650.17,2059.48,1221.37,199.16,2779.14,1871.42,567.23,1.1800,0.6308,1.0942,1.4305,0.9950,0.5275,1.2695,0.2367,0.2745,-0.1353,0.5944,0.7105,0.5854,0.6002,0.6473,0.7637,0.4853,0.6292,0.7289,0.7139,0.0118,0.0100,0.0226,0.0200,0.0149,0.0000,0.0632,0.0016,0.0096,0.0108,0.9808,0.9802,0.9906,0.9797,0.9814,1.0000,0.9703,1.0000,0.9752,1.0000,52.38,190.44,78.53,52.63,61.43,11.48,5.53,239.28,63.04,87.18,0.0000,0.0000,0.0000,0.0000,0.0000,0.0000,0.4565,0.0407,0.0000,0.0000,104304,74663,53998,54750,86225,66964,95775,572442,131417,91336,0,0,0,0,0,0,0,0,0,0,0.0000,0.0000,0.0000,0.0000,0.0000,0.0000,0.4100,0.4100,0.0000,0.0000,0,0,0,0,0,0,0,1,0,0,0,0,0,0,0,0,1,1,0,0,0.1154,0.0743,0.1176,0.0486,0.0828,0.0192,0.0724,0.1141,0.0142,0.1415,0.000,0.000,0.000,0.000,0.000,0.000,0.000,0.155,0.000,0.000,semi-presidential,parliamentary,parliamentary,parliamentary,parliamentary,semi-presidential,semi-presidential,electoral-authoritarian,electoral-authoritarian,parliamentary,0.800,0.800,0.800,0.800,0.800,0.800,0.800,0.500,0.500,0.800,98.0,39.0,100.0,89.9,96.8,81.9,100.0,100.0,69.4,100.0
2029-07-01,1.0409,1.0192,1.0176,1.0075,0.9834,1.0086,0.9944,1.0020,1.0019,0.9935,1.0062,0.9932,1.1126,1.0454,1.0533,1.0340,1.0061,1.0603,1.0131,1.0223,1.0145,1.0041,1.0079,0.9932,3549.43,5305.62,4151.33,2656.96,2069.00,1225.87,199.24,2788.22,1880.67,568.58,1.1761,0.6299,1.0938,1.4271,0.9907,0.5261,1.2698,0.2377,0.2740,-0.1491,0.5883,0.6982,0.5740,0.5901,0.6305,0.7286,0.4666,0.6388,0.6929,0.7378,0.0114,0.0094,0.0219,0.0156,0.0147,0.0000,0.0618,0.0013,0.0096,0.0103,0.9813,0.9806,0.9909,0.9802,0.9820,1.0000,0.9705,1.0000,0.9758,1.0000,51.98,190.94,80.28,53.57,61.60,11.54,5.59,237.16,62.65,87.60,0.0000,0.0000,0.0000,0.0000,0.0000,0.0000,0.4574,0.0413,0.0000,0.0000,104304,74663,53998,54750,86225,66964,95775,572442,131417,91336,0,0,0,0,0,0,0,0,0,0,0.0000,0.0000,0.0000,0.0000,0.0000,0.0000,0.4200,0.4200,0.0000,0.0000,0,0,0,0,0,0,0,1,0,0,0,0,0,0,0,0,1,1,0,0,0.1331,0.0827,0.1371,0.0577,0.0961,0.0205,0.0749,0.1139,0.0162,0.1403,0.000,0.000,0.000,0.000,0.000,0.000,0.000,0.156,0.000,0.000,semi-presidential,parliamentary,parliamentary,parliamentary,parliamentary,semi-presidential,semi-presidential,electoral-authoritarian,electoral-authoritarian,parliamentary,0.800,0.800,0.800,0.800,0.800,0.800,0.800,0.500,0.500,0.800,100.0,41.9,100.0,92.7,99.5,84.9,100.0,100.0,72.5,100.0
2029-08-01,1.0425,1.0154,1.0206,1.0073,0.9813,1.0059,0.9956,1.0031,1.0017,0.9926,1.0052,0.9940,1.1201,1.0426,1.0579,1.0267,1.0037,1.0582,1.0203,1.0204,1.0148,1.0011,1.0070,0.9943,3565.23,5324.12,4160.43,2660.60,2077.80,1230.20,198.98,2797.02,1889.11,569.62,1.1710,0.6278,1.0920,1.4251,0.9867,0.5247,1.2723,0.2388,0.2736,-0.1629,0.6083,0.7066,0.5980,0.6080,0.6722,0.7362,0.4785,0.6394,0.6783,0.7489,0.0120,0.0096,0.0201,0.0148,0.0152,0.0000,0.0645,0.0013,0.0101,0.0104,0.9805,0.9798,0.9905,0.9794,0.9812,1.0000,0.9702,1.0000,0.9747,1.0000,53.02,193.06,81.52,55.17,63.34,11.64,5.77,242.90,63.75,87.85,0.0000,0.0000,0.0000,0.0000,0.0000,0.0000,0.4585,0.0431,0.0000,0.0000,104304,74663,53998,54750,86225,66964,95775,572442,131417,91336,0,0,0,0,0,0,0,0,0,0,0.0000,0.0000,0.0000,0.0000,0.0000,0.0000,0.4300,0.4300,0.0000,0.0000,0,0,0,0,0,0,0,1,0,0,0,0,0,0,0,0,1,1,0,0,0.1338,0.0834,0.1378,0.0589,0.0967,0.0210,0.0730,0.1149,0.0166,0.1395,0.000,0.000,0.000,0.000,0.000,0.000,0.000,0.156,0.000,0.000,semi-presidential,parliamentary,parliamentary,parliamentary,parliamentary,semi-presidential,semi-presidential,electoral-authoritarian,electoral-authoritarian,parliamentary,0.800,0.800,0.800,0.800,0.800,0.800,0.800,0.500,0.500,0.800,100.0,44.8,30.0,95.6,100.0,88.0,100.0,100.0,75.5,100.0
2029-09-01,1.0420,1.0158,1.0167,1.0057,0.9795,1.0011,0.9955,1.0034,1.0028,0.9937,1.0015,0.9933,1.1191,1.0446,1.0540,1.0250,1.0018,1.0528,0.9970,1.0085,1.0236,1.0163,1.0032,0.9933,3566.68,5331.93,4162.03,2662.47,2080.75,1237.18,198.27,2799.53,1897.02,569.11,1.1705,0.6269,1.0922,1.4244,0.9855,0.5222,1.2777,0.2404,0.2732,-0.1771,0.6295,0.7322,0.6286,0.6071,0.6934,0.7371,0.4741,0.6420,0.6650,0.7376,0.0108,0.0097,0.0190,0.0150,0.0147,0.0000,0.0631,0.0015,0.0105,0.0087,0.9793,0.9787,0.9898,0.9781,0.9798,1.0000,0.9690,1.0000,0.9733,1.0000,53.38,194.10,81.84,55.58,63.70,11.66,5.75,245.26,64.59,88.01,0.0000,0.0000,0.0000,0.0000,0.0000,0.0000,0.4587,0.0431,0.0000,0.0000,104304,74663,53998,54750,86225,66964,95775,572442,131417,91336,0,0,0,0,0,0,0,0,0,0,0.0000,0.0000,0.0000,0.0000,0.0000,0.0000,0.4400,0.4400,0.0000,0.0000,0,0,0,0,0,0,0,1,0,0,0,0,0,0,0,0,1,1,0,0,0.1284,0.0868,0.1327,0.0565,0.0928,0.0237,0.0726,0.1141,0.0156,0.1386,0.000,0.000,0.000,0.000,0.000,0.000,0.000,0.157,0.000,0.000,semi-presidential,parliamentary,parliamentary,parliamentary,parliamentary,semi-presidential,semi-presidential,electoral-authoritarian,electoral-authoritarian,parliamentary,0.800,0.800,0.800,0.800,0.800,0.800,0.800,0.500,0.500,0.800,100.0,47.9,32.8,98.4,100.0,91.1,100.0,100.0,78.5,100.0
2029-10-01,1.0409,1.0132,1.0170,1.0026,0.9780,0.9985,0.9962,1.0025,1.0021,0.9912,0.9994,0.9918,1.1157,1.0406,1.0536,1.0026,1.0005,1.0494,1.0031,1.0040,1.0151,0.9974,1.0011,0.9918,3566.23,5338.23,4156.23,2669.54,2085.18,1240.30,197.85,2806.62,1911.83,570.13,1.1708,0.6263,1.0941,1.4178,0.9834,0.5213,1.2814,0.2447,0.2719,-0.1909,0.6187,0.7174,0.6299,0.6038,0.6776,0.7495,0.4521,0.6221,0.6883,0.7089,0.0105,0.0094,0.0097,0.0146,0.0142,0.0000,0.0544,0.0011,0.0099,0.0085,0.9802,0.9795,0.9903,0.9790,0.9808,1.0000,0.9712,1.0000,0.9744,1.0000,52.77,192.04,79.61,55.04,63.45,11.60,5.54,242.75,64.42,87.85,0.0000,0.0000,0.0000,0.0000,0.0000,0.0000,0.4582,0.0423,0.0000,0.0000,104304,74663,53998,54750,86225,66964,95775,572442,131417,91336,0,0,0,0,0,0,0,0,0,0,0.0000,0.0000,0.0000,0.0000,0.0000,0.0000,0.4500,0.4500,0.0000,0.0000,0,0,0,0,0,0,0,1,0,0,0,0,0,0,0,0,1,1,0,0,0.1204,0.0826,0.1251,0.0526,0.0868,0.0221,0.0722,0.1121,0.0138,0.1370,0.000,0.000,0.000,0.000,0.000,0.000,0.000,0.159,0.000,0.000,semi-presidential,parliamentary,parliamentary,parliamentary,parliamentary,semi-presidential,semi-presidential,electoral-authoritarian,electoral-authoritarian,parliamentary,0.800,0.800,0.800,0.800,0.800,0.800,0.800,0.500,0.500,0.800,100.0,50.9,35.6,100.0,100.0,94.3,100.0,100.0,81.6,30.0
2029-11-01,1.0388,1.0163,1.0186,1.0012,0.9792,0.9976,0.9974,1.0029,1.0020,0.9884,0.9942,0.9938,1.1140,1.0466,1.0562,1.0205,1.0088,1.0489,1.0331,1.0209,1.0150,0.9957,0.9958,0.9944,3574.91,5355.80,4170.82,2677.91,2090.39,1244.93,197.82,2812.63,1917.88,569.16,1.1680,0.6243,1.0904,1.4136,0.9811,0.5199,1.2825,0.2460,0.2718,-0.2055,0.6067,0.7161,0.6227,0.6238,0.6720,0.7369,0.4578,0.6330,0.7235,0.7086,0.0126,0.0098,0.0217,0.0164,0.0175,0.0000,0.0616,0.0014,0.0105,0.0131,0.9780,0.9775,0.9892,0.9767,0.9783,1.0000,0.9698,1.0000,0.9718,1.0000,52.84,193.42,81.42,55.61,63.35,11.63,5.55,244.50,65.26,87.95,0.0000,0.0000,0.0000,0.0000,0.0000,0.0000,0.4585,0.0434,0.0000,0.0000,104304,74663,53998,54750,86225,66964,95775,572442,131417,91336,0,0,0,0,0,0,0,0,0,0,0.0000,0.0000,0.0000,0.0000,0.0000,0.0000,0.4600,0.4600,0.0000,0.0000,0,0,0,0,0,0,0,1,0,0,0,0,0,0,0,0,1,1,0,0,0.1327,0.0890,0.1375,0.0586,0.0964,0.0245,0.0804,0.1147,0.0165,0.1382,0.000,0.000,0.000,0.000,0.000,0.000,0.000,0.157,0.000,0.000,semi-presidential,parliamentary,parliamentary,parliamentary,parliamentary,semi-presidential,semi-presidential,electoral-authoritarian,electoral-authoritarian,parliamentary,0.800,0.800,0.800,0.800,0.800,0.800,0.800,0.500,0.500,0.800,100.0,53.9,38.3,100.0,100.0,97.4,100.0,100.0,84.9,33.0
2029-12-01,1.0381,1.0198,1.0196,0.9995,0.9812,0.9940,0.9973,1.0055,1.0015,0.9862,0.9922,0.9944,1.1136,1.0818,1.0571,1.0206,1.0155,1.0447,0.9988,1.0592,1.0145,0.9931,0.9938,0.9946,3581.05,5360.87,4179.28,2693.39,2095.02,1251.87,197.96,2819.02,1925.92,569.29,1.1661,0.6237,1.0881,1.4056,0.9792,0.5175,1.2823,0.2473,0.2715,-0.2196,0.6142,0.7332,0.6509,0.6277,0.6709,0.7348,0.4642,0.6355,0.6939,0.6849,0.0172,0.0135,0.0258,0.0204,0.0226,0.0029,0.0642,0.0015,0.0132,0.0154,0.9505,0.9516,0.9749,0.9537,0.9529,0.9796,0.9669,1.0000,0.9524,1.0000,53.15,195.14,82.98,56.40,64.07,11.84,5.56,246.56,65.69,88.08,0.0000,0.0000,0.0000,0.0000,0.0000,0.0000,0.4586,0.0432,0.0000,0.0000,104304,74663,53998,54750,86225,66964,95775,572442,131417,91336,0,0,0,0,0,0,0,0,0,0,0.0000,0.0000,0.0000,0.0000,0.0000,0.0000,0.4700,0.4700,0.0000,0.0000,0,0,0,0,0,0,0,1,0,0,0,0,0,0,0,0,1,1,0,0,0.1332,0.0899,0.1382,0.0649,0.0968,0.0249,0.0809,0.1154,0.0168,0.1379,0.000,0.000,0.000,0.000,0.000,0.000,0.000,0.157,0.000,0.000,semi-presidential,parliamentary,parliamentary,parliamentary,parliamentary,semi-presidential,semi-presidential,electoral-authoritarian,electoral-authoritarian,parliamentary,0.800,0.800,0.800,0.800,0.800,0.800,0.800,0.500,0.500,0.800,100.0,57.0,41.3,100.0,100.0,100.0,100.0,100.0,88.0,35.8
2030-01-01,1.0363,1.0232,1.0204,0.9984,0.9850,0.9912,0.9956,1.0062,1.0030,0.9869,0.9900,0.9963,1.1110,1.0774,1.0580,1.0193,1.0286,1.0416,0.9971,1.0200,1.0329,1.0032,0.9915,0.9968,3590.82,5386.90,4178.28,2703.86,2099.02,1255.19,198.14,2826.79,1934.28,570.17,1.1597,0.6208,1.0882,1.4001,0.9775,0.5166,1.2817,0.2485,0.2711,-0.2335,0.6083,0.7180,0.6514,0.6665,0.6641,0.7515,0.4767,0.6273,0.6862,0.6801,0.0142,0.0126,0.0241,0.0214,0.0227,0.0022,0.0623,0.0019,0.0130,0.0168,0.9576,0.9578,0.9786,0.9595,0.9600,0.9844,0.9688,1.0000,0.9570,1.0000,53.11,195.33,83.06,56.52,63.89,11.94,5.53,246.16,65.89,88.18,0.0000,0.0000,0.0000,0.0000,0.0000,0.0000,0.4585,0.0433,0.0000,0.0000,104304,74663,53998,54750,86225,66964,95775,572442,131417,91336,0,0,0,0,0,0,0,0,0,0,0.0000,0.0000,0.0000,0.0000,0.0000,0.0000,0.4800,0.4800,0.0000,0.0000,0,0,0,0,0,0,0,1,0,0,0,0,0,0,0,0,1,1,0,0,0.1348,0.0910,0.1400,0.0664,0.0983,0.0263,0.0824,0.1164,0.0180,0.1382,0.000,0.000,0.000,0.000,0.000,0.000,0.000,0.156,0.000,0.000,semi-presidential,parliamentary,parliamentary,parliamentary,parliamentary,semi-presidential,semi-presidential,electoral-authoritarian,electoral-authoritarian,parliamentary,0.800,0.800,0.800,0.800,0.800,0.800,0.800,0.500,0.500,0.800,100.0,60.1,44.2,100.0,100.0,100.0,100.0,100.0,91.1,38.6
2030-02-01,1.0345,1.0263,1.0172,0.9936,0.9890,0.9906,0.9957,1.0059,1.0015,0.9879,0.9847,0.9955,1.1083,1.0754,1.0527,0.9936,1.0326,1.0407,0.9972,1.0076,1.0144,0.9963,0.9862,0.9955,3594.83,5400.79,4178.76,2709.14,2098.45,1263.52,198.55,2827.89,1946.86,569.94,1.1585,0.6192,1.0882,1.3974,0.9779,0.5137,1.2793,0.2504,0.2701,-0.2478,0.6128,0.7540,0.6433,0.6733,0.6625,0.7304,0.4923,0.6373,0.6946,0.6877,0.0127,0.0119,0.0127,0.0204,0.0209,0.0018,0.0533,0.0010,0.0119,0.0153,0.9622,0.9618,0.9811,0.9634,0.9647,0.9873,0.9702,1.0000,0.9602,1.0000,53.03,195.37,81.24,56.77,64.29,11.84,5.59,247.02,66.02,88.49,0.0000,0.0000,0.0000,0.0000,0.0000,0.0000,0.4582,0.0428,0.0000,0.0000,104304,74663,53998,54750,86225,66964,95775,572442,131417,91336,0,0,0,0,0,0,0,0,0,0,0.0000,0.0000,0.0000,0.0000,0.0000,0.0000,0.4900,0.4900,0.0000,0.0000,0,0,0,0,0,0,0,1,0,0,0,0,0,0,0,0,1,1,0,0,0.1284,0.0879,0.1337,0.0633,0.0938,0.0249,0.0817,0.1192,0.0168,0.1378,0.000,0.000,0.000,0.000,0.000,0.000,0.000,0.152,0.000,0.000,semi-presidential,parliamentary,parliamentary,parliamentary,parliamentary,semi-presidential,semi-presidential,electoral-authoritarian,electoral-authoritarian,parliamentary,0.800,0.800,0.800,0.800,0.800,0.800,0.800,0.500,0.500,0.800,100.0,63.3,47.1,100.0,100.0,100.0,100.0,100.0,94.2,41.4
2030-03-01,1.0299,1.0308,1.0171,0.9898,0.9932,0.9899,0.9951,1.0057,1.0030,0.9905,0.9802,0.9951,1.1013,1.1259,1.0536,0.9898,1.0402,1.0400,0.9965,1.0074,1.0369,1.0275,0.9816,0.9951,3602.54,5404.24,4185.56,2718.47,2102.09,1271.35,198.99,2840.52,1955.45,570.19,1.1561,0.6188,1.0866,1.3929,0.9764,0.5111,1.2765,0.2514,0.2697,-0.2619,0.6082,0.7485,0.6314,0.6553,0.6446,0.7599,0.5185,0.6273,0.7164,0.6745,0.0184,0.0167,0.0163,0.0260,0.0280,0.0054,0.0542,0.0022,0.0162,0.0172,0.9216,0.9270,0.9600,0.9298,0.9229,0.9613,0.9622,1.0000,0.9337,1.0000,52.21,194.29,80.71,55.99,63.13,11.89,5.34,242.64,66.10,88.47,0.0000,0.0000,0.0000,0.0000,0.0000,0.0000,0.4586,0.0431,0.0000,0.0000,104304,74663,53998,54750,86225,66964,95775,572442,131417,91336,0,0,0,0,0,0,0,0,0,0,0.0000,0.0000,0.0000,0.0000,0.0000,0.0000,0.5000,0.5000,0.0000,0.0000,0,0,0,0,0,0,0,1,0,0,0,0,0,0,0,0,0,0,0,0,0.1304,0.0889,0.1355,0.0640,0.0950,0.0249,0.0819,0.1179,0.0169,0.1377,0.000,0.000,0.000,0.000,0.000,0.000,0.000,0.153,0.000,0.000,semi-presidential,parliamentary,parliamentary,parliamentary,parliamentary,semi-presidential,semi-presidential,electoral-authoritarian,electoral-authoritarian,parliamentary,0.800,0.800,0.800,0.800,0.800,0.800,0.800,0.500,0.500,0.800,100.0,66.5,49.9,100.0,100.0,100.0,100.0,100.0,97.5,44.2
2030-04-01,1.0263,1.0348,1.0172,0.9914,0.9972,0.9917,0.9922,1.0050,1.0039,0.9950,0.9792,0.9961,1.0263,1.0752,1.0172,1.0189,1.0201,0.9917,0.9922,1.0050,1.0267,1.0496,0.9792,0.9963,3607.91,5441.76,4198.26,2731.88,2106.10,1276.09,201.20,2856.94,1970.67,572.29,1.1544,0.6146,1.0835,1.3863,0.9747,0.5098,1.2634,0.2509,0.2684,-0.2751,0.6099,0.7334,0.6420,0.6593,0.6434,0.7617,0.5311,0.6604,0.7158,0.6795,0.0049,0.0050,0.0156,0.0111,0.0103,0.0035,0.0114,0.0012,0.0041,0.0083,0.9648,0.9676,0.9817,0.9708,0.9668,0.9750,0.9965,1.0000,0.9762,1.0000,54.40,199.40,82.24,56.93,64.00,11.92,9.69,254.23,68.16,89.22,0.0000,0.0000,0.0000,0.0000,0.0000,0.0000,0.0000,0.0000,0.0000,0.0000,104304,74663,53998,54750,86225,66964,95775,572442,131417,91336,0,0,0,0,0,0,0,0,0,0,0.0000,0.0000,0.0000,0.0000,0.0000,0.0000,0.4800,0.4800,0.0000,0.0000,0,0,0,0,0,0,0,1,0,0,0,0,0,0,0,0,0,0,0,0,0.1359,0.0907,0.1394,0.0653,0.1049,0.0260,0.0875,0.1202,0.0182,0.1422,0.000,0.000,0.000,0.000,0.000,0.000,0.000,0.152,0.000,0.000,semi-presidential,parliamentary,parliamentary,parliamentary,parliamentary,semi-presidential,semi-presidential,electoral-authoritarian,electoral-authoritarian,parliamentary,0.800,0.800,0.800,0.800,0.800,0.800,0.800,0.500,0.500,0.800,100.0,69.6,52.8,100.0,100.0,100.0,100.0,30.0,100.0,47.0
2030-05-01,1.0209,1.0355,1.0189,0.9927,1.0016,0.9901,0.9923,1.0040,1.0032,0.9995,0.9811,0.9975,1.0209,1.0531,1.0189,1.0233,1.0286,0.9901,0.9981,1.0040,1.0032,1.0317,1.0360,0.9979,3632.82,5471.96,4215.47,2737.68,2108.53,1280.81,202.66,2865.12,1981.58,572.98,1.1465,0.6111,1.0791,1.3836,0.9737,0.5085,1.2556,0.2512,0.2677,-0.2889,0.6133,0.7837,0.6593,0.6763,0.6572,0.7548,0.6282,0.6716,0.7437,0.7102,0.0041,0.0029,0.0157,0.0114,0.0089,0.0017,0.0107,0.0005,0.0016,0.0119,0.9849,0.9851,0.9922,0.9874,0.9871,0.9882,1.0000,1.0000,0.9892,1.0000,54.66,199.85,81.81,56.60,64.25,11.84,9.56,256.84,68.70,89.20,0.0000,0.0000,0.0000,0.0000,0.0000,0.0000,0.0000,0.0000,0.0000,0.0000,104304,74663,53998,54750,86225,66964,95775,572442,131417,91336,0,0,0,0,0,0,0,0,0,0,0.0000,0.0000,0.0000,0.0000,0.0000,0.0000,0.4600,0.4600,0.0000,0.0000,0,0,0,0,0,0,0,1,0,0,0,0,0,0,0,0,0,0,0,0,0.1428,0.0917,0.1404,0.0660,0.1062,0.0269,0.0890,0.1218,0.0193,0.1429,0.000,0.000,0.000,0.000,0.000,0.000,0.000,0.151,0.000,0.000,semi-presidential,parliamentary,parliamentary,parliamentary,parliamentary,semi-presidential,semi-presidential,electoral-authoritarian,electoral-authoritarian,parliamentary,0.800,0.800,0.800,0.800,0.800,0.800,0.800,0.500,0.500,0.800,100.0,73.0,55.7,100.0,100.0,100.0,100.0,33.0,100.0,49.9
2030-06-01,1.0146,1.0392,1.0191,0.9919,1.0035,0.9892,0.9957,1.0037,1.0001,0.9997,0.9835,0.9960,1.0146,1.1288,1.0191,1.0167,1.0167,0.9892,1.0654,1.0037,1.0001,1.0028,1.0387,0.9960,3634.99,5477.47,4221.02,2749.87,2110.61,1286.90,203.75,2867.39,1994.48,573.56,1.1458,0.6107,1.0778,1.3777,0.9729,0.5068,1.2505,0.2519,0.2667,-0.3027,0.6345,0.8115,0.6770,0.6658,0.6518,0.7451,0.6701,0.6691,0.7401,0.7066,0.0149,0.0098,0.0224,0.0117,0.0164,0.0075,0.0150,0.0007,0.0076,0.0093,0.9222,0.9303,0.9598,0.9351,0.9235,0.9465,0.9885,1.0000,0.9470,1.0000,54.59,201.41,85.17,58.73,64.92,11.82,10.10,256.04,68.59,88.90,0.0000,0.0000,0.0000,0.0000,0.0000,0.0000,0.0000,0.0000,0.0000,0.0000,104304,74663,53998,54750,86225,66964,95775,572442,131417,91336,0,0,0,0,0,0,0,0,0,0,0.0000,0.0000,0.0000,0.0000,0.0000,0.0000,0.4400,0.4400,0.0000,0.0000,0,0,0,0,0,0,0,1,0,0,0,0,0,0,0,0,0,0,0,0,0.1327,0.0866,0.1295,0.0616,0.0971,0.0248,0.0876,0.1203,0.0202,0.1409,0.000,0.000,0.000,0.000,0.000,0.000,0.000,0.152,0.000,0.000,semi-presidential,parliamentary,parliamentary,parliamentary,parliamentary,semi-presidential,semi-presidential,electoral-authoritarian,electoral-authoritarian,parliamentary,0.800,0.800,0.800,0.800,0.800,0.800,0.800,0.500,0.500,0.800,100.0,76.6,58.8,100.0,100.0,100.0,100.0,35.9,100.0,52.9
2030-07-01,1.0100,1.0423,1.0201,0.9933,1.0013,0.9893,0.9987,1.0026,0.9959,0.9979,0.9827,0.9941,1.0100,1.1214,1.0201,1.0273,1.0013,0.9910,1.0782,1.0026,0.9959,0.9979,0.9827,0.9941,3643.64,5477.15,4229.60,2749.88,2117.92,1292.55,204.72,2880.10,2004.37,574.58,1.1434,0.6110,1.0756,1.3779,0.9696,0.5052,1.2467,0.2518,0.2662,-0.3163,0.6221,0.7797,0.6746,0.6799,0.6469,0.7443,0.6671,0.6322,0.7484,0.7080,0.0122,0.0095,0.0186,0.0133,0.0112,0.0066,0.0116,0.0004,0.0065,0.0034,0.9311,0.9385,0.9643,0.9430,0.9322,0.9532,0.9892,1.0000,0.9545,1.0000,54.79,199.21,83.08,57.32,64.54,12.33,9.76,257.51,68.89,88.77,0.0000,0.0000,0.0000,0.0000,0.0000,0.0000,0.0000,0.0000,0.0000,0.0000,104304,74663,53998,54750,86225,66964,95775,572442,131417,91336,0,0,0,0,0,0,0,0,0,0,0.0000,0.0000,0.0000,0.0000,0.0000,0.0000,0.4200,0.4200,0.0000,0.0000,0,0,0,0,0,0,0,1,0,0,0,0,0,0,0,0,0,0,0,0,0.1276,0.0832,0.1245,0.0577,0.0932,0.0236,0.0828,0.1183,0.0187,0.1423,0.000,0.000,0.000,0.000,0.000,0.000,0.000,0.153,0.000,0.000,semi-presidential,parliamentary,parliamentary,parliamentary,parliamentary,semi-presidential,semi-presidential,electoral-authoritarian,electoral-authoritarian,parliamentary,0.800,0.800,0.800,0.800,0.800,0.800,0.800,0.500,0.500,0.800,100.0,79.9,61.9,100.0,100.0,100.0,100.0,38.7,100.0,55.8
2030-08-01,1.0050,1.0413,1.0209,0.9938,0.9993,0.9849,1.0002,1.0024,0.9932,0.9967,0.9834,0.9929,1.0050,1.0413,1.0209,1.0142,0.9993,0.9849,1.0250,1.0024,0.9932,0.9967,0.9921,0.9929,3649.58,5476.50,4229.38,2753.56,2126.10,1301.03,205.55,2887.44,2015.40,574.63,1.1418,0.6113,1.0757,1.3763,0.9659,0.5056,1.2442,0.2522,0.2655,-0.3304,0.6269,0.7404,0.6788,0.6499,0.6726,0.7513,0.6710,0.6650,0.7384,0.7169,0.0011,0.0001,0.0102,0.0007,0.0007,0.0000,0.0071,0.0002,0.0001,0.0014,1.0000,1.0000,1.0000,1.0000,1.0000,1.0000,1.0000,1.0000,1.0000,1.0000,54.86,199.95,84.98,59.19,65.36,12.32,9.74,258.39,69.13,89.28,0.0000,0.0000,0.0000,0.0000,0.0000,0.0000,0.0000,0.0000,0.0000,0.0000,104304,74663,53998,54750,86225,66964,95775,572442,131417,91336,0,0,0,0,0,0,0,0,0,0,0.0000,0.0000,0.0000,0.0000,0.0000,0.0000,0.4000,0.4000,0.0000,0.0000,0,0,0,0,0,0,0,1,0,0,0,0,0,0,0,0,0,0,0,0,0.1320,0.0851,0.1293,0.0605,0.0964,0.0234,0.0832,0.1178,0.0188,0.1410,0.000,0.000,0.000,0.000,0.000,0.000,0.000,0.154,0.000,0.000,semi-presidential,parliamentary,parliamentary,parliamentary,parliamentary,semi-presidential,semi-presidential,electoral-authoritarian,electoral-authoritarian,parliamentary,0.800,0.800,0.800,0.800,0.800,0.800,0.800,0.500,0.500,0.800,100.0,83.1,65.0,100.0,100.0,100.0,100.0,41.6,100.0,58.8
2030-09-01,1.0018,1.0412,1.0201,0.9923,0.9967,0.9844,0.9997,1.0054,0.9919,0.9940,0.9829,0.9932,1.0018,1.0412,1.0201,1.0109,0.9967,0.9844,0.9997,1.0630,0.9919,0.9940,0.9829,0.9933,3665.42,5486.52,4237.38,2756.94,2135.75,1304.35,205.86,2893.84,2022.72,574.46,1.1372,0.6175,1.0738,1.3819,0.9616,0.5102,1.2453,0.2526,0.2653,-0.3445,0.6284,0.7258,0.6667,0.6481,0.6873,0.7702,0.6715,0.6515,0.7480,0.7089,0.0029,0.0000,0.0124,0.0000,0.0020,0.0000,0.0084,0.0004,0.0001,0.0041,1.0000,1.0000,1.0000,1.0000,1.0000,1.0000,1.0000,1.0000,1.0000,1.0000,55.40,201.55,86.84,60.45,66.57,12.61,9.80,261.79,69.83,89.37,0.0000,0.0000,0.0000,0.0000,0.0000,0.0000,0.0000,0.0000,0.0000,0.0000,104304,74663,53998,54750,86225,66964,95775,572442,131417,91336,0,0,0,0,0,0,0,0,0,0,0.0000,0.0000,0.0000,0.0000,0.0000,0.0000,0.3800,0.3800,0.0000,0.0000,0,0,0,0,0,0,0,1,0,0,0,0,0,0,0,0,0,0,0,0,0.1386,0.0890,0.1373,0.0648,0.1021,0.0245,0.0832,0.1182,0.0198,0.1393,0.000,0.000,0.000,0.000,0.000,0.000,0.000,0.154,0.000,0.000,semi-presidential,parliamentary,parliamentary,parliamentary,parliamentary,semi-presidential,semi-presidential,electoral-authoritarian,electoral-authoritarian,parliamentary,0.800,0.800,0.800,0.800,0.800,0.800,0.800,0.500,0.500,0.800,100.0,86.1,68.0,100.0,100.0,100.0,100.0,44.5,100.0,61.7
2030-10-01,0.9987,1.0400,1.0170,0.9899,0.9967,0.9806,0.9986,1.0030,0.9901,0.9929,0.9843,0.9920,0.9987,1.0400,1.0170,1.0085,0.9967,0.9806,0.9986,1.0030,0.9901,0.9929,1.0219,0.9920,3670.21,5489.51,4240.81,2765.10,2136.22,1309.38,206.99,2897.16,2026.42,574.37,1.1359,0.6174,1.0729,1.3780,0.9614,0.5090,1.2418,0.2534,0.2656,-0.3586,0.6425,0.7369,0.6652,0.6656,0.7036,0.7540,0.6473,0.6442,0.7309,0.7025,0.0012,0.0000,0.0106,0.0000,0.0008,0.0000,0.0064,0.0002,0.0001,0.0016,1.0000,1.0000,1.0000,1.0000,1.0000,1.0000,1.0000,1.0000,1.0000,1.0000,55.45,200.36,85.36,60.00,66.59,12.33,9.80,262.25,69.90,88.89,0.0000,0.0000,0.0000,0.0000,0.0000,0.0000,0.0000,0.0000,0.0000,0.0000,104304,74663,53998,54750,86225,66964,95775,572442,131417,91336,0,0,0,0,0,0,0,0,0,0,0.0000,0.0000,0.0000,0.0000,0.0000,0.0000,0.3600,0.3600,0.0000,0.0000,0,0,0,0,0,0,0,1,0,0,0,0,0,0,0,0,0,0,0,0,0.1289,0.0842,0.1340,0.0635,0.0950,0.0229,0.0852,0.1171,0.0179,0.1377,0.000,0.000,0.000,0.000,0.000,0.000,0.000,0.156,0.000,0.000,semi-presidential,parliamentary,parliamentary,parliamentary,parliamentary,semi-presidential,semi-presidential,electoral-authoritarian,electoral-authoritarian,parliamentary,0.800,0.800,0.800,0.800,0.800,0.800,0.800,0.500,0.500,0.800,100.0,89.2,70.9,100.0,100.0,100.0,100.0,47.3,100.0,64.6
2030-11-01,0.9934,1.0408,1.0179,0.9879,0.9978,0.9807,0.9984,1.0022,0.9891,0.9921,0.9851,0.9911,0.9934,1.0530,1.0179,1.0075,1.0066,0.9822,0.9984,1.0022,0.9891,0.9921,1.0071,0.9911,3684.42,5500.84,4247.51,2770.25,2143.50,1314.67,207.89,2903.79,2031.19,574.95,1.1318,0.6164,1.0713,1.3777,0.9579,0.5078,1.2401,0.2539,0.2658,-0.3722,0.6346,0.7386,0.6606,0.6713,0.6761,0.7468,0.6761,0.6288,0.7010,0.6965,0.0022,0.0015,0.0120,0.0028,0.0038,0.0012,0.0067,0.0001,0.0011,0.0034,0.9895,0.9897,0.9946,0.9912,0.9910,0.9918,1.0000,1.0000,0.9926,1.0000,54.86,199.39,84.97,59.55,65.72,12.24,9.79,259.50,69.56,88.58,0.0000,0.0000,0.0000,0.0000,0.0000,0.0000,0.0000,0.0000,0.0000,0.0000,104304,74663,53998,54750,86225,66964,95775,572442,131417,91336,0,0,0,0,0,0,0,0,0,0,0.0000,0.0000,0.0000,0.0000,0.0000,0.0000,0.3400,0.3400,0.0000,0.0000,0,0,0,0,0,0,0,1,0,0,0,0,0,0,0,0,0,0,0,0,0.1303,0.0844,0.1357,0.0640,0.0958,0.0225,0.0850,0.1160,0.0177,0.1373,0.000,0.000,0.000,0.000,0.000,0.000,0.000,0.156,0.000,0.000,semi-presidential,parliamentary,parliamentary,parliamentary,parliamentary,semi-presidential,semi-presidential,electoral-authoritarian,electoral-authoritarian,parliamentary,0.800,0.800,0.800,0.800,0.800,0.800,0.800,0.500,0.500,0.800,100.0,92.4,73.9,100.0,100.0,100.0,100.0,50.0,100.0,67.5
2030-12-01,0.9867,1.0409,1.0188,0.9862,0.9984,0.9845,0.9981,1.0014,0.9897,0.9950,0.9870,0.9894,0.9867,1.0436,1.0188,1.0057,1.0037,1.0829,0.9981,1.0014,1.0021,1.0084,1.0371,0.9894,3701.53,5501.88,4247.12,2778.10,2148.69,1321.54,208.42,2901.47,2041.79,575.09,1.1268,0.6166,1.0715,1.3743,0.9556,0.5060,1.2408,0.2551,0.2652,-0.3861,0.6445,0.7511,0.6603,0.6662,0.6876,0.7517,0.6736,0.6309,0.6785,0.6979,0.0037,0.0024,0.0143,0.0031,0.0041,0.0016,0.0085,0.0007,0.0014,0.0039,0.9976,0.9977,0.9988,0.9980,0.9979,0.9982,1.0000,1.0000,0.9984,1.0000,54.50,198.41,84.27,59.20,65.19,12.20,9.52,257.80,69.40,88.31,0.0000,0.0000,0.0000,0.0000,0.0000,0.0000,0.0000,0.0000,0.0000,0.0000,104304,74663,53998,54750,86225,66964,95775,572442,131417,91336,0,0,0,0,0,0,0,0,0,0,0.0000,0.0000,0.0000,0.0000,0.0000,0.0000,0.3200,0.3200,0.0000,0.0000,0,0,0,0,0,0,0,1,0,0,0,0,0,0,0,0,0,0,0,0,0.1237,0.0810,0.1287,0.0601,0.0906,0.0211,0.0839,0.1153,0.0160,0.1371,0.000,0.000,0.000,0.000,0.000,0.000,0.000,0.158,0.000,0.000,semi-presidential,parliamentary,parliamentary,parliamentary,parliamentary,semi-presidential,semi-presidential,electoral-authoritarian,electoral-authoritarian,parliamentary,0.800,0.800,0.800,0.800,0.800,0.800,0.800,0.500,0.500,0.800,100.0,95.6,76.9,100.0,100.0,100.0,100.0,52.8,100.0,70.4
2031-01-01,0.9825,1.0408,1.0184,0.9830,0.9976,0.9918,1.0021,1.0025,0.9902,0.9958,0.9909,0.9879,0.9825,1.0408,1.0184,0.9830,0.9976,1.1704,1.0828,1.0148,0.9902,0.9958,1.0821,0.9879,3706.11,5516.99,4260.16,2788.75,2156.03,1328.79,208.55,2906.15,2049.78,575.89,1.1256,0.6152,1.0683,1.3694,0.9524,0.5040,1.2442,0.2558,0.2649,-0.3995,0.6537,0.7357,0.6512,0.6675,0.6875,0.7616,0.6606,0.6234,0.6949,0.6921,0.0093,0.0038,0.0100,0.0033,0.0062,0.0023,0.0060,0.0009,0.0014,0.0084,1.0000,1.0000,1.0000,1.0000,1.0000,1.0000,1.0000,1.0000,1.0000,1.0000,54.97,198.86,83.72,59.81,65.93,12.40,9.56,260.03,70.03,88.41,0.0000,0.0000,0.0000,0.0000,0.0000,0.0000,0.0000,0.0000,0.0000,0.0000,104304,74663,53998,54750,86225,66964,95775,572442,131417,91336,0,0,0,0,0,0,0,0,0,0,0.0000,0.0000,0.0000,0.0000,0.0000,0.0000,0.3000,0.3000,0.0000,0.0000,0,0,0,0,0,0,0,1,0,0,0,0,0,0,0,0,0,0,0,0,0.1241,0.0807,0.1288,0.0599,0.0905,0.0204,0.0823,0.1140,0.0153,0.1362,0.000,0.000,0.000,0.000,0.000,0.000,0.000,0.159,0.000,0.000,semi-presidential,parliamentary,parliamentary,parliamentary,parliamentary,semi-presidential,semi-presidential,electoral-authoritarian,electoral-authoritarian,parliamentary,0.800,0.800,0.800,0.800,0.800,0.800,0.800,0.500,0.500,0.800,100.0,98.7,79.8,100.0,100.0,100.0,100.0,55.5,100.0,73.2
2031-02-01,0.9815,1.0437,1.0158,0.9839,0.9995,0.9970,1.0004,0.9982,0.9893,0.9967,0.9928,0.9874,0.9815,1.1152,1.0158,1.0171,1.0127,1.1260,1.0004,0.9982,0.9926,1.0116,1.0596,0.9874,3706.30,5537.39,4273.28,2794.70,2161.35,1333.11,208.50,2907.04,2052.29,576.68,1.1257,0.6132,1.0648,1.3669,0.9500,0.5032,1.2490,0.2567,0.2654,-0.4128,0.6386,0.7441,0.6729,0.6878,0.6950,0.7630,0.6362,0.6266,0.7230,0.7007,0.0132,0.0113,0.0220,0.0165,0.0146,0.0076,0.0125,0.0004,0.0067,0.0070,0.9376,0.9444,0.9681,0.9485,0.9387,0.9578,0.9905,1.0000,0.9590,1.0000,55.76,197.35,81.90,58.03,65.70,11.94,9.72,265.17,70.67,87.19,0.0000,0.0000,0.0000,0.0000,0.0000,0.0000,0.0000,0.0000,0.0000,0.0000,104304,74663,53998,54750,86225,66964,95775,572442,131417,91336,0,0,0,0,0,0,0,0,0,0,0.0000,0.0000,0.0000,0.0000,0.0000,0.0000,0.2800,0.2800,0.0000,0.0000,0,0,0,0,0,0,0,1,0,0,0,0,0,0,0,0,0,0,0,0,0.1320,0.0824,0.1353,0.0613,0.0998,0.0203,0.0838,0.1153,0.0161,0.1398,0.000,0.000,0.000,0.000,0.000,0.000,0.000,0.159,0.000,0.000,semi-presidential,parliamentary,parliamentary,parliamentary,parliamentary,semi-presidential,semi-presidential,electoral-authoritarian,electoral-authoritarian,parliamentary,0.800,0.800,0.800,0.800,0.800,0.800,0.800,0.500,0.500,0.800,100.0,100.0,82.8,100.0,100.0,100.0,100.0,58.2,100.0,76.1
2031-03-01,0.9776,1.0434,1.0179,0.9819,1.0064,0.9973,0.9993,0.9970,0.9885,0.9985,0.9956,0.9861,0.9776,1.0434,1.0179,1.0005,1.0465,1.0042,0.9993,0.9970,0.9885,1.0062,1.0667,0.9861,3712.26,5547.91,4274.02,2796.67,2169.04,1340.99,208.97,2915.00,2061.38,575.79,1.1242,0.6123,1.0646,1.3661,0.9468,0.5011,1.2510,0.2571,0.2650,-0.4274,0.6306,0.7640,0.6825,0.6673,0.6900,0.7525,0.6154,0.6214,0.6943,0.6987,0.0024,0.0001,0.0159,0.0072,0.0101,0.0001,0.0089,0.0003,0.0001,0.0172,1.0000,1.0000,1.0000,1.0000,1.0000,1.0000,1.0000,1.0000,1.0000,1.0000,55.22,198.66,83.38,59.53,65.75,11.81,9.59,263.47,70.52,87.99,0.0000,0.0000,0.0000,0.0000,0.0000,0.0000,0.0000,0.0000,0.0000,0.0000,104304,74663,53998,54750,86225,66964,95775,572442,131417,91336,0,0,0,0,0,0,0,0,0,0,0.0000,0.0000,0.0000,0.0000,0.0000,0.0000,0.2600,0.2600,0.0000,0.0000,0,0,0,0,0,0,0,1,0,0,0,0,0,0,0,0,0,0,0,0,0.1227,0.0790,0.1276,0.0584,0.0930,0.0191,0.0865,0.1135,0.0143,0.1364,0.000,0.000,0.000,0.000,0.000,0.000,0.000,0.160,0.000,0.000,semi-presidential,parliamentary,parliamentary,parliamentary,parliamentary,semi-presidential,semi-presidential,electoral-authoritarian,electoral-authoritarian,parliamentary,0.800,0.800,0.800,0.800,0.800,0.800,0.800,0.500,0.500,0.800,100.0,100.0,90.9,100.0,100.0,100.0,100.0,60.8,100.0,79.0
2031-04-01,0.9767,1.0421,1.0192,0.9809,1.0080,0.9982,0.9993,0.9952,0.9888,0.9999,0.9967,0.9854,0.9767,1.0421,1.0192,1.0012,1.0195,1.0210,0.9993,0.9952,0.9963,1.0077,1.0263,0.9854,3712.41,5562.92,4280.10,2797.00,2172.31,1345.30,209.60,2924.24,2069.69,576.32,1.1244,0.6109,1.0641,1.3658,0.9456,0.5004,1.2521,0.2573,0.2647,-0.4409,0.6314,0.7602,0.6684,0.6473,0.7072,0.7659,0.6240,0.6458,0.7116,0.6736,0.0014,0.0005,0.0127,0.0025,0.0037,0.0003,0.0086,0.0004,0.0004,0.0048,1.0000,1.0000,1.0000,1.0000,1.0000,1.0000,1.0000,1.0000,1.0000,1.0000,56.02,199.27,83.28,59.92,66.80,11.74,9.84,268.31,71.41,87.66,0.0000,0.0000,0.0000,0.0000,0.0000,0.0000,0.0000,0.0000,0.0000,0.0000,104304,74663,53998,54750,86225,66964,95775,572442,131417,91336,0,0,0,0,0,0,0,0,0,0,0.0000,0.0000,0.0000,0.0000,0.0000,0.0000,0.2400,0.2400,0.0000,0.0000,0,0,0,0,0,0,0,1,0,0,0,0,0,0,0,0,0,0,0,0,0.1287,0.0808,0.1329,0.0605,0.0973,0.0191,0.0865,0.1140,0.0148,0.1370,0.000,0.000,0.000,0.000,0.000,0.000,0.000,0.161,0.000,0.000,semi-presidential,parliamentary,parliamentary,parliamentary,parliamentary,semi-presidential,semi-presidential,electoral-authoritarian,electoral-authoritarian,parliamentary,0.800,0.800,0.800,0.800,0.800,0.800,0.800,0.500,0.500,0.800,100.0,100.0,93.9,100.0,100.0,100.0,100.0,63.7,100.0,81.7
2031-05-01,0.9760,1.0439,1.0149,0.9802,1.0085,0.9973,0.9968,0.9955,0.9909,1.0007,0.9982,0.9843,0.9760,1.0797,1.0149,1.0008,1.0134,0.9973,0.9968,1.0015,1.0344,1.0055,1.0389,0.9843,3713.15,5570.50,4281.96,2800.21,2179.14,1345.93,210.02,2919.71,2084.36,577.99,1.1274,0.6103,1.0637,1.3645,0.9428,0.5010,1.2547,0.2587,0.2636,-0.4535,0.6204,0.7670,0.6471,0.6361,0.6936,0.7463,0.6381,0.6574,0.7045,0.6875,0.0060,0.0040,0.0159,0.0049,0.0076,0.0031,0.0089,0.0019,0.0045,0.0047,0.9687,0.9715,0.9840,0.9742,0.9702,0.9782,0.9977,1.0000,0.9792,1.0000,56.73,201.64,84.34,60.67,67.97,11.82,9.98,272.71,72.74,87.87,0.0000,0.0000,0.0000,0.0000,0.0000,0.0000,0.0000,0.0000,0.0000,0.0000,104304,74663,53998,54750,86225,66964,95775,572442,131417,91336,0,0,0,0,0,0,0,0,0,0,0.0000,0.0000,0.0000,0.0000,0.0000,0.0000,0.2200,0.2200,0.0000,0.0000,0,0,0,0,0,0,0,1,0,0,0,0,0,0,0,0,0,0,0,0,0.1247,0.0787,0.1281,0.0580,0.0934,0.0184,0.0857,0.1137,0.0138,0.1373,0.000,0.000,0.000,0.000,0.000,0.000,0.000,0.163,0.000,0.000,semi-presidential,parliamentary,parliamentary,parliamentary,parliamentary,semi-presidential,semi-presidential,electoral-authoritarian,electoral-authoritarian,parliamentary,0.800,0.800,0.800,0.800,0.800,0.800,0.800,0.500,0.500,0.800,100.0,100.0,96.8,100.0,100.0,100.0,100.0,66.6,100.0,84.6
2031-06-01,0.9750,1.0420,1.0143,0.9794,1.0094,0.9962,0.9966,0.9957,0.9924,1.0012,0.9990,0.9854,0.9750,1.0420,1.0143,0.9984,1.0161,0.9962,0.9966,0.9990,1.0220,1.0035,1.0173,0.9857,3720.63,5589.45,4288.63,2806.59,2185.31,1352.14,210.45,2923.99,2098.71,578.11,1.1254,0.6083,1.0621,1.3616,0.9403,0.4996,1.2573,0.2594,0.2626,-0.4673,0.6139,0.7548,0.6456,0.6345,0.6940,0.7158,0.6416,0.6170,0.7049,0.7118,0.0008,0.0000,0.0119,0.0015,0.0029,0.0000,0.0062,0.0013,0.0010,0.0038,1.0000,1.0000,1.0000,1.0000,1.0000,1.0000,1.0000,1.0000,1.0000,1.0000,56.72,202.63,84.79,60.45,68.19,11.91,10.01,272.02,72.99,88.11,0.0000,0.0000,0.0000,0.0000,0.0000,0.0000,0.0000,0.0000,0.0000,0.0000,104304,74663,53998,54750,86225,66964,95775,572442,131417,91336,0,0,0,0,0,0,0,0,0,0,0.0000,0.0000,0.0000,0.0000,0.0000,0.0000,0.2000,0.2000,0.0000,0.0000,0,0,0,0,0,0,0,1,0,0,0,0,0,0,0,0,0,0,0,0,0.1329,0.0831,0.1375,0.0625,0.1005,0.0196,0.0870,0.1140,0.0152,0.1371,0.000,0.000,0.000,0.000,0.000,0.000,0.000,0.162,0.000,0.000,semi-presidential,parliamentary,parliamentary,parliamentary,parliamentary,semi-presidential,semi-presidential,electoral-authoritarian,electoral-authoritarian,parliamentary,0.800,0.800,0.800,0.800,0.800,0.800,0.800,0.500,0.500,0.800,100.0,100.0,99.7,100.0,100.0,100.0,100.0,69.2,100.0,87.5
2031-07-01,0.9728,1.0403,1.0169,0.9769,1.0066,0.9964,0.9984,0.9947,0.9951,1.0017,1.0017,0.9871,0.9728,1.0403,1.0169,0.9867,1.0066,1.0020,1.0381,0.9947,1.0455,1.0019,1.0686,0.9876,3726.93,5606.28,4297.48,2822.93,2192.23,1358.59,210.39,2929.44,2105.82,578.02,1.1235,0.6063,1.0600,1.3539,0.9375,0.4981,1.2629,0.2600,0.2625,-0.4812,0.6165,0.7610,0.6573,0.6455,0.6982,0.7226,0.6423,0.6231,0.7271,0.7039,0.0035,0.0001,0.0103,0.0007,0.0038,0.0001,0.0065,0.0025,0.0019,0.0064,1.0000,1.0000,1.0000,1.0000,1.0000,1.0000,1.0000,1.0000,1.0000,1.0000,56.43,202.53,84.25,60.82,68.08,11.96,9.85,270.56,73.37,88.09,0.0000,0.0000,0.0000,0.0000,0.0000,0.0000,0.0000,0.0000,0.0000,0.0000,104304,74663,53998,54750,86225,66964,95775,572442,131417,91336,0,0,0,0,0,0,0,0,0,0,0.0000,0.0000,0.0000,0.0000,0.0000,0.0000,0.1800,0.1800,0.0000,0.0000,0,0,0,0,0,0,0,1,0,0,0,0,0,0,0,0,0,0,0,0,0.1335,0.0844,0.1389,0.0639,0.1016,0.0205,0.0840,0.1140,0.0159,0.1356,0.000,0.000,0.000,0.000,0.000,0.000,0.000,0.161,0.000,0.000,semi-presidential,parliamentary,parliamentary,parliamentary,parliamentary,semi-presidential,semi-presidential,electoral-authoritarian,electoral-authoritarian,parliamentary,0.800,0.800,0.800,0.800,0.800,0.800,0.800,0.500,0.500,0.800,100.0,100.0,100.0,100.0,100.0,100.0,100.0,71.9,100.0,90.4
2031-08-01,0.9727,1.0416,1.0184,0.9784,1.0058,0.9937,0.9975,0.9992,0.9963,1.0005,0.9999,0.9910,0.9727,1.0528,1.0184,1.0086,1.0058,0.9937,0.9975,1.0992,1.0323,1.0005,0.9999,0.9919,3741.57,5625.71,4302.61,2837.19,2202.48,1366.03,211.07,2935.99,2113.00,579.11,1.1193,0.6041,1.0588,1.3471,0.9333,0.4962,1.2643,0.2604,0.2624,-0.4941,0.6163,0.7570,0.6660,0.6805,0.7038,0.7424,0.6203,0.6316,0.7059,0.6916,0.0064,0.0020,0.0173,0.0062,0.0056,0.0010,0.0126,0.0021,0.0024,0.0084,0.9904,0.9906,0.9951,0.9920,0.9917,0.9926,1.0000,1.0000,0.9933,1.0000,57.45,205.60,85.67,60.63,68.95,12.50,10.22,275.65,74.21,88.09,0.0000,0.0000,0.0000,0.0000,0.0000,0.0000,0.0000,0.0000,0.0000,0.0000,104304,74663,53998,54750,86225,66964,95775,572442,131417,91336,0,0,0,0,0,0,0,0,0,0,0.0000,0.0000,0.0000,0.0000,0.0000,0.0000,0.1600,0.1600,0.0000,0.0000,0,0,0,0,0,0,0,1,0,0,0,0,0,0,0,0,0,0,0,0,0.1378,0.0871,0.1421,0.0657,0.1051,0.0235,0.0890,0.1180,0.0192,0.1390,0.000,0.000,0.000,0.000,0.000,0.000,0.000,0.158,0.000,0.000,semi-presidential,parliamentary,parliamentary,parliamentary,parliamentary,semi-presidential,semi-presidential,electoral-authoritarian,electoral-authoritarian,parliamentary,0.800,0.800,0.800,0.800,0.800,0.800,0.800,0.500,0.500,0.800,100.0,100.0,100.0,100.0,100.0,100.0,100.0,74.7,100.0,93.3
2031-09-01,0.9698,1.0396,1.0175,0.9805,1.0071,0.9905,0.9979,0.9992,1.0003,0.9960,0.9998,0.9931,0.9698,1.0396,1.0175,1.0142,1.0173,0.9905,1.0105,1.0016,1.0819,0.9960,0.9998,0.9936,3746.10,5639.30,4310.47,2845.52,2206.70,1371.89,211.96,2943.75,2124.74,580.99,1.1182,0.6027,1.0568,1.3432,0.9316,0.4949,1.2644,0.2608,0.2617,-0.5063,0.6287,0.7609,0.6656,0.7012,0.7173,0.7590,0.6419,0.6567,0.7014,0.7043,0.0005,0.0009,0.0126,0.0094,0.0050,0.0000,0.0101,0.0032,0.0028,0.0061,1.0000,1.0000,1.0000,1.0000,1.0000,1.0000,1.0000,1.0000,1.0000,1.0000,56.88,204.95,83.88,58.96,67.77,12.61,9.94,271.13,73.74,87.93,0.0000,0.0000,0.0000,0.0000,0.0000,0.0000,0.0000,0.0000,0.0000,0.0000,104304,74663,53998,54750,86225,66964,95775,572442,131417,91336,0,0,0,0,0,0,0,0,0,0,0.0000,0.0000,0.0000,0.0000,0.0000,0.0000,0.1400,0.1400,0.0000,0.0000,0,0,0,0,0,0,0,1,0,0,0,0,0,0,0,0,0,0,0,0,0.1400,0.0886,0.1438,0.0668,0.1070,0.0249,0.0914,0.1184,0.0205,0.1384,0.000,0.000,0.000,0.000,0.000,0.000,0.000,0.157,0.000,0.000,semi-presidential,parliamentary,parliamentary,parliamentary,parliamentary,semi-presidential,semi-presidential,electoral-authoritarian,electoral-authoritarian,parliamentary,0.800,0.800,0.800,0.800,0.800,0.800,0.800,0.500,0.500,0.800,100.0,100.0,100.0,100.0,100.0,100.0,100.0,77.5,100.0,96.2
2031-10-01,0.9703,1.0357,1.0201,0.9827,1.0065,0.9887,0.9985,1.0033,1.0032,0.9933,1.0005,0.9944,0.9703,1.0357,1.0201,1.0172,1.0065,0.9887,1.0122,1.0878,1.0627,0.9933,1.0191,0.9947,3751.61,5665.02,4316.45,2855.54,2212.08,1377.82,212.77,2947.22,2134.64,582.44,1.1168,0.6000,1.0554,1.3385,0.9295,0.4937,1.2650,0.2616,0.2613,-0.5188,0.6250,0.7628,0.6735,0.6969,0.7002,0.7586,0.6659,0.6835,0.7049,0.7285,0.0053,0.0009,0.0167,0.0080,0.0052,0.0000,0.0139,0.0030,0.0022,0.0092,1.0000,1.0000,1.0000,1.0000,1.0000,1.0000,1.0000,1.0000,1.0000,1.0000,58.17,208.58,86.41,59.81,69.26,13.27,10.30,274.80,74.51,88.45,0.0000,0.0000,0.0000,0.0000,0.0000,0.0000,0.0000,0.0000,0.0000,0.0000,104304,74663,53998,54750,86225,66964,95775,572442,131417,91336,0,0,0,0,0,0,0,0,0,0,0.0000,0.0000,0.0000,0.0000,0.0000,0.0000,0.1200,0.1200,0.0000,0.0000,0,0,0,0,0,0,0,1,0,0,0,0,0,0,0,0,0,0,0,0,0.1411,0.0898,0.1449,0.0678,0.1079,0.0262,0.0913,0.1198,0.0213,0.1383,0.000,0.000,0.000,0.000,0.000,0.000,0.000,0.157,0.000,0.000,semi-presidential,parliamentary,parliamentary,parliamentary,parliamentary,semi-presidential,semi-presidential,electoral-authoritarian,electoral-authoritarian,parliamentary,0.800,0.800,0.800,0.800,0.800,0.800,0.800,0.500,0.500,0.800,100.0,100.0,100.0,100.0,100.0,100.0,100.0,80.6,100.0,99.2
2031-11-01,0.9732,1.0295,1.0218,0.9861,1.0045,0.9876,1.0005,1.0054,1.0046,0.9929,0.9999,0.9964,1.0213,1.0295,1.0218,1.0235,1.0045,0.9876,1.0475,1.0493,1.0348,0.9929,0.9999,0.9968,3765.38,5685.01,4333.39,2859.85,2214.01,1383.29,213.33,2955.60,2143.48,583.31,1.1130,0.5979,1.0512,1.3368,0.9288,0.4926,1.2671,0.2619,0.2610,-0.5318,0.6222,0.7782,0.6677,0.6957,0.6922,0.7517,0.6807,0.6551,0.7042,0.7374,0.0068,0.0039,0.0160,0.0115,0.0064,0.0023,0.0332,0.0017,0.0029,0.0062,1.0000,1.0000,1.0000,1.0000,1.0000,1.0000,1.0000,1.0000,1.0000,1.0000,58.70,210.58,87.22,59.81,70.20,13.59,10.70,276.87,74.79,88.34,0.0000,0.0000,0.0000,0.0000,0.0000,0.0000,0.0000,0.0000,0.0000,0.0000,104304,74663,53998,54750,86225,66964,95775,572442,131417,91336,0,0,0,0,0,0,0,0,0,0,0.0000,0.0000,0.0000,0.0000,0.0000,0.0000,0.1000,0.1000,0.0000,0.0000,0,0,0,0,0,0,0,1,0,0,0,0,0,0,0,0,0,0,0,0,0.1425,0.0916,0.1461,0.0692,0.1096,0.0277,0.0905,0.1211,0.0225,0.1382,0.000,0.000,0.000,0.000,0.000,0.000,0.000,0.156,0.000,0.000,semi-presidential,parliamentary,parliamentary,parliamentary,parliamentary,semi-presidential,semi-presidential,electoral-authoritarian,electoral-authoritarian,parliamentary,0.800,0.800,0.800,0.800,0.800,0.800,0.800,0.500,0.500,0.800,100.0,100.0,100.0,100.0,100.0,100.0,100.0,83.5,100.0,100.0
2031-12-01,0.9757,1.0263,1.0193,0.9890,1.0006,0.9860,1.0020,1.0050,1.0058,0.9938,0.9983,0.9986,1.0691,1.0263,1.0193,1.0249,1.0006,0.9860,1.0370,1.0050,1.0300,1.0023,0.9983,0.9991,3780.34,5727.35,4347.24,2869.02,2225.99,1388.91,213.78,2965.61,2150.98,582.82,1.1087,0.5935,1.0481,1.3328,0.9239,0.4915,1.2699,0.2620,0.2609,-0.5461,0.6339,0.7742,0.6868,0.6781,0.6782,0.7404,0.6681,0.6663,0.7087,0.7270,0.0075,0.0067,0.0148,0.0136,0.0077,0.0047,0.0309,0.0011,0.0044,0.0024,1.0000,1.0000,1.0000,1.0000,1.0000,1.0000,1.0000,1.0000,1.0000,1.0000,58.23,209.96,86.95,59.52,69.67,13.54,10.53,275.26,75.01,87.75,0.0000,0.0000,0.0000,0.0000,0.0000,0.0000,0.0000,0.0000,0.0000,0.0000,104304,74663,53998,54750,86225,66964,95775,572442,131417,91336,0,0,0,0,0,0,0,0,0,0,0.0000,0.0000,0.0000,0.0000,0.0000,0.0000,0.0800,0.0800,0.0000,0.0000,0,0,0,0,0,0,0,1,0,0,0,0,0,0,0,0,0,0,0,0,0.1442,0.0928,0.1480,0.0707,0.1108,0.0288,0.0892,0.1219,0.0239,0.1386,0.000,0.000,0.000,0.000,0.000,0.000,0.000,0.155,0.000,0.000,semi-presidential,parliamentary,parliamentary,parliamentary,parliamentary,semi-presidential,semi-presidential,electoral-authoritarian,electoral-authoritarian,parliamentary,0.820,0.800,0.800,0.800,0.800,0.800,0.800,0.500,0.500,0.800,95.0,100.0,100.0,100.0,100.0,100.0,100.0,86.4,100.0,100.0
2032-01-01,0.9776,1.0244,1.0187,0.9891,0.9963,0.9878,1.0030,1.0022,1.0082,0.9922,0.9958,0.9990,1.0425,1.0244,1.0187,1.0109,0.9963,1.0312,1.0145,1.0022,1.0452,0.9922,0.9958,0.9991,3800.39,5737.28,4358.54,2874.61,2229.22,1400.23,213.68,2973.46,2163.31,582.58,1.1031,0.5925,1.0456,1.3305,0.9226,0.4885,1.2758,0.2624,0.2602,-0.5601,0.6374,0.8101,0.6951,0.6778,0.7128,0.7411,0.6601,0.6909,0.6978,0.7005,0.0054,0.0050,0.0135,0.0063,0.0060,0.0038,0.0282,0.0015,0.0039,0.0016,1.0000,1.0000,1.0000,1.0000,1.0000,1.0000,1.0000,1.0000,1.0000,1.0000,59.30,213.14,89.43,62.69,71.64,13.31,10.69,281.61,76.45,88.44,0.0000,0.0000,0.0000,0.0000,0.0000,0.0000,0.0000,0.0000,0.0000,0.0000,104304,74663,53998,54750,86225,66964,95775,572442,131417,91336,0,0,0,0,0,0,0,0,0,0,0.0000,0.0000,0.0000,0.0000,0.0000,0.0000,0.0600,0.0600,0.0000,0.0000,0,0,0,0,0,0,0,1,0,0,0,0,0,0,0,0,0,0,0,0,0.1443,0.0936,0.1484,0.0725,0.1178,0.0287,0.0899,0.1224,0.0238,0.1378,0.000,0.000,0.000,0.000,0.000,0.000,0.000,0.156,0.000,0.000,semi-presidential,parliamentary,parliamentary,parliamentary,parliamentary,semi-presidential,semi-presidential,electoral-authoritarian,electoral-authoritarian,parliamentary,0.810,0.800,0.800,0.800,0.800,0.800,0.800,0.500,0.500,0.800,97.8,100.0,100.0,100.0,100.0,100.0,100.0,89.5,100.0,100.0
2032-02-01,0.9798,1.0198,1.0188,0.9904,0.9931,0.9894,1.0035,0.9995,1.0097,0.9901,0.9947,0.9970,1.0568,1.0198,1.0188,1.0178,0.9931,1.0294,1.0192,0.9995,1.0422,0.9901,0.9947,0.9970,3810.38,5747.25,4369.01,2881.37,2234.88,1407.62,213.75,2978.40,2176.19,584.42,1.1003,0.5915,1.0433,1.3277,0.9203,0.4908,1.2804,0.2630,0.2594,-0.5724,0.6493,0.7883,0.6888,0.6816,0.6986,0.7711,0.6380,0.6944,0.7038,0.6906,0.0064,0.0060,0.0140,0.0096,0.0068,0.0044,0.0290,0.0013,0.0042,0.0016,1.0000,1.0000,1.0000,1.0000,1.0000,1.0000,1.0000,1.0000,1.0000,1.0000,59.40,211.85,87.19,60.99,70.82,13.28,10.63,279.63,76.56,90.08,0.0000,0.0000,0.0000,0.0000,0.0000,0.0000,0.0000,0.0000,0.0000,0.0000,104304,74663,53998,54750,86225,66964,95775,572442,131417,91336,0,0,0,0,0,0,0,0,0,0,0.0000,0.0000,0.0000,0.0000,0.0000,0.0000,0.0400,0.0400,0.0000,0.0000,0,0,0,0,0,0,0,1,0,0,0,0,0,0,0,0,0,0,0,0,0.1314,0.0863,0.1340,0.0641,0.1062,0.0262,0.0886,0.1209,0.0210,0.1418,0.000,0.000,0.000,0.000,0.000,0.000,0.000,0.159,0.000,0.000,semi-presidential,parliamentary,parliamentary,parliamentary,parliamentary,semi-presidential,semi-presidential,electoral-authoritarian,electoral-authoritarian,parliamentary,0.800,0.800,0.800,0.800,0.800,0.800,0.800,0.500,0.500,0.800,100.0,100.0,100.0,100.0,100.0,95.0,100.0,92.6,100.0,100.0
2032-03-01,0.9820,1.0157,1.0166,0.9903,0.9911,0.9934,1.0036,0.9997,1.0071,0.9894,0.9914,0.9959,1.0650,1.0157,1.0166,1.0112,0.9911,1.1000,1.0036,1.0008,1.0071,0.9894,0.9914,0.9959,3836.59,5760.21,4374.86,2886.64,2248.98,1415.11,213.72,2988.40,2184.53,584.56,1.0929,0.5903,1.0420,1.3255,0.9143,0.4892,1.2853,0.2632,0.2592,-0.5863,0.6465,0.7663,0.6909,0.6790,0.6954,0.7848,0.6210,0.6818,0.7248,0.7225,0.0076,0.0075,0.0144,0.0078,0.0068,0.0055,0.0262,0.0000,0.0037,0.0001,1.0000,1.0000,1.0000,1.0000,1.0000,1.0000,1.0000,1.0000,1.0000,1.0000,59.26,212.35,88.80,62.29,71.32,13.32,10.70,279.30,76.48,90.39,0.0000,0.0000,0.0000,0.0000,0.0000,0.0000,0.0000,0.0000,0.0000,0.0000,104304,74663,53998,54750,86225,66964,95775,572442,131417,91336,0,0,0,0,0,0,0,0,0,0,0.0000,0.0000,0.0000,0.0000,0.0000,0.0000,0.0200,0.0200,0.0000,0.0000,0,0,0,0,0,0,0,1,0,0,0,0,0,0,0,0,0,0,0,0,0.1338,0.0874,0.1375,0.0662,0.1081,0.0261,0.0897,0.1205,0.0208,0.1413,0.000,0.000,0.000,0.000,0.000,0.000,0.000,0.162,0.000,0.000,semi-presidential,parliamentary,parliamentary,parliamentary,parliamentary,semi-presidential,semi-presidential,electoral-authoritarian,electoral-authoritarian,parliamentary,0.800,0.800,0.800,0.800,0.800,0.800,0.800,0.500,0.500,0.800,100.0,100.0,100.0,100.0,100.0,98.4,100.0,95.7,100.0,100.0
2032-04-01,0.9844,1.0104,1.0157,0.9901,0.9889,0.9909,1.0034,0.9980,1.0038,0.9855,0.9919,0.9937,1.0692,1.0104,1.0157,1.0074,0.9889,0.9909,1.0034,0.9980,1.0038,0.9855,1.0020,0.9937,3844.30,5758.94,4389.47,2893.57,2254.43,1417.10,213.94,2995.43,2198.50,584.23,1.0908,0.5905,1.0388,1.3226,0.9121,0.4894,1.2884,0.2636,0.2583,-0.6007,0.6571,0.7576,0.6791,0.6728,0.7283,0.7788,0.6098,0.6925,0.7087,0.7053,0.0060,0.0052,0.0129,0.0046,0.0058,0.0042,0.0251,0.0000,0.0032,0.0004,1.0000,1.0000,1.0000,1.0000,1.0000,1.0000,1.0000,1.0000,1.0000,1.0000,59.19,211.31,88.45,62.52,71.58,13.10,10.54,279.00,76.29,90.22,0.0000,0.0000,0.0000,0.0000,0.0000,0.0000,0.0000,0.0000,0.0000,0.0000,104304,74663,53998,54750,86225,66964,95775,572442,131417,91336,0,0,0,0,0,0,0,0,0,0,0.0000,0.0000,0.0000,0.0000,0.0000,0.0000,0.0000,0.0000,0.0000,0.0000,0,0,0,0,0,0,0,1,0,0,0,0,0,0,0,0,0,0,0,0,0.1272,0.0834,0.1295,0.0622,0.1021,0.0243,0.0875,0.1187,0.0186,0.1408,0.000,0.000,0.000,0.000,0.000,0.000,0.000,0.164,0.000,0.000,semi-presidential,parliamentary,parliamentary,parliamentary,parliamentary,semi-presidential,semi-presidential,electoral-authoritarian,electoral-authoritarian,parliamentary,0.800,0.800,0.800,0.800,0.800,0.800,0.800,0.500,0.500,0.800,100.0,100.0,100.0,100.0,100.0,100.0,90.0,98.8,100.0,100.0
2032-05-01,0.9866,1.0062,1.0152,0.9941,0.9877,0.9863,1.0016,0.9988,1.0012,0.9832,0.9930,0.9916,1.0682,1.0062,1.0152,1.0277,0.9877,0.9863,1.0016,1.0255,1.0012,0.9832,1.0327,0.9916,3852.18,5772.29,4384.24,2891.93,2258.69,1421.56,214.04,3000.42,2211.52,586.61,1.0886,0.5893,1.0402,1.3236,0.9106,0.4888,1.2920,0.2642,0.2575,-0.6123,0.6500,0.7265,0.6937,0.6812,0.7134,0.7410,0.6154,0.7046,0.7170,0.6812,0.0081,0.0054,0.0152,0.0126,0.0071,0.0040,0.0300,0.0004,0.0031,0.0036,1.0000,1.0000,1.0000,1.0000,1.0000,1.0000,1.0000,1.0000,1.0000,1.0000,59.18,210.82,85.91,59.66,70.67,13.15,10.54,279.60,76.37,89.67,0.0000,0.0000,0.0000,0.0000,0.0000,0.0000,0.0000,0.0000,0.0000,0.0000,104304,74663,53998,54750,86225,66964,95775,572442,131417,91336,0,0,0,0,0,0,0,0,0,0,0.0000,0.0000,0.0000,0.0000,0.0000,0.0000,0.0000,0.0000,0.0000,0.0000,0,0,0,0,0,0,0,1,0,0,0,0,0,0,0,0,0,0,0,0,0.1249,0.0814,0.1277,0.0587,0.1003,0.0232,0.0876,0.1180,0.0178,0.1413,0.000,0.000,0.000,0.000,0.000,0.000,0.000,0.167,0.000,0.000,semi-presidential,parliamentary,parliamentary,parliamentary,parliamentary,semi-presidential,semi-presidential,electoral-authoritarian,electoral-authoritarian,parliamentary,0.800,0.800,0.800,0.800,0.800,0.800,0.800,0.500,0.500,0.800,100.0,100.0,100.0,100.0,100.0,100.0,92.8,100.0,100.0,100.0
2032-06-01,0.9886,1.0016,1.0156,0.9980,0.9877,0.9843,1.0008,1.0008,1.0016,0.9812,0.9966,0.9899,1.0569,1.0016,1.0156,1.0304,0.9877,0.9843,1.0008,1.0391,1.0086,0.9812,1.0868,0.9899,3844.49,5775.49,4386.66,2895.84,2264.09,1427.81,214.53,2999.60,2216.78,588.97,1.0909,0.5892,1.0398,1.3221,0.9086,0.4876,1.2928,0.2654,0.2577,-0.6238,0.6448,0.7379,0.6632,0.6555,0.6962,0.7352,0.6166,0.6988,0.7039,0.7152,0.0093,0.0044,0.0170,0.0118,0.0078,0.0033,0.0318,0.0009,0.0028,0.0069,1.0000,1.0000,1.0000,1.0000,1.0000,1.0000,1.0000,1.0000,1.0000,1.0000,59.85,212.79,87.27,59.82,71.43,14.05,10.61,281.27,77.03,90.33,0.0000,0.0000,0.0000,0.0000,0.0000,0.0000,0.0000,0.0000,0.0000,0.0000,104304,74663,53998,54750,86225,66964,95775,572442,131417,91336,0,0,0,0,0,0,0,0,0,0,0.0000,0.0000,0.0000,0.0000,0.0000,0.0000,0.0000,0.0000,0.0000,0.0000,0,0,0,0,0,0,0,1,0,0,0,0,0,0,0,0,0,0,0,0,0.1268,0.0819,0.1290,0.0588,0.1013,0.0231,0.0918,0.1177,0.0172,0.1412,0.000,0.000,0.000,0.000,0.000,0.000,0.000,0.169,0.000,0.000,semi-presidential,parliamentary,parliamentary,parliamentary,parliamentary,semi-presidential,semi-presidential,electoral-authoritarian,electoral-authoritarian,parliamentary,0.800,0.800,0.800,0.800,0.800,0.800,0.800,0.500,0.500,0.800,100.0,100.0,100.0,100.0,100.0,100.0,95.7,100.0,100.0,100.0
2032-07-01,0.9928,0.9958,1.0144,0.9999,0.9893,0.9865,1.0004,1.0012,1.0016,0.9795,1.0012,0.9905,1.1417,0.9958,1.0144,1.0267,1.0010,1.0433,1.0004,1.0053,1.0016,0.9795,1.1199,0.9907,3858.47,5797.64,4396.96,2904.71,2271.93,1432.76,214.90,3009.43,2228.50,589.36,1.0871,0.5872,1.0376,1.3183,0.9056,0.4869,1.2942,0.2656,0.2571,-0.6374,0.6141,0.7270,0.6586,0.6490,0.6992,0.7395,0.6316,0.6896,0.6702,0.7396,0.0148,0.0103,0.0211,0.0170,0.0158,0.0087,0.0321,0.0006,0.0070,0.0092,1.0000,1.0000,1.0000,1.0000,1.0000,1.0000,1.0000,1.0000,1.0000,1.0000,58.27,211.58,87.52,59.59,70.55,14.07,10.57,273.75,75.91,89.53,0.0000,0.0000,0.0000,0.0000,0.0000,0.0000,0.0000,0.0000,0.0000,0.0000,104304,74663,53998,54750,86225,66964,95775,572442,131417,91336,0,0,0,0,0,0,0,0,0,0,0.0000,0.0000,0.0000,0.0000,0.0000,0.0000,0.0000,0.0000,0.0000,0.0000,0,0,0,0,0,0,0,1,0,0,0,0,0,0,0,0,0,0,0,0,0.1378,0.0876,0.1460,0.0713,0.1112,0.0245,0.0935,0.1181,0.0190,0.1416,0.000,0.000,0.000,0.000,0.000,0.000,0.000,0.170,0.000,0.000,semi-presidential,parliamentary,parliamentary,parliamentary,parliamentary,semi-presidential,semi-presidential,electoral-authoritarian,electoral-authoritarian,parliamentary,0.800,0.800,0.800,0.800,0.800,0.800,0.800,0.500,0.500,0.800,100.0,100.0,100.0,100.0,100.0,100.0,98.7,100.0,100.0,100.0
2032-08-01,0.9977,0.9934,1.0149,0.9993,0.9903,0.9901,0.9999,1.0034,1.0031,0.9806,1.0040,0.9909,1.1612,0.9934,1.0149,1.0152,0.9983,1.0774,0.9999,1.0393,1.0285,0.9914,1.0671,0.9910,3872.82,5809.75,4406.06,2913.65,2275.91,1438.23,215.01,3016.19,2237.92,590.99,1.0829,0.5861,1.0357,1.3144,0.9042,0.4860,1.2972,0.2661,0.2568,-0.6497,0.6227,0.7421,0.6637,0.6565,0.7077,0.7292,0.6389,0.7120,0.6781,0.7236,0.0161,0.0118,0.0221,0.0121,0.0169,0.0100,0.0314,0.0016,0.0089,0.0084,1.0000,1.0000,1.0000,1.0000,1.0000,1.0000,1.0000,1.0000,1.0000,1.0000,58.85,213.92,91.16,62.97,72.04,14.37,10.69,276.90,76.92,89.97,0.0000,0.0000,0.0000,0.0000,0.0000,0.0000,0.0000,0.0000,0.0000,0.0000,104304,74663,53998,54750,86225,66964,95775,572442,131417,91336,0,0,0,0,0,0,0,0,0,0,0.0000,0.0000,0.0000,0.0000,0.0000,0.0000,0.0000,0.0000,0.0000,0.0000,0,0,0,0,0,0,0,1,0,0,0,0,0,0,0,0,0,0,0,0,0.1424,0.0883,0.1463,0.0733,0.1114,0.0250,0.0941,0.1192,0.0190,0.1404,0.000,0.000,0.000,0.000,0.000,0.000,0.000,0.170,0.000,0.000,semi-presidential,parliamentary,parliamentary,parliamentary,parliamentary,semi-presidential,semi-presidential,electoral-authoritarian,electoral-authoritarian,parliamentary,0.800,0.800,0.800,0.800,0.800,0.800,0.800,0.500,0.500,0.800,100.0,100.0,100.0,100.0,100.0,100.0,100.0,100.0,100.0,100.0
2032-09-01,1.0010,0.9915,1.0165,0.9983,0.9942,0.9916,1.0006,1.0035,1.0035,0.9807,1.0028,0.9943,1.1125,0.9915,1.0165,1.0135,1.0168,1.0296,1.0171,1.0051,1.0097,0.9832,1.0028,0.9950,3886.50,5809.29,4406.05,2923.42,2280.14,1445.15,215.64,3028.55,2244.20,592.77,1.0792,0.5864,1.0359,1.3101,0.9027,0.4846,1.2969,0.2660,0.2569,-0.6617,0.6306,0.7384,0.6687,0.6692,0.6924,0.7260,0.6344,0.7100,0.6965,0.7319,0.0088,0.0076,0.0168,0.0106,0.0135,0.0061,0.0245,0.0004,0.0047,0.0093,1.0000,1.0000,1.0000,1.0000,1.0000,1.0000,1.0000,1.0000,1.0000,1.0000,59.96,216.26,91.96,64.17,73.23,14.48,10.72,283.46,78.48,91.06,0.0000,0.0000,0.0000,0.0000,0.0000,0.0000,0.0000,0.0000,0.0000,0.0000,104304,74663,53998,54750,86225,66964,95775,572442,131417,91336,0,0,0,0,0,0,0,0,0,0,0.0000,0.0000,0.0000,0.0000,0.0000,0.0000,0.0000,0.0000,0.0000,0.0000,0,0,0,0,0,0,0,0,0,0,0,0,0,0,0,0,0,0,0,0,0.1447,0.0908,0.1494,0.0757,0.1139,0.0272,0.0963,0.1216,0.0209,0.1400,0.000,0.000,0.000,0.000,0.000,0.000,0.000,0.168,0.000,0.000,semi-presidential,parliamentary,parliamentary,parliamentary,parliamentary,semi-presidential,semi-presidential,electoral-authoritarian,electoral-authoritarian,parliamentary,0.800,0.800,0.800,0.800,0.800,0.800,0.800,0.500,0.500,0.800,100.0,100.0,100.0,100.0,100.0,100.0,100.0,100.0,100.0,100.0
2032-10-01,0.9989,0.9875,1.0146,0.9957,0.9955,0.9937,1.0018,1.0010,1.0043,0.9789,1.0013,0.9970,0.9989,0.9875,1.0146,1.0107,1.0058,1.0470,1.0295,1.0010,1.0224,0.9789,1.0013,0.9976,3891.50,5813.89,4417.36,2928.64,2290.27,1452.78,216.21,3036.54,2250.74,593.88,1.0779,0.5862,1.0334,1.3079,0.8988,0.4831,1.2968,0.2663,0.2569,-0.6745,0.6393,0.7212,0.6499,0.6753,0.6826,0.7421,0.6529,0.7181,0.6741,0.7405,0.0018,0.0011,0.0121,0.0030,0.0042,0.0007,0.0016,0.0008,0.0010,0.0051,1.0000,1.0000,1.0000,1.0000,1.0000,1.0000,1.0000,1.0000,1.0000,1.0000,61.03,216.21,90.92,64.30,73.55,14.66,8.14,283.91,78.81,92.38,0.0000,0.0000,0.0000,0.0000,0.0000,0.0000,0.0000,0.0000,0.0000,0.0000,104304,74663,53998,54750,86225,66964,95775,572442,131417,91336,0,0,0,0,0,0,0,0,0,0,0.0000,0.0000,0.0000,0.0000,0.0000,0.0000,0.0000,0.0000,0.0000,0.0000,0,0,0,0,0,0,0,0,0,0,0,0,0,0,0,0,0,0,0,0,0.1465,0.0923,0.1513,0.0776,0.1155,0.0281,0.0983,0.1176,0.0224,0.1386,0.000,0.000,0.000,0.000,0.000,0.000,0.000,0.148,0.000,0.000,semi-presidential,parliamentary,parliamentary,parliamentary,parliamentary,semi-presidential,semi-presidential,electoral-authoritarian,electoral-authoritarian,parliamentary,0.800,0.800,0.800,0.800,0.800,0.800,0.800,0.500,0.500,0.800,100.0,100.0,100.0,30.0,100.0,100.0,100.0,100.0,100.0,100.0
2032-11-01,0.9969,0.9821,1.0051,0.9948,1.0236,0.9952,1.0014,1.0058,1.0066,0.9784,1.0023,0.9961,0.9969,0.9821,1.0051,1.0099,1.1182,1.0310,1.0014,1.0988,1.0505,0.9784,1.0290,0.9961,3911.64,5844.07,4423.81,2935.29,2300.25,1459.50,216.60,3048.38,2264.68,594.91,1.0724,0.5834,1.0321,1.3048,0.8950,0.4818,1.2976,0.2662,0.2562,-0.6873,0.6336,0.7219,0.6654,0.6641,0.7062,0.7498,0.6648,0.7011,0.6603,0.7371,0.0061,0.0008,0.0261,0.0176,0.0252,0.0005,0.0073,0.0025,0.0018,0.0450,1.0000,1.0000,1.0000,1.0000,1.0000,1.0000,1.0000,1.0000,1.0000,1.0000,61.47,219.74,93.67,64.79,74.12,15.03,8.04,285.12,79.02,92.57,0.0000,0.0000,0.0000,0.0000,0.0000,0.0000,0.0000,0.0000,0.0000,0.0000,104304,74663,53998,54750,86225,66964,95775,572442,131417,91336,0,0,0,0,0,0,0,0,0,0,0.0000,0.0000,0.0000,0.0000,0.0000,0.0000,0.0000,0.0000,0.0000,0.0000,0,0,0,0,0,0,0,0,0,0,0,0,0,0,0,0,0,0,0,0,0.1411,0.0895,0.1448,0.0744,0.1107,0.0333,0.0988,0.1183,0.0215,0.1396,0.000,0.000,0.000,0.000,0.000,0.000,0.000,0.128,0.000,0.000,semi-presidential,parliamentary,parliamentary,parliamentary,parliamentary,semi-presidential,semi-presidential,electoral-authoritarian,electoral-authoritarian,parliamentary,0.800,0.800,0.800,0.800,0.800,0.800,0.800,0.500,0.500,0.800,100.0,100.0,100.0,33.1,100.0,100.0,100.0,100.0,100.0,100.0
2032-12-01,0.9969,0.9811,0.9948,0.9906,1.0423,0.9968,1.0002,1.0080,1.0065,0.9827,1.0035,0.9958,0.9979,0.9811,0.9948,1.0060,1.1146,1.0371,1.0002,1.0532,1.0065,1.0024,1.0328,0.9958,3930.13,5860.33,4434.59,2944.27,2308.72,1472.28,217.90,3051.34,2274.10,594.85,1.0674,0.5819,1.0295,1.3010,0.8918,0.4786,1.2929,0.2670,0.2559,-0.7013,0.6456,0.7620,0.6619,0.6567,0.7110,0.7507,0.6615,0.7144,0.6906,0.7129,0.0040,0.0009,0.0211,0.0133,0.0178,0.0006,0.0033,0.0005,0.0004,0.0318,1.0000,1.0000,1.0000,1.0000,1.0000,1.0000,1.0000,1.0000,1.0000,1.0000,62.75,221.72,95.01,66.49,76.11,15.31,8.05,292.59,80.51,92.61,0.0000,0.0000,0.0000,0.0000,0.0000,0.0000,0.0000,0.0000,0.0000,0.0000,104304,74663,53998,54750,86225,66964,95775,572442,131417,91336,0,0,0,0,0,0,0,0,0,0,0.0000,0.0000,0.0000,0.0000,0.0000,0.0000,0.0000,0.0000,0.0000,0.0000,0,0,0,0,0,0,0,0,0,0,0,0,0,0,0,0,0,0,0,0,0.1428,0.0914,0.1482,0.0762,0.1129,0.0334,0.1003,0.1200,0.0213,0.1374,0.000,0.000,0.000,0.000,0.000,0.000,0.000,0.108,0.000,0.000,semi-presidential,parliamentary,parliamentary,parliamentary,parliamentary,semi-presidential,semi-presidential,electoral-authoritarian,electoral-authoritarian,parliamentary,0.800,0.800,0.800,0.800,0.800,0.800,0.800,0.500,0.500,0.800,100.0,100.0,100.0,36.2,100.0,100.0,100.0,100.0,100.0,100.0
2033-01-01,0.9958,0.9785,0.9862,0.9845,1.0545,0.9977,1.0023,1.0096,1.0056,0.9858,1.0042,0.9970,0.9958,0.9785,0.9862,0.9845,1.1053,1.0199,1.0400,1.0323,1.0056,0.9917,1.0152,0.9972,3946.75,5873.49,4449.84,2954.88,2316.25,1482.22,218.74,3055.79,2283.50,597.80,1.0629,0.5808,1.0262,1.2964,0.8890,0.4764,1.2908,0.2676,0.2556,-0.7118,0.6576,0.7673,0.6726,0.6644,0.7146,0.7927,0.7118,0.7118,0.6833,0.6897,0.0031,0.0005,0.0082,0.0090,0.0127,0.0003,0.0027,0.0005,0.0002,0.0228,1.0000,1.0000,1.0000,1.0000,1.0000,1.0000,1.0000,1.0000,1.0000,1.0000,62.47,221.59,94.07,66.50,76.28,15.68,8.25,290.27,80.21,93.01,0.0000,0.0000,0.0000,0.0000,0.0000,0.0000,0.0000,0.0000,0.0000,0.0000,104304,74663,53998,54750,86225,66964,95775,572442,131417,91336,0,0,0,0,0,0,0,0,0,0,0.0000,0.0000,0.0000,0.0000,0.0000,0.0000,0.0000,0.0000,0.0000,0.0000,0,0,0,0,0,0,0,0,0,0,0,0,0,0,0,0,0,0,0,0,0.1455,0.0933,0.1511,0.0782,0.1154,0.0347,0.1025,0.1199,0.0224,0.1361,0.000,0.000,0.000,0.000,0.000,0.000,0.000,0.088,0.000,0.000,semi-presidential,parliamentary,parliamentary,parliamentary,parliamentary,semi-presidential,semi-presidential,electoral-authoritarian,electoral-authoritarian,parliamentary,0.800,0.800,0.800,0.800,0.800,0.800,0.800,0.500,0.500,0.800,100.0,100.0,100.0,39.4,100.0,100.0,100.0,100.0,100.0,100.0
2033-02-01,0.9961,0.9779,0.9816,0.9805,1.0621,0.9993,1.0041,1.0091,1.0065,0.9883,1.0075,0.9969,1.0049,0.9779,0.9816,0.9967,1.0968,1.0389,1.0523,1.0091,1.0354,1.0011,1.0985,0.9969,3959.90,5890.07,4459.94,2967.83,2329.12,1491.69,219.79,3051.90,2295.73,598.19,1.0596,0.5793,1.0240,1.2908,0.8841,0.4744,1.2873,0.2689,0.2550,-0.7252,0.6644,0.7664,0.6930,0.6811,0.7132,0.7964,0.7123,0.7036,0.6984,0.7243,0.0057,0.0014,0.0200,0.0073,0.0121,0.0010,0.0059,0.0018,0.0017,0.0196,1.0000,1.0000,1.0000,1.0000,1.0000,1.0000,1.0000,1.0000,1.0000,1.0000,63.17,222.94,96.40,67.06,76.71,15.88,8.27,293.08,80.92,93.08,0.0000,0.0000,0.0000,0.0000,0.0000,0.0000,0.0000,0.0000,0.0000,0.0000,104304,74663,53998,54750,86225,66964,95775,572442,131417,91336,0,0,0,0,0,0,0,0,0,0,0.0000,0.0000,0.0000,0.0000,0.0000,0.0000,0.0000,0.0000,0.0000,0.0000,0,0,0,0,0,0,0,0,0,0,0,0,0,0,0,0,0,0,0,0,0.1454,0.0930,0.1507,0.0777,0.1147,0.0350,0.1029,0.1230,0.0278,0.1370,0.000,0.000,0.000,0.000,0.000,0.000,0.000,0.068,0.000,0.000,semi-presidential,parliamentary,parliamentary,parliamentary,parliamentary,semi-presidential,semi-presidential,electoral-authoritarian,electoral-authoritarian,parliamentary,0.800,0.800,0.800,0.800,0.800,0.800,0.800,0.500,0.500,0.800,100.0,90.0,100.0,42.6,100.0,100.0,100.0,100.0,100.0,100.0
2033-03-01,0.9966,0.9766,0.9746,0.9761,1.0644,0.9972,1.0036,1.0108,1.0077,0.9914,1.0114,0.9956,1.0168,0.9766,0.9746,0.9761,1.0788,0.9972,1.0036,1.0402,1.0231,0.9941,1.1146,0.9956,3973.06,5905.92,4479.37,2981.19,2340.97,1497.28,220.46,3062.43,2313.04,598.66,1.0564,0.5779,1.0197,1.2851,0.8796,0.4736,1.2858,0.2691,0.2539,-0.7386,0.6632,0.7823,0.6849,0.6893,0.7405,0.7994,0.7246,0.6740,0.7087,0.7092,0.0062,0.0013,0.0078,0.0037,0.0082,0.0011,0.0061,0.0012,0.0014,0.0120,1.0000,1.0000,1.0000,1.0000,1.0000,1.0000,1.0000,1.0000,1.0000,1.0000,63.18,223.70,95.61,67.50,77.28,16.21,8.46,292.89,81.35,93.44,0.0000,0.0000,0.0000,0.0000,0.0000,0.0000,0.0000,0.0000,0.0000,0.0000,104304,74663,53998,54750,86225,66964,95775,572442,131417,91336,0,0,0,0,0,0,0,0,0,0,0.0000,0.0000,0.0000,0.0000,0.0000,0.0000,0.0000,0.0000,0.0000,0.0000,0,0,0,0,0,0,0,0,0,0,0,0,0,0,0,0,0,0,0,0,0.1356,0.0884,0.1443,0.0724,0.1066,0.0332,0.1007,0.1193,0.0253,0.1366,0.000,0.000,0.000,0.000,0.000,0.000,0.000,0.050,0.000,0.000,semi-presidential,parliamentary,parliamentary,parliamentary,parliamentary,semi-presidential,semi-presidential,electoral-authoritarian,electoral-authoritarian,parliamentary,0.800,0.800,0.800,0.800,0.800,0.800,0.800,0.500,0.500,0.800,100.0,100.0,100.0,45.9,100.0,100.0,100.0,100.0,100.0,100.0
2033-04-01,0.9969,0.9755,0.9724,0.9744,1.0631,0.9972,1.0044,1.0127,1.0077,0.9924,1.0134,0.9949,1.0089,0.9755,0.9724,0.9912,1.0631,0.9972,1.0315,1.0588,1.0217,0.9960,1.0741,0.9949,3987.21,5926.63,4514.29,2997.37,2347.25,1510.02,221.00,3075.08,2321.91,600.38,1.0529,0.5760,1.0119,1.2782,0.8776,0.4706,1.2850,0.2690,0.2537,-0.7504,0.6624,0.7764,0.7065,0.7001,0.7578,0.7733,0.7123,0.6982,0.7323,0.7046,0.0059,0.0008,0.0170,0.0008,0.0046,0.0006,0.0060,0.0012,0.0010,0.0076,1.0000,1.0000,1.0000,1.0000,1.0000,1.0000,1.0000,1.0000,1.0000,1.0000,63.67,225.96,99.12,68.28,77.78,16.62,8.51,294.50,81.66,93.67,0.0000,0.0000,0.0000,0.0000,0.0000,0.0000,0.0000,0.0000,0.0000,0.0000,104304,74663,53998,54750,86225,66964,95775,572442,131417,91336,0,0,0,0,0,0,0,0,0,0,0.0000,0.0000,0.0000,0.0000,0.0000,0.0000,0.0000,0.0000,0.0000,0.0000,0,0,0,0,0,0,0,0,0,0,0,0,0,0,0,0,0,0,0,0,0.1413,0.0904,0.1487,0.0747,0.1109,0.0338,0.0994,0.1218,0.0262,0.1380,0.000,0.000,0.000,0.000,0.000,0.000,0.000,0.032,0.000,0.000,semi-presidential,parliamentary,parliamentary,parliamentary,parliamentary,semi-presidential,semi-presidential,electoral-authoritarian,electoral-authoritarian,parliamentary,0.800,0.800,0.800,0.800,0.800,0.800,0.800,0.500,0.500,0.800,100.0,100.0,100.0,49.2,100.0,100.0,100.0,100.0,100.0,100.0
2033-05-01,0.9994,0.9762,0.9744,0.9724,1.0633,0.9971,1.0006,1.0123,1.0088,0.9933,1.0173,0.9963,1.0865,0.9932,1.0554,0.9902,1.0647,0.9971,1.0006,1.0123,1.0308,0.9959,1.1177,0.9966,4000.94,5937.12,4525.36,3010.62,2352.67,1517.57,222.76,3078.63,2334.99,601.32,1.0495,0.5750,1.0094,1.2726,0.8758,0.4693,1.2771,0.2697,0.2530,-0.7632,0.6637,0.7840,0.7448,0.7164,0.7487,0.7962,0.6940,0.7091,0.7170,0.7157,0.0170,0.0102,0.0250,0.0127,0.0167,0.0063,0.0073,0.0012,0.0092,0.0070,0.9844,0.9856,0.9919,0.9871,0.9853,0.9887,0.9990,1.0000,0.9894,1.0000,62.53,224.37,98.80,67.27,76.60,16.61,8.50,288.79,80.91,92.73,0.0000,0.0000,0.0000,0.0000,0.0000,0.0000,0.0000,0.0000,0.0000,0.0000,104304,74663,53998,54750,86225,66964,95775,572442,131417,91336,0,0,0,0,0,0,0,0,0,0,0.0000,0.0000,0.0000,0.0000,0.0000,0.0000,0.0000,0.0000,0.0000,0.0000,0,0,0,0,0,0,0,0,0,0,0,0,0,0,0,0,0,0,0,0,0.1510,0.0933,0.1552,0.0779,0.1152,0.0354,0.1024,0.1246,0.0276,0.1383,0.000,0.000,0.000,0.000,0.000,0.000,0.000,0.015,0.000,0.000,semi-presidential,parliamentary,parliamentary,parliamentary,parliamentary,semi-presidential,semi-presidential,electoral-authoritarian,electoral-authoritarian,parliamentary,0.800,0.800,0.800,0.800,0.800,0.800,0.800,0.500,0.500,0.800,100.0,100.0,100.0,52.6,100.0,100.0,100.0,100.0,100.0,100.0
2033-06-01,1.0034,0.9780,0.9734,0.9701,1.0578,0.9965,0.9944,1.0121,1.0108,0.9925,1.0185,0.9965,1.1370,1.0237,0.9734,0.9892,1.0578,0.9965,0.9944,1.0121,1.0500,0.9925,1.0490,0.9966,4015.48,5945.54,4544.78,3025.79,2362.51,1528.58,223.45,3092.00,2342.18,600.76,1.0460,0.5742,1.0054,1.2662,0.8724,0.4669,1.2751,0.2696,0.2530,-0.7779,0.6605,0.7704,0.7195,0.7124,0.7260,0.7853,0.7328,0.6894,0.7273,0.7136,0.0156,0.0136,0.0211,0.0128,0.0162,0.0116,0.0080,0.0016,0.0119,0.0025,0.9586,0.9624,0.9787,0.9651,0.9598,0.9706,0.9974,1.0000,0.9707,1.0000,62.32,225.30,98.90,66.97,76.25,16.66,8.57,287.83,81.63,92.40,0.0000,0.0000,0.0000,0.0000,0.0000,0.0000,0.0000,0.0000,0.0000,0.0000,104304,74663,53998,54750,86225,66964,95775,572442,131417,91336,0,0,0,0,0,0,0,0,0,0,0.0000,0.0000,0.0000,0.0000,0.0000,0.0000,0.0000,0.0000,0.0000,0.0000,0,0,0,0,0,0,0,0,0,0,0,0,0,0,0,0,0,0,0,0,0.1506,0.0935,0.1551,0.0779,0.1151,0.0347,0.0957,0.1284,0.0276,0.1385,0.000,0.000,0.000,0.000,0.000,0.000,0.000,0.007,0.000,0.000,semi-presidential,parliamentary,parliamentary,parliamentary,parliamentary,semi-presidential,semi-presidential,electoral-authoritarian,electoral-authoritarian,parliamentary,0.800,0.800,0.800,0.800,0.800,0.800,0.800,0.500,0.500,0.800,100.0,100.0,100.0,56.0,100.0,100.0,100.0,100.0,100.0,100.0
2033-07-01,1.0080,0.9808,0.9729,0.9706,1.0514,0.9973,0.9892,1.0106,1.0115,0.9900,1.0211,0.9941,1.1662,1.0514,0.9729,1.0004,1.0514,1.0174,0.9892,1.0106,1.0337,0.9900,1.0985,0.9941,4031.02,5956.33,4544.17,3028.23,2369.42,1534.47,223.41,3100.02,2353.53,600.59,1.0422,0.5733,1.0058,1.2652,0.8701,0.4662,1.2771,0.2698,0.2526,-0.7922,0.6615,0.7496,0.7229,0.7241,0.7274,0.7931,0.7196,0.7160,0.6951,0.6885,0.0219,0.0186,0.0258,0.0222,0.0214,0.0156,0.0101,0.0011,0.0153,0.0041,0.9370,0.9425,0.9676,0.9460,0.9384,0.9545,0.9959,1.0000,0.9532,1.0000,62.20,223.92,96.04,64.59,75.34,16.60,8.46,287.67,81.62,91.70,0.0000,0.0000,0.0000,0.0000,0.0000,0.0000,0.0000,0.0000,0.0000,0.0000,104304,74663,53998,54750,86225,66964,95775,572442,131417,91336,0,0,0,0,0,0,0,0,0,0,0.0000,0.0000,0.0000,0.0000,0.0000,0.0000,0.0000,0.0000,0.0000,0.0000,0,0,0,0,0,0,0,0,0,0,0,0,0,0,0,0,0,0,0,0,0.1339,0.0845,0.1368,0.0670,0.1013,0.0311,0.0899,0.1269,0.0238,0.1420,0.000,0.000,0.000,0.000,0.000,0.000,0.000,0.006,0.000,0.000,semi-presidential,parliamentary,parliamentary,parliamentary,parliamentary,semi-presidential,semi-presidential,electoral-authoritarian,electoral-authoritarian,parliamentary,0.800,0.800,0.800,0.800,0.800,0.800,0.800,0.500,0.500,0.800,100.0,100.0,100.0,59.5,100.0,100.0,100.0,100.0,100.0,100.0
2033-08-01,1.0139,0.9836,0.9736,0.9708,1.0464,0.9963,0.9879,1.0109,1.0115,0.9880,1.0234,0.9927,1.2043,1.0531,1.0017,0.9982,1.0464,0.9963,0.9879,1.0131,1.0115,0.9880,1.0784,0.9927,4042.53,5971.14,4553.71,3031.84,2378.76,1541.06,223.81,3113.64,2361.10,600.56,1.0394,0.5719,1.0040,1.2640,0.8669,0.4652,1.2766,0.2696,0.2525,-0.8063,0.6615,0.7516,0.6931,0.6877,0.7192,0.7686,0.6804,0.7057,0.6929,0.6861,0.0247,0.0207,0.0272,0.0241,0.0239,0.0171,0.0101,0.0002,0.0173,0.0031,0.9381,0.9436,0.9682,0.9470,0.9394,0.9554,0.9960,1.0000,0.9543,1.0000,62.11,224.30,96.69,64.93,75.48,16.65,8.49,286.76,81.57,91.60,0.0000,0.0000,0.0000,0.0000,0.0000,0.0000,0.0000,0.0000,0.0000,0.0000,104304,74663,53998,54750,86225,66964,95775,572442,131417,91336,0,0,0,0,0,0,0,0,0,0,0.0000,0.0000,0.0000,0.0000,0.0000,0.0000,0.0000,0.0000,0.0000,0.0000,0,0,0,0,0,0,0,0,0,0,0,0,0,0,0,0,0,0,0,0,0.1397,0.0866,0.1427,0.0698,0.1055,0.0313,0.0915,0.1275,0.0240,0.1421,0.000,0.000,0.000,0.000,0.000,0.000,0.000,0.006,0.000,0.000,semi-presidential,parliamentary,parliamentary,parliamentary,parliamentary,semi-presidential,semi-presidential,electoral-authoritarian,electoral-authoritarian,parliamentary,0.800,0.800,0.800,0.800,0.800,0.800,0.800,0.500,0.500,0.800,100.0,100.0,100.0,62.8,100.0,100.0,100.0,100.0,100.0,100.0
2033-09-01,1.0166,0.9862,0.9789,0.9738,1.0401,0.9975,0.9894,1.0067,1.0093,0.9898,1.0279,0.9915,1.1098,1.0519,1.1573,1.0189,1.0401,1.0272,1.0371,1.0067,1.0093,1.0023,1.1565,0.9915,4056.65,5971.13,4572.01,3042.28,2392.24,1548.37,223.65,3131.45,2372.61,601.67,1.0360,0.5720,1.0033,1.2600,0.8623,0.4641,1.2790,0.2690,0.2521,-0.8190,0.6550,0.7423,0.6916,0.6719,0.7158,0.7532,0.6716,0.7391,0.6715,0.6833,0.0328,0.0220,0.0387,0.0361,0.0304,0.0112,0.0121,0.0007,0.0174,0.0106,0.9414,0.9467,0.9699,0.9500,0.9427,0.9580,0.9963,1.0000,0.9573,1.0000,63.65,220.74,91.13,63.15,75.51,16.34,8.28,294.07,82.42,92.43,0.0000,0.0000,0.0000,0.0000,0.0000,0.0000,0.0000,0.0000,0.0000,0.0000,104304,74663,53998,54750,86225,66964,95775,572442,131417,91336,0,0,0,0,0,0,0,0,0,0,0.0000,0.0000,0.0000,0.0000,0.0000,0.0000,0.0000,0.0000,0.0000,0.0000,0,0,0,0,0,0,0,0,0,0,0,0,0,0,0,0,0,0,0,0,0.1403,0.0856,0.1434,0.0678,0.1059,0.0306,0.0895,0.1272,0.0230,0.1429,0.000,0.000,0.000,0.000,0.000,0.000,0.000,0.006,0.000,0.000,semi-presidential,parliamentary,parliamentary,parliamentary,parliamentary,semi-presidential,semi-presidential,electoral-authoritarian,electoral-authoritarian,parliamentary,0.800,0.800,0.800,0.800,0.800,0.800,0.800,0.500,0.500,0.800,100.0,100.0,100.0,65.9,100.0,100.0,100.0,100.0,100.0,100.0
2033-10-01,1.0197,0.9877,0.9841,0.9770,1.0333,0.9948,0.9927,1.0075,1.0068,0.9945,1.0326,0.9916,1.1261,1.0254,1.1596,1.0169,1.0333,0.9948,1.0648,1.0197,1.0068,1.0052,1.1502,0.9916,4068.03,5990.18,4583.11,3048.49,2408.94,1553.67,223.62,3152.15,2388.68,603.85,1.0333,0.5703,1.0011,1.2578,0.8566,0.4636,1.2807,0.2682,0.2512,-0.8301,0.6532,0.7229,0.6963,0.6770,0.7320,0.7502,0.6431,0.7573,0.6766,0.7014,0.0305,0.0184,0.0370,0.0317,0.0280,0.0091,0.0130,0.0008,0.0152,0.0120,0.9656,0.9690,0.9822,0.9714,0.9666,0.9761,0.9980,1.0000,0.9767,1.0000,63.66,221.81,92.87,63.70,76.16,16.62,8.27,294.43,82.66,92.68,0.0000,0.0000,0.0000,0.0000,0.0000,0.0000,0.0000,0.0000,0.0000,0.0000,104304,74663,53998,54750,86225,66964,95775,572442,131417,91336,0,0,0,0,0,0,0,0,0,0,0.0000,0.0000,0.0000,0.0000,0.0000,0.0000,0.0000,0.0000,0.0000,0.0000,0,0,0,0,0,0,0,0,0,0,0,0,0,0,0,0,0,0,0,0,0.1474,0.0888,0.1513,0.0719,0.1115,0.0317,0.0950,0.1282,0.0242,0.1430,0.000,0.000,0.000,0.000,0.000,0.000,0.000,0.006,0.000,0.000,semi-presidential,parliamentary,parliamentary,parliamentary,parliamentary,semi-presidential,semi-presidential,electoral-authoritarian,electoral-authoritarian,parliamentary,0.800,0.800,0.800,0.800,0.800,0.800,0.800,0.500,0.500,0.800,100.0,100.0,100.0,69.1,100.0,100.0,100.0,100.0,100.0,100.0
2033-11-01,1.0194,0.9900,0.9879,0.9789,1.0252,0.9970,0.9938,1.0089,1.0055,0.9978,1.0335,0.9928,1.0194,1.0460,1.1202,1.0126,1.0252,1.0520,1.0157,1.0309,1.0055,1.0028,1.0500,0.9930,4074.83,6014.69,4608.51,3059.81,2419.79,1562.48,223.89,3157.37,2398.56,604.97,1.0318,0.5680,0.9959,1.2535,0.8530,0.4619,1.2804,0.2686,0.2509,-0.8427,0.6502,0.7360,0.6845,0.6672,0.7565,0.7393,0.6332,0.7773,0.6965,0.7224,0.0195,0.0129,0.0274,0.0235,0.0181,0.0057,0.0035,0.0003,0.0106,0.0054,0.9495,0.9543,0.9740,0.9575,0.9507,0.9644,0.9970,1.0000,0.9645,1.0000,66.08,227.26,96.42,66.60,79.50,16.99,8.34,306.10,84.91,95.32,0.0000,0.0000,0.0000,0.0000,0.0000,0.0000,0.0000,0.0000,0.0000,0.0000,104304,74663,53998,54750,86225,66964,95775,572442,131417,91336,0,0,0,0,0,0,0,0,0,0,0.0000,0.0000,0.0000,0.0000,0.0000,0.0000,0.0000,0.0000,0.0000,0.0000,0,0,0,0,0,0,0,0,0,0,0,0,0,0,0,0,0,0,0,0,0.1484,0.0900,0.1518,0.0733,0.1127,0.0324,0.0939,0.1291,0.0252,0.1435,0.000,0.000,0.000,0.000,0.000,0.000,0.000,0.006,0.000,0.000,semi-presidential,parliamentary,parliamentary,parliamentary,parliamentary,semi-presidential,semi-presidential,electoral-authoritarian,electoral-authoritarian,parliamentary,0.800,0.800,0.800,0.800,0.800,0.800,0.800,0.500,0.500,0.800,100.0,100.0,100.0,72.3,100.0,100.0,100.0,100.0,100.0,100.0
2033-12-01,1.0150,0.9889,0.9926,0.9805,1.0192,0.9983,0.9934,1.0081,1.0052,0.9983,1.0321,0.9933,1.0150,0.9889,1.1566,1.0077,1.0192,1.0314,0.9934,1.0081,1.0052,0.9988,1.0321,0.9934,4081.75,6033.10,4622.38,3063.87,2431.41,1570.04,224.37,3172.66,2412.68,605.72,1.0303,0.5663,0.9932,1.2522,0.8491,0.4607,1.2828,0.2682,0.2502,-0.8558,0.6437,0.7533,0.7114,0.6806,0.7572,0.7535,0.6390,0.7451,0.6914,0.7277,0.0118,0.0067,0.0213,0.0171,0.0115,0.0004,0.0004,0.0000,0.0067,0.0026,1.0000,1.0000,1.0000,1.0000,1.0000,1.0000,1.0000,1.0000,1.0000,1.0000,64.44,226.31,96.36,65.86,77.55,17.03,8.39,296.95,83.48,95.47,0.0000,0.0000,0.0000,0.0000,0.0000,0.0000,0.0000,0.0000,0.0000,0.0000,104304,74663,53998,54750,86225,66964,95775,572442,131417,91336,0,0,0,0,0,0,0,0,0,0,0.0000,0.0000,0.0000,0.0000,0.0000,0.0000,0.0000,0.0000,0.0000,0.0000,0,0,0,0,0,0,0,0,0,0,0,0,0,0,0,0,0,0,0,0,0.1491,0.0905,0.1526,0.0742,0.1132,0.0330,0.0959,0.1257,0.0255,0.1431,0.000,0.000,0.000,0.000,0.000,0.000,0.000,0.006,0.000,0.000,semi-presidential,parliamentary,parliamentary,parliamentary,parliamentary,semi-presidential,semi-presidential,electoral-authoritarian,electoral-authoritarian,parliamentary,0.800,0.800,0.800,0.800,0.800,0.800,0.800,0.500,0.500,0.800,100.0,100.0,100.0,75.5,100.0,100.0,95.0,100.0,100.0,100.0
2034-01-01,1.0117,0.9888,0.9991,0.9811,1.0127,0.9978,0.9899,1.0063,1.0048,1.0000,1.0310,0.9926,1.0117,0.9888,1.1995,1.0035,1.0127,0.9978,0.9899,1.0063,1.0048,1.0009,1.0310,0.9926,4091.98,6048.33,4630.79,3073.89,2441.62,1576.01,224.58,3178.27,2429.81,608.10,1.0279,0.5650,0.9916,1.2484,0.8458,0.4670,1.2824,0.2686,0.2492,-0.8666,0.6420,0.7635,0.7089,0.6710,0.7606,0.7594,0.6645,0.7474,0.6997,0.7203,0.0136,0.0065,0.0231,0.0172,0.0135,0.0000,0.0002,0.0000,0.0079,0.0030,1.0000,1.0000,1.0000,1.0000,1.0000,1.0000,1.0000,1.0000,1.0000,1.0000,64.67,227.03,96.76,66.57,78.46,16.77,8.41,299.55,84.16,95.41,0.0000,0.0000,0.0000,0.0000,0.0000,0.0000,0.0000,0.0000,0.0000,0.0000,104304,74663,53998,54750,86225,66964,95775,572442,131417,91336,0,0,0,0,0,0,0,0,0,0,0.0000,0.0000,0.0000,0.0000,0.0000,0.0000,0.0000,0.0000,0.0000,0.0000,0,0,0,0,0,0,0,0,0,0,0,0,0,0,0,0,0,0,0,0,0.1440,0.0881,0.1474,0.0716,0.1092,0.0318,0.0940,0.1256,0.0241,0.1429,0.000,0.000,0.000,0.000,0.000,0.000,0.000,0.005,0.000,0.000,semi-presidential,parliamentary,parliamentary,parliamentary,parliamentary,semi-presidential,semi-presidential,electoral-authoritarian,electoral-authoritarian,parliamentary,0.800,0.800,0.800,0.800,0.800,0.800,0.800,0.500,0.500,0.800,100.0,100.0,100.0,78.7,100.0,100.0,98.1,100.0,100.0,100.0
2034-02-01,1.0117,0.9891,1.0022,0.9837,1.0087,0.9997,0.9899,1.0054,1.0021,1.0022,1.0277,0.9918,1.0117,0.9963,1.1109,1.0117,1.0087,1.0464,0.9934,1.0054,1.0021,1.0039,1.0277,0.9918,4104.84,6058.08,4666.43,3084.35,2446.73,1582.56,225.29,3192.39,2446.75,609.00,1.0247,0.5641,0.9843,1.2445,0.8443,0.4660,1.2821,0.2683,0.2483,-0.8794,0.6381,0.7643,0.6915,0.6757,0.7498,0.7601,0.6553,0.7416,0.7203,0.7404,0.0092,0.0054,0.0184,0.0157,0.0087,0.0014,0.0016,0.0000,0.0052,0.0018,0.9939,0.9933,0.9968,0.9948,0.9951,0.9944,0.9995,1.0000,0.9953,1.0000,65.87,228.43,95.99,66.52,80.00,16.64,8.36,308.22,85.98,95.43,0.0000,0.0000,0.0000,0.0000,0.0000,0.0000,0.0000,0.0000,0.0000,0.0000,104304,74663,53998,54750,86225,66964,95775,572442,131417,91336,0,0,0,0,0,0,0,0,0,0,0.0000,0.0000,0.0000,0.0000,0.0000,0.0000,0.0000,0.0000,0.0000,0.0000,0,0,0,0,0,0,0,0,0,0,0,0,0,0,0,0,0,0,0,0,0.1435,0.0877,0.1460,0.0703,0.1089,0.0315,0.0957,0.1281,0.0243,0.1434,0.000,0.000,0.000,0.000,0.000,0.000,0.000,0.005,0.000,0.000,semi-presidential,parliamentary,parliamentary,parliamentary,parliamentary,semi-presidential,semi-presidential,electoral-authoritarian,electoral-authoritarian,parliamentary,0.800,0.800,0.800,0.800,0.800,0.800,0.820,0.500,0.500,0.800,100.0,100.0,100.0,81.8,100.0,100.0,95.0,100.0,100.0,100.0
2034-03-01,1.0142,0.9876,1.0008,0.9877,1.0074,1.0017,0.9889,1.0052,0.9993,1.0030,1.0214,0.9918,1.1112,0.9876,1.0008,1.0183,1.0074,1.0543,0.9889,1.0052,0.9993,1.0042,1.0214,0.9918,4122.51,6059.70,4680.40,3086.67,2452.02,1591.84,225.34,3199.23,2463.70,609.88,1.0205,0.5640,0.9815,1.2438,0.8427,0.4643,1.2823,0.2687,0.2473,-0.8923,0.6423,0.7607,0.7346,0.6709,0.7275,0.7641,0.6741,0.7376,0.7426,0.7356,0.0075,0.0072,0.0140,0.0145,0.0072,0.0059,0.0055,0.0000,0.0045,0.0000,1.0000,1.0000,1.0000,1.0000,1.0000,1.0000,1.0000,1.0000,1.0000,1.0000,64.08,225.86,94.67,64.55,77.82,16.46,8.36,301.81,85.39,93.74,0.0000,0.0000,0.0000,0.0000,0.0000,0.0000,0.0000,0.0000,0.0000,0.0000,104304,74663,53998,54750,86225,66964,95775,572442,131417,91336,0,0,0,0,0,0,0,0,0,0,0.0000,0.0000,0.0000,0.0000,0.0000,0.0000,0.0000,0.0000,0.0000,0.0000,0,0,0,0,0,0,0,0,0,0,0,0,0,0,0,0,0,0,0,0,0.1473,0.0894,0.1510,0.0721,0.1121,0.0321,0.1000,0.1291,0.0255,0.1436,0.000,0.000,0.000,0.000,0.000,0.000,0.000,0.005,0.000,0.000,semi-presidential,parliamentary,parliamentary,parliamentary,parliamentary,semi-presidential,semi-presidential,electoral-authoritarian,electoral-authoritarian,parliamentary,0.800,0.800,0.800,0.800,0.800,0.800,0.810,0.500,0.500,0.800,100.0,100.0,100.0,85.0,100.0,100.0,98.1,100.0,100.0,100.0
2034-04-01,1.0121,0.9859,0.9982,0.9900,1.0052,1.0026,0.9860,1.0054,0.9965,1.0038,1.0147,0.9930,1.0121,0.9859,0.9982,1.0156,1.0052,1.0253,0.9860,1.0059,0.9965,1.0041,1.0147,0.9933,4144.25,6078.04,4695.51,3109.04,2461.83,1602.71,226.39,3209.59,2479.54,612.26,1.0153,0.5624,0.9786,1.2351,0.8394,0.4622,1.2766,0.2687,0.2465,-0.9029,0.6541,0.7392,0.7239,0.6642,0.7095,0.7656,0.6562,0.7252,0.7615,0.7356,0.0004,0.0005,0.0097,0.0062,0.0003,0.0003,0.0010,0.0000,0.0001,0.0002,1.0000,1.0000,1.0000,1.0000,1.0000,1.0000,1.0000,1.0000,1.0000,1.0000,65.09,226.48,95.78,66.14,78.69,16.57,8.33,305.50,86.13,95.53,0.0000,0.0000,0.0000,0.0000,0.0000,0.0000,0.0000,0.0000,0.0000,0.0000,104304,74663,53998,54750,86225,66964,95775,572442,131417,91336,0,0,0,0,0,0,0,0,0,0,0.0000,0.0000,0.0000,0.0000,0.0000,0.0000,0.0000,0.0000,0.0000,0.0000,0,0,0,0,0,0,0,0,0,0,0,0,0,0,0,0,0,0,0,0,0.1485,0.0940,0.1524,0.0733,0.1132,0.0383,0.0995,0.1271,0.0263,0.1429,0.000,0.000,0.000,0.000,0.000,0.000,0.000,0.005,0.000,0.000,semi-presidential,parliamentary,parliamentary,parliamentary,parliamentary,semi-presidential,semi-presidential,electoral-authoritarian,electoral-authoritarian,parliamentary,0.800,0.800,0.800,0.800,0.800,0.800,0.800,0.500,0.500,0.800,100.0,100.0,100.0,88.1,100.0,100.0,100.0,100.0,100.0,100.0
2034-05-01,1.0117,0.9841,0.9949,0.9915,1.0049,1.0039,0.9851,1.0046,0.9942,1.0058,1.0108,0.9923,1.0117,0.9841,0.9949,1.0151,1.0049,1.0364,0.9851,1.0046,0.9942,1.0063,1.0108,0.9923,4157.04,6085.33,4711.25,3120.25,2469.70,1612.81,227.32,3216.93,2490.25,613.76,1.0123,0.5617,0.9755,1.2309,0.8366,0.4603,1.2764,0.2690,0.2461,-0.9147,0.6636,0.7472,0.7194,0.7081,0.7139,0.7820,0.6847,0.7145,0.7587,0.7431,0.0006,0.0007,0.0097,0.0055,0.0004,0.0004,0.0003,0.0000,0.0002,0.0000,1.0000,1.0000,1.0000,1.0000,1.0000,1.0000,1.0000,1.0000,1.0000,1.0000,65.88,226.77,96.00,67.28,79.77,16.44,8.36,310.36,87.00,95.72,0.0000,0.0000,0.0000,0.0000,0.0000,0.0000,0.0000,0.0000,0.0000,0.0000,104304,74663,53998,54750,86225,66964,95775,572442,131417,91336,0,0,0,0,0,0,0,0,0,0,0.0000,0.0000,0.0000,0.0000,0.0000,0.0000,0.0000,0.0000,0.0000,0.0000,0,0,0,0,0,0,0,0,0,0,0,0,0,0,0,0,0,0,0,0,0.1436,0.0913,0.1468,0.0708,0.1091,0.0370,0.1011,0.1278,0.0253,0.1430,0.000,0.000,0.000,0.000,0.000,0.000,0.000,0.005,0.000,0.000,semi-presidential,parliamentary,parliamentary,parliamentary,parliamentary,semi-presidential,semi-presidential,electoral-authoritarian,electoral-authoritarian,parliamentary,0.800,0.800,0.800,0.800,0.800,0.800,0.800,0.500,0.500,0.800,100.0,100.0,100.0,91.4,100.0,100.0,100.0,100.0,100.0,100.0
2034-06-01,1.0097,0.9868,0.9972,0.9933,1.0062,1.0071,0.9840,1.0043,0.9952,1.0043,1.0041,0.9914,1.0817,1.0809,1.1163,1.0296,1.0350,1.1342,0.9853,1.0079,1.0343,1.0044,1.0055,0.9914,4181.84,6089.98,4734.02,3127.52,2475.36,1619.88,226.51,3222.27,2498.98,614.80,1.0064,0.5614,0.9707,1.2282,0.8347,0.4593,1.2807,0.2695,0.2460,-0.9273,0.6624,0.7435,0.7243,0.7126,0.7169,0.7831,0.7035,0.6999,0.7371,0.7452,0.0265,0.0222,0.0330,0.0405,0.0321,0.0070,0.0270,0.0020,0.0213,0.0127,0.9196,0.9246,0.9594,0.9268,0.9209,0.9571,0.9855,1.0000,0.9287,1.0000,62.97,219.08,92.35,62.72,76.17,16.47,4.45,292.99,83.99,95.30,0.0000,0.0000,0.0000,0.0000,0.0000,0.0000,0.4603,0.0432,0.0000,0.0000,104304,74663,53998,54750,86225,66964,95775,572442,131417,91336,0,0,0,0,0,0,0,0,0,0,0.0000,0.0000,0.0000,0.0000,0.0000,0.0000,0.0100,0.0100,0.0000,0.0000,0,0,0,0,0,0,0,1,0,0,0,0,0,0,0,0,1,1,0,0,0.1411,0.0893,0.1445,0.0685,0.1073,0.0361,0.0910,0.1234,0.0238,0.1427,0.000,0.000,0.000,0.000,0.000,0.000,0.000,0.005,0.000,0.000,semi-presidential,parliamentary,parliamentary,parliamentary,parliamentary,semi-presidential,semi-presidential,electoral-authoritarian,electoral-authoritarian,parliamentary,0.800,0.800,0.800,0.820,0.800,0.800,0.800,0.500,0.500,0.800,100.0,100.0,100.0,89.8,100.0,100.0,100.0,100.0,100.0,100.0
2034-07-01,1.0101,0.9894,0.9961,0.9932,1.0072,1.0103,0.9858,1.0031,0.9979,1.0038,0.9983,0.9896,1.0923,1.0617,1.0338,1.0125,1.0332,1.0900,1.0156,1.0046,1.0423,1.0139,1.0000,0.9896,4185.80,6089.33,4738.75,3129.75,2479.21,1627.55,225.52,3233.25,2507.54,616.53,1.0056,0.5615,0.9699,1.2275,0.8334,0.4582,1.2862,0.2696,0.2459,-0.9388,0.6555,0.7262,0.7252,0.6765,0.6917,0.7661,0.6385,0.6913,0.6976,0.7316,0.0180,0.0156,0.0255,0.0223,0.0232,0.0042,0.0625,0.0025,0.0158,0.0117,0.9398,0.9432,0.9697,0.9449,0.9410,0.9725,0.9639,1.0000,0.9458,1.0000,63.89,221.38,94.76,66.21,77.36,16.11,6.73,300.00,85.42,94.71,0.0000,0.0000,0.0000,0.0000,0.0000,0.0000,0.4588,0.0431,0.0000,0.0000,104304,74663,53998,54750,86225,66964,95775,572442,131417,91336,0,0,0,0,0,0,0,0,0,0,0.0000,0.0000,0.0000,0.0000,0.0000,0.0000,0.0200,0.0200,0.0000,0.0000,0,0,0,0,0,0,0,1,0,0,0,0,0,0,0,0,1,1,0,0,0.1353,0.0859,0.1380,0.0668,0.1017,0.0343,0.0937,0.1243,0.0220,0.1394,0.000,0.000,0.000,0.000,0.000,0.000,0.000,0.130,0.000,0.000,semi-presidential,parliamentary,parliamentary,parliamentary,parliamentary,semi-presidential,semi-presidential,electoral-authoritarian,electoral-authoritarian,parliamentary,0.800,0.800,0.800,0.810,0.800,0.800,0.800,0.500,0.500,0.800,100.0,100.0,100.0,93.0,100.0,100.0,100.0,100.0,100.0,100.0
2034-08-01,1.0142,0.9922,0.9966,0.9974,1.0087,1.0144,0.9870,1.0015,0.9982,1.0071,0.9968,0.9868,1.0949,1.0333,1.0333,1.0274,1.0365,1.0654,1.0209,1.0029,1.0105,1.0341,0.9984,0.9868,4194.63,6092.50,4734.51,3124.72,2479.86,1637.38,225.15,3236.35,2518.27,618.41,1.0036,0.5613,0.9710,1.2295,0.8332,0.4565,1.2885,0.2704,0.2457,-0.9501,0.6456,0.7149,0.6961,0.6547,0.6811,0.7635,0.5675,0.7017,0.6904,0.7369,0.0135,0.0115,0.0217,0.0252,0.0183,0.0013,0.0627,0.0014,0.0116,0.0116,0.9682,0.9677,0.9843,0.9687,0.9699,0.9907,0.9695,1.0000,0.9651,1.0000,64.09,220.86,91.70,63.47,76.74,16.06,6.36,301.48,85.90,94.88,0.0000,0.0000,0.0000,0.0000,0.0000,0.0000,0.4595,0.0419,0.0000,0.0000,104304,74663,53998,54750,86225,66964,95775,572442,131417,91336,0,0,0,0,0,0,0,0,0,0,0.0000,0.0000,0.0000,0.0000,0.0000,0.0000,0.0300,0.0300,0.0000,0.0000,0,0,0,0,0,0,0,1,0,0,0,0,0,0,0,0,1,1,0,0,0.1263,0.0809,0.1286,0.0598,0.0948,0.0349,0.0912,0.1234,0.0198,0.1414,0.000,0.000,0.000,0.000,0.000,0.000,0.000,0.132,0.000,0.000,semi-presidential,parliamentary,parliamentary,parliamentary,parliamentary,semi-presidential,semi-presidential,electoral-authoritarian,electoral-authoritarian,parliamentary,0.800,0.800,0.800,0.800,0.800,0.800,0.800,0.500,0.500,0.800,100.0,100.0,100.0,96.0,100.0,100.0,100.0,100.0,100.0,100.0
2034-09-01,1.0195,0.9938,0.9978,1.0007,1.0064,1.0164,0.9879,1.0004,1.0005,1.0078,0.9933,0.9881,1.1151,1.0214,1.0337,1.0290,1.0255,1.0670,1.0047,1.0017,1.0427,1.0212,0.9948,0.9884,4206.68,6106.09,4737.71,3128.83,2491.08,1650.90,224.98,3242.05,2531.75,621.31,0.9979,0.5601,0.9706,1.2277,0.8295,0.4539,1.2897,0.2709,0.2451,-0.9598,0.6458,0.7073,0.6584,0.6125,0.6616,0.7807,0.5507,0.7033,0.7090,0.7493,0.0120,0.0104,0.0196,0.0225,0.0161,0.0006,0.0748,0.0023,0.0117,0.0094,0.9799,0.9794,0.9903,0.9787,0.9802,1.0000,0.9710,1.0000,0.9740,1.0000,65.24,223.58,94.48,64.01,77.07,16.18,6.65,305.82,87.13,95.18,0.0000,0.0000,0.0000,0.0000,0.0000,0.0000,0.4585,0.0410,0.0000,0.0000,104304,74663,53998,54750,86225,66964,95775,572442,131417,91336,0,0,0,0,0,0,0,0,0,0,0.0000,0.0000,0.0000,0.0000,0.0000,0.0000,0.0400,0.0400,0.0000,0.0000,0,0,0,0,0,0,0,1,0,0,0,0,0,0,0,0,1,1,0,0,0.1449,0.0897,0.1487,0.0694,0.1094,0.0386,0.0901,0.1253,0.0231,0.1418,0.000,0.000,0.000,0.000,0.000,0.000,0.000,0.132,0.000,0.000,semi-presidential,parliamentary,parliamentary,parliamentary,parliamentary,semi-presidential,semi-presidential,electoral-authoritarian,electoral-authoritarian,parliamentary,0.800,0.800,0.800,0.800,0.800,0.800,0.800,0.500,0.500,0.800,100.0,100.0,100.0,98.8,100.0,100.0,100.0,100.0,100.0,100.0
2034-10-01,1.0254,0.9944,0.9999,1.0020,1.0041,1.0176,0.9881,0.9994,1.0029,1.0076,0.9916,0.9889,1.1664,1.0223,1.0366,1.0255,1.0232,1.0686,0.9898,1.0008,1.0486,1.0177,0.9931,0.9890,4222.29,6125.35,4756.74,3127.67,2502.53,1660.80,224.96,3252.66,2543.08,621.56,0.9943,0.5584,0.9670,1.2282,0.8258,0.4524,1.2900,0.2709,0.2448,-0.9737,0.6425,0.7171,0.6610,0.6205,0.6815,0.8021,0.5471,0.6783,0.7040,0.7646,0.0145,0.0131,0.0208,0.0223,0.0188,0.0028,0.0840,0.0023,0.0135,0.0088,0.9797,0.9791,0.9902,0.9785,0.9801,1.0000,0.9713,1.0000,0.9737,1.0000,65.01,223.47,94.73,64.51,77.15,16.29,6.68,304.45,87.62,95.42,0.0000,0.0000,0.0000,0.0000,0.0000,0.0000,0.4594,0.0417,0.0000,0.0000,104304,74663,53998,54750,86225,66964,95775,572442,131417,91336,0,0,0,0,0,0,0,0,0,0,0.0000,0.0000,0.0000,0.0000,0.0000,0.0000,0.0500,0.0500,0.0000,0.0000,0,0,0,0,0,0,0,1,0,0,0,0,0,0,0,0,1,1,0,0,0.1454,0.0900,0.1488,0.0706,0.1100,0.0391,0.0939,0.1262,0.0236,0.1429,0.000,0.000,0.000,0.000,0.000,0.000,0.000,0.132,0.000,0.000,semi-presidential,parliamentary,parliamentary,parliamentary,parliamentary,semi-presidential,semi-presidential,electoral-authoritarian,electoral-authoritarian,parliamentary,0.800,0.800,0.800,0.800,0.800,0.800,0.800,0.500,0.500,0.800,100.0,100.0,100.0,100.0,100.0,100.0,100.0,100.0,100.0,100.0
2034-11-01,1.0319,0.9988,1.0015,1.0034,0.9990,1.0187,0.9881,0.9990,1.0040,1.0062,0.9913,0.9896,1.1849,1.0780,1.0584,1.0319,1.0179,1.0698,0.9926,1.0004,1.0276,1.0160,0.9927,0.9898,4227.77,6143.97,4780.40,3126.13,2508.55,1671.75,224.52,3270.08,2553.47,623.50,0.9931,0.5568,0.9624,1.2288,0.8238,0.4507,1.2928,0.2704,0.2445,-0.9849,0.6519,0.7344,0.6845,0.6127,0.7111,0.7918,0.5413,0.6804,0.7033,0.7398,0.0233,0.0203,0.0267,0.0313,0.0268,0.0078,0.0846,0.0015,0.0184,0.0086,0.9340,0.9381,0.9667,0.9402,0.9351,0.9684,0.9635,1.0000,0.9422,1.0000,65.30,224.23,94.51,63.96,77.46,16.37,6.65,305.91,88.33,95.63,0.0000,0.0000,0.0000,0.0000,0.0000,0.0000,0.4595,0.0419,0.0000,0.0000,104304,74663,53998,54750,86225,66964,95775,572442,131417,91336,0,0,0,0,0,0,0,0,0,0,0.0000,0.0000,0.0000,0.0000,0.0000,0.0000,0.0600,0.0600,0.0000,0.0000,0,0,0,0,0,0,0,1,0,0,0,0,0,0,0,0,1,1,0,0,0.1462,0.0903,0.1493,0.0707,0.1107,0.0391,0.0911,0.1268,0.0237,0.1434,0.000,0.000,0.000,0.000,0.000,0.000,0.000,0.132,0.000,0.000,semi-presidential,parliamentary,parliamentary,parliamentary,parliamentary,semi-presidential,semi-presidential,electoral-authoritarian,electoral-authoritarian,parliamentary,0.800,0.800,0.800,0.800,0.800,0.800,0.800,0.500,0.500,0.800,100.0,100.0,100.0,100.0,100.0,100.0,100.0,100.0,100.0,100.0
2034-12-01,1.0357,1.0019,1.0038,1.0042,0.9938,1.0187,0.9909,0.9990,1.0050,1.0037,0.9897,0.9885,1.1198,1.0548,1.0941,1.0269,1.0127,1.0697,1.0507,1.0003,1.0230,1.0119,0.9911,0.9885,4228.35,6150.20,4780.92,3125.81,2520.11,1676.81,224.66,3280.25,2556.46,624.04,0.9931,0.5563,0.9624,1.2289,0.8200,0.4507,1.2922,0.2704,0.2450,-0.9984,0.6408,0.7414,0.7129,0.5924,0.7004,0.7860,0.5212,0.6937,0.6854,0.7499,0.0195,0.0145,0.0261,0.0248,0.0222,0.0022,0.0653,0.0016,0.0149,0.0112,0.9579,0.9586,0.9790,0.9601,0.9597,0.9840,0.9685,1.0000,0.9582,1.0000,66.68,226.83,96.41,65.82,79.11,16.61,6.58,311.96,89.41,97.37,0.0000,0.0000,0.0000,0.0000,0.0000,0.0000,0.4595,0.0419,0.0000,0.0000,104304,74663,53998,54750,86225,66964,95775,572442,131417,91336,0,0,0,0,0,0,0,0,0,0,0.0000,0.0000,0.0000,0.0000,0.0000,0.0000,0.0700,0.0700,0.0000,0.0000,0,0,0,0,0,0,0,1,0,0,0,0,0,0,0,0,1,1,0,0,0.1380,0.0900,0.1410,0.0667,0.1037,0.0372,0.0886,0.1296,0.0218,0.1443,0.000,0.000,0.000,0.000,0.000,0.000,0.000,0.130,0.000,0.000,semi-presidential,parliamentary,parliamentary,parliamentary,parliamentary,semi-presidential,semi-presidential,electoral-authoritarian,electoral-authoritarian,parliamentary,0.800,0.800,0.800,0.800,0.800,0.800,0.800,0.500,0.500,0.800,100.0,100.0,100.0,100.0,100.0,100.0,100.0,100.0,100.0,100.0
2035-01-01,1.0388,1.0078,1.0064,1.0039,0.9877,1.0185,0.9906,1.0005,1.0075,1.0043,0.9871,0.9896,1.1213,1.1225,1.1088,1.0277,1.0066,1.0695,0.9920,1.0308,1.0575,1.0173,0.9885,0.9899,4243.27,6165.46,4793.94,3128.18,2528.57,1686.00,224.73,3295.68,2564.90,625.85,0.9897,0.5549,0.9600,1.2280,0.8173,0.4496,1.2921,0.2700,0.2450,-1.0099,0.6311,0.7360,0.6799,0.5936,0.7153,0.7564,0.5358,0.7057,0.6505,0.7230,0.0274,0.0216,0.0321,0.0318,0.0312,0.0074,0.0643,0.0027,0.0219,0.0119,0.9038,0.9109,0.9516,0.9139,0.9048,0.9470,0.9597,1.0000,0.9187,1.0000,66.72,228.00,97.51,66.17,79.37,16.94,6.63,310.99,89.67,98.09,0.0000,0.0000,0.0000,0.0000,0.0000,0.0000,0.4594,0.0421,0.0000,0.0000,104304,74663,53998,54750,86225,66964,95775,572442,131417,91336,0,0,0,0,0,0,0,0,0,0,0.0000,0.0000,0.0000,0.0000,0.0000,0.0000,0.0800,0.0800,0.0000,0.0000,0,0,0,0,0,0,0,1,0,0,0,0,0,0,0,0,1,1,0,0,0.1503,0.0947,0.1496,0.0714,0.1104,0.0393,0.0890,0.1303,0.0233,0.1442,0.000,0.000,0.000,0.000,0.000,0.000,0.000,0.130,0.000,0.000,semi-presidential,parliamentary,parliamentary,parliamentary,parliamentary,semi-presidential,semi-presidential,electoral-authoritarian,electoral-authoritarian,parliamentary,0.800,0.800,0.800,0.800,0.800,0.800,0.800,0.500,0.500,0.800,100.0,100.0,100.0,100.0,100.0,100.0,100.0,100.0,100.0,100.0
2035-02-01,1.0426,1.0119,1.0088,1.0032,0.9832,1.0186,0.9902,1.0015,1.0082,1.0016,0.9847,0.9895,1.1242,1.0849,1.1016,1.0200,1.0018,1.0691,0.9916,1.0150,1.0210,1.0095,0.9861,0.9895,4256.67,6173.83,4811.43,3125.31,2534.74,1696.91,224.36,3315.13,2574.16,628.09,0.9867,0.5542,0.9567,1.2293,0.8154,0.4481,1.2944,0.2693,0.2449,-1.0208,0.6425,0.7398,0.6810,0.6092,0.7057,0.7559,0.5498,0.7178,0.6377,0.7333,0.0208,0.0167,0.0264,0.0230,0.0238,0.0039,0.0606,0.0011,0.0163,0.0094,0.9400,0.9430,0.9699,0.9453,0.9416,0.9724,0.9662,1.0000,0.9464,1.0000,67.25,229.55,99.43,68.25,80.42,17.19,6.63,313.44,90.36,99.03,0.0000,0.0000,0.0000,0.0000,0.0000,0.0000,0.4565,0.0415,0.0000,0.0000,104304,74663,53998,54750,86225,66964,95775,572442,131417,91336,0,0,0,0,0,0,0,0,0,0,0.0000,0.0000,0.0000,0.0000,0.0000,0.0000,0.0900,0.0900,0.0000,0.0000,0,0,0,0,0,0,0,1,0,0,0,0,0,0,0,0,1,1,0,0,0.1489,0.0941,0.1482,0.0718,0.1094,0.0390,0.0904,0.1304,0.0230,0.1433,0.000,0.000,0.000,0.000,0.000,0.000,0.000,0.130,0.000,0.000,semi-presidential,parliamentary,parliamentary,parliamentary,parliamentary,semi-presidential,semi-presidential,electoral-authoritarian,electoral-authoritarian,parliamentary,0.800,0.800,0.800,0.800,0.800,0.800,0.800,0.500,0.500,0.800,100.0,100.0,100.0,100.0,100.0,100.0,100.0,100.0,100.0,100.0
2035-03-01,1.0432,1.0149,1.0128,1.0015,0.9783,1.0208,0.9911,1.0001,1.0051,1.0024,0.9852,0.9892,1.1221,1.0686,1.1662,1.0178,0.9969,1.0715,1.0140,1.0015,1.0177,1.0170,0.9981,0.9892,4264.95,6189.36,4828.57,3127.69,2543.28,1708.12,224.27,3330.11,2585.92,628.25,0.9845,0.5529,0.9535,1.2286,0.8127,0.4466,1.2951,0.2720,0.2446,-1.0351,0.6433,0.7353,0.6903,0.5936,0.7047,0.7712,0.5430,0.7161,0.6497,0.7432,0.0227,0.0164,0.0293,0.0250,0.0254,0.0023,0.0579,0.0013,0.0170,0.0108,0.9574,0.9579,0.9789,0.9597,0.9596,0.9838,0.9701,1.0000,0.9576,1.0000,66.27,227.55,98.57,67.30,78.96,17.13,6.54,307.59,89.01,99.51,0.0000,0.0000,0.0000,0.0000,0.0000,0.0000,0.4557,0.0418,0.0000,0.0000,104304,74663,53998,54750,86225,66964,95775,572442,131417,91336,0,0,0,0,0,0,0,0,0,0,0.0000,0.0000,0.0000,0.0000,0.0000,0.0000,0.1000,0.1000,0.0000,0.0000,0,0,0,0,0,0,0,1,0,0,0,0,0,0,0,0,1,1,0,0,0.1478,0.0936,0.1476,0.0713,0.1086,0.0385,0.0890,0.1295,0.0225,0.1434,0.000,0.000,0.000,0.000,0.000,0.000,0.000,0.131,0.000,0.000,semi-presidential,parliamentary,parliamentary,parliamentary,parliamentary,semi-presidential,semi-presidential,electoral-authoritarian,electoral-authoritarian,parliamentary,0.800,0.800,0.800,0.800,0.800,0.800,0.800,0.500,0.500,0.800,100.0,100.0,100.0,100.0,100.0,100.0,100.0,100.0,100.0,100.0
2035-04-01,1.0449,1.0174,1.0152,0.9986,0.9739,1.0217,0.9920,0.9997,1.0007,1.0020,0.9863,0.9891,1.1225,1.0504,1.1092,1.0144,0.9922,1.0721,1.0113,1.0011,1.0126,1.0118,1.0144,0.9891,4270.64,6197.48,4841.28,3135.82,2542.74,1719.79,224.20,3342.82,2605.81,629.22,0.9833,0.5522,0.9511,1.2305,0.8129,0.4452,1.2958,0.2718,0.2435,-1.0480,0.6373,0.7400,0.6982,0.6028,0.7035,0.7823,0.5434,0.7252,0.6462,0.7265,0.0165,0.0120,0.0242,0.0188,0.0192,0.0004,0.0569,0.0012,0.0128,0.0104,0.9756,0.9751,0.9882,0.9749,0.9764,0.9973,0.9725,1.0000,0.9703,1.0000,66.10,227.57,98.41,67.25,78.71,17.16,6.56,308.12,90.18,99.64,0.0000,0.0000,0.0000,0.0000,0.0000,0.0000,0.4554,0.0413,0.0000,0.0000,104304,74663,53998,54750,86225,66964,95775,572442,131417,91336,0,0,0,0,0,0,0,0,0,0,0.0000,0.0000,0.0000,0.0000,0.0000,0.0000,0.1100,0.1100,0.0000,0.0000,0,0,0,0,0,0,0,1,0,0,0,0,0,0,0,0,1,1,0,0,0.1475,0.0936,0.1482,0.0713,0.1091,0.0419,0.0897,0.1295,0.0223,0.1424,0.000,0.000,0.000,0.000,0.000,0.000,0.000,0.131,0.000,0.000,semi-presidential,parliamentary,parliamentary,parliamentary,parliamentary,semi-presidential,semi-presidential,electoral-authoritarian,electoral-authoritarian,parliamentary,0.800,0.800,0.800,0.800,0.800,0.800,0.800,0.500,0.500,0.800,100.0,100.0,100.0,100.0,100.0,100.0,100.0,100.0,100.0,100.0
2035-05-01,1.0475,1.0186,1.0183,0.9956,0.9718,1.0206,0.9930,0.9995,0.9996,1.0014,0.9865,0.9885,1.1264,1.0479,1.1330,1.0115,0.9901,1.0710,1.0147,1.0009,1.0115,1.0112,0.9922,0.9885,4274.87,6190.48,4844.32,3140.69,2540.45,1727.27,224.61,3349.96,2617.95,629.43,0.9825,0.5529,0.9507,1.2287,0.8137,0.4448,1.2955,0.2720,0.2431,-1.0622,0.6331,0.7439,0.6953,0.6256,0.6805,0.7943,0.5539,0.7334,0.6981,0.7178,0.0169,0.0123,0.0247,0.0198,0.0199,0.0000,0.0569,0.0011,0.0133,0.0098,0.9787,0.9782,0.9898,0.9775,0.9789,1.0000,0.9730,1.0000,0.9727,1.0000,66.46,228.14,98.70,67.61,78.95,17.25,6.57,310.53,90.92,99.94,0.0000,0.0000,0.0000,0.0000,0.0000,0.0000,0.4558,0.0416,0.0000,0.0000,104304,74663,53998,54750,86225,66964,95775,572442,131417,91336,0,0,0,0,0,0,0,0,0,0,0.0000,0.0000,0.0000,0.0000,0.0000,0.0000,0.1200,0.1200,0.0000,0.0000,0,0,0,0,0,0,0,1,0,0,0,0,0,0,0,0,1,1,0,0,0.1437,0.0918,0.1447,0.0694,0.1062,0.0412,0.0911,0.1298,0.0216,0.1426,0.000,0.000,0.000,0.000,0.000,0.000,0.000,0.132,0.000,0.000,semi-presidential,parliamentary,parliamentary,parliamentary,parliamentary,semi-presidential,semi-presidential,electoral-authoritarian,electoral-authoritarian,parliamentary,0.800,0.800,0.800,0.800,0.840,0.800,0.800,0.500,0.500,0.800,100.0,100.0,100.0,100.0,90.0,100.0,100.0,100.0,100.0,100.0
2035-06-01,1.0503,1.0182,1.0166,0.9932,0.9717,1.0197,0.9951,1.0008,0.9990,1.0016,0.9860,0.9900,1.1298,1.0469,1.0527,1.0093,0.9906,1.0701,1.0414,1.0252,1.0109,1.0115,0.9875,0.9903,4290.69,6206.26,4866.98,3155.64,2548.11,1740.11,224.96,3361.47,2636.78,629.70,0.9789,0.5515,0.9464,1.2229,0.8111,0.4432,1.2940,0.2719,0.2421,-1.0763,0.6275,0.7072,0.6728,0.6315,0.6344,0.7727,0.5731,0.7175,0.6864,0.7012,0.0132,0.0097,0.0219,0.0145,0.0158,0.0000,0.0591,0.0014,0.0103,0.0113,0.9791,0.9786,0.9900,0.9780,0.9795,1.0000,0.9734,1.0000,0.9732,1.0000,66.73,228.77,99.46,67.96,79.21,17.52,6.63,311.96,91.64,100.18,0.0000,0.0000,0.0000,0.0000,0.0000,0.0000,0.4558,0.0416,0.0000,0.0000,104304,74663,53998,54750,86225,66964,95775,572442,131417,91336,0,0,0,0,0,0,0,0,0,0,0.0000,0.0000,0.0000,0.0000,0.0000,0.0000,0.1300,0.1300,0.0000,0.0000,0,0,0,0,0,0,0,1,0,0,0,0,0,0,0,0,1,1,0,0,0.1489,0.0947,0.1497,0.0723,0.1102,0.0433,0.0957,0.1313,0.0233,0.1432,0.000,0.000,0.000,0.000,0.000,0.000,0.000,0.132,0.000,0.000,semi-presidential,parliamentary,parliamentary,parliamentary,parliamentary,semi-presidential,semi-presidential,electoral-authoritarian,electoral-authoritarian,parliamentary,0.800,0.800,0.800,0.800,0.830,0.800,0.800,0.500,0.500,0.800,100.0,100.0,100.0,100.0,92.6,100.0,100.0,100.0,100.0,100.0
2035-07-01,1.0522,1.0210,1.0167,0.9937,0.9698,1.0146,0.9987,1.0015,0.9996,1.0048,0.9871,0.9922,1.1310,1.0505,1.0527,1.0098,0.9881,1.0645,1.0823,1.0145,1.0120,1.0291,1.0150,0.9926,4307.12,6221.11,4868.93,3165.03,2548.04,1752.89,225.03,3373.04,2647.97,630.51,0.9753,0.5502,0.9459,1.2193,0.8111,0.4416,1.2939,0.2718,0.2419,-1.0895,0.6418,0.7295,0.6997,0.6606,0.6601,0.7941,0.5756,0.7020,0.6998,0.6912,0.0146,0.0098,0.0235,0.0145,0.0166,0.0000,0.0606,0.0019,0.0105,0.0132,0.9786,0.9782,0.9897,0.9774,0.9788,1.0000,0.9729,1.0000,0.9725,1.0000,66.85,229.33,100.30,68.52,79.44,17.81,6.29,313.01,92.56,100.54,0.0000,0.0000,0.0000,0.0000,0.0000,0.0000,0.4558,0.0416,0.0000,0.0000,104304,74663,53998,54750,86225,66964,95775,572442,131417,91336,0,0,0,0,0,0,0,0,0,0,0.0000,0.0000,0.0000,0.0000,0.0000,0.0000,0.1400,0.1400,0.0000,0.0000,0,0,0,0,0,0,0,1,0,0,0,0,0,0,0,0,1,1,0,0,0.1522,0.0965,0.1521,0.0741,0.1128,0.0452,0.0943,0.1327,0.0252,0.1458,0.000,0.000,0.000,0.000,0.000,0.000,0.000,0.131,0.000,0.000,semi-presidential,parliamentary,parliamentary,parliamentary,parliamentary,semi-presidential,semi-presidential,electoral-authoritarian,electoral-authoritarian,parliamentary,0.800,0.800,0.800,0.800,0.820,0.800,0.800,0.500,0.500,0.800,100.0,100.0,100.0,100.0,95.4,100.0,100.0,100.0,100.0,100.0
2035-08-01,1.0557,1.0229,1.0170,0.9937,0.9723,1.0133,1.0001,1.0006,0.9998,1.0060,0.9849,0.9946,1.1349,1.0520,1.0524,1.0102,1.0040,1.0625,1.0305,1.0020,1.0116,1.0223,0.9863,0.9950,4315.82,6227.74,4881.17,3167.70,2546.79,1765.16,225.33,3374.33,2661.84,631.10,0.9734,0.5497,0.9437,1.2183,0.8115,0.4403,1.2925,0.2724,0.2413,-1.1031,0.6519,0.7341,0.6809,0.6739,0.6437,0.8048,0.5637,0.6956,0.6881,0.6981,0.0115,0.0097,0.0212,0.0170,0.0177,0.0000,0.0580,0.0012,0.0102,0.0134,0.9789,0.9785,0.9899,0.9777,0.9791,1.0000,0.9733,1.0000,0.9729,1.0000,67.77,230.38,100.08,68.93,80.04,17.77,6.48,317.59,93.64,100.81,0.0000,0.0000,0.0000,0.0000,0.0000,0.0000,0.4546,0.0409,0.0000,0.0000,104304,74663,53998,54750,86225,66964,95775,572442,131417,91336,0,0,0,0,0,0,0,0,0,0,0.0000,0.0000,0.0000,0.0000,0.0000,0.0000,0.1500,0.1500,0.0000,0.0000,0,0,0,0,0,0,0,1,0,0,0,0,0,0,0,0,1,1,0,0,0.1546,0.0983,0.1538,0.0758,0.1148,0.0469,0.0992,0.1360,0.0269,0.1465,0.000,0.000,0.000,0.000,0.000,0.000,0.000,0.130,0.000,0.000,semi-presidential,parliamentary,parliamentary,parliamentary,parliamentary,semi-presidential,semi-presidential,electoral-authoritarian,electoral-authoritarian,parliamentary,0.800,0.800,0.800,0.800,0.810,0.800,0.800,0.500,0.500,0.800,100.0,100.0,100.0,100.0,100.0,100.0,100.0,100.0,100.0,100.0
2035-09-01,1.0607,1.0251,1.0191,0.9921,0.9759,1.0134,0.9998,0.9982,0.9994,1.0068,0.9820,0.9959,1.1430,1.0546,1.0549,1.0083,1.0127,1.0628,1.0013,0.9995,1.0112,1.0193,0.9834,0.9961,4327.68,6247.20,4888.81,3175.42,2555.01,1775.01,225.98,3380.20,2676.43,632.91,0.9707,0.5480,0.9424,1.2156,0.8091,0.4396,1.2890,0.2727,0.2407,-1.1146,0.6501,0.7273,0.6847,0.6610,0.6301,0.8122,0.5684,0.6703,0.7066,0.6973,0.0108,0.0098,0.0208,0.0179,0.0185,0.0000,0.0587,0.0010,0.0104,0.0142,0.9786,0.9783,0.9898,0.9774,0.9788,1.0000,0.9733,1.0000,0.9726,1.0000,68.62,230.49,99.45,69.44,80.85,17.50,6.61,323.20,95.09,100.99,0.0000,0.0000,0.0000,0.0000,0.0000,0.0000,0.4553,0.0413,0.0000,0.0000,104304,74663,53998,54750,86225,66964,95775,572442,131417,91336,0,0,0,0,0,0,0,0,0,0,0.0000,0.0000,0.0000,0.0000,0.0000,0.0000,0.1600,0.1600,0.0000,0.0000,0,0,0,0,0,0,0,1,0,0,0,0,0,0,0,0,1,1,0,0,0.1549,0.0987,0.1550,0.0765,0.1151,0.0475,0.1002,0.1413,0.0276,0.1457,0.000,0.000,0.000,0.000,0.000,0.000,0.000,0.126,0.000,0.000,semi-presidential,parliamentary,parliamentary,parliamentary,parliamentary,semi-presidential,semi-presidential,electoral-authoritarian,electoral-authoritarian,parliamentary,0.800,0.800,0.800,0.800,0.800,0.800,0.800,0.500,0.500,0.800,100.0,100.0,100.0,100.0,100.0,100.0,100.0,100.0,100.0,100.0
2035-10-01,1.0622,1.0249,1.0196,0.9904,0.9795,1.0140,1.0002,0.9970,0.9981,1.0064,0.9799,0.9977,1.1425,1.0538,1.0556,1.0066,1.0162,1.0635,1.0097,0.9983,1.0099,1.0158,0.9813,0.9980,4341.46,6260.69,4901.59,3182.40,2566.50,1791.00,226.11,3398.33,2687.22,634.84,0.9677,0.5469,0.9401,1.2132,0.8055,0.4376,1.2883,0.2721,0.2405,-1.1258,0.6532,0.7389,0.6817,0.6643,0.6551,0.7963,0.5855,0.6701,0.7027,0.7074,0.0109,0.0097,0.0211,0.0177,0.0184,0.0000,0.0564,0.0010,0.0102,0.0145,0.9790,0.9786,0.9900,0.9779,0.9794,1.0000,0.9741,1.0000,0.9732,1.0000,67.67,229.41,98.49,68.40,79.55,17.47,6.55,317.76,94.34,101.35,0.0000,0.0000,0.0000,0.0000,0.0000,0.0000,0.4556,0.0414,0.0000,0.0000,104304,74663,53998,54750,86225,66964,95775,572442,131417,91336,0,0,0,0,0,0,0,0,0,0,0.0000,0.0000,0.0000,0.0000,0.0000,0.0000,0.1700,0.1700,0.0000,0.0000,0,0,0,0,0,0,0,1,0,0,0,0,0,0,0,0,1,1,0,0,0.1560,0.0998,0.1563,0.0777,0.1163,0.0483,0.1018,0.1412,0.0287,0.1454,0.000,0.000,0.000,0.000,0.000,0.000,0.000,0.126,0.000,0.000,semi-presidential,parliamentary,parliamentary,parliamentary,parliamentary,semi-presidential,semi-presidential,electoral-authoritarian,electoral-authoritarian,parliamentary,0.800,0.800,0.800,0.800,0.800,0.800,0.800,0.500,0.500,0.800,100.0,100.0,100.0,100.0,100.0,100.0,100.0,100.0,100.0,100.0
2035-11-01,1.0617,1.0230,1.0220,0.9925,0.9850,1.0160,1.0016,0.9979,0.9988,1.0066,0.9798,0.9957,1.1394,1.0511,1.0582,1.0150,1.0289,1.0658,1.0374,1.0186,1.0148,1.0162,0.9822,0.9957,4343.75,6263.04,4912.58,3187.03,2569.10,1798.46,226.20,3414.77,2705.61,636.02,0.9672,0.5467,0.9381,1.2116,0.8048,0.4377,1.2877,0.2716,0.2396,-1.1384,0.6585,0.7432,0.6890,0.6629,0.6877,0.8228,0.5742,0.6977,0.7064,0.7205,0.0125,0.0096,0.0240,0.0226,0.0210,0.0000,0.0567,0.0015,0.0103,0.0199,0.9796,0.9790,0.9902,0.9785,0.9801,1.0000,0.9745,1.0000,0.9738,1.0000,66.77,229.09,97.12,65.53,77.90,17.80,6.44,311.09,93.21,101.55,0.0000,0.0000,0.0000,0.0000,0.0000,0.0000,0.4558,0.0416,0.0000,0.0000,104304,74663,53998,54750,86225,66964,95775,572442,131417,91336,0,0,0,0,0,0,0,0,0,0,0.0000,0.0000,0.0000,0.0000,0.0000,0.0000,0.1800,0.1800,0.0000,0.0000,0,0,0,0,0,0,0,1,0,0,0,0,0,0,0,0,1,1,0,0,0.1439,0.0931,0.1424,0.0694,0.1066,0.0451,0.0995,0.1387,0.0295,0.1482,0.000,0.000,0.000,0.000,0.000,0.000,0.000,0.127,0.000,0.000,semi-presidential,parliamentary,parliamentary,parliamentary,parliamentary,semi-presidential,semi-presidential,electoral-authoritarian,electoral-authoritarian,parliamentary,0.800,0.800,0.800,0.800,0.800,0.800,0.800,0.500,0.500,0.800,100.0,100.0,100.0,100.0,100.0,100.0,100.0,100.0,100.0,100.0
2035-12-01,1.0557,1.0206,1.0192,0.9947,0.9854,1.0147,1.0015,0.9985,1.0013,1.0069,0.9780,0.9936,1.1273,1.0481,1.0552,1.0199,1.0049,1.0643,1.0030,1.0128,1.0536,1.0168,0.9793,0.9936,4357.42,6266.11,4909.24,3199.61,2573.82,1809.68,226.20,3424.45,2720.06,638.70,0.9642,0.5465,0.9389,1.2071,0.8033,0.4369,1.2880,0.2717,0.2390,-1.1482,0.6460,0.7295,0.6834,0.6532,0.6785,0.7947,0.5642,0.7053,0.7182,0.7180,0.0108,0.0093,0.0198,0.0199,0.0152,0.0000,0.0528,0.0026,0.0111,0.0098,0.9800,0.9794,0.9904,0.9789,0.9805,1.0000,0.9746,1.0000,0.9743,1.0000,64.72,227.11,95.93,62.92,74.98,18.20,6.31,298.35,91.52,101.44,0.0000,0.0000,0.0000,0.0000,0.0000,0.0000,0.4558,0.0416,0.0000,0.0000,104304,74663,53998,54750,86225,66964,95775,572442,131417,91336,0,0,0,0,0,0,0,0,0,0,0.0000,0.0000,0.0000,0.0000,0.0000,0.0000,0.1900,0.1900,0.0000,0.0000,0,0,0,0,0,0,0,1,0,0,0,0,0,0,0,0,1,1,0,0,0.1399,0.0908,0.1389,0.0664,0.1033,0.0434,0.0978,0.1348,0.0279,0.1475,0.000,0.000,0.000,0.000,0.000,0.000,0.000,0.128,0.000,0.000,semi-presidential,parliamentary,parliamentary,parliamentary,parliamentary,semi-presidential,semi-presidential,electoral-authoritarian,electoral-authoritarian,parliamentary,0.800,0.800,0.800,0.800,0.800,0.800,0.800,0.500,0.500,0.800,100.0,100.0,100.0,100.0,100.0,100.0,100.0,100.0,100.0,100.0
2036-01-01,1.0517,1.0208,1.0220,0.9976,0.9845,1.0147,1.0013,0.9987,1.0036,1.0077,0.9781,0.9925,1.1224,1.0490,1.0579,1.0234,1.0026,1.0641,1.0028,1.0029,1.0481,1.0203,0.9797,0.9925,4370.96,6286.47,4922.67,3206.96,2576.50,1819.12,225.93,3447.32,2733.71,640.36,0.9612,0.5447,0.9365,1.2045,0.8025,0.4366,1.2898,0.2708,0.2405,-1.1598,0.6532,0.7250,0.6616,0.6722,0.6748,0.7927,0.5529,0.6886,0.7210,0.7436,0.0103,0.0093,0.0187,0.0201,0.0143,0.0000,0.0523,0.0023,0.0109,0.0086,0.9794,0.9789,0.9901,0.9783,0.9798,1.0000,0.9740,1.0000,0.9736,1.0000,64.99,230.73,96.34,63.27,75.52,18.42,6.28,300.24,93.10,101.82,0.0000,0.0000,0.0000,0.0000,0.0000,0.0000,0.4550,0.0415,0.0000,0.0000,104304,74663,53998,54750,86225,66964,95775,572442,131417,91336,0,0,0,0,0,0,0,0,0,0,0.0000,0.0000,0.0000,0.0000,0.0000,0.0000,0.2000,0.2000,0.0000,0.0000,0,0,0,0,0,0,0,1,0,0,0,0,0,0,0,0,1,1,0,0,0.1462,0.0939,0.1451,0.0693,0.1082,0.0445,0.0963,0.1340,0.0286,0.1475,0.000,0.000,0.000,0.000,0.000,0.000,0.000,0.129,0.000,0.000,semi-presidential,parliamentary,parliamentary,parliamentary,parliamentary,semi-presidential,semi-presidential,electoral-authoritarian,electoral-authoritarian,parliamentary,0.800,0.800,0.800,0.800,0.800,0.800,0.800,0.500,0.500,0.800,100.0,100.0,100.0,100.0,100.0,100.0,100.0,100.0,100.0,100.0
