date,price_oil,price_gas,price_coal,price_electricity,price_food,price_critical-minerals,price_steel,price_consumer-goods,price_electronics,price_arms,price_pharma,price_services,import_price_oil,import_price_gas,import_price_coal,import_price_electricity,import_price_food,import_price_critical-minerals,import_price_steel,import_price_consumer-goods,import_price_electronics,import_price_arms,import_price_pharma,import_price_services,gdp_FRA,gdp_DEU,gdp_GBR,gdp_ITA,gdp_ESP,gdp_POL,gdp_UKR,gdp_RUS,gdp_TUR,gdp_NOR,debt_FRA,debt_DEU,debt_GBR,debt_ITA,debt_ESP,debt_POL,debt_UKR,debt_RUS,debt_TUR,debt_NOR,stability_FRA,stability_DEU,stability_GBR,stability_ITA,stability_ESP,stability_POL,stability_UKR,stability_RUS,stability_TUR,stability_NOR,shortage_FRA,shortage_DEU,shortage_GBR,shortage_ITA,shortage_ESP,shortage_POL,shortage_UKR,shortage_RUS,shortage_TUR,shortage_NOR,gas_coverage_FRA,gas_coverage_DEU,gas_coverage_GBR,gas_coverage_ITA,gas_coverage_ESP,gas_coverage_POL,gas_coverage_UKR,gas_coverage_RUS,gas_coverage_TUR,gas_coverage_NOR,maritime_trade_FRA,maritime_trade_DEU,maritime_trade_GBR,maritime_trade_ITA,maritime_trade_ESP,maritime_trade_POL,maritime_trade_UKR,maritime_trade_RUS,maritime_trade_TUR,maritime_trade_NOR,blockade_FRA,blockade_DEU,blockade_GBR,blockade_ITA,blockade_ESP,blockade_POL,blockade_UKR,blockade_RUS,blockade_TUR,blockade_NOR,tiles_FRA,tiles_DEU,tiles_GBR,tiles_ITA,tiles_ESP,tiles_POL,tiles_UKR,tiles_RUS,tiles_TUR,tiles_NOR,exhaustion_FRA,exhaustion_DEU,exhaustion_GBR,exhaustion_ITA,exhaustion_ESP,exhaustion_POL,exhaustion_UKR,exhaustion_RUS,exhaustion_TUR,exhaustion_NOR,sanctions_against_FRA,sanctions_against_DEU,sanctions_against_GBR,sanctions_against_ITA,sanctions_against_ESP,sanctions_against_POL,sanctions_against_UKR,sanctions_against_RUS,sanctions_against_TUR,sanctions_against_NOR,at_war_FRA,at_war_DEU,at_war_GBR,at_war_ITA,at_war_ESP,at_war_POL,at_war_UKR,at_war_RUS,at_war_TUR,at_war_NOR,export_share_FRA,export_share_DEU,export_share_GBR,export_share_ITA,export_share_ESP,export_share_POL,export_share_UKR,export_share_RUS,export_share_TUR,export_share_NOR,circumvention_FRA,circumvention_DEU,circumvention_GBR,circumvention_ITA,circumvention_ESP,circumvention_POL,circumvention_UKR,circumvention_RUS,circumvention_TUR,circumvention_NOR,regime_FRA,regime_DEU,regime_GBR,regime_ITA,regime_ESP,regime_POL,regime_UKR,regime_RUS,regime_TUR,regime_NOR,legitimacy_FRA,legitimacy_DEU,legitimacy_GBR,legitimacy_ITA,legitimacy_ESP,legitimacy_POL,legitimacy_UKR,legitimacy_RUS,legitimacy_TUR,legitimacy_NOR,capital_FRA,capital_DEU,capital_GBR,capital_ITA,capital_ESP,capital_POL,capital_UKR,capital_RUS,capital_TUR,capital_NOR
2026-01-01,1.0000,1.0000,1.0000,1.0000,1.0000,1.0000,1.0000,1.0000,1.0000,1.0000,1.0000,1.0000,1.0000,1.0000,1.0000,1.0000,1.0000,1.0000,1.0000,1.0000,1.0000,1.0000,1.0000,1.0000,3366.32,5050.92,4002.59,2551.56,1906.45,1035.49,214.23,2561.31,1597.29,530.76,1.1600,0.6290,1.0230,1.3710,1.0040,0.5880,1.0870,0.1720,0.2350,0.4500,0.6600,0.7169,0.6747,0.6374,0.6767,0.7200,0.6678,0.6750,0.6750,0.7200,0.0000,0.0000,0.0000,0.0000,0.0000,0.0000,0.0000,0.0000,0.0000,0.0000,1.0000,1.0000,1.0000,1.0000,1.0000,1.0000,1.0000,1.0000,1.0000,1.0000,0.00,0.00,0.00,0.00,0.00,0.00,0.00,0.00,0.00,0.00,0.0000,0.0000,0.0000,0.0000,0.0000,0.0000,0.0000,0.0000,0.0000,0.0000,104304,74663,53998,54750,86225,66964,95775,572442,131417,91336,0.0000,0.0000,0.0000,0.0000,0.0000,0.0000,0.0000,0.0000,0.0000,0.0000,0,0,0,0,0,0,0,0,0,0,0,0,0,0,0,0,1,1,0,0,0.1188,0.0739,0.1337,0.0486,0.0868,0.0114,0.0806,0.1082,0.0016,0.1382,0.000,0.000,0.000,0.000,0.000,0.000,0.000,0.000,0.000,0.000,semi-presidential,parliamentary,parliamentary,parliamentary,parliamentary,semi-presidential,semi-presidential,electoral-authoritarian,electoral-authoritarian,parliamentary,0.800,0.800,0.800,0.800,0.800,0.800,0.800,0.500,0.500,0.800,30.0,30.0,30.0,30.0,30.0,30.0,30.0,30.0,30.0,30.0
2026-02-01,1.0000,1.0000,1.0000,1.0000,1.0000,1.0000,1.0000,1.0000,1.0000,1.0000,1.0000,1.0000,1.0863,1.0318,1.0446,1.0418,1.0224,1.0528,1.0258,1.0258,1.0427,1.0282,1.0258,1.0000,3373.10,5037.19,3995.24,2552.20,1908.36,1037.19,212.36,2562.34,1601.24,531.13,1.1657,0.6341,1.0333,1.3814,1.0100,0.5918,1.1050,0.1758,0.2379,0.4370,0.6600,0.7169,0.6747,0.6374,0.6767,0.7200,0.6678,0.6750,0.6750,0.7200,0.0158,0.0131,0.0305,0.0219,0.0197,0.0000,0.0228,0.0028,0.0160,0.0122,0.9756,0.9749,0.9881,0.9739,0.9759,1.0000,0.9902,1.0000,0.9679,1.0000,50.66,180.03,76.09,51.69,59.11,9.22,4.99,230.99,55.36,79.10,0.0000,0.0000,0.0000,0.0000,0.0000,0.0000,0.3628,0.0518,0.0000,0.0000,104304,74663,53998,54750,86225,66964,95775,572442,131417,91336,0.0000,0.0000,0.0000,0.0000,0.0000,0.0000,0.0100,0.0100,0.0000,0.0000,0,0,0,0,0,0,0,1,0,0,0,0,0,0,0,0,1,1,0,0,0.1185,0.0733,0.1339,0.0478,0.0864,0.0113,0.0741,0.1034,0.0015,0.1358,0.000,0.000,0.000,0.000,0.000,0.000,0.000,0.000,0.000,0.000,semi-presidential,parliamentary,parliamentary,parliamentary,parliamentary,semi-presidential,semi-presidential,electoral-authoritarian,electoral-authoritarian,parliamentary,0.800,0.800,0.800,0.800,0.800,0.800,0.800,0.500,0.500,0.800,33.3,32.9,33.3,33.6,33.3,33.1,30.0,33.3,33.8,32.9
2026-03-01,1.0013,1.0000,1.0011,0.9994,1.0002,1.0035,1.0026,0.9996,1.0016,1.0015,0.9991,1.0007,1.1058,1.0331,1.0772,1.0331,1.0224,1.1002,1.0625,1.0010,1.0294,1.0357,1.0005,1.0012,3377.49,5028.96,3999.77,2554.78,1909.73,1042.46,211.08,2558.53,1606.89,532.02,1.1715,0.6383,1.0402,1.3902,1.0159,0.5932,1.1195,0.1799,0.2403,0.4235,0.6585,0.6808,0.6380,0.6200,0.6555,0.7096,0.5732,0.6782,0.6557,0.6981,0.0179,0.0139,0.0314,0.0206,0.0213,0.0006,0.0732,0.0023,0.0179,0.0111,0.9755,0.9747,0.9880,0.9739,0.9760,1.0000,0.9746,1.0000,0.9680,1.0000,50.87,181.48,77.12,52.50,59.60,9.09,6.79,233.64,55.61,78.94,0.0000,0.0000,0.0000,0.0000,0.0000,0.0000,0.3634,0.0519,0.0000,0.0000,104304,74663,53998,54750,86225,66964,95775,572442,131417,91336,0.0000,0.0000,0.0000,0.0000,0.0000,0.0000,0.0200,0.0200,0.0000,0.0000,0,0,0,0,0,0,0,1,0,0,0,0,0,0,0,0,1,1,0,0,0.1188,0.0741,0.1341,0.0490,0.0867,0.0117,0.0770,0.1049,0.0015,0.1324,0.000,0.000,0.000,0.000,0.000,0.000,0.032,0.147,0.000,0.000,semi-presidential,parliamentary,parliamentary,parliamentary,parliamentary,semi-presidential,semi-presidential,electoral-authoritarian,electoral-authoritarian,parliamentary,0.800,0.800,0.800,0.800,0.800,0.800,0.800,0.500,0.500,0.800,36.6,35.5,36.4,37.1,36.5,36.2,32.5,36.6,37.4,35.6
2026-04-01,1.0059,1.0018,1.0004,0.9995,1.0002,1.0064,1.0020,1.0001,1.0015,1.0017,0.9985,1.0012,1.1020,1.0339,1.0441,1.0313,1.0221,1.0585,1.0034,1.0096,1.0152,1.0046,0.9999,1.0015,3374.08,5026.48,4009.05,2556.81,1913.35,1048.89,210.01,2562.05,1610.76,531.24,1.1795,0.6416,1.0453,1.3986,1.0202,0.5937,1.1325,0.1832,0.2427,0.4113,0.6536,0.6641,0.6389,0.6199,0.6415,0.7300,0.5129,0.6637,0.6589,0.7033,0.0131,0.0115,0.0263,0.0169,0.0168,0.0000,0.0556,0.0013,0.0142,0.0083,0.9763,0.9756,0.9884,0.9748,0.9768,1.0000,0.9748,1.0000,0.9691,1.0000,51.02,181.65,77.42,52.72,59.68,9.22,6.77,233.92,55.87,79.53,0.0000,0.0000,0.0000,0.0000,0.0000,0.0000,0.3621,0.0502,0.0000,0.0000,104304,74663,53998,54750,86225,66964,95775,572442,131417,91336,0.0000,0.0000,0.0000,0.0000,0.0000,0.0000,0.0300,0.0300,0.0000,0.0000,0,0,0,0,0,0,0,1,0,0,0,0,0,0,0,0,1,1,0,0,0.1197,0.0744,0.1343,0.0494,0.0870,0.0121,0.0770,0.1046,0.0015,0.1338,0.000,0.000,0.000,0.000,0.000,0.000,0.033,0.147,0.000,0.000,semi-presidential,parliamentary,parliamentary,parliamentary,parliamentary,semi-presidential,semi-presidential,electoral-authoritarian,electoral-authoritarian,parliamentary,0.800,0.800,0.800,0.800,0.800,0.800,0.800,0.500,0.500,0.800,39.9,38.1,39.5,40.6,39.6,39.4,34.7,39.9,41.0,38.4
2026-05-01,1.0094,1.0010,1.0018,0.9966,1.0003,1.0058,1.0017,0.9987,1.0016,1.0038,0.9996,1.0019,1.1039,1.0332,1.0468,0.9966,1.0224,1.0584,1.0031,1.0002,1.0158,1.0279,1.0134,1.0023,3366.86,5029.00,4009.96,2559.41,1922.95,1052.78,210.08,2558.78,1614.48,530.74,1.1883,0.6441,1.0519,1.4062,1.0209,0.5954,1.1386,0.1868,0.2449,0.3988,0.6349,0.6603,0.6525,0.6155,0.6506,0.7559,0.4969,0.6719,0.6585,0.6766,0.0133,0.0117,0.0112,0.0171,0.0169,0.0000,0.0480,0.0016,0.0125,0.0082,0.9762,0.9753,0.9883,0.9747,0.9769,1.0000,0.9754,1.0000,0.9690,1.0000,50.34,179.84,74.66,52.05,59.31,9.17,6.75,231.07,55.59,79.66,0.0000,0.0000,0.0000,0.0000,0.0000,0.0000,0.3628,0.0517,0.0000,0.0000,104304,74663,53998,54750,86225,66964,95775,572442,131417,91336,0.0000,0.0000,0.0000,0.0000,0.0000,0.0000,0.0400,0.0400,0.0000,0.0000,0,0,0,0,0,0,0,1,0,0,0,0,0,0,0,0,1,1,0,0,0.1197,0.0747,0.1352,0.0497,0.0872,0.0124,0.0772,0.1045,0.0015,0.1337,0.000,0.000,0.000,0.000,0.000,0.000,0.034,0.148,0.000,0.000,semi-presidential,parliamentary,parliamentary,parliamentary,parliamentary,semi-presidential,semi-presidential,electoral-authoritarian,electoral-authoritarian,parliamentary,0.800,0.800,0.800,0.800,0.800,0.800,0.800,0.500,0.500,0.800,43.1,40.6,42.7,44.1,42.8,42.8,36.7,43.1,44.7,41.0
2026-06-01,1.0123,1.0046,1.0038,0.9925,1.0009,1.0078,1.0006,0.9971,1.0013,1.0047,1.0000,1.0038,1.1020,1.0486,1.0474,0.9925,1.0247,1.0597,1.0020,0.9985,1.0151,1.0241,1.0092,1.0048,3375.01,5028.56,4015.54,2560.93,1926.86,1058.52,209.72,2559.40,1618.44,531.17,1.1910,0.6467,1.0569,1.4138,1.0241,0.5957,1.1463,0.1898,0.2468,0.3856,0.6172,0.6707,0.6503,0.6160,0.6693,0.7505,0.5348,0.6450,0.6512,0.6698,0.0141,0.0128,0.0116,0.0182,0.0179,0.0013,0.0463,0.0015,0.0132,0.0087,0.9664,0.9649,0.9833,0.9663,0.9689,0.9909,0.9746,1.0000,0.9612,1.0000,49.86,179.06,73.94,51.80,59.02,9.07,6.69,229.88,55.78,79.79,0.0000,0.0000,0.0000,0.0000,0.0000,0.0000,0.3619,0.0500,0.0000,0.0000,104304,74663,53998,54750,86225,66964,95775,572442,131417,91336,0.0000,0.0000,0.0000,0.0000,0.0000,0.0000,0.0500,0.0500,0.0000,0.0000,0,0,0,0,0,0,0,1,0,0,0,0,0,0,0,0,1,1,0,0,0.1205,0.0758,0.1365,0.0509,0.0889,0.0134,0.0789,0.1047,0.0015,0.1340,0.000,0.000,0.000,0.000,0.000,0.000,0.036,0.148,0.000,0.000,semi-presidential,parliamentary,parliamentary,parliamentary,parliamentary,semi-presidential,semi-presidential,electoral-authoritarian,electoral-authoritarian,parliamentary,0.800,0.800,0.800,0.800,0.800,0.800,0.800,0.500,0.500,0.800,46.1,43.2,45.9,47.6,46.1,46.2,39.0,46.2,48.3,43.6
2026-07-01,1.0129,1.0088,1.0026,0.9887,1.0011,1.0085,0.9973,0.9969,1.0008,1.0038,1.0016,1.0082,1.0999,1.0871,1.0463,0.9887,1.0229,1.0605,0.9987,0.9983,1.0146,1.0048,1.0446,1.0098,3375.01,5040.56,4019.68,2565.11,1928.35,1063.32,209.47,2558.75,1623.85,531.14,1.1960,0.6475,1.0617,1.4194,1.0281,0.5963,1.1528,0.1927,0.2483,0.3727,0.6293,0.6681,0.6610,0.6023,0.6686,0.7573,0.5394,0.6609,0.6438,0.6853,0.0193,0.0164,0.0147,0.0213,0.0223,0.0041,0.0458,0.0015,0.0160,0.0099,0.9359,0.9384,0.9675,0.9408,0.9379,0.9711,0.9683,1.0000,0.9410,1.0000,49.18,177.95,73.47,51.21,58.13,9.12,6.55,225.77,55.42,80.07,0.0000,0.0000,0.0000,0.0000,0.0000,0.0000,0.3622,0.0503,0.0000,0.0000,104304,74663,53998,54750,86225,66964,95775,572442,131417,91336,0.0000,0.0000,0.0000,0.0000,0.0000,0.0000,0.0600,0.0600,0.0000,0.0000,0,0,0,0,0,0,0,1,0,0,0,0,0,0,0,0,1,1,0,0,0.1242,0.0786,0.1401,0.0538,0.0922,0.0160,0.0815,0.1039,0.0033,0.1346,0.000,0.000,0.000,0.000,0.000,0.000,0.041,0.149,0.000,0.000,semi-presidential,parliamentary,parliamentary,parliamentary,parliamentary,semi-presidential,semi-presidential,electoral-authoritarian,electoral-authoritarian,parliamentary,0.800,0.800,0.800,0.800,0.800,0.800,0.800,0.500,0.500,0.800,49.3,45.8,49.2,51.1,49.4,49.6,41.3,49.4,51.8,46.2
2026-08-01,1.0165,1.0135,1.0009,0.9867,0.9993,1.0121,0.9951,0.9983,1.0014,1.0036,1.0051,1.0120,1.1075,1.0996,1.0456,0.9867,1.0206,1.0651,0.9965,1.0256,1.0155,1.0045,1.0937,1.0130,3378.19,5052.62,4018.52,2573.82,1931.91,1067.57,208.98,2560.14,1626.56,530.26,1.1993,0.6480,1.0673,1.4218,1.0306,0.5970,1.1598,0.1953,0.2499,0.3603,0.6195,0.6985,0.6531,0.6086,0.6528,0.7570,0.5475,0.6568,0.6319,0.6835,0.0232,0.0175,0.0183,0.0223,0.0253,0.0046,0.0496,0.0021,0.0171,0.0132,0.9293,0.9327,0.9642,0.9352,0.9312,0.9673,0.9675,1.0000,0.9362,1.0000,49.76,179.70,74.46,51.93,58.94,9.30,6.61,228.87,56.08,80.50,0.0000,0.0000,0.0000,0.0000,0.0000,0.0000,0.3628,0.0517,0.0000,0.0000,104304,74663,53998,54750,86225,66964,95775,572442,131417,91336,0.0000,0.0000,0.0000,0.0000,0.0000,0.0000,0.0700,0.0700,0.0000,0.0000,0,0,0,0,0,0,0,1,0,0,0,0,0,0,0,0,1,1,0,0,0.1273,0.0812,0.1434,0.0563,0.0949,0.0183,0.0809,0.1037,0.0055,0.1354,0.000,0.000,0.000,0.000,0.000,0.000,0.046,0.149,0.000,0.000,semi-presidential,parliamentary,parliamentary,parliamentary,parliamentary,semi-presidential,semi-presidential,electoral-authoritarian,electoral-authoritarian,parliamentary,0.800,0.800,0.800,0.800,0.800,0.800,0.800,0.500,0.500,0.800,52.3,48.6,52.4,54.5,52.5,52.9,43.7,52.6,55.3,48.9
2026-09-01,1.0192,1.0176,1.0013,0.9893,1.0006,1.0172,0.9944,1.0004,1.0017,1.0014,1.0075,1.0121,1.1102,1.0860,1.0460,1.0594,1.0308,1.0879,1.0225,1.0866,1.0584,1.0014,1.1160,1.0121,3389.59,5053.87,4025.72,2577.46,1938.45,1069.08,209.20,2566.69,1632.52,530.01,1.1990,0.6498,1.0702,1.4264,1.0310,0.5989,1.1621,0.1972,0.2509,0.3473,0.6177,0.7059,0.6369,0.6299,0.6461,0.7481,0.5422,0.6470,0.6254,0.6644,0.0253,0.0198,0.0401,0.0356,0.0291,0.0034,0.0548,0.0044,0.0209,0.0217,0.9454,0.9465,0.9726,0.9486,0.9477,0.9778,0.9714,1.0000,0.9467,1.0000,49.90,176.22,72.98,52.87,57.25,9.54,6.34,228.05,55.62,79.89,0.0000,0.0000,0.0000,0.0000,0.0000,0.0000,0.3628,0.0517,0.0000,0.0000,104304,74663,53998,54750,86225,66964,95775,572442,131417,91336,0.0000,0.0000,0.0000,0.0000,0.0000,0.0000,0.0800,0.0800,0.0000,0.0000,0,0,0,0,0,0,0,1,0,0,0,0,0,0,0,0,1,1,0,0,0.1275,0.0802,0.1431,0.0559,0.0951,0.0186,0.0841,0.1046,0.0056,0.1392,0.000,0.000,0.000,0.000,0.000,0.000,0.046,0.150,0.000,0.000,semi-presidential,parliamentary,parliamentary,parliamentary,parliamentary,semi-presidential,semi-presidential,electoral-authoritarian,electoral-authoritarian,parliamentary,0.800,0.800,0.800,0.800,0.800,0.800,0.800,0.500,0.500,0.800,55.4,51.4,55.5,58.1,55.7,56.3,46.1,55.7,58.7,51.5
2026-10-01,1.0252,1.0208,1.0042,0.9932,1.0015,1.0180,0.9943,1.0043,1.0015,1.0014,1.0126,1.0139,1.1211,1.0718,1.0492,1.0700,1.0282,1.0714,0.9967,1.0899,1.0146,1.0037,1.1507,1.0144,3395.61,5067.85,4043.60,2587.49,1948.19,1074.19,209.06,2567.07,1641.05,531.26,1.2000,0.6496,1.0698,1.4268,1.0293,0.5986,1.1658,0.1993,0.2512,0.3333,0.6307,0.6935,0.6336,0.6162,0.6564,0.7216,0.5617,0.6694,0.6342,0.6633,0.0230,0.0187,0.0373,0.0360,0.0250,0.0023,0.0547,0.0027,0.0175,0.0199,0.9611,0.9600,0.9807,0.9616,0.9637,0.9881,0.9750,1.0000,0.9569,1.0000,51.29,177.92,73.88,54.50,58.92,9.71,6.50,235.03,56.40,80.20,0.0000,0.0000,0.0000,0.0000,0.0000,0.0000,0.3628,0.0518,0.0000,0.0000,104304,74663,53998,54750,86225,66964,95775,572442,131417,91336,0.0000,0.0000,0.0000,0.0000,0.0000,0.0000,0.0900,0.0900,0.0000,0.0000,0,0,0,0,0,0,0,1,0,0,0,0,0,0,0,0,1,1,0,0,0.1292,0.0813,0.1442,0.0570,0.0964,0.0199,0.0855,0.1067,0.0067,0.1394,0.000,0.000,0.000,0.000,0.000,0.000,0.048,0.150,0.000,0.000,semi-presidential,parliamentary,parliamentary,parliamentary,parliamentary,semi-presidential,semi-presidential,electoral-authoritarian,electoral-authoritarian,parliamentary,0.800,0.800,0.800,0.800,0.800,0.800,0.800,0.500,0.500,0.800,58.6,54.2,58.6,61.7,58.9,59.4,48.5,59.0,62.1,54.0
2026-11-01,1.0254,1.0220,1.0066,0.9980,1.0019,1.0209,0.9951,1.0079,1.0037,0.9996,1.0151,1.0134,1.1157,1.0563,1.0516,1.0725,1.0242,1.0744,1.0143,1.0776,1.0461,0.9996,1.0785,1.0134,3395.33,5075.87,4054.20,2594.38,1947.88,1079.84,209.02,2561.01,1645.14,531.49,1.2025,0.6500,1.0707,1.4283,1.0325,0.5977,1.1681,0.2017,0.2522,0.3199,0.6280,0.7142,0.6616,0.6379,0.6745,0.7264,0.5508,0.6738,0.6605,0.6888,0.0183,0.0163,0.0328,0.0336,0.0211,0.0005,0.0500,0.0033,0.0158,0.0160,0.9751,0.9743,0.9879,0.9736,0.9756,1.0000,0.9764,1.0000,0.9677,1.0000,50.32,178.89,74.81,53.46,57.81,10.22,6.37,228.55,55.76,80.79,0.0000,0.0000,0.0000,0.0000,0.0000,0.0000,0.3628,0.0517,0.0000,0.0000,104304,74663,53998,54750,86225,66964,95775,572442,131417,91336,0.0000,0.0000,0.0000,0.0000,0.0000,0.0000,0.1000,0.1000,0.0000,0.0000,0,0,0,0,0,0,0,1,0,0,0,0,0,0,0,0,1,1,0,0,0.1262,0.0801,0.1405,0.0553,0.0942,0.0198,0.0849,0.1062,0.0063,0.1401,0.000,0.000,0.000,0.000,0.000,0.000,0.047,0.151,0.000,0.000,semi-presidential,parliamentary,parliamentary,parliamentary,parliamentary,semi-presidential,semi-presidential,electoral-authoritarian,electoral-authoritarian,parliamentary,0.800,0.800,0.800,0.800,0.800,0.800,0.800,0.500,0.500,0.800,61.7,57.1,61.9,65.4,62.3,62.6,51.0,62.3,65.8,56.7
2026-12-01,1.0269,1.0226,1.0090,0.9963,1.0039,1.0226,0.9952,1.0082,1.0036,0.9963,1.0155,1.0126,1.1166,1.0566,1.0543,0.9963,1.0385,1.0761,0.9965,1.0098,1.0177,0.9963,1.0171,1.0126,3401.09,5090.63,4067.11,2602.24,1949.95,1081.97,209.25,2565.94,1652.13,532.36,1.2024,0.6495,1.0705,1.4287,1.0342,0.5985,1.1682,0.2030,0.2527,0.3061,0.6159,0.7179,0.6633,0.6448,0.6461,0.7370,0.5505,0.6414,0.6538,0.6777,0.0127,0.0115,0.0117,0.0191,0.0192,0.0000,0.0433,0.0013,0.0123,0.0112,0.9753,0.9745,0.9880,0.9738,0.9759,1.0000,0.9766,1.0000,0.9680,1.0000,50.14,184.98,78.90,53.67,60.07,10.37,6.57,228.99,56.39,82.12,0.0000,0.0000,0.0000,0.0000,0.0000,0.0000,0.3628,0.0518,0.0000,0.0000,104304,74663,53998,54750,86225,66964,95775,572442,131417,91336,0.0000,0.0000,0.0000,0.0000,0.0000,0.0000,0.1100,0.1100,0.0000,0.0000,0,0,0,0,0,0,0,1,0,0,0,0,0,0,0,0,1,1,0,0,0.1222,0.0802,0.1368,0.0550,0.0911,0.0194,0.0843,0.1058,0.0057,0.1367,0.000,0.000,0.000,0.000,0.000,0.000,0.046,0.151,0.000,0.000,semi-presidential,parliamentary,parliamentary,parliamentary,parliamentary,semi-presidential,semi-presidential,electoral-authoritarian,electoral-authoritarian,parliamentary,0.800,0.800,0.800,0.800,0.800,0.800,0.800,0.500,0.500,0.800,64.8,59.9,65.2,69.2,65.4,65.9,53.4,65.4,69.4,59.4
2027-01-01,1.0266,1.0215,1.0067,0.9934,1.0049,1.0199,0.9941,1.0078,1.0006,0.9900,1.0170,1.0124,1.1143,1.0547,1.0518,0.9934,1.0326,1.0731,0.9954,1.0093,1.0145,0.9900,1.0540,1.0124,3405.70,5098.89,4079.10,2600.78,1954.42,1083.45,208.56,2568.46,1659.56,533.70,1.2023,0.6499,1.0699,1.4336,1.0344,0.5994,1.1728,0.2044,0.2532,0.2921,0.6187,0.7296,0.6827,0.6470,0.6386,0.7170,0.5715,0.6542,0.6710,0.6963,0.0135,0.0113,0.0122,0.0177,0.0181,0.0000,0.0432,0.0015,0.0121,0.0105,0.9759,0.9751,0.9883,0.9745,0.9767,1.0000,0.9771,1.0000,0.9688,1.0000,49.40,184.10,78.61,53.08,59.22,10.35,6.50,225.29,55.79,82.18,0.0000,0.0000,0.0000,0.0000,0.0000,0.0000,0.3628,0.0518,0.0000,0.0000,104304,74663,53998,54750,86225,66964,95775,572442,131417,91336,0.0000,0.0000,0.0000,0.0000,0.0000,0.0000,0.1200,0.1200,0.0000,0.0000,0,0,0,0,0,0,0,1,0,0,0,0,0,0,0,0,1,1,0,0,0.1265,0.0822,0.1422,0.0572,0.0945,0.0195,0.0849,0.1047,0.0058,0.1365,0.000,0.000,0.000,0.000,0.000,0.000,0.046,0.152,0.000,0.000,semi-presidential,parliamentary,parliamentary,parliamentary,parliamentary,semi-presidential,semi-presidential,electoral-authoritarian,electoral-authoritarian,parliamentary,0.800,0.800,0.800,0.800,0.800,0.800,0.800,0.500,0.500,0.800,67.9,62.9,68.6,72.9,68.5,69.0,55.9,68.6,73.2,62.1
2027-02-01,1.0276,1.0211,1.0093,0.9922,1.0064,1.0190,0.9928,1.0072,1.0004,0.9827,1.0146,1.0118,1.1157,1.0543,1.0546,0.9922,1.0372,1.0719,0.9941,1.0088,1.0142,0.9827,1.0161,1.0118,3416.22,5115.43,4085.95,2603.43,1963.30,1091.54,209.04,2573.35,1661.92,535.28,1.1998,0.6490,1.0701,1.4357,1.0321,0.5965,1.1703,0.2053,0.2545,0.2779,0.6116,0.7236,0.6800,0.6207,0.6400,0.7047,0.5489,0.6412,0.6719,0.7098,0.0125,0.0114,0.0112,0.0182,0.0181,0.0000,0.0422,0.0013,0.0121,0.0099,0.9759,0.9751,0.9883,0.9745,0.9766,1.0000,0.9770,1.0000,0.9688,1.0000,49.56,184.20,78.50,52.99,59.35,10.29,6.48,226.29,56.21,82.35,0.0000,0.0000,0.0000,0.0000,0.0000,0.0000,0.3628,0.0518,0.0000,0.0000,104304,74663,53998,54750,86225,66964,95775,572442,131417,91336,0.0000,0.0000,0.0000,0.0000,0.0000,0.0000,0.1300,0.1300,0.0000,0.0000,0,0,0,0,0,0,0,1,0,0,0,0,0,0,0,0,1,1,0,0,0.1233,0.0803,0.1386,0.0554,0.0916,0.0188,0.0840,0.1050,0.0054,0.1365,0.000,0.000,0.000,0.000,0.000,0.000,0.045,0.152,0.000,0.000,semi-presidential,parliamentary,parliamentary,parliamentary,parliamentary,semi-presidential,semi-presidential,electoral-authoritarian,electoral-authoritarian,parliamentary,0.800,0.800,0.800,0.800,0.800,0.800,0.800,0.500,0.500,0.800,70.9,65.8,72.0,76.5,71.6,72.1,58.3,71.6,76.9,64.9
2027-03-01,1.0307,1.0222,1.0114,0.9921,1.0095,1.0176,0.9938,1.0068,1.0023,0.9808,1.0117,1.0092,1.1219,1.0562,1.0567,1.0260,1.0506,1.0703,1.0351,1.0137,1.0686,0.9808,1.0132,1.0092,3418.27,5123.22,4082.34,2600.22,1960.95,1095.38,208.54,2581.81,1667.64,536.08,1.2000,0.6490,1.0729,1.4404,1.0354,0.5956,1.1728,0.2057,0.2552,0.2641,0.6165,0.7292,0.6750,0.6071,0.6581,0.7476,0.5772,0.6598,0.6510,0.7233,0.0142,0.0116,0.0304,0.0208,0.0230,0.0000,0.0482,0.0036,0.0167,0.0170,0.9754,0.9746,0.9880,0.9739,0.9760,1.0000,0.9767,1.0000,0.9680,1.0000,50.72,186.71,81.06,53.69,60.19,10.34,6.52,231.76,57.26,82.51,0.0000,0.0000,0.0000,0.0000,0.0000,0.0000,0.3628,0.0518,0.0000,0.0000,104304,74663,53998,54750,86225,66964,95775,572442,131417,91336,0.0000,0.0000,0.0000,0.0000,0.0000,0.0000,0.1400,0.1400,0.0000,0.0000,0,0,0,0,0,0,0,1,0,0,0,0,0,0,0,0,1,1,0,0,0.1067,0.0719,0.1187,0.0468,0.0783,0.0166,0.0820,0.1062,0.0035,0.1370,0.000,0.000,0.000,0.000,0.000,0.000,0.042,0.153,0.000,0.000,semi-presidential,parliamentary,parliamentary,parliamentary,parliamentary,semi-presidential,semi-presidential,electoral-authoritarian,electoral-authoritarian,parliamentary,0.800,0.800,0.800,0.800,0.800,0.800,0.800,0.500,0.500,0.800,74.0,68.7,75.4,79.9,74.9,75.4,60.8,74.8,80.5,67.8
2027-04-01,1.0331,1.0193,1.0094,0.9904,1.0113,1.0171,0.9974,1.0060,1.0070,0.9810,1.0100,1.0053,1.1245,1.0516,1.0545,0.9904,1.0442,1.0697,1.0621,1.0075,1.0772,0.9810,1.0115,1.0053,3413.58,5126.18,4076.11,2598.65,1960.69,1098.60,208.05,2578.55,1672.04,535.10,1.2024,0.6494,1.0761,1.4438,1.0375,0.5948,1.1749,0.2070,0.2562,0.2511,0.6025,0.7152,0.6352,0.5786,0.6178,0.7397,0.5556,0.6796,0.6455,0.7119,0.0145,0.0114,0.0144,0.0192,0.0216,0.0000,0.0484,0.0040,0.0142,0.0148,0.9765,0.9756,0.9886,0.9751,0.9774,1.0000,0.9773,1.0000,0.9695,1.0000,50.84,186.60,78.65,53.26,60.53,10.40,6.59,231.44,57.52,82.87,0.0000,0.0000,0.0000,0.0000,0.0000,0.0000,0.3628,0.0518,0.0000,0.0000,104304,74663,53998,54750,86225,66964,95775,572442,131417,91336,0.0000,0.0000,0.0000,0.0000,0.0000,0.0000,0.1500,0.1500,0.0000,0.0000,0,0,0,0,0,0,0,1,0,0,0,0,0,0,0,0,1,1,0,0,0.0982,0.0672,0.1091,0.0418,0.0712,0.0146,0.0794,0.1060,0.0016,0.1374,0.000,0.000,0.000,0.000,0.000,0.000,0.038,0.154,0.000,0.000,semi-presidential,parliamentary,parliamentary,parliamentary,parliamentary,semi-presidential,semi-presidential,electoral-authoritarian,electoral-authoritarian,parliamentary,0.800,0.800,0.800,0.800,0.800,0.800,0.800,0.500,0.500,0.800,76.9,71.6,78.5,83.2,77.8,78.7,63.3,78.2,84.0,70.7
2027-05-01,1.0373,1.0201,1.0086,0.9881,1.0133,1.0153,0.9968,1.0061,1.0099,0.9796,1.0080,1.0030,1.1314,1.0536,1.0535,0.9881,1.0477,1.0677,0.9981,1.0088,1.0700,0.9796,1.0095,1.0030,3411.30,5118.37,4081.47,2599.88,1962.63,1099.44,208.60,2585.48,1679.19,535.52,1.2034,0.6510,1.0761,1.4449,1.0383,0.5953,1.1707,0.2075,0.2567,0.2374,0.5842,0.7038,0.6166,0.5733,0.6086,0.7355,0.5337,0.6386,0.6572,0.6848,0.0128,0.0116,0.0124,0.0196,0.0206,0.0000,0.0472,0.0032,0.0140,0.0125,0.9757,0.9749,0.9882,0.9743,0.9764,1.0000,0.9768,1.0000,0.9685,1.0000,51.69,188.32,79.14,54.08,61.62,10.45,6.66,236.58,58.67,82.96,0.0000,0.0000,0.0000,0.0000,0.0000,0.0000,0.3628,0.0518,0.0000,0.0000,104304,74663,53998,54750,86225,66964,95775,572442,131417,91336,0.0000,0.0000,0.0000,0.0000,0.0000,0.0000,0.1600,0.1600,0.0000,0.0000,0,0,0,0,0,0,0,1,0,0,0,0,0,0,0,0,1,1,0,0,0.1058,0.0702,0.1182,0.0446,0.0769,0.0138,0.0783,0.1064,0.0015,0.1374,0.000,0.000,0.000,0.000,0.000,0.000,0.035,0.154,0.000,0.000,semi-presidential,parliamentary,parliamentary,parliamentary,parliamentary,semi-presidential,semi-presidential,electoral-authoritarian,electoral-authoritarian,parliamentary,0.800,0.800,0.800,0.800,0.800,0.800,0.800,0.500,0.500,0.800,30.0,74.4,81.5,86.4,80.8,81.9,65.6,81.2,87.7,73.3
2027-06-01,1.0368,1.0173,1.0073,0.9837,1.0129,1.0120,0.9942,1.0058,1.0109,0.9816,1.0030,1.0043,1.1265,1.0494,1.0521,0.9837,1.0344,1.0642,0.9956,1.0073,1.0293,1.0269,1.0044,1.0050,3418.48,5108.45,4083.29,2603.27,1964.26,1103.24,208.52,2586.56,1687.40,536.71,1.2008,0.6527,1.0767,1.4442,1.0390,0.5942,1.1700,0.2085,0.2571,0.2234,0.5761,0.6711,0.6255,0.5760,0.6092,0.7135,0.5724,0.6576,0.6771,0.6871,0.0125,0.0114,0.0105,0.0167,0.0161,0.0001,0.0441,0.0018,0.0123,0.0078,0.9767,0.9757,0.9887,0.9753,0.9775,1.0000,0.9772,1.0000,0.9696,1.0000,50.46,186.27,78.17,52.75,60.09,10.50,6.55,229.10,57.71,82.90,0.0000,0.0000,0.0000,0.0000,0.0000,0.0000,0.3628,0.0518,0.0000,0.0000,104304,74663,53998,54750,86225,66964,95775,572442,131417,91336,0.0000,0.0000,0.0000,0.0000,0.0000,0.0000,0.1700,0.1700,0.0000,0.0000,0,0,0,0,0,0,0,1,0,0,0,0,0,0,0,0,1,1,0,0,0.1211,0.0775,0.1371,0.0519,0.0894,0.0147,0.0791,0.1046,0.0015,0.1370,0.000,0.000,0.000,0.000,0.000,0.000,0.036,0.155,0.000,0.000,semi-presidential,parliamentary,parliamentary,parliamentary,parliamentary,semi-presidential,semi-presidential,electoral-authoritarian,electoral-authoritarian,parliamentary,0.800,0.800,0.800,0.800,0.800,0.800,0.800,0.500,0.500,0.800,32.5,77.0,84.5,89.7,83.7,85.0,68.1,84.4,91.5,76.0
2027-07-01,1.0383,1.0142,1.0109,0.9808,1.0068,1.0073,0.9936,1.0038,1.0082,0.9849,1.0007,1.0053,1.1252,1.0446,1.0542,0.9808,1.0274,1.0579,0.9949,1.0052,1.0223,1.0584,1.0021,1.0057,3426.83,5110.64,4089.83,2608.42,1968.69,1106.57,208.59,2587.87,1688.11,537.18,1.1978,0.6527,1.0758,1.4422,1.0380,0.5934,1.1685,0.2095,0.2586,0.2096,0.5889,0.6465,0.6346,0.5935,0.6123,0.7156,0.5781,0.6438,0.6761,0.7119,0.0120,0.0110,0.0101,0.0160,0.0153,0.0002,0.0444,0.0018,0.0117,0.0076,0.9780,0.9770,0.9893,0.9767,0.9788,1.0000,0.9774,1.0000,0.9713,1.0000,50.41,184.59,77.10,52.47,59.85,10.33,6.49,228.83,57.65,82.83,0.0000,0.0000,0.0000,0.0000,0.0000,0.0000,0.3615,0.0499,0.0000,0.0000,104304,74663,53998,54750,86225,66964,95775,572442,131417,91336,0.0000,0.0000,0.0000,0.0000,0.0000,0.0000,0.1800,0.1800,0.0000,0.0000,0,0,0,0,0,0,0,1,0,0,0,0,0,0,0,0,1,1,0,0,0.1216,0.0776,0.1377,0.0523,0.0899,0.0144,0.0713,0.1037,0.0013,0.1371,0.000,0.000,0.000,0.000,0.000,0.000,0.038,0.156,0.000,0.000,semi-presidential,parliamentary,parliamentary,parliamentary,parliamentary,semi-presidential,semi-presidential,electoral-authoritarian,electoral-authoritarian,parliamentary,0.800,0.800,0.800,0.800,0.800,0.800,0.800,0.500,0.500,0.800,35.2,79.5,87.6,93.1,86.6,88.1,70.7,87.5,95.2,78.8
2027-08-01,1.0414,1.0164,1.0103,0.9829,1.0004,1.0061,0.9927,1.0024,1.0050,0.9875,0.9967,1.0051,1.1279,1.0478,1.0522,1.0477,1.0208,1.0558,1.0138,1.0166,1.0177,1.0835,0.9978,1.0051,3419.54,5113.69,4094.47,2603.56,1971.85,1108.40,208.27,2595.23,1697.90,538.17,1.2003,0.6524,1.0751,1.4455,1.0369,0.5934,1.1691,0.2100,0.2587,0.1957,0.5982,0.6548,0.6544,0.6018,0.6264,0.7114,0.5840,0.6401,0.6421,0.7099,0.0132,0.0146,0.0284,0.0275,0.0161,0.0002,0.0467,0.0018,0.0147,0.0090,0.9772,0.9764,0.9889,0.9758,0.9777,1.0000,0.9765,1.0000,0.9704,1.0000,51.19,180.37,74.89,53.49,58.85,10.18,6.35,233.28,57.97,82.05,0.0000,0.0000,0.0000,0.0000,0.0000,0.0000,0.3606,0.0483,0.0000,0.0000,104304,74663,53998,54750,86225,66964,95775,572442,131417,91336,0.0000,0.0000,0.0000,0.0000,0.0000,0.0000,0.1900,0.1900,0.0000,0.0000,0,0,0,0,0,0,0,1,0,0,0,0,0,0,0,0,1,1,0,0,0.1215,0.0753,0.1362,0.0508,0.0893,0.0139,0.0706,0.1045,0.0012,0.1406,0.000,0.000,0.000,0.000,0.000,0.000,0.038,0.156,0.000,0.000,semi-presidential,parliamentary,parliamentary,parliamentary,parliamentary,semi-presidential,semi-presidential,electoral-authoritarian,electoral-authoritarian,parliamentary,0.800,0.800,0.800,0.800,0.800,0.800,0.800,0.500,0.500,0.800,37.8,82.0,90.8,96.5,30.0,91.2,73.3,90.6,98.8,81.7
2027-09-01,1.0445,1.0196,1.0117,0.9861,0.9922,1.0072,0.9966,1.0032,1.0036,0.9891,0.9952,1.0045,1.1330,1.0659,1.0539,1.0614,1.0127,1.0574,1.0929,1.0278,1.0162,1.0296,0.9963,1.0045,3414.43,5117.99,4086.66,2602.45,1973.54,1114.01,207.99,2598.25,1698.40,538.18,1.2021,0.6517,1.0775,1.4465,1.0364,0.5913,1.1699,0.2107,0.2603,0.1820,0.5795,0.6682,0.6466,0.5761,0.6251,0.7032,0.5660,0.6617,0.6615,0.7149,0.0177,0.0175,0.0320,0.0327,0.0195,0.0022,0.0492,0.0020,0.0164,0.0126,0.9649,0.9637,0.9826,0.9652,0.9673,0.9897,0.9753,1.0000,0.9606,1.0000,51.44,179.64,74.34,54.52,59.20,10.10,6.34,235.76,58.54,82.27,0.0000,0.0000,0.0000,0.0000,0.0000,0.0000,0.3623,0.0487,0.0000,0.0000,104304,74663,53998,54750,86225,66964,95775,572442,131417,91336,0.0000,0.0000,0.0000,0.0000,0.0000,0.0000,0.2000,0.2000,0.0000,0.0000,0,0,0,0,0,0,0,1,0,0,0,0,0,0,0,0,1,1,0,0,0.1182,0.0733,0.1330,0.0492,0.0869,0.0131,0.0675,0.1051,0.0011,0.1413,0.000,0.000,0.000,0.000,0.000,0.000,0.037,0.157,0.000,0.000,semi-presidential,parliamentary,parliamentary,parliamentary,parliamentary,semi-presidential,semi-presidential,electoral-authoritarian,electoral-authoritarian,parliamentary,0.800,0.800,0.800,0.800,0.800,0.800,0.800,0.500,0.500,0.800,40.4,84.6,94.0,99.7,32.7,94.3,75.8,93.8,100.0,84.5
2027-10-01,1.0484,1.0208,1.0133,0.9915,0.9858,1.0107,1.0012,1.0038,1.0016,0.9886,0.9920,1.0034,1.1420,1.0542,1.0572,1.0717,1.0064,1.0621,1.1130,1.0201,1.0141,0.9886,0.9931,1.0034,3409.82,5114.21,4094.54,2603.37,1967.19,1119.78,207.61,2601.45,1704.67,538.67,1.2037,0.6520,1.0756,1.4457,1.0400,0.5892,1.1716,0.2115,0.2610,0.1681,0.5686,0.6776,0.6063,0.5605,0.6216,0.7294,0.5517,0.6612,0.6193,0.6914,0.0166,0.0168,0.0306,0.0343,0.0188,0.0008,0.0489,0.0019,0.0149,0.0127,0.9758,0.9750,0.9882,0.9743,0.9763,1.0000,0.9763,1.0000,0.9685,1.0000,51.74,179.39,73.91,55.36,59.60,10.15,6.36,237.94,58.54,82.39,0.0000,0.0000,0.0000,0.0000,0.0000,0.0000,0.3627,0.0506,0.0000,0.0000,104304,74663,53998,54750,86225,66964,95775,572442,131417,91336,0.0000,0.0000,0.0000,0.0000,0.0000,0.0000,0.2100,0.2100,0.0000,0.0000,0,0,0,0,0,0,0,1,0,0,0,0,0,0,0,0,1,1,0,0,0.1138,0.0709,0.1274,0.0469,0.0837,0.0125,0.0680,0.1061,0.0012,0.1417,0.000,0.000,0.000,0.000,0.000,0.000,0.036,0.158,0.000,0.000,semi-presidential,parliamentary,parliamentary,parliamentary,parliamentary,semi-presidential,semi-presidential,electoral-authoritarian,electoral-authoritarian,parliamentary,0.800,0.800,0.800,0.800,0.800,0.800,0.800,0.500,0.500,0.800,42.9,87.3,96.9,30.0,35.5,97.5,78.2,97.0,100.0,87.2
2027-11-01,1.0522,1.0242,1.0170,0.9985,0.9811,1.0168,1.0043,1.0036,1.0014,0.9907,0.9890,1.0027,1.1485,1.0767,1.0622,1.0832,1.0018,1.1143,1.0780,1.0048,1.0141,1.0377,0.9901,1.0027,3413.49,5108.35,4093.51,2600.48,1969.90,1121.84,207.25,2603.08,1713.36,539.57,1.2027,0.6527,1.0757,1.4471,1.0386,0.5887,1.1736,0.2123,0.2613,0.1540,0.5662,0.6640,0.6245,0.5572,0.5793,0.7423,0.5389,0.6635,0.6337,0.6998,0.0180,0.0207,0.0310,0.0393,0.0203,0.0032,0.0476,0.0018,0.0171,0.0102,0.9598,0.9590,0.9801,0.9606,0.9623,0.9874,0.9749,1.0000,0.9562,1.0000,51.90,178.84,73.62,55.92,59.51,10.19,6.37,238.97,58.98,82.68,0.0000,0.0000,0.0000,0.0000,0.0000,0.0000,0.3628,0.0518,0.0000,0.0000,104304,74663,53998,54750,86225,66964,95775,572442,131417,91336,0.0000,0.0000,0.0000,0.0000,0.0000,0.0000,0.2200,0.2200,0.0000,0.0000,0,0,0,0,0,0,0,1,0,0,0,0,0,0,0,0,1,1,0,0,0.1165,0.0717,0.1311,0.0480,0.0854,0.0124,0.0698,0.1075,0.0012,0.1422,0.000,0.000,0.000,0.000,0.000,0.000,0.036,0.158,0.000,0.000,semi-presidential,parliamentary,parliamentary,parliamentary,parliamentary,semi-presidential,semi-presidential,electoral-authoritarian,electoral-authoritarian,parliamentary,0.800,0.800,0.800,0.800,0.800,0.800,0.800,0.500,0.500,0.800,45.4,89.9,100.0,32.6,37.9,30.0,80.6,100.0,100.0,90.0
2027-12-01,1.0537,1.0254,1.0190,1.0052,0.9792,1.0206,1.0074,1.0005,1.0023,0.9930,0.9887,1.0027,1.1450,1.0589,1.0631,1.0819,0.9999,1.0727,1.0751,1.0016,1.0161,1.0413,0.9898,1.0027,3421.37,5106.60,4096.59,2597.10,1971.79,1125.19,206.99,2608.14,1715.94,540.77,1.2002,0.6529,1.0747,1.4488,1.0375,0.5874,1.1754,0.2128,0.2625,0.1398,0.5783,0.6578,0.6186,0.5424,0.5982,0.7201,0.5318,0.6497,0.6647,0.6974,0.0145,0.0165,0.0280,0.0349,0.0173,0.0004,0.0456,0.0018,0.0139,0.0100,0.9757,0.9749,0.9882,0.9742,0.9762,1.0000,0.9765,1.0000,0.9685,1.0000,51.46,178.33,73.04,55.25,58.81,10.18,6.28,236.17,58.93,82.97,0.0000,0.0000,0.0000,0.0000,0.0000,0.0000,0.3626,0.0504,0.0000,0.0000,104304,74663,53998,54750,86225,66964,95775,572442,131417,91336,0.0000,0.0000,0.0000,0.0000,0.0000,0.0000,0.2300,0.2300,0.0000,0.0000,0,0,0,0,0,0,0,1,0,0,0,0,0,0,0,0,1,1,0,0,0.1202,0.0733,0.1353,0.0496,0.0884,0.0127,0.0734,0.1078,0.0013,0.1425,0.000,0.000,0.000,0.000,0.000,0.000,0.036,0.159,0.000,0.000,semi-presidential,parliamentary,parliamentary,parliamentary,parliamentary,semi-presidential,semi-presidential,electoral-authoritarian,electoral-authoritarian,parliamentary,0.800,0.800,0.800,0.800,0.800,0.800,0.800,0.500,0.500,0.800,47.9,92.4,100.0,35.1,40.5,33.0,82.9,100.0,100.0,92.7
2028-01-01,1.0523,1.0237,1.0200,1.0072,0.9786,1.0228,1.0097,0.9983,0.9992,0.9942,0.9880,1.0036,1.1394,1.0559,1.0639,1.0637,0.9996,1.0749,1.0466,0.9995,1.0118,1.0122,0.9891,1.0041,3417.98,5116.48,4104.74,2593.13,1975.50,1126.63,206.78,2608.76,1718.26,543.01,1.2016,0.6517,1.0724,1.4509,1.0353,0.5872,1.1770,0.2138,0.2638,0.1254,0.5974,0.6591,0.6251,0.5375,0.6075,0.7122,0.5327,0.6566,0.6443,0.7085,0.0132,0.0140,0.0263,0.0267,0.0163,0.0000,0.0423,0.0014,0.0131,0.0090,0.9767,0.9758,0.9887,0.9753,0.9773,1.0000,0.9771,1.0000,0.9697,1.0000,50.27,178.55,73.93,52.85,57.97,10.14,6.21,229.35,57.89,83.33,0.0000,0.0000,0.0000,0.0000,0.0000,0.0000,0.3625,0.0503,0.0000,0.0000,104304,74663,53998,54750,86225,66964,95775,572442,131417,91336,0.0000,0.0000,0.0000,0.0000,0.0000,0.0000,0.2400,0.2400,0.0000,0.0000,0,0,0,0,0,0,0,1,0,0,0,0,0,0,0,0,1,1,0,0,0.1216,0.0745,0.1363,0.0504,0.0892,0.0133,0.0760,0.1070,0.0014,0.1422,0.000,0.000,0.000,0.000,0.000,0.000,0.037,0.159,0.000,0.000,semi-presidential,parliamentary,parliamentary,parliamentary,parliamentary,semi-presidential,semi-presidential,electoral-authoritarian,electoral-authoritarian,parliamentary,0.800,0.800,0.800,0.800,0.800,0.800,0.800,0.500,0.500,0.800,50.6,95.0,100.0,37.6,43.1,36.0,85.2,100.0,100.0,95.5
2028-02-01,1.0506,1.0237,1.0211,1.0093,0.9801,1.0262,1.0107,0.9996,0.9976,0.9939,0.9879,1.0036,1.1370,1.0567,1.0658,1.0662,1.0115,1.0790,1.0347,1.0238,1.0102,0.9939,0.9891,1.0037,3428.26,5116.59,4103.54,2593.44,1982.03,1131.92,206.64,2614.69,1726.82,543.70,1.1982,0.6517,1.0728,1.4506,1.0317,0.5850,1.1781,0.2143,0.2642,0.1113,0.5886,0.6795,0.6358,0.5398,0.6188,0.7033,0.5305,0.6287,0.6238,0.7319,0.0140,0.0141,0.0279,0.0289,0.0194,0.0000,0.0418,0.0015,0.0133,0.0126,0.9760,0.9752,0.9884,0.9746,0.9766,1.0000,0.9768,1.0000,0.9689,1.0000,49.71,178.68,74.25,52.36,57.48,10.23,6.15,226.78,57.59,83.68,0.0000,0.0000,0.0000,0.0000,0.0000,0.0000,0.3625,0.0512,0.0000,0.0000,104304,74663,53998,54750,86225,66964,95775,572442,131417,91336,0.0000,0.0000,0.0000,0.0000,0.0000,0.0000,0.2500,0.2500,0.0000,0.0000,0,0,0,0,0,0,0,1,0,0,0,0,0,0,0,0,1,1,0,0,0.1211,0.0747,0.1367,0.0503,0.0892,0.0133,0.0777,0.1067,0.0014,0.1426,0.000,0.000,0.000,0.000,0.000,0.000,0.037,0.160,0.000,0.000,semi-presidential,parliamentary,parliamentary,parliamentary,parliamentary,semi-presidential,semi-presidential,electoral-authoritarian,electoral-authoritarian,parliamentary,0.800,0.800,0.800,0.800,0.800,0.800,0.800,0.500,0.500,0.800,53.2,97.6,100.0,40.1,45.8,38.9,87.4,100.0,100.0,98.4
2028-03-01,1.0490,1.0230,1.0219,1.0106,0.9777,1.0297,1.0112,1.0006,0.9957,0.9930,0.9929,1.0027,1.1355,1.0562,1.0672,1.0610,0.9982,1.0831,1.0189,1.0180,1.0084,0.9930,1.1279,1.0027,3433.45,5116.12,4106.63,2585.07,1983.48,1135.36,206.14,2612.51,1729.48,544.12,1.1966,0.6518,1.0721,1.4554,1.0309,0.5837,1.1813,0.2155,0.2654,0.0973,0.6046,0.6786,0.6278,0.5540,0.6404,0.7280,0.5411,0.6539,0.6794,0.7215,0.0173,0.0135,0.0306,0.0249,0.0190,0.0000,0.0449,0.0022,0.0135,0.0140,0.9759,0.9750,0.9883,0.9744,0.9766,1.0000,0.9769,1.0000,0.9687,1.0000,49.58,179.40,75.14,51.63,57.62,10.40,6.16,225.58,57.51,83.87,0.0000,0.0000,0.0000,0.0000,0.0000,0.0000,0.3628,0.0518,0.0000,0.0000,104304,74663,53998,54750,86225,66964,95775,572442,131417,91336,0.0000,0.0000,0.0000,0.0000,0.0000,0.0000,0.2600,0.2600,0.0000,0.0000,0,0,0,0,0,0,0,1,0,0,0,0,0,0,0,0,1,1,0,0,0.1135,0.0713,0.1274,0.0467,0.0833,0.0125,0.0723,0.1059,0.0013,0.1425,0.000,0.000,0.000,0.000,0.000,0.000,0.036,0.160,0.000,0.000,semi-presidential,parliamentary,parliamentary,parliamentary,parliamentary,semi-presidential,semi-presidential,electoral-authoritarian,electoral-authoritarian,parliamentary,0.800,0.800,0.800,0.800,0.800,0.800,0.800,0.500,0.500,0.800,55.9,100.0,100.0,42.7,48.7,41.9,89.8,100.0,100.0,100.0
2028-04-01,1.0485,1.0238,1.0233,1.0116,0.9755,1.0313,1.0094,1.0023,0.9961,0.9955,0.9938,1.0008,1.1357,1.0576,1.0686,1.0587,0.9959,1.0847,1.0107,1.0348,1.0088,1.0506,1.0138,1.0008,3422.97,5109.27,4086.66,2590.22,1987.40,1140.84,206.18,2615.83,1733.35,543.50,1.2005,0.6527,1.0774,1.4527,1.0291,0.5814,1.1815,0.2163,0.2665,0.0835,0.6064,0.6740,0.6281,0.5312,0.6355,0.7241,0.5268,0.6220,0.6420,0.7105,0.0145,0.0133,0.0278,0.0239,0.0172,0.0000,0.0434,0.0019,0.0134,0.0101,0.9755,0.9747,0.9881,0.9740,0.9761,1.0000,0.9766,1.0000,0.9682,1.0000,49.99,180.85,76.19,51.46,58.20,10.56,6.20,227.49,58.04,84.07,0.0000,0.0000,0.0000,0.0000,0.0000,0.0000,0.3628,0.0518,0.0000,0.0000,104304,74663,53998,54750,86225,66964,95775,572442,131417,91336,0.0000,0.0000,0.0000,0.0000,0.0000,0.0000,0.2700,0.2700,0.0000,0.0000,0,0,0,0,0,0,0,1,0,0,0,0,0,0,0,0,1,1,0,0,0.1074,0.0683,0.1202,0.0430,0.0777,0.0115,0.0711,0.1062,0.0013,0.1425,0.000,0.000,0.000,0.000,0.000,0.000,0.033,0.160,0.000,0.000,semi-presidential,parliamentary,parliamentary,parliamentary,parliamentary,semi-presidential,semi-presidential,electoral-authoritarian,electoral-authoritarian,parliamentary,0.800,0.800,0.800,0.800,0.800,0.800,0.800,0.500,0.500,0.800,58.6,100.0,100.0,45.2,51.5,44.9,92.1,100.0,100.0,100.0
2028-05-01,1.0460,1.0240,1.0216,1.0134,0.9746,1.0302,1.0062,1.0024,0.9980,0.9979,0.9956,0.9984,1.1281,1.0565,1.0649,1.0664,0.9952,1.0825,1.0074,1.0090,1.0423,1.0540,1.0490,0.9984,3416.33,5101.80,4077.99,2585.97,1989.35,1145.54,205.72,2615.67,1740.28,545.12,1.2031,0.6537,1.0799,1.4552,1.0282,0.5795,1.1846,0.2174,0.2670,0.0693,0.5873,0.6664,0.5865,0.5608,0.6461,0.7362,0.5339,0.6296,0.6199,0.6900,0.0137,0.0135,0.0276,0.0265,0.0174,0.0000,0.0435,0.0030,0.0137,0.0107,0.9765,0.9757,0.9886,0.9751,0.9771,1.0000,0.9768,1.0000,0.9695,1.0000,49.54,179.51,74.94,51.73,57.61,10.65,6.15,225.49,57.92,83.79,0.0000,0.0000,0.0000,0.0000,0.0000,0.0000,0.3617,0.0497,0.0000,0.0000,104304,74663,53998,54750,86225,66964,95775,572442,131417,91336,0.0000,0.0000,0.0000,0.0000,0.0000,0.0000,0.2800,0.2800,0.0000,0.0000,0,0,0,0,0,0,0,1,0,0,0,0,0,0,0,0,1,1,0,0,0.1016,0.0650,0.1133,0.0400,0.0732,0.0112,0.0716,0.1058,0.0013,0.1421,0.000,0.000,0.000,0.000,0.000,0.000,0.030,0.161,0.000,0.000,semi-presidential,parliamentary,parliamentary,parliamentary,parliamentary,semi-presidential,semi-presidential,electoral-authoritarian,electoral-authoritarian,parliamentary,0.800,0.800,0.800,0.800,0.800,0.800,0.800,0.500,0.500,0.800,61.2,100.0,100.0,47.8,54.3,48.0,94.4,100.0,100.0,100.0
2028-06-01,1.0443,1.0231,1.0240,1.0124,0.9749,1.0284,1.0034,1.0036,1.0000,0.9999,0.9964,0.9953,1.1264,1.0549,1.0672,1.0408,0.9960,1.0804,1.0047,1.0077,1.0218,1.0353,0.9990,0.9953,3411.40,5089.13,4071.59,2584.37,1986.11,1151.86,205.54,2623.16,1743.87,545.71,1.2051,0.6554,1.0818,1.4562,1.0301,0.5768,1.1860,0.2178,0.2672,0.0552,0.5747,0.6539,0.5665,0.5566,0.6439,0.7391,0.5187,0.6127,0.6524,0.7170,0.0119,0.0107,0.0252,0.0161,0.0157,0.0000,0.0416,0.0018,0.0127,0.0079,0.9769,0.9761,0.9888,0.9755,0.9776,1.0000,0.9769,1.0000,0.9701,1.0000,49.59,183.65,78.72,52.00,59.06,10.77,6.29,225.91,58.55,84.56,0.0000,0.0000,0.0000,0.0000,0.0000,0.0000,0.3619,0.0496,0.0000,0.0000,104304,74663,53998,54750,86225,66964,95775,572442,131417,91336,0.0000,0.0000,0.0000,0.0000,0.0000,0.0000,0.2900,0.2900,0.0000,0.0000,0,0,0,0,0,0,0,1,0,0,0,0,0,0,0,0,1,1,0,0,0.0947,0.0626,0.1056,0.0374,0.0675,0.0114,0.0714,0.1056,0.0014,0.1387,0.000,0.000,0.000,0.000,0.000,0.000,0.026,0.161,0.000,0.000,semi-presidential,parliamentary,parliamentary,parliamentary,parliamentary,semi-presidential,semi-presidential,electoral-authoritarian,electoral-authoritarian,parliamentary,0.800,0.800,0.800,0.800,0.800,0.800,0.800,0.500,0.500,0.800,63.8,100.0,100.0,50.4,57.2,51.1,96.6,100.0,30.0,100.0
2028-07-01,1.0432,1.0248,1.0226,1.0146,0.9765,1.0224,1.0000,1.0064,1.0008,1.0006,0.9934,0.9941,1.1267,1.0581,1.0660,1.0674,1.0085,1.0741,1.0012,1.0855,1.0365,1.0267,0.9946,0.9941,3415.03,5080.56,4076.31,2579.57,1985.16,1152.90,205.54,2622.94,1753.95,546.64,1.2041,0.6566,1.0808,1.4591,1.0308,0.5767,1.1864,0.2189,0.2664,0.0412,0.5717,0.6432,0.5661,0.5630,0.6176,0.7567,0.5147,0.6289,0.6320,0.7124,0.0158,0.0136,0.0304,0.0285,0.0214,0.0000,0.0454,0.0029,0.0136,0.0161,0.9758,0.9751,0.9883,0.9743,0.9763,1.0000,0.9763,1.0000,0.9686,1.0000,49.91,181.04,75.98,51.84,58.28,11.05,6.17,227.40,58.77,84.20,0.0000,0.0000,0.0000,0.0000,0.0000,0.0000,0.3618,0.0501,0.0000,0.0000,104304,74663,53998,54750,86225,66964,95775,572442,131417,91336,0.0000,0.0000,0.0000,0.0000,0.0000,0.0000,0.3000,0.3000,0.0000,0.0000,0,0,0,0,0,0,0,1,0,0,0,0,0,0,0,0,1,1,0,0,0.1061,0.0660,0.1189,0.0407,0.0764,0.0116,0.0712,0.1062,0.0014,0.1420,0.000,0.000,0.000,0.000,0.000,0.000,0.024,0.161,0.000,0.000,semi-presidential,parliamentary,parliamentary,parliamentary,parliamentary,semi-presidential,semi-presidential,electoral-authoritarian,electoral-authoritarian,parliamentary,0.800,0.800,0.800,0.800,0.800,0.800,0.800,0.500,0.500,0.800,66.3,100.0,100.0,53.1,59.8,54.4,98.8,100.0,32.8,100.0
2028-08-01,1.0423,1.0251,1.0269,1.0178,0.9788,1.0184,0.9959,1.0059,1.0014,1.0041,0.9886,0.9934,1.1270,1.0585,1.0712,1.0770,1.0145,1.0702,0.9971,1.0072,1.0191,1.0809,0.9897,0.9934,3417.60,5082.26,4079.74,2578.92,1985.12,1153.95,205.25,2627.60,1761.47,549.17,1.2035,0.6565,1.0801,1.4596,1.0310,0.5766,1.1886,0.2196,0.2660,0.0270,0.5821,0.6367,0.5902,0.5477,0.6068,0.7200,0.5257,0.6097,0.6678,0.7070,0.0122,0.0145,0.0267,0.0323,0.0192,0.0000,0.0416,0.0017,0.0127,0.0119,0.9758,0.9750,0.9883,0.9743,0.9763,1.0000,0.9765,1.0000,0.9686,1.0000,49.92,179.08,74.62,52.22,57.86,10.97,6.11,226.74,58.87,84.09,0.0000,0.0000,0.0000,0.0000,0.0000,0.0000,0.3623,0.0507,0.0000,0.0000,104304,74663,53998,54750,86225,66964,95775,572442,131417,91336,0.0000,0.0000,0.0000,0.0000,0.0000,0.0000,0.3100,0.3100,0.0000,0.0000,0,0,0,0,0,0,0,1,0,0,0,0,0,0,0,0,1,1,0,0,0.1091,0.0665,0.1226,0.0416,0.0785,0.0116,0.0712,0.1064,0.0014,0.1416,0.000,0.000,0.000,0.000,0.000,0.000,0.023,0.160,0.000,0.000,semi-presidential,parliamentary,parliamentary,parliamentary,parliamentary,semi-presidential,semi-presidential,electoral-authoritarian,electoral-authoritarian,parliamentary,0.800,0.800,0.800,0.800,0.800,0.800,0.800,0.500,0.500,0.800,68.9,100.0,100.0,55.6,62.5,57.4,100.0,100.0,35.7,100.0
2028-09-01,1.0459,1.0265,1.0256,1.0172,0.9820,1.0157,0.9959,1.0062,1.0032,1.0079,0.9874,0.9941,1.1319,1.0588,1.0679,1.0445,1.0220,1.0661,0.9971,1.0076,1.0161,1.0660,0.9886,0.9948,3414.26,5092.56,4073.35,2574.78,1982.39,1159.86,205.14,2634.34,1762.40,550.49,1.2049,0.6552,1.0820,1.4621,1.0327,0.5742,1.1896,0.2200,0.2666,0.0128,0.5901,0.6598,0.6105,0.5588,0.6056,0.6967,0.5255,0.6280,0.6636,0.7368,0.0119,0.0108,0.0267,0.0195,0.0198,0.0000,0.0447,0.0015,0.0123,0.0136,0.9766,0.9759,0.9886,0.9751,0.9770,1.0000,0.9764,1.0000,0.9696,1.0000,51.57,186.19,80.05,53.73,61.22,10.98,6.46,236.23,61.06,85.37,0.0000,0.0000,0.0000,0.0000,0.0000,0.0000,0.3616,0.0485,0.0000,0.0000,104304,74663,53998,54750,86225,66964,95775,572442,131417,91336,0.0000,0.0000,0.0000,0.0000,0.0000,0.0000,0.3200,0.3200,0.0000,0.0000,0,0,0,0,0,0,0,1,0,0,0,0,0,0,0,0,1,1,0,0,0.1143,0.0700,0.1292,0.0451,0.0822,0.0117,0.0718,0.1072,0.0014,0.1392,0.000,0.000,0.000,0.000,0.000,0.000,0.024,0.162,0.000,0.000,semi-presidential,parliamentary,parliamentary,parliamentary,parliamentary,semi-presidential,semi-presidential,electoral-authoritarian,electoral-authoritarian,parliamentary,0.800,0.800,0.800,0.800,0.800,0.800,0.800,0.500,0.500,0.800,71.5,100.0,100.0,58.2,65.1,60.2,100.0,100.0,38.7,100.0
2028-10-01,1.0464,1.0266,1.0234,1.0140,0.9856,1.0129,0.9976,1.0101,1.0029,1.0071,0.9849,0.9973,1.1316,1.0587,1.0655,1.0140,1.0283,1.0630,1.0256,1.0762,1.0160,1.0088,0.9861,1.0000,3412.15,5101.51,4067.19,2571.45,1985.27,1163.63,204.98,2637.40,1766.39,551.85,1.2060,0.6541,1.0838,1.4642,1.0314,0.5728,1.1910,0.2208,0.2668,-0.0013,0.5842,0.6853,0.6001,0.5612,0.6055,0.7204,0.5224,0.6426,0.6337,0.7309,0.0158,0.0108,0.0165,0.0199,0.0230,0.0000,0.0475,0.0020,0.0118,0.0205,0.9768,0.9761,0.9887,0.9753,0.9773,1.0000,0.9765,1.0000,0.9699,1.0000,51.27,187.37,79.62,54.02,61.64,11.35,6.58,234.92,60.96,86.10,0.0000,0.0000,0.0000,0.0000,0.0000,0.0000,0.3616,0.0486,0.0000,0.0000,104304,74663,53998,54750,86225,66964,95775,572442,131417,91336,0.0000,0.0000,0.0000,0.0000,0.0000,0.0000,0.3300,0.3300,0.0000,0.0000,0,0,0,0,0,0,0,1,0,0,0,0,0,0,0,0,1,1,0,0,0.1159,0.0726,0.1318,0.0476,0.0842,0.0120,0.0740,0.1065,0.0015,0.1385,0.000,0.000,0.000,0.000,0.000,0.000,0.029,0.163,0.000,0.000,semi-presidential,parliamentary,parliamentary,parliamentary,parliamentary,semi-presidential,semi-presidential,electoral-authoritarian,electoral-authoritarian,parliamentary,0.800,0.800,0.800,0.800,0.800,0.800,0.800,0.500,0.500,0.800,74.1,100.0,100.0,60.9,67.7,63.2,100.0,100.0,41.4,100.0
2028-11-01,1.0474,1.0260,1.0241,1.0109,0.9919,1.0076,0.9956,1.0091,1.0042,1.0044,0.9823,0.9997,1.1373,1.0594,1.0688,1.0109,1.0463,1.0587,0.9970,1.0106,1.0314,1.0053,0.9835,1.0013,3410.52,5114.56,4074.91,2576.73,1988.79,1166.71,205.19,2634.06,1772.41,552.76,1.2065,0.6524,1.0819,1.4614,1.0298,0.5718,1.1902,0.2221,0.2666,-0.0154,0.5750,0.6982,0.6012,0.5592,0.6157,0.7229,0.5250,0.6370,0.6374,0.7256,0.0125,0.0114,0.0138,0.0228,0.0237,0.0000,0.0439,0.0019,0.0126,0.0196,0.9757,0.9749,0.9882,0.9742,0.9763,1.0000,0.9766,1.0000,0.9684,1.0000,51.06,186.73,78.64,53.42,61.38,11.28,6.44,233.58,61.01,86.23,0.0000,0.0000,0.0000,0.0000,0.0000,0.0000,0.3629,0.0516,0.0000,0.0000,104304,74663,53998,54750,86225,66964,95775,572442,131417,91336,0.0000,0.0000,0.0000,0.0000,0.0000,0.0000,0.3400,0.3400,0.0000,0.0000,0,0,0,0,0,0,0,1,0,0,0,0,0,0,0,0,1,1,0,0,0.1178,0.0740,0.1332,0.0489,0.0859,0.0120,0.0757,0.1065,0.0015,0.1387,0.000,0.000,0.000,0.000,0.000,0.000,0.032,0.163,0.000,0.000,semi-presidential,parliamentary,parliamentary,parliamentary,parliamentary,semi-presidential,semi-presidential,electoral-authoritarian,electoral-authoritarian,parliamentary,0.800,0.800,0.800,0.800,0.800,0.800,0.800,0.500,0.500,0.800,76.6,100.0,100.0,63.5,70.4,66.2,100.0,100.0,44.2,100.0
2028-12-01,1.0456,1.0253,1.0262,1.0103,0.9946,1.0064,0.9977,1.0056,1.0054,0.9996,0.9814,0.9993,1.1323,1.0584,1.0711,1.0342,1.0328,1.0574,1.0612,1.0070,1.0468,0.9996,0.9826,0.9993,3412.66,5117.59,4082.95,2580.61,1992.94,1169.19,205.73,2643.02,1779.80,553.65,1.2055,0.6518,1.0799,1.4592,1.0279,0.5711,1.1870,0.2225,0.2663,-0.0295,0.5698,0.7095,0.6261,0.5870,0.6251,0.7149,0.5446,0.5933,0.6393,0.7132,0.0142,0.0112,0.0265,0.0198,0.0217,0.0000,0.0444,0.0027,0.0141,0.0161,0.9759,0.9751,0.9883,0.9745,0.9766,1.0000,0.9768,1.0000,0.9687,1.0000,50.12,185.39,78.75,52.18,59.76,11.15,6.24,228.20,60.40,85.97,0.0000,0.0000,0.0000,0.0000,0.0000,0.0000,0.3628,0.0517,0.0000,0.0000,104304,74663,53998,54750,86225,66964,95775,572442,131417,91336,0.0000,0.0000,0.0000,0.0000,0.0000,0.0000,0.3500,0.3500,0.0000,0.0000,0,0,0,0,0,0,0,1,0,0,0,0,0,0,0,0,1,1,0,0,0.1150,0.0724,0.1295,0.0472,0.0834,0.0117,0.0752,0.1053,0.0015,0.1386,0.000,0.000,0.000,0.000,0.000,0.000,0.031,0.163,0.000,0.000,semi-presidential,parliamentary,parliamentary,parliamentary,parliamentary,semi-presidential,semi-presidential,electoral-authoritarian,electoral-authoritarian,parliamentary,0.800,0.800,0.800,0.800,0.800,0.800,0.800,0.500,0.500,0.800,79.1,100.0,100.0,66.3,73.2,69.2,100.0,100.0,47.0,100.0
2029-01-01,1.0443,1.0223,1.0295,1.0081,0.9966,0.9992,1.0010,1.0041,1.0078,0.9980,0.9831,0.9967,1.1306,1.0543,1.0747,1.0081,1.0299,1.0496,1.0632,1.0055,1.0398,0.9980,1.0145,0.9967,3402.94,5108.34,4077.43,2580.27,1990.64,1172.20,205.21,2653.96,1786.16,553.69,1.2090,0.6529,1.0815,1.4595,1.0292,0.5701,1.1902,0.2227,0.2660,-0.0436,0.5739,0.7011,0.6290,0.6004,0.6379,0.7024,0.5613,0.6085,0.6481,0.7133,0.0150,0.0111,0.0147,0.0187,0.0209,0.0000,0.0451,0.0026,0.0126,0.0152,0.9767,0.9758,0.9887,0.9753,0.9775,1.0000,0.9771,1.0000,0.9697,1.0000,49.84,184.57,76.58,51.64,59.75,11.09,6.27,226.76,60.46,86.03,0.0000,0.0000,0.0000,0.0000,0.0000,0.0000,0.3628,0.0518,0.0000,0.0000,104304,74663,53998,54750,86225,66964,95775,572442,131417,91336,0.0000,0.0000,0.0000,0.0000,0.0000,0.0000,0.3600,0.3600,0.0000,0.0000,0,0,0,0,0,0,0,1,0,0,0,0,0,0,0,0,1,1,0,0,0.0991,0.0651,0.1109,0.0396,0.0710,0.0117,0.0734,0.1049,0.0015,0.1384,0.000,0.000,0.000,0.000,0.000,0.000,0.028,0.162,0.000,0.000,semi-presidential,parliamentary,parliamentary,parliamentary,parliamentary,semi-presidential,semi-presidential,electoral-authoritarian,electoral-authoritarian,parliamentary,0.800,0.800,0.800,0.800,0.800,0.800,0.800,0.500,0.500,0.800,81.7,100.0,100.0,69.2,76.0,72.1,100.0,100.0,49.9,100.0
2029-02-01,1.0458,1.0217,1.0305,1.0030,0.9992,0.9984,1.0031,1.0033,1.0106,0.9959,0.9819,0.9965,1.1349,1.0544,1.0757,1.0030,1.0360,1.0488,1.0527,1.0048,1.0686,0.9959,0.9831,0.9965,3396.92,5102.24,4078.68,2581.27,1990.05,1177.04,205.29,2650.86,1794.04,553.91,1.2112,0.6537,1.0811,1.4590,1.0297,0.5682,1.1901,0.2240,0.2656,-0.0577,0.5589,0.6695,0.6162,0.5937,0.6225,0.7073,0.5263,0.6256,0.6387,0.7017,0.0139,0.0113,0.0141,0.0198,0.0217,0.0000,0.0463,0.0033,0.0137,0.0154,0.9761,0.9753,0.9884,0.9747,0.9768,1.0000,0.9766,1.0000,0.9689,1.0000,50.69,185.68,76.75,52.37,60.71,11.06,6.34,232.14,61.73,86.02,0.0000,0.0000,0.0000,0.0000,0.0000,0.0000,0.3628,0.0518,0.0000,0.0000,104304,74663,53998,54750,86225,66964,95775,572442,131417,91336,0.0000,0.0000,0.0000,0.0000,0.0000,0.0000,0.3700,0.3700,0.0000,0.0000,0,0,0,0,0,0,0,1,0,0,0,0,0,0,0,0,1,1,0,0,0.1140,0.0713,0.1291,0.0459,0.0827,0.0118,0.0739,0.1062,0.0015,0.1384,0.000,0.000,0.000,0.000,0.000,0.000,0.028,0.161,0.000,0.000,semi-presidential,parliamentary,parliamentary,parliamentary,parliamentary,semi-presidential,semi-presidential,electoral-authoritarian,electoral-authoritarian,parliamentary,0.800,0.800,0.800,0.800,0.800,0.800,0.800,0.500,0.500,0.800,84.1,100.0,100.0,72.0,78.7,75.0,100.0,100.0,52.7,100.0
2029-03-01,1.0440,1.0210,1.0300,1.0001,1.0026,0.9979,1.0065,0.9993,1.0110,0.9945,0.9806,0.9975,1.1301,1.0537,1.0752,1.0001,1.0448,1.0482,1.0959,1.0006,1.0253,0.9945,0.9818,0.9985,3389.87,5113.80,4084.88,2580.54,1991.66,1181.02,205.19,2653.13,1796.37,553.87,1.2138,0.6521,1.0795,1.4592,1.0291,0.5668,1.1910,0.2250,0.2660,-0.0718,0.5556,0.6572,0.6301,0.5858,0.6114,0.7192,0.5315,0.6122,0.6428,0.6975,0.0149,0.0111,0.0152,0.0201,0.0223,0.0000,0.0443,0.0019,0.0121,0.0181,0.9761,0.9753,0.9884,0.9746,0.9768,1.0000,0.9766,1.0000,0.9689,1.0000,49.76,183.06,74.81,51.22,59.37,10.80,6.19,227.78,61.33,85.72,0.0000,0.0000,0.0000,0.0000,0.0000,0.0000,0.3628,0.0518,0.0000,0.0000,104304,74663,53998,54750,86225,66964,95775,572442,131417,91336,0.0000,0.0000,0.0000,0.0000,0.0000,0.0000,0.3800,0.3800,0.0000,0.0000,0,0,0,0,0,0,0,1,0,0,0,0,0,0,0,0,1,1,0,0,0.1165,0.0719,0.1315,0.0468,0.0844,0.0115,0.0750,0.1051,0.0015,0.1383,0.000,0.000,0.000,0.000,0.000,0.000,0.029,0.160,0.000,0.000,semi-presidential,parliamentary,parliamentary,parliamentary,parliamentary,semi-presidential,semi-presidential,electoral-authoritarian,electoral-authoritarian,parliamentary,0.800,0.800,0.800,0.800,0.800,0.800,0.800,0.500,0.500,0.800,86.5,30.0,100.0,74.8,81.4,78.0,100.0,100.0,55.5,100.0
2029-04-01,1.0433,1.0163,1.0287,0.9963,1.0054,0.9968,1.0088,0.9992,1.0111,0.9939,0.9795,0.9978,1.1297,1.0472,1.0738,0.9963,1.0433,1.0470,1.0618,1.0005,1.0255,0.9939,0.9807,0.9981,3396.53,5111.58,4092.09,2580.22,1995.58,1187.12,205.18,2662.28,1801.45,553.99,1.2115,0.6522,1.0777,1.4595,1.0271,0.5643,1.1914,0.2254,0.2660,-0.0859,0.5520,0.6769,0.6455,0.5741,0.6142,0.7254,0.5307,0.6164,0.6310,0.6929,0.0137,0.0110,0.0135,0.0191,0.0204,0.0000,0.0433,0.0016,0.0118,0.0148,0.9774,0.9765,0.9890,0.9760,0.9783,1.0000,0.9771,1.0000,0.9705,1.0000,49.44,183.30,74.97,50.76,59.25,10.86,6.21,226.10,60.92,85.54,0.0000,0.0000,0.0000,0.0000,0.0000,0.0000,0.3628,0.0518,0.0000,0.0000,104304,74663,53998,54750,86225,66964,95775,572442,131417,91336,0.0000,0.0000,0.0000,0.0000,0.0000,0.0000,0.3900,0.3900,0.0000,0.0000,0,0,0,0,0,0,0,1,0,0,0,0,0,0,0,0,1,1,0,0,0.1162,0.0724,0.1317,0.0471,0.0845,0.0115,0.0753,0.1039,0.0015,0.1379,0.000,0.000,0.000,0.000,0.000,0.000,0.029,0.158,0.000,0.000,semi-presidential,parliamentary,parliamentary,parliamentary,parliamentary,semi-presidential,semi-presidential,electoral-authoritarian,electoral-authoritarian,parliamentary,0.800,0.800,0.800,0.800,0.800,0.800,0.800,0.500,0.500,0.800,88.9,32.8,100.0,77.5,84.0,81.1,100.0,100.0,58.3,100.0
2029-05-01,1.0417,1.0157,1.0303,0.9914,1.0045,0.9968,1.0087,0.9988,1.0101,0.9949,0.9779,1.0006,1.1272,1.0479,1.0754,0.9914,1.0249,1.0470,1.0102,1.0002,1.0243,1.0167,0.9791,1.0025,3404.22,5113.00,4084.95,2583.98,1996.70,1190.77,205.26,2665.81,1806.27,556.19,1.2088,0.6521,1.0797,1.4576,1.0263,0.5630,1.1912,0.2262,0.2658,-0.0995,0.5734,0.6709,0.6572,0.5763,0.6175,0.7406,0.5374,0.6239,0.6507,0.6891,0.0122,0.0111,0.0102,0.0162,0.0155,0.0000,0.0419,0.0015,0.0119,0.0076,0.9764,0.9755,0.9885,0.9750,0.9772,1.0000,0.9765,1.0000,0.9693,1.0000,49.47,182.94,74.95,50.96,59.31,10.90,6.21,226.90,61.16,85.42,0.0000,0.0000,0.0000,0.0000,0.0000,0.0000,0.3628,0.0518,0.0000,0.0000,104304,74663,53998,54750,86225,66964,95775,572442,131417,91336,0.0000,0.0000,0.0000,0.0000,0.0000,0.0000,0.4000,0.4000,0.0000,0.0000,0,0,0,0,0,0,0,1,0,0,0,0,0,0,0,0,1,1,0,0,0.1181,0.0741,0.1344,0.0488,0.0867,0.0119,0.0749,0.1038,0.0014,0.1372,0.000,0.000,0.000,0.000,0.000,0.000,0.033,0.157,0.000,0.000,semi-presidential,parliamentary,parliamentary,parliamentary,parliamentary,semi-presidential,semi-presidential,electoral-authoritarian,junta,parliamentary,0.800,0.800,0.800,0.800,0.800,0.800,0.800,0.500,0.400,0.800,91.5,35.5,100.0,80.2,86.7,84.2,100.0,100.0,30.0,100.0
2029-06-01,1.0403,1.0149,1.0284,0.9854,1.0004,0.9952,1.0117,0.9988,1.0066,0.9958,0.9756,1.0025,1.1236,1.0465,1.0722,0.9854,1.0202,1.0445,1.0814,1.0001,1.0203,1.0178,0.9768,1.0036,3405.33,5110.20,4089.58,2582.09,1996.69,1192.45,205.58,2670.82,1809.20,555.92,1.2084,0.6524,1.0786,1.4587,1.0263,0.5627,1.1897,0.2270,0.2658,-0.1136,0.5934,0.6773,0.6231,0.5935,0.6169,0.7386,0.5376,0.6288,0.6270,0.7245,0.0140,0.0109,0.0123,0.0158,0.0166,0.0000,0.0440,0.0019,0.0117,0.0102,0.9768,0.9760,0.9887,0.9754,0.9775,1.0000,0.9763,1.0000,0.9698,1.0000,49.43,182.52,74.87,51.19,59.31,10.90,6.19,227.00,61.09,85.63,0.0000,0.0000,0.0000,0.0000,0.0000,0.0000,0.3619,0.0505,0.0000,0.0000,104304,74663,53998,54750,86225,66964,95775,572442,131417,91336,0.0000,0.0000,0.0000,0.0000,0.0000,0.0000,0.4100,0.4100,0.0000,0.0000,0,0,0,0,0,0,0,1,0,0,0,0,0,0,0,0,1,1,0,0,0.1195,0.0753,0.1355,0.0502,0.0881,0.0126,0.0714,0.1024,0.0013,0.1376,0.000,0.000,0.000,0.000,0.000,0.000,0.036,0.155,0.000,0.000,semi-presidential,parliamentary,parliamentary,parliamentary,parliamentary,semi-presidential,semi-presidential,electoral-authoritarian,junta,parliamentary,0.800,0.800,0.800,0.800,0.800,0.800,0.800,0.500,0.400,0.800,94.1,38.3,100.0,83.0,89.4,87.3,100.0,100.0,32.1,100.0
2029-07-01,1.0404,1.0112,1.0265,0.9839,0.9962,0.9943,1.0103,0.9988,1.0046,0.9968,0.9775,1.0036,1.1252,1.0414,1.0702,0.9839,1.0160,1.0436,1.0117,1.0001,1.0181,1.0198,1.0287,1.0043,3411.56,5106.73,4095.93,2586.58,1998.12,1196.44,205.48,2670.25,1816.70,556.36,1.2065,0.6530,1.0771,1.4563,1.0256,0.5613,1.1905,0.2283,0.2652,-0.1275,0.5925,0.6743,0.6243,0.5853,0.6127,0.7238,0.5489,0.6233,0.6090,0.7010,0.0135,0.0108,0.0117,0.0158,0.0162,0.0000,0.0440,0.0018,0.0116,0.0094,0.9778,0.9769,0.9892,0.9765,0.9787,1.0000,0.9767,1.0000,0.9710,1.0000,49.53,182.10,74.80,51.03,59.44,10.85,6.22,227.44,60.96,85.37,0.0000,0.0000,0.0000,0.0000,0.0000,0.0000,0.3619,0.0504,0.0000,0.0000,104304,74663,53998,54750,86225,66964,95775,572442,131417,91336,0.0000,0.0000,0.0000,0.0000,0.0000,0.0000,0.4200,0.4200,0.0000,0.0000,0,0,0,0,0,0,0,1,0,0,0,0,0,0,0,0,1,1,0,0,0.1206,0.0759,0.1364,0.0508,0.0889,0.0130,0.0715,0.1023,0.0013,0.1372,0.000,0.000,0.000,0.000,0.000,0.000,0.037,0.168,0.000,0.000,semi-presidential,parliamentary,parliamentary,parliamentary,parliamentary,semi-presidential,semi-presidential,electoral-authoritarian,junta,parliamentary,0.800,0.800,0.800,0.800,0.800,0.800,0.800,0.500,0.400,0.800,96.7,41.1,100.0,85.8,92.1,90.3,100.0,100.0,34.1,100.0
2029-08-01,1.0389,1.0081,1.0268,0.9843,0.9929,0.9970,1.0085,0.9975,1.0028,0.9951,0.9806,1.0037,1.1223,1.0381,1.0705,1.0226,1.0127,1.0465,1.0098,0.9988,1.0158,0.9951,1.0822,1.0037,3421.34,5111.34,4099.69,2589.16,2003.90,1201.02,205.74,2672.99,1822.01,556.86,1.2034,0.6525,1.0760,1.4549,1.0227,0.5596,1.1893,0.2292,0.2650,-0.1414,0.6006,0.6690,0.6390,0.5997,0.6161,0.7245,0.5298,0.6282,0.6099,0.6986,0.0149,0.0111,0.0294,0.0170,0.0171,0.0000,0.0453,0.0018,0.0144,0.0112,0.9780,0.9770,0.9893,0.9766,0.9788,1.0000,0.9766,1.0000,0.9712,1.0000,49.21,180.67,75.52,50.01,58.14,10.78,6.11,224.96,60.59,84.84,0.0000,0.0000,0.0000,0.0000,0.0000,0.0000,0.3618,0.0503,0.0000,0.0000,104304,74663,53998,54750,86225,66964,95775,572442,131417,91336,0.0000,0.0000,0.0000,0.0000,0.0000,0.0000,0.4300,0.4300,0.0000,0.0000,0,0,0,0,0,0,0,1,0,0,0,0,0,0,0,0,1,1,0,0,0.1211,0.0755,0.1365,0.0505,0.0888,0.0130,0.0727,0.1019,0.0013,0.1374,0.000,0.000,0.000,0.000,0.000,0.000,0.037,0.166,0.000,0.000,semi-presidential,parliamentary,parliamentary,parliamentary,parliamentary,semi-presidential,semi-presidential,electoral-authoritarian,junta,parliamentary,0.800,0.800,0.800,0.800,0.800,0.800,0.800,0.500,0.400,0.800,99.4,43.8,30.0,88.6,94.7,93.3,100.0,100.0,36.1,100.0
2029-09-01,1.0400,1.0047,1.0297,0.9840,0.9903,0.9977,1.0085,0.9977,1.0025,0.9938,0.9813,1.0033,1.1279,1.0351,1.0748,1.0066,1.0102,1.0480,1.0099,0.9990,1.0158,0.9938,0.9935,1.0033,3426.51,5113.45,4115.01,2595.14,2011.52,1205.62,205.64,2670.09,1825.39,557.56,1.2018,0.6523,1.0722,1.4516,1.0188,0.5579,1.1902,0.2307,0.2649,-0.1552,0.6133,0.6852,0.6364,0.5999,0.6383,0.7318,0.5380,0.5982,0.6503,0.6966,0.0125,0.0111,0.0209,0.0161,0.0157,0.0000,0.0432,0.0013,0.0136,0.0075,0.9775,0.9765,0.9890,0.9761,0.9784,1.0000,0.9764,1.0000,0.9706,1.0000,49.73,181.66,75.74,50.87,59.27,10.79,6.20,228.00,61.12,84.97,0.0000,0.0000,0.0000,0.0000,0.0000,0.0000,0.3628,0.0518,0.0000,0.0000,104304,74663,53998,54750,86225,66964,95775,572442,131417,91336,0.0000,0.0000,0.0000,0.0000,0.0000,0.0000,0.4400,0.4400,0.0000,0.0000,0,0,0,0,0,0,0,1,0,0,0,0,0,0,0,0,1,1,0,0,0.1183,0.0744,0.1329,0.0494,0.0864,0.0128,0.0730,0.1028,0.0013,0.1366,0.000,0.000,0.000,0.000,0.000,0.000,0.037,0.165,0.000,0.000,semi-presidential,parliamentary,parliamentary,parliamentary,parliamentary,semi-presidential,semi-presidential,electoral-authoritarian,junta,parliamentary,0.800,0.800,0.800,0.800,0.800,0.800,0.800,0.500,0.400,0.800,100.0,46.7,32.8,91.5,97.5,96.4,100.0,100.0,38.3,100.0
2029-10-01,1.0399,1.0025,1.0288,0.9793,0.9876,0.9984,1.0072,0.9991,1.0008,0.9921,0.9796,1.0028,1.1272,1.0333,1.0739,0.9793,1.0075,1.0485,1.0086,1.0161,1.0142,0.9921,0.9808,1.0028,3429.08,5118.34,4112.45,2596.56,2019.02,1209.25,205.85,2669.71,1831.04,556.66,1.2011,0.6518,1.0731,1.4508,1.0151,0.5566,1.1894,0.2320,0.2646,-0.1696,0.6131,0.6871,0.6600,0.6115,0.6611,0.7304,0.5234,0.5790,0.6485,0.7054,0.0130,0.0111,0.0111,0.0161,0.0160,0.0000,0.0425,0.0014,0.0119,0.0081,0.9773,0.9763,0.9889,0.9759,0.9781,1.0000,0.9761,1.0000,0.9703,1.0000,49.57,181.39,74.96,51.16,59.68,10.89,6.21,228.00,61.06,85.17,0.0000,0.0000,0.0000,0.0000,0.0000,0.0000,0.3628,0.0518,0.0000,0.0000,104304,74663,53998,54750,86225,66964,95775,572442,131417,91336,0.0000,0.0000,0.0000,0.0000,0.0000,0.0000,0.4500,0.4500,0.0000,0.0000,0,0,0,0,0,0,0,1,0,0,0,0,0,0,0,0,1,1,0,0,0.1162,0.0737,0.1318,0.0488,0.0853,0.0125,0.0720,0.1022,0.0013,0.1368,0.000,0.000,0.000,0.000,0.000,0.000,0.037,0.164,0.000,0.000,semi-presidential,parliamentary,parliamentary,parliamentary,parliamentary,semi-presidential,semi-presidential,electoral-authoritarian,junta,parliamentary,0.800,0.800,0.800,0.800,0.800,0.800,0.800,0.500,0.400,0.800,100.0,49.5,35.8,94.4,100.0,99.5,100.0,100.0,40.5,30.0
2029-11-01,1.0419,1.0023,1.0287,0.9772,0.9873,0.9956,1.0064,0.9988,0.9990,0.9890,0.9785,1.0020,1.1312,1.0341,1.0735,0.9772,1.0079,1.0455,1.0079,1.0001,1.0122,0.9890,0.9797,1.0020,3426.58,5113.26,4114.06,2599.28,2022.63,1214.31,205.80,2672.23,1837.05,557.04,1.2022,0.6525,1.0729,1.4493,1.0133,0.5548,1.1900,0.2330,0.2642,-0.1836,0.6075,0.6993,0.6415,0.6113,0.6785,0.7276,0.5310,0.5793,0.6308,0.6820,0.0123,0.0112,0.0104,0.0164,0.0158,0.0000,0.0426,0.0012,0.0120,0.0072,0.9765,0.9756,0.9885,0.9751,0.9773,1.0000,0.9757,1.0000,0.9694,1.0000,50.05,181.80,75.00,51.81,60.59,10.80,6.27,232.15,61.82,85.02,0.0000,0.0000,0.0000,0.0000,0.0000,0.0000,0.3628,0.0518,0.0000,0.0000,104304,74663,53998,54750,86225,66964,95775,572442,131417,91336,0.0000,0.0000,0.0000,0.0000,0.0000,0.0000,0.4600,0.4600,0.0000,0.0000,0,0,0,0,0,0,0,1,0,0,0,0,0,0,0,0,1,1,0,0,0.1147,0.0726,0.1294,0.0476,0.0838,0.0122,0.0754,0.1034,0.0014,0.1366,0.000,0.000,0.000,0.000,0.000,0.000,0.036,0.162,0.000,0.000,semi-presidential,parliamentary,parliamentary,parliamentary,parliamentary,semi-presidential,semi-presidential,electoral-authoritarian,junta,parliamentary,0.800,0.800,0.800,0.800,0.800,0.800,0.800,0.500,0.400,0.800,100.0,52.5,38.7,97.3,100.0,100.0,100.0,100.0,42.6,32.8
2029-12-01,1.0471,1.0016,1.0326,0.9761,0.9852,0.9922,1.0071,1.0003,0.9989,0.9860,0.9800,1.0008,1.1416,1.0334,1.0778,0.9761,1.0052,1.0417,1.0233,1.0335,1.0120,0.9860,1.0209,1.0008,3421.07,5122.64,4100.21,2595.67,2030.02,1219.07,205.78,2679.86,1845.16,558.32,1.2045,0.6514,1.0767,1.4514,1.0097,0.5530,1.1904,0.2335,0.2635,-0.1973,0.5968,0.6820,0.6431,0.6085,0.6692,0.7379,0.5258,0.5723,0.6375,0.6859,0.0160,0.0115,0.0140,0.0166,0.0183,0.0000,0.0486,0.0019,0.0125,0.0115,0.9765,0.9756,0.9885,0.9750,0.9772,1.0000,0.9756,1.0000,0.9693,1.0000,51.36,183.93,76.29,53.16,62.49,10.97,6.42,239.68,63.15,85.31,0.0000,0.0000,0.0000,0.0000,0.0000,0.0000,0.3628,0.0518,0.0000,0.0000,104304,74663,53998,54750,86225,66964,95775,572442,131417,91336,0.0000,0.0000,0.0000,0.0000,0.0000,0.0000,0.4700,0.4700,0.0000,0.0000,0,0,0,0,0,0,0,1,0,0,0,0,0,0,0,0,1,1,0,0,0.1100,0.0700,0.1240,0.0453,0.0796,0.0115,0.0713,0.1045,0.0013,0.1366,0.000,0.000,0.000,0.000,0.000,0.000,0.034,0.161,0.000,0.000,semi-presidential,parliamentary,parliamentary,parliamentary,parliamentary,semi-presidential,semi-presidential,electoral-authoritarian,junta,parliamentary,0.800,0.800,0.800,0.800,0.800,0.800,0.800,0.500,0.400,0.800,100.0,55.3,41.5,100.0,100.0,100.0,100.0,100.0,44.7,35.6
2030-01-01,1.0507,1.0001,1.0325,0.9787,0.9842,0.9915,1.0067,1.0024,0.9985,0.9874,0.9825,0.9994,1.1458,1.0315,1.0776,1.0492,1.0045,1.0410,1.0441,1.0901,1.0406,1.0620,1.0948,0.9994,3417.84,5116.18,4096.51,2592.83,2024.33,1220.41,205.46,2690.03,1848.97,558.77,1.2059,0.6523,1.0780,1.4530,1.0126,0.5528,1.1921,0.2338,0.2634,-0.2113,0.5836,0.6958,0.6050,0.5937,0.6868,0.7456,0.5194,0.5845,0.6492,0.7021,0.0214,0.0159,0.0378,0.0312,0.0228,0.0008,0.0574,0.0043,0.0174,0.0195,0.9767,0.9758,0.9886,0.9753,0.9775,1.0000,0.9756,1.0000,0.9696,1.0000,51.37,179.62,74.06,53.57,60.87,11.06,6.26,238.66,62.72,84.71,0.0000,0.0000,0.0000,0.0000,0.0000,0.0000,0.3628,0.0518,0.0000,0.0000,104304,74663,53998,54750,86225,66964,95775,572442,131417,91336,0.0000,0.0000,0.0000,0.0000,0.0000,0.0000,0.4800,0.4800,0.0000,0.0000,0,0,0,0,0,0,0,1,0,0,0,0,0,0,0,0,1,1,0,0,0.1090,0.0678,0.1223,0.0436,0.0793,0.0110,0.0722,0.1047,0.0014,0.1402,0.000,0.000,0.000,0.000,0.000,0.000,0.032,0.160,0.000,0.000,semi-presidential,parliamentary,parliamentary,parliamentary,parliamentary,semi-presidential,semi-presidential,electoral-authoritarian,junta,parliamentary,0.800,0.800,0.800,0.800,0.800,0.800,0.800,0.500,0.400,0.800,100.0,58.2,44.2,100.0,100.0,100.0,100.0,100.0,46.9,38.5
2030-02-01,1.0549,1.0001,1.0297,0.9803,0.9829,0.9898,1.0075,1.0041,0.9987,0.9909,0.9863,0.9983,1.1474,1.0307,1.0714,1.0417,1.0028,1.0381,1.0198,1.0316,1.0108,1.0659,1.0793,0.9983,3414.62,5116.92,4101.27,2589.94,2017.81,1223.78,205.60,2688.45,1855.00,560.37,1.2074,0.6523,1.0770,1.4547,1.0161,0.5518,1.1916,0.2351,0.2630,-0.2249,0.5763,0.6780,0.5997,0.5757,0.6220,0.7156,0.4950,0.6109,0.6504,0.6928,0.0166,0.0145,0.0321,0.0267,0.0185,0.0002,0.0530,0.0023,0.0153,0.0130,0.9773,0.9765,0.9889,0.9759,0.9780,1.0000,0.9752,1.0000,0.9704,1.0000,52.01,182.22,75.89,53.57,61.90,11.44,6.35,241.93,63.42,85.23,0.0000,0.0000,0.0000,0.0000,0.0000,0.0000,0.3625,0.0495,0.0000,0.0000,104304,74663,53998,54750,86225,66964,95775,572442,131417,91336,0.0000,0.0000,0.0000,0.0000,0.0000,0.0000,0.4900,0.4900,0.0000,0.0000,0,0,0,0,0,0,0,1,0,0,0,0,0,0,0,0,1,1,0,0,0.1104,0.0686,0.1238,0.0438,0.0803,0.0113,0.0709,0.1052,0.0013,0.1402,0.000,0.000,0.000,0.000,0.000,0.000,0.031,0.160,0.000,0.000,semi-presidential,parliamentary,parliamentary,parliamentary,parliamentary,semi-presidential,semi-presidential,electoral-authoritarian,junta,parliamentary,0.800,0.800,0.800,0.800,0.800,0.800,0.800,0.500,0.400,0.800,100.0,61.0,46.8,100.0,100.0,100.0,100.0,100.0,49.1,41.4
2030-03-01,1.0554,0.9970,1.0303,0.9810,0.9861,0.9885,1.0054,1.0051,0.9990,0.9937,0.9914,0.9969,1.1437,1.0261,1.0728,1.0293,1.0277,1.0365,1.0066,1.0183,1.0113,1.0596,1.1360,0.9969,3408.49,5112.44,4093.77,2580.52,2022.94,1228.66,205.28,2695.72,1866.35,559.84,1.2099,0.6530,1.0792,1.4602,1.0137,0.5500,1.1938,0.2356,0.2619,-0.2393,0.5747,0.6793,0.6115,0.5669,0.5895,0.7099,0.5088,0.5967,0.6206,0.7007,0.0167,0.0124,0.0346,0.0250,0.0234,0.0000,0.0517,0.0024,0.0149,0.0208,0.9785,0.9776,0.9895,0.9772,0.9793,1.0000,0.9758,1.0000,0.9719,1.0000,50.92,183.51,77.23,51.26,60.80,11.59,6.25,235.10,62.75,85.77,0.0000,0.0000,0.0000,0.0000,0.0000,0.0000,0.3623,0.0492,0.0000,0.0000,104304,74663,53998,54750,86225,66964,95775,572442,131417,91336,0.0000,0.0000,0.0000,0.0000,0.0000,0.0000,0.5000,0.5000,0.0000,0.0000,0,0,0,0,0,0,0,1,0,0,0,0,0,0,0,0,1,1,0,0,0.1054,0.0668,0.1182,0.0413,0.0756,0.0115,0.0729,0.1042,0.0014,0.1390,0.000,0.000,0.000,0.000,0.000,0.000,0.029,0.160,0.000,0.000,semi-presidential,parliamentary,parliamentary,parliamentary,parliamentary,semi-presidential,semi-presidential,electoral-authoritarian,junta,parliamentary,0.800,0.800,0.800,0.800,0.800,0.800,0.800,0.500,0.400,0.800,100.0,63.8,49.5,100.0,100.0,100.0,100.0,100.0,51.2,44.3
2030-04-01,1.0564,0.9938,1.0288,0.9805,0.9868,0.9889,1.0026,1.0069,0.9978,0.9972,0.9973,0.9945,1.1438,1.0225,1.0694,0.9965,1.0101,1.0370,1.0040,1.0234,1.0103,1.0546,1.1323,0.9945,3409.21,5118.37,4084.29,2576.49,2019.65,1228.37,205.14,2693.88,1868.81,560.84,1.2100,0.6523,1.0821,1.4625,1.0156,0.5505,1.1949,0.2360,0.2620,-0.2530,0.5683,0.6741,0.5935,0.5341,0.6152,0.7242,0.5017,0.5969,0.6410,0.6725,0.0164,0.0106,0.0233,0.0161,0.0190,0.0000,0.0511,0.0025,0.0130,0.0146,0.9787,0.9777,0.9896,0.9774,0.9795,1.0000,0.9758,1.0000,0.9721,1.0000,50.54,185.69,79.17,52.85,62.00,11.80,6.37,234.02,62.80,86.28,0.0000,0.0000,0.0000,0.0000,0.0000,0.0000,0.3620,0.0492,0.0000,0.0000,104304,74663,53998,54750,86225,66964,95775,572442,131417,91336,0.0000,0.0000,0.0000,0.0000,0.0000,0.0000,0.5100,0.5100,0.0000,0.0000,0,0,0,0,0,0,0,1,0,0,0,0,0,0,0,0,1,1,0,0,0.0972,0.0635,0.1091,0.0386,0.0694,0.0116,0.0711,0.1041,0.0014,0.1370,0.000,0.000,0.000,0.000,0.000,0.000,0.025,0.161,0.000,0.000,semi-presidential,parliamentary,parliamentary,parliamentary,parliamentary,semi-presidential,semi-presidential,electoral-authoritarian,junta,parliamentary,0.800,0.800,0.800,0.800,0.800,0.800,0.800,0.500,0.400,0.800,100.0,66.6,52.1,100.0,100.0,100.0,100.0,30.0,53.3,47.1
2030-05-01,1.0567,0.9961,1.0231,0.9799,0.9897,0.9869,0.9999,1.0045,0.9987,0.9983,1.0001,0.9941,1.1420,1.0266,1.0591,0.9932,1.0282,1.0345,1.0012,1.0059,1.0169,1.0240,1.0776,0.9941,3402.13,5114.57,4086.03,2581.36,2024.26,1230.70,204.95,2701.45,1874.66,562.67,1.2129,0.6529,1.0819,1.4600,1.0135,0.5499,1.1963,0.2355,0.2617,-0.2663,0.5753,0.6923,0.5830,0.5340,0.6034,0.6933,0.4981,0.5628,0.6265,0.6907,0.0136,0.0105,0.0201,0.0187,0.0205,0.0000,0.0472,0.0020,0.0126,0.0164,0.9774,0.9766,0.9889,0.9759,0.9779,1.0000,0.9746,1.0000,0.9705,1.0000,50.49,184.96,77.84,52.68,61.61,11.53,6.29,234.40,63.23,86.40,0.0000,0.0000,0.0000,0.0000,0.0000,0.0000,0.3612,0.0486,0.0000,0.0000,104304,74663,53998,54750,86225,66964,95775,572442,131417,91336,0.0000,0.0000,0.0000,0.0000,0.0000,0.0000,0.5200,0.5200,0.0000,0.0000,0,0,0,0,0,0,0,1,0,0,0,0,0,0,0,0,1,1,0,0,0.1112,0.0689,0.1254,0.0438,0.0797,0.0114,0.0716,0.1045,0.0015,0.1370,0.000,0.000,0.000,0.000,0.000,0.000,0.025,0.174,0.000,0.000,semi-presidential,parliamentary,parliamentary,parliamentary,parliamentary,semi-presidential,semi-presidential,electoral-authoritarian,junta,parliamentary,0.800,0.800,0.800,0.800,0.800,0.800,0.800,0.500,0.400,0.800,100.0,69.4,54.6,100.0,100.0,100.0,100.0,32.3,55.4,49.9
2030-06-01,1.0561,1.0004,1.0186,0.9808,0.9890,0.9837,0.9973,1.0029,0.9984,1.0002,1.0016,0.9945,1.1428,1.0836,1.0564,1.0412,1.0090,1.0318,0.9985,1.0041,1.0261,1.0717,1.0727,0.9950,3397.62,5112.07,4089.37,2580.77,2023.08,1235.01,204.52,2701.73,1877.79,564.50,1.2149,0.6533,1.0814,1.4605,1.0142,0.5485,1.1992,0.2357,0.2617,-0.2796,0.5667,0.6802,0.6001,0.5655,0.6372,0.6893,0.4999,0.5910,0.6325,0.7143,0.0202,0.0194,0.0339,0.0297,0.0231,0.0045,0.0489,0.0024,0.0209,0.0104,0.9303,0.9342,0.9645,0.9362,0.9316,0.9678,0.9657,1.0000,0.9374,1.0000,50.03,180.23,75.02,51.76,59.82,11.50,6.11,231.73,62.99,86.01,0.0000,0.0000,0.0000,0.0000,0.0000,0.0000,0.3620,0.0503,0.0000,0.0000,104304,74663,53998,54750,86225,66964,95775,572442,131417,91336,0.0000,0.0000,0.0000,0.0000,0.0000,0.0000,0.5300,0.5300,0.0000,0.0000,0,0,0,0,0,0,0,1,0,0,0,0,0,0,0,0,1,1,0,0,0.1145,0.0691,0.1292,0.0442,0.0825,0.0113,0.0705,0.1042,0.0014,0.1393,0.000,0.000,0.000,0.000,0.000,0.000,0.026,0.175,0.000,0.000,semi-presidential,parliamentary,parliamentary,parliamentary,parliamentary,semi-presidential,semi-presidential,electoral-authoritarian,junta,parliamentary,0.800,0.800,0.800,0.800,0.800,0.800,0.800,0.500,0.400,0.800,100.0,72.2,57.2,100.0,100.0,100.0,100.0,34.8,57.5,52.9
2030-07-01,1.0543,1.0032,1.0129,0.9815,0.9890,0.9835,0.9969,1.0065,1.0000,0.9968,1.0025,0.9940,1.1367,1.0464,1.0484,1.0228,1.0091,1.0309,0.9982,1.0696,1.0205,0.9968,1.0126,0.9940,3400.21,5112.12,4087.95,2579.45,2025.70,1235.70,203.81,2699.20,1884.30,565.17,1.2141,0.6532,1.0820,1.4615,1.0131,0.5486,1.2037,0.2361,0.2613,-0.2935,0.5583,0.6662,0.6058,0.5537,0.6208,0.6969,0.4888,0.5848,0.6051,0.7335,0.0158,0.0126,0.0304,0.0186,0.0181,0.0013,0.0470,0.0020,0.0157,0.0118,0.9668,0.9655,0.9835,0.9667,0.9690,0.9909,0.9738,1.0000,0.9619,1.0000,49.77,184.48,78.75,51.74,60.42,11.92,6.17,229.81,62.96,87.02,0.0000,0.0000,0.0000,0.0000,0.0000,0.0000,0.3622,0.0489,0.0000,0.0000,104304,74663,53998,54750,86225,66964,95775,572442,131417,91336,0.0000,0.0000,0.0000,0.0000,0.0000,0.0000,0.5400,0.5400,0.0000,0.0000,0,0,0,0,0,0,0,1,0,0,0,0,0,0,0,0,1,1,0,0,0.1102,0.0684,0.1243,0.0430,0.0790,0.0116,0.0710,0.1040,0.0014,0.1382,0.000,0.000,0.000,0.000,0.000,0.000,0.025,0.175,0.000,0.000,semi-presidential,parliamentary,parliamentary,parliamentary,parliamentary,semi-presidential,semi-presidential,electoral-authoritarian,junta,parliamentary,0.800,0.800,0.800,0.800,0.800,0.800,0.800,0.500,0.400,0.800,100.0,75.0,59.9,100.0,100.0,100.0,100.0,37.3,59.5,56.0
2030-08-01,1.0533,1.0061,1.0137,0.9820,0.9892,0.9813,0.9967,1.0078,0.9976,0.9941,1.0047,0.9941,1.1402,1.0542,1.0570,1.0276,1.0096,1.0297,0.9980,1.0377,1.0101,0.9941,1.0662,0.9943,3398.29,5120.07,4084.04,2575.58,2025.14,1240.47,203.16,2705.88,1884.81,566.47,1.2146,0.6522,1.0834,1.4639,1.0135,0.5469,1.2080,0.2358,0.2617,-0.3070,0.5672,0.6694,0.6012,0.5635,0.6277,0.6836,0.4625,0.5594,0.6111,0.7151,0.0172,0.0141,0.0313,0.0212,0.0194,0.0015,0.0466,0.0018,0.0170,0.0115,0.9628,0.9618,0.9815,0.9630,0.9650,0.9892,0.9734,1.0000,0.9583,1.0000,49.68,183.90,78.48,51.51,60.38,12.04,6.12,229.97,63.27,87.14,0.0000,0.0000,0.0000,0.0000,0.0000,0.0000,0.3628,0.0518,0.0000,0.0000,104304,74663,53998,54750,86225,66964,95775,572442,131417,91336,0.0000,0.0000,0.0000,0.0000,0.0000,0.0000,0.5500,0.5500,0.0000,0.0000,0,0,0,0,0,0,0,1,0,0,0,0,0,0,0,0,1,1,0,0,0.1141,0.0697,0.1291,0.0445,0.0821,0.0116,0.0717,0.1039,0.0015,0.1384,0.000,0.000,0.000,0.000,0.000,0.000,0.025,0.175,0.000,0.000,semi-presidential,parliamentary,parliamentary,parliamentary,parliamentary,semi-presidential,semi-presidential,electoral-authoritarian,junta,parliamentary,0.800,0.800,0.800,0.800,0.800,0.800,0.800,0.500,0.400,0.800,100.0,77.7,62.5,100.0,100.0,100.0,100.0,39.6,61.5,59.0
2030-09-01,1.0511,1.0120,1.0115,0.9825,0.9889,0.9808,0.9981,1.0081,0.9961,0.9933,1.0068,0.9944,1.1367,1.1332,1.0530,1.0411,1.0090,1.0291,1.0387,1.0223,1.0084,0.9933,1.0732,0.9948,3394.69,5111.55,4087.85,2573.28,2024.12,1245.26,203.08,2708.13,1889.04,568.44,1.2160,0.6533,1.0824,1.4654,1.0142,0.5452,1.2089,0.2358,0.2616,-0.3202,0.5649,0.6817,0.6012,0.5616,0.6219,0.7047,0.4521,0.5823,0.6119,0.7300,0.0267,0.0229,0.0379,0.0315,0.0286,0.0076,0.0482,0.0019,0.0249,0.0122,0.8982,0.9051,0.9482,0.9081,0.8995,0.9455,0.9612,1.0000,0.9124,1.0000,49.37,182.30,77.23,50.69,59.64,12.13,6.02,228.17,63.03,87.26,0.0000,0.0000,0.0000,0.0000,0.0000,0.0000,0.3628,0.0518,0.0000,0.0000,104304,74663,53998,54750,86225,66964,95775,572442,131417,91336,0.0000,0.0000,0.0000,0.0000,0.0000,0.0000,0.5600,0.5600,0.0000,0.0000,0,0,0,0,0,0,0,1,0,0,0,0,0,0,0,0,1,1,0,0,0.1143,0.0698,0.1291,0.0442,0.0823,0.0116,0.0708,0.1036,0.0014,0.1385,0.000,0.000,0.000,0.000,0.000,0.000,0.026,0.175,0.000,0.000,semi-presidential,parliamentary,parliamentary,parliamentary,parliamentary,semi-presidential,semi-presidential,electoral-authoritarian,junta,parliamentary,0.800,0.800,0.800,0.800,0.800,0.800,0.800,0.500,0.400,0.800,100.0,80.5,65.2,100.0,100.0,100.0,100.0,42.0,63.6,62.1
2030-10-01,1.0484,1.0176,1.0075,0.9833,0.9898,0.9820,0.9977,1.0064,0.9957,0.9934,1.0071,0.9953,1.1327,1.1348,1.0466,1.0392,1.0161,1.0305,0.9989,1.0077,1.0080,0.9941,1.0143,0.9963,3389.73,5118.21,4093.68,2574.33,2027.07,1251.24,202.81,2707.92,1890.91,568.82,1.2179,0.6525,1.0807,1.4650,1.0127,0.5430,1.2109,0.2360,0.2618,-0.3342,0.5587,0.6673,0.6051,0.5644,0.6092,0.7173,0.4746,0.5759,0.5809,0.7412,0.0223,0.0220,0.0337,0.0310,0.0269,0.0072,0.0438,0.0012,0.0237,0.0091,0.9017,0.9085,0.9501,0.9115,0.9028,0.9487,0.9619,1.0000,0.9161,1.0000,49.02,181.34,76.71,50.44,59.19,12.01,5.96,226.46,62.87,87.60,0.0000,0.0000,0.0000,0.0000,0.0000,0.0000,0.3628,0.0518,0.0000,0.0000,104304,74663,53998,54750,86225,66964,95775,572442,131417,91336,0.0000,0.0000,0.0000,0.0000,0.0000,0.0000,0.5700,0.5700,0.0000,0.0000,0,0,0,0,0,0,0,1,0,0,0,0,0,0,0,0,1,1,0,0,0.1151,0.0701,0.1298,0.0447,0.0828,0.0115,0.0724,0.1037,0.0015,0.1390,0.000,0.000,0.000,0.000,0.000,0.000,0.027,0.175,0.000,0.000,semi-presidential,parliamentary,parliamentary,parliamentary,parliamentary,semi-presidential,semi-presidential,electoral-authoritarian,junta,parliamentary,0.800,0.800,0.800,0.800,0.800,0.800,0.800,0.500,0.400,0.800,100.0,83.3,67.8,100.0,100.0,100.0,100.0,44.5,65.4,65.2
2030-11-01,1.0477,1.0235,1.0080,0.9857,0.9895,0.9824,0.9995,1.0040,0.9950,0.9940,1.0063,0.9969,1.1334,1.1425,1.0512,1.0651,1.0096,1.0307,1.0624,1.0051,1.0069,1.0188,1.0074,0.9984,3397.37,5104.00,4100.66,2574.47,2018.52,1254.91,202.38,2716.98,1895.07,570.51,1.2153,0.6544,1.0789,1.4652,1.0172,0.5419,1.2139,0.2354,0.2617,-0.3474,0.5551,0.6758,0.6175,0.5670,0.6141,0.7281,0.4760,0.5567,0.5625,0.7205,0.0246,0.0254,0.0357,0.0397,0.0272,0.0077,0.0457,0.0016,0.0242,0.0098,0.9005,0.9076,0.9495,0.9106,0.9015,0.9483,0.9621,1.0000,0.9157,1.0000,49.23,177.28,73.36,52.67,58.66,11.72,5.88,229.06,63.28,87.21,0.0000,0.0000,0.0000,0.0000,0.0000,0.0000,0.3628,0.0518,0.0000,0.0000,104304,74663,53998,54750,86225,66964,95775,572442,131417,91336,0.0000,0.0000,0.0000,0.0000,0.0000,0.0000,0.5800,0.5800,0.0000,0.0000,0,0,0,0,0,0,0,1,0,0,0,0,0,0,0,0,1,1,0,0,0.1158,0.0700,0.1310,0.0458,0.0846,0.0111,0.0724,0.1038,0.0014,0.1417,0.000,0.000,0.000,0.000,0.000,0.000,0.029,0.176,0.000,0.000,semi-presidential,parliamentary,parliamentary,parliamentary,parliamentary,semi-presidential,semi-presidential,electoral-authoritarian,junta,parliamentary,0.800,0.800,0.800,0.800,0.800,0.800,0.800,0.500,0.400,0.800,100.0,86.1,70.6,100.0,100.0,100.0,100.0,46.7,67.3,68.3
2030-12-01,1.0487,1.0234,1.0043,0.9867,0.9900,0.9831,0.9986,1.0053,0.9980,0.9955,1.0040,0.9998,1.1355,1.0566,1.0434,1.0285,1.0118,1.0312,0.9998,1.0069,1.0367,1.0131,1.0053,1.0019,3397.81,5104.12,4108.61,2571.61,2018.48,1259.27,202.32,2715.45,1897.17,571.64,1.2153,0.6546,1.0768,1.4670,1.0176,0.5404,1.2147,0.2357,0.2619,-0.3610,0.5736,0.6455,0.6293,0.5696,0.5678,0.7222,0.4639,0.5709,0.5613,0.7253,0.0119,0.0120,0.0266,0.0196,0.0164,0.0000,0.0449,0.0023,0.0153,0.0087,0.9757,0.9750,0.9882,0.9742,0.9762,1.0000,0.9758,1.0000,0.9684,1.0000,50.24,183.93,78.11,51.77,60.55,12.04,6.09,232.74,64.02,88.30,0.0000,0.0000,0.0000,0.0000,0.0000,0.0000,0.3628,0.0510,0.0000,0.0000,104304,74663,53998,54750,86225,66964,95775,572442,131417,91336,0.0000,0.0000,0.0000,0.0000,0.0000,0.0000,0.5900,0.5900,0.0000,0.0000,0,0,0,0,0,0,0,1,0,0,0,0,0,0,0,0,1,1,0,0,0.1184,0.0735,0.1333,0.0482,0.0862,0.0115,0.0751,0.1046,0.0015,0.1395,0.000,0.000,0.000,0.000,0.000,0.000,0.033,0.176,0.000,0.000,semi-presidential,parliamentary,parliamentary,parliamentary,parliamentary,semi-presidential,semi-presidential,electoral-authoritarian,junta,parliamentary,0.800,0.800,0.800,0.800,0.800,0.800,0.800,0.500,0.400,0.800,100.0,88.7,73.4,100.0,100.0,100.0,100.0,49.1,69.1,71.3
2031-01-01,1.0483,1.0260,1.0012,0.9880,0.9910,0.9863,0.9976,1.0031,0.9971,0.9967,0.9983,0.9999,1.1345,1.0601,1.0403,1.0426,1.0179,1.0346,0.9988,1.0043,1.0092,1.0315,0.9995,0.9999,3403.01,5099.94,4108.17,2572.92,2017.66,1262.36,202.38,2719.29,1904.96,572.98,1.2135,0.6552,1.0769,1.4665,1.0183,0.5395,1.2148,0.2355,0.2613,-0.3744,0.5790,0.6548,0.6365,0.5692,0.5757,0.7288,0.4755,0.5664,0.5867,0.7259,0.0120,0.0137,0.0268,0.0256,0.0170,0.0000,0.0433,0.0013,0.0145,0.0089,0.9750,0.9744,0.9879,0.9734,0.9753,1.0000,0.9754,1.0000,0.9675,1.0000,50.09,180.50,75.36,52.09,59.64,11.83,5.98,232.46,63.91,88.08,0.0000,0.0000,0.0000,0.0000,0.0000,0.0000,0.3625,0.0511,0.0000,0.0000,104304,74663,53998,54750,86225,66964,95775,572442,131417,91336,0.0000,0.0000,0.0000,0.0000,0.0000,0.0000,0.6000,0.6000,0.0000,0.0000,0,0,0,0,0,0,0,1,0,0,0,0,0,0,0,0,1,1,0,0,0.1183,0.0727,0.1336,0.0477,0.0866,0.0113,0.0753,0.1047,0.0015,0.1418,0.000,0.000,0.000,0.000,0.000,0.000,0.033,0.176,0.000,0.000,semi-presidential,parliamentary,parliamentary,parliamentary,parliamentary,semi-presidential,semi-presidential,electoral-authoritarian,junta,parliamentary,0.800,0.800,0.800,0.800,0.800,0.800,0.800,0.500,0.400,0.800,100.0,91.4,76.2,100.0,100.0,100.0,100.0,51.5,71.0,74.4
2031-02-01,1.0475,1.0283,1.0000,0.9862,0.9920,0.9851,0.9982,1.0018,0.9962,0.9961,0.9954,1.0013,1.1321,1.0623,1.0402,0.9862,1.0178,1.0330,0.9996,1.0031,1.0087,0.9961,0.9967,1.0024,3403.79,5116.34,4124.18,2571.74,2022.89,1267.77,202.09,2720.94,1913.57,573.93,1.2133,0.6532,1.0730,1.4673,1.0159,0.5376,1.2165,0.2356,0.2607,-0.3881,0.5915,0.6640,0.6202,0.5759,0.5814,0.7201,0.4936,0.5713,0.5857,0.7323,0.0120,0.0110,0.0105,0.0170,0.0167,0.0000,0.0419,0.0012,0.0118,0.0088,0.9752,0.9746,0.9880,0.9736,0.9755,1.0000,0.9754,1.0000,0.9678,1.0000,49.99,182.85,76.02,52.64,60.94,11.67,6.09,233.52,64.69,88.99,0.0000,0.0000,0.0000,0.0000,0.0000,0.0000,0.3624,0.0504,0.0000,0.0000,104304,74663,53998,54750,86225,66964,95775,572442,131417,91336,0.0000,0.0000,0.0000,0.0000,0.0000,0.0000,0.6100,0.6100,0.0000,0.0000,0,0,0,0,0,0,0,1,0,0,0,0,0,0,0,0,1,1,0,0,0.1190,0.0742,0.1342,0.0496,0.0870,0.0120,0.0764,0.1046,0.0015,0.1389,0.000,0.000,0.000,0.000,0.000,0.000,0.035,0.177,0.000,0.000,semi-presidential,parliamentary,parliamentary,parliamentary,parliamentary,semi-presidential,semi-presidential,electoral-authoritarian,junta,parliamentary,0.800,0.800,0.800,0.800,0.800,0.800,0.800,0.500,0.400,0.800,100.0,94.1,79.0,100.0,100.0,100.0,30.0,53.9,72.9,77.5
2031-03-01,1.0482,1.0278,0.9997,0.9839,0.9941,0.9836,0.9972,0.9995,0.9962,0.9934,0.9938,1.0021,1.1363,1.0615,1.0422,0.9839,1.0291,1.0319,0.9985,1.0008,1.0090,0.9934,0.9950,1.0027,3413.81,5125.86,4133.78,2581.09,2021.61,1270.58,202.24,2727.20,1921.59,574.64,1.2097,0.6521,1.0707,1.4622,1.0167,0.5368,1.2159,0.2352,0.2600,-0.4019,0.5905,0.6930,0.6594,0.5765,0.6142,0.7268,0.4866,0.5719,0.6133,0.7218,0.0123,0.0113,0.0116,0.0190,0.0191,0.0000,0.0424,0.0012,0.0121,0.0118,0.9754,0.9747,0.9881,0.9739,0.9759,1.0000,0.9761,1.0000,0.9680,1.0000,50.05,182.65,75.33,52.08,60.93,11.47,6.06,234.27,65.04,88.97,0.0000,0.0000,0.0000,0.0000,0.0000,0.0000,0.3628,0.0518,0.0000,0.0000,104304,74663,53998,54750,86225,66964,95775,572442,131417,91336,0.0000,0.0000,0.0000,0.0000,0.0000,0.0000,0.6200,0.6200,0.0000,0.0000,0,0,0,0,0,0,0,1,0,0,0,0,0,0,0,0,1,1,0,0,0.1191,0.0745,0.1350,0.0497,0.0879,0.0123,0.0768,0.1045,0.0015,0.1389,0.000,0.000,0.000,0.000,0.000,0.000,0.036,0.177,0.000,0.000,semi-presidential,parliamentary,parliamentary,parliamentary,parliamentary,semi-presidential,semi-presidential,electoral-authoritarian,junta,parliamentary,0.800,0.800,0.800,0.800,0.800,0.800,0.800,0.500,0.400,0.800,100.0,97.0,81.9,100.0,100.0,100.0,32.0,56.2,74.9,80.5
2031-04-01,1.0493,1.0250,0.9993,0.9822,0.9990,0.9779,1.0006,0.9975,0.9969,0.9933,0.9905,1.0013,1.1383,1.0572,1.0422,0.9822,1.0461,1.0257,1.0830,0.9988,1.0119,0.9933,0.9917,1.0013,3427.48,5140.22,4143.02,2582.21,2020.75,1274.31,202.18,2731.25,1929.03,575.01,1.2049,0.6503,1.0685,1.4617,1.0174,0.5356,1.2165,0.2350,0.2595,-0.4159,0.6049,0.7043,0.6644,0.6060,0.6052,0.7177,0.5018,0.5865,0.6383,0.7120,0.0147,0.0112,0.0155,0.0211,0.0234,0.0000,0.0454,0.0018,0.0122,0.0198,0.9766,0.9757,0.9886,0.9751,0.9772,1.0000,0.9767,1.0000,0.9694,1.0000,50.11,182.25,74.66,51.65,60.63,11.29,6.03,233.98,65.09,88.88,0.0000,0.0000,0.0000,0.0000,0.0000,0.0000,0.3628,0.0518,0.0000,0.0000,104304,74663,53998,54750,86225,66964,95775,572442,131417,91336,0.0000,0.0000,0.0000,0.0000,0.0000,0.0000,0.6300,0.6300,0.0000,0.0000,0,0,0,0,0,0,0,1,0,0,0,0,0,0,0,0,1,1,0,0,0.1134,0.0716,0.1283,0.0470,0.0833,0.0117,0.0764,0.1044,0.0015,0.1389,0.000,0.000,0.000,0.000,0.000,0.000,0.035,0.178,0.000,0.000,semi-presidential,parliamentary,parliamentary,parliamentary,parliamentary,semi-presidential,semi-presidential,electoral-authoritarian,junta,parliamentary,0.800,0.800,0.800,0.800,0.800,0.800,0.800,0.500,0.400,0.800,100.0,99.9,84.9,100.0,100.0,100.0,34.2,58.7,77.0,83.5
2031-05-01,1.0496,1.0224,0.9989,0.9826,1.0026,0.9755,1.0021,0.9935,0.9961,0.9937,0.9886,0.9988,1.1380,1.0540,1.0417,1.0216,1.0444,1.0229,1.0595,0.9947,1.0085,1.0301,0.9898,0.9988,3415.38,5137.30,4132.82,2576.73,2019.35,1276.47,202.13,2732.00,1938.18,574.73,1.2092,0.6507,1.0713,1.4646,1.0183,0.5351,1.2172,0.2352,0.2587,-0.4304,0.6225,0.7284,0.6665,0.5953,0.5993,0.7213,0.4909,0.5782,0.6473,0.6985,0.0139,0.0116,0.0306,0.0215,0.0215,0.0000,0.0460,0.0017,0.0150,0.0166,0.9769,0.9760,0.9888,0.9755,0.9777,1.0000,0.9768,1.0000,0.9698,1.0000,49.95,180.57,74.58,50.76,59.31,10.99,5.91,232.20,64.81,88.31,0.0000,0.0000,0.0000,0.0000,0.0000,0.0000,0.3628,0.0518,0.0000,0.0000,104304,74663,53998,54750,86225,66964,95775,572442,131417,91336,0.0000,0.0000,0.0000,0.0000,0.0000,0.0000,0.6400,0.6400,0.0000,0.0000,0,0,0,0,0,0,0,1,0,0,0,0,0,0,0,0,1,1,0,0,0.0996,0.0640,0.1109,0.0393,0.0713,0.0105,0.0745,0.1043,0.0015,0.1394,0.000,0.000,0.000,0.000,0.000,0.000,0.032,0.178,0.000,0.000,semi-presidential,parliamentary,parliamentary,parliamentary,parliamentary,semi-presidential,semi-presidential,electoral-authoritarian,junta,parliamentary,0.800,0.800,0.800,0.800,0.800,0.800,0.800,0.500,0.400,0.800,100.0,100.0,87.9,100.0,100.0,100.0,36.3,61.1,79.2,86.4
2031-06-01,1.0509,1.0199,0.9993,0.9844,1.0034,0.9725,1.0037,0.9907,0.9957,0.9980,0.9828,0.9983,1.1378,1.0506,1.0417,1.0453,1.0276,1.0190,1.0605,0.9917,1.0075,1.0869,0.9839,0.9983,3415.11,5138.75,4135.17,2572.95,2022.46,1279.68,202.19,2738.30,1948.71,575.34,1.2096,0.6506,1.0710,1.4670,1.0170,0.5342,1.2171,0.2348,0.2578,-0.4442,0.5974,0.7085,0.6186,0.5711,0.5926,0.7071,0.4928,0.5603,0.6660,0.6840,0.0136,0.0144,0.0292,0.0276,0.0174,0.0000,0.0465,0.0018,0.0147,0.0104,0.9776,0.9768,0.9891,0.9762,0.9784,1.0000,0.9767,1.0000,0.9707,1.0000,49.90,175.76,70.94,52.40,58.49,10.78,5.86,233.02,64.93,87.59,0.0000,0.0000,0.0000,0.0000,0.0000,0.0000,0.3621,0.0503,0.0000,0.0000,104304,74663,53998,54750,86225,66964,95775,572442,131417,91336,0.0000,0.0000,0.0000,0.0000,0.0000,0.0000,0.6500,0.6500,0.0000,0.0000,0,0,0,0,0,0,0,1,0,0,0,0,0,0,0,0,1,1,0,0,0.1139,0.0685,0.1281,0.0453,0.0827,0.0103,0.0747,0.1044,0.0015,0.1418,0.000,0.000,0.000,0.000,0.000,0.000,0.031,0.179,0.000,0.000,semi-presidential,parliamentary,parliamentary,parliamentary,parliamentary,semi-presidential,semi-presidential,electoral-authoritarian,junta,parliamentary,0.800,0.800,0.800,0.800,0.800,0.800,0.800,0.500,0.400,0.800,100.0,100.0,90.6,100.0,100.0,100.0,38.3,63.4,81.5,89.2
2031-07-01,1.0520,1.0187,1.0039,0.9855,1.0028,0.9738,1.0055,0.9932,0.9973,1.0014,0.9851,0.9982,1.1363,1.0487,1.0454,1.0398,1.0221,1.0196,1.0445,1.0446,1.0273,1.0810,1.0431,0.9982,3419.01,5146.46,4138.69,2575.78,2031.77,1284.63,202.04,2743.16,1955.90,575.92,1.2086,0.6497,1.0703,1.4657,1.0126,0.5325,1.2183,0.2346,0.2573,-0.4580,0.5932,0.7032,0.6171,0.5520,0.6128,0.7084,0.4941,0.5609,0.6595,0.6910,0.0170,0.0132,0.0329,0.0243,0.0190,0.0000,0.0515,0.0032,0.0151,0.0145,0.9781,0.9773,0.9894,0.9768,0.9788,1.0000,0.9763,1.0000,0.9714,1.0000,50.43,178.99,73.01,52.22,59.47,11.13,5.96,235.95,66.01,87.99,0.0000,0.0000,0.0000,0.0000,0.0000,0.0000,0.3620,0.0483,0.0000,0.0000,104304,74663,53998,54750,86225,66964,95775,572442,131417,91336,0.0000,0.0000,0.0000,0.0000,0.0000,0.0000,0.6600,0.6600,0.0000,0.0000,0,0,0,0,0,0,0,1,0,0,0,0,0,0,0,0,1,1,0,0,0.1163,0.0701,0.1311,0.0463,0.0843,0.0106,0.0734,0.1051,0.0014,0.1415,0.000,0.000,0.000,0.000,0.000,0.000,0.031,0.180,0.000,0.000,semi-presidential,parliamentary,parliamentary,parliamentary,parliamentary,semi-presidential,semi-presidential,electoral-authoritarian,junta,parliamentary,0.800,0.800,0.800,0.800,0.800,0.800,0.800,0.500,0.400,0.800,100.0,100.0,93.4,100.0,100.0,100.0,40.4,65.8,83.7,92.1
2031-08-01,1.0555,1.0165,1.0051,0.9848,1.0024,0.9727,1.0064,0.9960,0.9995,1.0044,0.9880,0.9994,1.1426,1.0461,1.0466,0.9982,1.0218,1.0183,1.0077,1.0264,1.0161,1.0484,1.0409,1.0005,3420.77,5162.65,4140.81,2578.25,2036.75,1288.88,201.72,2743.74,1964.29,576.33,1.2083,0.6477,1.0700,1.4645,1.0102,0.5312,1.2206,0.2346,0.2566,-0.4720,0.5968,0.7131,0.6208,0.5699,0.6631,0.7195,0.4836,0.5565,0.6515,0.6906,0.0148,0.0106,0.0197,0.0156,0.0172,0.0000,0.0499,0.0022,0.0128,0.0113,0.9783,0.9775,0.9895,0.9770,0.9790,1.0000,0.9763,1.0000,0.9717,1.0000,51.43,184.82,75.96,52.29,62.22,11.42,6.24,241.76,67.44,88.88,0.0000,0.0000,0.0000,0.0000,0.0000,0.0000,0.3620,0.0482,0.0000,0.0000,104304,74663,53998,54750,86225,66964,95775,572442,131417,91336,0.0000,0.0000,0.0000,0.0000,0.0000,0.0000,0.6700,0.6700,0.0000,0.0000,0,0,0,0,0,0,0,1,0,0,0,0,0,0,0,0,1,1,0,0,0.1179,0.0725,0.1332,0.0478,0.0857,0.0109,0.0747,0.1060,0.0015,0.1386,0.000,0.000,0.000,0.000,0.000,0.000,0.033,0.181,0.000,0.000,semi-presidential,parliamentary,parliamentary,parliamentary,parliamentary,semi-presidential,semi-presidential,electoral-authoritarian,junta,parliamentary,0.800,0.800,0.800,0.800,0.800,0.800,0.800,0.500,0.400,0.800,100.0,100.0,96.1,100.0,100.0,100.0,42.5,68.1,85.9,94.9
2031-09-01,1.0567,1.0162,1.0057,0.9819,0.9982,0.9736,1.0064,0.9976,0.9980,1.0021,0.9911,0.9977,1.1436,1.0469,1.0478,0.9819,1.0170,1.0194,1.0078,1.0249,1.0104,1.0025,1.0701,0.9977,3419.21,5151.89,4133.95,2575.68,2039.73,1294.94,201.91,2747.85,1965.42,578.35,1.2092,0.6491,1.0721,1.4662,1.0088,0.5291,1.2198,0.2344,0.2569,-0.4846,0.5961,0.7323,0.6225,0.5837,0.6640,0.7199,0.4713,0.4563,0.6618,0.6949,0.0156,0.0107,0.0139,0.0156,0.0176,0.0000,0.0479,0.0019,0.0118,0.0118,0.9775,0.9767,0.9891,0.9761,0.9781,1.0000,0.9760,1.0000,0.9707,1.0000,51.17,185.39,75.89,52.57,62.43,11.61,6.20,241.32,67.55,89.23,0.0000,0.0000,0.0000,0.0000,0.0000,0.0000,0.3616,0.0488,0.0000,0.0000,104304,74663,53998,54750,86225,66964,95775,572442,131417,91336,0.0000,0.0000,0.0000,0.0000,0.0000,0.0000,0.6800,0.6800,0.0000,0.0000,0,0,0,0,0,0,0,1,0,0,0,0,0,0,0,0,1,1,0,0,0.1036,0.0666,0.1171,0.0416,0.0749,0.0105,0.0671,0.1049,0.0013,0.1384,0.000,0.000,0.000,0.000,0.000,0.000,0.031,0.181,0.000,0.000,semi-presidential,parliamentary,parliamentary,parliamentary,parliamentary,semi-presidential,semi-presidential,electoral-authoritarian,junta,parliamentary,0.800,0.800,0.800,0.800,0.800,0.800,0.800,0.500,0.400,0.800,100.0,100.0,98.9,100.0,100.0,100.0,44.5,70.3,88.2,97.8
2031-10-01,1.0549,1.0169,1.0117,0.9788,0.9936,0.9734,1.0043,1.0004,0.9992,1.0016,0.9947,0.9961,1.1427,1.0501,1.0566,0.9788,1.0126,1.0205,1.0056,1.0608,1.0243,1.0019,1.0967,0.9961,3413.12,5140.81,4130.27,2577.73,2042.55,1298.43,201.88,2751.59,1974.37,579.74,1.2117,0.6504,1.0733,1.4652,1.0075,0.5280,1.2203,0.2343,0.2562,-0.4977,0.5898,0.6973,0.6077,0.5751,0.6649,0.7303,0.4849,0.5514,0.6586,0.7143,0.0185,0.0113,0.0171,0.0164,0.0201,0.0000,0.0495,0.0029,0.0129,0.0154,0.9756,0.9748,0.9881,0.9741,0.9761,1.0000,0.9754,1.0000,0.9682,1.0000,50.42,185.22,76.40,52.19,61.61,11.98,6.11,236.18,67.01,89.72,0.0000,0.0000,0.0000,0.0000,0.0000,0.0000,0.3628,0.0518,0.0000,0.0000,104304,74663,53998,54750,86225,66964,95775,572442,131417,91336,0.0000,0.0000,0.0000,0.0000,0.0000,0.0000,0.6900,0.6900,0.0000,0.0000,0,0,0,0,0,0,0,1,0,0,0,0,0,0,0,0,1,1,0,0,0.1036,0.0664,0.1170,0.0413,0.0747,0.0107,0.0652,0.1047,0.0012,0.1385,0.000,0.000,0.000,0.000,0.000,0.000,0.028,0.182,0.000,0.000,semi-presidential,parliamentary,parliamentary,parliamentary,parliamentary,semi-presidential,semi-presidential,electoral-authoritarian,junta,parliamentary,0.800,0.800,0.800,0.800,0.800,0.800,0.800,0.500,0.400,0.800,100.0,100.0,100.0,100.0,100.0,100.0,46.5,72.6,90.4,100.0
2031-11-01,1.0576,1.0144,1.0119,0.9772,0.9902,0.9726,1.0018,1.0016,1.0005,0.9983,0.9955,0.9962,1.1484,1.0461,1.0568,0.9772,1.0092,1.0197,1.0031,1.0276,1.0289,0.9983,1.0158,0.9963,3413.04,5142.36,4140.93,2583.42,2042.55,1302.24,201.28,2750.76,1980.03,580.77,1.2121,0.6502,1.0708,1.4622,1.0074,0.5269,1.2244,0.2344,0.2559,-0.5110,0.5752,0.6722,0.6030,0.5808,0.6462,0.7203,0.4779,0.5528,0.6617,0.7175,0.0142,0.0112,0.0125,0.0164,0.0173,0.0000,0.0466,0.0022,0.0127,0.0097,0.9767,0.9758,0.9887,0.9752,0.9774,1.0000,0.9760,1.0000,0.9695,1.0000,51.02,185.90,76.80,52.63,62.57,12.15,6.18,238.88,67.59,89.97,0.0000,0.0000,0.0000,0.0000,0.0000,0.0000,0.3628,0.0518,0.0000,0.0000,104304,74663,53998,54750,86225,66964,95775,572442,131417,91336,0.0000,0.0000,0.0000,0.0000,0.0000,0.0000,0.7000,0.7000,0.0000,0.0000,0,0,0,0,0,0,0,1,0,0,0,0,0,0,0,0,1,1,0,0,0.1151,0.0711,0.1303,0.0461,0.0835,0.0110,0.0675,0.1054,0.0013,0.1386,0.000,0.000,0.000,0.000,0.000,0.000,0.029,0.182,0.000,0.000,semi-presidential,parliamentary,parliamentary,parliamentary,parliamentary,semi-presidential,semi-presidential,electoral-authoritarian,junta,parliamentary,0.800,0.800,0.800,0.800,0.800,0.800,0.800,0.500,0.400,0.800,100.0,100.0,100.0,100.0,100.0,100.0,48.5,74.9,92.6,100.0
2031-12-01,1.0581,1.0153,1.0166,0.9771,0.9870,0.9698,0.9989,1.0018,1.0022,0.9984,0.9977,0.9947,1.1480,1.0483,1.1001,1.0069,1.0059,1.0165,1.0002,1.0218,1.0572,1.0226,1.0752,0.9947,3404.57,5132.62,4123.84,2585.25,2035.61,1306.19,200.36,2754.77,1986.92,582.12,1.2155,0.6515,1.0755,1.4613,1.0111,0.5256,1.2304,0.2342,0.2555,-0.5241,0.5793,0.6727,0.6272,0.6020,0.6313,0.7245,0.4493,0.5449,0.6482,0.7216,0.0184,0.0126,0.0296,0.0195,0.0218,0.0000,0.0506,0.0036,0.0189,0.0130,0.9758,0.9750,0.9882,0.9742,0.9763,1.0000,0.9754,1.0000,0.9684,1.0000,51.03,186.69,78.57,52.77,62.09,12.26,6.10,238.41,67.99,90.06,0.0000,0.0000,0.0000,0.0000,0.0000,0.0000,0.3628,0.0518,0.0000,0.0000,104304,74663,53998,54750,86225,66964,95775,572442,131417,91336,0.0000,0.0000,0.0000,0.0000,0.0000,0.0000,0.7100,0.7100,0.0000,0.0000,0,0,0,0,0,0,0,1,0,0,0,0,0,0,0,0,1,1,0,0,0.1039,0.0659,0.1168,0.0407,0.0744,0.0110,0.0660,0.1058,0.0013,0.1386,0.000,0.000,0.000,0.000,0.000,0.000,0.027,0.183,0.000,0.000,semi-presidential,parliamentary,parliamentary,parliamentary,parliamentary,semi-presidential,semi-presidential,electoral-authoritarian,junta,parliamentary,0.800,0.800,0.800,0.800,0.800,0.800,0.800,0.500,0.400,0.800,100.0,100.0,100.0,100.0,100.0,100.0,50.3,77.1,94.8,100.0
2032-01-01,1.0593,1.0131,1.0200,0.9773,0.9861,0.9708,0.9968,1.0023,1.0057,0.9975,0.9972,0.9950,1.1476,1.0441,1.1550,1.0210,1.0052,1.0170,0.9980,1.0180,1.0838,0.9975,0.9985,0.9954,3419.88,5130.57,4126.86,2584.79,2035.22,1315.68,199.92,2756.95,1994.54,582.72,1.2105,0.6519,1.0751,1.4617,1.0115,0.5222,1.2336,0.2341,0.2549,-0.5379,0.5654,0.6533,0.5777,0.6040,0.5781,0.7206,0.4274,0.5563,0.6638,0.7176,0.0190,0.0140,0.0340,0.0231,0.0238,0.0000,0.0489,0.0038,0.0239,0.0111,0.9772,0.9763,0.9889,0.9757,0.9778,1.0000,0.9758,1.0000,0.9702,1.0000,51.11,186.84,78.67,52.54,61.81,12.42,6.11,237.30,68.19,90.21,0.0000,0.0000,0.0000,0.0000,0.0000,0.0000,0.3623,0.0506,0.0000,0.0000,104304,74663,53998,54750,86225,66964,95775,572442,131417,91336,0.0000,0.0000,0.0000,0.0000,0.0000,0.0000,0.7200,0.7200,0.0000,0.0000,0,0,0,0,0,0,0,1,0,0,0,0,0,0,0,0,1,1,0,0,0.1144,0.0706,0.1296,0.0454,0.0827,0.0114,0.0699,0.1062,0.0014,0.1388,0.000,0.000,0.000,0.000,0.000,0.000,0.027,0.184,0.000,0.000,semi-presidential,parliamentary,parliamentary,parliamentary,parliamentary,semi-presidential,semi-presidential,electoral-authoritarian,junta,parliamentary,0.800,0.800,0.800,0.800,0.800,0.800,0.800,0.500,0.400,0.800,100.0,100.0,100.0,100.0,100.0,100.0,52.0,79.4,97.1,100.0
2032-02-01,1.0612,1.0136,1.0193,0.9776,0.9877,0.9709,0.9944,1.0014,1.0065,0.9962,0.9972,0.9948,1.1524,1.0463,1.0644,1.0073,1.0183,1.0176,0.9956,1.0027,1.0196,0.9962,0.9985,0.9948,3429.20,5131.07,4131.44,2587.26,2035.95,1318.70,199.67,2758.15,1996.74,584.31,1.2075,0.6519,1.0740,1.4605,1.0114,0.5213,1.2357,0.2341,0.2551,-0.5507,0.5958,0.6556,0.5996,0.5995,0.5904,0.7498,0.4249,0.5660,0.6523,0.7134,0.0125,0.0113,0.0247,0.0185,0.0186,0.0000,0.0458,0.0012,0.0149,0.0101,0.9759,0.9751,0.9883,0.9744,0.9765,1.0000,0.9753,1.0000,0.9686,1.0000,51.72,187.00,78.30,52.95,62.35,12.37,6.10,241.01,69.11,90.39,0.0000,0.0000,0.0000,0.0000,0.0000,0.0000,0.3628,0.0518,0.0000,0.0000,104304,74663,53998,54750,86225,66964,95775,572442,131417,91336,0.0000,0.0000,0.0000,0.0000,0.0000,0.0000,0.7300,0.7300,0.0000,0.0000,0,0,0,0,0,0,0,1,0,0,0,0,0,0,0,0,1,1,0,0,0.1127,0.0697,0.1273,0.0445,0.0812,0.0114,0.0716,0.1070,0.0014,0.1387,0.000,0.000,0.000,0.000,0.000,0.000,0.027,0.184,0.000,0.000,semi-presidential,parliamentary,parliamentary,parliamentary,parliamentary,semi-presidential,semi-presidential,electoral-authoritarian,junta,parliamentary,0.800,0.800,0.800,0.800,0.800,0.800,0.800,0.500,0.400,0.800,100.0,100.0,100.0,100.0,100.0,100.0,53.7,81.7,99.3,100.0
2032-03-01,1.0608,1.0142,1.0152,0.9817,0.9848,0.9729,0.9943,1.0010,1.0073,0.9950,0.9962,0.9942,1.1497,1.0472,1.0599,1.0618,1.0035,1.0196,1.0306,1.0310,1.0665,0.9950,1.0033,0.9942,3422.92,5137.33,4139.29,2587.84,2039.07,1324.40,199.24,2761.02,2001.68,585.84,1.2100,0.6512,1.0717,1.4602,1.0101,0.5194,1.2385,0.2340,0.2549,-0.5635,0.6089,0.6656,0.6179,0.6009,0.5987,0.7332,0.4336,0.5772,0.6334,0.7294,0.0151,0.0168,0.0301,0.0341,0.0187,0.0011,0.0479,0.0034,0.0170,0.0115,0.9757,0.9749,0.9882,0.9741,0.9762,1.0000,0.9752,1.0000,0.9683,1.0000,51.24,178.54,72.23,53.83,59.41,12.08,5.83,236.72,67.89,89.56,0.0000,0.0000,0.0000,0.0000,0.0000,0.0000,0.3628,0.0518,0.0000,0.0000,104304,74663,53998,54750,86225,66964,95775,572442,131417,91336,0.0000,0.0000,0.0000,0.0000,0.0000,0.0000,0.7400,0.7400,0.0000,0.0000,0,0,0,0,0,0,0,1,0,0,0,0,0,0,0,0,1,1,0,0,0.1097,0.0657,0.1229,0.0420,0.0786,0.0107,0.0658,0.1050,0.0013,0.1420,0.000,0.000,0.000,0.000,0.000,0.000,0.026,0.185,0.000,0.000,semi-presidential,parliamentary,parliamentary,parliamentary,parliamentary,semi-presidential,semi-presidential,electoral-authoritarian,junta,parliamentary,0.800,0.800,0.800,0.800,0.800,0.800,0.800,0.500,0.400,0.800,100.0,100.0,100.0,100.0,100.0,100.0,55.5,84.2,100.0,100.0
2032-04-01,1.0600,1.0142,1.0167,0.9859,0.9822,0.9753,0.9942,1.0020,1.0073,0.9937,0.9944,0.9952,1.1477,1.0471,1.0615,1.0635,1.0009,1.0222,0.9952,1.0211,1.0197,0.9937,0.9954,0.9964,3424.50,5138.20,4147.36,2591.23,2043.06,1327.44,198.58,2772.22,2009.54,586.19,1.2098,0.6512,1.0696,1.4585,1.0083,0.5186,1.2422,0.2332,0.2543,-0.5775,0.5871,0.6774,0.6363,0.5921,0.6254,0.7396,0.4253,0.5720,0.6358,0.7211,0.0132,0.0165,0.0271,0.0328,0.0161,0.0009,0.0434,0.0013,0.0149,0.0081,0.9758,0.9750,0.9882,0.9743,0.9764,1.0000,0.9752,1.0000,0.9684,1.0000,50.88,179.08,72.74,53.53,59.30,12.34,5.80,234.95,67.65,89.89,0.0000,0.0000,0.0000,0.0000,0.0000,0.0000,0.3628,0.0518,0.0000,0.0000,104304,74663,53998,54750,86225,66964,95775,572442,131417,91336,0.0000,0.0000,0.0000,0.0000,0.0000,0.0000,0.7500,0.7500,0.0000,0.0000,0,0,0,0,0,0,0,1,0,0,0,0,0,0,0,0,1,1,0,0,0.1151,0.0686,0.1297,0.0446,0.0831,0.0109,0.0674,0.1046,0.0013,0.1424,0.000,0.000,0.000,0.000,0.000,0.000,0.028,0.185,0.000,0.000,semi-presidential,parliamentary,parliamentary,parliamentary,parliamentary,semi-presidential,semi-presidential,electoral-authoritarian,junta,parliamentary,0.800,0.800,0.800,0.800,0.800,0.800,0.800,0.500,0.400,0.800,100.0,100.0,100.0,100.0,100.0,100.0,57.2,86.5,100.0,100.0
2032-05-01,1.0590,1.0112,1.0171,0.9890,0.9837,0.9742,0.9922,1.0036,1.0081,0.9940,0.9912,0.9954,1.1460,1.0424,1.0619,1.0597,1.0141,1.0209,0.9932,1.0349,1.0206,0.9959,0.9922,0.9957,3425.46,5144.76,4152.00,2589.30,2047.91,1328.69,198.21,2779.72,2013.00,587.46,1.2099,0.6505,1.0687,1.4597,1.0060,0.5184,1.2446,0.2327,0.2543,-0.5905,0.5898,0.6788,0.6446,0.5979,0.6427,0.7230,0.4207,0.5871,0.6405,0.7145,0.0136,0.0156,0.0286,0.0326,0.0191,0.0006,0.0437,0.0014,0.0145,0.0120,0.9770,0.9761,0.9888,0.9755,0.9777,1.0000,0.9758,1.0000,0.9699,1.0000,50.62,180.16,73.67,52.56,59.25,12.60,5.79,232.72,67.36,89.98,0.0000,0.0000,0.0000,0.0000,0.0000,0.0000,0.3628,0.0518,0.0000,0.0000,104304,74663,53998,54750,86225,66964,95775,572442,131417,91336,0.0000,0.0000,0.0000,0.0000,0.0000,0.0000,0.7600,0.7600,0.0000,0.0000,0,0,0,0,0,0,0,1,0,0,0,0,0,0,0,0,1,1,0,0,0.1153,0.0691,0.1299,0.0449,0.0832,0.0114,0.0720,0.1048,0.0014,0.1419,0.000,0.000,0.000,0.000,0.000,0.000,0.028,0.186,0.000,0.000,semi-presidential,parliamentary,parliamentary,parliamentary,parliamentary,semi-presidential,semi-presidential,electoral-authoritarian,junta,parliamentary,0.800,0.800,0.800,0.800,0.800,0.800,0.800,0.500,0.400,0.800,30.0,100.0,100.0,100.0,100.0,100.0,58.9,89.0,100.0,100.0
2032-06-01,1.0593,1.0140,1.0208,0.9935,0.9863,0.9722,0.9904,1.0063,1.0087,0.9957,0.9887,0.9976,1.1473,1.0476,1.0657,1.0682,1.0220,1.0187,0.9914,1.0654,1.0248,1.0367,0.9897,0.9996,3431.13,5144.39,4156.03,2591.25,2047.46,1331.39,197.77,2780.91,2022.45,588.32,1.2079,0.6506,1.0679,1.4585,1.0064,0.5178,1.2474,0.2327,0.2536,-0.6039,0.5844,0.6930,0.6437,0.5691,0.6536,0.7021,0.4241,0.5974,0.6355,0.7167,0.0152,0.0165,0.0310,0.0365,0.0216,0.0007,0.0464,0.0021,0.0149,0.0163,0.9752,0.9745,0.9879,0.9736,0.9756,1.0000,0.9747,1.0000,0.9677,1.0000,51.35,181.71,74.44,53.74,60.22,12.77,5.81,237.78,68.51,90.32,0.0000,0.0000,0.0000,0.0000,0.0000,0.0000,0.3628,0.0518,0.0000,0.0000,104304,74663,53998,54750,86225,66964,95775,572442,131417,91336,0.0000,0.0000,0.0000,0.0000,0.0000,0.0000,0.7700,0.7700,0.0000,0.0000,0,0,0,0,0,0,0,1,0,0,0,0,0,0,0,0,1,1,0,0,0.1168,0.0707,0.1317,0.0462,0.0850,0.0116,0.0736,0.1064,0.0014,0.1422,0.000,0.000,0.000,0.000,0.000,0.000,0.031,0.186,0.000,0.000,semi-presidential,parliamentary,parliamentary,parliamentary,parliamentary,semi-presidential,semi-presidential,electoral-authoritarian,junta,parliamentary,0.800,0.800,0.800,0.800,0.800,0.800,0.800,0.500,0.400,0.800,32.6,100.0,100.0,100.0,100.0,100.0,60.5,91.5,100.0,100.0
2032-07-01,1.0563,1.0118,1.0205,0.9950,0.9897,0.9715,0.9913,1.0074,1.0120,0.9975,0.9879,0.9982,1.1391,1.0428,1.0642,1.0511,1.0302,1.0173,1.0000,1.0179,1.0699,1.0331,0.9890,0.9988,3428.89,5158.43,4167.18,2594.50,2043.55,1335.75,197.82,2778.68,2028.82,589.12,1.2085,0.6489,1.0652,1.4569,1.0085,0.5164,1.2471,0.2330,0.2532,-0.6173,0.5879,0.6810,0.6435,0.5703,0.6382,0.7002,0.4137,0.5795,0.6760,0.7083,0.0125,0.0137,0.0292,0.0299,0.0216,0.0000,0.0447,0.0032,0.0152,0.0162,0.9772,0.9763,0.9889,0.9757,0.9778,1.0000,0.9755,1.0000,0.9701,1.0000,50.74,184.20,76.48,51.25,59.73,13.25,5.78,232.00,68.10,90.75,0.0000,0.0000,0.0000,0.0000,0.0000,0.0000,0.3626,0.0504,0.0000,0.0000,104304,74663,53998,54750,86225,66964,95775,572442,131417,91336,0.0000,0.0000,0.0000,0.0000,0.0000,0.0000,0.7800,0.7800,0.0000,0.0000,0,0,0,0,0,0,0,1,0,0,0,0,0,0,0,0,1,1,0,0,0.1176,0.0720,0.1319,0.0466,0.0856,0.0120,0.0740,0.1052,0.0015,0.1420,0.000,0.000,0.000,0.000,0.000,0.000,0.032,0.186,0.000,0.000,semi-presidential,parliamentary,parliamentary,parliamentary,parliamentary,semi-presidential,semi-presidential,electoral-authoritarian,junta,parliamentary,0.800,0.800,0.800,0.800,0.800,0.800,0.800,0.500,0.400,0.800,35.2,100.0,100.0,100.0,100.0,100.0,62.2,94.0,100.0,100.0
2032-08-01,1.0528,1.0097,1.0197,0.9987,0.9912,0.9707,0.9917,1.0061,1.0120,1.0003,0.9893,0.9975,1.1340,1.0402,1.0633,1.0677,1.0202,1.0163,1.0097,1.0073,1.0245,1.0729,1.0369,0.9975,3431.31,5165.23,4163.48,2592.54,2049.75,1340.35,197.61,2780.40,2035.02,589.81,1.2078,0.6481,1.0664,1.4582,1.0056,0.5150,1.2485,0.2331,0.2539,-0.6308,0.5795,0.7078,0.6540,0.5810,0.6119,0.7023,0.4408,0.5478,0.6709,0.7068,0.0136,0.0152,0.0288,0.0333,0.0186,0.0004,0.0435,0.0018,0.0135,0.0121,0.9775,0.9767,0.9891,0.9761,0.9782,1.0000,0.9757,1.0000,0.9706,1.0000,50.05,181.32,74.44,51.90,58.43,13.08,5.70,228.64,67.37,90.31,0.0000,0.0000,0.0000,0.0000,0.0000,0.0000,0.3623,0.0504,0.0000,0.0000,104304,74663,53998,54750,86225,66964,95775,572442,131417,91336,0.0000,0.0000,0.0000,0.0000,0.0000,0.0000,0.7900,0.7900,0.0000,0.0000,0,0,0,0,0,0,0,1,0,0,0,0,0,0,0,0,1,1,0,0,0.1119,0.0688,0.1256,0.0441,0.0807,0.0117,0.0734,0.1042,0.0015,0.1416,0.000,0.000,0.000,0.000,0.000,0.000,0.031,0.187,0.000,0.000,semi-presidential,parliamentary,parliamentary,parliamentary,parliamentary,semi-presidential,semi-presidential,electoral-authoritarian,junta,parliamentary,0.800,0.800,0.800,0.800,0.800,0.800,0.800,0.500,0.400,0.800,37.8,100.0,100.0,100.0,100.0,100.0,64.0,96.2,30.0,100.0
2032-09-01,1.0492,1.0070,1.0198,1.0011,0.9937,0.9697,0.9942,1.0034,1.0116,1.0038,0.9895,1.0001,1.1275,1.0362,1.0623,1.0610,1.0285,1.0145,1.0499,1.0045,1.0239,1.0802,0.9906,1.0020,3428.94,5175.18,4172.43,2596.15,2054.93,1347.26,197.76,2783.91,2043.07,590.77,1.2087,0.6469,1.0644,1.4564,1.0032,0.5128,1.2475,0.2331,0.2544,-0.6440,0.5816,0.7024,0.6296,0.5690,0.6335,0.7120,0.4392,0.5429,0.6901,0.7036,0.0129,0.0139,0.0288,0.0307,0.0192,0.0001,0.0431,0.0019,0.0128,0.0144,0.9785,0.9776,0.9895,0.9771,0.9792,1.0000,0.9758,1.0000,0.9718,1.0000,49.76,181.52,74.40,51.07,58.44,12.96,5.68,227.47,67.32,90.17,0.0000,0.0000,0.0000,0.0000,0.0000,0.0000,0.3622,0.0490,0.0000,0.0000,104304,74663,53998,54750,86225,66964,95775,572442,131417,91336,0.0000,0.0000,0.0000,0.0000,0.0000,0.0000,0.8000,0.8000,0.0000,0.0000,0,0,0,0,0,0,0,1,0,0,0,0,0,0,0,0,1,1,0,0,0.1191,0.0727,0.1335,0.0478,0.0866,0.0118,0.0753,0.1036,0.0015,0.1411,0.000,0.000,0.000,0.000,0.000,0.000,0.035,0.187,0.000,0.000,semi-presidential,parliamentary,parliamentary,parliamentary,parliamentary,semi-presidential,semi-presidential,electoral-authoritarian,junta,parliamentary,0.800,0.800,0.800,0.800,0.800,0.800,0.800,0.500,0.400,0.800,40.4,100.0,100.0,100.0,100.0,100.0,65.8,98.4,33.2,100.0
2032-10-01,1.0462,1.0044,1.0191,1.0001,0.9955,0.9690,0.9946,1.0013,1.0127,1.0064,0.9895,1.0015,1.1236,1.0331,1.0611,1.0186,1.0269,1.0134,0.9958,1.0026,1.0256,1.0465,0.9906,1.0026,3443.90,5177.88,4182.81,2610.52,2057.02,1351.09,198.50,2786.12,2054.25,589.12,1.2035,0.6466,1.0619,1.4485,1.0023,0.5117,1.2428,0.2331,0.2545,-0.6600,0.5754,0.7050,0.6452,0.5814,0.6484,0.7310,0.4572,0.5373,0.6831,0.7042,0.0111,0.0101,0.0200,0.0172,0.0172,0.0000,0.0419,0.0014,0.0118,0.0107,0.9789,0.9780,0.9897,0.9775,0.9796,1.0000,0.9757,1.0000,0.9723,1.0000,49.77,186.20,77.34,50.65,60.08,12.82,5.88,229.15,68.34,90.76,0.0000,0.0000,0.0000,0.0000,0.0000,0.0000,0.3620,0.0484,0.0000,0.0000,104304,74663,53998,54750,86225,66964,95775,572442,131417,91336,0.0000,0.0000,0.0000,0.0000,0.0000,0.0000,0.8100,0.8100,0.0000,0.0000,0,0,0,0,0,0,0,1,0,0,0,0,0,0,0,0,1,1,0,0,0.1192,0.0750,0.1346,0.0493,0.0873,0.0126,0.0761,0.1030,0.0015,0.1378,0.000,0.000,0.000,0.000,0.000,0.000,0.037,0.188,0.000,0.000,semi-presidential,parliamentary,parliamentary,parliamentary,parliamentary,semi-presidential,semi-presidential,electoral-authoritarian,junta,parliamentary,0.800,0.800,0.800,0.800,0.800,0.800,0.800,0.500,0.400,0.800,42.9,100.0,100.0,30.0,100.0,100.0,67.7,100.0,36.3,100.0
2032-11-01,1.0426,1.0050,1.0217,0.9984,0.9989,0.9701,0.9937,1.0018,1.0121,1.0067,0.9866,1.0016,1.1207,1.0356,1.0644,0.9984,1.0380,1.0149,0.9949,1.0031,1.0251,1.0083,0.9878,1.0017,3458.82,5184.25,4179.11,2612.05,2064.03,1357.76,198.49,2780.12,2054.92,591.27,1.1984,0.6459,1.0631,1.4477,0.9990,0.5095,1.2431,0.2339,0.2558,-0.6716,0.6017,0.7005,0.6590,0.6318,0.6486,0.7156,0.4915,0.5529,0.6887,0.6641,0.0114,0.0104,0.0115,0.0189,0.0192,0.0000,0.0404,0.0012,0.0112,0.0135,0.9775,0.9767,0.9890,0.9760,0.9781,1.0000,0.9751,1.0000,0.9705,1.0000,49.87,186.08,76.41,51.18,60.36,12.75,5.98,231.15,69.03,90.48,0.0000,0.0000,0.0000,0.0000,0.0000,0.0000,0.3618,0.0492,0.0000,0.0000,104304,74663,53998,54750,86225,66964,95775,572442,131417,91336,0.0000,0.0000,0.0000,0.0000,0.0000,0.0000,0.8200,0.8200,0.0000,0.0000,0,0,0,0,0,0,0,1,0,0,0,0,0,0,0,0,1,1,0,0,0.1190,0.0750,0.1351,0.0497,0.0872,0.0127,0.0767,0.1037,0.0015,0.1367,0.000,0.000,0.000,0.000,0.000,0.000,0.037,0.188,0.000,0.000,semi-presidential,parliamentary,parliamentary,parliamentary,parliamentary,semi-presidential,semi-presidential,electoral-authoritarian,junta,parliamentary,0.800,0.800,0.800,0.800,0.800,0.800,0.800,0.500,0.400,0.800,45.6,100.0,100.0,33.0,100.0,100.0,69.7,100.0,39.5,100.0
2032-12-01,1.0388,1.0068,1.0221,0.9932,1.0012,0.9741,0.9924,1.0018,1.0126,1.0066,0.9846,1.0004,1.1194,1.0396,1.0670,0.9932,1.0357,1.0404,0.9936,1.0031,1.0261,1.0082,0.9858,1.0004,3460.44,5175.46,4166.15,2612.87,2062.60,1363.49,198.66,2781.12,2065.69,592.16,1.1978,0.6468,1.0666,1.4473,0.9996,0.5077,1.2423,0.2341,0.2560,-0.6847,0.6196,0.6944,0.6452,0.6151,0.6643,0.7276,0.4838,0.5146,0.6764,0.7005,0.0123,0.0113,0.0118,0.0190,0.0190,0.0003,0.0402,0.0013,0.0119,0.0116,0.9758,0.9751,0.9882,0.9742,0.9763,1.0000,0.9746,1.0000,0.9683,1.0000,49.89,185.92,76.22,51.13,60.33,12.81,5.97,230.52,69.13,90.70,0.0000,0.0000,0.0000,0.0000,0.0000,0.0000,0.3629,0.0516,0.0000,0.0000,104304,74663,53998,54750,86225,66964,95775,572442,131417,91336,0.0000,0.0000,0.0000,0.0000,0.0000,0.0000,0.8300,0.8300,0.0000,0.0000,0,0,0,0,0,0,0,1,0,0,0,0,0,0,0,0,1,1,0,0,0.1092,0.0705,0.1236,0.0450,0.0796,0.0119,0.0756,0.1033,0.0015,0.1368,0.000,0.000,0.000,0.000,0.000,0.000,0.035,0.188,0.000,0.000,semi-presidential,parliamentary,parliamentary,parliamentary,parliamentary,semi-presidential,semi-presidential,electoral-authoritarian,junta,parliamentary,0.800,0.800,0.800,0.800,0.800,0.800,0.800,0.500,0.400,0.800,48.4,100.0,100.0,36.0,100.0,100.0,71.8,100.0,42.6,100.0
2033-01-01,1.0322,1.0061,1.0220,0.9897,1.0022,0.9773,0.9930,1.0012,1.0132,1.0078,0.9838,1.0006,1.1100,1.0381,1.0668,0.9897,1.0275,1.0238,1.0081,1.0025,1.0268,1.0370,0.9850,1.0008,3454.21,5186.97,4173.95,2620.21,2062.71,1367.72,198.58,2775.86,2072.61,592.62,1.2003,0.6454,1.0649,1.4434,0.9997,0.5065,1.2431,0.2348,0.2566,-0.6983,0.6096,0.6726,0.6096,0.6033,0.6278,0.7381,0.4849,0.5013,0.6958,0.7039,0.0122,0.0107,0.0109,0.0167,0.0167,0.0000,0.0405,0.0016,0.0116,0.0090,0.9764,0.9756,0.9885,0.9749,0.9770,1.0000,0.9751,1.0000,0.9691,1.0000,49.09,184.32,75.32,50.20,59.15,12.86,5.94,225.30,68.45,90.49,0.0000,0.0000,0.0000,0.0000,0.0000,0.0000,0.3629,0.0516,0.0000,0.0000,104304,74663,53998,54750,86225,66964,95775,572442,131417,91336,0.0000,0.0000,0.0000,0.0000,0.0000,0.0000,0.8400,0.8400,0.0000,0.0000,0,0,0,0,0,0,0,1,0,0,0,0,0,0,0,0,1,1,0,0,0.1188,0.0742,0.1339,0.0488,0.0867,0.0121,0.0764,0.1022,0.0015,0.1363,0.000,0.000,0.000,0.000,0.000,0.000,0.035,0.188,0.000,0.000,semi-presidential,parliamentary,parliamentary,parliamentary,parliamentary,semi-presidential,semi-presidential,electoral-authoritarian,junta,parliamentary,0.800,0.800,0.800,0.800,0.800,0.800,0.800,0.500,0.400,0.800,51.1,100.0,100.0,38.9,100.0,100.0,73.8,100.0,45.9,100.0
2033-02-01,1.0279,1.0073,1.0251,0.9899,1.0030,0.9779,0.9952,0.9994,1.0127,1.0085,0.9830,1.0013,1.1030,1.0385,1.0681,1.0233,1.0267,1.0233,1.0653,1.0006,1.0255,1.0498,0.9841,1.0018,3457.94,5195.73,4175.25,2620.60,2063.77,1370.90,199.25,2777.21,2078.79,593.46,1.1993,0.6444,1.0648,1.4432,0.9993,0.5056,1.2391,0.2351,0.2573,-0.7113,0.5921,0.6939,0.6392,0.6250,0.6224,0.7328,0.4815,0.4990,0.6779,0.7077,0.0135,0.0103,0.0287,0.0160,0.0171,0.0000,0.0433,0.0018,0.0138,0.0110,0.9771,0.9763,0.9888,0.9756,0.9776,1.0000,0.9749,1.0000,0.9700,1.0000,49.21,185.04,77.24,50.37,58.89,12.77,5.82,226.84,68.88,90.08,0.0000,0.0000,0.0000,0.0000,0.0000,0.0000,0.3619,0.0494,0.0000,0.0000,104304,74663,53998,54750,86225,66964,95775,572442,131417,91336,0.0000,0.0000,0.0000,0.0000,0.0000,0.0000,0.8500,0.8500,0.0000,0.0000,0,0,0,0,0,0,0,1,0,0,0,0,0,0,0,0,1,1,0,0,0.1197,0.0745,0.1347,0.0493,0.0872,0.0124,0.0766,0.1025,0.0015,0.1362,0.000,0.000,0.000,0.000,0.000,0.000,0.036,0.188,0.000,0.000,semi-presidential,parliamentary,parliamentary,parliamentary,parliamentary,semi-presidential,semi-presidential,electoral-authoritarian,junta,parliamentary,0.800,0.800,0.800,0.800,0.800,0.800,0.800,0.500,0.400,0.800,53.7,100.0,100.0,41.9,100.0,100.0,75.9,100.0,49.0,100.0
2033-03-01,1.0252,1.0101,1.0254,0.9912,1.0033,0.9783,0.9983,1.0006,1.0127,1.0080,0.9850,1.0016,1.1018,1.0616,1.0685,1.0505,1.0224,1.0239,1.1045,1.0503,1.0334,1.0082,1.0673,1.0019,3460.84,5200.19,4188.33,2626.85,2069.92,1374.51,199.58,2779.32,2082.82,595.17,1.1987,0.6438,1.0617,1.4398,0.9965,0.5046,1.2372,0.2352,0.2583,-0.7233,0.5961,0.7011,0.6307,0.6144,0.6199,0.7220,0.5002,0.4936,0.6603,0.7083,0.0220,0.0158,0.0362,0.0277,0.0226,0.0019,0.0490,0.0031,0.0168,0.0178,0.9598,0.9595,0.9799,0.9608,0.9617,0.9865,0.9725,1.0000,0.9572,1.0000,49.63,181.90,74.58,51.27,58.44,12.96,5.75,228.93,69.16,89.66,0.0000,0.0000,0.0000,0.0000,0.0000,0.0000,0.3622,0.0495,0.0000,0.0000,104304,74663,53998,54750,86225,66964,95775,572442,131417,91336,0.0000,0.0000,0.0000,0.0000,0.0000,0.0000,0.8600,0.8600,0.0000,0.0000,0,0,0,0,0,0,0,1,0,0,0,0,0,0,0,0,1,1,0,0,0.1201,0.0737,0.1345,0.0488,0.0876,0.0127,0.0769,0.1029,0.0015,0.1391,0.000,0.000,0.000,0.000,0.000,0.000,0.037,0.188,0.000,0.000,semi-presidential,parliamentary,parliamentary,parliamentary,parliamentary,semi-presidential,semi-presidential,electoral-authoritarian,junta,parliamentary,0.800,0.800,0.800,0.800,0.800,0.800,0.800,0.500,0.400,0.800,56.4,100.0,100.0,44.8,100.0,100.0,78.0,100.0,52.0,100.0
2033-04-01,1.0218,1.0085,1.0254,0.9891,1.0069,0.9775,1.0001,1.0008,1.0126,1.0109,0.9881,1.0019,1.1017,1.0404,1.0706,0.9891,1.0475,1.0239,1.0065,1.0021,1.0261,1.0419,1.0378,1.0021,3471.49,5191.68,4194.29,2628.91,2075.33,1377.35,199.89,2782.52,2088.82,595.27,1.1953,0.6450,1.0604,1.4387,0.9940,0.5040,1.2355,0.2353,0.2590,-0.7371,0.5950,0.6994,0.6534,0.6138,0.6422,0.7103,0.4993,0.5091,0.6505,0.7210,0.0136,0.0108,0.0138,0.0196,0.0211,0.0000,0.0430,0.0018,0.0118,0.0163,0.9766,0.9758,0.9886,0.9751,0.9773,1.0000,0.9755,1.0000,0.9694,1.0000,49.39,185.65,76.08,50.77,59.92,12.91,6.03,228.38,69.18,90.53,0.0000,0.0000,0.0000,0.0000,0.0000,0.0000,0.3628,0.0518,0.0000,0.0000,104304,74663,53998,54750,86225,66964,95775,572442,131417,91336,0.0000,0.0000,0.0000,0.0000,0.0000,0.0000,0.8700,0.8700,0.0000,0.0000,0,0,0,0,0,0,0,1,0,0,0,0,0,0,0,0,1,1,0,0,0.1194,0.0754,0.1350,0.0498,0.0874,0.0129,0.0775,0.1021,0.0015,0.1357,0.000,0.000,0.000,0.000,0.000,0.000,0.037,0.188,0.000,0.000,semi-presidential,parliamentary,parliamentary,parliamentary,parliamentary,semi-presidential,semi-presidential,electoral-authoritarian,junta,parliamentary,0.800,0.800,0.800,0.800,0.800,0.800,0.800,0.500,0.400,0.800,59.1,100.0,100.0,47.7,100.0,100.0,80.2,100.0,54.9,100.0
2033-05-01,1.0197,1.0077,1.0246,0.9903,1.0111,0.9766,1.0020,1.0025,1.0135,1.0120,0.9875,0.9992,1.0964,1.0379,1.0674,1.0417,1.0549,1.0218,1.0824,1.0720,1.0679,1.0722,1.0003,0.9992,3478.88,5177.72,4185.75,2629.19,2068.82,1382.07,199.55,2783.13,2096.65,595.43,1.1930,0.6468,1.0625,1.4386,0.9973,0.5026,1.2378,0.2356,0.2595,-0.7509,0.6105,0.6839,0.6602,0.6143,0.6521,0.6986,0.4994,0.5035,0.6585,0.6959,0.0175,0.0126,0.0359,0.0278,0.0253,0.0000,0.0501,0.0041,0.0153,0.0246,0.9779,0.9771,0.9892,0.9765,0.9785,1.0000,0.9755,1.0000,0.9710,1.0000,49.93,183.80,76.12,50.42,58.94,13.19,5.77,229.08,69.17,89.78,0.0000,0.0000,0.0000,0.0000,0.0000,0.0000,0.3621,0.0491,0.0000,0.0000,104304,74663,53998,54750,86225,66964,95775,572442,131417,91336,0.0000,0.0000,0.0000,0.0000,0.0000,0.0000,0.8800,0.8800,0.0000,0.0000,0,0,0,0,0,0,0,1,0,0,0,0,0,0,0,0,1,1,0,0,0.0986,0.0647,0.1096,0.0389,0.0711,0.0119,0.0754,0.1022,0.0015,0.1382,0.000,0.000,0.000,0.000,0.000,0.000,0.033,0.188,0.000,0.000,semi-presidential,parliamentary,parliamentary,parliamentary,parliamentary,semi-presidential,semi-presidential,electoral-authoritarian,junta,parliamentary,0.800,0.800,0.800,0.800,0.800,0.800,0.800,0.500,0.400,0.800,61.8,100.0,100.0,50.7,100.0,100.0,82.3,100.0,57.9,100.0
2033-06-01,1.0157,1.0076,1.0303,0.9892,1.0159,0.9770,1.0014,1.0029,1.0135,1.0158,0.9872,0.9977,1.0903,1.0379,1.0727,0.9921,1.0617,1.0220,1.0027,1.0042,1.0264,1.0462,0.9883,0.9977,3470.09,5181.70,4173.40,2632.21,2069.20,1385.97,199.26,2783.47,2105.30,597.23,1.1964,0.6464,1.0659,1.4370,0.9973,0.5015,1.2399,0.2359,0.2599,-0.7626,0.6131,0.6624,0.6242,0.5997,0.6074,0.7159,0.4709,0.4976,0.6583,0.6862,0.0112,0.0102,0.0133,0.0198,0.0203,0.0000,0.0412,0.0014,0.0112,0.0160,0.9779,0.9771,0.9892,0.9765,0.9785,1.0000,0.9753,1.0000,0.9711,1.0000,49.70,185.76,76.83,51.07,59.91,13.19,5.97,228.75,69.65,90.32,0.0000,0.0000,0.0000,0.0000,0.0000,0.0000,0.3622,0.0485,0.0000,0.0000,104304,74663,53998,54750,86225,66964,95775,572442,131417,91336,0.0000,0.0000,0.0000,0.0000,0.0000,0.0000,0.8900,0.8900,0.0000,0.0000,0,0,0,0,0,0,0,1,0,0,0,0,0,0,0,0,1,1,0,0,0.1063,0.0682,0.1191,0.0426,0.0763,0.0120,0.0753,0.1024,0.0016,0.1347,0.000,0.000,0.000,0.000,0.000,0.000,0.031,0.186,0.000,0.000,semi-presidential,parliamentary,parliamentary,parliamentary,parliamentary,semi-presidential,semi-presidential,electoral-authoritarian,junta,parliamentary,0.800,0.800,0.800,0.800,0.800,0.800,0.800,0.500,0.400,0.800,64.6,100.0,100.0,53.5,100.0,100.0,84.3,100.0,60.9,100.0
2033-07-01,1.0157,1.0054,1.0263,0.9910,1.0191,0.9778,0.9988,1.0034,1.0090,1.0201,0.9878,0.9971,1.0939,1.0349,1.0690,1.0491,1.0570,1.0230,0.9999,1.0506,1.0210,1.0752,1.0418,0.9971,3479.02,5194.41,4183.22,2638.70,2074.74,1388.42,199.40,2786.54,2116.04,597.21,1.1936,0.6448,1.0638,1.4333,0.9948,0.5010,1.2392,0.2368,0.2601,-0.7766,0.5889,0.6824,0.5906,0.5951,0.6101,0.7140,0.4555,0.5086,0.6918,0.7100,0.0153,0.0135,0.0320,0.0293,0.0214,0.0000,0.0467,0.0020,0.0136,0.0182,0.9784,0.9775,0.9895,0.9770,0.9791,1.0000,0.9756,1.0000,0.9716,1.0000,50.00,181.88,75.11,51.35,59.00,13.27,5.76,230.40,69.25,89.58,0.0000,0.0000,0.0000,0.0000,0.0000,0.0000,0.3625,0.0490,0.0000,0.0000,104304,74663,53998,54750,86225,66964,95775,572442,131417,91336,0.0000,0.0000,0.0000,0.0000,0.0000,0.0000,0.9000,0.9000,0.0000,0.0000,0,0,0,0,0,0,0,1,0,0,0,0,0,0,0,0,1,1,0,0,0.1122,0.0690,0.1258,0.0440,0.0811,0.0119,0.0752,0.1022,0.0016,0.1383,0.000,0.000,0.000,0.000,0.000,0.000,0.030,0.189,0.000,0.000,semi-presidential,parliamentary,parliamentary,parliamentary,parliamentary,semi-presidential,junta,junta,junta,parliamentary,0.800,0.800,0.800,0.800,0.800,0.800,0.400,0.400,0.400,0.800,67.2,100.0,100.0,56.4,100.0,100.0,30.0,30.0,64.1,100.0
2033-08-01,1.0113,1.0052,1.0241,0.9942,1.0228,0.9766,0.9979,1.0047,1.0081,1.0215,0.9910,0.9963,1.0859,1.0352,1.0652,1.0619,1.0632,1.0215,0.9990,1.0398,1.0199,1.0573,1.0856,0.9963,3479.48,5191.36,4184.25,2632.49,2079.69,1393.86,199.08,2793.38,2123.34,597.38,1.1938,0.6453,1.0638,1.4367,0.9925,0.4993,1.2416,0.2375,0.2607,-0.7903,0.6019,0.6971,0.6155,0.6116,0.6323,0.7125,0.4023,0.4989,0.7058,0.6969,0.0156,0.0145,0.0322,0.0337,0.0220,0.0004,0.0449,0.0020,0.0132,0.0199,0.9781,0.9773,0.9893,0.9767,0.9787,1.0000,0.9753,1.0000,0.9713,1.0000,49.29,179.91,74.07,51.52,57.77,13.26,5.69,226.30,68.56,89.23,0.0000,0.0000,0.0000,0.0000,0.0000,0.0000,0.3628,0.0486,0.0000,0.0000,104304,74663,53998,54750,86225,66964,95775,572442,131417,91336,0.0000,0.0000,0.0000,0.0000,0.0000,0.0000,0.9100,0.9100,0.0000,0.0000,0,0,0,0,0,0,0,1,0,0,0,0,0,0,0,0,1,1,0,0,0.1101,0.0676,0.1232,0.0429,0.0791,0.0118,0.0750,0.1011,0.0016,0.1380,0.000,0.000,0.000,0.000,0.000,0.000,0.029,0.189,0.000,0.000,semi-presidential,parliamentary,parliamentary,parliamentary,parliamentary,semi-presidential,junta,junta,junta,parliamentary,0.800,0.800,0.800,0.800,0.800,0.800,0.400,0.400,0.400,0.800,69.9,100.0,100.0,59.3,100.0,100.0,31.7,33.0,67.4,100.0
2033-09-01,1.0109,1.0061,1.0222,0.9957,1.0291,0.9766,0.9962,1.0074,1.0069,1.0237,0.9919,0.9948,1.0897,1.0374,1.0628,1.0513,1.0806,1.0219,0.9973,1.0548,1.0189,1.0675,1.0094,0.9948,3468.56,5176.34,4173.08,2630.97,2077.44,1397.65,199.62,2794.99,2130.23,599.02,1.1979,0.6472,1.0669,1.4377,0.9937,0.4983,1.2387,0.2386,0.2613,-0.8020,0.5965,0.6773,0.6092,0.5650,0.6448,0.7187,0.3643,0.5185,0.6782,0.6802,0.0142,0.0134,0.0315,0.0311,0.0235,0.0000,0.0451,0.0017,0.0135,0.0219,0.9771,0.9763,0.9888,0.9756,0.9776,1.0000,0.9749,1.0000,0.9699,1.0000,50.12,183.43,76.73,51.19,59.53,13.63,5.82,231.24,69.61,89.61,0.0000,0.0000,0.0000,0.0000,0.0000,0.0000,0.3631,0.0498,0.0000,0.0000,104304,74663,53998,54750,86225,66964,95775,572442,131417,91336,0.0000,0.0000,0.0000,0.0000,0.0000,0.0000,0.9200,0.9200,0.0000,0.0000,0,0,0,0,0,0,0,1,0,0,0,0,0,0,0,0,1,1,0,0,0.1052,0.0659,0.1173,0.0402,0.0752,0.0122,0.0742,0.1020,0.0016,0.1376,0.000,0.000,0.000,0.000,0.000,0.000,0.026,0.189,0.000,0.000,semi-presidential,parliamentary,parliamentary,parliamentary,parliamentary,semi-presidential,junta,junta,junta,parliamentary,0.800,0.800,0.800,0.800,0.800,0.800,0.400,0.400,0.400,0.800,72.5,100.0,100.0,61.9,100.0,100.0,33.3,36.1,70.6,100.0
2033-10-01,1.0093,1.0059,1.0233,0.9973,1.0357,0.9761,0.9947,1.0097,1.0081,1.0271,0.9983,0.9933,1.0867,1.0364,1.0658,1.0536,1.0899,1.0212,0.9958,1.0626,1.0360,1.0712,1.1821,0.9933,3456.36,5175.78,4166.26,2627.13,2076.29,1398.02,199.85,2793.23,2132.75,599.99,1.2025,0.6474,1.0690,1.4400,0.9944,0.4985,1.2376,0.2400,0.2624,-0.8146,0.5807,0.6567,0.5823,0.5623,0.6190,0.7260,0.3957,0.5097,0.6792,0.6949,0.0195,0.0134,0.0381,0.0325,0.0282,0.0000,0.0513,0.0034,0.0142,0.0305,0.9776,0.9768,0.9891,0.9762,0.9782,1.0000,0.9750,1.0000,0.9707,1.0000,50.05,184.00,77.18,50.99,59.48,13.96,5.80,230.92,70.05,89.89,0.0000,0.0000,0.0000,0.0000,0.0000,0.0000,0.3631,0.0490,0.0000,0.0000,104304,74663,53998,54750,86225,66964,95775,572442,131417,91336,0.0000,0.0000,0.0000,0.0000,0.0000,0.0000,0.9300,0.9300,0.0000,0.0000,0,0,0,0,0,0,0,1,0,0,0,0,0,0,0,0,1,1,0,0,0.1026,0.0644,0.1141,0.0386,0.0729,0.0126,0.0738,0.1021,0.0017,0.1377,0.000,0.000,0.000,0.000,0.000,0.000,0.024,0.190,0.000,0.000,semi-presidential,parliamentary,parliamentary,parliamentary,parliamentary,semi-presidential,junta,junta,junta,parliamentary,0.800,0.800,0.800,0.800,0.800,0.800,0.400,0.400,0.400,0.800,75.1,100.0,100.0,64.6,100.0,100.0,35.0,39.2,73.7,100.0
2033-11-01,1.0097,1.0020,1.0201,0.9971,1.0389,0.9800,0.9910,1.0088,1.0080,1.0299,0.9992,0.9938,1.0887,1.0307,1.0589,1.0279,1.0760,1.0404,0.9921,1.0101,1.0204,1.0623,1.0048,0.9944,3456.40,5175.74,4170.18,2629.46,2081.00,1400.75,200.21,2792.36,2143.29,599.53,1.2029,0.6475,1.0684,1.4390,0.9923,0.4978,1.2353,0.2413,0.2626,-0.8291,0.5684,0.6620,0.5792,0.5490,0.6099,0.6955,0.3978,0.4881,0.6716,0.6924,0.0115,0.0106,0.0269,0.0183,0.0184,0.0002,0.0438,0.0012,0.0128,0.0130,0.9789,0.9780,0.9897,0.9776,0.9797,1.0000,0.9756,1.0000,0.9723,1.0000,50.15,188.01,81.06,52.26,61.29,13.86,6.14,231.54,70.09,90.54,0.0000,0.0000,0.0000,0.0000,0.0000,0.0000,0.3634,0.0489,0.0000,0.0000,104304,74663,53998,54750,86225,66964,95775,572442,131417,91336,0.0000,0.0000,0.0000,0.0000,0.0000,0.0000,0.9400,0.9400,0.0000,0.0000,0,0,0,0,0,0,0,1,0,0,0,0,0,0,0,0,1,1,0,0,0.1143,0.0706,0.1286,0.0451,0.0817,0.0125,0.0747,0.1018,0.0017,0.1347,0.000,0.000,0.000,0.000,0.000,0.000,0.025,0.190,0.000,0.000,semi-presidential,parliamentary,parliamentary,parliamentary,parliamentary,semi-presidential,junta,junta,junta,parliamentary,0.800,0.800,0.800,0.800,0.800,0.800,0.400,0.400,0.400,0.800,77.6,100.0,100.0,67.1,100.0,100.0,36.7,42.0,76.8,100.0
2033-12-01,1.0102,1.0008,1.0144,1.0000,1.0399,0.9844,0.9889,1.0056,1.0076,1.0277,1.0031,0.9952,1.0905,1.0304,1.0507,1.0630,1.0655,1.0589,0.9899,1.0068,1.0234,1.0293,1.1411,0.9968,3462.09,5183.22,4169.25,2629.58,2084.47,1404.23,200.20,2796.63,2149.39,599.94,1.2013,0.6467,1.0689,1.4391,0.9908,0.4969,1.2356,0.2422,0.2634,-0.8424,0.5775,0.6704,0.6137,0.5801,0.6360,0.6981,0.4167,0.4769,0.6649,0.6860,0.0157,0.0148,0.0300,0.0301,0.0189,0.0006,0.0463,0.0021,0.0131,0.0145,0.9783,0.9774,0.9894,0.9769,0.9790,1.0000,0.9753,1.0000,0.9715,1.0000,50.19,181.12,74.93,52.11,59.67,13.52,5.95,232.05,69.82,89.37,0.0000,0.0000,0.0000,0.0000,0.0000,0.0000,0.3636,0.0493,0.0000,0.0000,104304,74663,53998,54750,86225,66964,95775,572442,131417,91336,0.0000,0.0000,0.0000,0.0000,0.0000,0.0000,0.9500,0.9500,0.0000,0.0000,0,0,0,0,0,0,0,1,0,0,0,0,0,0,0,0,1,1,0,0,0.1153,0.0695,0.1299,0.0446,0.0831,0.0121,0.0758,0.1021,0.0017,0.1375,0.000,0.000,0.000,0.000,0.000,0.000,0.027,0.191,0.000,0.000,semi-presidential,parliamentary,parliamentary,parliamentary,parliamentary,semi-presidential,junta,junta,junta,parliamentary,0.800,0.800,0.800,0.800,0.800,0.800,0.400,0.400,0.400,0.800,80.1,100.0,100.0,69.9,100.0,100.0,38.5,44.8,79.8,100.0
2034-01-01,1.0103,1.0018,1.0111,1.0045,1.0397,0.9873,0.9875,1.0042,1.0065,1.0247,1.0044,0.9958,1.0939,1.0338,1.0507,1.0732,1.0584,1.0345,0.9884,1.0053,1.0185,1.0257,1.0479,0.9964,3467.30,5183.88,4167.00,2623.30,2094.60,1408.82,200.04,2804.53,2155.74,600.28,1.1995,0.6467,1.0698,1.4427,0.9859,0.4956,1.2369,0.2428,0.2641,-0.8558,0.5833,0.6863,0.6132,0.5793,0.6352,0.7044,0.3873,0.4752,0.6601,0.6867,0.0131,0.0155,0.0259,0.0315,0.0157,0.0003,0.0425,0.0014,0.0132,0.0084,0.9765,0.9756,0.9885,0.9749,0.9770,1.0000,0.9747,1.0000,0.9691,1.0000,50.22,179.94,73.82,52.95,59.59,13.35,5.89,233.48,70.24,89.27,0.0000,0.0000,0.0000,0.0000,0.0000,0.0000,0.3629,0.0516,0.0000,0.0000,104304,74663,53998,54750,86225,66964,95775,572442,131417,91336,0.0000,0.0000,0.0000,0.0000,0.0000,0.0000,0.9600,0.9600,0.0000,0.0000,0,0,0,0,0,0,0,1,0,0,0,0,0,0,0,0,1,1,0,0,0.1157,0.0695,0.1304,0.0451,0.0833,0.0119,0.0754,0.1021,0.0016,0.1376,0.000,0.000,0.000,0.000,0.000,0.000,0.028,0.191,0.000,0.000,semi-presidential,parliamentary,parliamentary,parliamentary,parliamentary,semi-presidential,junta,junta,junta,parliamentary,0.800,0.800,0.800,0.800,0.800,0.800,0.400,0.400,0.400,0.800,82.7,100.0,100.0,72.6,100.0,100.0,40.2,47.6,82.8,100.0
2034-02-01,1.0104,1.0038,1.0093,1.0074,1.0375,0.9898,0.9879,1.0023,1.0074,1.0200,1.0049,0.9959,1.0941,1.0363,1.0505,1.0687,1.0557,1.0373,0.9935,1.0035,1.0228,1.0206,1.0116,0.9961,3468.90,5182.59,4163.11,2626.70,2095.38,1418.12,199.61,2805.25,2164.96,599.92,1.1988,0.6467,1.0712,1.4410,0.9856,0.4927,1.2398,0.2440,0.2644,-0.8702,0.5871,0.6841,0.6076,0.5524,0.6711,0.7138,0.3634,0.4890,0.6535,0.6982,0.0123,0.0148,0.0248,0.0289,0.0152,0.0001,0.0416,0.0013,0.0133,0.0070,0.9762,0.9754,0.9884,0.9745,0.9765,1.0000,0.9743,1.0000,0.9685,1.0000,50.40,180.80,74.01,52.54,60.10,13.27,5.86,235.06,71.07,89.46,0.0000,0.0000,0.0000,0.0000,0.0000,0.0000,0.3629,0.0517,0.0000,0.0000,104304,74663,53998,54750,86225,66964,95775,572442,131417,91336,0.0000,0.0000,0.0000,0.0000,0.0000,0.0000,0.9700,0.9700,0.0000,0.0000,0,0,0,0,0,0,0,1,0,0,0,0,0,0,0,0,1,1,0,0,0.1160,0.0698,0.1306,0.0451,0.0838,0.0116,0.0724,0.1020,0.0015,0.1380,0.000,0.000,0.000,0.000,0.000,0.000,0.028,0.191,0.000,0.000,semi-presidential,parliamentary,parliamentary,parliamentary,parliamentary,semi-presidential,junta,junta,junta,parliamentary,0.800,0.800,0.800,0.800,0.800,0.800,0.400,0.400,0.400,0.800,85.3,100.0,100.0,75.2,100.0,100.0,41.7,50.5,85.8,100.0
2034-03-01,1.0111,1.0047,1.0076,1.0097,1.0356,0.9914,0.9894,0.9992,1.0063,1.0173,1.0096,0.9968,1.0953,1.0373,1.0488,1.0675,1.0537,1.0390,1.0301,1.0003,1.0185,1.0180,1.1548,0.9980,3476.18,5184.28,4159.15,2627.18,2099.75,1422.44,199.76,2809.56,2170.33,598.93,1.1964,0.6465,1.0725,1.4409,0.9836,0.4915,1.2393,0.2448,0.2653,-0.8856,0.5852,0.6720,0.6014,0.5770,0.6539,0.7413,0.3518,0.5079,0.6626,0.6910,0.0176,0.0145,0.0307,0.0282,0.0187,0.0001,0.0471,0.0023,0.0135,0.0142,0.9761,0.9753,0.9883,0.9745,0.9766,1.0000,0.9746,1.0000,0.9686,1.0000,50.44,180.34,73.50,52.64,60.19,13.07,5.86,236.13,71.40,89.39,0.0000,0.0000,0.0000,0.0000,0.0000,0.0000,0.3628,0.0517,0.0000,0.0000,104304,74663,53998,54750,86225,66964,95775,572442,131417,91336,0.0000,0.0000,0.0000,0.0000,0.0000,0.0000,0.9800,0.9800,0.0000,0.0000,0,0,0,0,0,0,0,1,0,0,0,0,0,0,0,0,1,1,0,0,0.1165,0.0702,0.1313,0.0457,0.0844,0.0114,0.0727,0.1022,0.0015,0.1383,0.000,0.000,0.000,0.000,0.000,0.000,0.029,0.192,0.000,0.000,semi-presidential,parliamentary,parliamentary,parliamentary,parliamentary,semi-presidential,junta,junta,junta,parliamentary,0.800,0.800,0.800,0.800,0.800,0.800,0.400,0.400,0.400,0.800,87.9,100.0,100.0,77.9,100.0,100.0,43.1,53.5,88.8,100.0
2034-04-01,1.0143,1.0061,1.0066,1.0128,1.0369,0.9921,0.9932,0.9971,1.0031,1.0137,1.0114,0.9980,1.1017,1.0387,1.0489,1.0728,1.0641,1.0397,1.0875,0.9982,1.0149,1.0142,1.0638,0.9991,3474.92,5190.97,4170.78,2631.52,2102.33,1424.83,200.14,2811.57,2175.96,599.30,1.1969,0.6457,1.0699,1.4387,0.9825,0.4910,1.2372,0.2458,0.2661,-0.8990,0.5936,0.6722,0.5966,0.5761,0.6568,0.7295,0.3630,0.4997,0.6485,0.6652,0.0167,0.0149,0.0300,0.0312,0.0204,0.0000,0.0473,0.0020,0.0135,0.0151,0.9761,0.9753,0.9883,0.9744,0.9765,1.0000,0.9747,1.0000,0.9685,1.0000,51.08,179.96,72.92,53.66,61.11,12.78,5.90,241.32,72.18,89.22,0.0000,0.0000,0.0000,0.0000,0.0000,0.0000,0.3628,0.0517,0.0000,0.0000,104304,74663,53998,54750,86225,66964,95775,572442,131417,91336,0.0000,0.0000,0.0000,0.0000,0.0000,0.0000,0.9900,0.9900,0.0000,0.0000,0,0,0,0,0,0,0,1,0,0,0,0,0,0,0,0,1,1,0,0,0.1176,0.0706,0.1317,0.0464,0.0852,0.0113,0.0774,0.1040,0.0016,0.1383,0.000,0.000,0.000,0.000,0.000,0.000,0.031,0.192,0.000,0.000,semi-presidential,parliamentary,parliamentary,parliamentary,parliamentary,semi-presidential,junta,junta,junta,parliamentary,0.800,0.800,0.800,0.800,0.800,0.800,0.400,0.400,0.400,0.800,90.6,100.0,100.0,80.6,100.0,100.0,44.7,56.5,91.8,100.0
2034-05-01,1.0149,1.0079,1.0080,1.0144,1.0371,0.9931,0.9971,0.9963,0.9982,1.0152,1.0131,0.9990,1.1010,1.0407,1.0529,1.0659,1.0559,1.0408,1.0912,0.9974,1.0099,1.0478,1.0561,0.9999,3481.28,5180.83,4181.39,2625.53,2106.62,1430.02,200.20,2810.15,2187.69,601.31,1.1948,0.6471,1.0674,1.4421,0.9805,0.4895,1.2371,0.2472,0.2662,-0.9099,0.5859,0.6810,0.6325,0.5901,0.6519,0.7111,0.4017,0.4832,0.6353,0.6722,0.0166,0.0140,0.0295,0.0266,0.0184,0.0000,0.0470,0.0021,0.0135,0.0123,0.9760,0.9753,0.9883,0.9743,0.9764,1.0000,0.9746,1.0000,0.9684,1.0000,50.51,180.34,73.73,52.98,61.02,12.72,5.92,239.95,72.10,89.52,0.0000,0.0000,0.0000,0.0000,0.0000,0.0000,0.3628,0.0518,0.0000,0.0000,104304,74663,53998,54750,86225,66964,95775,572442,131417,91336,0.0000,0.0000,0.0000,0.0000,0.0000,0.0000,1.0000,1.0000,0.0000,0.0000,0,0,0,0,0,0,0,1,0,0,0,0,0,0,0,0,1,1,0,0,0.1180,0.0716,0.1325,0.0473,0.0859,0.0112,0.0781,0.1040,0.0016,0.1382,0.000,0.000,0.000,0.000,0.000,0.000,0.032,0.193,0.000,0.000,semi-presidential,parliamentary,parliamentary,parliamentary,parliamentary,semi-presidential,junta,junta,junta,parliamentary,0.800,0.800,0.800,0.800,0.800,0.800,0.400,0.400,0.400,0.800,93.2,100.0,100.0,83.4,100.0,100.0,46.4,59.3,94.6,100.0
2034-06-01,1.0173,1.0035,1.0124,1.0185,1.0359,0.9952,1.0010,0.9965,0.9963,1.0168,1.0099,1.0022,1.1019,1.0327,1.0559,1.0790,1.0541,1.0422,1.1060,1.0080,1.0074,1.0599,1.0111,1.0042,3488.81,5196.37,4187.24,2633.44,2110.51,1435.16,200.34,2810.23,2190.15,603.95,1.1922,0.6452,1.0659,1.4379,0.9788,0.4880,1.2365,0.2484,0.2674,-0.9199,0.5952,0.6565,0.6454,0.5622,0.6477,0.7179,0.3835,0.4666,0.6580,0.7048,0.0155,0.0145,0.0284,0.0306,0.0173,0.0000,0.0468,0.0020,0.0123,0.0119,0.9786,0.9776,0.9895,0.9772,0.9794,1.0000,0.9760,1.0000,0.9718,1.0000,50.58,178.28,72.59,53.12,60.58,12.85,5.90,238.46,71.59,89.51,0.0000,0.0000,0.0000,0.0000,0.0000,0.0000,0.3625,0.0500,0.0000,0.0000,104304,74663,53998,54750,86225,66964,95775,572442,131417,91336,0.0000,0.0000,0.0000,0.0000,0.0000,0.0000,1.0000,1.0000,0.0000,0.0000,0,0,0,0,0,0,0,1,0,0,0,0,0,0,0,0,1,1,0,0,0.1204,0.0730,0.1352,0.0492,0.0883,0.0126,0.0777,0.1039,0.0016,0.1379,0.000,0.000,0.000,0.000,0.000,0.000,0.037,0.193,0.000,0.000,semi-presidential,parliamentary,parliamentary,parliamentary,parliamentary,semi-presidential,junta,junta,junta,parliamentary,0.800,0.800,0.800,0.800,0.800,0.800,0.400,0.400,0.400,0.800,95.8,100.0,100.0,86.1,100.0,100.0,48.0,62.0,97.6,100.0
2034-07-01,1.0161,0.9999,1.0120,1.0220,1.0380,0.9944,1.0020,0.9956,0.9964,1.0170,1.0092,1.0026,1.0967,1.0284,1.0551,1.0793,1.0695,1.0411,1.0265,0.9967,1.0074,1.0209,1.0104,1.0030,3494.80,5198.74,4206.30,2637.36,2108.23,1439.80,201.07,2815.93,2194.18,606.30,1.1902,0.6450,1.0608,1.4359,0.9799,0.4868,1.2323,0.2491,0.2684,-0.9302,0.6028,0.6836,0.6430,0.5950,0.6506,0.7190,0.3696,0.4603,0.6118,0.7368,0.0122,0.0139,0.0253,0.0310,0.0180,0.0000,0.0412,0.0012,0.0115,0.0116,0.9791,0.9781,0.9898,0.9778,0.9799,1.0000,0.9759,1.0000,0.9725,1.0000,49.70,177.73,72.18,52.18,59.44,12.81,5.79,233.12,70.74,89.75,0.0000,0.0000,0.0000,0.0000,0.0000,0.0000,0.3627,0.0495,0.0000,0.0000,104304,74663,53998,54750,86225,66964,95775,572442,131417,91336,0.0000,0.0000,0.0000,0.0000,0.0000,0.0000,1.0000,1.0000,0.0000,0.0000,0,0,0,0,0,0,0,1,0,0,0,0,0,0,0,0,1,1,0,0,0.1209,0.0735,0.1352,0.0496,0.0889,0.0129,0.0804,0.1032,0.0017,0.1378,0.000,0.000,0.000,0.000,0.000,0.000,0.038,0.194,0.000,0.000,semi-presidential,parliamentary,parliamentary,parliamentary,parliamentary,semi-presidential,junta,junta,junta,parliamentary,0.800,0.800,0.800,0.800,0.800,0.800,0.400,0.400,0.400,0.800,98.5,100.0,100.0,88.9,100.0,100.0,49.6,64.6,100.0,100.0
2034-08-01,1.0196,0.9929,1.0155,1.0236,1.0399,0.9945,1.0018,0.9939,0.9985,1.0183,1.0126,1.0057,1.1073,1.0208,1.0604,1.0711,1.0704,1.0421,1.0029,0.9949,1.0388,1.0448,1.1002,1.0072,3500.80,5191.89,4204.15,2646.27,2115.30,1447.94,201.03,2818.07,2197.11,606.68,1.1882,0.6459,1.0613,1.4309,0.9767,0.4843,1.2328,0.2502,0.2696,-0.9435,0.6072,0.6838,0.6721,0.5978,0.6366,0.7188,0.4055,0.4870,0.6060,0.7478,0.0146,0.0133,0.0284,0.0278,0.0204,0.0000,0.0474,0.0028,0.0129,0.0150,0.9795,0.9784,0.9899,0.9781,0.9805,1.0000,0.9762,1.0000,0.9728,1.0000,50.68,179.77,73.33,51.94,60.72,12.70,5.99,237.50,71.63,90.02,0.0000,0.0000,0.0000,0.0000,0.0000,0.0000,0.3629,0.0516,0.0000,0.0000,104304,74663,53998,54750,86225,66964,95775,572442,131417,91336,0.0000,0.0000,0.0000,0.0000,0.0000,0.0000,1.0000,1.0000,0.0000,0.0000,0,0,0,0,0,0,0,1,0,0,0,0,0,0,0,0,1,1,0,0,0.1232,0.0760,0.1383,0.0515,0.0907,0.0147,0.0828,0.1042,0.0020,0.1379,0.000,0.000,0.000,0.000,0.000,0.000,0.042,0.195,0.000,0.000,semi-presidential,parliamentary,parliamentary,parliamentary,parliamentary,semi-presidential,junta,junta,junta,parliamentary,0.800,0.800,0.800,0.800,0.800,0.800,0.400,0.400,0.400,0.800,100.0,100.0,100.0,91.7,100.0,100.0,51.4,67.5,100.0,100.0
2034-09-01,1.0234,0.9906,1.0179,1.0206,1.0399,0.9941,1.0026,0.9944,1.0017,1.0195,1.0145,1.0059,1.1113,1.0192,1.0617,1.0206,1.0585,1.0411,1.0039,0.9956,1.0355,1.0248,1.0342,1.0060,3504.50,5213.54,4214.75,2649.43,2125.23,1451.60,200.73,2820.83,2200.97,606.44,1.1869,0.6433,1.0589,1.4292,0.9722,0.4834,1.2349,0.2511,0.2707,-0.9578,0.6093,0.6766,0.6379,0.6203,0.6546,0.7431,0.3742,0.5115,0.5963,0.7303,0.0125,0.0108,0.0107,0.0158,0.0161,0.0000,0.0468,0.0021,0.0123,0.0080,0.9789,0.9779,0.9897,0.9775,0.9798,1.0000,0.9754,1.0000,0.9722,1.0000,51.82,184.67,75.09,52.31,63.52,12.80,6.59,245.18,73.88,90.87,0.0000,0.0000,0.0000,0.0000,0.0000,0.0000,0.3627,0.0502,0.0000,0.0000,104304,74663,53998,54750,86225,66964,95775,572442,131417,91336,0.0000,0.0000,0.0000,0.0000,0.0000,0.0000,1.0000,1.0000,0.0000,0.0000,0,0,0,0,0,0,0,1,0,0,0,0,0,0,0,0,1,1,0,0,0.1225,0.0769,0.1381,0.0521,0.0902,0.0150,0.0825,0.1050,0.0021,0.1344,0.000,0.000,0.000,0.000,0.000,0.000,0.042,0.195,0.000,0.000,semi-presidential,parliamentary,parliamentary,parliamentary,parliamentary,semi-presidential,junta,junta,junta,parliamentary,0.800,0.800,0.800,0.800,0.800,0.800,0.400,0.400,0.400,0.800,100.0,100.0,100.0,94.7,100.0,100.0,52.9,70.6,100.0,100.0
2034-10-01,1.0239,0.9890,1.0176,1.0188,1.0410,0.9915,1.0039,0.9935,1.0036,1.0168,1.0167,1.0056,1.1105,1.0187,1.0621,1.0188,1.0671,1.0385,1.0358,0.9947,1.0468,1.0193,1.0824,1.0056,3500.99,5228.43,4233.17,2652.63,2128.96,1457.14,200.61,2827.02,2207.06,607.67,1.1881,0.6415,1.0545,1.4275,0.9705,0.4819,1.2360,0.2518,0.2715,-0.9697,0.6076,0.7134,0.6538,0.6237,0.6787,0.7329,0.3510,0.5063,0.5886,0.7009,0.0150,0.0109,0.0142,0.0173,0.0198,0.0000,0.0481,0.0029,0.0129,0.0135,0.9781,0.9771,0.9892,0.9766,0.9789,1.0000,0.9750,1.0000,0.9711,1.0000,51.13,184.63,74.67,51.63,62.78,12.80,6.22,241.87,73.58,90.83,0.0000,0.0000,0.0000,0.0000,0.0000,0.0000,0.3631,0.0511,0.0000,0.0000,104304,74663,53998,54750,86225,66964,95775,572442,131417,91336,0.0000,0.0000,0.0000,0.0000,0.0000,0.0000,1.0000,1.0000,0.0000,0.0000,0,0,0,0,0,0,0,1,0,0,0,0,0,0,0,0,1,1,0,0,0.1201,0.0756,0.1346,0.0507,0.0882,0.0147,0.0824,0.1043,0.0019,0.1341,0.000,0.000,0.000,0.000,0.000,0.000,0.041,0.196,0.000,0.000,semi-presidential,parliamentary,parliamentary,parliamentary,parliamentary,semi-presidential,junta,junta,junta,parliamentary,0.800,0.800,0.800,0.800,0.800,0.800,0.400,0.400,0.400,0.800,100.0,100.0,100.0,97.7,100.0,100.0,54.4,73.6,100.0,100.0
2034-11-01,1.0261,0.9896,1.0181,1.0165,1.0407,0.9882,1.0041,0.9950,1.0042,1.0114,1.0191,1.0057,1.1140,1.0204,1.0630,1.0165,1.0592,1.0350,1.0101,1.0265,1.0180,1.0126,1.0849,1.0058,3511.34,5235.81,4241.84,2658.49,2131.62,1461.82,200.60,2829.93,2207.16,609.49,1.1847,0.6406,1.0526,1.4244,0.9695,0.4806,1.2364,0.2527,0.2730,-0.9808,0.5940,0.7287,0.6755,0.6246,0.6691,0.7347,0.3458,0.5612,0.6215,0.7096,0.0160,0.0111,0.0140,0.0159,0.0179,0.0000,0.0481,0.0020,0.0122,0.0116,0.9772,0.9763,0.9888,0.9756,0.9778,1.0000,0.9743,1.0000,0.9699,1.0000,51.48,186.51,75.95,52.44,63.65,13.05,6.17,244.91,74.40,91.27,0.0000,0.0000,0.0000,0.0000,0.0000,0.0000,0.3630,0.0515,0.0000,0.0000,104304,74663,53998,54750,86225,66964,95775,572442,131417,91336,0.0000,0.0000,0.0000,0.0000,0.0000,0.0000,1.0000,1.0000,0.0000,0.0000,0,0,0,0,0,0,0,1,0,0,0,0,0,0,0,0,1,1,0,0,0.1223,0.0771,0.1380,0.0520,0.0904,0.0149,0.0816,0.1047,0.0020,0.1341,0.000,0.000,0.000,0.000,0.000,0.000,0.042,0.196,0.000,0.000,semi-presidential,parliamentary,parliamentary,parliamentary,parliamentary,semi-presidential,junta,junta,junta,parliamentary,0.800,0.800,0.800,0.800,0.800,0.800,0.400,0.400,0.400,0.800,100.0,100.0,100.0,100.0,100.0,100.0,55.8,77.1,100.0,100.0
2034-12-01,1.0280,0.9914,1.0191,1.0119,1.0404,0.9865,1.0041,0.9957,1.0011,1.0076,1.0220,1.0045,1.1162,1.0227,1.0641,1.0119,1.0590,1.0332,1.0054,1.0118,1.0133,1.0087,1.1083,1.0045,3511.74,5238.61,4245.45,2662.55,2128.46,1469.27,200.18,2836.51,2211.53,609.93,1.1845,0.6403,1.0518,1.4222,0.9711,0.4784,1.2389,0.2533,0.2740,-0.9940,0.6096,0.7245,0.6794,0.6347,0.6636,0.7248,0.3486,0.5468,0.6117,0.7237,0.0157,0.0112,0.0137,0.0160,0.0178,0.0000,0.0477,0.0018,0.0123,0.0111,0.9769,0.9761,0.9887,0.9752,0.9773,1.0000,0.9739,1.0000,0.9693,1.0000,51.53,186.54,76.40,52.92,63.94,13.14,6.16,245.38,74.27,91.74,0.0000,0.0000,0.0000,0.0000,0.0000,0.0000,0.3629,0.0517,0.0000,0.0000,104304,74663,53998,54750,86225,66964,95775,572442,131417,91336,0.0000,0.0000,0.0000,0.0000,0.0000,0.0000,1.0000,1.0000,0.0000,0.0000,0,0,0,0,0,0,0,1,0,0,0,0,0,0,0,0,1,1,0,0,0.1122,0.0724,0.1264,0.0473,0.0826,0.0139,0.0805,0.1048,0.0016,0.1347,0.000,0.000,0.000,0.000,0.000,0.000,0.040,0.197,0.000,0.000,semi-presidential,parliamentary,parliamentary,parliamentary,parliamentary,semi-presidential,junta,junta,junta,parliamentary,0.800,0.800,0.800,0.800,0.800,0.800,0.400,0.400,0.400,0.800,100.0,100.0,100.0,100.0,100.0,100.0,57.3,80.5,100.0,100.0
2035-01-01,1.0290,0.9946,1.0180,1.0078,1.0398,0.9864,1.0069,0.9978,1.0006,1.0065,1.0202,1.0048,1.1163,1.0531,1.0630,1.0078,1.0582,1.0330,1.0756,1.0444,1.0128,1.0080,1.0216,1.0050,3520.07,5248.60,4261.49,2668.68,2130.34,1474.82,199.67,2835.16,2216.17,609.92,1.1820,0.6390,1.0480,1.4192,0.9705,0.4769,1.2424,0.2546,0.2750,-1.0080,0.6025,0.7200,0.6738,0.6340,0.6391,0.7360,0.3320,0.5390,0.6051,0.7078,0.0201,0.0142,0.0166,0.0188,0.0217,0.0024,0.0490,0.0021,0.0147,0.0125,0.9527,0.9542,0.9761,0.9548,0.9536,0.9830,0.9695,1.0000,0.9525,1.0000,51.47,187.25,77.30,53.24,63.86,13.46,6.18,244.70,74.43,92.17,0.0000,0.0000,0.0000,0.0000,0.0000,0.0000,0.3629,0.0517,0.0000,0.0000,104304,74663,53998,54750,86225,66964,95775,572442,131417,91336,0.0000,0.0000,0.0000,0.0000,0.0000,0.0000,1.0000,1.0000,0.0000,0.0000,0,0,0,0,0,0,0,1,0,0,0,0,0,0,0,0,1,1,0,0,0.1214,0.0767,0.1370,0.0517,0.0897,0.0145,0.0806,0.1046,0.0016,0.1352,0.000,0.000,0.000,0.000,0.000,0.000,0.041,0.197,0.000,0.000,semi-presidential,parliamentary,parliamentary,parliamentary,parliamentary,semi-presidential,junta,junta,junta,parliamentary,0.800,0.800,0.800,0.800,0.800,0.800,0.400,0.400,0.400,0.800,100.0,100.0,100.0,100.0,100.0,100.0,58.6,83.8,100.0,100.0
2035-02-01,1.0286,0.9985,1.0186,1.0019,1.0378,0.9875,1.0082,0.9995,1.0015,1.0064,1.0195,1.0048,1.1137,1.0731,1.0636,1.0019,1.0557,1.0341,1.0422,1.0349,1.0230,1.0080,1.0209,1.0048,3529.99,5245.20,4271.84,2673.59,2127.77,1479.58,199.26,2839.79,2226.40,609.69,1.1789,0.6395,1.0456,1.4168,0.9720,0.4756,1.2452,0.2554,0.2753,-1.0224,0.6102,0.7099,0.6837,0.6367,0.6321,0.7382,0.3445,0.4996,0.6112,0.6899,0.0202,0.0158,0.0158,0.0203,0.0224,0.0038,0.0468,0.0021,0.0162,0.0103,0.9389,0.9416,0.9690,0.9429,0.9401,0.9730,0.9676,1.0000,0.9421,1.0000,51.20,187.78,78.01,53.15,63.39,13.75,6.11,242.17,74.23,92.49,0.0000,0.0000,0.0000,0.0000,0.0000,0.0000,0.3629,0.0516,0.0000,0.0000,104304,74663,53998,54750,86225,66964,95775,572442,131417,91336,0.0000,0.0000,0.0000,0.0000,0.0000,0.0000,1.0000,1.0000,0.0000,0.0000,0,0,0,0,0,0,0,1,0,0,0,0,0,0,0,0,1,1,0,0,0.1210,0.0770,0.1370,0.0517,0.0897,0.0145,0.0780,0.1036,0.0015,0.1355,0.000,0.000,0.000,0.000,0.000,0.000,0.041,0.197,0.000,0.000,semi-presidential,parliamentary,parliamentary,parliamentary,parliamentary,semi-presidential,junta,junta,junta,parliamentary,0.800,0.800,0.800,0.800,0.800,0.800,0.400,0.400,0.400,0.800,100.0,100.0,100.0,100.0,100.0,100.0,60.1,86.8,100.0,100.0
2035-03-01,1.0276,0.9994,1.0162,1.0008,1.0336,0.9868,1.0102,1.0002,1.0050,1.0056,1.0182,1.0040,1.1111,1.0313,1.0605,1.0008,1.0514,1.0332,1.0671,1.0187,1.0901,1.0069,1.0196,1.0040,3526.91,5255.29,4281.85,2677.45,2129.62,1485.26,198.85,2841.55,2238.39,610.27,1.1802,0.6383,1.0433,1.4150,0.9714,0.4741,1.2481,0.2564,0.2753,-1.0354,0.6171,0.6929,0.6832,0.6333,0.6121,0.7389,0.3593,0.5089,0.6404,0.6844,0.0147,0.0110,0.0137,0.0164,0.0187,0.0000,0.0476,0.0045,0.0145,0.0119,0.9766,0.9758,0.9886,0.9750,0.9771,1.0000,0.9746,1.0000,0.9691,1.0000,51.19,188.20,78.28,52.89,62.76,13.97,6.04,240.45,74.32,92.55,0.0000,0.0000,0.0000,0.0000,0.0000,0.0000,0.3629,0.0516,0.0000,0.0000,104304,74663,53998,54750,86225,66964,95775,572442,131417,91336,0.0000,0.0000,0.0000,0.0000,0.0000,0.0000,1.0000,1.0000,0.0000,0.0000,0,0,0,0,0,0,0,1,0,0,0,0,0,0,0,0,1,1,0,0,0.1145,0.0735,0.1285,0.0484,0.0838,0.0136,0.0733,0.1023,0.0014,0.1354,0.000,0.000,0.000,0.000,0.000,0.000,0.040,0.198,0.000,0.000,semi-presidential,parliamentary,parliamentary,parliamentary,parliamentary,semi-presidential,junta,junta,junta,parliamentary,0.800,0.800,0.800,0.800,0.800,0.800,0.400,0.400,0.400,0.800,100.0,100.0,100.0,100.0,100.0,100.0,61.6,89.8,100.0,100.0
2035-04-01,1.0254,1.0031,1.0152,0.9991,1.0298,0.9864,1.0075,1.0011,1.0064,1.0043,1.0147,1.0016,1.1071,1.0715,1.0580,0.9991,1.0475,1.0327,1.0088,1.0209,1.0367,1.0053,1.0161,1.0016,3529.00,5259.43,4277.29,2675.21,2129.88,1486.20,199.05,2842.17,2243.46,611.45,1.1798,0.6376,1.0445,1.4165,0.9716,0.4741,1.2471,0.2576,0.2762,-1.0474,0.6029,0.6967,0.6823,0.6346,0.6203,0.7311,0.3528,0.4983,0.6711,0.6860,0.0173,0.0149,0.0132,0.0194,0.0202,0.0032,0.0435,0.0021,0.0155,0.0081,0.9445,0.9468,0.9719,0.9478,0.9456,0.9773,0.9689,1.0000,0.9465,1.0000,50.72,188.16,78.42,52.74,62.45,14.11,5.97,238.06,74.27,92.77,0.0000,0.0000,0.0000,0.0000,0.0000,0.0000,0.3629,0.0517,0.0000,0.0000,104304,74663,53998,54750,86225,66964,95775,572442,131417,91336,0.0000,0.0000,0.0000,0.0000,0.0000,0.0000,1.0000,1.0000,0.0000,0.0000,0,0,0,0,0,0,0,1,0,0,0,0,0,0,0,0,1,1,0,0,0.1029,0.0679,0.1152,0.0427,0.0745,0.0124,0.0721,0.1021,0.0014,0.1353,0.000,0.000,0.000,0.000,0.000,0.000,0.037,0.198,0.000,0.000,semi-presidential,parliamentary,parliamentary,parliamentary,parliamentary,semi-presidential,junta,junta,junta,parliamentary,0.800,0.800,0.800,0.800,0.800,0.800,0.400,0.400,0.400,0.800,100.0,100.0,100.0,100.0,100.0,100.0,63.1,92.8,100.0,100.0
2035-05-01,1.0229,1.0062,1.0128,0.9986,1.0271,0.9873,1.0069,1.0006,1.0044,1.0026,1.0116,1.0022,1.1038,1.0638,1.0539,1.0153,1.0448,1.0336,1.0082,1.0018,1.0167,1.0029,1.0129,1.0027,3534.82,5261.64,4296.04,2683.37,2132.41,1491.50,198.69,2839.80,2243.48,611.49,1.1782,0.6373,1.0401,1.4124,0.9707,0.4727,1.2497,0.2591,0.2777,-1.0613,0.6003,0.6916,0.6590,0.6083,0.6240,0.7123,0.3846,0.4960,0.6520,0.6927,0.0148,0.0136,0.0189,0.0179,0.0175,0.0022,0.0412,0.0012,0.0150,0.0065,0.9542,0.9555,0.9770,0.9561,0.9553,0.9842,0.9708,1.0000,0.9535,1.0000,50.38,187.61,78.98,52.43,61.82,14.04,5.85,236.00,73.75,92.80,0.0000,0.0000,0.0000,0.0000,0.0000,0.0000,0.3629,0.0517,0.0000,0.0000,104304,74663,53998,54750,86225,66964,95775,572442,131417,91336,0.0000,0.0000,0.0000,0.0000,0.0000,0.0000,1.0000,1.0000,0.0000,0.0000,0,0,0,0,0,0,0,1,0,0,0,0,0,0,0,0,1,1,0,0,0.1201,0.0754,0.1349,0.0501,0.0878,0.0128,0.0746,0.1021,0.0014,0.1356,0.000,0.000,0.000,0.000,0.000,0.000,0.038,0.198,0.000,0.000,semi-presidential,parliamentary,parliamentary,parliamentary,parliamentary,semi-presidential,junta,junta,junta,parliamentary,0.800,0.800,0.800,0.800,0.800,0.800,0.400,0.400,0.400,0.800,100.0,100.0,100.0,100.0,100.0,100.0,64.7,95.7,100.0,100.0
2035-06-01,1.0220,1.0092,1.0087,0.9976,1.0258,0.9849,1.0075,1.0008,1.0008,1.0011,1.0103,1.0023,1.1038,1.0607,1.0481,0.9980,1.0438,1.0309,1.0138,1.0021,1.0130,1.0013,1.0116,1.0024,3544.78,5256.46,4313.55,2688.60,2133.56,1499.95,199.12,2845.38,2254.28,612.68,1.1751,0.6380,1.0360,1.4099,0.9705,0.4703,1.2472,0.2598,0.2780,-1.0733,0.6065,0.6854,0.6901,0.6324,0.6306,0.7202,0.3776,0.4802,0.5946,0.6868,0.0141,0.0130,0.0110,0.0172,0.0168,0.0017,0.0413,0.0012,0.0133,0.0066,0.9600,0.9603,0.9800,0.9609,0.9613,0.9879,0.9723,1.0000,0.9572,1.0000,50.40,187.07,78.27,52.91,62.34,13.99,5.86,237.32,73.52,92.93,0.0000,0.0000,0.0000,0.0000,0.0000,0.0000,0.3628,0.0518,0.0000,0.0000,104304,74663,53998,54750,86225,66964,95775,572442,131417,91336,0.0000,0.0000,0.0000,0.0000,0.0000,0.0000,1.0000,1.0000,0.0000,0.0000,0,0,0,0,0,0,0,1,0,0,0,0,0,0,0,0,1,1,0,0,0.1198,0.0754,0.1350,0.0502,0.0879,0.0129,0.0765,0.1024,0.0015,0.1355,0.000,0.000,0.000,0.000,0.000,0.000,0.038,0.198,0.000,0.000,semi-presidential,parliamentary,parliamentary,parliamentary,parliamentary,semi-presidential,junta,junta,junta,parliamentary,0.800,0.800,0.800,0.800,0.800,0.800,0.400,0.400,0.400,0.800,100.0,100.0,100.0,100.0,100.0,100.0,66.3,98.5,100.0,100.0
2035-07-01,1.0226,1.0127,1.0052,0.9986,1.0238,0.9809,1.0086,0.9994,0.9977,0.9996,1.0091,1.0037,1.1065,1.0783,1.0446,1.0503,1.0416,1.0265,1.0697,1.0005,1.0091,0.9996,1.0102,1.0046,3551.52,5257.69,4316.07,2692.74,2136.58,1504.92,199.16,2850.91,2268.48,612.77,1.1731,0.6379,1.0355,1.4080,0.9694,0.4690,1.2471,0.2605,0.2778,-1.0871,0.6161,0.6681,0.7081,0.6422,0.6310,0.7406,0.3915,0.4766,0.6244,0.7050,0.0177,0.0167,0.0296,0.0258,0.0198,0.0028,0.0439,0.0015,0.0172,0.0091,0.9474,0.9495,0.9735,0.9504,0.9484,0.9799,0.9700,1.0000,0.9488,1.0000,50.90,183.79,77.16,52.75,61.32,13.88,5.73,239.78,73.84,92.37,0.0000,0.0000,0.0000,0.0000,0.0000,0.0000,0.3628,0.0518,0.0000,0.0000,104304,74663,53998,54750,86225,66964,95775,572442,131417,91336,0.0000,0.0000,0.0000,0.0000,0.0000,0.0000,1.0000,1.0000,0.0000,0.0000,0,0,0,0,0,0,0,1,0,0,0,0,0,0,0,0,1,1,0,0,0.1214,0.0752,0.1366,0.0503,0.0891,0.0135,0.0760,0.1028,0.0014,0.1384,0.000,0.000,0.000,0.000,0.000,0.000,0.040,0.199,0.000,0.000,semi-presidential,parliamentary,parliamentary,parliamentary,parliamentary,semi-presidential,junta,junta,junta,parliamentary,0.800,0.800,0.800,0.800,0.800,0.800,0.400,0.400,0.400,0.800,100.0,100.0,100.0,100.0,100.0,100.0,68.0,100.0,100.0,100.0
2035-08-01,1.0215,1.0140,1.0063,0.9995,1.0218,0.9809,1.0074,0.9993,0.9960,0.9996,1.0112,1.0042,1.1044,1.0469,1.0506,1.0441,1.0395,1.0266,1.0086,1.0004,1.0073,0.9996,1.0672,1.0045,3549.67,5267.29,4329.76,2696.53,2142.98,1511.84,198.87,2859.36,2281.70,613.28,1.1740,0.6368,1.0323,1.4062,0.9667,0.4671,1.2492,0.2610,0.2777,-1.1003,0.6162,0.6720,0.6795,0.6276,0.6402,0.7358,0.3745,0.4925,0.6451,0.6915,0.0138,0.0126,0.0269,0.0211,0.0162,0.0000,0.0424,0.0014,0.0139,0.0087,0.9761,0.9753,0.9884,0.9745,0.9765,1.0000,0.9754,1.0000,0.9686,1.0000,50.74,184.31,77.53,52.27,61.16,13.91,5.70,239.71,74.27,92.48,0.0000,0.0000,0.0000,0.0000,0.0000,0.0000,0.3628,0.0518,0.0000,0.0000,104304,74663,53998,54750,86225,66964,95775,572442,131417,91336,0.0000,0.0000,0.0000,0.0000,0.0000,0.0000,1.0000,1.0000,0.0000,0.0000,0,0,0,0,0,0,0,1,0,0,0,0,0,0,0,0,1,1,0,0,0.1220,0.0756,0.1366,0.0506,0.0894,0.0137,0.0764,0.1026,0.0014,0.1380,0.000,0.000,0.000,0.000,0.000,0.000,0.041,0.199,0.000,0.000,semi-presidential,parliamentary,parliamentary,parliamentary,parliamentary,semi-presidential,junta,junta,junta,parliamentary,0.800,0.800,0.800,0.800,0.800,0.800,0.400,0.400,0.400,0.800,100.0,100.0,100.0,100.0,100.0,100.0,69.6,100.0,100.0,100.0
2035-09-01,1.0213,1.0138,1.0070,0.9974,1.0209,0.9796,1.0053,1.0019,0.9955,0.9978,1.0126,1.0040,1.1048,1.0463,1.0517,0.9974,1.0389,1.0251,1.0066,1.0315,1.0072,0.9978,1.0252,1.0040,3553.33,5280.55,4334.93,2698.91,2146.78,1519.34,199.57,2860.62,2293.31,613.55,1.1730,0.6352,1.0309,1.4052,0.9652,0.4650,1.2452,0.2621,0.2778,-1.1138,0.6022,0.6920,0.6815,0.6248,0.6662,0.7481,0.3514,0.5073,0.6638,0.6916,0.0139,0.0111,0.0119,0.0158,0.0163,0.0000,0.0430,0.0015,0.0120,0.0088,0.9764,0.9755,0.9885,0.9749,0.9770,1.0000,0.9758,1.0000,0.9690,1.0000,50.83,187.65,79.16,53.57,62.95,14.18,5.85,241.72,75.08,93.29,0.0000,0.0000,0.0000,0.0000,0.0000,0.0000,0.3628,0.0518,0.0000,0.0000,104304,74663,53998,54750,86225,66964,95775,572442,131417,91336,0.0000,0.0000,0.0000,0.0000,0.0000,0.0000,1.0000,1.0000,0.0000,0.0000,0,0,0,0,0,0,0,1,0,0,0,0,0,0,0,0,1,1,0,0,0.1194,0.0756,0.1349,0.0508,0.0879,0.0139,0.0775,0.1031,0.0015,0.1359,0.000,0.000,0.000,0.000,0.000,0.000,0.041,0.199,0.000,0.000,semi-presidential,parliamentary,parliamentary,parliamentary,parliamentary,semi-presidential,junta,junta,junta,parliamentary,0.800,0.800,0.800,0.800,0.800,0.800,0.400,0.400,0.400,0.800,100.0,100.0,100.0,100.0,100.0,100.0,71.0,100.0,100.0,100.0
2035-10-01,1.0237,1.0127,1.0072,0.9976,1.0216,0.9737,1.0034,1.0010,0.9958,0.9968,1.0104,1.0019,1.1101,1.0447,1.0516,1.0294,1.0443,1.0186,1.0046,1.0022,1.0231,0.9968,1.0117,1.0019,3543.22,5289.78,4338.90,2698.13,2150.17,1525.13,199.79,2858.06,2305.23,614.40,1.1766,0.6341,1.0300,1.4058,0.9639,0.4635,1.2440,0.2635,0.2779,-1.1263,0.6033,0.7053,0.6852,0.6166,0.6636,0.7551,0.3769,0.5198,0.6602,0.6920,0.0122,0.0111,0.0259,0.0168,0.0168,0.0000,0.0435,0.0017,0.0145,0.0081,0.9768,0.9759,0.9887,0.9753,0.9775,1.0000,0.9761,1.0000,0.9696,1.0000,51.53,188.87,80.98,53.77,63.33,14.09,5.87,245.45,76.00,93.04,0.0000,0.0000,0.0000,0.0000,0.0000,0.0000,0.3628,0.0518,0.0000,0.0000,104304,74663,53998,54750,86225,66964,95775,572442,131417,91336,0.0000,0.0000,0.0000,0.0000,0.0000,0.0000,1.0000,1.0000,0.0000,0.0000,0,0,0,0,0,0,0,1,0,0,0,0,0,0,0,0,1,1,0,0,0.1042,0.0678,0.1157,0.0429,0.0750,0.0124,0.0775,0.1042,0.0016,0.1363,0.000,0.000,0.000,0.000,0.000,0.000,0.038,0.200,0.000,0.000,semi-presidential,parliamentary,parliamentary,parliamentary,parliamentary,semi-presidential,junta,junta,junta,parliamentary,0.800,0.800,0.800,0.800,0.800,0.800,0.400,0.400,0.400,0.800,100.0,100.0,100.0,100.0,100.0,100.0,72.6,100.0,100.0,100.0
2035-11-01,1.0275,1.0149,1.0053,0.9965,1.0219,0.9694,1.0053,1.0007,0.9950,0.9951,1.0094,1.0012,1.1170,1.0478,1.0472,0.9999,1.0403,1.0140,1.0368,1.0019,1.0066,0.9951,1.0107,1.0012,3544.04,5285.63,4351.02,2696.70,2150.07,1527.17,199.85,2864.62,2315.97,614.08,1.1767,0.6346,1.0273,1.4069,0.9640,0.4631,1.2438,0.2641,0.2782,-1.1409,0.5829,0.7095,0.6673,0.6028,0.6523,0.7446,0.4049,0.5219,0.6454,0.7000,0.0132,0.0112,0.0126,0.0160,0.0160,0.0000,0.0451,0.0013,0.0124,0.0077,0.9762,0.9755,0.9885,0.9746,0.9766,1.0000,0.9756,1.0000,0.9686,1.0000,52.16,189.52,79.66,54.84,65.13,14.04,6.01,251.52,77.41,93.58,0.0000,0.0000,0.0000,0.0000,0.0000,0.0000,0.3628,0.0518,0.0000,0.0000,104304,74663,53998,54750,86225,66964,95775,572442,131417,91336,0.0000,0.0000,0.0000,0.0000,0.0000,0.0000,1.0000,1.0000,0.0000,0.0000,0,0,0,0,0,0,0,1,0,0,0,0,0,0,0,0,1,1,0,0,0.1146,0.0725,0.1289,0.0476,0.0837,0.0122,0.0776,0.1049,0.0016,0.1365,0.000,0.000,0.000,0.000,0.000,0.000,0.037,0.201,0.000,0.000,semi-presidential,parliamentary,parliamentary,parliamentary,parliamentary,semi-presidential,junta,junta,junta,parliamentary,0.800,0.800,0.800,0.800,0.800,0.800,0.400,0.400,0.400,0.800,100.0,100.0,100.0,100.0,100.0,100.0,74.4,100.0,100.0,100.0
2035-12-01,1.0282,1.0153,1.0068,0.9961,1.0228,0.9664,1.0061,1.0010,0.9977,0.9918,1.0071,1.0019,1.1156,1.0482,1.0520,1.0199,1.0467,1.0107,1.0373,1.0201,1.0724,0.9918,1.0083,1.0024,3538.53,5296.82,4352.96,2691.31,2154.47,1532.23,199.80,2876.15,2322.73,614.94,1.1788,0.6333,1.0269,1.4100,0.9619,0.4618,1.2443,0.2642,0.2789,-1.1534,0.5863,0.6880,0.6797,0.5988,0.6333,0.7213,0.3930,0.5493,0.6650,0.6805,0.0142,0.0112,0.0248,0.0177,0.0199,0.0000,0.0477,0.0039,0.0159,0.0123,0.9762,0.9754,0.9885,0.9747,0.9768,1.0000,0.9759,1.0000,0.9688,1.0000,51.90,190.01,81.02,54.20,64.07,14.21,5.91,249.03,77.74,93.52,0.0000,0.0000,0.0000,0.0000,0.0000,0.0000,0.3628,0.0518,0.0000,0.0000,104304,74663,53998,54750,86225,66964,95775,572442,131417,91336,0.0000,0.0000,0.0000,0.0000,0.0000,0.0000,1.0000,1.0000,0.0000,0.0000,0,0,0,0,0,0,0,1,0,0,0,0,0,0,0,0,1,1,0,0,0.1201,0.0748,0.1352,0.0501,0.0875,0.0127,0.0784,0.1044,0.0016,0.1363,0.000,0.000,0.000,0.000,0.000,0.000,0.038,0.201,0.000,0.000,semi-presidential,parliamentary,parliamentary,parliamentary,parliamentary,semi-presidential,junta,junta,junta,parliamentary,0.800,0.800,0.800,0.800,0.800,0.800,0.400,0.400,0.400,0.800,100.0,100.0,100.0,100.0,100.0,100.0,76.1,100.0,100.0,100.0
2036-01-01,1.0299,1.0175,1.0073,0.9965,1.0238,0.9609,1.0059,1.0002,0.9991,0.9896,1.0059,1.0009,1.1179,1.0507,1.0524,1.0333,1.0486,1.0048,1.0088,1.0014,1.0388,0.9896,1.0071,1.0009,3542.39,5303.60,4349.27,2690.96,2157.31,1539.97,200.41,2879.03,2326.21,615.68,1.1776,0.6325,1.0279,1.4103,0.9606,0.4597,1.2402,0.2651,0.2800,-1.1661,0.5726,0.7026,0.6571,0.5682,0.6387,0.7204,0.3907,0.5531,0.6593,0.6903,0.0125,0.0118,0.0265,0.0194,0.0180,0.0000,0.0447,0.0022,0.0153,0.0091,0.9760,0.9753,0.9884,0.9743,0.9763,1.0000,0.9755,1.0000,0.9684,1.0000,52.05,189.73,80.38,53.44,64.04,14.19,5.87,250.36,78.26,93.57,0.0000,0.0000,0.0000,0.0000,0.0000,0.0000,0.3628,0.0518,0.0000,0.0000,104304,74663,53998,54750,86225,66964,95775,572442,131417,91336,0.0000,0.0000,0.0000,0.0000,0.0000,0.0000,1.0000,1.0000,0.0000,0.0000,0,0,0,0,0,0,0,1,0,0,0,0,0,0,0,0,1,1,0,0,0.1122,0.0709,0.1260,0.0457,0.0814,0.0120,0.0771,0.1050,0.0016,0.1375,0.000,0.000,0.000,0.000,0.000,0.000,0.037,0.202,0.000,0.000,semi-presidential,parliamentary,parliamentary,parliamentary,parliamentary,semi-presidential,junta,junta,junta,parliamentary,0.800,0.800,0.800,0.800,0.800,0.800,0.400,0.400,0.400,0.800,100.0,100.0,100.0,100.0,100.0,100.0,77.8,100.0,100.0,100.0
