date,price_oil,price_gas,price_coal,price_electricity,price_food,price_critical-minerals,price_steel,price_consumer-goods,price_electronics,price_arms,price_pharma,price_services,import_price_oil,import_price_gas,import_price_coal,import_price_electricity,import_price_food,import_price_critical-minerals,import_price_steel,import_price_consumer-goods,import_price_electronics,import_price_arms,import_price_pharma,import_price_services,gdp_FRA,gdp_DEU,gdp_GBR,gdp_ITA,gdp_ESP,gdp_POL,gdp_UKR,gdp_RUS,gdp_TUR,gdp_NOR,debt_FRA,debt_DEU,debt_GBR,debt_ITA,debt_ESP,debt_POL,debt_UKR,debt_RUS,debt_TUR,debt_NOR,stability_FRA,stability_DEU,stability_GBR,stability_ITA,stability_ESP,stability_POL,stability_UKR,stability_RUS,stability_TUR,stability_NOR,shortage_FRA,shortage_DEU,shortage_GBR,shortage_ITA,shortage_ESP,shortage_POL,shortage_UKR,shortage_RUS,shortage_TUR,shortage_NOR,gas_coverage_FRA,gas_coverage_DEU,gas_coverage_GBR,gas_coverage_ITA,gas_coverage_ESP,gas_coverage_POL,gas_coverage_UKR,gas_coverage_RUS,gas_coverage_TUR,gas_coverage_NOR,maritime_trade_FRA,maritime_trade_DEU,maritime_trade_GBR,maritime_trade_ITA,maritime_trade_ESP,maritime_trade_POL,maritime_trade_UKR,maritime_trade_RUS,maritime_trade_TUR,maritime_trade_NOR,blockade_FRA,blockade_DEU,blockade_GBR,blockade_ITA,blockade_ESP,blockade_POL,blockade_UKR,blockade_RUS,blockade_TUR,blockade_NOR,tiles_FRA,tiles_DEU,tiles_GBR,tiles_ITA,tiles_ESP,tiles_POL,tiles_UKR,tiles_RUS,tiles_TUR,tiles_NOR,exhaustion_FRA,exhaustion_DEU,exhaustion_GBR,exhaustion_ITA,exhaustion_ESP,exhaustion_POL,exhaustion_UKR,exhaustion_RUS,exhaustion_TUR,exhaustion_NOR,sanctions_against_FRA,sanctions_against_DEU,sanctions_against_GBR,sanctions_against_ITA,sanctions_against_ESP,sanctions_against_POL,sanctions_against_UKR,sanctions_against_RUS,sanctions_against_TUR,sanctions_against_NOR,at_war_FRA,at_war_DEU,at_war_GBR,at_war_ITA,at_war_ESP,at_war_POL,at_war_UKR,at_war_RUS,at_war_TUR,at_war_NOR,export_share_FRA,export_share_DEU,export_share_GBR,export_share_ITA,export_share_ESP,export_share_POL,export_share_UKR,export_share_RUS,export_share_TUR,export_share_NOR,circumvention_FRA,circumvention_DEU,circumvention_GBR,circumvention_ITA,circumvention_ESP,circumvention_POL,circumvention_UKR,circumvention_RUS,circumvention_TUR,circumvention_NOR,regime_FRA,regime_DEU,regime_GBR,regime_ITA,regime_ESP,regime_POL,regime_UKR,regime_RUS,regime_TUR,regime_NOR,legitimacy_FRA,legitimacy_DEU,legitimacy_GBR,legitimacy_ITA,legitimacy_ESP,legitimacy_POL,legitimacy_UKR,legitimacy_RUS,legitimacy_TUR,legitimacy_NOR,capital_FRA,capital_DEU,capital_GBR,capital_ITA,capital_ESP,capital_POL,capital_UKR,capital_RUS,capital_TUR,capital_NOR
2026-01-01,1.0000,1.0000,1.0000,1.0000,1.0000,1.0000,1.0000,1.0000,1.0000,1.0000,1.0000,1.0000,1.0000,1.0000,1.0000,1.0000,1.0000,1.0000,1.0000,1.0000,1.0000,1.0000,1.0000,1.0000,3366.32,5050.92,4002.59,2551.56,1906.45,1035.49,214.23,2561.31,1597.29,530.76,1.1600,0.6290,1.0230,1.3710,1.0040,0.5880,1.0870,0.1720,0.2350,0.4500,0.6600,0.7169,0.6747,0.6374,0.6767,0.7200,0.6678,0.6750,0.6750,0.7200,0.0000,0.0000,0.0000,0.0000,0.0000,0.0000,0.0000,0.0000,0.0000,0.0000,1.0000,1.0000,1.0000,1.0000,1.0000,1.0000,1.0000,1.0000,1.0000,1.0000,0.00,0.00,0.00,0.00,0.00,0.00,0.00,0.00,0.00,0.00,0.0000,0.0000,0.0000,0.0000,0.0000,0.0000,0.0000,0.0000,0.0000,0.0000,104304,74663,53998,54750,86225,66964,95775,572442,131417,91336,0.0000,0.0000,0.0000,0.0000,0.0000,0.0000,0.0000,0.0000,0.0000,0.0000,0,0,0,0,0,0,0,0,0,0,0,0,0,0,0,0,1,1,0,0,0.1188,0.0739,0.1337,0.0486,0.0868,0.0114,0.0806,0.1082,0.0016,0.1382,0.000,0.000,0.000,0.000,0.000,0.000,0.000,0.000,0.000,0.000,semi-presidential,parliamentary,parliamentary,parliamentary,parliamentary,semi-presidential,semi-presidential,electoral-authoritarian,electoral-authoritarian,parliamentary,0.800,0.800,0.800,0.800,0.800,0.800,0.800,0.500,0.500,0.800,30.0,30.0,30.0,30.0,30.0,30.0,30.0,30.0,30.0,30.0
2026-02-01,1.0000,1.0000,1.0000,1.0000,1.0000,1.0000,1.0000,1.0000,1.0000,1.0000,1.0000,1.0000,1.0863,1.0318,1.0446,1.0418,1.0224,1.0528,1.0258,1.0258,1.0427,1.0282,1.0258,1.0000,3366.09,5056.93,4002.58,2552.63,1912.22,1038.84,212.82,2562.01,1603.64,530.42,1.1681,0.6316,1.0315,1.3811,1.0080,0.5908,1.1026,0.1759,0.2375,0.4376,0.6600,0.7169,0.6747,0.6374,0.6767,0.7200,0.6678,0.6750,0.6750,0.7200,0.0158,0.0131,0.0305,0.0219,0.0197,0.0000,0.0228,0.0028,0.0160,0.0122,0.9756,0.9749,0.9881,0.9739,0.9759,1.0000,0.9902,1.0000,0.9679,1.0000,50.66,180.03,76.09,51.69,59.11,9.22,4.99,230.99,55.36,79.10,0.0000,0.0000,0.0000,0.0000,0.0000,0.0000,0.3628,0.0518,0.0000,0.0000,104304,74663,53998,54750,86225,66964,95775,572442,131417,91336,0.0000,0.0000,0.0000,0.0000,0.0000,0.0000,0.0100,0.0100,0.0000,0.0000,0,0,0,0,0,0,0,1,0,0,0,0,0,0,0,0,1,1,0,0,0.1188,0.0730,0.1337,0.0478,0.0862,0.0113,0.0740,0.1034,0.0015,0.1360,0.000,0.000,0.000,0.000,0.000,0.000,0.000,0.000,0.000,0.000,semi-presidential,parliamentary,parliamentary,parliamentary,parliamentary,semi-presidential,semi-presidential,electoral-authoritarian,electoral-authoritarian,parliamentary,0.800,0.800,0.800,0.800,0.800,0.800,0.800,0.500,0.500,0.800,33.3,32.9,33.3,33.6,33.3,33.1,30.0,33.3,33.8,32.9
2026-03-01,1.0005,1.0016,1.0012,0.9979,1.0027,1.0045,1.0033,1.0016,0.9997,1.0035,0.9966,0.9981,1.0960,1.0530,1.0803,0.9979,1.0420,1.1271,1.0618,1.0143,1.0139,1.0491,0.9980,0.9981,3362.11,5056.32,3999.07,2548.50,1908.40,1041.24,211.55,2561.69,1613.84,530.77,1.1769,0.6349,1.0404,1.3936,1.0166,0.5939,1.1170,0.1797,0.2392,0.4245,0.6469,0.7180,0.6483,0.6158,0.6810,0.7166,0.5959,0.6658,0.6726,0.6967,0.0212,0.0167,0.0195,0.0259,0.0274,0.0027,0.0521,0.0021,0.0162,0.0167,0.9597,0.9589,0.9799,0.9605,0.9622,0.9870,0.9730,1.0000,0.9563,1.0000,50.28,181.64,75.98,52.62,59.92,9.16,6.83,232.41,55.40,79.32,0.0000,0.0000,0.0000,0.0000,0.0000,0.0000,0.3634,0.0519,0.0000,0.0000,104304,74663,53998,54750,86225,66964,95775,572442,131417,91336,0.0000,0.0000,0.0000,0.0000,0.0000,0.0000,0.0200,0.0200,0.0000,0.0000,0,0,0,0,0,0,0,1,0,0,0,0,0,0,0,0,1,1,0,0,0.1033,0.0667,0.1159,0.0418,0.0746,0.0114,0.0752,0.1044,0.0015,0.1327,0.000,0.000,0.000,0.000,0.000,0.000,0.029,0.146,0.000,0.000,semi-presidential,parliamentary,parliamentary,parliamentary,parliamentary,semi-presidential,semi-presidential,electoral-authoritarian,electoral-authoritarian,parliamentary,0.800,0.800,0.800,0.800,0.800,0.800,0.800,0.500,0.500,0.800,36.5,35.7,36.5,37.1,36.7,36.3,32.6,36.5,37.5,35.6
2026-04-01,1.0050,1.0049,1.0005,1.0000,1.0027,1.0096,1.0050,1.0038,1.0004,1.0028,0.9939,0.9984,1.0947,1.0526,1.0427,1.0573,1.0244,1.0784,1.0803,1.0813,1.0546,1.0212,0.9951,0.9985,3364.67,5058.22,4000.95,2554.18,1907.45,1044.35,210.82,2567.22,1616.48,530.63,1.1829,0.6376,1.0474,1.4002,1.0234,0.5963,1.1280,0.1829,0.2418,0.4118,0.6311,0.7031,0.6322,0.5800,0.6353,0.7037,0.5428,0.6584,0.6837,0.6909,0.0204,0.0163,0.0346,0.0286,0.0230,0.0019,0.0551,0.0039,0.0174,0.0167,0.9630,0.9620,0.9815,0.9636,0.9655,0.9881,0.9738,1.0000,0.9594,1.0000,50.57,179.75,75.36,52.40,58.50,9.49,6.67,232.50,55.69,79.11,0.0000,0.0000,0.0000,0.0000,0.0000,0.0000,0.3610,0.0485,0.0000,0.0000,104304,74663,53998,54750,86225,66964,95775,572442,131417,91336,0.0000,0.0000,0.0000,0.0000,0.0000,0.0000,0.0300,0.0300,0.0000,0.0000,0,0,0,0,0,0,0,1,0,0,0,0,0,0,0,0,1,1,0,0,0.1174,0.0717,0.1323,0.0467,0.0856,0.0116,0.0753,0.1046,0.0015,0.1369,0.000,0.000,0.000,0.000,0.000,0.000,0.029,0.147,0.000,0.000,semi-presidential,parliamentary,parliamentary,parliamentary,parliamentary,semi-presidential,semi-presidential,electoral-authoritarian,electoral-authoritarian,parliamentary,0.800,0.800,0.800,0.800,0.800,0.800,0.800,0.500,0.500,0.800,39.7,38.5,39.5,40.3,39.7,39.3,34.9,39.7,41.3,38.3
2026-05-01,1.0081,1.0082,1.0029,0.9996,1.0049,1.0138,1.0069,1.0053,0.9983,1.0010,0.9941,0.9982,1.1004,1.0651,1.0474,1.0334,1.0405,1.0676,1.0326,1.0169,1.0119,1.0011,0.9954,0.9982,3369.27,5054.84,4002.62,2552.43,1908.65,1047.86,209.95,2568.39,1619.79,530.58,1.1875,0.6407,1.0539,1.4102,1.0285,0.5982,1.1392,0.1861,0.2441,0.3990,0.6310,0.6980,0.6240,0.6008,0.6135,0.7074,0.5267,0.6688,0.6532,0.6747,0.0169,0.0145,0.0304,0.0219,0.0231,0.0023,0.0486,0.0015,0.0171,0.0133,0.9550,0.9548,0.9775,0.9567,0.9575,0.9838,0.9725,1.0000,0.9533,1.0000,50.22,183.60,79.45,53.12,59.37,9.60,6.70,231.16,55.71,80.04,0.0000,0.0000,0.0000,0.0000,0.0000,0.0000,0.3626,0.0510,0.0000,0.0000,104304,74663,53998,54750,86225,66964,95775,572442,131417,91336,0.0000,0.0000,0.0000,0.0000,0.0000,0.0000,0.0400,0.0400,0.0000,0.0000,0,0,0,0,0,0,0,1,0,0,0,0,0,0,0,0,1,1,0,0,0.1159,0.0724,0.1308,0.0474,0.0841,0.0117,0.0759,0.1049,0.0015,0.1342,0.000,0.000,0.000,0.000,0.000,0.000,0.029,0.147,0.000,0.000,semi-presidential,parliamentary,parliamentary,parliamentary,parliamentary,semi-presidential,semi-presidential,electoral-authoritarian,electoral-authoritarian,parliamentary,0.800,0.800,0.800,0.800,0.800,0.800,0.800,0.500,0.500,0.800,42.8,41.3,42.6,43.7,42.7,42.4,37.2,43.0,45.0,40.9
2026-06-01,1.0116,1.0095,1.0038,0.9986,1.0105,1.0174,1.0064,1.0026,0.9974,1.0009,0.9932,0.9968,1.1047,1.0432,1.0490,1.0037,1.0616,1.0711,1.0079,1.0040,1.0113,1.0010,0.9946,0.9968,3366.99,5050.27,3996.46,2554.19,1906.36,1049.24,209.65,2573.93,1623.33,530.54,1.1939,0.6438,1.0620,1.4177,1.0352,0.6010,1.1466,0.1888,0.2461,0.3861,0.6340,0.6871,0.6257,0.5926,0.6161,0.7199,0.5118,0.6695,0.6486,0.6728,0.0130,0.0118,0.0158,0.0223,0.0230,0.0000,0.0460,0.0013,0.0129,0.0173,0.9752,0.9744,0.9879,0.9737,0.9757,1.0000,0.9753,1.0000,0.9678,1.0000,50.05,181.64,76.35,52.56,59.14,9.35,6.62,230.84,55.72,80.21,0.0000,0.0000,0.0000,0.0000,0.0000,0.0000,0.3628,0.0518,0.0000,0.0000,104304,74663,53998,54750,86225,66964,95775,572442,131417,91336,0.0000,0.0000,0.0000,0.0000,0.0000,0.0000,0.0500,0.0500,0.0000,0.0000,0,0,0,0,0,0,0,1,0,0,0,0,0,0,0,0,1,1,0,0,0.1070,0.0680,0.1206,0.0429,0.0772,0.0115,0.0751,0.1049,0.0015,0.1344,0.000,0.000,0.000,0.000,0.000,0.000,0.027,0.148,0.000,0.000,semi-presidential,parliamentary,parliamentary,parliamentary,parliamentary,semi-presidential,semi-presidential,electoral-authoritarian,electoral-authoritarian,parliamentary,0.800,0.800,0.800,0.800,0.800,0.800,0.800,0.500,0.500,0.800,46.0,44.0,45.6,47.1,45.6,45.6,39.3,46.3,48.5,43.5
2026-07-01,1.0148,1.0071,1.0075,0.9978,1.0148,1.0194,1.0074,1.0007,0.9960,1.0001,0.9939,0.9965,1.1076,1.0390,1.1452,1.0172,1.0604,1.0733,1.0389,1.0022,1.0097,1.0001,1.0196,0.9965,3363.76,5051.07,3998.87,2549.50,1913.46,1053.01,209.20,2578.53,1625.52,530.56,1.2001,0.6460,1.0673,1.4282,1.0363,0.6022,1.1541,0.1913,0.2480,0.3731,0.6241,0.6789,0.6204,0.5947,0.6025,0.7037,0.5277,0.6817,0.6387,0.6611,0.0208,0.0146,0.0284,0.0274,0.0290,0.0000,0.0474,0.0016,0.0187,0.0191,0.9764,0.9755,0.9885,0.9750,0.9772,1.0000,0.9761,1.0000,0.9694,1.0000,49.58,180.27,75.97,51.78,58.29,9.26,6.56,227.27,54.98,80.09,0.0000,0.0000,0.0000,0.0000,0.0000,0.0000,0.3628,0.0518,0.0000,0.0000,104304,74663,53998,54750,86225,66964,95775,572442,131417,91336,0.0000,0.0000,0.0000,0.0000,0.0000,0.0000,0.0600,0.0600,0.0000,0.0000,0,0,0,0,0,0,0,1,0,0,0,0,0,0,0,0,1,1,0,0,0.1137,0.0703,0.1282,0.0455,0.0818,0.0113,0.0755,0.1047,0.0015,0.1346,0.000,0.000,0.000,0.000,0.000,0.000,0.026,0.149,0.000,0.000,semi-presidential,parliamentary,parliamentary,parliamentary,parliamentary,semi-presidential,semi-presidential,electoral-authoritarian,electoral-authoritarian,parliamentary,0.800,0.800,0.800,0.800,0.800,0.800,0.800,0.500,0.500,0.800,49.1,46.6,48.6,50.5,48.5,48.6,41.6,49.6,52.0,46.1
2026-08-01,1.0173,1.0071,1.0104,0.9974,1.0151,1.0225,1.0089,1.0011,0.9975,1.0022,0.9939,0.9960,1.1088,1.0397,1.1269,1.0180,1.0370,1.0767,1.0433,1.0080,1.0279,1.0508,0.9953,0.9960,3369.13,5045.10,3998.96,2549.27,1918.57,1055.40,208.95,2584.75,1630.56,530.61,1.2026,0.6489,1.0727,1.4357,1.0380,0.6039,1.1599,0.1934,0.2493,0.3600,0.6098,0.6862,0.6234,0.5682,0.6331,0.7162,0.5351,0.6754,0.6268,0.6682,0.0190,0.0139,0.0259,0.0221,0.0226,0.0000,0.0484,0.0024,0.0184,0.0109,0.9759,0.9751,0.9882,0.9745,0.9766,1.0000,0.9757,1.0000,0.9687,1.0000,49.56,180.91,76.46,51.82,58.43,9.41,6.61,227.31,55.29,80.28,0.0000,0.0000,0.0000,0.0000,0.0000,0.0000,0.3628,0.0518,0.0000,0.0000,104304,74663,53998,54750,86225,66964,95775,572442,131417,91336,0.0000,0.0000,0.0000,0.0000,0.0000,0.0000,0.0700,0.0700,0.0000,0.0000,0,0,0,0,0,0,0,1,0,0,0,0,0,0,0,0,1,1,0,0,0.1121,0.0697,0.1267,0.0447,0.0808,0.0114,0.0750,0.1047,0.0015,0.1348,0.000,0.000,0.000,0.000,0.000,0.000,0.026,0.149,0.000,0.000,semi-presidential,parliamentary,parliamentary,parliamentary,parliamentary,semi-presidential,semi-presidential,electoral-authoritarian,electoral-authoritarian,parliamentary,0.800,0.800,0.800,0.800,0.800,0.800,0.800,0.500,0.500,0.800,52.1,49.3,51.6,53.7,51.6,51.7,43.9,52.9,55.4,48.7
2026-09-01,1.0180,1.0054,1.0132,0.9972,1.0158,1.0255,1.0092,1.0019,1.0001,1.0027,0.9900,0.9944,1.1031,1.0357,1.1213,1.0289,1.0402,1.0786,1.0210,1.0249,1.0586,1.0222,0.9913,0.9944,3360.89,5043.95,3986.42,2552.37,1914.95,1060.10,208.79,2586.46,1633.96,529.42,1.2093,0.6509,1.0810,1.4408,1.0439,0.6040,1.1644,0.1957,0.2506,0.3477,0.6168,0.6837,0.6150,0.5731,0.6445,0.7067,0.5465,0.6743,0.6474,0.6782,0.0178,0.0130,0.0303,0.0216,0.0229,0.0000,0.0476,0.0033,0.0194,0.0124,0.9776,0.9768,0.9891,0.9763,0.9784,1.0000,0.9760,1.0000,0.9709,1.0000,49.32,181.02,77.06,51.29,57.79,9.56,6.54,224.44,55.16,80.31,0.0000,0.0000,0.0000,0.0000,0.0000,0.0000,0.3615,0.0491,0.0000,0.0000,104304,74663,53998,54750,86225,66964,95775,572442,131417,91336,0.0000,0.0000,0.0000,0.0000,0.0000,0.0000,0.0800,0.0800,0.0000,0.0000,0,0,0,0,0,0,0,1,0,0,0,0,0,0,0,0,1,1,0,0,0.1045,0.0660,0.1174,0.0408,0.0747,0.0115,0.0740,0.1044,0.0015,0.1352,0.000,0.000,0.000,0.000,0.000,0.000,0.024,0.150,0.000,0.000,semi-presidential,parliamentary,parliamentary,parliamentary,parliamentary,semi-presidential,semi-presidential,electoral-authoritarian,electoral-authoritarian,parliamentary,0.800,0.800,0.800,0.800,0.800,0.800,0.800,0.500,0.500,0.800,55.2,52.0,54.6,56.9,54.7,54.8,46.3,56.2,59.0,51.3
2026-10-01,1.0186,1.0031,1.0141,1.0001,1.0168,1.0246,1.0095,1.0036,1.0039,1.0007,0.9882,0.9936,1.1053,1.0339,1.0622,1.0630,1.0440,1.0785,1.0430,1.0634,1.1085,1.0007,0.9894,0.9936,3364.11,5039.61,3984.83,2554.53,1914.91,1062.28,208.27,2574.41,1638.92,528.85,1.2113,0.6532,1.0859,1.4457,1.0475,0.6053,1.1701,0.1988,0.2515,0.3350,0.5953,0.6797,0.5837,0.5879,0.6157,0.7276,0.5479,0.6716,0.6449,0.6547,0.0164,0.0149,0.0318,0.0309,0.0225,0.0001,0.0501,0.0054,0.0172,0.0166,0.9772,0.9762,0.9888,0.9758,0.9780,1.0000,0.9761,1.0000,0.9703,1.0000,49.01,176.75,73.25,50.99,55.92,9.79,6.33,221.79,54.68,79.51,0.0000,0.0000,0.0000,0.0000,0.0000,0.0000,0.3625,0.0508,0.0000,0.0000,104304,74663,53998,54750,86225,66964,95775,572442,131417,91336,0.0000,0.0000,0.0000,0.0000,0.0000,0.0000,0.0900,0.0900,0.0000,0.0000,0,0,0,0,0,0,0,1,0,0,0,0,0,0,0,0,1,1,0,0,0.1082,0.0661,0.1216,0.0412,0.0777,0.0118,0.0738,0.1047,0.0015,0.1384,0.000,0.000,0.000,0.000,0.000,0.000,0.022,0.150,0.000,0.000,semi-presidential,parliamentary,parliamentary,parliamentary,parliamentary,semi-presidential,semi-presidential,electoral-authoritarian,electoral-authoritarian,parliamentary,0.800,0.800,0.800,0.800,0.800,0.800,0.800,0.500,0.500,0.800,58.1,54.7,57.4,60.2,57.7,58.0,48.7,59.5,62.6,53.8
2026-11-01,1.0217,0.9992,1.0124,1.0029,1.0165,1.0247,1.0114,1.0036,1.0058,1.0017,0.9870,0.9928,1.1120,1.0297,1.0574,1.0661,1.0381,1.0789,1.0535,1.0049,1.0438,1.0233,0.9881,0.9928,3371.99,5041.05,3968.50,2555.28,1918.02,1066.99,207.46,2577.53,1641.65,530.44,1.2111,0.6545,1.0943,1.4508,1.0490,0.6049,1.1770,0.2006,0.2526,0.3210,0.6015,0.6764,0.5840,0.5917,0.6167,0.7192,0.5376,0.6278,0.6438,0.6482,0.0137,0.0150,0.0274,0.0295,0.0175,0.0001,0.0458,0.0025,0.0146,0.0098,0.9774,0.9764,0.9890,0.9761,0.9784,1.0000,0.9764,1.0000,0.9706,1.0000,49.42,176.91,73.23,51.26,56.40,9.86,6.38,223.00,54.89,79.41,0.0000,0.0000,0.0000,0.0000,0.0000,0.0000,0.3628,0.0518,0.0000,0.0000,104304,74663,53998,54750,86225,66964,95775,572442,131417,91336,0.0000,0.0000,0.0000,0.0000,0.0000,0.0000,0.1000,0.1000,0.0000,0.0000,0,0,0,0,0,0,0,1,0,0,0,0,0,0,0,0,1,1,0,0,0.1084,0.0659,0.1224,0.0411,0.0777,0.0118,0.0726,0.1040,0.0015,0.1378,0.000,0.000,0.000,0.000,0.000,0.000,0.021,0.151,0.000,0.000,semi-presidential,parliamentary,parliamentary,parliamentary,parliamentary,semi-presidential,semi-presidential,electoral-authoritarian,electoral-authoritarian,parliamentary,0.800,0.800,0.800,0.800,0.800,0.800,0.800,0.500,0.500,0.800,61.1,57.4,60.2,63.6,60.7,61.1,51.0,62.5,66.1,56.3
2026-12-01,1.0248,0.9934,1.0139,1.0072,1.0117,1.0270,1.0113,1.0018,1.0049,1.0034,0.9862,0.9938,1.1150,1.0220,1.0582,1.0751,1.0324,1.0809,1.0134,1.0030,1.0183,1.0449,0.9874,0.9949,3366.41,5035.99,3981.21,2556.85,1920.03,1071.19,207.23,2576.04,1648.68,531.27,1.2150,0.6566,1.0942,1.4548,1.0505,0.6045,1.1797,0.2025,0.2532,0.3074,0.6129,0.6794,0.5639,0.5979,0.6288,0.7282,0.5220,0.6245,0.6283,0.6816,0.0122,0.0154,0.0253,0.0313,0.0155,0.0002,0.0440,0.0014,0.0130,0.0076,0.9788,0.9777,0.9896,0.9775,0.9798,1.0000,0.9766,1.0000,0.9722,1.0000,49.63,175.37,71.76,51.74,56.39,9.75,6.35,223.19,54.67,79.36,0.0000,0.0000,0.0000,0.0000,0.0000,0.0000,0.3625,0.0510,0.0000,0.0000,104304,74663,53998,54750,86225,66964,95775,572442,131417,91336,0.0000,0.0000,0.0000,0.0000,0.0000,0.0000,0.1100,0.1100,0.0000,0.0000,0,0,0,0,0,0,0,1,0,0,0,0,0,0,0,0,1,1,0,0,0.1143,0.0682,0.1284,0.0437,0.0822,0.0111,0.0666,0.1033,0.0013,0.1379,0.000,0.000,0.000,0.000,0.000,0.000,0.023,0.152,0.000,0.000,semi-presidential,parliamentary,parliamentary,parliamentary,parliamentary,semi-presidential,semi-presidential,electoral-authoritarian,electoral-authoritarian,parliamentary,0.800,0.800,0.800,0.800,0.800,0.800,0.800,0.500,0.500,0.800,64.2,60.0,62.9,67.0,63.7,64.4,53.2,65.5,69.5,58.9
2027-01-01,1.0250,0.9908,1.0144,1.0087,1.0085,1.0261,1.0077,1.0007,1.0032,1.0062,0.9876,0.9931,1.1115,1.0199,1.0580,1.0609,1.0292,1.0795,1.0090,1.0020,1.0165,1.0614,1.0098,0.9931,3368.74,5040.07,3973.88,2553.65,1920.53,1072.46,206.56,2577.38,1653.08,532.38,1.2155,0.6576,1.0990,1.4609,1.0527,0.6055,1.1843,0.2040,0.2541,0.2936,0.5941,0.6614,0.6208,0.5920,0.6323,0.7334,0.5380,0.6191,0.6309,0.6992,0.0126,0.0134,0.0260,0.0253,0.0157,0.0000,0.0439,0.0016,0.0127,0.0082,0.9784,0.9774,0.9894,0.9770,0.9793,1.0000,0.9759,1.0000,0.9717,1.0000,48.99,176.30,72.95,50.50,56.24,9.73,6.32,221.14,54.78,79.63,0.0000,0.0000,0.0000,0.0000,0.0000,0.0000,0.3624,0.0502,0.0000,0.0000,104304,74663,53998,54750,86225,66964,95775,572442,131417,91336,0.0000,0.0000,0.0000,0.0000,0.0000,0.0000,0.1200,0.1200,0.0000,0.0000,0,0,0,0,0,0,0,1,0,0,0,0,0,0,0,0,1,1,0,0,0.1091,0.0663,0.1229,0.0415,0.0784,0.0112,0.0681,0.1031,0.0014,0.1378,0.000,0.000,0.000,0.000,0.000,0.000,0.022,0.153,0.000,0.000,semi-presidential,parliamentary,parliamentary,parliamentary,parliamentary,semi-presidential,semi-presidential,electoral-authoritarian,electoral-authoritarian,parliamentary,0.800,0.800,0.800,0.800,0.800,0.800,0.800,0.500,0.500,0.800,67.1,62.6,65.9,70.4,66.8,67.6,55.6,68.4,73.0,61.7
2027-02-01,1.0248,0.9892,1.0160,1.0106,1.0047,1.0248,1.0059,1.0004,1.0025,1.0067,0.9882,0.9935,1.1084,1.0185,1.0589,1.0648,1.0252,1.0774,1.0072,1.0017,1.0155,1.0183,1.0053,0.9939,3374.25,5036.72,3976.74,2548.99,1919.85,1074.06,205.25,2574.72,1651.34,534.90,1.2145,0.6593,1.1005,1.4674,1.0553,0.6061,1.1922,0.2056,0.2560,0.2791,0.5916,0.6724,0.6013,0.5729,0.6152,0.7079,0.5289,0.6173,0.6426,0.7092,0.0122,0.0134,0.0251,0.0258,0.0154,0.0000,0.0420,0.0013,0.0124,0.0080,0.9782,0.9773,0.9893,0.9769,0.9791,1.0000,0.9754,1.0000,0.9716,1.0000,48.74,175.72,72.41,50.52,55.81,9.71,6.25,220.10,54.85,79.69,0.0000,0.0000,0.0000,0.0000,0.0000,0.0000,0.3619,0.0493,0.0000,0.0000,104304,74663,53998,54750,86225,66964,95775,572442,131417,91336,0.0000,0.0000,0.0000,0.0000,0.0000,0.0000,0.1300,0.1300,0.0000,0.0000,0,0,0,0,0,0,0,1,0,0,0,0,0,0,0,0,1,1,0,0,0.1137,0.0683,0.1284,0.0436,0.0821,0.0111,0.0677,0.1031,0.0013,0.1373,0.000,0.000,0.000,0.000,0.000,0.000,0.023,0.153,0.000,0.000,semi-presidential,parliamentary,parliamentary,parliamentary,parliamentary,semi-presidential,semi-presidential,electoral-authoritarian,electoral-authoritarian,parliamentary,0.800,0.800,0.800,0.800,0.800,0.800,0.800,0.500,0.500,0.800,70.0,65.2,68.8,73.7,69.7,70.7,57.8,71.3,76.5,64.5
2027-03-01,1.0225,0.9879,1.0169,1.0111,1.0042,1.0225,1.0064,0.9992,0.9997,1.0088,0.9890,0.9931,1.1062,1.0183,1.0615,1.0524,1.0254,1.0757,1.0092,1.0005,1.0130,1.0537,1.0041,0.9931,3364.81,5035.06,3976.80,2553.96,1921.38,1075.77,204.42,2578.47,1656.24,535.74,1.2186,0.6606,1.1022,1.4677,1.0565,0.6064,1.1971,0.2065,0.2569,0.2655,0.5948,0.6643,0.6057,0.5590,0.5998,0.6922,0.4949,0.6103,0.5984,0.7433,0.0125,0.0123,0.0258,0.0212,0.0158,0.0000,0.0419,0.0015,0.0128,0.0080,0.9773,0.9763,0.9888,0.9758,0.9781,1.0000,0.9751,1.0000,0.9703,1.0000,47.89,175.56,73.02,48.93,55.26,9.62,6.18,215.58,54.19,80.10,0.0000,0.0000,0.0000,0.0000,0.0000,0.0000,0.3627,0.0513,0.0000,0.0000,104304,74663,53998,54750,86225,66964,95775,572442,131417,91336,0.0000,0.0000,0.0000,0.0000,0.0000,0.0000,0.1400,0.1400,0.0000,0.0000,0,0,0,0,0,0,0,1,0,0,0,0,0,0,0,0,1,1,0,0,0.1113,0.0673,0.1249,0.0421,0.0796,0.0113,0.0715,0.1026,0.0015,0.1363,0.000,0.000,0.000,0.000,0.000,0.000,0.022,0.154,0.000,0.000,semi-presidential,parliamentary,parliamentary,parliamentary,parliamentary,semi-presidential,semi-presidential,electoral-authoritarian,electoral-authoritarian,parliamentary,0.800,0.800,0.800,0.800,0.800,0.800,0.800,0.500,0.500,0.800,72.9,67.8,71.7,76.8,72.6,73.6,59.9,74.2,79.7,67.5
2027-04-01,1.0230,0.9868,1.0162,1.0106,1.0057,1.0231,1.0027,0.9988,0.9982,1.0058,0.9922,0.9936,1.1056,1.0164,1.0592,1.0391,1.0363,1.0754,1.0040,1.0002,1.0113,1.0064,1.0647,0.9941,3367.24,5034.80,3987.63,2550.36,1920.54,1078.25,204.27,2580.40,1662.35,536.70,1.2182,0.6615,1.1007,1.4724,1.0588,0.6060,1.1976,0.2076,0.2576,0.2518,0.5704,0.6704,0.6140,0.5782,0.6061,0.6808,0.4878,0.6318,0.6119,0.7333,0.0139,0.0107,0.0277,0.0175,0.0189,0.0000,0.0438,0.0016,0.0126,0.0129,0.9779,0.9770,0.9892,0.9766,0.9787,1.0000,0.9749,1.0000,0.9712,1.0000,48.19,177.83,74.95,49.95,56.42,9.52,6.26,218.99,54.95,80.42,0.0000,0.0000,0.0000,0.0000,0.0000,0.0000,0.3619,0.0495,0.0000,0.0000,104304,74663,53998,54750,86225,66964,95775,572442,131417,91336,0.0000,0.0000,0.0000,0.0000,0.0000,0.0000,0.1500,0.1500,0.0000,0.0000,0,0,0,0,0,0,0,1,0,0,0,0,0,0,0,0,1,1,0,0,0.1136,0.0691,0.1282,0.0443,0.0817,0.0112,0.0732,0.1031,0.0015,0.1343,0.000,0.000,0.000,0.000,0.000,0.000,0.023,0.154,0.000,0.000,semi-presidential,parliamentary,parliamentary,parliamentary,parliamentary,semi-presidential,semi-presidential,electoral-authoritarian,electoral-authoritarian,parliamentary,0.800,0.800,0.800,0.800,0.800,0.800,0.800,0.500,0.500,0.800,75.7,70.4,74.7,80.1,75.5,76.6,62.0,77.2,83.0,70.4
2027-05-01,1.0236,0.9849,1.0159,1.0120,1.0074,1.0231,1.0018,0.9970,0.9996,1.0066,0.9918,0.9924,1.1106,1.0153,1.0608,1.0590,1.0401,1.0765,1.0030,0.9983,1.0437,1.0332,0.9941,0.9924,3360.21,5030.66,3985.99,2551.34,1921.35,1083.18,204.12,2585.92,1668.52,536.61,1.2207,0.6627,1.1023,1.4738,1.0600,0.6040,1.1975,0.2084,0.2582,0.2386,0.5739,0.6710,0.6304,0.5650,0.5994,0.6841,0.5114,0.6298,0.6396,0.7303,0.0123,0.0131,0.0266,0.0260,0.0192,0.0000,0.0433,0.0025,0.0140,0.0115,0.9772,0.9762,0.9888,0.9758,0.9780,1.0000,0.9749,1.0000,0.9702,1.0000,48.33,174.58,71.96,49.84,55.51,9.42,6.15,219.02,55.03,80.00,0.0000,0.0000,0.0000,0.0000,0.0000,0.0000,0.3628,0.0518,0.0000,0.0000,104304,74663,53998,54750,86225,66964,95775,572442,131417,91336,0.0000,0.0000,0.0000,0.0000,0.0000,0.0000,0.1600,0.1600,0.0000,0.0000,0,0,0,0,0,0,0,1,0,0,0,0,0,0,0,0,1,1,0,0,0.1055,0.0643,0.1181,0.0396,0.0753,0.0110,0.0723,0.1031,0.0015,0.1374,0.000,0.000,0.000,0.000,0.000,0.000,0.021,0.155,0.000,0.000,semi-presidential,parliamentary,parliamentary,parliamentary,parliamentary,semi-presidential,semi-presidential,electoral-authoritarian,electoral-authoritarian,parliamentary,0.800,0.800,0.800,0.800,0.800,0.800,0.800,0.500,0.500,0.800,30.0,73.0,77.8,83.3,78.4,79.5,64.2,80.2,86.5,73.4
2027-06-01,1.0253,0.9857,1.0154,1.0138,1.0109,1.0191,1.0022,0.9969,1.0010,1.0051,0.9925,0.9905,1.1118,1.0165,1.0591,1.0663,1.0519,1.0715,1.0170,0.9985,1.0331,1.0053,1.0159,0.9905,3351.33,5022.62,3984.98,2546.65,1926.51,1087.35,203.91,2583.84,1671.26,536.63,1.2237,0.6643,1.1035,1.4779,1.0585,0.6021,1.1978,0.2097,0.2594,0.2253,0.5608,0.6637,0.6220,0.5661,0.6034,0.7010,0.5189,0.6282,0.6485,0.7101,0.0133,0.0136,0.0278,0.0295,0.0213,0.0000,0.0440,0.0021,0.0135,0.0157,0.9769,0.9761,0.9887,0.9755,0.9776,1.0000,0.9743,1.0000,0.9699,1.0000,48.80,174.72,71.63,50.90,55.99,9.45,6.14,222.53,55.82,79.97,0.0000,0.0000,0.0000,0.0000,0.0000,0.0000,0.3623,0.0506,0.0000,0.0000,104304,74663,53998,54750,86225,66964,95775,572442,131417,91336,0.0000,0.0000,0.0000,0.0000,0.0000,0.0000,0.1700,0.1700,0.0000,0.0000,0,0,0,0,0,0,0,1,0,0,0,0,0,0,0,0,1,1,0,0,0.0995,0.0611,0.1108,0.0366,0.0702,0.0111,0.0714,0.1039,0.0015,0.1378,0.000,0.000,0.000,0.000,0.000,0.000,0.018,0.155,0.000,0.000,semi-presidential,parliamentary,parliamentary,parliamentary,parliamentary,semi-presidential,semi-presidential,electoral-authoritarian,electoral-authoritarian,parliamentary,0.800,0.800,0.800,0.800,0.800,0.800,0.800,0.500,0.500,0.800,32.5,75.6,80.9,86.5,81.2,82.5,66.4,83.2,90.1,76.2
2027-07-01,1.0274,0.9883,1.0156,1.0153,1.0137,1.0157,1.0020,0.9983,1.0022,1.0021,0.9915,0.9913,1.1170,1.0230,1.0604,1.0673,1.0519,1.0684,1.0032,1.0280,1.0265,1.0022,0.9927,0.9924,3350.01,5017.88,3981.28,2549.91,1930.10,1094.65,203.20,2587.19,1681.03,537.41,1.2240,0.6652,1.1052,1.4771,1.0577,0.5983,1.2010,0.2107,0.2595,0.2116,0.5496,0.6421,0.6137,0.5389,0.6238,0.7113,0.5237,0.6181,0.6410,0.6941,0.0142,0.0142,0.0281,0.0293,0.0213,0.0003,0.0447,0.0019,0.0140,0.0149,0.9739,0.9728,0.9871,0.9725,0.9748,0.9978,0.9737,1.0000,0.9667,1.0000,49.05,175.58,72.24,51.12,56.77,9.61,6.18,224.39,56.39,80.23,0.0000,0.0000,0.0000,0.0000,0.0000,0.0000,0.3628,0.0518,0.0000,0.0000,104304,74663,53998,54750,86225,66964,95775,572442,131417,91336,0.0000,0.0000,0.0000,0.0000,0.0000,0.0000,0.1800,0.1800,0.0000,0.0000,0,0,0,0,0,0,0,1,0,0,0,0,0,0,0,0,1,1,0,0,0.1124,0.0667,0.1269,0.0420,0.0804,0.0112,0.0726,0.1041,0.0015,0.1379,0.000,0.000,0.000,0.000,0.000,0.000,0.020,0.156,0.000,0.000,semi-presidential,parliamentary,parliamentary,parliamentary,parliamentary,semi-presidential,semi-presidential,electoral-authoritarian,electoral-authoritarian,parliamentary,0.800,0.800,0.800,0.800,0.800,0.800,0.800,0.500,0.500,0.800,34.9,78.1,83.9,89.5,84.3,85.6,68.6,86.1,93.6,78.9
2027-08-01,1.0281,0.9913,1.0157,1.0124,1.0169,1.0118,1.0031,0.9992,0.9987,1.0010,0.9933,0.9924,1.1168,1.0369,1.0604,1.0124,1.0563,1.0640,1.0045,1.0006,1.0122,1.0012,1.0073,0.9937,3355.44,5021.49,3968.01,2556.29,1931.23,1100.33,202.79,2590.28,1687.98,538.71,1.2218,0.6648,1.1094,1.4742,1.0575,0.5954,1.2025,0.2116,0.2601,0.1978,0.5551,0.6415,0.5988,0.5569,0.6279,0.7397,0.5106,0.6184,0.6771,0.6947,0.0145,0.0130,0.0133,0.0211,0.0217,0.0014,0.0437,0.0014,0.0135,0.0138,0.9644,0.9634,0.9822,0.9645,0.9665,0.9902,0.9728,1.0000,0.9597,1.0000,48.63,177.91,73.45,50.93,58.10,9.67,6.26,224.16,56.80,81.19,0.0000,0.0000,0.0000,0.0000,0.0000,0.0000,0.3628,0.0518,0.0000,0.0000,104304,74663,53998,54750,86225,66964,95775,572442,131417,91336,0.0000,0.0000,0.0000,0.0000,0.0000,0.0000,0.1900,0.1900,0.0000,0.0000,0,0,0,0,0,0,0,1,0,0,0,0,0,0,0,0,1,1,0,0,0.1121,0.0683,0.1281,0.0434,0.0808,0.0112,0.0732,0.1036,0.0015,0.1344,0.000,0.000,0.000,0.000,0.000,0.000,0.021,0.156,0.000,0.000,semi-presidential,parliamentary,parliamentary,parliamentary,parliamentary,semi-presidential,semi-presidential,electoral-authoritarian,electoral-authoritarian,parliamentary,0.800,0.800,0.800,0.800,0.800,0.800,0.800,0.500,0.500,0.800,37.3,80.5,86.8,92.7,30.0,88.9,70.8,89.1,97.4,81.7
2027-09-01,1.0290,0.9919,1.0130,1.0107,1.0216,1.0081,1.0047,1.0016,0.9954,0.9988,0.9932,0.9941,1.1173,1.0240,1.0577,1.0107,1.0681,1.0598,1.0409,1.0483,1.0088,0.9988,0.9946,0.9959,3360.94,5030.16,3972.31,2557.92,1930.86,1102.70,202.53,2592.13,1698.64,538.06,1.2195,0.6636,1.1084,1.4738,1.0580,0.5943,1.2035,0.2127,0.2600,0.1846,0.5708,0.6548,0.5814,0.5808,0.6258,0.7499,0.5106,0.6058,0.6761,0.7064,0.0158,0.0113,0.0162,0.0209,0.0236,0.0000,0.0464,0.0020,0.0124,0.0204,0.9761,0.9752,0.9883,0.9745,0.9767,1.0000,0.9744,1.0000,0.9687,1.0000,48.52,178.51,74.09,51.19,58.07,9.88,6.21,223.50,56.69,81.58,0.0000,0.0000,0.0000,0.0000,0.0000,0.0000,0.3628,0.0518,0.0000,0.0000,104304,74663,53998,54750,86225,66964,95775,572442,131417,91336,0.0000,0.0000,0.0000,0.0000,0.0000,0.0000,0.2000,0.2000,0.0000,0.0000,0,0,0,0,0,0,0,1,0,0,0,0,0,0,0,0,1,1,0,0,0.1134,0.0695,0.1289,0.0448,0.0820,0.0114,0.0745,0.1032,0.0016,0.1350,0.000,0.000,0.000,0.000,0.000,0.000,0.024,0.156,0.000,0.000,semi-presidential,parliamentary,parliamentary,parliamentary,parliamentary,semi-presidential,semi-presidential,electoral-authoritarian,electoral-authoritarian,parliamentary,0.800,0.800,0.800,0.800,0.800,0.800,0.800,0.500,0.500,0.800,39.8,83.1,89.5,96.0,32.8,92.2,73.0,91.9,100.0,84.5
2027-10-01,1.0294,0.9930,1.0129,1.0105,1.0222,1.0032,1.0037,1.0031,0.9923,0.9977,0.9907,0.9981,1.1172,1.0253,1.0577,1.0394,1.0458,1.0545,1.0051,1.0516,1.0052,0.9977,0.9919,1.0011,3365.59,5043.96,3972.91,2560.96,1938.20,1104.79,202.03,2595.80,1702.19,538.33,1.2175,0.6616,1.1082,1.4715,1.0540,0.5934,1.2062,0.2136,0.2611,0.1711,0.5838,0.6836,0.6092,0.5799,0.6076,0.7263,0.5188,0.6031,0.6961,0.6828,0.0147,0.0113,0.0277,0.0169,0.0180,0.0000,0.0446,0.0018,0.0136,0.0116,0.9759,0.9751,0.9882,0.9744,0.9765,1.0000,0.9745,1.0000,0.9686,1.0000,48.39,179.06,76.44,51.33,57.65,10.04,6.17,222.69,56.65,81.42,0.0000,0.0000,0.0000,0.0000,0.0000,0.0000,0.3628,0.0518,0.0000,0.0000,104304,74663,53998,54750,86225,66964,95775,572442,131417,91336,0.0000,0.0000,0.0000,0.0000,0.0000,0.0000,0.2100,0.2100,0.0000,0.0000,0,0,0,0,0,0,0,1,0,0,0,0,0,0,0,0,1,1,0,0,0.1169,0.0721,0.1322,0.0475,0.0847,0.0114,0.0769,0.1030,0.0016,0.1353,0.000,0.000,0.000,0.000,0.000,0.000,0.029,0.157,0.000,0.000,semi-presidential,parliamentary,parliamentary,parliamentary,parliamentary,semi-presidential,semi-presidential,electoral-authoritarian,electoral-authoritarian,parliamentary,0.800,0.800,0.800,0.800,0.800,0.800,0.800,0.500,0.500,0.800,42.4,85.8,92.5,30.0,35.4,95.4,75.2,94.7,100.0,87.1
2027-11-01,1.0295,0.9945,1.0172,1.0103,1.0222,0.9997,1.0042,1.0031,0.9916,0.9984,0.9910,1.0007,1.1168,1.0268,1.0621,1.0392,1.0432,1.0505,1.0156,1.0045,1.0045,1.0130,0.9990,1.0024,3367.47,5049.37,3986.71,2564.00,1945.18,1108.27,202.09,2600.61,1708.80,538.55,1.2168,0.6609,1.1043,1.4693,1.0501,0.5914,1.2060,0.2145,0.2617,0.1575,0.5907,0.6991,0.6127,0.5948,0.6356,0.7198,0.5140,0.6269,0.6586,0.6912,0.0129,0.0113,0.0256,0.0165,0.0162,0.0000,0.0428,0.0015,0.0134,0.0083,0.9759,0.9751,0.9882,0.9743,0.9764,1.0000,0.9744,1.0000,0.9685,1.0000,48.29,179.10,76.30,51.27,57.70,10.06,6.13,222.38,56.71,81.52,0.0000,0.0000,0.0000,0.0000,0.0000,0.0000,0.3628,0.0518,0.0000,0.0000,104304,74663,53998,54750,86225,66964,95775,572442,131417,91336,0.0000,0.0000,0.0000,0.0000,0.0000,0.0000,0.2200,0.2200,0.0000,0.0000,0,0,0,0,0,0,0,1,0,0,0,0,0,0,0,0,1,1,0,0,0.1189,0.0739,0.1338,0.0492,0.0865,0.0119,0.0778,0.1032,0.0016,0.1354,0.000,0.000,0.000,0.000,0.000,0.000,0.033,0.157,0.000,0.000,semi-presidential,parliamentary,parliamentary,parliamentary,parliamentary,semi-presidential,semi-presidential,electoral-authoritarian,electoral-authoritarian,parliamentary,0.800,0.800,0.800,0.800,0.800,0.800,0.800,0.500,0.500,0.800,45.0,88.6,95.5,33.6,38.2,30.0,77.5,97.7,100.0,89.9
2027-12-01,1.0270,0.9958,1.0172,1.0106,1.0234,0.9971,1.0033,1.0032,0.9925,1.0005,0.9896,1.0022,1.1104,1.0279,1.0615,1.0435,1.0517,1.0473,1.0046,1.0088,1.0134,1.0512,0.9908,1.0031,3378.12,5055.10,3987.33,2561.46,1951.06,1112.01,201.68,2605.71,1716.17,538.91,1.2132,0.6601,1.1040,1.4702,1.0466,0.5893,1.2086,0.2153,0.2622,0.1440,0.5925,0.7035,0.6399,0.6010,0.6544,0.7203,0.5345,0.6238,0.6585,0.6952,0.0123,0.0115,0.0262,0.0191,0.0176,0.0000,0.0420,0.0019,0.0134,0.0099,0.9762,0.9754,0.9883,0.9746,0.9767,1.0000,0.9746,1.0000,0.9688,1.0000,47.63,177.90,75.34,50.03,56.67,10.10,6.01,218.78,56.36,81.40,0.0000,0.0000,0.0000,0.0000,0.0000,0.0000,0.3624,0.0511,0.0000,0.0000,104304,74663,53998,54750,86225,66964,95775,572442,131417,91336,0.0000,0.0000,0.0000,0.0000,0.0000,0.0000,0.2300,0.2300,0.0000,0.0000,0,0,0,0,0,0,0,1,0,0,0,0,0,0,0,0,1,1,0,0,0.1200,0.0748,0.1354,0.0499,0.0878,0.0128,0.0793,0.1025,0.0016,0.1362,0.000,0.000,0.000,0.000,0.000,0.000,0.035,0.157,0.000,0.000,semi-presidential,parliamentary,parliamentary,parliamentary,parliamentary,semi-presidential,semi-presidential,electoral-authoritarian,electoral-authoritarian,parliamentary,0.800,0.800,0.800,0.800,0.800,0.800,0.800,0.500,0.500,0.800,47.7,91.4,98.6,37.2,41.2,33.0,79.8,100.0,100.0,92.6
2028-01-01,1.0275,0.9964,1.0191,1.0106,1.0219,0.9935,1.0052,1.0035,0.9914,1.0019,0.9874,1.0036,1.1100,1.0274,1.0619,1.0391,1.0421,1.0423,1.0467,1.0068,1.0037,1.0326,0.9886,1.0045,3385.11,5056.80,3986.14,2565.25,1959.81,1115.24,201.44,2611.90,1718.69,540.59,1.2109,0.6599,1.1043,1.4675,1.0417,0.5876,1.2102,0.2160,0.2635,0.1300,0.6110,0.6993,0.6256,0.5845,0.6608,0.7198,0.5245,0.6448,0.6718,0.6955,0.0131,0.0107,0.0262,0.0157,0.0159,0.0000,0.0433,0.0016,0.0127,0.0091,0.9770,0.9762,0.9888,0.9756,0.9776,1.0000,0.9749,1.0000,0.9700,1.0000,48.26,179.43,76.56,51.13,57.78,10.17,6.09,222.15,56.95,81.62,0.0000,0.0000,0.0000,0.0000,0.0000,0.0000,0.3614,0.0494,0.0000,0.0000,104304,74663,53998,54750,86225,66964,95775,572442,131417,91336,0.0000,0.0000,0.0000,0.0000,0.0000,0.0000,0.2400,0.2400,0.0000,0.0000,0,0,0,0,0,0,0,1,0,0,0,0,0,0,0,0,1,1,0,0,0.1213,0.0760,0.1366,0.0512,0.0887,0.0137,0.0773,0.1026,0.0015,0.1355,0.000,0.000,0.000,0.000,0.000,0.000,0.037,0.158,0.000,0.000,semi-presidential,parliamentary,parliamentary,parliamentary,parliamentary,semi-presidential,semi-presidential,electoral-authoritarian,electoral-authoritarian,parliamentary,0.800,0.800,0.800,0.800,0.800,0.800,0.800,0.500,0.500,0.800,50.4,94.1,100.0,40.7,44.1,36.0,82.0,100.0,100.0,95.3
2028-02-01,1.0260,0.9998,1.0188,1.0093,1.0222,0.9935,1.0047,1.0046,0.9919,1.0038,0.9876,1.0054,1.1087,1.0539,1.0624,1.0163,1.0429,1.0427,1.0061,1.0161,1.0046,1.0294,0.9888,1.0062,3396.08,5061.30,3984.75,2570.01,1965.03,1121.11,201.16,2610.62,1724.60,541.18,1.2072,0.6594,1.1049,1.4642,1.0386,0.5846,1.2121,0.2174,0.2642,0.1163,0.6139,0.7016,0.6137,0.5964,0.6771,0.7195,0.5192,0.6359,0.6712,0.7161,0.0152,0.0135,0.0155,0.0183,0.0182,0.0021,0.0428,0.0015,0.0141,0.0081,0.9570,0.9570,0.9784,0.9585,0.9590,0.9849,0.9718,1.0000,0.9551,1.0000,48.15,179.20,75.37,51.34,58.25,10.26,6.14,221.75,57.20,82.14,0.0000,0.0000,0.0000,0.0000,0.0000,0.0000,0.3620,0.0503,0.0000,0.0000,104304,74663,53998,54750,86225,66964,95775,572442,131417,91336,0.0000,0.0000,0.0000,0.0000,0.0000,0.0000,0.2500,0.2500,0.0000,0.0000,0,0,0,0,0,0,0,1,0,0,0,0,0,0,0,0,1,1,0,0,0.1219,0.0772,0.1380,0.0524,0.0900,0.0148,0.0810,0.1029,0.0017,0.1351,0.000,0.000,0.000,0.000,0.000,0.000,0.039,0.158,0.000,0.000,semi-presidential,parliamentary,parliamentary,parliamentary,parliamentary,semi-presidential,semi-presidential,electoral-authoritarian,electoral-authoritarian,parliamentary,0.800,0.800,0.800,0.800,0.800,0.800,0.800,0.500,0.500,0.800,53.2,96.9,100.0,44.3,47.2,39.0,84.3,100.0,100.0,98.2
2028-03-01,1.0276,1.0035,1.0224,1.0066,1.0179,0.9945,1.0046,1.0054,0.9915,1.0060,0.9880,1.0072,1.1126,1.0739,1.0658,1.0066,1.0378,1.0437,1.0061,1.0177,1.0041,1.0461,0.9962,1.0080,3405.91,5065.03,3982.22,2574.50,1970.17,1123.91,200.84,2609.83,1731.48,540.62,1.2039,0.6589,1.1058,1.4614,1.0358,0.5831,1.2142,0.2187,0.2648,0.1028,0.6219,0.7064,0.6141,0.6041,0.6703,0.7308,0.5191,0.6355,0.6519,0.7008,0.0176,0.0153,0.0133,0.0199,0.0204,0.0034,0.0454,0.0016,0.0151,0.0083,0.9424,0.9444,0.9708,0.9464,0.9442,0.9754,0.9689,1.0000,0.9456,1.0000,49.02,180.27,75.56,52.21,59.44,10.37,6.25,226.24,58.03,82.51,0.0000,0.0000,0.0000,0.0000,0.0000,0.0000,0.3619,0.0500,0.0000,0.0000,104304,74663,53998,54750,86225,66964,95775,572442,131417,91336,0.0000,0.0000,0.0000,0.0000,0.0000,0.0000,0.2600,0.2600,0.0000,0.0000,0,0,0,0,0,0,0,1,0,0,0,0,0,0,0,0,1,1,0,0,0.1229,0.0785,0.1395,0.0537,0.0913,0.0156,0.0752,0.1031,0.0026,0.1357,0.000,0.000,0.000,0.000,0.000,0.000,0.041,0.160,0.000,0.000,semi-presidential,parliamentary,parliamentary,parliamentary,parliamentary,semi-presidential,semi-presidential,electoral-authoritarian,electoral-authoritarian,parliamentary,0.800,0.800,0.800,0.800,0.800,0.800,0.800,0.500,0.500,0.800,56.0,99.8,100.0,47.9,50.2,42.1,86.5,100.0,100.0,100.0
2028-04-01,1.0242,1.0074,1.0229,1.0024,1.0109,0.9965,1.0060,1.0068,0.9897,1.0091,0.9867,1.0085,1.1032,1.0759,1.0652,1.0024,1.0307,1.0450,1.0377,1.0356,1.0020,1.0471,0.9879,1.0091,3419.00,5064.31,3980.73,2577.28,1975.13,1129.09,201.07,2608.98,1740.60,541.08,1.1995,0.6590,1.1064,1.4598,1.0333,0.5805,1.2130,0.2200,0.2651,0.0891,0.6253,0.7049,0.6120,0.6102,0.6736,0.7176,0.5180,0.6192,0.6933,0.6835,0.0184,0.0147,0.0146,0.0193,0.0207,0.0033,0.0449,0.0018,0.0146,0.0103,0.9443,0.9461,0.9718,0.9481,0.9461,0.9763,0.9696,1.0000,0.9473,1.0000,48.12,179.54,75.63,51.70,58.43,10.52,6.15,221.07,57.33,82.57,0.0000,0.0000,0.0000,0.0000,0.0000,0.0000,0.3615,0.0487,0.0000,0.0000,104304,74663,53998,54750,86225,66964,95775,572442,131417,91336,0.0000,0.0000,0.0000,0.0000,0.0000,0.0000,0.2700,0.2700,0.0000,0.0000,0,0,0,0,0,0,0,1,0,0,0,0,0,0,0,0,1,1,0,0,0.1234,0.0795,0.1406,0.0548,0.0923,0.0161,0.0726,0.1017,0.0033,0.1356,0.000,0.000,0.000,0.000,0.000,0.000,0.043,0.160,0.000,0.000,semi-presidential,parliamentary,parliamentary,parliamentary,parliamentary,semi-presidential,semi-presidential,electoral-authoritarian,electoral-authoritarian,parliamentary,0.800,0.800,0.800,0.800,0.800,0.800,0.800,0.500,0.500,0.800,58.9,100.0,100.0,51.6,53.2,45.1,88.8,100.0,100.0,100.0
2028-05-01,1.0232,1.0129,1.0231,0.9994,1.0066,1.0001,1.0060,1.0069,0.9881,1.0135,0.9860,1.0094,1.1028,1.1256,1.0655,0.9994,1.0263,1.0490,1.0075,1.0097,1.0003,1.0491,0.9873,1.0098,3433.72,5079.87,4001.64,2585.88,1981.29,1132.87,200.91,2608.36,1748.56,541.84,1.1944,0.6570,1.1008,1.4553,1.0302,0.5785,1.2141,0.2212,0.2655,0.0753,0.6324,0.6894,0.6117,0.6058,0.6676,0.7242,0.5373,0.6121,0.6975,0.6849,0.0216,0.0195,0.0149,0.0239,0.0246,0.0070,0.0436,0.0014,0.0184,0.0072,0.9062,0.9124,0.9523,0.9153,0.9076,0.9499,0.9631,1.0000,0.9193,1.0000,48.46,179.37,75.61,52.05,58.83,10.54,6.16,222.71,57.79,82.77,0.0000,0.0000,0.0000,0.0000,0.0000,0.0000,0.3618,0.0487,0.0000,0.0000,104304,74663,53998,54750,86225,66964,95775,572442,131417,91336,0.0000,0.0000,0.0000,0.0000,0.0000,0.0000,0.2800,0.2800,0.0000,0.0000,0,0,0,0,0,0,0,1,0,0,0,0,0,0,0,0,1,1,0,0,0.1244,0.0799,0.1405,0.0553,0.0929,0.0169,0.0760,0.1023,0.0039,0.1358,0.000,0.000,0.000,0.000,0.000,0.000,0.044,0.160,0.000,0.000,semi-presidential,parliamentary,parliamentary,parliamentary,parliamentary,semi-presidential,semi-presidential,electoral-authoritarian,electoral-authoritarian,parliamentary,0.800,0.800,0.800,0.800,0.800,0.800,0.800,0.500,0.500,0.800,61.8,100.0,100.0,55.3,56.2,48.1,91.1,100.0,100.0,100.0
2028-06-01,1.0235,1.0166,1.0235,0.9963,1.0038,1.0060,1.0067,1.0052,0.9885,1.0177,0.9867,1.0099,1.1046,1.0802,1.0660,0.9963,1.0236,1.1021,1.0226,1.0066,1.0006,1.0497,1.0054,1.0101,3443.08,5096.56,4019.10,2589.57,1989.06,1140.15,201.47,2604.31,1757.58,541.89,1.1913,0.6549,1.0961,1.4534,1.0262,0.5748,1.2109,0.2228,0.2649,0.0615,0.6402,0.7100,0.6671,0.6307,0.6676,0.7152,0.5272,0.6237,0.6992,0.6936,0.0174,0.0152,0.0137,0.0196,0.0198,0.0035,0.0439,0.0015,0.0145,0.0084,0.9494,0.9504,0.9746,0.9523,0.9515,0.9796,0.9716,1.0000,0.9505,1.0000,49.07,179.95,75.53,52.31,59.24,10.44,6.21,225.88,58.45,82.92,0.0000,0.0000,0.0000,0.0000,0.0000,0.0000,0.3622,0.0488,0.0000,0.0000,104304,74663,53998,54750,86225,66964,95775,572442,131417,91336,0.0000,0.0000,0.0000,0.0000,0.0000,0.0000,0.2900,0.2900,0.0000,0.0000,0,0,0,0,0,0,0,1,0,0,0,0,0,0,0,0,1,1,0,0,0.1249,0.0800,0.1410,0.0556,0.0932,0.0172,0.0780,0.1033,0.0042,0.1363,0.000,0.000,0.000,0.000,0.000,0.000,0.045,0.160,0.000,0.000,semi-presidential,parliamentary,parliamentary,parliamentary,parliamentary,semi-presidential,semi-presidential,electoral-authoritarian,electoral-authoritarian,parliamentary,0.800,0.800,0.800,0.800,0.800,0.800,0.800,0.500,0.500,0.800,64.7,100.0,100.0,59.1,59.2,51.1,93.4,100.0,30.0,100.0
2028-07-01,1.0212,1.0154,1.0229,0.9971,0.9993,1.0083,1.0067,1.0029,0.9896,1.0183,0.9874,1.0072,1.1005,1.0465,1.0656,1.0363,1.0190,1.0577,1.0295,1.0042,1.0389,1.0623,1.0279,1.0072,3438.88,5085.39,4011.94,2580.24,1990.19,1144.41,201.38,2603.02,1763.89,542.56,1.1928,0.6563,1.0981,1.4589,1.0257,0.5727,1.2115,0.2241,0.2646,0.0476,0.6371,0.7297,0.6969,0.6276,0.6804,0.7428,0.5572,0.6245,0.6942,0.6855,0.0134,0.0114,0.0283,0.0188,0.0170,0.0000,0.0446,0.0031,0.0145,0.0106,0.9775,0.9766,0.9890,0.9761,0.9781,1.0000,0.9766,1.0000,0.9707,1.0000,48.60,178.35,75.26,49.96,57.33,10.43,6.05,221.28,57.69,82.29,0.0000,0.0000,0.0000,0.0000,0.0000,0.0000,0.3626,0.0489,0.0000,0.0000,104304,74663,53998,54750,86225,66964,95775,572442,131417,91336,0.0000,0.0000,0.0000,0.0000,0.0000,0.0000,0.3000,0.3000,0.0000,0.0000,0,0,0,0,0,0,0,1,0,0,0,0,0,0,0,0,1,1,0,0,0.1060,0.0700,0.1182,0.0450,0.0776,0.0145,0.0728,0.1020,0.0023,0.1372,0.000,0.000,0.000,0.000,0.000,0.000,0.042,0.161,0.000,0.000,semi-presidential,parliamentary,parliamentary,parliamentary,parliamentary,semi-presidential,semi-presidential,electoral-authoritarian,electoral-authoritarian,parliamentary,0.800,0.800,0.800,0.800,0.800,0.800,0.800,0.500,0.500,0.800,67.6,100.0,100.0,62.9,62.3,54.2,95.9,100.0,33.1,100.0
2028-08-01,1.0205,1.0159,1.0264,0.9968,0.9952,1.0083,1.0094,1.0032,0.9926,1.0208,0.9897,1.0067,1.1008,1.0475,1.0693,1.0285,1.0149,1.0578,1.0652,1.0045,1.0470,1.0635,1.0426,1.0067,3439.91,5098.37,4023.10,2580.98,1988.98,1148.67,201.60,2609.77,1769.43,543.86,1.1926,0.6547,1.0952,1.4589,1.0264,0.5707,1.2103,0.2247,0.2645,0.0338,0.6140,0.6941,0.6496,0.5852,0.6615,0.7316,0.5512,0.6086,0.6727,0.6945,0.0149,0.0106,0.0300,0.0160,0.0183,0.0000,0.0473,0.0035,0.0150,0.0126,0.9771,0.9763,0.9889,0.9757,0.9777,1.0000,0.9763,1.0000,0.9702,1.0000,49.01,180.60,77.17,51.34,58.37,10.56,6.18,223.49,58.58,82.67,0.0000,0.0000,0.0000,0.0000,0.0000,0.0000,0.3627,0.0491,0.0000,0.0000,104304,74663,53998,54750,86225,66964,95775,572442,131417,91336,0.0000,0.0000,0.0000,0.0000,0.0000,0.0000,0.3100,0.3100,0.0000,0.0000,0,0,0,0,0,0,0,1,0,0,0,0,0,0,0,0,1,1,0,0,0.1201,0.0765,0.1349,0.0519,0.0888,0.0150,0.0737,0.1023,0.0022,0.1359,0.000,0.000,0.000,0.000,0.000,0.000,0.041,0.161,0.000,0.000,semi-presidential,parliamentary,parliamentary,parliamentary,parliamentary,semi-presidential,semi-presidential,electoral-authoritarian,electoral-authoritarian,parliamentary,0.800,0.800,0.800,0.800,0.800,0.800,0.800,0.500,0.500,0.800,70.4,100.0,100.0,66.4,65.2,57.3,98.3,100.0,36.1,100.0
2028-09-01,1.0190,1.0184,1.0226,0.9963,0.9932,1.0045,1.0121,1.0047,0.9993,1.0216,0.9916,1.0024,1.0988,1.0506,1.0654,1.0220,1.0131,1.0536,1.0696,1.0325,1.1305,1.0345,1.0389,1.0024,3434.68,5082.61,4013.55,2580.77,1987.95,1151.44,201.48,2618.50,1773.96,544.77,1.1946,0.6569,1.0979,1.4593,1.0271,0.5694,1.2111,0.2252,0.2646,0.0199,0.6049,0.7176,0.6558,0.5929,0.6343,0.7310,0.5566,0.6246,0.6733,0.7087,0.0161,0.0106,0.0291,0.0169,0.0213,0.0000,0.0512,0.0067,0.0175,0.0164,0.9767,0.9760,0.9887,0.9752,0.9771,1.0000,0.9758,1.0000,0.9695,1.0000,49.45,182.92,78.06,51.71,58.80,10.85,6.32,224.80,59.53,83.14,0.0000,0.0000,0.0000,0.0000,0.0000,0.0000,0.3629,0.0490,0.0000,0.0000,104304,74663,53998,54750,86225,66964,95775,572442,131417,91336,0.0000,0.0000,0.0000,0.0000,0.0000,0.0000,0.3200,0.3200,0.0000,0.0000,0,0,0,0,0,0,0,1,0,0,0,0,0,0,0,0,1,1,0,0,0.0924,0.0638,0.1023,0.0384,0.0663,0.0127,0.0724,0.1019,0.0014,0.1359,0.000,0.000,0.000,0.000,0.000,0.000,0.036,0.162,0.000,0.000,semi-presidential,parliamentary,parliamentary,parliamentary,parliamentary,semi-presidential,semi-presidential,electoral-authoritarian,electoral-authoritarian,parliamentary,0.800,0.800,0.800,0.800,0.800,0.800,0.800,0.500,0.500,0.800,73.1,100.0,100.0,70.0,68.0,60.3,100.0,100.0,39.1,100.0
2028-10-01,1.0200,1.0187,1.0192,0.9964,0.9921,1.0022,1.0139,1.0054,1.0049,1.0212,0.9983,1.0009,1.1049,1.0517,1.0599,1.0282,1.0123,1.0521,1.0614,1.0231,1.1287,1.0238,1.1836,1.0009,3432.89,5084.46,4015.64,2579.83,1991.35,1156.34,201.30,2615.08,1777.37,545.32,1.1955,0.6568,1.0975,1.4602,1.0255,0.5671,1.2123,0.2267,0.2648,0.0060,0.5901,0.6805,0.6162,0.5970,0.6227,0.7193,0.5447,0.6225,0.6593,0.7048,0.0196,0.0110,0.0360,0.0171,0.0236,0.0000,0.0558,0.0071,0.0181,0.0208,0.9760,0.9752,0.9883,0.9745,0.9765,1.0000,0.9762,1.0000,0.9688,1.0000,50.29,184.51,79.17,52.31,59.66,11.08,6.38,227.62,60.08,83.39,0.0000,0.0000,0.0000,0.0000,0.0000,0.0000,0.3630,0.0508,0.0000,0.0000,104304,74663,53998,54750,86225,66964,95775,572442,131417,91336,0.0000,0.0000,0.0000,0.0000,0.0000,0.0000,0.3300,0.3300,0.0000,0.0000,0,0,0,0,0,0,0,1,0,0,0,0,0,0,0,0,1,1,0,0,0.1094,0.0706,0.1222,0.0454,0.0790,0.0125,0.0735,0.1028,0.0014,0.1365,0.000,0.000,0.000,0.000,0.000,0.000,0.034,0.162,0.000,0.000,semi-presidential,parliamentary,parliamentary,parliamentary,parliamentary,semi-presidential,semi-presidential,electoral-authoritarian,electoral-authoritarian,parliamentary,0.800,0.800,0.800,0.800,0.800,0.800,0.800,0.500,0.500,0.800,75.7,100.0,100.0,73.6,70.7,63.3,100.0,100.0,42.1,100.0
2028-11-01,1.0171,1.0175,1.0185,0.9973,0.9884,1.0012,1.0136,1.0059,1.0091,1.0226,1.0034,1.0016,1.0997,1.0501,1.0611,1.0419,1.0083,1.0512,1.0177,1.0249,1.1044,1.0597,1.1465,1.0020,3441.52,5083.01,4021.98,2579.88,1998.12,1160.84,200.61,2614.25,1782.91,546.46,1.1927,0.6571,1.0959,1.4605,1.0222,0.5650,1.2162,0.2281,0.2648,-0.0079,0.5849,0.6849,0.6095,0.5948,0.6314,0.7311,0.5295,0.5872,0.6517,0.6928,0.0171,0.0125,0.0330,0.0219,0.0209,0.0000,0.0507,0.0056,0.0169,0.0165,0.9763,0.9754,0.9885,0.9748,0.9770,1.0000,0.9766,1.0000,0.9691,1.0000,49.47,181.76,76.40,49.28,57.77,11.31,6.14,221.29,59.21,83.05,0.0000,0.0000,0.0000,0.0000,0.0000,0.0000,0.3630,0.0515,0.0000,0.0000,104304,74663,53998,54750,86225,66964,95775,572442,131417,91336,0.0000,0.0000,0.0000,0.0000,0.0000,0.0000,0.3400,0.3400,0.0000,0.0000,0,0,0,0,0,0,0,1,0,0,0,0,0,0,0,0,1,1,0,0,0.1198,0.0750,0.1347,0.0489,0.0874,0.0127,0.0709,0.1011,0.0013,0.1376,0.000,0.000,0.000,0.000,0.000,0.000,0.035,0.163,0.000,0.000,semi-presidential,parliamentary,parliamentary,parliamentary,parliamentary,semi-presidential,semi-presidential,electoral-authoritarian,electoral-authoritarian,parliamentary,0.800,0.800,0.800,0.800,0.800,0.800,0.800,0.500,0.500,0.800,78.3,100.0,100.0,77.1,73.5,66.4,100.0,100.0,45.0,100.0
2028-12-01,1.0147,1.0171,1.0194,0.9968,0.9848,0.9995,1.0126,1.0053,1.0105,1.0211,1.0061,1.0039,1.0931,1.0486,1.0621,1.0256,1.0045,1.0483,1.0141,1.0067,1.0269,1.0237,1.0682,1.0052,3451.01,5088.66,4030.96,2578.65,2005.81,1166.22,200.48,2608.73,1789.73,547.07,1.1893,0.6565,1.0936,1.4616,1.0184,0.5625,1.2172,0.2299,0.2645,-0.0217,0.5954,0.6801,0.6204,0.5921,0.6528,0.7337,0.5037,0.5733,0.6496,0.6963,0.0134,0.0106,0.0258,0.0155,0.0161,0.0000,0.0431,0.0017,0.0133,0.0100,0.9772,0.9763,0.9889,0.9758,0.9778,1.0000,0.9765,1.0000,0.9703,1.0000,49.44,183.86,78.63,51.13,58.65,11.34,6.23,221.29,59.64,83.51,0.0000,0.0000,0.0000,0.0000,0.0000,0.0000,0.3629,0.0495,0.0000,0.0000,104304,74663,53998,54750,86225,66964,95775,572442,131417,91336,0.0000,0.0000,0.0000,0.0000,0.0000,0.0000,0.3500,0.3500,0.0000,0.0000,0,0,0,0,0,0,0,1,0,0,0,0,0,0,0,0,1,1,0,0,0.1212,0.0771,0.1365,0.0518,0.0888,0.0141,0.0718,0.1009,0.0013,0.1356,0.000,0.000,0.000,0.000,0.000,0.000,0.038,0.163,0.000,0.000,semi-presidential,parliamentary,parliamentary,parliamentary,parliamentary,semi-presidential,semi-presidential,electoral-authoritarian,electoral-authoritarian,parliamentary,0.800,0.800,0.800,0.800,0.800,0.800,0.800,0.500,0.500,0.800,80.9,100.0,100.0,80.7,76.4,69.5,100.0,100.0,47.8,100.0
2029-01-01,1.0111,1.0198,1.0206,0.9985,0.9813,0.9952,1.0120,1.0042,1.0075,1.0181,1.0092,1.0053,1.0909,1.0536,1.0656,1.0529,1.0011,1.0444,1.0174,1.0055,1.0207,1.0190,1.1123,1.0060,3458.99,5082.95,4036.66,2581.94,2012.16,1169.81,199.83,2613.72,1795.79,547.96,1.1867,0.6574,1.0922,1.4601,1.0152,0.5608,1.2212,0.2308,0.2644,-0.0355,0.6045,0.6942,0.6337,0.5885,0.6707,0.7370,0.5145,0.5528,0.6394,0.6980,0.0152,0.0136,0.0290,0.0249,0.0174,0.0000,0.0427,0.0018,0.0140,0.0116,0.9756,0.9749,0.9882,0.9740,0.9760,1.0000,0.9760,1.0000,0.9681,1.0000,48.86,178.65,74.53,49.77,57.00,11.29,5.89,218.71,59.05,82.85,0.0000,0.0000,0.0000,0.0000,0.0000,0.0000,0.3630,0.0515,0.0000,0.0000,104304,74663,53998,54750,86225,66964,95775,572442,131417,91336,0.0000,0.0000,0.0000,0.0000,0.0000,0.0000,0.3600,0.3600,0.0000,0.0000,0,0,0,0,0,0,0,1,0,0,0,0,0,0,0,0,1,1,0,0,0.1226,0.0770,0.1378,0.0514,0.0903,0.0148,0.0729,0.1005,0.0014,0.1388,0.000,0.000,0.000,0.000,0.000,0.000,0.040,0.163,0.000,0.000,semi-presidential,parliamentary,parliamentary,parliamentary,parliamentary,semi-presidential,semi-presidential,electoral-authoritarian,electoral-authoritarian,parliamentary,0.800,0.800,0.800,0.800,0.800,0.800,0.800,0.500,0.500,0.800,83.6,100.0,100.0,84.2,79.4,72.6,100.0,100.0,50.6,100.0
2029-02-01,1.0073,1.0204,1.0230,1.0005,0.9795,0.9952,1.0099,1.0069,1.0070,1.0200,1.0114,1.0060,1.0865,1.0540,1.0682,1.0591,0.9994,1.0443,1.0111,1.0649,1.0201,1.0652,1.0723,1.0064,3465.56,5087.95,4039.54,2595.14,2017.51,1173.46,199.40,2611.70,1804.68,549.02,1.1846,0.6569,1.0913,1.4529,1.0125,0.5591,1.2240,0.2323,0.2638,-0.0493,0.6085,0.6749,0.6351,0.5938,0.6828,0.7332,0.4976,0.4758,0.6394,0.7025,0.0166,0.0141,0.0310,0.0272,0.0183,0.0000,0.0445,0.0022,0.0139,0.0133,0.9756,0.9748,0.9882,0.9741,0.9762,1.0000,0.9764,1.0000,0.9683,1.0000,48.76,178.33,74.72,49.76,56.77,11.56,5.86,217.28,58.79,82.86,0.0000,0.0000,0.0000,0.0000,0.0000,0.0000,0.3628,0.0517,0.0000,0.0000,104304,74663,53998,54750,86225,66964,95775,572442,131417,91336,0.0000,0.0000,0.0000,0.0000,0.0000,0.0000,0.3700,0.3700,0.0000,0.0000,0,0,0,0,0,0,0,1,0,0,0,0,0,0,0,0,1,1,0,0,0.1233,0.0773,0.1384,0.0516,0.0909,0.0157,0.0752,0.1009,0.0019,0.1386,0.000,0.000,0.000,0.000,0.000,0.000,0.041,0.164,0.000,0.000,semi-presidential,parliamentary,parliamentary,parliamentary,parliamentary,semi-presidential,semi-presidential,electoral-authoritarian,electoral-authoritarian,parliamentary,0.800,0.800,0.800,0.800,0.800,0.800,0.800,0.500,0.500,0.800,86.4,100.0,100.0,87.8,82.5,75.7,100.0,100.0,53.4,100.0
2029-03-01,1.0028,1.0209,1.0203,1.0026,0.9785,0.9959,1.0075,1.0069,1.0076,1.0200,1.0135,1.0087,1.0771,1.0530,1.0614,1.0620,0.9985,1.0438,1.0087,1.0082,1.0230,1.0210,1.0762,1.0098,3482.27,5092.77,4045.35,2598.37,2023.69,1180.55,199.18,2613.29,1813.66,549.62,1.1790,0.6561,1.0899,1.4513,1.0094,0.5559,1.2255,0.2335,0.2632,-0.0630,0.6088,0.6843,0.6216,0.6298,0.6839,0.7339,0.4957,0.5619,0.6714,0.7152,0.0131,0.0136,0.0267,0.0267,0.0158,0.0000,0.0399,0.0016,0.0128,0.0100,0.9769,0.9761,0.9888,0.9754,0.9774,1.0000,0.9765,1.0000,0.9699,1.0000,48.42,177.66,74.25,49.78,56.32,11.59,5.81,215.28,58.57,82.83,0.0000,0.0000,0.0000,0.0000,0.0000,0.0000,0.3627,0.0493,0.0000,0.0000,104304,74663,53998,54750,86225,66964,95775,572442,131417,91336,0.0000,0.0000,0.0000,0.0000,0.0000,0.0000,0.3800,0.3800,0.0000,0.0000,0,0,0,0,0,0,0,1,0,0,0,0,0,0,0,0,1,1,0,0,0.1250,0.0791,0.1404,0.0536,0.0928,0.0172,0.0780,0.1002,0.0035,0.1384,0.000,0.000,0.000,0.000,0.000,0.000,0.044,0.164,0.000,0.000,semi-presidential,parliamentary,parliamentary,parliamentary,parliamentary,semi-presidential,semi-presidential,electoral-authoritarian,electoral-authoritarian,parliamentary,0.800,0.800,0.800,0.800,0.800,0.800,0.800,0.500,0.500,0.800,89.1,30.0,100.0,91.6,85.5,78.7,100.0,100.0,56.4,100.0
2029-04-01,1.0011,1.0187,1.0205,1.0026,0.9769,0.9984,1.0078,1.0077,1.0084,1.0197,1.0140,1.0123,1.0809,1.0511,1.0648,1.0374,0.9967,1.0475,1.0091,1.0091,1.0218,1.0218,1.0154,1.0133,3491.00,5098.58,4057.46,2603.55,2028.38,1187.46,198.38,2610.11,1820.73,549.74,1.1762,0.6554,1.0868,1.4487,1.0069,0.5527,1.2307,0.2352,0.2629,-0.0767,0.6251,0.6869,0.6303,0.6283,0.6799,0.7549,0.5039,0.5706,0.6858,0.7118,0.0119,0.0114,0.0250,0.0175,0.0151,0.0000,0.0397,0.0013,0.0133,0.0075,0.9766,0.9757,0.9886,0.9752,0.9774,1.0000,0.9771,1.0000,0.9695,1.0000,49.13,182.66,78.60,50.31,58.34,11.71,6.07,218.25,59.44,83.39,0.0000,0.0000,0.0000,0.0000,0.0000,0.0000,0.3629,0.0517,0.0000,0.0000,104304,74663,53998,54750,86225,66964,95775,572442,131417,91336,0.0000,0.0000,0.0000,0.0000,0.0000,0.0000,0.3900,0.3900,0.0000,0.0000,0,0,0,0,0,0,0,1,0,0,0,0,0,0,0,0,1,1,0,0,0.1281,0.0828,0.1431,0.0571,0.0953,0.0194,0.0795,0.1002,0.0056,0.1358,0.000,0.000,0.000,0.000,0.000,0.000,0.049,0.164,0.000,0.000,semi-presidential,parliamentary,parliamentary,parliamentary,parliamentary,semi-presidential,semi-presidential,electoral-authoritarian,electoral-authoritarian,parliamentary,0.800,0.800,0.800,0.800,0.800,0.800,0.800,0.500,0.500,0.800,91.9,32.9,100.0,95.5,88.6,82.0,100.0,100.0,59.5,100.0
2029-05-01,0.9960,1.0178,1.0228,1.0026,0.9783,1.0005,1.0078,1.0080,1.0092,1.0175,1.0148,1.0142,1.0727,1.0501,1.0680,1.0332,1.0086,1.0494,1.0091,1.0112,1.0239,1.0194,1.0326,1.0147,3498.99,5107.80,4069.80,2607.62,2041.88,1193.62,198.04,2611.68,1827.24,550.33,1.1735,0.6542,1.0835,1.4463,1.0003,0.5498,1.2330,0.2364,0.2627,-0.0904,0.6262,0.6960,0.6507,0.6236,0.6703,0.7707,0.4824,0.5775,0.6881,0.7031,0.0124,0.0108,0.0266,0.0176,0.0179,0.0000,0.0394,0.0014,0.0132,0.0109,0.9767,0.9758,0.9887,0.9752,0.9774,1.0000,0.9770,1.0000,0.9696,1.0000,48.48,182.97,79.45,50.43,57.81,11.78,6.00,214.83,59.22,83.33,0.0000,0.0000,0.0000,0.0000,0.0000,0.0000,0.3629,0.0516,0.0000,0.0000,104304,74663,53998,54750,86225,66964,95775,572442,131417,91336,0.0000,0.0000,0.0000,0.0000,0.0000,0.0000,0.4000,0.4000,0.0000,0.0000,0,0,0,0,0,0,0,1,0,0,0,0,0,0,0,0,1,1,0,0,0.1294,0.0842,0.1446,0.0588,0.0961,0.0207,0.0838,0.1000,0.0068,0.1347,0.000,0.000,0.000,0.000,0.000,0.000,0.051,0.165,0.000,0.000,semi-presidential,parliamentary,parliamentary,parliamentary,parliamentary,semi-presidential,semi-presidential,electoral-authoritarian,electoral-authoritarian,parliamentary,0.800,0.800,0.800,0.800,0.800,0.800,0.800,0.500,0.500,0.800,94.7,35.8,100.0,99.2,91.6,85.3,100.0,100.0,62.6,100.0
2029-06-01,0.9945,1.0173,1.0241,1.0034,0.9793,1.0034,1.0078,1.0085,1.0090,1.0147,1.0159,1.0153,1.0734,1.0499,1.0694,1.0457,1.0059,1.0524,1.0174,1.0279,1.0222,1.0157,1.0541,1.0156,3509.51,5127.62,4093.79,2612.30,2050.89,1197.72,198.56,2617.16,1832.74,550.08,1.1701,0.6517,1.0772,1.4440,0.9958,0.5480,1.2300,0.2374,0.2627,-0.1042,0.6262,0.7114,0.6590,0.6158,0.7076,0.7726,0.4810,0.5744,0.6897,0.7016,0.0142,0.0122,0.0282,0.0217,0.0183,0.0000,0.0415,0.0017,0.0134,0.0119,0.9765,0.9756,0.9886,0.9751,0.9772,1.0000,0.9769,1.0000,0.9694,1.0000,49.13,181.96,77.67,49.20,58.14,11.87,5.90,218.59,59.68,82.96,0.0000,0.0000,0.0000,0.0000,0.0000,0.0000,0.3629,0.0516,0.0000,0.0000,104304,74663,53998,54750,86225,66964,95775,572442,131417,91336,0.0000,0.0000,0.0000,0.0000,0.0000,0.0000,0.4100,0.4100,0.0000,0.0000,0,0,0,0,0,0,0,1,0,0,0,0,0,0,0,0,1,1,0,0,0.1303,0.0843,0.1451,0.0584,0.0974,0.0215,0.0843,0.1011,0.0075,0.1362,0.000,0.000,0.000,0.000,0.000,0.000,0.048,0.164,0.000,0.000,semi-presidential,parliamentary,parliamentary,parliamentary,parliamentary,semi-presidential,semi-presidential,electoral-authoritarian,electoral-authoritarian,parliamentary,0.800,0.800,0.800,0.800,0.800,0.800,0.800,0.500,0.500,0.800,97.6,38.8,100.0,100.0,94.8,88.6,100.0,100.0,65.7,100.0
2029-07-01,0.9951,1.0170,1.0230,1.0069,0.9782,1.0033,1.0079,1.0079,1.0075,1.0117,1.0162,1.0105,1.0770,1.0498,1.0681,1.0717,0.9981,1.0523,1.0276,1.0132,1.0203,1.0121,1.0434,1.0105,3504.76,5116.49,4074.58,2603.79,2045.76,1201.71,198.53,2617.01,1838.01,550.44,1.1717,0.6532,1.0823,1.4490,0.9985,0.5462,1.2304,0.2387,0.2627,-0.1178,0.6298,0.7337,0.6904,0.6134,0.7052,0.7597,0.5191,0.5883,0.6914,0.6893,0.0137,0.0149,0.0267,0.0298,0.0164,0.0002,0.0409,0.0015,0.0133,0.0090,0.9764,0.9755,0.9885,0.9749,0.9771,1.0000,0.9769,1.0000,0.9692,1.0000,49.76,179.36,75.12,51.03,58.20,11.78,5.83,222.71,59.90,82.36,0.0000,0.0000,0.0000,0.0000,0.0000,0.0000,0.3629,0.0517,0.0000,0.0000,104304,74663,53998,54750,86225,66964,95775,572442,131417,91336,0.0000,0.0000,0.0000,0.0000,0.0000,0.0000,0.4200,0.4200,0.0000,0.0000,0,0,0,0,0,0,0,1,0,0,0,0,0,0,0,0,1,1,0,0,0.0953,0.0659,0.1047,0.0404,0.0696,0.0167,0.0771,0.1011,0.0037,0.1375,0.000,0.000,0.000,0.000,0.000,0.000,0.045,0.165,0.000,0.000,semi-presidential,parliamentary,parliamentary,parliamentary,parliamentary,semi-presidential,semi-presidential,electoral-authoritarian,electoral-authoritarian,parliamentary,0.800,0.800,0.800,0.800,0.800,0.800,0.800,0.500,0.500,0.800,100.0,41.9,100.0,100.0,98.0,91.8,100.0,100.0,68.8,100.0
2029-08-01,0.9968,1.0155,1.0257,1.0069,0.9793,1.0008,1.0092,1.0054,1.0088,1.0126,1.0176,1.0067,1.0813,1.0478,1.0712,1.0400,1.0063,1.0497,1.0149,1.0067,1.0222,1.0201,1.0296,1.0067,3494.91,5110.39,4062.85,2607.36,2050.38,1205.90,198.90,2621.92,1846.64,550.98,1.1751,0.6541,1.0857,1.4474,0.9964,0.5443,1.2282,0.2396,0.2622,-0.1314,0.6086,0.6924,0.6137,0.5676,0.6499,0.7438,0.5138,0.5902,0.6699,0.6895,0.0127,0.0115,0.0263,0.0189,0.0175,0.0000,0.0422,0.0014,0.0134,0.0095,0.9767,0.9758,0.9887,0.9753,0.9775,1.0000,0.9771,1.0000,0.9696,1.0000,50.40,183.93,78.70,51.08,60.20,11.61,6.07,226.59,61.23,83.00,0.0000,0.0000,0.0000,0.0000,0.0000,0.0000,0.3628,0.0518,0.0000,0.0000,104304,74663,53998,54750,86225,66964,95775,572442,131417,91336,0.0000,0.0000,0.0000,0.0000,0.0000,0.0000,0.4300,0.4300,0.0000,0.0000,0,0,0,0,0,0,0,1,0,0,0,0,0,0,0,0,1,1,0,0,0.0999,0.0681,0.1101,0.0422,0.0720,0.0152,0.0774,0.1019,0.0022,0.1350,0.000,0.000,0.000,0.000,0.000,0.000,0.040,0.166,0.000,0.000,semi-presidential,parliamentary,parliamentary,parliamentary,parliamentary,semi-presidential,semi-presidential,electoral-authoritarian,electoral-authoritarian,parliamentary,0.800,0.800,0.800,0.800,0.800,0.800,0.800,0.500,0.500,0.800,100.0,44.8,30.0,100.0,100.0,95.0,100.0,100.0,71.8,100.0
2029-09-01,0.9972,1.0145,1.0284,1.0088,0.9805,1.0020,1.0082,1.0026,1.0058,1.0098,1.0183,1.0063,1.0807,1.0465,1.0735,1.0617,1.0093,1.0509,1.0094,1.0038,1.0186,1.0102,1.0514,1.0063,3499.37,5116.19,4083.58,2607.57,2057.56,1212.48,198.37,2625.38,1849.93,552.77,1.1738,0.6534,1.0805,1.4476,0.9932,0.5414,1.2316,0.2406,0.2624,-0.1447,0.5861,0.6787,0.5839,0.5916,0.6529,0.7351,0.5389,0.5946,0.6743,0.6897,0.0131,0.0137,0.0267,0.0271,0.0182,0.0000,0.0414,0.0014,0.0131,0.0107,0.9768,0.9759,0.9887,0.9754,0.9776,1.0000,0.9769,1.0000,0.9698,1.0000,49.86,178.88,74.31,50.68,58.83,11.36,5.87,225.29,60.79,82.37,0.0000,0.0000,0.0000,0.0000,0.0000,0.0000,0.3628,0.0513,0.0000,0.0000,104304,74663,53998,54750,86225,66964,95775,572442,131417,91336,0.0000,0.0000,0.0000,0.0000,0.0000,0.0000,0.4400,0.4400,0.0000,0.0000,0,0,0,0,0,0,0,1,0,0,0,0,0,0,0,0,1,1,0,0,0.1204,0.0758,0.1342,0.0506,0.0886,0.0154,0.0788,0.1023,0.0021,0.1371,0.000,0.000,0.000,0.000,0.000,0.000,0.040,0.164,0.000,0.000,semi-presidential,parliamentary,parliamentary,parliamentary,parliamentary,semi-presidential,semi-presidential,electoral-authoritarian,electoral-authoritarian,parliamentary,0.800,0.800,0.800,0.800,0.800,0.800,0.800,0.500,0.500,0.800,100.0,47.6,32.5,100.0,100.0,98.1,100.0,100.0,74.8,100.0
2029-10-01,0.9979,1.0139,1.0233,1.0102,0.9815,1.0026,1.0049,1.0033,1.0057,1.0057,1.0181,1.0067,1.0823,1.0463,1.0662,1.0607,1.0078,1.0517,1.0061,1.0153,1.0185,1.0059,1.0194,1.0069,3508.79,5113.02,4092.31,2615.40,2062.73,1216.88,198.30,2626.68,1856.94,552.94,1.1708,0.6539,1.0784,1.4436,0.9909,0.5395,1.2322,0.2419,0.2622,-0.1585,0.5945,0.6960,0.6337,0.5890,0.6739,0.7534,0.5088,0.6128,0.6584,0.7184,0.0126,0.0135,0.0258,0.0258,0.0172,0.0000,0.0411,0.0013,0.0130,0.0094,0.9765,0.9756,0.9886,0.9751,0.9773,1.0000,0.9768,1.0000,0.9694,1.0000,49.95,179.64,74.97,50.55,59.17,11.44,5.86,225.73,60.83,82.70,0.0000,0.0000,0.0000,0.0000,0.0000,0.0000,0.3628,0.0518,0.0000,0.0000,104304,74663,53998,54750,86225,66964,95775,572442,131417,91336,0.0000,0.0000,0.0000,0.0000,0.0000,0.0000,0.4500,0.4500,0.0000,0.0000,0,0,0,0,0,0,0,1,0,0,0,0,0,0,0,0,1,1,0,0,0.1237,0.0778,0.1387,0.0522,0.0914,0.0157,0.0792,0.1020,0.0023,0.1375,0.000,0.000,0.000,0.000,0.000,0.000,0.040,0.167,0.000,0.000,semi-presidential,parliamentary,parliamentary,parliamentary,parliamentary,semi-presidential,semi-presidential,electoral-authoritarian,electoral-authoritarian,parliamentary,0.800,0.800,0.800,0.800,0.800,0.800,0.800,0.500,0.500,0.800,100.0,50.5,35.4,100.0,100.0,100.0,100.0,100.0,77.7,30.0
2029-11-01,1.0003,1.0122,1.0267,1.0103,0.9838,1.0047,1.0018,1.0041,1.0087,1.0054,1.0154,1.0100,1.0865,1.0442,1.0722,1.0450,1.0189,1.0539,1.0030,1.0100,1.0578,1.0057,1.0167,1.0111,3510.09,5122.29,4098.53,2618.81,2067.47,1220.12,198.33,2623.51,1860.57,553.33,1.1704,0.6528,1.0769,1.4419,0.9888,0.5381,1.2322,0.2435,0.2624,-0.1723,0.6107,0.6807,0.6491,0.6171,0.6774,0.7434,0.5151,0.6033,0.6516,0.7029,0.0125,0.0118,0.0270,0.0217,0.0202,0.0000,0.0435,0.0027,0.0144,0.0132,0.9769,0.9759,0.9887,0.9754,0.9777,1.0000,0.9769,1.0000,0.9698,1.0000,50.76,183.20,77.66,50.84,60.65,11.53,5.99,229.45,62.08,83.15,0.0000,0.0000,0.0000,0.0000,0.0000,0.0000,0.3628,0.0518,0.0000,0.0000,104304,74663,53998,54750,86225,66964,95775,572442,131417,91336,0.0000,0.0000,0.0000,0.0000,0.0000,0.0000,0.4600,0.4600,0.0000,0.0000,0,0,0,0,0,0,0,1,0,0,0,0,0,0,0,0,1,1,0,0,0.1266,0.0807,0.1415,0.0550,0.0936,0.0179,0.0815,0.1028,0.0043,0.1354,0.000,0.000,0.000,0.000,0.000,0.000,0.044,0.165,0.000,0.000,semi-presidential,parliamentary,parliamentary,parliamentary,parliamentary,semi-presidential,semi-presidential,electoral-authoritarian,electoral-authoritarian,parliamentary,0.800,0.800,0.800,0.800,0.800,0.800,0.800,0.500,0.500,0.800,100.0,53.3,38.3,100.0,100.0,100.0,100.0,100.0,80.6,32.9
2029-12-01,1.0030,1.0113,1.0316,1.0093,0.9866,1.0057,0.9970,1.0081,1.0098,1.0039,1.0108,1.0106,1.0904,1.0434,1.0773,1.0274,1.0253,1.0549,0.9982,1.0801,1.0233,1.0043,1.0122,1.0108,3521.28,5140.73,4120.98,2621.79,2071.57,1222.90,198.40,2625.13,1866.90,555.59,1.1668,0.6506,1.0712,1.4405,0.9870,0.5369,1.2314,0.2446,0.2623,-0.1854,0.6058,0.6934,0.6497,0.6092,0.6780,0.7310,0.5221,0.5794,0.6305,0.6967,0.0158,0.0112,0.0251,0.0196,0.0222,0.0000,0.0465,0.0019,0.0130,0.0176,0.9768,0.9759,0.9887,0.9754,0.9776,1.0000,0.9769,1.0000,0.9697,1.0000,51.21,186.34,79.83,52.68,62.19,11.85,6.13,232.13,62.70,83.78,0.0000,0.0000,0.0000,0.0000,0.0000,0.0000,0.3628,0.0518,0.0000,0.0000,104304,74663,53998,54750,86225,66964,95775,572442,131417,91336,0.0000,0.0000,0.0000,0.0000,0.0000,0.0000,0.4700,0.4700,0.0000,0.0000,0,0,0,0,0,0,0,1,0,0,0,0,0,0,0,0,1,1,0,0,0.1261,0.0815,0.1414,0.0563,0.0938,0.0186,0.0821,0.1036,0.0047,0.1336,0.000,0.000,0.000,0.000,0.000,0.000,0.044,0.164,0.000,0.000,semi-presidential,parliamentary,parliamentary,parliamentary,parliamentary,semi-presidential,semi-presidential,electoral-authoritarian,electoral-authoritarian,parliamentary,0.800,0.800,0.800,0.800,0.800,0.800,0.800,0.500,0.500,0.800,100.0,56.2,41.2,100.0,100.0,100.0,100.0,100.0,83.4,35.8
2030-01-01,1.0054,1.0085,1.0322,1.0112,0.9893,1.0075,0.9929,1.0082,1.0108,1.0035,1.0118,1.0064,1.0931,1.0397,1.0780,1.0619,1.0264,1.0566,0.9940,1.0341,1.0554,1.0123,1.0616,1.0064,3514.29,5146.41,4106.41,2620.42,2067.86,1227.07,198.70,2630.81,1872.19,557.41,1.1689,0.6499,1.0751,1.4415,0.9890,0.5351,1.2297,0.2454,0.2623,-0.1987,0.6114,0.7135,0.6895,0.6042,0.6743,0.7099,0.5163,0.5894,0.5407,0.7116,0.0149,0.0136,0.0299,0.0284,0.0221,0.0000,0.0462,0.0030,0.0142,0.0167,0.9774,0.9764,0.9890,0.9761,0.9783,1.0000,0.9771,1.0000,0.9705,1.0000,51.37,183.42,77.09,50.97,60.77,11.94,5.99,231.18,62.32,83.46,0.0000,0.0000,0.0000,0.0000,0.0000,0.0000,0.3628,0.0518,0.0000,0.0000,104304,74663,53998,54750,86225,66964,95775,572442,131417,91336,0.0000,0.0000,0.0000,0.0000,0.0000,0.0000,0.4800,0.4800,0.0000,0.0000,0,0,0,0,0,0,0,1,0,0,0,0,0,0,0,0,1,1,0,0,0.0975,0.0662,0.1073,0.0402,0.0707,0.0152,0.0781,0.1037,0.0021,0.1373,0.000,0.000,0.000,0.000,0.000,0.000,0.040,0.162,0.000,0.000,semi-presidential,parliamentary,parliamentary,parliamentary,parliamentary,semi-presidential,semi-presidential,electoral-authoritarian,electoral-authoritarian,parliamentary,0.800,0.800,0.800,0.800,0.800,0.800,0.800,0.500,0.500,0.800,100.0,59.2,44.3,100.0,100.0,100.0,100.0,100.0,86.2,38.8
2030-02-01,1.0078,1.0053,1.0299,1.0123,0.9906,1.0050,0.9925,1.0096,1.0099,1.0023,1.0156,1.0047,1.0955,1.0359,1.0753,1.0593,1.0195,1.0538,0.9936,1.0347,1.0230,1.0024,1.1130,1.0047,3515.80,5141.60,4105.20,2617.44,2071.20,1230.15,198.18,2632.15,1873.30,557.96,1.1686,0.6506,1.0756,1.4435,0.9876,0.5338,1.2329,0.2466,0.2629,-0.2124,0.5844,0.7106,0.6249,0.5875,0.6358,0.7109,0.5365,0.6135,0.6502,0.7229,0.0162,0.0131,0.0300,0.0251,0.0203,0.0000,0.0467,0.0020,0.0130,0.0149,0.9779,0.9768,0.9892,0.9765,0.9788,1.0000,0.9770,1.0000,0.9710,1.0000,51.37,184.69,77.90,50.73,61.15,12.15,6.04,231.41,62.40,83.89,0.0000,0.0000,0.0000,0.0000,0.0000,0.0000,0.3627,0.0514,0.0000,0.0000,104304,74663,53998,54750,86225,66964,95775,572442,131417,91336,0.0000,0.0000,0.0000,0.0000,0.0000,0.0000,0.4900,0.4900,0.0000,0.0000,0,0,0,0,0,0,0,1,0,0,0,0,0,0,0,0,1,1,0,0,0.1109,0.0721,0.1235,0.0459,0.0810,0.0149,0.0782,0.1034,0.0015,0.1376,0.000,0.000,0.000,0.000,0.000,0.000,0.037,0.161,0.000,0.000,semi-presidential,parliamentary,parliamentary,parliamentary,parliamentary,semi-presidential,semi-presidential,electoral-authoritarian,electoral-authoritarian,parliamentary,0.800,0.800,0.800,0.800,0.800,0.800,0.800,0.500,0.500,0.800,100.0,62.2,47.1,100.0,100.0,100.0,100.0,100.0,89.0,41.8
2030-03-01,1.0105,1.0038,1.0279,1.0132,0.9957,1.0038,0.9952,1.0094,1.0098,1.0029,1.0143,1.0037,1.0996,1.0349,1.0730,1.0582,1.0478,1.0526,1.0661,1.0107,1.0229,1.0176,1.0156,1.0037,3518.96,5140.58,4118.20,2616.18,2076.71,1233.92,198.80,2627.56,1879.56,558.33,1.1677,0.6508,1.0724,1.4445,0.9852,0.5322,1.2292,0.2483,0.2628,-0.2262,0.5847,0.6903,0.6170,0.5801,0.6393,0.7135,0.4989,0.5909,0.6337,0.7195,0.0144,0.0130,0.0302,0.0287,0.0240,0.0000,0.0454,0.0017,0.0131,0.0206,0.9774,0.9764,0.9890,0.9760,0.9782,1.0000,0.9767,1.0000,0.9704,1.0000,51.62,184.95,77.99,50.69,61.53,12.10,6.01,232.85,62.71,84.02,0.0000,0.0000,0.0000,0.0000,0.0000,0.0000,0.3628,0.0518,0.0000,0.0000,104304,74663,53998,54750,86225,66964,95775,572442,131417,91336,0.0000,0.0000,0.0000,0.0000,0.0000,0.0000,0.5000,0.5000,0.0000,0.0000,0,0,0,0,0,0,0,1,0,0,0,0,0,0,0,0,1,1,0,0,0.1141,0.0733,0.1271,0.0470,0.0832,0.0144,0.0778,0.1035,0.0015,0.1374,0.000,0.000,0.000,0.000,0.000,0.000,0.036,0.159,0.000,0.000,semi-presidential,parliamentary,parliamentary,parliamentary,parliamentary,semi-presidential,semi-presidential,electoral-authoritarian,electoral-authoritarian,parliamentary,0.800,0.800,0.800,0.800,0.800,0.800,0.800,0.500,0.500,0.800,100.0,65.1,49.9,100.0,100.0,100.0,100.0,100.0,91.8,44.9
2030-04-01,1.0165,0.9984,1.0271,1.0131,0.9991,1.0012,0.9983,1.0107,1.0094,1.0069,1.0131,1.0064,1.1090,1.0275,1.0703,1.0427,1.0397,1.0495,1.0602,1.0263,1.0226,1.0666,1.0144,1.0076,3530.30,5149.96,4125.55,2609.80,2082.89,1238.70,198.77,2628.52,1887.62,560.35,1.1640,0.6497,1.0707,1.4484,0.9825,0.5302,1.2294,0.2486,0.2624,-0.2392,0.5892,0.6844,0.6466,0.5684,0.6476,0.7163,0.5294,0.5721,0.6436,0.7041,0.0146,0.0113,0.0299,0.0203,0.0217,0.0000,0.0497,0.0021,0.0128,0.0174,0.9788,0.9777,0.9896,0.9775,0.9798,1.0000,0.9771,1.0000,0.9722,1.0000,52.63,188.97,82.06,53.31,64.08,12.28,6.30,237.75,63.46,84.62,0.0000,0.0000,0.0000,0.0000,0.0000,0.0000,0.3625,0.0511,0.0000,0.0000,104304,74663,53998,54750,86225,66964,95775,572442,131417,91336,0.0000,0.0000,0.0000,0.0000,0.0000,0.0000,0.5100,0.5100,0.0000,0.0000,0,0,0,0,0,0,0,1,0,0,0,0,0,0,0,0,1,1,0,0,0.1236,0.0791,0.1386,0.0537,0.0909,0.0163,0.0803,0.1039,0.0023,0.1349,0.000,0.000,0.000,0.000,0.000,0.000,0.039,0.158,0.000,0.000,semi-presidential,parliamentary,parliamentary,parliamentary,parliamentary,semi-presidential,semi-presidential,electoral-authoritarian,electoral-authoritarian,parliamentary,0.800,0.800,0.800,0.800,0.800,0.800,0.800,0.500,0.500,0.800,100.0,67.9,52.8,100.0,100.0,100.0,100.0,30.0,94.6,47.8
2030-05-01,1.0207,0.9968,1.0290,1.0119,1.0039,0.9973,0.9981,1.0087,1.0095,1.0079,1.0107,1.0083,1.1093,1.0255,1.0719,1.0259,1.0517,1.0439,0.9993,1.0101,1.0224,1.0193,1.0121,1.0091,3540.09,5160.20,4133.97,2611.22,2088.09,1242.33,199.26,2630.11,1890.19,560.46,1.1609,0.6485,1.0686,1.4481,0.9802,0.5287,1.2264,0.2487,0.2628,-0.2531,0.6056,0.6999,0.6480,0.5571,0.6558,0.7180,0.5164,0.5525,0.6616,0.7175,0.0117,0.0107,0.0197,0.0205,0.0212,0.0000,0.0460,0.0013,0.0118,0.0166,0.9792,0.9782,0.9898,0.9779,0.9800,1.0000,0.9765,1.0000,0.9727,1.0000,53.10,189.03,80.69,53.65,64.75,12.10,6.36,241.06,64.66,85.04,0.0000,0.0000,0.0000,0.0000,0.0000,0.0000,0.3613,0.0485,0.0000,0.0000,104304,74663,53998,54750,86225,66964,95775,572442,131417,91336,0.0000,0.0000,0.0000,0.0000,0.0000,0.0000,0.5200,0.5200,0.0000,0.0000,0,0,0,0,0,0,0,1,0,0,0,0,0,0,0,0,1,1,0,0,0.1245,0.0802,0.1401,0.0549,0.0921,0.0174,0.0816,0.1046,0.0034,0.1344,0.000,0.000,0.000,0.000,0.000,0.000,0.042,0.158,0.000,0.000,semi-presidential,parliamentary,parliamentary,parliamentary,parliamentary,semi-presidential,semi-presidential,electoral-authoritarian,electoral-authoritarian,parliamentary,0.800,0.800,0.800,0.800,0.800,0.800,0.800,0.500,0.500,0.800,100.0,70.8,55.7,100.0,100.0,100.0,100.0,32.3,97.6,50.8
2030-06-01,1.0216,0.9935,1.0284,1.0092,1.0063,0.9953,0.9986,1.0063,1.0081,1.0075,1.0055,1.0063,1.1103,1.0232,1.0727,1.0092,1.0417,1.0429,1.0038,1.0077,1.0214,1.0094,1.0068,1.0063,3535.46,5154.11,4131.60,2614.67,2089.63,1244.37,199.89,2627.66,1895.97,560.78,1.1625,0.6491,1.0694,1.4473,0.9797,0.5278,1.2225,0.2493,0.2628,-0.2669,0.6175,0.7087,0.6572,0.5641,0.6633,0.7226,0.5397,0.5668,0.6409,0.6969,0.0121,0.0109,0.0115,0.0185,0.0188,0.0000,0.0438,0.0013,0.0117,0.0118,0.9784,0.9774,0.9894,0.9771,0.9794,1.0000,0.9765,1.0000,0.9717,1.0000,51.82,186.28,78.09,52.29,63.30,11.90,6.30,234.39,63.61,84.94,0.0000,0.0000,0.0000,0.0000,0.0000,0.0000,0.3627,0.0510,0.0000,0.0000,104304,74663,53998,54750,86225,66964,95775,572442,131417,91336,0.0000,0.0000,0.0000,0.0000,0.0000,0.0000,0.5300,0.5300,0.0000,0.0000,0,0,0,0,0,0,0,1,0,0,0,0,0,0,0,0,1,1,0,0,0.1097,0.0728,0.1228,0.0473,0.0803,0.0155,0.0795,0.1035,0.0021,0.1343,0.000,0.000,0.000,0.000,0.000,0.000,0.039,0.158,0.000,0.000,semi-presidential,parliamentary,parliamentary,junta,parliamentary,semi-presidential,semi-presidential,electoral-authoritarian,electoral-authoritarian,parliamentary,0.800,0.800,0.800,0.400,0.800,0.800,0.800,0.500,0.500,0.800,100.0,73.8,58.6,30.0,100.0,100.0,100.0,34.6,100.0,53.7
2030-07-01,1.0188,0.9915,1.0220,1.0074,1.0065,0.9934,0.9981,1.0039,1.0062,1.0069,1.0001,1.0056,1.1026,1.0217,1.0604,1.0074,1.0279,1.0412,0.9994,1.0052,1.0196,1.0086,1.0014,1.0056,3542.55,5163.07,4146.53,2613.94,2087.28,1247.98,200.09,2625.01,1898.81,561.35,1.1602,0.6480,1.0657,1.4486,0.9808,0.5263,1.2215,0.2499,0.2631,-0.2805,0.6014,0.6807,0.6403,0.5261,0.6444,0.7100,0.5595,0.5613,0.6670,0.7019,0.0114,0.0106,0.0095,0.0160,0.0144,0.0000,0.0406,0.0013,0.0113,0.0069,0.9780,0.9770,0.9892,0.9766,0.9789,1.0000,0.9762,1.0000,0.9711,1.0000,49.95,182.45,76.27,50.48,60.97,11.62,6.17,224.47,61.93,84.69,0.0000,0.0000,0.0000,0.0000,0.0000,0.0000,0.3629,0.0516,0.0000,0.0000,104304,74663,53998,54750,86225,66964,95775,572442,131417,91336,0.0000,0.0000,0.0000,0.0000,0.0000,0.0000,0.5400,0.5400,0.0000,0.0000,0,0,0,0,0,0,0,1,0,0,0,0,0,0,0,0,1,1,0,0,0.1174,0.0756,0.1320,0.0505,0.0867,0.0150,0.0793,0.1022,0.0018,0.1340,0.000,0.000,0.000,0.000,0.000,0.000,0.038,0.173,0.000,0.000,semi-presidential,parliamentary,parliamentary,junta,parliamentary,semi-presidential,semi-presidential,electoral-authoritarian,electoral-authoritarian,parliamentary,0.800,0.800,0.800,0.400,0.800,0.800,0.800,0.500,0.500,0.800,100.0,76.6,61.5,32.1,100.0,100.0,100.0,36.9,100.0,56.7
2030-08-01,1.0173,0.9900,1.0188,1.0035,1.0074,0.9950,0.9985,1.0016,1.0064,1.0069,0.9960,1.0059,1.0999,1.0203,1.0590,1.0035,1.0337,1.0429,1.0076,1.0029,1.0198,1.0087,0.9973,1.0061,3548.14,5176.42,4144.17,2622.30,2093.68,1252.99,199.84,2634.52,1900.82,560.74,1.1585,0.6463,1.0662,1.4446,0.9780,0.5242,1.2234,0.2497,0.2636,-0.2947,0.6110,0.6948,0.6693,0.5308,0.6131,0.7175,0.5526,0.5544,0.6469,0.7026,0.0117,0.0106,0.0103,0.0169,0.0159,0.0000,0.0403,0.0013,0.0114,0.0087,0.9779,0.9768,0.9891,0.9764,0.9787,1.0000,0.9760,1.0000,0.9709,1.0000,49.71,181.62,75.43,49.84,60.23,11.41,6.12,223.42,62.05,84.49,0.0000,0.0000,0.0000,0.0000,0.0000,0.0000,0.3629,0.0516,0.0000,0.0000,104304,74663,53998,54750,86225,66964,95775,572442,131417,91336,0.0000,0.0000,0.0000,0.0000,0.0000,0.0000,0.5500,0.5500,0.0000,0.0000,0,0,0,0,0,0,0,1,0,0,0,0,0,0,0,0,1,1,0,0,0.1222,0.0777,0.1385,0.0525,0.0903,0.0152,0.0803,0.1015,0.0020,0.1341,0.000,0.000,0.000,0.000,0.000,0.000,0.039,0.173,0.000,0.000,semi-presidential,parliamentary,parliamentary,junta,parliamentary,semi-presidential,semi-presidential,junta,electoral-authoritarian,parliamentary,0.800,0.800,0.800,0.400,0.800,0.800,0.800,0.400,0.500,0.800,100.0,79.5,64.5,34.3,100.0,100.0,100.0,30.0,100.0,59.6
2030-09-01,1.0149,0.9900,1.0144,1.0015,1.0096,0.9958,0.9979,1.0014,1.0070,1.0093,0.9940,1.0071,1.0965,1.0209,1.0538,1.0015,1.0440,1.0437,0.9992,1.0027,1.0205,1.0452,0.9952,1.0076,3558.33,5180.27,4153.32,2626.68,2097.86,1257.46,199.57,2640.38,1905.21,561.36,1.1552,0.6459,1.0640,1.4424,0.9763,0.5224,1.2254,0.2497,0.2637,-0.3082,0.6133,0.7027,0.6477,0.5587,0.6352,0.7313,0.5309,0.5790,0.6339,0.6829,0.0114,0.0106,0.0107,0.0182,0.0175,0.0000,0.0409,0.0016,0.0114,0.0112,0.9774,0.9765,0.9889,0.9759,0.9782,1.0000,0.9757,1.0000,0.9703,1.0000,49.55,181.85,75.25,49.79,60.10,11.37,6.05,223.10,62.05,84.30,0.0000,0.0000,0.0000,0.0000,0.0000,0.0000,0.3629,0.0516,0.0000,0.0000,104304,74663,53998,54750,86225,66964,95775,572442,131417,91336,0.0000,0.0000,0.0000,0.0000,0.0000,0.0000,0.5600,0.5600,0.0000,0.0000,0,0,0,0,0,0,0,1,0,0,0,0,0,0,0,0,1,1,0,0,0.1232,0.0786,0.1391,0.0533,0.0913,0.0159,0.0813,0.1014,0.0027,0.1336,0.000,0.000,0.000,0.000,0.000,0.000,0.040,0.173,0.000,0.000,semi-presidential,parliamentary,parliamentary,junta,parliamentary,semi-presidential,semi-presidential,junta,electoral-authoritarian,parliamentary,0.800,0.800,0.800,0.400,0.800,0.800,0.800,0.400,0.500,0.800,100.0,82.4,67.4,36.6,100.0,100.0,100.0,32.7,100.0,62.4
2030-10-01,1.0175,0.9897,1.0148,0.9977,1.0121,0.9964,0.9977,1.0023,1.0083,1.0106,0.9952,1.0075,1.0992,1.0190,1.0561,0.9977,1.0479,1.0429,0.9990,1.0212,1.0365,1.0421,1.0300,1.0077,3551.85,5201.84,4163.54,2630.45,2104.27,1261.36,200.45,2648.90,1908.56,562.01,1.1574,0.6433,1.0615,1.4403,0.9735,0.5208,1.2204,0.2495,0.2640,-0.3217,0.6222,0.7031,0.6574,0.5587,0.6380,0.7233,0.5142,0.6179,0.6453,0.6919,0.0133,0.0104,0.0132,0.0185,0.0196,0.0000,0.0454,0.0024,0.0118,0.0147,0.9787,0.9777,0.9895,0.9773,0.9794,1.0000,0.9757,1.0000,0.9719,1.0000,51.17,184.50,76.55,51.17,61.98,11.49,6.27,231.92,63.82,84.52,0.0000,0.0000,0.0000,0.0000,0.0000,0.0000,0.3617,0.0488,0.0000,0.0000,104304,74663,53998,54750,86225,66964,95775,572442,131417,91336,0.0000,0.0000,0.0000,0.0000,0.0000,0.0000,0.5700,0.5700,0.0000,0.0000,0,0,0,0,0,0,0,1,0,0,0,0,0,0,0,0,1,1,0,0,0.1239,0.0787,0.1394,0.0537,0.0915,0.0163,0.0813,0.1026,0.0030,0.1337,0.000,0.000,0.000,0.000,0.000,0.000,0.040,0.174,0.000,0.000,semi-presidential,parliamentary,parliamentary,junta,parliamentary,semi-presidential,semi-presidential,junta,electoral-authoritarian,parliamentary,0.800,0.800,0.800,0.400,0.800,0.800,0.800,0.400,0.500,0.800,100.0,85.4,70.3,38.9,100.0,100.0,100.0,35.6,100.0,65.2
2030-11-01,1.0209,0.9910,1.0134,0.9940,1.0131,1.0008,0.9989,0.9997,1.0092,1.0096,0.9971,1.0054,1.1061,1.0208,1.0540,0.9940,1.0393,1.0662,1.0268,1.0010,1.0270,1.0120,1.0471,1.0054,3546.87,5207.07,4159.85,2632.08,2107.23,1265.71,200.80,2644.52,1920.12,562.62,1.1591,0.6427,1.0625,1.4397,0.9723,0.5190,1.2186,0.2504,0.2632,-0.3353,0.5975,0.7362,0.6679,0.5657,0.6555,0.7255,0.5470,0.6398,0.6485,0.6940,0.0142,0.0110,0.0130,0.0173,0.0180,0.0002,0.0460,0.0019,0.0118,0.0116,0.9784,0.9776,0.9894,0.9769,0.9789,1.0000,0.9753,1.0000,0.9714,1.0000,51.98,185.53,76.35,51.82,63.26,11.31,6.39,237.81,64.85,84.67,0.0000,0.0000,0.0000,0.0000,0.0000,0.0000,0.3622,0.0490,0.0000,0.0000,104304,74663,53998,54750,86225,66964,95775,572442,131417,91336,0.0000,0.0000,0.0000,0.0000,0.0000,0.0000,0.5800,0.5800,0.0000,0.0000,0,0,0,0,0,0,0,1,0,0,0,0,0,0,0,0,1,1,0,0,0.1089,0.0715,0.1221,0.0462,0.0797,0.0145,0.0795,0.1042,0.0017,0.1340,0.000,0.000,0.000,0.000,0.000,0.000,0.038,0.174,0.000,0.000,semi-presidential,parliamentary,parliamentary,junta,parliamentary,semi-presidential,semi-presidential,junta,electoral-authoritarian,parliamentary,0.800,0.800,0.800,0.400,0.800,0.800,0.800,0.400,0.500,0.800,100.0,88.5,73.3,41.2,100.0,100.0,100.0,38.6,100.0,68.1
2030-12-01,1.0205,0.9918,1.0134,0.9912,1.0120,1.0038,0.9998,0.9997,1.0065,1.0083,0.9985,1.0032,1.1067,1.0230,1.0572,0.9912,1.0329,1.0524,1.0213,1.0010,1.0199,1.0102,1.0362,1.0032,3534.79,5208.39,4158.33,2633.21,2110.28,1265.95,201.13,2643.40,1920.81,562.43,1.1632,0.6425,1.0630,1.4395,0.9711,0.5190,1.2169,0.2511,0.2638,-0.3493,0.5875,0.7222,0.6470,0.5266,0.6564,0.7169,0.5438,0.5736,0.6844,0.6927,0.0138,0.0110,0.0118,0.0166,0.0163,0.0000,0.0436,0.0016,0.0119,0.0092,0.9773,0.9765,0.9889,0.9758,0.9779,1.0000,0.9755,1.0000,0.9700,1.0000,50.90,184.43,76.04,51.12,62.27,11.39,6.27,232.75,64.21,84.84,0.0000,0.0000,0.0000,0.0000,0.0000,0.0000,0.3629,0.0515,0.0000,0.0000,104304,74663,53998,54750,86225,66964,95775,572442,131417,91336,0.0000,0.0000,0.0000,0.0000,0.0000,0.0000,0.5900,0.5900,0.0000,0.0000,0,0,0,0,0,0,0,1,0,0,0,0,0,0,0,0,1,1,0,0,0.1054,0.0692,0.1178,0.0439,0.0765,0.0132,0.0758,0.1029,0.0015,0.1344,0.000,0.000,0.000,0.000,0.000,0.000,0.035,0.175,0.000,0.000,semi-presidential,parliamentary,parliamentary,junta,parliamentary,semi-presidential,semi-presidential,junta,electoral-authoritarian,parliamentary,0.800,0.800,0.800,0.400,0.800,0.800,0.800,0.400,0.500,0.800,100.0,91.6,76.2,43.4,100.0,100.0,100.0,41.2,100.0,71.0
2031-01-01,1.0207,0.9918,1.0121,0.9895,1.0101,1.0055,1.0018,1.0021,1.0039,1.0077,0.9978,1.0010,1.1062,1.0230,1.0547,0.9895,1.0309,1.0543,1.0493,1.0502,1.0171,1.0097,0.9991,1.0010,3531.22,5201.38,4147.13,2630.81,2106.38,1271.63,201.29,2645.22,1934.19,563.60,1.1645,0.6434,1.0661,1.4411,0.9730,0.5168,1.2162,0.2515,0.2627,-0.3625,0.5760,0.7162,0.6334,0.5189,0.6547,0.6917,0.5399,0.5470,0.6679,0.6818,0.0157,0.0109,0.0139,0.0165,0.0175,0.0000,0.0453,0.0020,0.0119,0.0119,0.9773,0.9764,0.9889,0.9758,0.9780,1.0000,0.9757,1.0000,0.9702,1.0000,50.46,184.89,76.96,51.32,62.26,11.59,6.28,231.13,63.70,84.98,0.0000,0.0000,0.0000,0.0000,0.0000,0.0000,0.3629,0.0516,0.0000,0.0000,104304,74663,53998,54750,86225,66964,95775,572442,131417,91336,0.0000,0.0000,0.0000,0.0000,0.0000,0.0000,0.6000,0.6000,0.0000,0.0000,0,0,0,0,0,0,0,1,0,0,0,0,0,0,0,0,1,1,0,0,0.1045,0.0685,0.1174,0.0432,0.0759,0.0120,0.0734,0.1024,0.0014,0.1341,0.000,0.000,0.000,0.000,0.000,0.000,0.033,0.175,0.000,0.000,semi-presidential,parliamentary,parliamentary,junta,parliamentary,semi-presidential,semi-presidential,junta,electoral-authoritarian,parliamentary,0.800,0.800,0.800,0.400,0.800,0.800,0.800,0.400,0.500,0.800,100.0,94.6,79.0,45.5,100.0,100.0,100.0,43.7,100.0,73.8
2031-02-01,1.0222,0.9914,1.0130,0.9916,1.0087,1.0057,1.0011,1.0033,0.9995,1.0082,0.9941,1.0013,1.1089,1.0224,1.0580,1.0517,1.0296,1.0545,1.0230,1.0664,1.0116,1.0547,0.9952,1.0015,3532.12,5202.55,4149.60,2635.06,2110.02,1271.04,200.86,2645.86,1935.25,565.27,1.1641,0.6433,1.0657,1.4392,0.9716,0.5172,1.2192,0.2520,0.2633,-0.3753,0.5681,0.6892,0.6018,0.5097,0.6220,0.7111,0.5340,0.5478,0.6815,0.6966,0.0157,0.0143,0.0303,0.0276,0.0177,0.0000,0.0463,0.0021,0.0144,0.0118,0.9775,0.9765,0.9890,0.9760,0.9782,1.0000,0.9758,1.0000,0.9703,1.0000,50.55,180.35,75.08,50.89,60.66,11.74,6.00,231.17,63.50,84.32,0.0000,0.0000,0.0000,0.0000,0.0000,0.0000,0.3629,0.0516,0.0000,0.0000,104304,74663,53998,54750,86225,66964,95775,572442,131417,91336,0.0000,0.0000,0.0000,0.0000,0.0000,0.0000,0.6100,0.6100,0.0000,0.0000,0,0,0,0,0,0,0,1,0,0,0,0,0,0,0,0,1,1,0,0,0.1197,0.0734,0.1347,0.0487,0.0875,0.0124,0.0752,0.1031,0.0014,0.1374,0.000,0.000,0.000,0.000,0.000,0.000,0.033,0.176,0.000,0.000,semi-presidential,parliamentary,parliamentary,junta,parliamentary,semi-presidential,semi-presidential,junta,electoral-authoritarian,parliamentary,0.800,0.800,0.800,0.400,0.800,0.800,0.800,0.400,0.500,0.800,100.0,97.4,81.6,47.5,100.0,100.0,30.0,46.1,100.0,76.6
2031-03-01,1.0237,0.9923,1.0131,0.9948,1.0102,1.0046,1.0029,1.0044,0.9980,1.0086,0.9942,1.0031,1.1081,1.0225,1.0558,1.0652,1.0413,1.0523,1.0601,1.0392,1.0097,1.0244,1.0041,1.0043,3523.88,5198.90,4160.49,2635.11,2118.37,1275.02,201.17,2648.12,1946.08,566.56,1.1670,0.6438,1.0631,1.4396,0.9679,0.5157,1.2177,0.2523,0.2626,-0.3884,0.5727,0.6863,0.6077,0.5054,0.6412,0.6855,0.4989,0.5457,0.6535,0.7130,0.0153,0.0151,0.0303,0.0329,0.0197,0.0005,0.0454,0.0019,0.0137,0.0150,0.9782,0.9773,0.9893,0.9766,0.9787,1.0000,0.9755,1.0000,0.9711,1.0000,50.70,179.14,74.22,51.83,60.67,11.64,5.95,232.42,63.54,84.48,0.0000,0.0000,0.0000,0.0000,0.0000,0.0000,0.3624,0.0497,0.0000,0.0000,104304,74663,53998,54750,86225,66964,95775,572442,131417,91336,0.0000,0.0000,0.0000,0.0000,0.0000,0.0000,0.6200,0.6200,0.0000,0.0000,0,0,0,0,0,0,0,1,0,0,0,0,0,0,0,0,1,1,0,0,0.1214,0.0743,0.1358,0.0500,0.0887,0.0134,0.0788,0.1040,0.0015,0.1377,0.000,0.000,0.000,0.000,0.000,0.000,0.035,0.176,0.000,0.000,semi-presidential,parliamentary,parliamentary,junta,parliamentary,semi-presidential,semi-presidential,junta,electoral-authoritarian,parliamentary,0.800,0.800,0.800,0.400,0.800,0.800,0.800,0.400,0.500,0.800,100.0,100.0,84.2,49.6,100.0,100.0,32.1,48.6,100.0,79.6
2031-04-01,1.0252,0.9927,1.0128,0.9951,1.0129,1.0031,1.0022,1.0043,0.9976,1.0073,0.9961,1.0005,1.1121,1.0237,1.0564,1.0349,1.0498,1.0514,1.0034,1.0055,1.0098,1.0077,1.0237,1.0005,3516.71,5189.22,4157.03,2631.75,2121.97,1274.62,200.99,2654.52,1950.62,567.48,1.1696,0.6451,1.0642,1.4418,0.9664,0.5160,1.2192,0.2523,0.2627,-0.4017,0.5625,0.6806,0.6398,0.5198,0.6644,0.6992,0.5034,0.5435,0.6937,0.7088,0.0128,0.0118,0.0277,0.0220,0.0193,0.0000,0.0431,0.0013,0.0139,0.0131,0.9775,0.9766,0.9890,0.9760,0.9781,1.0000,0.9756,1.0000,0.9703,1.0000,50.71,184.10,78.09,50.81,62.26,11.80,6.08,233.60,64.39,85.36,0.0000,0.0000,0.0000,0.0000,0.0000,0.0000,0.3628,0.0511,0.0000,0.0000,104304,74663,53998,54750,86225,66964,95775,572442,131417,91336,0.0000,0.0000,0.0000,0.0000,0.0000,0.0000,0.6300,0.6300,0.0000,0.0000,0,0,0,0,0,0,0,1,0,0,0,0,0,0,0,0,1,1,0,0,0.1017,0.0665,0.1130,0.0410,0.0730,0.0120,0.0766,0.1039,0.0015,0.1357,0.000,0.000,0.000,0.000,0.000,0.000,0.032,0.177,0.000,0.000,semi-presidential,parliamentary,parliamentary,junta,parliamentary,semi-presidential,semi-presidential,junta,electoral-authoritarian,parliamentary,0.800,0.800,0.800,0.400,0.800,0.800,0.800,0.400,0.500,0.800,100.0,100.0,87.1,51.7,100.0,100.0,34.3,51.0,100.0,82.6
2031-05-01,1.0323,0.9927,1.0123,0.9972,1.0156,1.0026,1.0025,1.0037,1.0008,1.0047,0.9973,0.9981,1.1283,1.0239,1.0560,1.0571,1.0533,1.0512,1.0274,1.0068,1.0862,1.0048,1.0449,0.9981,3515.02,5189.18,4130.49,2635.59,2119.93,1278.26,201.04,2658.64,1954.34,568.22,1.1704,0.6452,1.0712,1.4401,0.9675,0.5147,1.2193,0.2523,0.2629,-0.4152,0.5581,0.6573,0.6171,0.4867,0.6657,0.6726,0.4936,0.5490,0.6871,0.7102,0.0148,0.0147,0.0306,0.0316,0.0231,0.0000,0.0510,0.0044,0.0168,0.0173,0.9772,0.9763,0.9889,0.9757,0.9779,1.0000,0.9756,1.0000,0.9700,1.0000,52.80,183.17,76.12,52.99,64.09,11.78,6.21,244.86,66.20,85.25,0.0000,0.0000,0.0000,0.0000,0.0000,0.0000,0.3628,0.0518,0.0000,0.0000,104304,74663,53998,54750,86225,66964,95775,572442,131417,91336,0.0000,0.0000,0.0000,0.0000,0.0000,0.0000,0.6400,0.6400,0.0000,0.0000,0,0,0,0,0,0,0,1,0,0,0,0,0,0,0,0,1,1,0,0,0.1006,0.0644,0.1126,0.0394,0.0724,0.0116,0.0754,0.1061,0.0015,0.1384,0.000,0.000,0.000,0.000,0.000,0.000,0.029,0.178,0.000,0.000,semi-presidential,parliamentary,parliamentary,junta,parliamentary,semi-presidential,semi-presidential,junta,electoral-authoritarian,parliamentary,0.800,0.800,0.800,0.400,0.800,0.800,0.800,0.400,0.500,0.800,100.0,100.0,89.8,53.7,100.0,100.0,36.4,53.5,100.0,85.6
2031-06-01,1.0380,0.9940,1.0136,0.9980,1.0172,1.0020,1.0025,1.0034,1.0038,1.0037,0.9979,0.9972,1.1615,1.0256,1.0591,1.0457,1.0481,1.0506,1.0037,1.0047,1.0576,1.0038,1.0060,0.9972,3514.92,5184.61,4132.02,2633.86,2119.06,1279.89,201.11,2664.05,1962.50,569.60,1.1706,0.6459,1.0711,1.4415,0.9681,0.5142,1.2192,0.2522,0.2625,-0.4282,0.5645,0.6518,0.5658,0.5024,0.6336,0.6815,0.4945,0.5549,0.6688,0.7077,0.0145,0.0147,0.0282,0.0266,0.0213,0.0011,0.0596,0.0028,0.0166,0.0112,0.9771,0.9762,0.9888,0.9755,0.9776,1.0000,0.9753,1.0000,0.9697,1.0000,53.37,186.04,77.36,52.82,65.33,11.87,6.35,247.94,67.39,85.94,0.0000,0.0000,0.0000,0.0000,0.0000,0.0000,0.3628,0.0518,0.0000,0.0000,104304,74663,53998,54750,86225,66964,95775,572442,131417,91336,0.0000,0.0000,0.0000,0.0000,0.0000,0.0000,0.6500,0.6500,0.0000,0.0000,0,0,0,0,0,0,0,1,0,0,0,0,0,0,0,0,1,1,0,0,0.1103,0.0688,0.1236,0.0433,0.0796,0.0117,0.0753,0.1068,0.0015,0.1378,0.000,0.000,0.000,0.000,0.000,0.000,0.028,0.178,0.000,0.000,semi-presidential,parliamentary,parliamentary,junta,parliamentary,semi-presidential,semi-presidential,junta,electoral-authoritarian,parliamentary,0.800,0.800,0.800,0.400,0.800,0.800,0.800,0.400,0.500,0.800,100.0,100.0,92.2,55.7,100.0,100.0,38.5,56.0,100.0,88.5
2031-07-01,1.0401,0.9969,1.0114,0.9990,1.0192,1.0017,1.0019,1.0038,1.0027,1.0038,0.9982,0.9985,1.1340,1.0463,1.0537,1.0501,1.0522,1.0503,1.0031,1.0144,1.0152,1.0076,1.0081,0.9997,3519.53,5189.72,4134.42,2636.05,2120.94,1283.74,201.59,2674.63,1974.24,570.21,1.1693,0.6454,1.0708,1.4407,0.9674,0.5128,1.2164,0.2517,0.2617,-0.4418,0.5724,0.6563,0.5853,0.4919,0.6183,0.6818,0.4826,0.5461,0.6845,0.7158,0.0152,0.0154,0.0286,0.0278,0.0209,0.0015,0.0459,0.0014,0.0159,0.0118,0.9615,0.9622,0.9807,0.9623,0.9624,0.9891,0.9723,1.0000,0.9587,1.0000,52.51,184.54,76.81,52.33,64.06,11.94,6.20,242.62,66.62,86.40,0.0000,0.0000,0.0000,0.0000,0.0000,0.0000,0.3628,0.0518,0.0000,0.0000,104304,74663,53998,54750,86225,66964,95775,572442,131417,91336,0.0000,0.0000,0.0000,0.0000,0.0000,0.0000,0.6600,0.6600,0.0000,0.0000,0,0,0,0,0,0,0,1,0,0,0,0,0,0,0,0,1,1,0,0,0.1176,0.0722,0.1325,0.0468,0.0855,0.0117,0.0764,0.1059,0.0016,0.1388,0.000,0.000,0.000,0.000,0.000,0.000,0.029,0.179,0.000,0.000,semi-presidential,parliamentary,parliamentary,junta,parliamentary,semi-presidential,semi-presidential,junta,electoral-authoritarian,parliamentary,0.800,0.800,0.800,0.400,0.800,0.800,0.800,0.400,0.500,0.800,100.0,100.0,94.8,57.7,100.0,100.0,40.5,58.4,100.0,91.5
2031-08-01,1.0426,1.0011,1.0097,0.9959,1.0218,1.0043,1.0013,1.0057,1.0017,1.0044,0.9948,0.9965,1.1352,1.0807,1.0519,0.9959,1.0581,1.0532,1.0026,1.0126,1.0146,1.0054,0.9961,0.9965,3511.96,5181.56,4130.77,2630.94,2120.09,1286.55,201.82,2678.67,1979.97,570.71,1.1720,0.6463,1.0720,1.4440,0.9678,0.5118,1.2152,0.2518,0.2616,-0.4555,0.5881,0.6701,0.6076,0.5013,0.6166,0.7048,0.5045,0.5698,0.7119,0.7074,0.0183,0.0165,0.0146,0.0242,0.0247,0.0041,0.0456,0.0013,0.0162,0.0122,0.9357,0.9386,0.9674,0.9402,0.9372,0.9704,0.9683,1.0000,0.9395,1.0000,52.43,187.70,78.49,53.99,65.55,12.06,6.42,243.34,67.34,87.61,0.0000,0.0000,0.0000,0.0000,0.0000,0.0000,0.3628,0.0516,0.0000,0.0000,104304,74663,53998,54750,86225,66964,95775,572442,131417,91336,0.0000,0.0000,0.0000,0.0000,0.0000,0.0000,0.6700,0.6700,0.0000,0.0000,0,0,0,0,0,0,0,1,0,0,0,0,0,0,0,0,1,1,0,0,0.1019,0.0663,0.1144,0.0410,0.0732,0.0118,0.0749,0.1061,0.0016,0.1366,0.000,0.000,0.000,0.000,0.000,0.000,0.027,0.179,0.000,0.000,semi-presidential,parliamentary,parliamentary,junta,parliamentary,semi-presidential,semi-presidential,junta,electoral-authoritarian,parliamentary,0.800,0.800,0.800,0.400,0.800,0.800,0.800,0.400,0.500,0.800,100.0,100.0,97.4,59.7,100.0,100.0,42.7,61.0,100.0,94.5
2031-09-01,1.0433,1.0058,1.0052,0.9928,1.0235,1.0053,0.9987,1.0039,1.0027,1.0014,0.9920,0.9958,1.1335,1.0987,1.0444,0.9928,1.0543,1.0543,1.0000,1.0052,1.0237,1.0017,0.9933,0.9958,3508.48,5180.82,4140.39,2629.49,2120.32,1292.24,201.08,2683.23,1986.94,571.49,1.1733,0.6464,1.0695,1.4453,0.9675,0.5096,1.2200,0.2518,0.2614,-0.4691,0.5759,0.6508,0.6094,0.4786,0.6040,0.7026,0.5046,0.5665,0.6889,0.7050,0.0192,0.0177,0.0144,0.0243,0.0247,0.0053,0.0445,0.0016,0.0175,0.0100,0.9246,0.9285,0.9618,0.9305,0.9262,0.9625,0.9668,1.0000,0.9309,1.0000,51.75,186.03,77.13,53.15,64.46,11.93,6.28,239.63,67.07,87.79,0.0000,0.0000,0.0000,0.0000,0.0000,0.0000,0.3629,0.0517,0.0000,0.0000,104304,74663,53998,54750,86225,66964,95775,572442,131417,91336,0.0000,0.0000,0.0000,0.0000,0.0000,0.0000,0.6800,0.6800,0.0000,0.0000,0,0,0,0,0,0,0,1,0,0,0,0,0,0,0,0,1,1,0,0,0.1098,0.0691,0.1238,0.0439,0.0793,0.0116,0.0753,0.1056,0.0016,0.1370,0.000,0.000,0.000,0.000,0.000,0.000,0.026,0.179,0.000,0.000,semi-presidential,parliamentary,parliamentary,junta,parliamentary,semi-presidential,semi-presidential,junta,electoral-authoritarian,parliamentary,0.800,0.800,0.800,0.400,0.800,0.800,0.800,0.400,0.500,0.800,100.0,100.0,100.0,61.6,100.0,100.0,44.8,63.6,100.0,97.4
2031-10-01,1.0431,1.0098,1.0019,0.9915,1.0237,1.0085,0.9935,1.0044,1.0020,1.0009,0.9904,0.9947,1.1313,1.0888,1.0417,0.9915,1.0448,1.0577,0.9947,1.0156,1.0149,1.0011,0.9916,0.9947,3498.79,5174.85,4132.84,2623.60,2124.13,1297.39,201.24,2682.10,1993.48,573.13,1.1768,0.6471,1.0716,1.4490,0.9658,0.5077,1.2194,0.2523,0.2613,-0.4819,0.5743,0.6507,0.6378,0.4721,0.5982,0.7174,0.4661,0.5562,0.6743,0.7079,0.0180,0.0161,0.0131,0.0212,0.0208,0.0040,0.0432,0.0013,0.0158,0.0075,0.9365,0.9394,0.9679,0.9409,0.9378,0.9716,0.9689,1.0000,0.9405,1.0000,51.25,185.64,77.20,52.84,63.89,12.03,6.22,237.26,66.88,88.11,0.0000,0.0000,0.0000,0.0000,0.0000,0.0000,0.3628,0.0518,0.0000,0.0000,104304,74663,53998,54750,86225,66964,95775,572442,131417,91336,0.0000,0.0000,0.0000,0.0000,0.0000,0.0000,0.6900,0.6900,0.0000,0.0000,0,0,0,0,0,0,0,1,0,0,0,0,0,0,0,0,1,1,0,0,0.1068,0.0674,0.1203,0.0422,0.0764,0.0116,0.0742,0.1055,0.0016,0.1371,0.000,0.000,0.000,0.000,0.000,0.000,0.024,0.179,0.000,0.000,semi-presidential,parliamentary,parliamentary,junta,parliamentary,semi-presidential,semi-presidential,junta,electoral-authoritarian,parliamentary,0.800,0.800,0.800,0.400,0.800,0.800,0.800,0.400,0.500,0.800,100.0,100.0,100.0,63.5,100.0,100.0,46.8,66.1,100.0,100.0
2031-11-01,1.0440,1.0107,1.0001,0.9925,1.0249,1.0105,0.9915,1.0052,1.0033,1.0009,0.9903,0.9920,1.1325,1.0435,1.0415,1.0336,1.0527,1.0600,0.9927,1.0443,1.0582,1.0287,1.0121,0.9920,3488.23,5177.83,4118.19,2619.57,2122.61,1302.97,200.94,2686.31,1999.69,573.82,1.1806,0.6468,1.0757,1.4515,0.9666,0.5056,1.2216,0.2523,0.2612,-0.4955,0.5650,0.6489,0.6175,0.4837,0.6172,0.7251,0.4865,0.5399,0.6642,0.7313,0.0145,0.0121,0.0298,0.0214,0.0197,0.0000,0.0473,0.0034,0.0158,0.0133,0.9763,0.9755,0.9885,0.9748,0.9769,1.0000,0.9760,1.0000,0.9689,1.0000,51.41,185.54,77.84,51.56,63.03,12.24,6.11,237.19,67.08,88.02,0.0000,0.0000,0.0000,0.0000,0.0000,0.0000,0.3628,0.0518,0.0000,0.0000,104304,74663,53998,54750,86225,66964,95775,572442,131417,91336,0.0000,0.0000,0.0000,0.0000,0.0000,0.0000,0.7000,0.7000,0.0000,0.0000,0,0,0,0,0,0,0,1,0,0,0,0,0,0,0,0,1,1,0,0,0.0942,0.0608,0.1046,0.0352,0.0662,0.0117,0.0726,0.1056,0.0016,0.1387,0.000,0.000,0.000,0.000,0.000,0.000,0.020,0.180,0.000,0.000,semi-presidential,parliamentary,parliamentary,junta,parliamentary,semi-presidential,semi-presidential,junta,electoral-authoritarian,parliamentary,0.800,0.800,0.800,0.400,0.800,0.800,0.800,0.400,0.500,0.800,100.0,100.0,100.0,65.5,100.0,100.0,48.8,68.5,100.0,100.0
2031-12-01,1.0467,1.0110,0.9982,0.9930,1.0256,1.0125,0.9910,1.0069,1.0060,1.0019,0.9915,0.9916,1.1354,1.0430,1.0386,1.0348,1.0499,1.0615,0.9922,1.0463,1.0662,1.0264,1.0263,0.9916,3480.03,5194.80,4104.77,2620.61,2121.49,1305.75,200.80,2694.83,2009.37,574.51,1.1837,0.6446,1.0795,1.4509,0.9671,0.5046,1.2228,0.2519,0.2606,-0.5091,0.5612,0.6695,0.5853,0.4759,0.6072,0.7326,0.4752,0.5419,0.6486,0.7300,0.0148,0.0121,0.0299,0.0211,0.0191,0.0000,0.0491,0.0037,0.0157,0.0130,0.9770,0.9761,0.9888,0.9755,0.9776,1.0000,0.9761,1.0000,0.9698,1.0000,52.19,187.55,78.68,52.23,64.13,12.52,6.22,241.32,68.08,88.39,0.0000,0.0000,0.0000,0.0000,0.0000,0.0000,0.3622,0.0505,0.0000,0.0000,104304,74663,53998,54750,86225,66964,95775,572442,131417,91336,0.0000,0.0000,0.0000,0.0000,0.0000,0.0000,0.7100,0.7100,0.0000,0.0000,0,0,0,0,0,0,0,1,0,0,0,0,0,0,0,0,1,1,0,0,0.1095,0.0668,0.1232,0.0412,0.0779,0.0120,0.0728,0.1062,0.0016,0.1391,0.000,0.000,0.000,0.000,0.000,0.000,0.020,0.180,0.000,0.000,semi-presidential,parliamentary,parliamentary,junta,parliamentary,semi-presidential,semi-presidential,junta,electoral-authoritarian,parliamentary,0.800,0.800,0.800,0.400,0.800,0.800,0.800,0.400,0.500,0.800,100.0,100.0,100.0,67.4,100.0,100.0,50.8,70.9,100.0,100.0
2032-01-01,1.0425,1.0125,0.9972,0.9925,1.0271,1.0189,0.9890,1.0061,1.0069,1.0013,0.9905,0.9936,1.1253,1.0449,1.0386,1.0187,1.0571,1.1335,0.9902,1.0075,1.0198,1.0014,0.9917,0.9958,3487.02,5199.01,4098.83,2621.04,2121.99,1309.94,200.22,2691.80,2013.45,575.15,1.1816,0.6442,1.0815,1.4510,0.9669,0.5030,1.2267,0.2527,0.2608,-0.5227,0.5576,0.7027,0.5624,0.4762,0.6061,0.7153,0.4709,0.5539,0.6840,0.7240,0.0128,0.0121,0.0241,0.0188,0.0177,0.0009,0.0410,0.0013,0.0137,0.0099,0.9767,0.9760,0.9887,0.9752,0.9772,1.0000,0.9759,1.0000,0.9694,1.0000,50.60,187.61,78.96,52.22,62.80,12.48,6.13,233.56,67.39,88.77,0.0000,0.0000,0.0000,0.0000,0.0000,0.0000,0.3623,0.0506,0.0000,0.0000,104304,74663,53998,54750,86225,66964,95775,572442,131417,91336,0.0000,0.0000,0.0000,0.0000,0.0000,0.0000,0.7200,0.7200,0.0000,0.0000,0,0,0,0,0,0,0,1,0,0,0,0,0,0,0,0,1,1,0,0,0.1135,0.0699,0.1288,0.0447,0.0816,0.0119,0.0746,0.1051,0.0016,0.1376,0.000,0.000,0.000,0.000,0.000,0.000,0.023,0.180,0.000,0.000,semi-presidential,parliamentary,parliamentary,junta,parliamentary,semi-presidential,semi-presidential,junta,electoral-authoritarian,parliamentary,0.800,0.800,0.800,0.400,0.800,0.800,0.800,0.400,0.500,0.800,100.0,100.0,100.0,69.3,100.0,100.0,52.8,73.4,100.0,100.0
2032-02-01,1.0406,1.0131,0.9983,0.9907,1.0252,1.0194,0.9860,1.0027,1.0086,0.9985,0.9874,0.9953,1.1247,1.0460,1.0431,0.9907,1.0456,1.0695,0.9872,1.0040,1.0290,0.9985,0.9886,0.9971,3482.93,5194.95,4116.01,2618.63,2126.32,1314.21,199.87,2696.79,2014.81,575.56,1.1832,0.6447,1.0773,1.4525,0.9650,0.5014,1.2293,0.2527,0.2613,-0.5365,0.5802,0.7026,0.5654,0.4958,0.6062,0.7209,0.4535,0.5009,0.6486,0.7108,0.0121,0.0110,0.0100,0.0167,0.0153,0.0000,0.0404,0.0016,0.0121,0.0072,0.9763,0.9754,0.9885,0.9747,0.9769,1.0000,0.9761,1.0000,0.9689,1.0000,50.48,185.86,75.53,51.57,62.61,12.19,6.08,233.48,67.82,88.74,0.0000,0.0000,0.0000,0.0000,0.0000,0.0000,0.3628,0.0518,0.0000,0.0000,104304,74663,53998,54750,86225,66964,95775,572442,131417,91336,0.0000,0.0000,0.0000,0.0000,0.0000,0.0000,0.7300,0.7300,0.0000,0.0000,0,0,0,0,0,0,0,1,0,0,0,0,0,0,0,0,1,1,0,0,0.1148,0.0709,0.1294,0.0456,0.0827,0.0115,0.0722,0.1040,0.0015,0.1376,0.000,0.000,0.000,0.000,0.000,0.000,0.025,0.181,0.000,0.000,semi-presidential,parliamentary,parliamentary,junta,parliamentary,semi-presidential,semi-presidential,junta,electoral-authoritarian,parliamentary,0.800,0.800,0.800,0.400,0.800,0.800,0.800,0.400,0.500,0.800,100.0,100.0,100.0,71.3,100.0,100.0,54.6,75.6,100.0,100.0
2032-03-01,1.0403,1.0148,0.9953,0.9901,1.0230,1.0189,0.9866,1.0017,1.0072,0.9953,0.9848,0.9954,1.1257,1.0480,1.0361,1.0037,1.0433,1.0690,1.0103,1.0030,1.0204,0.9953,0.9860,0.9955,3488.25,5194.06,4126.25,2622.37,2138.08,1316.57,199.74,2700.65,2020.76,576.05,1.1813,0.6449,1.0749,1.4507,0.9596,0.5006,1.2306,0.2528,0.2613,-0.5503,0.5716,0.6941,0.6248,0.4884,0.6391,0.7174,0.4424,0.5135,0.6399,0.7093,0.0126,0.0110,0.0169,0.0164,0.0153,0.0000,0.0418,0.0014,0.0128,0.0076,0.9761,0.9754,0.9884,0.9745,0.9765,1.0000,0.9759,1.0000,0.9686,1.0000,50.67,185.88,76.46,51.72,62.94,12.09,6.08,234.98,67.76,88.67,0.0000,0.0000,0.0000,0.0000,0.0000,0.0000,0.3628,0.0518,0.0000,0.0000,104304,74663,53998,54750,86225,66964,95775,572442,131417,91336,0.0000,0.0000,0.0000,0.0000,0.0000,0.0000,0.7400,0.7400,0.0000,0.0000,0,0,0,0,0,0,0,1,0,0,0,0,0,0,0,0,1,1,0,0,0.1149,0.0707,0.1297,0.0455,0.0825,0.0112,0.0713,0.1041,0.0014,0.1376,0.000,0.000,0.000,0.000,0.000,0.000,0.025,0.181,0.000,0.000,semi-presidential,parliamentary,parliamentary,junta,parliamentary,semi-presidential,semi-presidential,junta,electoral-authoritarian,parliamentary,0.800,0.800,0.800,0.400,0.800,0.800,0.800,0.400,0.500,0.800,100.0,100.0,100.0,73.3,100.0,100.0,56.4,77.8,100.0,100.0
2032-04-01,1.0409,1.0166,1.0004,0.9908,1.0214,1.0173,0.9895,0.9998,1.0066,0.9939,0.9855,0.9963,1.1277,1.0499,1.0456,1.0349,1.0418,1.0671,1.0778,1.0009,1.0193,0.9939,1.0228,0.9972,3485.28,5211.59,4128.27,2623.60,2144.51,1320.21,199.10,2701.21,2023.32,575.71,1.1826,0.6428,1.0745,1.4502,0.9568,0.4993,1.2350,0.2532,0.2617,-0.5648,0.5841,0.6887,0.6430,0.5120,0.6855,0.7023,0.4519,0.5338,0.6540,0.7088,0.0162,0.0125,0.0300,0.0211,0.0180,0.0000,0.0456,0.0020,0.0149,0.0119,0.9761,0.9753,0.9884,0.9744,0.9765,1.0000,0.9760,1.0000,0.9685,1.0000,51.10,184.20,75.45,51.11,62.67,11.97,6.00,237.67,68.38,88.26,0.0000,0.0000,0.0000,0.0000,0.0000,0.0000,0.3628,0.0518,0.0000,0.0000,104304,74663,53998,54750,86225,66964,95775,572442,131417,91336,0.0000,0.0000,0.0000,0.0000,0.0000,0.0000,0.7500,0.7500,0.0000,0.0000,0,0,0,0,0,0,0,1,0,0,0,0,0,0,0,0,1,1,0,0,0.1162,0.0704,0.1307,0.0454,0.0835,0.0112,0.0730,0.1056,0.0015,0.1394,0.000,0.000,0.000,0.000,0.000,0.000,0.027,0.182,0.000,0.000,semi-presidential,parliamentary,parliamentary,junta,parliamentary,semi-presidential,semi-presidential,junta,electoral-authoritarian,parliamentary,0.800,0.800,0.800,0.400,0.800,0.800,0.800,0.400,0.500,0.800,100.0,100.0,100.0,75.4,100.0,100.0,58.3,80.2,100.0,100.0
2032-05-01,1.0405,1.0164,1.0018,0.9927,1.0207,1.0142,0.9931,1.0008,1.0073,0.9934,0.9876,0.9963,1.1267,1.0493,1.0470,1.0530,1.0413,1.0636,1.0961,1.0360,1.0370,0.9934,1.0604,0.9964,3479.49,5222.17,4134.50,2622.11,2143.75,1322.58,199.23,2705.84,2021.86,577.49,1.1848,0.6415,1.0731,1.4513,0.9573,0.4985,1.2347,0.2532,0.2626,-0.5772,0.5768,0.7104,0.6291,0.4929,0.6900,0.7056,0.4284,0.5129,0.6505,0.6904,0.0193,0.0145,0.0337,0.0281,0.0205,0.0000,0.0487,0.0032,0.0154,0.0165,0.9764,0.9755,0.9885,0.9748,0.9770,1.0000,0.9765,1.0000,0.9691,1.0000,50.83,182.37,74.06,51.78,61.98,12.18,5.91,236.02,67.85,87.97,0.0000,0.0000,0.0000,0.0000,0.0000,0.0000,0.3628,0.0518,0.0000,0.0000,104304,74663,53998,54750,86225,66964,95775,572442,131417,91336,0.0000,0.0000,0.0000,0.0000,0.0000,0.0000,0.7600,0.7600,0.0000,0.0000,0,0,0,0,0,0,0,1,0,0,0,0,0,0,0,0,1,1,0,0,0.1164,0.0699,0.1306,0.0454,0.0841,0.0115,0.0740,0.1056,0.0015,0.1408,0.000,0.000,0.000,0.000,0.000,0.000,0.027,0.182,0.000,0.000,semi-presidential,parliamentary,parliamentary,junta,parliamentary,semi-presidential,semi-presidential,junta,electoral-authoritarian,parliamentary,0.800,0.800,0.800,0.400,0.800,0.800,0.800,0.400,0.500,0.800,30.0,100.0,100.0,77.4,100.0,100.0,60.0,82.4,100.0,100.0
2032-06-01,1.0400,1.0146,0.9996,0.9978,1.0213,1.0106,0.9974,1.0021,1.0056,0.9924,0.9879,0.9968,1.1261,1.0466,1.0447,1.0722,1.0442,1.0597,1.1109,1.0416,1.0178,0.9924,1.0069,0.9973,3490.68,5240.31,4137.25,2627.03,2148.90,1329.71,199.81,2707.93,2027.00,579.02,1.1813,0.6393,1.0727,1.4488,0.9551,0.4959,1.2316,0.2534,0.2627,-0.5899,0.5679,0.7181,0.6271,0.4858,0.6682,0.7019,0.4425,0.5249,0.6496,0.7063,0.0180,0.0161,0.0320,0.0342,0.0197,0.0006,0.0462,0.0023,0.0143,0.0152,0.9769,0.9760,0.9888,0.9755,0.9777,1.0000,0.9768,1.0000,0.9698,1.0000,50.46,180.35,72.88,52.30,61.34,12.14,5.86,234.20,66.99,87.93,0.0000,0.0000,0.0000,0.0000,0.0000,0.0000,0.3628,0.0518,0.0000,0.0000,104304,74663,53998,54750,86225,66964,95775,572442,131417,91336,0.0000,0.0000,0.0000,0.0000,0.0000,0.0000,0.7700,0.7700,0.0000,0.0000,0,0,0,0,0,0,0,1,0,0,0,0,0,0,0,0,1,1,0,0,0.1161,0.0695,0.1311,0.0456,0.0842,0.0114,0.0756,0.1052,0.0016,0.1408,0.000,0.000,0.000,0.000,0.000,0.000,0.027,0.183,0.000,0.000,semi-presidential,parliamentary,parliamentary,junta,parliamentary,semi-presidential,semi-presidential,junta,electoral-authoritarian,parliamentary,0.800,0.800,0.800,0.400,0.800,0.800,0.800,0.400,0.500,0.800,32.5,100.0,100.0,79.3,100.0,100.0,61.8,84.8,100.0,100.0
2032-07-01,1.0375,1.0146,0.9998,1.0015,1.0221,1.0034,0.9956,1.0054,1.0044,0.9915,0.9888,0.9979,1.1212,1.0472,1.0449,1.0704,1.0471,1.0518,0.9967,1.0738,1.0166,0.9915,1.0089,0.9989,3497.92,5239.96,4139.51,2629.93,2150.75,1331.00,199.73,2708.54,2039.81,577.49,1.1791,0.6393,1.0723,1.4474,0.9544,0.4955,1.2324,0.2539,0.2618,-0.6056,0.5949,0.7390,0.6246,0.5076,0.6695,0.7367,0.4823,0.5471,0.6360,0.7173,0.0159,0.0154,0.0298,0.0325,0.0188,0.0003,0.0431,0.0019,0.0138,0.0133,0.9766,0.9757,0.9886,0.9751,0.9772,1.0000,0.9765,1.0000,0.9693,1.0000,50.05,182.04,74.23,51.64,61.18,12.59,5.83,231.50,66.70,88.34,0.0000,0.0000,0.0000,0.0000,0.0000,0.0000,0.3628,0.0518,0.0000,0.0000,104304,74663,53998,54750,86225,66964,95775,572442,131417,91336,0.0000,0.0000,0.0000,0.0000,0.0000,0.0000,0.7800,0.7800,0.0000,0.0000,0,0,0,0,0,0,0,1,0,0,0,0,0,0,0,0,1,1,0,0,0.1171,0.0710,0.1319,0.0464,0.0851,0.0117,0.0764,0.1047,0.0016,0.1414,0.000,0.000,0.000,0.000,0.000,0.000,0.029,0.183,0.000,0.000,semi-presidential,parliamentary,parliamentary,junta,parliamentary,semi-presidential,semi-presidential,junta,electoral-authoritarian,parliamentary,0.800,0.800,0.800,0.400,0.800,0.800,0.800,0.400,0.500,0.800,35.1,100.0,100.0,81.4,100.0,100.0,63.8,87.2,100.0,100.0
2032-08-01,1.0406,1.0167,1.0019,1.0064,1.0243,0.9999,0.9937,1.0062,1.0029,0.9908,0.9948,0.9998,1.1293,1.0500,1.0472,1.0763,1.0577,1.0480,0.9947,1.0223,1.0150,0.9908,1.1603,1.0013,3498.99,5240.01,4139.42,2628.44,2151.07,1337.70,199.50,2715.36,2045.58,578.22,1.1789,0.6394,1.0726,1.4483,0.9544,0.4931,1.2338,0.2537,0.2618,-0.6190,0.6035,0.7108,0.6236,0.5296,0.6528,0.7150,0.4721,0.5455,0.6491,0.6822,0.0181,0.0158,0.0325,0.0355,0.0224,0.0003,0.0469,0.0023,0.0141,0.0188,0.9762,0.9754,0.9884,0.9745,0.9766,1.0000,0.9761,1.0000,0.9686,1.0000,51.40,183.31,74.81,53.06,62.96,12.60,5.92,239.97,68.40,88.24,0.0000,0.0000,0.0000,0.0000,0.0000,0.0000,0.3628,0.0518,0.0000,0.0000,104304,74663,53998,54750,86225,66964,95775,572442,131417,91336,0.0000,0.0000,0.0000,0.0000,0.0000,0.0000,0.7900,0.7900,0.0000,0.0000,0,0,0,0,0,0,0,1,0,0,0,0,0,0,0,0,1,1,0,0,0.1188,0.0723,0.1335,0.0478,0.0866,0.0118,0.0778,0.1062,0.0016,0.1412,0.000,0.000,0.000,0.000,0.000,0.000,0.032,0.184,0.000,0.000,semi-presidential,parliamentary,parliamentary,junta,parliamentary,semi-presidential,semi-presidential,junta,electoral-authoritarian,parliamentary,0.800,0.800,0.800,0.400,0.800,0.800,0.800,0.400,0.500,0.800,37.8,100.0,100.0,83.6,100.0,100.0,65.8,89.7,100.0,100.0
2032-09-01,1.0404,1.0183,1.0039,1.0129,1.0276,0.9957,0.9930,1.0054,1.0012,0.9893,0.9971,0.9998,1.1277,1.0516,1.0492,1.0837,1.0670,1.0434,0.9940,1.0066,1.0132,0.9893,1.0622,0.9998,3502.61,5236.36,4139.14,2637.21,2160.01,1343.38,199.82,2722.68,2052.43,578.64,1.1779,0.6400,1.0729,1.4436,0.9506,0.4910,1.2322,0.2534,0.2616,-0.6328,0.5993,0.7036,0.6203,0.5200,0.6360,0.7320,0.4603,0.5372,0.6491,0.6885,0.0143,0.0159,0.0283,0.0373,0.0210,0.0001,0.0421,0.0015,0.0133,0.0156,0.9761,0.9753,0.9884,0.9744,0.9765,1.0000,0.9762,1.0000,0.9685,1.0000,51.00,182.13,74.10,52.94,62.37,12.64,5.83,238.03,68.14,88.33,0.0000,0.0000,0.0000,0.0000,0.0000,0.0000,0.3628,0.0518,0.0000,0.0000,104304,74663,53998,54750,86225,66964,95775,572442,131417,91336,0.0000,0.0000,0.0000,0.0000,0.0000,0.0000,0.8000,0.8000,0.0000,0.0000,0,0,0,0,0,0,0,1,0,0,0,0,0,0,0,0,1,1,0,0,0.1185,0.0721,0.1333,0.0475,0.0862,0.0118,0.0778,0.1062,0.0016,0.1414,0.000,0.000,0.000,0.000,0.000,0.000,0.032,0.184,0.000,0.000,semi-presidential,parliamentary,parliamentary,junta,parliamentary,semi-presidential,semi-presidential,junta,electoral-authoritarian,parliamentary,0.800,0.800,0.800,0.400,0.800,0.800,0.800,0.400,0.500,0.800,40.5,100.0,100.0,85.7,100.0,100.0,67.7,92.0,100.0,100.0
2032-10-01,1.0413,1.0218,1.0059,1.0181,1.0291,0.9938,0.9930,1.0048,1.0017,0.9844,1.0001,0.9995,1.1292,1.0864,1.0511,1.0906,1.0587,1.0414,0.9940,1.0060,1.0137,0.9844,1.0840,0.9995,3500.37,5244.10,4142.89,2640.55,2161.95,1350.09,199.78,2733.30,2060.81,580.06,1.1788,0.6392,1.0719,1.4420,0.9498,0.4886,1.2328,0.2529,0.2613,-0.6454,0.6024,0.6871,0.6161,0.5145,0.6654,0.7403,0.4775,0.5548,0.6594,0.6827,0.0186,0.0193,0.0304,0.0387,0.0230,0.0028,0.0436,0.0016,0.0163,0.0127,0.9492,0.9509,0.9746,0.9520,0.9505,0.9811,0.9718,1.0000,0.9500,1.0000,51.27,182.17,74.05,53.43,62.91,12.66,5.87,239.87,68.83,88.53,0.0000,0.0000,0.0000,0.0000,0.0000,0.0000,0.3628,0.0518,0.0000,0.0000,104304,74663,53998,54750,86225,66964,95775,572442,131417,91336,0.0000,0.0000,0.0000,0.0000,0.0000,0.0000,0.8100,0.8100,0.0000,0.0000,0,0,0,0,0,0,0,1,0,0,0,0,0,0,0,0,1,1,0,0,0.1168,0.0710,0.1309,0.0467,0.0849,0.0117,0.0778,0.1067,0.0016,0.1416,0.000,0.000,0.000,0.000,0.000,0.000,0.031,0.184,0.000,0.000,semi-presidential,parliamentary,parliamentary,junta,parliamentary,semi-presidential,semi-presidential,junta,electoral-authoritarian,parliamentary,0.800,0.800,0.800,0.400,0.800,0.800,0.800,0.400,0.500,0.800,43.2,100.0,100.0,87.8,100.0,100.0,69.7,94.5,100.0,100.0
2032-11-01,1.0407,1.0227,1.0049,1.0230,1.0285,0.9900,0.9922,1.0048,1.0048,0.9818,1.0010,1.0012,1.1274,1.0564,1.0502,1.0848,1.0489,1.0373,0.9933,1.0060,1.0625,0.9818,1.0197,1.0024,3498.79,5253.41,4152.41,2638.93,2164.62,1356.60,199.96,2735.59,2068.81,580.84,1.1796,0.6382,1.0697,1.4429,0.9488,0.4863,1.2319,0.2531,0.2610,-0.6588,0.5930,0.6906,0.6231,0.5483,0.6527,0.7511,0.4736,0.5595,0.6639,0.6963,0.0129,0.0150,0.0251,0.0321,0.0170,0.0000,0.0425,0.0030,0.0141,0.0089,0.9758,0.9750,0.9883,0.9743,0.9763,1.0000,0.9766,1.0000,0.9684,1.0000,51.20,184.23,74.91,52.93,62.94,12.88,5.88,239.12,69.10,88.99,0.0000,0.0000,0.0000,0.0000,0.0000,0.0000,0.3628,0.0518,0.0000,0.0000,104304,74663,53998,54750,86225,66964,95775,572442,131417,91336,0.0000,0.0000,0.0000,0.0000,0.0000,0.0000,0.8200,0.8200,0.0000,0.0000,0,0,0,0,0,0,0,1,0,0,0,0,0,0,0,0,1,1,0,0,0.1202,0.0734,0.1344,0.0487,0.0877,0.0127,0.0775,0.1062,0.0015,0.1418,0.000,0.000,0.000,0.000,0.000,0.000,0.033,0.185,0.000,0.000,semi-presidential,parliamentary,parliamentary,junta,parliamentary,semi-presidential,semi-presidential,junta,electoral-authoritarian,parliamentary,0.800,0.800,0.800,0.400,0.800,0.800,0.800,0.400,0.500,0.800,45.8,100.0,100.0,90.1,100.0,100.0,71.7,97.1,100.0,100.0
2032-12-01,1.0397,1.0198,1.0087,1.0250,1.0254,0.9880,0.9905,1.0051,1.0047,0.9780,1.0008,1.0017,1.1253,1.0517,1.0540,1.0754,1.0455,1.0350,0.9916,1.0063,1.0171,0.9780,1.0020,1.0021,3506.59,5261.76,4176.04,2637.89,2170.80,1361.96,199.50,2737.40,2069.97,581.15,1.1771,0.6373,1.0638,1.4436,0.9462,0.4844,1.2351,0.2533,0.2616,-0.6726,0.5901,0.7096,0.6389,0.5355,0.6502,0.7535,0.4754,0.5615,0.6677,0.7011,0.0121,0.0136,0.0236,0.0269,0.0150,0.0000,0.0398,0.0012,0.0121,0.0067,0.9771,0.9761,0.9889,0.9756,0.9779,1.0000,0.9773,1.0000,0.9700,1.0000,50.66,185.47,75.98,51.43,62.78,12.98,5.88,235.63,68.53,89.18,0.0000,0.0000,0.0000,0.0000,0.0000,0.0000,0.3628,0.0518,0.0000,0.0000,104304,74663,53998,54750,86225,66964,95775,572442,131417,91336,0.0000,0.0000,0.0000,0.0000,0.0000,0.0000,0.8300,0.8300,0.0000,0.0000,0,0,0,0,0,0,0,1,0,0,0,0,0,0,0,0,1,1,0,0,0.1201,0.0742,0.1343,0.0490,0.0879,0.0127,0.0742,0.1053,0.0014,0.1417,0.000,0.000,0.000,0.000,0.000,0.000,0.034,0.185,0.000,0.000,semi-presidential,parliamentary,parliamentary,junta,parliamentary,semi-presidential,semi-presidential,junta,electoral-authoritarian,parliamentary,0.800,0.800,0.800,0.400,0.800,0.800,0.800,0.400,0.500,0.800,48.4,100.0,100.0,92.3,100.0,100.0,73.7,99.6,100.0,100.0
2033-01-01,1.0395,1.0167,1.0072,1.0265,1.0200,0.9883,0.9896,1.0060,1.0024,0.9769,1.0016,1.0034,1.1253,1.0480,1.0525,1.0723,1.0401,1.0352,0.9907,1.0203,1.0147,0.9769,1.0207,1.0044,3514.21,5269.61,4189.17,2640.80,2175.87,1367.33,199.69,2741.88,2078.30,583.71,1.1748,0.6365,1.0606,1.4418,0.9440,0.4826,1.2343,0.2534,0.2613,-0.6838,0.6049,0.7137,0.6784,0.5243,0.6632,0.7477,0.4513,0.5528,0.6455,0.6924,0.0132,0.0131,0.0248,0.0252,0.0158,0.0000,0.0412,0.0014,0.0120,0.0085,0.9775,0.9765,0.9890,0.9761,0.9783,1.0000,0.9774,1.0000,0.9705,1.0000,50.63,186.25,77.01,50.95,63.11,13.06,5.88,235.51,68.23,89.19,0.0000,0.0000,0.0000,0.0000,0.0000,0.0000,0.3628,0.0518,0.0000,0.0000,104304,74663,53998,54750,86225,66964,95775,572442,131417,91336,0.0000,0.0000,0.0000,0.0000,0.0000,0.0000,0.8400,0.8400,0.0000,0.0000,0,0,0,0,0,0,0,1,0,0,0,0,0,0,0,0,1,1,0,0,0.1212,0.0754,0.1360,0.0501,0.0891,0.0134,0.0719,0.1042,0.0013,0.1409,0.000,0.000,0.000,0.000,0.000,0.000,0.036,0.186,0.000,0.000,semi-presidential,parliamentary,parliamentary,junta,parliamentary,semi-presidential,semi-presidential,junta,electoral-authoritarian,parliamentary,0.800,0.800,0.800,0.400,0.800,0.800,0.800,0.400,0.500,0.800,51.1,100.0,100.0,94.4,100.0,100.0,75.5,100.0,100.0,100.0
2033-02-01,1.0368,1.0168,1.0104,1.0294,1.0148,0.9875,0.9910,1.0062,1.0014,0.9786,1.0042,1.0048,1.1203,1.0492,1.0557,1.0822,1.0349,1.0342,1.0308,1.0157,1.0135,1.0218,1.0797,1.0056,3511.31,5271.10,4208.85,2649.53,2189.76,1371.14,199.73,2748.83,2089.56,582.17,1.1759,0.6364,1.0557,1.4373,0.9381,0.4812,1.2344,0.2532,0.2606,-0.6998,0.6116,0.7169,0.6796,0.5106,0.6635,0.7431,0.4621,0.5553,0.6709,0.7275,0.0160,0.0140,0.0281,0.0289,0.0177,0.0001,0.0435,0.0022,0.0121,0.0121,0.9766,0.9757,0.9886,0.9752,0.9773,1.0000,0.9768,1.0000,0.9694,1.0000,50.22,185.03,76.37,51.29,62.34,13.16,5.80,233.56,68.13,89.35,0.0000,0.0000,0.0000,0.0000,0.0000,0.0000,0.3628,0.0518,0.0000,0.0000,104304,74663,53998,54750,86225,66964,95775,572442,131417,91336,0.0000,0.0000,0.0000,0.0000,0.0000,0.0000,0.8500,0.8500,0.0000,0.0000,0,0,0,0,0,0,0,1,0,0,0,0,0,0,0,0,1,1,0,0,0.1226,0.0762,0.1369,0.0509,0.0898,0.0143,0.0727,0.1041,0.0013,0.1418,0.000,0.000,0.000,0.000,0.000,0.000,0.038,0.186,0.000,0.000,semi-presidential,parliamentary,parliamentary,junta,parliamentary,semi-presidential,semi-presidential,junta,electoral-authoritarian,parliamentary,0.800,0.800,0.800,0.400,0.800,0.800,0.800,0.400,0.500,0.800,53.8,100.0,100.0,96.5,100.0,100.0,77.4,100.0,100.0,100.0
2033-03-01,1.0330,1.0143,1.0059,1.0314,1.0103,0.9876,0.9919,1.0061,1.0010,0.9825,1.0067,1.0058,1.1122,1.0451,1.0488,1.0799,1.0302,1.0338,1.0137,1.0073,1.0128,1.0831,1.0803,1.0064,3518.91,5278.76,4208.82,2644.84,2192.97,1377.35,199.52,2752.16,2094.73,583.53,1.1735,0.6356,1.0558,1.4399,0.9367,0.4791,1.2360,0.2535,0.2607,-0.7122,0.5986,0.7089,0.6988,0.5247,0.7032,0.7362,0.4600,0.5895,0.6932,0.6843,0.0145,0.0132,0.0270,0.0270,0.0164,0.0002,0.0424,0.0022,0.0115,0.0108,0.9778,0.9769,0.9892,0.9765,0.9787,1.0000,0.9773,1.0000,0.9710,1.0000,49.35,184.62,76.60,50.28,61.76,13.18,5.75,229.29,67.35,88.91,0.0000,0.0000,0.0000,0.0000,0.0000,0.0000,0.3622,0.0505,0.0000,0.0000,104304,74663,53998,54750,86225,66964,95775,572442,131417,91336,0.0000,0.0000,0.0000,0.0000,0.0000,0.0000,0.8600,0.8600,0.0000,0.0000,0,0,0,0,0,0,0,1,0,0,0,0,0,0,0,0,1,1,0,0,0.1230,0.0769,0.1383,0.0518,0.0910,0.0148,0.0733,0.1025,0.0017,0.1407,0.000,0.000,0.000,0.000,0.000,0.000,0.040,0.186,0.000,0.000,semi-presidential,parliamentary,parliamentary,junta,parliamentary,semi-presidential,semi-presidential,junta,electoral-authoritarian,parliamentary,0.800,0.800,0.800,0.400,0.800,0.800,0.800,0.400,0.500,0.800,56.5,100.0,100.0,98.6,100.0,100.0,79.3,100.0,100.0,100.0
2033-04-01,1.0303,1.0144,1.0078,1.0251,1.0064,0.9865,0.9917,1.0029,1.0022,0.9875,1.0094,1.0054,1.1070,1.0449,1.0503,1.0251,1.0261,1.0315,0.9928,1.0042,1.0143,1.0537,1.0516,1.0054,3527.12,5291.46,4211.83,2648.67,2192.22,1384.25,199.68,2766.71,2101.96,583.63,1.1707,0.6342,1.0551,1.4380,0.9373,0.4767,1.2355,0.2527,0.2605,-0.7262,0.6022,0.7119,0.6595,0.5106,0.6882,0.7432,0.4524,0.5599,0.6664,0.7067,0.0126,0.0104,0.0109,0.0157,0.0151,0.0001,0.0420,0.0019,0.0111,0.0084,0.9781,0.9773,0.9893,0.9767,0.9787,1.0000,0.9768,1.0000,0.9713,1.0000,49.76,187.44,77.35,51.41,63.64,12.86,5.90,233.58,69.10,89.55,0.0000,0.0000,0.0000,0.0000,0.0000,0.0000,0.3612,0.0485,0.0000,0.0000,104304,74663,53998,54750,86225,66964,95775,572442,131417,91336,0.0000,0.0000,0.0000,0.0000,0.0000,0.0000,0.8700,0.8700,0.0000,0.0000,0,0,0,0,0,0,0,1,0,0,0,0,0,0,0,0,1,1,0,0,0.1183,0.0760,0.1344,0.0510,0.0880,0.0143,0.0736,0.1022,0.0015,0.1369,0.000,0.000,0.000,0.000,0.000,0.000,0.039,0.187,0.000,0.000,semi-presidential,parliamentary,parliamentary,junta,parliamentary,semi-presidential,semi-presidential,junta,electoral-authoritarian,parliamentary,0.800,0.800,0.800,0.400,0.800,0.800,0.800,0.400,0.500,0.800,59.2,100.0,100.0,100.0,100.0,100.0,81.2,100.0,100.0,100.0
2033-05-01,1.0319,1.0129,1.0081,1.0211,1.0027,0.9859,0.9951,1.0005,1.0017,0.9909,1.0112,1.0041,1.1125,1.0428,1.0503,1.0211,1.0223,1.0307,1.0813,1.0017,1.0138,1.0514,1.0638,1.0041,3522.89,5305.42,4214.20,2647.72,2186.62,1389.89,199.42,2766.67,2105.51,583.99,1.1723,0.6326,1.0547,1.4387,0.9400,0.4748,1.2374,0.2532,0.2608,-0.7399,0.6070,0.7202,0.6546,0.5076,0.6605,0.7415,0.4577,0.5717,0.6771,0.7007,0.0157,0.0105,0.0142,0.0159,0.0174,0.0001,0.0472,0.0025,0.0114,0.0124,0.9784,0.9776,0.9895,0.9771,0.9791,1.0000,0.9769,1.0000,0.9718,1.0000,50.96,188.62,77.31,52.14,64.99,12.64,6.01,241.08,70.39,89.39,0.0000,0.0000,0.0000,0.0000,0.0000,0.0000,0.3607,0.0483,0.0000,0.0000,104304,74663,53998,54750,86225,66964,95775,572442,131417,91336,0.0000,0.0000,0.0000,0.0000,0.0000,0.0000,0.8800,0.8800,0.0000,0.0000,0,0,0,0,0,0,0,1,0,0,0,0,0,0,0,0,1,1,0,0,0.1117,0.0722,0.1260,0.0474,0.0824,0.0132,0.0724,0.1036,0.0013,0.1367,0.000,0.000,0.000,0.000,0.000,0.000,0.038,0.187,0.000,0.000,semi-presidential,parliamentary,parliamentary,junta,parliamentary,semi-presidential,semi-presidential,junta,electoral-authoritarian,parliamentary,0.800,0.800,0.800,0.400,0.800,0.800,0.800,0.400,0.500,0.800,61.9,100.0,100.0,100.0,100.0,100.0,83.0,100.0,100.0,100.0
2033-06-01,1.0305,1.0104,1.0080,1.0193,1.0005,0.9877,0.9983,0.9960,1.0010,0.9945,1.0126,0.9988,1.1098,1.0397,1.0498,1.0193,1.0200,1.0326,1.0744,0.9972,1.0130,1.0490,1.0512,0.9988,3506.36,5304.96,4194.95,2640.40,2176.73,1395.50,199.10,2772.64,2116.04,585.75,1.1780,0.6328,1.0597,1.4433,0.9446,0.4729,1.2398,0.2531,0.2602,-0.7517,0.5902,0.7267,0.6484,0.4985,0.6248,0.7366,0.4479,0.5256,0.6355,0.6964,0.0148,0.0103,0.0133,0.0157,0.0166,0.0001,0.0456,0.0023,0.0112,0.0113,0.9788,0.9779,0.9897,0.9775,0.9796,1.0000,0.9771,1.0000,0.9723,1.0000,50.26,186.72,75.51,50.97,63.78,12.26,5.92,238.02,69.87,89.02,0.0000,0.0000,0.0000,0.0000,0.0000,0.0000,0.3607,0.0483,0.0000,0.0000,104304,74663,53998,54750,86225,66964,95775,572442,131417,91336,0.0000,0.0000,0.0000,0.0000,0.0000,0.0000,0.8900,0.8900,0.0000,0.0000,0,0,0,0,0,0,0,1,0,0,0,0,0,0,0,0,1,1,0,0,0.0802,0.0568,0.0883,0.0317,0.0568,0.0107,0.0700,0.1030,0.0014,0.1361,0.000,0.000,0.000,0.000,0.000,0.000,0.031,0.188,0.000,0.000,semi-presidential,parliamentary,parliamentary,junta,parliamentary,semi-presidential,semi-presidential,junta,electoral-authoritarian,parliamentary,0.800,0.800,0.800,0.400,0.800,0.800,0.800,0.400,0.500,0.800,64.5,100.0,100.0,30.0,100.0,100.0,84.9,100.0,100.0,100.0
2033-07-01,1.0334,1.0107,1.0063,1.0211,1.0013,0.9898,0.9982,0.9946,0.9999,0.9989,1.0115,0.9976,1.1167,1.0409,1.0458,1.0667,1.0255,1.0350,1.0261,0.9957,1.0114,1.0751,1.0127,0.9976,3499.05,5300.28,4190.17,2631.57,2180.95,1396.98,199.04,2774.07,2122.96,586.55,1.1808,0.6335,1.0611,1.4488,0.9432,0.4724,1.2407,0.2535,0.2601,-0.7648,0.5716,0.7091,0.5955,0.4840,0.5757,0.7356,0.4332,0.5253,0.6622,0.7190,0.0122,0.0127,0.0255,0.0255,0.0161,0.0000,0.0441,0.0016,0.0115,0.0089,0.9781,0.9773,0.9893,0.9767,0.9787,1.0000,0.9764,1.0000,0.9714,1.0000,51.23,185.13,74.85,52.39,63.88,12.13,5.92,244.56,70.84,88.71,0.0000,0.0000,0.0000,0.0000,0.0000,0.0000,0.3607,0.0483,0.0000,0.0000,104304,74663,53998,54750,86225,66964,95775,572442,131417,91336,0.0000,0.0000,0.0000,0.0000,0.0000,0.0000,0.9000,0.9000,0.0000,0.0000,0,0,0,0,0,0,0,1,0,0,0,0,0,0,0,0,1,1,0,0,0.1085,0.0670,0.1212,0.0426,0.0781,0.0108,0.0744,0.1055,0.0015,0.1402,0.000,0.000,0.000,0.000,0.000,0.000,0.030,0.188,0.000,0.000,semi-presidential,parliamentary,parliamentary,junta,parliamentary,semi-presidential,semi-presidential,junta,electoral-authoritarian,parliamentary,0.800,0.800,0.800,0.400,0.800,0.800,0.800,0.400,0.500,0.800,67.0,100.0,100.0,32.7,100.0,100.0,86.6,100.0,100.0,100.0
2033-08-01,1.0332,1.0099,1.0053,1.0220,1.0016,0.9926,1.0001,0.9943,1.0031,1.0029,1.0090,0.9966,1.1149,1.0400,1.0452,1.0634,1.0221,1.0381,1.0440,0.9954,1.0673,1.0712,1.0102,0.9966,3494.67,5306.46,4178.46,2633.76,2185.95,1402.31,198.87,2782.02,2137.70,587.07,1.1825,0.6327,1.0644,1.4483,0.9414,0.4706,1.2421,0.2533,0.2590,-0.7782,0.5651,0.6852,0.5866,0.4575,0.6101,0.7141,0.4402,0.5240,0.6469,0.7216,0.0126,0.0122,0.0264,0.0237,0.0169,0.0000,0.0460,0.0037,0.0132,0.0100,0.9782,0.9774,0.9894,0.9768,0.9789,1.0000,0.9764,1.0000,0.9715,1.0000,50.88,185.54,74.95,51.57,63.55,12.22,5.91,242.04,70.96,88.91,0.0000,0.0000,0.0000,0.0000,0.0000,0.0000,0.3613,0.0483,0.0000,0.0000,104304,74663,53998,54750,86225,66964,95775,572442,131417,91336,0.0000,0.0000,0.0000,0.0000,0.0000,0.0000,0.9100,0.9100,0.0000,0.0000,0,0,0,0,0,0,0,1,0,0,0,0,0,0,0,0,1,1,0,0,0.1096,0.0673,0.1229,0.0426,0.0788,0.0109,0.0740,0.1048,0.0015,0.1401,0.000,0.000,0.000,0.000,0.000,0.000,0.028,0.188,0.000,0.000,semi-presidential,parliamentary,parliamentary,junta,parliamentary,semi-presidential,semi-presidential,junta,electoral-authoritarian,parliamentary,0.800,0.800,0.800,0.400,0.800,0.800,0.800,0.400,0.500,0.800,69.5,100.0,100.0,35.3,100.0,100.0,88.4,100.0,100.0,100.0
2033-09-01,1.0344,1.0122,1.0074,1.0244,1.0017,0.9931,1.0031,0.9931,1.0034,1.0058,1.0075,0.9958,1.1170,1.0430,1.0496,1.0759,1.0215,1.0386,1.0838,0.9942,1.0184,1.0735,1.0086,0.9958,3485.57,5308.05,4174.40,2633.98,2186.33,1405.29,198.98,2788.50,2145.96,589.54,1.1859,0.6325,1.0657,1.4489,0.9416,0.4696,1.2415,0.2531,0.2587,-0.7890,0.5660,0.6896,0.5641,0.4812,0.6332,0.7237,0.4431,0.5226,0.6930,0.7120,0.0140,0.0134,0.0269,0.0280,0.0165,0.0000,0.0455,0.0020,0.0118,0.0100,0.9778,0.9771,0.9892,0.9762,0.9781,1.0000,0.9758,1.0000,0.9707,1.0000,51.18,184.44,73.71,52.78,63.87,12.18,5.92,245.15,72.07,88.91,0.0000,0.0000,0.0000,0.0000,0.0000,0.0000,0.3613,0.0484,0.0000,0.0000,104304,74663,53998,54750,86225,66964,95775,572442,131417,91336,0.0000,0.0000,0.0000,0.0000,0.0000,0.0000,0.9200,0.9200,0.0000,0.0000,0,0,0,0,0,0,0,1,0,0,0,0,0,0,0,0,1,1,0,0,0.1100,0.0666,0.1230,0.0424,0.0791,0.0109,0.0731,0.1055,0.0015,0.1401,0.000,0.000,0.000,0.000,0.000,0.000,0.027,0.188,0.000,0.000,semi-presidential,parliamentary,parliamentary,junta,parliamentary,semi-presidential,semi-presidential,junta,electoral-authoritarian,parliamentary,0.800,0.800,0.800,0.400,0.800,0.800,0.800,0.400,0.500,0.800,71.9,100.0,100.0,38.1,100.0,100.0,90.2,100.0,100.0,100.0
2033-10-01,1.0352,1.0142,1.0070,1.0268,1.0020,0.9924,1.0041,0.9914,1.0040,1.0081,1.0083,0.9956,1.1182,1.0453,1.0490,1.0780,1.0228,1.0379,1.0291,0.9925,1.0168,1.0631,1.0311,0.9956,3483.26,5313.98,4185.06,2629.70,2190.61,1408.91,198.60,2793.78,2155.00,590.07,1.1870,0.6318,1.0633,1.4519,0.9401,0.4684,1.2441,0.2531,0.2584,-0.8024,0.5610,0.6904,0.5738,0.4627,0.6281,0.7181,0.4521,0.5391,0.7037,0.7275,0.0130,0.0134,0.0255,0.0282,0.0160,0.0000,0.0442,0.0016,0.0115,0.0088,0.9776,0.9769,0.9891,0.9760,0.9779,1.0000,0.9757,1.0000,0.9705,1.0000,51.15,184.23,73.25,52.99,63.91,12.08,5.92,245.69,72.51,89.34,0.0000,0.0000,0.0000,0.0000,0.0000,0.0000,0.3618,0.0485,0.0000,0.0000,104304,74663,53998,54750,86225,66964,95775,572442,131417,91336,0.0000,0.0000,0.0000,0.0000,0.0000,0.0000,0.9300,0.9300,0.0000,0.0000,0,0,0,0,0,0,0,1,0,0,0,0,0,0,0,0,1,1,0,0,0.1149,0.0685,0.1286,0.0446,0.0828,0.0108,0.0738,0.1057,0.0015,0.1408,0.000,0.000,0.000,0.000,0.000,0.000,0.027,0.189,0.000,0.000,semi-presidential,parliamentary,parliamentary,junta,parliamentary,semi-presidential,semi-presidential,junta,electoral-authoritarian,parliamentary,0.800,0.800,0.800,0.400,0.800,0.800,0.800,0.400,0.500,0.800,74.4,100.0,100.0,40.7,100.0,100.0,92.1,100.0,100.0,100.0
2033-11-01,1.0356,1.0148,1.0084,1.0290,1.0049,0.9887,1.0029,0.9926,1.0056,1.0121,1.0094,0.9946,1.1188,1.0462,1.0513,1.0778,1.0417,1.0342,1.0041,1.0161,1.0377,1.0704,1.0376,0.9946,3484.82,5314.34,4173.79,2622.69,2190.07,1416.64,198.51,2800.87,2167.64,592.05,1.1868,0.6318,1.0662,1.4565,0.9406,0.4659,1.2451,0.2529,0.2575,-0.8138,0.5672,0.7002,0.6074,0.4743,0.6403,0.7172,0.4302,0.5223,0.7032,0.7193,0.0137,0.0132,0.0279,0.0304,0.0207,0.0000,0.0455,0.0025,0.0123,0.0155,0.9773,0.9765,0.9890,0.9758,0.9778,1.0000,0.9761,1.0000,0.9703,1.0000,51.07,185.54,73.94,52.51,63.89,12.24,5.87,245.16,72.78,89.59,0.0000,0.0000,0.0000,0.0000,0.0000,0.0000,0.3621,0.0490,0.0000,0.0000,104304,74663,53998,54750,86225,66964,95775,572442,131417,91336,0.0000,0.0000,0.0000,0.0000,0.0000,0.0000,0.9400,0.9400,0.0000,0.0000,0,0,0,0,0,0,0,1,0,0,0,0,0,0,0,0,1,1,0,0,0.1076,0.0655,0.1206,0.0413,0.0773,0.0109,0.0731,0.1056,0.0015,0.1406,0.000,0.000,0.000,0.000,0.000,0.000,0.025,0.189,0.000,0.000,semi-presidential,parliamentary,parliamentary,junta,parliamentary,semi-presidential,semi-presidential,junta,electoral-authoritarian,parliamentary,0.800,0.800,0.800,0.400,0.800,0.800,0.800,0.400,0.500,0.800,76.8,100.0,100.0,43.4,100.0,100.0,93.8,100.0,100.0,100.0
2033-12-01,1.0353,1.0153,1.0095,1.0322,1.0055,0.9887,1.0059,0.9922,1.0066,1.0195,1.0089,0.9944,1.1169,1.0464,1.0520,1.0852,1.0278,1.0340,1.0852,0.9933,1.0321,1.0719,1.0101,0.9944,3493.02,5314.41,4183.45,2621.78,2193.35,1419.45,198.33,2804.40,2172.60,594.17,1.1843,0.6318,1.0635,1.4578,0.9396,0.4650,1.2466,0.2531,0.2576,-0.8250,0.5790,0.6934,0.5838,0.4631,0.6226,0.7375,0.4297,0.5214,0.7102,0.7329,0.0140,0.0135,0.0266,0.0297,0.0174,0.0000,0.0453,0.0022,0.0119,0.0109,0.9775,0.9767,0.9891,0.9761,0.9780,1.0000,0.9761,1.0000,0.9706,1.0000,50.95,184.85,73.27,52.57,63.53,12.38,5.85,243.98,72.99,89.85,0.0000,0.0000,0.0000,0.0000,0.0000,0.0000,0.3621,0.0486,0.0000,0.0000,104304,74663,53998,54750,86225,66964,95775,572442,131417,91336,0.0000,0.0000,0.0000,0.0000,0.0000,0.0000,0.9500,0.9500,0.0000,0.0000,0,0,0,0,0,0,0,1,0,0,0,0,0,0,0,0,1,1,0,0,0.1134,0.0678,0.1272,0.0436,0.0818,0.0111,0.0732,0.1056,0.0016,0.1407,0.000,0.000,0.000,0.000,0.000,0.000,0.025,0.189,0.000,0.000,semi-presidential,parliamentary,parliamentary,junta,parliamentary,semi-presidential,semi-presidential,junta,electoral-authoritarian,parliamentary,0.800,0.800,0.800,0.400,0.800,0.800,0.800,0.400,0.500,0.800,79.4,100.0,100.0,46.1,100.0,100.0,95.5,100.0,100.0,100.0
2034-01-01,1.0363,1.0131,1.0067,1.0362,1.0082,0.9874,1.0064,0.9928,1.0087,1.0249,1.0090,0.9948,1.1189,1.0431,1.0465,1.0898,1.0436,1.0326,1.0179,1.0046,1.0529,1.0704,1.0115,0.9953,3493.18,5317.25,4187.95,2612.21,2192.47,1426.09,198.26,2806.50,2173.08,595.16,1.1845,0.6315,1.0624,1.4638,0.9403,0.4630,1.2474,0.2541,0.2583,-0.8378,0.5954,0.6961,0.6197,0.4786,0.6256,0.7213,0.4290,0.5343,0.7063,0.7440,0.0122,0.0133,0.0259,0.0323,0.0195,0.0000,0.0449,0.0026,0.0123,0.0140,0.9783,0.9774,0.9894,0.9769,0.9790,1.0000,0.9765,1.0000,0.9716,1.0000,51.26,185.34,73.45,52.42,63.71,12.49,5.87,243.63,72.85,90.15,0.0000,0.0000,0.0000,0.0000,0.0000,0.0000,0.3627,0.0487,0.0000,0.0000,104304,74663,53998,54750,86225,66964,95775,572442,131417,91336,0.0000,0.0000,0.0000,0.0000,0.0000,0.0000,0.9600,0.9600,0.0000,0.0000,0,0,0,0,0,0,0,1,0,0,0,0,0,0,0,0,1,1,0,0,0.1154,0.0687,0.1294,0.0446,0.0833,0.0112,0.0739,0.1055,0.0017,0.1409,0.000,0.000,0.000,0.000,0.000,0.000,0.026,0.189,0.000,0.000,semi-presidential,parliamentary,parliamentary,junta,parliamentary,semi-presidential,semi-presidential,junta,electoral-authoritarian,parliamentary,0.800,0.800,0.800,0.400,0.800,0.800,0.800,0.400,0.500,0.800,82.0,100.0,100.0,48.8,100.0,100.0,97.3,30.0,100.0,100.0
2034-02-01,1.0376,1.0127,1.0040,1.0418,1.0085,0.9845,1.0042,0.9945,1.0091,1.0277,1.0066,0.9954,1.1213,1.0432,1.0425,1.0982,1.0288,1.0295,1.0053,1.0339,1.0211,1.0672,1.0077,0.9961,3496.50,5302.49,4188.30,2612.39,2196.64,1431.80,197.70,2810.86,2182.52,597.87,1.1836,0.6333,1.0625,1.4643,0.9389,0.4612,1.2513,0.2549,0.2579,-0.8481,0.5940,0.7000,0.6271,0.4326,0.6178,0.7330,0.4289,0.5501,0.6782,0.7281,0.0133,0.0136,0.0246,0.0311,0.0158,0.0000,0.0450,0.0016,0.0114,0.0093,0.9779,0.9770,0.9892,0.9765,0.9785,1.0000,0.9761,1.0000,0.9710,1.0000,51.64,186.18,74.01,52.87,64.27,12.76,5.98,245.21,73.14,90.40,0.0000,0.0000,0.0000,0.0000,0.0000,0.0000,0.3632,0.0489,0.0000,0.0000,104304,74663,53998,54750,86225,66964,95775,572442,131417,91336,0.0000,0.0000,0.0000,0.0000,0.0000,0.0000,0.9700,0.9700,0.0000,0.0000,0,0,0,0,0,0,0,1,0,0,0,0,0,0,0,0,1,1,0,0,0.1158,0.0694,0.1300,0.0448,0.0835,0.0113,0.0744,0.1057,0.0017,0.1406,0.000,0.000,0.000,0.000,0.000,0.000,0.026,0.190,0.000,0.000,semi-presidential,parliamentary,parliamentary,junta,parliamentary,semi-presidential,semi-presidential,junta,electoral-authoritarian,parliamentary,0.800,0.800,0.800,0.400,0.800,0.800,0.800,0.400,0.500,0.800,84.7,100.0,100.0,51.3,100.0,100.0,99.0,32.0,100.0,100.0
2034-03-01,1.0416,1.0112,1.0059,1.0440,1.0104,0.9816,1.0009,0.9938,1.0099,1.0297,1.0061,0.9962,1.1297,1.0414,1.0487,1.0905,1.0432,1.0264,1.0020,0.9949,1.0223,1.0621,1.0073,0.9971,3499.00,5314.58,4190.01,2609.68,2197.67,1433.18,197.97,2809.33,2186.41,599.26,1.1830,0.6319,1.0623,1.4661,0.9387,0.4609,1.2500,0.2562,0.2581,-0.8603,0.5976,0.6754,0.6291,0.4675,0.6363,0.7357,0.4129,0.5398,0.6635,0.7434,0.0119,0.0129,0.0239,0.0290,0.0181,0.0000,0.0454,0.0012,0.0116,0.0110,0.9781,0.9772,0.9893,0.9767,0.9788,1.0000,0.9762,1.0000,0.9713,1.0000,52.84,188.07,74.91,53.05,66.05,12.69,6.13,252.03,74.98,90.96,0.0000,0.0000,0.0000,0.0000,0.0000,0.0000,0.3634,0.0491,0.0000,0.0000,104304,74663,53998,54750,86225,66964,95775,572442,131417,91336,0.0000,0.0000,0.0000,0.0000,0.0000,0.0000,0.9800,0.9800,0.0000,0.0000,0,0,0,0,0,0,0,1,0,0,0,0,0,0,0,0,1,1,0,0,0.1164,0.0698,0.1306,0.0453,0.0842,0.0114,0.0747,0.1071,0.0017,0.1411,0.000,0.000,0.000,0.000,0.000,0.000,0.028,0.191,0.000,0.000,semi-presidential,parliamentary,parliamentary,junta,parliamentary,semi-presidential,semi-presidential,junta,electoral-authoritarian,parliamentary,0.800,0.800,0.800,0.400,0.800,0.800,0.800,0.400,0.500,0.800,87.3,100.0,100.0,53.9,100.0,100.0,100.0,33.9,100.0,100.0
2034-04-01,1.0430,1.0110,1.0068,1.0439,1.0132,0.9821,1.0007,0.9942,1.0109,1.0290,1.0045,0.9983,1.1297,1.0418,1.0499,1.0708,1.0490,1.0271,1.0020,0.9954,1.0234,1.0327,1.0057,1.0002,3504.99,5318.79,4190.26,2612.33,2204.87,1437.93,197.93,2811.29,2193.71,600.25,1.1812,0.6314,1.0625,1.4646,0.9358,0.4595,1.2507,0.2572,0.2580,-0.8730,0.5994,0.6958,0.6265,0.4658,0.6291,0.7061,0.4389,0.5074,0.6481,0.7360,0.0119,0.0110,0.0239,0.0212,0.0188,0.0000,0.0441,0.0012,0.0116,0.0124,0.9777,0.9768,0.9891,0.9762,0.9783,1.0000,0.9759,1.0000,0.9708,1.0000,52.67,191.46,77.20,51.63,66.37,12.78,6.32,250.69,75.36,91.69,0.0000,0.0000,0.0000,0.0000,0.0000,0.0000,0.3635,0.0494,0.0000,0.0000,104304,74663,53998,54750,86225,66964,95775,572442,131417,91336,0.0000,0.0000,0.0000,0.0000,0.0000,0.0000,0.9900,0.9900,0.0000,0.0000,0,0,0,0,0,0,0,1,0,0,0,0,0,0,0,0,1,1,0,0,0.1179,0.0722,0.1323,0.0467,0.0852,0.0114,0.0762,0.1066,0.0016,0.1396,0.000,0.000,0.000,0.000,0.000,0.000,0.031,0.191,0.000,0.000,semi-presidential,parliamentary,parliamentary,junta,parliamentary,semi-presidential,semi-presidential,junta,electoral-authoritarian,parliamentary,0.800,0.800,0.800,0.400,0.800,0.800,0.800,0.400,0.500,0.800,90.0,100.0,100.0,56.6,100.0,100.0,100.0,35.6,100.0,100.0
2034-05-01,1.0472,1.0099,1.0082,1.0412,1.0161,0.9817,1.0018,0.9923,1.0079,1.0280,1.0023,0.9993,1.1400,1.0415,1.0530,1.0412,1.0530,1.0274,1.0125,0.9935,1.0208,1.0323,1.0036,1.0002,3506.58,5324.20,4199.73,2610.61,2207.31,1442.24,197.90,2817.83,2202.06,601.61,1.1806,0.6307,1.0603,1.4657,0.9347,0.4582,1.2512,0.2578,0.2577,-0.8852,0.6000,0.7054,0.6231,0.5089,0.6420,0.7193,0.4385,0.4980,0.6436,0.7278,0.0127,0.0113,0.0120,0.0197,0.0197,0.0000,0.0461,0.0013,0.0121,0.0129,0.9770,0.9762,0.9888,0.9756,0.9777,1.0000,0.9761,1.0000,0.9699,1.0000,53.00,190.71,75.14,52.20,67.76,12.45,6.46,254.80,76.09,92.01,0.0000,0.0000,0.0000,0.0000,0.0000,0.0000,0.3631,0.0513,0.0000,0.0000,104304,74663,53998,54750,86225,66964,95775,572442,131417,91336,0.0000,0.0000,0.0000,0.0000,0.0000,0.0000,1.0000,1.0000,0.0000,0.0000,0,0,0,0,0,0,0,1,0,0,0,0,0,0,0,0,1,1,0,0,0.1175,0.0726,0.1329,0.0476,0.0857,0.0111,0.0769,0.1070,0.0016,0.1374,0.000,0.000,0.000,0.000,0.000,0.000,0.032,0.192,0.000,0.000,semi-presidential,parliamentary,parliamentary,junta,parliamentary,semi-presidential,semi-presidential,junta,electoral-authoritarian,parliamentary,0.800,0.800,0.800,0.400,0.800,0.800,0.800,0.400,0.500,0.800,92.7,100.0,100.0,59.5,100.0,100.0,100.0,37.3,100.0,100.0
2034-06-01,1.0499,1.0101,1.0146,1.0397,1.0191,0.9833,1.0022,0.9918,1.0057,1.0271,1.0019,0.9987,1.1418,1.0421,1.0595,1.0487,1.0560,1.0291,1.0183,0.9929,1.0183,1.0319,1.0032,0.9987,3507.96,5331.79,4205.72,2612.10,2214.53,1445.29,197.84,2825.76,2208.15,601.93,1.1804,0.6298,1.0590,1.4651,0.9317,0.4574,1.2520,0.2582,0.2577,-0.8989,0.5935,0.7089,0.6555,0.5033,0.6348,0.7175,0.4276,0.5062,0.6488,0.7282,0.0129,0.0113,0.0172,0.0197,0.0198,0.0000,0.0457,0.0013,0.0121,0.0130,0.9767,0.9759,0.9887,0.9752,0.9773,1.0000,0.9758,1.0000,0.9695,1.0000,52.90,190.69,75.73,52.20,67.41,12.42,6.47,254.48,76.23,92.26,0.0000,0.0000,0.0000,0.0000,0.0000,0.0000,0.3631,0.0512,0.0000,0.0000,104304,74663,53998,54750,86225,66964,95775,572442,131417,91336,0.0000,0.0000,0.0000,0.0000,0.0000,0.0000,1.0000,1.0000,0.0000,0.0000,0,0,0,0,0,0,0,1,0,0,0,0,0,0,0,0,1,1,0,0,0.1127,0.0702,0.1270,0.0452,0.0816,0.0111,0.0764,0.1079,0.0016,0.1379,0.000,0.000,0.000,0.000,0.000,0.000,0.031,0.192,0.000,0.000,semi-presidential,parliamentary,parliamentary,junta,parliamentary,semi-presidential,semi-presidential,junta,electoral-authoritarian,parliamentary,0.800,0.800,0.800,0.400,0.800,0.800,0.800,0.400,0.500,0.800,95.3,100.0,100.0,62.5,100.0,100.0,100.0,39.0,100.0,100.0
2034-07-01,1.0500,1.0081,1.0184,1.0380,1.0213,0.9833,1.0019,0.9913,1.0048,1.0261,1.0011,0.9980,1.1386,1.0392,1.0636,1.0414,1.0542,1.0291,1.0032,0.9924,1.0174,1.0304,1.0024,0.9980,3506.09,5328.10,4210.17,2614.23,2217.90,1447.45,197.33,2833.56,2217.38,602.82,1.1813,0.6304,1.0581,1.4641,0.9304,0.4568,1.2556,0.2586,0.2574,-0.9118,0.5909,0.7140,0.6493,0.4913,0.6572,0.7063,0.4250,0.5232,0.6686,0.7149,0.0121,0.0110,0.0131,0.0187,0.0183,0.0000,0.0434,0.0012,0.0118,0.0108,0.9774,0.9765,0.9890,0.9759,0.9781,1.0000,0.9761,1.0000,0.9703,1.0000,51.86,189.23,74.68,51.27,66.26,12.40,6.32,248.83,75.27,92.27,0.0000,0.0000,0.0000,0.0000,0.0000,0.0000,0.3631,0.0512,0.0000,0.0000,104304,74663,53998,54750,86225,66964,95775,572442,131417,91336,0.0000,0.0000,0.0000,0.0000,0.0000,0.0000,1.0000,1.0000,0.0000,0.0000,0,0,0,0,0,0,0,1,0,0,0,0,0,0,0,0,1,1,0,0,0.1114,0.0694,0.1254,0.0443,0.0805,0.0110,0.0762,0.1074,0.0016,0.1377,0.000,0.000,0.000,0.000,0.000,0.000,0.030,0.193,0.000,0.000,semi-presidential,parliamentary,parliamentary,junta,parliamentary,semi-presidential,semi-presidential,junta,electoral-authoritarian,parliamentary,0.800,0.800,0.800,0.400,0.800,0.800,0.800,0.400,0.500,0.800,97.9,100.0,100.0,65.3,100.0,100.0,100.0,40.8,100.0,100.0
2034-08-01,1.0496,1.0065,1.0166,1.0353,1.0208,0.9811,1.0035,0.9912,1.0013,1.0253,1.0000,0.9981,1.1365,1.0375,1.0616,1.0353,1.0403,1.0267,1.0394,0.9923,1.0137,1.0304,1.0012,0.9982,3513.39,5336.40,4207.78,2620.05,2222.69,1449.22,197.19,2828.38,2228.84,605.11,1.1791,0.6295,1.0588,1.4610,0.9285,0.4564,1.2570,0.2602,0.2568,-0.9225,0.5852,0.6951,0.6527,0.5244,0.6542,0.7016,0.4133,0.5199,0.6766,0.7214,0.0131,0.0109,0.0111,0.0164,0.0158,0.0000,0.0435,0.0014,0.0118,0.0079,0.9774,0.9765,0.9890,0.9759,0.9781,1.0000,0.9760,1.0000,0.9703,1.0000,51.15,187.87,74.24,50.94,65.69,12.42,6.33,245.80,74.72,92.32,0.0000,0.0000,0.0000,0.0000,0.0000,0.0000,0.3631,0.0512,0.0000,0.0000,104304,74663,53998,54750,86225,66964,95775,572442,131417,91336,0.0000,0.0000,0.0000,0.0000,0.0000,0.0000,1.0000,1.0000,0.0000,0.0000,0,0,0,0,0,0,0,1,0,0,0,0,0,0,0,0,1,1,0,0,0.1162,0.0714,0.1323,0.0467,0.0847,0.0109,0.0752,0.1067,0.0016,0.1373,0.000,0.000,0.000,0.000,0.000,0.000,0.030,0.193,0.000,0.000,semi-presidential,parliamentary,parliamentary,junta,parliamentary,semi-presidential,semi-presidential,junta,electoral-authoritarian,parliamentary,0.800,0.800,0.800,0.400,0.800,0.800,0.800,0.400,0.500,0.800,100.0,100.0,100.0,68.3,100.0,100.0,100.0,42.6,100.0,100.0
2034-09-01,1.0516,1.0071,1.0151,1.0320,1.0164,0.9826,1.0027,0.9894,0.9984,1.0220,0.9980,0.9999,1.1398,1.0389,1.0600,1.0320,1.0356,1.0282,1.0040,0.9905,1.0105,1.0247,0.9992,1.0014,3520.87,5336.77,4215.62,2623.36,2231.68,1449.22,196.64,2827.96,2235.51,605.82,1.1768,0.6296,1.0570,1.4592,0.9248,0.4565,1.2610,0.2614,0.2567,-0.9356,0.5985,0.7087,0.6432,0.5368,0.6592,0.6823,0.4238,0.4854,0.7114,0.7384,0.0122,0.0110,0.0099,0.0165,0.0151,0.0000,0.0428,0.0012,0.0119,0.0067,0.9769,0.9760,0.9887,0.9754,0.9775,1.0000,0.9756,1.0000,0.9696,1.0000,51.55,187.40,73.72,51.64,66.25,12.27,6.13,249.27,75.61,92.62,0.0000,0.0000,0.0000,0.0000,0.0000,0.0000,0.3632,0.0511,0.0000,0.0000,104304,74663,53998,54750,86225,66964,95775,572442,131417,91336,0.0000,0.0000,0.0000,0.0000,0.0000,0.0000,1.0000,1.0000,0.0000,0.0000,0,0,0,0,0,0,0,1,0,0,0,0,0,0,0,0,1,1,0,0,0.1173,0.0724,0.1334,0.0479,0.0859,0.0102,0.0708,0.1060,0.0014,0.1378,0.000,0.000,0.000,0.000,0.000,0.000,0.033,0.194,0.000,0.000,semi-presidential,parliamentary,parliamentary,junta,parliamentary,semi-presidential,semi-presidential,junta,electoral-authoritarian,parliamentary,0.800,0.800,0.800,0.400,0.800,0.800,0.800,0.400,0.500,0.800,100.0,100.0,100.0,71.4,100.0,100.0,100.0,44.3,100.0,100.0
2034-10-01,1.0504,1.0068,1.0163,1.0278,1.0134,0.9865,1.0006,0.9878,0.9976,1.0177,0.9957,1.0004,1.1366,1.0386,1.0616,1.0278,1.0325,1.0489,1.0018,0.9889,1.0096,1.0197,0.9969,1.0008,3518.14,5325.38,4215.46,2619.99,2242.72,1450.46,196.06,2837.29,2243.06,605.46,1.1779,0.6310,1.0572,1.4612,0.9202,0.4563,1.2648,0.2618,0.2565,-0.9504,0.6068,0.6992,0.6581,0.5301,0.6788,0.6688,0.4129,0.4762,0.7050,0.7274,0.0124,0.0113,0.0102,0.0167,0.0152,0.0002,0.0413,0.0012,0.0119,0.0064,0.9769,0.9760,0.9887,0.9753,0.9775,1.0000,0.9757,1.0000,0.9696,1.0000,50.89,185.60,72.80,51.03,65.24,12.25,5.96,245.18,75.02,92.58,0.0000,0.0000,0.0000,0.0000,0.0000,0.0000,0.3630,0.0515,0.0000,0.0000,104304,74663,53998,54750,86225,66964,95775,572442,131417,91336,0.0000,0.0000,0.0000,0.0000,0.0000,0.0000,1.0000,1.0000,0.0000,0.0000,0,0,0,0,0,0,0,1,0,0,0,0,0,0,0,0,1,1,0,0,0.1179,0.0727,0.1340,0.0483,0.0862,0.0106,0.0724,0.1052,0.0014,0.1381,0.000,0.000,0.000,0.000,0.000,0.000,0.034,0.195,0.000,0.000,semi-presidential,parliamentary,parliamentary,junta,parliamentary,semi-presidential,semi-presidential,junta,electoral-authoritarian,parliamentary,0.800,0.800,0.800,0.400,0.800,0.800,0.800,0.400,0.500,0.800,100.0,100.0,100.0,74.5,100.0,100.0,100.0,45.9,100.0,100.0
2034-11-01,1.0509,1.0068,1.0161,1.0245,1.0143,0.9885,0.9994,0.9854,0.9962,1.0127,0.9931,1.0005,1.1381,1.0388,1.0614,1.0245,1.0389,1.0345,1.0006,0.9865,1.0081,1.0141,0.9943,1.0006,3524.09,5343.61,4221.37,2617.85,2252.49,1449.53,195.53,2835.92,2251.98,607.78,1.1762,0.6290,1.0559,1.4625,0.9162,0.4567,1.2678,0.2631,0.2562,-0.9609,0.5967,0.6798,0.6502,0.5096,0.7005,0.6725,0.3975,0.5202,0.7156,0.7044,0.0122,0.0110,0.0104,0.0173,0.0165,0.0000,0.0415,0.0012,0.0119,0.0079,0.9767,0.9758,0.9886,0.9752,0.9773,1.0000,0.9756,1.0000,0.9694,1.0000,50.99,184.29,71.99,51.22,65.59,12.16,5.89,246.87,75.37,92.35,0.0000,0.0000,0.0000,0.0000,0.0000,0.0000,0.3629,0.0516,0.0000,0.0000,104304,74663,53998,54750,86225,66964,95775,572442,131417,91336,0.0000,0.0000,0.0000,0.0000,0.0000,0.0000,1.0000,1.0000,0.0000,0.0000,0,0,0,0,0,0,0,1,0,0,0,0,0,0,0,0,1,1,0,0,0.1179,0.0721,0.1339,0.0483,0.0863,0.0109,0.0776,0.1066,0.0016,0.1375,0.000,0.000,0.000,0.000,0.000,0.000,0.034,0.195,0.000,0.000,semi-presidential,parliamentary,parliamentary,junta,parliamentary,semi-presidential,semi-presidential,junta,electoral-authoritarian,parliamentary,0.800,0.800,0.800,0.400,0.800,0.800,0.800,0.400,0.500,0.800,100.0,100.0,100.0,77.4,100.0,100.0,100.0,47.7,100.0,100.0
2034-12-01,1.0506,1.0063,1.0144,1.0208,1.0168,0.9879,0.9994,0.9839,0.9945,1.0072,0.9893,0.9999,1.1371,1.0381,1.0598,1.0208,1.0519,1.0337,1.0007,0.9849,1.0064,1.0080,0.9905,0.9999,3518.57,5330.75,4227.47,2619.84,2259.17,1451.39,196.05,2839.12,2261.56,608.02,1.1782,0.6306,1.0546,1.4616,0.9136,0.4563,1.2644,0.2640,0.2558,-0.9747,0.6053,0.7131,0.6575,0.5121,0.7112,0.6543,0.3902,0.5169,0.7062,0.7284,0.0121,0.0110,0.0114,0.0191,0.0187,0.0000,0.0409,0.0012,0.0118,0.0116,0.9769,0.9760,0.9887,0.9753,0.9775,1.0000,0.9757,1.0000,0.9696,1.0000,50.69,183.64,71.41,50.87,65.31,12.09,5.76,245.44,75.23,92.57,0.0000,0.0000,0.0000,0.0000,0.0000,0.0000,0.3629,0.0516,0.0000,0.0000,104304,74663,53998,54750,86225,66964,95775,572442,131417,91336,0.0000,0.0000,0.0000,0.0000,0.0000,0.0000,1.0000,1.0000,0.0000,0.0000,0,0,0,0,0,0,0,1,0,0,0,0,0,0,0,0,1,1,0,0,0.1128,0.0697,0.1276,0.0457,0.0822,0.0104,0.0767,0.1058,0.0016,0.1379,0.000,0.000,0.000,0.000,0.000,0.000,0.033,0.196,0.000,0.000,semi-presidential,parliamentary,parliamentary,junta,parliamentary,semi-presidential,semi-presidential,junta,electoral-authoritarian,parliamentary,0.800,0.800,0.800,0.400,0.800,0.800,0.800,0.400,0.500,0.800,100.0,100.0,100.0,80.4,100.0,100.0,100.0,49.4,100.0,100.0
2035-01-01,1.0548,1.0080,1.0192,1.0176,1.0202,0.9898,1.0001,0.9857,0.9959,0.9992,0.9854,0.9983,1.1464,1.0405,1.0648,1.0176,1.0595,1.0360,1.0166,1.0248,1.0265,0.9992,0.9865,0.9983,3519.55,5322.28,4231.33,2618.24,2257.27,1453.96,195.95,2839.86,2266.84,609.72,1.1781,0.6318,1.0537,1.4626,0.9145,0.4556,1.2653,0.2650,0.2559,-0.9862,0.5915,0.6771,0.6653,0.5059,0.7079,0.6607,0.4295,0.5208,0.7004,0.7147,0.0149,0.0113,0.0148,0.0204,0.0222,0.0000,0.0466,0.0024,0.0130,0.0169,0.9764,0.9756,0.9885,0.9748,0.9769,1.0000,0.9753,1.0000,0.9689,1.0000,52.08,185.98,72.57,52.13,67.52,12.06,5.87,254.48,77.32,92.88,0.0000,0.0000,0.0000,0.0000,0.0000,0.0000,0.3628,0.0517,0.0000,0.0000,104304,74663,53998,54750,86225,66964,95775,572442,131417,91336,0.0000,0.0000,0.0000,0.0000,0.0000,0.0000,1.0000,1.0000,0.0000,0.0000,0,0,0,0,0,0,0,1,0,0,0,0,0,0,0,0,1,1,0,0,0.1055,0.0663,0.1191,0.0422,0.0767,0.0105,0.0760,0.1080,0.0016,0.1379,0.000,0.000,0.000,0.000,0.000,0.000,0.031,0.196,0.000,0.000,semi-presidential,parliamentary,parliamentary,junta,parliamentary,semi-presidential,semi-presidential,junta,electoral-authoritarian,parliamentary,0.800,0.800,0.800,0.400,0.800,0.800,0.800,0.400,0.500,0.800,100.0,100.0,100.0,83.3,100.0,100.0,100.0,51.3,100.0,100.0
2035-02-01,1.0517,1.0094,1.0209,1.0147,1.0241,0.9890,0.9987,0.9859,0.9966,0.9922,0.9817,0.9960,1.1374,1.0421,1.0667,1.0147,1.0654,1.0351,0.9999,0.9892,1.0104,0.9922,0.9828,0.9960,3513.89,5325.89,4223.49,2617.18,2257.12,1458.96,195.67,2842.94,2279.16,609.32,1.1803,0.6315,1.0556,1.4634,0.9148,0.4542,1.2674,0.2659,0.2552,-1.0011,0.5919,0.6653,0.6562,0.5051,0.6668,0.6705,0.4267,0.5366,0.6681,0.7211,0.0123,0.0110,0.0121,0.0202,0.0202,0.0000,0.0406,0.0013,0.0120,0.0141,0.9763,0.9755,0.9885,0.9747,0.9767,1.0000,0.9753,1.0000,0.9688,1.0000,50.59,183.80,71.68,50.78,65.26,12.14,5.68,245.03,75.95,93.11,0.0000,0.0000,0.0000,0.0000,0.0000,0.0000,0.3628,0.0518,0.0000,0.0000,104304,74663,53998,54750,86225,66964,95775,572442,131417,91336,0.0000,0.0000,0.0000,0.0000,0.0000,0.0000,1.0000,1.0000,0.0000,0.0000,0,0,0,0,0,0,0,1,0,0,0,0,0,0,0,0,1,1,0,0,0.0979,0.0622,0.1101,0.0381,0.0703,0.0105,0.0747,0.1067,0.0016,0.1384,0.000,0.000,0.000,0.000,0.000,0.000,0.027,0.196,0.000,0.000,semi-presidential,parliamentary,parliamentary,junta,parliamentary,semi-presidential,semi-presidential,junta,electoral-authoritarian,parliamentary,0.800,0.800,0.800,0.400,0.800,0.800,0.800,0.400,0.500,0.800,100.0,100.0,100.0,86.2,100.0,100.0,100.0,53.1,100.0,100.0
2035-03-01,1.0524,1.0094,1.0217,1.0122,1.0271,0.9883,1.0007,0.9851,0.9978,0.9885,0.9812,0.9989,1.1397,1.0418,1.0674,1.0122,1.0657,1.0343,1.0587,0.9861,1.0288,0.9885,0.9823,1.0015,3515.57,5338.12,4232.07,2618.43,2259.88,1465.84,195.43,2855.28,2282.56,610.02,1.1800,0.6302,1.0537,1.4629,0.9139,0.4522,1.2693,0.2660,0.2555,-1.0142,0.5829,0.6796,0.6318,0.4847,0.6531,0.6930,0.4188,0.5238,0.6839,0.6983,0.0140,0.0111,0.0139,0.0200,0.0213,0.0000,0.0438,0.0024,0.0127,0.0164,0.9765,0.9756,0.9886,0.9749,0.9771,1.0000,0.9757,1.0000,0.9691,1.0000,50.97,184.43,71.68,51.08,65.77,12.22,5.72,247.57,76.77,93.06,0.0000,0.0000,0.0000,0.0000,0.0000,0.0000,0.3628,0.0518,0.0000,0.0000,104304,74663,53998,54750,86225,66964,95775,572442,131417,91336,0.0000,0.0000,0.0000,0.0000,0.0000,0.0000,1.0000,1.0000,0.0000,0.0000,0,0,0,0,0,0,0,1,0,0,0,0,0,0,0,0,1,1,0,0,0.1169,0.0710,0.1325,0.0472,0.0854,0.0105,0.0773,0.1066,0.0016,0.1382,0.000,0.000,0.000,0.000,0.000,0.000,0.032,0.197,0.000,0.000,semi-presidential,parliamentary,parliamentary,junta,parliamentary,semi-presidential,semi-presidential,junta,electoral-authoritarian,parliamentary,0.800,0.800,0.800,0.400,0.800,0.800,0.800,0.400,0.500,0.800,100.0,100.0,100.0,89.0,100.0,100.0,100.0,55.0,100.0,100.0
2035-04-01,1.0523,1.0111,1.0217,1.0108,1.0269,0.9869,1.0051,0.9876,0.9989,0.9855,0.9816,1.0017,1.1397,1.0440,1.0674,1.0108,1.0463,1.0328,1.1129,1.0431,1.0227,0.9855,0.9933,1.0036,3524.86,5357.63,4237.51,2620.98,2264.77,1469.84,195.87,2863.59,2292.78,610.31,1.1771,0.6280,1.0525,1.4617,0.9122,0.4510,1.2667,0.2664,0.2551,-1.0279,0.5875,0.6940,0.6455,0.5007,0.6466,0.7154,0.4211,0.5427,0.6596,0.6970,0.0188,0.0111,0.0171,0.0168,0.0200,0.0000,0.0487,0.0030,0.0129,0.0158,0.9762,0.9754,0.9884,0.9745,0.9766,1.0000,0.9753,1.0000,0.9686,1.0000,51.18,186.55,73.00,51.36,66.41,12.40,5.79,249.06,77.24,93.45,0.0000,0.0000,0.0000,0.0000,0.0000,0.0000,0.3628,0.0518,0.0000,0.0000,104304,74663,53998,54750,86225,66964,95775,572442,131417,91336,0.0000,0.0000,0.0000,0.0000,0.0000,0.0000,1.0000,1.0000,0.0000,0.0000,0,0,0,0,0,0,0,1,0,0,0,0,0,0,0,0,1,1,0,0,0.1191,0.0731,0.1349,0.0491,0.0873,0.0117,0.0780,0.1066,0.0016,0.1384,0.000,0.000,0.000,0.000,0.000,0.000,0.035,0.197,0.000,0.000,semi-presidential,parliamentary,parliamentary,junta,parliamentary,semi-presidential,semi-presidential,junta,electoral-authoritarian,parliamentary,0.800,0.800,0.800,0.400,0.800,0.800,0.800,0.400,0.500,0.800,100.0,100.0,100.0,91.9,100.0,100.0,100.0,56.9,100.0,100.0
2035-05-01,1.0551,1.0106,1.0204,1.0089,1.0245,0.9882,1.0086,0.9901,1.0003,0.9842,0.9806,1.0031,1.1454,1.0429,1.0661,1.0089,1.0434,1.0341,1.0984,1.0452,1.0310,0.9842,0.9817,1.0040,3528.26,5356.38,4247.79,2628.50,2265.99,1473.63,195.51,2867.72,2297.44,609.77,1.1762,0.6282,1.0501,1.4573,0.9119,0.4500,1.2693,0.2671,0.2553,-1.0431,0.6012,0.7201,0.6462,0.5360,0.6553,0.7144,0.4402,0.5454,0.6752,0.6937,0.0179,0.0112,0.0163,0.0168,0.0196,0.0000,0.0496,0.0031,0.0131,0.0145,0.9765,0.9757,0.9886,0.9750,0.9772,1.0000,0.9758,1.0000,0.9692,1.0000,52.15,189.37,74.31,51.88,67.79,12.47,5.91,254.08,78.23,93.74,0.0000,0.0000,0.0000,0.0000,0.0000,0.0000,0.3628,0.0518,0.0000,0.0000,104304,74663,53998,54750,86225,66964,95775,572442,131417,91336,0.0000,0.0000,0.0000,0.0000,0.0000,0.0000,1.0000,1.0000,0.0000,0.0000,0,0,0,0,0,0,0,1,0,0,0,0,0,0,0,0,1,1,0,0,0.1202,0.0746,0.1358,0.0499,0.0885,0.0123,0.0755,0.1065,0.0014,0.1387,0.000,0.000,0.000,0.000,0.000,0.000,0.037,0.198,0.000,0.000,semi-presidential,parliamentary,parliamentary,junta,parliamentary,semi-presidential,semi-presidential,junta,electoral-authoritarian,parliamentary,0.800,0.800,0.800,0.400,0.800,0.800,0.800,0.400,0.500,0.800,100.0,100.0,100.0,95.0,100.0,100.0,100.0,58.8,100.0,100.0
2035-06-01,1.0581,1.0088,1.0174,1.0056,1.0208,0.9880,1.0141,0.9925,1.0013,0.9862,0.9809,1.0027,1.1503,1.0403,1.0618,1.0056,1.0397,1.0339,1.1505,1.0443,1.0240,1.0330,0.9894,1.0027,3527.34,5365.48,4254.79,2630.27,2270.50,1477.72,195.43,2871.42,2306.53,610.31,1.1765,0.6272,1.0486,1.4564,0.9103,0.4488,1.2701,0.2679,0.2550,-1.0564,0.5949,0.7097,0.6620,0.5331,0.6430,0.7102,0.4138,0.5393,0.6601,0.6762,0.0194,0.0113,0.0179,0.0168,0.0204,0.0001,0.0531,0.0033,0.0129,0.0162,0.9770,0.9761,0.9888,0.9756,0.9778,1.0000,0.9762,1.0000,0.9699,1.0000,52.69,190.96,75.55,52.18,68.60,12.79,5.97,256.11,78.46,93.90,0.0000,0.0000,0.0000,0.0000,0.0000,0.0000,0.3628,0.0518,0.0000,0.0000,104304,74663,53998,54750,86225,66964,95775,572442,131417,91336,0.0000,0.0000,0.0000,0.0000,0.0000,0.0000,1.0000,1.0000,0.0000,0.0000,0,0,0,0,0,0,0,1,0,0,0,0,0,0,0,0,1,1,0,0,0.1174,0.0735,0.1328,0.0488,0.0862,0.0121,0.0731,0.1061,0.0014,0.1385,0.000,0.000,0.000,0.000,0.000,0.000,0.037,0.200,0.000,0.000,semi-presidential,parliamentary,parliamentary,junta,parliamentary,semi-presidential,semi-presidential,junta,electoral-authoritarian,parliamentary,0.800,0.800,0.800,0.400,0.800,0.800,0.800,0.400,0.500,0.800,100.0,100.0,100.0,98.0,100.0,100.0,100.0,60.7,100.0,100.0
2035-07-01,1.0596,1.0062,1.0191,1.0070,1.0201,0.9870,1.0175,0.9961,1.0037,0.9907,0.9829,1.0037,1.1470,1.0357,1.0627,1.0536,1.0390,1.0315,1.1353,1.1078,1.0907,1.0805,1.0696,1.0044,3539.82,5373.32,4253.76,2638.12,2278.81,1481.18,195.59,2866.40,2311.28,612.80,1.1726,0.6262,1.0489,1.4522,0.9072,0.4479,1.2694,0.2695,0.2552,-1.0663,0.5860,0.7086,0.6675,0.5327,0.6565,0.7151,0.4079,0.5344,0.6371,0.6788,0.0236,0.0130,0.0398,0.0253,0.0248,0.0001,0.0597,0.0067,0.0162,0.0244,0.9785,0.9776,0.9895,0.9772,0.9793,1.0000,0.9765,1.0000,0.9718,1.0000,52.72,190.41,76.65,52.39,67.50,13.40,5.89,254.17,78.12,93.66,0.0000,0.0000,0.0000,0.0000,0.0000,0.0000,0.3612,0.0494,0.0000,0.0000,104304,74663,53998,54750,86225,66964,95775,572442,131417,91336,0.0000,0.0000,0.0000,0.0000,0.0000,0.0000,1.0000,1.0000,0.0000,0.0000,0,0,0,0,0,0,0,1,0,0,0,0,0,0,0,0,1,1,0,0,0.1214,0.0749,0.1367,0.0502,0.0892,0.0135,0.0781,0.1073,0.0015,0.1415,0.000,0.000,0.000,0.000,0.000,0.000,0.038,0.200,0.000,0.000,semi-presidential,parliamentary,parliamentary,junta,parliamentary,semi-presidential,semi-presidential,junta,electoral-authoritarian,parliamentary,0.800,0.800,0.800,0.400,0.800,0.800,0.800,0.400,0.500,0.800,100.0,100.0,100.0,100.0,100.0,100.0,100.0,62.6,100.0,100.0
2035-08-01,1.0603,1.0037,1.0207,1.0092,1.0194,0.9918,1.0183,0.9998,1.0075,0.9965,0.9865,1.0050,1.1448,1.0324,1.0635,1.0647,1.0382,1.0763,1.0441,1.0851,1.0961,1.0804,1.0959,1.0057,3540.47,5380.34,4256.99,2637.11,2284.77,1486.11,195.33,2872.30,2323.88,613.49,1.1726,0.6254,1.0483,1.4528,0.9051,0.4465,1.2715,0.2702,0.2546,-1.0794,0.6009,0.7097,0.6403,0.5457,0.6700,0.7094,0.4155,0.5051,0.6471,0.7021,0.0205,0.0146,0.0361,0.0301,0.0225,0.0006,0.0552,0.0060,0.0156,0.0197,0.9791,0.9782,0.9898,0.9778,0.9799,1.0000,0.9764,1.0000,0.9726,1.0000,52.91,190.64,76.73,52.75,67.30,13.99,5.87,252.46,77.94,94.08,0.0000,0.0000,0.0000,0.0000,0.0000,0.0000,0.3614,0.0484,0.0000,0.0000,104304,74663,53998,54750,86225,66964,95775,572442,131417,91336,0.0000,0.0000,0.0000,0.0000,0.0000,0.0000,1.0000,1.0000,0.0000,0.0000,0,0,0,0,0,0,0,1,0,0,0,0,0,0,0,0,1,1,0,0,0.1229,0.0759,0.1376,0.0512,0.0902,0.0147,0.0790,0.1068,0.0015,0.1420,0.000,0.000,0.000,0.000,0.000,0.000,0.040,0.201,0.000,0.000,semi-presidential,parliamentary,parliamentary,junta,parliamentary,semi-presidential,semi-presidential,junta,electoral-authoritarian,parliamentary,0.800,0.800,0.800,0.400,0.800,0.800,0.800,0.400,0.500,0.800,100.0,100.0,100.0,100.0,100.0,100.0,100.0,64.3,100.0,100.0
2035-09-01,1.0590,1.0019,1.0194,1.0076,1.0180,0.9937,1.0177,1.0011,1.0096,1.0003,0.9854,1.0064,1.1412,1.0309,1.0616,1.0097,1.0366,1.0383,1.0191,1.0023,1.0218,1.0458,0.9865,1.0071,3557.18,5381.78,4275.95,2640.74,2291.75,1488.98,195.36,2870.20,2326.65,614.09,1.1673,0.6253,1.0438,1.4509,0.9025,0.4457,1.2716,0.2716,0.2550,-1.0925,0.5931,0.7080,0.6317,0.5176,0.6779,0.7129,0.3980,0.5289,0.6808,0.6981,0.0112,0.0102,0.0104,0.0154,0.0141,0.0000,0.0436,0.0015,0.0111,0.0064,0.9789,0.9780,0.9897,0.9776,0.9797,1.0000,0.9761,1.0000,0.9723,1.0000,52.50,195.21,79.06,52.54,68.71,14.18,5.97,250.91,78.59,95.06,0.0000,0.0000,0.0000,0.0000,0.0000,0.0000,0.3617,0.0484,0.0000,0.0000,104304,74663,53998,54750,86225,66964,95775,572442,131417,91336,0.0000,0.0000,0.0000,0.0000,0.0000,0.0000,1.0000,1.0000,0.0000,0.0000,0,0,0,0,0,0,0,1,0,0,0,0,0,0,0,0,1,1,0,0,0.1227,0.0784,0.1382,0.0529,0.0907,0.0156,0.0787,0.1059,0.0022,0.1383,0.000,0.000,0.000,0.000,0.000,0.000,0.042,0.201,0.000,0.000,semi-presidential,parliamentary,parliamentary,junta,parliamentary,semi-presidential,semi-presidential,junta,electoral-authoritarian,parliamentary,0.800,0.800,0.800,0.400,0.800,0.800,0.800,0.400,0.500,0.800,100.0,100.0,100.0,100.0,100.0,100.0,100.0,66.2,100.0,100.0
2035-10-01,1.0575,1.0005,1.0165,1.0058,1.0154,0.9969,1.0158,1.0019,1.0103,1.0010,0.9881,1.0049,1.1382,1.0295,1.0553,1.0058,1.0339,1.0415,1.0171,1.0188,1.0237,1.0173,1.0647,1.0049,3550.76,5383.16,4284.16,2646.55,2299.81,1494.90,195.62,2873.24,2334.31,616.39,1.1696,0.6252,1.0420,1.4478,0.8994,0.4441,1.2702,0.2725,0.2549,-1.1026,0.6161,0.7032,0.6648,0.5127,0.6863,0.7083,0.4113,0.5096,0.6653,0.7019,0.0141,0.0101,0.0125,0.0151,0.0158,0.0000,0.0452,0.0020,0.0110,0.0105,0.9789,0.9780,0.9897,0.9776,0.9797,1.0000,0.9760,1.0000,0.9723,1.0000,52.37,195.07,79.30,52.37,68.42,14.28,5.98,248.58,77.98,95.11,0.0000,0.0000,0.0000,0.0000,0.0000,0.0000,0.3608,0.0483,0.0000,0.0000,104304,74663,53998,54750,86225,66964,95775,572442,131417,91336,0.0000,0.0000,0.0000,0.0000,0.0000,0.0000,1.0000,1.0000,0.0000,0.0000,0,0,0,0,0,0,0,1,0,0,0,0,0,0,0,0,1,1,0,0,0.1107,0.0724,0.1237,0.0469,0.0806,0.0142,0.0750,0.1050,0.0014,0.1377,0.000,0.000,0.000,0.000,0.000,0.000,0.040,0.202,0.000,0.000,semi-presidential,parliamentary,parliamentary,junta,parliamentary,semi-presidential,semi-presidential,junta,electoral-authoritarian,parliamentary,0.800,0.800,0.800,0.400,0.800,0.800,0.800,0.400,0.500,0.800,100.0,100.0,100.0,100.0,100.0,100.0,100.0,67.9,100.0,100.0
2035-11-01,1.0555,0.9986,1.0160,1.0066,1.0129,0.9994,1.0164,1.0002,1.0099,1.0009,0.9911,1.0031,1.1387,1.0286,1.0585,1.0457,1.0317,1.0453,1.0575,1.0014,1.0309,1.0245,1.1004,1.0031,3559.40,5389.85,4268.49,2644.15,2294.42,1497.91,195.81,2880.11,2346.79,619.28,1.1670,0.6245,1.0459,1.4492,0.9017,0.4432,1.2693,0.2732,0.2542,-1.1116,0.5919,0.6974,0.6620,0.5535,0.6959,0.7289,0.4290,0.4938,0.6608,0.7279,0.0161,0.0118,0.0298,0.0204,0.0176,0.0000,0.0461,0.0025,0.0132,0.0126,0.9781,0.9772,0.9893,0.9767,0.9789,1.0000,0.9759,1.0000,0.9712,1.0000,51.92,192.65,78.71,50.74,66.89,14.26,5.82,245.94,77.42,94.64,0.0000,0.0000,0.0000,0.0000,0.0000,0.0000,0.3621,0.0505,0.0000,0.0000,104304,74663,53998,54750,86225,66964,95775,572442,131417,91336,0.0000,0.0000,0.0000,0.0000,0.0000,0.0000,1.0000,1.0000,0.0000,0.0000,0,0,0,0,0,0,0,1,0,0,0,0,0,0,0,0,1,1,0,0,0.1087,0.0701,0.1216,0.0446,0.0793,0.0131,0.0740,0.1046,0.0014,0.1393,0.000,0.000,0.000,0.000,0.000,0.000,0.038,0.202,0.000,0.000,semi-presidential,parliamentary,parliamentary,junta,parliamentary,semi-presidential,semi-presidential,junta,electoral-authoritarian,parliamentary,0.800,0.800,0.800,0.400,0.800,0.800,0.800,0.400,0.500,0.800,100.0,100.0,100.0,100.0,100.0,100.0,100.0,69.6,100.0,100.0
2035-12-01,1.0535,0.9965,1.0166,1.0080,1.0080,1.0034,1.0142,0.9994,1.0083,1.0025,0.9924,1.0022,1.1362,1.0263,1.0608,1.0576,1.0267,1.0678,1.0154,1.0004,1.0202,1.0471,1.0383,1.0022,3563.68,5390.52,4270.94,2640.12,2298.69,1503.03,195.60,2884.95,2352.34,620.90,1.1658,0.6245,1.0455,1.4514,0.9000,0.4418,1.2709,0.2740,0.2543,-1.1229,0.6040,0.7039,0.6191,0.5456,0.6428,0.7076,0.4365,0.5003,0.6722,0.7473,0.0133,0.0135,0.0266,0.0255,0.0156,0.0002,0.0422,0.0016,0.0128,0.0081,0.9782,0.9772,0.9893,0.9768,0.9790,1.0000,0.9758,1.0000,0.9713,1.0000,51.75,189.96,76.72,51.09,65.93,14.18,5.77,244.62,77.26,94.59,0.0000,0.0000,0.0000,0.0000,0.0000,0.0000,0.3622,0.0507,0.0000,0.0000,104304,74663,53998,54750,86225,66964,95775,572442,131417,91336,0.0000,0.0000,0.0000,0.0000,0.0000,0.0000,1.0000,1.0000,0.0000,0.0000,0,0,0,0,0,0,0,1,0,0,0,0,0,0,0,0,1,1,0,0,0.1135,0.0713,0.1271,0.0464,0.0829,0.0122,0.0702,0.1039,0.0013,0.1409,0.000,0.000,0.000,0.000,0.000,0.000,0.037,0.202,0.000,0.000,semi-presidential,parliamentary,parliamentary,junta,parliamentary,semi-presidential,semi-presidential,junta,electoral-authoritarian,parliamentary,0.800,0.800,0.800,0.400,0.800,0.800,0.800,0.400,0.500,0.800,100.0,100.0,100.0,100.0,100.0,100.0,100.0,71.3,100.0,100.0
2036-01-01,1.0487,0.9953,1.0206,1.0089,1.0037,1.0045,1.0094,0.9985,1.0074,1.0020,0.9956,1.0038,1.1271,1.0249,1.0647,1.0536,1.0223,1.0505,1.0105,0.9996,1.0191,1.0021,1.0825,1.0047,3568.88,5405.60,4283.09,2641.17,2307.50,1508.06,195.44,2886.79,2354.74,624.35,1.1643,0.6229,1.0427,1.4509,0.8964,0.4404,1.2718,0.2751,0.2548,-1.1308,0.6064,0.6974,0.6214,0.5210,0.6470,0.7137,0.4204,0.4991,0.6752,0.7510,0.0140,0.0122,0.0270,0.0227,0.0159,0.0000,0.0414,0.0017,0.0124,0.0101,0.9784,0.9775,0.9894,0.9770,0.9791,1.0000,0.9754,1.0000,0.9715,1.0000,51.00,189.35,76.52,50.17,65.09,14.10,5.70,240.77,76.81,94.58,0.0000,0.0000,0.0000,0.0000,0.0000,0.0000,0.3620,0.0498,0.0000,0.0000,104304,74663,53998,54750,86225,66964,95775,572442,131417,91336,0.0000,0.0000,0.0000,0.0000,0.0000,0.0000,1.0000,1.0000,0.0000,0.0000,0,0,0,0,0,0,0,1,0,0,0,0,0,0,0,0,1,1,0,0,0.1216,0.0752,0.1363,0.0504,0.0892,0.0133,0.0724,0.1038,0.0013,0.1397,0.000,0.000,0.000,0.000,0.000,0.000,0.039,0.203,0.000,0.000,semi-presidential,parliamentary,parliamentary,junta,parliamentary,semi-presidential,semi-presidential,junta,electoral-authoritarian,parliamentary,0.800,0.800,0.800,0.400,0.800,0.800,0.800,0.400,0.500,0.800,100.0,100.0,100.0,100.0,100.0,100.0,100.0,73.0,100.0,100.0
