date,price_oil,price_gas,price_coal,price_electricity,price_food,price_critical-minerals,price_steel,price_consumer-goods,price_electronics,price_arms,price_pharma,price_services,gdp_FRA,gdp_DEU,gdp_GBR,gdp_ITA,gdp_ESP,gdp_POL,gdp_UKR,gdp_RUS,gdp_TUR,gdp_NOR,debt_FRA,debt_DEU,debt_GBR,debt_ITA,debt_ESP,debt_POL,debt_UKR,debt_RUS,debt_TUR,debt_NOR,stability_FRA,stability_DEU,stability_GBR,stability_ITA,stability_ESP,stability_POL,stability_UKR,stability_RUS,stability_TUR,stability_NOR,shortage_FRA,shortage_DEU,shortage_GBR,shortage_ITA,shortage_ESP,shortage_POL,shortage_UKR,shortage_RUS,shortage_TUR,shortage_NOR,gas_coverage_FRA,gas_coverage_DEU,gas_coverage_GBR,gas_coverage_ITA,gas_coverage_ESP,gas_coverage_POL,gas_coverage_UKR,gas_coverage_RUS,gas_coverage_TUR,gas_coverage_NOR
2026-01-01,1.0000,1.0000,1.0000,1.0000,1.0000,1.0000,1.0000,1.0000,1.0000,1.0000,1.0000,1.0000,3366.32,5050.92,4002.59,2551.56,1906.45,1035.49,214.23,2561.31,1597.29,530.76,1.1300,0.6400,1.0100,1.3700,1.0100,0.5800,0.9500,0.2000,0.2500,0.4300,0.6482,0.7007,0.6611,0.6225,0.6611,0.7050,0.6675,0.7050,0.7050,0.7050,0.0000,0.0000,0.0000,0.0000,0.0000,0.0000,0.0000,0.0000,0.0000,0.0000,1.0000,1.0000,1.0000,1.0000,1.0000,1.0000,1.0000,1.0000,1.0000,1.0000
2026-02-01,1.0000,1.0000,1.0000,1.0000,1.0000,1.0000,1.0000,1.0000,1.0000,1.0000,1.0000,1.0000,3364.56,5064.76,4000.80,2555.93,1913.04,1038.84,214.86,2566.67,1598.58,530.19,1.1379,0.6412,1.0184,1.3776,1.0128,0.5821,0.9545,0.2018,0.2516,0.4173,0.6482,0.7007,0.6611,0.6225,0.6611,0.7050,0.6675,0.7050,0.7050,0.7050,0.0019,0.0004,0.0178,0.0017,0.0019,0.0000,0.0027,0.0012,0.0009,0.0031,1.0000,1.0000,1.0000,1.0000,1.0000,1.0000,1.0000,1.0000,1.0000,1.0000
2026-03-01,0.9996,0.9988,1.0005,0.9993,1.0005,1.0002,1.0019,1.0019,0.9984,0.9996,0.9990,1.0001,3364.73,5073.17,4012.28,2558.20,1913.14,1041.43,215.54,2570.72,1602.63,531.30,1.1446,0.6428,1.0229,1.3858,1.0185,0.5842,0.9581,0.2037,0.2528,0.4032,0.6319,0.7110,0.6379,0.6219,0.6679,0.7012,0.6832,0.7109,0.6837,0.6829,0.0040,0.0008,0.0192,0.0023,0.0042,0.0001,0.0024,0.0004,0.0010,0.0048,1.0000,1.0000,1.0000,1.0000,1.0000,1.0000,1.0000,1.0000,1.0000,1.0000
2026-04-01,1.0001,0.9980,0.9990,0.9988,1.0000,1.0003,1.0017,1.0034,0.9971,1.0000,0.9992,0.9985,3361.45,5064.08,4006.52,2558.16,1919.37,1043.64,216.56,2579.49,1612.98,532.97,1.1519,0.6464,1.0313,1.3946,1.0206,0.5864,0.9593,0.2053,0.2530,0.3888,0.6225,0.7086,0.6518,0.6142,0.6430,0.6925,0.6955,0.7110,0.6841,0.6939,0.0022,0.0010,0.0168,0.0009,0.0018,0.0008,0.0015,0.0002,0.0007,0.0015,1.0000,1.0000,1.0000,1.0000,1.0000,1.0000,1.0000,1.0000,1.0000,1.0000
2026-05-01,0.9999,0.9987,1.0004,0.9991,1.0003,1.0021,1.0009,1.0011,0.9969,0.9997,0.9974,0.9978,3366.40,5070.07,4013.70,2557.46,1919.92,1046.06,216.59,2581.04,1623.62,533.91,1.1558,0.6479,1.0359,1.4033,1.0252,0.5881,0.9642,0.2074,0.2532,0.3748,0.6079,0.6726,0.6215,0.6002,0.6572,0.6819,0.7215,0.7292,0.7233,0.7153,0.0058,0.0055,0.0200,0.0104,0.0062,0.0021,0.0005,0.0003,0.0049,0.0017,0.9865,0.9864,0.9930,0.9887,0.9884,0.9889,0.9989,1.0000,0.9902,1.0000
2026-06-01,0.9999,0.9998,0.9993,1.0023,0.9985,1.0033,1.0013,1.0022,0.9985,0.9975,0.9974,0.9987,3380.23,5073.18,4026.96,2559.45,1915.84,1047.16,216.46,2578.19,1628.14,533.72,1.1560,0.6496,1.0383,1.4099,1.0319,0.5904,0.9691,0.2098,0.2543,0.3617,0.6115,0.6773,0.6313,0.5860,0.6369,0.6777,0.6967,0.7150,0.7419,0.7140,0.0064,0.0069,0.0205,0.0161,0.0062,0.0032,0.0041,0.0018,0.0040,0.0044,0.9767,0.9779,0.9878,0.9805,0.9784,0.9826,0.9984,1.0000,0.9838,1.0000
2026-07-01,0.9996,1.0017,1.0007,1.0039,0.9972,1.0036,1.0017,1.0011,1.0007,0.9969,0.9974,0.9979,3378.63,5070.39,4032.42,2558.60,1916.54,1051.57,216.24,2579.01,1632.86,534.45,1.1609,0.6520,1.0422,1.4175,1.0357,0.5905,0.9737,0.2120,0.2554,0.3479,0.6275,0.6756,0.6505,0.5841,0.6041,0.6642,0.6718,0.6908,0.7236,0.6943,0.0090,0.0095,0.0219,0.0180,0.0096,0.0040,0.0017,0.0012,0.0081,0.0018,0.9601,0.9638,0.9792,0.9668,0.9614,0.9721,0.9974,1.0000,0.9732,1.0000
2026-08-01,0.9953,1.0003,1.0021,1.0044,1.0004,1.0031,1.0009,1.0025,1.0019,0.9970,0.9986,0.9982,3385.74,5066.57,4035.48,2562.82,1916.49,1052.87,216.65,2579.83,1638.45,534.58,1.1622,0.6546,1.0462,1.4217,1.0394,0.5921,0.9749,0.2142,0.2564,0.3345,0.6076,0.6616,0.6455,0.5713,0.6013,0.6845,0.6506,0.6865,0.7082,0.6979,0.0034,0.0021,0.0193,0.0087,0.0076,0.0000,0.0003,0.0001,0.0022,0.0072,1.0000,1.0000,1.0000,1.0000,1.0000,1.0000,1.0000,1.0000,1.0000,1.0000
2026-09-01,0.9932,0.9991,1.0042,1.0047,1.0034,1.0034,1.0002,1.0016,1.0020,0.9962,1.0019,0.9991,3391.21,5083.60,4037.86,2561.81,1921.00,1057.67,216.56,2583.47,1641.66,535.63,1.1634,0.6545,1.0499,1.4283,1.0404,0.5915,0.9775,0.2162,0.2577,0.3205,0.6127,0.6565,0.6389,0.5850,0.5968,0.6718,0.6641,0.6848,0.7080,0.6862,0.0068,0.0032,0.0229,0.0112,0.0103,0.0001,0.0022,0.0005,0.0041,0.0099,1.0000,1.0000,1.0000,1.0000,1.0000,1.0000,1.0000,1.0000,1.0000,1.0000
2026-10-01,0.9912,0.9961,1.0041,1.0019,1.0038,1.0019,0.9990,1.0016,1.0013,0.9960,1.0031,1.0000,3392.86,5092.86,4038.16,2559.71,1925.88,1062.32,216.55,2585.26,1647.17,537.91,1.1653,0.6553,1.0536,1.4348,1.0410,0.5907,0.9793,0.2183,0.2587,0.3059,0.6101,0.6913,0.6300,0.5730,0.6159,0.6940,0.6508,0.6938,0.6915,0.6947,0.0001,0.0000,0.0004,0.0006,0.0009,0.0000,0.0001,0.0000,0.0000,0.0012,1.0000,1.0000,1.0000,1.0000,1.0000,1.0000,1.0000,1.0000,1.0000,1.0000
2026-11-01,0.9930,0.9942,1.0043,1.0004,1.0063,1.0008,0.9974,1.0009,1.0015,0.9954,1.0046,1.0002,3408.48,5108.10,4041.29,2558.87,1924.57,1064.77,216.77,2582.05,1654.05,538.34,1.1621,0.6554,1.0560,1.4401,1.0447,0.5908,0.9796,0.2209,0.2595,0.2922,0.6042,0.6974,0.6319,0.5688,0.6321,0.7035,0.6483,0.6926,0.6969,0.7229,0.0059,0.0040,0.0161,0.0066,0.0095,0.0031,0.0037,0.0009,0.0031,0.0070,1.0000,1.0000,1.0000,1.0000,1.0000,1.0000,1.0000,1.0000,1.0000,1.0000
2026-12-01,0.9958,0.9963,1.0052,0.9995,1.0068,1.0022,0.9944,1.0004,1.0020,0.9948,1.0069,1.0006,3412.52,5106.58,4041.66,2561.05,1931.31,1065.81,216.70,2582.68,1656.46,537.99,1.1625,0.6577,1.0586,1.4432,1.0439,0.5915,0.9807,0.2232,0.2610,0.2790,0.6186,0.7088,0.6285,0.5651,0.6096,0.6911,0.6537,0.6754,0.7052,0.7075,0.0174,0.0135,0.0279,0.0142,0.0179,0.0100,0.0057,0.0009,0.0118,0.0043,0.9536,0.9579,0.9759,0.9610,0.9550,0.9672,0.9969,1.0000,0.9677,1.0000
2027-01-01,0.9968,0.9972,1.0067,0.9967,1.0064,0.9978,0.9943,0.9997,1.0004,0.9946,1.0085,1.0009,3413.54,5101.96,4056.39,2568.64,1938.12,1067.79,216.92,2585.87,1665.24,538.31,1.1637,0.6604,1.0570,1.4425,1.0428,0.5915,0.9801,0.2252,0.2614,0.2654,0.6052,0.6808,0.6158,0.5716,0.6315,0.6653,0.6443,0.6766,0.6810,0.6849,0.0086,0.0060,0.0063,0.0072,0.0082,0.0036,0.0017,0.0001,0.0049,0.0014,0.9828,0.9836,0.9911,0.9857,0.9843,0.9869,0.9988,1.0000,0.9880,1.0000
2027-02-01,0.9973,0.9961,1.0069,0.9960,1.0044,0.9942,0.9951,0.9993,1.0002,0.9955,1.0083,1.0016,3410.97,5111.19,4074.22,2575.37,1943.19,1074.62,217.26,2593.01,1670.04,538.91,1.1658,0.6611,1.0539,1.4416,1.0423,0.5888,0.9785,0.2269,0.2625,0.2516,0.5969,0.6662,0.6502,0.5965,0.6478,0.6685,0.6528,0.6858,0.7048,0.6849,0.0036,0.0014,0.0191,0.0018,0.0035,0.0009,0.0028,0.0010,0.0017,0.0030,1.0000,1.0000,1.0000,1.0000,1.0000,1.0000,1.0000,1.0000,1.0000,1.0000
2027-03-01,0.9976,0.9971,1.0078,0.9958,1.0040,0.9934,0.9955,0.9981,1.0013,0.9964,1.0096,1.0004,3408.78,5121.79,4080.21,2577.27,1944.82,1074.66,217.59,2599.55,1675.82,538.40,1.1676,0.6613,1.0536,1.4429,1.0435,0.5898,0.9765,0.2286,0.2635,0.2383,0.5853,0.6802,0.6704,0.6114,0.6518,0.7085,0.6616,0.7038,0.7009,0.6879,0.0079,0.0054,0.0224,0.0075,0.0079,0.0030,0.0029,0.0011,0.0061,0.0031,0.9768,0.9785,0.9879,0.9807,0.9780,0.9832,0.9984,1.0000,0.9842,1.0000
2027-04-01,0.9987,0.9965,1.0086,0.9977,1.0066,0.9903,0.9963,0.9976,1.0029,0.9978,1.0092,0.9996,3409.05,5142.79,4078.28,2580.98,1950.34,1079.83,218.09,2603.20,1687.00,539.31,1.1682,0.6601,1.0552,1.4425,1.0424,0.5880,0.9737,0.2306,0.2636,0.2244,0.5740,0.6911,0.6576,0.6007,0.6343,0.6758,0.6688,0.7157,0.7009,0.6702,0.0055,0.0055,0.0220,0.0158,0.0098,0.0019,0.0037,0.0016,0.0038,0.0080,1.0000,1.0000,1.0000,1.0000,1.0000,1.0000,1.0000,1.0000,1.0000,1.0000
2027-05-01,0.9976,0.9967,1.0078,0.9969,1.0082,0.9903,0.9980,1.0019,1.0033,1.0010,1.0101,0.9977,3417.10,5143.14,4083.95,2580.45,1951.12,1084.31,218.31,2602.66,1694.45,540.46,1.1659,0.6612,1.0545,1.4439,1.0437,0.5865,0.9721,0.2329,0.2643,0.2104,0.5730,0.7138,0.6353,0.5975,0.6412,0.6998,0.6783,0.7122,0.7290,0.6801,0.0031,0.0005,0.0199,0.0024,0.0049,0.0004,0.0026,0.0004,0.0005,0.0068,0.9968,0.9963,0.9983,0.9973,0.9977,0.9968,0.9997,1.0000,0.9974,1.0000
2027-06-01,0.9966,0.9953,1.0082,0.9985,1.0078,0.9905,0.9958,1.0017,1.0015,1.0041,1.0080,0.9968,3421.62,5144.50,4099.75,2584.64,1948.38,1088.67,218.78,2609.48,1695.77,541.48,1.1645,0.6620,1.0510,1.4423,1.0466,0.5852,0.9694,0.2347,0.2659,0.1964,0.5848,0.6976,0.6375,0.5896,0.6287,0.7106,0.6747,0.6973,0.7300,0.6926,0.0016,0.0027,0.0169,0.0094,0.0013,0.0001,0.0006,0.0001,0.0005,0.0010,1.0000,1.0000,1.0000,1.0000,1.0000,1.0000,1.0000,1.0000,1.0000,1.0000
2027-07-01,0.9977,0.9929,1.0089,0.9957,1.0084,0.9931,0.9927,1.0037,1.0009,1.0042,1.0057,0.9973,3426.45,5143.84,4105.44,2586.13,1951.80,1091.59,219.67,2607.51,1699.39,541.74,1.1627,0.6629,1.0498,1.4420,1.0461,0.5846,0.9648,0.2372,0.2672,0.1827,0.5868,0.6851,0.6653,0.5963,0.6025,0.7179,0.6842,0.7135,0.6948,0.7031,0.0055,0.0044,0.0047,0.0058,0.0063,0.0027,0.0011,0.0000,0.0028,0.0018,1.0000,1.0000,1.0000,1.0000,1.0000,1.0000,1.0000,1.0000,1.0000,1.0000
2027-08-01,0.9976,0.9917,1.0110,0.9950,1.0062,0.9954,0.9930,1.0040,0.9977,1.0023,1.0037,0.9970,3433.17,5141.57,4113.97,2588.97,1958.06,1094.32,219.81,2613.51,1703.88,542.98,1.1602,0.6639,1.0476,1.4407,1.0439,0.5841,0.9639,0.2390,0.2684,0.1686,0.5870,0.6749,0.6637,0.5929,0.6126,0.7092,0.7049,0.6937,0.6874,0.6949,0.0071,0.0032,0.0219,0.0054,0.0062,0.0007,0.0016,0.0003,0.0047,0.0032,1.0000,1.0000,1.0000,1.0000,1.0000,1.0000,1.0000,1.0000,1.0000,1.0000
2027-09-01,0.9943,0.9910,1.0101,0.9962,1.0056,0.9947,0.9928,1.0067,0.9980,1.0035,1.0038,0.9967,3441.29,5146.29,4116.74,2596.46,1961.50,1100.32,219.72,2620.58,1711.50,544.40,1.1573,0.6637,1.0469,1.4365,1.0429,0.5819,0.9643,0.2407,0.2691,0.1546,0.5902,0.6665,0.6591,0.5951,0.6325,0.7033,0.6894,0.7058,0.6861,0.7047,0.0029,0.0016,0.0190,0.0065,0.0024,0.0000,0.0033,0.0010,0.0007,0.0043,1.0000,1.0000,1.0000,1.0000,1.0000,1.0000,1.0000,1.0000,1.0000,1.0000
2027-10-01,0.9938,0.9916,1.0094,0.9990,1.0067,0.9946,0.9937,1.0064,0.9977,1.0045,1.0050,0.9975,3448.18,5148.91,4116.67,2596.90,1964.07,1104.88,220.01,2623.57,1718.02,545.58,1.1548,0.6636,1.0469,1.4361,1.0422,0.5805,0.9632,0.2427,0.2699,0.1406,0.5972,0.6740,0.6457,0.6141,0.6355,0.7280,0.6665,0.7189,0.7055,0.7147,0.0043,0.0051,0.0201,0.0159,0.0057,0.0017,0.0027,0.0007,0.0018,0.0058,0.9859,0.9867,0.9926,0.9882,0.9869,0.9895,0.9990,1.0000,0.9902,1.0000
2027-11-01,0.9940,0.9932,1.0087,1.0002,1.0088,0.9947,0.9945,1.0063,0.9989,1.0056,1.0085,0.9978,3456.01,5149.87,4122.09,2594.37,1964.63,1106.51,219.19,2622.67,1716.57,548.15,1.1522,0.6634,1.0456,1.4375,1.0423,0.5806,0.9668,0.2452,0.2720,0.1262,0.5984,0.6725,0.6323,0.5963,0.6309,0.7283,0.6697,0.7127,0.7087,0.7150,0.0069,0.0064,0.0221,0.0145,0.0095,0.0034,0.0028,0.0007,0.0037,0.0072,0.9678,0.9707,0.9832,0.9730,0.9688,0.9773,0.9978,1.0000,0.9779,1.0000
2027-12-01,0.9917,0.9938,1.0087,1.0005,1.0119,0.9943,0.9964,1.0048,0.9972,1.0074,1.0094,0.9972,3460.15,5153.05,4125.43,2592.58,1971.44,1109.31,219.37,2624.56,1722.41,548.86,1.1509,0.6629,1.0448,1.4384,1.0390,0.5801,0.9662,0.2474,0.2730,0.1123,0.6002,0.6687,0.6339,0.5768,0.6181,0.7059,0.6295,0.6962,0.6716,0.7357,0.0029,0.0024,0.0192,0.0070,0.0066,0.0014,0.0010,0.0002,0.0014,0.0072,0.9866,0.9870,0.9930,0.9888,0.9877,0.9897,0.9990,1.0000,0.9905,1.0000
2028-01-01,0.9905,0.9967,1.0063,0.9979,1.0166,0.9943,0.9968,1.0022,0.9966,1.0095,1.0120,0.9965,3462.76,5159.14,4126.65,2595.72,1975.47,1113.18,219.23,2621.63,1733.26,549.34,1.1501,0.6619,1.0445,1.4367,1.0369,0.5790,0.9670,0.2500,0.2731,0.0985,0.5963,0.6723,0.6320,0.5680,0.6418,0.7000,0.6441,0.6942,0.6859,0.7185,0.0094,0.0076,0.0079,0.0117,0.0145,0.0060,0.0016,0.0002,0.0061,0.0100,0.9405,0.9458,0.9692,0.9494,0.9421,0.9573,0.9959,1.0000,0.9569,1.0000
2028-02-01,0.9903,0.9946,1.0071,0.9969,1.0178,0.9907,0.9962,1.0006,0.9978,1.0103,1.0101,0.9973,3472.41,5158.77,4132.68,2600.13,1978.61,1117.26,219.52,2624.74,1743.31,549.25,1.1469,0.6618,1.0430,1.4343,1.0351,0.5779,0.9659,0.2521,0.2734,0.0847,0.5896,0.6761,0.6316,0.5766,0.6379,0.7029,0.6389,0.6780,0.7145,0.7048,0.0018,0.0009,0.0110,0.0037,0.0047,0.0000,0.0011,0.0011,0.0021,0.0036,1.0000,1.0000,1.0000,1.0000,1.0000,1.0000,1.0000,1.0000,1.0000,1.0000
2028-03-01,0.9920,0.9943,1.0070,0.9962,1.0172,0.9880,0.9967,0.9993,0.9982,1.0121,1.0095,0.9980,3470.73,5170.75,4127.61,2595.52,1986.69,1122.81,220.05,2629.47,1742.80,549.21,1.1475,0.6603,1.0443,1.4371,1.0307,0.5760,0.9636,0.2540,0.2754,0.0709,0.5997,0.6720,0.6386,0.5915,0.6380,0.7094,0.6519,0.6859,0.7317,0.6922,0.0049,0.0040,0.0187,0.0036,0.0052,0.0033,0.0030,0.0007,0.0030,0.0012,1.0000,1.0000,1.0000,1.0000,1.0000,1.0000,1.0000,1.0000,1.0000,1.0000
2028-04-01,0.9931,0.9970,1.0046,0.9953,1.0145,0.9875,0.9977,0.9987,1.0014,1.0113,1.0099,0.9985,3476.76,5179.85,4132.79,2601.55,1990.53,1127.74,220.36,2629.37,1746.81,549.32,1.1456,0.6591,1.0430,1.4340,1.0287,0.5744,0.9624,0.2564,0.2766,0.0570,0.5838,0.6897,0.6139,0.5670,0.6610,0.7248,0.6719,0.6985,0.6840,0.6829,0.0113,0.0094,0.0235,0.0091,0.0122,0.0075,0.0046,0.0020,0.0097,0.0028,0.9446,0.9494,0.9713,0.9528,0.9461,0.9602,0.9961,1.0000,0.9598,1.0000
2028-05-01,0.9935,1.0000,1.0052,0.9929,1.0134,0.9878,0.9985,0.9971,1.0023,1.0086,1.0112,0.9984,3479.94,5187.63,4137.20,2610.38,1998.21,1129.84,220.71,2628.67,1748.74,550.83,1.1446,0.6582,1.0420,1.4294,1.0249,0.5743,0.9609,0.2589,0.2782,0.0429,0.5866,0.6917,0.6207,0.5864,0.6512,0.7260,0.6731,0.6888,0.6788,0.6793,0.0118,0.0098,0.0071,0.0100,0.0114,0.0071,0.0013,0.0000,0.0079,0.0007,0.9378,0.9432,0.9678,0.9468,0.9393,0.9551,0.9957,1.0000,0.9543,1.0000
2028-06-01,0.9942,1.0017,1.0062,0.9923,1.0097,0.9891,0.9954,0.9960,1.0019,1.0077,1.0122,0.9993,3480.06,5182.47,4141.40,2610.86,2000.87,1133.17,220.98,2628.97,1753.49,552.61,1.1447,0.6590,1.0409,1.4293,1.0237,0.5736,0.9598,0.2612,0.2794,0.0288,0.5842,0.6914,0.6333,0.6128,0.6642,0.7030,0.6781,0.6802,0.6649,0.7029,0.0105,0.0077,0.0188,0.0084,0.0101,0.0051,0.0024,0.0005,0.0074,0.0023,0.9644,0.9676,0.9815,0.9702,0.9655,0.9749,0.9977,1.0000,0.9755,1.0000
2028-07-01,0.9929,1.0038,1.0052,0.9955,1.0099,0.9905,0.9969,0.9951,1.0000,1.0072,1.0128,0.9998,3484.25,5177.41,4147.35,2613.47,2003.20,1135.81,220.93,2636.77,1761.07,555.36,1.1434,0.6597,1.0395,1.4281,1.0227,0.5733,0.9601,0.2628,0.2801,0.0147,0.5786,0.6714,0.6321,0.5999,0.6502,0.7013,0.6762,0.6787,0.6714,0.7176,0.0107,0.0100,0.0244,0.0200,0.0095,0.0053,0.0042,0.0008,0.0055,0.0057,0.9552,0.9593,0.9768,0.9623,0.9566,0.9683,0.9971,1.0000,0.9687,1.0000
2028-08-01,0.9952,1.0044,1.0014,0.9972,1.0092,0.9920,0.9981,0.9937,1.0010,1.0066,1.0145,1.0000,3501.50,5176.85,4144.00,2615.23,2001.21,1138.85,220.82,2637.53,1766.90,556.41,1.1378,0.6599,1.0403,1.4273,1.0239,0.5727,0.9606,0.2651,0.2811,0.0007,0.5813,0.6571,0.6338,0.5927,0.6396,0.6947,0.6626,0.7011,0.6896,0.7402,0.0086,0.0093,0.0206,0.0141,0.0078,0.0057,0.0034,0.0002,0.0045,0.0014,0.9869,0.9871,0.9932,0.9891,0.9884,0.9896,0.9990,1.0000,0.9906,1.0000
2028-09-01,0.9950,1.0050,1.0010,0.9985,1.0100,0.9930,0.9952,0.9946,0.9998,1.0052,1.0183,0.9982,3504.03,5191.94,4142.86,2618.27,2006.87,1144.25,221.02,2645.49,1776.84,556.99,1.1369,0.6581,1.0406,1.4259,1.0212,0.5710,0.9594,0.2667,0.2814,-0.0134,0.6050,0.6552,0.6157,0.5887,0.6109,0.6928,0.6498,0.6926,0.6941,0.7302,0.0046,0.0038,0.0198,0.0101,0.0050,0.0015,0.0028,0.0004,0.0013,0.0056,0.9897,0.9895,0.9947,0.9913,0.9912,0.9914,0.9992,1.0000,0.9924,1.0000
2028-10-01,0.9975,1.0046,1.0029,1.0024,1.0091,0.9930,0.9939,0.9956,0.9993,1.0049,1.0182,0.9975,3504.58,5192.70,4146.97,2622.85,2011.06,1148.01,220.54,2648.24,1784.70,557.71,1.1371,0.6581,1.0394,1.4236,1.0193,0.5701,0.9615,0.2688,0.2820,-0.0275,0.5984,0.6820,0.6112,0.5920,0.6293,0.7110,0.6556,0.7108,0.7169,0.7157,0.0120,0.0114,0.0241,0.0224,0.0115,0.0048,0.0045,0.0005,0.0073,0.0035,1.0000,1.0000,1.0000,1.0000,1.0000,1.0000,1.0000,1.0000,1.0000,1.0000
2028-11-01,0.9977,1.0026,1.0031,1.0041,1.0097,0.9942,0.9946,0.9965,0.9970,1.0066,1.0173,0.9976,3510.38,5191.25,4158.21,2629.17,2017.36,1150.61,221.20,2651.02,1795.01,556.90,1.1355,0.6584,1.0366,1.4203,1.0163,0.5697,0.9587,0.2709,0.2823,-0.0417,0.5881,0.6724,0.6169,0.5934,0.6326,0.7089,0.6326,0.7065,0.7188,0.7105,0.0017,0.0033,0.0167,0.0105,0.0026,0.0006,0.0002,0.0000,0.0008,0.0014,1.0000,1.0000,1.0000,1.0000,1.0000,1.0000,1.0000,1.0000,1.0000,1.0000
2028-12-01,0.9987,0.9992,1.0059,1.0041,1.0105,0.9956,0.9960,0.9966,0.9941,1.0044,1.0177,0.9980,3509.75,5210.06,4163.81,2636.62,2019.20,1154.63,221.88,2651.36,1796.79,558.05,1.1360,0.6561,1.0352,1.4165,1.0155,0.5687,0.9557,0.2732,0.2839,-0.0556,0.5945,0.6660,0.6427,0.6088,0.6506,0.6998,0.6684,0.7034,0.7379,0.6795,0.0098,0.0066,0.0234,0.0122,0.0110,0.0024,0.0017,0.0001,0.0072,0.0040,1.0000,1.0000,1.0000,1.0000,1.0000,1.0000,1.0000,1.0000,1.0000,1.0000
2029-01-01,1.0008,0.9975,1.0065,1.0044,1.0138,0.9966,0.9966,0.9967,0.9943,1.0022,1.0164,0.9986,3509.16,5212.11,4162.61,2635.19,2023.27,1160.79,222.56,2657.24,1801.28,560.29,1.1366,0.6559,1.0358,1.4173,1.0137,0.5667,0.9531,0.2750,0.2851,-0.0695,0.5840,0.6929,0.6405,0.6182,0.6364,0.7043,0.6859,0.6942,0.7042,0.6918,0.0071,0.0061,0.0210,0.0111,0.0112,0.0039,0.0024,0.0001,0.0037,0.0070,1.0000,1.0000,1.0000,1.0000,1.0000,1.0000,1.0000,1.0000,1.0000,1.0000
2029-02-01,0.9995,0.9959,1.0050,1.0054,1.0152,0.9945,0.9976,0.9967,0.9930,1.0007,1.0131,0.9989,3513.90,5221.97,4169.94,2635.90,2031.31,1164.43,222.81,2658.96,1804.94,561.23,1.1354,0.6548,1.0343,1.4171,1.0098,0.5658,0.9522,0.2772,0.2864,-0.0834,0.5780,0.6828,0.6245,0.5923,0.6370,0.7252,0.6991,0.7075,0.6954,0.7185,0.0011,0.0014,0.0163,0.0077,0.0032,0.0000,0.0010,0.0002,0.0001,0.0043,1.0000,1.0000,1.0000,1.0000,1.0000,1.0000,1.0000,1.0000,1.0000,1.0000
2029-03-01,0.9980,0.9956,1.0047,1.0071,1.0136,0.9938,0.9991,0.9960,0.9921,1.0001,1.0104,0.9979,3517.97,5228.04,4171.83,2640.43,2031.71,1165.36,223.49,2667.81,1814.18,562.09,1.1344,0.6541,1.0341,1.4146,1.0097,0.5663,0.9496,0.2787,0.2869,-0.0973,0.5850,0.6923,0.6358,0.5882,0.6581,0.7194,0.6907,0.7011,0.6885,0.7152,0.0012,0.0021,0.0154,0.0087,0.0008,0.0000,0.0011,0.0002,0.0001,0.0015,1.0000,1.0000,1.0000,1.0000,1.0000,1.0000,1.0000,1.0000,1.0000,1.0000
2029-04-01,0.9984,0.9978,1.0031,1.0078,1.0148,0.9920,0.9988,0.9966,0.9933,0.9994,1.0096,0.9978,3525.83,5239.24,4165.59,2640.95,2039.62,1169.14,224.01,2669.19,1819.59,561.83,1.1322,0.6527,1.0359,1.4145,1.0059,0.5654,0.9476,0.2810,0.2879,-0.1115,0.5878,0.6917,0.6323,0.5970,0.6408,0.6958,0.7010,0.7192,0.7091,0.7129,0.0076,0.0085,0.0203,0.0152,0.0100,0.0053,0.0019,0.0007,0.0057,0.0033,0.9551,0.9591,0.9767,0.9620,0.9565,0.9679,0.9969,1.0000,0.9679,1.0000
2029-05-01,0.9998,0.9988,1.0005,1.0077,1.0140,0.9925,0.9979,0.9983,0.9930,1.0006,1.0098,0.9970,3530.94,5238.53,4161.56,2643.73,2047.85,1172.02,223.96,2677.19,1822.60,563.81,1.1308,0.6527,1.0372,1.4132,1.0018,0.5650,0.9481,0.2826,0.2893,-0.1251,0.5937,0.6966,0.6111,0.5867,0.6552,0.6982,0.7014,0.7075,0.7024,0.6928,0.0073,0.0062,0.0196,0.0055,0.0069,0.0049,0.0022,0.0001,0.0041,0.0007,0.9779,0.9800,0.9885,0.9817,0.9787,0.9846,0.9986,1.0000,0.9851,1.0000
2029-06-01,0.9996,1.0019,0.9988,1.0063,1.0149,0.9949,0.9964,0.9996,0.9936,1.0018,1.0100,0.9979,3537.79,5254.16,4170.55,2649.26,2051.01,1177.60,224.57,2682.25,1827.41,563.65,1.1289,0.6507,1.0353,1.4104,1.0003,0.5633,0.9457,0.2844,0.2905,-0.1393,0.5943,0.6802,0.6012,0.5938,0.6717,0.6934,0.6765,0.7233,0.6858,0.7189,0.0106,0.0091,0.0210,0.0096,0.0115,0.0070,0.0017,0.0004,0.0074,0.0032,0.9373,0.9427,0.9676,0.9464,0.9388,0.9547,0.9957,1.0000,0.9539,1.0000
2029-07-01,1.0020,1.0019,1.0010,1.0047,1.0129,0.9966,0.9981,0.9995,0.9939,1.0006,1.0114,0.9992,3541.85,5258.48,4168.05,2648.50,2049.43,1182.75,225.46,2683.94,1831.80,563.90,1.1279,0.6502,1.0362,1.4109,1.0012,0.5618,0.9423,0.2866,0.2917,-0.1534,0.5963,0.6964,0.6214,0.6028,0.6563,0.7089,0.6890,0.7216,0.6840,0.6985,0.0129,0.0085,0.0132,0.0102,0.0121,0.0049,0.0039,0.0002,0.0068,0.0032,0.9990,0.9989,0.9995,0.9992,0.9993,0.9990,0.9999,1.0000,0.9992,1.0000
2029-08-01,1.0023,1.0034,1.0020,1.0051,1.0140,0.9949,0.9984,0.9987,0.9949,1.0005,1.0096,1.0013,3540.61,5268.05,4180.09,2648.02,2054.68,1181.72,225.91,2685.48,1832.45,564.76,1.1286,0.6491,1.0335,1.4114,0.9988,0.5632,0.9406,0.2889,0.2935,-0.1672,0.5930,0.6897,0.6154,0.5893,0.6276,0.7170,0.7062,0.7102,0.6814,0.6918,0.0089,0.0071,0.0234,0.0130,0.0113,0.0036,0.0034,0.0017,0.0071,0.0057,0.9692,0.9720,0.9840,0.9743,0.9702,0.9784,0.9980,1.0000,0.9790,1.0000
2029-09-01,1.0024,1.0055,1.0037,1.0065,1.0133,0.9965,0.9962,0.9995,0.9962,0.9995,1.0062,1.0025,3537.61,5262.63,4192.31,2645.68,2061.56,1184.33,226.15,2692.89,1839.26,565.12,1.1299,0.6498,1.0308,1.4128,0.9956,0.5629,0.9398,0.2905,0.2944,-0.1813,0.5821,0.6947,0.6387,0.5779,0.6380,0.6720,0.7010,0.6997,0.6589,0.6949,0.0114,0.0104,0.0240,0.0183,0.0114,0.0047,0.0025,0.0013,0.0093,0.0031,0.9570,0.9609,0.9777,0.9638,0.9583,0.9695,0.9972,1.0000,0.9699,1.0000
2029-10-01,1.0034,1.0080,1.0045,1.0075,1.0112,1.0000,0.9958,0.9992,0.9970,0.9978,1.0026,1.0041,3530.80,5262.28,4195.45,2649.63,2068.91,1186.75,226.77,2696.11,1844.95,564.65,1.1321,0.6500,1.0302,1.4110,0.9921,0.5628,0.9374,0.2925,0.2954,-0.1956,0.5721,0.6718,0.6515,0.5645,0.6502,0.6743,0.6908,0.7129,0.6744,0.6913,0.0136,0.0138,0.0242,0.0190,0.0131,0.0083,0.0020,0.0004,0.0097,0.0009,0.9469,0.9517,0.9725,0.9550,0.9483,0.9622,0.9965,1.0000,0.9621,1.0000
2029-11-01,1.0043,1.0093,1.0055,1.0101,1.0093,1.0016,0.9942,1.0008,0.9971,0.9978,0.9985,1.0058,3538.05,5260.74,4192.12,2644.58,2068.17,1188.11,226.66,2693.79,1851.59,566.34,1.1296,0.6502,1.0313,1.4139,0.9926,0.5631,0.9381,0.2951,0.2963,-0.2092,0.5560,0.6621,0.6397,0.5778,0.6606,0.6728,0.6999,0.7080,0.6804,0.6741,0.0101,0.0100,0.0221,0.0184,0.0094,0.0046,0.0027,0.0005,0.0058,0.0027,0.9733,0.9756,0.9861,0.9778,0.9744,0.9811,0.9983,1.0000,0.9820,1.0000
2029-12-01,1.0046,1.0104,1.0030,1.0094,1.0048,1.0002,0.9936,1.0015,0.9979,0.9989,0.9957,1.0057,3539.05,5265.95,4195.31,2649.36,2070.82,1188.76,226.63,2700.53,1857.35,566.46,1.1293,0.6497,1.0308,1.4116,0.9914,0.5638,0.9385,0.2968,0.2973,-0.2233,0.5719,0.6574,0.6218,0.5561,0.6349,0.6665,0.6767,0.6884,0.6892,0.6960,0.0040,0.0037,0.0170,0.0033,0.0038,0.0029,0.0006,0.0000,0.0026,0.0000,0.9772,0.9789,0.9882,0.9811,0.9785,0.9835,0.9985,1.0000,0.9844,1.0000
2030-01-01,1.0053,1.0114,1.0036,1.0096,1.0015,1.0003,0.9921,1.0027,0.9979,1.0016,0.9933,1.0048,3553.06,5284.38,4194.60,2649.87,2076.06,1194.27,227.24,2703.11,1865.70,568.71,1.1249,0.6475,1.0310,1.4115,0.9890,0.5622,0.9358,0.2989,0.2980,-0.2366,0.5740,0.6673,0.6251,0.5799,0.6338,0.6578,0.6655,0.7035,0.6919,0.6890,0.0073,0.0059,0.0206,0.0091,0.0069,0.0033,0.0022,0.0005,0.0040,0.0021,0.9787,0.9801,0.9890,0.9823,0.9800,0.9844,0.9986,1.0000,0.9854,1.0000
2030-02-01,1.0022,1.0144,1.0019,1.0106,0.9974,0.9966,0.9916,1.0048,0.9966,1.0023,0.9928,1.0034,3555.66,5295.34,4199.67,2657.87,2078.28,1199.25,227.74,2715.37,1872.29,571.14,1.1241,0.6462,1.0295,1.4074,0.9880,0.5608,0.9338,0.3000,0.2988,-0.2497,0.5979,0.6978,0.6159,0.5771,0.6431,0.6907,0.6839,0.6998,0.7065,0.7190,0.0104,0.0099,0.0224,0.0158,0.0096,0.0061,0.0023,0.0003,0.0063,0.0026,0.9390,0.9446,0.9686,0.9482,0.9405,0.9565,0.9961,1.0000,0.9562,1.0000
2030-03-01,1.0030,1.0157,1.0023,1.0121,0.9918,0.9944,0.9914,1.0056,0.9970,1.0050,0.9935,1.0057,3559.62,5300.19,4205.02,2656.79,2082.75,1202.85,227.88,2716.42,1873.89,572.26,1.1229,0.6456,1.0282,1.4082,0.9860,0.5601,0.9334,0.3022,0.3005,-0.2634,0.5914,0.6997,0.6225,0.5971,0.6348,0.7021,0.6894,0.7277,0.7050,0.7363,0.0082,0.0082,0.0208,0.0145,0.0078,0.0044,0.0023,0.0004,0.0047,0.0020,0.9709,0.9732,0.9849,0.9758,0.9723,0.9791,0.9982,1.0000,0.9802,1.0000
2030-04-01,1.0028,1.0151,1.0051,1.0137,0.9897,0.9947,0.9921,1.0064,0.9970,1.0068,0.9953,1.0054,3566.09,5320.44,4212.54,2650.13,2089.34,1206.77,228.03,2719.82,1883.05,573.79,1.1208,0.6432,1.0264,1.4116,0.9830,0.5592,0.9329,0.3042,0.3010,-0.2769,0.5903,0.6926,0.6283,0.5829,0.6394,0.7009,0.6794,0.7116,0.6828,0.7289,0.0084,0.0053,0.0228,0.0144,0.0076,0.0001,0.0022,0.0004,0.0051,0.0044,1.0000,1.0000,1.0000,1.0000,1.0000,1.0000,1.0000,1.0000,1.0000,1.0000
2030-05-01,1.0037,1.0129,1.0044,1.0153,0.9918,0.9947,0.9913,1.0046,0.9973,1.0062,0.9957,1.0067,3579.18,5326.34,4213.66,2658.88,2089.43,1208.20,227.10,2724.11,1889.37,576.69,1.1167,0.6425,1.0262,1.4072,0.9830,0.5595,0.9368,0.3062,0.3020,-0.2896,0.5932,0.7131,0.6352,0.5558,0.6508,0.7039,0.6735,0.7082,0.7011,0.7288,0.0025,0.0037,0.0165,0.0115,0.0059,0.0018,0.0012,0.0000,0.0014,0.0048,1.0000,1.0000,1.0000,1.0000,1.0000,1.0000,1.0000,1.0000,1.0000,1.0000
2030-06-01,1.0043,1.0096,1.0051,1.0157,0.9916,0.9962,0.9902,1.0042,0.9975,1.0044,0.9963,1.0069,3570.91,5332.00,4223.89,2654.90,2096.12,1212.72,227.49,2725.55,1896.49,579.10,1.1196,0.6418,1.0237,1.4095,0.9797,0.5583,0.9354,0.3084,0.3028,-0.3026,0.6104,0.7027,0.6287,0.5933,0.6288,0.6843,0.6219,0.7087,0.7022,0.7510,0.0038,0.0036,0.0167,0.0074,0.0035,0.0014,0.0008,0.0000,0.0018,0.0007,1.0000,1.0000,1.0000,1.0000,1.0000,1.0000,1.0000,1.0000,1.0000,1.0000
2030-07-01,1.0050,1.0065,1.0068,1.0146,0.9889,0.9970,0.9903,1.0041,0.9986,1.0039,0.9994,1.0064,3558.95,5332.61,4227.67,2657.79,2099.44,1218.44,228.28,2728.12,1902.50,579.45,1.1236,0.6416,1.0227,1.4082,0.9782,0.5567,0.9324,0.3106,0.3038,-0.3166,0.5849,0.6970,0.6433,0.5742,0.6463,0.6960,0.6449,0.7004,0.7056,0.7582,0.0080,0.0040,0.0211,0.0059,0.0076,0.0016,0.0029,0.0007,0.0041,0.0036,1.0000,1.0000,1.0000,1.0000,1.0000,1.0000,1.0000,1.0000,1.0000,1.0000
2030-08-01,1.0032,1.0040,1.0100,1.0148,0.9902,0.9985,0.9908,1.0035,0.9979,1.0041,0.9994,1.0050,3562.39,5326.06,4226.84,2659.97,2108.55,1223.54,228.34,2730.24,1913.46,579.95,1.1229,0.6423,1.0232,1.4073,0.9741,0.5553,0.9322,0.3128,0.3040,-0.3304,0.5637,0.6831,0.6371,0.5848,0.6410,0.7147,0.6791,0.6976,0.7013,0.7260,0.0080,0.0048,0.0227,0.0124,0.0101,0.0004,0.0007,0.0001,0.0058,0.0054,1.0000,1.0000,1.0000,1.0000,1.0000,1.0000,1.0000,1.0000,1.0000,1.0000
2030-09-01,1.0016,1.0030,1.0131,1.0167,0.9915,1.0006,0.9933,1.0031,1.0016,1.0054,0.9979,1.0007,3557.41,5334.08,4220.91,2666.01,2108.55,1225.37,229.10,2728.15,1922.02,579.98,1.1248,0.6414,1.0249,1.4043,0.9741,0.5554,0.9293,0.3154,0.3046,-0.3445,0.5716,0.6648,0.6246,0.5844,0.6604,0.7201,0.6708,0.6953,0.7201,0.7110,0.0092,0.0066,0.0253,0.0187,0.0125,0.0006,0.0044,0.0028,0.0078,0.0084,1.0000,1.0000,1.0000,1.0000,1.0000,1.0000,1.0000,1.0000,1.0000,1.0000
2030-10-01,1.0002,1.0032,1.0122,1.0163,0.9951,1.0022,0.9946,1.0022,1.0015,1.0063,0.9986,0.9988,3565.40,5342.35,4225.77,2669.60,2112.49,1231.21,229.48,2725.69,1923.92,580.69,1.1227,0.6405,1.0240,1.4025,0.9723,0.5537,0.9278,0.3182,0.3062,-0.3582,0.5635,0.6751,0.6057,0.5949,0.6369,0.7016,0.6891,0.6800,0.7214,0.6941,0.0014,0.0014,0.0173,0.0052,0.0060,0.0010,0.0002,0.0000,0.0007,0.0076,0.9961,0.9955,0.9980,0.9967,0.9972,0.9961,0.9996,1.0000,0.9968,1.0000
2030-11-01,1.0024,1.0056,1.0098,1.0162,0.9968,1.0028,0.9947,0.9979,1.0024,1.0053,0.9975,1.0007,3572.69,5344.51,4231.88,2666.55,2119.33,1236.28,229.71,2722.16,1931.58,581.54,1.1207,0.6402,1.0228,1.4043,0.9692,0.5523,0.9270,0.3210,0.3069,-0.3719,0.5840,0.6867,0.6207,0.6016,0.6402,0.7192,0.6895,0.6687,0.6922,0.6925,0.0127,0.0123,0.0235,0.0172,0.0158,0.0090,0.0040,0.0010,0.0087,0.0050,0.9505,0.9548,0.9744,0.9579,0.9518,0.9645,0.9967,1.0000,0.9644,1.0000
2030-12-01,1.0017,1.0099,1.0091,1.0176,0.9969,0.9999,0.9961,0.9972,1.0006,1.0040,0.9987,1.0016,3574.84,5355.25,4235.81,2672.16,2123.60,1239.78,229.86,2721.37,1933.59,583.93,1.1203,0.6390,1.0221,1.4015,0.9673,0.5517,0.9265,0.3236,0.3086,-0.3845,0.5888,0.6773,0.6272,0.5777,0.6490,0.7189,0.6824,0.6590,0.6980,0.6959,0.0148,0.0139,0.0246,0.0212,0.0140,0.0091,0.0031,0.0004,0.0102,0.0035,0.9114,0.9188,0.9545,0.9230,0.9129,0.9349,0.9938,1.0000,0.9317,1.0000
2031-01-01,1.0027,1.0111,1.0083,1.0182,0.9965,1.0008,0.9973,0.9973,0.9996,1.0038,1.0021,1.0007,3579.30,5359.83,4246.32,2675.68,2124.24,1242.57,230.05,2719.61,1942.49,582.96,1.1192,0.6385,1.0199,1.3998,0.9670,0.5513,0.9258,0.3263,0.3091,-0.3993,0.5848,0.6851,0.6275,0.5891,0.6469,0.7090,0.6756,0.6613,0.6778,0.7205,0.0083,0.0065,0.0199,0.0078,0.0074,0.0047,0.0031,0.0003,0.0041,0.0025,0.9739,0.9762,0.9865,0.9783,0.9749,0.9816,0.9984,1.0000,0.9824,1.0000
2031-02-01,1.0044,1.0157,1.0074,1.0180,0.9967,1.0001,0.9983,1.0010,0.9996,1.0018,1.0041,0.9993,3589.22,5352.24,4255.91,2673.62,2132.49,1244.15,229.88,2730.25,1945.84,583.80,1.1164,0.6394,1.0178,1.4010,0.9633,0.5516,0.9262,0.3275,0.3106,-0.4129,0.5885,0.6840,0.6457,0.5974,0.6310,0.6980,0.6718,0.6596,0.7005,0.6828,0.0218,0.0166,0.0304,0.0197,0.0205,0.0123,0.0076,0.0011,0.0132,0.0073,0.9084,0.9160,0.9530,0.9203,0.9098,0.9328,0.9937,1.0000,0.9293,1.0000
2031-03-01,1.0054,1.0176,1.0070,1.0188,0.9927,0.9991,0.9992,1.0031,1.0008,0.9993,1.0044,0.9972,3591.27,5368.03,4256.59,2676.59,2134.88,1248.78,230.20,2730.55,1953.44,584.11,1.1161,0.6376,1.0178,1.3997,0.9622,0.5505,0.9249,0.3298,0.3113,-0.4270,0.5941,0.6592,0.6477,0.5773,0.6465,0.6805,0.6551,0.6960,0.6832,0.6874,0.0112,0.0091,0.0220,0.0118,0.0107,0.0064,0.0044,0.0010,0.0065,0.0035,0.9567,0.9607,0.9776,0.9637,0.9579,0.9695,0.9973,1.0000,0.9700,1.0000
2031-04-01,1.0098,1.0190,1.0052,1.0183,0.9902,1.0021,0.9976,1.0036,1.0014,0.9964,1.0059,0.9951,3596.07,5379.93,4267.16,2676.64,2134.52,1249.62,229.75,2744.31,1965.66,586.02,1.1149,0.6362,1.0155,1.3998,0.9624,0.5510,0.9267,0.3306,0.3113,-0.4398,0.5907,0.6842,0.6370,0.5852,0.6401,0.6931,0.6640,0.6888,0.6943,0.6855,0.0152,0.0137,0.0235,0.0123,0.0144,0.0114,0.0061,0.0001,0.0098,0.0010,0.9713,0.9738,0.9851,0.9761,0.9724,0.9797,0.9982,1.0000,0.9806,1.0000
2031-05-01,1.0115,1.0182,1.0029,1.0178,0.9896,1.0020,0.9978,1.0010,1.0012,0.9955,1.0054,0.9959,3597.30,5380.87,4272.46,2683.02,2135.88,1253.71,229.90,2748.99,1969.30,586.26,1.1147,0.6361,1.0145,1.3964,0.9618,0.5502,0.9262,0.3324,0.3127,-0.4539,0.5902,0.6931,0.6498,0.5792,0.6190,0.6696,0.6368,0.7321,0.7234,0.7118,0.0043,0.0038,0.0160,0.0032,0.0042,0.0031,0.0019,0.0000,0.0024,0.0002,1.0000,1.0000,1.0000,1.0000,1.0000,1.0000,1.0000,1.0000,1.0000,1.0000
2031-06-01,1.0089,1.0168,1.0011,1.0174,0.9900,1.0014,0.9981,1.0003,0.9996,0.9942,1.0053,0.9941,3603.60,5380.53,4272.17,2686.00,2142.31,1257.66,230.12,2754.81,1972.89,585.82,1.1128,0.6362,1.0147,1.3950,0.9590,0.5494,0.9254,0.3341,0.3141,-0.4685,0.5877,0.6856,0.6494,0.6003,0.6203,0.6837,0.6467,0.7260,0.7053,0.7012,0.0002,0.0000,0.0140,0.0008,0.0009,0.0000,0.0002,0.0000,0.0000,0.0011,1.0000,1.0000,1.0000,1.0000,1.0000,1.0000,1.0000,1.0000,1.0000,1.0000
2031-07-01,1.0071,1.0122,0.9987,1.0180,0.9895,0.9990,0.9958,1.0010,1.0002,0.9922,1.0031,0.9944,3607.50,5388.22,4274.09,2687.31,2142.35,1261.73,229.75,2757.02,1975.91,586.67,1.1119,0.6353,1.0145,1.3944,0.9588,0.5485,0.9269,0.3363,0.3156,-0.4821,0.5943,0.6792,0.6382,0.6035,0.6411,0.6924,0.6562,0.7255,0.6933,0.6841,0.0009,0.0010,0.0146,0.0048,0.0010,0.0000,0.0014,0.0008,0.0006,0.0016,1.0000,1.0000,1.0000,1.0000,1.0000,1.0000,1.0000,1.0000,1.0000,1.0000
2031-08-01,1.0071,1.0092,0.9989,1.0175,0.9913,0.9956,0.9946,1.0031,0.9987,0.9918,1.0020,0.9961,3613.15,5402.69,4285.29,2692.68,2148.69,1261.08,230.22,2751.61,1987.12,588.11,1.1104,0.6336,1.0118,1.3918,0.9560,0.5497,0.9250,0.3394,0.3158,-0.4951,0.5943,0.6879,0.6341,0.5975,0.6274,0.6996,0.6374,0.7119,0.6805,0.6926,0.0015,0.0002,0.0162,0.0028,0.0043,0.0000,0.0010,0.0002,0.0003,0.0055,1.0000,1.0000,1.0000,1.0000,1.0000,1.0000,1.0000,1.0000,1.0000,1.0000
2031-09-01,1.0047,1.0078,0.9987,1.0184,0.9956,0.9927,0.9934,1.0041,0.9972,0.9922,0.9993,0.9979,3609.57,5407.92,4296.54,2697.87,2146.31,1265.20,230.49,2750.07,1994.62,588.54,1.1118,0.6328,1.0094,1.3892,0.9570,0.5488,0.9240,0.3421,0.3165,-0.5089,0.5968,0.7031,0.6492,0.6080,0.6429,0.6720,0.6588,0.6826,0.7084,0.7025,0.0012,0.0012,0.0174,0.0102,0.0064,0.0000,0.0011,0.0003,0.0001,0.0101,1.0000,1.0000,1.0000,1.0000,1.0000,1.0000,1.0000,1.0000,1.0000,1.0000
2031-10-01,1.0028,1.0068,1.0015,1.0194,1.0008,0.9933,0.9923,1.0035,0.9987,0.9952,0.9992,0.9962,3611.80,5425.19,4282.46,2696.27,2148.24,1267.46,230.65,2759.15,1999.17,589.14,1.1114,0.6307,1.0129,1.3901,0.9562,0.5488,0.9233,0.3435,0.3178,-0.5225,0.5844,0.6981,0.6587,0.6105,0.6185,0.6851,0.6651,0.6747,0.7109,0.6926,0.0069,0.0056,0.0242,0.0204,0.0142,0.0002,0.0014,0.0012,0.0063,0.0127,1.0000,1.0000,1.0000,1.0000,1.0000,1.0000,1.0000,1.0000,1.0000,1.0000
2031-11-01,0.9989,1.0057,1.0029,1.0198,1.0049,0.9941,0.9914,1.0024,0.9981,0.9966,0.9966,0.9960,3610.29,5434.07,4286.73,2700.63,2149.65,1272.92,230.62,2766.31,2005.65,589.22,1.1121,0.6296,1.0122,1.3880,0.9556,0.5474,0.9235,0.3451,0.3187,-0.5366,0.5834,0.7143,0.6044,0.5836,0.6159,0.6808,0.6657,0.7062,0.6952,0.6875,0.0035,0.0027,0.0195,0.0109,0.0086,0.0003,0.0001,0.0000,0.0019,0.0085,1.0000,1.0000,1.0000,1.0000,1.0000,1.0000,1.0000,1.0000,1.0000,1.0000
2031-12-01,0.9974,1.0048,1.0062,1.0176,1.0089,0.9941,0.9901,1.0019,0.9987,0.9973,0.9972,0.9961,3620.08,5444.88,4295.32,2707.53,2156.57,1278.36,230.89,2773.64,2007.63,589.06,1.1094,0.6284,1.0104,1.3846,0.9526,0.5459,0.9224,0.3467,0.3204,-0.5508,0.5788,0.7114,0.6161,0.5945,0.6164,0.6994,0.6597,0.7166,0.6980,0.6805,0.0075,0.0036,0.0139,0.0117,0.0127,0.0000,0.0001,0.0000,0.0049,0.0097,1.0000,1.0000,1.0000,1.0000,1.0000,1.0000,1.0000,1.0000,1.0000,1.0000
2032-01-01,0.9970,1.0060,1.0090,1.0157,1.0127,0.9919,0.9917,1.0018,1.0009,0.9947,0.9977,0.9958,3626.36,5444.99,4298.42,2715.71,2165.71,1283.96,230.65,2777.94,2016.76,590.68,1.1078,0.6285,1.0099,1.3805,0.9486,0.5444,0.9234,0.3487,0.3209,-0.5634,0.5940,0.7116,0.6373,0.6103,0.6391,0.7138,0.6675,0.7251,0.6758,0.6696,0.0111,0.0059,0.0199,0.0132,0.0164,0.0024,0.0033,0.0017,0.0082,0.0120,0.9760,0.9782,0.9875,0.9799,0.9768,0.9831,0.9985,1.0000,0.9835,1.0000
2032-02-01,0.9957,1.0055,1.0098,1.0170,1.0148,0.9911,0.9941,1.0025,1.0025,0.9922,0.9977,0.9954,3630.00,5447.35,4312.08,2719.55,2166.46,1285.79,230.42,2784.94,2024.08,592.05,1.1069,0.6283,1.0069,1.3785,0.9484,0.5445,0.9243,0.3504,0.3218,-0.5762,0.5956,0.6944,0.6339,0.6217,0.6578,0.7208,0.6515,0.7195,0.6930,0.6882,0.0054,0.0022,0.0210,0.0103,0.0085,0.0000,0.0049,0.0021,0.0026,0.0103,1.0000,1.0000,1.0000,1.0000,1.0000,1.0000,1.0000,1.0000,1.0000,1.0000
2032-03-01,0.9943,1.0051,1.0057,1.0166,1.0167,0.9924,0.9946,1.0026,1.0032,0.9910,0.9994,0.9954,3634.21,5449.49,4320.45,2722.09,2172.59,1291.11,230.73,2787.62,2034.47,593.34,1.1059,0.6281,1.0051,1.3773,0.9459,0.5432,0.9227,0.3526,0.3221,-0.5890,0.5948,0.6887,0.6527,0.6177,0.6422,0.7023,0.6413,0.7239,0.6997,0.6986,0.0014,0.0007,0.0163,0.0031,0.0043,0.0004,0.0009,0.0002,0.0003,0.0054,1.0000,1.0000,1.0000,1.0000,1.0000,1.0000,1.0000,1.0000,1.0000,1.0000
2032-04-01,0.9938,1.0044,1.0051,1.0133,1.0144,0.9934,0.9939,1.0040,1.0001,0.9889,1.0006,0.9960,3640.11,5437.80,4330.68,2722.38,2173.82,1294.30,231.33,2782.62,2039.85,593.44,1.1043,0.6296,1.0029,1.3772,0.9455,0.5427,0.9202,0.3558,0.3232,-0.6030,0.5957,0.6839,0.6575,0.6128,0.6553,0.7140,0.6588,0.7130,0.7200,0.7068,0.0012,0.0005,0.0012,0.0004,0.0008,0.0003,0.0007,0.0001,0.0002,0.0011,1.0000,1.0000,1.0000,1.0000,1.0000,1.0000,1.0000,1.0000,1.0000,1.0000
2032-05-01,0.9964,1.0047,1.0050,1.0113,1.0106,0.9945,0.9949,1.0030,1.0007,0.9879,1.0014,0.9943,3640.66,5443.20,4332.09,2720.34,2174.96,1298.49,230.73,2793.41,2048.21,594.67,1.1044,0.6291,1.0027,1.3783,0.9452,0.5419,0.9228,0.3570,0.3239,-0.6158,0.5985,0.6604,0.6703,0.6044,0.6447,0.7061,0.6777,0.6847,0.7094,0.6968,0.0096,0.0074,0.0127,0.0066,0.0093,0.0060,0.0052,0.0010,0.0054,0.0026,0.9917,0.9922,0.9957,0.9931,0.9922,0.9939,0.9994,1.0000,0.9943,1.0000
2032-06-01,0.9986,1.0063,1.0051,1.0090,1.0103,0.9927,0.9939,1.0023,1.0003,0.9893,1.0028,0.9936,3639.15,5441.37,4330.95,2721.54,2178.62,1304.59,231.28,2791.23,2061.10,596.42,1.1051,0.6294,1.0032,1.3775,0.9438,0.5402,0.9209,0.3598,0.3238,-0.6281,0.5896,0.6679,0.6544,0.5883,0.6328,0.7047,0.6448,0.7127,0.7121,0.7042,0.0110,0.0091,0.0074,0.0083,0.0106,0.0072,0.0034,0.0002,0.0064,0.0012,0.9680,0.9708,0.9834,0.9730,0.9690,0.9772,0.9979,1.0000,0.9774,1.0000
2032-07-01,1.0017,1.0074,1.0037,1.0087,1.0166,0.9919,0.9910,1.0034,1.0001,0.9911,1.0008,0.9931,3640.69,5457.03,4322.46,2719.90,2177.79,1309.17,231.28,2792.07,2071.83,598.07,1.1046,0.6277,1.0053,1.3784,0.9443,0.5392,0.9211,0.3622,0.3241,-0.6405,0.5790,0.6609,0.6407,0.5878,0.6358,0.7184,0.6699,0.6893,0.7361,0.7195,0.0125,0.0101,0.0267,0.0152,0.0196,0.0084,0.0060,0.0009,0.0078,0.0141,0.9750,0.9772,0.9870,0.9790,0.9758,0.9823,0.9984,1.0000,0.9827,1.0000
2032-08-01,1.0021,1.0105,1.0026,1.0070,1.0221,0.9928,0.9896,1.0020,0.9994,0.9918,0.9997,0.9918,3644.53,5463.32,4324.52,2716.39,2181.93,1313.73,231.41,2791.48,2079.72,600.17,1.1032,0.6271,1.0051,1.3804,0.9427,0.5382,0.9209,0.3646,0.3248,-0.6524,0.5775,0.6839,0.6097,0.5747,0.6147,0.7149,0.6615,0.6863,0.7386,0.7173,0.0101,0.0093,0.0154,0.0139,0.0162,0.0074,0.0011,0.0000,0.0074,0.0101,0.9379,0.9431,0.9680,0.9465,0.9394,0.9547,0.9957,1.0000,0.9534,1.0000
2032-09-01,1.0015,1.0122,1.0014,1.0071,1.0261,0.9907,0.9900,0.9995,0.9998,0.9955,0.9997,0.9922,3648.45,5469.66,4340.47,2728.70,2182.22,1321.29,231.69,2798.94,2083.17,601.42,1.1020,0.6265,1.0014,1.3743,0.9428,0.5360,0.9200,0.3657,0.3262,-0.6652,0.5816,0.6853,0.6179,0.5627,0.6238,0.7131,0.6631,0.6806,0.7291,0.7275,0.0057,0.0046,0.0215,0.0087,0.0108,0.0035,0.0017,0.0008,0.0041,0.0090,0.9651,0.9682,0.9820,0.9706,0.9662,0.9752,0.9978,1.0000,0.9754,1.0000
2032-10-01,0.9998,1.0134,0.9983,1.0105,1.0284,0.9906,0.9911,0.9976,1.0015,0.9979,0.9993,0.9944,3645.42,5480.84,4351.65,2721.01,2186.59,1326.25,231.62,2808.85,2094.04,601.53,1.1032,0.6253,0.9990,1.3783,0.9411,0.5348,0.9205,0.3665,0.3265,-0.6793,0.5867,0.6888,0.6515,0.6140,0.6158,0.7359,0.6696,0.7039,0.7022,0.7216,0.0056,0.0068,0.0214,0.0201,0.0097,0.0030,0.0038,0.0022,0.0045,0.0085,0.9724,0.9749,0.9857,0.9769,0.9733,0.9806,0.9983,1.0000,0.9810,1.0000
2032-11-01,0.9987,1.0154,0.9969,1.0092,1.0285,0.9890,0.9940,0.9988,1.0019,0.9987,0.9972,0.9960,3655.15,5483.53,4356.82,2720.66,2188.12,1328.53,231.54,2812.20,2100.74,602.66,1.1006,0.6251,0.9979,1.3786,0.9406,0.5347,0.9211,0.3682,0.3275,-0.6922,0.5782,0.6962,0.6596,0.5723,0.6274,0.7304,0.6591,0.7220,0.7175,0.7033,0.0065,0.0050,0.0190,0.0048,0.0062,0.0040,0.0012,0.0002,0.0040,0.0017,0.9604,0.9640,0.9796,0.9666,0.9616,0.9718,0.9975,1.0000,0.9720,1.0000
2032-12-01,0.9999,1.0169,0.9988,1.0074,1.0270,0.9851,0.9952,1.0001,1.0023,0.9994,0.9960,0.9968,3653.17,5495.66,4363.28,2724.80,2191.12,1332.77,231.68,2815.27,2112.11,603.81,1.1014,0.6236,0.9966,1.3766,0.9395,0.5339,0.9208,0.3699,0.3277,-0.7050,0.5917,0.6892,0.6546,0.5760,0.6260,0.7093,0.6535,0.7154,0.7111,0.7087,0.0130,0.0090,0.0129,0.0108,0.0126,0.0054,0.0024,0.0002,0.0080,0.0023,0.9675,0.9705,0.9832,0.9728,0.9686,0.9771,0.9980,1.0000,0.9776,1.0000
2033-01-01,0.9989,1.0162,0.9999,1.0013,1.0295,0.9834,0.9956,0.9993,1.0016,1.0002,0.9946,0.9983,3657.76,5493.43,4372.17,2724.86,2189.44,1336.18,231.31,2818.30,2118.24,604.48,1.1004,0.6238,0.9947,1.3767,0.9404,0.5334,0.9225,0.3716,0.3287,-0.7184,0.5791,0.6984,0.6560,0.5896,0.6273,0.7067,0.6571,0.7090,0.7257,0.7113,0.0028,0.0013,0.0040,0.0054,0.0063,0.0000,0.0001,0.0001,0.0015,0.0058,1.0000,1.0000,1.0000,1.0000,1.0000,1.0000,1.0000,1.0000,1.0000,1.0000
2033-02-01,0.9967,1.0159,1.0040,0.9982,1.0335,0.9829,0.9967,1.0000,0.9992,1.0005,0.9944,0.9980,3657.80,5498.21,4377.40,2731.84,2196.38,1338.46,231.34,2820.40,2128.80,605.55,1.1006,0.6233,0.9937,1.3733,0.9374,0.5334,0.9227,0.3734,0.3291,-0.7313,0.5865,0.6851,0.6645,0.5862,0.6128,0.7027,0.6421,0.7056,0.7155,0.7032,0.0098,0.0041,0.0116,0.0125,0.0142,0.0000,0.0012,0.0002,0.0050,0.0108,1.0000,1.0000,1.0000,1.0000,1.0000,1.0000,1.0000,1.0000,1.0000,1.0000
2033-03-01,0.9988,1.0144,1.0073,0.9944,1.0343,0.9831,0.9949,0.9997,0.9992,0.9978,0.9952,0.9969,3659.77,5519.44,4369.77,2734.71,2198.88,1339.13,232.33,2825.42,2136.13,606.98,1.1003,0.6210,0.9956,1.3719,0.9365,0.5340,0.9191,0.3749,0.3299,-0.7437,0.5810,0.6847,0.6586,0.6016,0.6319,0.6924,0.6453,0.7006,0.7235,0.7017,0.0143,0.0090,0.0122,0.0137,0.0157,0.0043,0.0031,0.0001,0.0078,0.0047,1.0000,1.0000,1.0000,1.0000,1.0000,1.0000,1.0000,1.0000,1.0000,1.0000
2033-04-01,0.9991,1.0143,1.0114,0.9927,1.0378,0.9840,0.9976,0.9988,0.9989,0.9966,0.9961,0.9948,3661.45,5512.85,4374.78,2734.79,2201.44,1343.85,232.46,2828.59,2145.98,608.09,1.1001,0.6218,0.9946,1.3720,0.9356,0.5330,0.9187,0.3766,0.3304,-0.7565,0.5799,0.7121,0.6261,0.5998,0.6282,0.6704,0.6886,0.7071,0.7139,0.7118,0.0118,0.0052,0.0131,0.0129,0.0152,0.0009,0.0025,0.0004,0.0056,0.0112,1.0000,1.0000,1.0000,1.0000,1.0000,1.0000,1.0000,1.0000,1.0000,1.0000
2033-05-01,1.0006,1.0137,1.0131,0.9915,1.0369,0.9842,0.9986,1.0015,0.9983,0.9958,0.9969,0.9952,3668.75,5532.32,4376.47,2734.19,2200.63,1348.77,232.27,2837.29,2156.21,609.76,1.0982,0.6197,0.9944,1.3724,0.9362,0.5320,0.9193,0.3775,0.3308,-0.7686,0.5801,0.6861,0.6335,0.5904,0.6263,0.6866,0.6798,0.7049,0.7202,0.7076,0.0115,0.0053,0.0137,0.0070,0.0102,0.0028,0.0051,0.0006,0.0050,0.0059,1.0000,1.0000,1.0000,1.0000,1.0000,1.0000,1.0000,1.0000,1.0000,1.0000
2033-06-01,1.0031,1.0115,1.0129,0.9923,1.0328,0.9830,0.9987,1.0004,0.9985,0.9952,0.9964,0.9970,3666.40,5538.65,4371.39,2734.34,2201.72,1353.77,231.82,2841.42,2164.50,610.91,1.0992,0.6190,0.9958,1.3724,0.9359,0.5309,0.9212,0.3791,0.3315,-0.7813,0.5886,0.7077,0.6324,0.5857,0.6156,0.6969,0.6614,0.7194,0.7256,0.7175,0.0072,0.0067,0.0204,0.0096,0.0075,0.0046,0.0048,0.0012,0.0044,0.0025,1.0000,1.0000,1.0000,1.0000,1.0000,1.0000,1.0000,1.0000,1.0000,1.0000
2033-07-01,1.0064,1.0090,1.0118,0.9931,1.0307,0.9826,0.9999,0.9989,0.9995,0.9976,0.9972,0.9964,3675.25,5544.52,4380.17,2739.30,2204.31,1356.73,232.09,2846.52,2172.41,613.09,1.0968,0.6184,0.9940,1.3697,0.9350,0.5306,0.9203,0.3805,0.3323,-0.7926,0.5792,0.7002,0.6124,0.5818,0.6157,0.7047,0.6363,0.7145,0.7208,0.7166,0.0090,0.0087,0.0220,0.0125,0.0091,0.0062,0.0060,0.0010,0.0058,0.0023,1.0000,1.0000,1.0000,1.0000,1.0000,1.0000,1.0000,1.0000,1.0000,1.0000
2033-08-01,1.0056,1.0040,1.0124,0.9926,1.0282,0.9826,1.0012,0.9994,1.0007,0.9984,0.9994,0.9944,3679.59,5552.51,4385.84,2743.77,2208.75,1360.65,232.23,2849.51,2177.54,612.94,1.0958,0.6176,0.9929,1.3676,0.9333,0.5300,0.9199,0.3822,0.3335,-0.8070,0.5905,0.6951,0.6288,0.5936,0.6205,0.6955,0.6490,0.7150,0.7162,0.7297,0.0030,0.0007,0.0184,0.0015,0.0026,0.0000,0.0017,0.0005,0.0013,0.0025,1.0000,1.0000,1.0000,1.0000,1.0000,1.0000,1.0000,1.0000,1.0000,1.0000
2033-09-01,1.0054,0.9999,1.0121,0.9947,1.0224,0.9852,1.0013,0.9995,0.9977,0.9984,0.9955,0.9945,3688.42,5559.56,4392.12,2747.53,2213.81,1364.71,232.68,2851.26,2180.84,613.46,1.0934,0.6169,0.9916,1.3658,0.9313,0.5292,0.9183,0.3841,0.3350,-0.8205,0.5936,0.6994,0.6369,0.6073,0.6362,0.6988,0.6558,0.7086,0.7025,0.7025,0.0027,0.0038,0.0179,0.0109,0.0018,0.0009,0.0015,0.0003,0.0005,0.0022,1.0000,1.0000,1.0000,1.0000,1.0000,1.0000,1.0000,1.0000,1.0000,1.0000
2033-10-01,1.0074,0.9972,1.0126,0.9958,1.0157,0.9851,1.0017,0.9995,0.9978,0.9995,0.9941,0.9946,3699.96,5556.93,4385.18,2747.72,2217.72,1368.34,232.92,2859.57,2187.39,616.15,1.0899,0.6172,0.9931,1.3657,0.9298,0.5287,0.9175,0.3852,0.3360,-0.8310,0.6009,0.6980,0.6420,0.6066,0.6461,0.7002,0.6699,0.7018,0.6887,0.6983,0.0067,0.0075,0.0197,0.0132,0.0066,0.0038,0.0024,0.0000,0.0036,0.0005,1.0000,1.0000,1.0000,1.0000,1.0000,1.0000,1.0000,1.0000,1.0000,1.0000
2033-11-01,1.0103,0.9940,1.0082,0.9949,1.0103,0.9852,1.0021,0.9995,1.0011,0.9988,0.9933,0.9943,3704.47,5549.10,4395.69,2747.45,2227.64,1372.03,232.82,2863.33,2193.14,615.86,1.0888,0.6181,0.9910,1.3659,0.9257,0.5281,0.9180,0.3868,0.3372,-0.8455,0.6091,0.6812,0.6193,0.5954,0.6460,0.6971,0.6715,0.7164,0.6904,0.7254,0.0068,0.0062,0.0192,0.0057,0.0076,0.0052,0.0046,0.0013,0.0053,0.0010,1.0000,1.0000,1.0000,1.0000,1.0000,1.0000,1.0000,1.0000,1.0000,1.0000
2033-12-01,1.0111,0.9916,1.0047,0.9958,1.0073,0.9835,1.0014,0.9982,1.0025,0.9979,0.9918,0.9936,3712.57,5541.15,4401.54,2756.39,2225.88,1377.28,233.07,2868.69,2196.27,616.72,1.0867,0.6191,0.9898,1.3616,0.9265,0.5270,0.9171,0.3882,0.3387,-0.8585,0.6036,0.6602,0.6416,0.5892,0.6731,0.6949,0.6570,0.7115,0.6876,0.6984,0.0018,0.0032,0.0163,0.0078,0.0028,0.0014,0.0022,0.0013,0.0022,0.0009,1.0000,1.0000,1.0000,1.0000,1.0000,1.0000,1.0000,1.0000,1.0000,1.0000
2034-01-01,1.0118,0.9903,1.0029,0.9949,1.0086,0.9806,1.0005,0.9977,1.0043,0.9950,0.9937,0.9954,3721.45,5542.53,4411.65,2757.03,2227.33,1381.79,233.42,2869.46,2201.11,616.23,1.0843,0.6191,0.9877,1.3613,0.9261,0.5261,0.9159,0.3903,0.3400,-0.8733,0.6078,0.6508,0.6452,0.6127,0.6452,0.7051,0.6640,0.7138,0.6780,0.7005,0.0028,0.0017,0.0180,0.0033,0.0052,0.0014,0.0023,0.0008,0.0016,0.0046,1.0000,1.0000,1.0000,1.0000,1.0000,1.0000,1.0000,1.0000,1.0000,1.0000
2034-02-01,1.0130,0.9915,1.0022,0.9943,1.0124,0.9772,1.0007,0.9960,1.0009,0.9932,0.9935,0.9969,3734.65,5541.32,4406.47,2758.98,2229.35,1385.47,233.45,2873.99,2206.07,616.11,1.0806,0.6191,0.9890,1.3604,0.9253,0.5256,0.9159,0.3919,0.3412,-0.8876,0.6108,0.6587,0.6542,0.6047,0.6365,0.7067,0.6717,0.7023,0.6778,0.6814,0.0063,0.0056,0.0210,0.0091,0.0112,0.0046,0.0016,0.0001,0.0042,0.0078,0.9750,0.9770,0.9870,0.9787,0.9759,0.9818,0.9982,1.0000,0.9818,1.0000
2034-03-01,1.0142,0.9920,1.0013,0.9978,1.0132,0.9757,1.0006,0.9946,1.0002,0.9917,0.9942,0.9975,3739.28,5543.01,4410.65,2755.49,2236.30,1388.37,233.72,2870.31,2214.56,615.56,1.0794,0.6189,0.9882,1.3621,0.9224,0.5253,0.9150,0.3945,0.3420,-0.9025,0.6183,0.6580,0.6298,0.5999,0.6303,0.7010,0.6655,0.7057,0.6768,0.6724,0.0072,0.0082,0.0209,0.0193,0.0085,0.0043,0.0042,0.0009,0.0037,0.0052,0.9882,0.9892,0.9939,0.9901,0.9887,0.9915,0.9992,1.0000,0.9917,1.0000
2034-04-01,1.0126,0.9934,1.0009,1.0003,1.0151,0.9772,1.0011,0.9966,1.0008,0.9940,0.9947,0.9972,3739.08,5543.67,4425.65,2754.63,2236.60,1394.71,234.02,2868.98,2220.52,616.11,1.0797,0.6189,0.9851,1.3627,0.9224,0.5238,0.9139,0.3969,0.3431,-0.9159,0.6093,0.6619,0.6328,0.5731,0.6507,0.6917,0.6692,0.6797,0.6923,0.6619,0.0065,0.0080,0.0220,0.0191,0.0088,0.0039,0.0021,0.0005,0.0037,0.0061,0.9698,0.9722,0.9843,0.9742,0.9708,0.9780,0.9978,1.0000,0.9777,1.0000
2034-05-01,1.0076,0.9962,0.9992,1.0030,1.0138,0.9824,0.9986,0.9970,1.0009,0.9948,0.9955,0.9943,3750.44,5538.58,4431.20,2750.78,2238.06,1399.93,234.38,2874.70,2220.63,616.27,1.0766,0.6196,0.9840,1.3647,0.9219,0.5227,0.9126,0.3983,0.3451,-0.9297,0.5980,0.6626,0.6540,0.5684,0.6351,0.7076,0.6738,0.6738,0.6904,0.6698,0.0119,0.0142,0.0242,0.0238,0.0107,0.0084,0.0020,0.0004,0.0082,0.0018,0.9398,0.9444,0.9689,0.9476,0.9414,0.9553,0.9955,1.0000,0.9533,1.0000
2034-06-01,1.0011,0.9992,0.9969,1.0056,1.0108,0.9873,0.9974,0.9970,1.0021,0.9958,0.9977,0.9936,3759.90,5540.47,4430.24,2741.50,2247.82,1406.34,235.14,2876.27,2231.78,616.18,1.0740,0.6195,0.9843,1.3695,0.9180,0.5212,0.9093,0.4003,0.3454,-0.9440,0.6077,0.6500,0.6490,0.5523,0.6281,0.7098,0.6793,0.6935,0.6608,0.6734,0.0119,0.0136,0.0241,0.0224,0.0110,0.0081,0.0025,0.0008,0.0085,0.0022,0.9385,0.9433,0.9683,0.9466,0.9401,0.9545,0.9955,1.0000,0.9525,1.0000
2034-07-01,0.9966,1.0020,0.9953,1.0073,1.0084,0.9887,0.9968,0.9960,1.0046,0.9935,0.9984,0.9925,3765.36,5541.47,4435.87,2746.90,2250.67,1410.08,235.03,2886.75,2239.61,616.98,1.0726,0.6195,0.9832,1.3670,0.9170,0.5206,0.9097,0.4011,0.3462,-0.9569,0.6104,0.6551,0.6345,0.5285,0.6555,0.7185,0.6964,0.6911,0.6876,0.6710,0.0094,0.0111,0.0213,0.0183,0.0098,0.0067,0.0023,0.0013,0.0082,0.0014,0.9395,0.9442,0.9688,0.9475,0.9411,0.9553,0.9956,1.0000,0.9534,1.0000
2034-08-01,0.9927,1.0046,0.9968,1.0099,1.0064,0.9891,0.9961,0.9965,1.0051,0.9945,0.9967,0.9940,3775.82,5539.92,4431.74,2751.80,2257.05,1409.19,234.92,2883.80,2247.43,618.27,1.0698,0.6198,0.9843,1.3645,0.9144,0.5218,0.9104,0.4037,0.3471,-0.9689,0.6071,0.6582,0.6387,0.5593,0.6484,0.7089,0.6770,0.7150,0.6929,0.6817,0.0121,0.0125,0.0241,0.0231,0.0119,0.0059,0.0017,0.0007,0.0103,0.0023,0.9454,0.9498,0.9719,0.9528,0.9469,0.9599,0.9961,1.0000,0.9586,1.0000
2034-09-01,0.9901,1.0047,1.0011,1.0087,1.0069,0.9923,0.9973,0.9965,1.0043,0.9945,0.9963,0.9943,3778.89,5535.75,4424.57,2755.93,2259.35,1415.27,235.32,2884.70,2261.23,620.31,1.0691,0.6203,0.9861,1.3626,0.9136,0.5204,0.9092,0.4058,0.3470,-0.9798,0.6120,0.6549,0.6182,0.5785,0.6571,0.6693,0.6619,0.6882,0.6957,0.6973,0.0105,0.0060,0.0189,0.0113,0.0110,0.0011,0.0001,0.0000,0.0078,0.0033,0.9988,0.9988,0.9994,0.9990,0.9989,0.9991,0.9999,1.0000,0.9992,1.0000
2034-10-01,0.9880,1.0063,1.0033,1.0061,1.0083,0.9934,0.9969,0.9973,1.0055,0.9929,0.9966,0.9938,3790.21,5530.40,4425.24,2758.39,2260.40,1417.37,235.34,2883.13,2272.12,622.13,1.0660,0.6211,0.9861,1.3614,0.9132,0.5205,0.9095,0.4083,0.3473,-0.9909,0.6045,0.6524,0.6048,0.5914,0.6467,0.6925,0.6729,0.6861,0.7203,0.7142,0.0109,0.0077,0.0094,0.0121,0.0133,0.0040,0.0008,0.0003,0.0071,0.0047,0.9645,0.9674,0.9816,0.9697,0.9656,0.9743,0.9976,1.0000,0.9740,1.0000
2034-11-01,0.9874,1.0027,1.0029,1.0052,1.0082,0.9950,0.9988,0.9974,1.0050,0.9906,0.9972,0.9918,3790.50,5548.74,4423.12,2760.96,2268.48,1421.35,235.26,2885.39,2276.51,622.37,1.0658,0.6191,0.9866,1.3603,0.9101,0.5199,0.9102,0.4102,0.3487,-1.0046,0.6107,0.6474,0.6143,0.5929,0.6340,0.6825,0.6665,0.6775,0.7254,0.7217,0.0037,0.0008,0.0176,0.0008,0.0027,0.0005,0.0032,0.0009,0.0008,0.0042,1.0000,1.0000,1.0000,1.0000,1.0000,1.0000,1.0000,1.0000,1.0000,1.0000
2034-12-01,0.9867,1.0016,1.0020,1.0037,1.0096,0.9958,0.9998,0.9967,1.0073,0.9902,0.9982,0.9925,3793.32,5550.12,4432.57,2763.22,2264.82,1423.49,235.26,2882.19,2287.68,622.97,1.0652,0.6190,0.9847,1.3592,0.9116,0.5199,0.9105,0.4129,0.3490,-1.0176,0.5997,0.6897,0.6103,0.6010,0.6617,0.6900,0.6562,0.6837,0.7044,0.7040,0.0016,0.0004,0.0150,0.0027,0.0046,0.0003,0.0026,0.0016,0.0014,0.0058,1.0000,1.0000,1.0000,1.0000,1.0000,1.0000,1.0000,1.0000,1.0000,1.0000
2035-01-01,0.9875,1.0005,1.0034,1.0050,1.0095,0.9975,1.0002,0.9962,1.0068,0.9915,1.0006,0.9937,3795.79,5550.92,4436.57,2765.77,2266.34,1430.25,235.54,2884.56,2294.86,625.10,1.0646,0.6190,0.9840,1.3580,0.9111,0.5183,0.9098,0.4149,0.3499,-1.0281,0.5978,0.6848,0.6318,0.6016,0.6295,0.6827,0.6543,0.6709,0.7176,0.6983,0.0098,0.0068,0.0243,0.0144,0.0085,0.0022,0.0049,0.0011,0.0046,0.0061,1.0000,1.0000,1.0000,1.0000,1.0000,1.0000,1.0000,1.0000,1.0000,1.0000
2035-02-01,0.9869,1.0009,1.0039,1.0074,1.0090,0.9946,1.0005,0.9995,1.0077,0.9917,1.0025,0.9930,3799.46,5563.29,4438.86,2774.95,2272.48,1434.29,235.84,2889.39,2306.71,625.26,1.0638,0.6177,0.9836,1.3536,0.9087,0.5177,0.9090,0.4165,0.3502,-1.0419,0.5926,0.6765,0.6316,0.5980,0.6261,0.7078,0.6635,0.6801,0.7089,0.7191,0.0066,0.0043,0.0210,0.0131,0.0057,0.0008,0.0045,0.0013,0.0023,0.0062,0.9923,0.9930,0.9960,0.9935,0.9926,0.9945,0.9995,1.0000,0.9946,1.0000
2035-03-01,0.9869,0.9994,1.0036,1.0082,1.0071,0.9943,0.9976,1.0001,1.0056,0.9914,1.0018,0.9906,3797.29,5564.80,4439.72,2774.42,2274.13,1437.94,236.09,2893.20,2313.35,627.64,1.0646,0.6176,0.9836,1.3538,0.9081,0.5172,0.9084,0.4183,0.3512,-1.0519,0.5936,0.6915,0.6306,0.6180,0.6429,0.7052,0.6691,0.6916,0.7227,0.7029,0.0001,0.0013,0.0141,0.0054,0.0001,0.0000,0.0001,0.0000,0.0000,0.0001,1.0000,1.0000,1.0000,1.0000,1.0000,1.0000,1.0000,1.0000,1.0000,1.0000
2035-04-01,0.9843,0.9994,1.0064,1.0089,1.0074,0.9923,0.9969,0.9985,1.0070,0.9921,0.9998,0.9910,3802.93,5543.70,4446.42,2777.61,2275.12,1441.44,236.12,2892.98,2319.85,626.16,1.0631,0.6198,0.9823,1.3523,0.9076,0.5168,0.9086,0.4206,0.3522,-1.0684,0.5875,0.6864,0.6302,0.6054,0.6399,0.7015,0.6733,0.6970,0.7138,0.7246,0.0064,0.0051,0.0211,0.0136,0.0077,0.0001,0.0011,0.0010,0.0064,0.0029,0.9990,0.9990,0.9995,0.9991,0.9990,0.9993,0.9999,1.0000,0.9993,1.0000
2035-05-01,0.9821,0.9999,1.0062,1.0075,1.0045,0.9941,0.9969,0.9993,1.0067,0.9926,0.9973,0.9929,3808.28,5555.48,4452.03,2778.24,2275.91,1449.44,236.92,2892.69,2328.66,627.81,1.0618,0.6185,0.9812,1.3520,0.9074,0.5147,0.9058,0.4229,0.3529,-1.0796,0.5920,0.6470,0.6367,0.6034,0.6311,0.6980,0.6669,0.6883,0.7041,0.6858,0.0023,0.0023,0.0093,0.0021,0.0020,0.0017,0.0001,0.0001,0.0014,0.0003,0.9891,0.9900,0.9943,0.9908,0.9895,0.9921,0.9993,1.0000,0.9922,1.0000
2035-06-01,0.9804,1.0051,1.0031,1.0067,1.0028,0.9937,0.9965,1.0000,1.0058,0.9945,0.9965,0.9949,3813.16,5560.19,4454.75,2780.91,2279.16,1451.71,236.98,2897.87,2335.58,629.96,1.0606,0.6180,0.9808,1.3508,0.9062,0.5148,0.9059,0.4245,0.3539,-1.0898,0.5973,0.6766,0.6464,0.5999,0.6275,0.7250,0.6951,0.6818,0.7097,0.7063,0.0159,0.0140,0.0265,0.0148,0.0153,0.0111,0.0024,0.0004,0.0140,0.0021,0.8961,0.9037,0.9468,0.9077,0.8977,0.9213,0.9921,1.0000,0.9148,1.0000
2035-07-01,0.9773,1.0136,1.0025,1.0043,1.0001,0.9935,1.0005,1.0011,1.0058,0.9975,0.9970,0.9979,3815.58,5558.86,4461.55,2785.27,2284.32,1455.85,236.99,2903.86,2341.63,630.21,1.0601,0.6182,0.9794,1.3487,0.9043,0.5141,0.9062,0.4260,0.3551,-1.1034,0.5947,0.6750,0.6366,0.5971,0.6279,0.7012,0.6814,0.6939,0.6992,0.7217,0.0250,0.0217,0.0138,0.0212,0.0243,0.0181,0.0036,0.0004,0.0206,0.0029,0.8344,0.8453,0.9160,0.8490,0.8355,0.8708,0.9870,1.0000,0.8540,1.0000
2035-08-01,0.9779,1.0173,1.0017,1.0018,0.9975,0.9918,1.0027,0.9992,1.0051,0.9992,0.9973,0.9989,3814.52,5573.55,4462.95,2787.30,2284.25,1460.59,236.92,2909.72,2346.40,631.14,1.0605,0.6166,0.9793,1.3477,0.9044,0.5133,0.9063,0.4274,0.3564,-1.1158,0.5882,0.6627,0.6457,0.5990,0.6326,0.6940,0.6707,0.7039,0.6876,0.7064,0.0134,0.0110,0.0078,0.0102,0.0125,0.0089,0.0029,0.0003,0.0091,0.0022,0.9263,0.9321,0.9623,0.9357,0.9279,0.9454,0.9949,1.0000,0.9425,1.0000
2035-09-01,0.9753,1.0184,1.0029,1.0012,0.9969,0.9898,1.0019,1.0002,1.0059,0.9984,0.9956,0.9991,3816.23,5579.72,4469.53,2788.57,2289.53,1464.11,237.16,2921.17,2359.65,633.92,1.0602,0.6160,0.9780,1.3469,0.9024,0.5129,0.9057,0.4281,0.3565,-1.1249,0.5824,0.6881,0.6418,0.5987,0.6209,0.6981,0.6593,0.7112,0.6800,0.7057,0.0078,0.0045,0.0219,0.0062,0.0081,0.0025,0.0029,0.0014,0.0064,0.0035,0.9754,0.9775,0.9873,0.9792,0.9762,0.9825,0.9984,1.0000,0.9826,1.0000
2035-10-01,0.9750,1.0187,1.0050,1.0000,0.9934,0.9898,1.0039,1.0005,1.0077,0.9983,0.9957,0.9970,3830.54,5588.90,4477.33,2791.61,2298.01,1472.31,237.80,2920.20,2367.33,635.85,1.0564,0.6151,0.9764,1.3454,0.8991,0.5109,0.9035,0.4305,0.3574,-1.1355,0.5841,0.6899,0.6425,0.5970,0.6355,0.6951,0.6641,0.7300,0.7060,0.7287,0.0068,0.0031,0.0151,0.0059,0.0070,0.0006,0.0019,0.0009,0.0052,0.0031,0.9949,0.9951,0.9974,0.9958,0.9954,0.9960,0.9996,1.0000,0.9964,1.0000
2035-11-01,0.9732,1.0125,1.0030,0.9984,0.9927,0.9888,1.0025,1.0017,1.0078,0.9988,0.9968,0.9961,3829.37,5593.74,4480.15,2799.06,2302.23,1476.77,237.93,2926.48,2372.23,638.57,1.0569,0.6146,0.9759,1.3419,0.8975,0.5102,0.9032,0.4319,0.3587,-1.1446,0.6068,0.6965,0.6516,0.6017,0.6607,0.7243,0.6858,0.7035,0.7032,0.7338,0.0009,0.0000,0.0023,0.0000,0.0006,0.0000,0.0009,0.0001,0.0001,0.0012,1.0000,1.0000,1.0000,1.0000,1.0000,1.0000,1.0000,1.0000,1.0000,1.0000
2035-12-01,0.9716,1.0084,1.0021,0.9961,0.9914,0.9909,0.9998,1.0018,1.0071,0.9992,0.9926,0.9977,3832.85,5601.61,4480.53,2799.92,2308.93,1483.41,237.86,2926.40,2375.97,640.48,1.0558,0.6138,0.9757,1.3415,0.8949,0.5087,0.9036,0.4343,0.3602,-1.1551,0.5969,0.6947,0.6521,0.6201,0.6607,0.7177,0.6788,0.7112,0.6943,0.7475,0.0009,0.0010,0.0009,0.0009,0.0006,0.0007,0.0000,0.0001,0.0003,0.0002,1.0000,1.0000,1.0000,1.0000,1.0000,1.0000,1.0000,1.0000,1.0000,1.0000
2036-01-01,0.9716,1.0070,1.0018,0.9962,0.9898,0.9925,0.9986,0.9997,1.0067,0.9999,0.9891,1.0010,3837.78,5609.50,4485.08,2804.90,2311.79,1489.35,237.94,2931.54,2378.05,643.65,1.0546,0.6129,0.9748,1.3394,0.8938,0.5075,0.9035,0.4359,0.3619,-1.1633,0.5968,0.6971,0.6468,0.6112,0.6688,0.7249,0.6678,0.6981,0.6836,0.7460,0.0008,0.0014,0.0166,0.0027,0.0010,0.0006,0.0007,0.0007,0.0009,0.0009,1.0000,1.0000,1.0000,1.0000,1.0000,1.0000,1.0000,1.0000,1.0000,1.0000
2036-02-01,0.9747,1.0049,1.0033,0.9964,0.9883,0.9916,0.9983,1.0009,1.0082,0.9996,0.9878,1.0015,3836.29,5611.61,4490.56,2808.90,2313.72,1491.68,237.89,2934.87,2383.78,643.61,1.0551,0.6127,0.9738,1.3377,0.8933,0.5075,0.9040,0.4378,0.3632,-1.1773,0.5992,0.6987,0.6434,0.6179,0.6582,0.7257,0.6646,0.7049,0.6678,0.7634,0.0122,0.0096,0.0241,0.0134,0.0125,0.0060,0.0059,0.0012,0.0090,0.0030,1.0000,1.0000,1.0000,1.0000,1.0000,1.0000,1.0000,1.0000,1.0000,1.0000
2036-03-01,0.9767,1.0058,1.0048,0.9982,0.9901,0.9891,0.9972,1.0000,1.0095,0.9993,0.9864,1.0020,3845.76,5615.44,4488.54,2807.51,2316.00,1494.92,237.81,2933.33,2390.64,643.98,1.0527,0.6124,0.9744,1.3386,0.8926,0.5073,0.9045,0.4404,0.3642,-1.1906,0.5876,0.6872,0.6416,0.6136,0.6443,0.7034,0.6557,0.7030,0.6689,0.7295,0.0125,0.0128,0.0256,0.0241,0.0166,0.0063,0.0043,0.0015,0.0104,0.0064,0.9802,0.9819,0.9897,0.9832,0.9809,0.9858,0.9987,1.0000,0.9858,1.0000
2036-04-01,0.9760,1.0068,1.0068,0.9993,0.9899,0.9866,0.9981,0.9996,1.0083,0.9998,0.9857,1.0030,3848.47,5617.38,4492.83,2809.37,2318.53,1496.95,238.69,2935.82,2402.67,644.68,1.0521,0.6122,0.9736,1.3381,0.8919,0.5074,0.9014,0.4424,0.3645,-1.2033,0.5972,0.6818,0.6265,0.5906,0.6354,0.6944,0.6508,0.6879,0.6739,0.7105,0.0081,0.0072,0.0218,0.0143,0.0079,0.0022,0.0005,0.0001,0.0071,0.0016,0.9783,0.9801,0.9888,0.9816,0.9790,0.9844,0.9985,1.0000,0.9844,1.0000
2036-05-01,0.9766,1.0066,1.0060,1.0006,0.9902,0.9852,0.9985,1.0007,1.0073,0.9991,0.9858,1.0033,3847.48,5623.41,4490.03,2806.45,2322.56,1501.04,238.83,2934.97,2412.51,646.75,1.0525,0.6116,0.9744,1.3398,0.8906,0.5069,0.9011,0.4450,0.3651,-1.2133,0.5946,0.6775,0.6312,0.5917,0.6357,0.6813,0.6882,0.6903,0.7007,0.7050,0.0023,0.0031,0.0164,0.0077,0.0025,0.0013,0.0015,0.0001,0.0010,0.0018,1.0000,1.0000,1.0000,1.0000,1.0000,1.0000,1.0000,1.0000,1.0000,1.0000
2036-06-01,0.9789,1.0054,1.0068,1.0008,0.9892,0.9830,1.0004,1.0026,1.0062,1.0001,0.9867,1.0036,3844.02,5619.37,4510.82,2802.52,2334.73,1501.20,239.21,2935.83,2418.49,647.79,1.0536,0.6121,0.9700,1.3420,0.8862,0.5077,0.8999,0.4472,0.3663,-1.2253,0.5894,0.6827,0.6222,0.5797,0.6424,0.6861,0.6801,0.6819,0.7088,0.7187,0.0108,0.0075,0.0236,0.0107,0.0099,0.0045,0.0051,0.0004,0.0048,0.0040,1.0000,1.0000,1.0000,1.0000,1.0000,1.0000,1.0000,1.0000,1.0000,1.0000
2036-07-01,0.9792,1.0026,1.0074,0.9969,0.9905,0.9815,1.0001,1.0035,1.0092,0.9987,0.9867,1.0036,3852.48,5633.57,4509.00,2805.04,2338.55,1503.05,239.37,2938.71,2423.10,648.30,1.0514,0.6104,0.9705,1.3412,0.8849,0.5079,0.8994,0.4492,0.3677,-1.2383,0.5789,0.6687,0.6563,0.5665,0.6721,0.6661,0.6814,0.6810,0.6981,0.7137,0.0025,0.0017,0.0033,0.0044,0.0055,0.0008,0.0013,0.0008,0.0021,0.0039,1.0000,1.0000,1.0000,1.0000,1.0000,1.0000,1.0000,1.0000,1.0000,1.0000
2036-08-01,0.9790,1.0001,1.0096,0.9965,0.9910,0.9798,1.0004,0.9992,1.0068,0.9991,0.9845,1.0023,3858.55,5626.32,4512.79,2804.98,2343.36,1504.01,238.99,2939.73,2430.33,649.44,1.0499,0.6112,0.9698,1.3416,0.8832,0.5085,0.9011,0.4515,0.3687,-1.2501,0.5953,0.6934,0.6442,0.5823,0.6625,0.6638,0.6764,0.6870,0.6862,0.7015,0.0059,0.0025,0.0218,0.0061,0.0068,0.0000,0.0007,0.0001,0.0051,0.0034,1.0000,1.0000,1.0000,1.0000,1.0000,1.0000,1.0000,1.0000,1.0000,1.0000
2036-09-01,0.9793,0.9995,1.0087,0.9944,0.9900,0.9770,0.9987,1.0001,1.0046,0.9978,0.9847,1.0005,3861.18,5630.09,4526.80,2803.63,2349.36,1509.09,239.50,2947.77,2435.15,648.52,1.0493,0.6108,0.9670,1.3426,0.8811,0.5076,0.8990,0.4527,0.3700,-1.2658,0.5982,0.6733,0.6384,0.5816,0.6609,0.6579,0.6546,0.6852,0.6876,0.7043,0.0008,0.0008,0.0005,0.0006,0.0007,0.0007,0.0004,0.0000,0.0005,0.0000,1.0000,1.0000,1.0000,1.0000,1.0000,1.0000,1.0000,1.0000,1.0000,1.0000
2036-10-01,0.9847,0.9973,1.0115,0.9926,0.9927,0.9732,0.9997,1.0014,1.0043,0.9937,0.9863,0.9995,3865.17,5627.74,4533.72,2798.60,2350.90,1512.05,239.34,2961.36,2442.13,649.58,1.0484,0.6111,0.9656,1.3454,0.8807,0.5075,0.8996,0.4530,0.3711,-1.2777,0.5973,0.6773,0.6659,0.5802,0.6673,0.6763,0.6718,0.7038,0.6829,0.6817,0.0222,0.0149,0.0203,0.0208,0.0254,0.0109,0.0106,0.0005,0.0141,0.0116,1.0000,1.0000,1.0000,1.0000,1.0000,1.0000,1.0000,1.0000,1.0000,1.0000
2036-11-01,0.9891,0.9980,1.0137,0.9906,0.9939,0.9711,0.9990,1.0013,1.0059,0.9905,0.9881,0.9992,3866.77,5623.75,4547.29,2810.27,2351.06,1518.84,239.73,2962.18,2447.69,650.03,1.0481,0.6116,0.9628,1.3402,0.8809,0.5061,0.8983,0.4552,0.3723,-1.2908,0.5911,0.6623,0.6580,0.5542,0.6390,0.6718,0.6525,0.7366,0.6804,0.6862,0.0184,0.0137,0.0140,0.0174,0.0210,0.0100,0.0081,0.0011,0.0127,0.0061,0.9856,0.9868,0.9925,0.9878,0.9861,0.9896,0.9990,1.0000,0.9896,1.0000
2036-12-01,0.9911,0.9992,1.0129,0.9891,0.9957,0.9690,0.9976,0.9978,1.0067,0.9889,0.9891,0.9993,3867.93,5621.92,4549.96,2800.46,2353.33,1522.68,239.94,2961.56,2458.83,650.65,1.0479,0.6119,0.9623,1.3452,0.8802,0.5056,0.8976,0.4577,0.3728,-1.3036,0.5879,0.6544,0.6717,0.5953,0.6253,0.6919,0.6639,0.7168,0.6763,0.6856,0.0099,0.0084,0.0072,0.0100,0.0130,0.0068,0.0038,0.0006,0.0064,0.0052,0.9718,0.9741,0.9854,0.9759,0.9728,0.9794,0.9980,1.0000,0.9791,1.0000
2037-01-01,0.9933,1.0019,1.0125,0.9872,0.9985,0.9686,0.9995,0.9986,1.0058,0.9881,0.9916,1.0013,3866.11,5634.29,4566.80,2797.30,2358.13,1527.06,240.43,2960.88,2470.72,650.35,1.0482,0.6106,0.9585,1.3469,0.8787,0.5050,0.8959,0.4602,0.3731,-1.3183,0.5862,0.6546,0.6608,0.5542,0.6265,0.6898,0.6677,0.6970,0.6984,0.6866,0.0167,0.0120,0.0125,0.0143,0.0195,0.0098,0.0062,0.0006,0.0093,0.0109,0.9451,0.9493,0.9717,0.9523,0.9466,0.9592,0.9960,1.0000,0.9574,1.0000
2037-02-01,0.9915,1.0039,1.0116,0.9850,1.0006,0.9718,1.0012,1.0001,1.0069,0.9879,0.9920,1.0020,3865.86,5634.74,4575.37,2796.66,2358.09,1529.92,240.73,2963.16,2480.53,652.46,1.0485,0.6106,0.9568,1.3472,0.8787,0.5049,0.8948,0.4622,0.3737,-1.3280,0.5787,0.6733,0.6782,0.5504,0.6320,0.6898,0.6774,0.6868,0.7097,0.6723,0.0098,0.0073,0.0087,0.0095,0.0123,0.0055,0.0033,0.0011,0.0059,0.0082,0.9567,0.9600,0.9777,0.9625,0.9580,0.9680,0.9969,1.0000,0.9669,1.0000
2037-03-01,0.9937,1.0067,1.0105,0.9862,1.0036,0.9758,1.0014,1.0009,1.0074,0.9861,0.9933,1.0017,3862.23,5631.73,4585.13,2798.84,2360.54,1530.49,241.34,2969.13,2486.37,652.02,1.0497,0.6110,0.9548,1.3463,0.8776,0.5056,0.8927,0.4637,0.3749,-1.3430,0.5789,0.6706,0.6769,0.5583,0.6230,0.6838,0.6790,0.6881,0.7118,0.6959,0.0234,0.0195,0.0366,0.0298,0.0267,0.0135,0.0112,0.0029,0.0156,0.0163,0.9340,0.9390,0.9661,0.9422,0.9356,0.9507,0.9952,1.0000,0.9480,1.0000
2037-04-01,0.9969,1.0071,1.0092,0.9920,1.0042,0.9785,1.0009,0.9996,1.0099,0.9877,0.9947,1.0027,3862.33,5644.65,4593.85,2804.88,2364.12,1531.98,241.00,2973.98,2491.78,651.38,1.0498,0.6097,0.9530,1.3436,0.8763,0.5060,0.8940,0.4653,0.3762,-1.3584,0.5691,0.6574,0.6649,0.5617,0.6180,0.6633,0.6864,0.6984,0.6949,0.6744,0.0110,0.0140,0.0242,0.0264,0.0127,0.0088,0.0074,0.0020,0.0079,0.0044,0.9931,0.9937,0.9964,0.9942,0.9934,0.9951,0.9995,1.0000,0.9952,1.0000
2037-05-01,0.9941,1.0085,1.0074,0.9965,1.0065,0.9771,1.0010,0.9980,1.0102,0.9911,0.9916,1.0020,3864.10,5661.75,4613.38,2805.75,2372.49,1537.96,241.82,2987.46,2498.49,651.95,1.0495,0.6079,0.9490,1.3432,0.8733,0.5049,0.8911,0.4655,0.3773,-1.3713,0.5740,0.6798,0.6642,0.5837,0.6289,0.6567,0.6568,0.7034,0.6853,0.6631,0.0045,0.0087,0.0203,0.0236,0.0081,0.0042,0.0008,0.0002,0.0037,0.0051,0.9684,0.9710,0.9837,0.9730,0.9695,0.9770,0.9978,1.0000,0.9766,1.0000
2037-06-01,0.9915,1.0074,1.0073,0.9983,1.0081,0.9773,0.9978,0.9947,1.0120,0.9930,0.9897,1.0017,3865.93,5667.54,4620.19,2810.37,2376.67,1541.83,242.61,2986.47,2510.32,652.73,1.0492,0.6073,0.9476,1.3411,0.8717,0.5044,0.8882,0.4680,0.3776,-1.3838,0.5796,0.6990,0.6838,0.5796,0.6513,0.6793,0.6846,0.7305,0.6860,0.6703,0.0002,0.0024,0.0166,0.0110,0.0032,0.0001,0.0005,0.0004,0.0004,0.0038,1.0000,1.0000,1.0000,1.0000,1.0000,1.0000,1.0000,1.0000,1.0000,1.0000
2037-07-01,0.9922,1.0047,1.0064,0.9968,1.0064,0.9758,0.9979,0.9919,1.0114,0.9930,0.9893,1.0019,3873.40,5667.70,4616.61,2812.27,2378.56,1551.64,241.75,2980.84,2513.77,653.31,1.0473,0.6073,0.9486,1.3403,0.8712,0.5021,0.8914,0.4713,0.3792,-1.3966,0.5839,0.6972,0.6751,0.5940,0.6534,0.6839,0.7012,0.7079,0.7043,0.6791,0.0017,0.0017,0.0069,0.0013,0.0015,0.0014,0.0009,0.0000,0.0010,0.0000,1.0000,1.0000,1.0000,1.0000,1.0000,1.0000,1.0000,1.0000,1.0000,1.0000
2037-08-01,0.9950,1.0047,1.0075,0.9949,1.0054,0.9748,0.9971,0.9945,1.0109,0.9914,0.9895,1.0044,3888.20,5670.24,4615.16,2814.99,2381.56,1555.43,241.77,2990.22,2517.25,654.34,1.0435,0.6071,0.9492,1.3391,0.8702,0.5017,0.8914,0.4722,0.3808,-1.4085,0.5957,0.6854,0.6505,0.5988,0.6460,0.7242,0.6462,0.6752,0.6848,0.6851,0.0115,0.0078,0.0083,0.0085,0.0109,0.0055,0.0050,0.0003,0.0061,0.0030,1.0000,1.0000,1.0000,1.0000,1.0000,1.0000,1.0000,1.0000,1.0000,1.0000
2037-09-01,0.9960,1.0004,1.0111,0.9949,1.0037,0.9757,0.9972,0.9962,1.0107,0.9923,0.9877,1.0058,3895.07,5673.20,4616.37,2818.43,2384.10,1559.32,241.36,2989.29,2527.97,655.21,1.0417,0.6066,0.9493,1.3375,0.8695,0.5012,0.8931,0.4748,0.3813,-1.4206,0.6091,0.6800,0.6401,0.5991,0.6413,0.7098,0.6472,0.7002,0.6728,0.6914,0.0138,0.0072,0.0289,0.0121,0.0130,0.0023,0.0048,0.0013,0.0108,0.0065,1.0000,1.0000,1.0000,1.0000,1.0000,1.0000,1.0000,1.0000,1.0000,1.0000
2037-10-01,0.9965,0.9970,1.0107,0.9933,1.0017,0.9759,0.9976,0.9961,1.0098,0.9926,0.9879,1.0046,3910.91,5665.63,4625.32,2819.14,2393.78,1565.08,241.19,2986.07,2536.45,657.38,1.0376,0.6074,0.9478,1.3372,0.8661,0.5002,0.8934,0.4777,0.3822,-1.4299,0.6069,0.6776,0.6275,0.6010,0.6360,0.7013,0.6309,0.6852,0.6899,0.6926,0.0013,0.0012,0.0007,0.0010,0.0011,0.0011,0.0006,0.0000,0.0007,0.0000,1.0000,1.0000,1.0000,1.0000,1.0000,1.0000,1.0000,1.0000,1.0000,1.0000
2037-11-01,0.9958,0.9952,1.0115,0.9939,0.9971,0.9737,0.9962,0.9949,1.0076,0.9922,0.9891,1.0045,3905.88,5666.04,4625.24,2822.35,2396.19,1569.95,241.33,2986.39,2555.17,657.66,1.0390,0.6074,0.9481,1.3357,0.8654,0.4995,0.8929,0.4801,0.3815,-1.4434,0.6228,0.6638,0.6502,0.5995,0.6641,0.7073,0.6332,0.6722,0.6961,0.7131,0.0040,0.0024,0.0192,0.0071,0.0034,0.0000,0.0017,0.0003,0.0018,0.0029,1.0000,1.0000,1.0000,1.0000,1.0000,1.0000,1.0000,1.0000,1.0000,1.0000
2037-12-01,0.9953,0.9937,1.0117,0.9944,0.9967,0.9730,0.9956,0.9956,1.0091,0.9937,0.9905,1.0018,3900.37,5675.40,4631.41,2822.87,2402.41,1571.26,241.06,2985.82,2566.83,658.62,1.0405,0.6064,0.9472,1.3355,0.8633,0.4999,0.8939,0.4826,0.3819,-1.4553,0.6013,0.6651,0.6366,0.6017,0.6547,0.7067,0.6444,0.6732,0.7316,0.7004,0.0023,0.0016,0.0182,0.0055,0.0024,0.0001,0.0023,0.0012,0.0013,0.0027,1.0000,1.0000,1.0000,1.0000,1.0000,1.0000,1.0000,1.0000,1.0000,1.0000
2038-01-01,0.9940,0.9937,1.0090,0.9952,0.9943,0.9719,0.9950,0.9956,1.0081,0.9935,0.9925,1.0004,3911.34,5686.32,4632.45,2817.27,2406.53,1577.64,240.85,2994.40,2575.86,658.35,1.0377,0.6053,0.9473,1.3383,0.8619,0.4987,0.8947,0.4837,0.3826,-1.4699,0.5846,0.6825,0.6431,0.5959,0.6641,0.6839,0.6361,0.6709,0.7323,0.7014,0.0016,0.0015,0.0166,0.0056,0.0011,0.0000,0.0015,0.0003,0.0002,0.0021,0.9996,0.9996,0.9998,0.9996,0.9996,0.9997,1.0000,1.0000,0.9997,1.0000
2038-02-01,0.9951,0.9932,1.0058,1.0006,0.9925,0.9737,0.9953,0.9963,1.0072,0.9942,0.9948,0.9989,3914.29,5689.85,4630.01,2813.53,2413.34,1583.67,240.75,2995.90,2588.90,659.79,1.0368,0.6049,0.9481,1.3401,0.8596,0.4976,0.8951,0.4859,0.3828,-1.4807,0.5992,0.6935,0.6379,0.5748,0.6622,0.6994,0.6344,0.6956,0.7246,0.6869,0.0078,0.0076,0.0220,0.0191,0.0061,0.0034,0.0053,0.0008,0.0023,0.0055,1.0000,1.0000,1.0000,1.0000,1.0000,1.0000,1.0000,1.0000,1.0000,1.0000
2038-03-01,0.9969,0.9923,1.0050,1.0027,0.9893,0.9771,0.9957,0.9958,1.0071,0.9937,0.9971,0.9980,3927.95,5696.59,4635.62,2815.89,2417.31,1592.64,241.22,2998.63,2598.44,659.64,1.0333,0.6042,0.9473,1.3389,0.8583,0.4956,0.8934,0.4879,0.3835,-1.4950,0.5961,0.6873,0.6255,0.5602,0.6679,0.7061,0.6354,0.6919,0.7312,0.6971,0.0082,0.0092,0.0206,0.0163,0.0070,0.0051,0.0037,0.0003,0.0035,0.0021,1.0000,1.0000,1.0000,1.0000,1.0000,1.0000,1.0000,1.0000,1.0000,1.0000
2038-04-01,1.0012,0.9896,1.0083,1.0052,0.9887,0.9794,0.9945,0.9954,1.0064,0.9952,0.9981,0.9974,3933.53,5722.79,4633.77,2819.03,2423.05,1594.25,241.22,2995.20,2602.64,660.37,1.0319,0.6015,0.9480,1.3375,0.8564,0.4959,0.8933,0.4909,0.3850,-1.5074,0.6125,0.6882,0.6347,0.5740,0.6610,0.7291,0.6613,0.6935,0.7227,0.6838,0.0195,0.0182,0.0300,0.0293,0.0188,0.0095,0.0068,0.0002,0.0150,0.0030,1.0000,1.0000,1.0000,1.0000,1.0000,1.0000,1.0000,1.0000,1.0000,1.0000
2038-05-01,1.0029,0.9869,1.0103,1.0045,0.9904,0.9804,0.9956,0.9944,1.0064,0.9973,1.0001,0.9973,3944.94,5725.79,4637.44,2812.00,2424.71,1597.51,240.96,3003.32,2606.21,660.62,1.0290,0.6012,0.9476,1.3410,0.8559,0.4957,0.8945,0.4920,0.3865,-1.5209,0.6059,0.7131,0.6215,0.5770,0.6585,0.7004,0.6564,0.6773,0.6962,0.6875,0.0107,0.0070,0.0251,0.0114,0.0133,0.0038,0.0027,0.0001,0.0071,0.0061,1.0000,1.0000,1.0000,1.0000,1.0000,1.0000,1.0000,1.0000,1.0000,1.0000
2038-06-01,1.0061,0.9830,1.0097,1.0049,0.9909,0.9826,0.9975,0.9937,1.0052,0.9968,1.0002,0.9975,3951.37,5739.20,4643.35,2816.97,2434.91,1604.67,240.70,3002.54,2609.39,661.97,1.0273,0.5999,0.9467,1.3388,0.8524,0.4943,0.8957,0.4946,0.3882,-1.5318,0.6141,0.7020,0.6260,0.5581,0.6462,0.6933,0.6462,0.6985,0.6820,0.6818,0.0098,0.0087,0.0214,0.0105,0.0100,0.0067,0.0051,0.0002,0.0054,0.0029,1.0000,1.0000,1.0000,1.0000,1.0000,1.0000,1.0000,1.0000,1.0000,1.0000
2038-07-01,1.0071,0.9828,1.0097,1.0050,0.9933,0.9857,0.9989,0.9921,1.0043,0.9962,1.0038,0.9988,3948.92,5743.27,4648.23,2813.20,2444.80,1611.20,241.34,3005.51,2619.91,660.18,1.0280,0.5995,0.9458,1.3408,0.8488,0.4930,0.8936,0.4965,0.3888,-1.5501,0.6111,0.7148,0.6358,0.5842,0.6734,0.7092,0.6364,0.6859,0.6690,0.6970,0.0075,0.0046,0.0226,0.0086,0.0097,0.0031,0.0044,0.0006,0.0023,0.0101,1.0000,1.0000,1.0000,1.0000,1.0000,1.0000,1.0000,1.0000,1.0000,1.0000
2038-08-01,1.0055,0.9850,1.0073,1.0079,0.9963,0.9839,0.9971,0.9892,1.0042,0.9952,1.0038,0.9974,3935.08,5758.54,4659.79,2826.27,2446.82,1617.16,241.41,3010.70,2627.60,661.09,1.0317,0.5980,0.9433,1.3347,0.8481,0.4920,0.8935,0.4981,0.3898,-1.5620,0.5977,0.7096,0.6374,0.5712,0.6848,0.7156,0.6630,0.6897,0.6870,0.6605,0.0072,0.0096,0.0214,0.0231,0.0118,0.0054,0.0019,0.0009,0.0060,0.0077,0.9528,0.9560,0.9756,0.9585,0.9544,0.9641,0.9962,1.0000,0.9620,1.0000
2038-09-01,1.0066,0.9879,1.0067,1.0105,0.9973,0.9821,0.9957,0.9885,1.0050,0.9976,1.0012,0.9974,3939.56,5766.29,4655.39,2823.81,2458.73,1619.40,241.88,3011.93,2634.30,662.21,1.0307,0.5973,0.9442,1.3359,0.8440,0.4921,0.8920,0.5004,0.3909,-1.5734,0.5794,0.7195,0.6516,0.6063,0.6647,0.7153,0.6624,0.6983,0.6877,0.6729,0.0113,0.0141,0.0232,0.0249,0.0132,0.0090,0.0025,0.0004,0.0091,0.0026,0.9402,0.9441,0.9691,0.9471,0.9420,0.9543,0.9952,1.0000,0.9512,1.0000
2038-10-01,1.0072,0.9922,1.0096,1.0129,0.9969,0.9817,0.9951,0.9896,1.0044,0.9989,1.0015,0.9986,3961.35,5768.99,4662.92,2827.58,2468.16,1621.52,241.84,3013.12,2643.81,664.38,1.0251,0.5971,0.9428,1.3342,0.8408,0.4923,0.8923,0.5026,0.3917,-1.5823,0.5863,0.7129,0.6278,0.5807,0.6894,0.6909,0.6772,0.6923,0.6835,0.6888,0.0231,0.0216,0.0328,0.0347,0.0220,0.0116,0.0035,0.0003,0.0208,0.0041,0.9071,0.9133,0.9523,0.9170,0.9092,0.9285,0.9924,1.0000,0.9221,1.0000
2038-11-01,1.0056,0.9954,1.0101,1.0165,1.0003,0.9823,0.9975,0.9905,1.0028,0.9974,1.0036,0.9976,3963.22,5777.00,4662.39,2827.55,2476.22,1628.14,242.33,3014.21,2652.84,663.61,1.0247,0.5964,0.9430,1.3343,0.8381,0.4911,0.8907,0.5048,0.3925,-1.5983,0.6046,0.6993,0.6330,0.5822,0.6894,0.6772,0.6665,0.6891,0.6850,0.7084,0.0138,0.0133,0.0264,0.0272,0.0174,0.0076,0.0031,0.0004,0.0095,0.0106,0.9324,0.9370,0.9653,0.9402,0.9343,0.9484,0.9947,1.0000,0.9448,1.0000
2038-12-01,1.0027,0.9963,1.0052,1.0170,1.0036,0.9859,0.9975,0.9909,1.0025,0.9960,1.0041,1.0005,3967.04,5781.77,4665.36,2826.61,2482.46,1632.65,242.83,3015.01,2662.14,663.88,1.0237,0.5960,0.9425,1.3349,0.8360,0.4905,0.8890,0.5072,0.3932,-1.6117,0.5995,0.7028,0.6258,0.5757,0.6868,0.6933,0.6783,0.6867,0.6911,0.6803,0.0043,0.0050,0.0190,0.0104,0.0086,0.0032,0.0002,0.0001,0.0026,0.0077,0.9810,0.9824,0.9902,0.9836,0.9818,0.9858,0.9986,1.0000,0.9854,1.0000
2039-01-01,1.0024,0.9956,1.0021,1.0155,1.0046,0.9882,1.0005,0.9913,1.0027,0.9959,1.0019,1.0017,3975.78,5779.28,4679.35,2829.90,2484.50,1631.65,243.26,3017.54,2668.11,663.89,1.0215,0.5963,0.9397,1.3334,0.8353,0.4916,0.8876,0.5092,0.3945,-1.6258,0.6003,0.7027,0.6304,0.5751,0.6818,0.6945,0.6891,0.6838,0.6983,0.6770,0.0027,0.0012,0.0172,0.0024,0.0037,0.0007,0.0016,0.0003,0.0005,0.0046,1.0000,1.0000,1.0000,1.0000,1.0000,1.0000,1.0000,1.0000,1.0000,1.0000
2039-02-01,1.0030,0.9945,0.9995,1.0130,1.0071,0.9896,1.0028,0.9926,1.0000,0.9958,1.0011,1.0025,3997.72,5790.63,4683.32,2828.89,2488.17,1636.31,243.30,3027.88,2676.31,664.08,1.0160,0.5952,0.9390,1.3340,0.8341,0.4911,0.8876,0.5099,0.3954,-1.6394,0.6072,0.6931,0.6527,0.5898,0.6671,0.6677,0.6909,0.6869,0.6916,0.6742,0.0033,0.0021,0.0043,0.0046,0.0063,0.0016,0.0020,0.0002,0.0011,0.0071,1.0000,1.0000,1.0000,1.0000,1.0000,1.0000,1.0000,1.0000,1.0000,1.0000
2039-03-01,1.0047,0.9941,0.9949,1.0119,1.0105,0.9879,1.0060,0.9916,0.9987,0.9954,0.9987,1.0020,3997.23,5784.36,4693.28,2829.84,2495.02,1644.44,243.97,3023.34,2680.63,666.15,1.0158,0.5960,0.9370,1.3337,0.8318,0.4894,0.8853,0.5131,0.3970,-1.6484,0.6229,0.7056,0.6548,0.5839,0.6603,0.6780,0.6788,0.7104,0.6935,0.6718,0.0075,0.0045,0.0222,0.0081,0.0119,0.0038,0.0047,0.0004,0.0030,0.0113,1.0000,1.0000,1.0000,1.0000,1.0000,1.0000,1.0000,1.0000,1.0000,1.0000
2039-04-01,1.0097,0.9960,0.9940,1.0090,1.0134,0.9859,1.0083,0.9912,0.9997,0.9931,0.9971,1.0020,4005.98,5789.63,4702.87,2834.30,2492.93,1653.49,243.73,3031.06,2699.18,665.69,1.0136,0.5955,0.9352,1.3314,0.8326,0.4876,0.8863,0.5143,0.3964,-1.6637,0.6050,0.6844,0.6581,0.5849,0.6652,0.7058,0.6935,0.6802,0.6798,0.6960,0.0177,0.0157,0.0118,0.0178,0.0215,0.0139,0.0081,0.0002,0.0130,0.0074,0.9603,0.9630,0.9795,0.9652,0.9617,0.9699,0.9969,1.0000,0.9684,1.0000
2039-05-01,1.0138,1.0003,0.9973,1.0053,1.0144,0.9853,1.0096,0.9928,1.0008,0.9920,0.9959,1.0026,4009.82,5790.46,4699.84,2838.08,2491.34,1656.94,243.74,3025.69,2710.44,665.42,1.0127,0.5955,0.9358,1.3297,0.8332,0.4873,0.8860,0.5176,0.3969,-1.6785,0.6062,0.6854,0.6658,0.5920,0.6344,0.7197,0.6687,0.6988,0.7124,0.6794,0.0327,0.0250,0.0230,0.0295,0.0343,0.0181,0.0095,0.0011,0.0233,0.0077,0.9091,0.9151,0.9535,0.9188,0.9112,0.9301,0.9928,1.0000,0.9239,1.0000
2039-06-01,1.0164,1.0042,0.9990,1.0039,1.0140,0.9844,1.0088,0.9940,1.0008,0.9930,0.9965,1.0023,4000.52,5794.99,4710.81,2841.64,2494.20,1662.13,243.68,3030.21,2713.79,666.75,1.0151,0.5952,0.9336,1.3281,0.8323,0.4866,0.8862,0.5193,0.3985,-1.6894,0.5968,0.6770,0.6421,0.5908,0.6114,0.6999,0.6608,0.6748,0.7076,0.6706,0.0233,0.0184,0.0149,0.0194,0.0225,0.0136,0.0052,0.0003,0.0158,0.0028,0.9200,0.9254,0.9590,0.9288,0.9220,0.9387,0.9938,1.0000,0.9337,1.0000
2039-07-01,1.0189,1.0083,1.0024,1.0015,1.0106,0.9849,1.0051,0.9941,1.0006,0.9958,0.9951,1.0004,3997.88,5805.11,4703.41,2845.94,2501.35,1668.49,243.78,3039.00,2732.48,667.19,1.0159,0.5943,0.9351,1.3262,0.8300,0.4855,0.8860,0.5202,0.3980,-1.7026,0.5736,0.6814,0.6589,0.5961,0.6192,0.6976,0.6541,0.6887,0.6805,0.6898,0.0270,0.0213,0.0179,0.0242,0.0265,0.0145,0.0042,0.0001,0.0188,0.0020,0.9127,0.9186,0.9554,0.9222,0.9147,0.9331,0.9933,1.0000,0.9274,1.0000
2039-08-01,1.0213,1.0135,1.0059,1.0025,1.0081,0.9841,1.0049,0.9934,0.9999,0.9976,0.9952,0.9993,4001.90,5815.28,4701.52,2847.97,2497.84,1673.63,244.45,3034.16,2735.51,668.92,1.0149,0.5933,0.9356,1.3253,0.8312,0.4848,0.8837,0.5233,0.3997,-1.7124,0.5690,0.6897,0.6327,0.5977,0.6344,0.7015,0.6566,0.7073,0.7117,0.6881,0.0322,0.0255,0.0410,0.0340,0.0314,0.0158,0.0083,0.0016,0.0284,0.0074,0.8947,0.9019,0.9463,0.9057,0.8965,0.9191,0.9920,1.0000,0.9112,1.0000
2039-09-01,1.0196,1.0154,1.0075,1.0024,1.0087,0.9841,1.0071,0.9943,1.0000,0.9979,0.9947,0.9992,4006.52,5816.48,4703.57,2850.02,2497.62,1679.47,243.86,3037.37,2739.49,669.75,1.0138,0.5933,0.9350,1.3244,0.8312,0.4839,0.8860,0.5251,0.4013,-1.7246,0.5753,0.6946,0.6126,0.5870,0.6022,0.6968,0.6790,0.6768,0.6750,0.7030,0.0100,0.0070,0.0178,0.0098,0.0110,0.0041,0.0009,0.0001,0.0080,0.0030,0.9610,0.9638,0.9800,0.9660,0.9623,0.9708,0.9972,1.0000,0.9695,1.0000
2039-10-01,1.0170,1.0149,1.0083,1.0049,1.0091,0.9840,1.0079,0.9932,0.9991,0.9975,0.9958,0.9993,4003.51,5822.22,4695.53,2844.57,2499.30,1683.25,244.36,3039.79,2750.81,669.81,1.0147,0.5928,0.9367,1.3270,0.8306,0.4836,0.8844,0.5271,0.4018,-1.7388,0.5867,0.6932,0.6225,0.5936,0.6067,0.7033,0.6511,0.6845,0.6699,0.7015,0.0051,0.0038,0.0200,0.0133,0.0052,0.0001,0.0029,0.0007,0.0016,0.0053,1.0000,1.0000,1.0000,1.0000,1.0000,1.0000,1.0000,1.0000,1.0000,1.0000
2039-11-01,1.0140,1.0136,1.0059,1.0083,1.0125,0.9855,1.0069,0.9923,1.0006,0.9973,0.9970,1.0006,4009.37,5833.40,4695.86,2846.53,2504.80,1687.74,244.31,3038.32,2766.27,671.54,1.0133,0.5917,0.9368,1.3262,0.8289,0.4831,0.8847,0.5298,0.4017,-1.7485,0.5822,0.6978,0.6070,0.5713,0.6163,0.6977,0.6682,0.6868,0.6889,0.6896,0.0015,0.0036,0.0180,0.0168,0.0065,0.0006,0.0019,0.0012,0.0012,0.0090,1.0000,1.0000,1.0000,1.0000,1.0000,1.0000,1.0000,1.0000,1.0000,1.0000
2039-12-01,1.0139,1.0144,1.0071,1.0107,1.0127,0.9876,1.0052,0.9911,1.0030,0.9983,0.9993,1.0005,4005.29,5830.13,4696.89,2846.74,2508.69,1695.10,244.01,3037.65,2779.75,672.92,1.0143,0.5921,0.9367,1.3262,0.8277,0.4818,0.8860,0.5323,0.4019,-1.7592,0.5937,0.7101,0.6135,0.5778,0.6364,0.6964,0.6600,0.6759,0.7176,0.7019,0.0082,0.0081,0.0227,0.0193,0.0088,0.0025,0.0033,0.0018,0.0058,0.0047,0.9841,0.9852,0.9918,0.9863,0.9847,0.9882,0.9989,1.0000,0.9879,1.0000
2040-01-01,1.0122,1.0139,1.0076,1.0109,1.0128,0.9885,1.0034,0.9914,1.0039,0.9957,0.9982,1.0024,4010.79,5845.92,4704.46,2844.05,2516.15,1703.63,244.02,3048.08,2792.39,672.69,1.0130,0.5906,0.9353,1.3276,0.8252,0.4802,0.8862,0.5329,0.4022,-1.7741,0.5832,0.6936,0.6162,0.5760,0.6414,0.7089,0.6464,0.6724,0.7234,0.7080,0.0019,0.0016,0.0156,0.0036,0.0018,0.0003,0.0000,0.0000,0.0009,0.0007,1.0000,1.0000,1.0000,1.0000,1.0000,1.0000,1.0000,1.0000,1.0000,1.0000
2040-02-01,1.0079,1.0134,1.0066,1.0091,1.0121,0.9871,1.0019,0.9912,1.0025,0.9964,0.9995,1.0044,4006.18,5845.01,4709.36,2843.64,2521.51,1708.47,244.13,3055.54,2806.70,673.70,1.0142,0.5908,0.9344,1.3279,0.8235,0.4795,0.8859,0.5341,0.4023,-1.7856,0.5924,0.7132,0.6330,0.5734,0.6594,0.7238,0.6496,0.7010,0.7273,0.6924,0.0006,0.0000,0.0073,0.0000,0.0004,0.0000,0.0006,0.0001,0.0000,0.0011,1.0000,1.0000,1.0000,1.0000,1.0000,1.0000,1.0000,1.0000,1.0000,1.0000
2040-03-01,1.0033,1.0130,1.0058,1.0087,1.0121,0.9862,1.0016,0.9902,1.0026,0.9949,0.9970,1.0064,4004.05,5855.79,4718.02,2846.01,2521.35,1713.09,244.17,3059.56,2818.16,675.00,1.0148,0.5898,0.9327,1.3269,0.8236,0.4790,0.8860,0.5358,0.4028,-1.7964,0.5823,0.7000,0.6436,0.5784,0.6646,0.7135,0.6554,0.7133,0.7355,0.6976,0.0000,0.0000,0.0141,0.0001,0.0003,0.0000,0.0004,0.0004,0.0003,0.0006,1.0000,1.0000,1.0000,1.0000,1.0000,1.0000,1.0000,1.0000,1.0000,1.0000
2040-04-01,0.9974,1.0114,1.0029,1.0056,1.0145,0.9831,0.9999,0.9907,1.0045,0.9945,0.9967,1.0085,4020.48,5880.87,4720.21,2848.65,2528.01,1714.36,244.62,3073.01,2825.91,674.53,1.0105,0.5873,0.9323,1.3258,0.8215,0.4794,0.8845,0.5360,0.4039,-1.8117,0.5801,0.7097,0.6514,0.5885,0.6488,0.7072,0.6560,0.7098,0.7306,0.7036,0.0000,0.0000,0.0016,0.0030,0.0040,0.0000,0.0005,0.0005,0.0004,0.0056,1.0000,1.0000,1.0000,1.0000,1.0000,1.0000,1.0000,1.0000,1.0000,1.0000
2040-05-01,0.9898,1.0093,1.0007,1.0018,1.0185,0.9813,0.9994,0.9890,1.0042,0.9957,0.9970,1.0089,4022.32,5892.52,4723.13,2848.22,2534.68,1718.65,244.71,3072.42,2837.37,675.98,1.0101,0.5862,0.9318,1.3258,0.8195,0.4790,0.8844,0.5386,0.4044,-1.8219,0.6048,0.7360,0.6513,0.5940,0.6584,0.6867,0.6701,0.7329,0.7163,0.6825,0.0003,0.0000,0.0026,0.0044,0.0056,0.0000,0.0003,0.0001,0.0001,0.0087,1.0000,1.0000,1.0000,1.0000,1.0000,1.0000,1.0000,1.0000,1.0000,1.0000
2040-06-01,0.9880,1.0097,1.0004,1.0002,1.0212,0.9773,0.9997,0.9890,1.0028,0.9969,0.9963,1.0086,4025.82,5890.11,4737.97,2854.81,2529.71,1725.21,245.02,3065.47,2851.02,678.76,1.0092,0.5865,0.9289,1.3228,0.8211,0.4780,0.8834,0.5423,0.4046,-1.8284,0.6001,0.7340,0.6504,0.5875,0.6659,0.6879,0.6667,0.7061,0.7182,0.6933,0.0017,0.0011,0.0090,0.0041,0.0055,0.0009,0.0007,0.0001,0.0009,0.0064,0.9920,0.9926,0.9959,0.9931,0.9923,0.9941,0.9994,1.0000,0.9939,1.0000
2040-07-01,0.9882,1.0116,0.9989,1.0011,1.0209,0.9750,1.0006,0.9884,1.0013,0.9972,0.9946,1.0078,4029.23,5899.79,4751.45,2851.01,2530.72,1729.35,244.42,3069.48,2856.38,679.38,1.0084,0.5856,0.9262,1.3246,0.8209,0.4776,0.8853,0.5442,0.4060,-1.8408,0.5996,0.7128,0.6684,0.6056,0.6321,0.6991,0.6724,0.6757,0.7250,0.7171,0.0084,0.0082,0.0218,0.0143,0.0075,0.0049,0.0028,0.0004,0.0053,0.0028,0.9602,0.9629,0.9796,0.9651,0.9615,0.9699,0.9971,1.0000,0.9682,1.0000
2040-08-01,0.9875,1.0115,0.9990,1.0029,1.0178,0.9772,1.0031,0.9886,0.9989,0.9982,0.9952,1.0073,4028.74,5898.26,4761.18,2856.16,2535.91,1732.22,244.30,3077.42,2864.65,678.67,1.0086,0.5858,0.9245,1.3223,0.8194,0.4776,0.8857,0.5454,0.4070,-1.8568,0.5974,0.7127,0.6732,0.5828,0.6293,0.6930,0.6442,0.6851,0.7034,0.7085,0.0030,0.0033,0.0180,0.0095,0.0021,0.0007,0.0018,0.0003,0.0005,0.0025,1.0000,1.0000,1.0000,1.0000,1.0000,1.0000,1.0000,1.0000,1.0000,1.0000
2040-09-01,0.9855,1.0114,0.9992,1.0061,1.0162,0.9793,1.0045,0.9889,0.9991,0.9976,0.9929,1.0071,4027.97,5895.13,4759.71,2855.58,2537.31,1737.56,244.24,3086.15,2871.49,679.61,1.0088,0.5861,0.9251,1.3227,0.8190,0.4769,0.8861,0.5464,0.4082,-1.8683,0.5921,0.6976,0.6727,0.5998,0.6459,0.6838,0.6429,0.7051,0.6996,0.6813,0.0034,0.0045,0.0177,0.0140,0.0028,0.0008,0.0020,0.0007,0.0011,0.0026,1.0000,1.0000,1.0000,1.0000,1.0000,1.0000,1.0000,1.0000,1.0000,1.0000
2040-10-01,0.9868,1.0127,1.0004,1.0082,1.0157,0.9796,1.0052,0.9905,0.9995,0.9968,0.9947,1.0059,4018.59,5897.74,4765.70,2854.17,2547.38,1742.33,244.17,3091.74,2888.66,679.82,1.0112,0.5860,0.9242,1.3234,0.8159,0.4764,0.8866,0.5480,0.4079,-1.8818,0.5885,0.6869,0.6527,0.5890,0.6409,0.6905,0.6437,0.7170,0.6929,0.6878,0.0142,0.0119,0.0258,0.0218,0.0130,0.0059,0.0053,0.0008,0.0086,0.0053,0.9716,0.9736,0.9854,0.9753,0.9726,0.9787,0.9980,1.0000,0.9777,1.0000
2040-11-01,0.9878,1.0147,1.0018,1.0089,1.0162,0.9806,1.0069,0.9912,0.9990,0.9972,0.9946,1.0066,4021.96,5898.60,4780.59,2856.25,2550.81,1748.07,244.49,3089.88,2895.62,682.05,1.0105,0.5860,0.9215,1.3226,0.8148,0.4756,0.8856,0.5508,0.4091,-1.8897,0.5682,0.6846,0.6485,0.5745,0.6659,0.6899,0.6420,0.7162,0.7192,0.6810,0.0133,0.0118,0.0246,0.0179,0.0136,0.0068,0.0024,0.0001,0.0100,0.0029,0.9592,0.9620,0.9791,0.9642,0.9605,0.9692,0.9970,1.0000,0.9674,1.0000
2040-12-01,0.9891,1.0180,1.0008,1.0061,1.0166,0.9805,1.0078,0.9932,0.9992,0.9992,0.9941,1.0073,4024.43,5887.35,4790.37,2863.89,2559.16,1754.62,244.14,3094.28,2897.74,681.45,1.0099,0.5872,0.9199,1.3191,0.8123,0.4746,0.8871,0.5526,0.4110,-1.9055,0.5768,0.6817,0.6633,0.5798,0.6570,0.6943,0.6566,0.6962,0.7029,0.7032,0.0135,0.0123,0.0075,0.0120,0.0139,0.0102,0.0026,0.0001,0.0102,0.0013,0.9294,0.9342,0.9640,0.9374,0.9312,0.9461,0.9948,1.0000,0.9419,1.0000
2041-01-01,0.9903,1.0170,1.0004,1.0064,1.0182,0.9789,1.0082,0.9927,0.9996,0.9992,0.9947,1.0067,4011.63,5875.26,4790.19,2871.50,2562.02,1760.13,244.20,3094.02,2914.32,682.04,1.0133,0.5885,0.9201,1.3157,0.8114,0.4739,0.8871,0.5550,0.4109,-1.9180,0.5810,0.6626,0.6718,0.6019,0.6674,0.6993,0.6424,0.6996,0.6783,0.6840,0.0049,0.0028,0.0202,0.0048,0.0077,0.0024,0.0041,0.0012,0.0027,0.0066,1.0000,1.0000,1.0000,1.0000,1.0000,1.0000,1.0000,1.0000,1.0000,1.0000
2041-02-01,0.9929,1.0197,1.0006,1.0049,1.0192,0.9803,1.0085,0.9938,1.0001,1.0002,0.9982,1.0068,4015.01,5883.23,4788.98,2866.11,2570.81,1765.89,244.27,3101.51,2920.88,682.33,1.0125,0.5878,0.9206,1.3182,0.8087,0.4731,0.8870,0.5560,0.4121,-1.9313,0.5679,0.6511,0.6485,0.6216,0.6570,0.7019,0.6474,0.6869,0.7121,0.6827,0.0186,0.0141,0.0264,0.0147,0.0192,0.0115,0.0074,0.0008,0.0119,0.0071,0.9458,0.9495,0.9723,0.9522,0.9474,0.9588,0.9961,1.0000,0.9561,1.0000
2041-03-01,0.9934,1.0259,1.0034,1.0034,1.0193,0.9797,1.0106,0.9928,1.0017,1.0010,0.9970,1.0068,4009.66,5874.69,4798.14,2871.79,2574.76,1768.20,244.87,3102.38,2927.28,682.52,1.0140,0.5888,0.9191,1.3156,0.8073,0.4732,0.8850,0.5581,0.4134,-1.9449,0.5736,0.6675,0.6337,0.5885,0.6656,0.6992,0.6490,0.7016,0.6952,0.6793,0.0303,0.0234,0.0277,0.0270,0.0303,0.0164,0.0046,0.0011,0.0264,0.0045,0.8588,0.8685,0.9286,0.8721,0.8599,0.8908,0.9895,1.0000,0.8775,1.0000
2041-04-01,0.9935,1.0237,1.0092,1.0040,1.0204,0.9791,1.0086,0.9954,1.0042,0.9998,0.9972,1.0071,4007.83,5884.47,4790.16,2874.86,2576.81,1771.66,244.38,3095.72,2931.56,684.07,1.0145,0.5879,0.9209,1.3143,0.8066,0.4731,0.8870,0.5616,0.4150,-1.9547,0.5635,0.6522,0.6423,0.5949,0.6523,0.6802,0.6699,0.6933,0.6782,0.6773,0.0155,0.0063,0.0312,0.0146,0.0178,0.0004,0.0050,0.0023,0.0145,0.0105,1.0000,1.0000,1.0000,1.0000,1.0000,1.0000,1.0000,1.0000,1.0000,1.0000
2041-05-01,0.9941,1.0203,1.0146,1.0060,1.0219,0.9819,1.0061,0.9987,1.0054,0.9977,0.9981,1.0071,4006.17,5896.34,4794.01,2875.97,2580.36,1779.15,244.40,3096.67,2944.79,684.80,1.0148,0.5868,0.9205,1.3138,0.8055,0.4719,0.8871,0.5638,0.4154,-1.9667,0.5672,0.6770,0.6165,0.5983,0.6439,0.6810,0.6455,0.6673,0.6683,0.6885,0.0198,0.0122,0.0352,0.0271,0.0216,0.0022,0.0069,0.0023,0.0152,0.0138,1.0000,1.0000,1.0000,1.0000,1.0000,1.0000,1.0000,1.0000,1.0000,1.0000
2041-06-01,0.9942,1.0198,1.0184,1.0103,1.0257,0.9813,1.0037,1.0007,1.0057,1.0000,0.9991,1.0070,4018.08,5907.63,4788.80,2875.09,2583.94,1784.54,243.68,3100.24,2951.32,686.66,1.0119,0.5858,0.9218,1.3140,0.8045,0.4712,0.8899,0.5655,0.4166,-1.9755,0.5673,0.6940,0.6193,0.5860,0.6394,0.7005,0.6465,0.6712,0.6883,0.6849,0.0112,0.0087,0.0281,0.0272,0.0155,0.0002,0.0028,0.0007,0.0085,0.0131,1.0000,1.0000,1.0000,1.0000,1.0000,1.0000,1.0000,1.0000,1.0000,1.0000
2041-07-01,0.9907,1.0204,1.0185,1.0120,1.0267,0.9817,1.0006,1.0019,1.0068,1.0047,0.9978,1.0039,4021.25,5926.92,4811.46,2883.28,2582.76,1788.60,243.98,3105.61,2957.78,686.50,1.0112,0.5839,0.9177,1.3104,0.8049,0.4709,0.8891,0.5669,0.4179,-1.9901,0.5892,0.7038,0.6084,0.5750,0.6401,0.7014,0.6236,0.6809,0.6824,0.6966,0.0027,0.0042,0.0173,0.0124,0.0047,0.0015,0.0005,0.0002,0.0018,0.0028,0.9869,0.9878,0.9933,0.9887,0.9874,0.9902,0.9991,1.0000,0.9900,1.0000
2041-08-01,0.9888,1.0220,1.0198,1.0138,1.0243,0.9835,0.9989,0.9998,1.0054,1.0061,0.9957,1.0038,4025.27,5935.48,4805.47,2886.27,2592.24,1795.38,244.16,3112.80,2965.61,686.90,1.0103,0.5831,0.9189,1.3090,0.8020,0.4699,0.8886,0.5679,0.4191,-2.0031,0.5935,0.7267,0.6626,0.6064,0.6281,0.6939,0.6478,0.6943,0.6801,0.6839,0.0087,0.0097,0.0214,0.0191,0.0083,0.0040,0.0003,0.0000,0.0065,0.0007,0.9675,0.9697,0.9834,0.9716,0.9686,0.9755,0.9977,1.0000,0.9743,1.0000
2041-09-01,0.9878,1.0234,1.0189,1.0152,1.0241,0.9846,0.9974,0.9991,1.0049,1.0043,0.9937,1.0046,4035.54,5928.01,4814.96,2885.80,2595.28,1803.88,244.38,3116.11,2978.95,689.00,1.0078,0.5839,0.9173,1.3093,0.8011,0.4684,0.8875,0.5697,0.4194,-2.0111,0.5942,0.7201,0.6369,0.6025,0.6539,0.7017,0.6556,0.7059,0.6799,0.6842,0.0047,0.0062,0.0169,0.0117,0.0044,0.0035,0.0003,0.0000,0.0035,0.0001,0.9702,0.9723,0.9848,0.9740,0.9712,0.9776,0.9979,1.0000,0.9766,1.0000
2041-10-01,0.9856,1.0228,1.0175,1.0140,1.0246,0.9849,0.9964,0.9981,1.0042,1.0033,0.9930,1.0054,4042.06,5932.95,4823.47,2878.72,2598.73,1812.01,244.24,3119.15,2990.45,689.72,1.0062,0.5835,0.9159,1.3125,0.8001,0.4670,0.8880,0.5715,0.4200,-2.0231,0.6053,0.6957,0.6493,0.5940,0.6521,0.7151,0.6622,0.7030,0.6971,0.7045,0.0002,0.0002,0.0141,0.0008,0.0010,0.0001,0.0000,0.0000,0.0001,0.0011,1.0000,1.0000,1.0000,1.0000,1.0000,1.0000,1.0000,1.0000,1.0000,1.0000
2041-11-01,0.9855,1.0198,1.0173,1.0161,1.0230,0.9840,0.9939,0.9999,1.0014,1.0030,0.9908,1.0026,4039.37,5936.40,4847.71,2883.63,2599.83,1818.89,244.53,3130.67,2995.18,690.19,1.0069,0.5832,0.9116,1.3104,0.7998,0.4660,0.8871,0.5717,0.4215,-2.0358,0.6087,0.6997,0.6576,0.5686,0.6532,0.7250,0.6526,0.6999,0.7054,0.6996,0.0022,0.0021,0.0160,0.0096,0.0014,0.0000,0.0020,0.0003,0.0001,0.0028,1.0000,1.0000,1.0000,1.0000,1.0000,1.0000,1.0000,1.0000,1.0000,1.0000
2041-12-01,0.9858,1.0185,1.0185,1.0164,1.0236,0.9837,0.9941,1.0001,1.0007,1.0023,0.9908,1.0032,4040.16,5934.29,4841.49,2888.98,2604.08,1823.81,244.66,3133.67,3015.12,689.87,1.0067,0.5835,0.9129,1.3080,0.7985,0.4655,0.8868,0.5735,0.4209,-2.0509,0.5969,0.6984,0.6882,0.5861,0.6461,0.7240,0.6619,0.7208,0.6906,0.6940,0.0042,0.0035,0.0177,0.0095,0.0056,0.0007,0.0004,0.0000,0.0023,0.0024,1.0000,1.0000,1.0000,1.0000,1.0000,1.0000,1.0000,1.0000,1.0000,1.0000
2042-01-01,0.9858,1.0176,1.0194,1.0134,1.0254,0.9834,0.9929,1.0008,0.9983,1.0025,0.9912,1.0020,4054.46,5937.74,4846.86,2897.42,2612.99,1831.62,245.23,3134.08,3020.98,689.50,1.0032,0.5832,0.9121,1.3043,0.7958,0.4642,0.8849,0.5758,0.4223,-2.0661,0.5935,0.6893,0.6550,0.5998,0.6493,0.7139,0.6634,0.7122,0.7217,0.6808,0.0025,0.0012,0.0034,0.0047,0.0054,0.0000,0.0000,0.0000,0.0013,0.0044,1.0000,1.0000,1.0000,1.0000,1.0000,1.0000,1.0000,1.0000,1.0000,1.0000
2042-02-01,0.9878,1.0154,1.0177,1.0135,1.0266,0.9829,0.9918,1.0002,0.9987,1.0033,0.9913,1.0025,4055.32,5949.43,4854.30,2898.33,2613.27,1837.35,245.50,3140.12,3035.28,691.66,1.0030,0.5822,0.9109,1.3038,0.7957,0.4635,0.8841,0.5771,0.4225,-2.0737,0.6138,0.6929,0.6603,0.6235,0.6703,0.7221,0.6825,0.6973,0.7007,0.6687,0.0062,0.0053,0.0198,0.0085,0.0087,0.0042,0.0048,0.0012,0.0045,0.0049,1.0000,1.0000,1.0000,1.0000,1.0000,1.0000,1.0000,1.0000,1.0000,1.0000
2042-03-01,0.9884,1.0168,1.0173,1.0141,1.0242,0.9842,0.9940,0.9986,0.9991,1.0052,0.9940,1.0025,4058.15,5951.26,4867.82,2902.68,2611.67,1838.34,244.98,3154.72,3035.22,691.19,1.0024,0.5820,0.9086,1.3021,0.7963,0.4640,0.8861,0.5768,0.4247,-2.0892,0.6042,0.7040,0.6577,0.6116,0.6519,0.7145,0.6798,0.7042,0.7117,0.6934,0.0112,0.0082,0.0242,0.0135,0.0098,0.0052,0.0057,0.0013,0.0057,0.0061,0.9679,0.9701,0.9836,0.9719,0.9691,0.9757,0.9977,1.0000,0.9744,1.0000
2042-04-01,0.9901,1.0178,1.0164,1.0153,1.0227,0.9882,0.9952,0.9979,0.9998,1.0045,0.9952,1.0030,4067.15,5958.37,4883.26,2909.67,2608.44,1845.94,245.70,3160.54,3037.11,694.45,1.0002,0.5814,0.9059,1.2993,0.7974,0.4628,0.8837,0.5781,0.4267,-2.0935,0.5996,0.6968,0.6668,0.6123,0.6342,0.6884,0.6510,0.7313,0.6795,0.6779,0.0105,0.0104,0.0218,0.0151,0.0096,0.0069,0.0043,0.0007,0.0062,0.0025,0.9786,0.9801,0.9891,0.9814,0.9794,0.9839,0.9985,1.0000,0.9832,1.0000
2042-05-01,0.9905,1.0171,1.0171,1.0182,1.0198,0.9876,0.9963,0.9989,1.0015,1.0031,0.9939,1.0030,4065.96,5965.79,4881.26,2910.57,2617.33,1848.14,246.38,3165.83,3036.24,695.76,1.0005,0.5807,0.9065,1.2991,0.7949,0.4630,0.8814,0.5795,0.4291,-2.1037,0.6070,0.6992,0.6795,0.6215,0.6140,0.7025,0.6796,0.7251,0.6606,0.7204,0.0054,0.0048,0.0188,0.0147,0.0056,0.0010,0.0038,0.0016,0.0031,0.0040,1.0000,1.0000,1.0000,1.0000,1.0000,1.0000,1.0000,1.0000,1.0000,1.0000
2042-06-01,0.9907,1.0147,1.0157,1.0213,1.0184,0.9859,0.9967,0.9985,1.0015,1.0028,0.9938,1.0020,4080.06,5956.27,4883.36,2910.06,2621.59,1852.56,246.69,3169.96,3047.61,696.73,0.9968,0.5817,0.9063,1.2996,0.7937,0.4626,0.8804,0.5811,0.4297,-2.1148,0.5978,0.7035,0.6572,0.6089,0.6444,0.6880,0.6925,0.7202,0.6452,0.7171,0.0007,0.0028,0.0138,0.0114,0.0006,0.0005,0.0005,0.0000,0.0003,0.0003,1.0000,1.0000,1.0000,1.0000,1.0000,1.0000,1.0000,1.0000,1.0000,1.0000
2042-07-01,0.9900,1.0136,1.0124,1.0234,1.0202,0.9863,0.9978,0.9967,1.0022,1.0018,0.9944,1.0002,4089.62,5979.32,4885.95,2914.20,2625.65,1859.60,246.58,3177.14,3062.98,697.90,0.9944,0.5796,0.9060,1.2980,0.7926,0.4616,0.8809,0.5821,0.4298,-2.1253,0.6139,0.6832,0.6515,0.5982,0.6515,0.6880,0.6901,0.7148,0.6692,0.7129,0.0012,0.0021,0.0157,0.0119,0.0041,0.0001,0.0013,0.0005,0.0004,0.0055,1.0000,1.0000,1.0000,1.0000,1.0000,1.0000,1.0000,1.0000,1.0000,1.0000
2042-08-01,0.9860,1.0149,1.0102,1.0239,1.0203,0.9833,0.9993,0.9950,1.0034,1.0000,0.9945,1.0003,4105.42,5983.29,4888.82,2919.77,2632.20,1866.60,246.03,3179.77,3083.12,700.08,0.9907,0.5792,0.9057,1.2958,0.7907,0.4606,0.8830,0.5840,0.4292,-2.1328,0.6187,0.7212,0.6462,0.6046,0.6533,0.7021,0.6705,0.7197,0.7004,0.7085,0.0046,0.0048,0.0170,0.0096,0.0050,0.0029,0.0015,0.0006,0.0035,0.0019,0.9726,0.9745,0.9860,0.9761,0.9736,0.9793,0.9980,1.0000,0.9783,1.0000
2042-09-01,0.9868,1.0153,1.0088,1.0240,1.0206,0.9833,0.9997,0.9942,1.0025,1.0000,0.9952,1.0011,4116.17,5979.97,4887.49,2924.24,2634.03,1876.34,246.30,3182.50,3085.33,701.23,0.9882,0.5796,0.9059,1.2940,0.7902,0.4590,0.8822,0.5859,0.4311,-2.1434,0.6287,0.7123,0.6440,0.6137,0.6629,0.7075,0.6459,0.7103,0.7272,0.7214,0.0033,0.0032,0.0155,0.0051,0.0037,0.0023,0.0013,0.0001,0.0020,0.0012,0.9920,0.9926,0.9959,0.9931,0.9923,0.9940,0.9994,1.0000,0.9938,1.0000
2042-10-01,0.9881,1.0162,1.0106,1.0242,1.0196,0.9835,1.0001,0.9946,1.0025,0.9983,0.9961,1.0018,4123.96,5992.41,4884.10,2924.41,2634.46,1880.78,246.18,3188.86,3093.57,702.04,0.9864,0.5784,0.9068,1.2942,0.7902,0.4586,0.8828,0.5872,0.4322,-2.1550,0.6292,0.6975,0.6361,0.6180,0.6545,0.7236,0.6576,0.7046,0.6974,0.7170,0.0135,0.0098,0.0242,0.0156,0.0127,0.0052,0.0043,0.0006,0.0083,0.0041,0.9791,0.9805,0.9893,0.9818,0.9799,0.9842,0.9985,1.0000,0.9835,1.0000
2042-11-01,0.9875,1.0129,1.0133,1.0236,1.0212,0.9820,1.0010,0.9970,1.0042,0.9973,0.9966,1.0034,4120.07,5983.02,4893.46,2922.29,2636.75,1885.71,246.43,3186.57,3098.14,702.95,0.9874,0.5794,0.9053,1.2954,0.7896,0.4581,0.8816,0.5900,0.4338,-2.1662,0.6214,0.7081,0.6210,0.6008,0.6380,0.7065,0.6493,0.7109,0.6899,0.7074,0.0083,0.0031,0.0227,0.0088,0.0109,0.0000,0.0023,0.0009,0.0054,0.0079,1.0000,1.0000,1.0000,1.0000,1.0000,1.0000,1.0000,1.0000,1.0000,1.0000
2042-12-01,0.9862,1.0144,1.0154,1.0232,1.0229,0.9781,1.0035,0.9966,1.0043,0.9945,0.9974,1.0036,4125.11,5981.29,4892.49,2923.74,2643.89,1888.32,246.84,3198.20,3105.79,702.84,0.9863,0.5796,0.9057,1.2950,0.7876,0.4582,0.8801,0.5903,0.4350,-2.1807,0.6044,0.6869,0.6365,0.5892,0.6367,0.7027,0.6590,0.6914,0.6781,0.7014,0.0120,0.0068,0.0251,0.0122,0.0143,0.0033,0.0027,0.0006,0.0081,0.0085,0.9687,0.9708,0.9840,0.9725,0.9698,0.9762,0.9977,1.0000,0.9749,1.0000
2043-01-01,0.9854,1.0137,1.0179,1.0248,1.0214,0.9745,1.0034,0.9971,1.0040,0.9933,0.9976,1.0020,4126.80,5995.52,4884.71,2918.67,2640.29,1895.49,247.36,3200.13,3110.38,703.23,0.9860,0.5783,0.9074,1.2976,0.7888,0.4572,0.8784,0.5923,0.4366,-2.1935,0.6033,0.6799,0.6263,0.5897,0.6523,0.6851,0.6721,0.7193,0.6769,0.6831,0.0079,0.0049,0.0210,0.0137,0.0074,0.0000,0.0019,0.0005,0.0045,0.0039,1.0000,1.0000,1.0000,1.0000,1.0000,1.0000,1.0000,1.0000,1.0000,1.0000
2043-02-01,0.9822,1.0132,1.0177,1.0281,1.0191,0.9746,1.0024,0.9962,1.0030,0.9901,0.9998,1.0033,4125.67,6001.31,4894.97,2925.52,2644.50,1900.16,247.66,3208.10,3118.75,705.70,0.9863,0.5778,0.9058,1.2948,0.7876,0.4568,0.8774,0.5933,0.4377,-2.1998,0.6000,0.6998,0.6121,0.5716,0.6304,0.6982,0.6832,0.7081,0.6701,0.6831,0.0017,0.0021,0.0147,0.0106,0.0011,0.0000,0.0015,0.0003,0.0001,0.0023,1.0000,1.0000,1.0000,1.0000,1.0000,1.0000,1.0000,1.0000,1.0000,1.0000
2043-03-01,0.9797,1.0138,1.0165,1.0248,1.0172,0.9749,1.0036,0.9969,1.0046,0.9894,1.0020,1.0043,4126.24,5988.95,4898.71,2927.32,2646.82,1902.96,248.23,3219.57,3125.75,707.75,0.9863,0.5790,0.9054,1.2941,0.7868,0.4569,0.8755,0.5937,0.4389,-2.2075,0.5954,0.7022,0.6356,0.5950,0.6422,0.6953,0.6831,0.7164,0.6771,0.7070,0.0035,0.0023,0.0024,0.0022,0.0030,0.0018,0.0011,0.0002,0.0019,0.0015,0.9835,0.9847,0.9916,0.9857,0.9842,0.9876,0.9988,1.0000,0.9871,1.0000
2043-04-01,0.9789,1.0153,1.0167,1.0204,1.0155,0.9777,1.0014,0.9953,1.0049,0.9844,1.0013,1.0049,4120.64,5996.75,4908.85,2931.99,2651.38,1908.54,248.89,3221.57,3142.36,708.20,0.9878,0.5784,0.9037,1.2917,0.7855,0.4563,0.8732,0.5957,0.4389,-2.2201,0.5933,0.6782,0.6446,0.5994,0.6422,0.6843,0.6919,0.7307,0.6765,0.7177,0.0062,0.0058,0.0040,0.0057,0.0058,0.0042,0.0005,0.0002,0.0042,0.0003,0.9693,0.9714,0.9843,0.9731,0.9704,0.9768,0.9978,1.0000,0.9756,1.0000
2043-05-01,0.9775,1.0164,1.0178,1.0158,1.0142,0.9800,0.9988,0.9974,1.0055,0.9808,0.9995,1.0059,4125.85,6011.20,4916.85,2929.42,2656.97,1911.05,248.98,3230.39,3149.88,708.24,0.9867,0.5770,0.9025,1.2929,0.7839,0.4564,0.8730,0.5966,0.4401,-2.2340,0.5811,0.6908,0.6620,0.6095,0.6495,0.6892,0.7032,0.7129,0.7054,0.7044,0.0095,0.0061,0.0079,0.0074,0.0087,0.0035,0.0024,0.0007,0.0053,0.0035,0.9749,0.9766,0.9871,0.9780,0.9758,0.9811,0.9982,1.0000,0.9801,1.0000
2043-06-01,0.9760,1.0161,1.0168,1.0105,1.0137,0.9815,0.9967,0.9966,1.0068,0.9812,0.9990,1.0054,4132.45,6018.45,4921.69,2935.98,2662.31,1920.43,249.57,3229.32,3160.84,709.11,0.9852,0.5764,0.9018,1.2900,0.7824,0.4549,0.8710,0.5992,0.4408,-2.2452,0.5888,0.7063,0.6653,0.5934,0.6553,0.6787,0.6887,0.7212,0.6952,0.6912,0.0007,0.0008,0.0010,0.0009,0.0011,0.0005,0.0009,0.0009,0.0010,0.0006,1.0000,1.0000,1.0000,1.0000,1.0000,1.0000,1.0000,1.0000,1.0000,1.0000
2043-07-01,0.9765,1.0144,1.0148,1.0081,1.0162,0.9791,0.9973,0.9958,1.0049,0.9827,1.0005,1.0065,4133.84,6041.63,4923.81,2935.78,2660.30,1924.11,250.05,3234.26,3172.35,709.50,0.9850,0.5742,0.9016,1.2901,0.7831,0.4548,0.8694,0.6008,0.4414,-2.2580,0.5989,0.7090,0.6658,0.6121,0.6622,0.7028,0.6968,0.7014,0.6997,0.6940,0.0032,0.0015,0.0043,0.0044,0.0066,0.0013,0.0024,0.0004,0.0011,0.0080,1.0000,1.0000,1.0000,1.0000,1.0000,1.0000,1.0000,1.0000,1.0000,1.0000
2043-08-01,0.9790,1.0110,1.0119,1.0053,1.0190,0.9802,0.9985,0.9939,1.0028,0.9853,1.0010,1.0067,4145.90,6052.50,4937.64,2943.94,2658.83,1929.72,250.84,3248.90,3184.61,709.21,0.9820,0.5732,0.8992,1.2868,0.7836,0.4542,0.8667,0.6004,0.4420,-2.2729,0.5956,0.7359,0.6576,0.6004,0.6354,0.6913,0.6977,0.7043,0.7040,0.6843,0.0079,0.0065,0.0070,0.0091,0.0115,0.0056,0.0046,0.0003,0.0047,0.0077,1.0000,1.0000,1.0000,1.0000,1.0000,1.0000,1.0000,1.0000,1.0000,1.0000
2043-09-01,0.9825,1.0105,1.0109,1.0025,1.0203,0.9798,0.9990,0.9921,1.0035,0.9859,1.0029,1.0080,4147.02,6050.55,4943.47,2937.74,2662.41,1937.48,250.64,3252.26,3194.81,709.44,0.9816,0.5734,0.8983,1.2898,0.7826,0.4531,0.8674,0.6018,0.4428,-2.2862,0.6073,0.7301,0.6726,0.6169,0.6224,0.6919,0.7076,0.7306,0.7063,0.6729,0.0106,0.0083,0.0079,0.0094,0.0127,0.0075,0.0072,0.0008,0.0069,0.0059,1.0000,1.0000,1.0000,1.0000,1.0000,1.0000,1.0000,1.0000,1.0000,1.0000
2043-10-01,0.9872,1.0105,1.0076,1.0029,1.0170,0.9805,0.9995,0.9929,1.0036,0.9859,1.0034,1.0068,4148.48,6046.23,4957.24,2929.90,2663.21,1941.89,250.85,3251.06,3209.21,709.32,0.9814,0.5738,0.8958,1.2936,0.7825,0.4528,0.8668,0.6038,0.4431,-2.3007,0.5993,0.7044,0.6683,0.5819,0.6315,0.7030,0.6753,0.7163,0.7010,0.6726,0.0160,0.0129,0.0265,0.0154,0.0154,0.0108,0.0118,0.0017,0.0107,0.0057,0.9994,0.9995,0.9997,0.9995,0.9995,0.9996,1.0000,1.0000,0.9996,1.0000
2043-11-01,0.9960,1.0104,1.0048,1.0022,1.0178,0.9789,0.9993,0.9917,1.0046,0.9879,1.0036,1.0066,4152.70,6053.10,4954.46,2924.76,2668.88,1947.82,250.92,3252.53,3216.68,709.84,0.9805,0.5732,0.8964,1.2963,0.7809,0.4521,0.8666,0.6051,0.4443,-2.3131,0.5944,0.6866,0.6714,0.5573,0.6266,0.6928,0.6712,0.6972,0.7077,0.6687,0.0189,0.0183,0.0267,0.0183,0.0209,0.0175,0.0132,0.0005,0.0167,0.0023,1.0000,1.0000,1.0000,1.0000,1.0000,1.0000,1.0000,1.0000,1.0000,1.0000
2043-12-01,1.0019,1.0080,1.0067,1.0020,1.0199,0.9792,0.9992,0.9916,1.0060,0.9897,1.0035,1.0064,4158.16,6038.13,4972.11,2923.42,2673.46,1952.05,251.04,3249.16,3222.53,709.59,0.9793,0.5747,0.8935,1.2973,0.7797,0.4519,0.8663,0.6071,0.4458,-2.3281,0.5947,0.6884,0.6477,0.5477,0.6358,0.6899,0.6637,0.6921,0.6918,0.6743,0.0194,0.0164,0.0303,0.0218,0.0236,0.0126,0.0103,0.0011,0.0170,0.0071,1.0000,1.0000,1.0000,1.0000,1.0000,1.0000,1.0000,1.0000,1.0000,1.0000
2044-01-01,1.0054,1.0083,1.0039,1.0014,1.0225,0.9799,0.9977,0.9917,1.0047,0.9876,1.0047,1.0068,4162.01,6039.75,4977.91,2920.93,2683.50,1961.25,251.33,3250.27,3232.02,710.99,0.9785,0.5747,0.8926,1.2988,0.7768,0.4505,0.8650,0.6080,0.4467,-2.3376,0.5972,0.6561,0.6682,0.5515,0.6384,0.6824,0.6612,0.6728,0.6752,0.6647,0.0103,0.0090,0.0225,0.0112,0.0138,0.0080,0.0056,0.0001,0.0069,0.0066,0.9954,0.9957,0.9976,0.9960,0.9956,0.9965,0.9997,1.0000,0.9964,1.0000
2044-02-01,1.0052,1.0066,1.0002,0.9992,1.0245,0.9805,0.9959,0.9923,1.0033,0.9878,1.0045,1.0074,4165.16,6055.09,4983.82,2924.24,2689.33,1970.88,251.97,3254.49,3250.77,710.46,0.9778,0.5733,0.8917,1.2978,0.7752,0.4490,0.8627,0.6082,0.4464,-2.3536,0.5992,0.6658,0.6624,0.5554,0.6615,0.7013,0.6678,0.6752,0.6809,0.6801,0.0003,0.0003,0.0015,0.0027,0.0033,0.0002,0.0000,0.0000,0.0001,0.0043,1.0000,1.0000,1.0000,1.0000,1.0000,1.0000,1.0000,1.0000,1.0000,1.0000
2044-03-01,1.0065,1.0053,0.9981,0.9991,1.0233,0.9813,0.9950,0.9936,1.0039,0.9843,1.0027,1.0058,4172.49,6062.27,5001.59,2926.43,2693.64,1975.04,252.30,3268.52,3260.64,712.58,0.9762,0.5726,0.8887,1.2972,0.7740,0.4487,0.8616,0.6064,0.4473,-2.3607,0.6016,0.6940,0.6675,0.5771,0.6673,0.7182,0.6855,0.6845,0.7099,0.6689,0.0060,0.0041,0.0197,0.0048,0.0059,0.0031,0.0047,0.0014,0.0035,0.0034,1.0000,1.0000,1.0000,1.0000,1.0000,1.0000,1.0000,1.0000,1.0000,1.0000
2044-04-01,1.0048,1.0016,0.9998,0.9973,1.0223,0.9794,0.9941,0.9929,1.0065,0.9852,1.0021,1.0053,4176.53,6060.18,5005.17,2918.74,2699.98,1981.76,252.70,3271.26,3275.23,713.50,0.9753,0.5729,0.8882,1.3010,0.7722,0.4479,0.8602,0.6064,0.4476,-2.3718,0.6066,0.6995,0.6829,0.5885,0.6639,0.7014,0.6842,0.7210,0.7028,0.6978,0.0045,0.0021,0.0055,0.0047,0.0051,0.0000,0.0009,0.0008,0.0033,0.0016,1.0000,1.0000,1.0000,1.0000,1.0000,1.0000,1.0000,1.0000,1.0000,1.0000
2044-05-01,1.0048,0.9990,1.0014,0.9977,1.0235,0.9801,0.9911,0.9934,1.0075,0.9845,1.0026,1.0061,4179.36,6064.60,5012.10,2915.77,2703.31,1987.32,252.63,3277.09,3289.14,714.35,0.9747,0.5725,0.8871,1.3027,0.7711,0.4474,0.8605,0.6057,0.4480,-2.3830,0.6058,0.6909,0.6752,0.5658,0.6689,0.7055,0.6882,0.7109,0.7116,0.6985,0.0071,0.0035,0.0234,0.0104,0.0097,0.0003,0.0039,0.0020,0.0057,0.0082,1.0000,1.0000,1.0000,1.0000,1.0000,1.0000,1.0000,1.0000,1.0000,1.0000
2044-06-01,1.0075,0.9973,1.0030,0.9958,1.0234,0.9791,0.9920,0.9931,1.0085,0.9844,1.0032,1.0060,4179.91,6071.58,5025.99,2924.45,2702.99,1995.36,251.90,3282.88,3301.26,715.87,0.9746,0.5719,0.8848,1.2993,0.7711,0.4463,0.8631,0.6048,0.4486,-2.3921,0.6027,0.6932,0.6654,0.5613,0.6602,0.7026,0.6734,0.7114,0.7144,0.6943,0.0110,0.0083,0.0078,0.0098,0.0109,0.0055,0.0037,0.0000,0.0070,0.0010,1.0000,1.0000,1.0000,1.0000,1.0000,1.0000,1.0000,1.0000,1.0000,1.0000
2044-07-01,1.0098,0.9954,1.0026,0.9928,1.0237,0.9758,0.9926,0.9938,1.0078,0.9824,1.0035,1.0049,4191.86,6064.77,5031.50,2924.67,2710.34,1997.47,252.99,3293.10,3321.16,715.74,0.9719,0.5726,0.8839,1.2995,0.7690,0.4465,0.8595,0.6028,0.4481,-2.4066,0.5958,0.6970,0.6826,0.5993,0.6410,0.7100,0.6362,0.7129,0.7107,0.7059,0.0073,0.0057,0.0048,0.0054,0.0074,0.0050,0.0043,0.0002,0.0042,0.0022,1.0000,1.0000,1.0000,1.0000,1.0000,1.0000,1.0000,1.0000,1.0000,1.0000
2044-08-01,1.0104,0.9961,1.0008,0.9888,1.0253,0.9756,0.9936,0.9953,1.0067,0.9823,1.0055,1.0036,4192.43,6078.48,5031.73,2926.13,2722.59,2009.45,253.70,3301.31,3339.80,716.93,0.9718,0.5713,0.8840,1.2989,0.7656,0.4445,0.8571,0.6013,0.4479,-2.4168,0.6091,0.6818,0.6770,0.5958,0.6565,0.6898,0.6779,0.7247,0.7297,0.6910,0.0070,0.0034,0.0066,0.0051,0.0085,0.0028,0.0040,0.0005,0.0028,0.0080,0.9851,0.9860,0.9924,0.9869,0.9858,0.9886,0.9988,1.0000,0.9879,1.0000
2044-09-01,1.0111,0.9974,0.9969,0.9886,1.0255,0.9753,0.9944,0.9967,1.0063,0.9830,1.0074,1.0025,4199.64,6070.01,5043.93,2938.55,2727.84,2014.40,254.01,3292.58,3349.70,718.33,0.9702,0.5722,0.8820,1.2933,0.7641,0.4441,0.8561,0.6027,0.4488,-2.4262,0.6012,0.7040,0.6608,0.5966,0.6852,0.7237,0.6957,0.7278,0.7408,0.6943,0.0106,0.0054,0.0255,0.0054,0.0097,0.0045,0.0062,0.0014,0.0058,0.0074,0.9716,0.9733,0.9854,0.9749,0.9728,0.9781,0.9977,1.0000,0.9766,1.0000
2044-10-01,1.0116,0.9939,0.9981,0.9894,1.0248,0.9737,0.9935,0.9973,1.0055,0.9869,1.0086,1.0032,4206.17,6056.12,5044.60,2942.42,2725.90,2023.62,253.87,3297.42,3367.89,719.21,0.9684,0.5735,0.8820,1.2916,0.7647,0.4428,0.8566,0.6019,0.4486,-2.4373,0.6043,0.6838,0.6645,0.6289,0.6783,0.7105,0.6902,0.6864,0.7230,0.7002,0.0075,0.0050,0.0230,0.0106,0.0067,0.0013,0.0029,0.0005,0.0049,0.0040,1.0000,1.0000,1.0000,1.0000,1.0000,1.0000,1.0000,1.0000,1.0000,1.0000
2044-11-01,1.0116,0.9921,0.9994,0.9896,1.0233,0.9724,0.9921,0.9992,1.0048,0.9897,1.0072,1.0030,4204.60,6060.39,5045.01,2946.81,2725.57,2028.66,253.92,3301.97,3367.98,720.26,0.9687,0.5732,0.8819,1.2896,0.7649,0.4424,0.8565,0.6011,0.4508,-2.4479,0.6073,0.6636,0.6513,0.6232,0.6531,0.7208,0.6738,0.6939,0.7324,0.6991,0.0049,0.0022,0.0208,0.0049,0.0045,0.0001,0.0012,0.0003,0.0039,0.0024,1.0000,1.0000,1.0000,1.0000,1.0000,1.0000,1.0000,1.0000,1.0000,1.0000
2044-12-01,1.0136,0.9956,1.0000,0.9890,1.0230,0.9733,0.9925,0.9996,1.0057,0.9911,1.0043,1.0046,4207.67,6073.25,5048.71,2943.77,2735.07,2035.55,254.39,3306.08,3378.97,722.58,0.9680,0.5721,0.8814,1.2910,0.7624,0.4416,0.8550,0.6004,0.4516,-2.4542,0.5976,0.6785,0.6413,0.6241,0.6398,0.7085,0.6688,0.6988,0.6871,0.7008,0.0187,0.0162,0.0288,0.0162,0.0184,0.0129,0.0049,0.0008,0.0174,0.0020,0.9233,0.9277,0.9607,0.9309,0.9255,0.9398,0.9936,1.0000,0.9339,1.0000
2045-01-01,1.0137,0.9967,0.9986,0.9907,1.0214,0.9747,0.9917,1.0000,1.0067,0.9906,1.0012,1.0058,4211.20,6079.46,5057.78,2943.04,2734.33,2040.83,254.83,3312.97,3388.46,723.85,0.9673,0.5715,0.8800,1.2914,0.7627,0.4411,0.8535,0.5992,0.4527,-2.4640,0.5944,0.6908,0.6377,0.5977,0.6566,0.7038,0.6781,0.6998,0.6849,0.7161,0.0052,0.0065,0.0195,0.0116,0.0053,0.0035,0.0023,0.0011,0.0047,0.0019,0.9756,0.9771,0.9875,0.9784,0.9766,0.9811,0.9980,1.0000,0.9799,1.0000
2045-02-01,1.0155,0.9994,1.0010,0.9912,1.0205,0.9785,0.9900,0.9998,1.0059,0.9920,0.9992,1.0069,4201.06,6075.09,5064.38,2943.01,2743.92,2052.00,254.82,3305.17,3386.86,724.94,0.9696,0.5720,0.8790,1.2915,0.7601,0.4394,0.8536,0.6006,0.4552,-2.4745,0.5988,0.6960,0.6495,0.5903,0.6441,0.6999,0.6848,0.7072,0.6873,0.7140,0.0204,0.0191,0.0316,0.0260,0.0194,0.0110,0.0032,0.0001,0.0185,0.0019,0.9432,0.9465,0.9709,0.9492,0.9451,0.9557,0.9954,1.0000,0.9519,1.0000
2045-03-01,1.0162,1.0006,1.0039,0.9911,1.0179,0.9794,0.9885,0.9987,1.0060,0.9913,0.9989,1.0051,4206.79,6066.51,5068.90,2943.81,2759.39,2054.95,255.74,3315.22,3394.50,727.18,0.9684,0.5728,0.8784,1.2912,0.7559,0.4394,0.8501,0.5989,0.4564,-2.4810,0.5778,0.6779,0.6463,0.5802,0.6592,0.7164,0.6738,0.6757,0.6536,0.7104,0.0150,0.0104,0.0250,0.0140,0.0145,0.0053,0.0015,0.0000,0.0136,0.0019,0.9706,0.9723,0.9849,0.9739,0.9717,0.9772,0.9977,1.0000,0.9757,1.0000
2045-04-01,1.0148,0.9991,1.0076,0.9910,1.0175,0.9784,0.9854,0.9961,1.0069,0.9910,0.9983,1.0051,4212.61,6055.42,5073.45,2945.12,2764.18,2063.62,255.34,3312.76,3403.79,729.77,0.9671,0.5740,0.8778,1.2908,0.7546,0.4383,0.8512,0.5994,0.4575,-2.4863,0.5897,0.6635,0.6452,0.5836,0.6969,0.6939,0.7026,0.7044,0.6590,0.7234,0.0087,0.0041,0.0237,0.0089,0.0091,0.0000,0.0007,0.0006,0.0097,0.0024,1.0000,1.0000,1.0000,1.0000,1.0000,1.0000,1.0000,1.0000,1.0000,1.0000
2045-05-01,1.0164,1.0017,1.0074,0.9918,1.0188,0.9770,0.9856,0.9974,1.0073,0.9930,0.9999,1.0067,4198.10,6067.95,5072.46,2947.72,2769.35,2068.18,254.81,3318.55,3412.28,730.29,0.9705,0.5729,0.8781,1.2897,0.7532,0.4380,0.8530,0.5985,0.4587,-2.4988,0.5972,0.6550,0.6447,0.5880,0.6854,0.7076,0.6737,0.6870,0.6669,0.7335,0.0157,0.0133,0.0290,0.0196,0.0172,0.0095,0.0067,0.0014,0.0118,0.0085,0.9425,0.9459,0.9706,0.9486,0.9444,0.9552,0.9954,1.0000,0.9514,1.0000
2045-06-01,1.0171,1.0067,1.0072,0.9919,1.0172,0.9760,0.9887,0.9966,1.0084,0.9926,1.0014,1.0069,4214.23,6068.97,5069.88,2955.29,2777.04,2074.71,254.67,3326.55,3426.06,731.26,0.9669,0.5728,0.8787,1.2865,0.7512,0.4373,0.8536,0.5971,0.4591,-2.5097,0.5754,0.6808,0.6302,0.5889,0.6721,0.6927,0.6433,0.6975,0.6689,0.7095,0.0193,0.0162,0.0292,0.0177,0.0183,0.0128,0.0052,0.0009,0.0172,0.0042,0.8968,0.9030,0.9475,0.9066,0.8991,0.9191,0.9917,1.0000,0.9101,1.0000
2045-07-01,1.0162,1.0073,1.0051,0.9921,1.0152,0.9756,0.9911,0.9985,1.0086,0.9917,1.0040,1.0060,4217.34,6073.25,5071.21,2971.04,2785.83,2078.30,254.64,3325.65,3434.09,733.77,0.9662,0.5725,0.8787,1.2797,0.7489,0.4372,0.8537,0.5973,0.4604,-2.5153,0.5981,0.6775,0.6210,0.6061,0.6742,0.6926,0.6416,0.7084,0.6803,0.7062,0.0061,0.0019,0.0208,0.0018,0.0047,0.0016,0.0039,0.0006,0.0020,0.0053,0.9853,0.9862,0.9924,0.9871,0.9859,0.9887,0.9989,1.0000,0.9881,1.0000
2045-08-01,1.0168,1.0064,1.0031,0.9899,1.0172,0.9753,0.9911,0.9975,1.0073,0.9909,1.0065,1.0060,4232.19,6081.53,5072.80,2981.79,2792.02,2090.37,255.43,3338.94,3452.32,735.07,0.9628,0.5718,0.8786,1.2749,0.7472,0.4354,0.8512,0.5951,0.4602,-2.5251,0.6005,0.6867,0.6252,0.6475,0.6849,0.6863,0.6450,0.6935,0.6816,0.7200,0.0030,0.0014,0.0037,0.0037,0.0057,0.0012,0.0021,0.0002,0.0010,0.0062,1.0000,1.0000,1.0000,1.0000,1.0000,1.0000,1.0000,1.0000,1.0000,1.0000
2045-09-01,1.0173,1.0051,1.0023,0.9875,1.0184,0.9730,0.9913,0.9976,1.0037,0.9897,1.0064,1.0059,4239.01,6092.77,5072.27,2985.63,2793.29,2096.93,255.92,3337.36,3461.68,737.61,0.9613,0.5707,0.8789,1.2735,0.7469,0.4347,0.8495,0.5954,0.4613,-2.5306,0.6197,0.6984,0.6362,0.6590,0.6808,0.7200,0.6799,0.7241,0.7098,0.7133,0.0013,0.0011,0.0017,0.0027,0.0037,0.0009,0.0007,0.0000,0.0007,0.0031,1.0000,1.0000,1.0000,1.0000,1.0000,1.0000,1.0000,1.0000,1.0000,1.0000
2045-10-01,1.0210,1.0052,1.0038,0.9859,1.0195,0.9718,0.9913,0.9966,1.0026,0.9904,1.0066,1.0063,4238.38,6104.55,5066.31,2986.29,2798.26,2104.18,256.29,3337.20,3468.72,736.87,0.9615,0.5697,0.8801,1.2734,0.7454,0.4339,0.8483,0.5954,0.4626,-2.5474,0.6193,0.7084,0.6375,0.6464,0.6656,0.7147,0.6882,0.7024,0.7025,0.7262,0.0140,0.0109,0.0116,0.0139,0.0161,0.0080,0.0058,0.0002,0.0095,0.0042,0.9995,0.9996,0.9998,0.9996,0.9996,0.9996,1.0000,1.0000,0.9996,1.0000
2045-11-01,1.0236,1.0038,1.0055,0.9857,1.0204,0.9711,0.9920,0.9968,1.0023,0.9909,1.0092,1.0070,4244.44,6109.26,5077.45,2984.13,2805.30,2111.92,256.29,3342.86,3481.83,736.79,0.9603,0.5692,0.8784,1.2745,0.7435,0.4329,0.8483,0.5945,0.4632,-2.5620,0.6052,0.7111,0.6247,0.6240,0.6607,0.7106,0.6872,0.6916,0.6879,0.6967,0.0153,0.0083,0.0297,0.0113,0.0159,0.0055,0.0082,0.0012,0.0103,0.0091,1.0000,1.0000,1.0000,1.0000,1.0000,1.0000,1.0000,1.0000,1.0000,1.0000
2045-12-01,1.0242,1.0044,1.0026,0.9851,1.0192,0.9703,0.9940,1.0001,1.0019,0.9913,1.0096,1.0063,4243.87,6129.04,5088.64,2982.55,2812.71,2117.83,256.59,3357.41,3486.66,738.38,0.9606,0.5674,0.8764,1.2755,0.7415,0.4324,0.8474,0.5920,0.4649,-2.5707,0.6061,0.7045,0.6404,0.6001,0.6662,0.7119,0.6717,0.6996,0.6947,0.6801,0.0071,0.0032,0.0169,0.0028,0.0058,0.0026,0.0043,0.0006,0.0030,0.0049,0.9870,0.9878,0.9933,0.9885,0.9875,0.9900,0.9990,1.0000,0.9894,1.0000
2046-01-01,1.0235,1.0036,1.0029,0.9819,1.0147,0.9718,0.9954,1.0003,1.0035,0.9906,1.0056,1.0061,4249.78,6119.81,5090.96,2989.72,2814.61,2124.62,257.03,3361.97,3500.17,739.90,0.9594,0.5683,0.8761,1.2727,0.7411,0.4317,0.8459,0.5912,0.4654,-2.5796,0.6006,0.7237,0.6561,0.5936,0.6750,0.7064,0.6755,0.7260,0.6817,0.6935,0.0021,0.0012,0.0022,0.0017,0.0020,0.0005,0.0010,0.0006,0.0010,0.0013,1.0000,1.0000,1.0000,1.0000,1.0000,1.0000,1.0000,1.0000,1.0000,1.0000
