date,price_oil,price_gas,price_coal,price_electricity,price_food,price_critical-minerals,price_steel,price_consumer-goods,price_electronics,price_arms,price_pharma,price_services,import_price_oil,import_price_gas,import_price_coal,import_price_electricity,import_price_food,import_price_critical-minerals,import_price_steel,import_price_consumer-goods,import_price_electronics,import_price_arms,import_price_pharma,import_price_services,gdp_FRA,gdp_DEU,gdp_GBR,gdp_ITA,gdp_ESP,gdp_POL,gdp_UKR,gdp_RUS,gdp_TUR,gdp_NOR,debt_FRA,debt_DEU,debt_GBR,debt_ITA,debt_ESP,debt_POL,debt_UKR,debt_RUS,debt_TUR,debt_NOR,stability_FRA,stability_DEU,stability_GBR,stability_ITA,stability_ESP,stability_POL,stability_UKR,stability_RUS,stability_TUR,stability_NOR,shortage_FRA,shortage_DEU,shortage_GBR,shortage_ITA,shortage_ESP,shortage_POL,shortage_UKR,shortage_RUS,shortage_TUR,shortage_NOR,gas_coverage_FRA,gas_coverage_DEU,gas_coverage_GBR,gas_coverage_ITA,gas_coverage_ESP,gas_coverage_POL,gas_coverage_UKR,gas_coverage_RUS,gas_coverage_TUR,gas_coverage_NOR,maritime_trade_FRA,maritime_trade_DEU,maritime_trade_GBR,maritime_trade_ITA,maritime_trade_ESP,maritime_trade_POL,maritime_trade_UKR,maritime_trade_RUS,maritime_trade_TUR,maritime_trade_NOR,blockade_FRA,blockade_DEU,blockade_GBR,blockade_ITA,blockade_ESP,blockade_POL,blockade_UKR,blockade_RUS,blockade_TUR,blockade_NOR,tiles_FRA,tiles_DEU,tiles_GBR,tiles_ITA,tiles_ESP,tiles_POL,tiles_UKR,tiles_RUS,tiles_TUR,tiles_NOR,contested_FRA,contested_DEU,contested_GBR,contested_ITA,contested_ESP,contested_POL,contested_UKR,contested_RUS,contested_TUR,contested_NOR,exhaustion_FRA,exhaustion_DEU,exhaustion_GBR,exhaustion_ITA,exhaustion_ESP,exhaustion_POL,exhaustion_UKR,exhaustion_RUS,exhaustion_TUR,exhaustion_NOR,sanctions_against_FRA,sanctions_against_DEU,sanctions_against_GBR,sanctions_against_ITA,sanctions_against_ESP,sanctions_against_POL,sanctions_against_UKR,sanctions_against_RUS,sanctions_against_TUR,sanctions_against_NOR,at_war_FRA,at_war_DEU,at_war_GBR,at_war_ITA,at_war_ESP,at_war_POL,at_war_UKR,at_war_RUS,at_war_TUR,at_war_NOR,export_share_FRA,export_share_DEU,export_share_GBR,export_share_ITA,export_share_ESP,export_share_POL,export_share_UKR,export_share_RUS,export_share_TUR,export_share_NOR,circumvention_FRA,circumvention_DEU,circumvention_GBR,circumvention_ITA,circumvention_ESP,circumvention_POL,circumvention_UKR,circumvention_RUS,circumvention_TUR,circumvention_NOR,regime_FRA,regime_DEU,regime_GBR,regime_ITA,regime_ESP,regime_POL,regime_UKR,regime_RUS,regime_TUR,regime_NOR,legitimacy_FRA,legitimacy_DEU,legitimacy_GBR,legitimacy_ITA,legitimacy_ESP,legitimacy_POL,legitimacy_UKR,legitimacy_RUS,legitimacy_TUR,legitimacy_NOR,capital_FRA,capital_DEU,capital_GBR,capital_ITA,capital_ESP,capital_POL,capital_UKR,capital_RUS,capital_TUR,capital_NOR
2026-01-01,1.0000,1.0000,1.0000,1.0000,1.0000,1.0000,1.0000,1.0000,1.0000,1.0000,1.0000,1.0000,1.0000,1.0000,1.0001,1.0298,1.0000,1.0000,1.0170,1.0170,1.0221,1.0232,1.0170,1.0000,3366.32,5050.92,4002.59,2551.56,1906.45,1035.49,214.23,2561.31,1597.29,530.76,1.1600,0.6290,1.0230,1.3710,1.0040,0.5880,1.0870,0.1720,0.2350,0.4500,0.6600,0.7169,0.6747,0.6374,0.6767,0.7200,0.6678,0.6750,0.6750,0.7200,0.0019,0.0004,0.0179,0.0017,0.0019,0.0000,0.0027,0.0012,0.0009,0.0031,1.0000,1.0000,1.0000,1.0000,1.0000,1.0000,1.0000,1.0000,1.0000,1.0000,53.01,188.04,79.00,54.35,61.58,9.29,7.94,244.34,57.59,79.61,0.0000,0.0000,0.0000,0.0000,0.0000,0.0000,0.0000,0.0000,0.0000,0.0000,104304,74663,53998,54750,86225,66964,95775,572442,131417,91336,0,0,0,0,0,0,0,0,0,0,0.0000,0.0000,0.0000,0.0000,0.0000,0.0000,0.0000,0.0000,0.0000,0.0000,0,0,0,0,0,0,0,0,0,0,0,0,0,0,0,0,1,1,0,0,0.1189,0.0741,0.1337,0.0482,0.0865,0.0115,0.0806,0.1079,0.0015,0.1360,0.000,0.000,0.000,0.000,0.000,0.000,0.000,0.000,0.000,0.000,semi-presidential,parliamentary,parliamentary,parliamentary,parliamentary,semi-presidential,semi-presidential,electoral-authoritarian,electoral-authoritarian,parliamentary,0.800,0.800,0.800,0.800,0.800,0.800,0.800,0.500,0.500,0.800,30.0,30.0,30.0,30.0,30.0,30.0,30.0,30.0,30.0,30.0
2026-02-01,1.0024,1.0049,1.0001,1.0007,0.9991,1.0004,1.0011,1.0008,1.0006,1.0033,1.0015,1.0006,1.1177,1.1761,1.0357,1.0531,1.0253,1.0556,1.0171,1.0163,1.0308,1.0919,1.0771,1.0016,3364.24,5057.13,4000.82,2548.40,1910.69,1035.97,212.38,2559.82,1595.23,530.62,1.1609,0.6284,1.0243,1.3780,1.0028,0.5887,1.0990,0.1744,0.2356,0.4364,0.6587,0.7159,0.6648,0.6447,0.6659,0.7150,0.5905,0.6765,0.6567,0.7070,0.0333,0.0286,0.0428,0.0370,0.0371,0.0144,0.0907,0.0026,0.0310,0.0149,0.8560,0.8661,0.9266,0.8699,0.8571,0.9075,0.9482,1.0000,0.8762,1.0000,50.57,178.32,74.12,52.89,58.57,9.19,5.66,233.57,55.54,77.31,0.0000,0.0000,0.0000,0.0000,0.0000,0.0000,0.4590,0.0408,0.0000,0.0000,104304,74663,53998,54750,86225,66964,95775,572442,131417,91336,0,0,0,0,0,0,0,0,0,0,0.0000,0.0000,0.0000,0.0000,0.0000,0.0000,0.0092,0.0092,0.0000,0.0000,0,0,0,0,0,0,0,1,0,0,0,0,0,0,0,0,1,1,0,0,0.1192,0.0729,0.1341,0.0482,0.0867,0.0119,0.0709,0.1027,0.0015,0.1327,0.000,0.000,0.000,0.000,0.000,0.000,0.032,0.147,0.000,0.000,semi-presidential,parliamentary,parliamentary,parliamentary,parliamentary,semi-presidential,semi-presidential,electoral-authoritarian,electoral-authoritarian,parliamentary,0.800,0.800,0.800,0.800,0.800,0.800,0.800,0.500,0.500,0.800,30.2,30.4,30.6,26.1,31.4,31.7,33.5,33.1,33.1,32.6
2026-03-01,1.0039,1.0107,0.9995,1.0011,0.9978,0.9993,1.0030,1.0020,0.9984,1.0087,1.0045,1.0003,1.0930,1.1748,1.0352,1.0698,1.0234,1.0542,1.0801,1.0673,1.0120,1.0856,1.1300,1.0003,3366.05,5059.08,4004.01,2541.16,1911.00,1037.81,210.46,2556.85,1595.79,529.92,1.1642,0.6297,1.0266,1.3865,1.0048,0.5855,1.1107,0.1768,0.2355,0.4224,0.6454,0.6976,0.6413,0.6200,0.6510,0.7106,0.5255,0.7133,0.6466,0.6965,0.0362,0.0279,0.0473,0.0405,0.0376,0.0121,0.0956,0.0030,0.0286,0.0217,0.8627,0.8725,0.9301,0.8763,0.8637,0.9134,0.9495,1.0000,0.8829,1.0000,51.13,181.28,76.19,52.63,59.66,9.33,5.66,236.18,55.90,78.37,0.0000,0.0000,0.0000,0.0000,0.0000,0.0000,0.4596,0.0409,0.0000,0.0000,104304,74663,53998,54750,86225,66964,95775,572442,131417,91336,0,0,0,0,0,0,0,0,0,0,0.0000,0.0000,0.0000,0.0000,0.0000,0.0000,0.0184,0.0184,0.0000,0.0000,0,0,0,0,0,0,0,1,0,0,0,0,0,0,0,0,1,1,0,0,0.1189,0.0732,0.1338,0.0480,0.0865,0.0118,0.0687,0.1027,0.0014,0.1356,0.000,0.000,0.000,0.000,0.000,0.000,0.032,0.147,0.000,0.000,semi-presidential,parliamentary,parliamentary,parliamentary,parliamentary,semi-presidential,semi-presidential,electoral-authoritarian,electoral-authoritarian,parliamentary,0.800,0.800,0.800,0.800,0.800,0.800,0.800,0.500,0.500,0.800,33.4,33.2,33.0,29.6,34.6,34.8,36.5,36.2,36.6,35.3
2026-04-01,1.0061,1.0158,0.9989,1.0011,0.9948,0.9972,1.0042,1.0034,0.9967,1.0148,1.0072,0.9999,1.0898,1.1405,1.0350,1.0371,1.0205,1.0519,1.0973,1.0050,1.0100,1.0715,1.0088,1.0002,3382.80,5059.03,4013.52,2546.03,1913.73,1041.96,209.16,2556.47,1602.43,529.03,1.1678,0.6313,1.0271,1.3862,1.0055,0.5811,1.1193,0.1791,0.2346,0.4086,0.6516,0.6892,0.6319,0.5929,0.6397,0.7013,0.4866,0.6939,0.6430,0.6862,0.0253,0.0205,0.0356,0.0256,0.0287,0.0084,0.0754,0.0017,0.0222,0.0132,0.8950,0.9028,0.9464,0.9066,0.8963,0.9398,0.9535,1.0000,0.9135,1.0000,51.48,185.09,79.86,53.90,60.92,9.54,5.75,237.47,56.34,79.66,0.0000,0.0000,0.0000,0.0000,0.0000,0.0000,0.4600,0.0411,0.0000,0.0000,104304,74663,53998,54750,86225,66964,95775,572442,131417,91336,0,0,0,0,0,0,0,0,0,0,0.0000,0.0000,0.0000,0.0000,0.0000,0.0000,0.0276,0.0276,0.0000,0.0000,0,0,0,0,0,0,0,1,0,0,0,0,0,0,0,0,1,1,0,0,0.1186,0.0741,0.1338,0.0490,0.0864,0.0114,0.0649,0.1013,0.0013,0.1338,0.000,0.000,0.000,0.000,0.000,0.000,0.032,0.147,0.000,0.000,semi-presidential,parliamentary,parliamentary,parliamentary,parliamentary,semi-presidential,semi-presidential,electoral-authoritarian,electoral-authoritarian,parliamentary,0.800,0.800,0.800,0.800,0.800,0.800,0.800,0.500,0.500,0.800,28.2,35.8,35.3,32.9,37.7,37.8,39.1,39.4,40.1,38.0
2026-05-01,1.0095,1.0198,0.9974,0.9996,0.9908,0.9940,1.0053,1.0032,0.9942,1.0175,1.0069,1.0004,1.1879,1.1727,1.0337,1.0002,1.0165,1.0484,1.0070,1.0122,1.0079,1.0303,1.0087,1.0019,3381.69,5058.49,4017.38,2547.75,1914.95,1046.13,207.82,2550.67,1604.06,529.48,1.1714,0.6330,1.0288,1.3894,1.0070,0.5767,1.1288,0.1823,0.2345,0.3937,0.6429,0.6910,0.6263,0.5952,0.6354,0.7064,0.4585,0.6920,0.6555,0.6867,0.0324,0.0290,0.0213,0.0334,0.0364,0.0156,0.0870,0.0012,0.0251,0.0103,0.8731,0.8824,0.9355,0.8863,0.8742,0.9227,0.9516,1.0000,0.8934,1.0000,49.99,182.24,77.04,53.15,60.23,9.39,5.96,232.68,55.88,78.54,0.0000,0.0000,0.0000,0.0000,0.0000,0.0000,0.4604,0.0427,0.0000,0.0000,104304,74663,53998,54750,86225,66964,95775,572442,131417,91336,0,0,0,0,0,0,0,0,0,0,0.0000,0.0000,0.0000,0.0000,0.0000,0.0000,0.0391,0.0391,0.0000,0.0000,0,0,0,0,0,0,0,1,0,0,0,0,0,0,0,0,1,1,0,0,0.1181,0.0741,0.1339,0.0491,0.0865,0.0114,0.0643,0.1029,0.0013,0.1343,0.000,0.000,0.000,0.000,0.000,0.000,0.032,0.148,0.000,0.000,semi-presidential,parliamentary,parliamentary,parliamentary,parliamentary,semi-presidential,semi-presidential,electoral-authoritarian,electoral-authoritarian,parliamentary,0.800,0.800,0.800,0.800,0.800,0.800,0.800,0.500,0.500,0.800,31.4,38.5,37.7,36.2,40.7,40.8,42.1,43.4,43.7,40.6
2026-06-01,1.0129,1.0232,0.9971,0.9959,0.9884,0.9920,1.0051,1.0024,0.9928,1.0176,1.0080,1.0013,1.1134,1.0527,1.0350,0.9962,1.0130,1.0465,1.0269,1.0044,1.0063,1.0231,1.0792,1.0020,3384.76,5060.08,4022.97,2551.42,1916.36,1050.09,206.62,2548.66,1608.22,529.03,1.1732,0.6343,1.0299,1.3912,1.0094,0.5725,1.1373,0.1846,0.2339,0.3794,0.6354,0.6845,0.6353,0.5940,0.6248,0.7045,0.4446,0.6710,0.6546,0.6859,0.0144,0.0107,0.0133,0.0165,0.0179,0.0004,0.0848,0.0016,0.0112,0.0132,0.9792,0.9786,0.9899,0.9778,0.9794,1.0000,0.9694,1.0000,0.9729,1.0000,51.48,185.23,80.06,54.15,60.86,9.52,5.85,238.68,56.50,79.88,0.0000,0.0000,0.0000,0.0000,0.0000,0.0000,0.4604,0.0433,0.0000,0.0000,104304,74663,53998,54750,86225,66964,95775,572442,131417,91336,0,0,0,0,0,0,0,0,0,0,0.0000,0.0000,0.0000,0.0000,0.0000,0.0000,0.0483,0.0483,0.0000,0.0000,0,0,0,0,0,0,0,1,0,0,0,0,0,0,0,0,1,1,0,0,0.1186,0.0748,0.1348,0.0498,0.0873,0.0121,0.0666,0.1033,0.0014,0.1349,0.000,0.000,0.000,0.000,0.000,0.000,0.034,0.149,0.000,0.000,semi-presidential,parliamentary,parliamentary,parliamentary,parliamentary,semi-presidential,semi-presidential,electoral-authoritarian,electoral-authoritarian,parliamentary,0.800,0.800,0.800,0.800,0.780,0.800,0.800,0.500,0.500,0.800,34.5,41.2,40.0,39.5,43.7,43.8,44.3,46.5,47.2,43.3
2026-07-01,1.0150,1.0250,0.9974,0.9921,0.9872,0.9897,1.0059,1.0008,0.9927,1.0159,1.0078,1.0014,1.1079,1.0919,1.0478,0.9926,1.0234,1.0436,1.0076,1.0024,1.0060,1.0215,1.0451,1.0018,3392.97,5053.21,4027.50,2550.98,1919.69,1053.89,205.33,2549.38,1611.92,528.80,1.1729,0.6368,1.0324,1.3950,1.0148,0.5684,1.1505,0.1867,0.2315,0.3747,0.6338,0.6888,0.6253,0.6006,0.6566,0.7114,0.2963,0.6511,0.6617,0.6830,0.0178,0.0150,0.0154,0.0229,0.0243,0.0034,0.0832,0.0013,0.0145,0.0142,0.9465,0.9479,0.9730,0.9504,0.9489,0.9758,0.9651,1.0000,0.9499,1.0000,51.66,184.32,79.32,54.00,60.89,9.37,5.82,239.40,56.72,79.85,0.0000,0.0000,0.0000,0.0000,0.0000,0.0000,0.4584,0.0430,0.0000,0.0000,104304,74663,53998,54750,86225,66964,95775,572442,131417,91336,0,0,0,0,0,0,0,0,0,0,0.0000,0.0000,0.0000,0.0000,0.0000,0.0000,0.0575,0.0575,0.0000,0.0000,0,0,0,0,0,0,0,1,0,0,0,0,0,0,0,0,1,1,0,0,0.1187,0.0745,0.1344,0.0496,0.0871,0.0121,0.0714,0.1046,0.0015,0.1350,0.000,0.000,0.000,0.000,0.000,0.000,0.034,0.149,0.000,0.000,semi-presidential,parliamentary,parliamentary,parliamentary,parliamentary,semi-presidential,semi-presidential,electoral-authoritarian,electoral-authoritarian,parliamentary,0.800,0.800,0.800,0.800,0.794,0.800,0.055,0.500,0.500,0.800,37.6,43.9,43.8,42.8,43.2,46.9,46.4,49.4,50.9,44.1
2026-08-01,1.0189,1.0273,0.9972,0.9914,0.9875,0.9874,1.0068,1.0001,0.9934,1.0161,1.0089,1.0017,1.1478,1.0686,1.0331,1.0398,1.0124,1.0402,1.0479,1.0017,1.0314,1.0667,1.0299,1.0017,3397.66,5054.00,4022.54,2557.26,1918.16,1057.21,204.10,2550.15,1614.81,530.41,1.1736,0.6413,1.0359,1.3970,1.0177,0.5656,1.1601,0.1894,0.2311,0.3516,0.6287,0.6877,0.6194,0.6133,0.6533,0.7031,0.3369,0.6546,0.6746,0.6861,0.0166,0.0149,0.0308,0.0272,0.0209,0.0033,0.0869,0.0025,0.0148,0.0123,0.9693,0.9683,0.9849,0.9696,0.9716,0.9911,0.9696,1.0000,0.9656,1.0000,51.42,184.19,80.53,53.14,59.87,9.45,5.54,237.32,56.63,79.51,0.0000,0.0000,0.0000,0.0000,0.0000,0.0000,0.4571,0.0409,0.0000,0.0000,104304,74663,53998,54750,86225,66964,95775,572442,131417,91336,0,0,0,0,0,0,0,0,0,0,0.0000,0.0000,0.0000,0.0000,0.0000,0.0000,0.0690,0.0690,0.0000,0.0000,0,0,0,0,0,0,0,1,0,0,0,0,0,0,0,0,1,1,0,0,0.1223,0.0778,0.1372,0.0486,0.0866,0.0124,0.0695,0.1051,0.0047,0.1390,0.000,0.000,0.000,0.000,0.000,0.000,0.034,0.150,0.000,0.000,semi-presidential,parliamentary,parliamentary,parliamentary,parliamentary,semi-presidential,semi-presidential,electoral-authoritarian,electoral-authoritarian,parliamentary,0.800,0.800,0.800,0.800,0.800,0.800,0.067,0.500,0.500,0.800,40.7,46.5,46.0,48.7,46.3,48.9,49.1,53.0,54.6,48.1
2026-09-01,1.0216,1.0290,0.9979,0.9920,0.9841,0.9867,1.0075,0.9990,0.9962,1.0186,1.0089,1.0006,1.1110,1.0843,1.0941,1.0557,1.0080,1.0385,1.0934,1.0004,1.0951,1.0744,1.0106,1.0007,3390.75,5073.75,4015.60,2557.34,1916.44,1062.72,202.48,2551.31,1619.49,532.70,1.1782,0.6404,1.0397,1.3997,1.0196,0.5608,1.1715,0.1914,0.2305,0.3355,0.6230,0.6916,0.6206,0.5946,0.6614,0.7076,0.3460,0.6389,0.6495,0.6875,0.0205,0.0170,0.0362,0.0357,0.0260,0.0028,0.0891,0.0049,0.0213,0.0158,0.9570,0.9571,0.9785,0.9594,0.9596,0.9820,0.9676,1.0000,0.9575,1.0000,52.10,183.25,77.81,54.56,59.61,9.46,5.40,239.86,57.02,80.18,0.0000,0.0000,0.0000,0.0000,0.0000,0.0000,0.4572,0.0408,0.0000,0.0000,104304,74663,53998,54750,86225,66964,95775,572442,131417,91336,0,0,0,0,0,0,0,0,0,0,0.0000,0.0000,0.0000,0.0000,0.0000,0.0000,0.0782,0.0782,0.0000,0.0000,0,0,0,0,0,0,0,1,0,0,0,0,0,0,0,0,1,1,0,0,0.1224,0.0749,0.1325,0.0462,0.0834,0.0114,0.0651,0.1049,0.0040,0.1393,0.000,0.000,0.000,0.000,0.000,0.000,0.033,0.150,0.000,0.000,semi-presidential,parliamentary,parliamentary,parliamentary,parliamentary,semi-presidential,semi-presidential,electoral-authoritarian,electoral-authoritarian,parliamentary,0.800,0.800,0.800,0.800,0.800,0.800,0.076,0.500,0.500,0.800,38.8,49.2,48.3,52.0,47.8,51.9,51.3,55.8,58.1,50.8
2026-10-01,1.0328,1.0353,0.9971,0.9932,1.0176,0.9839,1.0103,0.9999,0.9982,1.0201,1.0090,1.0002,2.2569,1.1103,1.0338,1.0531,1.1809,1.0364,1.1128,1.0684,1.0581,1.0218,1.0104,1.0005,3383.55,5073.01,4009.23,2557.73,1917.57,1066.39,201.27,2552.78,1620.98,531.69,1.1826,0.6421,1.0430,1.4019,1.0210,0.5569,1.1806,0.1935,0.2306,0.3214,0.6184,0.6915,0.5989,0.5739,0.6479,0.7074,0.3744,0.6201,0.6346,0.6484,0.0917,0.0850,0.0876,0.1238,0.1266,0.0739,0.1108,0.0039,0.0834,0.0714,0.9357,0.9386,0.9675,0.9416,0.9380,0.9684,0.9634,1.0000,0.9432,1.0000,35.33,159.64,69.49,39.91,43.35,8.02,4.52,161.85,43.85,62.88,0.0000,0.0000,0.0000,0.0000,0.0000,0.0000,0.4563,0.0420,0.0000,0.0000,104304,74663,53998,54750,86225,66964,95775,572442,131417,91336,0,0,0,0,0,0,0,0,0,0,0.0000,0.0000,0.0000,0.0000,0.0000,0.0000,0.0874,0.0874,0.0000,0.0000,0,0,0,0,0,0,0,1,0,0,0,0,0,0,0,0,1,1,0,0,0.1274,0.0771,0.1382,0.0518,0.0909,0.0117,0.0732,0.1084,0.0040,0.1415,0.000,0.000,0.000,0.000,0.000,0.000,0.031,0.151,0.000,0.000,semi-presidential,parliamentary,parliamentary,parliamentary,parliamentary,semi-presidential,semi-presidential,electoral-authoritarian,electoral-authoritarian,parliamentary,0.800,0.800,0.800,0.800,0.800,0.800,0.085,0.500,0.500,0.800,41.8,51.9,50.5,55.3,51.0,54.9,53.7,58.6,59.5,53.3
2026-11-01,1.0940,1.0651,0.9950,0.9971,1.0678,0.9814,1.0163,1.0034,1.0017,1.0210,1.0119,1.0029,2.1968,1.5412,1.0324,1.1377,1.2107,1.0335,1.1362,1.0857,1.1044,1.0216,1.1149,1.0041,3387.82,5067.12,4010.01,2555.32,1911.67,1068.21,201.29,2554.50,1626.17,533.05,1.1821,0.6444,1.0446,1.4055,1.0263,0.5541,1.1831,0.1958,0.2304,0.3055,0.5790,0.6301,0.5657,0.5074,0.5471,0.6393,0.3610,0.6266,0.5573,0.6407,0.1277,0.1205,0.1121,0.1624,0.1603,0.0986,0.1130,0.0061,0.1282,0.0673,0.6321,0.6508,0.8182,0.6528,0.6330,0.7138,0.9508,1.0000,0.6427,1.0000,36.55,152.38,64.69,40.39,43.25,8.36,4.39,163.56,42.81,57.09,0.0000,0.0000,0.0000,0.0000,0.0000,0.0000,0.4615,0.0428,0.0000,0.0000,104304,74663,53998,54750,86225,66964,95775,572442,131417,91336,0,0,0,0,0,0,0,0,0,0,0.0000,0.0000,0.0000,0.0000,0.0000,0.0000,0.0989,0.0989,0.0000,0.0000,0,0,0,0,0,0,0,1,0,0,0,0,0,0,0,0,1,1,0,0,0.1293,0.0769,0.1400,0.0534,0.0921,0.0139,0.0783,0.1151,0.0055,0.1465,0.000,0.000,0.000,0.000,0.000,0.000,0.033,0.152,0.000,0.000,semi-presidential,parliamentary,parliamentary,parliamentary,parliamentary,semi-presidential,semi-presidential,electoral-authoritarian,electoral-authoritarian,parliamentary,0.800,0.800,0.800,0.800,0.800,0.800,0.097,0.500,0.500,0.800,43.6,54.4,52.7,58.2,53.7,57.7,56.9,62.0,62.5,55.8
2026-12-01,1.1384,1.0853,0.9943,1.0013,1.1042,0.9821,1.0197,1.0061,1.0047,1.0199,1.0126,1.0051,2.1040,1.4562,1.0318,1.1283,1.2291,1.0526,1.0943,1.0313,1.0466,1.0215,1.0468,1.0056,3384.94,5046.95,4011.91,2556.80,1912.19,1072.51,201.12,2558.38,1626.47,535.33,1.1846,0.6487,1.0460,1.4068,1.0344,0.5495,1.1862,0.1972,0.2310,0.2886,0.5697,0.6066,0.5629,0.4897,0.5224,0.6382,0.3475,0.6574,0.5334,0.6516,0.1009,0.0993,0.0885,0.1370,0.1280,0.0807,0.1004,0.0027,0.1006,0.0517,0.7156,0.7310,0.8602,0.7333,0.7166,0.7863,0.9575,1.0000,0.7282,1.0000,40.84,162.15,68.88,44.84,47.61,8.47,4.61,183.84,47.10,64.27,0.0000,0.0000,0.0000,0.0000,0.0000,0.0000,0.4615,0.0428,0.0000,0.0000,104304,74663,53998,54750,86225,66964,95775,572442,131417,91336,0,0,0,0,0,0,0,0,0,0,0.0000,0.0000,0.0000,0.0000,0.0000,0.0000,0.1081,0.1081,0.0000,0.0000,0,0,0,0,0,0,0,1,0,0,0,0,0,0,0,0,1,1,0,0,0.1313,0.0793,0.1418,0.0548,0.0937,0.0150,0.0821,0.1203,0.0070,0.1536,0.000,0.000,0.000,0.000,0.000,0.000,0.035,0.153,0.000,0.000,semi-presidential,parliamentary,parliamentary,parliamentary,parliamentary,semi-presidential,semi-presidential,electoral-authoritarian,electoral-authoritarian,parliamentary,0.800,0.800,0.800,0.800,0.800,0.801,0.106,0.500,0.500,0.800,46.5,56.7,54.7,61.0,57.5,52.8,59.3,64.9,65.4,58.4
2027-01-01,1.1688,1.0958,0.9929,1.0045,1.1925,0.9839,1.0204,1.0203,1.0425,1.0160,1.0115,1.0066,1.8521,1.2333,1.0305,1.0905,1.3471,1.0359,1.0219,1.2746,1.5950,1.0173,1.0130,1.0066,3387.24,5043.98,4011.04,2555.85,1917.42,1072.15,200.32,2567.07,1629.67,537.39,1.1850,0.6523,1.0522,1.4092,1.0339,0.5479,1.1937,0.1984,0.2312,0.2716,0.5750,0.6217,0.5655,0.4929,0.5167,0.6529,0.3274,0.6704,0.5412,0.6211,0.0660,0.0552,0.0820,0.1015,0.1080,0.0410,0.1235,0.0242,0.0721,0.0896,0.8920,0.9003,0.9465,0.9037,0.8930,0.9392,0.9653,1.0000,0.9101,1.0000,48.78,178.10,77.75,49.87,54.89,10.14,4.95,219.07,54.94,77.54,0.0000,0.0000,0.0000,0.0000,0.0000,0.0000,0.4615,0.0428,0.0000,0.0000,104304,74663,53998,54750,86225,66964,95775,572442,131417,91336,0,0,0,0,0,0,0,0,0,0,0.0000,0.0000,0.0000,0.0000,0.0000,0.0000,0.1196,0.1196,0.0000,0.0000,0,0,0,0,0,0,0,1,0,0,0,0,0,0,0,0,1,1,0,0,0.1326,0.0840,0.1417,0.0555,0.0941,0.0191,0.0889,0.1247,0.0085,0.1574,0.000,0.000,0.000,0.000,0.000,0.000,0.032,0.152,0.000,0.000,semi-presidential,parliamentary,parliamentary,parliamentary,parliamentary,semi-presidential,semi-presidential,electoral-authoritarian,electoral-authoritarian,parliamentary,0.800,0.800,0.800,0.800,0.800,0.800,0.118,0.500,0.500,0.800,49.3,61.2,55.9,63.7,60.0,55.5,62.2,68.6,68.2,60.8
2027-02-01,1.1848,1.0987,0.9925,1.0056,1.2468,0.9852,1.0170,1.0238,1.0550,1.0127,1.0107,1.0051,1.5606,1.1322,1.0298,1.0569,1.3654,1.0373,1.0186,1.0836,1.3372,1.0149,1.0123,1.0056,3387.50,5037.47,4010.48,2559.82,1919.32,1077.35,200.24,2571.81,1641.74,539.35,1.1865,0.6548,1.0588,1.4086,1.0352,0.5434,1.1962,0.1994,0.2301,0.2545,0.5846,0.6391,0.6002,0.5272,0.5501,0.6802,0.3696,0.6715,0.5521,0.6438,0.0292,0.0256,0.0444,0.0566,0.0568,0.0142,0.1005,0.0123,0.0325,0.0531,0.9771,0.9769,0.9891,0.9759,0.9770,1.0000,0.9747,1.0000,0.9710,1.0000,57.47,206.53,90.21,57.18,64.84,12.50,5.68,252.83,64.20,87.13,0.0000,0.0000,0.0000,0.0000,0.0000,0.0000,0.4601,0.0426,0.0000,0.0000,104304,74663,53998,54750,86225,66964,95775,572442,131417,91336,0,0,0,0,0,0,0,0,0,0,0.0000,0.0000,0.0000,0.0000,0.0000,0.0000,0.1288,0.1288,0.0000,0.0000,0,0,0,0,0,0,0,1,0,0,0,0,0,0,0,0,1,1,0,0,0.1041,0.0727,0.1112,0.0435,0.0719,0.0194,0.0891,0.1257,0.0096,0.1589,0.000,0.000,0.000,0.000,0.000,0.000,0.028,0.153,0.000,0.000,semi-presidential,parliamentary,parliamentary,parliamentary,parliamentary,semi-presidential,semi-presidential,electoral-authoritarian,electoral-authoritarian,parliamentary,0.800,0.800,0.800,0.800,0.800,0.800,0.127,0.500,0.500,0.800,55.0,63.6,58.8,66.6,62.6,58.4,64.6,71.6,71.1,63.3
2027-03-01,1.1923,1.0981,0.9927,1.0063,1.2708,0.9861,1.0145,1.0226,1.1005,1.0102,1.0076,1.0040,1.4242,1.1311,1.0837,1.0505,1.3503,1.0420,1.0162,1.0252,1.7388,1.0126,1.0102,1.0041,3385.44,5057.90,4005.31,2570.60,1921.03,1083.96,200.04,2584.74,1653.51,542.24,1.1873,0.6536,1.0616,1.4040,1.0363,0.5383,1.1993,0.1998,0.2291,0.2370,0.5828,0.6642,0.6032,0.5499,0.5660,0.6934,0.3441,0.6678,0.5835,0.6619,0.0227,0.0196,0.0422,0.0436,0.0528,0.0060,0.1053,0.0262,0.0421,0.0457,0.9778,0.9775,0.9895,0.9765,0.9779,1.0000,0.9748,1.0000,0.9716,1.0000,55.91,181.16,85.31,58.13,62.63,11.02,5.41,252.38,59.44,88.27,0.0000,0.0000,0.0000,0.0000,0.0000,0.0000,0.4601,0.0425,0.0000,0.0000,104304,74663,53998,54750,86225,66964,95775,572442,131417,91336,0,0,0,0,0,0,0,0,0,0,0.0000,0.0000,0.0000,0.0000,0.0000,0.0000,0.1380,0.1380,0.0000,0.0000,0,0,0,0,0,0,0,1,0,0,0,0,0,0,0,0,1,1,0,0,0.1338,0.0862,0.1456,0.0567,0.0937,0.0204,0.0935,0.1265,0.0109,0.1595,0.000,0.000,0.000,0.000,0.000,0.000,0.029,0.153,0.000,0.000,semi-presidential,parliamentary,parliamentary,parliamentary,parliamentary,semi-presidential,semi-presidential,electoral-authoritarian,electoral-authoritarian,parliamentary,0.800,0.800,0.800,0.800,0.800,0.800,0.136,0.500,0.500,0.800,56.1,66.2,61.0,69.6,65.2,61.4,66.9,74.7,74.2,65.9
2027-04-01,1.1918,1.0925,0.9956,1.0057,1.2827,0.9861,1.0117,1.0173,1.1203,1.0094,1.0032,1.0052,1.2953,1.1235,1.1379,1.0061,1.3344,1.0382,1.0138,1.0196,1.3368,1.0141,1.0051,1.0052,3408.47,5073.77,4016.37,2575.83,1924.84,1090.56,199.80,2589.08,1660.66,544.40,1.1795,0.6527,1.0599,1.4021,1.0360,0.5333,1.2025,0.2008,0.2320,0.2198,0.6048,0.6829,0.6145,0.5687,0.5834,0.7162,0.3434,0.6729,0.6057,0.6890,0.0181,0.0133,0.0188,0.0271,0.0320,0.0000,0.0900,0.0095,0.0219,0.0253,0.9802,0.9796,0.9907,0.9789,0.9806,1.0000,0.9762,1.0000,0.9742,1.0000,63.33,212.02,87.19,59.76,69.75,13.00,6.35,269.84,69.39,94.61,0.0000,0.0000,0.0000,0.0000,0.0000,0.0000,0.4599,0.0422,0.0000,0.0000,104304,74663,53998,54750,86225,66964,95775,572442,131417,91336,0,0,0,0,0,0,0,0,0,0,0.0000,0.0000,0.0000,0.0000,0.0000,0.0000,0.1472,0.1472,0.0000,0.0000,0,0,0,0,0,0,0,1,0,0,0,0,0,0,0,0,1,1,0,0,0.1313,0.0846,0.1380,0.0543,0.0886,0.0215,0.0941,0.1214,0.0112,0.1553,0.000,0.000,0.000,0.000,0.000,0.000,0.028,0.150,0.000,0.000,semi-presidential,parliamentary,parliamentary,parliamentary,parliamentary,semi-presidential,semi-presidential,electoral-authoritarian,electoral-authoritarian,parliamentary,0.800,0.800,0.800,0.800,0.800,0.800,0.145,0.500,0.500,0.800,60.4,68.8,63.3,72.8,67.9,64.4,69.2,77.7,78.9,68.6
2027-05-01,1.1891,1.0855,0.9974,1.0047,1.2802,0.9869,1.0095,1.0141,1.1182,1.0096,0.9995,1.0044,1.2824,1.1154,1.1066,1.0432,1.3035,1.0382,1.0112,1.0161,1.1423,1.0670,1.0013,1.0044,3419.07,5092.81,4020.58,2576.11,1930.24,1097.29,200.10,2604.55,1670.63,545.33,1.1756,0.6512,1.0597,1.4025,1.0345,0.5282,1.2026,0.2013,0.2362,0.2033,0.6106,0.6889,0.6236,0.5799,0.6126,0.7236,0.3889,0.6685,0.6483,0.7166,0.0157,0.0121,0.0282,0.0194,0.0188,0.0000,0.0792,0.0017,0.0154,0.0093,0.9799,0.9794,0.9905,0.9787,0.9803,1.0000,0.9750,1.0000,0.9740,1.0000,63.43,218.44,88.30,57.25,69.07,13.75,6.19,267.14,70.51,95.27,0.0000,0.0000,0.0000,0.0000,0.0000,0.0000,0.4598,0.0395,0.0000,0.0000,104304,74663,53998,54750,86225,66964,95775,572442,131417,91336,0,0,0,0,0,0,0,0,0,0,0.0000,0.0000,0.0000,0.0000,0.0000,0.0000,0.1587,0.1587,0.0000,0.0000,0,0,0,0,0,0,0,1,0,0,0,0,0,0,0,0,1,1,0,0,0.1308,0.0829,0.1376,0.0521,0.0883,0.0204,0.0871,0.1154,0.0105,0.1552,0.000,0.000,0.000,0.000,0.000,0.000,0.025,0.151,0.000,0.000,semi-presidential,parliamentary,parliamentary,parliamentary,parliamentary,semi-presidential,semi-presidential,electoral-authoritarian,electoral-authoritarian,parliamentary,0.800,0.800,0.800,0.800,0.800,0.800,0.157,0.500,0.500,0.800,93.2,71.5,65.6,75.3,70.8,67.6,62.3,81.5,82.4,71.4
2027-06-01,1.1798,1.0786,0.9992,1.0045,1.2700,0.9907,1.0090,1.0124,1.1078,1.0105,0.9967,1.0027,1.2710,1.1086,1.0801,1.0445,1.2928,1.0618,1.0106,1.0142,1.1291,1.0282,0.9988,1.0030,3423.56,5089.53,4014.26,2581.40,1931.03,1102.79,199.81,2603.74,1677.42,546.67,1.1736,0.6524,1.0620,1.4000,1.0353,0.5239,1.2057,0.2027,0.2359,0.1866,0.6086,0.6962,0.6201,0.5816,0.6162,0.7324,0.2936,0.6894,0.6688,0.7296,0.0139,0.0116,0.0262,0.0193,0.0169,0.0003,0.0751,0.0014,0.0131,0.0088,0.9804,0.9798,0.9908,0.9792,0.9809,1.0000,0.9750,1.0000,0.9745,1.0000,61.29,213.02,88.24,57.42,67.45,13.41,6.10,258.75,68.06,94.82,0.0000,0.0000,0.0000,0.0000,0.0000,0.0000,0.4602,0.0416,0.0000,0.0000,104304,74663,53998,54750,86225,66964,95775,572442,131417,91336,0,0,0,0,0,0,0,0,0,0,0.0000,0.0000,0.0000,0.0000,0.0000,0.0000,0.1679,0.1679,0.0000,0.0000,0,0,0,0,0,0,0,1,0,0,0,0,0,0,0,0,1,1,0,0,0.1162,0.0756,0.1214,0.0497,0.0814,0.0179,0.0762,0.1105,0.0085,0.1556,0.000,0.000,0.000,0.000,0.000,0.000,0.022,0.152,0.000,0.000,semi-presidential,parliamentary,parliamentary,parliamentary,parliamentary,semi-presidential,semi-presidential,electoral-authoritarian,electoral-authoritarian,parliamentary,0.800,0.800,0.800,0.800,0.800,0.800,0.005,0.500,0.500,0.800,95.9,74.2,67.9,78.5,73.7,70.7,64.6,84.6,86.1,74.3
2027-07-01,1.1671,1.0724,1.0001,1.0043,1.2577,0.9933,1.0087,1.0118,1.0919,1.0107,0.9930,1.0025,1.2516,1.1029,1.0435,1.0329,1.2818,1.0451,1.0103,1.0136,1.1127,1.0143,0.9947,1.0025,3434.53,5096.21,4030.34,2586.16,1938.35,1107.13,198.64,2606.69,1684.64,549.28,1.1695,0.6518,1.0582,1.3976,1.0325,0.5201,1.2140,0.2039,0.2355,0.1698,0.6156,0.7055,0.6343,0.5892,0.6228,0.7378,0.3117,0.6825,0.6665,0.7476,0.0109,0.0097,0.0209,0.0145,0.0140,0.0000,0.0692,0.0013,0.0102,0.0081,0.9799,0.9793,0.9905,0.9787,0.9803,1.0000,0.9740,1.0000,0.9739,1.0000,58.95,207.32,87.44,57.06,65.53,13.06,5.87,250.22,65.73,94.25,0.0000,0.0000,0.0000,0.0000,0.0000,0.0000,0.4602,0.0423,0.0000,0.0000,104304,74663,53998,54750,86225,66964,95775,572442,131417,91336,0,0,0,0,0,0,0,0,0,0,0.0000,0.0000,0.0000,0.0000,0.0000,0.0000,0.1771,0.1771,0.0000,0.0000,0,0,0,0,0,0,0,1,0,0,0,0,0,0,0,0,1,1,0,0,0.1279,0.0802,0.1366,0.0560,0.0911,0.0170,0.0751,0.1073,0.0090,0.1522,0.000,0.000,0.000,0.000,0.000,0.000,0.019,0.153,0.000,0.000,semi-presidential,parliamentary,parliamentary,parliamentary,parliamentary,semi-presidential,semi-presidential,electoral-authoritarian,electoral-authoritarian,parliamentary,0.800,0.800,0.800,0.800,0.800,0.800,0.014,0.500,0.500,0.800,98.6,75.4,70.2,71.8,77.4,74.0,66.8,87.7,89.7,77.3
2027-08-01,1.1537,1.0673,1.0003,1.0042,1.2402,0.9936,1.0080,1.0092,1.0809,1.0099,0.9914,1.0053,1.2372,1.0966,1.0613,1.0389,1.2625,1.0456,1.0097,1.0113,1.1015,1.0132,0.9931,1.0063,3455.29,5098.63,4033.73,2594.54,1942.75,1110.17,197.96,2609.22,1691.49,550.68,1.1620,0.6519,1.0574,1.3930,1.0307,0.5170,1.2195,0.2056,0.2351,0.1534,0.6248,0.7080,0.6391,0.6114,0.6383,0.7343,0.3255,0.6781,0.6762,0.7495,0.0120,0.0102,0.0244,0.0156,0.0151,0.0000,0.0700,0.0014,0.0113,0.0094,0.9804,0.9797,0.9907,0.9792,0.9808,1.0000,0.9739,1.0000,0.9744,1.0000,59.05,208.42,87.19,56.32,64.44,12.89,5.80,246.92,66.21,93.69,0.0000,0.0000,0.0000,0.0000,0.0000,0.0000,0.4602,0.0424,0.0000,0.0000,104304,74663,53998,54750,86225,66964,95775,572442,131417,91336,0,0,0,0,0,0,0,0,0,0,0.0000,0.0000,0.0000,0.0000,0.0000,0.0000,0.1886,0.1886,0.0000,0.0000,0,0,0,0,0,0,0,1,0,0,0,0,0,0,0,0,1,1,0,0,0.1367,0.0845,0.1459,0.0601,0.0978,0.0171,0.0695,0.1051,0.0102,0.1522,0.000,0.000,0.000,0.000,0.000,0.000,0.019,0.152,0.000,0.000,semi-presidential,parliamentary,parliamentary,parliamentary,parliamentary,semi-presidential,semi-presidential,electoral-authoritarian,electoral-authoritarian,parliamentary,0.800,0.800,0.800,0.800,0.800,0.800,0.025,0.500,0.500,0.800,100.0,78.2,72.6,73.5,30.0,77.2,69.7,91.5,93.4,80.3
2027-09-01,1.1400,1.0614,0.9999,1.0049,1.2197,0.9939,1.0097,1.0068,1.0742,1.0098,0.9892,1.0105,1.2233,1.0912,1.0373,1.0383,1.2441,1.0454,1.0350,1.0086,1.0940,1.0296,0.9908,1.0108,3467.22,5116.10,4046.35,2598.85,1951.36,1111.72,197.44,2612.11,1695.74,554.05,1.1577,0.6498,1.0540,1.3906,1.0261,0.5145,1.2236,0.2069,0.2381,0.1368,0.6354,0.7137,0.6513,0.6195,0.6525,0.7452,0.3354,0.6677,0.6728,0.7462,0.0109,0.0093,0.0238,0.0138,0.0138,0.0000,0.0699,0.0015,0.0098,0.0094,0.9805,0.9798,0.9907,0.9793,0.9810,1.0000,0.9735,1.0000,0.9746,1.0000,57.95,206.07,86.33,55.69,63.72,12.66,5.68,243.42,64.95,93.24,0.0000,0.0000,0.0000,0.0000,0.0000,0.0000,0.4602,0.0424,0.0000,0.0000,104304,74663,53998,54750,86225,66964,95775,572442,131417,91336,0,0,0,0,0,0,0,0,0,0,0.0000,0.0000,0.0000,0.0000,0.0000,0.0000,0.1978,0.1978,0.0000,0.0000,0,0,0,0,0,0,0,1,0,0,0,0,0,0,0,0,1,1,0,0,0.1403,0.0878,0.1505,0.0638,0.1015,0.0195,0.0666,0.1054,0.0135,0.1502,0.000,0.000,0.000,0.000,0.000,0.000,0.020,0.148,0.000,0.000,semi-presidential,parliamentary,parliamentary,parliamentary,parliamentary,semi-presidential,semi-presidential,electoral-authoritarian,electoral-authoritarian,parliamentary,0.800,0.800,0.800,0.800,0.800,0.800,0.084,0.500,0.500,0.800,100.0,81.0,75.1,77.0,32.8,80.4,72.0,94.5,97.1,83.3
2027-10-01,1.1262,1.0566,0.9968,1.0044,1.1973,0.9935,1.0109,1.0064,1.0650,1.0100,0.9874,1.0109,1.2060,1.0858,1.0342,1.0381,1.2240,1.0449,1.0584,1.0593,1.0845,1.0160,1.0003,1.0110,3483.45,5137.53,4060.88,2616.58,1963.28,1112.50,196.48,2615.20,1701.52,555.98,1.1520,0.6470,1.0501,1.3809,1.0197,0.5125,1.2306,0.2088,0.2379,0.1207,0.6459,0.7241,0.6690,0.6397,0.6865,0.7444,0.3065,0.6595,0.6928,0.7487,0.0143,0.0094,0.0280,0.0139,0.0162,0.0000,0.0730,0.0021,0.0101,0.0135,0.9800,0.9794,0.9905,0.9788,0.9804,1.0000,0.9725,1.0000,0.9740,1.0000,57.62,205.01,86.29,56.03,63.85,12.40,5.64,244.13,64.56,92.43,0.0000,0.0000,0.0000,0.0000,0.0000,0.0000,0.4593,0.0422,0.0000,0.0000,104304,74663,53998,54750,86225,66964,95775,572442,131417,91336,0,0,0,0,0,0,0,0,0,0,0.0000,0.0000,0.0000,0.0000,0.0000,0.0000,0.2093,0.1793,0.0000,0.0000,0,0,0,0,0,0,0,1,0,0,0,0,0,0,0,0,1,1,0,0,0.1280,0.0825,0.1370,0.0585,0.0930,0.0186,0.0596,0.1044,0.0127,0.1483,0.000,0.000,0.000,0.000,0.000,0.000,0.018,0.148,0.000,0.000,semi-presidential,parliamentary,parliamentary,parliamentary,parliamentary,semi-presidential,semi-presidential,electoral-authoritarian,electoral-authoritarian,parliamentary,0.800,0.800,0.800,0.800,0.800,0.800,0.096,0.500,0.500,0.800,100.0,83.9,77.6,83.0,25.9,83.7,74.5,98.2,100.0,86.2
2027-11-01,1.1114,1.0525,0.9963,1.0027,1.1718,0.9955,1.0131,1.0073,1.0524,1.0076,0.9876,1.0090,1.1894,1.0818,1.0935,1.0108,1.1951,1.1574,1.0949,1.0910,1.0724,1.0106,1.0307,1.0094,3474.58,5138.44,4063.94,2616.79,1974.68,1115.43,195.14,2619.47,1709.81,557.63,1.1549,0.6507,1.0491,1.3806,1.0135,0.5100,1.2396,0.2101,0.2375,0.1079,0.6422,0.7205,0.6674,0.6330,0.6821,0.7550,0.3126,0.6447,0.6862,0.7546,0.0236,0.0136,0.0267,0.0200,0.0238,0.0014,0.0654,0.0027,0.0132,0.0193,0.9803,0.9797,0.9906,0.9791,0.9808,1.0000,0.9725,1.0000,0.9744,1.0000,55.20,201.15,83.77,55.18,62.86,12.26,5.44,236.29,62.65,92.06,0.0000,0.0000,0.0000,0.0000,0.0000,0.0000,0.4593,0.0424,0.0000,0.0000,104304,74663,53998,54750,86225,66964,95775,572442,131417,91336,0,0,0,0,0,0,0,0,0,0,0.0000,0.0000,0.0000,0.0000,0.0000,0.0000,0.2185,0.1885,0.0000,0.0000,0,0,0,0,0,0,0,1,0,0,0,0,0,0,0,0,1,1,0,0,0.1153,0.0764,0.1236,0.0525,0.0835,0.0198,0.0552,0.1015,0.0107,0.1463,0.000,0.000,0.000,0.000,0.000,0.000,0.015,0.149,0.000,0.000,semi-presidential,parliamentary,parliamentary,parliamentary,parliamentary,semi-presidential,semi-presidential,electoral-authoritarian,electoral-authoritarian,parliamentary,0.800,0.800,0.800,0.800,0.800,0.800,0.105,0.500,0.500,0.800,100.0,88.3,80.1,100.0,28.9,30.0,76.6,100.0,100.0,88.7
2027-12-01,1.0951,1.0451,0.9995,1.0007,1.1464,1.0007,1.0141,1.0065,1.0421,1.0048,0.9874,1.0066,1.1720,1.0737,1.1482,1.0013,1.1713,1.1796,1.0317,1.0082,1.0590,1.0076,0.9888,1.0074,3472.20,5134.96,4063.83,2615.03,1978.17,1118.31,194.15,2615.13,1711.68,559.69,1.1557,0.6511,1.0489,1.3815,1.0115,0.5065,1.2464,0.2123,0.2380,0.0921,0.6364,0.7127,0.6474,0.6199,0.6763,0.7490,0.3052,0.6547,0.6931,0.7336,0.0203,0.0154,0.0184,0.0237,0.0225,0.0017,0.0534,0.0013,0.0147,0.0105,0.9813,0.9806,0.9911,0.9801,0.9819,1.0000,0.9728,1.0000,0.9755,1.0000,53.52,196.44,82.20,53.95,61.37,12.05,5.31,228.41,60.65,91.24,0.0000,0.0000,0.0000,0.0000,0.0000,0.0000,0.4593,0.0424,0.0000,0.0000,104304,74663,53998,54750,86225,66964,95775,572442,131417,91336,0,0,0,0,0,0,0,0,0,0,0.0000,0.0000,0.0000,0.0000,0.0000,0.0000,0.2277,0.1977,0.0000,0.0000,0,0,0,0,0,0,0,1,0,0,0,0,0,0,0,0,1,1,0,0,0.1131,0.0748,0.1221,0.0513,0.0822,0.0182,0.0517,0.0978,0.0096,0.1447,0.000,0.000,0.000,0.000,0.000,0.000,0.012,0.151,0.000,0.000,semi-presidential,parliamentary,parliamentary,parliamentary,parliamentary,semi-presidential,semi-presidential,electoral-authoritarian,electoral-authoritarian,parliamentary,0.800,0.800,0.800,0.800,0.800,0.800,0.114,0.500,0.500,0.800,100.0,91.2,82.5,100.0,31.9,33.1,78.6,100.0,100.0,91.6
2028-01-01,1.0783,1.0383,1.0017,0.9972,1.1242,1.0046,1.0125,1.0061,1.0327,1.0021,0.9845,1.0037,1.1518,1.0671,1.1326,0.9973,1.1507,1.0900,1.0145,1.0271,1.0495,1.0049,0.9864,1.0040,3473.78,5141.05,4051.23,2605.11,1982.85,1122.03,192.81,2609.77,1718.42,560.80,1.1553,0.6572,1.0521,1.3870,1.0090,0.5026,1.2554,0.2150,0.2378,0.0766,0.6269,0.7254,0.6331,0.5611,0.6617,0.7462,0.2963,0.6517,0.7080,0.7287,0.0180,0.0130,0.0163,0.0210,0.0206,0.0004,0.0535,0.0013,0.0136,0.0109,0.9801,0.9795,0.9905,0.9789,0.9806,1.0000,0.9710,1.0000,0.9742,1.0000,52.80,194.45,81.64,53.90,61.03,11.79,5.23,228.31,60.39,90.03,0.0000,0.0000,0.0000,0.0000,0.0000,0.0000,0.4593,0.0424,0.0000,0.0000,104304,74663,53998,54750,86225,66964,95775,572442,131417,91336,0,0,0,0,0,0,0,0,0,0,0.0000,0.0000,0.0000,0.0000,0.0000,0.0000,0.2392,0.2092,0.0000,0.0000,0,0,0,0,0,0,0,1,0,0,0,0,0,0,0,0,1,1,0,0,0.1056,0.0779,0.1139,0.0471,0.0761,0.0159,0.0498,0.0992,0.0076,0.1425,0.000,0.000,0.000,0.000,0.000,0.000,0.008,0.149,0.000,0.000,semi-presidential,parliamentary,parliamentary,parliamentary,parliamentary,semi-presidential,semi-presidential,electoral-authoritarian,electoral-authoritarian,parliamentary,0.800,0.800,0.800,0.759,0.800,0.800,0.126,0.500,0.500,0.800,100.0,94.0,84.8,100.0,34.8,36.2,81.0,100.0,100.0,94.4
2028-02-01,1.0650,1.0361,1.0053,0.9932,1.1049,1.0061,1.0095,1.0051,1.0251,1.0000,0.9783,1.0017,1.1413,1.0664,1.1663,0.9937,1.1284,1.0577,1.0112,1.0067,1.0401,1.0025,0.9808,1.0020,3466.85,5149.67,4036.72,2603.53,1986.52,1122.64,191.34,2611.14,1723.79,562.41,1.1578,0.6560,1.0559,1.3881,1.0070,0.5002,1.2676,0.2168,0.2379,0.0613,0.3529,0.7155,0.6186,0.5805,0.6541,0.7367,0.2893,0.6243,0.6963,0.7134,0.0188,0.0135,0.0168,0.0228,0.0220,0.0000,0.0538,0.0011,0.0149,0.0101,0.9789,0.9784,0.9899,0.9776,0.9791,1.0000,0.9695,1.0000,0.9727,1.0000,52.93,193.49,81.19,54.66,61.71,11.45,5.21,233.20,60.85,89.26,0.0000,0.0000,0.0000,0.0000,0.0000,0.0000,0.4593,0.0424,0.0000,0.0000,104304,74663,53998,54750,86225,66964,95775,572442,131417,91336,0,0,0,0,0,0,0,0,0,0,0.0000,0.0000,0.0000,0.0000,0.0000,0.0000,0.2484,0.2184,0.0000,0.0000,0,0,0,0,0,0,0,1,0,0,0,0,0,0,0,0,1,1,0,0,0.1176,0.0830,0.1279,0.0520,0.0852,0.0155,0.0540,0.1017,0.0075,0.1411,0.000,0.000,0.000,0.000,0.000,0.000,0.005,0.151,0.000,0.000,semi-presidential,parliamentary,parliamentary,parliamentary,parliamentary,semi-presidential,semi-presidential,electoral-authoritarian,electoral-authoritarian,parliamentary,0.009,0.800,0.800,0.769,0.800,0.800,0.135,0.500,0.500,0.800,100.0,96.8,87.1,100.0,37.7,39.3,82.9,100.0,100.0,97.2
2028-03-01,1.0564,1.0370,1.0057,0.9917,1.0937,1.0058,1.0104,1.0049,1.0213,1.0030,0.9761,1.0023,1.1304,1.3539,1.0408,1.0748,1.1683,1.0559,1.1167,1.0469,1.0347,1.0958,0.9772,1.0024,3466.29,5161.27,4047.86,2611.92,1988.83,1126.08,190.64,2616.37,1726.92,563.27,1.1586,0.6545,1.0531,1.3839,1.0059,0.4965,1.2726,0.2184,0.2382,0.0461,0.4097,0.7283,0.6305,0.5723,0.6651,0.7346,0.2880,0.6295,0.6896,0.7111,0.0472,0.0413,0.0558,0.0660,0.0597,0.0262,0.0782,0.0022,0.0467,0.0335,0.7482,0.7622,0.8756,0.7648,0.7491,0.8129,0.9498,1.0000,0.7624,1.0000,51.56,188.28,78.73,51.60,58.95,10.90,4.93,227.62,58.96,81.86,0.0000,0.0000,0.0000,0.0000,0.0000,0.0000,0.4573,0.0398,0.0000,0.0000,104304,74663,53998,54750,86225,66964,95775,572442,131417,91336,0,0,0,0,0,0,0,0,0,0,0.0000,0.0000,0.0000,0.0000,0.0000,0.0000,0.2576,0.2276,0.0000,0.0000,0,0,0,0,0,0,0,1,0,0,0,0,0,0,0,0,1,1,0,0,0.1340,0.0894,0.1441,0.0569,0.1022,0.0181,0.0805,0.1075,0.0090,0.1434,0.000,0.000,0.000,0.000,0.000,0.000,0.003,0.151,0.000,0.000,semi-presidential,parliamentary,parliamentary,parliamentary,parliamentary,semi-presidential,semi-presidential,electoral-authoritarian,electoral-authoritarian,parliamentary,0.018,0.800,0.800,0.779,0.800,0.800,0.144,0.500,0.500,0.800,100.0,99.7,89.4,100.0,40.6,42.3,84.8,100.0,100.0,100.0
2028-04-01,1.0446,1.0437,1.0102,0.9914,1.1013,1.0062,1.0110,1.0043,1.0205,1.0073,0.9770,1.0036,1.1113,1.1564,1.2502,0.9915,1.1481,1.0559,1.0128,1.0062,1.0342,1.0664,1.0436,1.0040,3480.39,5168.74,4055.32,2606.67,1992.04,1129.35,190.46,2624.03,1733.26,564.27,1.1546,0.6536,1.0512,1.3870,1.0043,0.4929,1.2740,0.2203,0.2381,0.0250,0.4576,0.7273,0.6280,0.5820,0.6506,0.7320,0.2931,0.6228,0.6683,0.7075,0.0356,0.0244,0.0317,0.0400,0.0432,0.0070,0.0583,0.0017,0.0244,0.0227,0.9078,0.9152,0.9539,0.9187,0.9087,0.9499,0.9572,1.0000,0.9258,1.0000,51.96,192.30,82.08,53.88,60.34,11.26,5.03,229.39,60.67,87.99,0.0000,0.0000,0.0000,0.0000,0.0000,0.0000,0.4594,0.0390,0.0000,0.0000,104304,74663,53998,54750,86225,66964,95775,572442,131417,91336,0,0,0,0,0,0,0,0,0,0,0.0000,0.0000,0.0000,0.0000,0.0000,0.0000,0.2691,0.2391,0.0000,0.0000,0,0,0,0,0,0,0,1,0,0,0,0,0,0,0,0,1,1,0,0,0.1342,0.0912,0.1453,0.0653,0.1034,0.0228,0.0818,0.1063,0.0137,0.1400,0.000,0.000,0.000,0.000,0.000,0.000,0.001,0.150,0.000,0.000,semi-presidential,parliamentary,parliamentary,parliamentary,parliamentary,semi-presidential,semi-presidential,electoral-authoritarian,electoral-authoritarian,parliamentary,0.033,0.800,0.800,0.789,0.800,0.800,0.156,0.500,0.500,0.800,100.0,100.0,91.8,100.0,42.1,45.4,87.1,100.0,100.0,91.1
2028-05-01,1.0309,1.0465,1.0160,0.9877,1.1040,1.0049,1.0102,1.0021,1.0189,1.0099,0.9793,1.0053,1.0995,1.1099,1.2065,0.9880,1.1412,1.0557,1.0118,1.0040,1.0334,1.0422,1.0776,1.0055,3499.88,5175.57,4057.42,2612.61,2001.56,1134.60,190.21,2627.62,1741.24,564.51,1.1486,0.6528,1.0507,1.3841,0.9996,0.4885,1.2757,0.2220,0.2377,0.0129,0.4876,0.7342,0.6373,0.5960,0.6610,0.7332,0.3179,0.6212,0.6659,0.7029,0.0274,0.0178,0.0253,0.0300,0.0326,0.0030,0.0563,0.0019,0.0186,0.0195,0.9506,0.9521,0.9757,0.9541,0.9528,0.9788,0.9678,1.0000,0.9535,1.0000,51.52,190.71,79.62,53.44,60.33,11.13,5.06,229.33,60.44,87.43,0.0000,0.0000,0.0000,0.0000,0.0000,0.0000,0.4573,0.0416,0.0000,0.0000,104304,74663,53998,54750,86225,66964,95775,572442,131417,91336,0,0,0,0,0,0,0,0,0,0,0.0000,0.0000,0.0000,0.0000,0.0000,0.0000,0.2783,0.2483,0.0000,0.0000,0,0,0,0,0,0,0,1,0,0,0,0,0,0,0,0,1,1,0,0,0.1412,0.0920,0.1467,0.0662,0.1046,0.0237,0.0830,0.1065,0.0147,0.1378,0.000,0.000,0.000,0.000,0.000,0.000,0.000,0.148,0.000,0.000,semi-presidential,parliamentary,parliamentary,parliamentary,parliamentary,semi-presidential,semi-presidential,electoral-authoritarian,electoral-authoritarian,parliamentary,0.043,0.800,0.800,0.799,0.800,0.800,0.165,0.500,0.500,0.800,100.0,100.0,94.2,100.0,45.0,48.4,89.1,100.0,100.0,93.8
2028-06-01,1.0218,1.0465,1.0189,0.9866,1.1051,1.0026,1.0075,1.0015,1.0151,1.0126,0.9836,1.0036,1.0918,1.0760,1.1664,0.9918,1.1267,1.0525,1.0092,1.0188,1.0290,1.0437,1.1136,1.0037,3505.36,5192.27,4060.67,2615.61,2007.88,1138.65,189.89,2633.19,1744.71,564.74,1.1471,0.6508,1.0499,1.3827,0.9965,0.4846,1.2776,0.2266,0.2386,-0.0019,0.4953,0.7329,0.6520,0.6106,0.6725,0.7406,0.3251,0.6168,0.6825,0.6917,0.0223,0.0128,0.0234,0.0215,0.0241,0.0000,0.0603,0.0022,0.0148,0.0161,0.9794,0.9790,0.9902,0.9782,0.9797,1.0000,0.9709,1.0000,0.9735,1.0000,52.36,191.35,80.01,54.00,61.31,10.99,5.11,234.45,60.82,86.79,0.0000,0.0000,0.0000,0.0000,0.0000,0.0000,0.4583,0.0403,0.0000,0.0000,104304,74663,53998,54750,86225,66964,95775,572442,131417,91336,0,0,0,0,0,0,0,0,0,0,0.0000,0.0000,0.0000,0.0000,0.0000,0.0000,0.2875,0.2575,0.0000,0.0000,0,0,0,0,0,0,0,1,0,0,0,0,0,0,0,0,1,1,0,0,0.1202,0.0810,0.1230,0.0553,0.0875,0.0213,0.0792,0.1064,0.0120,0.1368,0.000,0.000,0.000,0.000,0.000,0.000,0.000,0.149,0.000,0.000,semi-presidential,parliamentary,parliamentary,parliamentary,parliamentary,semi-presidential,semi-presidential,electoral-authoritarian,electoral-authoritarian,parliamentary,0.053,0.800,0.800,0.800,0.800,0.800,0.174,0.500,0.500,0.800,100.0,100.0,96.6,100.0,48.0,51.5,91.3,100.0,100.0,96.4
2028-07-01,1.0145,1.0448,1.0209,0.9864,1.1016,1.0008,1.0071,1.0034,1.0108,1.0156,0.9894,1.0026,1.0849,1.0738,1.0586,1.0188,1.1238,1.0510,1.0365,1.0831,1.0247,1.0704,1.1716,1.0028,3514.55,5209.87,4068.81,2616.51,2011.07,1142.55,189.80,2639.11,1753.50,565.27,1.1444,0.6487,1.0478,1.3824,0.9949,0.4808,1.2778,0.2287,0.2381,-0.0166,0.5012,0.7338,0.6421,0.6186,0.6786,0.7381,0.2952,0.6278,0.6840,0.6871,0.0200,0.0092,0.0363,0.0139,0.0201,0.0000,0.0779,0.0031,0.0104,0.0213,0.9799,0.9794,0.9904,0.9787,0.9802,1.0000,0.9710,1.0000,0.9741,1.0000,52.30,192.60,82.40,53.52,60.96,11.16,5.08,234.81,60.90,86.32,0.0000,0.0000,0.0000,0.0000,0.0000,0.0000,0.4587,0.0403,0.0000,0.0000,104304,74663,53998,54750,86225,66964,95775,572442,131417,91336,0,0,0,0,0,0,0,0,0,0,0.0000,0.0000,0.0000,0.0000,0.0000,0.0000,0.2990,0.2690,0.0000,0.0000,0,0,0,0,0,0,0,1,0,0,0,0,0,0,0,0,1,1,0,0,0.1263,0.0836,0.1298,0.0577,0.0924,0.0206,0.0705,0.1045,0.0118,0.1371,0.000,0.000,0.000,0.000,0.000,0.000,0.000,0.150,0.000,0.000,semi-presidential,parliamentary,parliamentary,parliamentary,parliamentary,semi-presidential,semi-presidential,electoral-authoritarian,electoral-authoritarian,parliamentary,0.063,0.800,0.800,0.800,0.800,0.800,0.186,0.500,0.500,0.800,100.0,100.0,99.0,100.0,52.3,54.6,93.8,100.0,100.0,99.1
2028-08-01,1.0117,1.0430,1.0210,0.9870,1.0930,0.9985,1.0100,1.0058,1.0044,1.0179,0.9958,1.0017,1.0877,1.0721,1.0568,1.0351,1.1148,1.0480,1.0699,1.0072,1.0169,1.0677,1.1726,1.0019,3506.07,5210.79,4064.41,2614.49,2018.11,1147.01,189.01,2646.68,1760.08,564.97,1.1475,0.6487,1.0490,1.3836,0.9914,0.4768,1.2829,0.2299,0.2380,-0.0312,0.5066,0.7356,0.6321,0.6213,0.6770,0.7395,0.2967,0.6370,0.6728,0.6754,0.0172,0.0094,0.0326,0.0235,0.0182,0.0000,0.0787,0.0025,0.0103,0.0173,0.9801,0.9796,0.9905,0.9789,0.9805,1.0000,0.9711,1.0000,0.9743,1.0000,53.50,194.30,82.85,54.53,62.68,11.34,5.23,242.12,61.18,85.83,0.0000,0.0000,0.0000,0.0000,0.0000,0.0000,0.4589,0.0405,0.0000,0.0000,104304,74663,53998,54750,86225,66964,95775,572442,131417,91336,0,0,0,0,0,0,0,0,0,0,0.0000,0.0000,0.0000,0.0000,0.0000,0.0000,0.3082,0.2782,0.0000,0.0000,0,0,0,0,0,0,0,1,0,0,0,0,0,0,0,0,1,1,0,0,0.1257,0.0829,0.1286,0.0563,0.0918,0.0195,0.0628,0.1060,0.0111,0.1391,0.000,0.000,0.000,0.000,0.000,0.000,0.000,0.151,0.000,0.000,semi-presidential,parliamentary,parliamentary,parliamentary,parliamentary,semi-presidential,semi-presidential,electoral-authoritarian,electoral-authoritarian,parliamentary,0.073,0.800,0.800,0.800,0.800,0.800,0.195,0.500,0.500,0.800,100.0,100.0,100.0,100.0,55.3,57.6,95.8,100.0,100.0,100.0
2028-09-01,1.0128,1.0407,1.0193,0.9874,1.0794,0.9970,1.0089,1.0054,1.0006,1.0201,0.9999,1.0016,1.1183,1.0705,1.0554,1.0229,1.1030,1.0464,1.0110,1.0069,1.0132,1.0650,1.0816,1.0016,3520.24,5213.70,4062.56,2617.29,2027.84,1152.12,187.94,2643.45,1766.55,565.37,1.1432,0.6484,1.0495,1.3823,0.9867,0.4726,1.2901,0.2314,0.2379,-0.0459,0.5209,0.7432,0.6317,0.6299,0.6757,0.7461,0.2940,0.6346,0.6629,0.6776,0.0144,0.0109,0.0277,0.0173,0.0170,0.0011,0.0970,0.0015,0.0111,0.0111,0.9792,0.9788,0.9901,0.9781,0.9795,1.0000,0.9701,1.0000,0.9734,1.0000,54.53,194.69,84.48,56.05,64.73,11.21,5.37,249.73,62.53,85.36,0.0000,0.0000,0.0000,0.0000,0.0000,0.0000,0.4591,0.0407,0.0000,0.0000,104304,74663,53998,54750,86225,66964,95775,572442,131417,91336,0,0,0,0,0,0,0,0,0,0,0.0000,0.0000,0.0000,0.0000,0.0000,0.0000,0.3197,0.2897,0.0000,0.0000,0,0,0,0,0,0,0,1,0,0,0,0,0,0,0,0,1,1,0,0,0.1379,0.0887,0.1427,0.0632,0.1015,0.0195,0.0586,0.1143,0.0118,0.1376,0.000,0.000,0.000,0.000,0.000,0.000,0.000,0.145,0.000,0.000,semi-presidential,parliamentary,parliamentary,parliamentary,parliamentary,semi-presidential,semi-presidential,electoral-authoritarian,electoral-authoritarian,parliamentary,0.082,0.800,0.800,0.800,0.800,0.800,0.206,0.500,0.500,0.800,100.0,100.0,100.0,100.0,58.3,60.8,98.2,100.0,100.0,100.0
2028-10-01,1.0148,1.0406,1.0177,0.9874,1.0672,0.9973,1.0059,1.0041,0.9990,1.0233,1.0025,1.0006,1.1004,1.0705,1.0535,0.9875,1.0883,1.0461,1.0079,1.0058,1.0110,1.0672,1.0734,1.0007,3525.26,5221.92,4065.40,2628.57,2032.53,1156.45,186.65,2657.55,1774.98,566.12,1.1418,0.6475,1.0488,1.3765,0.9844,0.4706,1.2989,0.2311,0.2375,-0.0604,0.5230,0.7343,0.6273,0.6350,0.6785,0.7445,0.2895,0.6309,0.6803,0.6807,0.0127,0.0097,0.0117,0.0144,0.0154,0.0000,0.0846,0.0014,0.0103,0.0106,0.9790,0.9787,0.9900,0.9779,0.9792,1.0000,0.9698,1.0000,0.9732,1.0000,54.89,194.70,84.12,56.55,65.09,11.11,5.30,252.55,63.06,85.69,0.0000,0.0000,0.0000,0.0000,0.0000,0.0000,0.4593,0.0407,0.0000,0.0000,104304,74663,53998,54750,86225,66964,95775,572442,131417,91336,0,0,0,0,0,0,0,0,0,0,0.0000,0.0000,0.0000,0.0000,0.0000,0.0000,0.2889,0.2989,0.0000,0.0000,0,0,0,0,0,0,0,1,0,0,0,0,0,0,0,0,1,1,0,0,0.1195,0.0803,0.1242,0.0548,0.0879,0.0178,0.0561,0.1160,0.0131,0.1354,0.000,0.000,0.000,0.000,0.000,0.000,0.000,0.142,0.000,0.000,semi-presidential,parliamentary,parliamentary,parliamentary,parliamentary,semi-presidential,semi-presidential,electoral-authoritarian,electoral-authoritarian,parliamentary,0.092,0.800,0.800,0.800,0.800,0.800,0.186,0.500,0.500,0.800,100.0,100.0,100.0,100.0,61.3,63.9,100.0,100.0,100.0,100.0
2028-11-01,1.0175,1.0403,1.0154,0.9860,1.0547,0.9969,1.0032,1.0026,0.9991,1.0226,1.0019,0.9998,1.1403,1.0715,1.0538,1.0185,1.0768,1.0467,1.0050,1.0042,1.0116,1.0279,1.0035,1.0004,3536.51,5239.66,4073.67,2629.84,2041.68,1158.57,185.72,2666.29,1783.60,564.88,1.1385,0.6454,1.0467,1.3760,0.9800,0.4681,1.3055,0.2313,0.2372,-0.0753,0.5190,0.7316,0.6352,0.6420,0.6804,0.7485,0.2893,0.6441,0.6771,0.6820,0.0135,0.0123,0.0255,0.0168,0.0170,0.0018,0.0932,0.0010,0.0121,0.0078,0.9782,0.9778,0.9896,0.9770,0.9785,1.0000,0.9702,1.0000,0.9721,1.0000,54.31,193.87,83.95,56.42,64.72,10.93,5.31,250.17,62.91,85.03,0.0000,0.0000,0.0000,0.0000,0.0000,0.0000,0.4586,0.0433,0.0000,0.0000,104304,74663,53998,54750,86225,66964,95775,572442,131417,91336,0,0,0,0,0,0,0,0,0,0,0.0000,0.0000,0.0000,0.0000,0.0000,0.0000,0.2981,0.3081,0.0000,0.0000,0,0,0,0,0,0,0,1,0,0,0,0,0,0,0,0,1,1,0,0,0.1163,0.0781,0.1197,0.0531,0.0849,0.0176,0.0587,0.1153,0.0126,0.1369,0.000,0.000,0.000,0.000,0.000,0.000,0.000,0.143,0.000,0.000,semi-presidential,parliamentary,parliamentary,parliamentary,parliamentary,semi-presidential,semi-presidential,electoral-authoritarian,electoral-authoritarian,parliamentary,0.102,0.800,0.800,0.800,0.800,0.800,0.195,0.500,0.500,0.800,100.0,100.0,100.0,100.0,64.2,66.3,100.0,100.0,100.0,100.0
2028-12-01,1.0176,1.0411,1.0129,0.9859,1.0429,0.9949,0.9999,1.0013,0.9992,1.0188,1.0018,0.9973,1.0998,1.0728,1.0517,1.0152,1.0658,1.0452,1.0017,1.0029,1.0119,1.0236,1.0200,0.9973,3538.22,5251.18,4064.75,2626.52,2038.93,1161.44,184.70,2676.35,1791.24,565.86,1.1379,0.6441,1.0491,1.3778,0.9814,0.4648,1.3129,0.2316,0.2369,-0.0898,0.5113,0.7138,0.6111,0.6262,0.6594,0.7443,0.2900,0.6645,0.6800,0.6938,0.0117,0.0102,0.0231,0.0151,0.0150,0.0000,0.0712,0.0011,0.0109,0.0084,0.9776,0.9772,0.9893,0.9764,0.9779,1.0000,0.9701,1.0000,0.9714,1.0000,54.25,193.61,82.92,55.93,64.02,10.90,5.19,248.74,63.08,86.05,0.0000,0.0000,0.0000,0.0000,0.0000,0.0000,0.4584,0.0435,0.0000,0.0000,104304,74663,53998,54750,86225,66964,95775,572442,131417,91336,0,0,0,0,0,0,0,0,0,0,0.0000,0.0000,0.0000,0.0000,0.0000,0.0000,0.3096,0.3196,0.0000,0.0000,0,0,0,0,0,0,0,1,0,0,0,0,0,0,0,0,1,1,0,0,0.1234,0.0803,0.1273,0.0553,0.0898,0.0209,0.0598,0.1114,0.0167,0.1373,0.000,0.000,0.000,0.000,0.000,0.000,0.000,0.146,0.000,0.000,semi-presidential,parliamentary,parliamentary,parliamentary,parliamentary,semi-presidential,semi-presidential,electoral-authoritarian,electoral-authoritarian,parliamentary,0.112,0.800,0.800,0.800,0.800,0.800,0.206,0.500,0.500,0.800,100.0,100.0,100.0,100.0,67.1,69.4,100.0,100.0,100.0,100.0
2029-01-01,1.0157,1.0409,1.0120,0.9866,1.0321,0.9921,0.9984,1.0011,0.9970,1.0138,1.0022,0.9984,1.0965,1.0725,1.0828,1.0181,1.0530,1.0414,1.0001,1.0025,1.0098,1.0177,1.0037,0.9986,3537.31,5270.32,4061.29,2629.49,2040.70,1173.00,184.06,2680.85,1802.46,566.75,1.1383,0.6468,1.0500,1.3761,0.9806,0.4568,1.3176,0.2321,0.2362,-0.1043,0.5170,0.7303,0.6204,0.6270,0.6641,0.7531,0.3039,0.6771,0.6739,0.6956,0.0134,0.0113,0.0237,0.0188,0.0168,0.0000,0.0695,0.0010,0.0126,0.0085,0.9778,0.9774,0.9894,0.9766,0.9781,1.0000,0.9704,1.0000,0.9716,1.0000,53.43,194.11,81.85,54.69,63.16,10.97,5.02,245.39,62.53,86.06,0.0000,0.0000,0.0000,0.0000,0.0000,0.0000,0.4583,0.0437,0.0000,0.0000,104304,74663,53998,54750,86225,66964,95775,572442,131417,91336,0,0,0,0,0,0,0,0,0,0,0.0000,0.0000,0.0000,0.0000,0.0000,0.0000,0.3188,0.3288,0.0000,0.0000,0,0,0,0,0,0,0,1,0,0,0,0,0,0,0,0,1,1,0,0,0.1362,0.0865,0.1409,0.0605,0.0996,0.0227,0.0647,0.1133,0.0188,0.1379,0.000,0.000,0.000,0.000,0.000,0.000,0.000,0.146,0.000,0.000,semi-presidential,parliamentary,parliamentary,parliamentary,parliamentary,semi-presidential,semi-presidential,electoral-authoritarian,electoral-authoritarian,parliamentary,0.122,0.800,0.800,0.800,0.800,0.800,0.215,0.500,0.500,0.800,100.0,100.0,100.0,100.0,70.0,74.5,100.0,100.0,100.0,100.0
2029-02-01,1.0131,1.0399,1.0122,0.9867,1.0197,0.9892,0.9976,1.0021,0.9991,1.0075,1.0029,0.9996,1.0910,1.0716,1.0508,1.0217,1.0423,1.0383,0.9992,1.0244,1.0883,1.0101,1.0045,1.0003,3547.11,5277.88,4074.75,2627.82,2048.03,1178.76,183.44,2691.59,1808.27,567.71,1.1353,0.6460,1.0465,1.3770,0.9770,0.4526,1.3222,0.2321,0.2362,-0.1188,0.5250,0.7260,0.6265,0.6316,0.6593,0.7506,0.2919,0.6604,0.6923,0.6945,0.0120,0.0100,0.0240,0.0204,0.0173,0.0000,0.0719,0.0042,0.0134,0.0115,0.9778,0.9773,0.9894,0.9765,0.9781,1.0000,0.9703,1.0000,0.9715,1.0000,52.92,194.07,82.19,53.64,62.49,11.11,4.92,242.30,62.62,86.19,0.0000,0.0000,0.0000,0.0000,0.0000,0.0000,0.4582,0.0438,0.0000,0.0000,104304,74663,53998,54750,86225,66964,95775,572442,131417,91336,0,0,0,0,0,0,0,0,0,0,0.0000,0.0000,0.0000,0.0000,0.0000,0.0000,0.3280,0.3380,0.0000,0.0000,0,0,0,0,0,0,0,1,0,0,0,0,0,0,0,0,1,1,0,0,0.1370,0.0876,0.1422,0.0617,0.1010,0.0231,0.0595,0.1111,0.0196,0.1390,0.000,0.000,0.000,0.000,0.000,0.000,0.000,0.145,0.000,0.000,semi-presidential,parliamentary,parliamentary,parliamentary,parliamentary,semi-presidential,semi-presidential,electoral-authoritarian,electoral-authoritarian,parliamentary,0.132,0.800,0.800,0.800,0.800,0.800,0.225,0.500,0.500,0.800,100.0,100.0,100.0,100.0,72.9,77.6,100.0,100.0,100.0,100.0
2029-03-01,1.0090,1.0388,1.0117,0.9888,1.0074,0.9877,0.9993,1.0037,1.0018,1.0037,1.0013,1.0013,1.0851,1.0702,1.0503,1.0381,1.0296,1.0362,1.0770,1.0277,1.0976,1.0064,1.0029,1.0019,3551.54,5286.37,4081.61,2633.50,2055.36,1184.64,182.62,2691.31,1818.10,567.40,1.1340,0.6451,1.0447,1.3740,0.9736,0.4483,1.3282,0.2331,0.2357,-0.1335,0.5340,0.7342,0.6362,0.6292,0.6670,0.7492,0.2920,0.6549,0.7020,0.6939,0.0141,0.0099,0.0268,0.0294,0.0188,0.0000,0.0735,0.0049,0.0136,0.0148,0.9780,0.9775,0.9895,0.9768,0.9784,1.0000,0.9705,1.0000,0.9718,1.0000,52.52,195.05,81.70,54.33,61.81,11.40,4.86,239.37,62.42,85.93,0.0000,0.0000,0.0000,0.0000,0.0000,0.0000,0.4583,0.0437,0.0000,0.0000,104304,74663,53998,54750,86225,66964,95775,572442,131417,91336,0,0,0,0,0,0,0,0,0,0,0.0000,0.0000,0.0000,0.0000,0.0000,0.0000,0.3372,0.3472,0.0000,0.0000,0,0,0,0,0,0,0,1,0,0,0,0,0,0,0,0,1,1,0,0,0.1385,0.0890,0.1435,0.0625,0.1022,0.0244,0.0613,0.1110,0.0206,0.1387,0.000,0.000,0.000,0.000,0.000,0.000,0.000,0.145,0.000,0.000,semi-presidential,parliamentary,parliamentary,parliamentary,parliamentary,semi-presidential,semi-presidential,electoral-authoritarian,electoral-authoritarian,parliamentary,0.142,0.800,0.800,0.800,0.800,0.800,0.234,0.500,0.500,0.800,100.0,30.0,100.0,100.0,75.8,80.7,100.0,100.0,100.0,100.0
2029-04-01,1.0035,1.0365,1.0095,0.9941,0.9937,0.9885,0.9985,1.0033,1.0033,1.0021,0.9994,1.0027,1.0797,1.0665,1.0466,1.0470,1.0142,1.0359,1.0004,1.0066,1.0445,1.0363,1.0013,1.0028,3571.54,5309.81,4098.47,2632.69,2059.73,1186.46,181.93,2701.36,1825.98,569.68,1.1277,0.6421,1.0404,1.3746,0.9737,0.4456,1.3334,0.2334,0.2355,-0.1504,0.5445,0.7383,0.6451,0.6297,0.6646,0.7557,0.3021,0.6447,0.7240,0.7299,0.0107,0.0097,0.0217,0.0310,0.0149,0.0000,0.0681,0.0023,0.0113,0.0086,0.9791,0.9785,0.9900,0.9779,0.9797,1.0000,0.9713,1.0000,0.9731,1.0000,52.45,194.65,81.35,54.24,61.41,11.41,4.81,237.14,61.99,85.89,0.0000,0.0000,0.0000,0.0000,0.0000,0.0000,0.4579,0.0421,0.0000,0.0000,104304,74663,53998,54750,86225,66964,95775,572442,131417,91336,0,0,0,0,0,0,0,0,0,0,0.0000,0.0000,0.0000,0.0000,0.0000,0.0000,0.3487,0.3587,0.0000,0.0000,0,0,0,0,0,0,0,1,0,0,0,0,0,0,0,0,1,1,0,0,0.1396,0.0896,0.1448,0.0636,0.1034,0.0251,0.0592,0.1101,0.0215,0.1382,0.000,0.000,0.000,0.000,0.000,0.000,0.000,0.144,0.000,0.000,semi-presidential,parliamentary,parliamentary,parliamentary,parliamentary,semi-presidential,semi-presidential,electoral-authoritarian,electoral-authoritarian,parliamentary,0.151,0.800,0.800,0.800,0.800,0.800,0.245,0.500,0.500,0.783,100.0,33.1,100.0,100.0,79.8,83.9,100.0,100.0,100.0,98.3
2029-05-01,1.0004,1.0339,1.0101,0.9987,0.9816,0.9897,0.9985,1.0022,1.0054,1.0021,0.9970,1.0036,1.0781,1.0640,1.0877,1.0425,1.0027,1.0377,1.0001,1.0036,1.0182,1.0065,0.9985,1.0039,3587.65,5325.34,4125.15,2634.74,2064.19,1191.71,181.01,2703.60,1838.82,569.44,1.1227,0.6402,1.0337,1.3766,0.9717,0.4416,1.3403,0.2342,0.2346,-0.1650,0.5512,0.7230,0.6596,0.6515,0.6805,0.7518,0.3062,0.6262,0.7424,0.7158,0.0136,0.0112,0.0234,0.0281,0.0170,0.0000,0.0674,0.0011,0.0120,0.0087,0.9790,0.9784,0.9900,0.9778,0.9795,1.0000,0.9708,1.0000,0.9730,1.0000,53.54,196.24,82.46,54.17,62.79,11.31,4.86,243.48,63.30,85.62,0.0000,0.0000,0.0000,0.0000,0.0000,0.0000,0.4582,0.0437,0.0000,0.0000,104304,74663,53998,54750,86225,66964,95775,572442,131417,91336,0,0,0,0,0,0,0,0,0,0,0.0000,0.0000,0.0000,0.0000,0.0000,0.0000,0.3579,0.3679,0.0000,0.0000,0,0,0,0,0,0,0,1,0,0,0,0,0,0,0,0,1,1,0,0,0.1395,0.0900,0.1450,0.0639,0.1035,0.0254,0.0606,0.1141,0.0217,0.1378,0.000,0.000,0.000,0.000,0.000,0.000,0.000,0.145,0.000,0.000,semi-presidential,parliamentary,parliamentary,parliamentary,parliamentary,semi-presidential,semi-presidential,electoral-authoritarian,electoral-authoritarian,parliamentary,0.161,0.880,0.800,0.800,0.800,0.800,0.255,0.500,0.500,0.793,100.0,36.0,100.0,100.0,82.8,87.0,100.0,100.0,100.0,100.0
2029-06-01,0.9968,1.0321,1.0111,1.0021,0.9709,0.9890,0.9975,1.0019,1.0058,1.0048,0.9973,1.0052,1.0675,1.0608,1.0467,1.0454,0.9920,1.0352,0.9993,1.0301,1.0182,1.0598,1.0177,1.0054,3601.36,5330.32,4131.21,2637.51,2071.76,1196.29,180.62,2710.99,1847.76,570.16,1.1185,0.6426,1.0354,1.3752,0.9682,0.4379,1.3484,0.2349,0.2342,-0.1793,0.5605,0.6780,0.6412,0.6406,0.6912,0.7519,0.2972,0.6460,0.7195,0.7117,0.0120,0.0092,0.0204,0.0279,0.0147,0.0000,0.0691,0.0016,0.0099,0.0101,0.9798,0.9793,0.9904,0.9787,0.9802,1.0000,0.9702,1.0000,0.9741,1.0000,53.26,196.18,81.67,54.41,62.26,11.31,4.84,242.00,63.41,85.51,0.0000,0.0000,0.0000,0.0000,0.0000,0.0000,0.4577,0.0405,0.0000,0.0000,104304,74663,53998,54750,86225,66964,95775,572442,131417,91336,0,0,0,0,0,0,0,0,0,0,0.0000,0.0000,0.0000,0.0000,0.0000,0.0000,0.3694,0.3794,0.0000,0.0000,0,0,0,0,0,0,0,1,0,0,0,0,0,0,0,0,1,1,0,0,0.1418,0.0917,0.1467,0.0652,0.1052,0.0269,0.0639,0.1147,0.0234,0.1374,0.000,0.000,0.000,0.000,0.000,0.000,0.000,0.144,0.000,0.000,semi-presidential,parliamentary,parliamentary,parliamentary,parliamentary,semi-presidential,semi-presidential,electoral-authoritarian,electoral-authoritarian,parliamentary,0.171,0.878,0.838,0.800,0.800,0.800,0.266,0.500,0.530,0.800,100.0,36.8,90.5,100.0,85.9,90.2,100.0,100.0,94.0,100.0
2029-07-01,0.9930,1.0315,1.0106,1.0054,0.9654,0.9914,0.9950,1.0021,1.0061,1.0045,0.9988,1.0037,1.0669,1.0628,1.0492,1.0453,0.9850,1.1235,0.9973,1.0201,1.0191,1.0077,1.0633,1.0040,3603.22,5354.76,4146.54,2647.03,2073.58,1203.20,179.48,2720.48,1857.63,570.71,1.1179,0.6398,1.0318,1.3704,0.9674,0.4334,1.3571,0.2351,0.2337,-0.1936,0.5566,0.7088,0.6468,0.6342,0.6832,0.7549,0.3168,0.6566,0.7158,0.7027,0.0151,0.0117,0.0230,0.0275,0.0170,0.0011,0.0665,0.0015,0.0112,0.0111,0.9778,0.9773,0.9894,0.9765,0.9781,1.0000,0.9695,1.0000,0.9715,1.0000,52.69,196.03,82.07,53.20,61.69,11.35,4.76,239.73,63.46,85.52,0.0000,0.0000,0.0000,0.0000,0.0000,0.0000,0.4583,0.0437,0.0000,0.0000,104304,74663,53998,54750,86225,66964,95775,572442,131417,91336,0,0,0,0,0,0,0,0,0,0,0.0000,0.0000,0.0000,0.0000,0.0000,0.0000,0.3786,0.3886,0.0000,0.0000,0,0,0,0,0,0,0,1,0,0,0,0,0,0,0,0,1,1,0,0,0.1230,0.0822,0.1257,0.0556,0.0903,0.0248,0.0663,0.1114,0.0199,0.1372,0.000,0.000,0.000,0.000,0.000,0.000,0.000,0.145,0.000,0.000,semi-presidential,parliamentary,parliamentary,parliamentary,parliamentary,semi-presidential,semi-presidential,electoral-authoritarian,electoral-authoritarian,parliamentary,0.181,0.868,0.829,0.800,0.800,0.800,0.325,0.500,0.520,0.800,100.0,39.5,92.8,100.0,88.9,93.3,90.0,100.0,98.0,100.0
2029-08-01,0.9895,1.0320,1.0088,1.0092,0.9641,0.9960,0.9939,1.0019,1.0064,1.0024,1.0018,1.0015,1.0660,1.0632,1.0477,1.0455,0.9840,1.1341,0.9955,1.0033,1.0540,1.0050,1.0406,1.0020,3610.02,5361.63,4147.22,2654.35,2081.74,1212.14,178.95,2723.95,1869.94,570.66,1.1159,0.6390,1.0318,1.3667,0.9637,0.4283,1.3613,0.2378,0.2330,-0.2080,0.5511,0.7215,0.6436,0.6220,0.6813,0.7502,0.3122,0.6542,0.7151,0.6977,0.0137,0.0119,0.0216,0.0266,0.0173,0.0012,0.0678,0.0026,0.0125,0.0100,0.9780,0.9774,0.9895,0.9767,0.9783,1.0000,0.9700,1.0000,0.9717,1.0000,53.48,196.99,82.33,53.94,62.65,11.39,4.81,244.48,64.44,85.30,0.0000,0.0000,0.0000,0.0000,0.0000,0.0000,0.4583,0.0437,0.0000,0.0000,104304,74663,53998,54750,86225,66964,95775,572442,131417,91336,0,0,0,0,0,0,0,0,0,0,0.0000,0.0000,0.0000,0.0000,0.0000,0.0000,0.3878,0.3978,0.0000,0.0000,0,0,0,0,0,0,0,1,0,0,0,0,0,0,0,0,1,1,0,0,0.1266,0.0886,0.1294,0.0566,0.0922,0.0280,0.0723,0.1127,0.0199,0.1369,0.000,0.000,0.000,0.000,0.000,0.000,0.000,0.147,0.000,0.000,semi-presidential,parliamentary,parliamentary,parliamentary,parliamentary,semi-presidential,semi-presidential,electoral-authoritarian,electoral-authoritarian,parliamentary,0.191,0.858,0.824,0.800,0.800,0.800,0.334,0.500,0.510,0.800,100.0,42.4,100.0,100.0,91.8,96.5,91.9,100.0,100.0,100.0
2029-09-01,0.9878,1.0303,1.0061,1.0112,0.9626,1.0008,0.9931,1.0007,1.0068,1.0025,1.0035,1.0007,1.0632,1.0593,1.0438,1.0382,0.9825,1.1367,0.9956,1.0022,1.0193,1.0196,1.0629,1.0007,3615.99,5378.91,4156.59,2652.14,2089.84,1217.24,178.72,2737.88,1876.91,571.33,1.1141,0.6370,1.0297,1.3679,0.9652,0.4246,1.3632,0.2382,0.2329,-0.2289,0.5553,0.7288,0.6298,0.6347,0.7038,0.7587,0.3343,0.6476,0.7097,0.7038,0.0140,0.0115,0.0216,0.0206,0.0163,0.0012,0.0686,0.0014,0.0109,0.0099,0.9796,0.9790,0.9902,0.9784,0.9801,1.0000,0.9705,1.0000,0.9737,1.0000,54.19,197.29,83.38,53.91,63.85,11.29,4.91,247.79,64.98,85.35,0.0000,0.0000,0.0000,0.0000,0.0000,0.0000,0.4581,0.0428,0.0000,0.0000,104304,74663,53998,54750,86225,66964,95775,572442,131417,91336,0,0,0,0,0,0,0,0,0,0,0.0000,0.0000,0.0000,0.0000,0.0000,0.0000,0.3993,0.4093,0.0000,0.0000,0,0,0,0,0,0,0,1,0,0,0,0,0,0,0,0,1,1,0,0,0.1391,0.0946,0.1431,0.0626,0.1017,0.0289,0.0734,0.1177,0.0211,0.1367,0.000,0.000,0.000,0.000,0.000,0.000,0.000,0.144,0.000,0.000,semi-presidential,parliamentary,parliamentary,parliamentary,parliamentary,semi-presidential,semi-presidential,electoral-authoritarian,electoral-authoritarian,parliamentary,0.201,0.849,0.814,0.800,0.800,0.800,0.346,0.500,0.501,0.800,100.0,45.4,100.0,92.9,95.3,99.7,94.4,100.0,100.0,100.0
2029-10-01,1.0222,1.0471,1.0048,1.0148,0.9618,1.0032,0.9952,1.0008,1.0098,1.0051,1.0036,1.0002,1.9084,1.4308,1.0416,1.1054,0.9861,1.0792,1.0107,1.0023,1.0970,1.0555,1.0051,1.0002,3619.77,5392.30,4152.57,2650.68,2088.34,1220.49,178.17,2749.78,1880.31,572.44,1.1129,0.6355,1.0310,1.3688,0.9662,0.4215,1.3675,0.2384,0.2332,-0.2353,0.5235,0.7502,0.6040,0.5637,0.6440,0.7038,0.3090,0.6548,0.6317,0.6943,0.1003,0.0990,0.0736,0.1193,0.1075,0.0824,0.1147,0.0040,0.1016,0.0114,0.7000,0.7160,0.8525,0.7182,0.7009,0.7717,0.9498,1.0000,0.7121,1.0000,41.62,172.05,71.79,44.54,50.42,9.54,4.35,188.27,53.06,64.83,0.0000,0.0000,0.0000,0.0000,0.0000,0.0000,0.4586,0.0416,0.0000,0.0000,104304,74663,53998,54750,86225,66964,95775,572442,131417,91336,0,0,0,0,0,0,0,0,0,0,0.0000,0.0000,0.0000,0.0000,0.0000,0.0000,0.4085,0.4185,0.0000,0.0000,0,0,0,0,0,0,0,1,0,0,0,0,0,0,0,0,1,1,0,0,0.1349,0.0908,0.1387,0.0601,0.0981,0.0275,0.0737,0.1254,0.0199,0.1409,0.000,0.000,0.000,0.000,0.000,0.000,0.000,0.146,0.000,0.000,semi-presidential,parliamentary,parliamentary,parliamentary,parliamentary,semi-presidential,semi-presidential,electoral-authoritarian,electoral-authoritarian,parliamentary,0.207,0.839,0.804,0.800,0.800,0.800,0.355,0.500,0.500,0.800,100.0,48.5,100.0,96.1,98.2,100.0,96.4,100.0,100.0,30.0
2029-11-01,1.0522,1.0614,1.0035,1.0174,0.9649,1.0044,0.9966,0.9991,1.0093,1.0086,1.0005,1.0011,1.7691,1.3600,1.0388,1.0906,1.0022,1.0579,1.0173,1.0005,1.0213,1.0756,1.0019,1.0013,3623.27,5402.11,4146.92,2651.58,2092.39,1225.88,176.98,2756.78,1888.75,573.17,1.1119,0.6385,1.0327,1.3685,0.9646,0.4178,1.3767,0.2389,0.2330,-0.2499,0.5219,0.7064,0.5983,0.5444,0.6300,0.6967,0.3125,0.6298,0.6319,0.6895,0.0787,0.0765,0.0606,0.0978,0.0865,0.0618,0.1083,0.0013,0.0745,0.0143,0.7672,0.7805,0.8859,0.7830,0.7681,0.8297,0.9550,1.0000,0.7809,1.0000,46.30,181.93,75.61,48.29,55.44,10.15,4.52,211.47,58.29,71.97,0.0000,0.0000,0.0000,0.0000,0.0000,0.0000,0.4582,0.0400,0.0000,0.0000,104304,74663,53998,54750,86225,66964,95775,572442,131417,91336,0,0,0,0,0,0,0,0,0,0,0.0000,0.0000,0.0000,0.0000,0.0000,0.0000,0.4177,0.4277,0.0000,0.0000,0,0,0,0,0,0,0,1,0,0,0,0,0,0,0,0,1,1,0,0,0.1394,0.0939,0.1435,0.0624,0.1017,0.0287,0.0750,0.1305,0.0209,0.1447,0.000,0.000,0.000,0.000,0.000,0.000,0.000,0.147,0.000,0.000,semi-presidential,parliamentary,parliamentary,parliamentary,parliamentary,semi-presidential,semi-presidential,electoral-authoritarian,electoral-authoritarian,parliamentary,0.217,0.819,0.800,0.800,0.800,0.800,0.364,0.538,0.500,0.800,100.0,49.5,100.0,99.1,100.0,100.0,98.4,90.6,100.0,32.8
2029-12-01,1.0747,1.0701,1.0034,1.0203,0.9664,1.0050,0.9973,0.9981,1.0076,1.0118,0.9981,0.9996,1.6623,1.2395,1.0390,1.0716,0.9958,1.0515,1.0085,1.0091,1.0200,1.0684,0.9998,0.9998,3624.26,5411.71,4161.71,2651.77,2088.13,1229.74,176.43,2772.34,1896.89,574.46,1.1117,0.6374,1.0344,1.3687,0.9669,0.4147,1.3810,0.2387,0.2327,-0.2646,0.5185,0.7018,0.6000,0.5481,0.6091,0.6874,0.3154,0.6575,0.6274,0.7004,0.0568,0.0533,0.0459,0.0721,0.0627,0.0407,0.1021,0.0013,0.0494,0.0114,0.8666,0.8758,0.9344,0.8789,0.8675,0.9158,0.9635,1.0000,0.8831,1.0000,50.03,189.95,78.64,52.24,59.46,10.63,4.66,231.05,62.95,78.76,0.0000,0.0000,0.0000,0.0000,0.0000,0.0000,0.4583,0.0403,0.0000,0.0000,104304,74663,53998,54750,86225,66964,95775,572442,131417,91336,0,0,0,0,0,0,0,0,0,0,0.0000,0.0000,0.0000,0.0000,0.0000,0.0000,0.4292,0.4392,0.0000,0.0000,0,0,0,0,0,0,0,1,0,0,0,0,0,0,0,0,1,1,0,0,0.1240,0.0858,0.1267,0.0600,0.0900,0.0262,0.0729,0.1300,0.0183,0.1473,0.000,0.000,0.000,0.000,0.000,0.000,0.000,0.150,0.000,0.000,semi-presidential,parliamentary,parliamentary,parliamentary,parliamentary,semi-presidential,semi-presidential,electoral-authoritarian,electoral-authoritarian,parliamentary,0.227,0.809,0.800,0.800,0.800,0.800,0.376,0.526,0.500,0.800,100.0,52.4,100.0,100.0,100.0,100.0,100.0,93.5,100.0,35.7
2030-01-01,1.0897,1.0730,1.0012,1.0228,0.9689,1.0069,0.9930,0.9974,1.0060,1.0132,0.9935,0.9979,1.4602,1.1049,1.0391,1.0458,1.0138,1.0550,0.9948,0.9987,1.0186,1.0256,0.9960,0.9984,3631.65,5420.56,4158.40,2652.74,2091.61,1234.38,175.73,2792.63,1902.68,570.44,1.1092,0.6384,1.0355,1.3685,0.9655,0.4114,1.3863,0.2378,0.2328,-0.2804,0.5159,0.7059,0.5954,0.5642,0.6083,0.7039,0.3064,0.6539,0.6423,0.7202,0.0280,0.0261,0.0293,0.0373,0.0373,0.0157,0.0904,0.0011,0.0244,0.0159,0.9774,0.9773,0.9894,0.9763,0.9774,1.0000,0.9741,1.0000,0.9716,1.0000,55.06,198.40,82.16,55.16,64.53,10.98,4.94,255.74,68.37,86.12,0.0000,0.0000,0.0000,0.0000,0.0000,0.0000,0.4585,0.0429,0.0000,0.0000,104304,74663,53998,54750,86225,66964,95775,572442,131417,91336,0,0,0,0,0,0,0,0,0,0,0.0000,0.0000,0.0000,0.0000,0.0000,0.0000,0.4384,0.4484,0.0000,0.0000,0,0,0,0,0,0,0,1,0,0,0,0,0,0,0,0,1,1,0,0,0.1189,0.0833,0.1212,0.0572,0.0860,0.0251,0.0718,0.1275,0.0173,0.1498,0.000,0.000,0.000,0.000,0.000,0.000,0.000,0.151,0.000,0.000,semi-presidential,parliamentary,parliamentary,parliamentary,parliamentary,semi-presidential,semi-presidential,electoral-authoritarian,electoral-authoritarian,parliamentary,0.237,0.802,0.800,0.800,0.800,0.800,0.385,0.517,0.500,0.800,100.0,49.5,100.0,100.0,100.0,100.0,100.0,96.0,100.0,38.4
2030-02-01,1.0945,1.0733,0.9973,1.0214,0.9725,1.0082,0.9902,0.9969,1.0069,1.0122,0.9904,0.9967,1.1897,1.1059,1.0362,1.0376,1.0150,1.0679,0.9923,1.0207,1.0365,1.0172,0.9921,0.9969,3636.91,5437.71,4152.03,2659.02,2088.99,1239.36,175.21,2801.80,1911.63,570.41,1.1076,0.6365,1.0374,1.3655,0.9670,0.4080,1.3904,0.2380,0.2325,-0.2960,0.5255,0.7144,0.5924,0.5913,0.6275,0.7170,0.3134,0.6529,0.6670,0.7232,0.0127,0.0106,0.0219,0.0199,0.0216,0.0002,0.0838,0.0019,0.0118,0.0172,0.9771,0.9768,0.9892,0.9759,0.9773,1.0000,0.9749,1.0000,0.9709,1.0000,59.66,205.44,84.86,59.74,69.22,11.27,5.12,275.86,72.07,91.45,0.0000,0.0000,0.0000,0.0000,0.0000,0.0000,0.4585,0.0434,0.0000,0.0000,104304,74663,53998,54750,86225,66964,95775,572442,131417,91336,0,0,0,0,0,0,0,0,0,0,0.0000,0.0000,0.0000,0.0000,0.0000,0.0000,0.4499,0.4599,0.0000,0.0000,0,0,0,0,0,0,0,1,0,0,0,0,0,0,0,0,1,1,0,0,0.1194,0.0836,0.1232,0.0586,0.0866,0.0246,0.0716,0.1244,0.0164,0.1468,0.000,0.000,0.000,0.000,0.000,0.000,0.000,0.153,0.000,0.000,semi-presidential,parliamentary,parliamentary,parliamentary,parliamentary,semi-presidential,semi-presidential,electoral-authoritarian,electoral-authoritarian,parliamentary,0.246,0.800,0.800,0.800,0.800,0.800,0.397,0.506,0.500,0.800,100.0,52.5,100.0,100.0,100.0,100.0,100.0,99.0,100.0,41.4
2030-03-01,1.0961,1.0713,0.9933,1.0190,0.9762,1.0095,0.9862,0.9974,1.0081,1.0104,0.9886,0.9965,1.1911,1.1034,1.0322,1.0197,1.0189,1.0579,0.9885,1.0415,1.0514,1.0144,0.9901,0.9972,3639.15,5429.55,4160.17,2660.98,2091.14,1244.54,174.59,2811.68,1919.87,570.13,1.1070,0.6375,1.0410,1.3647,0.9660,0.4046,1.3954,0.2379,0.2323,-0.3118,0.5296,0.7226,0.6127,0.6044,0.6369,0.7274,0.3253,0.6681,0.6738,0.7187,0.0135,0.0103,0.0150,0.0198,0.0225,0.0000,0.0818,0.0027,0.0122,0.0193,0.9774,0.9770,0.9893,0.9762,0.9776,1.0000,0.9750,1.0000,0.9712,1.0000,59.52,204.93,83.47,59.62,69.37,11.29,5.06,275.72,72.43,91.89,0.0000,0.0000,0.0000,0.0000,0.0000,0.0000,0.4584,0.0436,0.0000,0.0000,104304,74663,53998,54750,86225,66964,95775,572442,131417,91336,0,0,0,0,0,0,0,0,0,0,0.0000,0.0000,0.0000,0.0000,0.0000,0.0000,0.4591,0.4691,0.0000,0.0000,0,0,0,0,0,0,0,1,0,0,0,0,0,0,0,0,1,1,0,0,0.1340,0.0910,0.1398,0.0661,0.0980,0.0257,0.0736,0.1248,0.0180,0.1462,0.000,0.000,0.000,0.000,0.000,0.000,0.000,0.154,0.000,0.000,semi-presidential,parliamentary,parliamentary,parliamentary,parliamentary,semi-presidential,semi-presidential,electoral-authoritarian,electoral-authoritarian,parliamentary,0.256,0.800,0.800,0.800,0.800,0.800,0.406,0.500,0.500,0.800,100.0,55.5,100.0,100.0,100.0,100.0,100.0,100.0,100.0,44.4
2030-04-01,1.0950,1.0673,0.9912,1.0163,0.9791,1.0113,0.9827,0.9982,1.0080,1.0095,0.9877,0.9979,1.1803,1.0972,1.0283,1.0332,1.0058,1.1238,0.9842,1.0103,1.0204,1.0292,0.9965,0.9982,3649.32,5434.73,4160.29,2668.22,2095.70,1251.19,174.06,2822.36,1929.13,568.55,1.1039,0.6370,1.0413,1.3609,0.9637,0.4007,1.3996,0.2378,0.2319,-0.3284,0.5377,0.7336,0.6278,0.6116,0.6461,0.7421,0.3449,0.6686,0.6932,0.7127,0.0126,0.0111,0.0201,0.0170,0.0171,0.0008,0.0662,0.0013,0.0107,0.0104,0.9796,0.9790,0.9904,0.9784,0.9801,1.0000,0.9760,1.0000,0.9737,1.0000,58.80,204.17,84.06,58.63,67.97,11.59,5.15,268.25,71.18,92.50,0.0000,0.0000,0.0000,0.0000,0.0000,0.0000,0.4582,0.0423,0.0000,0.0000,104304,74663,53998,54750,86225,66964,95775,572442,131417,91336,0,0,0,0,0,0,0,0,0,0,0.0000,0.0000,0.0000,0.0000,0.0000,0.0000,0.4683,0.4783,0.0000,0.0000,0,0,0,0,0,0,0,1,0,0,0,0,0,0,0,0,1,1,0,0,0.1360,0.0922,0.1410,0.0672,0.0991,0.0270,0.0782,0.1214,0.0228,0.1471,0.000,0.000,0.000,0.000,0.000,0.000,0.000,0.153,0.000,0.000,semi-presidential,parliamentary,parliamentary,parliamentary,parliamentary,semi-presidential,semi-presidential,electoral-authoritarian,electoral-authoritarian,parliamentary,0.266,0.800,0.800,0.800,0.800,0.800,0.415,0.500,0.500,0.800,100.0,58.6,100.0,100.0,100.0,100.0,100.0,100.0,100.0,47.3
2030-05-01,1.0928,1.0623,0.9919,1.0138,0.9796,1.0135,0.9807,0.9990,1.0071,1.0078,0.9875,0.9988,1.1869,1.0932,1.0652,1.0142,1.0067,1.0620,0.9823,1.0193,1.0200,1.0125,1.0115,0.9988,3655.87,5447.04,4170.99,2669.77,2101.69,1256.82,173.60,2833.37,1939.39,569.31,1.1020,0.6356,1.0389,1.3601,0.9607,0.3973,1.4034,0.2377,0.2315,-0.3435,0.5480,0.7439,0.6422,0.6332,0.6558,0.7502,0.3343,0.6615,0.7063,0.7249,0.0153,0.0113,0.0145,0.0188,0.0200,0.0000,0.0795,0.0014,0.0122,0.0122,0.9789,0.9783,0.9900,0.9777,0.9794,1.0000,0.9755,1.0000,0.9729,1.0000,59.33,204.96,84.00,59.32,69.27,11.58,5.12,272.82,71.79,91.98,0.0000,0.0000,0.0000,0.0000,0.0000,0.0000,0.4584,0.0435,0.0000,0.0000,104304,74663,53998,54750,86225,66964,95775,572442,131417,91336,0,0,0,0,0,0,0,0,0,0,0.0000,0.0000,0.0000,0.0000,0.0000,0.0000,0.4775,0.4875,0.0000,0.0000,0,0,0,0,0,0,0,1,0,0,0,0,0,0,0,0,1,1,0,0,0.1358,0.0926,0.1416,0.0677,0.0993,0.0272,0.0787,0.1251,0.0231,0.1454,0.000,0.000,0.000,0.000,0.000,0.000,0.000,0.153,0.000,0.000,semi-presidential,parliamentary,parliamentary,parliamentary,parliamentary,semi-presidential,semi-presidential,electoral-authoritarian,electoral-authoritarian,parliamentary,0.276,0.800,0.800,0.800,0.800,0.800,0.424,0.500,0.500,0.800,100.0,61.7,100.0,100.0,100.0,100.0,100.0,100.0,100.0,50.3
2030-06-01,1.0922,1.0575,0.9931,1.0121,0.9813,1.0100,0.9811,0.9996,1.0061,1.0085,0.9899,0.9994,1.1831,1.0871,1.1032,1.0293,1.0099,1.0586,1.0008,1.0454,1.0184,1.0338,1.1068,0.9994,3665.05,5477.18,4182.42,2674.03,2107.21,1261.50,173.36,2845.33,1954.72,568.72,1.0992,0.6320,1.0361,1.3579,0.9580,0.3941,1.4053,0.2377,0.2304,-0.3595,0.5537,0.7467,0.6481,0.6381,0.6612,0.7547,0.3495,0.6542,0.7050,0.7137,0.0221,0.0123,0.0314,0.0213,0.0257,0.0000,0.0898,0.0023,0.0136,0.0195,0.9793,0.9787,0.9902,0.9781,0.9797,1.0000,0.9748,1.0000,0.9734,1.0000,59.82,206.58,86.34,59.50,69.52,12.16,5.18,274.22,72.02,91.98,0.0000,0.0000,0.0000,0.0000,0.0000,0.0000,0.4581,0.0420,0.0000,0.0000,104304,74663,53998,54750,86225,66964,95775,572442,131417,91336,0,0,0,0,0,0,0,0,0,0,0.0000,0.0000,0.0000,0.0000,0.0000,0.0000,0.4890,0.4990,0.0000,0.0000,0,0,0,0,0,0,0,1,0,0,0,0,0,0,0,0,1,1,0,0,0.1378,0.0933,0.1423,0.0683,0.1070,0.0285,0.0795,0.1250,0.0237,0.1470,0.000,0.000,0.000,0.000,0.000,0.000,0.000,0.153,0.000,0.000,semi-presidential,parliamentary,parliamentary,parliamentary,parliamentary,semi-presidential,semi-presidential,electoral-authoritarian,electoral-authoritarian,parliamentary,0.286,0.800,0.800,0.800,0.800,0.800,0.436,0.500,0.500,0.800,100.0,64.9,100.0,100.0,100.0,100.0,100.0,100.0,100.0,53.3
2030-07-01,1.0909,1.0526,0.9914,1.0109,0.9818,1.0080,0.9825,0.9995,1.0059,1.0100,0.9946,1.0001,1.1811,1.0827,1.0286,1.0343,1.0003,1.0554,1.0584,1.0008,1.0183,1.0300,1.1171,1.0001,3659.82,5506.89,4200.78,2690.39,2109.28,1269.21,172.91,2855.35,1964.13,568.45,1.1008,0.6285,1.0313,1.3497,0.9569,0.3901,1.4090,0.2377,0.2301,-0.3752,0.5602,0.7474,0.6550,0.6471,0.6724,0.7600,0.3460,0.6566,0.7074,0.7153,0.0168,0.0098,0.0251,0.0178,0.0181,0.0000,0.0910,0.0022,0.0108,0.0151,0.9789,0.9785,0.9900,0.9778,0.9792,1.0000,0.9737,1.0000,0.9731,1.0000,59.89,208.06,87.30,60.26,69.90,12.27,5.20,277.30,72.85,91.23,0.0000,0.0000,0.0000,0.0000,0.0000,0.0000,0.4584,0.0423,0.0000,0.0000,104304,74663,53998,54750,86225,66964,95775,572442,131417,91336,0,0,0,0,0,0,0,0,0,0,0.0000,0.0000,0.0000,0.0000,0.0000,0.0000,0.4982,0.5082,0.0000,0.0000,0,0,0,0,0,0,0,1,0,0,0,0,0,0,0,0,1,1,0,0,0.1449,0.0938,0.1426,0.0687,0.1077,0.0289,0.0771,0.1260,0.0244,0.1484,0.000,0.000,0.000,0.000,0.000,0.000,0.000,0.153,0.000,0.000,semi-presidential,parliamentary,parliamentary,parliamentary,parliamentary,semi-presidential,semi-presidential,electoral-authoritarian,electoral-authoritarian,parliamentary,0.296,0.800,0.800,0.800,0.800,0.800,0.445,0.500,0.500,0.800,100.0,68.0,100.0,100.0,100.0,100.0,100.0,100.0,100.0,56.2
2030-08-01,1.0843,1.0478,0.9911,1.0128,0.9818,1.0040,0.9847,0.9985,1.0061,1.0114,0.9979,1.0017,1.0843,1.0490,1.0761,1.0410,0.9931,1.0044,1.0279,0.9986,1.0292,1.0380,1.1077,1.0022,3668.14,5528.81,4212.83,2697.40,2111.65,1275.02,173.50,2855.39,1973.06,569.30,1.0983,0.6261,1.0281,1.3462,0.9558,0.3867,1.4043,0.2379,0.2298,-0.3902,0.5729,0.7511,0.6758,0.6568,0.6884,0.7587,0.3832,0.6477,0.7090,0.7232,0.0105,0.0028,0.0210,0.0150,0.0121,0.0000,0.0137,0.0019,0.0044,0.0117,1.0000,1.0000,1.0000,1.0000,1.0000,1.0000,1.0000,1.0000,1.0000,1.0000,59.56,210.68,85.88,58.38,68.09,12.30,8.95,274.70,72.72,92.50,0.0000,0.0000,0.0000,0.0000,0.0000,0.0000,0.0000,0.0000,0.0000,0.0000,104304,74663,53998,54750,86225,66964,95775,572442,131417,91336,0,0,0,0,0,0,0,0,0,0,0.0000,0.0000,0.0000,0.0000,0.0000,0.0000,0.4959,0.5036,0.0000,0.0000,0,0,0,0,0,0,0,1,0,0,0,0,0,0,0,0,0,0,0,0,0.1466,0.0954,0.1442,0.0729,0.1092,0.0299,0.0895,0.1264,0.0255,0.1500,0.000,0.000,0.000,0.000,0.000,0.000,0.000,0.152,0.000,0.000,semi-presidential,parliamentary,parliamentary,parliamentary,parliamentary,semi-presidential,semi-presidential,electoral-authoritarian,electoral-authoritarian,parliamentary,0.306,0.800,0.800,0.800,0.800,0.800,0.449,0.500,0.500,0.800,100.0,71.2,100.0,100.0,100.0,100.0,100.0,100.0,100.0,59.2
2030-09-01,1.0742,1.0430,0.9930,1.0119,0.9811,1.0016,0.9856,0.9977,1.0044,1.0131,0.9990,1.0018,1.0753,1.0434,1.0989,1.0277,0.9811,1.0016,0.9933,0.9983,1.0049,1.0208,1.0003,1.0019,3690.83,5547.54,4217.19,2718.60,2120.47,1278.77,175.32,2872.18,1979.81,570.65,1.0917,0.6240,1.0268,1.3397,0.9518,0.3840,1.3904,0.2375,0.2298,-0.4047,0.5865,0.7619,0.6762,0.6930,0.7007,0.7634,0.4675,0.6499,0.7140,0.7253,0.0075,0.0035,0.0154,0.0072,0.0074,0.0000,0.0048,0.0001,0.0042,0.0021,1.0000,1.0000,1.0000,1.0000,1.0000,1.0000,1.0000,1.0000,1.0000,1.0000,59.00,209.71,87.51,60.47,68.13,12.30,8.83,271.66,72.33,92.29,0.0000,0.0000,0.0000,0.0000,0.0000,0.0000,0.0000,0.0000,0.0000,0.0000,104304,74663,53998,54750,86225,66964,95775,572442,131417,91336,0,0,0,0,0,0,0,0,0,0,0.0000,0.0000,0.0000,0.0000,0.0000,0.0000,0.4762,0.4839,0.0000,0.0000,0,0,0,0,0,0,0,1,0,0,0,0,0,0,0,0,0,0,0,0,0.1428,0.0939,0.1475,0.0728,0.1063,0.0296,0.0872,0.1235,0.0248,0.1463,0.000,0.000,0.000,0.000,0.000,0.000,0.000,0.152,0.000,0.000,semi-presidential,parliamentary,parliamentary,parliamentary,parliamentary,semi-presidential,semi-presidential,electoral-authoritarian,electoral-authoritarian,parliamentary,0.315,0.800,0.800,0.800,0.800,0.800,0.459,0.500,0.500,0.800,100.0,74.4,100.0,97.6,100.0,100.0,100.0,100.0,100.0,62.2
2030-10-01,1.0644,1.0395,0.9970,1.0099,0.9794,1.0018,0.9862,0.9970,1.0022,1.0112,0.9979,1.0015,1.0659,1.0397,1.1456,1.0257,0.9797,1.0215,0.9976,1.0386,1.0022,1.0118,0.9984,1.0017,3699.00,5562.02,4244.16,2729.67,2130.55,1284.90,176.28,2889.63,1987.63,572.98,1.0893,0.6226,1.0202,1.3341,0.9473,0.3806,1.3843,0.2370,0.2297,-0.4183,0.5941,0.7639,0.6822,0.6831,0.7080,0.7615,0.5422,0.6490,0.7056,0.7295,0.0129,0.0053,0.0213,0.0105,0.0119,0.0003,0.0056,0.0004,0.0061,0.0056,1.0000,1.0000,1.0000,1.0000,1.0000,1.0000,1.0000,1.0000,1.0000,1.0000,59.37,209.76,87.55,60.90,69.02,12.06,8.69,276.02,72.80,91.95,0.0000,0.0000,0.0000,0.0000,0.0000,0.0000,0.0000,0.0000,0.0000,0.0000,104304,74663,53998,54750,86225,66964,95775,572442,131417,91336,0,0,0,0,0,0,0,0,0,0,0.0000,0.0000,0.0000,0.0000,0.0000,0.0000,0.4565,0.4642,0.0000,0.0000,0,0,0,0,0,0,0,1,0,0,0,0,0,0,0,0,0,0,0,0,0.1329,0.0889,0.1375,0.0675,0.0988,0.0278,0.0832,0.1231,0.0229,0.1443,0.000,0.000,0.000,0.000,0.000,0.000,0.000,0.152,0.000,0.000,semi-presidential,parliamentary,parliamentary,parliamentary,parliamentary,semi-presidential,semi-presidential,electoral-authoritarian,electoral-authoritarian,parliamentary,0.325,0.800,0.800,0.800,0.800,0.800,0.469,0.500,0.500,0.800,100.0,77.6,100.0,100.0,100.0,100.0,100.0,100.0,100.0,65.2
2030-11-01,1.0522,1.0384,1.0015,1.0090,0.9782,1.0005,0.9875,0.9981,1.0013,1.0084,0.9946,1.0029,1.0527,1.0385,1.1389,1.0254,0.9782,1.0007,1.0072,1.0065,1.0012,1.0087,0.9949,1.0034,3713.99,5580.16,4246.87,2733.74,2145.10,1290.00,177.11,2908.16,1996.99,574.31,1.0850,0.6207,1.0196,1.3320,0.9409,0.3774,1.3801,0.2366,0.2294,-0.4325,0.5955,0.7715,0.6898,0.6805,0.7091,0.7643,0.5926,0.6485,0.7149,0.7274,0.0104,0.0045,0.0185,0.0094,0.0100,0.0000,0.0055,0.0002,0.0055,0.0039,1.0000,1.0000,1.0000,1.0000,1.0000,1.0000,1.0000,1.0000,1.0000,1.0000,57.11,207.52,87.20,59.18,66.45,12.24,8.41,263.31,70.88,91.49,0.0000,0.0000,0.0000,0.0000,0.0000,0.0000,0.0000,0.0000,0.0000,0.0000,104304,74663,53998,54750,86225,66964,95775,572442,131417,91336,0,0,0,0,0,0,0,0,0,0,0.0000,0.0000,0.0000,0.0000,0.0000,0.0000,0.4367,0.4444,0.0000,0.0000,0,0,0,0,0,0,0,1,0,0,0,0,0,0,0,0,0,0,0,0,0.1466,0.0958,0.1518,0.0751,0.1094,0.0303,0.0896,0.1209,0.0258,0.1440,0.000,0.000,0.000,0.000,0.000,0.000,0.000,0.151,0.000,0.000,semi-presidential,parliamentary,parliamentary,parliamentary,parliamentary,semi-presidential,semi-presidential,electoral-authoritarian,electoral-authoritarian,parliamentary,0.335,0.800,0.800,0.800,0.800,0.800,0.479,0.500,0.500,0.800,100.0,80.9,100.0,100.0,100.0,100.0,100.0,100.0,100.0,68.2
2030-12-01,1.0391,1.0356,1.0032,1.0074,0.9772,1.0024,0.9896,0.9957,1.0033,1.0048,0.9929,1.0048,1.0402,1.0359,1.0036,1.0147,0.9772,1.0865,1.0979,0.9965,1.0344,1.0055,0.9928,1.0049,3738.94,5590.88,4266.51,2740.99,2155.14,1296.39,177.93,2916.55,2008.76,576.56,1.0778,0.6197,1.0149,1.3284,0.9366,0.3739,1.3768,0.2370,0.2288,-0.4460,0.6020,0.7768,0.6981,0.6879,0.7176,0.7601,0.6260,0.6428,0.7155,0.7198,0.0048,0.0018,0.0101,0.0019,0.0041,0.0011,0.0048,0.0018,0.0019,0.0055,1.0000,1.0000,1.0000,1.0000,1.0000,1.0000,1.0000,1.0000,1.0000,1.0000,58.06,207.96,86.62,59.33,67.22,12.08,8.43,268.95,72.43,91.02,0.0000,0.0000,0.0000,0.0000,0.0000,0.0000,0.0000,0.0000,0.0000,0.0000,104304,74663,53998,54750,86225,66964,95775,572442,131417,91336,0,0,0,0,0,0,0,0,0,0,0.0000,0.0000,0.0000,0.0000,0.0000,0.0000,0.4170,0.4247,0.0000,0.0000,0,0,0,0,0,0,0,1,0,0,0,0,0,0,0,0,0,0,0,0,0.1473,0.0971,0.1535,0.0764,0.1106,0.0314,0.0903,0.1235,0.0270,0.1411,0.000,0.000,0.000,0.000,0.000,0.000,0.000,0.149,0.000,0.000,semi-presidential,parliamentary,parliamentary,parliamentary,parliamentary,semi-presidential,semi-presidential,electoral-authoritarian,electoral-authoritarian,parliamentary,0.345,0.800,0.800,0.800,0.800,0.800,0.489,0.500,0.500,0.800,100.0,84.2,100.0,100.0,100.0,100.0,100.0,100.0,100.0,71.2
2031-01-01,1.0281,1.0344,1.0012,1.0059,0.9781,1.0045,0.9909,0.9928,1.0039,1.0023,0.9939,1.0045,1.0301,1.0349,1.0018,1.0225,0.9848,1.0375,0.9910,0.9929,1.0039,1.0023,0.9939,1.0045,3757.72,5613.55,4288.54,2751.05,2161.50,1302.43,178.54,2938.39,2018.88,577.84,1.0724,0.6173,1.0097,1.3236,0.9339,0.3705,1.3758,0.2376,0.2285,-0.4600,0.6066,0.7837,0.7054,0.6997,0.7152,0.7683,0.6232,0.6573,0.7149,0.7176,0.0006,0.0007,0.0096,0.0018,0.0020,0.0004,0.0043,0.0000,0.0002,0.0018,1.0000,1.0000,1.0000,1.0000,1.0000,1.0000,1.0000,1.0000,1.0000,1.0000,58.50,208.08,86.49,59.24,67.22,11.79,8.52,271.59,73.04,90.44,0.0000,0.0000,0.0000,0.0000,0.0000,0.0000,0.0000,0.0000,0.0000,0.0000,104304,74663,53998,54750,86225,66964,95775,572442,131417,91336,0,0,0,0,0,0,0,0,0,0,0.0000,0.0000,0.0000,0.0000,0.0000,0.0000,0.3973,0.3853,0.0000,0.0000,0,0,0,0,0,0,0,1,0,0,0,0,0,0,0,0,0,0,0,0,0.1459,0.0957,0.1511,0.0749,0.1091,0.0308,0.0907,0.1220,0.0267,0.1413,0.000,0.000,0.000,0.000,0.000,0.000,0.000,0.149,0.000,0.000,semi-presidential,parliamentary,parliamentary,parliamentary,parliamentary,semi-presidential,semi-presidential,electoral-authoritarian,electoral-authoritarian,parliamentary,0.355,0.800,0.800,0.800,0.800,0.800,0.499,0.500,0.500,0.800,100.0,87.6,100.0,100.0,100.0,100.0,100.0,100.0,100.0,74.2
2031-02-01,1.0192,1.0308,0.9991,1.0042,0.9777,1.0046,0.9909,0.9912,1.0034,1.0011,0.9941,1.0036,1.0198,1.0311,0.9995,1.0209,0.9782,1.0049,1.0226,0.9915,1.0317,1.0013,0.9942,1.0038,3770.65,5626.74,4308.98,2756.71,2170.79,1308.80,179.12,2947.47,2032.56,577.49,1.0687,0.6160,1.0050,1.3210,0.9330,0.3671,1.3760,0.2380,0.2277,-0.4752,0.6136,0.7845,0.7112,0.7017,0.7129,0.7668,0.6156,0.6643,0.7193,0.7169,0.0010,0.0000,0.0100,0.0003,0.0015,0.0000,0.0066,0.0013,0.0011,0.0021,1.0000,1.0000,1.0000,1.0000,1.0000,1.0000,1.0000,1.0000,1.0000,1.0000,57.89,207.33,85.91,58.20,66.58,11.67,8.52,268.11,72.68,89.66,0.0000,0.0000,0.0000,0.0000,0.0000,0.0000,0.0000,0.0000,0.0000,0.0000,104304,74663,53998,54750,86225,66964,95775,572442,131417,91336,0,0,0,0,0,0,0,0,0,0,0.0000,0.0000,0.0000,0.0000,0.0000,0.0000,0.3776,0.3656,0.0000,0.0000,0,0,0,0,0,0,0,1,0,0,0,0,0,0,0,0,0,0,0,0,0.1307,0.0880,0.1347,0.0666,0.0972,0.0282,0.0855,0.1178,0.0236,0.1401,0.000,0.000,0.000,0.000,0.000,0.000,0.000,0.149,0.000,0.000,semi-presidential,parliamentary,parliamentary,parliamentary,parliamentary,semi-presidential,semi-presidential,electoral-authoritarian,electoral-authoritarian,parliamentary,0.365,0.800,0.800,0.800,0.800,0.800,0.509,0.500,0.500,0.800,100.0,90.9,100.0,100.0,100.0,100.0,100.0,100.0,100.0,77.1
2031-03-01,1.0118,1.0276,0.9986,1.0027,0.9756,1.0031,0.9914,0.9915,1.0041,1.0002,0.9939,1.0014,1.0122,1.0278,1.0079,1.0230,0.9762,1.0033,0.9966,1.0073,1.0269,1.0022,0.9939,1.0016,3782.75,5635.06,4309.90,2762.24,2173.88,1316.08,179.97,2947.47,2042.98,578.13,1.0653,0.6153,1.0048,1.3183,0.9317,0.3635,1.3750,0.2380,0.2273,-0.4896,0.6096,0.7762,0.6984,0.6865,0.7071,0.7591,0.6068,0.6643,0.7137,0.7207,0.0016,0.0003,0.0106,0.0025,0.0020,0.0000,0.0083,0.0010,0.0012,0.0020,1.0000,1.0000,1.0000,1.0000,1.0000,1.0000,1.0000,1.0000,1.0000,1.0000,58.71,208.44,86.33,58.74,67.53,11.68,8.70,272.47,73.49,89.27,0.0000,0.0000,0.0000,0.0000,0.0000,0.0000,0.0000,0.0000,0.0000,0.0000,104304,74663,53998,54750,86225,66964,95775,572442,131417,91336,0,0,0,0,0,0,0,0,0,0,0.0000,0.0000,0.0000,0.0000,0.0000,0.0000,0.3579,0.3656,0.0000,0.0000,0,0,0,0,0,0,0,1,0,0,0,0,0,0,0,0,0,0,0,0,0.1253,0.0844,0.1278,0.0627,0.0924,0.0263,0.0810,0.1183,0.0218,0.1414,0.000,0.000,0.000,0.000,0.000,0.000,0.000,0.151,0.000,0.000,semi-presidential,parliamentary,parliamentary,parliamentary,parliamentary,semi-presidential,semi-presidential,electoral-authoritarian,electoral-authoritarian,parliamentary,0.375,0.800,0.800,0.800,0.800,0.800,0.518,0.500,0.500,0.800,100.0,94.2,100.0,100.0,100.0,100.0,100.0,100.0,100.0,80.1
2031-04-01,1.0045,1.0245,0.9988,1.0025,0.9734,1.0022,0.9921,0.9923,1.0034,1.0005,0.9927,0.9997,1.0057,1.0251,1.0616,1.0189,0.9734,1.0023,0.9921,0.9923,1.0034,1.0008,0.9933,1.0002,3782.20,5653.84,4325.03,2764.24,2183.84,1324.68,180.36,2952.57,2053.48,579.08,1.0656,0.6134,1.0013,1.3175,0.9275,0.3595,1.3777,0.2401,0.2269,-0.5036,0.6069,0.7710,0.6881,0.6904,0.7124,0.7582,0.5990,0.6597,0.7151,0.7197,0.0043,0.0021,0.0126,0.0043,0.0043,0.0000,0.0034,0.0000,0.0024,0.0010,1.0000,1.0000,1.0000,1.0000,1.0000,1.0000,1.0000,1.0000,1.0000,1.0000,58.30,208.70,86.95,58.78,67.60,11.79,8.62,271.57,73.33,89.01,0.0000,0.0000,0.0000,0.0000,0.0000,0.0000,0.0000,0.0000,0.0000,0.0000,104304,74663,53998,54750,86225,66964,95775,572442,131417,91336,0,0,0,0,0,0,0,0,0,0,0.0000,0.0000,0.0000,0.0000,0.0000,0.0000,0.3382,0.3262,0.0000,0.0000,0,0,0,0,0,0,0,1,0,0,0,0,0,0,0,0,0,0,0,0,0.1211,0.0821,0.1236,0.0603,0.0889,0.0256,0.0833,0.1172,0.0206,0.1396,0.000,0.000,0.000,0.000,0.000,0.000,0.000,0.152,0.000,0.000,semi-presidential,parliamentary,parliamentary,parliamentary,parliamentary,semi-presidential,semi-presidential,electoral-authoritarian,electoral-authoritarian,parliamentary,0.384,0.800,0.800,0.800,0.800,0.800,0.528,0.500,0.500,0.800,100.0,97.5,100.0,100.0,100.0,100.0,100.0,100.0,100.0,83.0
2031-05-01,0.9979,1.0217,1.0007,1.0022,0.9725,1.0021,0.9917,0.9912,1.0037,0.9970,0.9900,0.9972,0.9979,1.0221,1.0452,1.0200,0.9727,1.0549,0.9918,0.9913,1.0531,0.9972,0.9903,0.9972,3774.20,5657.75,4324.67,2770.67,2182.91,1330.01,180.44,2957.25,2060.70,578.35,1.0680,0.6132,1.0014,1.3145,0.9279,0.3565,1.3830,0.2435,0.2269,-0.5190,0.5953,0.7582,0.6682,0.6929,0.7030,0.7569,0.6017,0.6791,0.7048,0.7148,0.0040,0.0026,0.0131,0.0053,0.0051,0.0007,0.0062,0.0019,0.0038,0.0021,1.0000,1.0000,1.0000,1.0000,1.0000,1.0000,1.0000,1.0000,1.0000,1.0000,58.54,208.94,86.40,58.75,67.95,11.61,8.65,274.99,74.08,88.30,0.0000,0.0000,0.0000,0.0000,0.0000,0.0000,0.0000,0.0000,0.0000,0.0000,104304,74663,53998,54750,86225,66964,95775,572442,131417,91336,0,0,0,0,0,0,0,0,0,0,0.0000,0.0000,0.0000,0.0000,0.0000,0.0000,0.3185,0.3135,0.0000,0.0000,0,0,0,0,0,0,0,1,0,0,0,0,0,0,0,0,0,0,0,0,0.1268,0.0840,0.1297,0.0621,0.0968,0.0247,0.0814,0.1175,0.0203,0.1393,0.000,0.000,0.000,0.000,0.000,0.000,0.000,0.154,0.000,0.000,semi-presidential,parliamentary,parliamentary,parliamentary,parliamentary,semi-presidential,semi-presidential,electoral-authoritarian,electoral-authoritarian,parliamentary,0.394,0.800,0.800,0.800,0.800,0.800,0.538,0.500,0.500,0.800,100.0,100.0,100.0,100.0,100.0,100.0,100.0,100.0,100.0,85.9
2031-06-01,0.9934,1.0202,1.0021,1.0033,0.9713,1.0035,0.9910,0.9926,1.0063,0.9928,0.9883,0.9953,0.9938,1.0204,1.1281,1.0329,0.9714,1.0587,0.9912,1.0470,1.0602,0.9934,0.9886,0.9954,3779.56,5679.00,4309.42,2774.06,2179.54,1333.46,180.33,2958.23,2071.57,580.32,1.0666,0.6110,1.0050,1.3099,0.9294,0.3541,1.3901,0.2447,0.2265,-0.5319,0.5908,0.7464,0.6506,0.6789,0.6939,0.7476,0.5864,0.6621,0.6996,0.7112,0.0122,0.0052,0.0219,0.0175,0.0124,0.0007,0.0110,0.0025,0.0074,0.0071,1.0000,1.0000,1.0000,1.0000,1.0000,1.0000,1.0000,1.0000,1.0000,1.0000,58.84,210.82,85.80,58.29,67.99,11.74,8.71,275.77,74.27,88.34,0.0000,0.0000,0.0000,0.0000,0.0000,0.0000,0.0000,0.0000,0.0000,0.0000,104304,74663,53998,54750,86225,66964,95775,572442,131417,91336,0,0,0,0,0,0,0,0,0,0,0.0000,0.0000,0.0000,0.0000,0.0000,0.0000,0.2988,0.2938,0.0000,0.0000,0,0,0,0,0,0,0,1,0,0,0,0,0,0,0,0,0,0,0,0,0.1317,0.0860,0.1351,0.0635,0.1007,0.0245,0.0820,0.1181,0.0202,0.1399,0.000,0.000,0.000,0.000,0.000,0.000,0.000,0.156,0.000,0.000,semi-presidential,parliamentary,parliamentary,parliamentary,parliamentary,semi-presidential,semi-presidential,electoral-authoritarian,electoral-authoritarian,parliamentary,0.404,0.800,0.800,0.800,0.800,0.800,0.548,0.500,0.500,0.800,100.0,100.0,100.0,100.0,100.0,100.0,100.0,100.0,100.0,88.9
2031-07-01,0.9920,1.0185,1.0043,1.0067,0.9711,1.0053,0.9914,0.9952,1.0081,0.9886,0.9871,0.9962,0.9932,1.0188,1.0810,1.0412,0.9743,1.0842,0.9914,1.0419,1.0272,0.9896,0.9873,0.9966,3780.96,5683.20,4311.52,2777.48,2193.46,1341.15,180.43,2967.23,2080.46,580.30,1.0664,0.6108,1.0046,1.3085,0.9235,0.3506,1.3958,0.2453,0.2263,-0.5466,0.5860,0.7397,0.6524,0.6757,0.7095,0.7535,0.5785,0.6650,0.7075,0.7073,0.0089,0.0042,0.0182,0.0179,0.0090,0.0010,0.0137,0.0011,0.0042,0.0060,1.0000,1.0000,1.0000,1.0000,1.0000,1.0000,1.0000,1.0000,1.0000,1.0000,60.36,214.43,87.13,60.07,70.37,12.08,8.96,285.01,76.02,88.34,0.0000,0.0000,0.0000,0.0000,0.0000,0.0000,0.0000,0.0000,0.0000,0.0000,104304,74663,53998,54750,86225,66964,95775,572442,131417,91336,0,0,0,0,0,0,0,0,0,0,0.0000,0.0000,0.0000,0.0000,0.0000,0.0000,0.2790,0.2741,0.0000,0.0000,0,0,0,0,0,0,0,1,0,0,0,0,0,0,0,0,0,0,0,0,0.1419,0.0914,0.1462,0.0687,0.1090,0.0261,0.0852,0.1225,0.0221,0.1397,0.000,0.000,0.000,0.000,0.000,0.000,0.000,0.156,0.000,0.000,semi-presidential,parliamentary,parliamentary,parliamentary,parliamentary,semi-presidential,semi-presidential,electoral-authoritarian,electoral-authoritarian,parliamentary,0.414,0.800,0.800,0.800,0.800,0.800,0.558,0.500,0.500,0.800,100.0,100.0,100.0,100.0,100.0,100.0,100.0,100.0,100.0,91.7
2031-08-01,0.9906,1.0160,1.0052,1.0098,0.9709,1.0076,0.9891,0.9946,1.0081,0.9853,0.9866,0.9971,0.9910,1.0161,1.0143,1.0356,0.9710,1.0803,0.9895,0.9948,1.0081,0.9855,0.9972,0.9973,3800.56,5697.22,4316.64,2783.29,2208.21,1347.77,180.35,2980.69,2089.62,580.24,1.0611,0.6092,1.0034,1.3060,0.9175,0.3474,1.4031,0.2455,0.2261,-0.5613,0.5939,0.7334,0.6616,0.6767,0.7185,0.7523,0.5953,0.6877,0.7108,0.7071,0.0023,0.0019,0.0104,0.0077,0.0018,0.0009,0.0071,0.0000,0.0007,0.0006,1.0000,1.0000,1.0000,1.0000,1.0000,1.0000,1.0000,1.0000,1.0000,1.0000,60.43,213.92,87.25,59.27,70.61,12.06,8.95,284.75,76.23,88.17,0.0000,0.0000,0.0000,0.0000,0.0000,0.0000,0.0000,0.0000,0.0000,0.0000,104304,74663,53998,54750,86225,66964,95775,572442,131417,91336,0,0,0,0,0,0,0,0,0,0,0.0000,0.0000,0.0000,0.0000,0.0000,0.0000,0.2593,0.2544,0.0000,0.0000,0,0,0,0,0,0,0,1,0,0,0,0,0,0,0,0,0,0,0,0,0.1430,0.0923,0.1472,0.0698,0.1100,0.0269,0.0860,0.1225,0.0232,0.1394,0.000,0.000,0.000,0.000,0.000,0.000,0.000,0.155,0.000,0.000,semi-presidential,parliamentary,parliamentary,parliamentary,parliamentary,semi-presidential,semi-presidential,electoral-authoritarian,electoral-authoritarian,parliamentary,0.424,0.800,0.800,0.800,0.800,0.800,0.568,0.500,0.500,0.800,100.0,100.0,100.0,100.0,100.0,100.0,100.0,100.0,100.0,94.6
2031-09-01,0.9885,1.0135,1.0055,1.0094,0.9675,1.0086,0.9877,0.9942,1.0068,0.9854,0.9850,0.9953,0.9889,1.0137,1.0743,1.0294,0.9678,1.0504,0.9878,0.9943,1.0070,1.0110,0.9853,0.9956,3817.61,5709.41,4329.50,2798.24,2219.41,1353.78,180.64,2988.87,2099.84,580.07,1.0565,0.6080,1.0005,1.2992,0.9130,0.3443,1.4075,0.2462,0.2258,-0.5760,0.6041,0.7342,0.6673,0.6806,0.7221,0.7431,0.6063,0.6881,0.7155,0.7082,0.0054,0.0031,0.0138,0.0083,0.0052,0.0005,0.0045,0.0001,0.0029,0.0011,1.0000,1.0000,1.0000,1.0000,1.0000,1.0000,1.0000,1.0000,1.0000,1.0000,59.73,212.76,87.54,59.77,69.71,12.01,8.78,280.76,75.63,88.03,0.0000,0.0000,0.0000,0.0000,0.0000,0.0000,0.0000,0.0000,0.0000,0.0000,104304,74663,53998,54750,86225,66964,95775,572442,131417,91336,0,0,0,0,0,0,0,0,0,0,0.0000,0.0000,0.0000,0.0000,0.0000,0.0000,0.2396,0.2347,0.0000,0.0000,0,0,0,0,0,0,0,1,0,0,0,0,0,0,0,0,0,0,0,0,0.1250,0.0831,0.1278,0.0608,0.0949,0.0236,0.0754,0.1171,0.0193,0.1389,0.000,0.000,0.000,0.000,0.000,0.000,0.000,0.157,0.000,0.000,semi-presidential,parliamentary,parliamentary,parliamentary,parliamentary,semi-presidential,semi-presidential,electoral-authoritarian,electoral-authoritarian,parliamentary,0.434,0.800,0.800,0.800,0.800,0.800,0.578,0.500,0.500,0.800,100.0,100.0,100.0,100.0,100.0,100.0,100.0,100.0,100.0,97.5
2031-10-01,0.9847,1.0134,1.0089,1.0074,0.9637,1.0088,0.9855,0.9938,1.0076,0.9878,0.9861,0.9945,0.9857,1.0272,1.1463,1.0078,0.9643,1.0158,0.9856,0.9938,1.0670,0.9947,1.1006,0.9947,3819.54,5705.10,4339.13,2805.47,2225.31,1363.94,180.81,3001.78,2106.79,579.88,1.0561,0.6085,0.9983,1.2960,0.9108,0.3392,1.4131,0.2465,0.2258,-0.5908,0.6005,0.7289,0.6749,0.6757,0.7242,0.7483,0.5862,0.6885,0.7105,0.7064,0.0148,0.0063,0.0153,0.0116,0.0148,0.0015,0.0063,0.0030,0.0090,0.0087,0.9879,0.9875,0.9939,0.9898,0.9901,0.9899,1.0000,1.0000,0.9911,1.0000,58.92,210.66,86.39,60.32,69.08,11.96,8.63,275.78,75.27,88.02,0.0000,0.0000,0.0000,0.0000,0.0000,0.0000,0.0000,0.0000,0.0000,0.0000,104304,74663,53998,54750,86225,66964,95775,572442,131417,91336,0,0,0,0,0,0,0,0,0,0,0.0000,0.0000,0.0000,0.0000,0.0000,0.0000,0.2199,0.2150,0.0000,0.0000,0,0,0,0,0,0,0,1,0,0,0,0,0,0,0,0,0,0,0,0,0.1356,0.0885,0.1413,0.0676,0.1040,0.0240,0.0769,0.1157,0.0199,0.1348,0.000,0.000,0.000,0.000,0.000,0.000,0.000,0.158,0.000,0.000,semi-presidential,parliamentary,parliamentary,parliamentary,parliamentary,semi-presidential,semi-presidential,electoral-authoritarian,electoral-authoritarian,parliamentary,0.444,0.800,0.800,0.800,0.800,0.800,0.587,0.500,0.500,0.800,100.0,100.0,100.0,100.0,100.0,100.0,100.0,100.0,100.0,100.0
2031-11-01,0.9806,1.0147,1.0099,1.0045,0.9599,1.0077,0.9864,0.9914,1.0086,0.9893,0.9886,0.9937,0.9808,1.0736,1.0101,1.0046,0.9607,1.0079,1.0448,0.9917,1.0203,0.9949,1.0169,0.9937,3827.69,5698.95,4344.39,2815.09,2232.94,1366.67,181.01,3013.50,2119.33,579.12,1.0541,0.6092,0.9969,1.2917,0.9078,0.3375,1.4183,0.2469,0.2253,-0.6207,0.5957,0.7269,0.6624,0.6641,0.7272,0.7447,0.5731,0.6627,0.7154,0.7020,0.0102,0.0067,0.0072,0.0063,0.0094,0.0051,0.0045,0.0010,0.0055,0.0040,0.9467,0.9519,0.9733,0.9561,0.9484,0.9632,0.9914,1.0000,0.9648,1.0000,59.95,211.10,86.15,61.08,70.49,11.82,8.77,283.59,77.30,87.39,0.0000,0.0000,0.0000,0.0000,0.0000,0.0000,0.0000,0.0000,0.0000,0.0000,104304,74663,53998,54750,86225,66964,95775,572442,131417,91336,0,0,0,0,0,0,0,0,0,0,0.0000,0.0000,0.0000,0.0000,0.0000,0.0000,0.2002,0.1952,0.0000,0.0000,0,0,0,0,0,0,0,1,0,0,0,0,0,0,0,0,0,0,0,0,0.1356,0.0881,0.1414,0.0672,0.1043,0.0234,0.0768,0.1162,0.0194,0.1342,0.000,0.000,0.000,0.000,0.000,0.000,0.000,0.159,0.000,0.000,semi-presidential,parliamentary,parliamentary,parliamentary,parliamentary,semi-presidential,semi-presidential,electoral-authoritarian,electoral-authoritarian,parliamentary,0.463,0.800,0.800,0.800,0.800,0.800,0.597,0.500,0.500,0.800,100.0,100.0,100.0,100.0,100.0,30.0,100.0,100.0,100.0,100.0
2031-12-01,0.9775,1.0150,1.0066,1.0012,0.9592,1.0062,0.9864,0.9914,1.0086,0.9915,0.9898,0.9943,0.9780,1.0150,1.0071,1.0161,0.9704,1.0062,0.9864,1.0384,1.0214,0.9950,1.0683,0.9945,3829.46,5712.60,4363.32,2824.65,2238.17,1371.09,181.19,3021.16,2130.37,579.72,1.0558,0.6078,0.9925,1.2876,0.9058,0.3350,1.4235,0.2477,0.2249,-0.6346,0.6001,0.7187,0.6714,0.6746,0.7344,0.7409,0.5717,0.6524,0.7145,0.6962,0.0049,0.0000,0.0158,0.0021,0.0063,0.0000,0.0053,0.0013,0.0007,0.0104,1.0000,1.0000,1.0000,1.0000,1.0000,1.0000,1.0000,1.0000,1.0000,1.0000,59.69,211.32,86.09,60.80,69.98,11.74,8.71,282.71,77.26,87.40,0.0000,0.0000,0.0000,0.0000,0.0000,0.0000,0.0000,0.0000,0.0000,0.0000,104304,74663,53998,54750,86225,66964,95775,572442,131417,91336,0,0,0,0,0,0,0,0,0,0,0.0000,0.0000,0.0000,0.0000,0.0000,0.0000,0.1805,0.1755,0.0000,0.0000,0,0,0,0,0,0,0,1,0,0,0,0,0,0,0,0,0,0,0,0,0.1390,0.0896,0.1447,0.0688,0.1065,0.0245,0.0832,0.1161,0.0202,0.1342,0.000,0.000,0.000,0.000,0.000,0.000,0.000,0.159,0.000,0.000,semi-presidential,parliamentary,parliamentary,parliamentary,parliamentary,semi-presidential,semi-presidential,electoral-authoritarian,electoral-authoritarian,parliamentary,0.467,0.800,0.800,0.800,0.800,0.800,0.607,0.500,0.500,0.800,100.0,100.0,100.0,100.0,100.0,33.1,100.0,100.0,100.0,100.0
2032-01-01,0.9744,1.0150,1.0030,0.9980,0.9613,1.0053,0.9870,0.9924,1.0076,0.9917,0.9920,0.9970,0.9744,1.0148,1.0036,0.9988,0.9819,1.0117,1.0023,0.9925,1.0076,0.9917,1.0197,0.9975,3847.56,5703.00,4380.27,2839.56,2247.36,1374.41,181.76,3027.65,2143.83,579.49,1.0512,0.6089,0.9887,1.2810,0.9023,0.3327,1.4255,0.2485,0.2243,-0.6493,0.6055,0.7351,0.6728,0.6828,0.7406,0.7375,0.5749,0.6511,0.7096,0.6908,0.0015,0.0001,0.0041,0.0039,0.0058,0.0001,0.0014,0.0002,0.0001,0.0091,1.0000,1.0000,1.0000,1.0000,1.0000,1.0000,1.0000,1.0000,1.0000,1.0000,59.92,211.58,87.07,61.28,70.39,11.89,8.74,283.20,77.42,87.36,0.0000,0.0000,0.0000,0.0000,0.0000,0.0000,0.0000,0.0000,0.0000,0.0000,104304,74663,53998,54750,86225,66964,95775,572442,131417,91336,0,0,0,0,0,0,0,0,0,0,0.0000,0.0000,0.0000,0.0000,0.0000,0.0000,0.1608,0.1558,0.0000,0.0000,0,0,0,0,0,0,0,1,0,0,0,0,0,0,0,0,0,0,0,0,0.1412,0.0918,0.1471,0.0710,0.1089,0.0262,0.0852,0.1190,0.0220,0.1340,0.000,0.000,0.000,0.000,0.000,0.000,0.000,0.158,0.000,0.000,semi-presidential,parliamentary,parliamentary,parliamentary,parliamentary,semi-presidential,semi-presidential,electoral-authoritarian,electoral-authoritarian,parliamentary,0.477,0.800,0.800,0.800,0.800,0.800,0.617,0.500,0.500,0.800,100.0,100.0,100.0,100.0,100.0,36.1,100.0,100.0,100.0,100.0
2032-02-01,0.9736,1.0156,1.0029,0.9956,0.9647,1.0030,0.9892,0.9937,1.0078,0.9926,0.9944,0.9987,0.9888,1.0219,1.1164,1.0115,0.9923,1.0032,1.0852,1.0356,1.0081,0.9942,1.0848,0.9990,3862.34,5726.63,4392.42,2840.04,2259.71,1379.32,182.33,3035.17,2157.94,581.26,1.0505,0.6065,0.9859,1.2809,0.8975,0.3300,1.4273,0.2493,0.2236,-0.6618,0.6122,0.7378,0.6924,0.6813,0.7410,0.7419,0.5777,0.6574,0.6884,0.6774,0.0170,0.0051,0.0303,0.0140,0.0205,0.0012,0.0287,0.0012,0.0058,0.0223,0.9946,0.9944,0.9973,0.9955,0.9956,0.9954,1.0000,1.0000,0.9960,1.0000,61.31,214.39,90.37,62.28,72.15,12.05,8.98,289.20,77.83,87.07,0.0000,0.0000,0.0000,0.0000,0.0000,0.0000,0.0000,0.0000,0.0000,0.0000,104304,74663,53998,54750,86225,66964,95775,572442,131417,91336,0,0,0,0,0,0,0,0,0,0,0.0000,0.0000,0.0000,0.0000,0.0000,0.0000,0.1411,0.1361,0.0000,0.0000,0,0,0,0,0,0,0,1,0,0,0,0,0,0,0,0,0,0,0,0,0.1428,0.0930,0.1482,0.0721,0.1101,0.0275,0.0863,0.1236,0.0230,0.1342,0.000,0.000,0.000,0.000,0.000,0.000,0.000,0.157,0.000,0.000,semi-presidential,parliamentary,parliamentary,parliamentary,parliamentary,semi-presidential,semi-presidential,electoral-authoritarian,electoral-authoritarian,parliamentary,0.487,0.800,0.800,0.800,0.800,0.800,0.627,0.500,0.500,0.800,100.0,100.0,100.0,100.0,100.0,39.2,100.0,100.0,100.0,100.0
2032-03-01,0.9736,1.0182,1.0043,0.9943,0.9680,0.9983,0.9911,0.9946,1.0049,0.9925,0.9963,0.9999,1.0400,1.0830,1.0282,1.0142,0.9925,0.9986,0.9911,1.0184,1.0058,1.0051,1.0120,1.0000,3870.28,5734.90,4407.44,2864.27,2267.42,1384.03,182.28,3046.70,2166.01,582.16,1.0486,0.6057,0.9826,1.2702,0.8947,0.3274,1.4338,0.2498,0.2235,-0.6752,0.6167,0.7414,0.6866,0.6806,0.7394,0.7447,0.5766,0.6616,0.6942,0.6786,0.0161,0.0122,0.0238,0.0164,0.0208,0.0090,0.0292,0.0003,0.0089,0.0111,0.9412,0.9473,0.9706,0.9517,0.9427,0.9598,0.9902,1.0000,0.9614,1.0000,60.28,213.37,90.84,62.47,71.54,12.11,8.93,286.29,77.84,86.50,0.0000,0.0000,0.0000,0.0000,0.0000,0.0000,0.0000,0.0000,0.0000,0.0000,104304,74663,53998,54750,86225,66964,95775,572442,131417,91336,0,0,0,0,0,0,0,0,0,0,0.0000,0.0000,0.0000,0.0000,0.0000,0.0000,0.1213,0.1164,0.0000,0.0000,0,0,0,0,0,0,0,1,0,0,0,0,0,0,0,0,0,0,0,0,0.1444,0.0939,0.1493,0.0731,0.1112,0.0283,0.0872,0.1245,0.0240,0.1352,0.000,0.000,0.000,0.000,0.000,0.000,0.000,0.157,0.000,0.000,semi-presidential,parliamentary,parliamentary,parliamentary,parliamentary,semi-presidential,semi-presidential,electoral-authoritarian,electoral-authoritarian,parliamentary,0.494,0.800,0.800,0.800,0.800,0.800,0.637,0.500,0.500,0.800,100.0,100.0,100.0,100.0,100.0,42.3,100.0,100.0,100.0,100.0
2032-04-01,0.9739,1.0215,1.0059,0.9945,0.9702,0.9961,0.9925,0.9957,1.0007,0.9941,0.9993,1.0007,0.9985,1.1077,1.0760,1.0142,0.9838,0.9963,1.0724,1.0502,1.0011,0.9941,1.0809,1.0009,3886.74,5738.09,4406.42,2872.68,2281.22,1389.13,182.32,3060.21,2176.76,581.80,1.0443,0.6054,0.9828,1.2666,0.8894,0.3247,1.4393,0.2501,0.2232,-0.6902,0.6145,0.7442,0.6910,0.6837,0.7326,0.7441,0.5756,0.6885,0.7030,0.6839,0.0246,0.0132,0.0327,0.0174,0.0251,0.0085,0.0325,0.0012,0.0113,0.0157,0.9229,0.9309,0.9616,0.9357,0.9241,0.9467,0.9875,1.0000,0.9469,1.0000,61.13,214.15,91.78,63.54,72.88,12.30,8.95,290.05,78.01,87.23,0.0000,0.0000,0.0000,0.0000,0.0000,0.0000,0.0000,0.0000,0.0000,0.0000,104304,74663,53998,54750,86225,66964,95775,572442,131417,91336,0,0,0,0,0,0,0,0,0,0,0.0000,0.0000,0.0000,0.0000,0.0000,0.0000,0.1016,0.0967,0.0000,0.0000,0,0,0,0,0,0,0,1,0,0,0,0,0,0,0,0,0,0,0,0,0.1455,0.0947,0.1501,0.0740,0.1121,0.0291,0.0880,0.1255,0.0247,0.1361,0.000,0.000,0.000,0.000,0.000,0.000,0.000,0.156,0.000,0.000,semi-presidential,parliamentary,parliamentary,parliamentary,parliamentary,semi-presidential,semi-presidential,electoral-authoritarian,electoral-authoritarian,parliamentary,0.504,0.800,0.800,0.800,0.800,0.800,0.647,0.500,0.500,0.800,100.0,100.0,100.0,100.0,100.0,45.4,100.0,100.0,100.0,100.0
2032-05-01,0.9761,1.0226,1.0056,0.9940,0.9712,0.9937,0.9948,0.9985,0.9979,0.9943,1.0007,1.0004,1.0528,1.0281,1.0387,1.0114,0.9850,0.9943,1.0462,1.1008,0.9983,0.9996,1.0008,1.0004,3919.72,5754.39,4434.75,2884.93,2292.93,1393.00,182.28,3067.45,2186.53,583.72,1.0352,0.6038,0.9765,1.2614,0.8851,0.3223,1.4452,0.2509,0.2230,-0.7024,0.6129,0.7366,0.6878,0.6817,0.6968,0.7399,0.5804,0.6979,0.6970,0.6777,0.0148,0.0065,0.0247,0.0097,0.0158,0.0045,0.0312,0.0010,0.0049,0.0138,0.9953,0.9952,0.9977,0.9961,0.9962,0.9961,1.0000,1.0000,0.9966,1.0000,60.72,214.47,92.73,63.43,72.45,12.55,8.91,287.57,77.74,87.19,0.0000,0.0000,0.0000,0.0000,0.0000,0.0000,0.0000,0.0000,0.0000,0.0000,104304,74663,53998,54750,86225,66964,95775,572442,131417,91336,0,0,0,0,0,0,0,0,0,0,0.0000,0.0000,0.0000,0.0000,0.0000,0.0000,0.0819,0.0770,0.0000,0.0000,0,0,0,0,0,0,0,1,0,0,0,0,0,0,0,0,0,0,0,0,0.1430,0.0935,0.1472,0.0726,0.1101,0.0290,0.0874,0.1255,0.0244,0.1371,0.000,0.000,0.000,0.000,0.000,0.000,0.000,0.157,0.000,0.000,semi-presidential,parliamentary,parliamentary,parliamentary,parliamentary,semi-presidential,semi-presidential,electoral-authoritarian,electoral-authoritarian,parliamentary,0.523,0.800,0.800,0.800,0.800,0.800,0.656,0.500,0.500,0.800,30.0,100.0,100.0,100.0,100.0,48.5,100.0,100.0,100.0,100.0
2032-06-01,0.9777,1.0228,1.0053,0.9933,0.9715,0.9942,0.9941,1.0020,0.9976,0.9961,0.9999,1.0005,0.9943,1.0297,1.0057,1.0093,0.9735,1.0492,0.9942,1.0806,1.0210,1.0088,1.0001,1.0005,3937.87,5774.62,4460.31,2893.03,2315.45,1398.27,183.22,3078.96,2194.22,584.40,1.0304,0.6017,0.9709,1.2579,0.8767,0.3196,1.4480,0.2514,0.2230,-0.7161,0.6168,0.7331,0.6974,0.6895,0.7098,0.7430,0.5925,0.7153,0.6882,0.6800,0.0065,0.0028,0.0169,0.0030,0.0059,0.0021,0.0254,0.0015,0.0024,0.0065,0.9939,0.9937,0.9970,0.9949,0.9951,0.9949,1.0000,1.0000,0.9956,1.0000,61.92,218.08,94.56,65.28,74.79,13.01,9.01,294.52,78.86,88.48,0.0000,0.0000,0.0000,0.0000,0.0000,0.0000,0.0000,0.0000,0.0000,0.0000,104304,74663,53998,54750,86225,66964,95775,572442,131417,91336,0,0,0,0,0,0,0,0,0,0,0.0000,0.0000,0.0000,0.0000,0.0000,0.0000,0.0425,0.0573,0.0000,0.0000,0,0,0,0,0,0,0,1,0,0,0,0,0,0,0,0,0,0,0,0,0.1443,0.0952,0.1539,0.0744,0.1117,0.0296,0.0876,0.1255,0.0247,0.1362,0.000,0.000,0.000,0.000,0.000,0.000,0.000,0.159,0.000,0.000,semi-presidential,parliamentary,parliamentary,parliamentary,parliamentary,semi-presidential,semi-presidential,electoral-authoritarian,electoral-authoritarian,parliamentary,0.533,0.800,0.800,0.800,0.800,0.800,0.676,0.500,0.500,0.800,32.9,100.0,100.0,100.0,100.0,51.6,100.0,100.0,100.0,100.0
2032-07-01,0.9782,1.0247,1.0048,0.9913,0.9704,0.9958,0.9950,1.0035,0.9987,0.9990,0.9993,1.0000,1.0275,1.0575,1.0052,0.9919,0.9706,1.0676,1.0107,1.0036,1.0305,0.9994,0.9994,1.0000,3952.94,5777.65,4457.96,2902.66,2321.73,1404.38,183.82,3092.72,2208.40,584.55,1.0265,0.6015,0.9715,1.2536,0.8746,0.3166,1.4479,0.2516,0.2224,-0.7305,0.6199,0.7316,0.7023,0.6867,0.7233,0.7446,0.5999,0.7097,0.6958,0.6909,0.0091,0.0083,0.0062,0.0075,0.0091,0.0063,0.0235,0.0013,0.0062,0.0016,0.9709,0.9728,0.9855,0.9760,0.9730,0.9789,0.9967,1.0000,0.9803,1.0000,61.80,217.69,93.54,65.43,74.95,13.20,9.03,293.72,79.36,88.41,0.0000,0.0000,0.0000,0.0000,0.0000,0.0000,0.0000,0.0000,0.0000,0.0000,104304,74663,53998,54750,86225,66964,95775,572442,131417,91336,0,0,0,0,0,0,0,0,0,0,0.0000,0.0000,0.0000,0.0000,0.0000,0.0000,0.0228,0.0375,0.0000,0.0000,0,0,0,0,0,0,0,1,0,0,0,0,0,0,0,0,0,0,0,0,0.1365,0.0915,0.1462,0.0705,0.1056,0.0282,0.0842,0.1249,0.0228,0.1349,0.000,0.000,0.000,0.000,0.000,0.000,0.000,0.160,0.000,0.000,semi-presidential,parliamentary,parliamentary,parliamentary,parliamentary,semi-presidential,semi-presidential,electoral-authoritarian,electoral-authoritarian,parliamentary,0.543,0.800,0.800,0.800,0.800,0.800,0.686,0.500,0.500,0.800,35.8,100.0,100.0,100.0,100.0,54.7,100.0,100.0,100.0,100.0
2032-08-01,0.9793,1.0235,1.0066,0.9881,0.9714,0.9994,0.9941,1.0029,0.9984,1.0029,0.9998,0.9998,1.0326,1.0237,1.1368,1.0049,0.9802,1.1624,1.0075,1.0349,0.9984,1.0107,1.0366,1.0001,3963.25,5783.57,4469.53,2915.33,2335.81,1409.35,183.55,3102.23,2221.74,584.70,1.0240,0.6009,0.9689,1.2482,0.8693,0.3139,1.4543,0.2522,0.2218,-0.7449,0.6196,0.7316,0.7002,0.6768,0.7226,0.7481,0.6014,0.7341,0.6992,0.6919,0.0185,0.0108,0.0282,0.0161,0.0184,0.0047,0.0262,0.0004,0.0081,0.0089,1.0000,1.0000,1.0000,1.0000,1.0000,1.0000,1.0000,1.0000,1.0000,1.0000,61.86,217.40,94.88,65.03,74.62,13.73,8.98,291.72,78.47,88.23,0.0000,0.0000,0.0000,0.0000,0.0000,0.0000,0.0000,0.0000,0.0000,0.0000,104304,74663,53998,54750,86225,66964,95775,572442,131417,91336,0,0,0,0,0,0,0,0,0,0,0.0000,0.0000,0.0000,0.0000,0.0000,0.0000,0.0031,0.0178,0.0000,0.0000,0,0,0,0,0,0,0,1,0,0,0,0,0,0,0,0,0,0,0,0,0.1442,0.0947,0.1534,0.0737,0.1114,0.0297,0.0876,0.1255,0.0240,0.1369,0.000,0.000,0.000,0.000,0.000,0.000,0.000,0.160,0.000,0.000,semi-presidential,parliamentary,parliamentary,parliamentary,parliamentary,semi-presidential,semi-presidential,electoral-authoritarian,electoral-authoritarian,parliamentary,0.553,0.800,0.800,0.800,0.800,0.800,0.696,0.500,0.500,0.800,38.6,100.0,100.0,100.0,100.0,57.9,100.0,100.0,100.0,100.0
2032-09-01,0.9809,1.0193,1.0087,0.9874,0.9738,1.0052,0.9952,1.0032,0.9990,1.0077,1.0019,1.0006,1.0570,1.0204,1.0509,1.0074,0.9989,1.1098,1.0536,1.0418,0.9991,1.0167,1.0497,1.0005,3993.05,5798.91,4490.98,2920.05,2343.80,1417.35,184.02,3112.89,2233.63,584.88,1.0165,0.5992,0.9643,1.2464,0.8662,0.3105,1.4546,0.2527,0.2214,-0.7592,0.6280,0.7291,0.7034,0.6762,0.7197,0.7488,0.6040,0.7397,0.7077,0.7000,0.0151,0.0083,0.0266,0.0149,0.0184,0.0052,0.0306,0.0007,0.0053,0.0164,1.0000,1.0000,1.0000,1.0000,1.0000,1.0000,1.0000,1.0000,1.0000,1.0000,61.36,217.36,94.56,63.53,73.77,13.86,8.95,288.13,78.19,87.75,0.0000,0.0000,0.0000,0.0000,0.0000,0.0000,0.0000,0.0000,0.0000,0.0000,104304,74663,53998,54750,86225,66964,95775,572442,131417,91336,0,0,0,0,0,0,0,0,0,0,0.0000,0.0000,0.0000,0.0000,0.0000,0.0000,0.0000,0.0000,0.0000,0.0000,0,0,0,0,0,0,0,1,0,0,0,0,0,0,0,0,0,0,0,0,0.1488,0.0954,0.1537,0.0740,0.1118,0.0303,0.0880,0.1255,0.0249,0.1379,0.000,0.000,0.000,0.000,0.000,0.000,0.000,0.160,0.000,0.000,semi-presidential,parliamentary,parliamentary,parliamentary,parliamentary,semi-presidential,semi-presidential,electoral-authoritarian,electoral-authoritarian,parliamentary,0.562,0.800,0.800,0.800,0.800,0.800,0.706,0.500,0.500,0.800,41.5,100.0,100.0,100.0,100.0,61.0,100.0,100.0,100.0,100.0
2032-10-01,0.9806,1.0168,1.0071,0.9880,0.9765,1.0096,0.9968,1.0050,0.9983,1.0116,1.0034,1.0016,0.9806,1.0169,1.0077,1.0153,0.9966,1.1779,1.0356,1.0524,1.0268,1.0198,1.0457,1.0021,4004.70,5795.64,4515.15,2928.06,2354.54,1419.88,184.83,3123.69,2245.40,585.79,1.0137,0.5995,0.9593,1.2432,0.8622,0.3083,1.4518,0.2532,0.2211,-0.7691,0.6371,0.7264,0.7058,0.6746,0.7197,0.7505,0.6066,0.7436,0.7103,0.6973,0.0078,0.0036,0.0213,0.0129,0.0106,0.0021,0.0112,0.0017,0.0021,0.0146,1.0000,1.0000,1.0000,1.0000,1.0000,1.0000,1.0000,1.0000,1.0000,1.0000,62.59,219.37,94.67,62.87,74.43,14.21,8.95,293.30,79.27,89.11,0.0000,0.0000,0.0000,0.0000,0.0000,0.0000,0.0000,0.0000,0.0000,0.0000,104304,74663,53998,54750,86225,66964,95775,572442,131417,91336,0,0,0,0,0,0,0,0,0,0,0.0000,0.0000,0.0000,0.0000,0.0000,0.0000,0.0000,0.0000,0.0000,0.0000,0,0,0,0,0,0,0,1,0,0,0,0,0,0,0,0,0,0,0,0,0.1506,0.0964,0.1552,0.0738,0.1132,0.0311,0.0888,0.1246,0.0259,0.1388,0.000,0.000,0.000,0.000,0.000,0.000,0.000,0.160,0.000,0.000,semi-presidential,parliamentary,parliamentary,parliamentary,parliamentary,semi-presidential,semi-presidential,electoral-authoritarian,electoral-authoritarian,parliamentary,0.572,0.800,0.800,0.800,0.800,0.800,0.716,0.500,0.500,0.800,44.5,100.0,100.0,100.0,100.0,64.1,100.0,100.0,100.0,100.0
2032-11-01,0.9782,1.0148,1.0048,0.9897,0.9793,1.0139,0.9972,1.0077,0.9988,1.0130,1.0032,1.0040,0.9786,1.0152,1.0052,1.0157,0.9974,1.1537,0.9972,1.0730,0.9988,1.0168,1.0034,1.0043,4021.20,5817.01,4538.13,2931.43,2362.15,1427.32,185.23,3129.53,2262.77,586.68,1.0096,0.5973,0.9545,1.2418,0.8595,0.3051,1.4520,0.2541,0.2202,-0.7824,0.6468,0.7378,0.7074,0.6732,0.7339,0.7501,0.6222,0.7379,0.7218,0.6925,0.0057,0.0029,0.0179,0.0108,0.0079,0.0018,0.0080,0.0004,0.0008,0.0106,1.0000,1.0000,1.0000,1.0000,1.0000,1.0000,1.0000,1.0000,1.0000,1.0000,62.23,220.60,96.30,62.79,74.17,14.61,8.98,290.71,78.98,89.31,0.0000,0.0000,0.0000,0.0000,0.0000,0.0000,0.0000,0.0000,0.0000,0.0000,104304,74663,53998,54750,86225,66964,95775,572442,131417,91336,0,0,0,0,0,0,0,0,0,0,0.0000,0.0000,0.0000,0.0000,0.0000,0.0000,0.0000,0.0000,0.0000,0.0000,0,0,0,0,0,0,0,1,0,0,0,0,0,0,0,0,0,0,0,0,0.1520,0.0983,0.1563,0.0756,0.1150,0.0328,0.0908,0.1255,0.0273,0.1386,0.000,0.000,0.000,0.000,0.000,0.000,0.000,0.158,0.000,0.000,semi-presidential,parliamentary,parliamentary,parliamentary,parliamentary,semi-presidential,semi-presidential,electoral-authoritarian,electoral-authoritarian,parliamentary,0.582,0.800,0.800,0.800,0.800,0.800,0.725,0.500,0.500,0.800,47.5,100.0,100.0,100.0,100.0,67.3,100.0,100.0,100.0,100.0
2032-12-01,0.9733,1.0120,1.0049,0.9898,0.9828,1.0177,0.9946,1.0090,0.9983,1.0140,1.0007,1.0033,0.9742,1.0128,1.0053,1.0134,1.0162,1.0998,0.9949,1.0857,0.9984,1.0200,1.0009,1.0038,4019.08,5826.36,4528.68,2938.46,2366.00,1432.64,185.55,3132.61,2271.48,587.15,1.0103,0.5965,0.9566,1.2391,0.8581,0.3024,1.4522,0.2552,0.2201,-0.7963,0.6416,0.7414,0.6966,0.6807,0.7254,0.7515,0.6347,0.7376,0.7226,0.6923,0.0051,0.0017,0.0193,0.0112,0.0109,0.0010,0.0081,0.0005,0.0005,0.0173,1.0000,1.0000,1.0000,1.0000,1.0000,1.0000,1.0000,1.0000,1.0000,1.0000,61.03,219.68,97.09,62.84,72.90,14.74,8.76,283.62,77.94,89.24,0.0000,0.0000,0.0000,0.0000,0.0000,0.0000,0.0000,0.0000,0.0000,0.0000,104304,74663,53998,54750,86225,66964,95775,572442,131417,91336,0,0,0,0,0,0,0,0,0,0,0.0000,0.0000,0.0000,0.0000,0.0000,0.0000,0.0000,0.0000,0.0000,0.0000,0,0,0,0,0,0,0,1,0,0,0,0,0,0,0,0,0,0,0,0,0.1314,0.0882,0.1343,0.0654,0.0982,0.0301,0.0876,0.1203,0.0238,0.1381,0.000,0.000,0.000,0.000,0.000,0.000,0.000,0.158,0.000,0.000,semi-presidential,parliamentary,parliamentary,parliamentary,parliamentary,semi-presidential,semi-presidential,electoral-authoritarian,electoral-authoritarian,parliamentary,0.592,0.800,0.800,0.800,0.800,0.800,0.735,0.500,0.500,0.800,50.4,100.0,100.0,100.0,100.0,70.4,100.0,100.0,100.0,100.0
2033-01-01,0.9716,1.0100,1.0050,0.9913,0.9861,1.0214,0.9921,1.0080,0.9977,1.0162,0.9956,1.0006,0.9717,1.0250,1.1062,1.0212,1.0034,1.0832,0.9926,1.0084,0.9981,1.0165,0.9963,1.0009,4014.12,5822.27,4525.38,2941.92,2363.11,1436.69,185.66,3141.93,2276.93,587.92,1.0117,0.5969,0.9574,1.2379,0.8592,0.2995,1.4541,0.2559,0.2204,-0.8097,0.6335,0.7406,0.6730,0.6890,0.7147,0.7535,0.6369,0.7178,0.7136,0.7006,0.0098,0.0064,0.0201,0.0195,0.0131,0.0023,0.0058,0.0000,0.0056,0.0072,0.9869,0.9867,0.9934,0.9891,0.9889,0.9894,0.9992,1.0000,0.9906,1.0000,63.08,220.91,97.79,65.43,75.89,14.55,9.17,296.37,79.73,89.01,0.0000,0.0000,0.0000,0.0000,0.0000,0.0000,0.0000,0.0000,0.0000,0.0000,104304,74663,53998,54750,86225,66964,95775,572442,131417,91336,0,0,0,0,0,0,0,0,0,0,0.0000,0.0000,0.0000,0.0000,0.0000,0.0000,0.0000,0.0000,0.0000,0.0000,0,0,0,0,0,0,0,1,0,0,0,0,0,0,0,0,0,0,0,0,0.1242,0.0838,0.1301,0.0612,0.0975,0.0279,0.0855,0.1228,0.0210,0.1377,0.000,0.000,0.000,0.000,0.000,0.000,0.000,0.161,0.000,0.000,semi-presidential,parliamentary,parliamentary,parliamentary,parliamentary,semi-presidential,semi-presidential,electoral-authoritarian,electoral-authoritarian,parliamentary,0.602,0.800,0.800,0.800,0.800,0.800,0.745,0.500,0.500,0.800,53.3,100.0,100.0,100.0,100.0,74.4,100.0,100.0,100.0,100.0
2033-02-01,0.9724,1.0114,1.0066,0.9919,0.9883,1.0227,0.9886,1.0056,0.9961,1.0172,0.9923,0.9977,1.0306,1.0387,1.0922,1.0095,0.9995,1.0640,0.9889,1.0057,0.9961,1.0174,0.9930,0.9982,4026.02,5842.26,4533.24,2943.73,2373.62,1443.02,185.82,3153.05,2282.70,588.55,1.0088,0.5950,0.9559,1.2373,0.8554,0.2967,1.4553,0.2564,0.2206,-0.8233,0.6237,0.7285,0.6590,0.6755,0.7037,0.7463,0.6182,0.7169,0.7215,0.6963,0.0140,0.0104,0.0213,0.0144,0.0160,0.0059,0.0244,0.0000,0.0081,0.0044,0.9754,0.9769,0.9877,0.9798,0.9774,0.9821,0.9968,1.0000,0.9833,1.0000,62.39,219.07,97.01,65.71,75.38,14.14,9.19,295.05,79.80,88.05,0.0000,0.0000,0.0000,0.0000,0.0000,0.0000,0.0000,0.0000,0.0000,0.0000,104304,74663,53998,54750,86225,66964,95775,572442,131417,91336,0,0,0,0,0,0,0,0,0,0,0.0000,0.0000,0.0000,0.0000,0.0000,0.0000,0.0000,0.0000,0.0000,0.0000,0,0,0,0,0,0,0,1,0,0,0,0,0,0,0,0,0,0,0,0,0.1251,0.0831,0.1315,0.0665,0.0978,0.0266,0.0848,0.1220,0.0199,0.1361,0.000,0.000,0.000,0.000,0.000,0.000,0.000,0.163,0.000,0.000,semi-presidential,parliamentary,parliamentary,parliamentary,parliamentary,semi-presidential,semi-presidential,electoral-authoritarian,electoral-authoritarian,parliamentary,0.612,0.800,0.800,0.800,0.800,0.800,0.755,0.500,0.500,0.800,56.2,100.0,100.0,100.0,100.0,77.5,100.0,100.0,100.0,100.0
2033-03-01,0.9752,1.0115,1.0073,0.9918,0.9884,1.0227,0.9853,1.0033,0.9951,1.0165,0.9930,0.9964,1.0653,1.0117,1.0075,1.0147,0.9910,1.0230,0.9855,1.0034,0.9951,1.0166,1.0848,0.9968,4022.82,5850.90,4527.66,2944.88,2380.66,1448.83,186.19,3166.17,2292.19,590.11,1.0097,0.5942,0.9572,1.2370,0.8529,0.2939,1.4549,0.2568,0.2205,-0.8355,0.6231,0.7106,0.6614,0.6599,0.7124,0.7468,0.6216,0.7111,0.7206,0.6999,0.0092,0.0057,0.0166,0.0086,0.0087,0.0047,0.0294,0.0004,0.0036,0.0047,1.0000,1.0000,1.0000,1.0000,1.0000,1.0000,1.0000,1.0000,1.0000,1.0000,61.76,217.93,94.43,63.80,74.37,13.87,9.08,294.31,80.24,87.51,0.0000,0.0000,0.0000,0.0000,0.0000,0.0000,0.0000,0.0000,0.0000,0.0000,104304,74663,53998,54750,86225,66964,95775,572442,131417,91336,0,0,0,0,0,0,0,0,0,0,0.0000,0.0000,0.0000,0.0000,0.0000,0.0000,0.0000,0.0000,0.0000,0.0000,0,0,0,0,0,0,0,1,0,0,0,0,0,0,0,0,0,0,0,0,0.1356,0.0875,0.1434,0.0709,0.1066,0.0317,0.0858,0.1235,0.0214,0.1380,0.000,0.000,0.000,0.000,0.000,0.000,0.000,0.164,0.000,0.000,semi-presidential,parliamentary,parliamentary,parliamentary,parliamentary,semi-presidential,semi-presidential,electoral-authoritarian,electoral-authoritarian,parliamentary,0.622,0.800,0.800,0.800,0.800,0.800,0.765,0.500,0.500,0.800,59.0,100.0,100.0,100.0,100.0,80.6,100.0,100.0,100.0,100.0
2033-04-01,0.9770,1.0083,1.0078,0.9913,0.9898,1.0210,0.9821,1.0009,0.9924,1.0154,0.9942,0.9948,1.0339,1.0084,1.0618,1.0148,1.0048,1.0212,0.9825,1.0011,0.9928,1.0154,0.9942,0.9949,4024.59,5856.64,4535.87,2947.95,2390.73,1455.46,186.18,3177.91,2296.65,589.88,1.0094,0.5936,0.9556,1.2360,0.8493,0.2961,1.4573,0.2572,0.2209,-0.8504,0.6272,0.7123,0.6676,0.6581,0.7078,0.7543,0.6197,0.7088,0.6842,0.7072,0.0076,0.0052,0.0166,0.0131,0.0110,0.0028,0.0256,0.0000,0.0042,0.0056,1.0000,1.0000,1.0000,1.0000,1.0000,1.0000,1.0000,1.0000,1.0000,1.0000,61.84,216.88,93.12,63.00,74.48,13.60,9.08,294.04,79.53,87.65,0.0000,0.0000,0.0000,0.0000,0.0000,0.0000,0.0000,0.0000,0.0000,0.0000,104304,74663,53998,54750,86225,66964,95775,572442,131417,91336,0,0,0,0,0,0,0,0,0,0,0.0000,0.0000,0.0000,0.0000,0.0000,0.0000,0.0000,0.0000,0.0000,0.0000,0,0,0,0,0,0,0,1,0,0,0,0,0,0,0,0,0,0,0,0,0.1298,0.0838,0.1369,0.0670,0.1017,0.0296,0.0841,0.1212,0.0195,0.1380,0.000,0.000,0.000,0.000,0.000,0.000,0.000,0.167,0.000,0.000,semi-presidential,parliamentary,parliamentary,parliamentary,parliamentary,semi-presidential,semi-presidential,electoral-authoritarian,electoral-authoritarian,parliamentary,0.631,0.800,0.800,0.800,0.800,0.800,0.775,0.500,0.500,0.800,61.8,30.0,100.0,100.0,100.0,83.7,100.0,100.0,100.0,100.0
2033-05-01,0.9790,1.0058,1.0065,0.9894,0.9925,1.0192,0.9807,0.9972,0.9903,1.0140,0.9931,0.9929,1.0607,1.0058,1.0069,1.0053,1.0083,1.0192,0.9829,0.9979,0.9905,1.0143,0.9932,0.9931,4015.65,5873.96,4534.32,2952.12,2401.70,1462.18,186.25,3191.23,2305.63,588.80,1.0118,0.5922,0.9560,1.2345,0.8455,0.2932,1.4589,0.2576,0.2208,-0.8664,0.6231,0.7152,0.6582,0.6669,0.7090,0.7470,0.6169,0.6992,0.6792,0.7023,0.0057,0.0051,0.0143,0.0071,0.0092,0.0042,0.0223,0.0000,0.0031,0.0051,1.0000,1.0000,1.0000,1.0000,1.0000,1.0000,1.0000,1.0000,1.0000,1.0000,61.29,216.49,92.83,64.41,74.83,13.13,8.98,296.35,80.77,86.94,0.0000,0.0000,0.0000,0.0000,0.0000,0.0000,0.0000,0.0000,0.0000,0.0000,104304,74663,53998,54750,86225,66964,95775,572442,131417,91336,0,0,0,0,0,0,0,0,0,0,0.0000,0.0000,0.0000,0.0000,0.0000,0.0000,0.0000,0.0000,0.0000,0.0000,0,0,0,0,0,0,0,1,0,0,0,0,0,0,0,0,0,0,0,0,0.1318,0.0825,0.1364,0.0669,0.1003,0.0281,0.0833,0.1189,0.0180,0.1343,0.000,0.000,0.000,0.000,0.000,0.000,0.000,0.168,0.000,0.000,semi-presidential,parliamentary,parliamentary,parliamentary,parliamentary,semi-presidential,semi-presidential,electoral-authoritarian,electoral-authoritarian,parliamentary,0.641,0.800,0.800,0.800,0.800,0.800,0.785,0.500,0.500,0.800,64.6,32.8,100.0,100.0,100.0,86.8,100.0,100.0,100.0,95.0
2033-06-01,0.9787,1.0046,1.0019,0.9879,0.9937,1.0178,0.9807,0.9936,0.9904,1.0125,0.9918,0.9923,0.9788,1.0052,1.0026,1.0042,0.9937,1.0179,0.9829,0.9939,0.9904,1.0125,0.9919,0.9924,4025.55,5865.56,4544.73,2957.99,2408.56,1477.81,186.22,3197.61,2317.01,588.79,1.0095,0.5933,0.9539,1.2323,0.8431,0.2886,1.4611,0.2584,0.2212,-0.8746,0.6329,0.7150,0.6690,0.6731,0.7097,0.7590,0.6307,0.6866,0.7185,0.6910,0.0001,0.0000,0.0094,0.0000,0.0000,0.0000,0.0007,0.0000,0.0000,0.0001,1.0000,1.0000,1.0000,1.0000,1.0000,1.0000,1.0000,1.0000,1.0000,1.0000,62.11,215.70,91.32,64.19,75.19,12.98,8.94,299.04,81.29,88.20,0.0000,0.0000,0.0000,0.0000,0.0000,0.0000,0.0000,0.0000,0.0000,0.0000,104304,74663,53998,54750,86225,66964,95775,572442,131417,91336,0,0,0,0,0,0,0,0,0,0,0.0000,0.0000,0.0000,0.0000,0.0000,0.0000,0.0000,0.0000,0.0000,0.0000,0,0,0,0,0,0,0,1,0,0,0,0,0,0,0,0,0,0,0,0,0.1456,0.0879,0.1507,0.0733,0.1113,0.0292,0.0849,0.1168,0.0197,0.1355,0.000,0.000,0.000,0.000,0.000,0.000,0.000,0.169,0.000,0.000,semi-presidential,parliamentary,parliamentary,parliamentary,parliamentary,semi-presidential,semi-presidential,electoral-authoritarian,electoral-authoritarian,parliamentary,0.651,0.800,0.800,0.800,0.800,0.800,0.794,0.500,0.500,0.800,67.5,35.6,100.0,100.0,100.0,90.0,100.0,100.0,100.0,96.6
2033-07-01,0.9815,1.0006,0.9976,0.9857,0.9939,1.0162,0.9819,0.9915,0.9914,1.0099,0.9899,0.9921,1.1047,1.0007,0.9987,1.0029,0.9939,1.0163,1.0406,0.9916,1.0382,1.0101,0.9900,0.9921,4035.04,5877.87,4554.19,2972.00,2426.09,1483.96,185.82,3207.62,2324.80,589.45,1.0072,0.5926,0.9521,1.2267,0.8371,0.2859,1.4661,0.2591,0.2213,-0.8881,0.6392,0.7002,0.6827,0.6868,0.7129,0.7533,0.6282,0.7033,0.7053,0.6983,0.0102,0.0077,0.0173,0.0073,0.0109,0.0067,0.0284,0.0021,0.0072,0.0038,1.0000,1.0000,1.0000,1.0000,1.0000,1.0000,1.0000,1.0000,1.0000,1.0000,60.23,212.74,89.46,62.50,73.61,12.58,8.86,291.73,80.17,85.88,0.0000,0.0000,0.0000,0.0000,0.0000,0.0000,0.0000,0.0000,0.0000,0.0000,104304,74663,53998,54750,86225,66964,95775,572442,131417,91336,0,0,0,0,0,0,0,0,0,0,0.0000,0.0000,0.0000,0.0000,0.0000,0.0000,0.0000,0.0000,0.0000,0.0000,0,0,0,0,0,0,0,1,0,0,0,0,0,0,0,0,0,0,0,0,0.1467,0.0879,0.1517,0.0733,0.1117,0.0289,0.0850,0.1181,0.0196,0.1355,0.000,0.000,0.000,0.000,0.000,0.000,0.000,0.170,0.000,0.000,semi-presidential,parliamentary,parliamentary,parliamentary,parliamentary,semi-presidential,semi-presidential,electoral-authoritarian,electoral-authoritarian,parliamentary,0.661,0.834,0.800,0.800,0.800,0.800,0.800,0.500,0.500,0.800,70.4,30.1,100.0,100.0,100.0,93.2,100.0,100.0,100.0,99.4
2033-08-01,0.9841,0.9964,0.9935,0.9841,0.9936,1.0153,0.9848,0.9897,0.9919,1.0079,0.9894,0.9913,1.0873,0.9969,0.9941,1.0062,1.0028,1.0154,1.0532,0.9904,1.0542,1.0081,1.0362,0.9914,4043.45,5882.24,4549.36,2994.07,2434.63,1491.08,186.33,3209.39,2334.72,589.42,1.0050,0.5924,0.9532,1.2178,0.8342,0.2830,1.4637,0.2603,0.2211,-0.9027,0.6353,0.7106,0.6790,0.6885,0.7077,0.7514,0.6275,0.6934,0.6816,0.7031,0.0107,0.0065,0.0201,0.0103,0.0134,0.0054,0.0329,0.0030,0.0065,0.0092,1.0000,1.0000,1.0000,1.0000,1.0000,1.0000,1.0000,1.0000,1.0000,1.0000,60.72,213.08,88.98,62.76,74.07,12.51,8.91,294.35,80.71,86.07,0.0000,0.0000,0.0000,0.0000,0.0000,0.0000,0.0000,0.0000,0.0000,0.0000,104304,74663,53998,54750,86225,66964,95775,572442,131417,91336,0,0,0,0,0,0,0,0,0,0,0.0000,0.0000,0.0000,0.0000,0.0000,0.0000,0.0000,0.0000,0.0000,0.0000,0,0,0,0,0,0,0,1,0,0,0,0,0,0,0,0,0,0,0,0,0.1367,0.0831,0.1404,0.0674,0.1036,0.0273,0.0834,0.1182,0.0183,0.1370,0.000,0.000,0.000,0.000,0.000,0.000,0.000,0.171,0.000,0.000,semi-presidential,parliamentary,parliamentary,parliamentary,parliamentary,semi-presidential,semi-presidential,electoral-authoritarian,electoral-authoritarian,parliamentary,0.671,0.824,0.800,0.800,0.800,0.800,0.800,0.500,0.500,0.800,73.2,32.8,100.0,100.0,100.0,96.3,100.0,100.0,100.0,100.0
2033-09-01,0.9851,0.9916,0.9883,0.9842,0.9947,1.0131,0.9876,0.9884,0.9936,1.0065,0.9892,0.9902,1.0257,0.9928,0.9896,1.0075,1.0039,1.0135,1.0273,0.9884,1.0212,1.0071,0.9892,0.9903,4049.55,5877.38,4545.53,3002.77,2437.57,1499.86,186.16,3212.16,2340.27,590.21,1.0034,0.5932,0.9541,1.2139,0.8332,0.2798,1.4666,0.2615,0.2213,-0.9294,0.6355,0.7122,0.6784,0.6864,0.7093,0.7441,0.6225,0.7005,0.6949,0.7093,0.0038,0.0023,0.0140,0.0071,0.0063,0.0019,0.0272,0.0013,0.0025,0.0050,1.0000,1.0000,1.0000,1.0000,1.0000,1.0000,1.0000,1.0000,1.0000,1.0000,61.92,213.83,87.49,61.82,74.66,12.55,8.93,298.61,81.57,86.85,0.0000,0.0000,0.0000,0.0000,0.0000,0.0000,0.0000,0.0000,0.0000,0.0000,104304,74663,53998,54750,86225,66964,95775,572442,131417,91336,0,0,0,0,0,0,0,0,0,0,0.0000,0.0000,0.0000,0.0000,0.0000,0.0000,0.0000,0.0000,0.0000,0.0000,0,0,0,0,0,0,0,1,0,0,0,0,0,0,0,0,0,0,0,0,0.1326,0.0810,0.1359,0.0643,0.1003,0.0265,0.0824,0.1158,0.0174,0.1372,0.000,0.000,0.000,0.000,0.000,0.000,0.000,0.173,0.000,0.000,semi-presidential,parliamentary,parliamentary,parliamentary,parliamentary,semi-presidential,semi-presidential,electoral-authoritarian,electoral-authoritarian,parliamentary,0.681,0.814,0.800,0.800,0.800,0.800,0.800,0.500,0.500,0.800,76.0,35.5,100.0,100.0,100.0,99.4,100.0,100.0,100.0,100.0
2033-10-01,0.9865,0.9875,0.9837,0.9851,0.9946,1.0106,0.9882,0.9895,0.9951,1.0072,0.9890,0.9913,1.0156,0.9878,0.9842,1.0087,0.9947,1.0111,1.0219,1.0267,1.0431,1.0083,1.0047,0.9916,4064.59,5891.16,4557.37,3018.33,2442.26,1504.78,186.71,3212.28,2354.24,590.78,0.9998,0.5921,0.9515,1.2074,0.8317,0.2774,1.4636,0.2629,0.2208,-0.9386,0.6398,0.7086,0.6808,0.6852,0.7235,0.7442,0.6141,0.6923,0.7000,0.7036,0.0052,0.0016,0.0155,0.0054,0.0054,0.0013,0.0301,0.0024,0.0029,0.0061,1.0000,1.0000,1.0000,1.0000,1.0000,1.0000,1.0000,1.0000,1.0000,1.0000,62.55,215.41,88.26,62.37,75.35,12.70,9.00,301.57,82.49,87.14,0.0000,0.0000,0.0000,0.0000,0.0000,0.0000,0.0000,0.0000,0.0000,0.0000,104304,74663,53998,54750,86225,66964,95775,572442,131417,91336,0,0,0,0,0,0,0,0,0,0,0.0000,0.0000,0.0000,0.0000,0.0000,0.0000,0.0000,0.0000,0.0000,0.0000,0,0,0,0,0,0,0,1,0,0,0,0,0,0,0,0,0,0,0,0,0.1468,0.0877,0.1512,0.0714,0.1117,0.0287,0.0840,0.1186,0.0196,0.1371,0.000,0.000,0.000,0.000,0.000,0.000,0.000,0.173,0.000,0.000,semi-presidential,parliamentary,parliamentary,parliamentary,parliamentary,semi-presidential,semi-presidential,electoral-authoritarian,electoral-authoritarian,parliamentary,0.691,0.804,0.800,0.800,0.800,0.800,0.800,0.500,0.500,0.800,78.9,38.3,100.0,100.0,100.0,100.0,100.0,100.0,100.0,30.0
2033-11-01,0.9876,0.9854,0.9805,0.9886,0.9956,1.0088,0.9887,0.9914,0.9973,1.0083,0.9893,0.9940,1.0446,0.9854,0.9812,1.0237,1.0099,1.0090,0.9887,1.0008,0.9973,1.0116,0.9891,0.9943,4085.53,5903.41,4570.13,3028.63,2452.54,1507.96,187.26,3214.62,2365.54,591.23,0.9948,0.5912,0.9488,1.2032,0.8280,0.2754,1.4605,0.2641,0.2205,-0.9522,0.6467,0.7158,0.6868,0.6831,0.7240,0.7445,0.6103,0.6841,0.7023,0.7023,0.0043,0.0034,0.0136,0.0157,0.0073,0.0028,0.0296,0.0001,0.0021,0.0056,1.0000,1.0000,1.0000,1.0000,1.0000,1.0000,1.0000,1.0000,1.0000,1.0000,62.56,216.75,88.19,63.15,75.21,12.99,9.01,301.23,82.95,86.78,0.0000,0.0000,0.0000,0.0000,0.0000,0.0000,0.0000,0.0000,0.0000,0.0000,104304,74663,53998,54750,86225,66964,95775,572442,131417,91336,0,0,0,0,0,0,0,0,0,0,0.0000,0.0000,0.0000,0.0000,0.0000,0.0000,0.0000,0.0000,0.0000,0.0000,0,0,0,0,0,0,0,1,0,0,0,0,0,0,0,0,0,0,0,0,0.1486,0.0895,0.1530,0.0727,0.1133,0.0303,0.0857,0.1212,0.0210,0.1375,0.000,0.000,0.000,0.000,0.000,0.000,0.000,0.171,0.000,0.000,semi-presidential,parliamentary,parliamentary,parliamentary,parliamentary,semi-presidential,semi-presidential,electoral-authoritarian,electoral-authoritarian,parliamentary,0.700,0.800,0.800,0.800,0.800,0.800,0.800,0.500,0.500,0.800,81.8,41.1,100.0,100.0,100.0,100.0,100.0,100.0,100.0,32.7
2033-12-01,0.9901,0.9887,0.9792,0.9943,0.9968,1.0096,0.9874,0.9922,0.9981,1.0125,0.9893,0.9962,1.0958,1.1326,1.0146,1.0412,1.0218,1.0548,0.9891,1.0555,1.0149,1.0538,1.0016,0.9969,4106.66,5916.13,4588.18,3034.78,2461.47,1514.25,185.61,3229.68,2376.94,593.03,0.9898,0.5902,0.9452,1.2007,0.8249,0.2728,1.4744,0.2653,0.2202,-0.9636,0.6481,0.7179,0.6876,0.6597,0.7086,0.7428,0.5467,0.6886,0.6950,0.6963,0.0303,0.0245,0.0342,0.0447,0.0341,0.0120,0.0963,0.0019,0.0230,0.0140,0.8755,0.8840,0.9383,0.8876,0.8766,0.9238,0.9533,1.0000,0.8916,1.0000,61.55,213.54,87.24,62.52,74.33,13.15,4.99,294.17,81.63,86.22,0.0000,0.0000,0.0000,0.0000,0.0000,0.0000,0.4602,0.0400,0.0000,0.0000,104304,74663,53998,54750,86225,66964,95775,572442,131417,91336,0,0,0,0,0,0,0,0,0,0,0.0000,0.0000,0.0000,0.0000,0.0000,0.0000,0.0113,0.0069,0.0000,0.0000,0,0,0,0,0,0,0,1,0,0,0,0,0,0,0,0,1,1,0,0,0.1508,0.0910,0.1553,0.0749,0.1152,0.0321,0.0788,0.1198,0.0224,0.1360,0.000,0.000,0.000,0.000,0.000,0.000,0.000,0.170,0.000,0.000,semi-presidential,parliamentary,parliamentary,parliamentary,parliamentary,semi-presidential,semi-presidential,electoral-authoritarian,electoral-authoritarian,parliamentary,0.710,0.800,0.800,0.800,0.800,0.800,0.800,0.500,0.500,0.800,84.7,43.9,100.0,100.0,100.0,100.0,100.0,100.0,100.0,35.4
2034-01-01,0.9927,0.9917,0.9771,0.9987,0.9991,1.0105,0.9859,0.9947,0.9976,1.0158,0.9910,0.9989,1.0744,1.0501,1.0127,1.0360,1.0361,1.0562,0.9876,1.1048,1.0089,1.0420,1.0509,0.9991,4111.82,5914.04,4605.34,3035.94,2466.26,1524.73,185.00,3241.10,2392.09,595.18,0.9886,0.5907,0.9418,1.2003,0.8233,0.2687,1.4803,0.2660,0.2196,-0.9744,0.6529,0.7079,0.6905,0.6625,0.7072,0.7537,0.4811,0.6788,0.6963,0.6939,0.0219,0.0133,0.0317,0.0319,0.0268,0.0028,0.0967,0.0023,0.0132,0.0231,0.9506,0.9531,0.9757,0.9545,0.9516,0.9803,0.9651,1.0000,0.9542,1.0000,62.50,215.34,88.60,62.18,75.02,13.44,5.15,297.40,82.57,87.51,0.0000,0.0000,0.0000,0.0000,0.0000,0.0000,0.4607,0.0408,0.0000,0.0000,104304,74663,53998,54750,86225,66964,95775,572442,131417,91336,0,0,0,0,0,0,0,0,0,0,0.0000,0.0000,0.0000,0.0000,0.0000,0.0000,0.0228,0.0184,0.0000,0.0000,0,0,0,0,0,0,0,1,0,0,0,0,0,0,0,0,1,1,0,0,0.1531,0.0931,0.1575,0.0767,0.1174,0.0339,0.0807,0.1219,0.0299,0.1365,0.000,0.000,0.000,0.000,0.000,0.000,0.000,0.168,0.000,0.000,semi-presidential,parliamentary,parliamentary,parliamentary,parliamentary,semi-presidential,semi-presidential,electoral-authoritarian,electoral-authoritarian,parliamentary,0.720,0.800,0.800,0.800,0.800,0.800,0.800,0.515,0.500,0.800,87.6,46.7,100.0,100.0,100.0,100.0,100.0,96.5,100.0,38.1
2034-02-01,0.9944,0.9949,0.9776,1.0026,1.0008,1.0103,0.9838,0.9961,0.9956,1.0188,0.9944,1.0007,1.0865,1.1174,1.0138,1.0457,1.0324,1.0560,0.9855,0.9972,1.0064,1.0459,1.0914,1.0006,4133.17,5920.90,4634.46,3046.80,2475.62,1528.77,184.29,3243.49,2406.97,597.05,0.9836,0.5903,0.9360,1.1961,0.8202,0.2665,1.4869,0.2671,0.2191,-0.9857,0.6579,0.7202,0.6970,0.6546,0.7123,0.7592,0.4499,0.6923,0.6859,0.6859,0.0264,0.0212,0.0315,0.0408,0.0315,0.0091,0.0940,0.0015,0.0199,0.0154,0.8943,0.9016,0.9477,0.9049,0.8956,0.9390,0.9566,1.0000,0.9085,1.0000,62.57,215.48,89.41,62.58,75.15,13.72,5.10,297.47,82.76,87.62,0.0000,0.0000,0.0000,0.0000,0.0000,0.0000,0.4607,0.0406,0.0000,0.0000,104304,74663,53998,54750,86225,66964,95775,572442,131417,91336,0,0,0,0,0,0,0,0,0,0,0.0000,0.0000,0.0000,0.0000,0.0000,0.0000,0.0320,0.0276,0.0000,0.0000,0,0,0,0,0,0,0,1,0,0,0,0,0,0,0,0,1,1,0,0,0.1542,0.0941,0.1586,0.0775,0.1184,0.0350,0.0817,0.1240,0.0307,0.1369,0.000,0.000,0.000,0.000,0.000,0.000,0.000,0.167,0.000,0.000,semi-presidential,parliamentary,parliamentary,parliamentary,parliamentary,semi-presidential,semi-presidential,electoral-authoritarian,electoral-authoritarian,parliamentary,0.730,0.800,0.800,0.800,0.800,0.800,0.800,0.506,0.500,0.800,90.5,49.5,100.0,100.0,100.0,100.0,100.0,99.5,100.0,40.8
2034-03-01,0.9969,0.9973,0.9801,1.0073,1.0030,1.0091,0.9827,0.9946,0.9965,1.0206,0.9984,1.0024,1.1223,1.0479,1.1250,1.0425,1.0387,1.0546,0.9842,0.9957,1.0484,1.0391,1.1623,1.0024,4148.69,5931.58,4655.49,3053.77,2485.25,1528.77,183.81,3257.01,2422.56,597.01,0.9799,0.5896,0.9341,1.1934,0.8170,0.2665,1.4916,0.2673,0.2185,-1.0001,0.6645,0.7255,0.6999,0.6331,0.7077,0.7592,0.4492,0.6551,0.6893,0.6840,0.0294,0.0189,0.0376,0.0404,0.0358,0.0045,0.0963,0.0034,0.0199,0.0229,0.9579,0.9595,0.9794,0.9605,0.9589,0.9854,0.9671,1.0000,0.9592,1.0000,62.19,214.41,88.88,61.74,74.54,13.53,5.17,295.19,82.58,87.32,0.0000,0.0000,0.0000,0.0000,0.0000,0.0000,0.4610,0.0413,0.0000,0.0000,104304,74663,53998,54750,86225,66964,95775,572442,131417,91336,0,0,0,0,0,0,0,0,0,0,0.0000,0.0000,0.0000,0.0000,0.0000,0.0000,0.0411,0.0368,0.0000,0.0000,0,0,0,0,0,0,0,1,0,0,0,0,0,0,0,0,1,1,0,0,0.1560,0.0995,0.1604,0.0791,0.1202,0.0365,0.0832,0.1256,0.0318,0.1374,0.000,0.000,0.000,0.000,0.000,0.000,0.000,0.166,0.000,0.000,semi-presidential,parliamentary,parliamentary,parliamentary,parliamentary,semi-presidential,semi-presidential,electoral-authoritarian,electoral-authoritarian,parliamentary,0.740,0.800,0.800,0.830,0.800,0.800,0.800,0.500,0.500,0.800,93.5,52.3,100.0,93.3,100.0,100.0,100.0,100.0,100.0,43.4
2034-04-01,1.0006,0.9986,0.9813,1.0090,1.0068,1.0096,0.9816,0.9936,0.9983,1.0224,1.0045,1.0029,1.0838,1.0267,1.0193,1.0256,1.0459,1.0584,0.9831,0.9982,1.0774,1.0419,1.1579,1.0029,4168.61,5952.69,4679.48,3065.98,2501.08,1542.37,183.72,3273.25,2433.81,597.52,0.9753,0.5878,0.9297,1.1888,0.8119,0.2613,1.4930,0.2675,0.2182,-1.0137,0.6704,0.7288,0.7043,0.6497,0.7062,0.7709,0.4495,0.6506,0.6919,0.6773,0.0159,0.0100,0.0271,0.0198,0.0240,0.0000,0.0911,0.0044,0.0129,0.0230,0.9789,0.9784,0.9900,0.9778,0.9792,1.0000,0.9713,1.0000,0.9731,1.0000,63.82,216.79,90.48,62.27,76.32,13.52,5.08,303.02,84.60,88.40,0.0000,0.0000,0.0000,0.0000,0.0000,0.0000,0.4608,0.0411,0.0000,0.0000,104304,74663,53998,54750,86225,66964,95775,572442,131417,91336,0,0,0,0,0,0,0,0,0,0,0.0000,0.0000,0.0000,0.0000,0.0000,0.0000,0.0503,0.0483,0.0000,0.0000,0,0,0,0,0,0,0,1,0,0,0,0,0,0,0,0,1,1,0,0,0.1568,0.1000,0.1610,0.0802,0.1205,0.0368,0.0838,0.1295,0.0325,0.1365,0.000,0.000,0.000,0.000,0.000,0.000,0.000,0.162,0.000,0.000,semi-presidential,parliamentary,parliamentary,parliamentary,parliamentary,semi-presidential,semi-presidential,electoral-authoritarian,electoral-authoritarian,parliamentary,0.750,0.800,0.800,0.821,0.800,0.800,0.800,0.500,0.500,0.800,96.5,55.2,100.0,96.8,100.0,100.0,100.0,100.0,100.0,46.0
2034-05-01,1.0035,0.9980,0.9813,1.0065,1.0093,1.0120,0.9817,0.9940,1.0005,1.0242,1.0090,1.0049,1.1258,1.0259,1.0176,1.0078,1.0405,1.0994,1.0061,1.0057,1.0650,1.0395,1.1083,1.0050,4178.02,5961.70,4703.81,3076.21,2510.55,1549.23,183.50,3283.90,2446.38,597.23,0.9781,0.5872,0.9252,1.1849,0.8088,0.2587,1.4955,0.2679,0.2179,-1.0218,0.6775,0.7376,0.7096,0.6678,0.7258,0.7712,0.4548,0.6857,0.6723,0.6941,0.0186,0.0133,0.0192,0.0200,0.0245,0.0027,0.0892,0.0038,0.0141,0.0186,0.9791,0.9785,0.9901,0.9781,0.9796,1.0000,0.9722,1.0000,0.9735,1.0000,63.37,216.86,92.46,64.04,76.51,13.69,5.12,300.61,84.61,88.12,0.0000,0.0000,0.0000,0.0000,0.0000,0.0000,0.4608,0.0415,0.0000,0.0000,104304,74663,53998,54750,86225,66964,95775,572442,131417,91336,0,0,0,0,0,0,0,0,0,0,0.0000,0.0000,0.0000,0.0000,0.0000,0.0000,0.0618,0.0575,0.0000,0.0000,0,0,0,0,0,0,0,1,0,0,0,0,0,0,0,0,1,1,0,0,0.1565,0.1010,0.1624,0.0827,0.1212,0.0374,0.0850,0.1303,0.0327,0.1333,0.000,0.000,0.000,0.000,0.000,0.000,0.000,0.161,0.000,0.000,semi-presidential,parliamentary,parliamentary,parliamentary,parliamentary,semi-presidential,semi-presidential,electoral-authoritarian,electoral-authoritarian,parliamentary,0.760,0.800,0.800,0.811,0.800,0.800,0.800,0.500,0.500,0.800,99.5,58.1,100.0,100.0,100.0,100.0,100.0,100.0,100.0,43.2
2034-06-01,1.0074,0.9971,0.9785,1.0028,1.0096,1.0115,0.9832,0.9955,1.0010,1.0236,1.0100,1.0052,1.1440,1.0258,1.0159,1.0190,1.0266,1.0577,1.0017,1.1321,1.0125,1.0308,1.0484,1.0052,4190.16,5985.47,4730.63,3088.01,2527.21,1556.14,183.39,3294.73,2460.75,596.53,0.9753,0.5851,0.9204,1.1804,0.8035,0.2561,1.4969,0.2682,0.2174,-1.0374,0.6839,0.7357,0.7244,0.6842,0.7349,0.7766,0.4811,0.6679,0.6890,0.6917,0.0230,0.0134,0.0304,0.0172,0.0232,0.0028,0.0912,0.0025,0.0129,0.0178,0.9783,0.9778,0.9897,0.9773,0.9788,1.0000,0.9716,1.0000,0.9725,1.0000,63.62,219.08,93.98,64.66,77.33,13.99,5.36,302.40,85.23,88.14,0.0000,0.0000,0.0000,0.0000,0.0000,0.0000,0.4610,0.0422,0.0000,0.0000,104304,74663,53998,54750,86225,66964,95775,572442,131417,91336,0,0,0,0,0,0,0,0,0,0,0.0000,0.0000,0.0000,0.0000,0.0000,0.0000,0.0710,0.0667,0.0000,0.0000,0,0,0,0,0,0,0,1,0,0,0,0,0,0,0,0,1,1,0,0,0.1572,0.1017,0.1629,0.0832,0.1217,0.0381,0.0836,0.1296,0.0332,0.1340,0.000,0.000,0.000,0.000,0.000,0.000,0.000,0.161,0.000,0.000,semi-presidential,parliamentary,parliamentary,parliamentary,parliamentary,semi-presidential,semi-presidential,electoral-authoritarian,electoral-authoritarian,parliamentary,0.765,0.800,0.800,0.801,0.800,0.800,0.800,0.500,0.500,0.800,100.0,61.0,100.0,100.0,100.0,100.0,100.0,100.0,100.0,45.8
2034-07-01,1.0111,0.9967,0.9761,1.0001,1.0093,1.0067,0.9845,0.9992,1.0018,1.0222,1.0113,1.0045,1.1481,1.0254,1.0133,1.0160,1.0265,1.0535,1.0473,1.1292,1.0346,1.0296,1.0645,1.0045,4216.75,5989.85,4748.53,3094.60,2537.68,1565.51,183.28,3310.85,2477.46,597.40,0.9692,0.5850,0.9173,1.1779,0.8003,0.2531,1.4981,0.2685,0.2168,-1.0504,0.6866,0.7444,0.7069,0.6897,0.7257,0.7699,0.4805,0.6709,0.6860,0.6892,0.0245,0.0134,0.0328,0.0174,0.0248,0.0028,0.0940,0.0036,0.0138,0.0204,0.9783,0.9778,0.9897,0.9772,0.9787,1.0000,0.9714,1.0000,0.9723,1.0000,64.27,220.83,95.80,65.46,78.14,14.59,5.38,304.08,85.92,88.59,0.0000,0.0000,0.0000,0.0000,0.0000,0.0000,0.4608,0.0424,0.0000,0.0000,104304,74663,53998,54750,86225,66964,95775,572442,131417,91336,0,0,0,0,0,0,0,0,0,0,0.0000,0.0000,0.0000,0.0000,0.0000,0.0000,0.0802,0.0782,0.0000,0.0000,0,0,0,0,0,0,0,1,0,0,0,0,0,0,0,0,1,1,0,0,0.1480,0.0970,0.1521,0.0779,0.1139,0.0365,0.0811,0.1283,0.0311,0.1357,0.000,0.000,0.000,0.000,0.000,0.000,0.000,0.162,0.000,0.000,semi-presidential,parliamentary,parliamentary,parliamentary,parliamentary,semi-presidential,semi-presidential,electoral-authoritarian,electoral-authoritarian,parliamentary,0.775,0.800,0.800,0.800,0.800,0.800,0.800,0.500,0.500,0.800,100.0,64.0,100.0,100.0,100.0,100.0,100.0,100.0,100.0,48.5
2034-08-01,1.0137,0.9965,0.9779,0.9977,1.0081,1.0007,0.9844,1.0031,1.0022,1.0199,1.0119,1.0033,1.1650,1.0253,1.1166,1.0140,1.0250,1.0461,1.0118,1.0784,1.0297,1.0264,1.0481,1.0036,4220.91,6009.07,4753.53,3106.54,2545.57,1572.67,183.25,3317.86,2490.75,599.05,0.9682,0.5834,0.9165,1.1735,0.7978,0.2505,1.4986,0.2691,0.2164,-1.0620,0.6823,0.7478,0.7000,0.6831,0.7247,0.7737,0.4833,0.6885,0.6979,0.6807,0.0283,0.0177,0.0350,0.0252,0.0298,0.0036,0.0896,0.0026,0.0180,0.0160,0.9783,0.9777,0.9897,0.9772,0.9787,1.0000,0.9717,1.0000,0.9724,1.0000,64.17,222.72,98.07,66.24,78.64,15.33,5.32,302.50,85.48,88.98,0.0000,0.0000,0.0000,0.0000,0.0000,0.0000,0.4608,0.0424,0.0000,0.0000,104304,74663,53998,54750,86225,66964,95775,572442,131417,91336,0,0,0,0,0,0,0,0,0,0,0.0000,0.0000,0.0000,0.0000,0.0000,0.0000,0.0917,0.0874,0.0000,0.0000,0,0,0,0,0,0,0,1,0,0,0,0,0,0,0,0,1,1,0,0,0.1415,0.0939,0.1450,0.0745,0.1085,0.0356,0.0798,0.1276,0.0292,0.1359,0.000,0.000,0.000,0.000,0.000,0.000,0.000,0.163,0.000,0.000,semi-presidential,parliamentary,parliamentary,parliamentary,parliamentary,semi-presidential,semi-presidential,electoral-authoritarian,electoral-authoritarian,parliamentary,0.785,0.800,0.800,0.800,0.800,0.800,0.800,0.500,0.500,0.800,100.0,67.0,100.0,100.0,100.0,100.0,100.0,100.0,100.0,51.1
2034-09-01,1.0185,0.9981,0.9817,0.9974,1.0076,0.9966,0.9851,1.0042,1.0032,1.0192,1.0140,1.0031,1.1918,1.0983,1.1766,1.0268,1.0245,1.0418,0.9866,1.0867,1.0338,1.0274,1.0701,1.0033,4236.11,6029.25,4784.79,3115.13,2554.14,1576.27,182.99,3327.96,2504.93,598.62,0.9647,0.5818,0.9109,1.1703,0.7952,0.2484,1.5007,0.2695,0.2160,-1.0773,0.6763,0.7383,0.7020,0.6795,0.7216,0.7746,0.4818,0.6956,0.6940,0.6835,0.0426,0.0289,0.0455,0.0435,0.0439,0.0111,0.0957,0.0026,0.0277,0.0173,0.9147,0.9201,0.9579,0.9228,0.9161,0.9545,0.9609,1.0000,0.9249,1.0000,64.20,223.48,97.07,63.85,78.17,15.51,5.43,301.90,85.62,88.66,0.0000,0.0000,0.0000,0.0000,0.0000,0.0000,0.4610,0.0421,0.0000,0.0000,104304,74663,53998,54750,86225,66964,95775,572442,131417,91336,0,0,0,0,0,0,0,0,0,0,0.0000,0.0000,0.0000,0.0000,0.0000,0.0000,0.1009,0.0966,0.0000,0.0000,0,0,0,0,0,0,0,1,0,0,0,0,0,0,0,0,1,1,0,0,0.1418,0.0939,0.1448,0.0730,0.1086,0.0358,0.0803,0.1293,0.0291,0.1392,0.000,0.000,0.000,0.000,0.000,0.000,0.000,0.164,0.000,0.000,semi-presidential,parliamentary,parliamentary,parliamentary,parliamentary,semi-presidential,semi-presidential,electoral-authoritarian,electoral-authoritarian,parliamentary,0.795,0.800,0.800,0.800,0.800,0.800,0.800,0.500,0.500,0.800,100.0,69.9,100.0,100.0,100.0,100.0,100.0,100.0,100.0,53.7
2034-10-01,1.0211,0.9986,0.9854,0.9977,1.0049,0.9947,0.9868,1.0048,1.0042,1.0175,1.0136,1.0003,1.1077,1.0271,1.1405,1.0219,1.0213,1.0388,1.0491,1.0395,1.0156,1.0243,1.0153,1.0007,4237.94,6029.76,4786.26,3114.86,2560.54,1583.24,182.31,3332.79,2511.72,600.03,0.9641,0.5820,0.9110,1.1705,0.7932,0.2459,1.5062,0.2706,0.2162,-1.0893,0.6604,0.7265,0.6820,0.6747,0.7116,0.7770,0.4685,0.6753,0.7101,0.6776,0.0227,0.0139,0.0306,0.0265,0.0243,0.0000,0.0888,0.0017,0.0155,0.0130,0.9785,0.9779,0.9898,0.9775,0.9791,1.0000,0.9723,1.0000,0.9727,1.0000,66.25,226.64,99.35,66.43,80.61,15.85,5.35,310.61,87.09,90.63,0.0000,0.0000,0.0000,0.0000,0.0000,0.0000,0.4609,0.0423,0.0000,0.0000,104304,74663,53998,54750,86225,66964,95775,572442,131417,91336,0,0,0,0,0,0,0,0,0,0,0.0000,0.0000,0.0000,0.0000,0.0000,0.0000,0.1124,0.1081,0.0000,0.0000,0,0,0,0,0,0,0,1,0,0,0,0,0,0,0,0,1,1,0,0,0.1297,0.0875,0.1319,0.0667,0.0988,0.0324,0.0726,0.1255,0.0257,0.1394,0.000,0.000,0.000,0.000,0.000,0.000,0.000,0.166,0.000,0.000,semi-presidential,parliamentary,parliamentary,parliamentary,parliamentary,semi-presidential,semi-presidential,electoral-authoritarian,electoral-authoritarian,parliamentary,0.800,0.800,0.800,0.800,0.800,0.800,0.800,0.500,0.500,0.800,100.0,72.8,100.0,100.0,100.0,100.0,100.0,100.0,100.0,56.3
2034-11-01,1.0226,0.9991,0.9907,0.9974,1.0016,0.9937,0.9890,1.0053,1.0067,1.0171,1.0116,0.9979,1.1086,1.0276,1.2077,1.0135,1.0183,1.0380,1.0495,1.0066,1.0707,1.0260,1.0132,0.9983,4248.99,6010.66,4776.57,3114.29,2559.65,1591.37,182.14,3337.71,2527.20,599.68,0.9614,0.5842,0.9132,1.1709,0.7935,0.2432,1.5078,0.2713,0.2157,-1.1045,0.6512,0.7163,0.6626,0.6579,0.6872,0.7656,0.4575,0.6837,0.7114,0.6836,0.0252,0.0159,0.0334,0.0271,0.0289,0.0000,0.0857,0.0034,0.0198,0.0131,0.9784,0.9779,0.9898,0.9773,0.9788,1.0000,0.9718,1.0000,0.9725,1.0000,66.78,226.64,100.41,68.00,81.11,16.10,5.43,311.25,87.78,91.25,0.0000,0.0000,0.0000,0.0000,0.0000,0.0000,0.4608,0.0417,0.0000,0.0000,104304,74663,53998,54750,86225,66964,95775,572442,131417,91336,0,0,0,0,0,0,0,0,0,0,0.0000,0.0000,0.0000,0.0000,0.0000,0.0000,0.1216,0.1173,0.0000,0.0000,0,0,0,0,0,0,0,1,0,0,0,0,0,0,0,0,1,1,0,0,0.1437,0.0976,0.1472,0.0744,0.1094,0.0340,0.0801,0.1304,0.0271,0.1374,0.000,0.000,0.000,0.000,0.000,0.000,0.000,0.162,0.000,0.000,semi-presidential,parliamentary,parliamentary,parliamentary,parliamentary,semi-presidential,semi-presidential,electoral-authoritarian,electoral-authoritarian,parliamentary,0.800,0.800,0.800,0.800,0.800,0.800,0.800,0.500,0.500,0.800,100.0,75.6,100.0,100.0,100.0,100.0,100.0,100.0,100.0,59.0
2034-12-01,1.0246,1.0020,0.9948,0.9978,1.0016,0.9930,0.9876,1.0044,1.0068,1.0169,1.0097,0.9958,1.1414,1.0959,1.1835,1.0310,1.0179,1.0366,0.9894,1.0057,1.0229,1.0245,1.0112,0.9959,4257.64,6021.24,4782.81,3113.81,2554.98,1599.24,181.73,3348.33,2537.41,600.09,0.9595,0.5835,0.9121,1.1712,0.7950,0.2407,1.5115,0.2716,0.2156,-1.1184,0.6410,0.6803,0.6485,0.6455,0.6803,0.7616,0.4661,0.6994,0.7036,0.6898,0.0318,0.0243,0.0351,0.0413,0.0346,0.0074,0.0882,0.0012,0.0240,0.0089,0.9200,0.9251,0.9606,0.9277,0.9214,0.9589,0.9617,1.0000,0.9298,1.0000,66.32,225.81,97.15,63.92,79.46,16.05,5.35,309.88,88.05,90.00,0.0000,0.0000,0.0000,0.0000,0.0000,0.0000,0.4610,0.0421,0.0000,0.0000,104304,74663,53998,54750,86225,66964,95775,572442,131417,91336,0,0,0,0,0,0,0,0,0,0,0.0000,0.0000,0.0000,0.0000,0.0000,0.0000,0.1308,0.1265,0.0000,0.0000,0,0,0,0,0,0,0,1,0,0,0,0,0,0,0,0,1,1,0,0,0.1338,0.0917,0.1364,0.0663,0.1013,0.0313,0.0783,0.1304,0.0243,0.1399,0.000,0.000,0.000,0.000,0.000,0.000,0.000,0.164,0.000,0.000,semi-presidential,parliamentary,parliamentary,parliamentary,parliamentary,semi-presidential,semi-presidential,electoral-authoritarian,electoral-authoritarian,parliamentary,0.800,0.800,0.800,0.800,0.800,0.800,0.800,0.500,0.500,0.800,100.0,64.2,100.0,100.0,100.0,100.0,100.0,90.8,100.0,61.6
2035-01-01,1.0278,1.0059,0.9964,0.9981,1.0035,0.9937,0.9844,1.0045,1.0084,1.0165,1.0085,0.9938,1.1645,1.1115,1.0741,1.0170,1.0296,1.0374,0.9859,1.0316,1.0518,1.0285,1.0102,0.9941,4272.29,6028.18,4785.23,3117.51,2557.53,1603.57,181.53,3363.20,2551.36,601.35,0.9563,0.5832,0.9115,1.1700,0.7942,0.2387,1.5137,0.2719,0.2152,-1.1306,0.6351,0.6880,0.6369,0.6264,0.6590,0.7491,0.4696,0.7067,0.6788,0.6891,0.0283,0.0233,0.0325,0.0300,0.0338,0.0095,0.0872,0.0025,0.0224,0.0123,0.9097,0.9157,0.9555,0.9187,0.9110,0.9515,0.9603,1.0000,0.9215,1.0000,66.54,226.31,98.79,66.02,79.94,15.95,5.33,311.68,89.49,90.30,0.0000,0.0000,0.0000,0.0000,0.0000,0.0000,0.4609,0.0418,0.0000,0.0000,104304,74663,53998,54750,86225,66964,95775,572442,131417,91336,0,0,0,0,0,0,0,0,0,0,0.0000,0.0000,0.0000,0.0000,0.0000,0.0000,0.1423,0.1380,0.0000,0.0000,0,0,0,0,0,0,0,1,0,0,0,0,0,0,0,0,1,1,0,0,0.1296,0.0892,0.1319,0.0649,0.0975,0.0301,0.0784,0.1285,0.0230,0.1381,0.000,0.000,0.000,0.000,0.000,0.000,0.000,0.166,0.000,0.000,semi-presidential,parliamentary,parliamentary,parliamentary,parliamentary,semi-presidential,semi-presidential,electoral-authoritarian,electoral-authoritarian,parliamentary,0.800,0.800,0.800,0.800,0.800,0.800,0.800,0.500,0.500,0.800,100.0,66.8,100.0,100.0,100.0,100.0,100.0,94.6,100.0,64.3
2035-02-01,1.0299,1.0093,0.9964,0.9979,1.0046,0.9947,0.9820,1.0046,1.0069,1.0171,1.0077,0.9923,1.1154,1.0748,1.0327,1.0155,1.0228,1.0380,0.9835,1.0213,1.0184,1.0273,1.0090,0.9923,4265.85,6026.24,4783.25,3114.81,2561.46,1612.26,181.44,3371.75,2564.19,601.38,0.9578,0.5836,0.9117,1.1713,0.7930,0.2362,1.5148,0.2723,0.2150,-1.1452,0.6303,0.6892,0.6335,0.6315,0.6612,0.7503,0.4698,0.7156,0.6733,0.6971,0.0165,0.0142,0.0225,0.0186,0.0195,0.0032,0.0826,0.0011,0.0137,0.0079,0.9443,0.9475,0.9727,0.9491,0.9453,0.9768,0.9658,1.0000,0.9496,1.0000,67.65,227.85,100.28,68.28,81.71,16.15,5.38,318.02,90.89,91.76,0.0000,0.0000,0.0000,0.0000,0.0000,0.0000,0.4593,0.0415,0.0000,0.0000,104304,74663,53998,54750,86225,66964,95775,572442,131417,91336,0,0,0,0,0,0,0,0,0,0,0.0000,0.0000,0.0000,0.0000,0.0000,0.0000,0.1515,0.1472,0.0000,0.0000,0,0,0,0,0,0,0,1,0,0,0,0,0,0,0,0,1,1,0,0,0.1350,0.0914,0.1377,0.0679,0.1016,0.0301,0.0783,0.1283,0.0233,0.1392,0.000,0.000,0.000,0.000,0.000,0.000,0.000,0.167,0.000,0.000,semi-presidential,parliamentary,parliamentary,parliamentary,parliamentary,semi-presidential,semi-presidential,electoral-authoritarian,electoral-authoritarian,parliamentary,0.800,0.800,0.800,0.800,0.800,0.800,0.800,0.500,0.500,0.800,100.0,68.7,100.0,100.0,100.0,100.0,100.0,97.8,100.0,67.0
2035-03-01,1.0300,1.0109,0.9963,0.9959,1.0043,0.9952,0.9813,1.0051,1.0070,1.0177,1.0088,0.9916,1.1095,1.0406,1.0330,1.0122,1.0208,1.0385,0.9828,1.0225,1.0376,1.0364,1.0290,0.9916,4275.39,6035.60,4771.68,3120.77,2572.40,1620.19,180.97,3375.50,2574.19,602.06,0.9557,0.5830,0.9138,1.1692,0.7897,0.2338,1.5221,0.2731,0.2149,-1.1586,0.6335,0.7019,0.6337,0.6441,0.6739,0.7488,0.4782,0.6864,0.6887,0.7027,0.0124,0.0100,0.0203,0.0144,0.0153,0.0001,0.0637,0.0021,0.0113,0.0086,0.9774,0.9769,0.9893,0.9764,0.9778,0.9993,0.9722,1.0000,0.9716,1.0000,67.12,227.74,100.05,68.05,81.20,16.37,5.18,314.66,90.75,92.75,0.0000,0.0000,0.0000,0.0000,0.0000,0.0000,0.4566,0.0416,0.0000,0.0000,104304,74663,53998,54750,86225,66964,95775,572442,131417,91336,0,0,0,0,0,0,0,0,0,0,0.0000,0.0000,0.0000,0.0000,0.0000,0.0000,0.1607,0.1564,0.0000,0.0000,0,0,0,0,0,0,0,1,0,0,0,0,0,0,0,0,1,1,0,0,0.1381,0.0931,0.1420,0.0699,0.1044,0.0300,0.0783,0.1253,0.0234,0.1379,0.000,0.000,0.000,0.000,0.000,0.000,0.000,0.168,0.000,0.000,semi-presidential,parliamentary,parliamentary,parliamentary,parliamentary,semi-presidential,semi-presidential,electoral-authoritarian,electoral-authoritarian,parliamentary,0.800,0.800,0.800,0.800,0.800,0.800,0.800,0.500,0.500,0.800,100.0,71.4,100.0,100.0,100.0,100.0,100.0,100.0,100.0,59.7
2035-04-01,1.0272,1.0107,0.9963,0.9947,1.0027,0.9935,0.9811,1.0040,1.0075,1.0202,1.0096,0.9908,1.1029,1.0390,1.0322,1.0108,1.0184,1.0364,0.9823,1.0055,1.0192,1.0364,1.0231,0.9908,4283.99,6042.57,4778.85,3129.36,2570.96,1624.80,181.19,3381.58,2579.59,602.07,0.9539,0.5826,0.9124,1.1662,0.7902,0.2320,1.5247,0.2740,0.2153,-1.1728,0.6278,0.7138,0.6357,0.6538,0.6856,0.7508,0.3161,0.6871,0.6901,0.7209,0.0109,0.0096,0.0185,0.0136,0.0135,0.0000,0.0586,0.0011,0.0101,0.0066,0.9789,0.9784,0.9900,0.9779,0.9794,1.0000,0.9734,1.0000,0.9733,1.0000,66.13,226.54,99.38,67.01,79.46,16.42,5.08,308.09,89.70,92.66,0.0000,0.0000,0.0000,0.0000,0.0000,0.0000,0.4554,0.0410,0.0000,0.0000,104304,74663,53998,54750,86225,66964,95775,572442,131417,91336,0,0,0,0,0,0,0,0,0,0,0.0000,0.0000,0.0000,0.0000,0.0000,0.0000,0.1722,0.1679,0.0000,0.0000,0,0,0,0,0,0,0,1,0,0,0,0,0,0,0,0,1,1,0,0,0.1497,0.0963,0.1496,0.0731,0.1100,0.0304,0.0756,0.1271,0.0241,0.1384,0.000,0.000,0.000,0.000,0.000,0.000,0.000,0.164,0.000,0.000,semi-presidential,parliamentary,parliamentary,parliamentary,parliamentary,semi-presidential,semi-presidential,electoral-authoritarian,electoral-authoritarian,parliamentary,0.835,0.800,0.800,0.800,0.800,0.800,0.277,0.500,0.500,0.800,91.4,74.2,100.0,100.0,100.0,100.0,100.0,100.0,100.0,62.4
2035-05-01,1.0238,1.0102,0.9962,0.9939,1.0008,0.9928,0.9808,1.0019,1.0063,1.0226,1.0081,0.9908,1.0984,1.0388,1.0323,1.0173,1.0166,1.0354,1.0142,1.0031,1.0175,1.0386,1.0099,0.9908,4297.01,6046.42,4787.89,3127.82,2581.69,1633.53,180.47,3392.38,2591.04,603.34,0.9511,0.5825,0.9108,1.1669,0.7869,0.2296,1.5315,0.2742,0.2151,-1.1850,0.6476,0.7168,0.6482,0.6607,0.6945,0.7493,0.3494,0.6681,0.6843,0.7188,0.0115,0.0096,0.0193,0.0175,0.0139,0.0000,0.0601,0.0013,0.0102,0.0074,0.9785,0.9780,0.9899,0.9774,0.9788,1.0000,0.9725,1.0000,0.9727,1.0000,65.64,224.64,96.66,64.65,78.25,16.17,4.97,306.25,89.68,92.28,0.0000,0.0000,0.0000,0.0000,0.0000,0.0000,0.4556,0.0409,0.0000,0.0000,104304,74663,53998,54750,86225,66964,95775,572442,131417,91336,0,0,0,0,0,0,0,0,0,0,0.0000,0.0000,0.0000,0.0000,0.0000,0.0000,0.1814,0.1771,0.0000,0.0000,0,0,0,0,0,0,0,1,0,0,0,0,0,0,0,0,1,1,0,0,0.1513,0.0967,0.1509,0.0725,0.1114,0.0341,0.0755,0.1273,0.0248,0.1409,0.000,0.000,0.000,0.000,0.000,0.000,0.000,0.164,0.000,0.000,semi-presidential,parliamentary,parliamentary,parliamentary,parliamentary,semi-presidential,semi-presidential,electoral-authoritarian,electoral-authoritarian,parliamentary,0.825,0.800,0.800,0.800,0.800,0.800,0.286,0.500,0.500,0.800,94.1,77.0,100.0,100.0,100.0,100.0,100.0,100.0,100.0,65.3
2035-06-01,1.0202,1.0085,0.9959,0.9942,0.9999,0.9921,0.9813,0.9992,1.0061,1.0241,1.0056,0.9913,1.0939,1.0369,1.0320,1.0173,1.0160,1.0344,0.9825,1.0005,1.0172,1.0332,1.0072,0.9916,4313.59,6059.24,4801.65,3132.92,2586.87,1640.30,180.16,3397.85,2591.42,603.95,0.9475,0.5816,0.9083,1.1652,0.7854,0.2275,1.5348,0.2749,0.2159,-1.1985,0.6624,0.7237,0.6602,0.6678,0.6964,0.7554,0.3553,0.6738,0.6824,0.7181,0.0105,0.0096,0.0181,0.0173,0.0133,0.0000,0.0584,0.0010,0.0101,0.0063,0.9787,0.9782,0.9899,0.9777,0.9791,1.0000,0.9728,1.0000,0.9730,1.0000,65.62,223.80,95.49,64.02,77.84,15.85,5.14,305.93,89.49,91.91,0.0000,0.0000,0.0000,0.0000,0.0000,0.0000,0.4557,0.0410,0.0000,0.0000,104304,74663,53998,54750,86225,66964,95775,572442,131417,91336,0,0,0,0,0,0,0,0,0,0,0.0000,0.0000,0.0000,0.0000,0.0000,0.0000,0.1906,0.1863,0.0000,0.0000,0,0,0,0,0,0,0,1,0,0,0,0,0,0,0,0,1,1,0,0,0.1518,0.0968,0.1513,0.0727,0.1118,0.0343,0.0780,0.1282,0.0255,0.1403,0.000,0.000,0.000,0.000,0.000,0.000,0.000,0.164,0.000,0.000,semi-presidential,parliamentary,parliamentary,parliamentary,parliamentary,semi-presidential,semi-presidential,electoral-authoritarian,electoral-authoritarian,parliamentary,0.815,0.800,0.800,0.800,0.800,0.800,0.295,0.500,0.500,0.800,97.0,79.8,100.0,100.0,100.0,100.0,100.0,100.0,100.0,68.1
2035-07-01,1.0175,1.0083,0.9969,0.9928,1.0002,0.9948,0.9815,0.9971,1.0058,1.0244,1.0004,0.9920,1.0928,1.0368,1.0789,1.0091,1.0163,1.0575,0.9981,0.9984,1.0172,1.0312,1.0026,0.9921,4329.07,6071.45,4820.29,3138.68,2589.86,1646.70,179.99,3410.13,2604.06,605.00,0.9441,0.5807,0.9049,1.1632,0.7846,0.2255,1.5370,0.2754,0.2156,-1.2110,0.6704,0.7286,0.6712,0.6669,0.7010,0.7552,0.3788,0.6837,0.6738,0.7110,0.0147,0.0116,0.0223,0.0174,0.0172,0.0003,0.0568,0.0011,0.0122,0.0076,0.9786,0.9781,0.9899,0.9777,0.9792,1.0000,0.9733,1.0000,0.9730,1.0000,65.63,222.89,95.95,65.31,77.99,15.57,5.13,305.67,89.47,91.95,0.0000,0.0000,0.0000,0.0000,0.0000,0.0000,0.4558,0.0418,0.0000,0.0000,104304,74663,53998,54750,86225,66964,95775,572442,131417,91336,0,0,0,0,0,0,0,0,0,0,0.0000,0.0000,0.0000,0.0000,0.0000,0.0000,0.2021,0.1978,0.0000,0.0000,0,0,0,0,0,0,0,1,0,0,0,0,0,0,0,0,1,1,0,0,0.1517,0.0967,0.1518,0.0739,0.1118,0.0343,0.0794,0.1275,0.0251,0.1376,0.000,0.000,0.000,0.000,0.000,0.000,0.000,0.163,0.000,0.000,semi-presidential,parliamentary,parliamentary,parliamentary,parliamentary,semi-presidential,semi-presidential,electoral-authoritarian,electoral-authoritarian,parliamentary,0.805,0.800,0.800,0.800,0.800,0.800,0.307,0.500,0.500,0.800,99.8,82.7,100.0,100.0,100.0,100.0,100.0,100.0,100.0,70.8
2035-08-01,1.0136,1.0072,0.9985,0.9904,1.0004,0.9948,0.9808,0.9971,1.0045,1.0254,0.9964,0.9919,1.0892,1.0356,1.1264,1.0071,1.0162,1.0375,0.9823,1.0312,1.0157,1.0351,0.9978,0.9919,4345.91,6087.62,4845.93,3137.19,2598.38,1651.33,179.80,3413.76,2619.43,605.07,0.9404,0.5795,0.9002,1.1636,0.7821,0.2238,1.5391,0.2762,0.2152,-1.2255,0.6726,0.7336,0.6797,0.6591,0.6995,0.7646,0.4136,0.6850,0.6644,0.7036,0.0186,0.0127,0.0265,0.0201,0.0207,0.0000,0.0589,0.0013,0.0139,0.0097,0.9785,0.9780,0.9899,0.9775,0.9790,1.0000,0.9729,1.0000,0.9729,1.0000,65.97,223.19,96.26,65.48,78.56,15.47,5.08,308.14,89.89,91.63,0.0000,0.0000,0.0000,0.0000,0.0000,0.0000,0.4556,0.0411,0.0000,0.0000,104304,74663,53998,54750,86225,66964,95775,572442,131417,91336,0,0,0,0,0,0,0,0,0,0,0.0000,0.0000,0.0000,0.0000,0.0000,0.0000,0.2113,0.2070,0.0000,0.0000,0,0,0,0,0,0,0,1,0,0,0,0,0,0,0,0,1,1,0,0,0.1514,0.0967,0.1519,0.0739,0.1118,0.0342,0.0779,0.1279,0.0249,0.1365,0.000,0.000,0.000,0.000,0.000,0.000,0.000,0.163,0.000,0.000,semi-presidential,parliamentary,parliamentary,parliamentary,parliamentary,semi-presidential,semi-presidential,electoral-authoritarian,electoral-authoritarian,parliamentary,0.800,0.800,0.800,0.800,0.800,0.800,0.316,0.500,0.500,0.800,100.0,85.6,100.0,100.0,100.0,100.0,100.0,100.0,100.0,73.6
2035-09-01,1.0097,1.0081,0.9997,0.9876,0.9981,0.9943,0.9822,0.9971,1.0037,1.0255,0.9935,0.9922,1.0814,1.0707,1.0364,1.0055,1.0140,1.0369,1.0528,1.0119,1.0151,1.0323,0.9950,0.9924,4361.63,6098.75,4852.62,3136.96,2599.40,1657.12,179.85,3418.63,2626.48,606.16,0.9372,0.5786,0.8991,1.1638,0.7818,0.2220,1.5432,0.2773,0.2154,-1.2378,0.6742,0.7321,0.6789,0.6445,0.7016,0.7559,0.4321,0.6910,0.6754,0.7020,0.0176,0.0135,0.0249,0.0172,0.0192,0.0029,0.0569,0.0016,0.0133,0.0100,0.9476,0.9503,0.9744,0.9518,0.9486,0.9791,0.9667,1.0000,0.9515,1.0000,64.63,221.71,95.72,64.29,76.58,15.54,4.99,300.63,89.36,91.72,0.0000,0.0000,0.0000,0.0000,0.0000,0.0000,0.4558,0.0418,0.0000,0.0000,104304,74663,53998,54750,86225,66964,95775,572442,131417,91336,0,0,0,0,0,0,0,0,0,0,0.0000,0.0000,0.0000,0.0000,0.0000,0.0000,0.2205,0.2185,0.0000,0.0000,0,0,0,0,0,0,0,1,0,0,0,0,0,0,0,0,1,1,0,0,0.1509,0.0966,0.1520,0.0741,0.1116,0.0337,0.0750,0.1242,0.0247,0.1352,0.000,0.000,0.000,0.000,0.000,0.000,0.000,0.163,0.000,0.000,semi-presidential,parliamentary,parliamentary,parliamentary,parliamentary,semi-presidential,semi-presidential,electoral-authoritarian,electoral-authoritarian,parliamentary,0.800,0.800,0.800,0.800,0.800,0.800,0.325,0.500,0.500,0.800,100.0,88.5,100.0,100.0,100.0,100.0,97.2,100.0,100.0,76.3
2035-10-01,1.0046,1.0108,0.9992,0.9852,0.9952,0.9956,0.9824,0.9971,1.0016,1.0230,0.9930,0.9922,1.0772,1.0776,1.0557,1.0036,1.0106,1.0804,0.9913,1.0160,1.0131,1.0292,1.0002,0.9923,4374.08,6111.81,4868.70,3131.76,2608.29,1664.86,179.17,3430.57,2640.60,604.46,0.9346,0.5776,0.8962,1.1658,0.7793,0.2198,1.5497,0.2775,0.2138,-1.2559,0.6758,0.7249,0.6808,0.6487,0.6897,0.7461,0.4069,0.6765,0.6667,0.6944,0.0189,0.0156,0.0256,0.0199,0.0207,0.0038,0.0556,0.0012,0.0146,0.0080,0.9438,0.9469,0.9725,0.9485,0.9449,0.9765,0.9664,1.0000,0.9487,1.0000,64.79,221.85,96.19,64.32,76.90,15.47,5.07,302.17,89.59,91.26,0.0000,0.0000,0.0000,0.0000,0.0000,0.0000,0.4557,0.0419,0.0000,0.0000,104304,74663,53998,54750,86225,66964,95775,572442,131417,91336,0,0,0,0,0,0,0,0,0,0,0.0000,0.0000,0.0000,0.0000,0.0000,0.0000,0.2320,0.2277,0.0000,0.0000,0,0,0,0,0,0,0,1,0,0,0,0,0,0,0,0,1,1,0,0,0.1506,0.0961,0.1509,0.0735,0.1111,0.0337,0.0764,0.1252,0.0250,0.1366,0.000,0.000,0.000,0.000,0.000,0.000,0.000,0.163,0.000,0.000,semi-presidential,parliamentary,parliamentary,parliamentary,parliamentary,semi-presidential,semi-presidential,electoral-authoritarian,electoral-authoritarian,parliamentary,0.800,0.800,0.800,0.800,0.800,0.800,0.337,0.500,0.500,0.800,100.0,91.3,100.0,100.0,100.0,100.0,99.9,100.0,100.0,79.0
2035-11-01,0.9991,1.0126,1.0023,0.9850,0.9933,0.9967,0.9835,0.9995,1.0011,1.0213,0.9921,0.9914,1.0701,1.0511,1.1889,1.0063,1.0088,1.0420,1.0736,1.0857,1.0183,1.0292,1.0049,0.9914,4383.00,6115.38,4861.68,3133.71,2610.47,1670.53,178.54,3446.06,2650.79,603.19,0.9328,0.5774,0.8976,1.1653,0.7788,0.2184,1.5556,0.2775,0.2119,-1.2731,0.6688,0.7211,0.6754,0.6496,0.6876,0.7464,0.4297,0.6890,0.6667,0.6905,0.0293,0.0157,0.0387,0.0270,0.0295,0.0009,0.0636,0.0026,0.0176,0.0184,0.9696,0.9693,0.9854,0.9699,0.9708,0.9934,0.9715,1.0000,0.9661,1.0000,64.75,222.37,95.59,63.57,76.76,15.72,5.18,301.15,88.94,90.96,0.0000,0.0000,0.0000,0.0000,0.0000,0.0000,0.4558,0.0416,0.0000,0.0000,104304,74663,53998,54750,86225,66964,95775,572442,131417,91336,0,0,0,0,0,0,0,0,0,0,0.0000,0.0000,0.0000,0.0000,0.0000,0.0000,0.2412,0.2369,0.0000,0.0000,0,0,0,0,0,0,0,1,0,0,0,0,0,0,0,0,1,1,0,0,0.1498,0.0955,0.1495,0.0723,0.1103,0.0336,0.0750,0.1249,0.0243,0.1381,0.000,0.000,0.000,0.000,0.000,0.000,0.000,0.163,0.000,0.000,semi-presidential,parliamentary,parliamentary,parliamentary,parliamentary,semi-presidential,semi-presidential,electoral-authoritarian,electoral-authoritarian,parliamentary,0.800,0.800,0.800,0.800,0.800,0.800,0.346,0.500,0.500,0.800,100.0,94.2,100.0,100.0,100.0,30.0,100.0,100.0,100.0,81.6
2035-12-01,0.9931,1.0143,1.0057,0.9839,0.9916,0.9972,0.9863,1.0010,1.0010,1.0222,0.9940,0.9910,1.0630,1.0793,1.1563,1.0092,1.0072,1.0419,1.0470,1.0674,1.0123,1.0401,1.0642,0.9910,4400.77,6127.75,4868.13,3133.10,2615.65,1677.05,178.20,3449.49,2664.26,603.85,0.9292,0.5764,0.8965,1.1656,0.7773,0.2167,1.5590,0.2787,0.2097,-1.2862,0.6707,0.7268,0.6593,0.6430,0.6835,0.7477,0.4318,0.6669,0.6828,0.6912,0.0300,0.0173,0.0384,0.0290,0.0301,0.0031,0.0653,0.0024,0.0179,0.0175,0.9455,0.9486,0.9734,0.9501,0.9466,0.9777,0.9669,1.0000,0.9503,1.0000,64.66,226.18,97.90,64.92,77.64,15.99,4.94,301.92,90.12,91.20,0.0000,0.0000,0.0000,0.0000,0.0000,0.0000,0.4551,0.0412,0.0000,0.0000,104304,74663,53998,54750,86225,66964,95775,572442,131417,91336,0,0,0,0,0,0,0,0,0,0,0.0000,0.0000,0.0000,0.0000,0.0000,0.0000,0.2504,0.2484,0.0000,0.0000,0,0,0,0,0,0,0,1,0,0,0,0,0,0,0,0,1,1,0,0,0.1513,0.0968,0.1511,0.0736,0.1115,0.0339,0.0772,0.1253,0.0246,0.1384,0.000,0.000,0.000,0.000,0.000,0.000,0.000,0.163,0.000,0.000,semi-presidential,parliamentary,parliamentary,parliamentary,parliamentary,semi-presidential,semi-presidential,electoral-authoritarian,electoral-authoritarian,parliamentary,0.800,0.800,0.800,0.800,0.800,0.800,0.355,0.500,0.500,0.800,100.0,96.6,100.0,100.0,100.0,33.1,100.0,100.0,100.0,84.3
2036-01-01,0.9891,1.0152,1.0092,0.9859,0.9930,0.9994,0.9880,1.0034,1.0033,1.0255,0.9969,0.9919,1.0602,1.0436,1.1704,1.0142,1.0280,1.1206,1.0261,1.0175,1.1069,1.0435,1.0674,0.9919,4412.32,6140.97,4879.94,3130.53,2622.82,1684.49,177.90,3457.95,2667.50,602.15,0.9269,0.5754,0.8945,1.1667,0.7752,0.2149,1.5620,0.2793,0.2083,-1.3126,0.6710,0.7317,0.6578,0.6352,0.6874,0.7579,0.4230,0.6732,0.6780,0.6799,0.0243,0.0152,0.0367,0.0343,0.0321,0.0010,0.0696,0.0053,0.0188,0.0227,0.9787,0.9782,0.9900,0.9777,0.9791,1.0000,0.9731,1.0000,0.9731,1.0000,66.13,229.69,97.66,63.20,78.71,16.39,5.05,308.99,91.21,91.08,0.0000,0.0000,0.0000,0.0000,0.0000,0.0000,0.4559,0.0406,0.0000,0.0000,104304,74663,53998,54750,86225,66964,95775,572442,131417,91336,0,0,0,0,0,0,0,0,0,0,0.0000,0.0000,0.0000,0.0000,0.0000,0.0000,0.2619,0.2576,0.0000,0.0000,0,0,0,0,0,0,0,1,0,0,0,0,0,0,0,0,1,1,0,0,0.1520,0.0978,0.1517,0.0727,0.1121,0.0403,0.0797,0.1283,0.0289,0.1389,0.000,0.000,0.000,0.000,0.000,0.000,0.000,0.163,0.000,0.000,semi-presidential,parliamentary,parliamentary,parliamentary,parliamentary,semi-presidential,semi-presidential,electoral-authoritarian,electoral-authoritarian,parliamentary,0.800,0.800,0.800,0.800,0.800,0.800,0.367,0.500,0.500,0.800,100.0,99.4,100.0,100.0,100.0,36.3,100.0,100.0,100.0,88.5
