date,price_oil,price_gas,price_coal,price_electricity,price_food,price_critical-minerals,price_steel,price_consumer-goods,price_electronics,price_arms,price_pharma,price_services,import_price_oil,import_price_gas,import_price_coal,import_price_electricity,import_price_food,import_price_critical-minerals,import_price_steel,import_price_consumer-goods,import_price_electronics,import_price_arms,import_price_pharma,import_price_services,gdp_FRA,gdp_DEU,gdp_GBR,gdp_ITA,gdp_ESP,gdp_POL,gdp_UKR,gdp_RUS,gdp_TUR,gdp_NOR,debt_FRA,debt_DEU,debt_GBR,debt_ITA,debt_ESP,debt_POL,debt_UKR,debt_RUS,debt_TUR,debt_NOR,stability_FRA,stability_DEU,stability_GBR,stability_ITA,stability_ESP,stability_POL,stability_UKR,stability_RUS,stability_TUR,stability_NOR,shortage_FRA,shortage_DEU,shortage_GBR,shortage_ITA,shortage_ESP,shortage_POL,shortage_UKR,shortage_RUS,shortage_TUR,shortage_NOR,gas_coverage_FRA,gas_coverage_DEU,gas_coverage_GBR,gas_coverage_ITA,gas_coverage_ESP,gas_coverage_POL,gas_coverage_UKR,gas_coverage_RUS,gas_coverage_TUR,gas_coverage_NOR,maritime_trade_FRA,maritime_trade_DEU,maritime_trade_GBR,maritime_trade_ITA,maritime_trade_ESP,maritime_trade_POL,maritime_trade_UKR,maritime_trade_RUS,maritime_trade_TUR,maritime_trade_NOR,blockade_FRA,blockade_DEU,blockade_GBR,blockade_ITA,blockade_ESP,blockade_POL,blockade_UKR,blockade_RUS,blockade_TUR,blockade_NOR,tiles_FRA,tiles_DEU,tiles_GBR,tiles_ITA,tiles_ESP,tiles_POL,tiles_UKR,tiles_RUS,tiles_TUR,tiles_NOR,contested_FRA,contested_DEU,contested_GBR,contested_ITA,contested_ESP,contested_POL,contested_UKR,contested_RUS,contested_TUR,contested_NOR,exhaustion_FRA,exhaustion_DEU,exhaustion_GBR,exhaustion_ITA,exhaustion_ESP,exhaustion_POL,exhaustion_UKR,exhaustion_RUS,exhaustion_TUR,exhaustion_NOR,sanctions_against_FRA,sanctions_against_DEU,sanctions_against_GBR,sanctions_against_ITA,sanctions_against_ESP,sanctions_against_POL,sanctions_against_UKR,sanctions_against_RUS,sanctions_against_TUR,sanctions_against_NOR,at_war_FRA,at_war_DEU,at_war_GBR,at_war_ITA,at_war_ESP,at_war_POL,at_war_UKR,at_war_RUS,at_war_TUR,at_war_NOR,export_share_FRA,export_share_DEU,export_share_GBR,export_share_ITA,export_share_ESP,export_share_POL,export_share_UKR,export_share_RUS,export_share_TUR,export_share_NOR,circumvention_FRA,circumvention_DEU,circumvention_GBR,circumvention_ITA,circumvention_ESP,circumvention_POL,circumvention_UKR,circumvention_RUS,circumvention_TUR,circumvention_NOR,regime_FRA,regime_DEU,regime_GBR,regime_ITA,regime_ESP,regime_POL,regime_UKR,regime_RUS,regime_TUR,regime_NOR,legitimacy_FRA,legitimacy_DEU,legitimacy_GBR,legitimacy_ITA,legitimacy_ESP,legitimacy_POL,legitimacy_UKR,legitimacy_RUS,legitimacy_TUR,legitimacy_NOR,capital_FRA,capital_DEU,capital_GBR,capital_ITA,capital_ESP,capital_POL,capital_UKR,capital_RUS,capital_TUR,capital_NOR
2026-01-01,1.0000,1.0000,1.0000,1.0000,1.0000,1.0000,1.0000,1.0000,1.0000,1.0000,1.0000,1.0000,1.0000,1.0000,1.0001,1.0298,1.0000,1.0000,1.0170,1.0170,1.0221,1.0232,1.0170,1.0000,3366.32,5050.92,4002.59,2551.56,1906.45,1035.49,214.23,2561.31,1597.29,530.76,1.1600,0.6290,1.0230,1.3710,1.0040,0.5880,1.0870,0.1720,0.2350,0.4500,0.6600,0.7169,0.6747,0.6374,0.6767,0.7200,0.6678,0.6750,0.6750,0.7200,0.0019,0.0004,0.0179,0.0017,0.0019,0.0000,0.0027,0.0012,0.0009,0.0031,1.0000,1.0000,1.0000,1.0000,1.0000,1.0000,1.0000,1.0000,1.0000,1.0000,53.01,188.04,79.00,54.35,61.58,9.29,7.94,244.34,57.59,79.61,0.0000,0.0000,0.0000,0.0000,0.0000,0.0000,0.0000,0.0000,0.0000,0.0000,104304,74663,53998,54750,86225,66964,95775,572442,131417,91336,0,0,0,0,0,0,0,0,0,0,0.0000,0.0000,0.0000,0.0000,0.0000,0.0000,0.0000,0.0000,0.0000,0.0000,0,0,0,0,0,0,0,0,0,0,0,0,0,0,0,0,1,1,0,0,0.1189,0.0741,0.1337,0.0482,0.0865,0.0115,0.0806,0.1079,0.0015,0.1360,0.000,0.000,0.000,0.000,0.000,0.000,0.000,0.000,0.000,0.000,semi-presidential,parliamentary,parliamentary,parliamentary,parliamentary,semi-presidential,semi-presidential,electoral-authoritarian,electoral-authoritarian,parliamentary,0.800,0.800,0.800,0.800,0.800,0.800,0.800,0.500,0.500,0.800,30.0,30.0,30.0,30.0,30.0,30.0,30.0,30.0,30.0,30.0
2026-02-01,1.0012,1.0004,1.0013,0.9981,1.0021,1.0017,1.0006,1.0006,0.9995,1.0038,1.0014,1.0003,1.0809,1.0346,1.0371,0.9984,1.0406,1.0855,1.0067,1.0370,1.0132,1.0491,1.0296,1.0014,3365.54,5051.94,4002.93,2549.50,1902.05,1037.75,211.98,2560.71,1601.05,530.91,1.1604,0.6290,1.0254,1.3736,1.0074,0.5877,1.1010,0.1743,0.2347,0.4362,0.6589,0.7160,0.6791,0.6276,0.6632,0.7197,0.6022,0.6689,0.6684,0.7011,0.0146,0.0111,0.0146,0.0189,0.0208,0.0012,0.0641,0.0019,0.0111,0.0172,0.9747,0.9735,0.9875,0.9743,0.9764,0.9944,0.9676,1.0000,0.9699,1.0000,50.54,182.68,75.95,52.69,59.80,9.15,5.79,234.38,56.01,79.07,0.0000,0.0000,0.0000,0.0000,0.0000,0.0000,0.4583,0.0410,0.0000,0.0000,104304,74663,53998,54750,86225,66964,95775,572442,131417,91336,0,0,0,0,0,0,0,0,0,0,0.0000,0.0000,0.0000,0.0000,0.0000,0.0000,0.0092,0.0092,0.0000,0.0000,0,0,0,0,0,0,0,1,0,0,0,0,0,0,0,0,1,1,0,0,0.1179,0.0739,0.1338,0.0487,0.0864,0.0116,0.0719,0.1013,0.0015,0.1321,0.000,0.000,0.000,0.000,0.000,0.000,0.031,0.147,0.000,0.000,semi-presidential,parliamentary,parliamentary,parliamentary,parliamentary,semi-presidential,semi-presidential,electoral-authoritarian,electoral-authoritarian,parliamentary,0.800,0.800,0.800,0.800,0.800,0.800,0.800,0.500,0.500,0.800,30.2,30.4,22.0,31.2,31.4,31.7,33.5,33.0,33.1,32.6
2026-03-01,1.0017,1.0016,0.9996,0.9959,1.0038,1.0041,1.0006,1.0012,1.0001,1.0053,1.0035,1.0022,1.0819,1.0293,1.0372,0.9960,1.0449,1.1017,1.0308,1.0118,1.0145,1.0151,1.1053,1.0040,3369.80,5053.81,4010.31,2551.73,1901.12,1040.39,210.57,2556.92,1608.54,530.53,1.1629,0.6304,1.0265,1.3770,1.0100,0.5841,1.1100,0.1769,0.2337,0.4220,0.6523,0.7064,0.6703,0.6256,0.6564,0.7162,0.5504,0.6718,0.6674,0.6978,0.0159,0.0107,0.0168,0.0192,0.0222,0.0005,0.0637,0.0021,0.0109,0.0207,0.9802,0.9796,0.9903,0.9789,0.9805,1.0000,0.9678,1.0000,0.9740,1.0000,50.28,182.68,76.16,52.49,59.36,9.27,5.76,232.30,55.94,79.27,0.0000,0.0000,0.0000,0.0000,0.0000,0.0000,0.4599,0.0431,0.0000,0.0000,104304,74663,53998,54750,86225,66964,95775,572442,131417,91336,0,0,0,0,0,0,0,0,0,0,0.0000,0.0000,0.0000,0.0000,0.0000,0.0000,0.0184,0.0184,0.0000,0.0000,0,0,0,0,0,0,0,1,0,0,0,0,0,0,0,0,1,1,0,0,0.1195,0.0751,0.1351,0.0499,0.0876,0.0127,0.0730,0.0996,0.0015,0.1325,0.000,0.000,0.000,0.000,0.000,0.000,0.034,0.147,0.000,0.000,semi-presidential,parliamentary,parliamentary,parliamentary,parliamentary,semi-presidential,semi-presidential,electoral-authoritarian,electoral-authoritarian,parliamentary,0.800,0.800,0.800,0.800,0.800,0.800,0.800,0.500,0.500,0.800,33.4,33.2,24.5,34.7,34.6,34.8,36.6,36.0,36.8,35.3
2026-04-01,1.0016,1.0019,0.9981,0.9934,1.0048,1.0059,1.0009,1.0014,0.9997,1.0053,1.0073,1.0046,1.0846,1.0306,1.0363,0.9938,1.0305,1.0897,1.0455,1.0031,1.0139,1.0483,1.0891,1.0054,3362.43,5057.06,4014.40,2558.96,1899.99,1040.38,209.33,2563.10,1611.74,530.30,1.1691,0.6315,1.0282,1.3774,1.0127,0.5836,1.1183,0.1787,0.2333,0.4078,0.6476,0.7068,0.6662,0.6190,0.6432,0.7254,0.5150,0.6403,0.5542,0.6909,0.0154,0.0107,0.0146,0.0165,0.0184,0.0004,0.0648,0.0022,0.0110,0.0149,0.9794,0.9788,0.9900,0.9782,0.9799,1.0000,0.9682,1.0000,0.9732,1.0000,50.33,183.14,76.57,52.83,59.51,9.35,5.73,233.22,56.04,79.24,0.0000,0.0000,0.0000,0.0000,0.0000,0.0000,0.4600,0.0434,0.0000,0.0000,104304,74663,53998,54750,86225,66964,95775,572442,131417,91336,0,0,0,0,0,0,0,0,0,0,0.0000,0.0000,0.0000,0.0000,0.0000,0.0000,0.0276,0.0276,0.0000,0.0000,0,0,0,0,0,0,0,1,0,0,0,0,0,0,0,0,1,1,0,0,0.1214,0.0769,0.1373,0.0517,0.0895,0.0143,0.0722,0.0996,0.0014,0.1325,0.000,0.000,0.000,0.000,0.000,0.000,0.037,0.147,0.000,0.000,semi-presidential,parliamentary,parliamentary,parliamentary,parliamentary,semi-presidential,semi-presidential,electoral-authoritarian,electoral-authoritarian,parliamentary,0.800,0.800,0.800,0.800,0.800,0.800,0.800,0.500,0.500,0.800,36.6,36.0,27.0,38.2,37.7,37.2,39.4,39.0,40.3,38.0
2026-05-01,1.0038,0.9994,0.9934,0.9934,1.0041,1.0096,1.0000,1.0020,1.0000,1.0077,1.0112,1.0049,1.1434,1.0250,1.0295,1.0365,1.0298,1.1048,1.0018,1.0339,1.0421,1.0681,1.1361,1.0053,3368.08,5054.02,4023.49,2557.76,1905.00,1046.54,208.37,2566.25,1611.74,531.55,1.1705,0.6335,1.0284,1.3871,1.0127,0.5771,1.1257,0.1813,0.2334,0.3924,0.6455,0.7032,0.6507,0.6192,0.6502,0.7374,0.4871,0.6589,0.6500,0.6824,0.0199,0.0149,0.0349,0.0234,0.0232,0.0033,0.0915,0.0034,0.0153,0.0174,0.9818,0.9811,0.9911,0.9807,0.9825,1.0000,0.9695,1.0000,0.9763,1.0000,50.24,181.35,76.97,51.41,58.56,9.45,5.64,231.29,55.43,78.03,0.0000,0.0000,0.0000,0.0000,0.0000,0.0000,0.4590,0.0412,0.0000,0.0000,104304,74663,53998,54750,86225,66964,95775,572442,131417,91336,0,0,0,0,0,0,0,0,0,0,0.0000,0.0000,0.0000,0.0000,0.0000,0.0000,0.0391,0.0391,0.0000,0.0000,0,0,0,0,0,0,0,1,0,0,0,0,0,0,0,0,1,1,0,0,0.1226,0.0768,0.1376,0.0514,0.0901,0.0146,0.0725,0.1004,0.0014,0.1340,0.000,0.000,0.000,0.000,0.000,0.000,0.037,0.148,0.000,0.000,semi-presidential,parliamentary,parliamentary,parliamentary,parliamentary,semi-presidential,semi-presidential,electoral-authoritarian,electoral-authoritarian,parliamentary,0.800,0.800,0.800,0.800,0.800,0.825,0.800,0.500,0.500,0.800,39.8,38.7,29.4,41.7,41.6,31.9,42.6,42.6,43.9,40.6
2026-06-01,1.0087,0.9959,0.9905,0.9944,1.0018,1.0112,0.9994,1.0018,1.0000,1.0081,1.0136,1.0060,1.1979,1.0237,1.0284,1.0490,1.0271,1.0768,1.0010,1.0036,1.0131,1.0169,1.0379,1.0071,3366.14,5049.10,4031.79,2557.31,1904.07,1048.51,207.96,2567.63,1612.70,528.51,1.1742,0.6357,1.0286,1.3911,1.0154,0.5740,1.1297,0.1835,0.2314,0.3802,0.6420,0.6998,0.6458,0.6158,0.6510,0.7339,0.4825,0.6427,0.6369,0.6795,0.0188,0.0191,0.0303,0.0297,0.0227,0.0054,0.0845,0.0012,0.0163,0.0107,0.9802,0.9795,0.9903,0.9790,0.9809,1.0000,0.9689,1.0000,0.9743,1.0000,49.48,177.59,74.73,51.75,57.25,9.47,5.52,227.69,54.71,77.05,0.0000,0.0000,0.0000,0.0000,0.0000,0.0000,0.4599,0.0435,0.0000,0.0000,104304,74663,53998,54750,86225,66964,95775,572442,131417,91336,0,0,0,0,0,0,0,0,0,0,0.0000,0.0000,0.0000,0.0000,0.0000,0.0000,0.0483,0.0483,0.0000,0.0000,0,0,0,0,0,0,0,1,0,0,0,0,0,0,0,0,1,1,0,0,0.1231,0.0766,0.1382,0.0518,0.0909,0.0148,0.0696,0.1005,0.0017,0.1368,0.000,0.000,0.000,0.000,0.000,0.000,0.038,0.149,0.000,0.000,semi-presidential,parliamentary,parliamentary,parliamentary,parliamentary,semi-presidential,semi-presidential,electoral-authoritarian,electoral-authoritarian,parliamentary,0.800,0.800,0.800,0.800,0.800,0.815,0.800,0.500,0.500,0.800,42.9,41.4,31.8,45.1,44.7,35.1,45.1,45.5,47.3,43.2
2026-07-01,1.0140,0.9939,0.9862,0.9968,0.9995,1.0108,0.9964,1.0010,1.0017,1.0056,1.0121,1.0082,1.2495,1.0218,1.0245,1.0700,1.0251,1.0675,0.9981,1.0024,1.0149,1.0060,1.0136,1.0092,3376.20,5044.94,4049.46,2555.95,1908.58,1053.63,207.61,2567.72,1613.24,528.72,1.1759,0.6378,1.0261,1.3962,1.0153,0.5723,1.1334,0.1858,0.2313,0.3655,0.6312,0.7036,0.6418,0.6071,0.6582,0.7296,0.4769,0.6399,0.6178,0.6816,0.0210,0.0239,0.0309,0.0391,0.0253,0.0087,0.0836,0.0010,0.0187,0.0099,0.9800,0.9792,0.9902,0.9787,0.9805,1.0000,0.9684,1.0000,0.9739,1.0000,48.99,174.24,72.42,52.11,56.19,9.19,5.46,225.48,54.34,76.09,0.0000,0.0000,0.0000,0.0000,0.0000,0.0000,0.4580,0.0436,0.0000,0.0000,104304,74663,53998,54750,86225,66964,95775,572442,131417,91336,0,0,0,0,0,0,0,0,0,0,0.0000,0.0000,0.0000,0.0000,0.0000,0.0000,0.0575,0.0575,0.0000,0.0000,0,0,0,0,0,0,0,1,0,0,0,0,0,0,0,0,1,1,0,0,0.1247,0.0774,0.1400,0.0531,0.0924,0.0161,0.0744,0.1021,0.0031,0.1369,0.000,0.000,0.000,0.000,0.000,0.000,0.041,0.150,0.000,0.000,semi-presidential,parliamentary,parliamentary,parliamentary,parliamentary,semi-presidential,semi-presidential,electoral-authoritarian,electoral-authoritarian,parliamentary,0.800,0.800,0.800,0.827,0.800,0.805,0.800,0.500,0.500,0.800,48.7,44.2,34.2,39.4,47.9,38.2,47.6,48.3,48.3,45.9
2026-08-01,1.0171,0.9931,0.9827,1.0005,1.0002,1.0098,0.9920,1.0020,1.0033,1.0041,1.0101,1.0077,1.1021,1.0208,1.0205,1.0751,1.0255,1.0662,0.9940,1.0341,1.0696,1.0044,1.0116,1.0078,3369.87,5033.45,4063.72,2563.36,1910.81,1057.98,206.94,2567.52,1623.39,528.47,1.1808,0.6458,1.0253,1.3963,1.0160,0.5684,1.1394,0.1886,0.2300,0.3511,0.6316,0.7185,0.6294,0.6032,0.6604,0.7335,0.4788,0.6449,0.6299,0.6859,0.0126,0.0152,0.0275,0.0344,0.0180,0.0005,0.0625,0.0033,0.0125,0.0129,0.9800,0.9793,0.9902,0.9788,0.9806,1.0000,0.9684,1.0000,0.9739,1.0000,51.09,177.07,73.38,53.95,58.03,9.46,5.51,234.15,55.76,78.56,0.0000,0.0000,0.0000,0.0000,0.0000,0.0000,0.4561,0.0434,0.0000,0.0000,104304,74663,53998,54750,86225,66964,95775,572442,131417,91336,0,0,0,0,0,0,0,0,0,0,0.0000,0.0000,0.0000,0.0000,0.0000,0.0000,0.0690,0.0690,0.0000,0.0000,0,0,0,0,0,0,0,1,0,0,0,0,0,0,0,0,1,1,0,0,0.1291,0.0812,0.1393,0.0530,0.0923,0.0161,0.0759,0.1007,0.0085,0.1373,0.000,0.000,0.000,0.000,0.000,0.000,0.041,0.150,0.000,0.000,semi-presidential,parliamentary,parliamentary,parliamentary,parliamentary,semi-presidential,semi-presidential,electoral-authoritarian,electoral-authoritarian,parliamentary,0.800,0.800,0.800,0.787,0.800,0.800,0.800,0.500,0.500,0.800,51.8,48.6,37.1,42.8,50.7,40.9,50.7,51.9,51.7,48.5
2026-09-01,1.0180,0.9917,0.9808,1.0044,1.0018,1.0084,0.9915,1.0029,1.0043,1.0036,1.0119,1.0086,1.1020,1.0194,1.0189,1.0582,1.0293,1.0643,0.9929,1.0044,1.0301,1.0039,1.0774,1.0097,3374.73,5048.96,4074.24,2561.94,1916.31,1062.93,206.83,2575.10,1631.31,529.67,1.1815,0.6459,1.0246,1.3986,1.0153,0.5645,1.1419,0.1903,0.2289,0.3358,0.6361,0.7316,0.6458,0.5940,0.6560,0.7287,0.4770,0.6390,0.6468,0.6848,0.0129,0.0129,0.0273,0.0266,0.0175,0.0000,0.0609,0.0019,0.0111,0.0133,0.9800,0.9793,0.9902,0.9788,0.9806,1.0000,0.9683,1.0000,0.9740,1.0000,51.01,180.37,75.86,52.56,58.57,9.76,5.54,233.49,56.10,79.07,0.0000,0.0000,0.0000,0.0000,0.0000,0.0000,0.4561,0.0434,0.0000,0.0000,104304,74663,53998,54750,86225,66964,95775,572442,131417,91336,0,0,0,0,0,0,0,0,0,0,0.0000,0.0000,0.0000,0.0000,0.0000,0.0000,0.0782,0.0782,0.0000,0.0000,0,0,0,0,0,0,0,1,0,0,0,0,0,0,0,0,1,1,0,0,0.1339,0.0823,0.1443,0.0533,0.0927,0.0167,0.0769,0.1009,0.0088,0.1372,0.000,0.000,0.000,0.000,0.000,0.000,0.041,0.151,0.000,0.000,semi-presidential,parliamentary,parliamentary,parliamentary,parliamentary,semi-presidential,semi-presidential,electoral-authoritarian,electoral-authoritarian,parliamentary,0.800,0.800,0.800,0.793,0.800,0.800,0.722,0.500,0.500,0.800,55.0,52.5,39.5,44.5,53.8,44.0,63.2,54.7,55.2,51.1
2026-10-01,1.0174,0.9910,0.9818,1.0055,1.0017,1.0088,0.9890,1.0016,1.0047,1.0021,1.0133,1.0108,1.1023,1.0188,1.0762,1.0484,1.0268,1.0641,0.9908,1.0033,1.0184,1.0024,1.0644,1.0112,3387.84,5059.94,4075.99,2567.53,1917.24,1065.00,206.28,2578.74,1640.08,529.19,1.1789,0.6461,1.0260,1.3983,1.0201,0.5615,1.1467,0.1923,0.2278,0.3216,0.6433,0.7245,0.6522,0.6037,0.6504,0.7328,0.4893,0.6422,0.6442,0.6799,0.0166,0.0134,0.0302,0.0242,0.0203,0.0000,0.0615,0.0013,0.0147,0.0125,0.9802,0.9794,0.9903,0.9789,0.9808,1.0000,0.9685,1.0000,0.9741,1.0000,51.44,182.46,77.42,52.26,59.69,9.67,5.61,235.82,56.59,79.27,0.0000,0.0000,0.0000,0.0000,0.0000,0.0000,0.4554,0.0434,0.0000,0.0000,104304,74663,53998,54750,86225,66964,95775,572442,131417,91336,0,0,0,0,0,0,0,0,0,0,0.0000,0.0000,0.0000,0.0000,0.0000,0.0000,0.0874,0.0874,0.0000,0.0000,0,0,0,0,0,0,0,1,0,0,0,0,0,0,0,0,1,1,0,0,0.1359,0.0846,0.1467,0.0553,0.0989,0.0182,0.0781,0.1053,0.0103,0.1355,0.000,0.000,0.000,0.000,0.000,0.000,0.042,0.147,0.000,0.000,semi-presidential,parliamentary,parliamentary,parliamentary,parliamentary,semi-presidential,semi-presidential,electoral-authoritarian,electoral-authoritarian,parliamentary,0.800,0.800,0.800,0.800,0.800,0.800,0.731,0.500,0.500,0.800,58.1,55.4,41.9,47.9,58.4,47.2,65.8,57.5,58.7,53.7
2026-11-01,1.0191,0.9886,0.9857,1.0070,1.0024,1.0084,0.9864,1.0009,1.0045,0.9982,1.0141,1.0121,1.1409,1.0158,1.1836,1.0919,1.0272,1.0638,0.9880,1.0024,1.0179,0.9987,1.0154,1.0123,3404.10,5079.85,4079.96,2568.15,1920.22,1068.11,206.42,2590.27,1644.12,529.14,1.1750,0.6451,1.0269,1.4004,1.0207,0.5580,1.1482,0.1943,0.2273,0.3071,0.6491,0.7202,0.6533,0.5961,0.6615,0.7400,0.4923,0.6440,0.6453,0.6878,0.0242,0.0251,0.0366,0.0412,0.0283,0.0015,0.0814,0.0010,0.0237,0.0122,0.9803,0.9795,0.9903,0.9791,0.9809,1.0000,0.9685,1.0000,0.9743,1.0000,51.47,179.12,74.93,52.47,58.95,9.55,5.52,235.04,56.16,78.03,0.0000,0.0000,0.0000,0.0000,0.0000,0.0000,0.4615,0.0429,0.0000,0.0000,104304,74663,53998,54750,86225,66964,95775,572442,131417,91336,0,0,0,0,0,0,0,0,0,0,0.0000,0.0000,0.0000,0.0000,0.0000,0.0000,0.0989,0.0989,0.0000,0.0000,0,0,0,0,0,0,0,1,0,0,0,0,0,0,0,0,1,1,0,0,0.1368,0.0843,0.1476,0.0598,0.1000,0.0188,0.0770,0.1075,0.0110,0.1371,0.000,0.000,0.000,0.000,0.000,0.000,0.040,0.147,0.000,0.000,semi-presidential,parliamentary,parliamentary,parliamentary,parliamentary,semi-presidential,semi-presidential,electoral-authoritarian,electoral-authoritarian,parliamentary,0.800,0.800,0.800,0.800,0.800,0.800,0.743,0.500,0.500,0.800,61.4,58.2,44.4,51.3,61.6,50.5,69.1,61.1,62.2,56.4
2026-12-01,1.0235,0.9891,0.9880,1.0107,1.0019,1.0109,0.9861,0.9999,1.0045,0.9961,1.0157,1.0123,1.2170,1.0209,1.0652,1.0948,1.0271,1.1688,0.9872,1.0011,1.0637,0.9967,1.0417,1.0124,3412.02,5080.33,4090.69,2571.69,1924.42,1072.14,206.12,2589.92,1649.63,528.35,1.1765,0.6466,1.0261,1.4007,1.0207,0.5540,1.1518,0.1966,0.2267,0.2929,0.6566,0.7105,0.6504,0.5999,0.6696,0.7407,0.4941,0.6460,0.6402,0.6897,0.0240,0.0292,0.0348,0.0431,0.0286,0.0075,0.0844,0.0029,0.0196,0.0122,0.9764,0.9753,0.9883,0.9756,0.9777,0.9963,0.9670,1.0000,0.9709,1.0000,50.54,170.14,69.82,52.92,56.54,9.34,5.32,231.57,55.87,76.26,0.0000,0.0000,0.0000,0.0000,0.0000,0.0000,0.4615,0.0429,0.0000,0.0000,104304,74663,53998,54750,86225,66964,95775,572442,131417,91336,0,0,0,0,0,0,0,0,0,0,0.0000,0.0000,0.0000,0.0000,0.0000,0.0000,0.1081,0.1081,0.0000,0.0000,0,0,0,0,0,0,0,1,0,0,0,0,0,0,0,0,1,1,0,0,0.1297,0.0793,0.1392,0.0567,0.0944,0.0185,0.0781,0.1090,0.0108,0.1375,0.000,0.000,0.000,0.000,0.000,0.000,0.037,0.147,0.000,0.000,semi-presidential,parliamentary,parliamentary,parliamentary,parliamentary,semi-presidential,semi-presidential,electoral-authoritarian,electoral-authoritarian,parliamentary,0.800,0.800,0.800,0.800,0.800,0.800,0.752,0.500,0.500,0.800,49.0,61.0,46.8,54.6,64.8,53.7,71.7,63.9,65.6,59.1
2027-01-01,1.0289,0.9916,0.9895,1.0124,1.0023,1.0141,0.9844,0.9982,1.0061,0.9960,1.0149,1.0114,1.1734,1.0845,1.1403,1.0761,1.0334,1.1217,0.9860,0.9998,1.0324,0.9962,1.0166,1.0116,3428.09,5083.48,4086.42,2574.40,1924.21,1075.49,205.65,2589.32,1667.98,528.22,1.1721,0.6478,1.0291,1.4011,1.0230,0.5504,1.1566,0.1994,0.2243,0.2824,0.6542,0.7067,0.6342,0.6056,0.6520,0.7396,0.4988,0.6709,0.6551,0.6855,0.0315,0.0298,0.0407,0.0429,0.0371,0.0093,0.0840,0.0015,0.0279,0.0132,0.9218,0.9266,0.9600,0.9293,0.9235,0.9581,0.9567,1.0000,0.9322,1.0000,51.92,177.35,73.74,52.55,58.88,9.36,5.46,237.40,57.42,77.81,0.0000,0.0000,0.0000,0.0000,0.0000,0.0000,0.4604,0.0428,0.0000,0.0000,104304,74663,53998,54750,86225,66964,95775,572442,131417,91336,0,0,0,0,0,0,0,0,0,0,0.0000,0.0000,0.0000,0.0000,0.0000,0.0000,0.1196,0.1196,0.0000,0.0000,0,0,0,0,0,0,0,1,0,0,0,0,0,0,0,0,1,1,0,0,0.1177,0.0752,0.1258,0.0509,0.0849,0.0174,0.0763,0.1087,0.0125,0.1363,0.000,0.000,0.000,0.000,0.000,0.000,0.033,0.149,0.000,0.000,semi-presidential,parliamentary,parliamentary,parliamentary,parliamentary,semi-presidential,semi-presidential,electoral-authoritarian,electoral-authoritarian,parliamentary,0.800,0.800,0.800,0.800,0.800,0.800,0.764,0.500,0.500,0.800,52.2,63.8,49.2,58.0,68.0,56.9,75.0,67.6,72.8,61.5
2027-02-01,1.0304,0.9951,0.9936,1.0134,1.0031,1.0161,0.9822,0.9971,1.0064,0.9957,1.0128,1.0102,1.1129,1.0939,1.2323,1.0950,1.0292,1.0717,0.9834,0.9986,1.0197,0.9961,1.0149,1.0102,3435.83,5094.19,4097.11,2576.89,1926.24,1081.02,205.27,2594.29,1668.55,527.73,1.1704,0.6480,1.0283,1.4027,1.0241,0.5458,1.1606,0.2012,0.2243,0.2680,0.6351,0.7102,0.6204,0.5977,0.6437,0.7327,0.5127,0.6510,0.6583,0.6851,0.0335,0.0302,0.0438,0.0473,0.0378,0.0064,0.0598,0.0010,0.0331,0.0130,0.9166,0.9218,0.9573,0.9248,0.9183,0.9543,0.9562,1.0000,0.9282,1.0000,52.16,179.80,74.91,52.33,59.22,9.41,5.47,236.88,57.59,79.34,0.0000,0.0000,0.0000,0.0000,0.0000,0.0000,0.4600,0.0427,0.0000,0.0000,104304,74663,53998,54750,86225,66964,95775,572442,131417,91336,0,0,0,0,0,0,0,0,0,0,0.0000,0.0000,0.0000,0.0000,0.0000,0.0000,0.1288,0.1288,0.0000,0.0000,0,0,0,0,0,0,0,1,0,0,0,0,0,0,0,0,1,1,0,0,0.1354,0.0831,0.1507,0.0585,0.0984,0.0175,0.0783,0.1057,0.0136,0.1377,0.000,0.000,0.000,0.000,0.000,0.000,0.028,0.150,0.000,0.000,semi-presidential,parliamentary,parliamentary,parliamentary,parliamentary,semi-presidential,semi-presidential,electoral-authoritarian,electoral-authoritarian,parliamentary,0.800,0.800,0.800,0.800,0.800,0.800,0.773,0.500,0.500,0.800,55.4,66.7,51.5,64.8,71.1,60.1,77.7,70.5,76.4,64.2
2027-03-01,1.0317,0.9962,0.9963,1.0153,1.0048,1.0169,0.9823,0.9987,1.0070,0.9970,1.0119,1.0107,1.1146,1.0232,1.0403,1.0860,1.0422,1.0719,1.0248,1.0881,1.0453,1.0311,1.0135,1.0108,3448.61,5088.42,4118.14,2576.69,1934.20,1087.47,205.05,2599.78,1668.55,528.83,1.1665,0.6501,1.0247,1.4062,1.0219,0.5407,1.1634,0.2030,0.2243,0.2528,0.6303,0.7127,0.6368,0.5948,0.6398,0.7356,0.5181,0.6526,0.6583,0.6855,0.0169,0.0166,0.0323,0.0335,0.0229,0.0000,0.0652,0.0032,0.0117,0.0210,0.9806,0.9799,0.9905,0.9794,0.9811,1.0000,0.9685,1.0000,0.9747,1.0000,52.94,176.79,72.55,53.83,58.67,9.58,5.40,240.56,57.94,79.13,0.0000,0.0000,0.0000,0.0000,0.0000,0.0000,0.4597,0.0417,0.0000,0.0000,104304,74663,53998,54750,86225,66964,95775,572442,131417,91336,0,0,0,0,0,0,0,0,0,0,0.0000,0.0000,0.0000,0.0000,0.0000,0.0000,0.1380,0.1380,0.0000,0.0000,0,0,0,0,0,0,0,1,0,0,0,0,0,0,0,0,1,1,0,0,0.1357,0.0824,0.1501,0.0589,0.0986,0.0182,0.0790,0.1075,0.0141,0.1399,0.000,0.000,0.000,0.000,0.000,0.000,0.026,0.150,0.000,0.000,semi-presidential,parliamentary,parliamentary,parliamentary,parliamentary,semi-presidential,semi-presidential,electoral-authoritarian,electoral-authoritarian,parliamentary,0.800,0.800,0.800,0.800,0.800,0.800,0.782,0.500,0.500,0.800,62.8,69.5,53.8,51.2,74.2,63.3,80.5,73.4,76.4,66.8
2027-04-01,1.0326,0.9967,0.9987,1.0203,1.0068,1.0169,0.9823,1.0012,1.0079,0.9983,1.0097,1.0091,1.1147,1.0343,1.1506,1.1110,1.0434,1.0716,0.9891,1.0699,1.0616,1.0442,1.0111,1.0091,3455.11,5095.06,4130.85,2574.46,1939.70,1093.61,204.45,2602.94,1685.06,530.87,1.1648,0.6504,1.0230,1.4084,1.0207,0.5359,1.1682,0.2050,0.2223,0.2372,0.6126,0.7026,0.6382,0.5883,0.6401,0.7369,0.5215,0.6564,0.6851,0.6856,0.0231,0.0241,0.0382,0.0455,0.0300,0.0011,0.0623,0.0033,0.0207,0.0201,0.9717,0.9704,0.9859,0.9716,0.9737,0.9922,0.9672,1.0000,0.9674,1.0000,52.73,174.06,73.03,54.10,57.68,9.95,5.25,237.84,57.48,79.04,0.0000,0.0000,0.0000,0.0000,0.0000,0.0000,0.4601,0.0416,0.0000,0.0000,104304,74663,53998,54750,86225,66964,95775,572442,131417,91336,0,0,0,0,0,0,0,0,0,0,0.0000,0.0000,0.0000,0.0000,0.0000,0.0000,0.1472,0.1472,0.0000,0.0000,0,0,0,0,0,0,0,1,0,0,0,0,0,0,0,0,1,1,0,0,0.1325,0.0777,0.1424,0.0550,0.0932,0.0173,0.0773,0.1061,0.0125,0.1401,0.000,0.000,0.000,0.000,0.000,0.000,0.021,0.152,0.000,0.000,semi-presidential,parliamentary,parliamentary,parliamentary,parliamentary,semi-presidential,semi-presidential,electoral-authoritarian,electoral-authoritarian,parliamentary,0.800,0.800,0.800,0.800,0.800,0.800,0.791,0.500,0.500,0.800,67.8,72.2,56.2,54.5,77.3,66.5,83.3,76.4,83.9,69.5
2027-05-01,1.0299,0.9984,1.0004,1.0247,1.0198,1.0170,0.9836,1.0030,1.0099,1.0003,1.0077,1.0072,1.1059,1.0413,1.0362,1.0984,1.0450,1.0714,1.0569,1.0766,1.0865,1.0667,1.0090,1.0074,3447.81,5098.11,4140.21,2565.43,1937.07,1101.44,204.44,2611.00,1691.70,532.06,1.1672,0.6510,1.0188,1.4141,1.0267,0.5303,1.1697,0.2071,0.2215,0.2291,0.6064,0.6965,0.6290,0.5793,0.6553,0.7337,0.5149,0.6403,0.6897,0.7007,0.0177,0.0183,0.0336,0.0363,0.0245,0.0016,0.0629,0.0047,0.0139,0.0218,0.9668,0.9663,0.9834,0.9678,0.9688,0.9887,0.9662,1.0000,0.9647,1.0000,51.85,175.20,73.78,53.03,56.58,10.16,5.17,233.88,57.56,78.77,0.0000,0.0000,0.0000,0.0000,0.0000,0.0000,0.4604,0.0409,0.0000,0.0000,104304,74663,53998,54750,86225,66964,95775,572442,131417,91336,0,0,0,0,0,0,0,0,0,0,0.0000,0.0000,0.0000,0.0000,0.0000,0.0000,0.1587,0.1587,0.0000,0.0000,0,0,0,0,0,0,0,1,0,0,0,0,0,0,0,0,1,1,0,0,0.1224,0.0732,0.1308,0.0500,0.0853,0.0162,0.0759,0.1063,0.0108,0.1391,0.000,0.000,0.000,0.000,0.000,0.000,0.017,0.148,0.000,0.000,semi-presidential,parliamentary,parliamentary,parliamentary,parliamentary,semi-presidential,semi-presidential,electoral-authoritarian,electoral-authoritarian,parliamentary,0.800,0.800,0.800,0.800,0.800,0.800,0.800,0.500,0.500,0.800,100.0,75.0,58.5,57.8,80.4,69.7,86.8,80.0,87.7,71.3
2027-06-01,1.0245,0.9989,1.0036,1.0297,1.0842,1.0526,0.9846,1.0046,1.0239,1.0034,1.0074,1.0056,1.0983,1.0256,1.2245,1.1114,1.2367,2.6314,1.0056,1.0220,1.5478,1.0833,1.0089,1.0054,3446.68,5099.36,4138.33,2561.97,1932.64,1107.39,204.23,2611.12,1696.17,532.54,1.1673,0.6516,1.0196,1.4166,1.0303,0.5258,1.1719,0.2093,0.2210,0.2071,0.5874,0.6747,0.6300,0.5519,0.5859,0.7340,0.5194,0.6258,0.6634,0.6366,0.0512,0.0505,0.0823,0.0961,0.0893,0.0155,0.0756,0.0218,0.0485,0.0751,0.9808,0.9802,0.9907,0.9796,0.9812,1.0000,0.9682,1.0000,0.9750,1.0000,51.49,173.55,73.44,50.53,54.98,9.90,4.98,229.21,57.19,78.83,0.0000,0.0000,0.0000,0.0000,0.0000,0.0000,0.4601,0.0401,0.0000,0.0000,104304,74663,53998,54750,86225,66964,95775,572442,131417,91336,0,0,0,0,0,0,0,0,0,0,0.0000,0.0000,0.0000,0.0000,0.0000,0.0000,0.1679,0.1679,0.0000,0.0000,0,0,0,0,0,0,0,1,0,0,0,0,0,0,0,0,1,1,0,0,0.1358,0.0792,0.1455,0.0549,0.0946,0.0166,0.0828,0.1054,0.0109,0.1390,0.000,0.000,0.000,0.000,0.000,0.000,0.013,0.148,0.000,0.000,semi-presidential,parliamentary,parliamentary,parliamentary,parliamentary,semi-presidential,semi-presidential,electoral-authoritarian,electoral-authoritarian,parliamentary,0.800,0.800,0.800,0.800,0.800,0.800,0.800,0.500,0.500,0.800,100.0,77.6,59.3,60.9,83.3,72.9,89.6,82.8,91.4,75.1
2027-07-01,1.0196,0.9989,1.0082,1.0308,1.1288,1.0964,0.9841,1.0045,1.0352,1.0060,1.0057,1.0069,1.0947,1.0257,1.1537,1.0770,1.2553,2.1324,0.9854,1.0059,1.2175,1.0304,1.0072,1.0074,3449.45,5096.79,4144.98,2560.46,1938.10,1111.08,204.59,2615.24,1701.79,534.22,1.1660,0.6524,1.0189,1.4177,1.0285,0.5224,1.1708,0.2111,0.2204,0.1919,0.5948,0.6768,0.6062,0.5343,0.5790,0.7246,0.5283,0.6357,0.6882,0.6392,0.0343,0.0330,0.0567,0.0630,0.0597,0.0100,0.0636,0.0078,0.0266,0.0537,0.9809,0.9803,0.9907,0.9798,0.9815,1.0000,0.9687,1.0000,0.9753,1.0000,53.66,189.04,80.79,50.70,58.73,10.49,5.47,237.88,59.85,79.95,0.0000,0.0000,0.0000,0.0000,0.0000,0.0000,0.4589,0.0405,0.0000,0.0000,104304,74663,53998,54750,86225,66964,95775,572442,131417,91336,0,0,0,0,0,0,0,0,0,0,0.0000,0.0000,0.0000,0.0000,0.0000,0.0000,0.1771,0.1771,0.0000,0.0000,0,0,0,0,0,0,0,1,0,0,0,0,0,0,0,0,1,1,0,0,0.1386,0.0831,0.1481,0.0565,0.1004,0.0182,0.0873,0.1078,0.0121,0.1361,0.000,0.000,0.000,0.000,0.000,0.000,0.010,0.146,0.000,0.000,semi-presidential,parliamentary,parliamentary,parliamentary,parliamentary,semi-presidential,semi-presidential,electoral-authoritarian,electoral-authoritarian,parliamentary,0.800,0.800,0.800,0.800,0.800,0.800,0.800,0.500,0.500,0.800,100.0,80.3,61.6,63.9,86.0,76.1,92.4,85.6,95.2,77.6
2027-08-01,1.0185,0.9965,1.0084,1.0291,1.1591,1.1235,0.9843,1.0033,1.0373,1.0057,1.0026,1.0075,1.1010,1.0244,1.0454,1.0402,1.2534,1.6433,0.9998,1.0048,1.0833,1.0149,1.0047,1.0076,3460.79,5101.25,4146.84,2565.33,1945.42,1114.63,204.08,2613.06,1708.21,534.52,1.1617,0.6522,1.0193,1.4170,1.0254,0.5191,1.1745,0.2140,0.2196,0.1773,0.6084,0.6886,0.6243,0.5757,0.5881,0.7209,0.5310,0.6306,0.6738,0.6484,0.0186,0.0184,0.0280,0.0337,0.0343,0.0049,0.0624,0.0025,0.0135,0.0354,0.9800,0.9793,0.9903,0.9788,0.9806,1.0000,0.9687,1.0000,0.9741,1.0000,55.28,194.77,84.75,53.43,61.68,10.51,5.86,246.98,61.38,80.39,0.0000,0.0000,0.0000,0.0000,0.0000,0.0000,0.4599,0.0422,0.0000,0.0000,104304,74663,53998,54750,86225,66964,95775,572442,131417,91336,0,0,0,0,0,0,0,0,0,0,0.0000,0.0000,0.0000,0.0000,0.0000,0.0000,0.1886,0.1886,0.0000,0.0000,0,0,0,0,0,0,0,1,0,0,0,0,0,0,0,0,1,1,0,0,0.1387,0.0844,0.1485,0.0617,0.1004,0.0186,0.0902,0.1109,0.0126,0.1334,0.000,0.000,0.000,0.000,0.000,0.000,0.007,0.145,0.000,0.000,semi-presidential,parliamentary,parliamentary,parliamentary,parliamentary,semi-presidential,semi-presidential,electoral-authoritarian,electoral-authoritarian,parliamentary,0.800,0.800,0.800,0.800,0.800,0.800,0.800,0.500,0.500,0.800,100.0,82.9,63.9,68.8,30.0,79.2,96.0,89.1,98.9,80.1
2027-09-01,1.0200,0.9959,1.0100,1.0266,1.1746,1.1365,0.9842,1.0022,1.0365,1.0050,1.0020,1.0070,1.1061,1.0237,1.0980,1.0520,1.2420,1.4501,0.9857,1.0039,1.0524,1.0070,1.0036,1.0073,3464.38,5103.27,4150.71,2577.62,1949.94,1119.23,204.18,2617.64,1714.75,534.35,1.1600,0.6521,1.0193,1.4099,1.0233,0.5148,1.1744,0.2208,0.2189,0.1729,0.6163,0.6920,0.6399,0.5799,0.6044,0.7196,0.5451,0.6411,0.6805,0.6191,0.0186,0.0164,0.0328,0.0295,0.0295,0.0027,0.0675,0.0012,0.0131,0.0253,0.9800,0.9793,0.9903,0.9789,0.9806,1.0000,0.9688,1.0000,0.9742,1.0000,55.84,195.17,85.25,54.28,62.57,10.57,5.97,249.68,61.37,80.39,0.0000,0.0000,0.0000,0.0000,0.0000,0.0000,0.4593,0.0423,0.0000,0.0000,104304,74663,53998,54750,86225,66964,95775,572442,131417,91336,0,0,0,0,0,0,0,0,0,0,0.0000,0.0000,0.0000,0.0000,0.0000,0.0000,0.1978,0.1978,0.0000,0.0000,0,0,0,0,0,0,0,1,0,0,0,0,0,0,0,0,1,1,0,0,0.1262,0.0788,0.1340,0.0557,0.0906,0.0181,0.0895,0.1117,0.0116,0.1334,0.000,0.000,0.000,0.000,0.000,0.000,0.005,0.145,0.000,0.000,semi-presidential,parliamentary,parliamentary,parliamentary,parliamentary,semi-presidential,semi-presidential,electoral-authoritarian,electoral-authoritarian,parliamentary,0.800,0.800,0.800,0.800,0.800,0.800,0.800,0.500,0.490,0.800,100.0,85.6,66.2,72.0,32.6,83.3,99.0,91.8,100.0,80.8
2027-10-01,1.0202,0.9929,1.0126,1.0256,1.1801,1.1406,0.9846,0.9998,1.0345,1.0027,1.0020,1.0049,1.1020,1.0192,1.1394,1.0577,1.2201,1.2079,0.9954,1.0017,1.0504,1.0047,1.0447,1.0051,3467.82,5107.47,4158.45,2577.13,1950.55,1123.21,204.34,2623.94,1724.15,535.38,1.1585,0.6514,1.0183,1.4095,1.0230,0.5139,1.1779,0.2230,0.2178,0.1581,0.6156,0.6904,0.6394,0.5945,0.6132,0.7179,0.5470,0.6296,0.6808,0.6355,0.0184,0.0128,0.0314,0.0236,0.0249,0.0000,0.0717,0.0014,0.0138,0.0177,0.9812,0.9803,0.9908,0.9801,0.9820,1.0000,0.9699,1.0000,0.9756,1.0000,54.84,193.02,83.94,53.27,61.22,10.48,5.96,244.12,60.55,80.38,0.0000,0.0000,0.0000,0.0000,0.0000,0.0000,0.4592,0.0425,0.0000,0.0000,104304,74663,53998,54750,86225,66964,95775,572442,131417,91336,0,0,0,0,0,0,0,0,0,0,0.0000,0.0000,0.0000,0.0000,0.0000,0.0000,0.2093,0.2093,0.0000,0.0000,0,0,0,0,0,0,0,1,0,0,0,0,0,0,0,0,1,1,0,0,0.1167,0.0737,0.1232,0.0507,0.0829,0.0196,0.0877,0.1088,0.0099,0.1336,0.000,0.000,0.000,0.000,0.000,0.000,0.002,0.148,0.000,0.000,semi-presidential,parliamentary,parliamentary,parliamentary,parliamentary,semi-presidential,semi-presidential,electoral-authoritarian,electoral-authoritarian,parliamentary,0.800,0.800,0.800,0.800,0.850,0.800,0.800,0.500,0.500,0.800,100.0,88.3,68.6,100.0,45.2,87.1,100.0,95.3,100.0,83.2
2027-11-01,1.0199,0.9900,1.0144,1.0249,1.1817,1.1396,0.9856,0.9964,1.0326,1.0007,1.0020,1.0045,1.1013,1.0175,1.0516,1.0253,1.2042,1.2071,1.0057,0.9987,1.0491,1.0028,1.0038,1.0045,3475.44,5118.54,4158.48,2588.14,1958.68,1126.47,204.61,2623.77,1725.28,537.00,1.1557,0.6499,1.0191,1.4029,1.0188,0.5114,1.1765,0.2252,0.2177,0.1431,0.6198,0.6992,0.6226,0.6070,0.6138,0.7222,0.5412,0.6624,0.6970,0.6521,0.0114,0.0099,0.0094,0.0147,0.0146,0.0000,0.0596,0.0013,0.0102,0.0092,0.9803,0.9796,0.9904,0.9792,0.9810,1.0000,0.9687,1.0000,0.9745,1.0000,54.82,192.37,82.78,53.36,61.02,10.31,5.93,245.48,61.12,80.38,0.0000,0.0000,0.0000,0.0000,0.0000,0.0000,0.4592,0.0425,0.0000,0.0000,104304,74663,53998,54750,86225,66964,95775,572442,131417,91336,0,0,0,0,0,0,0,0,0,0,0.0000,0.0000,0.0000,0.0000,0.0000,0.0000,0.2185,0.2185,0.0000,0.0000,0,0,0,0,0,0,0,1,0,0,0,0,0,0,0,0,1,1,0,0,0.1350,0.0813,0.1449,0.0590,0.0969,0.0200,0.0871,0.1088,0.0108,0.1332,0.000,0.000,0.000,0.000,0.000,0.000,0.000,0.149,0.000,0.000,semi-presidential,parliamentary,parliamentary,parliamentary,parliamentary,semi-presidential,semi-presidential,electoral-authoritarian,electoral-authoritarian,parliamentary,0.800,0.800,0.800,0.800,0.837,0.800,0.800,0.500,0.500,0.800,100.0,91.1,70.9,100.0,48.6,30.0,100.0,98.2,100.0,85.6
2027-12-01,1.0172,0.9876,1.0165,1.0218,1.1768,1.1377,0.9875,0.9943,1.0286,0.9977,1.0022,1.0042,1.0954,1.0150,1.1409,1.0223,1.2001,1.2052,1.1194,0.9958,1.0443,0.9993,1.0376,1.0042,3486.25,5109.42,4170.95,2587.94,1963.89,1130.36,204.48,2627.23,1730.21,538.18,1.1520,0.6509,1.0170,1.4025,1.0162,0.5087,1.1772,0.2271,0.2171,0.1307,0.6272,0.7043,0.6470,0.6077,0.6341,0.7371,0.5542,0.6493,0.6850,0.6798,0.0215,0.0126,0.0203,0.0205,0.0233,0.0000,0.0614,0.0022,0.0137,0.0164,0.9804,0.9797,0.9904,0.9792,0.9810,1.0000,0.9684,1.0000,0.9746,1.0000,53.41,188.47,79.16,52.17,59.87,10.01,5.77,239.17,60.04,80.39,0.0000,0.0000,0.0000,0.0000,0.0000,0.0000,0.4592,0.0425,0.0000,0.0000,104304,74663,53998,54750,86225,66964,95775,572442,131417,91336,0,0,0,0,0,0,0,0,0,0,0.0000,0.0000,0.0000,0.0000,0.0000,0.0000,0.2277,0.2277,0.0000,0.0000,0,0,0,0,0,0,0,1,0,0,0,0,0,0,0,0,1,1,0,0,0.1353,0.0869,0.1459,0.0591,0.0978,0.0188,0.0794,0.1052,0.0104,0.1330,0.000,0.000,0.000,0.000,0.000,0.000,0.000,0.149,0.000,0.000,semi-presidential,parliamentary,parliamentary,parliamentary,parliamentary,semi-presidential,semi-presidential,electoral-authoritarian,electoral-authoritarian,parliamentary,0.800,0.800,0.800,0.800,0.827,0.800,0.800,0.500,0.500,0.800,100.0,93.8,73.3,100.0,51.3,31.4,100.0,100.0,100.0,88.2
2028-01-01,1.0125,0.9983,1.0196,1.0209,1.1921,1.1307,0.9923,0.9931,1.0240,0.9932,1.0034,1.0030,1.0899,1.2410,1.1717,1.0209,1.2611,1.1984,1.1681,0.9944,1.0387,0.9939,1.0610,1.0032,3496.23,5114.20,4174.99,2581.91,1960.16,1138.48,204.14,2624.98,1735.05,538.79,1.1487,0.6503,1.0169,1.4054,1.0181,0.5010,1.1789,0.2300,0.2166,0.1015,0.6204,0.6928,0.6412,0.5755,0.6094,0.7304,0.5592,0.6381,0.6658,0.6799,0.0505,0.0370,0.0407,0.0528,0.0608,0.0198,0.0644,0.0024,0.0373,0.0362,0.7994,0.8115,0.8986,0.8147,0.8004,0.8589,0.9445,1.0000,0.8166,1.0000,52.57,179.25,75.46,51.61,57.17,9.72,5.40,233.85,58.51,77.33,0.0000,0.0000,0.0000,0.0000,0.0000,0.0000,0.4591,0.0426,0.0000,0.0000,104304,74663,53998,54750,86225,66964,95775,572442,131417,91336,0,0,0,0,0,0,0,0,0,0,0.0000,0.0000,0.0000,0.0000,0.0000,0.0000,0.2392,0.2392,0.0000,0.0000,0,0,0,0,0,0,0,1,0,0,0,0,0,0,0,0,1,1,0,0,0.1188,0.0764,0.1260,0.0502,0.0846,0.0181,0.0880,0.1065,0.0092,0.1331,0.000,0.000,0.000,0.000,0.000,0.000,0.000,0.150,0.000,0.000,semi-presidential,parliamentary,parliamentary,parliamentary,parliamentary,semi-presidential,semi-presidential,electoral-authoritarian,electoral-authoritarian,parliamentary,0.800,0.800,0.800,0.800,0.817,0.800,0.800,0.500,0.500,0.800,100.0,96.6,75.7,100.0,53.9,37.5,100.0,100.0,100.0,93.5
2028-02-01,1.0088,1.0053,1.0230,1.0206,1.1947,1.1184,0.9965,0.9926,1.0206,0.9897,1.0027,1.0010,1.0865,1.1666,1.1204,1.0505,1.2168,1.1849,1.0843,0.9940,1.0353,0.9904,1.0045,1.0014,3502.20,5106.66,4175.06,2584.92,1959.61,1141.69,204.32,2630.43,1743.69,539.29,1.1468,0.6514,1.0178,1.4035,1.0184,0.4977,1.1778,0.2317,0.2156,0.0869,0.6167,0.6876,0.6266,0.5677,0.6091,0.7333,0.5518,0.6421,0.6540,0.6910,0.0335,0.0265,0.0353,0.0328,0.0358,0.0118,0.0685,0.0016,0.0271,0.0127,0.8647,0.8743,0.9314,0.8780,0.8658,0.9159,0.9488,1.0000,0.8842,1.0000,53.11,186.22,79.79,52.09,59.34,9.88,5.58,238.93,60.44,80.24,0.0000,0.0000,0.0000,0.0000,0.0000,0.0000,0.4591,0.0426,0.0000,0.0000,104304,74663,53998,54750,86225,66964,95775,572442,131417,91336,0,0,0,0,0,0,0,0,0,0,0.0000,0.0000,0.0000,0.0000,0.0000,0.0000,0.2484,0.2484,0.0000,0.0000,0,0,0,0,0,0,0,1,0,0,0,0,0,0,0,0,1,1,0,0,0.1151,0.0791,0.1217,0.0483,0.0813,0.0169,0.0841,0.1051,0.0080,0.1332,0.000,0.000,0.000,0.000,0.000,0.000,0.000,0.152,0.000,0.000,semi-presidential,parliamentary,parliamentary,parliamentary,parliamentary,semi-presidential,semi-presidential,electoral-authoritarian,electoral-authoritarian,parliamentary,0.800,0.800,0.800,0.800,0.807,0.800,0.800,0.500,0.500,0.800,100.0,99.3,73.0,100.0,56.5,40.6,100.0,100.0,100.0,96.1
2028-03-01,1.0056,1.0085,1.0244,1.0168,1.1910,1.1045,0.9978,0.9918,1.0173,0.9862,1.0015,0.9988,1.0830,1.0592,1.1263,1.0177,1.2134,1.1695,1.0498,0.9933,1.0320,0.9862,1.0031,0.9997,3509.17,5119.96,4162.37,2592.02,1953.60,1143.55,203.71,2634.10,1752.48,541.51,1.1446,0.6498,1.0228,1.3996,1.0215,0.4950,1.1813,0.2336,0.2146,0.0720,0.6181,0.6962,0.5876,0.5800,0.6021,0.7338,0.5573,0.6418,0.6429,0.6931,0.0194,0.0146,0.0161,0.0213,0.0219,0.0021,0.0575,0.0014,0.0147,0.0114,0.9600,0.9602,0.9802,0.9619,0.9621,0.9851,0.9659,1.0000,0.9595,1.0000,52.86,185.67,78.00,52.49,59.39,9.76,5.51,239.04,60.71,80.48,0.0000,0.0000,0.0000,0.0000,0.0000,0.0000,0.4591,0.0427,0.0000,0.0000,104304,74663,53998,54750,86225,66964,95775,572442,131417,91336,0,0,0,0,0,0,0,0,0,0,0.0000,0.0000,0.0000,0.0000,0.0000,0.0000,0.2576,0.2576,0.0000,0.0000,0,0,0,0,0,0,0,1,0,0,0,0,0,0,0,0,1,1,0,0,0.1007,0.0721,0.1072,0.0422,0.0714,0.0150,0.0768,0.1033,0.0064,0.1329,0.000,0.000,0.000,0.000,0.000,0.000,0.000,0.154,0.000,0.000,semi-presidential,parliamentary,parliamentary,parliamentary,parliamentary,semi-presidential,semi-presidential,electoral-authoritarian,electoral-authoritarian,parliamentary,0.800,0.800,0.800,0.800,0.800,0.800,0.800,0.500,0.500,0.800,100.0,100.0,76.9,100.0,59.1,43.6,100.0,100.0,100.0,98.8
2028-04-01,1.0037,1.0114,1.0235,1.0110,1.1839,1.0922,0.9974,0.9897,1.0162,0.9853,1.0019,0.9954,1.0824,1.0584,1.0608,1.0112,1.2077,1.1573,0.9991,0.9914,1.0309,0.9853,1.0430,0.9958,3504.10,5128.17,4161.47,2586.77,1953.25,1148.47,203.63,2641.38,1761.57,543.10,1.1464,0.6489,1.0242,1.4027,1.0217,0.4910,1.1818,0.2357,0.2166,0.0573,0.6063,0.6917,0.5822,0.5959,0.5954,0.7328,0.5605,0.6320,0.6619,0.6889,0.0142,0.0121,0.0112,0.0164,0.0168,0.0018,0.0584,0.0013,0.0120,0.0099,0.9639,0.9633,0.9822,0.9650,0.9662,0.9874,0.9670,1.0000,0.9618,1.0000,53.21,185.93,77.64,52.93,59.75,9.63,5.51,242.23,61.74,80.77,0.0000,0.0000,0.0000,0.0000,0.0000,0.0000,0.4591,0.0427,0.0000,0.0000,104304,74663,53998,54750,86225,66964,95775,572442,131417,91336,0,0,0,0,0,0,0,0,0,0,0.0000,0.0000,0.0000,0.0000,0.0000,0.0000,0.2691,0.2691,0.0000,0.0000,0,0,0,0,0,0,0,1,0,0,0,0,0,0,0,0,1,1,0,0,0.0926,0.0651,0.0933,0.0359,0.0658,0.0148,0.0683,0.1034,0.0066,0.1331,0.000,0.000,0.000,0.000,0.000,0.000,0.020,0.153,0.000,0.000,semi-presidential,parliamentary,parliamentary,parliamentary,parliamentary,semi-presidential,semi-presidential,electoral-authoritarian,electoral-authoritarian,parliamentary,0.800,0.800,0.800,0.800,0.800,0.800,0.800,0.500,0.500,0.800,100.0,100.0,79.0,100.0,61.6,46.7,100.0,100.0,100.0,100.0
2028-05-01,1.0013,1.0113,1.0190,1.0058,1.1707,1.0806,0.9955,0.9880,1.0142,0.9862,0.9999,0.9925,1.0768,1.0390,1.0551,1.0061,1.1928,1.1409,0.9971,0.9898,1.0288,1.0465,1.0022,0.9927,3487.83,5124.19,4150.78,2586.37,1958.33,1153.02,203.21,2642.26,1768.93,541.58,1.1518,0.6495,1.0280,1.4031,1.0191,0.4872,1.1843,0.2378,0.2158,0.0429,0.5935,0.6942,0.5705,0.5867,0.6077,0.7314,0.5378,0.6258,0.6505,0.6993,0.0104,0.0096,0.0084,0.0142,0.0137,0.0000,0.0572,0.0016,0.0099,0.0083,0.9804,0.9797,0.9906,0.9792,0.9809,1.0000,0.9699,1.0000,0.9746,1.0000,52.38,184.32,76.76,52.36,58.94,9.78,5.44,238.42,61.18,80.72,0.0000,0.0000,0.0000,0.0000,0.0000,0.0000,0.4542,0.0410,0.0000,0.0000,104304,74663,53998,54750,86225,66964,95775,572442,131417,91336,0,0,0,0,0,0,0,0,0,0,0.0000,0.0000,0.0000,0.0000,0.0000,0.0000,0.2783,0.2783,0.0000,0.0000,0,0,0,0,0,0,0,1,0,0,0,0,0,0,0,0,1,1,0,0,0.1194,0.0763,0.1232,0.0514,0.0860,0.0134,0.0609,0.0981,0.0061,0.1336,0.000,0.000,0.000,0.000,0.000,0.000,0.018,0.155,0.000,0.000,semi-presidential,parliamentary,parliamentary,parliamentary,parliamentary,semi-presidential,semi-presidential,electoral-authoritarian,electoral-authoritarian,parliamentary,0.800,0.800,0.800,0.800,0.800,0.800,0.800,0.500,0.500,0.800,100.0,100.0,81.0,100.0,64.2,49.7,100.0,100.0,100.0,100.0
2028-06-01,1.0007,1.0106,1.0164,1.0038,1.1555,1.0689,0.9923,0.9884,1.0119,0.9905,0.9952,0.9910,1.0811,1.0382,1.0523,1.0138,1.1791,1.1332,0.9943,0.9918,1.0257,1.0537,0.9971,0.9911,3500.20,5123.95,4158.33,2587.85,1958.49,1154.98,202.48,2643.29,1773.52,541.98,1.1550,0.6497,1.0272,1.4025,1.0260,0.4846,1.1887,0.2400,0.2154,0.0284,0.6022,0.6968,0.5716,0.5966,0.6301,0.7351,0.5043,0.6127,0.6849,0.6988,0.0108,0.0098,0.0133,0.0145,0.0142,0.0000,0.0675,0.0015,0.0100,0.0084,0.9803,0.9797,0.9905,0.9792,0.9808,1.0000,0.9698,1.0000,0.9746,1.0000,53.89,185.38,77.76,53.56,60.74,9.64,5.75,247.04,62.25,80.19,0.0000,0.0000,0.0000,0.0000,0.0000,0.0000,0.4547,0.0410,0.0000,0.0000,104304,74663,53998,54750,86225,66964,95775,572442,131417,91336,0,0,0,0,0,0,0,0,0,0,0.0000,0.0000,0.0000,0.0000,0.0000,0.0000,0.2875,0.2875,0.0000,0.0000,0,0,0,0,0,0,0,1,0,0,0,0,0,0,0,0,1,1,0,0,0.1117,0.0721,0.1146,0.0474,0.0800,0.0121,0.0579,0.1032,0.0049,0.1328,0.000,0.000,0.000,0.000,0.000,0.000,0.016,0.156,0.000,0.000,semi-presidential,parliamentary,parliamentary,parliamentary,parliamentary,semi-presidential,semi-presidential,electoral-authoritarian,electoral-authoritarian,parliamentary,0.800,0.800,0.800,0.800,0.800,0.800,0.800,0.500,0.500,0.800,100.0,100.0,82.8,100.0,66.0,52.7,100.0,100.0,100.0,100.0
2028-07-01,1.0016,1.0123,1.0152,1.0033,1.1407,1.0577,0.9912,0.9905,1.0111,0.9946,0.9923,0.9904,1.0775,1.1199,1.0500,1.0668,1.1661,1.1211,1.0130,1.0680,1.0242,1.0755,0.9938,0.9904,3505.58,5126.02,4157.27,2587.20,1964.47,1159.81,201.31,2639.79,1777.81,543.55,1.1533,0.6495,1.0305,1.4030,1.0229,0.4808,1.1958,0.2431,0.2150,0.0138,0.5873,0.6840,0.5824,0.6046,0.6334,0.7295,0.4774,0.5943,0.6757,0.6960,0.0244,0.0223,0.0353,0.0321,0.0263,0.0070,0.0784,0.0022,0.0171,0.0140,0.9106,0.9169,0.9541,0.9201,0.9121,0.9503,0.9565,1.0000,0.9249,1.0000,53.53,185.51,79.32,53.21,60.39,9.67,5.70,245.00,62.18,80.46,0.0000,0.0000,0.0000,0.0000,0.0000,0.0000,0.4564,0.0397,0.0000,0.0000,104304,74663,53998,54750,86225,66964,95775,572442,131417,91336,0,0,0,0,0,0,0,0,0,0,0.0000,0.0000,0.0000,0.0000,0.0000,0.0000,0.2990,0.2990,0.0000,0.0000,0,0,0,0,0,0,0,1,0,0,0,0,0,0,0,0,1,1,0,0,0.1249,0.0775,0.1283,0.0527,0.0899,0.0117,0.0567,0.1021,0.0049,0.1375,0.000,0.000,0.000,0.000,0.000,0.000,0.015,0.157,0.000,0.000,semi-presidential,parliamentary,parliamentary,parliamentary,parliamentary,semi-presidential,semi-presidential,electoral-authoritarian,electoral-authoritarian,parliamentary,0.800,0.780,0.800,0.800,0.800,0.800,0.800,0.500,0.500,0.800,100.0,100.0,84.6,100.0,68.7,55.8,100.0,100.0,100.0,100.0
2028-08-01,1.0313,1.0296,1.0143,1.0065,1.1230,1.0455,0.9932,0.9947,1.0121,1.0001,0.9929,0.9900,2.2044,1.5778,1.0493,1.2048,1.1466,1.1057,1.1399,1.1431,1.0595,1.1489,1.1047,0.9901,3517.41,5118.27,4154.34,2578.33,1966.18,1160.25,200.25,2636.73,1776.49,545.32,1.1496,0.6506,1.0322,1.4080,1.0220,0.4788,1.2024,0.2456,0.2152,-0.0009,0.5591,0.6108,0.5876,0.5199,0.6353,0.6561,0.4432,0.5948,0.5972,0.6895,0.1497,0.1469,0.1175,0.1721,0.1572,0.1217,0.1300,0.0049,0.1463,0.0269,0.5644,0.5858,0.7803,0.5875,0.5653,0.6542,0.9402,1.0000,0.5739,1.0000,34.63,134.55,56.00,37.58,38.54,7.50,4.56,151.03,41.53,50.40,0.0000,0.0000,0.0000,0.0000,0.0000,0.0000,0.4604,0.0399,0.0000,0.0000,104304,74663,53998,54750,86225,66964,95775,572442,131417,91336,0,0,0,0,0,0,0,0,0,0,0.0000,0.0000,0.0000,0.0000,0.0000,0.0000,0.3082,0.3082,0.0000,0.0000,0,0,0,0,0,0,0,1,0,0,0,0,0,0,0,0,1,1,0,0,0.1280,0.0735,0.1323,0.0538,0.0922,0.0105,0.0510,0.1066,0.0047,0.1406,0.000,0.000,0.000,0.000,0.000,0.000,0.015,0.159,0.000,0.000,semi-presidential,parliamentary,parliamentary,parliamentary,parliamentary,semi-presidential,semi-presidential,electoral-authoritarian,electoral-authoritarian,parliamentary,0.800,0.790,0.800,0.800,0.800,0.800,0.800,0.500,0.500,0.800,100.0,100.0,86.8,100.0,71.5,58.5,100.0,100.0,100.0,100.0
2028-09-01,1.0881,1.0538,1.0115,1.0100,1.1060,1.0336,0.9950,0.9985,1.0117,1.0064,0.9954,0.9902,2.1523,1.4603,1.0472,1.1263,1.1314,1.0945,1.0052,1.0978,1.0241,1.1053,1.0403,0.9902,3502.62,5121.48,4154.14,2576.81,1963.64,1162.64,198.93,2653.50,1778.79,547.91,1.1547,0.6504,1.0329,1.4091,1.0234,0.4761,1.2108,0.2464,0.2151,-0.0160,0.5522,0.5922,0.5580,0.4593,0.5844,0.6339,0.4175,0.6193,0.5856,0.7012,0.1143,0.1114,0.0892,0.1230,0.1182,0.0903,0.1174,0.0022,0.1113,0.0164,0.6854,0.7020,0.8426,0.7041,0.6863,0.7593,0.9507,1.0000,0.6974,1.0000,40.04,156.56,67.64,41.31,45.92,9.22,4.91,177.64,48.23,60.56,0.0000,0.0000,0.0000,0.0000,0.0000,0.0000,0.4614,0.0402,0.0000,0.0000,104304,74663,53998,54750,86225,66964,95775,572442,131417,91336,0,0,0,0,0,0,0,0,0,0,0.0000,0.0000,0.0000,0.0000,0.0000,0.0000,0.3197,0.3197,0.0000,0.0000,0,0,0,0,0,0,0,1,0,0,0,0,0,0,0,0,1,1,0,0,0.1298,0.0778,0.1340,0.0546,0.0934,0.0119,0.0518,0.1127,0.0048,0.1452,0.000,0.000,0.000,0.000,0.000,0.000,0.015,0.161,0.000,0.000,semi-presidential,parliamentary,parliamentary,parliamentary,parliamentary,semi-presidential,semi-presidential,electoral-authoritarian,electoral-authoritarian,parliamentary,0.800,0.800,0.800,0.760,0.800,0.800,0.800,0.500,0.500,0.800,100.0,100.0,88.8,100.0,74.1,61.0,100.0,91.3,100.0,100.0
2028-10-01,1.1303,1.0684,1.0066,1.0101,1.0900,1.0238,0.9940,0.9988,1.0099,1.0102,0.9948,0.9890,2.0515,1.3536,1.0423,1.0403,1.1121,1.0814,0.9957,1.0152,1.0234,1.0576,0.9963,0.9892,3494.81,5119.19,4145.85,2567.27,1958.78,1161.31,197.98,2657.54,1783.01,550.25,1.1575,0.6509,1.0355,1.4148,1.0261,0.4749,1.2169,0.2478,0.2147,-0.0315,0.5515,0.5938,0.5640,0.4791,0.5726,0.6255,0.4080,0.5957,0.5591,0.7174,0.0861,0.0828,0.0562,0.0861,0.0899,0.0686,0.1015,0.0014,0.0808,0.0094,0.7792,0.7920,0.8897,0.7946,0.7802,0.8411,0.9570,1.0000,0.7934,1.0000,44.17,170.70,73.37,44.51,51.86,9.62,5.24,199.91,53.72,68.83,0.0000,0.0000,0.0000,0.0000,0.0000,0.0000,0.4574,0.0409,0.0000,0.0000,104304,74663,53998,54750,86225,66964,95775,572442,131417,91336,0,0,0,0,0,0,0,0,0,0,0.0000,0.0000,0.0000,0.0000,0.0000,0.0000,0.3289,0.3289,0.0000,0.0000,0,0,0,0,0,0,0,1,0,0,0,0,0,0,0,0,1,1,0,0,0.1180,0.0743,0.1209,0.0491,0.0841,0.0116,0.0537,0.1155,0.0072,0.1482,0.000,0.000,0.000,0.000,0.000,0.000,0.014,0.163,0.000,0.000,semi-presidential,parliamentary,parliamentary,parliamentary,parliamentary,semi-presidential,semi-presidential,electoral-authoritarian,electoral-authoritarian,parliamentary,0.800,0.800,0.800,0.770,0.800,0.800,0.800,0.500,0.500,0.800,100.0,100.0,90.8,100.0,76.6,63.5,100.0,94.0,100.0,100.0
2028-11-01,1.1628,1.0780,1.0025,1.0105,1.0769,1.0125,0.9925,0.9986,1.0082,1.0127,0.9958,0.9900,1.9095,1.2799,1.0390,1.0331,1.1001,1.0703,0.9942,1.0001,1.0214,1.0300,1.0211,0.9907,3504.72,5121.95,4146.85,2568.17,1961.61,1164.13,197.42,2660.60,1789.73,553.92,1.1545,0.6508,1.0355,1.4148,1.0248,0.4721,1.2207,0.2491,0.2140,-0.0471,0.5629,0.6018,0.5559,0.4944,0.5639,0.6411,0.4003,0.6000,0.5754,0.7383,0.0667,0.0627,0.0479,0.0649,0.0703,0.0502,0.0988,0.0012,0.0593,0.0099,0.8425,0.8528,0.9213,0.8558,0.8435,0.8953,0.9607,1.0000,0.8588,1.0000,48.57,180.12,78.48,49.53,56.61,10.04,5.61,220.44,58.14,75.48,0.0000,0.0000,0.0000,0.0000,0.0000,0.0000,0.4585,0.0414,0.0000,0.0000,104304,74663,53998,54750,86225,66964,95775,572442,131417,91336,0,0,0,0,0,0,0,0,0,0,0.0000,0.0000,0.0000,0.0000,0.0000,0.0000,0.3381,0.3381,0.0000,0.0000,0,0,0,0,0,0,0,1,0,0,0,0,0,0,0,0,1,1,0,0,0.1299,0.0804,0.1341,0.0553,0.0934,0.0121,0.0555,0.1205,0.0082,0.1508,0.000,0.000,0.000,0.000,0.000,0.000,0.014,0.163,0.000,0.000,semi-presidential,parliamentary,parliamentary,parliamentary,parliamentary,semi-presidential,semi-presidential,electoral-authoritarian,electoral-authoritarian,parliamentary,0.800,0.800,0.800,0.780,0.800,0.800,0.800,0.500,0.500,0.800,100.0,100.0,92.8,100.0,79.0,66.1,100.0,96.5,100.0,100.0
2028-12-01,1.1824,1.0824,1.0004,1.0121,1.0674,1.0034,0.9910,0.9980,1.0071,1.0130,0.9964,0.9906,1.6554,1.2527,1.0387,1.0722,1.0905,1.0612,0.9924,0.9993,1.0197,1.0158,0.9978,0.9911,3516.96,5127.80,4155.44,2566.79,1973.45,1170.69,196.29,2670.76,1792.17,555.04,1.1507,0.6503,1.0334,1.4159,1.0188,0.4677,1.2282,0.2499,0.2138,-0.0631,0.5837,0.6403,0.5783,0.5127,0.5869,0.6626,0.3937,0.6161,0.6054,0.7485,0.0472,0.0485,0.0404,0.0571,0.0509,0.0307,0.0955,0.0010,0.0403,0.0087,0.8673,0.8765,0.9337,0.8797,0.8683,0.9182,0.9625,1.0000,0.8838,1.0000,53.70,180.94,76.10,53.60,60.03,10.53,5.46,243.56,62.59,81.13,0.0000,0.0000,0.0000,0.0000,0.0000,0.0000,0.4583,0.0438,0.0000,0.0000,104304,74663,53998,54750,86225,66964,95775,572442,131417,91336,0,0,0,0,0,0,0,0,0,0,0.0000,0.0000,0.0000,0.0000,0.0000,0.0000,0.3096,0.3496,0.0000,0.0000,0,0,0,0,0,0,0,1,0,0,0,0,0,0,0,0,1,1,0,0,0.1311,0.0792,0.1348,0.0550,0.0945,0.0186,0.0678,0.1241,0.0092,0.1582,0.000,0.000,0.000,0.000,0.000,0.000,0.024,0.164,0.000,0.000,semi-presidential,parliamentary,parliamentary,parliamentary,parliamentary,semi-presidential,semi-presidential,electoral-authoritarian,electoral-authoritarian,parliamentary,0.800,0.800,0.800,0.789,0.800,0.800,0.779,0.500,0.500,0.800,100.0,92.4,94.9,100.0,81.5,68.7,100.0,99.8,100.0,100.0
2029-01-01,1.1939,1.0855,0.9969,1.0130,1.0598,0.9954,0.9919,0.9993,1.0066,1.0100,0.9971,0.9918,1.5512,1.1267,1.0351,1.0498,1.0818,1.0511,1.0343,1.0641,1.0198,1.0133,1.0362,0.9919,3533.14,5127.14,4157.58,2570.48,1979.18,1175.61,195.83,2678.96,1795.76,557.48,1.1455,0.6505,1.0326,1.4142,1.0159,0.4641,1.2315,0.2505,0.2135,-0.0789,0.6021,0.6585,0.5926,0.4998,0.6101,0.6879,0.4041,0.6125,0.6223,0.7539,0.0319,0.0261,0.0349,0.0319,0.0339,0.0133,0.0986,0.0020,0.0230,0.0156,0.9705,0.9709,0.9857,0.9701,0.9704,0.9965,0.9728,1.0000,0.9659,1.0000,56.97,190.01,80.39,56.68,63.97,10.95,5.59,259.47,66.31,87.22,0.0000,0.0000,0.0000,0.0000,0.0000,0.0000,0.4582,0.0438,0.0000,0.0000,104304,74663,53998,54750,86225,66964,95775,572442,131417,91336,0,0,0,0,0,0,0,0,0,0,0.0000,0.0000,0.0000,0.0000,0.0000,0.0000,0.3188,0.3588,0.0000,0.0000,0,0,0,0,0,0,0,1,0,0,0,0,0,0,0,0,1,1,0,0,0.1319,0.0809,0.1356,0.0559,0.0952,0.0192,0.0679,0.1249,0.0098,0.1574,0.000,0.000,0.000,0.000,0.000,0.000,0.023,0.164,0.000,0.000,semi-presidential,parliamentary,parliamentary,parliamentary,parliamentary,semi-presidential,semi-presidential,electoral-authoritarian,electoral-authoritarian,parliamentary,0.800,0.800,0.800,0.769,0.800,0.800,0.788,0.500,0.500,0.800,100.0,95.0,97.0,100.0,84.1,71.5,100.0,100.0,100.0,100.0
2029-02-01,1.2003,1.0873,0.9961,1.0111,1.0544,0.9889,0.9918,0.9999,1.0026,1.0060,1.0019,0.9930,1.3071,1.1410,1.0402,1.0119,1.0767,1.0445,0.9933,1.0015,1.0162,1.0095,1.1245,0.9936,3538.82,5132.69,4161.05,2570.76,1989.13,1180.37,195.35,2691.93,1799.84,559.89,1.1435,0.6497,1.0311,1.4145,1.0109,0.4605,1.2349,0.2507,0.2131,-0.0948,0.6095,0.6736,0.6076,0.5399,0.6309,0.7042,0.4108,0.6263,0.6333,0.7566,0.0180,0.0129,0.0153,0.0181,0.0205,0.0015,0.0832,0.0017,0.0130,0.0136,0.9604,0.9620,0.9805,0.9618,0.9603,0.9896,0.9660,1.0000,0.9593,1.0000,60.98,198.53,84.43,61.74,69.66,11.29,5.82,279.14,69.49,92.11,0.0000,0.0000,0.0000,0.0000,0.0000,0.0000,0.4583,0.0437,0.0000,0.0000,104304,74663,53998,54750,86225,66964,95775,572442,131417,91336,0,0,0,0,0,0,0,0,0,0,0.0000,0.0000,0.0000,0.0000,0.0000,0.0000,0.3280,0.3680,0.0000,0.0000,0,0,0,0,0,0,0,1,0,0,0,0,0,0,0,0,1,1,0,0,0.1318,0.0827,0.1368,0.0582,0.0959,0.0203,0.0712,0.1324,0.0105,0.1552,0.000,0.000,0.000,0.000,0.000,0.000,0.022,0.158,0.000,0.000,semi-presidential,parliamentary,parliamentary,parliamentary,parliamentary,semi-presidential,semi-presidential,electoral-authoritarian,electoral-authoritarian,parliamentary,0.800,0.800,0.800,0.779,0.800,0.800,0.798,0.500,0.500,0.800,100.0,98.8,99.2,100.0,86.9,74.4,100.0,100.0,100.0,100.0
2029-03-01,1.2025,1.0865,0.9960,1.0069,1.0499,0.9834,0.9916,0.9996,0.9985,1.0028,1.0034,0.9946,1.3086,1.1203,1.0342,1.0076,1.0720,1.0381,0.9931,1.0010,1.0117,1.0060,1.0711,0.9953,3559.34,5139.81,4166.14,2579.13,1995.03,1186.10,195.04,2693.00,1804.00,564.02,1.1369,0.6489,1.0292,1.4102,1.0080,0.4565,1.2371,0.2519,0.2127,-0.1103,0.6217,0.6889,0.6249,0.5790,0.6500,0.7277,0.4365,0.6491,0.6617,0.7518,0.0135,0.0105,0.0117,0.0156,0.0165,0.0000,0.0789,0.0014,0.0111,0.0113,0.9772,0.9768,0.9891,0.9759,0.9773,1.0000,0.9741,1.0000,0.9709,1.0000,60.81,197.45,83.90,61.32,69.30,11.38,5.79,275.54,68.85,93.95,0.0000,0.0000,0.0000,0.0000,0.0000,0.0000,0.4582,0.0438,0.0000,0.0000,104304,74663,53998,54750,86225,66964,95775,572442,131417,91336,0,0,0,0,0,0,0,0,0,0,0.0000,0.0000,0.0000,0.0000,0.0000,0.0000,0.3372,0.3772,0.0000,0.0000,0,0,0,0,0,0,0,1,0,0,0,0,0,0,0,0,1,1,0,0,0.1329,0.0837,0.1381,0.0592,0.0970,0.0213,0.0734,0.1293,0.0115,0.1548,0.000,0.000,0.000,0.000,0.000,0.000,0.021,0.158,0.000,0.000,semi-presidential,parliamentary,parliamentary,parliamentary,parliamentary,semi-presidential,semi-presidential,electoral-authoritarian,electoral-authoritarian,parliamentary,0.800,0.800,0.800,0.789,0.800,0.800,0.800,0.500,0.500,0.800,100.0,30.0,100.0,100.0,89.7,77.4,100.0,100.0,100.0,100.0
2029-04-01,1.2002,1.0807,0.9969,1.0031,1.0455,0.9799,0.9900,1.0012,0.9969,1.0005,1.0043,0.9965,1.3048,1.1114,1.0812,1.0035,1.0670,1.0333,0.9922,1.0604,1.0095,1.0040,1.0059,0.9971,3568.20,5155.78,4174.21,2584.32,1999.53,1189.95,195.22,2698.89,1809.71,566.10,1.1341,0.6467,1.0267,1.4073,1.0057,0.4533,1.2361,0.2530,0.2121,-0.1261,0.6270,0.6966,0.6395,0.5947,0.6669,0.7441,0.4610,0.6742,0.6751,0.7499,0.0171,0.0117,0.0156,0.0184,0.0199,0.0000,0.0775,0.0015,0.0125,0.0131,0.9796,0.9790,0.9902,0.9784,0.9801,1.0000,0.9753,1.0000,0.9735,1.0000,60.24,196.36,83.72,60.34,68.68,11.69,5.86,268.26,67.81,96.44,0.0000,0.0000,0.0000,0.0000,0.0000,0.0000,0.4583,0.0437,0.0000,0.0000,104304,74663,53998,54750,86225,66964,95775,572442,131417,91336,0,0,0,0,0,0,0,0,0,0,0.0000,0.0000,0.0000,0.0000,0.0000,0.0000,0.3487,0.3887,0.0000,0.0000,0,0,0,0,0,0,0,1,0,0,0,0,0,0,0,0,1,1,0,0,0.1341,0.0847,0.1396,0.0606,0.0984,0.0223,0.0730,0.1233,0.0125,0.1547,0.000,0.000,0.000,0.000,0.000,0.000,0.020,0.157,0.000,0.000,semi-presidential,parliamentary,parliamentary,parliamentary,parliamentary,semi-presidential,semi-presidential,electoral-authoritarian,electoral-authoritarian,parliamentary,0.800,0.800,0.800,0.799,0.800,0.800,0.800,0.500,0.500,0.800,100.0,32.9,100.0,100.0,92.6,80.5,100.0,100.0,100.0,100.0
2029-05-01,1.1920,1.0720,0.9985,1.0005,1.0424,0.9785,0.9887,1.0001,0.9971,1.0000,1.0029,0.9970,1.2842,1.1027,1.1156,1.0007,1.0640,1.0313,0.9901,1.0015,1.0097,1.0111,1.0048,0.9971,3572.99,5162.03,4175.32,2590.21,2000.40,1199.37,195.35,2703.78,1817.48,566.69,1.1326,0.6459,1.0259,1.4081,1.0053,0.4480,1.2351,0.2539,0.2113,-0.1421,0.6340,0.7049,0.6464,0.6265,0.6352,0.7562,0.4808,0.6778,0.6910,0.7582,0.0162,0.0124,0.0143,0.0202,0.0197,0.0000,0.0567,0.0011,0.0133,0.0096,0.9800,0.9793,0.9904,0.9789,0.9806,1.0000,0.9749,1.0000,0.9740,1.0000,57.72,193.33,82.19,57.93,65.30,11.77,5.61,253.73,65.82,96.38,0.0000,0.0000,0.0000,0.0000,0.0000,0.0000,0.4580,0.0432,0.0000,0.0000,104304,74663,53998,54750,86225,66964,95775,572442,131417,91336,0,0,0,0,0,0,0,0,0,0,0.0000,0.0000,0.0000,0.0000,0.0000,0.0000,0.3579,0.3979,0.0000,0.0000,0,0,0,0,0,0,0,1,0,0,0,0,0,0,0,0,1,1,0,0,0.1323,0.0839,0.1368,0.0596,0.0966,0.0227,0.0754,0.1175,0.0181,0.1540,0.000,0.000,0.000,0.000,0.000,0.000,0.018,0.157,0.000,0.000,semi-presidential,parliamentary,parliamentary,parliamentary,parliamentary,semi-presidential,semi-presidential,electoral-authoritarian,electoral-authoritarian,parliamentary,0.800,0.800,0.800,0.800,0.800,0.800,0.800,0.500,0.500,0.800,100.0,35.8,100.0,96.4,94.7,83.7,100.0,100.0,100.0,100.0
2029-06-01,1.1754,1.0616,1.0004,0.9991,1.0391,0.9777,0.9874,1.0000,0.9973,0.9988,1.0020,0.9967,1.2575,1.0908,1.0691,0.9995,1.0610,1.0307,0.9890,1.0015,1.0100,1.0016,1.0036,0.9969,3576.65,5173.82,4179.22,2594.63,2004.59,1202.88,195.10,2713.92,1831.00,568.00,1.1315,0.6444,1.0246,1.4057,1.0033,0.4450,1.2364,0.2548,0.2098,-0.1578,0.6276,0.7064,0.6382,0.6262,0.6455,0.7555,0.4916,0.6794,0.6988,0.7574,0.0126,0.0106,0.0109,0.0166,0.0160,0.0000,0.0510,0.0010,0.0111,0.0089,0.9800,0.9793,0.9903,0.9788,0.9806,1.0000,0.9739,1.0000,0.9740,1.0000,54.97,190.23,80.89,55.62,62.12,11.75,5.30,240.75,64.05,94.84,0.0000,0.0000,0.0000,0.0000,0.0000,0.0000,0.4582,0.0438,0.0000,0.0000,104304,74663,53998,54750,86225,66964,95775,572442,131417,91336,0,0,0,0,0,0,0,0,0,0,0.0000,0.0000,0.0000,0.0000,0.0000,0.0000,0.3694,0.4094,0.0000,0.0000,0,0,0,0,0,0,0,1,0,0,0,0,0,0,0,0,1,1,0,0,0.1348,0.0850,0.1398,0.0607,0.0987,0.0226,0.0751,0.1121,0.0183,0.1509,0.000,0.000,0.000,0.000,0.000,0.000,0.015,0.158,0.000,0.000,semi-presidential,parliamentary,parliamentary,parliamentary,parliamentary,semi-presidential,semi-presidential,electoral-authoritarian,electoral-authoritarian,parliamentary,0.800,0.800,0.800,0.800,0.800,0.800,0.800,0.500,0.500,0.800,100.0,38.7,100.0,99.9,97.5,86.8,100.0,100.0,100.0,100.0
2029-07-01,1.1545,1.0509,0.9989,0.9987,1.0343,0.9769,0.9885,1.0011,0.9992,0.9984,1.0053,0.9979,1.2341,1.0794,1.0365,1.0406,1.0557,1.0292,1.0638,1.0592,1.0581,1.0145,1.1623,0.9980,3594.70,5196.49,4195.46,2602.86,2007.45,1206.46,194.93,2715.12,1835.31,570.25,1.1259,0.6416,1.0204,1.4012,1.0019,0.4420,1.2373,0.2562,0.2094,-0.1729,0.6390,0.7138,0.6475,0.6310,0.6680,0.7621,0.4844,0.6535,0.7040,0.7456,0.0195,0.0120,0.0306,0.0211,0.0211,0.0000,0.0728,0.0047,0.0118,0.0224,0.9809,0.9801,0.9908,0.9799,0.9817,1.0000,0.9744,1.0000,0.9751,1.0000,53.60,187.06,80.03,52.60,59.37,11.78,5.11,232.25,62.30,91.96,0.0000,0.0000,0.0000,0.0000,0.0000,0.0000,0.4580,0.0430,0.0000,0.0000,104304,74663,53998,54750,86225,66964,95775,572442,131417,91336,0,0,0,0,0,0,0,0,0,0,0.0000,0.0000,0.0000,0.0000,0.0000,0.0000,0.3786,0.4186,0.0000,0.0000,0,0,0,0,0,0,0,1,0,0,0,0,0,0,0,0,1,1,0,0,0.1367,0.0851,0.1408,0.0606,0.1002,0.0264,0.0696,0.1080,0.0192,0.1502,0.000,0.000,0.000,0.000,0.000,0.000,0.013,0.157,0.000,0.000,semi-presidential,parliamentary,parliamentary,parliamentary,parliamentary,semi-presidential,semi-presidential,electoral-authoritarian,electoral-authoritarian,parliamentary,0.800,0.800,0.800,0.800,0.800,0.800,0.800,0.500,0.500,0.800,100.0,41.6,100.0,100.0,100.0,90.0,100.0,100.0,100.0,100.0
2029-08-01,1.1300,1.0406,0.9975,0.9971,1.0276,0.9760,0.9886,1.0014,1.0012,0.9981,1.0103,0.9971,1.2089,1.0699,1.0355,1.0140,1.0495,1.0283,1.0113,1.0029,1.0969,1.0016,1.1874,0.9974,3599.92,5207.74,4197.77,2605.72,2014.86,1212.69,194.65,2719.89,1842.31,571.54,1.1243,0.6402,1.0198,1.3997,0.9982,0.4381,1.2390,0.2574,0.2087,-0.1881,0.6450,0.7228,0.6485,0.6358,0.6715,0.7704,0.4825,0.6263,0.7206,0.7309,0.0158,0.0092,0.0239,0.0151,0.0196,0.0000,0.0667,0.0053,0.0128,0.0186,0.9808,0.9800,0.9907,0.9797,0.9815,1.0000,0.9729,1.0000,0.9749,1.0000,52.92,189.57,82.05,53.41,59.55,11.89,5.22,229.72,62.30,91.57,0.0000,0.0000,0.0000,0.0000,0.0000,0.0000,0.4584,0.0436,0.0000,0.0000,104304,74663,53998,54750,86225,66964,95775,572442,131417,91336,0,0,0,0,0,0,0,0,0,0,0.0000,0.0000,0.0000,0.0000,0.0000,0.0000,0.3878,0.4278,0.0000,0.0000,0,0,0,0,0,0,0,1,0,0,0,0,0,0,0,0,1,1,0,0,0.1218,0.0847,0.1255,0.0550,0.0886,0.0248,0.0689,0.1047,0.0168,0.1439,0.000,0.000,0.000,0.000,0.000,0.000,0.010,0.157,0.000,0.000,semi-presidential,parliamentary,parliamentary,parliamentary,parliamentary,semi-presidential,semi-presidential,electoral-authoritarian,electoral-authoritarian,parliamentary,0.800,0.800,0.800,0.800,0.800,0.800,0.800,0.500,0.500,0.800,100.0,44.7,100.0,100.0,100.0,93.3,100.0,100.0,100.0,100.0
2029-09-01,1.1078,1.0333,0.9991,0.9962,1.0235,0.9791,0.9904,1.0012,1.0028,0.9980,1.0166,0.9966,1.1815,1.0623,1.0373,1.0197,1.0453,1.1344,1.0457,1.0234,1.0210,1.0015,1.1870,0.9968,3608.53,5209.81,4192.43,2607.67,2019.08,1217.25,194.22,2725.42,1849.17,573.10,1.1216,0.6400,1.0210,1.3987,0.9962,0.4348,1.2418,0.2591,0.2080,-0.2065,0.6465,0.7236,0.6467,0.6306,0.6696,0.7653,0.4826,0.6132,0.7137,0.7105,0.0195,0.0116,0.0297,0.0163,0.0200,0.0014,0.0692,0.0026,0.0108,0.0188,0.9798,0.9791,0.9901,0.9786,0.9803,1.0000,0.9711,1.0000,0.9738,1.0000,52.53,189.07,82.65,53.37,59.20,11.89,5.20,228.18,62.13,90.44,0.0000,0.0000,0.0000,0.0000,0.0000,0.0000,0.4583,0.0437,0.0000,0.0000,104304,74663,53998,54750,86225,66964,95775,572442,131417,91336,0,0,0,0,0,0,0,0,0,0,0.0000,0.0000,0.0000,0.0000,0.0000,0.0000,0.3993,0.4393,0.0000,0.0000,0,0,0,0,0,0,0,1,0,0,0,0,0,0,0,0,1,1,0,0,0.1360,0.0913,0.1397,0.0609,0.0988,0.0262,0.0729,0.1053,0.0183,0.1431,0.000,0.000,0.000,0.000,0.000,0.000,0.007,0.157,0.000,0.000,semi-presidential,parliamentary,parliamentary,parliamentary,parliamentary,semi-presidential,semi-presidential,electoral-authoritarian,electoral-authoritarian,parliamentary,0.800,0.800,0.800,0.800,0.800,0.800,0.800,0.500,0.500,0.800,100.0,47.7,100.0,100.0,100.0,96.5,100.0,100.0,100.0,100.0
2029-10-01,1.0866,1.0279,0.9984,0.9966,1.0236,0.9830,0.9929,1.0021,1.0036,0.9990,1.0212,0.9984,1.1565,1.0555,1.0343,1.0228,1.0501,1.1303,1.0423,1.0137,1.0349,1.0458,1.1386,0.9988,3621.97,5223.61,4199.79,2601.84,2030.53,1221.31,194.37,2737.78,1859.06,573.17,1.1174,0.6384,1.0193,1.4019,0.9907,0.4317,1.2408,0.2598,0.2070,-0.2136,0.6504,0.7309,0.6496,0.6318,0.6779,0.7634,0.4877,0.6046,0.7042,0.7061,0.0166,0.0113,0.0273,0.0177,0.0196,0.0013,0.0683,0.0028,0.0105,0.0179,0.9810,0.9804,0.9907,0.9800,0.9816,1.0000,0.9708,1.0000,0.9754,1.0000,52.38,187.30,81.31,52.08,58.68,11.95,5.15,227.45,61.90,89.45,0.0000,0.0000,0.0000,0.0000,0.0000,0.0000,0.4576,0.0410,0.0000,0.0000,104304,74663,53998,54750,86225,66964,95775,572442,131417,91336,0,0,0,0,0,0,0,0,0,0,0.0000,0.0000,0.0000,0.0000,0.0000,0.0000,0.4085,0.4485,0.0000,0.0000,0,0,0,0,0,0,0,1,0,0,0,0,0,0,0,0,1,1,0,0,0.1373,0.0920,0.1410,0.0614,0.1001,0.0276,0.0792,0.1064,0.0195,0.1422,0.000,0.000,0.000,0.000,0.000,0.000,0.005,0.156,0.000,0.000,semi-presidential,parliamentary,parliamentary,parliamentary,parliamentary,semi-presidential,semi-presidential,electoral-authoritarian,electoral-authoritarian,parliamentary,0.800,0.800,0.800,0.800,0.800,0.800,0.800,0.500,0.500,0.800,100.0,50.7,100.0,100.0,100.0,99.7,100.0,100.0,100.0,100.0
2029-11-01,1.0663,1.0223,0.9979,0.9958,1.0255,0.9885,0.9946,1.0036,1.0033,1.0018,1.0229,0.9995,1.1322,1.0499,1.0334,1.0192,1.0668,1.0876,1.0287,1.0688,1.0157,1.0599,1.0442,0.9997,3643.33,5237.08,4210.74,2609.58,2038.50,1226.02,194.69,2743.14,1869.18,574.51,1.1110,0.6369,1.0167,1.3978,0.9869,0.4285,1.2389,0.2613,0.2060,-0.2282,0.6557,0.7495,0.6455,0.6352,0.6866,0.7587,0.4887,0.6138,0.6954,0.7070,0.0149,0.0098,0.0266,0.0181,0.0212,0.0006,0.0690,0.0021,0.0095,0.0215,0.9813,0.9806,0.9908,0.9802,0.9818,1.0000,0.9703,1.0000,0.9757,1.0000,52.59,190.43,84.11,53.39,59.75,12.07,5.21,228.45,62.20,89.93,0.0000,0.0000,0.0000,0.0000,0.0000,0.0000,0.4575,0.0402,0.0000,0.0000,104304,74663,53998,54750,86225,66964,95775,572442,131417,91336,0,0,0,0,0,0,0,0,0,0,0.0000,0.0000,0.0000,0.0000,0.0000,0.0000,0.4177,0.4577,0.0000,0.0000,0,0,0,0,0,0,0,1,0,0,0,0,0,0,0,0,1,1,0,0,0.1384,0.0937,0.1421,0.0632,0.1011,0.0287,0.0804,0.1076,0.0204,0.1415,0.000,0.000,0.000,0.000,0.000,0.000,0.001,0.154,0.000,0.000,semi-presidential,parliamentary,parliamentary,parliamentary,parliamentary,semi-presidential,semi-presidential,electoral-authoritarian,electoral-authoritarian,parliamentary,0.800,0.800,0.800,0.800,0.800,0.800,0.800,0.500,0.500,0.800,100.0,52.4,100.0,100.0,100.0,100.0,100.0,100.0,100.0,100.0
2029-12-01,1.0509,1.0181,0.9996,0.9957,1.0265,0.9885,0.9965,1.0051,1.0022,1.0052,1.0240,0.9991,1.1184,1.0447,1.1818,1.0232,1.0511,1.0404,1.1078,1.0514,1.0144,1.0586,1.0478,0.9993,3652.38,5260.29,4221.02,2618.12,2045.84,1237.22,194.58,2750.01,1872.57,576.32,1.1083,0.6344,1.0143,1.3933,0.9835,0.4230,1.2396,0.2632,0.2057,-0.2424,0.6607,0.7531,0.6542,0.6358,0.6887,0.7648,0.4938,0.5961,0.6940,0.7038,0.0257,0.0136,0.0359,0.0246,0.0280,0.0000,0.0692,0.0023,0.0175,0.0199,0.9812,0.9806,0.9908,0.9801,0.9817,1.0000,0.9716,1.0000,0.9757,1.0000,52.92,186.91,81.50,51.92,59.16,12.28,5.20,229.34,61.37,88.84,0.0000,0.0000,0.0000,0.0000,0.0000,0.0000,0.4578,0.0404,0.0000,0.0000,104304,74663,53998,54750,86225,66964,95775,572442,131417,91336,0,0,0,0,0,0,0,0,0,0,0.0000,0.0000,0.0000,0.0000,0.0000,0.0000,0.4292,0.4692,0.0000,0.0000,0,0,0,0,0,0,0,1,0,0,0,0,0,0,0,0,1,1,0,0,0.1125,0.0798,0.1144,0.0500,0.0812,0.0256,0.0775,0.1063,0.0166,0.1388,0.000,0.000,0.000,0.000,0.000,0.000,0.000,0.154,0.000,0.000,semi-presidential,parliamentary,parliamentary,parliamentary,parliamentary,semi-presidential,semi-presidential,electoral-authoritarian,electoral-authoritarian,parliamentary,0.800,0.800,0.800,0.800,0.800,0.800,0.800,0.500,0.500,0.800,100.0,55.6,100.0,100.0,100.0,100.0,100.0,100.0,100.0,100.0
2030-01-01,1.0374,1.0139,1.0027,0.9937,1.0246,0.9886,0.9983,1.0051,1.0020,1.0077,1.0229,0.9961,1.1066,1.0406,1.0870,0.9942,1.0458,1.0408,1.0283,1.0067,1.0146,1.0368,1.0250,0.9966,3652.82,5260.85,4196.44,2627.15,2047.90,1244.72,194.50,2757.22,1879.04,577.15,1.1083,0.6346,1.0203,1.3886,0.9826,0.4188,1.2402,0.2646,0.2051,-0.2568,0.6447,0.7407,0.6215,0.6340,0.6666,0.7671,0.4998,0.6045,0.7032,0.6961,0.0139,0.0105,0.0127,0.0171,0.0171,0.0000,0.0530,0.0014,0.0111,0.0101,0.9815,0.9808,0.9909,0.9804,0.9821,1.0000,0.9718,1.0000,0.9759,1.0000,52.58,190.67,83.63,54.02,60.49,12.31,5.32,229.89,62.15,88.95,0.0000,0.0000,0.0000,0.0000,0.0000,0.0000,0.4575,0.0418,0.0000,0.0000,104304,74663,53998,54750,86225,66964,95775,572442,131417,91336,0,0,0,0,0,0,0,0,0,0,0.0000,0.0000,0.0000,0.0000,0.0000,0.0000,0.4384,0.4784,0.0000,0.0000,0,0,0,0,0,0,0,1,0,0,0,0,0,0,0,0,1,1,0,0,0.1129,0.0809,0.1162,0.0562,0.0819,0.0240,0.0682,0.1032,0.0153,0.1369,0.000,0.000,0.000,0.000,0.000,0.000,0.000,0.156,0.000,0.000,semi-presidential,parliamentary,parliamentary,parliamentary,parliamentary,semi-presidential,semi-presidential,electoral-authoritarian,electoral-authoritarian,parliamentary,0.800,0.800,0.800,0.800,0.800,0.800,0.800,0.500,0.500,0.800,100.0,58.7,100.0,100.0,100.0,100.0,100.0,100.0,100.0,100.0
2030-02-01,1.0266,1.0086,1.0028,0.9890,1.0200,0.9891,1.0008,1.0032,1.0000,1.0098,1.0194,0.9951,1.0993,1.0349,1.0395,0.9901,1.0414,1.0411,1.0625,1.0047,1.0128,1.0378,1.0215,0.9951,3657.06,5284.77,4201.71,2634.49,2043.40,1247.54,193.73,2751.94,1889.44,576.10,1.1071,0.6319,1.0191,1.3848,0.9849,0.4164,1.2451,0.2679,0.2040,-0.2720,0.6397,0.7423,0.6229,0.6390,0.6599,0.7616,0.4908,0.6018,0.7083,0.6959,0.0119,0.0093,0.0109,0.0142,0.0148,0.0000,0.0567,0.0015,0.0097,0.0106,0.9813,0.9805,0.9908,0.9802,0.9819,1.0000,0.9718,1.0000,0.9757,1.0000,53.33,191.52,83.53,54.58,61.58,12.00,5.39,236.26,63.12,87.76,0.0000,0.0000,0.0000,0.0000,0.0000,0.0000,0.4576,0.0419,0.0000,0.0000,104304,74663,53998,54750,86225,66964,95775,572442,131417,91336,0,0,0,0,0,0,0,0,0,0,0.0000,0.0000,0.0000,0.0000,0.0000,0.0000,0.4499,0.4899,0.0000,0.0000,0,0,0,0,0,0,0,1,0,0,0,0,0,0,0,0,1,1,0,0,0.1325,0.0903,0.1379,0.0657,0.0971,0.0253,0.0704,0.1100,0.0171,0.1353,0.000,0.000,0.000,0.000,0.000,0.000,0.000,0.152,0.000,0.000,semi-presidential,parliamentary,parliamentary,parliamentary,parliamentary,semi-presidential,semi-presidential,electoral-authoritarian,electoral-authoritarian,parliamentary,0.800,0.800,0.800,0.800,0.800,0.800,0.800,0.500,0.500,0.800,100.0,61.9,100.0,100.0,100.0,100.0,100.0,100.0,100.0,100.0
2030-03-01,1.0192,1.0057,1.0045,0.9857,1.0161,0.9879,1.0038,1.0022,1.0004,1.0117,1.0146,0.9958,1.0907,1.0338,1.1817,0.9864,1.0374,1.0402,1.0852,1.0038,1.0607,1.0326,1.0167,0.9957,3665.73,5297.26,4201.71,2640.28,2043.40,1251.23,193.52,2756.12,1900.65,575.97,1.1047,0.6307,1.0191,1.3818,0.9849,0.4137,1.2466,0.2697,0.2029,-0.2867,0.6430,0.7434,0.6229,0.6426,0.6599,0.7629,0.4961,0.5972,0.6861,0.6950,0.0223,0.0140,0.0218,0.0245,0.0263,0.0000,0.0586,0.0035,0.0172,0.0151,0.9798,0.9792,0.9900,0.9786,0.9802,1.0000,0.9700,1.0000,0.9738,1.0000,53.22,191.01,83.06,54.60,61.06,11.85,5.48,236.34,63.39,87.17,0.0000,0.0000,0.0000,0.0000,0.0000,0.0000,0.4581,0.0423,0.0000,0.0000,104304,74663,53998,54750,86225,66964,95775,572442,131417,91336,0,0,0,0,0,0,0,0,0,0,0.0000,0.0000,0.0000,0.0000,0.0000,0.0000,0.4591,0.4991,0.0000,0.0000,0,0,0,0,0,0,0,1,0,0,0,0,0,0,0,0,1,1,0,0,0.1338,0.0908,0.1390,0.0663,0.0979,0.0258,0.0724,0.1111,0.0176,0.1345,0.000,0.000,0.000,0.000,0.000,0.000,0.000,0.152,0.000,0.000,semi-presidential,parliamentary,parliamentary,parliamentary,parliamentary,semi-presidential,semi-presidential,electoral-authoritarian,electoral-authoritarian,parliamentary,0.800,0.800,0.800,0.800,0.800,0.800,0.800,0.500,0.500,0.800,100.0,65.0,100.0,100.0,100.0,100.0,100.0,100.0,100.0,100.0
2030-04-01,1.0119,1.0046,1.0068,0.9829,1.0127,0.9862,1.0051,1.0018,1.0021,1.0149,1.0110,0.9944,1.0854,1.0325,1.1033,0.9831,1.0333,1.0379,1.0390,1.0032,1.0748,1.0433,1.0133,0.9949,3677.10,5311.86,4195.43,2642.93,2049.48,1257.40,193.59,2762.16,1910.67,575.62,1.1044,0.6292,1.0208,1.3804,0.9820,0.4106,1.2461,0.2711,0.2020,-0.3014,0.6454,0.7482,0.6184,0.6412,0.6584,0.7502,0.4953,0.6053,0.6845,0.6926,0.0154,0.0114,0.0149,0.0192,0.0204,0.0000,0.0595,0.0038,0.0144,0.0121,0.9800,0.9794,0.9902,0.9789,0.9805,1.0000,0.9702,1.0000,0.9742,1.0000,53.86,192.13,83.23,54.91,61.90,11.81,5.34,240.80,64.48,86.69,0.0000,0.0000,0.0000,0.0000,0.0000,0.0000,0.4578,0.0417,0.0000,0.0000,104304,74663,53998,54750,86225,66964,95775,572442,131417,91336,0,0,0,0,0,0,0,0,0,0,0.0000,0.0000,0.0000,0.0000,0.0000,0.0000,0.4683,0.5083,0.0000,0.0000,0,0,0,0,0,0,0,1,0,0,0,0,0,0,0,0,1,1,0,0,0.1076,0.0773,0.1105,0.0527,0.0774,0.0228,0.0731,0.1094,0.0169,0.1338,0.000,0.000,0.000,0.000,0.000,0.000,0.000,0.152,0.000,0.000,semi-presidential,parliamentary,parliamentary,parliamentary,parliamentary,semi-presidential,semi-presidential,electoral-authoritarian,electoral-authoritarian,parliamentary,0.800,0.800,0.800,0.800,0.800,0.833,0.800,0.500,0.500,0.800,100.0,68.1,100.0,100.0,100.0,92.3,100.0,100.0,93.8,100.0
2030-05-01,1.0053,1.0029,1.0073,0.9810,1.0090,0.9846,1.0052,1.0032,1.0037,1.0153,1.0078,0.9931,1.0796,1.0316,1.0451,1.0023,1.0301,1.0371,1.0149,1.0506,1.0522,1.0228,1.0095,0.9933,3682.52,5323.16,4188.78,2650.55,2046.50,1264.49,193.35,2762.22,1921.75,576.23,1.1030,0.6353,1.0226,1.3764,0.9834,0.4069,1.2477,0.2724,0.2009,-0.3156,0.6369,0.7545,0.6178,0.6484,0.6420,0.7524,0.4972,0.6296,0.6878,0.6874,0.0130,0.0097,0.0217,0.0150,0.0167,0.0000,0.0686,0.0028,0.0114,0.0124,0.9795,0.9789,0.9899,0.9784,0.9800,1.0000,0.9701,1.0000,0.9735,1.0000,53.85,192.95,85.36,54.65,61.18,12.62,5.57,237.67,64.33,86.58,0.0000,0.0000,0.0000,0.0000,0.0000,0.0000,0.4587,0.0431,0.0000,0.0000,104304,74663,53998,54750,86225,66964,95775,572442,131417,91336,0,0,0,0,0,0,0,0,0,0,0.0000,0.0000,0.0000,0.0000,0.0000,0.0000,0.4775,0.5175,0.0000,0.0000,0,0,0,0,0,0,0,1,0,0,0,0,0,0,0,0,1,1,0,0,0.1175,0.0819,0.1211,0.0574,0.0848,0.0233,0.0700,0.1073,0.0176,0.1332,0.000,0.000,0.000,0.000,0.000,0.000,0.000,0.154,0.000,0.000,semi-presidential,parliamentary,parliamentary,parliamentary,parliamentary,semi-presidential,semi-presidential,electoral-authoritarian,electoral-authoritarian,parliamentary,0.800,0.800,0.800,0.800,0.800,0.823,0.800,0.500,0.500,0.800,100.0,73.2,100.0,100.0,100.0,95.4,100.0,100.0,97.6,100.0
2030-06-01,0.9982,1.0017,1.0083,0.9799,1.0052,0.9822,1.0051,1.0038,1.0050,1.0137,1.0070,0.9922,1.0718,1.0308,1.0523,1.0041,1.0264,1.0348,1.0293,1.0053,1.0642,1.0184,1.0088,0.9923,3692.63,5338.13,4187.46,2653.93,2051.27,1271.96,193.59,2766.43,1927.63,575.77,1.1002,0.6338,1.0230,1.3777,0.9812,0.4031,1.2463,0.2736,0.2004,-0.3303,0.6382,0.7488,0.6100,0.6689,0.6378,0.7567,0.4864,0.5994,0.7102,0.6862,0.0119,0.0101,0.0216,0.0158,0.0165,0.0000,0.0686,0.0030,0.0121,0.0104,0.9789,0.9783,0.9896,0.9777,0.9794,1.0000,0.9695,1.0000,0.9728,1.0000,53.76,192.69,83.96,54.81,61.60,12.67,5.38,238.69,64.77,86.22,0.0000,0.0000,0.0000,0.0000,0.0000,0.0000,0.4584,0.0436,0.0000,0.0000,104304,74663,53998,54750,86225,66964,95775,572442,131417,91336,0,0,0,0,0,0,0,0,0,0,0.0000,0.0000,0.0000,0.0000,0.0000,0.0000,0.4890,0.5290,0.0000,0.0000,0,0,0,0,0,0,0,1,0,0,0,0,0,0,0,0,1,1,0,0,0.1234,0.0842,0.1266,0.0597,0.0945,0.0234,0.0718,0.1079,0.0179,0.1336,0.000,0.000,0.000,0.000,0.000,0.000,0.000,0.155,0.000,0.000,semi-presidential,parliamentary,parliamentary,parliamentary,parliamentary,semi-presidential,semi-presidential,electoral-authoritarian,electoral-authoritarian,parliamentary,0.800,0.800,0.800,0.800,0.817,0.813,0.800,0.500,0.500,0.800,100.0,76.3,100.0,100.0,95.8,98.5,100.0,100.0,100.0,100.0
2030-07-01,0.9941,0.9995,1.0077,0.9779,1.0012,0.9808,1.0037,1.0026,1.0076,1.0115,1.0051,0.9926,1.0696,1.0278,1.0459,0.9783,1.0218,1.0328,1.0053,1.0045,1.0728,1.0169,1.0071,0.9927,3689.58,5343.52,4200.30,2656.34,2065.82,1276.93,193.40,2773.61,1942.68,575.08,1.1014,0.6334,1.0200,1.3764,0.9743,0.4003,1.2476,0.2743,0.1989,-0.3452,0.6386,0.7465,0.6254,0.6656,0.6542,0.7535,0.4846,0.5963,0.7080,0.6817,0.0107,0.0098,0.0099,0.0154,0.0157,0.0000,0.0578,0.0031,0.0120,0.0096,0.9799,0.9792,0.9901,0.9788,0.9805,1.0000,0.9706,1.0000,0.9739,1.0000,54.15,193.16,83.67,54.67,62.41,12.62,5.46,240.98,65.43,85.73,0.0000,0.0000,0.0000,0.0000,0.0000,0.0000,0.4584,0.0435,0.0000,0.0000,104304,74663,53998,54750,86225,66964,95775,572442,131417,91336,0,0,0,0,0,0,0,0,0,0,0.0000,0.0000,0.0000,0.0000,0.0000,0.0000,0.4982,0.5382,0.0000,0.0000,0,0,0,0,0,0,0,1,0,0,0,0,0,0,0,0,1,1,0,0,0.1314,0.0888,0.1360,0.0642,0.1018,0.0243,0.0722,0.1090,0.0192,0.1318,0.000,0.000,0.000,0.000,0.000,0.000,0.000,0.155,0.000,0.000,semi-presidential,parliamentary,parliamentary,parliamentary,parliamentary,semi-presidential,semi-presidential,electoral-authoritarian,electoral-authoritarian,parliamentary,0.800,0.800,0.800,0.800,0.807,0.803,0.800,0.500,0.500,0.800,100.0,79.5,100.0,100.0,98.6,100.0,100.0,100.0,100.0,100.0
2030-08-01,0.9911,0.9931,1.0044,0.9754,0.9973,0.9804,1.0018,1.0005,1.0090,1.0108,1.0022,0.9948,0.9911,0.9947,1.0054,0.9758,0.9980,0.9805,1.0022,1.0008,1.0471,1.0108,1.0024,0.9954,3711.94,5356.60,4205.13,2662.21,2078.11,1281.23,193.88,2772.73,1950.70,574.66,1.0952,0.6322,1.0189,1.3735,0.9685,0.3976,1.2446,0.2747,0.1982,-0.3598,0.6574,0.7547,0.6498,0.6681,0.6722,0.7549,0.5020,0.5907,0.7067,0.6901,0.0000,0.0000,0.0006,0.0004,0.0011,0.0000,0.0016,0.0015,0.0013,0.0014,1.0000,1.0000,1.0000,1.0000,1.0000,1.0000,1.0000,1.0000,1.0000,1.0000,56.56,198.49,84.30,56.16,64.43,12.42,10.25,253.06,67.56,86.33,0.0000,0.0000,0.0000,0.0000,0.0000,0.0000,0.0000,0.0000,0.0000,0.0000,104304,74663,53998,54750,86225,66964,95775,572442,131417,91336,0,0,0,0,0,0,0,0,0,0,0.0000,0.0000,0.0000,0.0000,0.0000,0.0000,0.4959,0.5336,0.0000,0.0000,0,0,0,0,0,0,0,1,0,0,0,0,0,0,0,0,0,0,0,0,0.1393,0.0907,0.1383,0.0655,0.1034,0.0255,0.0826,0.1128,0.0206,0.1332,0.000,0.000,0.000,0.000,0.000,0.000,0.000,0.154,0.000,0.000,semi-presidential,parliamentary,parliamentary,parliamentary,parliamentary,semi-presidential,semi-presidential,electoral-authoritarian,electoral-authoritarian,parliamentary,0.800,0.800,0.800,0.800,0.800,0.800,0.800,0.500,0.500,0.800,100.0,82.7,100.0,100.0,100.0,100.0,100.0,100.0,100.0,100.0
2030-09-01,0.9866,0.9857,1.0021,0.9749,0.9946,0.9800,1.0003,0.9999,1.0094,1.0099,0.9993,0.9956,0.9869,0.9863,1.0025,1.0132,0.9946,0.9800,1.0006,1.0262,1.0327,1.0102,0.9996,0.9959,3729.68,5364.00,4206.45,2670.44,2082.29,1295.97,195.43,2778.32,1960.70,574.51,1.0902,0.6314,1.0186,1.3693,0.9664,0.3948,1.2356,0.2756,0.1973,-0.3743,0.6680,0.7577,0.6569,0.6793,0.6728,0.7387,0.5647,0.5957,0.7121,0.6982,0.0013,0.0023,0.0122,0.0054,0.0015,0.0000,0.0140,0.0011,0.0009,0.0026,1.0000,1.0000,1.0000,1.0000,1.0000,1.0000,1.0000,1.0000,1.0000,1.0000,56.59,196.30,83.54,54.70,63.41,12.39,9.91,251.92,67.31,85.30,0.0000,0.0000,0.0000,0.0000,0.0000,0.0000,0.0000,0.0000,0.0000,0.0000,104304,74663,53998,54750,86225,66964,95775,572442,131417,91336,0,0,0,0,0,0,0,0,0,0,0.0000,0.0000,0.0000,0.0000,0.0000,0.0000,0.4762,0.5139,0.0000,0.0000,0,0,0,0,0,0,0,1,0,0,0,0,0,0,0,0,0,0,0,0,0.1411,0.0905,0.1454,0.0651,0.1047,0.0259,0.0866,0.1146,0.0215,0.1364,0.000,0.000,0.000,0.000,0.000,0.000,0.000,0.153,0.000,0.000,semi-presidential,parliamentary,parliamentary,parliamentary,parliamentary,semi-presidential,semi-presidential,electoral-authoritarian,electoral-authoritarian,parliamentary,0.800,0.800,0.800,0.800,0.830,0.800,0.800,0.500,0.500,0.800,100.0,85.9,100.0,100.0,92.9,100.0,90.0,100.0,100.0,100.0
2030-10-01,0.9845,0.9817,0.9987,0.9752,0.9955,0.9826,0.9986,1.0001,1.0073,1.0070,0.9993,0.9971,0.9849,0.9824,0.9993,1.0040,1.0096,1.0636,0.9988,1.0039,1.0074,1.0078,0.9993,0.9972,3749.02,5377.99,4231.04,2680.64,2087.92,1302.71,196.40,2783.78,1971.03,574.34,1.0848,0.6296,1.0125,1.3681,0.9636,0.3915,1.2302,0.2766,0.1964,-0.3886,0.6759,0.7556,0.6827,0.6708,0.6885,0.7398,0.6097,0.5888,0.7152,0.6945,0.0017,0.0026,0.0133,0.0059,0.0044,0.0011,0.0118,0.0000,0.0004,0.0048,1.0000,1.0000,1.0000,1.0000,1.0000,1.0000,1.0000,1.0000,1.0000,1.0000,57.23,197.67,85.01,56.04,64.59,12.36,9.93,256.32,67.91,85.10,0.0000,0.0000,0.0000,0.0000,0.0000,0.0000,0.0000,0.0000,0.0000,0.0000,104304,74663,53998,54750,86225,66964,95775,572442,131417,91336,0,0,0,0,0,0,0,0,0,0,0.0000,0.0000,0.0000,0.0000,0.0000,0.0000,0.4616,0.4942,0.0000,0.0000,0,0,0,0,0,0,0,1,0,0,0,0,0,0,0,0,0,0,0,0,0.1422,0.0916,0.1457,0.0664,0.1055,0.0268,0.0901,0.1171,0.0223,0.1342,0.000,0.000,0.000,0.000,0.000,0.000,0.000,0.153,0.000,0.000,semi-presidential,parliamentary,parliamentary,parliamentary,parliamentary,semi-presidential,semi-presidential,electoral-authoritarian,electoral-authoritarian,parliamentary,0.800,0.800,0.790,0.800,0.820,0.800,0.800,0.500,0.500,0.820,100.0,89.0,100.0,100.0,95.9,100.0,92.0,100.0,100.0,95.0
2030-11-01,0.9822,0.9801,0.9956,0.9734,0.9944,0.9855,0.9971,0.9985,1.0053,1.0026,0.9989,0.9994,0.9823,0.9944,0.9965,0.9740,0.9948,1.1103,1.0012,0.9987,1.0057,1.0030,0.9989,0.9997,3755.16,5395.27,4234.29,2690.31,2090.43,1304.29,199.12,2789.60,1982.09,575.06,1.0829,0.6276,1.0116,1.3632,0.9623,0.3956,1.2168,0.2776,0.1954,-0.4014,0.6743,0.7530,0.7006,0.6760,0.7002,0.7445,0.6633,0.6085,0.7118,0.7009,0.0042,0.0044,0.0034,0.0038,0.0033,0.0030,0.0005,0.0000,0.0019,0.0004,0.9871,0.9878,0.9933,0.9893,0.9881,0.9904,0.9981,1.0000,0.9911,1.0000,57.24,197.87,84.57,57.58,65.49,12.12,9.81,258.66,68.90,85.26,0.0000,0.0000,0.0000,0.0000,0.0000,0.0000,0.0000,0.0000,0.0000,0.0000,104304,74663,53998,54750,86225,66964,95775,572442,131417,91336,0,0,0,0,0,0,0,0,0,0,0.0000,0.0000,0.0000,0.0000,0.0000,0.0000,0.4222,0.4744,0.0000,0.0000,0,0,0,0,0,0,0,1,0,0,0,0,0,0,0,0,0,0,0,0,0.1436,0.0934,0.1486,0.0689,0.1069,0.0279,0.0877,0.1186,0.0235,0.1313,0.000,0.000,0.000,0.000,0.000,0.000,0.000,0.151,0.000,0.000,semi-presidential,parliamentary,parliamentary,parliamentary,parliamentary,semi-presidential,semi-presidential,electoral-authoritarian,electoral-authoritarian,parliamentary,0.800,0.800,0.800,0.800,0.810,0.800,0.800,0.500,0.500,0.811,100.0,92.2,100.0,100.0,98.9,100.0,97.9,100.0,100.0,97.5
2030-12-01,0.9823,0.9803,0.9945,0.9704,0.9944,0.9888,0.9962,0.9973,1.0039,0.9988,0.9965,1.0008,1.0399,0.9804,0.9950,0.9706,1.0084,1.0340,0.9964,0.9977,1.0066,0.9993,0.9972,1.0010,3769.81,5410.75,4249.73,2692.33,2100.91,1308.66,200.04,2804.42,1994.58,575.44,1.0786,0.6258,1.0079,1.3622,0.9606,0.3930,1.2135,0.2778,0.1943,-0.4238,0.6748,0.7532,0.7095,0.6856,0.7160,0.7481,0.6578,0.6070,0.7145,0.6631,0.0046,0.0043,0.0043,0.0062,0.0076,0.0034,0.0221,0.0001,0.0024,0.0046,1.0000,1.0000,1.0000,1.0000,1.0000,1.0000,1.0000,1.0000,1.0000,1.0000,57.71,198.34,84.39,57.94,66.40,11.83,10.03,264.00,69.93,84.63,0.0000,0.0000,0.0000,0.0000,0.0000,0.0000,0.0000,0.0000,0.0000,0.0000,104304,74663,53998,54750,86225,66964,95775,572442,131417,91336,0,0,0,0,0,0,0,0,0,0,0.0000,0.0000,0.0000,0.0000,0.0000,0.0000,0.4024,0.4547,0.0000,0.0000,0,0,0,0,0,0,0,1,0,0,0,0,0,0,0,0,0,0,0,0,0.1440,0.0941,0.1496,0.0697,0.1079,0.0287,0.0924,0.1228,0.0244,0.1314,0.000,0.000,0.000,0.000,0.000,0.000,0.000,0.150,0.000,0.000,semi-presidential,parliamentary,parliamentary,parliamentary,parliamentary,semi-presidential,semi-presidential,electoral-authoritarian,electoral-authoritarian,parliamentary,0.800,0.800,0.800,0.800,0.800,0.800,0.800,0.500,0.500,0.727,100.0,95.4,100.0,100.0,100.0,100.0,100.0,100.0,100.0,100.0
2031-01-01,0.9834,0.9802,0.9943,0.9691,0.9945,0.9894,0.9956,0.9958,1.0034,0.9969,0.9923,1.0008,1.0092,0.9804,1.0105,1.0018,0.9946,0.9894,1.0082,0.9958,1.0034,0.9969,0.9924,1.0009,3777.18,5423.02,4260.13,2704.97,2109.79,1316.22,200.40,2822.78,2004.43,575.42,1.0735,0.6245,1.0055,1.3559,0.9566,0.3894,1.2140,0.2791,0.1935,-0.4381,0.6753,0.7577,0.7149,0.6853,0.7172,0.7534,0.6484,0.6268,0.7049,0.6738,0.0030,0.0032,0.0130,0.0051,0.0028,0.0011,0.0336,0.0001,0.0014,0.0007,1.0000,1.0000,1.0000,1.0000,1.0000,1.0000,1.0000,1.0000,1.0000,1.0000,58.82,196.97,84.07,57.10,66.01,11.84,10.23,266.94,70.13,84.64,0.0000,0.0000,0.0000,0.0000,0.0000,0.0000,0.0000,0.0000,0.0000,0.0000,104304,74663,53998,54750,86225,66964,95775,572442,131417,91336,0,0,0,0,0,0,0,0,0,0,0.0000,0.0000,0.0000,0.0000,0.0000,0.0000,0.3827,0.4153,0.0000,0.0000,0,0,0,0,0,0,0,1,0,0,0,0,0,0,0,0,0,0,0,0,0.1432,0.0922,0.1463,0.0675,0.1063,0.0284,0.0912,0.1232,0.0243,0.1343,0.000,0.000,0.000,0.000,0.000,0.000,0.000,0.151,0.000,0.000,semi-presidential,parliamentary,parliamentary,parliamentary,parliamentary,semi-presidential,semi-presidential,electoral-authoritarian,electoral-authoritarian,parliamentary,0.800,0.800,0.800,0.800,0.800,0.800,0.800,0.500,0.500,0.737,100.0,98.6,100.0,100.0,100.0,100.0,100.0,100.0,100.0,100.0
2031-02-01,0.9851,0.9770,0.9952,0.9698,0.9950,0.9904,0.9964,0.9963,1.0029,0.9965,0.9903,1.0013,1.0304,0.9772,0.9957,0.9940,1.0060,0.9906,1.0389,0.9963,1.0403,0.9968,0.9904,1.0013,3796.47,5441.25,4272.21,2709.80,2118.98,1321.82,200.68,2831.10,2014.45,576.21,1.0682,0.6225,1.0026,1.3535,0.9526,0.3864,1.2154,0.2793,0.1926,-0.4517,0.6748,0.7551,0.7129,0.6904,0.7189,0.7540,0.6406,0.6543,0.7018,0.6799,0.0041,0.0026,0.0155,0.0046,0.0074,0.0021,0.0366,0.0017,0.0029,0.0061,1.0000,1.0000,1.0000,1.0000,1.0000,1.0000,1.0000,1.0000,1.0000,1.0000,58.53,194.37,81.92,55.64,64.96,11.86,9.99,264.99,69.68,84.02,0.0000,0.0000,0.0000,0.0000,0.0000,0.0000,0.0000,0.0000,0.0000,0.0000,104304,74663,53998,54750,86225,66964,95775,572442,131417,91336,0,0,0,0,0,0,0,0,0,0,0.0000,0.0000,0.0000,0.0000,0.0000,0.0000,0.3630,0.4013,0.0000,0.0000,0,0,0,0,0,0,0,1,0,0,0,0,0,0,0,0,0,0,0,0,0.1444,0.0924,0.1483,0.0677,0.1073,0.0288,0.0926,0.1233,0.0247,0.1328,0.000,0.000,0.000,0.000,0.000,0.000,0.000,0.151,0.000,0.000,semi-presidential,parliamentary,parliamentary,parliamentary,parliamentary,semi-presidential,semi-presidential,electoral-authoritarian,electoral-authoritarian,parliamentary,0.800,0.800,0.800,0.800,0.800,0.800,0.800,0.513,0.500,0.747,100.0,100.0,100.0,100.0,100.0,100.0,100.0,97.0,100.0,100.0
2031-03-01,0.9850,0.9738,0.9943,0.9695,0.9948,0.9921,0.9959,0.9958,1.0033,0.9933,0.9890,1.0033,0.9850,0.9739,0.9948,0.9951,0.9952,1.0702,0.9960,0.9960,1.0475,0.9937,0.9893,1.0037,3805.66,5470.24,4289.74,2718.24,2128.36,1328.10,201.56,2835.78,2026.37,578.33,1.0657,0.6193,0.9985,1.3494,0.9485,0.3833,1.2135,0.2804,0.1916,-0.4642,0.6818,0.7603,0.7144,0.7005,0.7288,0.7532,0.6446,0.6548,0.7272,0.6858,0.0014,0.0020,0.0127,0.0026,0.0022,0.0010,0.0129,0.0017,0.0019,0.0015,1.0000,1.0000,1.0000,1.0000,1.0000,1.0000,1.0000,1.0000,1.0000,1.0000,58.77,198.84,84.46,56.79,66.01,11.94,10.03,266.46,70.56,85.01,0.0000,0.0000,0.0000,0.0000,0.0000,0.0000,0.0000,0.0000,0.0000,0.0000,104304,74663,53998,54750,86225,66964,95775,572442,131417,91336,0,0,0,0,0,0,0,0,0,0,0.0000,0.0000,0.0000,0.0000,0.0000,0.0000,0.3433,0.3816,0.0000,0.0000,0,0,0,0,0,0,0,1,0,0,0,0,0,0,0,0,0,0,0,0,0.1479,0.0954,0.1517,0.0705,0.1102,0.0300,0.0901,0.1228,0.0262,0.1331,0.000,0.000,0.000,0.000,0.000,0.000,0.000,0.150,0.000,0.000,semi-presidential,parliamentary,parliamentary,parliamentary,parliamentary,semi-presidential,semi-presidential,electoral-authoritarian,electoral-authoritarian,parliamentary,0.800,0.800,0.800,0.800,0.800,0.800,0.800,0.503,0.500,0.756,100.0,100.0,100.0,100.0,100.0,100.0,100.0,99.8,100.0,100.0
2031-04-01,0.9852,0.9714,0.9935,0.9697,0.9936,0.9917,0.9969,0.9963,1.0043,0.9888,0.9863,1.0053,0.9862,0.9719,0.9941,1.0151,0.9937,0.9919,1.0212,1.0689,1.0203,0.9900,0.9869,1.0056,3822.58,5485.20,4302.18,2736.67,2139.00,1333.25,202.33,2850.26,2038.19,580.04,1.0611,0.6176,0.9957,1.3403,0.9439,0.3805,1.2125,0.2805,0.1906,-0.4769,0.6853,0.7632,0.7137,0.7042,0.7325,0.7612,0.6502,0.6536,0.7486,0.6907,0.0042,0.0034,0.0161,0.0078,0.0032,0.0000,0.0194,0.0012,0.0008,0.0064,1.0000,1.0000,1.0000,1.0000,1.0000,1.0000,1.0000,1.0000,1.0000,1.0000,59.40,197.13,82.64,56.73,66.13,11.99,10.02,269.33,70.91,84.86,0.0000,0.0000,0.0000,0.0000,0.0000,0.0000,0.0000,0.0000,0.0000,0.0000,104304,74663,53998,54750,86225,66964,95775,572442,131417,91336,0,0,0,0,0,0,0,0,0,0,0.0000,0.0000,0.0000,0.0000,0.0000,0.0000,0.3236,0.3619,0.0000,0.0000,0,0,0,0,0,0,0,1,0,0,0,0,0,0,0,0,0,0,0,0,0.1494,0.0960,0.1533,0.0752,0.1120,0.0313,0.0941,0.1262,0.0280,0.1353,0.000,0.000,0.000,0.000,0.000,0.000,0.000,0.149,0.000,0.000,semi-presidential,parliamentary,parliamentary,parliamentary,parliamentary,semi-presidential,semi-presidential,electoral-authoritarian,electoral-authoritarian,parliamentary,0.800,0.800,0.800,0.800,0.800,0.800,0.800,0.500,0.500,0.766,100.0,100.0,100.0,100.0,100.0,100.0,100.0,100.0,100.0,100.0
2031-05-01,0.9840,0.9698,0.9919,0.9710,0.9931,0.9902,0.9964,0.9969,1.0050,0.9859,0.9854,1.0048,0.9840,0.9699,0.9926,1.0075,0.9931,0.9904,0.9964,0.9995,1.0389,0.9860,0.9853,1.0048,3839.39,5506.93,4308.28,2752.19,2154.31,1338.52,203.10,2851.14,2051.18,581.18,1.0615,0.6152,0.9943,1.3328,0.9374,0.3778,1.2118,0.2820,0.1895,-0.4902,0.6922,0.7638,0.7173,0.6997,0.7465,0.7658,0.6508,0.6555,0.7316,0.6984,0.0001,0.0021,0.0112,0.0049,0.0010,0.0000,0.0124,0.0013,0.0012,0.0011,1.0000,1.0000,1.0000,1.0000,1.0000,1.0000,1.0000,1.0000,1.0000,1.0000,59.20,199.43,84.19,56.69,66.51,12.10,10.05,268.30,71.34,85.14,0.0000,0.0000,0.0000,0.0000,0.0000,0.0000,0.0000,0.0000,0.0000,0.0000,104304,74663,53998,54750,86225,66964,95775,572442,131417,91336,0,0,0,0,0,0,0,0,0,0,0.0000,0.0000,0.0000,0.0000,0.0000,0.0000,0.3039,0.3422,0.0000,0.0000,0,0,0,0,0,0,0,1,0,0,0,0,0,0,0,0,0,0,0,0,0.1313,0.0875,0.1336,0.0658,0.0976,0.0288,0.0916,0.1224,0.0246,0.1346,0.000,0.000,0.000,0.000,0.000,0.000,0.000,0.150,0.000,0.000,semi-presidential,parliamentary,parliamentary,parliamentary,parliamentary,semi-presidential,semi-presidential,electoral-authoritarian,electoral-authoritarian,parliamentary,0.800,0.800,0.800,0.800,0.800,0.800,0.800,0.500,0.500,0.776,100.0,100.0,100.0,100.0,100.0,100.0,100.0,100.0,100.0,100.0
2031-06-01,0.9840,0.9694,0.9884,0.9717,0.9939,0.9913,0.9979,0.9964,1.0054,0.9836,0.9875,1.0044,1.0426,0.9696,0.9889,1.0191,1.0154,1.0387,1.1021,0.9964,1.0053,0.9839,1.0646,1.0044,3845.06,5517.42,4324.15,2765.78,2167.63,1347.75,203.63,2856.24,2061.73,581.74,1.0601,0.6142,0.9906,1.3264,0.9318,0.3739,1.2128,0.2830,0.1886,-0.5038,0.6878,0.7713,0.7081,0.6947,0.7468,0.7715,0.6391,0.6603,0.7250,0.6986,0.0101,0.0082,0.0224,0.0159,0.0129,0.0035,0.0385,0.0008,0.0027,0.0149,1.0000,1.0000,1.0000,1.0000,1.0000,1.0000,1.0000,1.0000,1.0000,1.0000,58.94,199.77,84.42,56.92,66.81,12.05,10.10,268.08,71.51,84.84,0.0000,0.0000,0.0000,0.0000,0.0000,0.0000,0.0000,0.0000,0.0000,0.0000,104304,74663,53998,54750,86225,66964,95775,572442,131417,91336,0,0,0,0,0,0,0,0,0,0,0.0000,0.0000,0.0000,0.0000,0.0000,0.0000,0.2842,0.3225,0.0000,0.0000,0,0,0,0,0,0,0,1,0,0,0,0,0,0,0,0,0,0,0,0,0.1434,0.0935,0.1467,0.0722,0.1112,0.0303,0.0939,0.1236,0.0266,0.1350,0.000,0.000,0.000,0.000,0.000,0.000,0.000,0.150,0.000,0.000,semi-presidential,parliamentary,parliamentary,parliamentary,parliamentary,semi-presidential,semi-presidential,electoral-authoritarian,electoral-authoritarian,parliamentary,0.800,0.800,0.800,0.800,0.800,0.800,0.800,0.500,0.500,0.786,100.0,100.0,100.0,100.0,100.0,100.0,100.0,100.0,100.0,100.0
2031-07-01,0.9855,0.9689,0.9874,0.9735,0.9944,0.9941,0.9987,0.9965,1.0049,0.9841,0.9909,1.0047,1.0219,0.9689,1.0232,1.0183,0.9946,1.0283,1.0096,0.9966,1.0050,1.0111,1.0736,1.0048,3865.94,5535.74,4329.40,2786.25,2183.94,1354.25,204.29,2868.49,2076.55,580.85,1.0544,0.6122,0.9894,1.3137,0.9251,0.3709,1.2132,0.2833,0.1874,-0.5188,0.6874,0.7691,0.7104,0.6925,0.7385,0.7638,0.6422,0.6685,0.7253,0.7012,0.0082,0.0075,0.0186,0.0124,0.0070,0.0021,0.0356,0.0005,0.0029,0.0045,1.0000,1.0000,1.0000,1.0000,1.0000,1.0000,1.0000,1.0000,1.0000,1.0000,59.70,197.93,82.91,57.23,67.22,12.20,10.14,271.31,71.88,84.85,0.0000,0.0000,0.0000,0.0000,0.0000,0.0000,0.0000,0.0000,0.0000,0.0000,104304,74663,53998,54750,86225,66964,95775,572442,131417,91336,0,0,0,0,0,0,0,0,0,0,0.0000,0.0000,0.0000,0.0000,0.0000,0.0000,0.2645,0.3028,0.0000,0.0000,0,0,0,0,0,0,0,1,0,0,0,0,0,0,0,0,0,0,0,0,0.1455,0.0940,0.1490,0.0731,0.1129,0.0308,0.0932,0.1258,0.0270,0.1351,0.000,0.000,0.000,0.000,0.000,0.000,0.000,0.151,0.000,0.000,semi-presidential,parliamentary,parliamentary,parliamentary,parliamentary,semi-presidential,semi-presidential,electoral-authoritarian,electoral-authoritarian,parliamentary,0.800,0.800,0.800,0.800,0.800,0.800,0.800,0.500,0.500,0.796,100.0,100.0,100.0,100.0,100.0,100.0,100.0,100.0,100.0,100.0
2031-08-01,0.9871,0.9705,0.9892,0.9743,0.9927,0.9954,1.0003,0.9979,1.0037,0.9880,0.9942,1.0040,1.0395,1.0271,1.0815,1.0136,0.9932,1.0256,1.0093,1.0630,1.0040,1.0241,1.1103,1.0040,3871.86,5539.89,4333.61,2796.14,2192.89,1362.28,204.32,2869.15,2085.79,580.78,1.0529,0.6118,0.9885,1.3091,0.9246,0.3674,1.2176,0.2848,0.1867,-0.5330,0.6781,0.7621,0.6938,0.6775,0.7346,0.7661,0.6330,0.6753,0.7227,0.7000,0.0243,0.0158,0.0324,0.0207,0.0214,0.0080,0.0420,0.0011,0.0111,0.0110,0.9492,0.9535,0.9738,0.9568,0.9508,0.9633,0.9916,1.0000,0.9628,1.0000,59.42,199.67,84.97,58.60,68.12,12.34,10.22,270.55,71.83,85.18,0.0000,0.0000,0.0000,0.0000,0.0000,0.0000,0.0000,0.0000,0.0000,0.0000,104304,74663,53998,54750,86225,66964,95775,572442,131417,91336,0,0,0,0,0,0,0,0,0,0,0.0000,0.0000,0.0000,0.0000,0.0000,0.0000,0.2447,0.2831,0.0000,0.0000,0,0,0,0,0,0,0,1,0,0,0,0,0,0,0,0,0,0,0,0,0.1486,0.0958,0.1524,0.0752,0.1153,0.0306,0.0897,0.1253,0.0267,0.1347,0.000,0.000,0.000,0.000,0.000,0.000,0.000,0.152,0.000,0.000,semi-presidential,parliamentary,parliamentary,parliamentary,parliamentary,semi-presidential,semi-presidential,electoral-authoritarian,electoral-authoritarian,parliamentary,0.800,0.800,0.800,0.800,0.800,0.800,0.800,0.500,0.500,0.800,100.0,100.0,100.0,100.0,100.0,100.0,100.0,100.0,100.0,100.0
2031-09-01,0.9884,0.9725,0.9907,0.9781,0.9892,0.9955,1.0004,0.9998,1.0025,0.9923,0.9960,1.0027,1.0219,1.0341,1.0283,1.0434,0.9895,0.9955,1.0221,1.0570,1.0028,1.0313,1.0506,1.0030,3882.30,5552.09,4341.31,2796.72,2206.38,1369.75,204.88,2874.32,2104.40,582.11,1.0502,0.6106,0.9867,1.3090,0.9191,0.3641,1.2189,0.2858,0.1851,-0.5460,0.6745,0.7461,0.6865,0.6721,0.7312,0.7590,0.6134,0.6726,0.7171,0.6945,0.0176,0.0166,0.0261,0.0252,0.0156,0.0072,0.0319,0.0008,0.0085,0.0075,0.9449,0.9495,0.9715,0.9530,0.9465,0.9600,0.9910,1.0000,0.9592,1.0000,59.83,195.77,81.62,57.91,67.33,12.64,10.04,272.10,72.32,85.14,0.0000,0.0000,0.0000,0.0000,0.0000,0.0000,0.0000,0.0000,0.0000,0.0000,104304,74663,53998,54750,86225,66964,95775,572442,131417,91336,0,0,0,0,0,0,0,0,0,0,0.0000,0.0000,0.0000,0.0000,0.0000,0.0000,0.2250,0.2634,0.0000,0.0000,0,0,0,0,0,0,0,1,0,0,0,0,0,0,0,0,0,0,0,0,0.1326,0.0865,0.1352,0.0656,0.1023,0.0280,0.0854,0.1229,0.0236,0.1357,0.000,0.000,0.000,0.000,0.000,0.000,0.000,0.153,0.000,0.000,semi-presidential,parliamentary,parliamentary,parliamentary,parliamentary,semi-presidential,semi-presidential,electoral-authoritarian,electoral-authoritarian,parliamentary,0.800,0.800,0.800,0.800,0.800,0.800,0.800,0.500,0.500,0.800,100.0,100.0,100.0,100.0,100.0,100.0,100.0,100.0,100.0,100.0
2031-10-01,0.9897,0.9736,0.9933,0.9848,0.9860,0.9960,1.0006,1.0009,1.0013,0.9979,0.9958,1.0005,1.0188,1.0124,1.1602,1.0570,0.9862,1.0162,1.0295,1.0356,1.0013,1.0359,0.9969,1.0011,3886.49,5562.27,4342.15,2797.59,2213.83,1378.18,205.11,2886.41,2120.65,583.34,1.0491,0.6095,0.9865,1.3088,0.9163,0.3597,1.2224,0.2861,0.1838,-0.5583,0.6663,0.7365,0.6660,0.6644,0.7259,0.7622,0.6083,0.6835,0.7072,0.6963,0.0211,0.0208,0.0295,0.0337,0.0198,0.0051,0.0267,0.0004,0.0111,0.0062,0.9643,0.9676,0.9815,0.9705,0.9656,0.9750,0.9937,1.0000,0.9760,1.0000,60.47,192.05,79.75,58.63,67.02,13.07,9.96,271.50,72.31,87.21,0.0000,0.0000,0.0000,0.0000,0.0000,0.0000,0.0000,0.0000,0.0000,0.0000,104304,74663,53998,54750,86225,66964,95775,572442,131417,91336,0,0,0,0,0,0,0,0,0,0,0.0000,0.0000,0.0000,0.0000,0.0000,0.0000,0.2053,0.2436,0.0000,0.0000,0,0,0,0,0,0,0,1,0,0,0,0,0,0,0,0,0,0,0,0,0.1241,0.0808,0.1258,0.0606,0.0951,0.0265,0.0846,0.1215,0.0210,0.1396,0.000,0.000,0.000,0.000,0.000,0.000,0.000,0.155,0.000,0.000,semi-presidential,parliamentary,parliamentary,parliamentary,parliamentary,semi-presidential,semi-presidential,electoral-authoritarian,electoral-authoritarian,parliamentary,0.800,0.800,0.800,0.800,0.800,0.800,0.800,0.500,0.500,0.800,100.0,100.0,100.0,100.0,100.0,100.0,100.0,100.0,100.0,100.0
2031-11-01,0.9914,0.9739,0.9976,0.9915,0.9833,0.9973,1.0014,0.9992,1.0012,1.0010,0.9972,0.9983,1.0738,0.9740,1.1798,1.0502,0.9835,1.0365,1.0392,0.9997,1.0413,1.0244,1.0477,0.9984,3900.84,5578.99,4342.13,2793.87,2219.29,1382.88,205.45,2895.88,2125.61,583.59,1.0454,0.6128,0.9865,1.3108,0.9142,0.3573,1.2253,0.2867,0.1835,-0.5726,0.6564,0.7274,0.6510,0.6447,0.7229,0.7569,0.6026,0.6773,0.6940,0.7113,0.0212,0.0183,0.0295,0.0298,0.0210,0.0046,0.0363,0.0019,0.0118,0.0077,1.0000,1.0000,1.0000,1.0000,1.0000,1.0000,1.0000,1.0000,1.0000,1.0000,59.95,194.03,80.76,57.78,66.94,12.97,10.06,269.38,72.37,86.87,0.0000,0.0000,0.0000,0.0000,0.0000,0.0000,0.0000,0.0000,0.0000,0.0000,104304,74663,53998,54750,86225,66964,95775,572442,131417,91336,0,0,0,0,0,0,0,0,0,0,0.0000,0.0000,0.0000,0.0000,0.0000,0.0000,0.1856,0.2239,0.0000,0.0000,0,0,0,0,0,0,0,1,0,0,0,0,0,0,0,0,0,0,0,0,0.1359,0.0863,0.1387,0.0660,0.1044,0.0267,0.0863,0.1222,0.0218,0.1400,0.000,0.000,0.000,0.000,0.000,0.000,0.000,0.158,0.000,0.000,semi-presidential,parliamentary,parliamentary,parliamentary,parliamentary,semi-presidential,semi-presidential,electoral-authoritarian,electoral-authoritarian,parliamentary,0.800,0.800,0.800,0.800,0.800,0.800,0.800,0.500,0.500,0.800,100.0,100.0,100.0,100.0,100.0,30.0,100.0,100.0,100.0,100.0
2031-12-01,0.9929,0.9759,0.9995,0.9965,0.9839,0.9994,1.0011,0.9977,1.0015,0.9996,0.9968,0.9977,1.0350,1.0763,1.0520,1.0626,0.9922,1.1086,1.0456,0.9978,1.0016,1.0000,0.9971,0.9977,3911.69,5599.83,4347.20,2800.59,2231.43,1384.47,205.61,2897.19,2136.68,586.65,1.0426,0.6105,0.9852,1.3079,0.9095,0.3556,1.2293,0.2880,0.1827,-0.5841,0.6504,0.7323,0.6545,0.6440,0.7170,0.7497,0.6007,0.6737,0.6833,0.7210,0.0220,0.0241,0.0269,0.0341,0.0226,0.0124,0.0344,0.0002,0.0134,0.0049,0.9108,0.9187,0.9541,0.9233,0.9123,0.9353,0.9856,1.0000,0.9329,1.0000,61.08,197.33,81.84,58.87,68.53,12.88,10.18,275.42,74.12,88.19,0.0000,0.0000,0.0000,0.0000,0.0000,0.0000,0.0000,0.0000,0.0000,0.0000,104304,74663,53998,54750,86225,66964,95775,572442,131417,91336,0,0,0,0,0,0,0,0,0,0,0.0000,0.0000,0.0000,0.0000,0.0000,0.0000,0.1659,0.2042,0.0000,0.0000,0,0,0,0,0,0,0,1,0,0,0,0,0,0,0,0,0,0,0,0,0.1395,0.0881,0.1426,0.0676,0.1071,0.0265,0.0896,0.1231,0.0224,0.1403,0.000,0.000,0.000,0.000,0.000,0.000,0.000,0.159,0.000,0.000,semi-presidential,parliamentary,parliamentary,parliamentary,parliamentary,semi-presidential,semi-presidential,electoral-authoritarian,electoral-authoritarian,parliamentary,0.800,0.800,0.800,0.800,0.800,0.800,0.800,0.500,0.500,0.800,100.0,100.0,100.0,100.0,100.0,33.1,100.0,100.0,100.0,100.0
2032-01-01,0.9947,0.9785,1.0003,1.0018,0.9845,1.0021,1.0020,0.9978,1.0016,0.9995,0.9962,0.9980,1.0575,1.0122,1.0467,1.0585,0.9881,1.0732,1.0373,0.9978,1.0212,0.9995,1.0309,0.9982,3925.75,5614.42,4364.80,2812.61,2240.51,1391.10,205.99,2908.48,2149.79,586.14,1.0390,0.6090,0.9811,1.3026,0.9058,0.3526,1.2322,0.2884,0.1817,-0.5991,0.6521,0.7257,0.6646,0.6475,0.7183,0.7482,0.6118,0.6831,0.7031,0.7209,0.0150,0.0161,0.0216,0.0246,0.0150,0.0070,0.0338,0.0011,0.0080,0.0052,0.9691,0.9716,0.9840,0.9744,0.9705,0.9779,0.9949,1.0000,0.9791,1.0000,61.05,197.91,81.78,58.92,68.54,12.94,10.24,275.66,74.62,88.04,0.0000,0.0000,0.0000,0.0000,0.0000,0.0000,0.0000,0.0000,0.0000,0.0000,104304,74663,53998,54750,86225,66964,95775,572442,131417,91336,0,0,0,0,0,0,0,0,0,0,0.0000,0.0000,0.0000,0.0000,0.0000,0.0000,0.1462,0.1845,0.0000,0.0000,0,0,0,0,0,0,0,1,0,0,0,0,0,0,0,0,0,0,0,0,0.1440,0.0904,0.1475,0.0701,0.1109,0.0273,0.0905,0.1241,0.0235,0.1407,0.000,0.000,0.000,0.000,0.000,0.000,0.000,0.160,0.000,0.000,semi-presidential,parliamentary,parliamentary,parliamentary,parliamentary,semi-presidential,semi-presidential,electoral-authoritarian,electoral-authoritarian,parliamentary,0.800,0.800,0.800,0.800,0.800,0.800,0.800,0.500,0.500,0.800,100.0,100.0,100.0,100.0,100.0,36.3,100.0,100.0,100.0,100.0
2032-02-01,0.9976,0.9816,0.9995,1.0069,1.0061,1.0034,1.0010,1.0051,1.0015,0.9983,0.9951,0.9981,1.0463,1.0899,1.0008,1.0631,1.1100,1.0862,1.0013,1.2649,1.0016,0.9987,0.9955,0.9982,3933.50,5635.15,4372.14,2812.74,2251.18,1398.74,206.61,2914.31,2171.47,588.20,1.0368,0.6069,0.9795,1.3028,0.9013,0.3494,1.2336,0.2893,0.1851,-0.6115,0.6445,0.7287,0.6536,0.6309,0.6892,0.7452,0.6024,0.6899,0.7225,0.6669,0.0301,0.0212,0.0466,0.0474,0.0483,0.0130,0.0431,0.0017,0.0125,0.0586,0.9047,0.9131,0.9511,0.9178,0.9062,0.9307,0.9850,1.0000,0.9277,1.0000,61.61,203.29,84.91,58.70,69.78,13.31,10.08,278.55,75.51,89.35,0.0000,0.0000,0.0000,0.0000,0.0000,0.0000,0.0000,0.0000,0.0000,0.0000,104304,74663,53998,54750,86225,66964,95775,572442,131417,91336,0,0,0,0,0,0,0,0,0,0,0.0000,0.0000,0.0000,0.0000,0.0000,0.0000,0.1265,0.1648,0.0000,0.0000,0,0,0,0,0,0,0,1,0,0,0,0,0,0,0,0,0,0,0,0,0.1442,0.0914,0.1475,0.0701,0.1108,0.0281,0.0920,0.1251,0.0235,0.1413,0.000,0.000,0.000,0.000,0.000,0.000,0.000,0.161,0.000,0.000,semi-presidential,parliamentary,parliamentary,parliamentary,parliamentary,semi-presidential,semi-presidential,electoral-authoritarian,electoral-authoritarian,parliamentary,0.800,0.800,0.800,0.800,0.800,0.800,0.800,0.500,0.500,0.800,100.0,100.0,100.0,100.0,100.0,39.4,100.0,100.0,100.0,100.0
2032-03-01,0.9990,0.9849,0.9995,1.0109,1.0291,1.0057,0.9993,1.0109,1.0008,0.9974,0.9948,0.9969,1.0630,1.0933,1.0000,1.0670,1.1095,1.0650,0.9994,1.1694,1.0010,0.9976,1.0028,0.9973,3930.18,5646.33,4376.15,2816.19,2257.58,1405.10,206.70,2922.90,2179.71,588.65,1.0377,0.6057,0.9786,1.3015,0.8987,0.3465,1.2396,0.2898,0.1845,-0.6257,0.6437,0.7290,0.6457,0.6323,0.6892,0.7418,0.6113,0.6979,0.7183,0.6597,0.0263,0.0216,0.0382,0.0431,0.0406,0.0135,0.0385,0.0010,0.0127,0.0426,0.9046,0.9131,0.9511,0.9179,0.9060,0.9309,0.9850,1.0000,0.9280,1.0000,61.66,206.26,87.56,58.32,70.42,14.13,10.20,278.25,76.29,89.70,0.0000,0.0000,0.0000,0.0000,0.0000,0.0000,0.0000,0.0000,0.0000,0.0000,104304,74663,53998,54750,86225,66964,95775,572442,131417,91336,0,0,0,0,0,0,0,0,0,0,0.0000,0.0000,0.0000,0.0000,0.0000,0.0000,0.1127,0.1451,0.0000,0.0000,0,0,0,0,0,0,0,1,0,0,0,0,0,0,0,0,0,0,0,0,0.1241,0.0822,0.1256,0.0595,0.0944,0.0262,0.0888,0.1228,0.0201,0.1417,0.000,0.000,0.000,0.000,0.000,0.000,0.000,0.163,0.000,0.000,semi-presidential,parliamentary,parliamentary,parliamentary,parliamentary,semi-presidential,semi-presidential,electoral-authoritarian,electoral-authoritarian,parliamentary,0.800,0.800,0.800,0.800,0.800,0.800,0.800,0.500,0.500,0.800,100.0,100.0,100.0,100.0,100.0,42.5,100.0,100.0,100.0,100.0
2032-04-01,1.0000,0.9888,0.9976,1.0143,1.0455,1.0065,0.9976,1.0158,0.9992,0.9957,0.9938,0.9969,1.1001,1.0725,0.9981,1.0594,1.1062,1.0517,0.9978,1.1337,0.9993,0.9959,0.9938,0.9973,3937.67,5649.45,4377.69,2817.35,2265.11,1413.77,206.87,2929.16,2188.07,589.70,1.0358,0.6055,0.9782,1.3013,0.8957,0.3432,1.2416,0.2906,0.1839,-0.6392,0.6416,0.7173,0.6541,0.6312,0.6901,0.7457,0.5983,0.6915,0.7286,0.6771,0.0235,0.0192,0.0324,0.0364,0.0345,0.0130,0.0363,0.0006,0.0114,0.0323,0.9253,0.9323,0.9616,0.9367,0.9268,0.9469,0.9878,1.0000,0.9463,1.0000,61.36,210.39,91.73,59.61,71.39,14.78,10.37,276.70,76.74,90.25,0.0000,0.0000,0.0000,0.0000,0.0000,0.0000,0.0000,0.0000,0.0000,0.0000,104304,74663,53998,54750,86225,66964,95775,572442,131417,91336,0,0,0,0,0,0,0,0,0,0,0.0000,0.0000,0.0000,0.0000,0.0000,0.0000,0.1008,0.1254,0.0000,0.0000,0,0,0,0,0,0,0,1,0,0,0,0,0,0,0,0,0,0,0,0,0.1434,0.0925,0.1465,0.0701,0.1100,0.0286,0.0925,0.1253,0.0232,0.1421,0.000,0.000,0.000,0.000,0.000,0.000,0.000,0.164,0.000,0.000,semi-presidential,parliamentary,parliamentary,parliamentary,parliamentary,semi-presidential,semi-presidential,electoral-authoritarian,electoral-authoritarian,parliamentary,0.800,0.800,0.800,0.800,0.800,0.800,0.800,0.500,0.500,0.800,100.0,100.0,100.0,100.0,100.0,45.6,100.0,100.0,100.0,100.0
2032-05-01,1.0024,0.9923,0.9991,1.0180,1.0601,1.0083,0.9977,1.0165,0.9991,0.9935,0.9924,0.9980,1.0990,1.1308,1.1483,1.0716,1.1215,1.0691,1.0377,1.0167,1.0058,0.9938,0.9928,0.9980,3960.49,5663.32,4375.94,2816.89,2281.67,1419.70,207.39,2943.01,2196.89,592.51,1.0298,0.6039,0.9786,1.3018,0.8893,0.3405,1.2437,0.2907,0.1833,-0.6508,0.6430,0.7110,0.6570,0.6316,0.6928,0.7464,0.6163,0.6828,0.7216,0.6874,0.0355,0.0313,0.0408,0.0535,0.0482,0.0179,0.0326,0.0004,0.0233,0.0287,0.8811,0.8908,0.9395,0.8955,0.8823,0.9115,0.9832,1.0000,0.9046,1.0000,61.94,209.16,92.26,60.10,71.95,15.55,10.37,275.83,76.29,90.10,0.0000,0.0000,0.0000,0.0000,0.0000,0.0000,0.0000,0.0000,0.0000,0.0000,104304,74663,53998,54750,86225,66964,95775,572442,131417,91336,0,0,0,0,0,0,0,0,0,0,0.0000,0.0000,0.0000,0.0000,0.0000,0.0000,0.0811,0.1057,0.0000,0.0000,0,0,0,0,0,0,0,1,0,0,0,0,0,0,0,0,0,0,0,0,0.1425,0.0923,0.1455,0.0705,0.1093,0.0298,0.0940,0.1271,0.0230,0.1426,0.000,0.000,0.000,0.000,0.000,0.000,0.000,0.163,0.000,0.000,semi-presidential,parliamentary,parliamentary,parliamentary,parliamentary,semi-presidential,semi-presidential,electoral-authoritarian,electoral-authoritarian,parliamentary,0.800,0.800,0.800,0.800,0.800,0.800,0.800,0.500,0.500,0.800,100.0,100.0,100.0,100.0,100.0,48.8,100.0,100.0,100.0,100.0
2032-06-01,1.0041,0.9963,1.0011,1.0183,1.0705,1.0085,0.9980,1.0160,0.9983,0.9929,0.9900,0.9966,1.0492,1.1308,1.0030,1.0384,1.1130,1.0085,0.9981,1.0186,0.9983,0.9938,0.9905,0.9969,3966.06,5683.55,4384.93,2819.39,2290.53,1424.17,208.56,2944.29,2211.92,592.04,1.0283,0.6017,0.9766,1.3009,0.8859,0.3382,1.2419,0.2919,0.1822,-0.6660,0.6433,0.7040,0.6506,0.6243,0.6943,0.7525,0.6217,0.6818,0.7211,0.6967,0.0192,0.0174,0.0241,0.0238,0.0281,0.0141,0.0274,0.0000,0.0145,0.0164,0.8844,0.8940,0.9413,0.8987,0.8856,0.9143,0.9836,1.0000,0.9080,1.0000,63.58,217.87,99.87,65.45,75.70,15.63,10.88,284.55,79.60,92.30,0.0000,0.0000,0.0000,0.0000,0.0000,0.0000,0.0000,0.0000,0.0000,0.0000,104304,74663,53998,54750,86225,66964,95775,572442,131417,91336,0,0,0,0,0,0,0,0,0,0,0.0000,0.0000,0.0000,0.0000,0.0000,0.0000,0.0614,0.0859,0.0000,0.0000,0,0,0,0,0,0,0,1,0,0,0,0,0,0,0,0,0,0,0,0,0.1271,0.0859,0.1327,0.0647,0.0963,0.0276,0.0920,0.1242,0.0207,0.1405,0.000,0.000,0.000,0.000,0.000,0.000,0.000,0.164,0.000,0.000,semi-presidential,parliamentary,parliamentary,parliamentary,parliamentary,semi-presidential,semi-presidential,electoral-authoritarian,electoral-authoritarian,parliamentary,0.800,0.800,0.800,0.800,0.800,0.800,0.800,0.500,0.500,0.800,30.0,100.0,100.0,100.0,100.0,51.9,100.0,100.0,100.0,100.0
2032-07-01,1.0065,1.0011,1.0039,1.0154,1.0771,1.0057,0.9964,1.0141,0.9979,0.9914,0.9871,0.9944,1.1678,1.1307,1.1737,1.0163,1.1037,1.0066,0.9966,1.0145,1.0437,0.9915,0.9874,0.9945,3968.30,5689.41,4392.76,2832.69,2290.09,1431.28,209.50,2956.50,2219.65,592.40,1.0278,0.6011,0.9749,1.2950,0.8861,0.3353,1.2414,0.2921,0.1816,-0.6803,0.6444,0.7100,0.6626,0.6244,0.6880,0.7485,0.6335,0.6883,0.7052,0.7044,0.0376,0.0294,0.0277,0.0389,0.0444,0.0201,0.0292,0.0018,0.0278,0.0138,0.8885,0.8979,0.9434,0.9026,0.8897,0.9177,0.9842,1.0000,0.9120,1.0000,61.12,213.10,95.41,63.98,73.68,15.24,10.73,274.95,77.50,90.63,0.0000,0.0000,0.0000,0.0000,0.0000,0.0000,0.0000,0.0000,0.0000,0.0000,104304,74663,53998,54750,86225,66964,95775,572442,131417,91336,0,0,0,0,0,0,0,0,0,0,0.0000,0.0000,0.0000,0.0000,0.0000,0.0000,0.0417,0.0662,0.0000,0.0000,0,0,0,0,0,0,0,1,0,0,0,0,0,0,0,0,0,0,0,0,0.1159,0.0804,0.1221,0.0590,0.0880,0.0250,0.0900,0.1232,0.0178,0.1388,0.000,0.000,0.000,0.000,0.000,0.000,0.000,0.166,0.000,0.000,semi-presidential,parliamentary,parliamentary,parliamentary,parliamentary,semi-presidential,semi-presidential,electoral-authoritarian,electoral-authoritarian,parliamentary,0.800,0.800,0.800,0.800,0.800,0.800,0.800,0.500,0.500,0.800,27.8,100.0,100.0,100.0,100.0,55.1,100.0,100.0,100.0,100.0
2032-08-01,1.0100,1.0049,1.0074,1.0107,1.0793,1.0013,0.9955,1.0102,1.0019,0.9878,0.9839,0.9921,1.0995,1.1094,1.0456,1.0109,1.0794,1.0014,0.9958,1.0110,1.1114,0.9885,0.9844,0.9923,3967.82,5695.84,4386.47,2834.08,2286.45,1434.98,211.05,2964.21,2226.84,594.25,1.0280,0.6005,0.9763,1.2947,0.8875,0.3332,1.2421,0.2927,0.1812,-0.6930,0.6270,0.6959,0.6371,0.6117,0.6734,0.7320,0.6429,0.6950,0.6829,0.7031,0.0213,0.0181,0.0138,0.0192,0.0241,0.0135,0.0292,0.0043,0.0181,0.0036,0.9089,0.9175,0.9536,0.9223,0.9101,0.9350,0.9860,1.0000,0.9330,1.0000,62.40,215.49,94.49,65.06,74.97,15.19,10.86,284.79,80.07,92.56,0.0000,0.0000,0.0000,0.0000,0.0000,0.0000,0.0000,0.0000,0.0000,0.0000,104304,74663,53998,54750,86225,66964,95775,572442,131417,91336,0,0,0,0,0,0,0,0,0,0,0.0000,0.0000,0.0000,0.0000,0.0000,0.0000,0.0023,0.0465,0.0000,0.0000,0,0,0,0,0,0,0,1,0,0,0,0,0,0,0,0,0,0,0,0,0.1309,0.0849,0.1350,0.0694,0.1028,0.0247,0.0876,0.1231,0.0180,0.1394,0.000,0.000,0.000,0.000,0.000,0.000,0.000,0.169,0.000,0.000,semi-presidential,parliamentary,parliamentary,parliamentary,parliamentary,semi-presidential,semi-presidential,electoral-authoritarian,electoral-authoritarian,parliamentary,0.800,0.800,0.800,0.800,0.800,0.800,0.800,0.500,0.500,0.800,33.2,100.0,100.0,100.0,100.0,58.1,100.0,100.0,100.0,100.0
2032-09-01,1.0108,1.0090,1.0062,1.0058,1.0758,0.9996,0.9935,1.0088,1.0044,0.9856,0.9819,0.9901,1.0727,1.1225,1.0068,1.0065,1.0762,0.9996,0.9937,1.0089,1.0598,0.9856,0.9819,0.9907,3970.86,5716.35,4389.77,2834.93,2289.58,1439.26,211.25,2967.49,2237.24,596.08,1.0272,0.5985,0.9756,1.2942,0.8863,0.3310,1.2433,0.2937,0.1805,-0.7057,0.6259,0.7013,0.6368,0.6251,0.6815,0.7209,0.6445,0.7261,0.6955,0.7111,0.0176,0.0160,0.0099,0.0154,0.0190,0.0128,0.0261,0.0022,0.0146,0.0016,0.9021,0.9109,0.9503,0.9156,0.9033,0.9292,0.9858,1.0000,0.9258,1.0000,63.21,216.78,93.84,65.08,75.51,15.08,10.95,288.44,80.76,93.05,0.0000,0.0000,0.0000,0.0000,0.0000,0.0000,0.0000,0.0000,0.0000,0.0000,104304,74663,53998,54750,86225,66964,95775,572442,131417,91336,0,0,0,0,0,0,0,0,0,0,0.0000,0.0000,0.0000,0.0000,0.0000,0.0000,0.0000,0.0268,0.0000,0.0000,0,0,0,0,0,0,0,1,0,0,0,0,0,0,0,0,0,0,0,0,0.1200,0.0792,0.1229,0.0628,0.0934,0.0228,0.0834,0.1204,0.0157,0.1397,0.000,0.000,0.000,0.000,0.000,0.000,0.000,0.170,0.000,0.000,semi-presidential,parliamentary,parliamentary,parliamentary,parliamentary,semi-presidential,semi-presidential,electoral-authoritarian,electoral-authoritarian,parliamentary,0.800,0.800,0.800,0.800,0.800,0.800,0.800,0.500,0.500,0.800,35.9,100.0,100.0,100.0,100.0,61.1,91.6,100.0,100.0,100.0
2032-10-01,1.0088,1.0121,1.0065,1.0013,1.0709,0.9988,0.9935,1.0068,1.0040,0.9861,0.9818,0.9897,1.0089,1.0870,1.0817,1.0022,1.0721,0.9992,1.0615,1.0069,1.0040,0.9925,1.0414,0.9898,3980.67,5728.17,4402.44,2846.38,2298.85,1444.37,211.08,2985.77,2247.82,597.66,1.0248,0.5974,0.9728,1.2887,0.8828,0.3287,1.2490,0.2932,0.1797,-0.7186,0.6330,0.7085,0.6494,0.6357,0.6907,0.7191,0.6536,0.7203,0.6857,0.7210,0.0184,0.0108,0.0146,0.0129,0.0169,0.0064,0.0057,0.0007,0.0093,0.0066,0.9335,0.9404,0.9660,0.9450,0.9349,0.9543,0.9891,1.0000,0.9556,1.0000,62.95,216.38,93.12,65.02,74.63,15.02,10.66,286.48,80.53,94.50,0.0000,0.0000,0.0000,0.0000,0.0000,0.0000,0.0000,0.0000,0.0000,0.0000,104304,74663,53998,54750,86225,66964,95775,572442,131417,91336,0,0,0,0,0,0,0,0,0,0,0.0000,0.0000,0.0000,0.0000,0.0000,0.0000,0.0000,0.0071,0.0000,0.0000,0,0,0,0,0,0,0,1,0,0,0,0,0,0,0,0,0,0,0,0,0.1401,0.0876,0.1451,0.0731,0.1101,0.0233,0.0821,0.1192,0.0175,0.1398,0.000,0.000,0.000,0.000,0.000,0.000,0.000,0.171,0.000,0.000,semi-presidential,parliamentary,parliamentary,parliamentary,parliamentary,semi-presidential,semi-presidential,electoral-authoritarian,electoral-authoritarian,parliamentary,0.800,0.800,0.800,0.800,0.800,0.800,0.800,0.500,0.500,0.800,38.6,100.0,100.0,100.0,100.0,64.0,94.5,100.0,100.0,100.0
2032-11-01,1.0062,1.0165,1.0062,0.9959,1.0634,0.9966,0.9952,1.0058,1.0035,0.9890,0.9828,0.9916,1.0065,1.1704,1.0066,0.9966,1.0640,0.9967,1.0178,1.0059,1.0036,0.9950,1.0433,0.9921,3992.75,5733.25,4411.04,2849.05,2305.87,1451.83,211.09,2992.20,2255.25,601.01,1.0217,0.5969,0.9709,1.2875,0.8802,0.3259,1.2535,0.2939,0.1793,-0.7294,0.6427,0.7120,0.6567,0.6339,0.7055,0.7143,0.6542,0.7117,0.6864,0.7215,0.0206,0.0166,0.0122,0.0160,0.0196,0.0136,0.0050,0.0005,0.0151,0.0039,0.8713,0.8813,0.9353,0.8857,0.8725,0.9029,0.9841,1.0000,0.8933,1.0000,62.19,214.88,92.30,63.78,73.92,14.89,10.54,282.94,79.82,92.70,0.0000,0.0000,0.0000,0.0000,0.0000,0.0000,0.0000,0.0000,0.0000,0.0000,104304,74663,53998,54750,86225,66964,95775,572442,131417,91336,0,0,0,0,0,0,0,0,0,0,0.0000,0.0000,0.0000,0.0000,0.0000,0.0000,0.0000,0.0000,0.0000,0.0000,0,0,0,0,0,0,0,1,0,0,0,0,0,0,0,0,0,0,0,0,0.1408,0.0888,0.1465,0.0742,0.1114,0.0291,0.0776,0.1179,0.0183,0.1399,0.000,0.000,0.000,0.000,0.000,0.000,0.000,0.170,0.000,0.000,semi-presidential,parliamentary,parliamentary,parliamentary,parliamentary,semi-presidential,semi-presidential,electoral-authoritarian,electoral-authoritarian,parliamentary,0.800,0.800,0.800,0.800,0.800,0.800,0.800,0.500,0.500,0.800,41.4,100.0,100.0,100.0,100.0,67.0,97.5,100.0,100.0,100.0
2032-12-01,1.0051,1.0213,1.0036,0.9912,1.0534,0.9936,0.9961,1.0045,1.0009,0.9935,0.9855,0.9918,1.0176,1.1346,1.0044,0.9918,1.0548,0.9940,1.0470,1.0046,1.0011,0.9972,1.0802,0.9916,4012.52,5756.27,4406.53,2862.59,2313.78,1459.55,210.80,2997.49,2262.30,602.22,1.0167,0.5946,0.9719,1.2811,0.8803,0.3231,1.2597,0.2947,0.1788,-0.7428,0.6507,0.7214,0.6699,0.6472,0.7346,0.7236,0.6549,0.7019,0.6816,0.7205,0.0187,0.0129,0.0127,0.0122,0.0171,0.0103,0.0187,0.0008,0.0109,0.0062,0.9033,0.9120,0.9511,0.9166,0.9045,0.9300,0.9866,1.0000,0.9264,1.0000,63.87,216.61,92.78,65.70,76.22,14.84,10.74,293.01,81.76,94.02,0.0000,0.0000,0.0000,0.0000,0.0000,0.0000,0.0000,0.0000,0.0000,0.0000,104304,74663,53998,54750,86225,66964,95775,572442,131417,91336,0,0,0,0,0,0,0,0,0,0,0.0000,0.0000,0.0000,0.0000,0.0000,0.0000,0.0000,0.0000,0.0000,0.0000,0,0,0,0,0,0,0,1,0,0,0,0,0,0,0,0,0,0,0,0,0.1407,0.0886,0.1467,0.0743,0.1116,0.0290,0.0754,0.1204,0.0239,0.1401,0.000,0.000,0.000,0.000,0.000,0.000,0.000,0.169,0.000,0.000,semi-presidential,parliamentary,parliamentary,parliamentary,parliamentary,semi-presidential,semi-presidential,electoral-authoritarian,electoral-authoritarian,parliamentary,0.800,0.800,0.800,0.800,0.800,0.800,0.800,0.500,0.500,0.800,44.3,100.0,100.0,100.0,100.0,70.0,100.0,100.0,100.0,100.0
2033-01-01,1.0056,1.0239,1.0006,0.9871,1.0444,0.9912,0.9972,1.0020,0.9986,1.0005,0.9899,0.9929,1.0065,1.1076,1.0009,0.9873,1.0461,0.9917,1.0126,1.0023,0.9988,0.9999,1.1789,0.9933,4032.67,5776.68,4421.86,2876.12,2330.37,1465.61,210.74,2999.18,2276.82,603.90,1.0116,0.5926,0.9686,1.2749,0.8741,0.3206,1.2644,0.2958,0.1778,-0.7556,0.6598,0.7286,0.6846,0.6686,0.7390,0.7282,0.6335,0.7027,0.6753,0.7206,0.0167,0.0094,0.0126,0.0087,0.0145,0.0072,0.0117,0.0009,0.0066,0.0098,0.9255,0.9331,0.9652,0.9377,0.9267,0.9484,0.9838,1.0000,0.9546,1.0000,64.24,216.71,91.85,65.75,76.18,14.94,10.28,294.72,82.58,95.99,0.0000,0.0000,0.0000,0.0000,0.0000,0.0000,0.0000,0.0000,0.0000,0.0000,104304,74663,53998,54750,86225,66964,95775,572442,131417,91336,0,0,0,0,0,0,0,0,0,0,0.0000,0.0000,0.0000,0.0000,0.0000,0.0000,0.0000,0.0000,0.0000,0.0000,0,0,0,0,0,0,0,1,0,0,0,0,0,0,0,0,0,0,0,0,0.1425,0.0893,0.1478,0.0748,0.1125,0.0301,0.0795,0.1218,0.0248,0.1404,0.000,0.000,0.000,0.000,0.000,0.000,0.000,0.171,0.000,0.000,semi-presidential,parliamentary,parliamentary,parliamentary,parliamentary,semi-presidential,semi-presidential,electoral-authoritarian,electoral-authoritarian,parliamentary,0.800,0.800,0.800,0.800,0.800,0.800,0.800,0.500,0.500,0.800,47.1,100.0,100.0,100.0,100.0,73.0,100.0,100.0,100.0,100.0
2033-02-01,1.0066,1.0270,0.9996,0.9837,1.0376,0.9897,0.9958,0.9997,0.9974,1.0046,0.9954,0.9957,1.0528,1.1186,1.0117,0.9841,1.0381,0.9898,0.9959,0.9998,0.9974,1.0039,1.1855,0.9960,4034.61,5796.38,4429.67,2879.31,2338.78,1474.28,210.54,3005.45,2284.17,604.64,1.0112,0.5907,0.9666,1.2736,0.8710,0.3176,1.2699,0.2964,0.1774,-0.7798,0.6634,0.7306,0.6894,0.6704,0.7500,0.7305,0.6199,0.7157,0.6685,0.7379,0.0205,0.0130,0.0139,0.0126,0.0184,0.0100,0.0557,0.0008,0.0082,0.0106,0.9185,0.9259,0.9649,0.9300,0.9195,0.9415,0.9745,1.0000,0.9526,1.0000,64.21,216.15,90.44,65.35,75.88,15.01,9.65,294.21,82.96,97.31,0.0000,0.0000,0.0000,0.0000,0.0000,0.0000,0.0000,0.0000,0.0000,0.0000,104304,74663,53998,54750,86225,66964,95775,572442,131417,91336,0,0,0,0,0,0,0,0,0,0,0.0000,0.0000,0.0000,0.0000,0.0000,0.0000,0.0000,0.0000,0.0000,0.0000,0,0,0,0,0,0,0,1,0,0,0,0,0,0,0,0,0,0,0,0,0.1447,0.0905,0.1542,0.0764,0.1143,0.0316,0.0831,0.1251,0.0263,0.1407,0.000,0.000,0.000,0.000,0.000,0.000,0.000,0.169,0.000,0.000,semi-presidential,parliamentary,parliamentary,parliamentary,parliamentary,semi-presidential,semi-presidential,electoral-authoritarian,electoral-authoritarian,parliamentary,0.800,0.800,0.800,0.800,0.800,0.800,0.800,0.500,0.500,0.800,50.0,100.0,100.0,100.0,100.0,76.0,100.0,100.0,100.0,100.0
2033-03-01,1.0053,1.0296,1.0003,0.9799,1.0326,0.9908,0.9952,0.9976,0.9967,1.0064,0.9997,0.9980,1.0060,1.0960,1.0008,0.9806,1.0331,1.0163,1.0193,0.9978,1.0182,1.0059,1.1098,0.9983,4055.89,5813.86,4443.42,2886.13,2348.60,1479.72,211.05,3021.31,2307.05,604.74,1.0060,0.5890,0.9635,1.2705,0.8675,0.3156,1.2710,0.2962,0.1757,-0.7941,0.6712,0.7346,0.7046,0.6832,0.7466,0.7297,0.6242,0.7115,0.6806,0.7359,0.0129,0.0081,0.0094,0.0078,0.0119,0.0063,0.0067,0.0014,0.0058,0.0081,0.9405,0.9460,0.9744,0.9490,0.9412,0.9574,0.9898,1.0000,0.9656,1.0000,62.74,216.23,89.38,64.13,74.04,14.92,9.42,288.40,82.95,97.89,0.0000,0.0000,0.0000,0.0000,0.0000,0.0000,0.0000,0.0000,0.0000,0.0000,104304,74663,53998,54750,86225,66964,95775,572442,131417,91336,0,0,0,0,0,0,0,0,0,0,0.0000,0.0000,0.0000,0.0000,0.0000,0.0000,0.0000,0.0000,0.0000,0.0000,0,0,0,0,0,0,0,1,0,0,0,0,0,0,0,0,0,0,0,0,0.1457,0.0925,0.1563,0.0781,0.1163,0.0329,0.0849,0.1230,0.0279,0.1409,0.000,0.000,0.000,0.000,0.000,0.000,0.000,0.167,0.000,0.000,semi-presidential,parliamentary,parliamentary,parliamentary,parliamentary,semi-presidential,semi-presidential,electoral-authoritarian,electoral-authoritarian,parliamentary,0.800,0.800,0.800,0.800,0.800,0.800,0.800,0.500,0.500,0.800,53.0,100.0,100.0,100.0,100.0,79.0,100.0,100.0,100.0,100.0
2033-04-01,1.0026,1.0299,1.0010,0.9752,1.0274,0.9887,0.9968,0.9959,0.9969,1.0094,1.0055,0.9997,1.0027,1.0300,1.0469,0.9762,1.0285,0.9893,1.0439,1.0047,1.0454,1.0090,1.1459,1.0002,4068.75,5810.53,4458.11,2899.30,2353.28,1486.37,211.48,3030.74,2321.79,607.00,1.0029,0.5893,0.9604,1.2646,0.8658,0.3133,1.2725,0.2966,0.1747,-0.8054,0.6772,0.7347,0.7150,0.6964,0.7530,0.7446,0.6347,0.7098,0.6928,0.7240,0.0093,0.0015,0.0112,0.0037,0.0086,0.0000,0.0084,0.0027,0.0037,0.0131,1.0000,1.0000,1.0000,1.0000,1.0000,1.0000,1.0000,1.0000,1.0000,1.0000,63.38,216.13,88.98,64.10,74.23,14.83,9.47,289.53,82.81,97.81,0.0000,0.0000,0.0000,0.0000,0.0000,0.0000,0.0000,0.0000,0.0000,0.0000,104304,74663,53998,54750,86225,66964,95775,572442,131417,91336,0,0,0,0,0,0,0,0,0,0,0.0000,0.0000,0.0000,0.0000,0.0000,0.0000,0.0000,0.0000,0.0000,0.0000,0,0,0,0,0,0,0,1,0,0,0,0,0,0,0,0,0,0,0,0,0.1524,0.0937,0.1580,0.0794,0.1178,0.0341,0.0860,0.1245,0.0292,0.1407,0.000,0.000,0.000,0.000,0.000,0.000,0.000,0.165,0.000,0.000,semi-presidential,parliamentary,parliamentary,parliamentary,parliamentary,semi-presidential,semi-presidential,electoral-authoritarian,electoral-authoritarian,parliamentary,0.800,0.800,0.800,0.800,0.800,0.800,0.800,0.500,0.500,0.800,55.9,30.0,100.0,100.0,100.0,82.1,100.0,100.0,100.0,100.0
2033-05-01,1.0000,1.0269,1.0024,0.9723,1.0255,0.9862,0.9960,0.9966,0.9986,1.0133,1.0100,1.0005,1.0002,1.0272,1.0747,0.9922,1.0295,0.9862,0.9964,1.0132,1.0404,1.0126,1.1268,1.0006,4088.99,5829.07,4478.70,2907.44,2363.14,1493.56,211.58,3045.99,2340.44,608.88,0.9980,0.5877,0.9559,1.2610,0.8622,0.3109,1.2757,0.2964,0.1735,-0.8173,0.6825,0.7452,0.7185,0.7029,0.7620,0.7536,0.6387,0.7139,0.7301,0.7236,0.0093,0.0023,0.0215,0.0060,0.0099,0.0000,0.0117,0.0022,0.0044,0.0114,1.0000,1.0000,1.0000,1.0000,1.0000,1.0000,1.0000,1.0000,1.0000,1.0000,62.88,216.46,89.37,63.73,73.82,14.98,9.43,286.78,82.59,97.68,0.0000,0.0000,0.0000,0.0000,0.0000,0.0000,0.0000,0.0000,0.0000,0.0000,104304,74663,53998,54750,86225,66964,95775,572442,131417,91336,0,0,0,0,0,0,0,0,0,0,0.0000,0.0000,0.0000,0.0000,0.0000,0.0000,0.0000,0.0000,0.0000,0.0000,0,0,0,0,0,0,0,1,0,0,0,0,0,0,0,0,0,0,0,0,0.1493,0.0927,0.1538,0.0780,0.1154,0.0349,0.0930,0.1236,0.0292,0.1405,0.000,0.000,0.000,0.000,0.000,0.000,0.000,0.165,0.000,0.000,semi-presidential,parliamentary,parliamentary,parliamentary,parliamentary,semi-presidential,semi-presidential,electoral-authoritarian,electoral-authoritarian,parliamentary,0.800,0.800,0.800,0.800,0.800,0.800,0.800,0.500,0.500,0.800,58.9,33.0,100.0,100.0,100.0,85.3,100.0,100.0,100.0,100.0
2033-06-01,0.9995,1.0246,1.0050,0.9700,1.0260,0.9859,0.9945,0.9971,1.0001,1.0149,1.0164,1.0006,0.9995,1.0251,1.1242,0.9907,1.0261,1.0366,1.0069,1.0339,1.0287,1.0149,1.1960,1.0004,4100.78,5852.33,4516.50,2913.17,2380.43,1504.46,211.50,3054.97,2357.81,608.65,0.9952,0.5857,0.9479,1.2586,0.8560,0.3128,1.2800,0.2968,0.1723,-0.8319,0.6848,0.7478,0.7321,0.7066,0.7664,0.7594,0.6418,0.7289,0.7426,0.7162,0.0164,0.0049,0.0293,0.0093,0.0144,0.0007,0.0151,0.0020,0.0059,0.0155,1.0000,1.0000,1.0000,1.0000,1.0000,1.0000,1.0000,1.0000,1.0000,1.0000,64.52,219.63,92.74,64.86,75.73,15.23,9.70,294.19,83.77,97.72,0.0000,0.0000,0.0000,0.0000,0.0000,0.0000,0.0000,0.0000,0.0000,0.0000,104304,74663,53998,54750,86225,66964,95775,572442,131417,91336,0,0,0,0,0,0,0,0,0,0,0.0000,0.0000,0.0000,0.0000,0.0000,0.0000,0.0000,0.0000,0.0000,0.0000,0,0,0,0,0,0,0,1,0,0,0,0,0,0,0,0,0,0,0,0,0.1538,0.0946,0.1578,0.0801,0.1185,0.0354,0.0922,0.1263,0.0299,0.1411,0.000,0.000,0.000,0.000,0.000,0.000,0.000,0.165,0.000,0.000,semi-presidential,parliamentary,parliamentary,parliamentary,parliamentary,semi-presidential,semi-presidential,electoral-authoritarian,electoral-authoritarian,parliamentary,0.800,0.800,0.800,0.800,0.800,0.800,0.800,0.500,0.500,0.800,62.0,35.9,100.0,100.0,100.0,88.3,100.0,100.0,100.0,100.0
2033-07-01,0.9983,1.0244,1.0065,0.9682,1.0228,0.9889,0.9940,0.9982,1.0013,1.0136,1.0230,0.9993,0.9984,1.0245,1.0069,0.9889,1.0237,1.0458,0.9941,1.0084,1.0593,1.0137,1.1695,0.9994,4109.83,5850.28,4544.94,2926.51,2394.28,1514.61,211.26,3065.73,2360.75,607.95,0.9931,0.5862,0.9420,1.2529,0.8511,0.3099,1.2850,0.2971,0.1721,-0.8472,0.6840,0.7486,0.7280,0.6702,0.7633,0.7631,0.6496,0.7301,0.7391,0.7200,0.0058,0.0012,0.0188,0.0017,0.0055,0.0008,0.0132,0.0027,0.0024,0.0100,1.0000,1.0000,1.0000,1.0000,1.0000,1.0000,1.0000,1.0000,1.0000,1.0000,63.83,219.65,93.51,64.73,74.75,15.53,9.53,291.37,84.10,97.62,0.0000,0.0000,0.0000,0.0000,0.0000,0.0000,0.0000,0.0000,0.0000,0.0000,104304,74663,53998,54750,86225,66964,95775,572442,131417,91336,0,0,0,0,0,0,0,0,0,0,0.0000,0.0000,0.0000,0.0000,0.0000,0.0000,0.0000,0.0000,0.0000,0.0000,0,0,0,0,0,0,0,1,0,0,0,0,0,0,0,0,0,0,0,0,0.1496,0.0925,0.1533,0.0777,0.1150,0.0341,0.0862,0.1227,0.0285,0.1404,0.000,0.000,0.000,0.000,0.000,0.000,0.000,0.166,0.000,0.000,semi-presidential,parliamentary,parliamentary,parliamentary,parliamentary,semi-presidential,semi-presidential,electoral-authoritarian,electoral-authoritarian,parliamentary,0.800,0.800,0.800,0.800,0.800,0.800,0.800,0.500,0.500,0.800,65.0,38.9,100.0,100.0,100.0,91.5,100.0,100.0,100.0,100.0
2033-08-01,0.9972,1.0226,1.0083,0.9669,1.0183,0.9889,0.9944,0.9984,1.0027,1.0124,1.0242,0.9994,0.9972,1.0228,1.1320,0.9880,1.0186,1.0182,1.0302,0.9985,1.0604,1.0125,1.0244,0.9994,4133.10,5857.19,4567.02,2938.56,2423.41,1522.77,210.98,3071.56,2373.35,609.81,0.9875,0.5859,0.9375,1.2479,0.8411,0.3105,1.2901,0.2978,0.1713,-0.8588,0.6855,0.7479,0.7262,0.6855,0.7654,0.7650,0.6487,0.7146,0.7340,0.7287,0.0099,0.0045,0.0216,0.0095,0.0109,0.0004,0.0103,0.0024,0.0070,0.0055,1.0000,1.0000,1.0000,1.0000,1.0000,1.0000,1.0000,1.0000,1.0000,1.0000,65.41,221.29,94.58,65.48,76.54,15.67,9.74,297.23,84.74,97.67,0.0000,0.0000,0.0000,0.0000,0.0000,0.0000,0.0000,0.0000,0.0000,0.0000,104304,74663,53998,54750,86225,66964,95775,572442,131417,91336,0,0,0,0,0,0,0,0,0,0,0.0000,0.0000,0.0000,0.0000,0.0000,0.0000,0.0000,0.0000,0.0000,0.0000,0,0,0,0,0,0,0,1,0,0,0,0,0,0,0,0,0,0,0,0,0.1536,0.0940,0.1575,0.0795,0.1171,0.0342,0.0849,0.1251,0.0292,0.1412,0.000,0.000,0.000,0.000,0.000,0.000,0.000,0.167,0.000,0.000,semi-presidential,parliamentary,parliamentary,parliamentary,parliamentary,semi-presidential,semi-presidential,electoral-authoritarian,electoral-authoritarian,parliamentary,0.800,0.800,0.800,0.800,0.800,0.800,0.800,0.500,0.500,0.800,68.0,41.9,100.0,100.0,100.0,94.7,100.0,100.0,100.0,100.0
2033-09-01,0.9989,1.0216,1.0082,0.9679,1.0130,0.9897,0.9944,0.9988,1.0032,1.0111,1.0244,1.0013,1.1322,1.0217,1.0088,1.0082,1.0139,1.0198,0.9944,1.0273,1.0469,1.0111,1.0493,1.0016,4125.88,5866.04,4584.85,2941.94,2435.27,1530.93,210.82,3081.20,2409.26,611.71,0.9893,0.5856,0.9338,1.2466,0.8371,0.3080,1.2944,0.2982,0.1689,-0.8704,0.6907,0.7497,0.7276,0.6924,0.7653,0.7716,0.6228,0.7274,0.7253,0.7340,0.0116,0.0114,0.0183,0.0153,0.0118,0.0073,0.0594,0.0019,0.0055,0.0053,1.0000,1.0000,1.0000,1.0000,1.0000,1.0000,1.0000,1.0000,1.0000,1.0000,63.89,215.03,89.67,61.27,74.19,15.77,9.65,293.13,85.65,96.27,0.0000,0.0000,0.0000,0.0000,0.0000,0.0000,0.0000,0.0000,0.0000,0.0000,104304,74663,53998,54750,86225,66964,95775,572442,131417,91336,0,0,0,0,0,0,0,0,0,0,0.0000,0.0000,0.0000,0.0000,0.0000,0.0000,0.0000,0.0000,0.0000,0.0000,0,0,0,0,0,0,0,1,0,0,0,0,0,0,0,0,0,0,0,0,0.1554,0.0944,0.1592,0.0790,0.1199,0.0354,0.0852,0.1276,0.0313,0.1441,0.000,0.000,0.000,0.000,0.000,0.000,0.000,0.166,0.000,0.000,semi-presidential,parliamentary,parliamentary,parliamentary,parliamentary,semi-presidential,semi-presidential,electoral-authoritarian,electoral-authoritarian,parliamentary,0.800,0.800,0.800,0.800,0.800,0.800,0.800,0.500,0.500,0.800,71.0,47.8,100.0,100.0,100.0,98.0,100.0,100.0,100.0,100.0
2033-10-01,1.0024,1.0198,1.0068,0.9688,1.0072,0.9901,0.9952,0.9998,1.0038,1.0092,1.0245,1.0009,1.1984,1.0199,1.0709,1.0158,1.0087,0.9901,1.0338,1.0554,1.0227,1.0095,1.0247,1.0010,4145.17,5875.95,4600.84,2950.17,2437.57,1540.53,210.99,3083.31,2416.44,613.09,0.9847,0.5849,0.9306,1.2432,0.8364,0.3052,1.2966,0.2993,0.1686,-0.8785,0.6863,0.7431,0.7207,0.6896,0.7621,0.7736,0.6089,0.7345,0.7222,0.7295,0.0217,0.0181,0.0258,0.0243,0.0208,0.0105,0.0615,0.0013,0.0090,0.0084,1.0000,1.0000,1.0000,1.0000,1.0000,1.0000,1.0000,1.0000,1.0000,1.0000,62.82,214.13,90.25,60.84,73.28,16.08,9.67,286.37,84.81,96.10,0.0000,0.0000,0.0000,0.0000,0.0000,0.0000,0.0000,0.0000,0.0000,0.0000,104304,74663,53998,54750,86225,66964,95775,572442,131417,91336,0,0,0,0,0,0,0,0,0,0,0.0000,0.0000,0.0000,0.0000,0.0000,0.0000,0.0000,0.0000,0.0000,0.0000,0,0,0,0,0,0,0,1,0,0,0,0,0,0,0,0,0,0,0,0,0.1498,0.0918,0.1526,0.0762,0.1153,0.0344,0.0829,0.1269,0.0296,0.1444,0.000,0.000,0.000,0.000,0.000,0.000,0.000,0.167,0.000,0.000,semi-presidential,parliamentary,parliamentary,parliamentary,parliamentary,semi-presidential,semi-presidential,electoral-authoritarian,electoral-authoritarian,parliamentary,0.800,0.800,0.800,0.800,0.800,0.800,0.800,0.500,0.500,0.800,74.0,50.8,100.0,100.0,100.0,100.0,100.0,100.0,100.0,100.0
2033-11-01,1.0057,1.0177,1.0080,0.9695,1.0024,0.9910,0.9966,1.0012,1.0054,1.0070,1.0229,0.9992,1.1107,1.0178,1.0086,0.9906,1.0029,1.0672,0.9967,1.0068,1.0102,1.0074,1.0230,0.9995,4144.81,5877.53,4603.33,2955.77,2448.46,1551.73,210.99,3093.29,2425.48,613.54,0.9849,0.5851,0.9301,1.2409,0.8326,0.3021,1.2996,0.3006,0.1680,-0.8921,0.6770,0.7436,0.7059,0.6786,0.7480,0.7624,0.5948,0.7368,0.7257,0.7316,0.0085,0.0078,0.0153,0.0068,0.0080,0.0062,0.0542,0.0002,0.0034,0.0006,1.0000,1.0000,1.0000,1.0000,1.0000,1.0000,1.0000,1.0000,1.0000,1.0000,65.28,222.68,96.22,65.73,77.56,16.50,9.94,298.53,87.22,98.16,0.0000,0.0000,0.0000,0.0000,0.0000,0.0000,0.0000,0.0000,0.0000,0.0000,104304,74663,53998,54750,86225,66964,95775,572442,131417,91336,0,0,0,0,0,0,0,0,0,0,0.0000,0.0000,0.0000,0.0000,0.0000,0.0000,0.0000,0.0000,0.0000,0.0000,0,0,0,0,0,0,0,1,0,0,0,0,0,0,0,0,0,0,0,0,0.1394,0.0879,0.1414,0.0720,0.1063,0.0325,0.0821,0.1248,0.0266,0.1423,0.000,0.000,0.000,0.000,0.000,0.000,0.000,0.169,0.000,0.000,semi-presidential,parliamentary,parliamentary,parliamentary,parliamentary,semi-presidential,semi-presidential,electoral-authoritarian,electoral-authoritarian,parliamentary,0.800,0.800,0.800,0.800,0.800,0.800,0.800,0.500,0.500,0.800,77.0,53.7,100.0,100.0,100.0,100.0,100.0,100.0,100.0,100.0
2033-12-01,1.0057,1.0152,1.0081,0.9684,0.9958,0.9950,0.9952,1.0009,1.0051,1.0051,1.0214,0.9978,1.0222,1.0161,1.0289,0.9959,0.9970,1.1025,0.9954,1.0009,1.0052,1.0053,1.0216,0.9979,4155.01,5886.70,4618.89,2961.39,2460.78,1562.24,210.67,3101.93,2436.40,615.04,0.9825,0.5883,0.9270,1.2386,0.8284,0.2992,1.3095,0.3012,0.1674,-0.9042,0.6804,0.7692,0.7013,0.7058,0.7359,0.7696,0.5981,0.7333,0.7290,0.7340,0.0044,0.0046,0.0144,0.0070,0.0038,0.0021,0.0217,0.0000,0.0016,0.0003,1.0000,1.0000,1.0000,1.0000,1.0000,1.0000,1.0000,1.0000,1.0000,1.0000,66.36,222.78,95.05,65.02,78.08,16.65,9.79,301.43,86.92,98.84,0.0000,0.0000,0.0000,0.0000,0.0000,0.0000,0.0000,0.0000,0.0000,0.0000,104304,74663,53998,54750,86225,66964,95775,572442,131417,91336,0,0,0,0,0,0,0,0,0,0,0.0000,0.0000,0.0000,0.0000,0.0000,0.0000,0.0000,0.0000,0.0000,0.0000,0,0,0,0,0,0,0,1,0,0,0,0,0,0,0,0,0,0,0,0,0.1444,0.0931,0.1470,0.0737,0.1105,0.0374,0.0793,0.1236,0.0271,0.1438,0.000,0.000,0.000,0.000,0.000,0.000,0.000,0.170,0.000,0.000,semi-presidential,parliamentary,parliamentary,parliamentary,parliamentary,semi-presidential,semi-presidential,electoral-authoritarian,electoral-authoritarian,parliamentary,0.800,0.800,0.800,0.800,0.800,0.800,0.800,0.500,0.500,0.800,80.0,50.3,100.0,100.0,100.0,100.0,100.0,100.0,100.0,100.0
2034-01-01,1.0052,1.0112,1.0096,0.9666,0.9903,1.0002,0.9937,0.9996,1.0039,1.0017,1.0183,0.9987,1.0053,1.0115,1.0706,0.9719,0.9904,1.1523,0.9940,0.9999,1.0041,1.0022,1.0189,0.9989,4168.57,5902.67,4634.44,2961.38,2468.86,1573.25,210.60,3101.99,2442.90,616.27,0.9794,0.5870,0.9238,1.2387,0.8257,0.2963,1.3123,0.3027,0.1671,-0.9167,0.6818,0.7616,0.6984,0.7042,0.7382,0.7679,0.6083,0.7302,0.7276,0.7341,0.0069,0.0052,0.0098,0.0070,0.0060,0.0020,0.0006,0.0000,0.0030,0.0010,1.0000,1.0000,1.0000,1.0000,1.0000,1.0000,1.0000,1.0000,1.0000,1.0000,66.04,223.35,96.09,65.61,78.05,16.56,9.71,299.68,86.66,99.00,0.0000,0.0000,0.0000,0.0000,0.0000,0.0000,0.0000,0.0000,0.0000,0.0000,104304,74663,53998,54750,86225,66964,95775,572442,131417,91336,0,0,0,0,0,0,0,0,0,0,0.0000,0.0000,0.0000,0.0000,0.0000,0.0000,0.0000,0.0000,0.0000,0.0000,0,0,0,0,0,0,0,1,0,0,0,0,0,0,0,0,0,0,0,0,0.1519,0.0978,0.1571,0.0792,0.1171,0.0395,0.0842,0.1251,0.0285,0.1395,0.000,0.000,0.000,0.000,0.000,0.000,0.000,0.170,0.000,0.000,semi-presidential,parliamentary,parliamentary,parliamentary,parliamentary,semi-presidential,semi-presidential,electoral-authoritarian,electoral-authoritarian,parliamentary,0.800,0.800,0.800,0.800,0.800,0.800,0.800,0.500,0.500,0.800,82.9,53.3,100.0,100.0,100.0,100.0,100.0,100.0,100.0,100.0
2034-02-01,1.0057,1.0099,1.0096,0.9645,0.9876,1.0053,0.9930,0.9990,1.0012,0.9971,1.0143,0.9990,1.0743,1.0100,1.0101,0.9857,0.9879,1.0975,0.9931,0.9990,1.0015,0.9972,1.0144,0.9991,4180.81,5917.50,4654.63,2972.75,2481.32,1582.08,210.76,3115.03,2458.61,616.44,0.9762,0.5859,0.9198,1.2339,0.8217,0.2939,1.3138,0.3029,0.1661,-0.9307,0.6806,0.7573,0.7119,0.7007,0.7461,0.7635,0.6223,0.7264,0.7246,0.7322,0.0058,0.0057,0.0143,0.0049,0.0052,0.0044,0.0525,0.0000,0.0022,0.0000,1.0000,1.0000,1.0000,1.0000,1.0000,1.0000,1.0000,1.0000,1.0000,1.0000,66.16,223.20,96.39,66.15,78.78,16.42,9.86,303.36,87.66,98.64,0.0000,0.0000,0.0000,0.0000,0.0000,0.0000,0.0000,0.0000,0.0000,0.0000,104304,74663,53998,54750,86225,66964,95775,572442,131417,91336,0,0,0,0,0,0,0,0,0,0,0.0000,0.0000,0.0000,0.0000,0.0000,0.0000,0.0000,0.0000,0.0000,0.0000,0,0,0,0,0,0,0,1,0,0,0,0,0,0,0,0,0,0,0,0,0.1523,0.0977,0.1573,0.0793,0.1174,0.0398,0.0865,0.1313,0.0287,0.1397,0.000,0.000,0.000,0.000,0.000,0.000,0.000,0.163,0.000,0.000,semi-presidential,parliamentary,parliamentary,parliamentary,parliamentary,semi-presidential,semi-presidential,electoral-authoritarian,electoral-authoritarian,parliamentary,0.800,0.800,0.800,0.800,0.800,0.800,0.800,0.500,0.500,0.800,85.9,56.3,100.0,100.0,100.0,100.0,100.0,100.0,100.0,100.0
2034-03-01,1.0057,1.0104,1.0088,0.9646,0.9878,1.0083,0.9928,0.9986,0.9994,0.9947,1.0079,0.9992,1.0161,1.0307,1.0216,0.9893,1.0039,1.0870,0.9977,1.0047,0.9994,0.9947,1.0081,0.9992,4195.51,5935.16,4651.30,2990.29,2495.96,1594.18,210.36,3125.05,2471.56,617.67,0.9727,0.5844,0.9205,1.2268,0.8169,0.2909,1.3187,0.3034,0.1653,-0.9431,0.6822,0.7497,0.7218,0.6974,0.7512,0.7690,0.6018,0.7143,0.7107,0.7343,0.0060,0.0055,0.0170,0.0090,0.0090,0.0035,0.0145,0.0001,0.0026,0.0074,0.9816,0.9824,0.9921,0.9842,0.9831,0.9859,1.0000,1.0000,0.9890,1.0000,66.64,222.98,95.32,65.97,78.91,16.33,9.84,305.83,88.10,98.79,0.0000,0.0000,0.0000,0.0000,0.0000,0.0000,0.0000,0.0000,0.0000,0.0000,104304,74663,53998,54750,86225,66964,95775,572442,131417,91336,0,0,0,0,0,0,0,0,0,0,0.0000,0.0000,0.0000,0.0000,0.0000,0.0000,0.0000,0.0000,0.0000,0.0000,0,0,0,0,0,0,0,1,0,0,0,0,0,0,0,0,0,0,0,0,0.1536,0.0975,0.1574,0.0790,0.1178,0.0399,0.0906,0.1329,0.0294,0.1424,0.000,0.000,0.000,0.000,0.000,0.000,0.000,0.163,0.000,0.000,semi-presidential,parliamentary,parliamentary,parliamentary,parliamentary,semi-presidential,semi-presidential,electoral-authoritarian,electoral-authoritarian,parliamentary,0.800,0.800,0.800,0.800,0.800,0.800,0.800,0.500,0.500,0.800,88.9,59.3,100.0,100.0,100.0,100.0,100.0,100.0,100.0,100.0
2034-04-01,1.0065,1.0093,1.0064,0.9652,0.9902,1.0094,0.9921,0.9989,0.9988,0.9934,1.0019,1.0010,1.0930,1.0094,1.0067,0.9966,1.0127,1.0094,0.9927,0.9989,0.9988,0.9935,1.0026,1.0013,4212.90,5951.02,4675.71,2999.67,2508.28,1602.04,210.71,3138.11,2478.67,619.11,0.9687,0.5833,0.9158,1.2230,0.8129,0.2886,1.3187,0.3036,0.1650,-0.9552,0.6860,0.7618,0.7259,0.6974,0.7571,0.7724,0.6302,0.7214,0.7317,0.7350,0.0054,0.0060,0.0154,0.0126,0.0105,0.0042,0.0546,0.0000,0.0023,0.0093,1.0000,1.0000,1.0000,1.0000,1.0000,1.0000,1.0000,1.0000,1.0000,1.0000,66.05,220.22,92.34,63.08,77.43,16.39,9.81,303.09,87.85,98.20,0.0000,0.0000,0.0000,0.0000,0.0000,0.0000,0.0000,0.0000,0.0000,0.0000,104304,74663,53998,54750,86225,66964,95775,572442,131417,91336,0,0,0,0,0,0,0,0,0,0,0.0000,0.0000,0.0000,0.0000,0.0000,0.0000,0.0000,0.0000,0.0000,0.0000,0,0,0,0,0,0,0,1,0,0,0,0,0,0,0,0,0,0,0,0,0.1549,0.0982,0.1587,0.0788,0.1193,0.0410,0.0918,0.1336,0.0310,0.1443,0.000,0.000,0.000,0.000,0.000,0.000,0.000,0.162,0.000,0.000,semi-presidential,parliamentary,parliamentary,parliamentary,parliamentary,semi-presidential,semi-presidential,electoral-authoritarian,electoral-authoritarian,parliamentary,0.800,0.800,0.800,0.800,0.800,0.800,0.800,0.500,0.500,0.800,91.9,62.4,100.0,100.0,100.0,100.0,100.0,100.0,100.0,100.0
2034-05-01,1.0085,1.0077,1.0042,0.9654,0.9929,1.0093,0.9895,0.9982,0.9990,0.9927,0.9977,1.0031,1.1127,1.0078,1.0046,0.9865,1.0146,1.0093,0.9895,1.0009,1.0380,0.9931,0.9984,1.0032,4227.84,5975.40,4701.65,3007.32,2519.12,1611.73,210.54,3158.74,2487.67,621.09,0.9653,0.5813,0.9109,1.2199,0.8094,0.2861,1.3218,0.3032,0.1695,-0.9665,0.6901,0.7611,0.7236,0.6895,0.7592,0.7728,0.6165,0.7242,0.7351,0.7412,0.0068,0.0061,0.0166,0.0096,0.0127,0.0052,0.0552,0.0015,0.0043,0.0102,1.0000,1.0000,1.0000,1.0000,1.0000,1.0000,1.0000,1.0000,1.0000,1.0000,65.92,222.30,94.86,65.23,78.34,16.19,9.79,304.24,88.50,98.50,0.0000,0.0000,0.0000,0.0000,0.0000,0.0000,0.0000,0.0000,0.0000,0.0000,104304,74663,53998,54750,86225,66964,95775,572442,131417,91336,0,0,0,0,0,0,0,0,0,0,0.0000,0.0000,0.0000,0.0000,0.0000,0.0000,0.0000,0.0000,0.0000,0.0000,0,0,0,0,0,0,0,1,0,0,0,0,0,0,0,0,0,0,0,0,0.1566,0.1000,0.1605,0.0816,0.1207,0.0422,0.0934,0.1347,0.0319,0.1421,0.000,0.000,0.000,0.000,0.000,0.000,0.000,0.161,0.000,0.000,semi-presidential,parliamentary,parliamentary,parliamentary,parliamentary,semi-presidential,semi-presidential,electoral-authoritarian,electoral-authoritarian,parliamentary,0.800,0.800,0.800,0.800,0.800,0.800,0.800,0.500,0.500,0.800,94.9,65.4,100.0,100.0,100.0,100.0,100.0,100.0,100.0,100.0
2034-06-01,1.0108,1.0064,1.0052,0.9652,0.9919,1.0097,0.9911,0.9976,0.9994,0.9916,0.9946,1.0030,1.0108,1.0064,1.0887,0.9985,0.9923,1.0096,1.0620,1.0193,1.0151,0.9916,0.9948,1.0031,4239.68,5996.43,4722.68,3016.56,2536.09,1618.76,210.87,3177.03,2501.56,623.41,0.9626,0.5797,0.9069,1.2162,0.8041,0.2840,1.3215,0.3029,0.1686,-0.9772,0.6898,0.7566,0.7264,0.6903,0.7600,0.7724,0.6090,0.7405,0.7340,0.7378,0.0089,0.0043,0.0206,0.0109,0.0082,0.0000,0.0109,0.0011,0.0039,0.0073,1.0000,1.0000,1.0000,1.0000,1.0000,1.0000,1.0000,1.0000,1.0000,1.0000,67.24,222.22,92.93,64.24,78.75,16.43,9.71,308.25,88.49,99.17,0.0000,0.0000,0.0000,0.0000,0.0000,0.0000,0.0000,0.0000,0.0000,0.0000,104304,74663,53998,54750,86225,66964,95775,572442,131417,91336,0,0,0,0,0,0,0,0,0,0,0.0000,0.0000,0.0000,0.0000,0.0000,0.0000,0.0000,0.0000,0.0000,0.0000,0,0,0,0,0,0,0,1,0,0,0,0,0,0,0,0,0,0,0,0,0.1536,0.0980,0.1567,0.0789,0.1186,0.0415,0.0884,0.1342,0.0314,0.1446,0.000,0.000,0.000,0.000,0.000,0.000,0.000,0.162,0.000,0.000,semi-presidential,parliamentary,parliamentary,parliamentary,parliamentary,semi-presidential,semi-presidential,electoral-authoritarian,electoral-authoritarian,parliamentary,0.800,0.800,0.800,0.800,0.800,0.800,0.800,0.500,0.500,0.800,97.9,68.5,100.0,100.0,100.0,100.0,100.0,100.0,100.0,100.0
2034-07-01,1.0112,1.0081,1.0047,0.9685,0.9918,1.0103,0.9939,0.9988,1.0002,0.9922,0.9911,1.0011,1.0565,1.0732,1.0050,1.0196,0.9994,1.0106,1.0933,1.0226,1.0344,1.0020,0.9913,1.0014,4243.51,6024.21,4743.28,3032.74,2539.22,1626.90,211.24,3193.77,2515.34,625.41,0.9618,0.5774,0.9032,1.2097,0.8032,0.2818,1.3268,0.3028,0.1678,-0.9883,0.6788,0.7555,0.7114,0.6839,0.7662,0.7737,0.6168,0.7356,0.7135,0.7260,0.0148,0.0130,0.0230,0.0231,0.0158,0.0080,0.0601,0.0020,0.0073,0.0113,0.9405,0.9444,0.9743,0.9489,0.9435,0.9557,1.0000,1.0000,0.9650,1.0000,67.59,222.21,91.99,63.92,79.03,16.59,9.70,312.62,90.24,99.21,0.0000,0.0000,0.0000,0.0000,0.0000,0.0000,0.0000,0.0000,0.0000,0.0000,104304,74663,53998,54750,86225,66964,95775,572442,131417,91336,0,0,0,0,0,0,0,0,0,0,0.0000,0.0000,0.0000,0.0000,0.0000,0.0000,0.0000,0.0000,0.0000,0.0000,0,0,0,0,0,0,0,1,0,0,0,0,0,0,0,0,0,0,0,0,0.1326,0.0870,0.1340,0.0664,0.1012,0.0371,0.0874,0.1312,0.0268,0.1449,0.000,0.000,0.000,0.000,0.000,0.000,0.000,0.163,0.000,0.000,semi-presidential,parliamentary,parliamentary,parliamentary,parliamentary,semi-presidential,semi-presidential,electoral-authoritarian,electoral-authoritarian,parliamentary,0.800,0.800,0.800,0.800,0.800,0.800,0.800,0.500,0.500,0.800,100.0,71.5,100.0,100.0,100.0,100.0,100.0,100.0,100.0,100.0
2034-08-01,1.0115,1.0091,1.0043,0.9702,0.9903,1.0081,0.9965,0.9999,1.0021,0.9954,0.9877,0.9995,1.0123,1.0093,1.0446,1.0017,0.9905,1.0084,0.9965,0.9999,1.0384,1.0064,0.9888,0.9997,4250.60,6033.96,4743.53,3041.61,2548.95,1637.44,211.61,3212.92,2528.83,627.64,0.9602,0.5769,0.9032,1.2063,0.8002,0.2792,1.3258,0.3025,0.1671,-0.9991,0.6729,0.7517,0.7044,0.6821,0.7526,0.7770,0.6287,0.7299,0.7128,0.7277,0.0028,0.0026,0.0139,0.0082,0.0038,0.0000,0.0108,0.0014,0.0028,0.0017,1.0000,1.0000,1.0000,1.0000,1.0000,1.0000,1.0000,1.0000,1.0000,1.0000,67.99,226.23,94.98,65.60,80.20,16.94,9.63,313.60,90.45,100.33,0.0000,0.0000,0.0000,0.0000,0.0000,0.0000,0.0000,0.0000,0.0000,0.0000,104304,74663,53998,54750,86225,66964,95775,572442,131417,91336,0,0,0,0,0,0,0,0,0,0,0.0000,0.0000,0.0000,0.0000,0.0000,0.0000,0.0000,0.0000,0.0000,0.0000,0,0,0,0,0,0,0,1,0,0,0,0,0,0,0,0,0,0,0,0,0.1433,0.0962,0.1455,0.0727,0.1098,0.0384,0.0833,0.1314,0.0280,0.1451,0.000,0.000,0.000,0.000,0.000,0.000,0.000,0.165,0.000,0.000,semi-presidential,parliamentary,parliamentary,parliamentary,parliamentary,semi-presidential,semi-presidential,electoral-authoritarian,electoral-authoritarian,parliamentary,0.800,0.800,0.800,0.800,0.800,0.800,0.800,0.500,0.500,0.800,100.0,74.5,100.0,100.0,100.0,100.0,100.0,100.0,100.0,100.0
2034-09-01,1.0130,1.0081,1.0068,0.9741,0.9876,1.0075,0.9954,0.9985,1.0015,0.9969,0.9852,0.9981,1.0847,1.0081,1.0800,1.0211,0.9881,1.0312,0.9958,0.9987,1.0018,0.9979,0.9854,0.9982,4264.92,6045.67,4745.55,3046.41,2557.93,1639.64,211.66,3227.45,2541.34,630.02,0.9570,0.5762,0.9029,1.2046,0.7974,0.2780,1.3266,0.3026,0.1663,-1.0097,0.6690,0.7479,0.6954,0.6769,0.7436,0.7784,0.6125,0.7160,0.7142,0.7322,0.0097,0.0100,0.0175,0.0204,0.0095,0.0036,0.0542,0.0000,0.0048,0.0011,1.0000,1.0000,1.0000,1.0000,1.0000,1.0000,1.0000,1.0000,1.0000,1.0000,67.63,221.53,90.87,64.11,78.77,16.86,9.73,311.31,90.17,99.65,0.0000,0.0000,0.0000,0.0000,0.0000,0.0000,0.0000,0.0000,0.0000,0.0000,104304,74663,53998,54750,86225,66964,95775,572442,131417,91336,0,0,0,0,0,0,0,0,0,0,0.0000,0.0000,0.0000,0.0000,0.0000,0.0000,0.0000,0.0000,0.0000,0.0000,0,0,0,0,0,0,0,1,0,0,0,0,0,0,0,0,0,0,0,0,0.1369,0.0915,0.1385,0.0677,0.1044,0.0398,0.0817,0.1304,0.0260,0.1451,0.000,0.000,0.000,0.000,0.000,0.000,0.000,0.167,0.000,0.000,semi-presidential,parliamentary,parliamentary,parliamentary,parliamentary,semi-presidential,semi-presidential,electoral-authoritarian,electoral-authoritarian,parliamentary,0.800,0.800,0.800,0.800,0.800,0.800,0.800,0.500,0.500,0.800,100.0,77.4,100.0,100.0,100.0,100.0,100.0,100.0,100.0,100.0
2034-10-01,1.0142,1.0083,1.0096,0.9783,0.9833,1.0090,0.9937,0.9975,1.0003,0.9979,0.9810,0.9969,1.0426,1.0462,1.0476,1.0220,0.9834,1.0675,0.9942,0.9978,1.0004,1.0063,0.9818,0.9969,4271.04,6049.70,4753.33,3048.68,2569.00,1647.70,211.59,3231.58,2556.70,632.08,0.9557,0.5763,0.9015,1.2039,0.7940,0.2759,1.3280,0.3037,0.1655,-1.0207,0.6671,0.7385,0.6879,0.6591,0.7411,0.7767,0.6033,0.7026,0.7110,0.7356,0.0097,0.0106,0.0170,0.0190,0.0090,0.0053,0.0509,0.0000,0.0050,0.0006,0.9654,0.9673,0.9851,0.9702,0.9677,0.9738,1.0000,1.0000,0.9795,1.0000,68.48,222.14,91.20,64.50,80.08,16.73,9.59,316.65,91.59,100.54,0.0000,0.0000,0.0000,0.0000,0.0000,0.0000,0.0000,0.0000,0.0000,0.0000,104304,74663,53998,54750,86225,66964,95775,572442,131417,91336,0,0,0,0,0,0,0,0,0,0,0.0000,0.0000,0.0000,0.0000,0.0000,0.0000,0.0000,0.0000,0.0000,0.0000,0,0,0,0,0,0,0,1,0,0,0,0,0,0,0,0,0,0,0,0,0.1476,0.0966,0.1504,0.0732,0.1130,0.0411,0.0812,0.1313,0.0275,0.1455,0.000,0.000,0.000,0.000,0.000,0.000,0.000,0.169,0.000,0.000,semi-presidential,parliamentary,parliamentary,parliamentary,parliamentary,semi-presidential,semi-presidential,electoral-authoritarian,electoral-authoritarian,parliamentary,0.800,0.800,0.800,0.800,0.800,0.800,0.800,0.500,0.500,0.800,100.0,80.4,100.0,100.0,100.0,100.0,100.0,100.0,100.0,100.0
2034-11-01,1.0148,1.0089,1.0118,0.9796,0.9803,1.0127,0.9938,0.9970,1.0009,0.9981,0.9747,0.9961,1.0365,1.0491,1.1248,1.0069,0.9807,1.1646,0.9989,1.0100,1.0168,0.9981,0.9749,0.9963,4281.37,6062.92,4771.28,3057.51,2582.25,1655.51,211.77,3246.05,2570.93,633.04,0.9534,0.5754,0.8983,1.2006,0.7900,0.2738,1.3276,0.3038,0.1647,-1.0335,0.6699,0.7318,0.6907,0.6551,0.7367,0.7844,0.6144,0.7225,0.7356,0.7350,0.0172,0.0134,0.0247,0.0184,0.0161,0.0065,0.0422,0.0007,0.0090,0.0036,0.9630,0.9651,0.9841,0.9683,0.9655,0.9721,1.0000,1.0000,0.9782,1.0000,68.79,226.20,94.98,66.74,81.81,16.60,9.85,318.39,92.19,101.22,0.0000,0.0000,0.0000,0.0000,0.0000,0.0000,0.0000,0.0000,0.0000,0.0000,104304,74663,53998,54750,86225,66964,95775,572442,131417,91336,0,0,0,0,0,0,0,0,0,0,0.0000,0.0000,0.0000,0.0000,0.0000,0.0000,0.0000,0.0000,0.0000,0.0000,0,0,0,0,0,0,0,1,0,0,0,0,0,0,0,0,0,0,0,0,0.1483,0.0974,0.1511,0.0746,0.1132,0.0409,0.0819,0.1308,0.0268,0.1441,0.000,0.000,0.000,0.000,0.000,0.000,0.000,0.170,0.000,0.000,semi-presidential,parliamentary,parliamentary,parliamentary,parliamentary,semi-presidential,semi-presidential,electoral-authoritarian,electoral-authoritarian,parliamentary,0.800,0.800,0.800,0.800,0.800,0.800,0.800,0.500,0.500,0.800,100.0,83.3,100.0,100.0,100.0,100.0,100.0,100.0,100.0,100.0
2034-12-01,1.0153,1.0104,1.0127,0.9797,0.9780,1.0173,0.9930,0.9989,1.0007,0.9974,0.9701,0.9951,1.0832,1.0241,1.0129,1.0069,0.9784,1.1397,0.9933,1.0723,1.0008,0.9974,0.9703,0.9952,4283.97,6081.38,4776.86,3059.22,2584.19,1665.02,212.39,3258.73,2579.31,636.17,0.9529,0.5741,0.8973,1.2001,0.7895,0.2715,1.3243,0.3040,0.1642,-1.0428,0.6685,0.7337,0.6843,0.6616,0.7275,0.7803,0.6010,0.7092,0.7119,0.7351,0.0115,0.0088,0.0194,0.0105,0.0094,0.0060,0.0549,0.0005,0.0034,0.0064,0.9875,0.9881,0.9946,0.9893,0.9885,0.9904,1.0000,1.0000,0.9926,1.0000,68.22,227.25,95.48,66.23,81.32,16.93,9.93,317.08,92.79,101.36,0.0000,0.0000,0.0000,0.0000,0.0000,0.0000,0.0000,0.0000,0.0000,0.0000,104304,74663,53998,54750,86225,66964,95775,572442,131417,91336,0,0,0,0,0,0,0,0,0,0,0.0000,0.0000,0.0000,0.0000,0.0000,0.0000,0.0000,0.0000,0.0000,0.0000,0,0,0,0,0,0,0,1,0,0,0,0,0,0,0,0,0,0,0,0,0.1549,0.0983,0.1540,0.0753,0.1150,0.0410,0.0840,0.1316,0.0274,0.1453,0.000,0.000,0.000,0.000,0.000,0.000,0.000,0.171,0.000,0.000,semi-presidential,parliamentary,parliamentary,parliamentary,parliamentary,semi-presidential,semi-presidential,electoral-authoritarian,electoral-authoritarian,parliamentary,0.800,0.800,0.800,0.800,0.800,0.800,0.800,0.500,0.500,0.800,100.0,86.2,100.0,100.0,100.0,100.0,100.0,100.0,100.0,100.0
2035-01-01,1.0165,1.0124,1.0143,0.9817,0.9776,1.0204,0.9911,1.0000,1.0003,1.0007,0.9690,0.9953,1.0494,1.0532,1.0760,1.0165,0.9799,1.0623,0.9911,0.9999,1.0005,1.0091,0.9691,0.9953,4296.16,6094.95,4787.92,3065.63,2601.36,1676.48,212.56,3264.60,2594.29,636.47,0.9502,0.5732,0.8954,1.1977,0.7844,0.2689,1.3236,0.3049,0.1634,-1.0567,0.6732,0.7254,0.6808,0.6554,0.7230,0.7785,0.5963,0.7094,0.7113,0.7299,0.0117,0.0109,0.0186,0.0176,0.0116,0.0056,0.0507,0.0000,0.0062,0.0018,0.9627,0.9649,0.9839,0.9679,0.9650,0.9719,1.0000,1.0000,0.9780,1.0000,69.05,226.29,93.96,65.26,81.83,17.17,9.69,320.72,93.09,101.78,0.0000,0.0000,0.0000,0.0000,0.0000,0.0000,0.0000,0.0000,0.0000,0.0000,104304,74663,53998,54750,86225,66964,95775,572442,131417,91336,0,0,0,0,0,0,0,0,0,0,0.0000,0.0000,0.0000,0.0000,0.0000,0.0000,0.0000,0.0000,0.0000,0.0000,0,0,0,0,0,0,0,1,0,0,0,0,0,0,0,0,0,0,0,0,0.1434,0.0924,0.1414,0.0687,0.1061,0.0394,0.0849,0.1344,0.0253,0.1461,0.000,0.000,0.000,0.000,0.000,0.000,0.000,0.166,0.000,0.000,semi-presidential,parliamentary,parliamentary,parliamentary,parliamentary,semi-presidential,semi-presidential,electoral-authoritarian,electoral-authoritarian,parliamentary,0.800,0.800,0.800,0.800,0.800,0.800,0.800,0.540,0.500,0.800,100.0,89.0,100.0,100.0,100.0,100.0,100.0,90.0,100.0,100.0
2035-02-01,1.0190,1.0162,1.0138,0.9814,0.9779,1.0217,0.9896,0.9989,1.0002,1.0048,0.9676,0.9954,1.2436,1.1362,1.0495,1.0024,1.0010,1.1035,0.9911,1.0001,1.0459,1.0357,0.9689,0.9955,4324.72,6111.98,4796.45,3066.58,2614.06,1686.96,210.23,3272.22,2606.94,638.43,0.9439,0.5720,0.8939,1.1975,0.7806,0.2666,1.3384,0.3060,0.1627,-1.0678,0.6765,0.7379,0.6841,0.6654,0.7230,0.7724,0.5329,0.7071,0.7004,0.7300,0.0328,0.0299,0.0322,0.0339,0.0380,0.0168,0.0987,0.0024,0.0228,0.0088,0.8959,0.9036,0.9526,0.9071,0.8969,0.9392,0.9680,1.0000,0.9232,1.0000,64.83,221.76,95.26,64.86,79.09,16.90,5.56,300.83,90.97,100.44,0.0000,0.0000,0.0000,0.0000,0.0000,0.0000,0.4553,0.0404,0.0000,0.0000,104304,74663,53998,54750,86225,66964,95775,572442,131417,91336,0,0,0,0,0,0,0,0,0,0,0.0000,0.0000,0.0000,0.0000,0.0000,0.0000,0.0122,0.0069,0.0000,0.0000,0,0,0,0,0,0,0,1,0,0,0,0,0,0,0,0,1,1,0,0,0.1379,0.0906,0.1367,0.0683,0.1019,0.0385,0.0751,0.1290,0.0239,0.1403,0.000,0.000,0.000,0.000,0.000,0.000,0.000,0.167,0.000,0.000,semi-presidential,parliamentary,parliamentary,parliamentary,parliamentary,semi-presidential,semi-presidential,electoral-authoritarian,electoral-authoritarian,parliamentary,0.800,0.800,0.800,0.800,0.800,0.800,0.800,0.527,0.500,0.800,100.0,91.9,100.0,100.0,100.0,100.0,100.0,93.9,100.0,100.0
2035-03-01,1.0222,1.0191,1.0130,0.9797,0.9782,1.0237,0.9894,0.9997,1.0001,1.0064,0.9668,0.9945,1.0976,1.1164,1.0654,0.9998,0.9954,1.0951,0.9987,1.0645,1.0116,1.0202,0.9979,0.9946,4325.11,6104.84,4793.66,3073.42,2617.36,1693.78,209.69,3273.13,2620.31,639.43,0.9439,0.5731,0.8945,1.1949,0.7797,0.2649,1.3420,0.3072,0.1620,-1.0806,0.6716,0.7321,0.6652,0.6566,0.7005,0.7649,0.4994,0.7013,0.6892,0.7227,0.0251,0.0186,0.0315,0.0232,0.0265,0.0067,0.0516,0.0018,0.0164,0.0132,0.9171,0.9219,0.9618,0.9252,0.9193,0.9539,0.9771,1.0000,0.9350,1.0000,67.53,225.69,96.47,66.85,81.54,17.28,5.81,311.02,92.18,102.44,0.0000,0.0000,0.0000,0.0000,0.0000,0.0000,0.4557,0.0410,0.0000,0.0000,104304,74663,53998,54750,86225,66964,95775,572442,131417,91336,0,0,0,0,0,0,0,0,0,0,0.0000,0.0000,0.0000,0.0000,0.0000,0.0000,0.0214,0.0161,0.0000,0.0000,0,0,0,0,0,0,0,1,0,0,0,0,0,0,0,0,1,1,0,0,0.1534,0.0979,0.1535,0.0759,0.1139,0.0411,0.0754,0.1307,0.0260,0.1408,0.000,0.000,0.000,0.000,0.000,0.000,0.000,0.168,0.000,0.000,semi-presidential,parliamentary,parliamentary,parliamentary,parliamentary,semi-presidential,semi-presidential,electoral-authoritarian,electoral-authoritarian,parliamentary,0.800,0.800,0.800,0.800,0.800,0.800,0.800,0.518,0.500,0.800,100.0,94.9,100.0,100.0,100.0,100.0,100.0,96.8,100.0,100.0
2035-04-01,1.0232,1.0187,1.0133,0.9772,0.9803,1.0234,0.9901,1.0011,0.9981,1.0059,0.9691,0.9953,1.1020,1.0472,1.0504,0.9774,1.0080,1.0751,1.0087,1.0032,1.0098,1.0132,1.0650,0.9952,4335.69,6114.78,4812.19,3083.97,2632.70,1702.65,209.07,3287.97,2633.69,642.09,0.9413,0.5726,0.8910,1.1909,0.7753,0.2629,1.3460,0.3074,0.1613,-1.0906,0.6695,0.7346,0.6677,0.6639,0.6946,0.7712,0.4788,0.7012,0.6954,0.7127,0.0142,0.0097,0.0146,0.0161,0.0187,0.0000,0.0554,0.0016,0.0108,0.0156,0.9800,0.9795,0.9890,0.9793,0.9806,1.0000,0.9788,1.0000,0.9722,1.0000,67.62,226.62,96.92,67.18,82.01,17.57,5.74,311.20,91.80,103.13,0.0000,0.0000,0.0000,0.0000,0.0000,0.0000,0.4565,0.0419,0.0000,0.0000,104304,74663,53998,54750,86225,66964,95775,572442,131417,91336,0,0,0,0,0,0,0,0,0,0,0.0000,0.0000,0.0000,0.0000,0.0000,0.0000,0.0329,0.0276,0.0000,0.0000,0,0,0,0,0,0,0,1,0,0,0,0,0,0,0,0,1,1,0,0,0.1526,0.0982,0.1530,0.0762,0.1139,0.0412,0.0808,0.1306,0.0263,0.1403,0.000,0.000,0.000,0.000,0.000,0.000,0.000,0.167,0.000,0.000,semi-presidential,parliamentary,parliamentary,parliamentary,parliamentary,semi-presidential,semi-presidential,electoral-authoritarian,electoral-authoritarian,parliamentary,0.800,0.800,0.800,0.800,0.800,0.800,0.800,0.507,0.500,0.800,100.0,97.8,100.0,100.0,100.0,100.0,100.0,100.0,100.0,100.0
2035-05-01,1.0264,1.0171,1.0144,0.9741,0.9833,1.0213,0.9912,1.0013,0.9975,1.0038,0.9736,0.9938,1.1784,1.0459,1.1470,0.9933,1.0213,1.0730,1.0015,1.0026,1.0088,1.0102,1.1494,0.9942,4339.12,6122.20,4819.08,3090.92,2639.00,1706.96,208.39,3300.03,2642.21,641.47,0.9404,0.5723,0.8897,1.1883,0.7733,0.2617,1.3504,0.3125,0.1609,-1.1062,0.6598,0.7314,0.6839,0.6623,0.6904,0.7705,0.4586,0.7485,0.6884,0.7035,0.0274,0.0169,0.0375,0.0281,0.0334,0.0035,0.1013,0.0020,0.0165,0.0250,0.9797,0.9793,0.9888,0.9790,0.9803,1.0000,0.9785,1.0000,0.9719,1.0000,66.78,225.59,97.08,66.90,81.56,17.49,5.67,308.57,91.35,102.37,0.0000,0.0000,0.0000,0.0000,0.0000,0.0000,0.4565,0.0420,0.0000,0.0000,104304,74663,53998,54750,86225,66964,95775,572442,131417,91336,0,0,0,0,0,0,0,0,0,0,0.0000,0.0000,0.0000,0.0000,0.0000,0.0000,0.0421,0.0368,0.0000,0.0000,0,0,0,0,0,0,0,1,0,0,0,0,0,0,0,0,1,1,0,0,0.1236,0.0833,0.1214,0.0608,0.0906,0.0353,0.0760,0.1269,0.0209,0.1419,0.000,0.000,0.000,0.000,0.000,0.000,0.000,0.168,0.000,0.000,semi-presidential,parliamentary,parliamentary,parliamentary,parliamentary,semi-presidential,semi-presidential,electoral-authoritarian,electoral-authoritarian,parliamentary,0.800,0.800,0.800,0.800,0.800,0.800,0.800,0.500,0.500,0.800,100.0,100.0,100.0,100.0,100.0,100.0,100.0,100.0,100.0,100.0
2035-06-01,1.0295,1.0164,1.0154,0.9718,0.9886,1.0180,0.9902,1.0014,0.9982,1.0037,0.9764,0.9931,1.1177,1.0448,1.0647,0.9743,1.0396,1.0697,0.9917,1.0029,1.0114,1.0187,1.0620,0.9931,4354.25,6125.98,4815.93,3091.65,2644.56,1714.19,208.24,3308.35,2654.47,640.67,0.9372,0.5724,0.8904,1.1882,0.7716,0.2599,1.3564,0.3130,0.1603,-1.1221,0.6601,0.7323,0.6659,0.6518,0.6906,0.7781,0.4629,0.7276,0.6900,0.6931,0.0143,0.0102,0.0179,0.0216,0.0245,0.0000,0.0861,0.0016,0.0112,0.0245,0.9798,0.9794,0.9889,0.9791,0.9804,1.0000,0.9785,1.0000,0.9721,1.0000,68.53,227.61,96.07,67.97,83.54,17.58,5.76,317.41,93.39,103.27,0.0000,0.0000,0.0000,0.0000,0.0000,0.0000,0.4563,0.0415,0.0000,0.0000,104304,74663,53998,54750,86225,66964,95775,572442,131417,91336,0,0,0,0,0,0,0,0,0,0,0.0000,0.0000,0.0000,0.0000,0.0000,0.0000,0.0513,0.0460,0.0000,0.0000,0,0,0,0,0,0,0,1,0,0,0,0,0,0,0,0,1,1,0,0,0.1493,0.0960,0.1495,0.0739,0.1109,0.0398,0.0797,0.1315,0.0247,0.1407,0.000,0.000,0.000,0.000,0.000,0.000,0.000,0.170,0.000,0.000,semi-presidential,parliamentary,parliamentary,parliamentary,parliamentary,semi-presidential,semi-presidential,electoral-authoritarian,electoral-authoritarian,parliamentary,0.800,0.800,0.800,0.800,0.800,0.800,0.800,0.500,0.500,0.800,100.0,100.0,100.0,100.0,100.0,100.0,100.0,100.0,100.0,100.0
2035-07-01,1.0309,1.0161,1.0156,0.9690,0.9944,1.0156,0.9899,1.0002,0.9977,1.0024,0.9803,0.9931,1.1067,1.0449,1.0526,0.9692,1.0380,1.0661,0.9917,1.0015,1.0092,1.0094,1.1142,0.9933,4376.46,6163.90,4818.69,3100.64,2655.17,1722.88,207.64,3314.24,2665.67,640.95,0.9325,0.5695,0.8900,1.1848,0.7686,0.2581,1.3601,0.3140,0.1597,-1.1361,0.6607,0.7616,0.6717,0.6528,0.6830,0.7695,0.4913,0.7329,0.6615,0.6954,0.0148,0.0097,0.0167,0.0189,0.0224,0.0000,0.0499,0.0017,0.0107,0.0234,0.9795,0.9791,0.9887,0.9789,0.9802,1.0000,0.9785,1.0000,0.9718,1.0000,67.22,226.71,94.87,66.87,81.85,17.57,5.58,310.61,92.74,103.43,0.0000,0.0000,0.0000,0.0000,0.0000,0.0000,0.4565,0.0420,0.0000,0.0000,104304,74663,53998,54750,86225,66964,95775,572442,131417,91336,0,0,0,0,0,0,0,0,0,0,0.0000,0.0000,0.0000,0.0000,0.0000,0.0000,0.0628,0.0575,0.0000,0.0000,0,0,0,0,0,0,0,1,0,0,0,0,0,0,0,0,1,1,0,0,0.1514,0.0969,0.1523,0.0749,0.1127,0.0399,0.0804,0.1291,0.0251,0.1409,0.000,0.000,0.000,0.000,0.000,0.000,0.000,0.170,0.000,0.000,semi-presidential,parliamentary,parliamentary,parliamentary,parliamentary,semi-presidential,semi-presidential,electoral-authoritarian,electoral-authoritarian,parliamentary,0.800,0.800,0.800,0.800,0.800,0.800,0.800,0.500,0.500,0.800,100.0,100.0,100.0,100.0,100.0,100.0,100.0,100.0,100.0,100.0
2035-08-01,1.0305,1.0184,1.0142,0.9652,1.0002,1.0141,0.9895,0.9982,0.9976,0.9968,0.9855,0.9945,1.1062,1.0792,1.0517,0.9659,1.0530,1.0650,0.9909,0.9997,1.0091,1.0016,1.1055,0.9946,4379.97,6178.70,4823.32,3106.39,2670.89,1731.05,207.64,3328.99,2681.87,640.33,0.9317,0.5686,0.8892,1.1824,0.7642,0.2563,1.3600,0.3138,0.1589,-1.1518,0.6634,0.7522,0.6809,0.6507,0.6864,0.7666,0.5018,0.7142,0.6671,0.6901,0.0184,0.0135,0.0188,0.0242,0.0281,0.0031,0.0487,0.0016,0.0132,0.0267,0.9504,0.9518,0.9761,0.9537,0.9527,0.9781,0.9778,1.0000,0.9540,1.0000,66.79,225.87,94.06,66.52,81.67,17.38,5.39,310.10,93.29,103.38,0.0000,0.0000,0.0000,0.0000,0.0000,0.0000,0.4563,0.0423,0.0000,0.0000,104304,74663,53998,54750,86225,66964,95775,572442,131417,91336,0,0,0,0,0,0,0,0,0,0,0.0000,0.0000,0.0000,0.0000,0.0000,0.0000,0.0720,0.0667,0.0000,0.0000,0,0,0,0,0,0,0,1,0,0,0,0,0,0,0,0,1,1,0,0,0.1525,0.0976,0.1534,0.0757,0.1135,0.0442,0.0816,0.1292,0.0259,0.1410,0.000,0.000,0.000,0.000,0.000,0.000,0.000,0.169,0.000,0.000,semi-presidential,parliamentary,parliamentary,parliamentary,parliamentary,semi-presidential,semi-presidential,electoral-authoritarian,electoral-authoritarian,parliamentary,0.800,0.800,0.800,0.800,0.800,0.800,0.800,0.500,0.500,0.800,100.0,100.0,100.0,100.0,100.0,100.0,100.0,100.0,100.0,100.0
2035-09-01,1.0289,1.0202,1.0118,0.9622,1.0056,1.0105,0.9905,0.9962,0.9960,0.9941,0.9896,0.9946,1.1021,1.0493,1.0487,0.9623,1.0437,1.0613,1.0566,0.9976,1.0076,1.0015,1.1269,0.9947,4389.75,6184.19,4837.59,3109.12,2677.86,1750.77,207.53,3349.82,2695.23,638.73,0.9297,0.5686,0.8867,1.1813,0.7623,0.2524,1.3607,0.3134,0.1582,-1.1692,0.6662,0.7529,0.6863,0.6424,0.6987,0.7734,0.5147,0.7064,0.6849,0.6881,0.0166,0.0096,0.0188,0.0179,0.0225,0.0000,0.0507,0.0021,0.0107,0.0247,0.9792,0.9789,0.9886,0.9785,0.9797,1.0000,0.9786,1.0000,0.9714,1.0000,66.54,228.68,95.82,66.04,80.76,17.33,5.54,308.34,93.40,102.87,0.0000,0.0000,0.0000,0.0000,0.0000,0.0000,0.4565,0.0419,0.0000,0.0000,104304,74663,53998,54750,86225,66964,95775,572442,131417,91336,0,0,0,0,0,0,0,0,0,0,0.0000,0.0000,0.0000,0.0000,0.0000,0.0000,0.0812,0.0782,0.0000,0.0000,0,0,0,0,0,0,0,1,0,0,0,0,0,0,0,0,1,1,0,0,0.1528,0.0982,0.1536,0.0758,0.1136,0.0442,0.0821,0.1276,0.0261,0.1411,0.000,0.000,0.000,0.000,0.000,0.000,0.000,0.169,0.000,0.000,semi-presidential,parliamentary,parliamentary,parliamentary,parliamentary,semi-presidential,semi-presidential,electoral-authoritarian,electoral-authoritarian,parliamentary,0.800,0.800,0.800,0.800,0.800,0.800,0.800,0.500,0.500,0.800,100.0,100.0,100.0,100.0,100.0,100.0,100.0,100.0,100.0,100.0
2035-10-01,1.0257,1.0192,1.0073,0.9614,1.0098,1.0083,0.9920,0.9960,0.9953,0.9931,0.9957,0.9937,1.0994,1.0470,1.0445,0.9881,1.0518,1.0581,1.0238,1.0103,1.0068,1.0001,1.1650,0.9939,4414.02,6187.21,4858.27,3121.55,2683.38,1759.91,207.65,3355.93,2709.02,638.97,0.9246,0.5687,0.8831,1.1766,0.7608,0.2507,1.3601,0.3141,0.1575,-1.1833,0.6694,0.7484,0.6928,0.6495,0.6997,0.7780,0.5269,0.6935,0.7023,0.6952,0.0169,0.0103,0.0314,0.0206,0.0233,0.0000,0.0556,0.0021,0.0105,0.0269,0.9807,0.9801,0.9893,0.9799,0.9814,1.0000,0.9797,1.0000,0.9729,1.0000,66.42,225.90,93.74,64.16,79.70,17.42,5.46,305.30,92.54,102.33,0.0000,0.0000,0.0000,0.0000,0.0000,0.0000,0.4565,0.0419,0.0000,0.0000,104304,74663,53998,54750,86225,66964,95775,572442,131417,91336,0,0,0,0,0,0,0,0,0,0,0.0000,0.0000,0.0000,0.0000,0.0000,0.0000,0.0927,0.0874,0.0000,0.0000,0,0,0,0,0,0,0,1,0,0,0,0,0,0,0,0,1,1,0,0,0.1441,0.0926,0.1424,0.0697,0.1062,0.0420,0.0805,0.1268,0.0248,0.1444,0.000,0.000,0.000,0.000,0.000,0.000,0.000,0.165,0.000,0.000,semi-presidential,parliamentary,parliamentary,parliamentary,parliamentary,semi-presidential,semi-presidential,electoral-authoritarian,electoral-authoritarian,parliamentary,0.800,0.800,0.800,0.800,0.800,0.800,0.800,0.500,0.500,0.800,100.0,100.0,100.0,100.0,100.0,100.0,100.0,100.0,100.0,100.0
2035-11-01,1.0219,1.0157,1.0035,0.9628,1.0124,1.0053,0.9932,0.9978,0.9944,0.9923,1.0006,0.9917,1.0928,1.0438,1.0413,1.0013,1.0397,1.0554,0.9997,1.0338,1.0056,0.9984,1.1259,0.9918,4416.49,6190.76,4838.41,3120.39,2680.42,1763.62,207.60,3362.84,2727.58,641.74,0.9241,0.5689,0.8869,1.1771,0.7616,0.2498,1.3605,0.3148,0.1565,-1.1927,0.6673,0.7433,0.6511,0.6431,0.6884,0.7732,0.5299,0.6990,0.7111,0.6904,0.0158,0.0117,0.0285,0.0228,0.0193,0.0000,0.0540,0.0019,0.0103,0.0193,0.9807,0.9801,0.9893,0.9799,0.9815,1.0000,0.9794,1.0000,0.9729,1.0000,65.23,222.85,91.30,61.46,77.63,17.93,5.31,298.54,91.56,102.16,0.0000,0.0000,0.0000,0.0000,0.0000,0.0000,0.4565,0.0421,0.0000,0.0000,104304,74663,53998,54750,86225,66964,95775,572442,131417,91336,0,0,0,0,0,0,0,0,0,0,0.0000,0.0000,0.0000,0.0000,0.0000,0.0000,0.1019,0.0966,0.0000,0.0000,0,0,0,0,0,0,0,1,0,0,0,0,0,0,0,0,1,1,0,0,0.1266,0.0833,0.1241,0.0594,0.0927,0.0378,0.0770,0.1219,0.0214,0.1452,0.000,0.000,0.000,0.000,0.000,0.000,0.000,0.166,0.000,0.000,semi-presidential,parliamentary,parliamentary,parliamentary,parliamentary,semi-presidential,semi-presidential,electoral-authoritarian,electoral-authoritarian,parliamentary,0.800,0.800,0.800,0.800,0.800,0.800,0.800,0.500,0.500,0.800,100.0,100.0,100.0,100.0,100.0,30.0,100.0,100.0,100.0,100.0
2035-12-01,1.0200,1.0113,1.0006,0.9646,1.0111,1.0020,0.9918,0.9982,0.9947,0.9927,1.0040,0.9881,1.0949,1.0370,1.0372,0.9962,1.0277,1.0513,0.9932,1.0045,1.0239,1.0185,1.0769,0.9884,4405.72,6173.54,4824.90,3115.27,2677.47,1770.43,207.27,3369.46,2735.77,643.09,0.9263,0.5708,0.8895,1.1792,0.7625,0.2486,1.3628,0.3158,0.1562,-1.2046,0.6515,0.7267,0.6303,0.6389,0.6712,0.7677,0.5320,0.6922,0.6935,0.7046,0.0127,0.0109,0.0236,0.0184,0.0151,0.0000,0.0540,0.0022,0.0108,0.0099,0.9822,0.9814,0.9901,0.9814,0.9831,1.0000,0.9800,1.0000,0.9746,1.0000,66.77,224.35,92.24,62.64,80.00,17.95,5.46,306.31,92.76,102.05,0.0000,0.0000,0.0000,0.0000,0.0000,0.0000,0.4541,0.0418,0.0000,0.0000,104304,74663,53998,54750,86225,66964,95775,572442,131417,91336,0,0,0,0,0,0,0,0,0,0,0.0000,0.0000,0.0000,0.0000,0.0000,0.0000,0.1111,0.1081,0.0000,0.0000,0,0,0,0,0,0,0,1,0,0,0,0,0,0,0,0,1,1,0,0,0.1209,0.0798,0.1184,0.0560,0.0879,0.0352,0.0709,0.1216,0.0190,0.1445,0.000,0.000,0.000,0.000,0.000,0.000,0.000,0.170,0.000,0.000,semi-presidential,parliamentary,parliamentary,parliamentary,parliamentary,semi-presidential,semi-presidential,electoral-authoritarian,electoral-authoritarian,parliamentary,0.800,0.800,0.800,0.800,0.800,0.800,0.800,0.500,0.500,0.800,100.0,100.0,100.0,100.0,100.0,33.2,100.0,100.0,100.0,100.0
2036-01-01,1.0207,1.0068,0.9994,0.9666,1.0084,1.0004,0.9907,0.9971,0.9941,0.9947,1.0061,0.9890,1.0988,1.0326,1.0349,1.0040,1.0246,1.0486,0.9920,0.9981,1.0050,1.0274,1.0720,0.9891,4427.94,6175.26,4812.87,3117.20,2685.50,1781.28,207.04,3376.92,2753.64,646.11,0.9217,0.5710,0.8918,1.1786,0.7603,0.2469,1.3644,0.3164,0.1553,-1.2133,0.6555,0.7178,0.6452,0.6301,0.6827,0.7641,0.5172,0.6784,0.6905,0.7117,0.0121,0.0115,0.0226,0.0207,0.0143,0.0000,0.0694,0.0014,0.0100,0.0088,0.9820,0.9814,0.9900,0.9813,0.9828,1.0000,0.9790,1.0000,0.9747,1.0000,68.12,224.89,91.25,63.49,81.59,17.84,5.46,314.48,94.78,102.25,0.0000,0.0000,0.0000,0.0000,0.0000,0.0000,0.4544,0.0403,0.0000,0.0000,104304,74663,53998,54750,86225,66964,95775,572442,131417,91336,0,0,0,0,0,0,0,0,0,0,0.0000,0.0000,0.0000,0.0000,0.0000,0.0000,0.1226,0.1173,0.0000,0.0000,0,0,0,0,0,0,0,1,0,0,0,0,0,0,0,0,1,1,0,0,0.1495,0.0932,0.1490,0.0698,0.1098,0.0408,0.0759,0.1299,0.0271,0.1442,0.000,0.000,0.000,0.000,0.000,0.000,0.000,0.170,0.000,0.000,semi-presidential,parliamentary,parliamentary,parliamentary,parliamentary,semi-presidential,semi-presidential,electoral-authoritarian,electoral-authoritarian,parliamentary,0.800,0.800,0.800,0.800,0.800,0.800,0.800,0.500,0.500,0.800,100.0,100.0,100.0,100.0,100.0,36.5,100.0,100.0,100.0,100.0
