date,price_oil,price_gas,price_coal,price_electricity,price_food,price_critical-minerals,price_steel,price_consumer-goods,price_electronics,price_arms,price_pharma,price_services,import_price_oil,import_price_gas,import_price_coal,import_price_electricity,import_price_food,import_price_critical-minerals,import_price_steel,import_price_consumer-goods,import_price_electronics,import_price_arms,import_price_pharma,import_price_services,gdp_FRA,gdp_DEU,gdp_GBR,gdp_ITA,gdp_ESP,gdp_POL,gdp_UKR,gdp_RUS,gdp_TUR,gdp_NOR,debt_FRA,debt_DEU,debt_GBR,debt_ITA,debt_ESP,debt_POL,debt_UKR,debt_RUS,debt_TUR,debt_NOR,stability_FRA,stability_DEU,stability_GBR,stability_ITA,stability_ESP,stability_POL,stability_UKR,stability_RUS,stability_TUR,stability_NOR,shortage_FRA,shortage_DEU,shortage_GBR,shortage_ITA,shortage_ESP,shortage_POL,shortage_UKR,shortage_RUS,shortage_TUR,shortage_NOR,gas_coverage_FRA,gas_coverage_DEU,gas_coverage_GBR,gas_coverage_ITA,gas_coverage_ESP,gas_coverage_POL,gas_coverage_UKR,gas_coverage_RUS,gas_coverage_TUR,gas_coverage_NOR,maritime_trade_FRA,maritime_trade_DEU,maritime_trade_GBR,maritime_trade_ITA,maritime_trade_ESP,maritime_trade_POL,maritime_trade_UKR,maritime_trade_RUS,maritime_trade_TUR,maritime_trade_NOR,blockade_FRA,blockade_DEU,blockade_GBR,blockade_ITA,blockade_ESP,blockade_POL,blockade_UKR,blockade_RUS,blockade_TUR,blockade_NOR,tiles_FRA,tiles_DEU,tiles_GBR,tiles_ITA,tiles_ESP,tiles_POL,tiles_UKR,tiles_RUS,tiles_TUR,tiles_NOR,contested_FRA,contested_DEU,contested_GBR,contested_ITA,contested_ESP,contested_POL,contested_UKR,contested_RUS,contested_TUR,contested_NOR,exhaustion_FRA,exhaustion_DEU,exhaustion_GBR,exhaustion_ITA,exhaustion_ESP,exhaustion_POL,exhaustion_UKR,exhaustion_RUS,exhaustion_TUR,exhaustion_NOR,sanctions_against_FRA,sanctions_against_DEU,sanctions_against_GBR,sanctions_against_ITA,sanctions_against_ESP,sanctions_against_POL,sanctions_against_UKR,sanctions_against_RUS,sanctions_against_TUR,sanctions_against_NOR,at_war_FRA,at_war_DEU,at_war_GBR,at_war_ITA,at_war_ESP,at_war_POL,at_war_UKR,at_war_RUS,at_war_TUR,at_war_NOR,export_share_FRA,export_share_DEU,export_share_GBR,export_share_ITA,export_share_ESP,export_share_POL,export_share_UKR,export_share_RUS,export_share_TUR,export_share_NOR,circumvention_FRA,circumvention_DEU,circumvention_GBR,circumvention_ITA,circumvention_ESP,circumvention_POL,circumvention_UKR,circumvention_RUS,circumvention_TUR,circumvention_NOR,regime_FRA,regime_DEU,regime_GBR,regime_ITA,regime_ESP,regime_POL,regime_UKR,regime_RUS,regime_TUR,regime_NOR,legitimacy_FRA,legitimacy_DEU,legitimacy_GBR,legitimacy_ITA,legitimacy_ESP,legitimacy_POL,legitimacy_UKR,legitimacy_RUS,legitimacy_TUR,legitimacy_NOR,capital_FRA,capital_DEU,capital_GBR,capital_ITA,capital_ESP,capital_POL,capital_UKR,capital_RUS,capital_TUR,capital_NOR
2026-01-01,1.0000,1.0000,1.0000,1.0000,1.0000,1.0000,1.0000,1.0000,1.0000,1.0000,1.0000,1.0000,1.0000,1.0000,1.0001,1.0298,1.0000,1.0000,1.0170,1.0170,1.0221,1.0232,1.0170,1.0000,3366.32,5050.92,4002.59,2551.56,1906.45,1035.49,214.23,2561.31,1597.29,530.76,1.1600,0.6290,1.0230,1.3710,1.0040,0.5880,1.0870,0.1720,0.2350,0.4500,0.6600,0.7169,0.6747,0.6374,0.6767,0.7200,0.6678,0.6750,0.6750,0.7200,0.0019,0.0004,0.0179,0.0017,0.0019,0.0000,0.0027,0.0012,0.0009,0.0031,1.0000,1.0000,1.0000,1.0000,1.0000,1.0000,1.0000,1.0000,1.0000,1.0000,53.01,188.04,79.00,54.35,61.58,9.29,7.94,244.34,57.59,79.61,0.0000,0.0000,0.0000,0.0000,0.0000,0.0000,0.0000,0.0000,0.0000,0.0000,104304,74663,53998,54750,86225,66964,95775,572442,131417,91336,0,0,0,0,0,0,0,0,0,0,0.0000,0.0000,0.0000,0.0000,0.0000,0.0000,0.0000,0.0000,0.0000,0.0000,0,0,0,0,0,0,0,0,0,0,0,0,0,0,0,0,1,1,0,0,0.1189,0.0741,0.1337,0.0482,0.0865,0.0115,0.0806,0.1079,0.0015,0.1360,0.000,0.000,0.000,0.000,0.000,0.000,0.000,0.000,0.000,0.000,semi-presidential,parliamentary,parliamentary,parliamentary,parliamentary,semi-presidential,semi-presidential,electoral-authoritarian,electoral-authoritarian,parliamentary,0.800,0.800,0.800,0.800,0.800,0.800,0.800,0.500,0.500,0.800,30.0,30.0,30.0,30.0,30.0,30.0,30.0,30.0,30.0,30.0
2026-02-01,1.0029,1.0016,0.9988,1.0006,1.0016,1.0012,1.0009,1.0007,1.0011,1.0036,1.0027,0.9990,1.1273,1.0434,1.0342,1.0324,1.0453,1.0916,1.0285,1.0021,1.0357,1.0828,1.1455,0.9990,3366.09,5046.81,4005.00,2554.40,1907.12,1037.23,212.30,2565.98,1602.85,532.14,1.1603,0.6297,1.0232,1.3679,1.0047,0.5880,1.0994,0.1740,0.2344,0.4351,0.6589,0.7159,0.6641,0.6281,0.6630,0.7166,0.5866,0.6679,0.6673,0.7034,0.0205,0.0147,0.0366,0.0238,0.0275,0.0039,0.0900,0.0031,0.0159,0.0225,0.9681,0.9670,0.9840,0.9687,0.9706,0.9890,0.9669,1.0000,0.9651,1.0000,50.60,179.12,74.43,52.77,58.47,9.20,5.64,233.91,55.69,77.77,0.0000,0.0000,0.0000,0.0000,0.0000,0.0000,0.4587,0.0408,0.0000,0.0000,104304,74663,53998,54750,86225,66964,95775,572442,131417,91336,0,0,0,0,0,0,0,0,0,0,0.0000,0.0000,0.0000,0.0000,0.0000,0.0000,0.0092,0.0092,0.0000,0.0000,0,0,0,0,0,0,0,1,0,0,0,0,0,0,0,0,1,1,0,0,0.1147,0.0707,0.1289,0.0458,0.0831,0.0115,0.0706,0.1011,0.0015,0.1326,0.000,0.000,0.000,0.000,0.000,0.000,0.030,0.147,0.000,0.000,semi-presidential,parliamentary,parliamentary,parliamentary,parliamentary,semi-presidential,semi-presidential,electoral-authoritarian,electoral-authoritarian,parliamentary,0.800,0.800,0.800,0.800,0.800,0.800,0.800,0.500,0.500,0.800,30.2,30.4,30.6,31.2,31.4,31.7,33.5,33.0,33.1,32.6
2026-03-01,1.0053,1.0020,0.9953,0.9987,1.0021,1.0023,1.0010,0.9996,1.0010,1.0054,1.0055,0.9995,1.0946,1.0291,1.0311,0.9989,1.0362,1.0575,1.0029,1.0015,1.0148,1.0484,1.1252,1.0001,3364.70,5042.43,4000.65,2556.20,1914.38,1039.16,211.50,2564.79,1607.29,531.97,1.1647,0.6318,1.0275,1.3706,1.0030,0.5858,1.1052,0.1763,0.2339,0.4208,0.6479,0.7071,0.6560,0.6183,0.6532,0.7142,0.5301,0.6587,0.6695,0.6938,0.0143,0.0097,0.0144,0.0170,0.0196,0.0000,0.0874,0.0021,0.0104,0.0169,0.9806,0.9800,0.9905,0.9793,0.9809,1.0000,0.9680,1.0000,0.9746,1.0000,51.25,183.22,75.96,53.29,60.87,9.18,5.85,238.22,56.70,79.23,0.0000,0.0000,0.0000,0.0000,0.0000,0.0000,0.4585,0.0410,0.0000,0.0000,104304,74663,53998,54750,86225,66964,95775,572442,131417,91336,0,0,0,0,0,0,0,0,0,0,0.0000,0.0000,0.0000,0.0000,0.0000,0.0000,0.0184,0.0184,0.0000,0.0000,0,0,0,0,0,0,0,1,0,0,0,0,0,0,0,0,1,1,0,0,0.1177,0.0735,0.1333,0.0483,0.0859,0.0114,0.0714,0.1018,0.0015,0.1326,0.000,0.000,0.000,0.000,0.000,0.000,0.031,0.147,0.000,0.000,semi-presidential,parliamentary,parliamentary,parliamentary,parliamentary,semi-presidential,semi-presidential,electoral-authoritarian,electoral-authoritarian,parliamentary,0.800,0.800,0.800,0.800,0.800,0.800,0.800,0.500,0.500,0.800,33.4,33.2,33.1,34.0,34.6,33.2,36.5,36.0,36.8,35.3
2026-04-01,1.0059,1.0041,0.9939,0.9963,1.0036,1.0030,0.9989,0.9992,1.0002,1.0042,1.0067,0.9971,1.0899,1.0943,1.0322,0.9967,1.0468,1.0596,1.0008,1.0391,1.0145,1.0053,1.0415,0.9974,3360.62,5027.47,3979.44,2551.93,1909.11,1042.28,210.80,2562.07,1615.11,532.00,1.1697,0.6352,1.0359,1.3773,1.0079,0.5820,1.1106,0.1788,0.2328,0.4063,0.6447,0.6932,0.6293,0.6002,0.6275,0.7184,0.5074,0.6754,0.6667,0.6869,0.0219,0.0172,0.0188,0.0257,0.0291,0.0054,0.0642,0.0017,0.0162,0.0189,0.9240,0.9289,0.9612,0.9317,0.9256,0.9615,0.9573,1.0000,0.9353,1.0000,50.45,181.40,74.93,52.63,59.88,9.14,5.74,233.68,56.39,79.50,0.0000,0.0000,0.0000,0.0000,0.0000,0.0000,0.4601,0.0437,0.0000,0.0000,104304,74663,53998,54750,86225,66964,95775,572442,131417,91336,0,0,0,0,0,0,0,0,0,0,0.0000,0.0000,0.0000,0.0000,0.0000,0.0000,0.0276,0.0276,0.0000,0.0000,0,0,0,0,0,0,0,1,0,0,0,0,0,0,0,0,1,1,0,0,0.0964,0.0637,0.1077,0.0384,0.0691,0.0113,0.0681,0.0999,0.0015,0.1328,0.000,0.000,0.000,0.000,0.000,0.000,0.028,0.148,0.000,0.000,semi-presidential,parliamentary,parliamentary,parliamentary,parliamentary,semi-presidential,semi-presidential,electoral-authoritarian,electoral-authoritarian,parliamentary,0.800,0.800,0.800,0.800,0.800,0.800,0.800,0.500,0.500,0.800,36.5,35.9,35.4,37.3,37.5,36.3,39.2,39.0,40.4,38.0
2026-05-01,1.0078,1.0063,0.9930,0.9935,1.0061,1.0020,0.9954,0.9989,0.9984,1.0032,1.0061,0.9973,1.1101,1.0520,1.0311,0.9937,1.0508,1.0584,0.9976,1.0007,1.0126,1.0092,1.0079,0.9973,3366.43,5019.64,3983.11,2550.67,1915.39,1044.53,209.87,2560.89,1619.61,532.56,1.1738,0.6378,1.0377,1.3821,1.0068,0.5786,1.1178,0.1816,0.2322,0.3914,0.6188,0.6944,0.6301,0.5911,0.6204,0.7164,0.4833,0.6608,0.6591,0.6851,0.0139,0.0129,0.0132,0.0218,0.0224,0.0021,0.0825,0.0011,0.0127,0.0156,0.9650,0.9640,0.9825,0.9658,0.9675,0.9879,0.9669,1.0000,0.9621,1.0000,50.96,181.18,74.82,52.98,60.58,9.07,5.73,236.99,56.91,79.25,0.0000,0.0000,0.0000,0.0000,0.0000,0.0000,0.4599,0.0434,0.0000,0.0000,104304,74663,53998,54750,86225,66964,95775,572442,131417,91336,0,0,0,0,0,0,0,0,0,0,0.0000,0.0000,0.0000,0.0000,0.0000,0.0000,0.0391,0.0391,0.0000,0.0000,0,0,0,0,0,0,0,1,0,0,0,0,0,0,0,0,1,1,0,0,0.1127,0.0704,0.1275,0.0453,0.0818,0.0113,0.0698,0.1034,0.0015,0.1331,0.000,0.000,0.000,0.000,0.000,0.000,0.028,0.148,0.000,0.000,semi-presidential,parliamentary,parliamentary,parliamentary,parliamentary,semi-presidential,semi-presidential,electoral-authoritarian,electoral-authoritarian,parliamentary,0.831,0.800,0.800,0.800,0.800,0.800,0.800,0.500,0.500,0.800,32.4,38.6,37.7,40.5,40.5,39.4,42.4,42.7,44.0,40.6
2026-06-01,1.0105,1.0082,0.9944,0.9930,1.0072,1.0033,0.9916,0.9984,0.9985,1.0038,1.0072,0.9975,1.1035,1.0656,1.0753,0.9931,1.0401,1.0728,0.9932,1.0091,1.0296,1.0557,1.0234,0.9978,3361.22,5019.78,3986.74,2545.92,1916.32,1048.59,209.41,2567.52,1621.00,533.34,1.1785,0.6394,1.0392,1.3886,1.0085,0.5743,1.1220,0.1834,0.2320,0.3763,0.6181,0.6883,0.6193,0.5836,0.6285,0.7098,0.4771,0.6430,0.6571,0.6925,0.0189,0.0153,0.0175,0.0238,0.0249,0.0029,0.0847,0.0022,0.0159,0.0139,0.9542,0.9547,0.9769,0.9569,0.9567,0.9807,0.9646,1.0000,0.9551,1.0000,51.27,181.69,76.41,52.92,60.38,9.09,5.69,237.58,57.15,79.42,0.0000,0.0000,0.0000,0.0000,0.0000,0.0000,0.4586,0.0416,0.0000,0.0000,104304,74663,53998,54750,86225,66964,95775,572442,131417,91336,0,0,0,0,0,0,0,0,0,0,0.0000,0.0000,0.0000,0.0000,0.0000,0.0000,0.0483,0.0483,0.0000,0.0000,0,0,0,0,0,0,0,1,0,0,0,0,0,0,0,0,1,1,0,0,0.1127,0.0703,0.1271,0.0452,0.0816,0.0112,0.0701,0.1035,0.0015,0.1332,0.000,0.000,0.000,0.000,0.000,0.000,0.028,0.149,0.000,0.000,semi-presidential,parliamentary,parliamentary,parliamentary,parliamentary,semi-presidential,semi-presidential,electoral-authoritarian,electoral-authoritarian,parliamentary,0.821,0.800,0.800,0.800,0.800,0.800,0.800,0.500,0.500,0.800,35.4,41.3,40.0,43.8,43.5,42.4,44.8,45.6,45.0,43.3
2026-07-01,1.0088,1.0112,0.9954,0.9911,1.0074,1.0054,0.9897,0.9994,0.9998,1.0028,1.0067,0.9961,1.0895,1.0913,1.0455,0.9915,1.0333,1.0763,0.9914,1.0558,1.0138,1.0042,1.0247,0.9962,3362.08,5016.00,3971.42,2537.32,1911.64,1052.07,209.18,2562.43,1626.52,533.83,1.1798,0.6414,1.0454,1.3995,1.0132,0.5704,1.1251,0.1860,0.2313,0.3614,0.6048,0.6750,0.6049,0.5577,0.6234,0.7109,0.4849,0.6546,0.6538,0.6882,0.0218,0.0166,0.0178,0.0225,0.0248,0.0048,0.0612,0.0017,0.0157,0.0140,0.9337,0.9369,0.9663,0.9398,0.9358,0.9674,0.9605,1.0000,0.9415,1.0000,49.78,180.10,74.27,51.81,58.92,9.27,5.65,229.47,56.45,80.20,0.0000,0.0000,0.0000,0.0000,0.0000,0.0000,0.4581,0.0434,0.0000,0.0000,104304,74663,53998,54750,86225,66964,95775,572442,131417,91336,0,0,0,0,0,0,0,0,0,0,0.0000,0.0000,0.0000,0.0000,0.0000,0.0000,0.0575,0.0575,0.0000,0.0000,0,0,0,0,0,0,0,1,0,0,0,0,0,0,0,0,1,1,0,0,0.1041,0.0664,0.1171,0.0412,0.0749,0.0113,0.0677,0.0995,0.0016,0.1337,0.000,0.000,0.000,0.000,0.000,0.000,0.026,0.149,0.000,0.000,semi-presidential,parliamentary,parliamentary,parliamentary,parliamentary,semi-presidential,semi-presidential,electoral-authoritarian,electoral-authoritarian,parliamentary,0.816,0.800,0.800,0.800,0.800,0.800,0.800,0.500,0.500,0.800,37.0,43.9,42.2,48.9,46.4,45.5,47.3,48.5,48.6,46.0
2026-08-01,1.0052,1.0148,0.9958,0.9892,1.0082,1.0056,0.9886,0.9995,0.9987,1.0007,1.0077,0.9953,1.0846,1.0656,1.0614,0.9893,1.0339,1.0618,0.9903,1.0568,1.0127,1.0020,1.0186,0.9953,3358.04,5008.60,3971.82,2531.99,1914.76,1058.44,208.47,2562.41,1632.64,534.61,1.1849,0.6438,1.0472,1.4062,1.0156,0.5632,1.1312,0.1888,0.2305,0.3463,0.5944,0.6697,0.5976,0.5600,0.6256,0.7119,0.4830,0.6537,0.6666,0.6870,0.0186,0.0136,0.0164,0.0201,0.0217,0.0021,0.0594,0.0017,0.0137,0.0140,0.9605,0.9600,0.9802,0.9620,0.9632,0.9850,0.9669,1.0000,0.9591,1.0000,49.42,179.47,74.15,51.60,58.61,9.30,5.59,227.82,56.23,80.36,0.0000,0.0000,0.0000,0.0000,0.0000,0.0000,0.4562,0.0433,0.0000,0.0000,104304,74663,53998,54750,86225,66964,95775,572442,131417,91336,0,0,0,0,0,0,0,0,0,0,0.0000,0.0000,0.0000,0.0000,0.0000,0.0000,0.0690,0.0690,0.0000,0.0000,0,0,0,0,0,0,0,1,0,0,0,0,0,0,0,0,1,1,0,0,0.1208,0.0733,0.1316,0.0445,0.0813,0.0112,0.0680,0.0991,0.0016,0.1338,0.000,0.000,0.000,0.000,0.000,0.000,0.025,0.149,0.000,0.000,semi-presidential,parliamentary,parliamentary,parliamentary,parliamentary,semi-presidential,semi-presidential,electoral-authoritarian,electoral-authoritarian,parliamentary,0.803,0.800,0.800,0.800,0.800,0.800,0.800,0.500,0.500,0.800,40.8,46.4,44.3,52.0,50.3,51.6,50.4,52.2,52.2,48.6
2026-09-01,1.0032,1.0157,0.9969,0.9864,1.0069,1.0080,0.9885,1.0015,0.9978,1.0002,1.0058,0.9950,1.0846,1.0449,1.1041,0.9869,1.0321,1.1422,1.0208,1.0786,1.0114,1.0188,1.0082,0.9956,3360.31,5014.49,3977.64,2537.01,1915.98,1058.61,208.68,2564.90,1639.39,534.91,1.1866,0.6451,1.0474,1.4069,1.0159,0.5617,1.1319,0.1908,0.2297,0.3316,0.6020,0.6643,0.6114,0.5686,0.6323,0.7078,0.4909,0.6485,0.6491,0.6786,0.0220,0.0140,0.0210,0.0221,0.0242,0.0010,0.0634,0.0021,0.0141,0.0169,0.9792,0.9786,0.9899,0.9778,0.9795,1.0000,0.9689,1.0000,0.9729,1.0000,50.19,181.20,75.45,52.60,59.73,9.46,5.70,232.12,56.68,80.40,0.0000,0.0000,0.0000,0.0000,0.0000,0.0000,0.4553,0.0423,0.0000,0.0000,104304,74663,53998,54750,86225,66964,95775,572442,131417,91336,0,0,0,0,0,0,0,0,0,0,0.0000,0.0000,0.0000,0.0000,0.0000,0.0000,0.0782,0.0782,0.0000,0.0000,0,0,0,0,0,0,0,1,0,0,0,0,0,0,0,0,1,1,0,0,0.1226,0.0744,0.1342,0.0455,0.0828,0.0114,0.0671,0.1007,0.0015,0.1336,0.000,0.000,0.000,0.000,0.000,0.000,0.025,0.149,0.000,0.000,semi-presidential,parliamentary,parliamentary,parliamentary,parliamentary,semi-presidential,semi-presidential,electoral-authoritarian,electoral-authoritarian,parliamentary,0.800,0.800,0.800,0.800,0.800,0.800,0.800,0.500,0.500,0.800,43.7,49.7,46.6,55.1,51.6,54.6,52.9,55.0,55.7,51.2
2026-10-01,1.0049,1.0182,0.9968,0.9837,1.0063,1.0126,0.9891,1.0026,0.9973,1.0017,1.0022,0.9932,1.0966,1.1352,1.0343,0.9840,1.0316,1.1411,0.9906,1.0168,1.0438,1.0037,1.0041,0.9932,3355.64,5013.05,3960.92,2534.59,1906.61,1061.70,208.44,2559.15,1640.47,537.45,1.1904,0.6473,1.0533,1.4115,1.0295,0.5582,1.1350,0.1935,0.2296,0.3156,0.5995,0.6692,0.5973,0.5715,0.6064,0.7059,0.4924,0.6407,0.6590,0.6806,0.0240,0.0215,0.0181,0.0268,0.0286,0.0086,0.0849,0.0025,0.0198,0.0112,0.9009,0.9085,0.9494,0.9122,0.9021,0.9450,0.9543,1.0000,0.9192,1.0000,51.23,182.33,75.97,53.58,60.95,9.50,5.85,238.10,58.00,80.71,0.0000,0.0000,0.0000,0.0000,0.0000,0.0000,0.4552,0.0429,0.0000,0.0000,104304,74663,53998,54750,86225,66964,95775,572442,131417,91336,0,0,0,0,0,0,0,0,0,0,0.0000,0.0000,0.0000,0.0000,0.0000,0.0000,0.0874,0.0874,0.0000,0.0000,0,0,0,0,0,0,0,1,0,0,0,0,0,0,0,0,1,1,0,0,0.1098,0.0684,0.1190,0.0433,0.0767,0.0114,0.0664,0.1024,0.0016,0.1334,0.000,0.000,0.000,0.000,0.000,0.000,0.022,0.150,0.000,0.000,semi-presidential,parliamentary,parliamentary,parliamentary,parliamentary,semi-presidential,semi-presidential,electoral-authoritarian,electoral-authoritarian,parliamentary,0.800,0.800,0.800,0.800,0.800,0.800,0.800,0.500,0.500,0.800,46.6,52.3,48.7,58.2,56.1,57.6,55.5,57.9,59.3,53.8
2026-11-01,1.0069,1.0215,0.9967,0.9820,1.0045,1.0158,0.9909,1.0027,0.9981,1.0029,0.9986,0.9924,1.0949,1.1120,1.0320,0.9822,1.0290,1.0803,1.0615,1.0044,1.0253,1.0424,1.0007,0.9929,3365.01,5010.37,3954.80,2531.61,1904.65,1060.20,208.15,2557.81,1644.39,538.29,1.1890,0.6497,1.0564,1.4161,1.0328,0.5580,1.1389,0.1963,0.2292,0.3098,0.6032,0.6672,0.5924,0.5723,0.6018,0.7198,0.4790,0.6416,0.6586,0.6805,0.0207,0.0169,0.0162,0.0221,0.0243,0.0056,0.0860,0.0023,0.0162,0.0127,0.9251,0.9296,0.9620,0.9329,0.9271,0.9610,0.9598,1.0000,0.9364,1.0000,51.67,182.85,76.06,53.77,61.07,9.57,5.86,239.17,58.23,81.23,0.0000,0.0000,0.0000,0.0000,0.0000,0.0000,0.4600,0.0404,0.0000,0.0000,104304,74663,53998,54750,86225,66964,95775,572442,131417,91336,0,0,0,0,0,0,0,0,0,0,0.0000,0.0000,0.0000,0.0000,0.0000,0.0000,0.0989,0.0989,0.0000,0.0000,0,0,0,0,0,0,0,1,0,0,0,0,0,0,0,0,1,1,0,0,0.1206,0.0726,0.1320,0.0475,0.0848,0.0112,0.0623,0.1017,0.0014,0.1342,0.000,0.000,0.000,0.000,0.000,0.000,0.021,0.150,0.000,0.000,semi-presidential,parliamentary,parliamentary,parliamentary,parliamentary,semi-presidential,semi-presidential,electoral-authoritarian,electoral-authoritarian,parliamentary,0.800,0.800,0.800,0.800,0.800,0.800,0.800,0.500,0.500,0.800,49.6,54.8,50.9,61.4,58.9,59.3,58.7,61.4,66.5,54.8
2026-12-01,1.0076,1.0238,0.9934,0.9807,1.0005,1.0194,0.9925,1.0027,0.9989,1.0048,0.9974,0.9911,1.0945,1.0516,1.0287,1.0224,1.0254,1.1058,1.0289,1.0286,1.0189,1.0463,1.0049,0.9913,3357.44,5010.39,3961.96,2522.24,1907.21,1062.04,207.58,2556.64,1650.91,538.36,1.1933,0.6517,1.0560,1.4240,1.0337,0.5553,1.1438,0.1986,0.2284,0.2951,0.5991,0.6678,0.5962,0.5737,0.6128,0.7107,0.4724,0.6332,0.6567,0.6868,0.0135,0.0114,0.0291,0.0195,0.0170,0.0004,0.0858,0.0020,0.0118,0.0127,0.9803,0.9798,0.9905,0.9791,0.9806,1.0000,0.9688,1.0000,0.9745,1.0000,51.82,182.38,76.69,52.42,60.17,9.68,5.73,238.66,58.02,80.99,0.0000,0.0000,0.0000,0.0000,0.0000,0.0000,0.4600,0.0402,0.0000,0.0000,104304,74663,53998,54750,86225,66964,95775,572442,131417,91336,0,0,0,0,0,0,0,0,0,0,0.0000,0.0000,0.0000,0.0000,0.0000,0.0000,0.1081,0.1081,0.0000,0.0000,0,0,0,0,0,0,0,1,0,0,0,0,0,0,0,0,1,1,0,0,0.1045,0.0652,0.1127,0.0397,0.0725,0.0108,0.0566,0.1013,0.0013,0.1356,0.000,0.000,0.000,0.000,0.000,0.000,0.020,0.151,0.000,0.000,semi-presidential,parliamentary,parliamentary,parliamentary,parliamentary,semi-presidential,semi-presidential,electoral-authoritarian,electoral-authoritarian,parliamentary,0.800,0.800,0.800,0.800,0.800,0.800,0.800,0.500,0.500,0.800,52.5,57.4,53.0,64.6,51.8,62.4,61.2,64.2,70.0,57.4
2027-01-01,1.0066,1.0255,0.9912,0.9806,0.9928,1.0210,0.9959,1.0026,0.9982,1.0091,0.9973,0.9899,1.0806,1.0534,1.0265,1.0135,1.0186,1.0771,1.0998,1.0043,1.0112,1.0688,0.9990,0.9900,3360.98,4997.07,3964.66,2520.41,1908.68,1065.45,207.00,2558.26,1657.69,535.95,1.1933,0.6554,1.0568,1.4274,1.0352,0.5517,1.1494,0.2012,0.2275,0.2818,0.5948,0.6620,0.5926,0.5730,0.6124,0.7146,0.4772,0.6390,0.6604,0.6894,0.0133,0.0094,0.0299,0.0151,0.0165,0.0000,0.0625,0.0019,0.0113,0.0134,0.9804,0.9798,0.9905,0.9792,0.9807,1.0000,0.9694,1.0000,0.9746,1.0000,50.13,181.50,77.54,52.01,58.42,9.77,5.53,229.20,57.13,81.08,0.0000,0.0000,0.0000,0.0000,0.0000,0.0000,0.4596,0.0399,0.0000,0.0000,104304,74663,53998,54750,86225,66964,95775,572442,131417,91336,0,0,0,0,0,0,0,0,0,0,0.0000,0.0000,0.0000,0.0000,0.0000,0.0000,0.1196,0.1196,0.0000,0.0000,0,0,0,0,0,0,0,1,0,0,0,0,0,0,0,0,1,1,0,0,0.1172,0.0702,0.1277,0.0452,0.0817,0.0106,0.0544,0.0973,0.0012,0.1353,0.000,0.000,0.000,0.000,0.000,0.000,0.018,0.151,0.000,0.000,semi-presidential,parliamentary,parliamentary,parliamentary,parliamentary,semi-presidential,semi-presidential,electoral-authoritarian,electoral-authoritarian,parliamentary,0.800,0.800,0.800,0.800,0.800,0.800,0.800,0.518,0.500,0.800,55.4,59.9,55.2,67.7,54.7,65.4,64.2,62.7,73.7,60.1
2027-02-01,1.0007,1.0244,0.9917,0.9794,0.9842,1.0190,0.9975,1.0017,0.9982,1.0104,0.9947,0.9903,1.0728,1.0520,1.0403,1.0029,1.0091,1.0757,1.0225,1.0033,1.0274,1.0181,0.9968,0.9905,3358.59,4991.77,3966.97,2523.03,1915.60,1069.51,205.84,2554.06,1665.62,537.74,1.2002,0.6581,1.0576,1.4280,1.0337,0.5478,1.1576,0.2038,0.2265,0.2564,0.6160,0.6697,0.6105,0.5791,0.6259,0.7189,0.4751,0.6490,0.6580,0.6901,0.0118,0.0097,0.0227,0.0160,0.0162,0.0000,0.0569,0.0018,0.0119,0.0109,0.9807,0.9801,0.9907,0.9796,0.9812,1.0000,0.9703,1.0000,0.9751,1.0000,49.02,179.31,75.68,50.87,57.44,9.71,5.50,223.53,56.12,80.47,0.0000,0.0000,0.0000,0.0000,0.0000,0.0000,0.4601,0.0422,0.0000,0.0000,104304,74663,53998,54750,86225,66964,95775,572442,131417,91336,0,0,0,0,0,0,0,0,0,0,0.0000,0.0000,0.0000,0.0000,0.0000,0.0000,0.1288,0.1288,0.0000,0.0000,0,0,0,0,0,0,0,1,0,0,0,0,0,0,0,0,1,1,0,0,0.1188,0.0710,0.1302,0.0460,0.0832,0.0104,0.0529,0.0956,0.0011,0.1332,0.000,0.000,0.000,0.000,0.000,0.000,0.018,0.152,0.000,0.000,semi-presidential,parliamentary,parliamentary,parliamentary,parliamentary,semi-presidential,semi-presidential,electoral-authoritarian,electoral-authoritarian,parliamentary,0.800,0.800,0.800,0.800,0.800,0.800,0.800,0.509,0.500,0.800,58.2,62.5,57.4,70.9,57.7,68.5,66.7,65.5,77.2,65.0
2027-03-01,0.9963,1.0229,0.9914,0.9799,0.9769,1.0170,0.9991,1.0027,0.9997,1.0101,0.9930,0.9920,1.0725,1.0519,1.0289,1.0263,1.0018,1.0734,1.0578,1.0409,1.0460,1.0114,0.9949,0.9935,3356.92,4991.71,3966.93,2525.30,1918.98,1073.73,205.22,2547.47,1668.61,537.74,1.2015,0.6599,1.0589,1.4280,1.0339,0.5439,1.1628,0.2065,0.2262,0.2564,0.6105,0.6651,0.6196,0.5726,0.6288,0.7231,0.4756,0.6463,0.6553,0.6901,0.0142,0.0113,0.0305,0.0214,0.0181,0.0000,0.0612,0.0031,0.0129,0.0153,0.9796,0.9790,0.9901,0.9784,0.9801,1.0000,0.9701,1.0000,0.9736,1.0000,49.16,178.64,75.25,49.80,57.10,9.87,5.37,224.28,56.37,79.87,0.0000,0.0000,0.0000,0.0000,0.0000,0.0000,0.4601,0.0426,0.0000,0.0000,104304,74663,53998,54750,86225,66964,95775,572442,131417,91336,0,0,0,0,0,0,0,0,0,0,0.0000,0.0000,0.0000,0.0000,0.0000,0.0000,0.1380,0.1380,0.0000,0.0000,0,0,0,0,0,0,0,1,0,0,0,0,0,0,0,0,1,1,0,0,0.1245,0.0717,0.1358,0.0462,0.0846,0.0105,0.0530,0.0954,0.0020,0.1345,0.000,0.000,0.000,0.000,0.000,0.000,0.021,0.152,0.000,0.000,semi-presidential,parliamentary,parliamentary,parliamentary,parliamentary,semi-presidential,semi-presidential,electoral-authoritarian,electoral-authoritarian,parliamentary,0.800,0.800,0.800,0.800,0.800,0.800,0.800,0.500,0.500,0.800,61.1,65.0,59.7,73.1,60.7,71.7,69.1,68.4,80.8,65.0
2027-04-01,0.9928,1.0202,0.9907,0.9827,0.9719,1.0161,1.0026,1.0034,1.0020,1.0098,0.9907,0.9924,1.0685,1.0487,1.0375,1.0537,0.9967,1.0722,1.1345,1.0481,1.0638,1.0107,0.9922,0.9925,3361.96,4992.98,3983.60,2530.11,1922.17,1080.65,204.37,2549.13,1668.84,537.70,1.2002,0.6614,1.0554,1.4269,1.0340,0.5386,1.1691,0.2036,0.2263,0.2276,0.6102,0.6739,0.6253,0.5791,0.6378,0.7172,0.4766,0.6311,0.6541,0.6816,0.0172,0.0143,0.0339,0.0327,0.0208,0.0003,0.0636,0.0040,0.0139,0.0187,0.9803,0.9796,0.9905,0.9792,0.9809,1.0000,0.9707,1.0000,0.9745,1.0000,49.03,174.70,72.28,51.53,56.00,9.97,5.23,222.33,55.75,79.11,0.0000,0.0000,0.0000,0.0000,0.0000,0.0000,0.4600,0.0427,0.0000,0.0000,104304,74663,53998,54750,86225,66964,95775,572442,131417,91336,0,0,0,0,0,0,0,0,0,0,0.0000,0.0000,0.0000,0.0000,0.0000,0.0000,0.1472,0.1472,0.0000,0.0000,0,0,0,0,0,0,0,1,0,0,0,0,0,0,0,0,1,1,0,0,0.1144,0.0669,0.1234,0.0458,0.0775,0.0111,0.0582,0.0967,0.0025,0.1356,0.000,0.000,0.000,0.000,0.000,0.000,0.022,0.153,0.000,0.000,semi-presidential,parliamentary,parliamentary,parliamentary,parliamentary,semi-presidential,semi-presidential,electoral-authoritarian,electoral-authoritarian,parliamentary,0.800,0.800,0.800,0.800,0.800,0.800,0.800,0.500,0.500,0.800,64.8,67.6,62.0,76.3,63.7,74.7,71.6,71.2,84.4,70.2
2027-05-01,0.9910,1.0151,0.9929,0.9850,0.9690,1.0141,1.0077,1.0048,1.0049,1.0074,0.9880,0.9922,1.0704,1.0426,1.1166,1.0588,0.9943,1.0701,1.1899,1.0249,1.1283,1.0085,0.9896,0.9930,3362.13,4998.16,3991.12,2530.35,1923.51,1083.52,202.68,2549.20,1673.48,536.92,1.2042,0.6620,1.0541,1.4281,1.0349,0.5354,1.1805,0.2065,0.2258,0.2136,0.6038,0.6675,0.6241,0.5708,0.6354,0.7252,0.4580,0.6512,0.6582,0.6830,0.0228,0.0170,0.0404,0.0369,0.0281,0.0001,0.0695,0.0065,0.0220,0.0225,0.9808,0.9801,0.9907,0.9797,0.9815,1.0000,0.9707,1.0000,0.9751,1.0000,50.03,175.57,72.86,51.57,57.11,10.18,5.31,226.50,56.43,78.81,0.0000,0.0000,0.0000,0.0000,0.0000,0.0000,0.4600,0.0427,0.0000,0.0000,104304,74663,53998,54750,86225,66964,95775,572442,131417,91336,0,0,0,0,0,0,0,0,0,0,0.0000,0.0000,0.0000,0.0000,0.0000,0.0000,0.1587,0.1587,0.0000,0.0000,0,0,0,0,0,0,0,1,0,0,0,0,0,0,0,0,1,1,0,0,0.1253,0.0710,0.1361,0.0502,0.0892,0.0114,0.0601,0.0991,0.0024,0.1351,0.000,0.000,0.000,0.000,0.000,0.000,0.021,0.153,0.000,0.000,semi-presidential,parliamentary,parliamentary,parliamentary,parliamentary,semi-presidential,semi-presidential,electoral-authoritarian,electoral-authoritarian,parliamentary,0.800,0.800,0.800,0.800,0.800,0.800,0.800,0.500,0.500,0.800,97.6,70.2,64.3,79.5,66.8,77.9,74.5,74.8,88.0,72.9
2027-06-01,0.9942,1.0114,0.9928,0.9875,0.9657,1.0643,1.0102,1.0034,1.0228,1.0047,0.9852,0.9929,1.1278,1.0399,1.0303,1.0466,0.9910,2.4330,1.0365,1.0049,1.4539,1.0058,0.9871,0.9931,3365.95,4991.13,4002.98,2533.19,1925.75,1086.28,202.27,2548.60,1677.60,538.66,1.2026,0.6611,1.0514,1.4276,1.0350,0.5323,1.1841,0.2088,0.2253,0.1985,0.5871,0.6596,0.6247,0.5530,0.6162,0.7157,0.4484,0.6456,0.6369,0.6739,0.0379,0.0397,0.0576,0.0567,0.0479,0.0158,0.1015,0.0177,0.0347,0.0216,0.9800,0.9793,0.9903,0.9788,0.9805,1.0000,0.9695,1.0000,0.9740,1.0000,52.06,181.08,75.23,51.89,58.88,10.31,5.60,235.31,59.26,78.53,0.0000,0.0000,0.0000,0.0000,0.0000,0.0000,0.4600,0.0427,0.0000,0.0000,104304,74663,53998,54750,86225,66964,95775,572442,131417,91336,0,0,0,0,0,0,0,0,0,0,0.0000,0.0000,0.0000,0.0000,0.0000,0.0000,0.1679,0.1679,0.0000,0.0000,0,0,0,0,0,0,0,1,0,0,0,0,0,0,0,0,1,1,0,0,0.1195,0.0702,0.1289,0.0480,0.0848,0.0119,0.0606,0.1026,0.0029,0.1345,0.000,0.000,0.000,0.000,0.000,0.000,0.023,0.153,0.000,0.000,semi-presidential,parliamentary,parliamentary,parliamentary,parliamentary,semi-presidential,semi-presidential,electoral-authoritarian,electoral-authoritarian,parliamentary,0.800,0.800,0.800,0.800,0.800,0.800,0.800,0.500,0.500,0.800,99.3,72.7,66.6,82.6,69.7,81.0,76.9,77.7,91.5,75.5
2027-07-01,0.9978,1.0089,0.9919,0.9868,0.9629,1.0993,1.0094,1.0010,1.0314,1.0039,0.9836,0.9911,1.2144,1.0368,1.0288,0.9931,0.9883,1.9099,1.0112,1.0028,1.2024,1.0223,0.9851,0.9912,3359.63,4989.54,3992.08,2532.80,1926.90,1088.91,202.11,2548.11,1683.01,539.02,1.2044,0.6652,1.0544,1.4288,1.0357,0.5343,1.1861,0.2111,0.2247,0.1840,0.5849,0.6378,0.6026,0.5471,0.6184,0.7419,0.4438,0.6531,0.6467,0.6762,0.0322,0.0318,0.0326,0.0368,0.0372,0.0151,0.0928,0.0075,0.0250,0.0137,0.9810,0.9802,0.9908,0.9798,0.9816,1.0000,0.9700,1.0000,0.9753,1.0000,51.14,185.32,76.33,51.20,59.70,10.17,6.30,232.06,59.46,78.57,0.0000,0.0000,0.0000,0.0000,0.0000,0.0000,0.4606,0.0418,0.0000,0.0000,104304,74663,53998,54750,86225,66964,95775,572442,131417,91336,0,0,0,0,0,0,0,0,0,0,0.0000,0.0000,0.0000,0.0000,0.0000,0.0000,0.1771,0.1771,0.0000,0.0000,0,0,0,0,0,0,0,1,0,0,0,0,0,0,0,0,1,1,0,0,0.1142,0.0691,0.1233,0.0462,0.0803,0.0119,0.0598,0.1018,0.0018,0.1318,0.000,0.000,0.000,0.000,0.000,0.000,0.019,0.153,0.000,0.000,semi-presidential,parliamentary,parliamentary,parliamentary,parliamentary,semi-presidential,semi-presidential,electoral-authoritarian,electoral-authoritarian,parliamentary,0.800,0.800,0.800,0.800,0.800,0.800,0.800,0.500,0.500,0.800,100.0,75.2,68.9,85.6,73.3,86.0,79.2,80.5,95.0,78.1
2027-08-01,1.0016,1.0064,0.9905,0.9849,0.9598,1.1196,1.0087,0.9994,1.0352,1.0050,0.9846,0.9920,1.0885,1.0336,1.0264,0.9850,0.9843,1.4328,1.0105,1.0010,1.1022,1.0329,1.0463,0.9920,3367.05,4985.41,3996.67,2536.30,1927.66,1093.12,201.30,2548.98,1686.65,538.49,1.2013,0.6666,1.0532,1.4274,1.0391,0.5305,1.1919,0.2138,0.2243,0.1697,0.5889,0.6299,0.5960,0.5534,0.6163,0.7392,0.4482,0.6196,0.6557,0.6798,0.0165,0.0144,0.0165,0.0200,0.0202,0.0027,0.0870,0.0038,0.0132,0.0132,0.9809,0.9802,0.9907,0.9797,0.9814,1.0000,0.9691,1.0000,0.9752,1.0000,53.85,187.53,76.30,53.11,61.92,10.19,6.27,244.26,61.34,80.35,0.0000,0.0000,0.0000,0.0000,0.0000,0.0000,0.4596,0.0407,0.0000,0.0000,104304,74663,53998,54750,86225,66964,95775,572442,131417,91336,0,0,0,0,0,0,0,0,0,0,0.0000,0.0000,0.0000,0.0000,0.0000,0.0000,0.1886,0.1886,0.0000,0.0000,0,0,0,0,0,0,0,1,0,0,0,0,0,0,0,0,1,1,0,0,0.1223,0.0723,0.1330,0.0499,0.0867,0.0117,0.0594,0.1031,0.0023,0.1320,0.000,0.000,0.000,0.000,0.000,0.000,0.021,0.154,0.000,0.000,semi-presidential,parliamentary,parliamentary,parliamentary,parliamentary,semi-presidential,semi-presidential,electoral-authoritarian,electoral-authoritarian,parliamentary,0.800,0.800,0.800,0.800,0.800,0.800,0.800,0.500,0.500,0.800,100.0,77.4,71.0,88.6,30.0,89.2,82.0,83.9,98.6,80.7
2027-09-01,1.0032,1.0056,0.9879,0.9832,0.9584,1.1277,1.0093,0.9998,1.0351,1.0035,0.9849,0.9912,1.0843,1.0338,1.0248,0.9835,0.9834,1.2824,1.0562,1.0014,1.0512,1.0103,0.9864,0.9913,3366.26,4983.00,4001.84,2541.01,1934.85,1094.83,201.04,2555.69,1691.74,537.97,1.2011,0.6679,1.0518,1.4252,1.0354,0.5279,1.1941,0.2154,0.2238,0.1554,0.5871,0.6509,0.6228,0.5640,0.6267,0.7268,0.4613,0.6200,0.6480,0.6789,0.0137,0.0116,0.0130,0.0173,0.0172,0.0010,0.0632,0.0014,0.0108,0.0112,0.9799,0.9793,0.9903,0.9787,0.9803,1.0000,0.9682,1.0000,0.9739,1.0000,53.66,187.64,76.58,53.35,62.05,10.34,6.24,243.96,61.36,80.41,0.0000,0.0000,0.0000,0.0000,0.0000,0.0000,0.4596,0.0419,0.0000,0.0000,104304,74663,53998,54750,86225,66964,95775,572442,131417,91336,0,0,0,0,0,0,0,0,0,0,0.0000,0.0000,0.0000,0.0000,0.0000,0.0000,0.1978,0.1978,0.0000,0.0000,0,0,0,0,0,0,0,1,0,0,0,0,0,0,0,0,1,1,0,0,0.1222,0.0718,0.1324,0.0495,0.0863,0.0121,0.0629,0.1021,0.0020,0.1322,0.000,0.000,0.000,0.000,0.000,0.000,0.020,0.154,0.000,0.000,semi-presidential,parliamentary,parliamentary,parliamentary,parliamentary,semi-presidential,semi-presidential,electoral-authoritarian,electoral-authoritarian,parliamentary,0.800,0.800,0.800,0.800,0.800,0.800,0.800,0.500,0.500,0.800,100.0,79.9,75.6,91.7,32.7,92.4,84.4,86.6,100.0,83.3
2027-10-01,1.0047,1.0054,0.9869,0.9837,0.9576,1.1290,1.0102,0.9994,1.0318,1.0017,0.9856,0.9921,1.0849,1.0337,1.0240,1.0376,0.9829,1.1950,1.0114,1.0041,1.0475,1.0070,1.0148,0.9921,3374.35,5002.03,4009.07,2541.55,1936.73,1099.59,200.72,2556.07,1700.39,538.73,1.1978,0.6663,1.0498,1.4248,1.0344,0.5239,1.1966,0.2182,0.2230,0.1408,0.5948,0.6613,0.6261,0.5830,0.6339,0.7239,0.4720,0.6273,0.6481,0.6826,0.0119,0.0127,0.0272,0.0257,0.0160,0.0000,0.0621,0.0013,0.0104,0.0107,0.9799,0.9793,0.9902,0.9786,0.9803,1.0000,0.9684,1.0000,0.9738,1.0000,53.26,184.18,75.60,53.20,59.96,10.39,5.98,240.45,60.23,79.77,0.0000,0.0000,0.0000,0.0000,0.0000,0.0000,0.4594,0.0421,0.0000,0.0000,104304,74663,53998,54750,86225,66964,95775,572442,131417,91336,0,0,0,0,0,0,0,0,0,0,0.0000,0.0000,0.0000,0.0000,0.0000,0.0000,0.2093,0.2093,0.0000,0.0000,0,0,0,0,0,0,0,1,0,0,0,0,0,0,0,0,1,1,0,0,0.1258,0.0721,0.1358,0.0502,0.0892,0.0121,0.0655,0.1034,0.0026,0.1358,0.000,0.000,0.000,0.000,0.000,0.000,0.021,0.155,0.000,0.000,semi-presidential,parliamentary,parliamentary,parliamentary,parliamentary,semi-presidential,semi-presidential,electoral-authoritarian,electoral-authoritarian,parliamentary,0.800,0.800,0.800,0.800,0.800,0.800,0.800,0.500,0.500,0.800,100.0,82.4,77.9,100.0,35.5,95.5,87.4,90.0,100.0,85.9
2027-11-01,1.0057,1.0057,0.9869,0.9871,0.9565,1.1260,1.0079,0.9989,1.0282,1.0017,0.9872,0.9918,1.1036,1.0336,1.0980,1.0504,0.9835,1.1921,1.0091,1.0005,1.0434,1.0071,1.0499,0.9918,3377.03,4991.02,4015.24,2537.61,1939.37,1100.79,200.90,2554.90,1709.46,538.86,1.1964,0.6687,1.0512,1.4266,1.0329,0.5222,1.1958,0.2205,0.2220,0.1263,0.6046,0.6700,0.6252,0.5818,0.6314,0.7260,0.4703,0.5986,0.6572,0.6812,0.0186,0.0178,0.0292,0.0358,0.0228,0.0007,0.0851,0.0014,0.0158,0.0136,0.9802,0.9796,0.9904,0.9790,0.9806,1.0000,0.9683,1.0000,0.9742,1.0000,53.52,181.67,73.75,54.20,60.29,10.25,5.98,242.70,60.40,79.41,0.0000,0.0000,0.0000,0.0000,0.0000,0.0000,0.4594,0.0421,0.0000,0.0000,104304,74663,53998,54750,86225,66964,95775,572442,131417,91336,0,0,0,0,0,0,0,0,0,0,0.0000,0.0000,0.0000,0.0000,0.0000,0.0000,0.2185,0.2185,0.0000,0.0000,0,0,0,0,0,0,0,1,0,0,0,0,0,0,0,0,1,1,0,0,0.1238,0.0707,0.1338,0.0493,0.0877,0.0119,0.0656,0.1057,0.0024,0.1358,0.000,0.000,0.000,0.000,0.000,0.000,0.020,0.155,0.000,0.000,semi-presidential,parliamentary,parliamentary,parliamentary,parliamentary,semi-presidential,semi-presidential,electoral-authoritarian,electoral-authoritarian,parliamentary,0.800,0.800,0.800,0.800,0.800,0.800,0.800,0.538,0.500,0.800,100.0,85.0,79.5,100.0,38.2,30.0,89.8,82.8,100.0,88.5
2027-12-01,1.0060,1.0060,0.9899,0.9904,0.9571,1.1205,1.0048,0.9963,1.0257,1.0010,0.9887,0.9933,1.0852,1.0342,1.1663,1.0574,0.9819,1.1865,1.0061,0.9976,1.0401,1.0055,0.9968,0.9940,3389.91,4996.77,4022.20,2538.00,1947.33,1104.64,200.17,2548.13,1714.95,538.62,1.1916,0.6689,1.0495,1.4291,1.0286,0.5182,1.2003,0.2233,0.2216,0.1118,0.6101,0.6794,0.6283,0.5769,0.6278,0.7238,0.4570,0.6275,0.6492,0.6959,0.0206,0.0198,0.0299,0.0390,0.0247,0.0001,0.0585,0.0011,0.0202,0.0124,0.9799,0.9793,0.9903,0.9786,0.9803,1.0000,0.9685,1.0000,0.9738,1.0000,52.34,176.68,70.87,53.33,58.40,10.07,5.73,235.60,59.48,79.30,0.0000,0.0000,0.0000,0.0000,0.0000,0.0000,0.4594,0.0422,0.0000,0.0000,104304,74663,53998,54750,86225,66964,95775,572442,131417,91336,0,0,0,0,0,0,0,0,0,0,0.0000,0.0000,0.0000,0.0000,0.0000,0.0000,0.2277,0.2277,0.0000,0.0000,0,0,0,0,0,0,0,1,0,0,0,0,0,0,0,0,1,1,0,0,0.1260,0.0766,0.1365,0.0506,0.0896,0.0116,0.0650,0.1031,0.0028,0.1361,0.000,0.000,0.000,0.000,0.000,0.000,0.022,0.156,0.000,0.000,semi-presidential,parliamentary,parliamentary,parliamentary,parliamentary,semi-presidential,semi-presidential,electoral-authoritarian,electoral-authoritarian,parliamentary,0.800,0.800,0.800,0.800,0.800,0.800,0.845,0.529,0.500,0.800,100.0,87.6,81.9,87.8,40.9,33.0,92.2,85.4,100.0,91.2
2028-01-01,1.0051,1.0059,0.9914,0.9926,1.0066,1.1118,1.0035,1.0081,1.0607,0.9987,0.9881,0.9957,1.0827,1.0339,1.0287,1.0258,1.1512,1.1786,1.0047,1.1970,1.5641,1.0037,0.9898,0.9966,3392.65,5016.45,4021.53,2538.31,1949.29,1107.06,200.41,2548.88,1720.66,539.04,1.1905,0.6671,1.0497,1.4285,1.0276,0.5150,1.1989,0.2260,0.2211,0.0973,0.6101,0.6838,0.6199,0.5623,0.6090,0.7233,0.4662,0.6265,0.6480,0.6394,0.0195,0.0109,0.0492,0.0496,0.0608,0.0000,0.0865,0.0224,0.0283,0.0822,0.9802,0.9795,0.9904,0.9790,0.9807,1.0000,0.9691,1.0000,0.9743,1.0000,51.95,177.65,73.97,49.75,57.24,10.14,5.51,233.24,59.22,79.76,0.0000,0.0000,0.0000,0.0000,0.0000,0.0000,0.4594,0.0422,0.0000,0.0000,104304,74663,53998,54750,86225,66964,95775,572442,131417,91336,0,0,0,0,0,0,0,0,0,0,0.0000,0.0000,0.0000,0.0000,0.0000,0.0000,0.2392,0.2392,0.0000,0.0000,0,0,0,0,0,0,0,1,0,0,0,0,0,0,0,0,1,1,0,0,0.1293,0.0822,0.1389,0.0526,0.0980,0.0147,0.0717,0.1027,0.0049,0.1361,0.000,0.000,0.000,0.000,0.000,0.000,0.025,0.156,0.000,0.000,semi-presidential,parliamentary,parliamentary,parliamentary,parliamentary,semi-presidential,semi-presidential,electoral-authoritarian,electoral-authoritarian,parliamentary,0.800,0.800,0.800,0.800,0.800,0.800,0.834,0.517,0.500,0.800,100.0,90.3,84.2,91.0,43.6,36.0,95.1,88.8,100.0,93.7
2028-02-01,1.0032,1.0038,0.9901,0.9936,1.0416,1.0996,1.0040,1.0129,1.0707,0.9973,0.9869,0.9970,1.0806,1.0315,1.0273,1.0289,1.1724,1.1632,1.0667,1.0950,1.1244,1.0029,0.9935,0.9972,3404.64,5051.20,4024.09,2536.16,1955.24,1114.21,199.96,2552.94,1728.20,538.97,1.1863,0.6643,1.0492,1.4294,1.0304,0.5096,1.2015,0.2278,0.2205,0.0829,0.6216,0.7178,0.6267,0.5701,0.6228,0.7266,0.4799,0.6062,0.6433,0.6397,0.0165,0.0110,0.0361,0.0402,0.0441,0.0000,0.0682,0.0038,0.0115,0.0557,0.9805,0.9798,0.9905,0.9794,0.9811,1.0000,0.9694,1.0000,0.9747,1.0000,54.96,197.27,80.35,50.17,61.44,11.94,5.94,239.38,63.63,81.18,0.0000,0.0000,0.0000,0.0000,0.0000,0.0000,0.4595,0.0421,0.0000,0.0000,104304,74663,53998,54750,86225,66964,95775,572442,131417,91336,0,0,0,0,0,0,0,0,0,0,0.0000,0.0000,0.0000,0.0000,0.0000,0.0000,0.2484,0.2484,0.0000,0.0000,0,0,0,0,0,0,0,1,0,0,0,0,0,0,0,0,1,1,0,0,0.1308,0.0881,0.1399,0.0593,0.0989,0.0166,0.0750,0.1024,0.0058,0.1357,0.000,0.000,0.000,0.000,0.000,0.000,0.026,0.156,0.000,0.000,semi-presidential,parliamentary,parliamentary,parliamentary,parliamentary,semi-presidential,semi-presidential,electoral-authoritarian,electoral-authoritarian,parliamentary,0.800,0.800,0.800,0.800,0.800,0.800,0.825,0.508,0.500,0.800,100.0,95.9,86.5,94.2,46.4,39.0,97.6,91.5,100.0,96.2
2028-03-01,1.0015,1.0034,0.9901,0.9965,1.0673,1.0881,1.0053,1.0158,1.0706,0.9988,0.9882,0.9977,1.0760,1.0302,1.0259,1.0427,1.1811,1.1503,1.0221,1.0874,1.0886,1.0045,1.0636,0.9980,3415.72,5051.20,4033.03,2540.01,1965.94,1117.45,200.01,2551.85,1737.62,538.53,1.1825,0.6643,1.0509,1.4269,1.0247,0.5060,1.2010,0.2302,0.2195,0.0685,0.6290,0.7178,0.6391,0.5794,0.6333,0.7331,0.4944,0.6038,0.6375,0.6397,0.0163,0.0115,0.0334,0.0419,0.0388,0.0000,0.0665,0.0023,0.0099,0.0487,0.9811,0.9805,0.9909,0.9800,0.9816,1.0000,0.9692,1.0000,0.9755,1.0000,55.21,197.59,80.37,51.61,61.98,12.31,5.96,240.37,63.73,81.08,0.0000,0.0000,0.0000,0.0000,0.0000,0.0000,0.4580,0.0402,0.0000,0.0000,104304,74663,53998,54750,86225,66964,95775,572442,131417,91336,0,0,0,0,0,0,0,0,0,0,0.0000,0.0000,0.0000,0.0000,0.0000,0.0000,0.2576,0.2576,0.0000,0.0000,0,0,0,0,0,0,0,1,0,0,0,0,0,0,0,0,1,1,0,0,0.1317,0.0890,0.1407,0.0600,0.0997,0.0213,0.0772,0.1033,0.0102,0.1357,0.000,0.000,0.000,0.000,0.000,0.000,0.027,0.156,0.000,0.000,semi-presidential,parliamentary,parliamentary,parliamentary,parliamentary,semi-presidential,semi-presidential,electoral-authoritarian,electoral-authoritarian,parliamentary,0.800,0.800,0.800,0.800,0.800,0.800,0.816,0.500,0.500,0.800,100.0,95.9,88.9,97.5,49.2,42.0,100.0,94.1,100.0,98.7
2028-04-01,1.0014,1.0050,0.9898,1.0001,1.0870,1.0748,1.0053,1.0173,1.0646,0.9972,0.9882,0.9957,1.0793,1.0827,1.0272,1.0511,1.1773,1.1378,1.0307,1.0633,1.0836,1.0025,0.9896,0.9959,3420.03,5077.61,4025.11,2548.58,1971.23,1122.27,199.66,2561.80,1744.72,539.25,1.1810,0.6626,1.0530,1.4220,1.0220,0.5017,1.2031,0.2321,0.2189,0.0540,0.6309,0.7265,0.6288,0.5829,0.6396,0.7416,0.5034,0.6003,0.6660,0.6469,0.0197,0.0179,0.0319,0.0445,0.0379,0.0043,0.0640,0.0017,0.0145,0.0360,0.9364,0.9401,0.9680,0.9422,0.9378,0.9694,0.9604,1.0000,0.9440,1.0000,54.96,196.92,80.69,52.05,62.48,12.55,5.90,240.37,63.45,81.17,0.0000,0.0000,0.0000,0.0000,0.0000,0.0000,0.4594,0.0421,0.0000,0.0000,104304,74663,53998,54750,86225,66964,95775,572442,131417,91336,0,0,0,0,0,0,0,0,0,0,0.0000,0.0000,0.0000,0.0000,0.0000,0.0000,0.2691,0.2691,0.0000,0.0000,0,0,0,0,0,0,0,1,0,0,0,0,0,0,0,0,1,1,0,0,0.1167,0.0783,0.1174,0.0495,0.0829,0.0197,0.0755,0.1054,0.0079,0.1357,0.000,0.000,0.000,0.000,0.000,0.000,0.022,0.155,0.000,0.000,semi-presidential,parliamentary,parliamentary,parliamentary,parliamentary,semi-presidential,semi-presidential,electoral-authoritarian,electoral-authoritarian,parliamentary,0.800,0.800,0.800,0.800,0.800,0.800,0.804,0.500,0.500,0.800,100.0,100.0,91.3,100.0,52.0,45.1,100.0,97.3,100.0,100.0
2028-05-01,0.9993,1.0075,0.9908,1.0009,1.0995,1.0650,1.0035,1.0166,1.0563,0.9954,0.9897,0.9938,1.0758,1.0774,1.1287,1.0405,1.1746,1.1251,1.0048,1.0191,1.0758,1.0013,1.0374,0.9940,3414.29,5088.69,4015.45,2546.71,1974.41,1126.05,199.42,2560.38,1755.88,539.44,1.1830,0.6620,1.0556,1.4229,1.0234,0.4979,1.2045,0.2345,0.2179,0.0396,0.6240,0.7175,0.6220,0.5927,0.6353,0.7325,0.5166,0.5895,0.6867,0.6499,0.0242,0.0191,0.0346,0.0394,0.0388,0.0036,0.0612,0.0015,0.0208,0.0293,0.9431,0.9462,0.9714,0.9480,0.9443,0.9743,0.9618,1.0000,0.9490,1.0000,53.92,197.41,82.99,52.42,62.99,12.51,5.94,236.82,62.95,81.65,0.0000,0.0000,0.0000,0.0000,0.0000,0.0000,0.4584,0.0434,0.0000,0.0000,104304,74663,53998,54750,86225,66964,95775,572442,131417,91336,0,0,0,0,0,0,0,0,0,0,0.0000,0.0000,0.0000,0.0000,0.0000,0.0000,0.2783,0.2783,0.0000,0.0000,0,0,0,0,0,0,0,1,0,0,0,0,0,0,0,0,1,1,0,0,0.1192,0.0795,0.1204,0.0515,0.0848,0.0188,0.0756,0.1034,0.0071,0.1347,0.000,0.000,0.000,0.000,0.000,0.000,0.018,0.156,0.000,0.000,semi-presidential,parliamentary,parliamentary,parliamentary,parliamentary,semi-presidential,semi-presidential,electoral-authoritarian,electoral-authoritarian,parliamentary,0.800,0.800,0.800,0.800,0.800,0.800,0.800,0.500,0.500,0.800,100.0,100.0,93.6,100.0,54.8,48.1,100.0,99.9,100.0,100.0
2028-06-01,0.9996,1.0096,0.9943,1.0017,1.1082,1.0543,1.0016,1.0123,1.0479,0.9932,0.9912,0.9921,1.0820,1.0389,1.1545,1.0375,1.1651,1.1139,1.0031,1.0143,1.0655,0.9989,1.0589,0.9922,3414.10,5100.08,4018.07,2547.00,1979.49,1132.51,199.18,2569.72,1758.90,539.73,1.1831,0.6613,1.0550,1.4228,1.0208,0.4930,1.2060,0.2360,0.2178,0.0252,0.6189,0.7087,0.6219,0.5940,0.3675,0.7400,0.5159,0.5981,0.7037,0.6534,0.0216,0.0154,0.0320,0.0335,0.0324,0.0000,0.0628,0.0016,0.0187,0.0242,0.9793,0.9786,0.9900,0.9780,0.9797,1.0000,0.9692,1.0000,0.9730,1.0000,54.33,194.92,80.59,52.37,63.52,12.03,5.93,242.02,63.19,81.13,0.0000,0.0000,0.0000,0.0000,0.0000,0.0000,0.4584,0.0436,0.0000,0.0000,104304,74663,53998,54750,86225,66964,95775,572442,131417,91336,0,0,0,0,0,0,0,0,0,0,0.0000,0.0000,0.0000,0.0000,0.0000,0.0000,0.2875,0.2875,0.0000,0.0000,0,0,0,0,0,0,0,1,0,0,0,0,0,0,0,0,1,1,0,0,0.1044,0.0715,0.1045,0.0437,0.0735,0.0170,0.0741,0.1057,0.0057,0.1348,0.000,0.000,0.000,0.000,0.000,0.000,0.018,0.157,0.000,0.000,semi-presidential,parliamentary,parliamentary,parliamentary,parliamentary,semi-presidential,semi-presidential,electoral-authoritarian,electoral-authoritarian,parliamentary,0.800,0.800,0.800,0.800,0.009,0.800,0.800,0.500,0.500,0.800,100.0,100.0,95.9,100.0,56.5,51.2,100.0,100.0,100.0,100.0
2028-07-01,0.9995,1.0091,0.9958,1.0032,1.1119,1.0466,0.9997,1.0077,1.0400,0.9912,1.0202,1.0047,1.0778,1.0383,1.1146,1.0409,1.1425,1.1059,1.0011,1.0101,1.0572,0.9968,1.5687,1.0060,3417.56,5118.19,4029.74,2558.81,1987.56,1139.81,199.12,2577.46,1766.67,539.71,1.1820,0.6599,1.0520,1.4163,1.0171,0.4867,1.2064,0.2381,0.2171,0.0108,0.6118,0.7217,0.6238,0.6100,0.4393,0.7593,0.5172,0.6144,0.6972,0.6480,0.0310,0.0142,0.0448,0.0288,0.0329,0.0000,0.0763,0.0047,0.0158,0.0364,0.9793,0.9787,0.9900,0.9780,0.9798,1.0000,0.9694,1.0000,0.9731,1.0000,52.65,190.34,77.77,51.20,61.44,11.72,5.74,235.60,61.85,80.74,0.0000,0.0000,0.0000,0.0000,0.0000,0.0000,0.4584,0.0435,0.0000,0.0000,104304,74663,53998,54750,86225,66964,95775,572442,131417,91336,0,0,0,0,0,0,0,0,0,0,0.0000,0.0000,0.0000,0.0000,0.0000,0.0000,0.2990,0.2990,0.0000,0.0000,0,0,0,0,0,0,0,1,0,0,0,0,0,0,0,0,1,1,0,0,0.1424,0.0915,0.1455,0.0642,0.1045,0.0241,0.0830,0.1094,0.0138,0.1359,0.000,0.000,0.000,0.000,0.000,0.000,0.030,0.150,0.000,0.000,semi-presidential,parliamentary,parliamentary,parliamentary,parliamentary,semi-presidential,semi-presidential,electoral-authoritarian,electoral-authoritarian,parliamentary,0.800,0.800,0.800,0.800,0.019,0.800,0.800,0.500,0.500,0.800,100.0,100.0,98.2,100.0,58.8,55.9,100.0,100.0,100.0,100.0
2028-08-01,0.9994,1.0081,0.9990,1.0048,1.1111,1.0406,0.9995,1.0047,1.0338,0.9893,1.0418,1.0087,1.0811,1.0373,1.1038,1.0496,1.1354,1.0978,1.0120,1.0063,1.0494,0.9944,1.5504,1.0090,3436.74,5143.59,4038.55,2562.87,1995.67,1146.47,199.65,2580.24,1773.54,539.50,1.1755,0.6573,1.0498,1.4140,1.0133,0.4818,1.2034,0.2401,0.2165,-0.0036,0.6182,0.7226,0.6359,0.6270,0.4939,0.7622,0.5151,0.6112,0.7244,0.6556,0.0293,0.0146,0.0422,0.0310,0.0299,0.0000,0.0777,0.0041,0.0146,0.0325,0.9795,0.9788,0.9901,0.9783,0.9801,1.0000,0.9698,1.0000,0.9734,1.0000,53.32,189.89,77.01,53.02,62.26,11.48,5.74,240.57,62.26,80.27,0.0000,0.0000,0.0000,0.0000,0.0000,0.0000,0.4583,0.0436,0.0000,0.0000,104304,74663,53998,54750,86225,66964,95775,572442,131417,91336,0,0,0,0,0,0,0,0,0,0,0.0000,0.0000,0.0000,0.0000,0.0000,0.0000,0.3082,0.3082,0.0000,0.0000,0,0,0,0,0,0,0,1,0,0,0,0,0,0,0,0,1,1,0,0,0.1460,0.0939,0.1494,0.0674,0.1081,0.0265,0.0830,0.1140,0.0166,0.1356,0.000,0.000,0.000,0.000,0.000,0.000,0.032,0.147,0.000,0.000,semi-presidential,parliamentary,parliamentary,parliamentary,parliamentary,semi-presidential,semi-presidential,electoral-authoritarian,electoral-authoritarian,parliamentary,0.800,0.800,0.800,0.800,0.029,0.800,0.800,0.500,0.500,0.800,100.0,100.0,100.0,100.0,61.4,59.1,100.0,100.0,100.0,100.0
2028-09-01,0.9987,1.0061,1.0001,1.0075,1.1072,1.0369,0.9999,1.0036,1.0281,0.9866,1.0575,1.0107,1.0771,1.0344,1.0389,1.0425,1.1322,1.0938,1.0012,1.0051,1.0439,0.9917,1.4345,1.0111,3442.51,5156.26,4049.96,2569.39,2008.61,1153.75,200.03,2582.08,1783.68,540.13,1.1735,0.6578,1.0469,1.4104,1.0070,0.4767,1.2064,0.2428,0.2155,-0.0180,0.6320,0.7422,0.6452,0.6351,0.5550,0.7680,0.5273,0.6192,0.7402,0.6588,0.0208,0.0111,0.0321,0.0233,0.0220,0.0000,0.0696,0.0029,0.0103,0.0249,0.9800,0.9793,0.9904,0.9789,0.9807,1.0000,0.9704,1.0000,0.9741,1.0000,51.96,190.73,78.16,51.77,61.51,11.53,5.67,234.96,61.54,80.56,0.0000,0.0000,0.0000,0.0000,0.0000,0.0000,0.4584,0.0435,0.0000,0.0000,104304,74663,53998,54750,86225,66964,95775,572442,131417,91336,0,0,0,0,0,0,0,0,0,0,0.0000,0.0000,0.0000,0.0000,0.0000,0.0000,0.3197,0.2897,0.0000,0.0000,0,0,0,0,0,0,0,1,0,0,0,0,0,0,0,0,1,1,0,0,0.1474,0.0959,0.1511,0.0691,0.1097,0.0273,0.0798,0.1118,0.0180,0.1356,0.000,0.000,0.000,0.000,0.000,0.000,0.031,0.146,0.000,0.000,semi-presidential,parliamentary,parliamentary,parliamentary,parliamentary,semi-presidential,semi-presidential,electoral-authoritarian,electoral-authoritarian,parliamentary,0.800,0.800,0.800,0.800,0.038,0.800,0.800,0.500,0.500,0.800,100.0,100.0,100.0,100.0,64.4,62.3,100.0,100.0,100.0,100.0
2028-10-01,0.9991,1.0041,0.9997,1.0079,1.1004,1.0318,0.9988,1.0011,1.0225,0.9862,1.0666,1.0133,1.0811,1.0327,1.0380,1.0414,1.1245,1.0872,0.9999,1.0031,1.0384,0.9987,1.2654,1.0136,3475.30,5166.44,4066.91,2578.25,2021.79,1159.56,199.96,2590.98,1793.82,540.29,1.1675,0.6569,1.0425,1.4056,1.0006,0.4723,1.2069,0.2443,0.2146,-0.0323,0.6586,0.7484,0.6724,0.6472,0.5922,0.7698,0.5269,0.6309,0.7210,0.6628,0.0165,0.0112,0.0256,0.0228,0.0189,0.0000,0.0666,0.0020,0.0106,0.0172,0.9797,0.9790,0.9902,0.9785,0.9803,1.0000,0.9698,1.0000,0.9737,1.0000,53.24,191.71,79.35,52.39,63.38,11.27,5.79,242.94,62.74,80.42,0.0000,0.0000,0.0000,0.0000,0.0000,0.0000,0.4580,0.0432,0.0000,0.0000,104304,74663,53998,54750,86225,66964,95775,572442,131417,91336,0,0,0,0,0,0,0,0,0,0,0.0000,0.0000,0.0000,0.0000,0.0000,0.0000,0.3289,0.2989,0.0000,0.0000,0,0,0,0,0,0,0,1,0,0,0,0,0,0,0,0,1,1,0,0,0.1487,0.0975,0.1530,0.0709,0.1115,0.0279,0.0762,0.1156,0.0231,0.1353,0.000,0.000,0.000,0.000,0.000,0.000,0.030,0.145,0.000,0.000,semi-presidential,parliamentary,parliamentary,parliamentary,parliamentary,semi-presidential,semi-presidential,electoral-authoritarian,electoral-authoritarian,parliamentary,0.811,0.800,0.800,0.800,0.048,0.800,0.800,0.500,0.500,0.800,100.0,100.0,100.0,100.0,67.5,65.6,100.0,100.0,100.0,100.0
2028-11-01,1.0008,1.0029,1.0009,1.0094,1.0926,1.0296,1.0011,1.0015,1.0174,0.9883,1.0677,1.0133,1.0780,1.0302,1.1278,1.0466,1.1169,1.0835,1.0820,1.0029,1.0314,1.0510,1.0699,1.0136,3483.36,5187.97,4084.56,2588.66,2032.94,1166.56,199.67,2601.87,1806.92,540.85,1.1649,0.6582,1.0377,1.3999,0.9952,0.4674,1.2089,0.2455,0.2133,-0.0467,0.6586,0.7670,0.6804,0.6546,0.6346,0.7697,0.5223,0.6396,0.7120,0.6701,0.0191,0.0141,0.0273,0.0288,0.0223,0.0000,0.0611,0.0019,0.0149,0.0131,0.9809,0.9801,0.9908,0.9797,0.9815,1.0000,0.9704,1.0000,0.9752,1.0000,52.28,188.75,78.01,52.26,62.32,11.31,5.56,238.51,61.61,80.35,0.0000,0.0000,0.0000,0.0000,0.0000,0.0000,0.4555,0.0413,0.0000,0.0000,104304,74663,53998,54750,86225,66964,95775,572442,131417,91336,0,0,0,0,0,0,0,0,0,0,0.0000,0.0000,0.0000,0.0000,0.0000,0.0000,0.3381,0.3081,0.0000,0.0000,0,0,0,0,0,0,0,1,0,0,0,0,0,0,0,0,1,1,0,0,0.1319,0.0888,0.1350,0.0627,0.0986,0.0264,0.0738,0.1132,0.0205,0.1355,0.000,0.000,0.000,0.000,0.000,0.000,0.028,0.145,0.000,0.000,semi-presidential,parliamentary,parliamentary,parliamentary,parliamentary,semi-presidential,semi-presidential,electoral-authoritarian,electoral-authoritarian,parliamentary,0.801,0.800,0.800,0.800,0.058,0.800,0.800,0.500,0.500,0.800,100.0,97.0,100.0,100.0,70.9,68.8,100.0,100.0,100.0,100.0
2028-12-01,1.0012,1.0013,1.0035,1.0087,1.0863,1.0275,1.0042,1.0002,1.0124,0.9927,1.0671,1.0132,1.0795,1.0291,1.1134,1.0272,1.1107,1.0818,1.1156,1.0020,1.0267,1.0444,1.0695,1.0132,3505.07,5204.29,4094.29,2593.24,2050.39,1173.17,199.44,2608.96,1815.22,541.45,1.1577,0.6560,1.0351,1.3976,0.9868,0.4627,1.2105,0.2477,0.2126,-0.0610,0.6615,0.7611,0.6900,0.6621,0.6182,0.7656,0.5152,0.6627,0.7123,0.6757,0.0190,0.0121,0.0272,0.0196,0.0220,0.0000,0.0638,0.0020,0.0137,0.0141,0.9803,0.9797,0.9905,0.9791,0.9808,1.0000,0.9692,1.0000,0.9745,1.0000,52.75,191.03,81.07,54.56,64.33,11.19,5.67,243.61,62.65,80.70,0.0000,0.0000,0.0000,0.0000,0.0000,0.0000,0.4563,0.0415,0.0000,0.0000,104304,74663,53998,54750,86225,66964,95775,572442,131417,91336,0,0,0,0,0,0,0,0,0,0,0.0000,0.0000,0.0000,0.0000,0.0000,0.0000,0.3496,0.3196,0.0000,0.0000,0,0,0,0,0,0,0,1,0,0,0,0,0,0,0,0,1,1,0,0,0.1422,0.0950,0.1478,0.0698,0.1067,0.0327,0.0819,0.1151,0.0277,0.1315,0.000,0.000,0.000,0.000,0.000,0.000,0.029,0.146,0.000,0.000,semi-presidential,parliamentary,parliamentary,parliamentary,parliamentary,semi-presidential,semi-presidential,electoral-authoritarian,electoral-authoritarian,parliamentary,0.800,0.800,0.800,0.800,0.074,0.800,0.800,0.500,0.500,0.800,100.0,100.0,100.0,100.0,76.2,72.0,100.0,100.0,100.0,100.0
2029-01-01,1.0037,1.0012,1.0028,1.0071,1.0785,1.0237,1.0072,1.0001,1.0079,0.9957,1.0649,1.0107,1.0829,1.0291,1.0396,1.0192,1.1027,1.0770,1.0542,1.0051,1.0219,1.0424,1.0678,1.0112,3513.78,5213.74,4096.29,2597.36,2046.92,1178.97,199.13,2609.49,1821.54,542.05,1.1549,0.6544,1.0348,1.4004,0.9886,0.4583,1.2126,0.2519,0.2121,-0.0752,0.6561,0.7472,0.6761,0.6650,0.6146,0.7664,0.5142,0.6632,0.7152,0.6759,0.0122,0.0097,0.0177,0.0148,0.0158,0.0000,0.0623,0.0017,0.0103,0.0104,0.9803,0.9797,0.9905,0.9790,0.9806,1.0000,0.9690,1.0000,0.9743,1.0000,52.92,190.56,80.50,54.79,64.58,11.13,5.66,245.22,63.16,80.82,0.0000,0.0000,0.0000,0.0000,0.0000,0.0000,0.4561,0.0414,0.0000,0.0000,104304,74663,53998,54750,86225,66964,95775,572442,131417,91336,0,0,0,0,0,0,0,0,0,0,0.0000,0.0000,0.0000,0.0000,0.0000,0.0000,0.3588,0.3288,0.0000,0.0000,0,0,0,0,0,0,0,1,0,0,0,0,0,0,0,0,1,1,0,0,0.1224,0.0840,0.1257,0.0591,0.0908,0.0283,0.0725,0.1193,0.0229,0.1325,0.000,0.000,0.000,0.000,0.000,0.000,0.024,0.137,0.000,0.000,semi-presidential,parliamentary,parliamentary,parliamentary,parliamentary,semi-presidential,semi-presidential,electoral-authoritarian,electoral-authoritarian,parliamentary,0.800,0.800,0.800,0.800,0.084,0.800,0.800,0.500,0.500,0.800,100.0,100.0,100.0,100.0,79.5,75.3,100.0,100.0,100.0,100.0
2029-02-01,1.0079,0.9999,1.0025,1.0075,1.0689,1.0182,1.0065,0.9993,1.0044,1.0007,1.0617,1.0065,1.2002,1.0276,1.0392,1.0390,1.0941,1.0718,1.0078,1.0047,1.0175,1.0507,1.0642,1.0066,3513.41,5227.50,4087.19,2598.34,2054.58,1182.68,199.41,2611.69,1824.88,543.40,1.1571,0.6521,1.0373,1.4000,0.9849,0.4557,1.2111,0.2540,0.2120,-0.0894,0.6530,0.7272,0.6399,0.6475,0.5782,0.7659,0.4962,0.6739,0.7134,0.6860,0.0182,0.0177,0.0205,0.0296,0.0222,0.0056,0.0847,0.0013,0.0142,0.0086,0.9804,0.9798,0.9905,0.9793,0.9810,1.0000,0.9694,1.0000,0.9746,1.0000,51.84,186.63,76.53,52.87,62.81,11.01,5.55,240.94,62.38,79.78,0.0000,0.0000,0.0000,0.0000,0.0000,0.0000,0.4562,0.0413,0.0000,0.0000,104304,74663,53998,54750,86225,66964,95775,572442,131417,91336,0,0,0,0,0,0,0,0,0,0,0.0000,0.0000,0.0000,0.0000,0.0000,0.0000,0.3680,0.3380,0.0000,0.0000,0,0,0,0,0,0,0,1,0,0,0,0,0,0,0,0,1,1,0,0,0.1089,0.0753,0.1103,0.0496,0.0798,0.0246,0.0691,0.1173,0.0188,0.1357,0.000,0.000,0.000,0.000,0.000,0.000,0.018,0.141,0.000,0.000,semi-presidential,parliamentary,parliamentary,parliamentary,parliamentary,semi-presidential,semi-presidential,electoral-authoritarian,electoral-authoritarian,parliamentary,0.800,0.800,0.800,0.800,0.094,0.800,0.800,0.500,0.500,0.800,100.0,100.0,100.0,100.0,82.5,77.0,100.0,100.0,100.0,100.0
2029-03-01,1.0111,1.0056,1.0030,1.0063,1.0709,1.0123,1.0049,0.9993,1.0017,1.0053,1.0555,1.0033,1.0908,1.3609,1.0593,1.0102,1.1540,1.0658,1.0065,1.0002,1.0148,1.0402,1.0581,1.0033,3505.61,5226.58,4080.70,2604.42,2051.52,1183.88,196.95,2616.88,1837.23,544.08,1.1599,0.6518,1.0392,1.3968,0.9895,0.4532,1.2264,0.2557,0.2108,-0.1037,0.6090,0.7040,0.6135,0.6306,0.5621,0.7614,0.4886,0.6672,0.6951,0.6645,0.0493,0.0457,0.0346,0.0622,0.0673,0.0303,0.0638,0.0013,0.0457,0.0297,0.7137,0.7291,0.8570,0.7317,0.7147,0.7837,0.9419,1.0000,0.7275,1.0000,51.12,184.90,76.18,51.84,63.10,10.38,5.47,238.07,60.93,76.17,0.0000,0.0000,0.0000,0.0000,0.0000,0.0000,0.4568,0.0415,0.0000,0.0000,104304,74663,53998,54750,86225,66964,95775,572442,131417,91336,0,0,0,0,0,0,0,0,0,0,0.0000,0.0000,0.0000,0.0000,0.0000,0.0000,0.3772,0.3472,0.0000,0.0000,0,0,0,0,0,0,0,1,0,0,0,0,0,0,0,0,1,1,0,0,0.1250,0.0824,0.1277,0.0574,0.0908,0.0257,0.0835,0.1193,0.0202,0.1324,0.000,0.000,0.000,0.000,0.000,0.000,0.014,0.144,0.000,0.000,semi-presidential,parliamentary,parliamentary,parliamentary,parliamentary,semi-presidential,semi-presidential,electoral-authoritarian,electoral-authoritarian,parliamentary,0.800,0.800,0.800,0.800,0.103,0.800,0.800,0.500,0.500,0.800,100.0,30.0,100.0,100.0,85.5,80.2,100.0,100.0,100.0,100.0
2029-04-01,1.0126,1.0181,1.0058,1.0045,1.1160,1.0067,1.0022,1.0056,1.0009,1.0101,1.0509,1.0031,1.0911,1.2760,1.0551,1.0047,1.2518,1.0583,1.0039,1.1299,1.0206,1.0418,1.0537,1.0033,3501.54,5230.12,4093.19,2615.55,2058.41,1189.70,196.65,2627.75,1853.32,542.07,1.1612,0.6508,1.0364,1.3910,0.9861,0.4489,1.2286,0.2575,0.2092,-0.1186,0.5977,0.6967,0.6036,0.6155,0.5314,0.7515,0.4913,0.6441,0.6890,0.6386,0.0435,0.0343,0.0378,0.0570,0.0695,0.0204,0.0689,0.0026,0.0340,0.0547,0.7943,0.8066,0.8975,0.8097,0.7953,0.8541,0.9482,1.0000,0.8106,1.0000,51.58,189.37,79.73,54.20,63.85,10.94,5.40,241.56,62.85,79.50,0.0000,0.0000,0.0000,0.0000,0.0000,0.0000,0.4574,0.0416,0.0000,0.0000,104304,74663,53998,54750,86225,66964,95775,572442,131417,91336,0,0,0,0,0,0,0,0,0,0,0.0000,0.0000,0.0000,0.0000,0.0000,0.0000,0.3887,0.3587,0.0000,0.0000,0,0,0,0,0,0,0,1,0,0,0,0,0,0,0,0,1,1,0,0,0.1406,0.0906,0.1451,0.0656,0.1027,0.0282,0.0896,0.1212,0.0227,0.1336,0.000,0.000,0.000,0.000,0.000,0.000,0.011,0.144,0.000,0.000,semi-presidential,parliamentary,parliamentary,parliamentary,parliamentary,semi-presidential,semi-presidential,electoral-authoritarian,electoral-authoritarian,parliamentary,0.800,0.800,0.800,0.800,0.113,0.800,0.800,0.500,0.500,0.800,100.0,32.9,100.0,100.0,88.4,83.4,100.0,100.0,100.0,100.0
2029-05-01,1.0133,1.0253,1.0062,1.0033,1.1442,1.0031,1.0003,1.0049,1.0011,1.0155,1.0470,1.0050,1.0925,1.2254,1.0432,1.0356,1.2540,1.0546,1.0016,1.0065,1.0137,1.0443,1.0504,1.0055,3510.64,5249.96,4118.53,2620.66,2065.61,1191.20,196.97,2637.04,1864.27,541.80,1.1578,0.6478,1.0304,1.3884,0.9827,0.4463,1.2268,0.2588,0.2133,-0.1332,0.6049,0.7072,0.6324,0.6258,0.5575,0.7477,0.5083,0.6290,0.7074,0.6383,0.0303,0.0286,0.0349,0.0491,0.0525,0.0149,0.0616,0.0012,0.0291,0.0378,0.8394,0.8499,0.9199,0.8533,0.8404,0.8935,0.9512,1.0000,0.8571,1.0000,52.41,189.94,79.95,54.03,63.97,11.13,5.37,245.66,64.13,80.77,0.0000,0.0000,0.0000,0.0000,0.0000,0.0000,0.4578,0.0417,0.0000,0.0000,104304,74663,53998,54750,86225,66964,95775,572442,131417,91336,0,0,0,0,0,0,0,0,0,0,0.0000,0.0000,0.0000,0.0000,0.0000,0.0000,0.3979,0.3679,0.0000,0.0000,0,0,0,0,0,0,0,1,0,0,0,0,0,0,0,0,1,1,0,0,0.1426,0.0913,0.1462,0.0657,0.1039,0.0293,0.0921,0.1226,0.0237,0.1356,0.000,0.000,0.000,0.000,0.000,0.000,0.008,0.143,0.000,0.000,semi-presidential,parliamentary,parliamentary,parliamentary,parliamentary,semi-presidential,semi-presidential,electoral-authoritarian,electoral-authoritarian,parliamentary,0.800,0.800,0.800,0.800,0.123,0.800,0.800,0.500,0.500,0.800,100.0,35.8,100.0,100.0,91.3,86.5,100.0,100.0,100.0,100.0
2029-06-01,1.0130,1.0330,1.0069,1.0026,1.1643,1.0016,0.9990,1.0035,1.0012,1.0221,1.0395,1.0056,1.0908,1.2325,1.1318,1.0384,1.2491,1.0527,1.0020,1.0230,1.0139,1.0540,1.0422,1.0056,3531.41,5260.20,4118.65,2626.49,2073.96,1195.94,197.56,2647.07,1866.23,542.48,1.1507,0.6461,1.0306,1.3854,0.9788,0.4425,1.2232,0.2605,0.2171,-0.1476,0.6170,0.7123,0.6387,0.6229,0.5369,0.7504,0.5204,0.6320,0.6750,0.6505,0.0368,0.0305,0.0403,0.0481,0.0536,0.0146,0.0616,0.0013,0.0361,0.0317,0.8417,0.8521,0.9212,0.8555,0.8427,0.8955,0.9529,1.0000,0.8593,1.0000,52.35,190.29,80.32,54.68,64.05,11.05,5.40,244.26,64.18,81.06,0.0000,0.0000,0.0000,0.0000,0.0000,0.0000,0.4584,0.0418,0.0000,0.0000,104304,74663,53998,54750,86225,66964,95775,572442,131417,91336,0,0,0,0,0,0,0,0,0,0,0.0000,0.0000,0.0000,0.0000,0.0000,0.0000,0.4094,0.3794,0.0000,0.0000,0,0,0,0,0,0,0,1,0,0,0,0,0,0,0,0,1,1,0,0,0.1432,0.0919,0.1466,0.0668,0.1048,0.0299,0.0940,0.1232,0.0242,0.1355,0.000,0.000,0.000,0.000,0.000,0.000,0.004,0.142,0.000,0.000,semi-presidential,parliamentary,parliamentary,parliamentary,parliamentary,semi-presidential,semi-presidential,electoral-authoritarian,electoral-authoritarian,parliamentary,0.800,0.800,0.800,0.800,0.173,0.800,0.800,0.500,0.500,0.800,100.0,38.8,100.0,100.0,84.1,89.7,100.0,100.0,100.0,100.0
2029-07-01,1.0114,1.0376,1.0078,1.0014,1.1732,1.0026,0.9972,1.0028,1.0006,1.0266,1.0311,1.0064,1.0864,1.1108,1.0602,1.0156,1.2130,1.0538,0.9990,1.0045,1.0135,1.0470,1.0341,1.0066,3553.73,5271.52,4147.12,2638.95,2082.44,1201.43,197.82,2654.81,1878.04,543.32,1.1432,0.6445,1.0239,1.3789,0.9747,0.4383,1.2213,0.2619,0.2160,-0.1620,0.6256,0.7185,0.6705,0.6323,0.5597,0.7525,0.5464,0.6491,0.6821,0.6611,0.0168,0.0148,0.0211,0.0222,0.0239,0.0036,0.0555,0.0011,0.0142,0.0131,0.9426,0.9451,0.9715,0.9475,0.9444,0.9741,0.9653,1.0000,0.9482,1.0000,52.06,189.96,79.28,55.29,63.84,11.22,5.48,243.22,64.47,82.84,0.0000,0.0000,0.0000,0.0000,0.0000,0.0000,0.4588,0.0421,0.0000,0.0000,104304,74663,53998,54750,86225,66964,95775,572442,131417,91336,0,0,0,0,0,0,0,0,0,0,0.0000,0.0000,0.0000,0.0000,0.0000,0.0000,0.4186,0.3886,0.0000,0.0000,0,0,0,0,0,0,0,1,0,0,0,0,0,0,0,0,1,1,0,0,0.1439,0.0985,0.1476,0.0676,0.1058,0.0305,0.0950,0.1218,0.0249,0.1364,0.000,0.000,0.000,0.000,0.000,0.000,0.001,0.141,0.000,0.000,semi-presidential,parliamentary,parliamentary,parliamentary,parliamentary,semi-presidential,semi-presidential,electoral-authoritarian,electoral-authoritarian,parliamentary,0.800,0.800,0.800,0.800,0.183,0.800,0.800,0.500,0.500,0.800,100.0,41.8,100.0,100.0,86.9,92.8,100.0,100.0,100.0,100.0
2029-08-01,1.0075,1.0390,1.0066,1.0003,1.1765,1.0041,0.9969,1.0012,1.0021,1.0283,1.0257,1.0081,1.0831,1.0701,1.0449,1.0090,1.2103,1.0556,1.0087,1.0028,1.0151,1.0381,1.0278,1.0083,3563.46,5286.29,4149.46,2644.64,2093.72,1204.84,198.40,2663.15,1891.73,544.04,1.1400,0.6425,1.0234,1.3759,0.9695,0.4350,1.2175,0.2633,0.2147,-0.1764,0.6415,0.7394,0.6746,0.6478,0.5674,0.7526,0.5550,0.6297,0.7036,0.6717,0.0111,0.0098,0.0145,0.0162,0.0171,0.0000,0.0531,0.0011,0.0104,0.0113,0.9784,0.9778,0.9897,0.9772,0.9788,1.0000,0.9716,1.0000,0.9723,1.0000,51.87,189.64,79.17,54.67,62.85,11.14,5.71,241.14,64.55,82.74,0.0000,0.0000,0.0000,0.0000,0.0000,0.0000,0.4588,0.0428,0.0000,0.0000,104304,74663,53998,54750,86225,66964,95775,572442,131417,91336,0,0,0,0,0,0,0,0,0,0,0.0000,0.0000,0.0000,0.0000,0.0000,0.0000,0.4278,0.3978,0.0000,0.0000,0,0,0,0,0,0,0,1,0,0,0,0,0,0,0,0,1,1,0,0,0.1451,0.0995,0.1490,0.0686,0.1066,0.0352,0.0963,0.1205,0.0261,0.1364,0.000,0.000,0.000,0.000,0.000,0.000,0.000,0.140,0.000,0.000,semi-presidential,parliamentary,parliamentary,parliamentary,parliamentary,semi-presidential,semi-presidential,electoral-authoritarian,electoral-authoritarian,parliamentary,0.800,0.800,0.800,0.800,0.193,0.800,0.800,0.500,0.500,0.800,100.0,44.9,100.0,100.0,89.8,96.0,100.0,100.0,100.0,100.0
2029-09-01,1.0056,1.0395,1.0053,0.9997,1.1745,1.0059,0.9970,1.0003,1.0028,1.0269,1.0211,1.0069,1.0867,1.0708,1.0437,1.0083,1.1988,1.0636,1.0067,1.0035,1.0514,1.0352,1.0237,1.0071,3568.47,5301.01,4155.72,2646.96,2100.17,1211.13,198.95,2677.35,1907.46,545.54,1.1384,0.6406,1.0221,1.3748,0.9665,0.4306,1.2138,0.2677,0.2132,-0.1973,0.6515,0.7454,0.6826,0.6567,0.5951,0.7590,0.5560,0.6397,0.7212,0.6891,0.0116,0.0103,0.0148,0.0155,0.0163,0.0001,0.0595,0.0025,0.0120,0.0094,0.9783,0.9778,0.9896,0.9770,0.9785,1.0000,0.9712,1.0000,0.9720,1.0000,53.74,191.82,79.73,56.12,65.56,11.01,5.81,252.92,66.75,82.65,0.0000,0.0000,0.0000,0.0000,0.0000,0.0000,0.4587,0.0432,0.0000,0.0000,104304,74663,53998,54750,86225,66964,95775,572442,131417,91336,0,0,0,0,0,0,0,0,0,0,0.0000,0.0000,0.0000,0.0000,0.0000,0.0000,0.4393,0.4093,0.0000,0.0000,0,0,0,0,0,0,0,1,0,0,0,0,0,0,0,0,1,1,0,0,0.1257,0.0887,0.1281,0.0588,0.0920,0.0310,0.0855,0.1217,0.0221,0.1360,0.000,0.000,0.000,0.000,0.000,0.000,0.000,0.142,0.000,0.000,semi-presidential,parliamentary,parliamentary,parliamentary,parliamentary,semi-presidential,semi-presidential,electoral-authoritarian,electoral-authoritarian,parliamentary,0.800,0.800,0.800,0.800,0.203,0.800,0.800,0.500,0.500,0.800,100.0,48.1,100.0,100.0,92.8,99.2,100.0,100.0,100.0,100.0
2029-10-01,1.0055,1.0373,1.0060,0.9990,1.1684,1.0048,0.9985,1.0003,1.0046,1.0245,1.0166,1.0049,1.0851,1.0674,1.0444,1.0077,1.1918,1.0570,1.0636,1.0020,1.0418,1.0323,1.0194,1.0052,3575.66,5318.02,4153.44,2652.35,2100.01,1217.31,199.35,2689.12,1917.37,546.78,1.1361,0.6386,1.0228,1.3721,0.9666,0.4263,1.2113,0.2688,0.2124,-0.2036,0.6501,0.7407,0.6724,0.6577,0.5905,0.7644,0.5472,0.6353,0.7404,0.6896,0.0129,0.0100,0.0162,0.0150,0.0167,0.0000,0.0591,0.0024,0.0114,0.0113,0.9794,0.9787,0.9902,0.9782,0.9800,1.0000,0.9728,1.0000,0.9735,1.0000,53.14,191.70,79.40,55.19,64.56,11.15,5.71,248.08,66.11,82.87,0.0000,0.0000,0.0000,0.0000,0.0000,0.0000,0.4586,0.0433,0.0000,0.0000,104304,74663,53998,54750,86225,66964,95775,572442,131417,91336,0,0,0,0,0,0,0,0,0,0,0.0000,0.0000,0.0000,0.0000,0.0000,0.0000,0.4485,0.4185,0.0000,0.0000,0,0,0,0,0,0,0,1,0,0,0,0,0,0,0,0,1,1,0,0,0.1259,0.0884,0.1282,0.0584,0.0920,0.0301,0.0828,0.1185,0.0213,0.1364,0.000,0.000,0.000,0.000,0.000,0.000,0.000,0.143,0.000,0.000,semi-presidential,parliamentary,parliamentary,parliamentary,parliamentary,semi-presidential,semi-presidential,electoral-authoritarian,electoral-authoritarian,parliamentary,0.800,0.800,0.800,0.800,0.212,0.800,0.800,0.500,0.500,0.800,100.0,51.2,100.0,100.0,95.8,100.0,100.0,100.0,100.0,30.0
2029-11-01,1.0048,1.0341,1.0059,0.9971,1.1602,1.0014,0.9999,0.9990,1.0058,1.0216,1.0097,1.0022,1.0838,1.0647,1.0910,1.0062,1.1849,1.0540,1.0012,1.0007,1.0192,1.0291,1.0120,1.0023,3578.84,5319.30,4148.15,2655.42,2106.78,1221.84,198.98,2690.90,1927.53,546.90,1.1354,0.6385,1.0243,1.3705,0.9635,0.4226,1.2135,0.2710,0.2115,-0.2183,0.6345,0.7428,0.6617,0.6508,0.5621,0.7680,0.5383,0.6493,0.7227,0.6907,0.0141,0.0115,0.0167,0.0180,0.0179,0.0000,0.0556,0.0011,0.0122,0.0086,0.9791,0.9785,0.9900,0.9780,0.9797,1.0000,0.9723,1.0000,0.9732,1.0000,53.02,190.91,78.42,54.90,64.41,11.06,5.68,247.40,66.19,82.65,0.0000,0.0000,0.0000,0.0000,0.0000,0.0000,0.4586,0.0433,0.0000,0.0000,104304,74663,53998,54750,86225,66964,95775,572442,131417,91336,0,0,0,0,0,0,0,0,0,0,0.0000,0.0000,0.0000,0.0000,0.0000,0.0000,0.4577,0.4277,0.0000,0.0000,0,0,0,0,0,0,0,1,0,0,0,0,0,0,0,0,1,1,0,0,0.1147,0.0821,0.1171,0.0574,0.0833,0.0264,0.0717,0.1173,0.0180,0.1350,0.000,0.000,0.000,0.000,0.000,0.000,0.000,0.142,0.000,0.000,semi-presidential,parliamentary,parliamentary,parliamentary,parliamentary,semi-presidential,semi-presidential,electoral-authoritarian,electoral-authoritarian,parliamentary,0.800,0.800,0.800,0.800,0.222,0.800,0.800,0.500,0.500,0.800,100.0,54.3,100.0,100.0,98.6,100.0,100.0,100.0,100.0,32.8
2029-12-01,1.0057,1.0317,1.0071,0.9958,1.1489,0.9964,0.9985,0.9966,1.0054,1.0179,1.0025,0.9993,1.0876,1.0622,1.0457,1.0051,1.1745,1.0486,1.0000,0.9985,1.0190,1.0247,1.0051,0.9995,3583.20,5311.15,4146.58,2657.03,2111.22,1227.27,199.08,2698.89,1935.35,547.73,1.1341,0.6395,1.0249,1.3697,0.9616,0.4186,1.2130,0.2732,0.2110,-0.2326,0.6280,0.7267,0.6441,0.6431,0.5803,0.7631,0.5195,0.6517,0.7074,0.6966,0.0111,0.0102,0.0140,0.0153,0.0150,0.0000,0.0574,0.0011,0.0107,0.0080,0.9786,0.9780,0.9898,0.9774,0.9791,1.0000,0.9734,1.0000,0.9726,1.0000,53.82,190.76,77.76,55.49,65.52,10.84,5.66,253.51,67.45,82.43,0.0000,0.0000,0.0000,0.0000,0.0000,0.0000,0.4585,0.0434,0.0000,0.0000,104304,74663,53998,54750,86225,66964,95775,572442,131417,91336,0,0,0,0,0,0,0,0,0,0,0.0000,0.0000,0.0000,0.0000,0.0000,0.0000,0.4692,0.4392,0.0000,0.0000,0,0,0,0,0,0,0,1,0,0,0,0,0,0,0,0,1,1,0,0,0.1173,0.0822,0.1195,0.0576,0.0850,0.0253,0.0718,0.1184,0.0173,0.1360,0.000,0.000,0.000,0.000,0.000,0.000,0.000,0.144,0.000,0.000,semi-presidential,parliamentary,parliamentary,parliamentary,parliamentary,semi-presidential,semi-presidential,electoral-authoritarian,electoral-authoritarian,parliamentary,0.800,0.800,0.800,0.800,0.232,0.800,0.800,0.500,0.500,0.800,100.0,57.4,100.0,100.0,100.0,100.0,100.0,100.0,100.0,35.6
2030-01-01,1.0042,1.0308,1.0073,0.9950,1.1353,0.9938,0.9975,0.9935,1.0041,1.0157,0.9979,0.9971,1.0826,1.0610,1.1252,1.0131,1.1594,1.0448,0.9987,0.9950,1.0171,1.0254,1.0003,0.9974,3589.94,5325.66,4136.53,2666.83,2114.64,1237.37,198.86,2706.67,1955.18,548.99,1.1322,0.6377,1.0272,1.3649,0.9602,0.4132,1.2144,0.2747,0.2094,-0.2468,0.6239,0.7299,0.6240,0.6414,0.5895,0.7626,0.5069,0.6626,0.7021,0.7034,0.0163,0.0133,0.0192,0.0243,0.0201,0.0000,0.0541,0.0010,0.0135,0.0093,0.9787,0.9781,0.9898,0.9776,0.9792,1.0000,0.9734,1.0000,0.9727,1.0000,52.60,187.43,74.26,53.43,63.19,10.59,5.65,246.90,66.40,82.15,0.0000,0.0000,0.0000,0.0000,0.0000,0.0000,0.4588,0.0430,0.0000,0.0000,104304,74663,53998,54750,86225,66964,95775,572442,131417,91336,0,0,0,0,0,0,0,0,0,0,0.0000,0.0000,0.0000,0.0000,0.0000,0.0000,0.4784,0.4484,0.0000,0.0000,0,0,0,0,0,0,0,1,0,0,0,0,0,0,0,0,1,1,0,0,0.1217,0.0834,0.1249,0.0585,0.0888,0.0243,0.0671,0.1158,0.0166,0.1373,0.000,0.000,0.000,0.000,0.000,0.000,0.000,0.146,0.000,0.000,semi-presidential,parliamentary,parliamentary,parliamentary,parliamentary,semi-presidential,semi-presidential,electoral-authoritarian,electoral-authoritarian,parliamentary,0.800,0.800,0.800,0.800,0.242,0.800,0.800,0.500,0.500,0.800,100.0,60.4,100.0,100.0,100.0,100.0,100.0,100.0,100.0,38.5
2030-02-01,1.0043,1.0318,1.0098,0.9939,1.1247,0.9901,0.9964,0.9911,1.0032,1.0146,0.9941,0.9958,1.0832,1.0770,1.1550,1.0079,1.1498,1.0413,0.9979,0.9927,1.0164,1.0242,0.9959,0.9960,3598.20,5343.52,4148.36,2673.72,2116.67,1244.25,199.00,2710.72,1966.46,547.93,1.1297,0.6355,1.0239,1.3615,0.9594,0.4090,1.2136,0.2773,0.2084,-0.2619,0.6214,0.7262,0.6263,0.6326,0.5901,0.7626,0.5013,0.6512,0.7027,0.7001,0.0199,0.0151,0.0225,0.0236,0.0235,0.0014,0.0555,0.0010,0.0175,0.0097,0.9665,0.9658,0.9836,0.9671,0.9685,0.9899,0.9717,1.0000,0.9635,1.0000,53.02,188.43,75.12,54.38,64.10,10.32,5.70,250.69,67.64,82.04,0.0000,0.0000,0.0000,0.0000,0.0000,0.0000,0.4588,0.0430,0.0000,0.0000,104304,74663,53998,54750,86225,66964,95775,572442,131417,91336,0,0,0,0,0,0,0,0,0,0,0.0000,0.0000,0.0000,0.0000,0.0000,0.0000,0.4899,0.4599,0.0000,0.0000,0,0,0,0,0,0,0,1,0,0,0,0,0,0,0,0,1,1,0,0,0.1149,0.0795,0.1171,0.0550,0.0826,0.0229,0.0698,0.1158,0.0152,0.1354,0.000,0.000,0.000,0.000,0.000,0.000,0.000,0.148,0.000,0.000,semi-presidential,parliamentary,parliamentary,parliamentary,parliamentary,semi-presidential,semi-presidential,electoral-authoritarian,electoral-authoritarian,parliamentary,0.800,0.800,0.800,0.800,0.252,0.800,0.800,0.500,0.500,0.800,100.0,63.4,100.0,100.0,100.0,100.0,100.0,100.0,100.0,41.4
2030-03-01,1.0054,1.0318,1.0128,0.9936,1.1106,0.9866,0.9953,0.9912,1.0027,1.0136,0.9930,0.9933,1.0870,1.0621,1.1831,1.0199,1.1366,1.0372,0.9965,1.0695,1.0156,1.0230,0.9946,0.9934,3592.07,5345.09,4148.36,2672.27,2109.00,1251.23,199.05,2718.53,1966.46,546.53,1.1318,0.6354,1.0239,1.3624,0.9629,0.4049,1.2135,0.2788,0.2084,-0.2773,0.6168,0.7202,0.6263,0.6315,0.5546,0.7564,0.4830,0.6368,0.7027,0.6990,0.0238,0.0157,0.0272,0.0295,0.0265,0.0000,0.0605,0.0018,0.0179,0.0153,0.9787,0.9781,0.9898,0.9775,0.9792,1.0000,0.9735,1.0000,0.9727,1.0000,53.60,187.21,73.52,54.69,63.88,10.30,5.69,253.44,67.66,81.50,0.0000,0.0000,0.0000,0.0000,0.0000,0.0000,0.4587,0.0430,0.0000,0.0000,104304,74663,53998,54750,86225,66964,95775,572442,131417,91336,0,0,0,0,0,0,0,0,0,0,0.0000,0.0000,0.0000,0.0000,0.0000,0.0000,0.4991,0.4691,0.0000,0.0000,0,0,0,0,0,0,0,1,0,0,0,0,0,0,0,0,1,1,0,0,0.1183,0.0799,0.1212,0.0556,0.0857,0.0210,0.0578,0.1151,0.0141,0.1376,0.000,0.000,0.000,0.000,0.000,0.000,0.000,0.150,0.000,0.000,semi-presidential,parliamentary,parliamentary,parliamentary,parliamentary,semi-presidential,semi-presidential,electoral-authoritarian,electoral-authoritarian,parliamentary,0.800,0.800,0.800,0.800,0.262,0.800,0.800,0.500,0.500,0.800,100.0,66.4,100.0,100.0,100.0,100.0,100.0,100.0,100.0,44.2
2030-04-01,1.0050,1.0303,1.0146,0.9933,1.0967,0.9844,0.9958,0.9938,1.0009,1.0135,0.9925,0.9924,1.0832,1.0604,1.0900,1.0024,1.1205,1.0341,0.9971,1.0421,1.0141,1.0239,0.9943,0.9926,3596.76,5353.78,4128.14,2677.65,2117.47,1255.84,198.85,2723.88,1984.00,547.41,1.1305,0.6373,1.0284,1.3598,0.9592,0.4017,1.2148,0.2804,0.2071,-0.2989,0.6212,0.7122,0.6137,0.6247,0.5604,0.7559,0.4688,0.6371,0.6721,0.7075,0.0158,0.0111,0.0192,0.0175,0.0189,0.0000,0.0565,0.0015,0.0119,0.0118,0.9791,0.9784,0.9900,0.9779,0.9797,1.0000,0.9738,1.0000,0.9732,1.0000,52.45,188.65,74.90,53.39,63.33,10.60,5.69,248.11,67.27,82.02,0.0000,0.0000,0.0000,0.0000,0.0000,0.0000,0.4588,0.0429,0.0000,0.0000,104304,74663,53998,54750,86225,66964,95775,572442,131417,91336,0,0,0,0,0,0,0,0,0,0,0.0000,0.0000,0.0000,0.0000,0.0000,0.0000,0.5083,0.4783,0.0000,0.0000,0,0,0,0,0,0,0,1,0,0,0,0,0,0,0,0,1,1,0,0,0.1278,0.0826,0.1263,0.0578,0.0882,0.0212,0.0626,0.1118,0.0143,0.1350,0.000,0.000,0.000,0.000,0.000,0.000,0.000,0.151,0.000,0.000,semi-presidential,parliamentary,parliamentary,parliamentary,parliamentary,semi-presidential,semi-presidential,electoral-authoritarian,electoral-authoritarian,parliamentary,0.800,0.800,0.800,0.800,0.272,0.800,0.800,0.500,0.500,0.800,100.0,69.2,100.0,100.0,100.0,100.0,100.0,100.0,100.0,48.5
2030-05-01,1.0034,1.0262,1.0173,0.9931,1.0803,0.9858,0.9937,0.9950,0.9985,1.0149,0.9928,0.9922,1.0817,1.0555,1.1939,1.0224,1.1054,1.0648,0.9949,0.9963,1.0109,1.0449,0.9943,0.9925,3614.70,5358.23,4135.64,2681.19,2121.58,1259.18,198.51,2727.88,1992.84,547.76,1.1251,0.6368,1.0296,1.3582,0.9574,0.3989,1.2171,0.2814,0.2065,-0.3133,0.6264,0.7132,0.6219,0.6206,0.5724,0.7484,0.4637,0.6256,0.6754,0.7030,0.0205,0.0164,0.0237,0.0312,0.0242,0.0004,0.0547,0.0011,0.0177,0.0103,0.9801,0.9794,0.9905,0.9790,0.9809,1.0000,0.9744,1.0000,0.9744,1.0000,52.28,185.52,73.52,53.54,62.97,10.70,5.30,246.15,66.18,81.55,0.0000,0.0000,0.0000,0.0000,0.0000,0.0000,0.4579,0.0419,0.0000,0.0000,104304,74663,53998,54750,86225,66964,95775,572442,131417,91336,0,0,0,0,0,0,0,0,0,0,0.0000,0.0000,0.0000,0.0000,0.0000,0.0000,0.5175,0.4875,0.0000,0.0000,0,0,0,0,0,0,0,1,0,0,0,0,0,0,0,0,1,1,0,0,0.1313,0.0838,0.1299,0.0593,0.0976,0.0212,0.0577,0.1122,0.0178,0.1374,0.000,0.000,0.000,0.000,0.000,0.000,0.000,0.152,0.000,0.000,semi-presidential,parliamentary,parliamentary,parliamentary,parliamentary,semi-presidential,semi-presidential,electoral-authoritarian,electoral-authoritarian,parliamentary,0.800,0.800,0.800,0.810,0.281,0.800,0.800,0.500,0.500,0.800,100.0,72.1,100.0,98.4,100.0,100.0,100.0,100.0,100.0,51.4
2030-06-01,1.0019,1.0213,1.0194,0.9954,1.0625,0.9879,0.9919,0.9934,0.9985,1.0165,0.9903,0.9900,1.0792,1.0503,1.0578,1.0220,1.0894,1.0526,0.9933,0.9951,1.0107,1.0256,0.9921,0.9901,3613.03,5365.17,4129.49,2676.99,2124.60,1261.26,197.27,2733.91,2003.29,547.50,1.1258,0.6360,1.0313,1.3606,0.9561,0.3964,1.2250,0.2825,0.2057,-0.3281,0.6292,0.7084,0.6158,0.6139,0.5710,0.7457,0.4489,0.6252,0.6750,0.7043,0.0110,0.0113,0.0144,0.0236,0.0149,0.0002,0.0536,0.0010,0.0104,0.0080,0.9796,0.9789,0.9902,0.9784,0.9802,1.0000,0.9732,1.0000,0.9738,1.0000,52.78,185.79,72.91,54.47,62.85,11.12,5.53,248.45,67.31,81.19,0.0000,0.0000,0.0000,0.0000,0.0000,0.0000,0.4587,0.0430,0.0000,0.0000,104304,74663,53998,54750,86225,66964,95775,572442,131417,91336,0,0,0,0,0,0,0,0,0,0,0.0000,0.0000,0.0000,0.0000,0.0000,0.0000,0.5290,0.4990,0.0000,0.0000,0,0,0,0,0,0,0,1,0,0,0,0,0,0,0,0,1,1,0,0,0.1211,0.0778,0.1188,0.0534,0.0890,0.0193,0.0537,0.1099,0.0155,0.1369,0.000,0.000,0.000,0.000,0.000,0.000,0.000,0.154,0.000,0.000,semi-presidential,parliamentary,parliamentary,parliamentary,parliamentary,semi-presidential,semi-presidential,electoral-authoritarian,electoral-authoritarian,parliamentary,0.800,0.800,0.800,0.800,0.291,0.800,0.800,0.500,0.500,0.800,100.0,75.1,100.0,100.0,100.0,100.0,100.0,100.0,100.0,54.3
2030-07-01,1.0031,1.0195,1.0186,0.9954,1.0441,0.9895,0.9903,0.9907,0.9991,1.0161,0.9879,0.9892,1.1200,1.0496,1.0568,1.0044,1.0679,1.0394,0.9915,0.9925,1.0119,1.0267,0.9897,0.9894,3624.17,5384.21,4117.93,2679.94,2132.33,1267.82,196.68,2739.88,2003.95,547.58,1.1224,0.6338,1.0343,1.3593,0.9527,0.3926,1.2289,0.2833,0.2059,-0.3427,0.6354,0.6907,0.6080,0.6092,0.5804,0.7380,0.4239,0.6161,0.6837,0.7058,0.0132,0.0120,0.0156,0.0169,0.0174,0.0016,0.0745,0.0010,0.0118,0.0083,0.9788,0.9782,0.9898,0.9776,0.9793,1.0000,0.9724,1.0000,0.9728,1.0000,54.17,189.12,74.59,54.65,65.60,10.79,5.82,258.36,69.32,81.21,0.0000,0.0000,0.0000,0.0000,0.0000,0.0000,0.4588,0.0429,0.0000,0.0000,104304,74663,53998,54750,86225,66964,95775,572442,131417,91336,0,0,0,0,0,0,0,0,0,0,0.0000,0.0000,0.0000,0.0000,0.0000,0.0000,0.5382,0.5082,0.0000,0.0000,0,0,0,0,0,0,0,1,0,0,0,0,0,0,0,0,1,1,0,0,0.1345,0.0843,0.1402,0.0600,0.0991,0.0193,0.0535,0.1122,0.0165,0.1342,0.000,0.000,0.000,0.000,0.000,0.000,0.000,0.155,0.000,0.000,semi-presidential,parliamentary,parliamentary,parliamentary,parliamentary,semi-presidential,semi-presidential,electoral-authoritarian,electoral-authoritarian,parliamentary,0.800,0.832,0.800,0.800,0.301,0.800,0.800,0.500,0.500,0.800,100.0,67.4,100.0,100.0,100.0,100.0,100.0,100.0,100.0,57.2
2030-08-01,1.0056,1.0168,1.0187,0.9949,1.0269,0.9902,0.9872,0.9914,0.9980,1.0158,0.9849,0.9896,1.0913,1.0175,1.0383,1.0040,1.0295,1.0428,0.9875,1.0634,0.9981,1.0167,0.9851,0.9899,3636.32,5391.32,4125.90,2688.53,2139.22,1273.65,196.64,2743.41,2013.46,548.65,1.1188,0.6330,1.0324,1.3552,0.9497,0.3890,1.2293,0.2833,0.2052,-0.3566,0.6422,0.7068,0.6259,0.6309,0.6044,0.7384,0.4423,0.6067,0.6884,0.7111,0.0116,0.0068,0.0140,0.0073,0.0100,0.0049,0.0268,0.0007,0.0043,0.0054,1.0000,1.0000,1.0000,1.0000,1.0000,1.0000,1.0000,1.0000,1.0000,1.0000,55.69,193.75,75.98,56.28,66.94,10.71,10.55,267.09,71.14,82.13,0.0000,0.0000,0.0000,0.0000,0.0000,0.0000,0.0000,0.0000,0.0000,0.0000,104304,74663,53998,54750,86225,66964,95775,572442,131417,91336,0,0,0,0,0,0,0,0,0,0,0.0000,0.0000,0.0000,0.0000,0.0000,0.0000,0.5359,0.5036,0.0000,0.0000,0,0,0,0,0,0,0,1,0,0,0,0,0,0,0,0,0,0,0,0,0.1359,0.0853,0.1408,0.0606,0.0999,0.0199,0.0648,0.1179,0.0172,0.1376,0.000,0.000,0.000,0.000,0.000,0.000,0.000,0.156,0.000,0.000,semi-presidential,parliamentary,parliamentary,parliamentary,parliamentary,semi-presidential,semi-presidential,electoral-authoritarian,electoral-authoritarian,parliamentary,0.800,0.822,0.800,0.800,0.311,0.800,0.800,0.500,0.500,0.800,100.0,70.3,100.0,100.0,100.0,100.0,100.0,100.0,100.0,60.1
2030-09-01,1.0074,1.0134,1.0197,0.9965,1.0112,0.9928,0.9860,0.9936,0.9981,1.0156,0.9834,0.9916,1.0099,1.0137,1.0871,1.0187,1.0117,1.0359,0.9861,1.0853,0.9982,1.0157,0.9835,0.9924,3646.73,5413.52,4128.85,2695.16,2148.35,1277.50,197.08,2754.76,2013.27,548.59,1.1157,0.6304,1.0318,1.3517,0.9457,0.3861,1.2275,0.2836,0.2054,-0.3712,0.6482,0.7108,0.6397,0.6295,0.6142,0.7358,0.4950,0.6136,0.6983,0.7142,0.0100,0.0042,0.0152,0.0126,0.0082,0.0007,0.0047,0.0007,0.0031,0.0077,1.0000,1.0000,1.0000,1.0000,1.0000,1.0000,1.0000,1.0000,1.0000,1.0000,56.78,195.74,78.02,57.17,67.26,11.00,9.90,270.37,71.12,82.47,0.0000,0.0000,0.0000,0.0000,0.0000,0.0000,0.0000,0.0000,0.0000,0.0000,104304,74663,53998,54750,86225,66964,95775,572442,131417,91336,0,0,0,0,0,0,0,0,0,0,0.0000,0.0000,0.0000,0.0000,0.0000,0.0000,0.5162,0.4839,0.0000,0.0000,0,0,0,0,0,0,0,1,0,0,0,0,0,0,0,0,0,0,0,0,0.1371,0.0861,0.1420,0.0613,0.1015,0.0209,0.0656,0.1195,0.0181,0.1391,0.000,0.000,0.000,0.000,0.000,0.000,0.000,0.155,0.000,0.000,semi-presidential,parliamentary,parliamentary,parliamentary,parliamentary,semi-presidential,semi-presidential,electoral-authoritarian,electoral-authoritarian,parliamentary,0.800,0.812,0.800,0.800,0.321,0.800,0.800,0.500,0.500,0.800,100.0,73.2,100.0,100.0,100.0,100.0,100.0,100.0,100.0,63.0
2030-10-01,1.0081,1.0108,1.0216,0.9982,0.9977,0.9930,0.9845,0.9966,0.9969,1.0164,0.9818,0.9939,1.1028,1.0111,1.1139,1.0252,0.9989,1.0428,0.9847,1.1044,0.9970,1.0182,0.9822,0.9941,3656.59,5415.75,4152.86,2697.60,2150.71,1282.92,197.74,2757.71,2026.18,549.70,1.1128,0.6302,1.0259,1.3506,0.9446,0.3827,1.2254,0.2848,0.2044,-0.3850,0.6503,0.7200,0.6544,0.6349,0.6373,0.7353,0.5433,0.6319,0.6985,0.7004,0.0185,0.0111,0.0212,0.0210,0.0164,0.0053,0.0284,0.0008,0.0075,0.0087,1.0000,1.0000,1.0000,1.0000,1.0000,1.0000,1.0000,1.0000,1.0000,1.0000,55.66,193.60,77.97,56.40,66.17,11.31,9.58,264.52,70.90,81.70,0.0000,0.0000,0.0000,0.0000,0.0000,0.0000,0.0000,0.0000,0.0000,0.0000,104304,74663,53998,54750,86225,66964,95775,572442,131417,91336,0,0,0,0,0,0,0,0,0,0,0.0000,0.0000,0.0000,0.0000,0.0000,0.0000,0.4965,0.4642,0.0000,0.0000,0,0,0,0,0,0,0,1,0,0,0,0,0,0,0,0,0,0,0,0,0.1390,0.0880,0.1442,0.0630,0.1035,0.0231,0.0699,0.1215,0.0197,0.1390,0.000,0.000,0.000,0.000,0.000,0.000,0.000,0.154,0.000,0.000,semi-presidential,parliamentary,parliamentary,parliamentary,parliamentary,semi-presidential,semi-presidential,electoral-authoritarian,electoral-authoritarian,parliamentary,0.800,0.802,0.800,0.800,0.331,0.800,0.800,0.500,0.500,0.830,100.0,76.2,100.0,100.0,100.0,100.0,100.0,100.0,100.0,55.8
2030-11-01,1.0070,1.0112,1.0237,0.9975,0.9870,0.9936,0.9829,1.0004,0.9961,1.0171,0.9804,0.9967,1.0070,1.0112,1.0977,1.0056,0.9889,1.0175,0.9831,1.0761,0.9963,1.0171,0.9805,0.9972,3671.10,5428.18,4164.71,2705.54,2159.46,1285.29,197.84,2774.06,2043.48,551.18,1.1083,0.6288,1.0230,1.3466,0.9409,0.3803,1.2275,0.2846,0.2029,-0.3985,0.6514,0.7286,0.6612,0.6410,0.6495,0.7339,0.5562,0.6372,0.6907,0.6998,0.0091,0.0029,0.0142,0.0054,0.0077,0.0003,0.0037,0.0005,0.0031,0.0066,1.0000,1.0000,1.0000,1.0000,1.0000,1.0000,1.0000,1.0000,1.0000,1.0000,56.95,198.77,83.18,59.01,68.48,11.69,9.59,270.25,72.60,83.42,0.0000,0.0000,0.0000,0.0000,0.0000,0.0000,0.0000,0.0000,0.0000,0.0000,104304,74663,53998,54750,86225,66964,95775,572442,131417,91336,0,0,0,0,0,0,0,0,0,0,0.0000,0.0000,0.0000,0.0000,0.0000,0.0000,0.4767,0.4444,0.0000,0.0000,0,0,0,0,0,0,0,1,0,0,0,0,0,0,0,0,0,0,0,0,0.1406,0.0909,0.1465,0.0666,0.1045,0.0253,0.0748,0.1222,0.0214,0.1354,0.000,0.000,0.000,0.000,0.000,0.000,0.000,0.152,0.000,0.000,semi-presidential,parliamentary,parliamentary,parliamentary,parliamentary,semi-presidential,semi-presidential,electoral-authoritarian,electoral-authoritarian,parliamentary,0.800,0.800,0.800,0.800,0.341,0.800,0.800,0.500,0.500,0.820,100.0,79.2,100.0,100.0,100.0,100.0,100.0,100.0,100.0,58.7
2030-12-01,1.0055,1.0102,1.0242,0.9949,0.9795,0.9935,0.9836,1.0016,0.9940,1.0163,0.9788,0.9977,1.0057,1.0232,1.0243,1.0031,0.9797,0.9935,1.0404,1.0016,0.9942,1.0166,0.9789,0.9979,3688.18,5431.12,4169.11,2715.78,2169.13,1290.49,198.11,2791.19,2054.11,552.48,1.1031,0.6284,1.0220,1.3415,0.9367,0.3758,1.2290,0.2844,0.2022,-0.4121,0.6560,0.7444,0.6755,0.6589,0.6600,0.7505,0.5935,0.6478,0.7057,0.7093,0.0034,0.0016,0.0076,0.0013,0.0025,0.0013,0.0018,0.0003,0.0013,0.0023,0.9889,0.9888,0.9944,0.9907,0.9905,0.9910,0.9990,1.0000,0.9920,1.0000,56.81,198.45,82.99,59.22,68.53,11.81,9.54,269.90,72.89,83.60,0.0000,0.0000,0.0000,0.0000,0.0000,0.0000,0.0000,0.0000,0.0000,0.0000,104304,74663,53998,54750,86225,66964,95775,572442,131417,91336,0,0,0,0,0,0,0,0,0,0,0.0000,0.0000,0.0000,0.0000,0.0000,0.0000,0.4570,0.4247,0.0000,0.0000,0,0,0,0,0,0,0,1,0,0,0,0,0,0,0,0,0,0,0,0,0.1316,0.0870,0.1368,0.0629,0.0978,0.0253,0.0779,0.1210,0.0208,0.1351,0.000,0.000,0.000,0.000,0.000,0.000,0.000,0.151,0.000,0.000,semi-presidential,parliamentary,parliamentary,parliamentary,parliamentary,semi-presidential,semi-presidential,electoral-authoritarian,electoral-authoritarian,parliamentary,0.800,0.800,0.800,0.800,0.350,0.800,0.800,0.500,0.500,0.810,100.0,82.3,100.0,100.0,100.0,100.0,100.0,100.0,100.0,61.5
2031-01-01,1.0016,1.0119,1.0229,0.9913,0.9755,0.9897,0.9836,1.0005,0.9949,1.0137,0.9826,0.9965,1.0024,1.0725,1.0232,0.9920,0.9760,0.9900,1.0018,1.0006,1.0511,1.0137,1.1235,0.9966,3692.34,5438.89,4165.67,2723.36,2172.40,1296.04,198.91,2809.88,2064.25,552.75,1.1019,0.6276,1.0228,1.3378,0.9353,0.3724,1.2276,0.2855,0.2015,-0.4265,0.6487,0.7492,0.6799,0.6635,0.6645,0.7443,0.5954,0.6596,0.6992,0.7085,0.0125,0.0067,0.0106,0.0069,0.0122,0.0052,0.0084,0.0030,0.0075,0.0084,0.9466,0.9518,0.9730,0.9553,0.9480,0.9631,0.9915,1.0000,0.9629,1.0000,55.99,197.87,82.20,58.54,67.53,11.80,9.42,265.46,72.81,83.50,0.0000,0.0000,0.0000,0.0000,0.0000,0.0000,0.0000,0.0000,0.0000,0.0000,104304,74663,53998,54750,86225,66964,95775,572442,131417,91336,0,0,0,0,0,0,0,0,0,0,0.0000,0.0000,0.0000,0.0000,0.0000,0.0000,0.4373,0.3853,0.0000,0.0000,0,0,0,0,0,0,0,1,0,0,0,0,0,0,0,0,0,0,0,0,0.1276,0.0849,0.1327,0.0605,0.0945,0.0245,0.0797,0.1172,0.0196,0.1347,0.000,0.000,0.000,0.000,0.000,0.000,0.000,0.152,0.000,0.000,semi-presidential,parliamentary,parliamentary,parliamentary,parliamentary,semi-presidential,semi-presidential,electoral-authoritarian,electoral-authoritarian,parliamentary,0.800,0.800,0.800,0.800,0.360,0.800,0.830,0.500,0.500,0.801,100.0,85.5,100.0,100.0,100.0,100.0,92.6,100.0,100.0,64.4
2031-02-01,0.9994,1.0117,1.0231,0.9886,0.9747,0.9872,0.9864,1.0001,0.9967,1.0128,0.9884,0.9971,0.9995,1.0118,1.0232,0.9887,0.9802,0.9874,1.0706,1.0085,1.0304,1.0129,1.1622,0.9973,3700.58,5452.18,4179.04,2738.23,2180.03,1300.82,199.49,2819.63,2080.29,554.13,1.0995,0.6258,1.0196,1.3306,0.9321,0.3693,1.2279,0.2861,0.2002,-0.4399,0.6534,0.7435,0.6854,0.6616,0.6459,0.7550,0.6049,0.6685,0.7084,0.7023,0.0084,0.0000,0.0114,0.0014,0.0080,0.0000,0.0096,0.0026,0.0018,0.0140,1.0000,1.0000,1.0000,1.0000,1.0000,1.0000,1.0000,1.0000,1.0000,1.0000,57.22,200.26,83.83,59.53,68.81,11.80,9.62,272.54,74.27,83.57,0.0000,0.0000,0.0000,0.0000,0.0000,0.0000,0.0000,0.0000,0.0000,0.0000,104304,74663,53998,54750,86225,66964,95775,572442,131417,91336,0,0,0,0,0,0,0,0,0,0,0.0000,0.0000,0.0000,0.0000,0.0000,0.0000,0.4176,0.3656,0.0000,0.0000,0,0,0,0,0,0,0,1,0,0,0,0,0,0,0,0,0,0,0,0,0.1410,0.0916,0.1470,0.0710,0.1048,0.0266,0.0884,0.1233,0.0220,0.1345,0.000,0.000,0.000,0.000,0.000,0.000,0.000,0.152,0.000,0.000,semi-presidential,parliamentary,parliamentary,parliamentary,parliamentary,semi-presidential,semi-presidential,electoral-authoritarian,electoral-authoritarian,parliamentary,0.800,0.800,0.800,0.800,0.370,0.800,0.820,0.500,0.500,0.800,100.0,88.6,100.0,100.0,100.0,100.0,95.2,100.0,100.0,67.3
2031-03-01,0.9992,1.0118,1.0226,0.9874,0.9742,0.9868,0.9893,1.0001,0.9974,1.0146,0.9923,0.9964,0.9992,1.0119,1.0227,1.0024,0.9745,0.9871,1.0965,1.0003,1.0198,1.0148,1.1258,0.9965,3703.18,5459.88,4187.17,2752.71,2188.51,1305.60,200.15,2819.63,2097.01,554.76,1.0988,0.6249,1.0176,1.3236,0.9335,0.3663,1.2280,0.2861,0.1989,-0.4539,0.6526,0.7418,0.6816,0.6757,0.6384,0.7505,0.6089,0.6685,0.7226,0.7012,0.0075,0.0003,0.0144,0.0038,0.0056,0.0000,0.0082,0.0020,0.0013,0.0108,1.0000,1.0000,1.0000,1.0000,1.0000,1.0000,1.0000,1.0000,1.0000,1.0000,57.48,200.98,84.39,60.03,69.24,12.04,9.68,274.05,74.92,83.70,0.0000,0.0000,0.0000,0.0000,0.0000,0.0000,0.0000,0.0000,0.0000,0.0000,104304,74663,53998,54750,86225,66964,95775,572442,131417,91336,0,0,0,0,0,0,0,0,0,0,0.0000,0.0000,0.0000,0.0000,0.0000,0.0000,0.3979,0.3656,0.0000,0.0000,0,0,0,0,0,0,0,1,0,0,0,0,0,0,0,0,0,0,0,0,0.1277,0.0845,0.1309,0.0633,0.0981,0.0250,0.0831,0.1219,0.0202,0.1378,0.000,0.000,0.000,0.000,0.000,0.000,0.000,0.153,0.000,0.000,semi-presidential,parliamentary,parliamentary,parliamentary,parliamentary,semi-presidential,semi-presidential,electoral-authoritarian,electoral-authoritarian,parliamentary,0.800,0.800,0.800,0.800,0.380,0.800,0.810,0.500,0.500,0.800,100.0,91.7,100.0,100.0,100.0,100.0,97.9,100.0,100.0,70.2
2031-04-01,0.9975,1.0099,1.0189,0.9870,0.9731,0.9876,0.9927,0.9983,0.9965,1.0133,0.9982,0.9951,0.9978,1.0102,1.0195,0.9982,0.9733,1.0083,1.0972,0.9984,0.9966,1.0136,1.1705,0.9953,3710.80,5472.43,4186.56,2756.83,2200.57,1313.32,200.53,2835.97,2103.76,556.35,1.0967,0.6235,1.0177,1.3217,0.9285,0.3624,1.2301,0.2874,0.1985,-0.4631,0.6566,0.7344,0.6749,0.6789,0.6339,0.7512,0.6167,0.6951,0.7282,0.6992,0.0089,0.0004,0.0158,0.0020,0.0060,0.0003,0.0085,0.0013,0.0006,0.0118,1.0000,1.0000,1.0000,1.0000,1.0000,1.0000,1.0000,1.0000,1.0000,1.0000,56.89,200.21,83.39,58.71,68.17,12.03,9.55,270.28,74.28,83.68,0.0000,0.0000,0.0000,0.0000,0.0000,0.0000,0.0000,0.0000,0.0000,0.0000,104304,74663,53998,54750,86225,66964,95775,572442,131417,91336,0,0,0,0,0,0,0,0,0,0,0.0000,0.0000,0.0000,0.0000,0.0000,0.0000,0.3782,0.3262,0.0000,0.0000,0,0,0,0,0,0,0,1,0,0,0,0,0,0,0,0,0,0,0,0,0.1301,0.0851,0.1337,0.0637,0.0991,0.0246,0.0827,0.1186,0.0199,0.1368,0.000,0.000,0.000,0.000,0.000,0.000,0.000,0.153,0.000,0.000,semi-presidential,parliamentary,parliamentary,parliamentary,parliamentary,semi-presidential,semi-presidential,electoral-authoritarian,electoral-authoritarian,parliamentary,0.800,0.800,0.800,0.800,0.394,0.800,0.801,0.500,0.500,0.800,100.0,94.7,100.0,100.0,100.0,100.0,100.0,100.0,100.0,68.0
2031-05-01,0.9958,1.0064,1.0135,0.9840,0.9698,0.9871,0.9926,0.9954,0.9956,1.0110,1.0022,0.9932,0.9958,1.0076,1.0145,0.9847,0.9704,0.9872,0.9927,0.9956,0.9955,1.0111,1.0626,0.9933,3717.18,5476.30,4188.44,2762.04,2204.56,1322.36,200.74,2844.97,2109.51,557.27,1.0948,0.6230,1.0171,1.3192,0.9268,0.3582,1.2335,0.2881,0.1982,-0.4691,0.6554,0.7277,0.6698,0.6778,0.6625,0.7528,0.6218,0.6766,0.7194,0.7209,0.0019,0.0000,0.0023,0.0000,0.0012,0.0000,0.0019,0.0003,0.0001,0.0026,1.0000,1.0000,1.0000,1.0000,1.0000,1.0000,1.0000,1.0000,1.0000,1.0000,56.98,199.23,82.65,59.71,68.97,11.80,9.64,271.18,74.31,83.65,0.0000,0.0000,0.0000,0.0000,0.0000,0.0000,0.0000,0.0000,0.0000,0.0000,104304,74663,53998,54750,86225,66964,95775,572442,131417,91336,0,0,0,0,0,0,0,0,0,0,0.0000,0.0000,0.0000,0.0000,0.0000,0.0000,0.3585,0.3065,0.0000,0.0000,0,0,0,0,0,0,0,1,0,0,0,0,0,0,0,0,0,0,0,0,0.1317,0.0857,0.1373,0.0654,0.1011,0.0230,0.0788,0.1158,0.0186,0.1339,0.000,0.000,0.000,0.000,0.000,0.000,0.000,0.155,0.000,0.000,semi-presidential,parliamentary,parliamentary,parliamentary,parliamentary,semi-presidential,semi-presidential,electoral-authoritarian,electoral-authoritarian,parliamentary,0.800,0.800,0.800,0.800,0.404,0.800,0.800,0.500,0.500,0.800,100.0,97.7,100.0,100.0,100.0,100.0,100.0,100.0,100.0,69.4
2031-06-01,0.9945,1.0012,1.0088,0.9798,0.9694,0.9871,0.9924,0.9936,0.9971,1.0092,1.0031,0.9927,0.9945,1.0016,1.0091,0.9802,0.9731,1.0767,1.0218,0.9938,1.0385,1.0097,1.0032,0.9928,3729.40,5477.66,4208.58,2768.12,2220.64,1327.64,201.60,2853.62,2118.27,557.10,1.0913,0.6229,1.0119,1.3163,0.9202,0.3551,1.2332,0.2888,0.1977,-0.4807,0.6592,0.7320,0.6704,0.6808,0.6779,0.7502,0.6225,0.6654,0.7230,0.7206,0.0025,0.0019,0.0037,0.0028,0.0038,0.0012,0.0026,0.0018,0.0021,0.0034,1.0000,1.0000,1.0000,1.0000,1.0000,1.0000,1.0000,1.0000,1.0000,1.0000,57.25,198.96,82.06,59.63,69.00,11.59,9.70,273.13,74.95,83.22,0.0000,0.0000,0.0000,0.0000,0.0000,0.0000,0.0000,0.0000,0.0000,0.0000,104304,74663,53998,54750,86225,66964,95775,572442,131417,91336,0,0,0,0,0,0,0,0,0,0,0.0000,0.0000,0.0000,0.0000,0.0000,0.0000,0.3388,0.2867,0.0000,0.0000,0,0,0,0,0,0,0,1,0,0,0,0,0,0,0,0,0,0,0,0,0.1372,0.0880,0.1435,0.0680,0.1049,0.0233,0.0849,0.1186,0.0192,0.1333,0.000,0.000,0.000,0.000,0.000,0.000,0.000,0.158,0.000,0.000,semi-presidential,parliamentary,parliamentary,parliamentary,parliamentary,semi-presidential,semi-presidential,electoral-authoritarian,electoral-authoritarian,parliamentary,0.800,0.800,0.800,0.800,0.414,0.800,0.800,0.500,0.500,0.800,100.0,100.0,100.0,100.0,100.0,100.0,100.0,100.0,100.0,72.4
2031-07-01,0.9946,0.9997,1.0067,0.9765,0.9688,0.9898,0.9922,0.9923,1.0002,1.0060,1.0018,0.9940,1.0202,0.9999,1.0127,0.9862,0.9707,1.0524,0.9922,0.9923,1.0846,1.0064,1.0020,0.9942,3746.43,5486.70,4223.55,2782.68,2234.10,1331.17,202.10,2863.30,2122.13,557.47,1.0864,0.6219,1.0112,1.3094,0.9147,0.3524,1.2343,0.2894,0.1976,-0.4949,0.6628,0.7352,0.6860,0.6827,0.6695,0.7541,0.6231,0.6662,0.7384,0.7192,0.0033,0.0030,0.0095,0.0041,0.0057,0.0020,0.0134,0.0033,0.0045,0.0032,1.0000,1.0000,1.0000,1.0000,1.0000,1.0000,1.0000,1.0000,1.0000,1.0000,57.97,199.74,82.38,60.13,69.85,11.46,9.80,277.00,75.81,83.04,0.0000,0.0000,0.0000,0.0000,0.0000,0.0000,0.0000,0.0000,0.0000,0.0000,104304,74663,53998,54750,86225,66964,95775,572442,131417,91336,0,0,0,0,0,0,0,0,0,0,0.0000,0.0000,0.0000,0.0000,0.0000,0.0000,0.3110,0.2670,0.0000,0.0000,0,0,0,0,0,0,0,1,0,0,0,0,0,0,0,0,0,0,0,0,0.1386,0.0888,0.1444,0.0686,0.1058,0.0240,0.0856,0.1213,0.0199,0.1333,0.000,0.000,0.000,0.000,0.000,0.000,0.000,0.157,0.000,0.000,semi-presidential,parliamentary,parliamentary,parliamentary,parliamentary,semi-presidential,semi-presidential,electoral-authoritarian,electoral-authoritarian,parliamentary,0.800,0.800,0.800,0.800,0.423,0.800,0.800,0.500,0.500,0.800,100.0,100.0,100.0,100.0,100.0,100.0,100.0,100.0,100.0,75.3
2031-08-01,0.9942,0.9982,1.0057,0.9743,0.9695,0.9905,0.9912,0.9910,1.0026,1.0048,1.0008,0.9959,1.0248,0.9982,1.0060,0.9842,0.9813,0.9956,0.9913,0.9912,1.0535,1.0048,1.0011,0.9962,3753.64,5492.90,4245.81,2790.87,2247.56,1338.01,203.06,2874.81,2130.52,557.90,1.0843,0.6212,1.0057,1.3057,0.9093,0.3489,1.2338,0.2898,0.1971,-0.5089,0.6674,0.7458,0.6924,0.6872,0.6646,0.7523,0.6251,0.6679,0.7258,0.7128,0.0020,0.0018,0.0087,0.0042,0.0064,0.0014,0.0185,0.0020,0.0029,0.0048,1.0000,1.0000,1.0000,1.0000,1.0000,1.0000,1.0000,1.0000,1.0000,1.0000,58.25,200.14,82.51,60.14,70.56,11.41,9.84,278.76,76.33,82.95,0.0000,0.0000,0.0000,0.0000,0.0000,0.0000,0.0000,0.0000,0.0000,0.0000,104304,74663,53998,54750,86225,66964,95775,572442,131417,91336,0,0,0,0,0,0,0,0,0,0,0.0000,0.0000,0.0000,0.0000,0.0000,0.0000,0.2913,0.2473,0.0000,0.0000,0,0,0,0,0,0,0,1,0,0,0,0,0,0,0,0,0,0,0,0,0.1407,0.0903,0.1461,0.0700,0.1083,0.0254,0.0871,0.1229,0.0214,0.1337,0.000,0.000,0.000,0.000,0.000,0.000,0.000,0.156,0.000,0.000,semi-presidential,parliamentary,parliamentary,parliamentary,parliamentary,semi-presidential,semi-presidential,electoral-authoritarian,electoral-authoritarian,parliamentary,0.800,0.800,0.800,0.800,0.433,0.800,0.800,0.500,0.500,0.800,100.0,100.0,100.0,100.0,100.0,100.0,100.0,100.0,100.0,78.2
2031-09-01,0.9943,0.9998,1.0043,0.9733,0.9694,0.9897,0.9905,0.9902,1.0053,1.0048,0.9983,0.9960,0.9943,1.0509,1.0047,0.9871,0.9696,0.9898,1.0328,0.9907,1.0894,1.0052,0.9988,0.9962,3763.29,5510.76,4256.71,2806.44,2255.94,1344.83,202.75,2881.96,2141.25,558.69,1.0816,0.6192,1.0031,1.2985,0.9060,0.3453,1.2413,0.2906,0.1964,-0.5226,0.6683,0.7462,0.6907,0.6985,0.6776,0.7468,0.6255,0.6740,0.7174,0.7137,0.0077,0.0058,0.0129,0.0076,0.0094,0.0044,0.0058,0.0035,0.0076,0.0042,0.9545,0.9587,0.9772,0.9617,0.9559,0.9682,0.9927,1.0000,0.9679,1.0000,58.77,199.88,80.88,58.50,69.85,11.51,9.69,279.39,76.78,82.87,0.0000,0.0000,0.0000,0.0000,0.0000,0.0000,0.0000,0.0000,0.0000,0.0000,104304,74663,53998,54750,86225,66964,95775,572442,131417,91336,0,0,0,0,0,0,0,0,0,0,0.0000,0.0000,0.0000,0.0000,0.0000,0.0000,0.2716,0.2276,0.0000,0.0000,0,0,0,0,0,0,0,1,0,0,0,0,0,0,0,0,0,0,0,0,0.1417,0.0902,0.1462,0.0688,0.1086,0.0256,0.0844,0.1225,0.0216,0.1349,0.000,0.000,0.000,0.000,0.000,0.000,0.000,0.156,0.000,0.000,semi-presidential,parliamentary,parliamentary,parliamentary,parliamentary,semi-presidential,semi-presidential,electoral-authoritarian,electoral-authoritarian,parliamentary,0.800,0.800,0.800,0.800,0.442,0.800,0.800,0.500,0.500,0.800,100.0,100.0,100.0,100.0,100.0,100.0,100.0,100.0,100.0,81.2
2031-10-01,0.9955,1.0001,1.0011,0.9734,0.9687,0.9903,0.9902,0.9885,1.0086,1.0059,0.9971,0.9958,1.0773,1.0004,1.0020,0.9974,0.9689,1.0811,0.9904,0.9885,1.0777,1.0100,0.9971,0.9960,3777.54,5533.24,4272.52,2819.38,2266.88,1349.19,203.37,2898.34,2147.79,558.42,1.0775,0.6167,0.9995,1.2926,0.9018,0.3420,1.2431,0.2906,0.1961,-0.5373,0.6699,0.7459,0.6880,0.6921,0.6717,0.7413,0.6178,0.6848,0.7281,0.7063,0.0071,0.0079,0.0117,0.0135,0.0083,0.0052,0.0259,0.0027,0.0060,0.0019,1.0000,1.0000,1.0000,1.0000,1.0000,1.0000,1.0000,1.0000,1.0000,1.0000,58.33,198.87,79.10,58.29,69.09,11.33,9.73,277.53,76.75,82.18,0.0000,0.0000,0.0000,0.0000,0.0000,0.0000,0.0000,0.0000,0.0000,0.0000,104304,74663,53998,54750,86225,66964,95775,572442,131417,91336,0,0,0,0,0,0,0,0,0,0,0.0000,0.0000,0.0000,0.0000,0.0000,0.0000,0.2519,0.2079,0.0000,0.0000,0,0,0,0,0,0,0,1,0,0,0,0,0,0,0,0,0,0,0,0,0.1367,0.0875,0.1405,0.0660,0.1045,0.0251,0.0835,0.1213,0.0213,0.1368,0.000,0.000,0.000,0.000,0.000,0.000,0.000,0.156,0.000,0.000,semi-presidential,parliamentary,parliamentary,parliamentary,parliamentary,semi-presidential,semi-presidential,electoral-authoritarian,electoral-authoritarian,parliamentary,0.800,0.800,0.800,0.800,0.452,0.800,0.800,0.500,0.500,0.800,100.0,100.0,100.0,100.0,100.0,100.0,100.0,100.0,100.0,84.0
2031-11-01,0.9984,0.9969,0.9983,0.9732,0.9682,0.9935,0.9893,0.9885,1.0094,1.0085,0.9976,0.9958,1.0783,0.9970,0.9988,0.9983,0.9738,1.0784,0.9893,1.0024,1.0094,1.0098,1.0223,0.9959,3798.11,5551.49,4291.35,2827.33,2276.82,1353.42,203.54,2904.17,2158.30,559.00,1.0717,0.6147,0.9951,1.2890,0.8977,0.3397,1.2478,0.2916,0.1954,-0.5511,0.6694,0.7453,0.6956,0.6823,0.6671,0.7360,0.6169,0.6931,0.7157,0.7111,0.0083,0.0077,0.0128,0.0139,0.0086,0.0050,0.0246,0.0002,0.0035,0.0035,1.0000,1.0000,1.0000,1.0000,1.0000,1.0000,1.0000,1.0000,1.0000,1.0000,58.75,201.07,80.94,58.62,70.17,11.29,9.83,279.33,77.22,82.43,0.0000,0.0000,0.0000,0.0000,0.0000,0.0000,0.0000,0.0000,0.0000,0.0000,104304,74663,53998,54750,86225,66964,95775,572442,131417,91336,0,0,0,0,0,0,0,0,0,0,0.0000,0.0000,0.0000,0.0000,0.0000,0.0000,0.2322,0.1882,0.0000,0.0000,0,0,0,0,0,0,0,1,0,0,0,0,0,0,0,0,0,0,0,0,0.1418,0.0902,0.1461,0.0690,0.1091,0.0255,0.0872,0.1241,0.0220,0.1369,0.000,0.000,0.000,0.000,0.000,0.000,0.000,0.157,0.000,0.000,semi-presidential,parliamentary,parliamentary,parliamentary,parliamentary,semi-presidential,semi-presidential,electoral-authoritarian,electoral-authoritarian,parliamentary,0.800,0.800,0.800,0.800,0.462,0.800,0.800,0.500,0.500,0.800,100.0,100.0,100.0,100.0,100.0,30.0,100.0,100.0,100.0,86.9
2031-12-01,0.9998,0.9942,0.9969,0.9737,0.9684,0.9986,0.9904,0.9899,1.0090,1.0098,0.9985,0.9949,1.0373,0.9946,0.9975,0.9936,0.9701,1.1608,1.0157,1.0313,1.0178,1.0098,1.0598,0.9951,3802.16,5577.14,4315.87,2837.79,2279.66,1358.28,204.03,2909.05,2173.05,561.70,1.0706,0.6118,0.9896,1.2843,0.8966,0.3367,1.2507,0.2926,0.1944,-0.5629,0.6522,0.7407,0.7071,0.6762,0.6589,0.7375,0.6196,0.6855,0.7061,0.7118,0.0099,0.0062,0.0161,0.0101,0.0079,0.0038,0.0266,0.0010,0.0027,0.0071,1.0000,1.0000,1.0000,1.0000,1.0000,1.0000,1.0000,1.0000,1.0000,1.0000,59.66,203.29,82.04,58.86,71.05,12.13,9.94,283.53,78.03,83.50,0.0000,0.0000,0.0000,0.0000,0.0000,0.0000,0.0000,0.0000,0.0000,0.0000,104304,74663,53998,54750,86225,66964,95775,572442,131417,91336,0,0,0,0,0,0,0,0,0,0,0.0000,0.0000,0.0000,0.0000,0.0000,0.0000,0.2125,0.1685,0.0000,0.0000,0,0,0,0,0,0,0,1,0,0,0,0,0,0,0,0,0,0,0,0,0.1314,0.0851,0.1348,0.0631,0.1007,0.0247,0.0856,0.1226,0.0201,0.1367,0.000,0.000,0.000,0.000,0.000,0.000,0.000,0.158,0.000,0.000,semi-presidential,parliamentary,parliamentary,parliamentary,parliamentary,semi-presidential,semi-presidential,electoral-authoritarian,electoral-authoritarian,parliamentary,0.831,0.800,0.800,0.800,0.472,0.800,0.800,0.500,0.500,0.800,92.6,100.0,100.0,100.0,100.0,33.1,100.0,100.0,100.0,89.9
2032-01-01,1.0021,0.9948,0.9937,0.9745,0.9699,1.0016,0.9910,0.9899,1.0084,1.0111,0.9991,0.9938,1.1273,1.0592,0.9946,1.0003,0.9907,1.0708,0.9909,0.9899,1.0085,1.0116,1.0295,0.9938,3804.22,5589.50,4322.25,2841.59,2280.27,1363.68,204.34,2915.86,2182.80,562.99,1.0697,0.6105,0.9882,1.2827,0.8963,0.3336,1.2547,0.2935,0.1938,-0.5760,0.6433,0.7424,0.7019,0.6750,0.6586,0.7373,0.6213,0.6940,0.7084,0.7093,0.0190,0.0181,0.0195,0.0249,0.0227,0.0133,0.0341,0.0001,0.0096,0.0084,0.9408,0.9445,0.9728,0.9504,0.9449,0.9569,0.9928,1.0000,0.9636,1.0000,58.06,200.62,80.96,58.12,69.19,12.27,9.49,276.98,77.78,83.09,0.0000,0.0000,0.0000,0.0000,0.0000,0.0000,0.0000,0.0000,0.0000,0.0000,104304,74663,53998,54750,86225,66964,95775,572442,131417,91336,0,0,0,0,0,0,0,0,0,0,0.0000,0.0000,0.0000,0.0000,0.0000,0.0000,0.1928,0.1488,0.0000,0.0000,0,0,0,0,0,0,0,1,0,0,0,0,0,0,0,0,0,0,0,0,0.1328,0.0852,0.1362,0.0635,0.1015,0.0241,0.0854,0.1220,0.0195,0.1366,0.000,0.000,0.000,0.000,0.000,0.000,0.000,0.160,0.000,0.000,semi-presidential,parliamentary,parliamentary,parliamentary,parliamentary,semi-presidential,semi-presidential,electoral-authoritarian,electoral-authoritarian,parliamentary,0.821,0.800,0.800,0.800,0.482,0.800,0.800,0.500,0.500,0.800,95.4,100.0,100.0,100.0,100.0,36.1,100.0,100.0,100.0,92.8
2032-02-01,1.0069,0.9967,0.9924,0.9734,0.9716,1.0043,0.9935,0.9912,1.0067,1.0105,0.9990,0.9917,1.2067,1.0170,1.0018,0.9843,0.9827,1.0939,1.0777,1.0539,1.0069,1.0108,0.9991,0.9919,3797.68,5608.61,4332.94,2847.78,2287.13,1367.25,204.80,2919.78,2193.31,565.23,1.0715,0.6084,0.9858,1.2801,0.8937,0.3310,1.2576,0.2946,0.1931,-0.6026,0.6309,0.7312,0.6860,0.6643,0.6318,0.7382,0.6144,0.6925,0.6992,0.7043,0.0240,0.0172,0.0244,0.0172,0.0238,0.0139,0.0394,0.0009,0.0104,0.0118,0.9820,0.9813,0.9918,0.9848,0.9854,0.9848,1.0000,1.0000,0.9880,1.0000,56.80,202.19,83.85,59.39,69.36,12.30,9.64,272.69,77.45,83.01,0.0000,0.0000,0.0000,0.0000,0.0000,0.0000,0.0000,0.0000,0.0000,0.0000,104304,74663,53998,54750,86225,66964,95775,572442,131417,91336,0,0,0,0,0,0,0,0,0,0,0.0000,0.0000,0.0000,0.0000,0.0000,0.0000,0.1730,0.1290,0.0000,0.0000,0,0,0,0,0,0,0,1,0,0,0,0,0,0,0,0,0,0,0,0,0.1169,0.0777,0.1192,0.0564,0.0935,0.0216,0.0823,0.1204,0.0162,0.1350,0.000,0.000,0.000,0.000,0.000,0.000,0.000,0.162,0.000,0.000,semi-presidential,parliamentary,parliamentary,parliamentary,parliamentary,semi-presidential,semi-presidential,electoral-authoritarian,electoral-authoritarian,parliamentary,0.811,0.800,0.800,0.800,0.492,0.800,0.800,0.500,0.500,0.800,98.2,100.0,100.0,100.0,100.0,39.2,100.0,100.0,100.0,98.5
2032-03-01,1.0112,0.9977,0.9928,0.9716,0.9747,1.0066,0.9966,0.9922,1.0061,1.0082,0.9988,0.9896,1.1632,1.0052,0.9934,0.9719,1.0019,1.0066,1.0570,0.9923,1.0109,1.0090,1.0109,0.9900,3796.84,5608.21,4327.43,2847.78,2293.31,1370.15,204.97,2928.59,2204.67,565.23,1.0719,0.6085,0.9872,1.2801,0.8914,0.3286,1.2621,0.2952,0.1924,-0.6026,0.6166,0.7242,0.6659,0.6643,0.6134,0.7334,0.6070,0.6918,0.6812,0.7043,0.0135,0.0103,0.0107,0.0137,0.0192,0.0086,0.0351,0.0005,0.0059,0.0128,0.9933,0.9931,0.9970,0.9944,0.9946,0.9944,1.0000,1.0000,0.9956,1.0000,57.79,204.00,84.27,60.50,70.68,12.51,9.67,278.09,78.69,84.10,0.0000,0.0000,0.0000,0.0000,0.0000,0.0000,0.0000,0.0000,0.0000,0.0000,104304,74663,53998,54750,86225,66964,95775,572442,131417,91336,0,0,0,0,0,0,0,0,0,0,0.0000,0.0000,0.0000,0.0000,0.0000,0.0000,0.1533,0.1093,0.0000,0.0000,0,0,0,0,0,0,0,1,0,0,0,0,0,0,0,0,0,0,0,0,0.1164,0.0774,0.1198,0.0564,0.0934,0.0207,0.0816,0.1205,0.0151,0.1345,0.000,0.000,0.000,0.000,0.000,0.000,0.000,0.164,0.000,0.000,semi-presidential,parliamentary,parliamentary,parliamentary,parliamentary,semi-presidential,semi-presidential,electoral-authoritarian,electoral-authoritarian,parliamentary,0.801,0.800,0.800,0.800,0.502,0.800,0.800,0.500,0.500,0.800,100.0,100.0,100.0,100.0,100.0,42.3,100.0,100.0,100.0,98.5
2032-04-01,1.0148,0.9979,0.9910,0.9721,0.9776,1.0065,0.9975,0.9915,1.0086,1.0038,1.0012,0.9890,1.0723,1.0001,0.9918,0.9986,1.0037,1.0130,1.0031,0.9917,1.0914,1.0041,1.0978,0.9890,3802.64,5615.16,4339.65,2849.06,2297.84,1380.57,204.63,2937.99,2217.07,567.89,1.0704,0.6075,0.9845,1.2797,0.8897,0.3244,1.2695,0.2958,0.1916,-0.6289,0.6264,0.7128,0.6566,0.6466,0.6281,0.7383,0.6056,0.6878,0.6886,0.6901,0.0070,0.0046,0.0156,0.0171,0.0145,0.0029,0.0370,0.0035,0.0049,0.0162,0.9981,0.9980,0.9991,0.9984,0.9985,0.9984,1.0000,1.0000,0.9987,1.0000,60.01,205.77,82.63,59.94,71.62,12.78,9.61,287.21,80.05,85.33,0.0000,0.0000,0.0000,0.0000,0.0000,0.0000,0.0000,0.0000,0.0000,0.0000,104304,74663,53998,54750,86225,66964,95775,572442,131417,91336,0,0,0,0,0,0,0,0,0,0,0.0000,0.0000,0.0000,0.0000,0.0000,0.0000,0.1336,0.0896,0.0000,0.0000,0,0,0,0,0,0,0,1,0,0,0,0,0,0,0,0,0,0,0,0,0.1288,0.0820,0.1362,0.0657,0.1039,0.0215,0.0826,0.1216,0.0168,0.1383,0.000,0.000,0.000,0.000,0.000,0.000,0.000,0.166,0.000,0.000,semi-presidential,parliamentary,parliamentary,parliamentary,parliamentary,semi-presidential,semi-presidential,electoral-authoritarian,electoral-authoritarian,parliamentary,0.800,0.800,0.800,0.800,0.511,0.800,0.800,0.500,0.500,0.800,100.0,100.0,100.0,100.0,100.0,45.3,100.0,100.0,100.0,100.0
2032-05-01,1.0166,0.9984,0.9923,0.9759,0.9819,1.0050,0.9967,0.9898,1.0112,1.0021,1.0038,0.9897,1.0933,1.0488,1.0274,1.0147,1.0128,1.0055,0.9968,0.9900,1.0466,1.0024,1.0866,0.9902,3808.80,5631.70,4347.52,2857.25,2306.58,1383.83,205.02,2952.43,2227.08,568.65,1.0687,0.6057,0.9828,1.2762,0.8864,0.3220,1.2721,0.2958,0.1910,-0.6426,0.6301,0.7119,0.6571,0.6488,0.6392,0.7428,0.6036,0.6773,0.6960,0.6948,0.0163,0.0139,0.0209,0.0306,0.0233,0.0085,0.0357,0.0016,0.0090,0.0167,0.9541,0.9562,0.9789,0.9615,0.9583,0.9657,0.9957,1.0000,0.9714,1.0000,59.80,203.27,80.11,60.80,70.91,12.68,9.51,286.10,80.17,84.77,0.0000,0.0000,0.0000,0.0000,0.0000,0.0000,0.0000,0.0000,0.0000,0.0000,104304,74663,53998,54750,86225,66964,95775,572442,131417,91336,0,0,0,0,0,0,0,0,0,0,0.0000,0.0000,0.0000,0.0000,0.0000,0.0000,0.1139,0.0699,0.0000,0.0000,0,0,0,0,0,0,0,1,0,0,0,0,0,0,0,0,0,0,0,0,0.1368,0.0851,0.1454,0.0698,0.1106,0.0224,0.0841,0.1236,0.0179,0.1384,0.000,0.000,0.000,0.000,0.000,0.000,0.000,0.166,0.000,0.000,semi-presidential,parliamentary,parliamentary,parliamentary,parliamentary,semi-presidential,semi-presidential,electoral-authoritarian,electoral-authoritarian,parliamentary,0.800,0.800,0.800,0.800,0.521,0.800,0.800,0.500,0.500,0.800,30.0,100.0,100.0,100.0,100.0,48.4,100.0,100.0,100.0,100.0
2032-06-01,1.0173,0.9993,0.9927,0.9789,0.9853,1.0034,0.9969,0.9896,1.0106,1.0020,1.0058,0.9927,1.0198,1.0527,0.9934,1.0073,1.0072,1.0033,0.9970,1.0193,1.0106,1.0047,1.0058,0.9931,3834.15,5641.43,4354.79,2859.78,2320.83,1389.56,204.94,2964.09,2240.93,569.65,1.0618,0.6046,0.9812,1.2752,0.8810,0.3189,1.2774,0.2961,0.1901,-0.6560,0.6426,0.7088,0.6665,0.6596,0.6729,0.7399,0.6057,0.6867,0.7080,0.7028,0.0083,0.0070,0.0135,0.0197,0.0125,0.0051,0.0102,0.0002,0.0043,0.0099,0.9512,0.9536,0.9776,0.9591,0.9553,0.9639,0.9951,1.0000,0.9697,1.0000,60.99,208.57,82.82,61.25,73.25,12.77,9.64,292.60,81.50,86.24,0.0000,0.0000,0.0000,0.0000,0.0000,0.0000,0.0000,0.0000,0.0000,0.0000,104304,74663,53998,54750,86225,66964,95775,572442,131417,91336,0,0,0,0,0,0,0,0,0,0,0.0000,0.0000,0.0000,0.0000,0.0000,0.0000,0.0942,0.0502,0.0000,0.0000,0,0,0,0,0,0,0,1,0,0,0,0,0,0,0,0,0,0,0,0,0.1381,0.0880,0.1476,0.0719,0.1126,0.0241,0.0861,0.1246,0.0198,0.1385,0.000,0.000,0.000,0.000,0.000,0.000,0.000,0.164,0.000,0.000,semi-presidential,parliamentary,parliamentary,parliamentary,parliamentary,semi-presidential,semi-presidential,electoral-authoritarian,electoral-authoritarian,parliamentary,0.800,0.800,0.800,0.800,0.531,0.800,0.800,0.500,0.500,0.800,32.8,100.0,100.0,100.0,100.0,51.5,100.0,100.0,100.0,100.0
2032-07-01,1.0162,0.9987,0.9913,0.9808,0.9855,1.0038,0.9965,0.9922,1.0095,1.0036,1.0046,0.9962,1.0162,0.9991,0.9919,1.0026,0.9856,1.0041,0.9976,1.0972,1.0096,1.0068,1.0046,0.9969,3844.31,5653.34,4364.24,2867.23,2328.57,1394.02,205.28,2965.13,2254.53,569.96,1.0590,0.6034,0.9792,1.2720,0.8782,0.3162,1.2798,0.2975,0.1892,-0.6702,0.6542,0.7162,0.6873,0.6833,0.7092,0.7373,0.6341,0.6850,0.7159,0.7106,0.0052,0.0000,0.0118,0.0083,0.0035,0.0000,0.0053,0.0008,0.0003,0.0081,1.0000,1.0000,1.0000,1.0000,1.0000,1.0000,1.0000,1.0000,1.0000,1.0000,60.56,209.63,83.73,60.18,72.66,13.13,9.61,288.34,80.88,86.58,0.0000,0.0000,0.0000,0.0000,0.0000,0.0000,0.0000,0.0000,0.0000,0.0000,104304,74663,53998,54750,86225,66964,95775,572442,131417,91336,0,0,0,0,0,0,0,0,0,0,0.0000,0.0000,0.0000,0.0000,0.0000,0.0000,0.0745,0.0305,0.0000,0.0000,0,0,0,0,0,0,0,1,0,0,0,0,0,0,0,0,0,0,0,0,0.1466,0.0911,0.1508,0.0748,0.1158,0.0268,0.0863,0.1252,0.0223,0.1388,0.000,0.000,0.000,0.000,0.000,0.000,0.000,0.161,0.000,0.000,semi-presidential,parliamentary,parliamentary,parliamentary,parliamentary,semi-presidential,semi-presidential,electoral-authoritarian,electoral-authoritarian,parliamentary,0.800,0.800,0.800,0.800,0.541,0.800,0.800,0.500,0.500,0.800,35.7,100.0,100.0,100.0,100.0,54.6,100.0,100.0,100.0,100.0
2032-08-01,1.0153,0.9983,0.9917,0.9839,0.9870,1.0023,0.9983,0.9938,1.0109,1.0046,1.0052,0.9993,1.0153,1.0403,0.9945,1.0110,1.0144,1.0023,1.0279,0.9940,1.0806,1.0074,1.0223,0.9995,3860.57,5671.31,4383.16,2879.71,2338.31,1397.71,205.95,2982.90,2263.80,570.47,1.0546,0.6015,0.9750,1.2662,0.8746,0.3136,1.2798,0.2972,0.1888,-0.6842,0.6663,0.7356,0.7012,0.6791,0.7023,0.7377,0.6423,0.7001,0.7294,0.7066,0.0070,0.0056,0.0139,0.0204,0.0143,0.0041,0.0049,0.0029,0.0060,0.0137,0.9619,0.9629,0.9825,0.9680,0.9662,0.9708,0.9971,1.0000,0.9760,1.0000,61.41,211.28,84.66,60.82,73.68,13.25,9.68,292.85,81.94,86.61,0.0000,0.0000,0.0000,0.0000,0.0000,0.0000,0.0000,0.0000,0.0000,0.0000,104304,74663,53998,54750,86225,66964,95775,572442,131417,91336,0,0,0,0,0,0,0,0,0,0,0.0000,0.0000,0.0000,0.0000,0.0000,0.0000,0.0548,0.0108,0.0000,0.0000,0,0,0,0,0,0,0,1,0,0,0,0,0,0,0,0,0,0,0,0,0.1490,0.0934,0.1533,0.0766,0.1180,0.0288,0.0907,0.1287,0.0242,0.1387,0.000,0.000,0.000,0.000,0.000,0.000,0.000,0.159,0.000,0.000,semi-presidential,parliamentary,parliamentary,parliamentary,parliamentary,semi-presidential,semi-presidential,electoral-authoritarian,electoral-authoritarian,parliamentary,0.800,0.800,0.800,0.800,0.551,0.800,0.800,0.500,0.500,0.800,38.6,100.0,100.0,100.0,100.0,57.6,100.0,100.0,100.0,100.0
2032-09-01,1.0132,0.9996,0.9917,0.9853,0.9908,1.0015,1.0000,0.9923,1.0113,1.0053,1.0060,0.9996,1.0137,1.0347,0.9922,1.0061,1.0096,1.0016,1.0104,0.9924,1.0286,1.0053,1.0527,0.9998,3871.27,5682.99,4410.40,2893.20,2352.32,1402.22,206.28,2992.53,2281.90,572.33,1.0517,0.6003,0.9739,1.2602,0.8695,0.3109,1.2816,0.2978,0.1875,-0.6965,0.6711,0.7404,0.7089,0.6816,0.7019,0.7430,0.6582,0.7218,0.7113,0.7114,0.0062,0.0045,0.0119,0.0139,0.0101,0.0035,0.0030,0.0009,0.0035,0.0093,0.9682,0.9684,0.9854,0.9732,0.9725,0.9749,0.9983,1.0000,0.9796,1.0000,60.73,210.22,84.75,60.03,73.05,13.22,9.58,289.64,81.80,86.63,0.0000,0.0000,0.0000,0.0000,0.0000,0.0000,0.0000,0.0000,0.0000,0.0000,104304,74663,53998,54750,86225,66964,95775,572442,131417,91336,0,0,0,0,0,0,0,0,0,0,0.0000,0.0000,0.0000,0.0000,0.0000,0.0000,0.0351,0.0000,0.0000,0.0000,0,0,0,0,0,0,0,1,0,0,0,0,0,0,0,0,0,0,0,0,0.1452,0.0917,0.1491,0.0750,0.1153,0.0342,0.0907,0.1270,0.0240,0.1382,0.000,0.000,0.000,0.000,0.000,0.000,0.000,0.158,0.000,0.000,semi-presidential,parliamentary,parliamentary,parliamentary,parliamentary,semi-presidential,semi-presidential,electoral-authoritarian,electoral-authoritarian,parliamentary,0.800,0.800,0.800,0.800,0.561,0.800,0.800,0.500,0.500,0.800,41.6,100.0,100.0,100.0,100.0,60.7,100.0,100.0,100.0,100.0
2032-10-01,1.0101,1.0001,0.9934,0.9853,0.9937,1.0006,1.0004,0.9914,1.0108,1.0039,1.0058,0.9994,1.0102,1.0040,1.0746,1.0016,1.0171,1.0006,1.0223,0.9917,1.0153,1.0040,1.0059,0.9995,3886.48,5690.48,4418.54,2904.47,2363.37,1409.25,207.13,3003.28,2297.50,572.35,1.0476,0.5995,0.9718,1.2554,0.8656,0.3076,1.2798,0.2982,0.1866,-0.7110,0.6740,0.7366,0.7085,0.6864,0.7034,0.7553,0.6638,0.7202,0.7219,0.7161,0.0067,0.0031,0.0138,0.0144,0.0122,0.0004,0.0012,0.0003,0.0037,0.0104,0.9965,0.9964,0.9984,0.9971,0.9972,0.9971,1.0000,1.0000,0.9977,1.0000,60.08,208.92,84.54,60.04,72.27,13.17,9.46,285.60,81.06,86.75,0.0000,0.0000,0.0000,0.0000,0.0000,0.0000,0.0000,0.0000,0.0000,0.0000,104304,74663,53998,54750,86225,66964,95775,572442,131417,91336,0,0,0,0,0,0,0,0,0,0,0.0000,0.0000,0.0000,0.0000,0.0000,0.0000,0.0153,0.0000,0.0000,0.0000,0,0,0,0,0,0,0,1,0,0,0,0,0,0,0,0,0,0,0,0,0.1457,0.0916,0.1494,0.0756,0.1154,0.0340,0.0907,0.1255,0.0235,0.1382,0.000,0.000,0.000,0.000,0.000,0.000,0.000,0.158,0.000,0.000,semi-presidential,parliamentary,parliamentary,parliamentary,parliamentary,semi-presidential,semi-presidential,electoral-authoritarian,electoral-authoritarian,parliamentary,0.800,0.800,0.800,0.800,0.571,0.800,0.800,0.500,0.500,0.800,44.5,100.0,100.0,100.0,100.0,63.9,100.0,100.0,100.0,100.0
2032-11-01,1.0083,0.9984,0.9940,0.9832,0.9972,0.9986,1.0013,0.9916,1.0113,1.0031,1.0047,0.9990,1.0100,0.9986,0.9946,0.9922,1.0234,0.9988,1.0342,1.0420,1.0111,1.0033,1.0162,0.9990,3888.08,5718.19,4431.88,2908.56,2372.22,1412.53,207.74,3011.35,2308.17,572.65,1.0472,0.5966,0.9683,1.2536,0.8625,0.3051,1.2791,0.2989,0.1860,-0.7252,0.6732,0.7406,0.7129,0.6854,0.7068,0.7624,0.6725,0.7085,0.7285,0.7074,0.0039,0.0000,0.0122,0.0046,0.0089,0.0000,0.0095,0.0006,0.0002,0.0148,1.0000,1.0000,1.0000,1.0000,1.0000,1.0000,1.0000,1.0000,1.0000,1.0000,61.81,211.51,86.84,63.17,75.06,13.09,9.80,296.25,83.13,86.83,0.0000,0.0000,0.0000,0.0000,0.0000,0.0000,0.0000,0.0000,0.0000,0.0000,104304,74663,53998,54750,86225,66964,95775,572442,131417,91336,0,0,0,0,0,0,0,0,0,0,0.0000,0.0000,0.0000,0.0000,0.0000,0.0000,0.0000,0.0000,0.0000,0.0000,0,0,0,0,0,0,0,1,0,0,0,0,0,0,0,0,0,0,0,0,0.1475,0.0924,0.1530,0.0782,0.1168,0.0336,0.0910,0.1262,0.0233,0.1346,0.000,0.000,0.000,0.000,0.000,0.000,0.000,0.159,0.000,0.000,semi-presidential,parliamentary,parliamentary,parliamentary,parliamentary,semi-presidential,semi-presidential,electoral-authoritarian,electoral-authoritarian,parliamentary,0.800,0.800,0.800,0.800,0.580,0.800,0.800,0.500,0.500,0.800,46.2,100.0,100.0,100.0,100.0,67.1,90.0,100.0,100.0,100.0
2032-12-01,1.0089,0.9985,0.9944,0.9800,1.0007,0.9960,1.0017,0.9938,1.0117,1.0021,1.0054,0.9992,1.0101,1.0049,1.0685,0.9896,1.0228,0.9962,1.0291,1.0149,1.0606,1.0021,1.0737,0.9992,3909.28,5745.48,4456.48,2921.64,2385.53,1419.81,208.43,3019.94,2328.07,572.43,1.0416,0.5938,0.9625,1.2480,0.8578,0.3017,1.2774,0.2996,0.1847,-0.7400,0.6757,0.7436,0.7146,0.6944,0.7204,0.7600,0.6967,0.7014,0.7119,0.6946,0.0098,0.0032,0.0183,0.0101,0.0150,0.0007,0.0103,0.0024,0.0052,0.0160,0.9943,0.9940,0.9974,0.9952,0.9955,0.9952,1.0000,1.0000,0.9962,1.0000,62.12,213.70,88.69,63.81,75.80,13.42,9.88,297.25,83.65,87.05,0.0000,0.0000,0.0000,0.0000,0.0000,0.0000,0.0000,0.0000,0.0000,0.0000,104304,74663,53998,54750,86225,66964,95775,572442,131417,91336,0,0,0,0,0,0,0,0,0,0,0.0000,0.0000,0.0000,0.0000,0.0000,0.0000,0.0000,0.0000,0.0000,0.0000,0,0,0,0,0,0,0,1,0,0,0,0,0,0,0,0,0,0,0,0,0.1482,0.0933,0.1579,0.0787,0.1173,0.0343,0.0915,0.1275,0.0236,0.1351,0.000,0.000,0.000,0.000,0.000,0.000,0.000,0.159,0.000,0.000,semi-presidential,parliamentary,parliamentary,parliamentary,parliamentary,semi-presidential,semi-presidential,electoral-authoritarian,electoral-authoritarian,parliamentary,0.800,0.800,0.800,0.800,0.590,0.800,0.800,0.500,0.500,0.800,49.2,100.0,100.0,100.0,100.0,70.3,92.7,100.0,100.0,100.0
2033-01-01,1.0087,0.9990,0.9981,0.9800,1.0040,0.9960,1.0028,0.9939,1.0119,1.0040,1.0064,0.9999,1.0214,1.0005,1.2391,1.0066,1.0281,0.9959,1.0027,0.9940,1.0122,1.0076,1.0216,1.0001,3916.06,5751.95,4481.84,2933.31,2401.68,1427.40,208.92,3033.63,2345.01,572.81,1.0399,0.5932,0.9567,1.2430,0.8521,0.2983,1.2792,0.2997,0.1886,-0.7540,0.6762,0.7485,0.7275,0.6964,0.7232,0.7636,0.6828,0.7053,0.7251,0.6975,0.0175,0.0097,0.0245,0.0281,0.0231,0.0007,0.0110,0.0001,0.0110,0.0128,0.9986,0.9986,0.9994,0.9989,0.9989,0.9988,1.0000,1.0000,0.9991,1.0000,62.04,212.01,85.98,60.82,75.15,13.56,9.77,296.05,82.87,86.67,0.0000,0.0000,0.0000,0.0000,0.0000,0.0000,0.0000,0.0000,0.0000,0.0000,104304,74663,53998,54750,86225,66964,95775,572442,131417,91336,0,0,0,0,0,0,0,0,0,0,0.0000,0.0000,0.0000,0.0000,0.0000,0.0000,0.0000,0.0000,0.0000,0.0000,0,0,0,0,0,0,0,1,0,0,0,0,0,0,0,0,0,0,0,0,0.1497,0.0937,0.1584,0.0773,0.1187,0.0354,0.0922,0.1354,0.0237,0.1384,0.000,0.000,0.000,0.000,0.000,0.000,0.000,0.153,0.000,0.000,semi-presidential,parliamentary,parliamentary,parliamentary,parliamentary,semi-presidential,semi-presidential,electoral-authoritarian,electoral-authoritarian,parliamentary,0.800,0.800,0.800,0.800,0.600,0.800,0.800,0.500,0.500,0.800,52.2,100.0,100.0,100.0,100.0,73.5,98.3,100.0,100.0,100.0
2033-02-01,1.0085,1.0016,1.0043,0.9821,1.0052,0.9978,1.0036,0.9950,1.0100,1.0072,1.0054,0.9994,1.0574,1.0934,1.2384,1.0242,1.0091,1.0598,1.0113,0.9950,1.0100,1.0103,1.0056,0.9995,3920.74,5763.36,4496.02,2935.22,2407.21,1432.23,209.67,3037.41,2355.35,574.34,1.0388,0.5922,0.9535,1.2423,0.8500,0.2954,1.2774,0.3009,0.1880,-0.7665,0.6691,0.7346,0.7246,0.6788,0.7041,0.7642,0.6906,0.7354,0.7267,0.7092,0.0318,0.0248,0.0311,0.0413,0.0317,0.0113,0.0324,0.0000,0.0196,0.0049,0.9150,0.9224,0.9610,0.9292,0.9185,0.9406,0.9875,1.0000,0.9489,1.0000,61.61,208.91,84.54,61.56,74.52,13.73,9.81,294.89,83.15,86.45,0.0000,0.0000,0.0000,0.0000,0.0000,0.0000,0.0000,0.0000,0.0000,0.0000,104304,74663,53998,54750,86225,66964,95775,572442,131417,91336,0,0,0,0,0,0,0,0,0,0,0.0000,0.0000,0.0000,0.0000,0.0000,0.0000,0.0000,0.0000,0.0000,0.0000,0,0,0,0,0,0,0,1,0,0,0,0,0,0,0,0,0,0,0,0,0.1471,0.0916,0.1553,0.0758,0.1163,0.0349,0.0918,0.1351,0.0232,0.1386,0.000,0.000,0.000,0.000,0.000,0.000,0.000,0.153,0.000,0.000,semi-presidential,parliamentary,parliamentary,parliamentary,parliamentary,semi-presidential,semi-presidential,electoral-authoritarian,electoral-authoritarian,parliamentary,0.800,0.800,0.800,0.800,0.610,0.800,0.800,0.500,0.500,0.800,55.2,100.0,100.0,100.0,100.0,76.7,100.0,100.0,100.0,100.0
2033-03-01,1.0085,1.0067,1.0106,0.9861,1.0061,1.0008,1.0040,0.9942,1.0097,1.0080,1.0045,0.9995,1.0086,1.1663,1.2565,1.0479,1.0164,1.1078,1.0526,0.9943,1.0097,1.0083,1.0253,0.9997,3939.69,5768.62,4516.41,2935.22,2419.71,1441.21,210.18,3054.84,2364.76,576.41,1.0339,0.5917,0.9491,1.2423,0.8456,0.2916,1.2768,0.3007,0.1876,-0.7783,0.6640,0.7374,0.7224,0.6788,0.6887,0.7601,0.6939,0.7304,0.7084,0.7175,0.0407,0.0326,0.0391,0.0544,0.0414,0.0155,0.0053,0.0003,0.0269,0.0098,0.8557,0.8696,0.9332,0.8772,0.8577,0.8991,0.9778,1.0000,0.9054,1.0000,61.79,206.14,82.58,62.58,73.24,13.81,9.60,293.54,83.03,86.00,0.0000,0.0000,0.0000,0.0000,0.0000,0.0000,0.0000,0.0000,0.0000,0.0000,104304,74663,53998,54750,86225,66964,95775,572442,131417,91336,0,0,0,0,0,0,0,0,0,0,0.0000,0.0000,0.0000,0.0000,0.0000,0.0000,0.0000,0.0000,0.0000,0.0000,0,0,0,0,0,0,0,1,0,0,0,0,0,0,0,0,0,0,0,0,0.1495,0.0920,0.1582,0.0771,0.1181,0.0350,0.0922,0.1349,0.0236,0.1387,0.000,0.000,0.000,0.000,0.000,0.000,0.000,0.153,0.000,0.000,semi-presidential,parliamentary,parliamentary,parliamentary,parliamentary,semi-presidential,semi-presidential,electoral-authoritarian,electoral-authoritarian,parliamentary,0.800,0.800,0.800,0.800,0.620,0.800,0.800,0.500,0.500,0.800,58.1,30.0,100.0,100.0,100.0,80.0,100.0,100.0,100.0,100.0
2033-04-01,1.0089,1.0133,1.0155,0.9870,1.0104,1.0032,1.0047,0.9946,1.0090,1.0077,1.0057,0.9998,1.0450,1.2236,1.1675,1.0166,1.1185,1.0827,1.0317,1.2632,1.0092,1.0078,1.0390,1.0001,3952.16,5794.25,4533.66,2950.67,2425.62,1450.62,210.86,3078.61,2373.86,577.90,1.0308,0.5894,0.9455,1.2361,0.8437,0.2878,1.2751,0.2998,0.1871,-0.7908,0.6623,0.7293,0.7222,0.6558,0.7008,0.7564,0.6721,0.7376,0.7124,0.6823,0.0538,0.0323,0.0619,0.0620,0.0744,0.0211,0.0480,0.0023,0.0279,0.0665,0.8182,0.8333,0.9149,0.8402,0.8201,0.8669,0.9761,1.0000,0.8635,1.0000,61.95,212.81,86.88,60.13,74.93,13.21,9.69,296.80,83.75,85.46,0.0000,0.0000,0.0000,0.0000,0.0000,0.0000,0.0000,0.0000,0.0000,0.0000,104304,74663,53998,54750,86225,66964,95775,572442,131417,91336,0,0,0,0,0,0,0,0,0,0,0.0000,0.0000,0.0000,0.0000,0.0000,0.0000,0.0000,0.0000,0.0000,0.0000,0,0,0,0,0,0,0,1,0,0,0,0,0,0,0,0,0,0,0,0,0.1541,0.0935,0.1583,0.0773,0.1179,0.0350,0.0924,0.1356,0.0237,0.1379,0.000,0.000,0.000,0.000,0.000,0.000,0.000,0.153,0.000,0.000,semi-presidential,parliamentary,parliamentary,parliamentary,parliamentary,semi-presidential,semi-presidential,electoral-authoritarian,electoral-authoritarian,parliamentary,0.800,0.800,0.800,0.800,0.630,0.800,0.800,0.500,0.500,0.800,61.0,32.9,100.0,100.0,100.0,83.2,100.0,100.0,100.0,100.0
2033-05-01,1.0092,1.0186,1.0185,0.9871,1.0340,1.0045,1.0052,1.0006,1.0081,1.0079,1.0055,1.0000,1.0290,1.1398,1.1085,1.0118,1.1191,1.0563,1.0103,1.1267,1.0082,1.0078,1.0058,1.0000,3962.12,5802.79,4538.82,2961.17,2433.92,1460.46,210.99,3080.65,2387.95,579.49,1.0283,0.5889,0.9444,1.2319,0.8409,0.2841,1.2767,0.3004,0.1863,-0.7895,0.6594,0.7300,0.7098,0.6598,0.6808,0.7596,0.6664,0.7265,0.7054,0.6811,0.0297,0.0192,0.0368,0.0418,0.0464,0.0119,0.0321,0.0009,0.0135,0.0417,0.8890,0.9007,0.9493,0.9077,0.8909,0.9249,0.9829,1.0000,0.9342,1.0000,63.47,219.83,92.28,64.14,77.79,14.28,9.95,304.97,86.48,89.11,0.0000,0.0000,0.0000,0.0000,0.0000,0.0000,0.0000,0.0000,0.0000,0.0000,104304,74663,53998,54750,86225,66964,95775,572442,131417,91336,0,0,0,0,0,0,0,0,0,0,0.0000,0.0000,0.0000,0.0000,0.0000,0.0000,0.0000,0.0000,0.0000,0.0000,0,0,0,0,0,0,0,1,0,0,0,0,0,0,0,0,0,0,0,0,0.1544,0.0949,0.1585,0.0785,0.1184,0.0361,0.0947,0.1371,0.0243,0.1394,0.000,0.000,0.000,0.000,0.000,0.000,0.000,0.152,0.000,0.000,semi-presidential,parliamentary,parliamentary,parliamentary,parliamentary,semi-presidential,semi-presidential,electoral-authoritarian,electoral-authoritarian,parliamentary,0.800,0.800,0.800,0.800,0.640,0.800,0.800,0.500,0.500,0.800,63.1,35.8,100.0,100.0,100.0,86.4,100.0,100.0,100.0,100.0
2033-06-01,1.0072,1.0217,1.0205,0.9876,1.0482,1.0062,1.0064,1.0025,1.0081,1.0066,1.0039,0.9972,1.0078,1.0714,1.0773,1.0100,1.0983,1.0345,1.0066,1.0025,1.0082,1.0067,1.0040,0.9979,3980.19,5796.67,4535.19,2967.44,2436.59,1470.23,211.35,3092.21,2402.33,579.36,1.0238,0.5899,0.9452,1.2295,0.8400,0.2804,1.2767,0.3007,0.1856,-0.8043,0.6655,0.7222,0.6886,0.6588,0.3939,0.7580,0.6661,0.7398,0.6938,0.6784,0.0107,0.0088,0.0171,0.0252,0.0215,0.0050,0.0005,0.0000,0.0062,0.0189,0.9550,0.9574,0.9796,0.9625,0.9590,0.9669,0.9965,1.0000,0.9723,1.0000,62.32,218.14,90.87,61.91,75.35,14.91,9.69,296.26,85.34,89.15,0.0000,0.0000,0.0000,0.0000,0.0000,0.0000,0.0000,0.0000,0.0000,0.0000,104304,74663,53998,54750,86225,66964,95775,572442,131417,91336,0,0,0,0,0,0,0,0,0,0,0.0000,0.0000,0.0000,0.0000,0.0000,0.0000,0.0000,0.0000,0.0000,0.0000,0,0,0,0,0,0,0,1,0,0,0,0,0,0,0,0,0,0,0,0,0.1273,0.0817,0.1289,0.0632,0.0967,0.0312,0.0905,0.1290,0.0242,0.1400,0.000,0.000,0.000,0.000,0.000,0.000,0.000,0.153,0.000,0.000,semi-presidential,parliamentary,parliamentary,parliamentary,parliamentary,semi-presidential,semi-presidential,electoral-authoritarian,electoral-authoritarian,parliamentary,0.800,0.800,0.800,0.800,0.009,0.800,0.800,0.500,0.500,0.800,69.0,38.6,100.0,100.0,100.0,89.6,100.0,100.0,100.0,100.0
2033-07-01,1.0052,1.0214,1.0208,0.9903,1.0548,1.0064,1.0035,1.0016,1.0061,1.0024,1.0017,0.9950,1.0052,1.0215,1.0209,1.0128,1.0849,1.0065,1.0041,1.0018,1.0062,1.0029,1.0019,0.9952,3981.19,5825.66,4539.82,2968.34,2441.19,1478.21,211.96,3096.54,2402.72,581.20,1.0237,0.5923,0.9465,1.2293,0.8387,0.2771,1.2750,0.3017,0.1857,-0.8164,0.6603,0.7173,0.6913,0.6568,0.4872,0.7619,0.6761,0.7370,0.6821,0.6892,0.0000,0.0000,0.0072,0.0145,0.0071,0.0000,0.0000,0.0000,0.0000,0.0107,1.0000,1.0000,1.0000,1.0000,1.0000,1.0000,1.0000,1.0000,1.0000,1.0000,63.45,220.79,90.69,62.15,76.95,14.87,9.92,304.43,86.47,89.22,0.0000,0.0000,0.0000,0.0000,0.0000,0.0000,0.0000,0.0000,0.0000,0.0000,104304,74663,53998,54750,86225,66964,95775,572442,131417,91336,0,0,0,0,0,0,0,0,0,0,0.0000,0.0000,0.0000,0.0000,0.0000,0.0000,0.0000,0.0000,0.0000,0.0000,0,0,0,0,0,0,0,1,0,0,0,0,0,0,0,0,0,0,0,0,0.1263,0.0805,0.1279,0.0615,0.0957,0.0299,0.0902,0.1301,0.0233,0.1398,0.000,0.000,0.000,0.000,0.000,0.000,0.000,0.155,0.000,0.000,semi-presidential,parliamentary,parliamentary,parliamentary,parliamentary,semi-presidential,semi-presidential,electoral-authoritarian,electoral-authoritarian,parliamentary,0.800,0.800,0.800,0.800,0.019,0.800,0.800,0.500,0.500,0.800,71.8,41.4,100.0,100.0,100.0,92.8,100.0,100.0,30.0,100.0
2033-08-01,1.0052,1.0203,1.0192,0.9921,1.0597,1.0059,1.0001,1.0014,1.0057,0.9979,0.9991,0.9918,1.0241,1.0204,1.0195,1.0060,1.0729,1.0059,1.0001,1.0133,1.0058,0.9988,0.9994,0.9920,3990.55,5823.27,4527.01,2964.08,2438.32,1483.68,212.39,3106.53,2428.66,582.14,1.0214,0.5929,0.9494,1.2313,0.8399,0.2743,1.2743,0.3022,0.1824,-0.8297,0.6538,0.7187,0.6716,0.6514,0.5371,0.7595,0.6680,0.7274,0.7221,0.6986,0.0014,0.0007,0.0068,0.0066,0.0044,0.0006,0.0261,0.0001,0.0004,0.0050,1.0000,1.0000,1.0000,1.0000,1.0000,1.0000,1.0000,1.0000,1.0000,1.0000,63.92,220.75,91.41,63.86,77.99,14.81,10.15,307.67,87.43,89.42,0.0000,0.0000,0.0000,0.0000,0.0000,0.0000,0.0000,0.0000,0.0000,0.0000,104304,74663,53998,54750,86225,66964,95775,572442,131417,91336,0,0,0,0,0,0,0,0,0,0,0.0000,0.0000,0.0000,0.0000,0.0000,0.0000,0.0000,0.0000,0.0000,0.0000,0,0,0,0,0,0,0,1,0,0,0,0,0,0,0,0,0,0,0,0,0.1260,0.0796,0.1280,0.0616,0.0954,0.0285,0.0892,0.1289,0.0219,0.1398,0.000,0.000,0.000,0.000,0.000,0.000,0.000,0.158,0.000,0.000,semi-presidential,parliamentary,parliamentary,parliamentary,parliamentary,semi-presidential,semi-presidential,electoral-authoritarian,electoral-authoritarian,parliamentary,0.800,0.800,0.800,0.800,0.029,0.800,0.800,0.500,0.500,0.800,74.7,44.2,100.0,100.0,100.0,96.0,100.0,100.0,36.3,100.0
2033-09-01,1.0033,1.0187,1.0178,0.9911,1.0593,1.0061,0.9997,1.0024,1.0053,0.9965,0.9969,0.9909,1.0033,1.0189,1.0182,1.0023,1.0597,1.0060,1.0497,1.0025,1.0053,0.9967,0.9970,0.9910,3991.47,5832.70,4528.33,2969.57,2441.73,1489.43,212.82,3115.76,2445.88,584.64,1.0213,0.5923,0.9494,1.2292,0.8387,0.2716,1.2734,0.3028,0.1803,-0.8509,0.6548,0.7253,0.6694,0.6613,0.5498,0.7611,0.6838,0.7343,0.7297,0.7016,0.0015,0.0000,0.0065,0.0020,0.0010,0.0000,0.0015,0.0002,0.0001,0.0023,1.0000,1.0000,1.0000,1.0000,1.0000,1.0000,1.0000,1.0000,1.0000,1.0000,62.61,219.72,92.54,64.35,76.53,15.19,9.98,299.29,86.68,89.93,0.0000,0.0000,0.0000,0.0000,0.0000,0.0000,0.0000,0.0000,0.0000,0.0000,104304,74663,53998,54750,86225,66964,95775,572442,131417,91336,0,0,0,0,0,0,0,0,0,0,0.0000,0.0000,0.0000,0.0000,0.0000,0.0000,0.0000,0.0000,0.0000,0.0000,0,0,0,0,0,0,0,1,0,0,0,0,0,0,0,0,0,0,0,0,0.1402,0.0858,0.1431,0.0694,0.1061,0.0299,0.0863,0.1296,0.0234,0.1388,0.000,0.000,0.000,0.000,0.000,0.000,0.000,0.154,0.000,0.000,semi-presidential,parliamentary,parliamentary,parliamentary,parliamentary,semi-presidential,semi-presidential,electoral-authoritarian,electoral-authoritarian,parliamentary,0.800,0.800,0.800,0.800,0.039,0.800,0.800,0.500,0.500,0.800,77.5,47.1,100.0,100.0,100.0,99.2,100.0,100.0,39.6,100.0
2033-10-01,1.0021,1.0184,1.0169,0.9900,1.0570,1.0047,1.0011,1.0005,1.0044,0.9971,0.9941,0.9908,1.0023,1.0184,1.0170,1.0017,1.0576,1.0051,1.0059,1.0008,1.0045,0.9971,0.9943,0.9910,3994.66,5843.51,4543.59,2979.85,2446.15,1497.77,212.94,3126.31,2461.12,584.76,1.0206,0.5915,0.9465,1.2252,0.8373,0.2685,1.2742,0.3037,0.1785,-0.8610,0.6624,0.7318,0.6751,0.6747,0.5687,0.7623,0.6750,0.7532,0.7205,0.7129,0.0001,0.0000,0.0049,0.0023,0.0001,0.0000,0.0002,0.0000,0.0000,0.0004,1.0000,1.0000,1.0000,1.0000,1.0000,1.0000,1.0000,1.0000,1.0000,1.0000,62.78,219.50,92.82,65.46,77.06,15.02,10.01,301.99,87.49,89.83,0.0000,0.0000,0.0000,0.0000,0.0000,0.0000,0.0000,0.0000,0.0000,0.0000,104304,74663,53998,54750,86225,66964,95775,572442,131417,91336,0,0,0,0,0,0,0,0,0,0,0.0000,0.0000,0.0000,0.0000,0.0000,0.0000,0.0000,0.0000,0.0000,0.0000,0,0,0,0,0,0,0,1,0,0,0,0,0,0,0,0,0,0,0,0,0.1468,0.0885,0.1509,0.0732,0.1115,0.0304,0.0867,0.1311,0.0245,0.1388,0.000,0.000,0.000,0.000,0.000,0.000,0.000,0.154,0.000,0.000,semi-presidential,parliamentary,parliamentary,parliamentary,parliamentary,semi-presidential,semi-presidential,electoral-authoritarian,electoral-authoritarian,parliamentary,0.800,0.800,0.800,0.800,0.049,0.800,0.800,0.500,0.500,0.800,80.4,49.9,100.0,100.0,100.0,100.0,100.0,100.0,42.8,30.0
2033-11-01,1.0005,1.0177,1.0130,0.9883,1.0537,1.0045,1.0019,1.0004,1.0051,0.9996,0.9921,0.9913,1.0008,1.0179,1.0137,0.9966,1.0541,1.0045,1.0592,1.0004,1.0052,0.9992,0.9928,0.9914,4007.48,5854.94,4557.58,2986.05,2449.37,1504.50,213.37,3135.78,2468.44,586.34,1.0172,0.5907,0.9438,1.2228,0.8361,0.2657,1.2730,0.3043,0.1772,-0.8730,0.6634,0.7339,0.6881,0.6846,0.5794,0.7583,0.6714,0.7444,0.7324,0.7162,0.0018,0.0000,0.0070,0.0000,0.0012,0.0000,0.0017,0.0003,0.0001,0.0026,1.0000,1.0000,1.0000,1.0000,1.0000,1.0000,1.0000,1.0000,1.0000,1.0000,62.72,219.73,92.80,65.34,76.87,15.07,9.99,301.61,87.78,89.94,0.0000,0.0000,0.0000,0.0000,0.0000,0.0000,0.0000,0.0000,0.0000,0.0000,104304,74663,53998,54750,86225,66964,95775,572442,131417,91336,0,0,0,0,0,0,0,0,0,0,0.0000,0.0000,0.0000,0.0000,0.0000,0.0000,0.0000,0.0000,0.0000,0.0000,0,0,0,0,0,0,0,1,0,0,0,0,0,0,0,0,0,0,0,0,0.1447,0.0880,0.1491,0.0726,0.1101,0.0302,0.0851,0.1285,0.0242,0.1371,0.000,0.000,0.000,0.000,0.000,0.000,0.000,0.154,0.000,0.000,semi-presidential,parliamentary,parliamentary,parliamentary,parliamentary,semi-presidential,semi-presidential,electoral-authoritarian,electoral-authoritarian,parliamentary,0.800,0.800,0.800,0.800,0.058,0.800,0.800,0.500,0.500,0.800,83.3,52.8,100.0,100.0,100.0,100.0,100.0,100.0,46.1,32.8
2033-12-01,0.9987,1.0135,1.0073,0.9856,1.0499,1.0025,1.0037,1.0002,1.0040,1.0000,0.9915,0.9907,0.9998,1.0145,1.0085,0.9946,1.0503,1.0029,1.0673,1.0004,1.0041,1.0001,0.9916,0.9907,4015.73,5870.90,4582.47,2992.22,2464.79,1505.13,213.95,3145.63,2484.02,589.23,1.0150,0.5895,0.9390,1.2204,0.8310,0.2640,1.2707,0.3048,0.1754,-0.8831,0.6627,0.7392,0.6994,0.6966,0.5919,0.7578,0.6657,0.7413,0.7433,0.7263,0.0019,0.0000,0.0074,0.0000,0.0013,0.0000,0.0058,0.0003,0.0001,0.0029,1.0000,1.0000,1.0000,1.0000,1.0000,1.0000,1.0000,1.0000,1.0000,1.0000,63.60,220.65,93.55,65.87,78.23,15.05,10.16,305.59,88.18,90.12,0.0000,0.0000,0.0000,0.0000,0.0000,0.0000,0.0000,0.0000,0.0000,0.0000,104304,74663,53998,54750,86225,66964,95775,572442,131417,91336,0,0,0,0,0,0,0,0,0,0,0.0000,0.0000,0.0000,0.0000,0.0000,0.0000,0.0000,0.0000,0.0000,0.0000,0,0,0,0,0,0,0,1,0,0,0,0,0,0,0,0,0,0,0,0,0.1351,0.0836,0.1392,0.0679,0.1023,0.0335,0.0842,0.1265,0.0219,0.1350,0.000,0.000,0.000,0.000,0.000,0.000,0.000,0.154,0.000,0.000,semi-presidential,parliamentary,parliamentary,parliamentary,parliamentary,semi-presidential,semi-presidential,electoral-authoritarian,electoral-authoritarian,parliamentary,0.800,0.800,0.800,0.800,0.068,0.800,0.800,0.500,0.500,0.800,86.2,55.7,100.0,100.0,100.0,100.0,100.0,100.0,49.5,35.6
2034-01-01,1.0007,1.0106,1.0018,0.9818,1.0460,1.0022,1.0048,0.9971,1.0029,0.9973,0.9929,0.9888,1.1261,1.0109,1.0022,0.9910,1.0462,1.0092,1.0108,0.9975,1.0032,0.9979,1.0479,0.9890,4018.61,5884.22,4590.14,2992.73,2469.59,1513.98,213.64,3159.51,2486.29,589.94,1.0144,0.5885,0.9377,1.2203,0.8294,0.2609,1.2736,0.3050,0.1799,-0.8965,0.6522,0.7319,0.6943,0.6796,0.5910,0.7612,0.6412,0.7412,0.7400,0.7193,0.0107,0.0079,0.0120,0.0068,0.0099,0.0065,0.0337,0.0002,0.0042,0.0029,1.0000,1.0000,1.0000,1.0000,1.0000,1.0000,1.0000,1.0000,1.0000,1.0000,61.71,217.40,91.76,64.22,76.34,14.62,10.10,299.31,87.90,88.48,0.0000,0.0000,0.0000,0.0000,0.0000,0.0000,0.0000,0.0000,0.0000,0.0000,104304,74663,53998,54750,86225,66964,95775,572442,131417,91336,0,0,0,0,0,0,0,0,0,0,0.0000,0.0000,0.0000,0.0000,0.0000,0.0000,0.0000,0.0000,0.0000,0.0000,0,0,0,0,0,0,0,1,0,0,0,0,0,0,0,0,0,0,0,0,0.1278,0.0793,0.1314,0.0636,0.0964,0.0307,0.0785,0.1250,0.0200,0.1351,0.000,0.000,0.000,0.000,0.000,0.000,0.000,0.158,0.000,0.000,semi-presidential,parliamentary,parliamentary,parliamentary,parliamentary,semi-presidential,semi-presidential,electoral-authoritarian,electoral-authoritarian,parliamentary,0.800,0.800,0.800,0.800,0.078,0.800,0.800,0.500,0.500,0.800,89.0,58.6,100.0,100.0,100.0,100.0,100.0,100.0,50.7,38.4
2034-02-01,1.0066,1.0103,0.9977,0.9789,1.0406,1.0027,1.0029,0.9957,1.0018,0.9953,0.9956,0.9883,1.2520,1.0451,1.0355,0.9898,1.0616,1.0867,1.0045,1.0181,1.0141,1.0054,1.0352,0.9885,4021.35,5899.42,4601.35,3007.13,2478.68,1518.09,212.01,3162.55,2502.10,590.22,1.0138,0.5873,0.9356,1.2143,0.8264,0.2586,1.2844,0.3069,0.1780,-0.9047,0.6438,0.7231,0.6865,0.6649,0.6165,0.7483,0.5570,0.7136,0.7409,0.7305,0.0259,0.0218,0.0246,0.0250,0.0286,0.0100,0.0900,0.0014,0.0172,0.0106,0.9739,0.9733,0.9870,0.9735,0.9752,0.9959,0.9744,1.0000,0.9683,1.0000,58.93,211.72,89.20,61.77,73.74,14.31,6.09,286.69,85.72,86.58,0.0000,0.0000,0.0000,0.0000,0.0000,0.0000,0.4610,0.0421,0.0000,0.0000,104304,74663,53998,54750,86225,66964,95775,572442,131417,91336,0,0,0,0,0,0,0,0,0,0,0.0000,0.0000,0.0000,0.0000,0.0000,0.0000,0.0118,0.0046,0.0000,0.0000,0,0,0,0,0,0,0,1,0,0,0,0,0,0,0,0,1,1,0,0,0.1388,0.0832,0.1428,0.0686,0.1050,0.0321,0.0688,0.1241,0.0215,0.1346,0.000,0.000,0.000,0.000,0.000,0.000,0.000,0.159,0.000,0.000,semi-presidential,parliamentary,parliamentary,parliamentary,parliamentary,semi-presidential,semi-presidential,electoral-authoritarian,electoral-authoritarian,parliamentary,0.800,0.800,0.800,0.800,0.088,0.800,0.800,0.500,0.500,0.800,91.8,61.5,100.0,100.0,100.0,100.0,100.0,100.0,54.1,40.2
2034-03-01,1.0118,1.0089,0.9960,0.9765,1.0343,1.0027,1.0015,0.9969,1.0013,0.9950,0.9965,0.9875,1.2237,1.0376,1.0334,0.9770,1.0552,1.0522,1.0030,1.0323,1.0222,1.0121,1.0658,0.9878,4020.43,5903.72,4615.35,3006.27,2482.23,1525.66,210.39,3167.69,2516.10,589.91,1.0142,0.5872,0.9331,1.2147,0.8253,0.2557,1.2950,0.3077,0.1763,-0.9196,0.6387,0.7113,0.6923,0.6493,0.6459,0.7523,0.4983,0.7135,0.7210,0.7156,0.0237,0.0180,0.0180,0.0218,0.0264,0.0070,0.0919,0.0020,0.0153,0.0132,0.9796,0.9789,0.9897,0.9786,0.9803,1.0000,0.9757,1.0000,0.9728,1.0000,59.59,212.82,89.14,62.17,74.68,14.52,6.04,289.67,86.31,87.34,0.0000,0.0000,0.0000,0.0000,0.0000,0.0000,0.4611,0.0419,0.0000,0.0000,104304,74663,53998,54750,86225,66964,95775,572442,131417,91336,0,0,0,0,0,0,0,0,0,0,0.0000,0.0000,0.0000,0.0000,0.0000,0.0000,0.0210,0.0138,0.0000,0.0000,0,0,0,0,0,0,0,1,0,0,0,0,0,0,0,0,1,1,0,0,0.1296,0.0832,0.1339,0.0643,0.0978,0.0304,0.0675,0.1272,0.0196,0.1332,0.000,0.000,0.000,0.000,0.000,0.000,0.000,0.157,0.000,0.000,semi-presidential,parliamentary,parliamentary,parliamentary,parliamentary,semi-presidential,semi-presidential,electoral-authoritarian,electoral-authoritarian,parliamentary,0.800,0.800,0.800,0.800,0.098,0.800,0.800,0.500,0.500,0.800,94.6,64.3,100.0,100.0,100.0,100.0,100.0,100.0,57.3,43.0
2034-04-01,1.0158,1.0080,0.9982,0.9741,1.0288,1.0014,0.9994,0.9969,1.0013,0.9964,0.9984,0.9869,1.1006,1.0367,1.1953,0.9856,1.0498,1.0505,1.0010,1.0148,1.0132,1.0233,1.0567,0.9870,4033.61,5910.91,4617.59,3015.08,2485.12,1531.52,209.41,3186.94,2523.47,590.91,1.0110,0.5869,0.9326,1.2112,0.8244,0.2532,1.3020,0.3075,0.1751,-0.9325,0.6411,0.7150,0.6869,0.6457,0.6097,0.7437,0.4610,0.7055,0.6942,0.7026,0.0242,0.0149,0.0291,0.0260,0.0270,0.0000,0.0759,0.0016,0.0168,0.0137,0.9793,0.9787,0.9895,0.9783,0.9798,1.0000,0.9750,1.0000,0.9724,1.0000,62.37,216.45,91.35,64.44,77.39,14.72,5.87,301.28,87.31,89.25,0.0000,0.0000,0.0000,0.0000,0.0000,0.0000,0.4581,0.0410,0.0000,0.0000,104304,74663,53998,54750,86225,66964,95775,572442,131417,91336,0,0,0,0,0,0,0,0,0,0,0.0000,0.0000,0.0000,0.0000,0.0000,0.0000,0.0325,0.0253,0.0000,0.0000,0,0,0,0,0,0,0,1,0,0,0,0,0,0,0,0,1,1,0,0,0.1433,0.0885,0.1476,0.0702,0.1081,0.0321,0.0685,0.1298,0.0210,0.1359,0.000,0.000,0.000,0.000,0.000,0.000,0.000,0.158,0.000,0.000,semi-presidential,parliamentary,parliamentary,parliamentary,parliamentary,semi-presidential,semi-presidential,electoral-authoritarian,electoral-authoritarian,parliamentary,0.800,0.800,0.800,0.800,0.108,0.800,0.800,0.500,0.500,0.800,97.3,67.1,100.0,100.0,100.0,100.0,100.0,100.0,60.4,45.7
2034-05-01,1.0168,1.0098,1.0044,0.9748,1.0241,1.0007,0.9985,0.9984,1.0021,0.9979,1.0008,0.9864,1.0962,1.1106,1.2881,1.0140,1.0442,1.0494,0.9996,1.0568,1.0318,1.0253,1.0703,0.9868,4034.26,5921.47,4625.80,3019.56,2506.11,1536.10,208.76,3198.90,2534.37,591.88,1.0110,0.5862,0.9308,1.2094,0.8175,0.2509,1.3068,0.3077,0.1736,-0.9455,0.6333,0.7160,0.6782,0.6345,0.6406,0.7507,0.4479,0.6881,0.6934,0.7028,0.0416,0.0279,0.0436,0.0486,0.0436,0.0066,0.0614,0.0026,0.0295,0.0189,0.9129,0.9176,0.9591,0.9226,0.9166,0.9532,0.9658,1.0000,0.9314,1.0000,61.72,213.51,87.37,61.11,75.60,14.97,5.69,297.01,86.66,88.94,0.0000,0.0000,0.0000,0.0000,0.0000,0.0000,0.4583,0.0411,0.0000,0.0000,104304,74663,53998,54750,86225,66964,95775,572442,131417,91336,0,0,0,0,0,0,0,0,0,0,0.0000,0.0000,0.0000,0.0000,0.0000,0.0000,0.0417,0.0345,0.0000,0.0000,0,0,0,0,0,0,0,1,0,0,0,0,0,0,0,0,1,1,0,0,0.1267,0.0804,0.1292,0.0599,0.0952,0.0302,0.0686,0.1272,0.0185,0.1381,0.000,0.000,0.000,0.000,0.000,0.000,0.000,0.158,0.000,0.000,semi-presidential,parliamentary,parliamentary,parliamentary,parliamentary,semi-presidential,semi-presidential,electoral-authoritarian,electoral-authoritarian,parliamentary,0.800,0.800,0.800,0.800,0.118,0.800,0.800,0.500,0.500,0.800,100.0,69.9,100.0,100.0,100.0,100.0,100.0,100.0,63.5,48.4
2034-06-01,1.0171,1.0151,1.0121,0.9742,1.0200,1.0009,1.0001,1.0001,1.0032,1.0011,1.0006,0.9857,1.1044,1.1847,1.2315,1.0007,1.0403,1.0494,1.0930,1.0416,1.0152,1.0298,1.0109,0.9858,4046.88,5948.89,4625.47,3027.05,2504.10,1544.02,207.80,3230.41,2544.11,592.49,1.0080,0.5838,0.9307,1.2065,0.8182,0.2480,1.3135,0.3063,0.1722,-0.9590,0.6327,0.7010,0.6542,0.6299,0.5921,0.7450,0.4410,0.7016,0.6726,0.7039,0.0463,0.0318,0.0449,0.0464,0.0482,0.0125,0.0889,0.0020,0.0312,0.0175,0.8498,0.8628,0.9300,0.8691,0.8515,0.9105,0.9542,1.0000,0.8907,1.0000,62.88,219.15,92.16,63.40,78.16,15.20,5.76,304.19,88.62,89.13,0.0000,0.0000,0.0000,0.0000,0.0000,0.0000,0.4581,0.0413,0.0000,0.0000,104304,74663,53998,54750,86225,66964,95775,572442,131417,91336,0,0,0,0,0,0,0,0,0,0,0.0000,0.0000,0.0000,0.0000,0.0000,0.0000,0.0509,0.0460,0.0000,0.0000,0,0,0,0,0,0,0,1,0,0,0,0,0,0,0,0,1,1,0,0,0.1424,0.0882,0.1467,0.0686,0.1070,0.0318,0.0683,0.1294,0.0202,0.1360,0.000,0.000,0.000,0.000,0.000,0.000,0.000,0.159,0.000,0.000,semi-presidential,parliamentary,parliamentary,parliamentary,parliamentary,semi-presidential,semi-presidential,electoral-authoritarian,electoral-authoritarian,parliamentary,0.800,0.800,0.800,0.800,0.127,0.800,0.800,0.500,0.500,0.800,100.0,72.6,100.0,100.0,100.0,100.0,100.0,100.0,66.5,51.2
2034-07-01,1.0199,1.0185,1.0158,0.9747,1.0177,1.0011,1.0023,1.0016,1.0037,1.0035,1.0011,0.9875,1.1823,1.0746,1.1284,1.0011,1.0381,1.0504,1.0439,1.0044,1.0674,1.0157,1.0069,0.9879,4059.85,5957.01,4636.79,3027.51,2514.26,1555.18,207.49,3243.68,2550.59,594.51,1.0049,0.5834,0.9285,1.2064,0.8149,0.2438,1.3201,0.3064,0.1710,-0.9751,0.6398,0.7090,0.6544,0.6297,0.5939,0.7552,0.4550,0.7164,0.6655,0.6873,0.0262,0.0210,0.0276,0.0360,0.0305,0.0068,0.0894,0.0032,0.0202,0.0123,0.9548,0.9544,0.9784,0.9574,0.9587,0.9811,0.9745,1.0000,0.9561,1.0000,62.34,218.77,90.88,61.77,76.88,15.53,6.02,302.28,88.72,88.91,0.0000,0.0000,0.0000,0.0000,0.0000,0.0000,0.4594,0.0417,0.0000,0.0000,104304,74663,53998,54750,86225,66964,95775,572442,131417,91336,0,0,0,0,0,0,0,0,0,0,0.0000,0.0000,0.0000,0.0000,0.0000,0.0000,0.0624,0.0552,0.0000,0.0000,0,0,0,0,0,0,0,1,0,0,0,0,0,0,0,0,1,1,0,0,0.1439,0.0892,0.1480,0.0690,0.1089,0.0336,0.0740,0.1337,0.0219,0.1390,0.000,0.000,0.000,0.000,0.000,0.000,0.000,0.159,0.000,0.000,semi-presidential,parliamentary,parliamentary,parliamentary,parliamentary,semi-presidential,semi-presidential,electoral-authoritarian,electoral-authoritarian,parliamentary,0.800,0.800,0.800,0.800,0.137,0.800,0.800,0.500,0.500,0.800,100.0,75.4,100.0,100.0,100.0,100.0,96.8,100.0,69.4,54.8
2034-08-01,1.0239,1.0209,1.0195,0.9764,1.0141,1.0018,1.0026,1.0021,1.0062,1.0055,0.9994,0.9876,1.1578,1.0884,1.2077,1.0078,1.0341,1.0807,1.0058,1.0034,1.0335,1.0263,1.0014,0.9878,4062.52,5960.62,4646.64,3023.95,2523.44,1560.44,206.93,3254.58,2564.83,596.66,1.0044,0.5834,0.9265,1.2099,0.8120,0.2415,1.3242,0.3066,0.1693,-0.9861,0.6425,0.7091,0.6624,0.6214,0.5807,0.7553,0.4514,0.7239,0.6721,0.6974,0.0298,0.0241,0.0306,0.0429,0.0332,0.0066,0.0861,0.0016,0.0218,0.0099,0.9442,0.9451,0.9735,0.9486,0.9482,0.9740,0.9732,1.0000,0.9499,1.0000,63.25,219.30,90.48,61.96,77.66,15.80,5.81,305.39,89.37,89.72,0.0000,0.0000,0.0000,0.0000,0.0000,0.0000,0.4589,0.0413,0.0000,0.0000,104304,74663,53998,54750,86225,66964,95775,572442,131417,91336,0,0,0,0,0,0,0,0,0,0,0.0000,0.0000,0.0000,0.0000,0.0000,0.0000,0.0716,0.0644,0.0000,0.0000,0,0,0,0,0,0,0,1,0,0,0,0,0,0,0,0,1,1,0,0,0.1396,0.0874,0.1431,0.0666,0.1056,0.0364,0.0685,0.1329,0.0210,0.1395,0.000,0.000,0.000,0.000,0.000,0.000,0.000,0.159,0.000,0.000,semi-presidential,parliamentary,parliamentary,parliamentary,parliamentary,semi-presidential,semi-presidential,electoral-authoritarian,electoral-authoritarian,parliamentary,0.800,0.800,0.800,0.800,0.147,0.800,0.800,0.500,0.500,0.800,100.0,78.1,100.0,100.0,100.0,100.0,98.6,100.0,72.4,57.5
2034-09-01,1.0243,1.0235,1.0209,0.9798,1.0098,1.0053,1.0030,1.0018,1.0062,1.0073,0.9981,0.9862,1.1026,1.0729,1.0576,1.0084,1.0297,1.0538,1.0566,1.0031,1.0183,1.0300,0.9996,0.9863,4067.78,5963.45,4646.65,3021.74,2524.40,1571.96,206.40,3277.77,2570.51,597.66,1.0032,0.5834,0.9265,1.2109,0.8117,0.2382,1.3279,0.3060,0.1682,-0.9991,0.6428,0.7053,0.6627,0.6203,0.5863,0.7608,0.4745,0.6976,0.6790,0.7033,0.0149,0.0123,0.0187,0.0287,0.0178,0.0019,0.0563,0.0014,0.0123,0.0095,0.9608,0.9607,0.9811,0.9625,0.9634,0.9864,0.9747,1.0000,0.9600,1.0000,63.59,222.56,91.40,62.31,77.85,16.04,5.73,306.92,90.47,91.37,0.0000,0.0000,0.0000,0.0000,0.0000,0.0000,0.4589,0.0412,0.0000,0.0000,104304,74663,53998,54750,86225,66964,95775,572442,131417,91336,0,0,0,0,0,0,0,0,0,0,0.0000,0.0000,0.0000,0.0000,0.0000,0.0000,0.0831,0.0759,0.0000,0.0000,0,0,0,0,0,0,0,1,0,0,0,0,0,0,0,0,1,1,0,0,0.1430,0.0889,0.1471,0.0677,0.1081,0.0365,0.0708,0.1298,0.0214,0.1399,0.000,0.000,0.000,0.000,0.000,0.000,0.000,0.160,0.000,0.000,semi-presidential,parliamentary,parliamentary,parliamentary,parliamentary,semi-presidential,semi-presidential,electoral-authoritarian,electoral-authoritarian,parliamentary,0.800,0.800,0.800,0.800,0.157,0.800,0.800,0.500,0.500,0.800,100.0,80.9,100.0,100.0,100.0,100.0,100.0,100.0,75.4,60.2
2034-10-01,1.0246,1.0227,1.0201,0.9856,1.0073,1.0089,1.0042,1.0022,1.0048,1.0096,0.9958,0.9861,1.1041,1.0516,1.0566,1.0134,1.0266,1.1495,1.0205,1.0036,1.0172,1.0313,0.9978,0.9862,4090.77,5970.55,4658.37,3032.88,2527.46,1582.50,206.33,3289.95,2584.60,598.14,0.9977,0.5831,0.9242,1.2068,0.8108,0.2352,1.3306,0.3061,0.1665,-1.0129,0.6480,0.7123,0.6727,0.6294,0.6055,0.7688,0.4656,0.6930,0.6818,0.7058,0.0129,0.0117,0.0168,0.0281,0.0159,0.0012,0.0559,0.0011,0.0110,0.0078,0.9793,0.9787,0.9896,0.9783,0.9799,1.0000,0.9764,1.0000,0.9725,1.0000,64.10,222.78,91.62,62.32,78.18,16.22,5.76,307.79,90.29,91.45,0.0000,0.0000,0.0000,0.0000,0.0000,0.0000,0.4590,0.0412,0.0000,0.0000,104304,74663,53998,54750,86225,66964,95775,572442,131417,91336,0,0,0,0,0,0,0,0,0,0,0.0000,0.0000,0.0000,0.0000,0.0000,0.0000,0.0923,0.0851,0.0000,0.0000,0,0,0,0,0,0,0,1,0,0,0,0,0,0,0,0,1,1,0,0,0.1430,0.0889,0.1470,0.0677,0.1081,0.0368,0.0712,0.1328,0.0215,0.1400,0.000,0.000,0.000,0.000,0.000,0.000,0.000,0.156,0.000,0.000,semi-presidential,parliamentary,parliamentary,parliamentary,parliamentary,semi-presidential,semi-presidential,electoral-authoritarian,electoral-authoritarian,parliamentary,0.800,0.800,0.800,0.800,0.167,0.800,0.800,0.500,0.500,0.800,100.0,83.7,100.0,100.0,100.0,100.0,100.0,100.0,78.4,63.0
2034-11-01,1.0246,1.0192,1.0195,0.9893,1.0064,1.0139,1.0040,1.0007,1.0028,1.0100,0.9930,0.9875,1.1037,1.0483,1.0561,1.0094,1.0261,1.1577,1.0052,1.0256,1.0147,1.0197,0.9945,0.9875,4103.60,5981.34,4659.57,3024.87,2529.93,1593.66,206.20,3303.08,2596.34,599.44,0.9947,0.5824,0.9240,1.2103,0.8099,0.2322,1.3315,0.3061,0.1673,-1.0253,0.6548,0.7184,0.6844,0.6305,0.6271,0.7600,0.4782,0.7046,0.6732,0.7081,0.0137,0.0118,0.0176,0.0234,0.0166,0.0012,0.0554,0.0012,0.0111,0.0091,0.9793,0.9787,0.9896,0.9783,0.9800,1.0000,0.9764,1.0000,0.9726,1.0000,63.88,221.68,91.58,62.03,77.92,15.98,6.03,306.65,90.23,91.55,0.0000,0.0000,0.0000,0.0000,0.0000,0.0000,0.4567,0.0415,0.0000,0.0000,104304,74663,53998,54750,86225,66964,95775,572442,131417,91336,0,0,0,0,0,0,0,0,0,0,0.0000,0.0000,0.0000,0.0000,0.0000,0.0000,0.1015,0.0943,0.0000,0.0000,0,0,0,0,0,0,0,1,0,0,0,0,0,0,0,0,1,1,0,0,0.1438,0.0932,0.1478,0.0688,0.1089,0.0374,0.0791,0.1341,0.0222,0.1399,0.000,0.000,0.000,0.000,0.000,0.000,0.000,0.155,0.000,0.000,semi-presidential,parliamentary,parliamentary,parliamentary,parliamentary,semi-presidential,semi-presidential,electoral-authoritarian,electoral-authoritarian,parliamentary,0.800,0.800,0.800,0.800,0.175,0.800,0.800,0.500,0.500,0.800,100.0,86.5,100.0,100.0,100.0,100.0,100.0,100.0,81.3,65.7
2034-12-01,1.0247,1.0152,1.0183,0.9901,1.0081,1.0188,1.0032,1.0003,1.0012,1.0096,0.9927,0.9893,1.1099,1.0431,1.0555,1.0093,1.0448,1.1567,1.0044,1.0016,1.0133,1.0190,1.0007,0.9895,4115.29,6003.70,4662.41,3026.43,2533.02,1600.44,206.57,3324.19,2612.86,600.62,0.9919,0.5806,0.9236,1.2100,0.8089,0.2300,1.3291,0.3057,0.1657,-1.0379,0.6602,0.7230,0.7066,0.6362,0.6216,0.7618,0.4943,0.7152,0.6837,0.7104,0.0127,0.0117,0.0178,0.0261,0.0202,0.0011,0.0711,0.0010,0.0110,0.0135,0.9797,0.9791,0.9898,0.9787,0.9804,1.0000,0.9764,1.0000,0.9730,1.0000,64.52,222.50,91.80,62.41,78.72,15.87,6.06,310.47,90.89,91.46,0.0000,0.0000,0.0000,0.0000,0.0000,0.0000,0.4567,0.0417,0.0000,0.0000,104304,74663,53998,54750,86225,66964,95775,572442,131417,91336,0,0,0,0,0,0,0,0,0,0,0.0000,0.0000,0.0000,0.0000,0.0000,0.0000,0.1130,0.1058,0.0000,0.0000,0,0,0,0,0,0,0,1,0,0,0,0,0,0,0,0,1,1,0,0,0.1498,0.0945,0.1496,0.0704,0.1106,0.0387,0.0816,0.1393,0.0236,0.1394,0.000,0.000,0.000,0.000,0.000,0.000,0.000,0.150,0.000,0.000,semi-presidential,parliamentary,parliamentary,parliamentary,parliamentary,semi-presidential,semi-presidential,electoral-authoritarian,electoral-authoritarian,parliamentary,0.800,0.800,0.800,0.800,0.185,0.800,0.800,0.500,0.500,0.800,100.0,89.3,100.0,100.0,100.0,100.0,100.0,100.0,84.4,68.5
2035-01-01,1.0237,1.0115,1.0176,0.9922,1.0107,1.0221,1.0032,0.9998,0.9995,1.0089,0.9948,0.9890,1.1014,1.0397,1.0835,1.0126,1.0302,1.1027,1.0044,1.0011,1.0118,1.0185,1.0778,0.9894,4125.63,6028.54,4667.70,3028.81,2544.95,1606.35,206.14,3345.35,2627.00,601.25,0.9893,0.5785,0.9228,1.2095,0.8052,0.2279,1.3318,0.3050,0.1641,-1.0514,0.6588,0.7354,0.6994,0.6445,0.6140,0.7663,0.5176,0.7142,0.6800,0.7087,0.0158,0.0113,0.0198,0.0246,0.0185,0.0004,0.0559,0.0014,0.0117,0.0113,0.9797,0.9790,0.9897,0.9787,0.9804,1.0000,0.9761,1.0000,0.9730,1.0000,63.40,221.61,91.02,61.18,77.07,15.90,5.98,304.51,90.01,91.42,0.0000,0.0000,0.0000,0.0000,0.0000,0.0000,0.4567,0.0416,0.0000,0.0000,104304,74663,53998,54750,86225,66964,95775,572442,131417,91336,0,0,0,0,0,0,0,0,0,0,0.0000,0.0000,0.0000,0.0000,0.0000,0.0000,0.1222,0.1150,0.0000,0.0000,0,0,0,0,0,0,0,1,0,0,0,0,0,0,0,0,1,1,0,0,0.1312,0.0856,0.1298,0.0611,0.0961,0.0355,0.0781,0.1337,0.0208,0.1393,0.000,0.000,0.000,0.000,0.000,0.000,0.000,0.150,0.000,0.000,semi-presidential,parliamentary,parliamentary,parliamentary,parliamentary,semi-presidential,semi-presidential,electoral-authoritarian,electoral-authoritarian,parliamentary,0.800,0.800,0.800,0.800,0.205,0.800,0.800,0.500,0.500,0.800,100.0,92.2,100.0,100.0,100.0,100.0,100.0,100.0,87.4,71.3
2035-02-01,1.0222,1.0085,1.0182,0.9934,1.0094,1.0218,1.0006,1.0003,0.9974,1.0072,0.9976,0.9872,1.1007,1.0373,1.0844,1.0064,1.0285,1.0727,1.0022,1.0661,1.0093,1.0167,1.0474,0.9873,4137.04,6036.21,4649.09,3030.86,2554.18,1614.46,206.19,3351.47,2638.19,601.25,0.9865,0.5782,0.9296,1.2090,0.8025,0.2255,1.3316,0.3061,0.1627,-1.0659,0.6551,0.7269,0.6832,0.6478,0.6119,0.7683,0.5253,0.7052,0.6945,0.7109,0.0176,0.0108,0.0219,0.0195,0.0197,0.0000,0.0593,0.0017,0.0118,0.0143,0.9791,0.9785,0.9894,0.9781,0.9797,1.0000,0.9753,1.0000,0.9723,1.0000,63.82,222.06,92.70,63.77,78.57,15.87,6.03,308.21,90.77,91.41,0.0000,0.0000,0.0000,0.0000,0.0000,0.0000,0.4566,0.0418,0.0000,0.0000,104304,74663,53998,54750,86225,66964,95775,572442,131417,91336,0,0,0,0,0,0,0,0,0,0,0.0000,0.0000,0.0000,0.0000,0.0000,0.0000,0.1314,0.1265,0.0000,0.0000,0,0,0,0,0,0,0,1,0,0,0,0,0,0,0,0,1,1,0,0,0.1283,0.0836,0.1268,0.0604,0.0938,0.0338,0.0747,0.1329,0.0193,0.1386,0.000,0.000,0.000,0.000,0.000,0.000,0.000,0.151,0.000,0.000,semi-presidential,parliamentary,parliamentary,parliamentary,parliamentary,semi-presidential,semi-presidential,electoral-authoritarian,electoral-authoritarian,parliamentary,0.800,0.800,0.800,0.800,0.215,0.800,0.800,0.500,0.500,0.800,100.0,95.1,100.0,100.0,100.0,100.0,100.0,100.0,90.4,74.1
2035-03-01,1.0213,1.0082,1.0187,0.9944,1.0072,1.0162,1.0002,1.0011,0.9942,1.0057,1.0001,0.9853,1.1008,1.0375,1.0600,1.0150,1.0266,1.0671,1.0096,1.0060,1.0058,1.0152,1.1162,0.9853,4140.38,6038.13,4652.39,3031.80,2554.18,1621.08,206.18,3359.33,2646.55,603.64,0.9858,0.5783,0.9292,1.2087,0.8025,0.2234,1.3319,0.3066,0.1614,-1.0762,0.6431,0.7216,0.6649,0.6471,0.6119,0.7632,0.5187,0.7131,0.6830,0.7085,0.0153,0.0102,0.0195,0.0232,0.0178,0.0000,0.0594,0.0016,0.0109,0.0130,0.9784,0.9779,0.9891,0.9774,0.9789,1.0000,0.9745,1.0000,0.9715,1.0000,64.18,222.70,91.65,62.39,78.75,16.02,6.02,311.94,91.55,91.42,0.0000,0.0000,0.0000,0.0000,0.0000,0.0000,0.4566,0.0418,0.0000,0.0000,104304,74663,53998,54750,86225,66964,95775,572442,131417,91336,0,0,0,0,0,0,0,0,0,0,0.0000,0.0000,0.0000,0.0000,0.0000,0.0000,0.1406,0.1357,0.0000,0.0000,0,0,0,0,0,0,0,1,0,0,0,0,0,0,0,0,1,1,0,0,0.1315,0.0846,0.1303,0.0602,0.0961,0.0336,0.0752,0.1342,0.0191,0.1387,0.000,0.000,0.000,0.000,0.000,0.000,0.000,0.153,0.000,0.000,semi-presidential,parliamentary,parliamentary,parliamentary,parliamentary,semi-presidential,semi-presidential,electoral-authoritarian,electoral-authoritarian,parliamentary,0.800,0.800,0.800,0.788,0.215,0.820,0.800,0.500,0.500,0.800,100.0,97.9,100.0,100.0,100.0,95.0,100.0,100.0,93.5,76.8
2035-04-01,1.0206,1.0082,1.0195,0.9981,1.0053,1.0114,0.9975,1.0024,0.9947,1.0049,1.0038,0.9864,1.1073,1.0376,1.0562,1.0190,1.0248,1.0610,0.9995,1.0632,1.0599,1.0141,1.0668,0.9865,4153.16,6057.55,4650.03,3029.90,2563.20,1628.01,206.12,3374.06,2659.50,604.49,0.9828,0.5768,0.9298,1.2092,0.8000,0.2209,1.3327,0.3066,0.1599,-1.0892,0.6449,0.7260,0.6611,0.6394,0.6120,0.7578,0.5232,0.6944,0.6646,0.7162,0.0159,0.0100,0.0209,0.0237,0.0197,0.0000,0.0855,0.0038,0.0128,0.0160,0.9783,0.9779,0.9890,0.9772,0.9787,1.0000,0.9741,1.0000,0.9712,1.0000,64.90,224.24,92.24,62.85,79.61,16.07,6.06,316.10,92.70,91.50,0.0000,0.0000,0.0000,0.0000,0.0000,0.0000,0.4567,0.0417,0.0000,0.0000,104304,74663,53998,54750,86225,66964,95775,572442,131417,91336,0,0,0,0,0,0,0,0,0,0,0.0000,0.0000,0.0000,0.0000,0.0000,0.0000,0.1521,0.1449,0.0000,0.0000,0,0,0,0,0,0,0,1,0,0,0,0,0,0,0,0,1,1,0,0,0.1472,0.0923,0.1471,0.0682,0.1080,0.0366,0.0794,0.1390,0.0218,0.1386,0.000,0.000,0.000,0.000,0.000,0.000,0.000,0.152,0.000,0.000,semi-presidential,parliamentary,parliamentary,parliamentary,parliamentary,semi-presidential,semi-presidential,electoral-authoritarian,electoral-authoritarian,parliamentary,0.800,0.800,0.800,0.797,0.234,0.807,0.800,0.500,0.500,0.800,100.0,100.0,100.0,100.0,100.0,99.3,100.0,100.0,96.4,79.6
2035-05-01,1.0204,1.0096,1.0192,1.0011,1.0053,1.0068,0.9965,1.0020,0.9977,1.0038,1.0033,0.9862,1.1034,1.0570,1.0558,1.0205,1.0244,1.0562,0.9976,1.0033,1.1030,1.0136,1.0144,0.9864,4164.01,6066.64,4658.78,3029.35,2570.75,1635.58,206.09,3389.43,2673.22,604.92,0.9804,0.5763,0.9283,1.2092,0.7978,0.2217,1.3332,0.3065,0.1583,-1.1030,0.6504,0.7265,0.6736,0.6369,0.5987,0.7592,0.5201,0.7100,0.6739,0.7117,0.0137,0.0123,0.0170,0.0249,0.0196,0.0018,0.0705,0.0045,0.0155,0.0099,0.9617,0.9613,0.9814,0.9632,0.9645,0.9868,0.9738,1.0000,0.9605,1.0000,65.22,224.84,92.59,63.17,79.94,16.18,6.10,317.05,93.60,91.67,0.0000,0.0000,0.0000,0.0000,0.0000,0.0000,0.4559,0.0415,0.0000,0.0000,104304,74663,53998,54750,86225,66964,95775,572442,131417,91336,0,0,0,0,0,0,0,0,0,0,0.0000,0.0000,0.0000,0.0000,0.0000,0.0000,0.1613,0.1541,0.0000,0.0000,0,0,0,0,0,0,0,1,0,0,0,0,0,0,0,0,1,1,0,0,0.1427,0.0903,0.1420,0.0662,0.1045,0.0360,0.0777,0.1376,0.0212,0.1387,0.000,0.000,0.000,0.000,0.000,0.000,0.000,0.152,0.000,0.000,semi-presidential,parliamentary,parliamentary,parliamentary,parliamentary,semi-presidential,semi-presidential,electoral-authoritarian,electoral-authoritarian,parliamentary,0.800,0.800,0.800,0.800,0.244,0.800,0.800,0.500,0.500,0.800,100.0,100.0,100.0,100.0,100.0,100.0,100.0,100.0,99.3,82.4
2035-06-01,1.0190,1.0103,1.0171,1.0011,1.0059,1.0041,0.9969,1.0019,1.0012,1.0014,1.0031,0.9860,1.0941,1.0398,1.0543,1.0127,1.0272,1.0528,1.0257,1.0257,1.0634,1.0103,1.0285,0.9860,4173.10,6070.42,4665.52,3036.78,2578.55,1638.79,206.16,3401.73,2688.69,606.03,0.9783,0.5762,0.9301,1.2062,0.7956,0.2202,1.3331,0.3070,0.1567,-1.1155,0.6575,0.7250,0.6761,0.6317,0.5944,0.7690,0.5267,0.7038,0.6750,0.7128,0.0135,0.0098,0.0180,0.0179,0.0183,0.0000,0.0568,0.0033,0.0124,0.0130,0.9782,0.9778,0.9890,0.9771,0.9786,1.0000,0.9743,1.0000,0.9711,1.0000,63.66,223.57,93.32,63.71,78.28,16.33,5.89,307.23,92.60,92.23,0.0000,0.0000,0.0000,0.0000,0.0000,0.0000,0.4558,0.0416,0.0000,0.0000,104304,74663,53998,54750,86225,66964,95775,572442,131417,91336,0,0,0,0,0,0,0,0,0,0,0.0000,0.0000,0.0000,0.0000,0.0000,0.0000,0.1728,0.1656,0.0000,0.0000,0,0,0,0,0,0,0,1,0,0,0,0,0,0,0,0,1,1,0,0,0.1471,0.0922,0.1465,0.0693,0.1079,0.0402,0.0792,0.1340,0.0252,0.1385,0.000,0.000,0.000,0.000,0.000,0.000,0.000,0.152,0.000,0.000,semi-presidential,parliamentary,parliamentary,parliamentary,parliamentary,semi-presidential,semi-presidential,electoral-authoritarian,electoral-authoritarian,parliamentary,0.800,0.800,0.800,0.800,0.254,0.800,0.800,0.500,0.500,0.800,100.0,100.0,100.0,100.0,100.0,100.0,100.0,100.0,100.0,85.2
2035-07-01,1.0170,1.0093,1.0144,1.0008,1.0068,1.0027,0.9976,1.0023,1.0008,1.0002,1.0037,0.9859,1.0937,1.0375,1.0510,1.0121,1.0371,1.0511,0.9988,1.0229,1.0129,1.0100,1.0267,0.9859,4180.79,6089.33,4673.92,3043.82,2594.58,1652.85,205.79,3415.32,2701.31,607.47,0.9766,0.5747,0.9285,1.2036,0.7960,0.2172,1.3357,0.3070,0.1552,-1.1273,0.6630,0.7228,0.6871,0.6399,0.6082,0.7754,0.5260,0.7104,0.6781,0.7108,0.0123,0.0097,0.0166,0.0187,0.0184,0.0000,0.0556,0.0012,0.0104,0.0129,0.9794,0.9788,0.9896,0.9784,0.9801,1.0000,0.9757,1.0000,0.9727,1.0000,64.18,224.89,94.64,64.87,79.28,16.40,6.02,309.06,92.66,92.45,0.0000,0.0000,0.0000,0.0000,0.0000,0.0000,0.4559,0.0415,0.0000,0.0000,104304,74663,53998,54750,86225,66964,95775,572442,131417,91336,0,0,0,0,0,0,0,0,0,0,0.0000,0.0000,0.0000,0.0000,0.0000,0.0000,0.1820,0.1748,0.0000,0.0000,0,0,0,0,0,0,0,1,0,0,0,0,0,0,0,0,1,1,0,0,0.1471,0.0924,0.1468,0.0698,0.1073,0.0400,0.0794,0.1347,0.0252,0.1381,0.000,0.000,0.000,0.000,0.000,0.000,0.000,0.152,0.000,0.000,semi-presidential,parliamentary,parliamentary,parliamentary,parliamentary,semi-presidential,semi-presidential,electoral-authoritarian,electoral-authoritarian,parliamentary,0.800,0.800,0.800,0.800,0.264,0.800,0.800,0.500,0.500,0.800,100.0,100.0,100.0,100.0,100.0,100.0,100.0,100.0,100.0,88.0
2035-08-01,1.0135,1.0078,1.0137,1.0018,1.0093,1.0005,0.9973,1.0012,1.0012,0.9996,1.0047,0.9870,1.0887,1.0365,1.0505,1.0171,1.0320,1.0490,0.9984,1.0025,1.0523,1.0079,1.0526,0.9870,4185.20,6108.15,4693.30,3043.88,2604.41,1661.39,205.98,3428.41,2712.02,609.01,0.9756,0.5731,0.9246,1.2036,0.7932,0.2154,1.3348,0.3072,0.1539,-1.1389,0.6687,0.7260,0.6963,0.6431,0.6246,0.7530,0.5181,0.7017,0.6765,0.7074,0.0121,0.0097,0.0162,0.0205,0.0173,0.0000,0.0549,0.0026,0.0118,0.0115,0.9791,0.9785,0.9894,0.9781,0.9797,1.0000,0.9752,1.0000,0.9723,1.0000,63.42,224.32,92.57,62.10,78.35,16.60,5.81,306.48,92.53,92.20,0.0000,0.0000,0.0000,0.0000,0.0000,0.0000,0.4559,0.0415,0.0000,0.0000,104304,74663,53998,54750,86225,66964,95775,572442,131417,91336,0,0,0,0,0,0,0,0,0,0,0.0000,0.0000,0.0000,0.0000,0.0000,0.0000,0.1912,0.1840,0.0000,0.0000,0,0,0,0,0,0,0,1,0,0,0,0,0,0,0,0,1,1,0,0,0.1477,0.0927,0.1474,0.0691,0.1086,0.0408,0.0800,0.1344,0.0257,0.1384,0.000,0.000,0.000,0.000,0.000,0.000,0.000,0.151,0.000,0.000,semi-presidential,parliamentary,parliamentary,parliamentary,parliamentary,semi-presidential,semi-presidential,electoral-authoritarian,electoral-authoritarian,parliamentary,0.800,0.800,0.800,0.800,0.273,0.800,0.800,0.500,0.500,0.800,100.0,100.0,100.0,100.0,100.0,100.0,91.1,100.0,100.0,90.8
2035-09-01,1.0090,1.0060,1.0125,1.0035,1.0095,0.9988,0.9965,1.0022,1.0016,0.9971,1.0058,0.9879,1.0822,1.0348,1.0492,1.0160,1.0284,1.0471,1.0097,1.0415,1.0136,1.0049,1.0439,0.9880,4196.45,6116.18,4717.18,3051.11,2611.98,1670.26,206.61,3441.15,2731.11,609.82,0.9731,0.5726,0.9196,1.2008,0.7911,0.2132,1.3311,0.3077,0.1514,-1.1519,0.6721,0.7263,0.7000,0.6484,0.6225,0.7686,0.5288,0.6773,0.6910,0.7060,0.0141,0.0097,0.0177,0.0176,0.0166,0.0000,0.0540,0.0015,0.0105,0.0120,0.9786,0.9781,0.9892,0.9776,0.9792,1.0000,0.9747,1.0000,0.9718,1.0000,62.94,224.23,92.99,61.59,77.81,16.84,5.72,303.38,92.15,92.06,0.0000,0.0000,0.0000,0.0000,0.0000,0.0000,0.4557,0.0418,0.0000,0.0000,104304,74663,53998,54750,86225,66964,95775,572442,131417,91336,0,0,0,0,0,0,0,0,0,0,0.0000,0.0000,0.0000,0.0000,0.0000,0.0000,0.2027,0.1955,0.0000,0.0000,0,0,0,0,0,0,0,1,0,0,0,0,0,0,0,0,1,1,0,0,0.1484,0.0936,0.1478,0.0697,0.1093,0.0416,0.0795,0.1333,0.0264,0.1379,0.000,0.000,0.000,0.000,0.000,0.000,0.000,0.150,0.000,0.000,semi-presidential,parliamentary,parliamentary,parliamentary,parliamentary,semi-presidential,semi-presidential,electoral-authoritarian,electoral-authoritarian,parliamentary,0.800,0.800,0.800,0.800,0.283,0.800,0.800,0.500,0.500,0.800,100.0,100.0,100.0,100.0,100.0,100.0,93.8,100.0,100.0,93.5
2035-10-01,1.0046,1.0056,1.0091,1.0010,1.0081,0.9969,0.9973,1.0036,1.0004,0.9958,1.0084,0.9882,1.0777,1.0345,1.0456,1.0015,1.0265,1.0446,0.9985,1.0471,1.0125,1.0053,1.0296,0.9882,4205.23,6145.84,4735.11,3052.56,2620.86,1687.79,204.85,3454.11,2742.28,610.03,0.9711,0.5701,0.9159,1.2003,0.7887,0.2097,1.3428,0.3079,0.1500,-1.1659,0.6739,0.7331,0.7127,0.6534,0.6356,0.7703,0.5310,0.6745,0.6833,0.7001,0.0133,0.0097,0.0122,0.0143,0.0160,0.0000,0.0544,0.0014,0.0105,0.0108,0.9785,0.9780,0.9891,0.9775,0.9791,1.0000,0.9745,1.0000,0.9717,1.0000,63.35,226.28,96.48,64.80,79.30,17.09,5.92,306.44,92.74,92.30,0.0000,0.0000,0.0000,0.0000,0.0000,0.0000,0.4550,0.0415,0.0000,0.0000,104304,74663,53998,54750,86225,66964,95775,572442,131417,91336,0,0,0,0,0,0,0,0,0,0,0.0000,0.0000,0.0000,0.0000,0.0000,0.0000,0.2119,0.2047,0.0000,0.0000,0,0,0,0,0,0,0,1,0,0,0,0,0,0,0,0,1,1,0,0,0.1471,0.0938,0.1487,0.0716,0.1084,0.0405,0.0752,0.1303,0.0253,0.1328,0.000,0.000,0.000,0.000,0.000,0.000,0.000,0.150,0.000,0.000,semi-presidential,parliamentary,parliamentary,parliamentary,parliamentary,semi-presidential,semi-presidential,electoral-authoritarian,electoral-authoritarian,parliamentary,0.800,0.800,0.800,0.800,0.293,0.800,0.800,0.500,0.500,0.800,100.0,100.0,100.0,100.0,100.0,100.0,96.0,100.0,100.0,96.2
2035-11-01,1.0010,1.0045,1.0073,0.9960,1.0063,0.9955,0.9975,1.0049,0.9995,0.9958,1.0062,0.9905,1.0747,1.0332,1.0439,1.0050,1.0249,1.0433,1.0105,1.0289,1.0168,1.0058,1.0080,0.9910,4221.84,6157.22,4771.69,3063.06,2627.94,1697.99,204.50,3467.00,2757.34,610.62,0.9673,0.5693,0.9088,1.1961,0.7868,0.2077,1.3454,0.3085,0.1485,-1.1791,0.6765,0.7437,0.7175,0.6519,0.6343,0.7791,0.5276,0.6859,0.6916,0.6996,0.0122,0.0097,0.0157,0.0144,0.0154,0.0000,0.0543,0.0014,0.0107,0.0094,0.9789,0.9783,0.9893,0.9779,0.9794,1.0000,0.9748,1.0000,0.9721,1.0000,63.85,227.16,97.51,65.32,80.04,17.28,6.01,309.38,93.30,92.13,0.0000,0.0000,0.0000,0.0000,0.0000,0.0000,0.4551,0.0414,0.0000,0.0000,104304,74663,53998,54750,86225,66964,95775,572442,131417,91336,0,0,0,0,0,0,0,0,0,0,0.0000,0.0000,0.0000,0.0000,0.0000,0.0000,0.2211,0.2162,0.0000,0.0000,0,0,0,0,0,0,0,1,0,0,0,0,0,0,0,0,1,1,0,0,0.1492,0.0957,0.1506,0.0734,0.1103,0.0426,0.0797,0.1339,0.0270,0.1325,0.000,0.000,0.000,0.000,0.000,0.000,0.000,0.148,0.000,0.000,semi-presidential,parliamentary,parliamentary,parliamentary,parliamentary,semi-presidential,semi-presidential,electoral-authoritarian,electoral-authoritarian,parliamentary,0.800,0.800,0.800,0.800,0.303,0.800,0.800,0.500,0.500,0.800,100.0,100.0,100.0,100.0,100.0,30.0,98.2,100.0,100.0,99.0
2035-12-01,0.9992,1.0031,1.0055,0.9913,1.0044,0.9926,0.9978,1.0052,0.9999,0.9950,1.0016,0.9941,1.0740,1.0311,1.0418,0.9915,1.0229,1.0402,0.9991,1.0311,1.0218,1.0041,1.0037,0.9944,4230.43,6182.26,4784.02,3075.72,2632.60,1706.00,204.13,3478.76,2777.19,611.55,0.9654,0.5673,0.9066,1.1913,0.7856,0.2059,1.3482,0.3088,0.1467,-1.1917,0.6795,0.7439,0.7223,0.6669,0.6455,0.7835,0.5233,0.6957,0.7080,0.6992,0.0119,0.0097,0.0105,0.0144,0.0154,0.0000,0.0552,0.0015,0.0108,0.0091,0.9793,0.9787,0.9895,0.9783,0.9799,1.0000,0.9752,1.0000,0.9726,1.0000,64.16,227.89,97.24,65.81,80.81,17.33,5.99,311.72,93.98,92.19,0.0000,0.0000,0.0000,0.0000,0.0000,0.0000,0.4537,0.0414,0.0000,0.0000,104304,74663,53998,54750,86225,66964,95775,572442,131417,91336,0,0,0,0,0,0,0,0,0,0,0.0000,0.0000,0.0000,0.0000,0.0000,0.0000,0.2326,0.2254,0.0000,0.0000,0,0,0,0,0,0,0,1,0,0,0,0,0,0,0,0,1,1,0,0,0.1518,0.0980,0.1531,0.0759,0.1129,0.0446,0.0813,0.1359,0.0290,0.1320,0.000,0.000,0.000,0.000,0.000,0.000,0.000,0.146,0.000,0.000,semi-presidential,parliamentary,parliamentary,parliamentary,parliamentary,semi-presidential,semi-presidential,electoral-authoritarian,electoral-authoritarian,parliamentary,0.800,0.800,0.800,0.800,0.312,0.800,0.800,0.500,0.500,0.800,100.0,100.0,100.0,100.0,100.0,33.3,100.0,100.0,100.0,100.0
2036-01-01,0.9984,1.0006,1.0035,0.9868,1.0027,0.9911,0.9991,1.0074,1.0009,0.9930,0.9965,0.9963,1.0747,1.0285,1.0401,0.9963,1.0214,1.0379,1.0543,1.1078,1.0299,1.0014,0.9990,0.9964,4242.01,6191.47,4792.47,3085.25,2643.17,1723.21,204.60,3495.79,2783.87,613.57,0.9628,0.5667,0.9052,1.1877,0.7826,0.2031,1.3453,0.3087,0.1456,-1.2021,0.6813,0.7462,0.7206,0.6656,0.6498,0.7767,0.5245,0.6899,0.7179,0.6955,0.0172,0.0098,0.0230,0.0147,0.0194,0.0000,0.0626,0.0026,0.0112,0.0174,0.9793,0.9787,0.9895,0.9783,0.9800,1.0000,0.9751,1.0000,0.9726,1.0000,64.96,230.23,99.73,66.56,81.96,17.75,6.01,315.28,94.69,92.37,0.0000,0.0000,0.0000,0.0000,0.0000,0.0000,0.4537,0.0415,0.0000,0.0000,104304,74663,53998,54750,86225,66964,95775,572442,131417,91336,0,0,0,0,0,0,0,0,0,0,0.0000,0.0000,0.0000,0.0000,0.0000,0.0000,0.2418,0.2346,0.0000,0.0000,0,0,0,0,0,0,0,1,0,0,0,0,0,0,0,0,1,1,0,0,0.1539,0.0998,0.1550,0.0776,0.1147,0.0464,0.0854,0.1385,0.0307,0.1321,0.000,0.000,0.000,0.000,0.000,0.000,0.000,0.145,0.000,0.000,semi-presidential,parliamentary,parliamentary,parliamentary,parliamentary,semi-presidential,semi-presidential,electoral-authoritarian,electoral-authoritarian,parliamentary,0.800,0.800,0.800,0.800,0.322,0.810,0.800,0.500,0.500,0.800,100.0,100.0,100.0,100.0,100.0,31.6,100.0,100.0,100.0,100.0
