date,price_oil,price_gas,price_coal,price_electricity,price_food,price_critical-minerals,price_steel,price_consumer-goods,price_electronics,price_arms,price_pharma,price_services,import_price_oil,import_price_gas,import_price_coal,import_price_electricity,import_price_food,import_price_critical-minerals,import_price_steel,import_price_consumer-goods,import_price_electronics,import_price_arms,import_price_pharma,import_price_services,gdp_FRA,gdp_DEU,gdp_GBR,gdp_ITA,gdp_ESP,gdp_POL,gdp_UKR,gdp_RUS,gdp_TUR,gdp_NOR,debt_FRA,debt_DEU,debt_GBR,debt_ITA,debt_ESP,debt_POL,debt_UKR,debt_RUS,debt_TUR,debt_NOR,stability_FRA,stability_DEU,stability_GBR,stability_ITA,stability_ESP,stability_POL,stability_UKR,stability_RUS,stability_TUR,stability_NOR,shortage_FRA,shortage_DEU,shortage_GBR,shortage_ITA,shortage_ESP,shortage_POL,shortage_UKR,shortage_RUS,shortage_TUR,shortage_NOR,gas_coverage_FRA,gas_coverage_DEU,gas_coverage_GBR,gas_coverage_ITA,gas_coverage_ESP,gas_coverage_POL,gas_coverage_UKR,gas_coverage_RUS,gas_coverage_TUR,gas_coverage_NOR,maritime_trade_FRA,maritime_trade_DEU,maritime_trade_GBR,maritime_trade_ITA,maritime_trade_ESP,maritime_trade_POL,maritime_trade_UKR,maritime_trade_RUS,maritime_trade_TUR,maritime_trade_NOR,blockade_FRA,blockade_DEU,blockade_GBR,blockade_ITA,blockade_ESP,blockade_POL,blockade_UKR,blockade_RUS,blockade_TUR,blockade_NOR,tiles_FRA,tiles_DEU,tiles_GBR,tiles_ITA,tiles_ESP,tiles_POL,tiles_UKR,tiles_RUS,tiles_TUR,tiles_NOR,contested_FRA,contested_DEU,contested_GBR,contested_ITA,contested_ESP,contested_POL,contested_UKR,contested_RUS,contested_TUR,contested_NOR,exhaustion_FRA,exhaustion_DEU,exhaustion_GBR,exhaustion_ITA,exhaustion_ESP,exhaustion_POL,exhaustion_UKR,exhaustion_RUS,exhaustion_TUR,exhaustion_NOR,sanctions_against_FRA,sanctions_against_DEU,sanctions_against_GBR,sanctions_against_ITA,sanctions_against_ESP,sanctions_against_POL,sanctions_against_UKR,sanctions_against_RUS,sanctions_against_TUR,sanctions_against_NOR,at_war_FRA,at_war_DEU,at_war_GBR,at_war_ITA,at_war_ESP,at_war_POL,at_war_UKR,at_war_RUS,at_war_TUR,at_war_NOR,export_share_FRA,export_share_DEU,export_share_GBR,export_share_ITA,export_share_ESP,export_share_POL,export_share_UKR,export_share_RUS,export_share_TUR,export_share_NOR,circumvention_FRA,circumvention_DEU,circumvention_GBR,circumvention_ITA,circumvention_ESP,circumvention_POL,circumvention_UKR,circumvention_RUS,circumvention_TUR,circumvention_NOR,regime_FRA,regime_DEU,regime_GBR,regime_ITA,regime_ESP,regime_POL,regime_UKR,regime_RUS,regime_TUR,regime_NOR,legitimacy_FRA,legitimacy_DEU,legitimacy_GBR,legitimacy_ITA,legitimacy_ESP,legitimacy_POL,legitimacy_UKR,legitimacy_RUS,legitimacy_TUR,legitimacy_NOR,capital_FRA,capital_DEU,capital_GBR,capital_ITA,capital_ESP,capital_POL,capital_UKR,capital_RUS,capital_TUR,capital_NOR
2026-01-01,1.0000,1.0000,1.0000,1.0000,1.0000,1.0000,1.0000,1.0000,1.0000,1.0000,1.0000,1.0000,1.0000,1.0000,1.0001,1.0298,1.0000,1.0000,1.0170,1.0170,1.0221,1.0232,1.0170,1.0000,3366.32,5050.92,4002.59,2551.56,1906.45,1035.49,214.23,2561.31,1597.29,530.76,1.1600,0.6290,1.0230,1.3710,1.0040,0.5880,1.0870,0.1720,0.2350,0.4500,0.6600,0.7169,0.6747,0.6374,0.6767,0.7200,0.6678,0.6750,0.6750,0.7200,0.0019,0.0004,0.0179,0.0017,0.0019,0.0000,0.0027,0.0012,0.0009,0.0031,1.0000,1.0000,1.0000,1.0000,1.0000,1.0000,1.0000,1.0000,1.0000,1.0000,53.01,188.04,79.00,54.35,61.58,9.29,7.94,244.34,57.59,79.61,0.0000,0.0000,0.0000,0.0000,0.0000,0.0000,0.0000,0.0000,0.0000,0.0000,104304,74663,53998,54750,86225,66964,95775,572442,131417,91336,0,0,0,0,0,0,0,0,0,0,0.0000,0.0000,0.0000,0.0000,0.0000,0.0000,0.0000,0.0000,0.0000,0.0000,0,0,0,0,0,0,0,0,0,0,0,0,0,0,0,0,1,1,0,0,0.1189,0.0741,0.1337,0.0482,0.0865,0.0115,0.0806,0.1079,0.0015,0.1360,0.000,0.000,0.000,0.000,0.000,0.000,0.000,0.000,0.000,0.000,semi-presidential,parliamentary,parliamentary,parliamentary,parliamentary,semi-presidential,semi-presidential,electoral-authoritarian,electoral-authoritarian,parliamentary,0.800,0.800,0.800,0.800,0.800,0.800,0.800,0.500,0.500,0.800,30.0,30.0,30.0,30.0,30.0,30.0,30.0,30.0,30.0,30.0
2026-02-01,1.0018,1.0021,1.0024,0.9987,1.0004,1.0012,1.0015,0.9997,1.0009,1.0041,1.0012,1.0004,1.0808,1.1116,1.1190,0.9988,1.0262,1.0565,1.0457,1.0016,1.0541,1.0499,1.0478,1.0005,3365.80,5049.42,4003.30,2549.96,1906.15,1038.95,212.39,2557.54,1604.34,531.49,1.1604,0.6294,1.0236,1.3733,1.0052,0.5870,1.0989,0.1745,0.2342,0.4357,0.6589,0.7156,0.6642,0.6267,0.6635,0.7177,0.5995,0.6836,0.6651,0.7042,0.0291,0.0215,0.0239,0.0302,0.0336,0.0073,0.0672,0.0035,0.0221,0.0158,0.9074,0.9139,0.9526,0.9173,0.9090,0.9481,0.9545,1.0000,0.9226,1.0000,50.42,181.95,75.53,52.52,59.74,9.18,5.78,233.07,56.00,79.16,0.0000,0.0000,0.0000,0.0000,0.0000,0.0000,0.4584,0.0409,0.0000,0.0000,104304,74663,53998,54750,86225,66964,95775,572442,131417,91336,0,0,0,0,0,0,0,0,0,0,0.0000,0.0000,0.0000,0.0000,0.0000,0.0000,0.0092,0.0092,0.0000,0.0000,0,0,0,0,0,0,0,1,0,0,0,0,0,0,0,0,1,1,0,0,0.1116,0.0711,0.1256,0.0459,0.0811,0.0118,0.0688,0.1009,0.0014,0.1322,0.000,0.000,0.000,0.000,0.000,0.000,0.032,0.147,0.000,0.000,semi-presidential,parliamentary,parliamentary,parliamentary,parliamentary,semi-presidential,semi-presidential,electoral-authoritarian,electoral-authoritarian,parliamentary,0.800,0.800,0.800,0.800,0.800,0.800,0.800,0.500,0.500,0.800,30.2,30.4,30.6,31.2,31.4,31.7,33.5,33.1,33.1,32.6
2026-03-01,1.0035,1.0032,1.0044,0.9984,0.9987,0.9998,1.0024,1.0009,1.0023,1.0073,1.0019,0.9993,1.0917,1.0362,1.0789,1.0296,1.0242,1.0548,1.0449,1.0831,1.0634,1.0758,1.0281,0.9994,3357.58,5062.63,4008.26,2555.18,1904.12,1043.72,211.85,2555.71,1607.83,530.73,1.1671,0.6300,1.0255,1.3751,1.0084,0.5822,1.1033,0.1769,0.2338,0.4218,0.6430,0.7050,0.6507,0.6110,0.6483,0.7223,0.5345,0.6601,0.6583,0.6928,0.0200,0.0117,0.0348,0.0195,0.0237,0.0007,0.0900,0.0043,0.0172,0.0195,0.9758,0.9747,0.9880,0.9752,0.9772,0.9953,0.9679,1.0000,0.9708,1.0000,51.17,183.07,76.74,52.05,59.60,9.34,5.73,236.64,56.57,78.93,0.0000,0.0000,0.0000,0.0000,0.0000,0.0000,0.4592,0.0409,0.0000,0.0000,104304,74663,53998,54750,86225,66964,95775,572442,131417,91336,0,0,0,0,0,0,0,0,0,0,0.0000,0.0000,0.0000,0.0000,0.0000,0.0000,0.0184,0.0184,0.0000,0.0000,0,0,0,0,0,0,0,1,0,0,0,0,0,0,0,0,1,1,0,0,0.1092,0.0693,0.1226,0.0437,0.0790,0.0114,0.0667,0.1025,0.0014,0.1327,0.000,0.000,0.000,0.000,0.000,0.000,0.031,0.147,0.000,0.000,semi-presidential,parliamentary,parliamentary,parliamentary,parliamentary,semi-presidential,semi-presidential,electoral-authoritarian,electoral-authoritarian,parliamentary,0.800,0.800,0.800,0.800,0.800,0.800,0.800,0.500,0.500,0.800,33.3,34.4,33.0,34.6,34.6,34.8,36.5,36.1,36.7,35.3
2026-04-01,1.0058,1.0057,1.0058,1.0000,0.9997,1.0010,1.0043,1.0020,1.0038,1.0116,1.0045,1.0010,1.1009,1.0857,1.0739,1.0722,1.0350,1.0993,1.0059,1.0048,1.0732,1.0861,1.1095,1.0027,3360.66,5057.80,4014.00,2549.92,1903.36,1047.71,211.12,2555.28,1612.82,530.79,1.1697,0.6322,1.0270,1.3853,1.0109,0.5780,1.1089,0.1792,0.2331,0.4073,0.6353,0.6972,0.6320,0.5904,0.6403,0.7159,0.4892,0.6717,0.6539,0.6886,0.0239,0.0224,0.0386,0.0407,0.0308,0.0056,0.0901,0.0041,0.0224,0.0191,0.9335,0.9372,0.9661,0.9400,0.9352,0.9667,0.9595,1.0000,0.9425,1.0000,51.28,179.36,74.42,53.67,58.75,9.53,5.62,236.03,56.36,78.36,0.0000,0.0000,0.0000,0.0000,0.0000,0.0000,0.4598,0.0410,0.0000,0.0000,104304,74663,53998,54750,86225,66964,95775,572442,131417,91336,0,0,0,0,0,0,0,0,0,0,0.0000,0.0000,0.0000,0.0000,0.0000,0.0000,0.0276,0.0276,0.0000,0.0000,0,0,0,0,0,0,0,1,0,0,0,0,0,0,0,0,1,1,0,0,0.1192,0.0727,0.1339,0.0481,0.0869,0.0120,0.0717,0.1040,0.0015,0.1363,0.000,0.000,0.000,0.000,0.000,0.000,0.032,0.148,0.000,0.000,semi-presidential,parliamentary,parliamentary,parliamentary,parliamentary,semi-presidential,semi-presidential,electoral-authoritarian,electoral-authoritarian,parliamentary,0.800,0.800,0.800,0.800,0.800,0.800,0.800,0.500,0.500,0.800,36.5,37.1,25.4,39.6,37.6,37.9,39.2,39.1,40.3,38.0
2026-05-01,1.0087,1.0056,1.0074,0.9997,1.0024,1.0029,1.0022,1.0014,1.0043,1.0149,1.0074,1.0021,1.1818,1.0332,1.1125,1.0410,1.0486,1.0580,1.0041,1.0135,1.0301,1.0714,1.1450,1.0029,3361.22,5069.17,4017.93,2553.26,1907.35,1051.76,210.26,2557.32,1619.69,531.50,1.1729,0.6322,1.0286,1.3876,1.0110,0.5739,1.1188,0.1819,0.2322,0.3923,0.6312,0.7009,0.6283,0.5956,0.6476,0.7126,0.4703,0.6452,0.6257,0.6795,0.0260,0.0180,0.0409,0.0308,0.0339,0.0045,0.0909,0.0026,0.0210,0.0243,0.9804,0.9798,0.9904,0.9791,0.9808,1.0000,0.9685,1.0000,0.9744,1.0000,50.15,183.08,77.40,51.57,58.88,9.43,5.70,231.93,56.44,78.17,0.0000,0.0000,0.0000,0.0000,0.0000,0.0000,0.4595,0.0411,0.0000,0.0000,104304,74663,53998,54750,86225,66964,95775,572442,131417,91336,0,0,0,0,0,0,0,0,0,0,0.0000,0.0000,0.0000,0.0000,0.0000,0.0000,0.0391,0.0091,0.0000,0.0000,0,0,0,0,0,0,0,1,0,0,0,0,0,0,0,0,1,1,0,0,0.1204,0.0752,0.1353,0.0495,0.0878,0.0130,0.0731,0.1041,0.0015,0.1341,0.000,0.000,0.000,0.000,0.000,0.000,0.034,0.148,0.000,0.000,semi-presidential,parliamentary,parliamentary,parliamentary,parliamentary,semi-presidential,semi-presidential,electoral-authoritarian,electoral-authoritarian,parliamentary,0.800,0.800,0.800,0.800,0.800,0.800,0.800,0.500,0.500,0.800,39.6,39.9,27.6,42.9,40.7,41.0,42.3,42.8,43.6,40.6
2026-06-01,1.0151,1.0065,1.0116,1.0011,1.0043,1.0029,1.0003,1.0038,1.0047,1.0179,1.0108,1.0034,1.3120,1.0338,1.2141,1.0769,1.0421,1.0580,1.0018,1.0683,1.0305,1.0810,1.1008,1.0040,3358.95,5070.18,4011.85,2555.39,1910.63,1057.60,209.72,2561.72,1625.99,533.33,1.1768,0.6336,1.0326,1.3901,1.0114,0.5688,1.1237,0.1838,0.2314,0.3764,0.6283,0.6873,0.6219,0.5889,0.6336,0.7111,0.4598,0.6418,0.6139,0.6780,0.0415,0.0326,0.0521,0.0525,0.0471,0.0122,0.0930,0.0028,0.0356,0.0240,0.9805,0.9799,0.9905,0.9792,0.9808,1.0000,0.9683,1.0000,0.9745,1.0000,48.35,176.52,73.65,50.73,56.35,9.59,5.52,222.25,54.62,76.17,0.0000,0.0000,0.0000,0.0000,0.0000,0.0000,0.4605,0.0411,0.0000,0.0000,104304,74663,53998,54750,86225,66964,95775,572442,131417,91336,0,0,0,0,0,0,0,0,0,0,0.0000,0.0000,0.0000,0.0000,0.0000,0.0000,0.0483,0.0183,0.0000,0.0000,0,0,0,0,0,0,0,1,0,0,0,0,0,0,0,0,1,1,0,0,0.1213,0.0749,0.1362,0.0500,0.0890,0.0139,0.0739,0.1052,0.0016,0.1369,0.000,0.000,0.000,0.000,0.000,0.000,0.035,0.149,0.000,0.000,semi-presidential,parliamentary,parliamentary,parliamentary,parliamentary,semi-presidential,semi-presidential,electoral-authoritarian,electoral-authoritarian,parliamentary,0.800,0.800,0.800,0.800,0.800,0.800,0.800,0.500,0.500,0.800,42.7,42.5,29.9,46.2,43.8,44.0,44.7,45.6,46.9,43.2
2026-07-01,1.0222,1.0086,1.0141,1.0020,1.0094,1.0012,0.9995,1.0030,1.0056,1.0212,1.0144,1.0037,1.2784,1.0864,1.0771,1.0388,1.0700,1.0557,1.0011,1.0047,1.0194,1.0611,1.0815,1.0037,3355.77,5073.44,4016.50,2557.80,1914.86,1060.62,209.70,2559.05,1633.81,532.97,1.1807,0.6342,1.0336,1.3923,1.0114,0.5648,1.1258,0.1862,0.2309,0.3621,0.6223,0.6883,0.6189,0.5871,0.6260,0.6966,0.4624,0.6563,0.6202,0.6731,0.0320,0.0267,0.0430,0.0382,0.0432,0.0140,0.0898,0.0015,0.0266,0.0247,0.9355,0.9390,0.9671,0.9416,0.9372,0.9681,0.9604,1.0000,0.9437,1.0000,49.28,184.12,78.95,52.06,58.90,9.61,5.85,228.42,56.50,78.04,0.0000,0.0000,0.0000,0.0000,0.0000,0.0000,0.4581,0.0411,0.0000,0.0000,104304,74663,53998,54750,86225,66964,95775,572442,131417,91336,0,0,0,0,0,0,0,0,0,0,0.0000,0.0000,0.0000,0.0000,0.0000,0.0000,0.0575,0.0275,0.0000,0.0000,0,0,0,0,0,0,0,1,0,0,0,0,0,0,0,0,1,1,0,0,0.1192,0.0758,0.1335,0.0502,0.0870,0.0143,0.0742,0.1055,0.0016,0.1348,0.000,0.000,0.000,0.000,0.000,0.000,0.036,0.149,0.000,0.000,semi-presidential,parliamentary,parliamentary,parliamentary,parliamentary,semi-presidential,semi-presidential,electoral-authoritarian,electoral-authoritarian,parliamentary,0.800,0.800,0.800,0.800,0.800,0.800,0.800,0.500,0.500,0.800,45.7,41.2,32.2,49.5,46.8,48.2,47.0,48.5,50.3,45.8
2026-08-01,1.0295,1.0204,1.0149,1.0029,1.0327,1.0011,0.9989,1.0024,1.0068,1.0240,1.0162,1.0030,1.3140,1.3259,1.1116,1.1254,1.1449,1.0560,1.0201,1.0224,1.1201,1.0927,1.0932,1.0031,3351.30,5080.58,4022.90,2557.06,1914.58,1064.88,209.17,2558.01,1634.23,532.32,1.1820,0.6348,1.0350,1.3984,1.0137,0.5607,1.1312,0.1889,0.2293,0.3480,0.5685,0.6612,0.6201,0.5874,0.5962,0.6893,0.4639,0.6545,0.6095,0.6583,0.0630,0.0614,0.0717,0.1005,0.0890,0.0375,0.0952,0.0056,0.0640,0.0505,0.7532,0.7671,0.8758,0.7699,0.7542,0.8178,0.9471,1.0000,0.7686,1.0000,47.71,169.70,69.06,51.21,54.58,9.00,5.26,219.37,53.71,72.23,0.0000,0.0000,0.0000,0.0000,0.0000,0.0000,0.4564,0.0408,0.0000,0.0000,104304,74663,53998,54750,86225,66964,95775,572442,131417,91336,0,0,0,0,0,0,0,0,0,0,0.0000,0.0000,0.0000,0.0000,0.0000,0.0000,0.0690,0.0390,0.0000,0.0000,0,0,0,0,0,0,0,1,0,0,0,0,0,0,0,0,1,1,0,0,0.1207,0.0732,0.1299,0.0462,0.0819,0.0137,0.0749,0.1077,0.0055,0.1397,0.000,0.000,0.000,0.000,0.000,0.000,0.035,0.150,0.000,0.000,semi-presidential,parliamentary,parliamentary,parliamentary,parliamentary,semi-presidential,semi-presidential,electoral-authoritarian,electoral-authoritarian,parliamentary,0.800,0.800,0.800,0.800,0.800,0.800,0.800,0.500,0.500,0.800,50.8,43.8,30.9,52.3,49.6,51.1,49.9,52.1,52.6,48.4
2026-09-01,1.0337,1.0326,1.0146,1.0055,1.0518,0.9996,1.0000,1.0040,1.0071,1.0250,1.0176,1.0017,1.1270,1.3281,1.0524,1.1032,1.1423,1.0548,1.0210,1.0054,1.0204,1.0288,1.0469,1.0018,3339.23,5079.06,4016.46,2545.05,1911.75,1071.25,208.78,2554.22,1638.06,533.57,1.1888,0.6415,1.0384,1.4090,1.0175,0.5556,1.1354,0.1913,0.2288,0.3324,0.5818,0.6669,0.6024,0.5555,0.5765,0.6939,0.4903,0.6742,0.6059,0.6613,0.0429,0.0440,0.0520,0.0721,0.0607,0.0243,0.0844,0.0013,0.0448,0.0347,0.7623,0.7758,0.8808,0.7787,0.7633,0.8261,0.9496,1.0000,0.7776,1.0000,51.13,179.31,74.07,53.12,58.85,9.82,5.63,235.05,56.46,76.25,0.0000,0.0000,0.0000,0.0000,0.0000,0.0000,0.4569,0.0431,0.0000,0.0000,104304,74663,53998,54750,86225,66964,95775,572442,131417,91336,0,0,0,0,0,0,0,0,0,0,0.0000,0.0000,0.0000,0.0000,0.0000,0.0000,0.0782,0.0482,0.0000,0.0000,0,0,0,0,0,0,0,1,0,0,0,0,0,0,0,0,1,1,0,0,0.1191,0.0733,0.1280,0.0486,0.0842,0.0136,0.0757,0.1067,0.0048,0.1405,0.000,0.000,0.000,0.000,0.000,0.000,0.033,0.150,0.000,0.000,semi-presidential,parliamentary,parliamentary,parliamentary,parliamentary,semi-presidential,semi-presidential,electoral-authoritarian,electoral-authoritarian,parliamentary,0.800,0.800,0.800,0.800,0.800,0.800,0.800,0.500,0.500,0.800,53.6,44.7,33.1,55.4,52.4,54.1,52.5,55.1,55.8,50.9
2026-10-01,1.0305,1.0413,1.0105,1.0097,1.0626,1.0003,1.0000,1.0028,1.0040,1.0233,1.0183,1.0015,1.1101,1.2670,1.0484,1.1131,1.1290,1.0933,1.0014,1.0043,1.0172,1.0253,1.0198,1.0021,3339.62,5082.02,4017.54,2542.63,1912.76,1074.39,208.43,2556.21,1643.66,534.53,1.1909,0.6424,1.0398,1.4230,1.0192,0.5536,1.1392,0.1933,0.2281,0.3170,0.5955,0.6907,0.6054,0.5568,0.5799,0.6890,0.5076,0.6508,0.6081,0.6714,0.0340,0.0384,0.0433,0.0658,0.0465,0.0195,0.0563,0.0010,0.0343,0.0242,0.8181,0.8294,0.9088,0.8327,0.8191,0.8750,0.9531,1.0000,0.8351,1.0000,49.44,175.20,71.33,53.60,56.32,9.52,5.27,226.66,55.67,78.49,0.0000,0.0000,0.0000,0.0000,0.0000,0.0000,0.4616,0.0427,0.0000,0.0000,104304,74663,53998,54750,86225,66964,95775,572442,131417,91336,0,0,0,0,0,0,0,0,0,0,0.0000,0.0000,0.0000,0.0000,0.0000,0.0000,0.0874,0.0574,0.0000,0.0000,0,0,0,0,0,0,0,1,0,0,0,0,0,0,0,0,1,1,0,0,0.1289,0.0766,0.1393,0.0530,0.0916,0.0128,0.0779,0.1009,0.0050,0.1413,0.000,0.000,0.000,0.000,0.000,0.000,0.032,0.150,0.000,0.000,semi-presidential,parliamentary,parliamentary,parliamentary,parliamentary,semi-presidential,semi-presidential,electoral-authoritarian,electoral-authoritarian,parliamentary,0.810,0.800,0.800,0.800,0.800,0.778,0.800,0.500,0.500,0.800,51.5,46.8,35.4,59.6,55.1,56.5,55.1,58.1,59.1,53.5
2026-11-01,1.0243,1.0473,1.0056,1.0125,1.0672,1.0017,0.9982,1.0021,1.0028,1.0216,1.0158,1.0010,1.1004,1.1789,1.0427,1.0641,1.1077,1.0748,0.9998,1.0314,1.0160,1.0250,1.0180,1.0013,3340.71,5088.55,4016.69,2542.94,1917.50,1077.98,208.92,2563.42,1647.67,536.41,1.1924,0.6439,1.0417,1.4275,1.0190,0.5494,1.1390,0.1953,0.2277,0.3011,0.6062,0.6855,0.6019,0.5666,0.6016,0.7141,0.5261,0.6375,0.6268,0.6868,0.0244,0.0230,0.0350,0.0354,0.0311,0.0087,0.0552,0.0012,0.0204,0.0157,0.8921,0.9006,0.9455,0.9043,0.8931,0.9394,0.9572,1.0000,0.9118,1.0000,49.29,179.34,74.01,52.99,56.75,10.10,5.38,226.11,56.60,81.69,0.0000,0.0000,0.0000,0.0000,0.0000,0.0000,0.4617,0.0426,0.0000,0.0000,104304,74663,53998,54750,86225,66964,95775,572442,131417,91336,0,0,0,0,0,0,0,0,0,0,0.0000,0.0000,0.0000,0.0000,0.0000,0.0000,0.0989,0.0689,0.0000,0.0000,0,0,0,0,0,0,0,1,0,0,0,0,0,0,0,0,1,1,0,0,0.1059,0.0675,0.1127,0.0428,0.0742,0.0130,0.0754,0.0986,0.0043,0.1400,0.000,0.000,0.000,0.000,0.000,0.000,0.031,0.149,0.000,0.000,semi-presidential,parliamentary,parliamentary,parliamentary,parliamentary,semi-presidential,semi-presidential,electoral-authoritarian,electoral-authoritarian,parliamentary,0.800,0.800,0.800,0.800,0.800,0.814,0.800,0.500,0.500,0.800,54.4,50.7,37.6,62.7,57.9,50.5,58.5,61.6,62.4,56.2
2026-12-01,1.0188,1.0520,1.0007,1.0132,1.0682,1.0022,0.9978,1.0024,1.0047,1.0205,1.0133,0.9999,1.0956,1.1400,1.0372,1.0286,1.0927,1.0570,0.9995,1.0040,1.0186,1.0447,1.0157,1.0003,3351.82,5103.14,4016.60,2542.33,1918.83,1080.57,208.71,2565.07,1652.31,537.73,1.1901,0.6438,1.0435,1.4302,1.0205,0.5464,1.1420,0.1973,0.2272,0.2855,0.6122,0.6849,0.6105,0.5706,0.6126,0.7149,0.5308,0.6403,0.6590,0.6935,0.0175,0.0160,0.0209,0.0211,0.0214,0.0048,0.0552,0.0011,0.0152,0.0092,0.9292,0.9335,0.9645,0.9361,0.9309,0.9655,0.9644,1.0000,0.9387,1.0000,50.10,187.77,81.04,53.39,58.76,10.21,5.61,230.12,57.91,83.10,0.0000,0.0000,0.0000,0.0000,0.0000,0.0000,0.4616,0.0416,0.0000,0.0000,104304,74663,53998,54750,86225,66964,95775,572442,131417,91336,0,0,0,0,0,0,0,0,0,0,0.0000,0.0000,0.0000,0.0000,0.0000,0.0000,0.1081,0.0781,0.0000,0.0000,0,0,0,0,0,0,0,1,0,0,0,0,0,0,0,0,1,1,0,0,0.1100,0.0708,0.1179,0.0456,0.0772,0.0126,0.0732,0.0982,0.0039,0.1379,0.000,0.000,0.000,0.000,0.000,0.000,0.030,0.149,0.000,0.000,semi-presidential,parliamentary,parliamentary,parliamentary,parliamentary,semi-presidential,semi-presidential,electoral-authoritarian,electoral-authoritarian,parliamentary,0.800,0.800,0.800,0.800,0.800,0.805,0.800,0.500,0.500,0.800,57.4,53.4,39.8,65.9,60.8,53.5,61.3,64.4,66.1,58.9
2027-01-01,1.0112,1.0531,0.9962,1.0109,1.0664,1.0018,0.9967,1.0019,1.0066,1.0206,1.0091,0.9992,1.0830,1.0833,1.0335,1.0113,1.0912,1.0566,0.9987,1.0038,1.0591,1.0301,1.0112,0.9993,3363.41,5113.77,3990.15,2547.13,1921.46,1084.23,208.18,2561.40,1657.11,540.50,1.1873,0.6442,1.0522,1.4297,1.0213,0.5429,1.1473,0.2002,0.2266,0.2693,0.6216,0.6900,0.6300,0.5865,0.6247,0.7207,0.5463,0.6392,0.6490,0.7009,0.0104,0.0095,0.0096,0.0153,0.0154,0.0000,0.0542,0.0026,0.0113,0.0103,0.9792,0.9787,0.9900,0.9779,0.9795,1.0000,0.9718,1.0000,0.9732,1.0000,49.21,186.92,79.49,52.51,57.69,10.20,5.81,225.00,57.40,83.42,0.0000,0.0000,0.0000,0.0000,0.0000,0.0000,0.4621,0.0419,0.0000,0.0000,104304,74663,53998,54750,86225,66964,95775,572442,131417,91336,0,0,0,0,0,0,0,0,0,0,0.0000,0.0000,0.0000,0.0000,0.0000,0.0000,0.1196,0.0896,0.0000,0.0000,0,0,0,0,0,0,0,1,0,0,0,0,0,0,0,0,1,1,0,0,0.1155,0.0731,0.1261,0.0480,0.0816,0.0123,0.0729,0.0960,0.0067,0.1375,0.000,0.000,0.000,0.000,0.000,0.000,0.029,0.149,0.000,0.000,semi-presidential,parliamentary,parliamentary,parliamentary,parliamentary,semi-presidential,semi-presidential,electoral-authoritarian,electoral-authoritarian,parliamentary,0.800,0.800,0.800,0.800,0.800,0.800,0.722,0.500,0.500,0.800,60.4,56.1,42.1,69.2,63.8,56.6,74.9,67.9,69.6,61.6
2027-02-01,1.0039,1.0862,1.0072,1.0125,1.0648,1.0027,0.9985,1.0019,1.0076,1.0216,1.0087,0.9974,1.0793,1.6584,1.3917,1.1162,1.0891,1.0578,1.0623,1.0033,1.0288,1.0295,1.0121,0.9978,3353.13,5117.56,3992.28,2540.56,1915.41,1084.86,207.29,2565.25,1656.09,539.54,1.1917,0.6454,1.0548,1.4351,1.0268,0.5408,1.1541,0.2020,0.2268,0.2549,0.5830,0.6338,0.5903,0.5318,0.5644,0.6914,0.5469,0.6584,0.6011,0.6977,0.0939,0.0841,0.0722,0.1137,0.1003,0.0479,0.0562,0.0016,0.0903,0.0176,0.5667,0.5882,0.7875,0.5898,0.5676,0.6576,0.9527,1.0000,0.5755,1.0000,46.17,164.51,67.52,48.18,51.98,9.55,4.97,205.98,50.13,68.33,0.0000,0.0000,0.0000,0.0000,0.0000,0.0000,0.4634,0.0427,0.0000,0.0000,104304,74663,53998,54750,86225,66964,95775,572442,131417,91336,0,0,0,0,0,0,0,0,0,0,0.0000,0.0000,0.0000,0.0000,0.0000,0.0000,0.1288,0.0988,0.0000,0.0000,0,0,0,0,0,0,0,1,0,0,0,0,0,0,0,0,1,1,0,0,0.1065,0.0646,0.1148,0.0421,0.0740,0.0122,0.0700,0.1016,0.0055,0.1390,0.000,0.000,0.000,0.000,0.000,0.000,0.027,0.148,0.000,0.000,semi-presidential,parliamentary,parliamentary,parliamentary,parliamentary,semi-presidential,semi-presidential,electoral-authoritarian,electoral-authoritarian,parliamentary,0.800,0.800,0.800,0.800,0.800,0.800,0.731,0.500,0.500,0.800,62.9,58.6,43.8,72.2,66.5,59.6,78.0,70.8,72.9,64.3
2027-03-01,0.9985,1.1099,1.0167,1.0129,1.0613,1.0019,0.9996,1.0000,1.0074,1.0215,1.0049,0.9958,1.0731,1.5244,1.3200,1.0792,1.0853,1.0563,1.0103,1.0016,1.0210,1.0445,1.0070,0.9960,3338.53,5103.16,3991.93,2539.62,1910.36,1090.33,206.59,2565.55,1656.22,540.10,1.1978,0.6488,1.0565,1.4373,1.0315,0.5365,1.1597,0.2040,0.2269,0.2397,0.5718,0.6141,0.5731,0.5113,0.5449,0.6865,0.5421,0.6227,0.5935,0.6930,0.0693,0.0610,0.0544,0.0831,0.0737,0.0328,0.0534,0.0011,0.0657,0.0137,0.6912,0.7075,0.8505,0.7096,0.6920,0.7654,0.9619,1.0000,0.7023,1.0000,46.87,173.20,71.48,48.90,53.89,9.64,5.25,212.46,52.78,73.64,0.0000,0.0000,0.0000,0.0000,0.0000,0.0000,0.4596,0.0420,0.0000,0.0000,104304,74663,53998,54750,86225,66964,95775,572442,131417,91336,0,0,0,0,0,0,0,0,0,0,0.0000,0.0000,0.0000,0.0000,0.0000,0.0000,0.1380,0.1080,0.0000,0.0000,0,0,0,0,0,0,0,1,0,0,0,0,0,0,0,0,1,1,0,0,0.1172,0.0686,0.1270,0.0445,0.0790,0.0120,0.0681,0.1010,0.0048,0.1405,0.000,0.000,0.000,0.000,0.000,0.000,0.025,0.148,0.000,0.000,semi-presidential,parliamentary,parliamentary,parliamentary,parliamentary,semi-presidential,semi-presidential,electoral-authoritarian,electoral-authoritarian,parliamentary,0.800,0.800,0.800,0.800,0.800,0.800,0.741,0.500,0.500,0.800,65.7,60.9,45.8,75.0,69.0,62.6,81.0,73.7,76.1,67.0
2027-04-01,0.9939,1.1238,1.0226,1.0127,1.0590,1.0019,0.9977,0.9998,1.0063,1.0214,1.0009,0.9954,1.0703,1.3547,1.2153,1.0330,1.0832,1.0573,0.9996,1.0015,1.0207,1.0269,1.0027,0.9954,3343.19,5098.73,3983.39,2533.30,1906.53,1091.35,206.46,2565.28,1660.01,539.72,1.2014,0.6508,1.0601,1.4424,1.0354,0.5344,1.1619,0.2060,0.2265,0.2248,0.5959,0.6105,0.5774,0.5293,0.5406,0.6870,0.5361,0.6372,0.6157,0.6957,0.0428,0.0351,0.0354,0.0467,0.0466,0.0164,0.0547,0.0011,0.0378,0.0115,0.8265,0.8373,0.9160,0.8401,0.8274,0.8826,0.9683,1.0000,0.8412,1.0000,48.90,184.01,77.93,51.33,57.41,9.81,5.55,225.83,56.65,79.20,0.0000,0.0000,0.0000,0.0000,0.0000,0.0000,0.4593,0.0437,0.0000,0.0000,104304,74663,53998,54750,86225,66964,95775,572442,131417,91336,0,0,0,0,0,0,0,0,0,0,0.0000,0.0000,0.0000,0.0000,0.0000,0.0000,0.1472,0.1172,0.0000,0.0000,0,0,0,0,0,0,0,1,0,0,0,0,0,0,0,0,1,1,0,0,0.1262,0.0738,0.1374,0.0524,0.0854,0.0121,0.0706,0.1030,0.0047,0.1409,0.000,0.000,0.000,0.000,0.000,0.000,0.024,0.147,0.000,0.000,semi-presidential,parliamentary,parliamentary,parliamentary,parliamentary,semi-presidential,semi-presidential,electoral-authoritarian,electoral-authoritarian,parliamentary,0.800,0.800,0.800,0.800,0.800,0.800,0.750,0.500,0.500,0.800,59.8,63.2,47.9,77.9,71.5,65.5,84.0,76.4,79.5,69.7
2027-05-01,0.9914,1.1290,1.0269,1.0103,1.0584,0.9998,0.9950,0.9997,1.0036,1.0200,0.9967,0.9946,1.0711,1.2215,1.2057,1.0105,1.0830,1.0547,0.9971,1.0014,1.0182,1.0289,0.9989,0.9948,3344.80,5101.22,3977.88,2536.67,1899.03,1094.37,205.96,2573.07,1668.66,540.83,1.2016,0.6516,1.0627,1.4416,1.0411,0.5314,1.1664,0.2129,0.2254,0.2093,0.5985,0.6202,0.5865,0.5432,0.5540,0.7001,0.5283,0.6431,0.6186,0.6979,0.0274,0.0206,0.0220,0.0308,0.0314,0.0044,0.0574,0.0011,0.0207,0.0113,0.9301,0.9351,0.9661,0.9369,0.9306,0.9684,0.9720,1.0000,0.9395,1.0000,50.82,187.79,79.46,54.87,59.74,9.88,5.87,237.89,59.34,82.94,0.0000,0.0000,0.0000,0.0000,0.0000,0.0000,0.4596,0.0432,0.0000,0.0000,104304,74663,53998,54750,86225,66964,95775,572442,131417,91336,0,0,0,0,0,0,0,0,0,0,0.0000,0.0000,0.0000,0.0000,0.0000,0.0000,0.1587,0.1287,0.0000,0.0000,0,0,0,0,0,0,0,1,0,0,0,0,0,0,0,0,1,1,0,0,0.1268,0.0742,0.1396,0.0533,0.0905,0.0121,0.0718,0.1056,0.0044,0.1411,0.000,0.000,0.000,0.000,0.000,0.000,0.023,0.147,0.000,0.000,semi-presidential,parliamentary,parliamentary,parliamentary,parliamentary,semi-presidential,semi-presidential,electoral-authoritarian,electoral-authoritarian,parliamentary,0.800,0.800,0.800,0.800,0.800,0.800,0.761,0.500,0.500,0.800,30.0,65.5,50.1,80.9,74.0,68.5,87.6,79.9,82.8,72.4
2027-06-01,0.9925,1.1273,1.0292,1.0054,1.0541,1.0003,0.9938,1.0004,1.0013,1.0196,0.9926,0.9944,1.0741,1.1609,1.1131,1.0060,1.0783,1.0551,0.9957,1.0742,1.0153,1.0289,0.9951,0.9945,3340.50,5110.38,3987.65,2540.70,1903.85,1097.04,205.72,2580.18,1670.38,540.74,1.2038,0.6514,1.0609,1.4402,1.0398,0.5353,1.1690,0.2143,0.2253,0.1942,0.6056,0.6368,0.6076,0.5563,0.5776,0.7335,0.5206,0.6472,0.6444,0.7033,0.0179,0.0117,0.0166,0.0189,0.0208,0.0000,0.0622,0.0018,0.0127,0.0143,0.9782,0.9779,0.9899,0.9769,0.9784,1.0000,0.9786,1.0000,0.9719,1.0000,51.46,189.40,80.19,55.51,60.71,10.03,5.96,240.82,59.91,85.20,0.0000,0.0000,0.0000,0.0000,0.0000,0.0000,0.4596,0.0432,0.0000,0.0000,104304,74663,53998,54750,86225,66964,95775,572442,131417,91336,0,0,0,0,0,0,0,0,0,0,0.0000,0.0000,0.0000,0.0000,0.0000,0.0000,0.1679,0.1379,0.0000,0.0000,0,0,0,0,0,0,0,1,0,0,0,0,0,0,0,0,1,1,0,0,0.1197,0.0714,0.1319,0.0504,0.0856,0.0113,0.0679,0.1039,0.0039,0.1410,0.000,0.000,0.000,0.000,0.000,0.000,0.035,0.146,0.000,0.000,semi-presidential,parliamentary,parliamentary,parliamentary,parliamentary,semi-presidential,semi-presidential,electoral-authoritarian,electoral-authoritarian,parliamentary,0.800,0.800,0.800,0.800,0.800,0.800,0.771,0.500,0.500,0.800,32.7,67.9,52.3,84.0,76.7,70.2,90.4,82.8,86.3,75.1
2027-07-01,0.9919,1.1205,1.0321,1.0001,1.0488,0.9986,0.9955,1.0007,0.9983,1.0201,0.9908,0.9932,1.0706,1.1526,1.2035,1.0011,1.0729,1.0532,1.1066,1.0025,1.0120,1.0312,0.9924,0.9933,3336.02,5093.71,3982.21,2549.87,1902.71,1100.01,205.39,2578.72,1679.45,542.98,1.2030,0.6543,1.0629,1.4356,1.0421,0.5324,1.1719,0.2164,0.2241,0.1784,0.6038,0.6438,0.6092,0.5686,0.6022,0.7429,0.5230,0.6064,0.6493,0.7047,0.0231,0.0141,0.0220,0.0243,0.0260,0.0000,0.0597,0.0017,0.0157,0.0155,0.9800,0.9795,0.9907,0.9788,0.9804,1.0000,0.9792,1.0000,0.9740,1.0000,50.07,186.40,79.28,54.28,59.06,10.10,5.93,232.11,58.34,85.01,0.0000,0.0000,0.0000,0.0000,0.0000,0.0000,0.4598,0.0429,0.0000,0.0000,104304,74663,53998,54750,86225,66964,95775,572442,131417,91336,0,0,0,0,0,0,0,0,0,0,0.0000,0.0000,0.0000,0.0000,0.0000,0.0000,0.1771,0.1471,0.0000,0.0000,0,0,0,0,0,0,0,1,0,0,0,0,0,0,0,0,1,1,0,0,0.1001,0.0633,0.1090,0.0415,0.0705,0.0116,0.0672,0.1012,0.0030,0.1401,0.000,0.000,0.000,0.000,0.000,0.000,0.033,0.145,0.000,0.000,semi-presidential,parliamentary,parliamentary,parliamentary,parliamentary,semi-presidential,semi-presidential,electoral-authoritarian,electoral-authoritarian,parliamentary,0.800,0.800,0.800,0.800,0.800,0.800,0.780,0.500,0.500,0.800,35.4,70.3,54.5,87.1,81.5,73.3,93.2,85.5,89.8,77.9
2027-08-01,0.9916,1.1075,1.0335,0.9963,1.0471,0.9975,0.9972,0.9990,0.9970,1.0202,0.9900,0.9927,1.0710,1.1370,1.0820,0.9964,1.0709,1.0516,1.0184,1.0007,1.0106,1.0315,0.9916,0.9928,3331.12,5094.43,3983.54,2557.59,1904.43,1101.27,204.78,2583.69,1685.24,542.83,1.2051,0.6597,1.0659,1.4315,1.0417,0.5333,1.1764,0.2184,0.2235,0.1635,0.5958,0.6565,0.6328,0.5840,0.6119,0.7427,0.5264,0.6099,0.6391,0.7037,0.0121,0.0101,0.0106,0.0159,0.0159,0.0000,0.0572,0.0012,0.0106,0.0099,0.9811,0.9804,0.9912,0.9801,0.9819,1.0000,0.9803,1.0000,0.9755,1.0000,49.74,184.76,78.20,53.20,58.47,9.88,5.92,231.11,58.00,82.41,0.0000,0.0000,0.0000,0.0000,0.0000,0.0000,0.4597,0.0430,0.0000,0.0000,104304,74663,53998,54750,86225,66964,95775,572442,131417,91336,0,0,0,0,0,0,0,0,0,0,0.0000,0.0000,0.0000,0.0000,0.0000,0.0000,0.1886,0.1586,0.0000,0.0000,0,0,0,0,0,0,0,1,0,0,0,0,0,0,0,0,1,1,0,0,0.1254,0.0726,0.1380,0.0519,0.0891,0.0118,0.0742,0.1009,0.0032,0.1356,0.000,0.000,0.000,0.000,0.000,0.000,0.033,0.144,0.000,0.000,semi-presidential,parliamentary,parliamentary,parliamentary,parliamentary,semi-presidential,semi-presidential,electoral-authoritarian,electoral-authoritarian,parliamentary,0.800,0.800,0.800,0.800,0.800,0.800,0.791,0.500,0.500,0.800,36.5,72.8,57.7,90.4,30.0,76.4,96.8,88.8,93.3,80.6
2027-09-01,0.9926,1.0927,1.0345,0.9935,1.0445,0.9969,0.9990,0.9992,0.9955,1.0210,1.0099,1.0040,1.0740,1.1230,1.0827,0.9939,1.0682,1.0506,1.0435,1.0451,1.0087,1.0366,1.5514,1.0041,3330.65,5093.91,3983.79,2556.02,1905.86,1108.04,204.92,2579.17,1692.83,542.55,1.2061,0.6601,1.0660,1.4323,1.0408,0.5285,1.1803,0.2209,0.2226,0.1487,0.6032,0.6763,0.6390,0.6068,0.6190,0.7366,0.5097,0.6376,0.6519,0.6856,0.0295,0.0101,0.0335,0.0159,0.0288,0.0000,0.0818,0.0054,0.0120,0.0389,0.9814,0.9806,0.9912,0.9803,0.9821,1.0000,0.9791,1.0000,0.9757,1.0000,50.15,184.42,78.03,53.59,59.09,9.92,5.92,233.97,58.44,82.19,0.0000,0.0000,0.0000,0.0000,0.0000,0.0000,0.4593,0.0423,0.0000,0.0000,104304,74663,53998,54750,86225,66964,95775,572442,131417,91336,0,0,0,0,0,0,0,0,0,0,0.0000,0.0000,0.0000,0.0000,0.0000,0.0000,0.1978,0.1678,0.0000,0.0000,0,0,0,0,0,0,0,1,0,0,0,0,0,0,0,0,1,1,0,0,0.1317,0.0784,0.1450,0.0578,0.0953,0.0124,0.0756,0.1027,0.0082,0.1353,0.000,0.000,0.000,0.000,0.000,0.000,0.042,0.142,0.000,0.000,semi-presidential,parliamentary,parliamentary,parliamentary,parliamentary,semi-presidential,semi-presidential,electoral-authoritarian,electoral-authoritarian,parliamentary,0.800,0.800,0.800,0.800,0.800,0.800,0.800,0.500,0.500,0.800,40.2,75.4,60.0,94.5,32.7,79.7,99.6,91.6,96.8,83.3
2027-10-01,0.9912,1.0812,1.0322,0.9902,1.0415,0.9958,0.9989,1.0004,0.9942,1.0204,1.0287,1.0129,1.0673,1.1098,1.0705,0.9909,1.0652,1.0495,1.0005,1.0455,1.0076,1.0314,1.4710,1.0140,3340.66,5093.17,4004.90,2561.40,1910.61,1115.49,204.91,2584.52,1699.79,542.89,1.2031,0.6602,1.0602,1.4293,1.0421,0.5226,1.1811,0.2230,0.2217,0.1338,0.6161,0.6799,0.6544,0.6154,0.6208,0.7304,0.5107,0.6424,0.6601,0.6728,0.0245,0.0096,0.0275,0.0150,0.0246,0.0000,0.0726,0.0040,0.0109,0.0316,0.9807,0.9800,0.9909,0.9795,0.9813,1.0000,0.9782,1.0000,0.9748,1.0000,48.99,184.89,79.56,53.19,57.90,10.32,5.84,226.34,57.72,83.74,0.0000,0.0000,0.0000,0.0000,0.0000,0.0000,0.4588,0.0429,0.0000,0.0000,104304,74663,53998,54750,86225,66964,95775,572442,131417,91336,0,0,0,0,0,0,0,0,0,0,0.0000,0.0000,0.0000,0.0000,0.0000,0.0000,0.2093,0.1793,0.0000,0.0000,0,0,0,0,0,0,0,1,0,0,0,0,0,0,0,0,1,1,0,0,0.1407,0.0862,0.1543,0.0658,0.1038,0.0231,0.0848,0.1053,0.0151,0.1376,0.000,0.000,0.000,0.000,0.000,0.000,0.049,0.133,0.000,0.000,semi-presidential,parliamentary,parliamentary,parliamentary,parliamentary,semi-presidential,semi-presidential,electoral-authoritarian,electoral-authoritarian,parliamentary,0.800,0.800,0.800,0.800,0.800,0.800,0.800,0.500,0.500,0.800,42.9,78.0,62.5,100.0,34.1,85.1,100.0,95.1,100.0,85.9
2027-11-01,0.9898,1.0722,1.0270,0.9872,1.0391,0.9949,0.9997,1.0006,0.9950,1.0193,1.0400,1.0165,1.0677,1.1021,1.0651,0.9875,1.0625,1.0486,1.0149,1.0119,1.0575,1.0284,1.3116,1.0168,3348.64,5117.50,4031.55,2570.06,1920.45,1119.98,205.16,2587.19,1710.82,542.83,1.2009,0.6569,1.0530,1.4243,1.0364,0.5195,1.1800,0.2249,0.2204,0.1191,0.6309,0.6952,0.6758,0.6305,0.6416,0.7332,0.5200,0.6315,0.6550,0.6714,0.0191,0.0098,0.0207,0.0157,0.0219,0.0000,0.0682,0.0045,0.0123,0.0232,0.9802,0.9795,0.9906,0.9790,0.9807,1.0000,0.9771,1.0000,0.9742,1.0000,49.57,186.54,80.74,53.80,58.87,10.40,5.79,230.63,58.72,83.43,0.0000,0.0000,0.0000,0.0000,0.0000,0.0000,0.4587,0.0431,0.0000,0.0000,104304,74663,53998,54750,86225,66964,95775,572442,131417,91336,0,0,0,0,0,0,0,0,0,0,0.0000,0.0000,0.0000,0.0000,0.0000,0.0000,0.2185,0.1885,0.0000,0.0000,0,0,0,0,0,0,0,1,0,0,0,0,0,0,0,0,1,1,0,0,0.1501,0.0888,0.1573,0.0681,0.1065,0.0254,0.0869,0.1080,0.0174,0.1369,0.000,0.000,0.000,0.000,0.000,0.000,0.048,0.129,0.000,0.000,semi-presidential,parliamentary,parliamentary,parliamentary,parliamentary,semi-presidential,semi-presidential,electoral-authoritarian,electoral-authoritarian,parliamentary,0.800,0.800,0.800,0.800,0.800,0.800,0.800,0.500,0.500,0.800,45.7,80.8,65.1,100.0,36.9,30.0,100.0,98.0,100.0,88.5
2027-12-01,0.9899,1.0623,1.0225,0.9857,1.0371,0.9934,1.0020,1.0005,0.9962,1.0182,1.0449,1.0164,1.0691,1.0914,1.0610,1.0192,1.0606,1.0471,1.0596,1.0586,1.0689,1.0276,1.0923,1.0167,3365.27,5123.63,4046.67,2571.52,1930.18,1127.76,205.30,2592.35,1723.10,543.82,1.1955,0.6560,1.0488,1.4234,1.0307,0.5140,1.1794,0.2236,0.2189,0.1042,0.6468,0.7070,0.6771,0.6428,0.6606,0.7438,0.5283,0.6451,0.6777,0.6699,0.0161,0.0097,0.0321,0.0157,0.0198,0.0000,0.0770,0.0043,0.0124,0.0181,0.9817,0.9809,0.9913,0.9806,0.9825,1.0000,0.9782,1.0000,0.9761,1.0000,50.20,187.35,83.39,53.31,58.82,10.51,5.87,230.47,58.38,82.18,0.0000,0.0000,0.0000,0.0000,0.0000,0.0000,0.4587,0.0432,0.0000,0.0000,104304,74663,53998,54750,86225,66964,95775,572442,131417,91336,0,0,0,0,0,0,0,0,0,0,0.0000,0.0000,0.0000,0.0000,0.0000,0.0000,0.2277,0.1977,0.0000,0.0000,0,0,0,0,0,0,0,1,0,0,0,0,0,0,0,0,1,1,0,0,0.1389,0.0839,0.1442,0.0629,0.0978,0.0244,0.0858,0.1101,0.0163,0.1352,0.000,0.000,0.000,0.000,0.000,0.000,0.049,0.137,0.000,0.000,semi-presidential,parliamentary,parliamentary,parliamentary,parliamentary,semi-presidential,semi-presidential,electoral-authoritarian,electoral-authoritarian,parliamentary,0.800,0.800,0.800,0.800,0.800,0.800,0.800,0.500,0.500,0.800,48.7,83.5,68.5,100.0,39.8,33.1,100.0,100.0,100.0,91.0
2028-01-01,0.9894,1.0513,1.0169,0.9857,1.0336,0.9912,1.0044,1.0017,0.9993,1.0163,1.0440,1.0165,1.0684,1.0790,1.0544,1.0191,1.0572,1.0445,1.0980,1.0127,1.0794,1.0266,1.0462,1.0166,3377.54,5148.94,4065.42,2574.81,1941.39,1135.11,205.17,2602.86,1732.93,544.85,1.1946,0.6526,1.0437,1.4215,1.0243,0.5088,1.1801,0.2254,0.2178,0.0893,0.6634,0.7279,0.6821,0.6558,0.6804,0.7486,0.5379,0.6338,0.6797,0.6715,0.0137,0.0097,0.0292,0.0158,0.0185,0.0000,0.0742,0.0042,0.0126,0.0151,0.9813,0.9805,0.9911,0.9801,0.9820,1.0000,0.9763,1.0000,0.9755,1.0000,50.54,187.80,82.51,52.18,58.69,10.76,5.88,230.88,58.75,82.50,0.0000,0.0000,0.0000,0.0000,0.0000,0.0000,0.4588,0.0430,0.0000,0.0000,104304,74663,53998,54750,86225,66964,95775,572442,131417,91336,0,0,0,0,0,0,0,0,0,0,0.0000,0.0000,0.0000,0.0000,0.0000,0.0000,0.2392,0.2092,0.0000,0.0000,0,0,0,0,0,0,0,1,0,0,0,0,0,0,0,0,1,1,0,0,0.1510,0.0951,0.1577,0.0739,0.1132,0.0260,0.0918,0.1118,0.0176,0.1354,0.000,0.000,0.000,0.000,0.000,0.000,0.043,0.138,0.000,0.000,semi-presidential,parliamentary,parliamentary,parliamentary,parliamentary,semi-presidential,semi-presidential,electoral-authoritarian,electoral-authoritarian,parliamentary,0.800,0.800,0.800,0.800,0.800,0.800,0.800,0.500,0.500,0.800,36.3,86.4,71.1,100.0,42.8,36.2,100.0,100.0,100.0,93.6
2028-02-01,0.9900,1.0417,1.0134,0.9849,1.0309,0.9894,1.0057,1.0015,1.0015,1.0147,1.0412,1.0129,1.0706,1.0701,1.0516,0.9871,1.0537,1.0425,1.0254,1.0065,1.0747,1.0229,1.0442,1.0138,3389.42,5158.43,4065.27,2571.65,1944.22,1138.17,206.20,2601.85,1746.64,544.14,1.1909,0.6513,1.0436,1.4233,1.0224,0.5056,1.1741,0.2277,0.2162,0.0749,0.6644,0.7382,0.6654,0.6477,0.6888,0.7492,0.5233,0.6285,0.6978,0.6809,0.0115,0.0098,0.0119,0.0157,0.0167,0.0000,0.0628,0.0035,0.0125,0.0115,0.9812,0.9804,0.9911,0.9801,0.9819,1.0000,0.9755,1.0000,0.9755,1.0000,50.88,189.36,82.06,53.82,60.34,10.70,5.85,235.16,60.69,82.41,0.0000,0.0000,0.0000,0.0000,0.0000,0.0000,0.4586,0.0433,0.0000,0.0000,104304,74663,53998,54750,86225,66964,95775,572442,131417,91336,0,0,0,0,0,0,0,0,0,0,0.0000,0.0000,0.0000,0.0000,0.0000,0.0000,0.2484,0.2184,0.0000,0.0000,0,0,0,0,0,0,0,1,0,0,0,0,0,0,0,0,1,1,0,0,0.1060,0.0764,0.1087,0.0515,0.0777,0.0205,0.0787,0.1083,0.0116,0.1345,0.000,0.000,0.000,0.000,0.000,0.000,0.038,0.140,0.000,0.000,semi-presidential,parliamentary,parliamentary,parliamentary,parliamentary,semi-presidential,semi-presidential,electoral-authoritarian,electoral-authoritarian,parliamentary,0.800,0.800,0.800,0.800,0.810,0.800,0.835,0.500,0.500,0.800,39.3,89.4,73.5,100.0,40.9,39.4,91.4,100.0,93.9,96.2
2028-03-01,0.9925,1.0336,1.0108,0.9848,1.0270,0.9881,1.0066,1.0034,1.0034,1.0130,1.0383,1.0104,1.0850,1.0619,1.0488,1.0184,1.0501,1.0407,1.0283,1.0515,1.0223,1.0236,1.0404,1.0108,3384.86,5162.71,4082.53,2579.97,1946.43,1142.92,206.14,2601.62,1756.77,543.65,1.1930,0.6507,1.0392,1.4187,1.0209,0.5016,1.1743,0.2300,0.2150,0.0652,0.6506,0.7400,0.6447,0.6479,0.6775,0.7413,0.5157,0.6256,0.7046,0.6413,0.0141,0.0104,0.0282,0.0156,0.0173,0.0004,0.0819,0.0017,0.0110,0.0127,0.9812,0.9804,0.9910,0.9801,0.9819,1.0000,0.9749,1.0000,0.9755,1.0000,51.76,191.71,85.72,54.28,60.72,10.96,6.09,236.80,60.99,82.10,0.0000,0.0000,0.0000,0.0000,0.0000,0.0000,0.4588,0.0430,0.0000,0.0000,104304,74663,53998,54750,86225,66964,95775,572442,131417,91336,0,0,0,0,0,0,0,0,0,0,0.0000,0.0000,0.0000,0.0000,0.0000,0.0000,0.2576,0.2276,0.0000,0.0000,0,0,0,0,0,0,0,1,0,0,0,0,0,0,0,0,1,1,0,0,0.1338,0.0894,0.1382,0.0644,0.0989,0.0246,0.0806,0.1096,0.0128,0.1348,0.000,0.000,0.000,0.000,0.000,0.000,0.032,0.143,0.000,0.000,semi-presidential,parliamentary,parliamentary,parliamentary,parliamentary,semi-presidential,semi-presidential,electoral-authoritarian,electoral-authoritarian,parliamentary,0.800,0.800,0.800,0.800,0.800,0.800,0.826,0.500,0.500,0.843,42.2,92.3,75.9,100.0,43.9,42.4,94.1,100.0,97.8,100.0
2028-04-01,0.9945,1.0290,1.0096,0.9846,1.0230,0.9890,1.0070,1.0053,1.0056,1.0125,1.0356,1.0116,1.0850,1.0577,1.0472,1.0302,1.0462,1.0415,1.0183,1.0757,1.2796,1.0233,1.0380,1.0125,3389.03,5194.14,4084.09,2586.61,1953.62,1149.22,206.34,2606.66,1767.28,542.10,1.1925,0.6469,1.0388,1.4151,1.0170,0.4970,1.1730,0.2324,0.2138,0.0448,0.6501,0.7522,0.6463,0.6503,0.6936,0.7517,0.5119,0.6238,0.6938,0.6629,0.0150,0.0116,0.0332,0.0240,0.0250,0.0004,0.0876,0.0120,0.0204,0.0216,0.9799,0.9792,0.9904,0.9788,0.9805,1.0000,0.9739,1.0000,0.9741,1.0000,52.11,193.76,86.60,54.89,61.18,11.13,6.13,240.78,61.93,81.18,0.0000,0.0000,0.0000,0.0000,0.0000,0.0000,0.4588,0.0429,0.0000,0.0000,104304,74663,53998,54750,86225,66964,95775,572442,131417,91336,0,0,0,0,0,0,0,0,0,0,0.0000,0.0000,0.0000,0.0000,0.0000,0.0000,0.2691,0.2391,0.0000,0.0000,0,0,0,0,0,0,0,1,0,0,0,0,0,0,0,0,1,1,0,0,0.1470,0.0960,0.1531,0.0712,0.1095,0.0265,0.0851,0.1119,0.0179,0.1357,0.000,0.000,0.000,0.000,0.000,0.000,0.027,0.144,0.000,0.000,semi-presidential,parliamentary,parliamentary,parliamentary,parliamentary,semi-presidential,semi-presidential,electoral-authoritarian,electoral-authoritarian,parliamentary,0.800,0.800,0.800,0.800,0.800,0.800,0.815,0.500,0.500,0.828,47.1,85.4,78.4,100.0,47.7,45.6,97.6,100.0,100.0,100.0
2028-05-01,0.9951,1.0241,1.0084,0.9842,1.0197,0.9888,1.0061,1.0081,1.0105,1.0139,1.0331,1.0156,1.0720,1.0520,1.0457,0.9844,1.0423,1.0409,1.0080,1.1119,1.0903,1.0325,1.0354,1.0158,3405.28,5212.22,4103.24,2599.11,1959.76,1154.22,206.32,2610.22,1777.30,542.30,1.1873,0.6447,1.0340,1.4083,1.0138,0.4935,1.1731,0.2343,0.2127,0.0304,0.6592,0.7565,0.6559,0.6641,0.6997,0.7522,0.5105,0.6482,0.7052,0.6652,0.0152,0.0096,0.0163,0.0155,0.0194,0.0000,0.0667,0.0045,0.0126,0.0175,0.9809,0.9802,0.9908,0.9798,0.9815,1.0000,0.9737,1.0000,0.9753,1.0000,51.78,195.47,87.32,54.87,61.07,11.48,6.18,237.95,61.88,81.46,0.0000,0.0000,0.0000,0.0000,0.0000,0.0000,0.4589,0.0423,0.0000,0.0000,104304,74663,53998,54750,86225,66964,95775,572442,131417,91336,0,0,0,0,0,0,0,0,0,0,0.0000,0.0000,0.0000,0.0000,0.0000,0.0000,0.2783,0.2483,0.0000,0.0000,0,0,0,0,0,0,0,1,0,0,0,0,0,0,0,0,1,1,0,0,0.1492,0.0995,0.1567,0.0744,0.1123,0.0295,0.0879,0.1145,0.0206,0.1325,0.000,0.000,0.000,0.000,0.000,0.000,0.025,0.141,0.000,0.000,semi-presidential,parliamentary,parliamentary,parliamentary,parliamentary,semi-presidential,semi-presidential,electoral-authoritarian,electoral-authoritarian,parliamentary,0.800,0.800,0.800,0.800,0.800,0.832,0.806,0.500,0.500,0.818,50.1,88.4,80.8,100.0,50.8,38.0,100.0,100.0,100.0,100.0
2028-06-01,1.0450,1.0419,1.0073,0.9848,1.0157,0.9916,1.0037,1.0109,1.0102,1.0134,1.0309,1.0155,2.1655,1.4812,1.0454,1.0570,1.0388,1.1382,1.0052,1.0486,1.0233,1.0215,1.0326,1.0156,3402.81,5229.12,4119.03,2605.80,1963.43,1158.73,205.91,2616.52,1787.64,542.41,1.1884,0.6427,1.0301,1.4047,1.0119,0.4898,1.1754,0.2359,0.2116,0.0233,0.6280,0.7682,0.6260,0.5980,0.6384,0.7583,0.5025,0.6718,0.6892,0.6667,0.1213,0.1208,0.0759,0.1328,0.1271,0.1003,0.1070,0.0013,0.1161,0.0111,0.6556,0.6733,0.8304,0.6753,0.6565,0.7342,0.9507,1.0000,0.6668,1.0000,37.08,163.17,71.50,39.20,45.51,10.27,5.28,165.84,46.94,58.18,0.0000,0.0000,0.0000,0.0000,0.0000,0.0000,0.4586,0.0433,0.0000,0.0000,104304,74663,53998,54750,86225,66964,95775,572442,131417,91336,0,0,0,0,0,0,0,0,0,0,0.0000,0.0000,0.0000,0.0000,0.0000,0.0000,0.2875,0.2575,0.0000,0.0000,0,0,0,0,0,0,0,1,0,0,0,0,0,0,0,0,1,1,0,0,0.1352,0.0900,0.1399,0.0648,0.1003,0.0278,0.0823,0.1220,0.0185,0.1384,0.000,0.000,0.000,0.000,0.000,0.000,0.019,0.144,0.000,0.000,semi-presidential,parliamentary,parliamentary,parliamentary,parliamentary,semi-presidential,semi-presidential,electoral-authoritarian,electoral-authoritarian,parliamentary,0.800,0.800,0.800,0.800,0.800,0.823,0.800,0.500,0.500,0.812,51.6,91.5,83.2,100.0,53.7,41.1,100.0,100.0,100.0,100.0
2028-07-01,1.0916,1.0576,1.0073,0.9867,1.0087,0.9960,1.0001,1.0123,1.0115,1.0151,1.0271,1.0137,2.0513,1.3644,1.0434,1.0908,1.0326,1.1507,1.0023,1.0494,1.0679,1.0748,1.0292,1.0137,3414.88,5235.58,4112.44,2603.85,1959.65,1164.68,205.41,2624.41,1791.85,543.68,1.1848,0.6420,1.0318,1.4060,1.0140,0.4846,1.1785,0.2376,0.2111,0.0083,0.6161,0.6996,0.6033,0.5693,0.6076,0.7035,0.4825,0.6678,0.6749,0.6799,0.0946,0.0948,0.0760,0.1092,0.1000,0.0757,0.1117,0.0030,0.0936,0.0121,0.7630,0.7765,0.8838,0.7791,0.7640,0.8267,0.9583,1.0000,0.7772,1.0000,42.35,171.60,75.72,44.89,49.41,11.02,5.35,189.80,52.68,66.17,0.0000,0.0000,0.0000,0.0000,0.0000,0.0000,0.4588,0.0409,0.0000,0.0000,104304,74663,53998,54750,86225,66964,95775,572442,131417,91336,0,0,0,0,0,0,0,0,0,0,0.0000,0.0000,0.0000,0.0000,0.0000,0.0000,0.2990,0.2690,0.0000,0.0000,0,0,0,0,0,0,0,1,0,0,0,0,0,0,0,0,1,1,0,0,0.1464,0.0949,0.1525,0.0700,0.1090,0.0278,0.0789,0.1295,0.0190,0.1461,0.000,0.000,0.000,0.000,0.000,0.000,0.015,0.143,0.000,0.000,semi-presidential,parliamentary,parliamentary,parliamentary,parliamentary,semi-presidential,semi-presidential,electoral-authoritarian,electoral-authoritarian,parliamentary,0.800,0.800,0.800,0.800,0.800,0.808,0.800,0.500,0.500,0.802,54.4,94.4,85.4,100.0,56.4,45.5,100.0,100.0,100.0,100.0
2028-08-01,1.1251,1.0661,1.0053,0.9874,1.0011,0.9985,0.9962,1.0107,1.0100,1.0165,1.0201,1.0122,1.8783,1.2001,1.0425,0.9875,1.0239,1.0740,0.9979,1.0125,1.0239,1.0418,1.0238,1.0127,3424.54,5243.60,4115.00,2602.14,1964.19,1167.73,205.14,2634.44,1796.55,545.58,1.1820,0.6411,1.0313,1.4072,1.0118,0.4817,1.1802,0.2384,0.2107,-0.0070,0.6139,0.6836,0.6046,0.5751,0.6220,0.6989,0.4796,0.6674,0.6432,0.7031,0.0607,0.0577,0.0349,0.0601,0.0647,0.0456,0.0935,0.0011,0.0533,0.0088,0.8928,0.9011,0.9470,0.9046,0.8938,0.9397,0.9639,1.0000,0.9112,1.0000,47.74,189.09,84.04,52.08,57.80,11.32,6.04,219.36,59.47,76.88,0.0000,0.0000,0.0000,0.0000,0.0000,0.0000,0.4596,0.0420,0.0000,0.0000,104304,74663,53998,54750,86225,66964,95775,572442,131417,91336,0,0,0,0,0,0,0,0,0,0,0.0000,0.0000,0.0000,0.0000,0.0000,0.0000,0.3082,0.2782,0.0000,0.0000,0,0,0,0,0,0,0,1,0,0,0,0,0,0,0,0,1,1,0,0,0.1288,0.0883,0.1336,0.0631,0.0954,0.0253,0.0759,0.1285,0.0163,0.1465,0.000,0.000,0.000,0.000,0.000,0.000,0.010,0.146,0.000,0.000,semi-presidential,parliamentary,parliamentary,parliamentary,parliamentary,semi-presidential,semi-presidential,electoral-authoritarian,electoral-authoritarian,parliamentary,0.800,0.800,0.800,0.800,0.800,0.800,0.800,0.500,0.500,0.800,57.2,97.1,87.6,100.0,48.5,48.4,100.0,100.0,100.0,100.0
2028-09-01,1.1468,1.0702,1.0053,0.9881,0.9914,1.0012,0.9960,1.0093,1.0090,1.0181,1.0133,1.0120,1.6422,1.1563,1.0605,1.0321,1.0149,1.1201,1.0228,1.0111,1.0225,1.0534,1.0156,1.0120,3438.25,5271.06,4128.49,2609.68,1970.41,1173.76,204.54,2646.06,1806.38,548.20,1.1776,0.6379,1.0280,1.4034,1.0087,0.4772,1.1838,0.2394,0.2096,-0.0226,0.6169,0.6870,0.6252,0.5750,0.6243,0.6994,0.4690,0.6675,0.6335,0.7167,0.0430,0.0395,0.0448,0.0440,0.0464,0.0266,0.1001,0.0012,0.0371,0.0100,0.9324,0.9372,0.9667,0.9391,0.9331,0.9689,0.9694,1.0000,0.9419,1.0000,52.81,197.67,88.46,56.36,62.03,11.67,6.13,243.95,64.38,82.96,0.0000,0.0000,0.0000,0.0000,0.0000,0.0000,0.4591,0.0414,0.0000,0.0000,104304,74663,53998,54750,86225,66964,95775,572442,131417,91336,0,0,0,0,0,0,0,0,0,0,0.0000,0.0000,0.0000,0.0000,0.0000,0.0000,0.3197,0.2897,0.0000,0.0000,0,0,0,0,0,0,0,1,0,0,0,0,0,0,0,0,1,1,0,0,0.1432,0.0948,0.1490,0.0697,0.1063,0.0259,0.0756,0.1326,0.0212,0.1491,0.000,0.000,0.000,0.000,0.000,0.000,0.005,0.148,0.000,0.000,semi-presidential,parliamentary,parliamentary,parliamentary,parliamentary,semi-presidential,semi-presidential,electoral-authoritarian,electoral-authoritarian,parliamentary,0.800,0.800,0.800,0.800,0.800,0.800,0.800,0.500,0.500,0.800,60.0,99.8,89.6,100.0,51.3,52.1,100.0,100.0,100.0,100.0
2028-10-01,1.1562,1.0717,1.0042,0.9879,0.9848,1.0021,0.9971,1.0096,1.0079,1.0190,1.0076,1.0115,1.4295,1.1043,1.0874,1.0389,1.0070,1.0550,1.0416,1.0219,1.0441,1.0303,1.0101,1.0117,3449.36,5282.15,4135.23,2614.44,1982.04,1179.18,204.25,2658.68,1817.39,550.82,1.1738,0.6367,1.0263,1.4012,1.0029,0.4730,1.1857,0.2398,0.2084,-0.0381,0.6246,0.6981,0.6437,0.6095,0.6417,0.7133,0.4678,0.6646,0.6450,0.7237,0.0264,0.0229,0.0355,0.0340,0.0304,0.0086,0.0952,0.0023,0.0216,0.0125,0.9775,0.9772,0.9894,0.9763,0.9777,1.0000,0.9756,1.0000,0.9715,1.0000,55.93,202.75,87.93,60.57,66.26,11.86,6.32,262.10,67.94,87.46,0.0000,0.0000,0.0000,0.0000,0.0000,0.0000,0.4589,0.0428,0.0000,0.0000,104304,74663,53998,54750,86225,66964,95775,572442,131417,91336,0,0,0,0,0,0,0,0,0,0,0.0000,0.0000,0.0000,0.0000,0.0000,0.0000,0.3289,0.2989,0.0000,0.0000,0,0,0,0,0,0,0,1,0,0,0,0,0,0,0,0,1,1,0,0,0.1347,0.0904,0.1397,0.0660,0.1000,0.0253,0.0774,0.1324,0.0199,0.1529,0.000,0.000,0.000,0.000,0.000,0.000,0.001,0.149,0.000,0.000,semi-presidential,parliamentary,parliamentary,parliamentary,parliamentary,semi-presidential,semi-presidential,electoral-authoritarian,electoral-authoritarian,parliamentary,0.800,0.800,0.800,0.800,0.800,0.800,0.800,0.500,0.500,0.800,62.8,100.0,92.0,100.0,54.1,55.8,100.0,100.0,100.0,100.0
2028-11-01,1.1589,1.0691,1.0034,0.9901,0.9805,1.0028,1.0006,1.0111,1.0080,1.0222,1.0057,1.0109,1.2582,1.0991,1.0398,1.0511,1.0026,1.0547,1.1121,1.0469,1.0207,1.0684,1.0565,1.0110,3461.12,5287.40,4135.13,2624.56,1992.97,1182.62,204.40,2670.06,1833.30,551.10,1.1697,0.6361,1.0264,1.3959,0.9974,0.4696,1.1851,0.2403,0.2068,-0.0539,0.6340,0.7112,0.6422,0.6334,0.6679,0.7325,0.4697,0.6957,0.6911,0.7343,0.0169,0.0122,0.0322,0.0288,0.0188,0.0000,0.0945,0.0022,0.0105,0.0173,0.9799,0.9794,0.9905,0.9788,0.9804,1.0000,0.9767,1.0000,0.9742,1.0000,58.70,203.78,86.81,59.38,67.01,12.47,5.99,270.69,68.72,90.15,0.0000,0.0000,0.0000,0.0000,0.0000,0.0000,0.4590,0.0411,0.0000,0.0000,104304,74663,53998,54750,86225,66964,95775,572442,131417,91336,0,0,0,0,0,0,0,0,0,0,0.0000,0.0000,0.0000,0.0000,0.0000,0.0000,0.3381,0.3081,0.0000,0.0000,0,0,0,0,0,0,0,1,0,0,0,0,0,0,0,0,1,1,0,0,0.1473,0.0956,0.1531,0.0695,0.1096,0.0324,0.0839,0.1347,0.0215,0.1531,0.000,0.000,0.000,0.000,0.000,0.000,0.000,0.144,0.000,0.000,semi-presidential,parliamentary,parliamentary,parliamentary,parliamentary,semi-presidential,semi-presidential,electoral-authoritarian,electoral-authoritarian,parliamentary,0.800,0.800,0.800,0.800,0.800,0.800,0.800,0.500,0.500,0.800,65.6,100.0,94.3,100.0,57.0,59.7,100.0,100.0,100.0,100.0
2028-12-01,1.1559,1.0655,1.0025,0.9925,0.9780,1.0033,1.0029,1.0124,1.0085,1.0234,1.0066,1.0110,1.2469,1.0956,1.0401,1.0449,1.0004,1.0558,1.0420,1.1070,1.0216,1.0357,1.0602,1.0112,3476.88,5314.12,4153.27,2630.45,2006.57,1185.08,204.26,2681.85,1849.70,552.94,1.1644,0.6330,1.0250,1.3930,0.9907,0.4679,1.1860,0.2411,0.2051,-0.0695,0.6451,0.7234,0.6496,0.6469,0.6798,0.7373,0.4773,0.7085,0.6972,0.7369,0.0178,0.0120,0.0301,0.0271,0.0193,0.0000,0.0748,0.0022,0.0106,0.0185,0.9794,0.9788,0.9903,0.9782,0.9799,1.0000,0.9765,1.0000,0.9735,1.0000,57.98,204.50,87.25,58.04,66.07,12.73,6.32,263.22,68.08,91.72,0.0000,0.0000,0.0000,0.0000,0.0000,0.0000,0.4590,0.0427,0.0000,0.0000,104304,74663,53998,54750,86225,66964,95775,572442,131417,91336,0,0,0,0,0,0,0,0,0,0,0.0000,0.0000,0.0000,0.0000,0.0000,0.0000,0.3496,0.3196,0.0000,0.0000,0,0,0,0,0,0,0,1,0,0,0,0,0,0,0,0,1,1,0,0,0.1471,0.0958,0.1530,0.0695,0.1095,0.0323,0.0826,0.1286,0.0268,0.1527,0.000,0.000,0.000,0.000,0.000,0.000,0.000,0.145,0.000,0.000,semi-presidential,parliamentary,parliamentary,parliamentary,parliamentary,semi-presidential,semi-presidential,electoral-authoritarian,electoral-authoritarian,parliamentary,0.800,0.800,0.800,0.800,0.800,0.800,0.800,0.500,0.500,0.800,68.5,100.0,97.6,100.0,60.0,61.3,100.0,100.0,100.0,100.0
2029-01-01,1.1512,1.0610,1.0032,0.9969,0.9773,1.0047,1.0014,1.0132,1.0079,1.0233,1.0082,1.0113,1.2426,1.0919,1.1272,1.0600,1.0002,1.0574,1.0029,1.0247,1.0212,1.0342,1.0097,1.0114,3479.98,5340.56,4166.09,2642.36,2017.18,1189.72,204.43,2691.57,1857.16,554.73,1.1633,0.6299,1.0218,1.3868,0.9856,0.4640,1.1852,0.2418,0.2043,-0.0820,0.6506,0.7387,0.6707,0.6638,0.6673,0.7487,0.4920,0.7034,0.7118,0.7370,0.0172,0.0160,0.0274,0.0350,0.0213,0.0000,0.0667,0.0011,0.0157,0.0108,0.9790,0.9785,0.9901,0.9779,0.9795,1.0000,0.9760,1.0000,0.9731,1.0000,57.66,203.67,86.65,58.53,65.93,12.90,6.22,262.32,67.82,91.54,0.0000,0.0000,0.0000,0.0000,0.0000,0.0000,0.4589,0.0429,0.0000,0.0000,104304,74663,53998,54750,86225,66964,95775,572442,131417,91336,0,0,0,0,0,0,0,0,0,0,0.0000,0.0000,0.0000,0.0000,0.0000,0.0000,0.3588,0.3288,0.0000,0.0000,0,0,0,0,0,0,0,1,0,0,0,0,0,0,0,0,1,1,0,0,0.1459,0.0950,0.1516,0.0689,0.1086,0.0329,0.0863,0.1298,0.0269,0.1522,0.000,0.000,0.000,0.000,0.000,0.000,0.000,0.145,0.000,0.000,semi-presidential,parliamentary,parliamentary,parliamentary,parliamentary,semi-presidential,semi-presidential,electoral-authoritarian,electoral-authoritarian,parliamentary,0.800,0.800,0.800,0.800,0.800,0.800,0.800,0.500,0.500,0.800,71.4,100.0,100.0,91.1,64.3,65.3,100.0,100.0,100.0,100.0
2029-02-01,1.1441,1.0566,1.0014,1.0006,0.9745,1.0050,1.0007,1.0111,1.0062,1.0243,1.0081,1.0089,1.2306,1.0871,1.0385,1.0519,0.9971,1.0570,1.0228,1.0130,1.0190,1.0470,1.0096,1.0090,3492.47,5351.88,4180.12,2644.75,2019.12,1201.65,204.36,2697.25,1869.45,556.97,1.1593,0.6287,1.0184,1.3856,0.9847,0.4552,1.1857,0.2429,0.2031,-0.0973,0.6544,0.7459,0.6614,0.6505,0.6794,0.7689,0.5045,0.6799,0.7218,0.7519,0.0111,0.0116,0.0215,0.0271,0.0150,0.0000,0.0655,0.0011,0.0101,0.0095,0.9797,0.9791,0.9904,0.9786,0.9803,1.0000,0.9759,1.0000,0.9740,1.0000,57.05,203.86,87.06,57.49,65.25,12.77,6.11,260.03,68.10,91.45,0.0000,0.0000,0.0000,0.0000,0.0000,0.0000,0.4591,0.0418,0.0000,0.0000,104304,74663,53998,54750,86225,66964,95775,572442,131417,91336,0,0,0,0,0,0,0,0,0,0,0.0000,0.0000,0.0000,0.0000,0.0000,0.0000,0.3680,0.3380,0.0000,0.0000,0,0,0,0,0,0,0,1,0,0,0,0,0,0,0,0,1,1,0,0,0.1185,0.0812,0.1216,0.0547,0.0869,0.0275,0.0758,0.1225,0.0211,0.1514,0.000,0.000,0.000,0.000,0.000,0.000,0.000,0.147,0.000,0.000,semi-presidential,parliamentary,parliamentary,parliamentary,parliamentary,semi-presidential,semi-presidential,electoral-authoritarian,electoral-authoritarian,parliamentary,0.800,0.800,0.800,0.800,0.800,0.800,0.800,0.500,0.500,0.800,74.4,100.0,100.0,94.8,67.3,73.6,100.0,100.0,100.0,100.0
2029-03-01,1.1358,1.0518,1.0000,1.0031,0.9698,1.0062,1.0010,1.0085,1.0062,1.0236,1.0079,1.0069,1.2196,1.0826,1.0381,1.0535,0.9929,1.0591,1.0025,1.0103,1.0193,1.0327,1.0094,1.0069,3488.55,5356.77,4188.43,2653.18,2026.91,1201.65,204.62,2702.81,1876.17,558.24,1.1607,0.6281,1.0165,1.3813,0.9809,0.4552,1.1843,0.2440,0.2024,-0.1127,0.6406,0.7483,0.6594,0.6482,0.6800,0.7689,0.5058,0.6801,0.7158,0.7541,0.0106,0.0116,0.0206,0.0268,0.0146,0.0000,0.0612,0.0010,0.0102,0.0087,0.9793,0.9787,0.9902,0.9782,0.9799,1.0000,0.9754,1.0000,0.9734,1.0000,55.46,201.55,85.73,56.47,63.63,12.58,5.90,252.88,67.17,91.04,0.0000,0.0000,0.0000,0.0000,0.0000,0.0000,0.4589,0.0429,0.0000,0.0000,104304,74663,53998,54750,86225,66964,95775,572442,131417,91336,0,0,0,0,0,0,0,0,0,0,0.0000,0.0000,0.0000,0.0000,0.0000,0.0000,0.3772,0.3472,0.0000,0.0000,0,0,0,0,0,0,0,1,0,0,0,0,0,0,0,0,1,1,0,0,0.1403,0.0910,0.1460,0.0650,0.1039,0.0287,0.0748,0.1211,0.0239,0.1505,0.000,0.000,0.000,0.000,0.000,0.000,0.000,0.149,0.000,0.000,semi-presidential,parliamentary,parliamentary,parliamentary,parliamentary,semi-presidential,semi-presidential,electoral-authoritarian,electoral-authoritarian,parliamentary,0.800,0.800,0.800,0.800,0.800,0.800,0.800,0.500,0.500,0.800,77.2,100.0,100.0,98.5,70.3,73.6,100.0,100.0,100.0,100.0
2029-04-01,1.1257,1.0463,0.9999,1.0050,0.9653,1.0087,1.0005,1.0045,1.0034,1.0211,1.0073,1.0064,1.2097,1.0760,1.0641,1.0507,0.9876,1.0618,1.0152,1.0068,1.0166,1.0292,1.0092,1.0066,3497.90,5377.89,4188.35,2658.49,2035.70,1207.01,204.37,2712.75,1884.49,560.07,1.1577,0.6253,1.0163,1.3785,0.9767,0.4511,1.1858,0.2452,0.2016,-0.1279,0.6440,0.7339,0.6601,0.6353,0.6861,0.7643,0.5061,0.6295,0.7200,0.7500,0.0128,0.0122,0.0227,0.0263,0.0167,0.0000,0.0605,0.0011,0.0111,0.0096,0.9796,0.9790,0.9903,0.9785,0.9802,1.0000,0.9753,1.0000,0.9737,1.0000,54.71,199.30,84.63,55.80,63.03,12.23,5.76,249.61,66.39,90.53,0.0000,0.0000,0.0000,0.0000,0.0000,0.0000,0.4586,0.0432,0.0000,0.0000,104304,74663,53998,54750,86225,66964,95775,572442,131417,91336,0,0,0,0,0,0,0,0,0,0,0.0000,0.0000,0.0000,0.0000,0.0000,0.0000,0.3887,0.3587,0.0000,0.0000,0,0,0,0,0,0,0,1,0,0,0,0,0,0,0,0,1,1,0,0,0.1285,0.0845,0.1327,0.0591,0.0945,0.0270,0.0754,0.1188,0.0216,0.1494,0.000,0.000,0.000,0.000,0.000,0.000,0.000,0.149,0.000,0.000,semi-presidential,parliamentary,parliamentary,parliamentary,parliamentary,semi-presidential,semi-presidential,electoral-authoritarian,electoral-authoritarian,parliamentary,0.800,0.800,0.800,0.800,0.800,0.800,0.800,0.538,0.500,0.800,80.1,100.0,100.0,99.6,73.3,77.7,100.0,90.7,100.0,100.0
2029-05-01,1.1115,1.0425,1.0016,1.0067,0.9639,1.0083,0.9998,1.0017,1.0004,1.0174,1.0049,1.0045,1.1907,1.0731,1.0946,1.0329,0.9868,1.0616,1.0015,1.0033,1.0133,1.0250,1.0069,1.0050,3492.61,5384.82,4188.38,2657.09,2037.83,1213.33,204.24,2719.05,1893.11,563.07,1.1595,0.6244,1.0162,1.3793,0.9757,0.4466,1.1867,0.2464,0.2008,-0.1426,0.6375,0.7255,0.6541,0.6270,0.6867,0.7594,0.4998,0.6403,0.7248,0.7512,0.0142,0.0116,0.0240,0.0196,0.0183,0.0000,0.0561,0.0010,0.0123,0.0096,0.9788,0.9782,0.9899,0.9776,0.9793,1.0000,0.9742,1.0000,0.9728,1.0000,52.58,197.80,85.55,55.89,61.62,11.88,5.61,240.68,65.37,90.62,0.0000,0.0000,0.0000,0.0000,0.0000,0.0000,0.4586,0.0433,0.0000,0.0000,104304,74663,53998,54750,86225,66964,95775,572442,131417,91336,0,0,0,0,0,0,0,0,0,0,0.0000,0.0000,0.0000,0.0000,0.0000,0.0000,0.3979,0.3679,0.0000,0.0000,0,0,0,0,0,0,0,1,0,0,0,0,0,0,0,0,1,1,0,0,0.1220,0.0812,0.1257,0.0568,0.0890,0.0255,0.0781,0.1138,0.0199,0.1465,0.000,0.000,0.000,0.000,0.000,0.000,0.000,0.150,0.000,0.000,semi-presidential,parliamentary,parliamentary,parliamentary,parliamentary,semi-presidential,semi-presidential,electoral-authoritarian,electoral-authoritarian,parliamentary,0.800,0.800,0.800,0.800,0.800,0.800,0.800,0.529,0.500,0.800,83.0,100.0,100.0,100.0,76.3,81.8,100.0,93.5,100.0,100.0
2029-06-01,1.0917,1.0399,1.0036,1.0075,0.9648,1.0054,1.0008,0.9979,0.9973,1.0144,1.0035,1.0021,1.1639,1.0703,1.0491,1.0368,0.9936,1.0586,1.0349,0.9998,1.0099,1.0230,1.0052,1.0023,3500.11,5386.69,4184.00,2659.43,2034.83,1225.32,204.36,2716.71,1905.51,564.76,1.1572,0.6243,1.0174,1.3811,0.9772,0.4381,1.1861,0.2489,0.1996,-0.1574,0.6297,0.7212,0.6426,0.6058,0.6641,0.7502,0.5041,0.6513,0.7188,0.7502,0.0118,0.0102,0.0226,0.0191,0.0172,0.0000,0.0548,0.0012,0.0102,0.0119,0.9787,0.9782,0.9899,0.9775,0.9792,1.0000,0.9738,1.0000,0.9727,1.0000,50.98,193.67,82.65,53.46,59.03,11.46,5.52,233.59,64.56,89.15,0.0000,0.0000,0.0000,0.0000,0.0000,0.0000,0.4587,0.0431,0.0000,0.0000,104304,74663,53998,54750,86225,66964,95775,572442,131417,91336,0,0,0,0,0,0,0,0,0,0,0.0000,0.0000,0.0000,0.0000,0.0000,0.0000,0.4094,0.3794,0.0000,0.0000,0,0,0,0,0,0,0,1,0,0,0,0,0,0,0,0,1,1,0,0,0.1150,0.0767,0.1180,0.0521,0.0835,0.0230,0.0772,0.1096,0.0181,0.1450,0.000,0.000,0.000,0.000,0.000,0.000,0.000,0.152,0.000,0.000,semi-presidential,parliamentary,parliamentary,parliamentary,parliamentary,semi-presidential,semi-presidential,electoral-authoritarian,electoral-authoritarian,parliamentary,0.800,0.800,0.800,0.800,0.800,0.800,0.800,0.517,0.500,0.800,85.8,100.0,100.0,85.9,79.2,89.9,100.0,97.0,100.0,100.0
2029-07-01,1.0724,1.0363,1.0044,1.0069,0.9705,1.0028,1.0018,0.9949,1.0093,1.0124,1.0020,0.9993,1.1445,1.0658,1.1094,1.0071,1.0305,1.0552,1.0621,0.9966,1.8178,1.0208,1.0039,0.9997,3502.83,5387.92,4171.67,2664.53,2036.01,1227.22,204.44,2713.76,1914.37,566.43,1.1564,0.6242,1.0205,1.3783,0.9766,0.4354,1.1855,0.2510,0.1988,-0.1721,0.6244,0.7138,0.6220,0.5928,0.6452,0.7460,0.4957,0.6330,0.6998,0.7431,0.0164,0.0114,0.0318,0.0342,0.0507,0.0000,0.0781,0.0336,0.0425,0.0477,0.9796,0.9789,0.9903,0.9785,0.9802,1.0000,0.9742,1.0000,0.9737,1.0000,46.90,160.41,73.83,50.27,52.64,8.94,4.96,219.96,56.31,86.80,0.0000,0.0000,0.0000,0.0000,0.0000,0.0000,0.4586,0.0432,0.0000,0.0000,104304,74663,53998,54750,86225,66964,95775,572442,131417,91336,0,0,0,0,0,0,0,0,0,0,0.0000,0.0000,0.0000,0.0000,0.0000,0.0000,0.4186,0.3886,0.0000,0.0000,0,0,0,0,0,0,0,1,0,0,0,0,0,0,0,0,1,1,0,0,0.1088,0.0738,0.1129,0.0496,0.0788,0.0212,0.0761,0.1069,0.0161,0.1408,0.000,0.000,0.000,0.000,0.000,0.000,0.000,0.153,0.000,0.000,semi-presidential,parliamentary,parliamentary,parliamentary,parliamentary,semi-presidential,semi-presidential,electoral-authoritarian,electoral-authoritarian,parliamentary,0.800,0.800,0.800,0.800,0.800,0.800,0.800,0.508,0.500,0.800,88.5,100.0,100.0,87.9,82.0,93.9,100.0,99.8,100.0,100.0
2029-08-01,1.0552,1.0327,1.0068,1.0034,0.9770,1.0044,1.0029,0.9940,1.0470,1.0090,0.9976,0.9970,1.1296,1.0628,1.1560,1.0040,1.0314,1.1012,1.0046,0.9954,1.5475,1.0160,0.9994,0.9972,3487.44,5374.25,4171.77,2663.91,2035.91,1233.66,203.98,2713.52,1923.72,567.98,1.1618,0.6258,1.0205,1.3783,0.9767,0.4334,1.1883,0.2580,0.1979,-0.1866,0.6094,0.7066,0.6165,0.5820,0.6197,0.7509,0.4866,0.5970,0.6813,0.7230,0.0186,0.0139,0.0266,0.0329,0.0427,0.0006,0.0688,0.0209,0.0325,0.0348,0.9793,0.9787,0.9901,0.9781,0.9799,1.0000,0.9737,1.0000,0.9733,1.0000,50.80,185.50,77.21,51.88,57.47,10.68,5.38,231.66,64.53,87.85,0.0000,0.0000,0.0000,0.0000,0.0000,0.0000,0.4586,0.0432,0.0000,0.0000,104304,74663,53998,54750,86225,66964,95775,572442,131417,91336,0,0,0,0,0,0,0,0,0,0,0.0000,0.0000,0.0000,0.0000,0.0000,0.0000,0.4278,0.3978,0.0000,0.0000,0,0,0,0,0,0,0,1,0,0,0,0,0,0,0,0,1,1,0,0,0.1223,0.0804,0.1264,0.0546,0.0879,0.0255,0.0774,0.1074,0.0167,0.1392,0.000,0.000,0.000,0.000,0.000,0.000,0.000,0.154,0.000,0.000,semi-presidential,parliamentary,parliamentary,parliamentary,parliamentary,semi-presidential,semi-presidential,electoral-authoritarian,electoral-authoritarian,parliamentary,0.800,0.800,0.800,0.800,0.800,0.800,0.800,0.500,0.500,0.800,93.4,100.0,100.0,91.1,84.7,97.9,100.0,100.0,100.0,100.0
2029-09-01,1.0394,1.0325,1.0081,1.0017,0.9823,1.0069,1.0023,0.9934,1.0609,1.0063,0.9936,0.9971,1.1111,1.0631,1.1307,1.0159,1.0294,1.0591,1.0043,0.9949,1.3296,1.0146,0.9956,0.9970,3506.01,5388.37,4163.21,2667.01,2033.00,1240.74,203.89,2716.87,1935.12,569.42,1.1558,0.6242,1.0228,1.3764,0.9782,0.4292,1.1889,0.2603,0.1969,-0.2114,0.6193,0.7102,0.6157,0.5854,0.6197,0.7594,0.4869,0.6068,0.6657,0.7038,0.0162,0.0123,0.0267,0.0271,0.0327,0.0000,0.0678,0.0115,0.0226,0.0254,0.9784,0.9779,0.9897,0.9771,0.9787,1.0000,0.9725,1.0000,0.9722,1.0000,53.82,202.45,80.85,53.37,60.65,11.86,5.76,241.33,70.88,88.19,0.0000,0.0000,0.0000,0.0000,0.0000,0.0000,0.4586,0.0432,0.0000,0.0000,104304,74663,53998,54750,86225,66964,95775,572442,131417,91336,0,0,0,0,0,0,0,0,0,0,0.0000,0.0000,0.0000,0.0000,0.0000,0.0000,0.4393,0.4093,0.0000,0.0000,0,0,0,0,0,0,0,1,0,0,0,0,0,0,0,0,1,1,0,0,0.1356,0.0927,0.1415,0.0608,0.0985,0.0275,0.0799,0.1094,0.0185,0.1375,0.000,0.000,0.000,0.000,0.000,0.000,0.000,0.154,0.000,0.000,semi-presidential,parliamentary,parliamentary,parliamentary,parliamentary,semi-presidential,semi-presidential,electoral-authoritarian,electoral-authoritarian,parliamentary,0.800,0.800,0.800,0.800,0.800,0.800,0.800,0.500,0.500,0.800,96.1,100.0,100.0,94.3,87.4,100.0,100.0,100.0,100.0,100.0
2029-10-01,1.0292,1.0339,1.0074,0.9995,0.9853,1.0089,1.0023,0.9919,1.0620,1.0044,0.9915,0.9965,1.1042,1.0648,1.0457,0.9997,1.0157,1.0696,1.0039,0.9936,1.0806,1.0131,0.9934,0.9967,3506.00,5398.23,4181.11,2670.50,2044.47,1244.51,203.53,2721.59,1940.16,570.56,1.1560,0.6232,1.0186,1.3746,0.9727,0.4260,1.1911,0.2619,0.1964,-0.2179,0.6198,0.7189,0.6251,0.5903,0.6428,0.7615,0.4945,0.6006,0.6906,0.7046,0.0108,0.0099,0.0101,0.0166,0.0168,0.0001,0.0548,0.0013,0.0103,0.0108,0.9783,0.9778,0.9896,0.9770,0.9785,1.0000,0.9723,1.0000,0.9720,1.0000,55.06,204.04,81.31,54.41,62.62,11.87,5.89,248.35,72.30,87.92,0.0000,0.0000,0.0000,0.0000,0.0000,0.0000,0.4586,0.0431,0.0000,0.0000,104304,74663,53998,54750,86225,66964,95775,572442,131417,91336,0,0,0,0,0,0,0,0,0,0,0.0000,0.0000,0.0000,0.0000,0.0000,0.0000,0.4485,0.4185,0.0000,0.0000,0,0,0,0,0,0,0,1,0,0,0,0,0,0,0,0,1,1,0,0,0.1197,0.0842,0.1232,0.0529,0.0857,0.0255,0.0773,0.1088,0.0162,0.1367,0.000,0.000,0.000,0.000,0.000,0.000,0.000,0.154,0.000,0.000,semi-presidential,parliamentary,parliamentary,parliamentary,parliamentary,semi-presidential,semi-presidential,electoral-authoritarian,electoral-authoritarian,parliamentary,0.800,0.800,0.800,0.800,0.800,0.800,0.800,0.500,0.500,0.800,98.8,100.0,100.0,97.6,90.2,100.0,100.0,100.0,100.0,100.0
2029-11-01,1.0181,1.0337,1.0049,0.9956,0.9863,1.0113,1.0038,0.9920,1.0578,1.0032,0.9876,0.9970,1.0880,1.0645,1.0430,0.9967,1.0208,1.0636,1.0838,1.0151,1.0759,1.0240,0.9895,0.9970,3512.60,5402.69,4191.38,2669.09,2050.76,1248.62,203.28,2721.96,1951.29,570.86,1.1539,0.6227,1.0162,1.3753,0.9697,0.4233,1.1957,0.2640,0.1954,-0.2325,0.6258,0.7284,0.6448,0.6118,0.6528,0.7575,0.4982,0.6032,0.6909,0.7078,0.0139,0.0096,0.0144,0.0170,0.0198,0.0000,0.0566,0.0021,0.0103,0.0169,0.9785,0.9779,0.9897,0.9772,0.9789,1.0000,0.9727,1.0000,0.9723,1.0000,53.73,202.18,80.87,53.27,61.26,11.82,5.79,241.61,70.98,87.40,0.0000,0.0000,0.0000,0.0000,0.0000,0.0000,0.4587,0.0429,0.0000,0.0000,104304,74663,53998,54750,86225,66964,95775,572442,131417,91336,0,0,0,0,0,0,0,0,0,0,0.0000,0.0000,0.0000,0.0000,0.0000,0.0000,0.4577,0.4277,0.0000,0.0000,0,0,0,0,0,0,0,1,0,0,0,0,0,0,0,0,1,1,0,0,0.1312,0.0902,0.1363,0.0641,0.0947,0.0268,0.0794,0.1081,0.0179,0.1358,0.000,0.000,0.000,0.000,0.000,0.000,0.000,0.154,0.000,0.000,semi-presidential,parliamentary,parliamentary,parliamentary,parliamentary,semi-presidential,semi-presidential,electoral-authoritarian,electoral-authoritarian,parliamentary,0.800,0.800,0.800,0.800,0.800,0.800,0.800,0.500,0.500,0.800,100.0,100.0,100.0,100.0,93.0,100.0,100.0,100.0,100.0,100.0
2029-12-01,1.0082,1.0313,1.0078,0.9908,0.9879,1.0141,1.0037,0.9909,1.0515,1.0040,0.9825,0.9977,1.0797,1.0604,1.1499,0.9909,1.0139,1.0900,1.0055,0.9927,1.0693,1.0234,0.9845,0.9981,3519.66,5423.71,4197.40,2671.79,2056.29,1251.53,203.43,2725.74,1960.72,571.78,1.1517,0.6203,1.0149,1.3739,0.9671,0.4205,1.1949,0.2664,0.1946,-0.2467,0.6306,0.7351,0.6595,0.6226,0.6546,0.7597,0.5097,0.5911,0.6700,0.6961,0.0178,0.0133,0.0167,0.0229,0.0227,0.0003,0.0540,0.0013,0.0141,0.0116,0.9797,0.9791,0.9903,0.9786,0.9802,1.0000,0.9734,1.0000,0.9739,1.0000,53.68,201.23,80.72,53.29,61.65,11.61,5.85,242.59,70.44,86.80,0.0000,0.0000,0.0000,0.0000,0.0000,0.0000,0.4582,0.0424,0.0000,0.0000,104304,74663,53998,54750,86225,66964,95775,572442,131417,91336,0,0,0,0,0,0,0,0,0,0,0.0000,0.0000,0.0000,0.0000,0.0000,0.0000,0.4692,0.4392,0.0000,0.0000,0,0,0,0,0,0,0,1,0,0,0,0,0,0,0,0,1,1,0,0,0.1363,0.0928,0.1421,0.0669,0.0989,0.0274,0.0805,0.1140,0.0188,0.1348,0.000,0.000,0.000,0.000,0.000,0.000,0.000,0.149,0.000,0.000,semi-presidential,parliamentary,parliamentary,parliamentary,parliamentary,semi-presidential,semi-presidential,electoral-authoritarian,electoral-authoritarian,parliamentary,0.800,0.800,0.800,0.800,0.800,0.800,0.800,0.500,0.500,0.800,100.0,100.0,100.0,100.0,95.8,100.0,100.0,100.0,100.0,100.0
2030-01-01,1.0009,1.0273,1.0108,0.9903,0.9927,1.0161,1.0049,0.9892,1.0439,1.0060,0.9786,0.9993,1.0731,1.0554,1.1826,1.0385,1.0434,1.0679,1.0728,0.9904,1.0593,1.0507,0.9802,0.9997,3530.81,5444.10,4203.92,2673.62,2064.84,1253.79,203.69,2730.18,1969.71,572.84,1.1482,0.6181,1.0134,1.3770,0.9632,0.4178,1.1934,0.2682,0.1938,-0.2608,0.6352,0.7341,0.6673,0.6386,0.6606,0.7653,0.5054,0.5958,0.6684,0.6925,0.0211,0.0162,0.0331,0.0369,0.0312,0.0000,0.0653,0.0017,0.0171,0.0236,0.9808,0.9802,0.9908,0.9797,0.9815,1.0000,0.9738,1.0000,0.9752,1.0000,53.43,196.13,78.73,53.66,60.50,11.34,5.52,242.28,69.29,85.57,0.0000,0.0000,0.0000,0.0000,0.0000,0.0000,0.4579,0.0410,0.0000,0.0000,104304,74663,53998,54750,86225,66964,95775,572442,131417,91336,0,0,0,0,0,0,0,0,0,0,0.0000,0.0000,0.0000,0.0000,0.0000,0.0000,0.4784,0.4484,0.0000,0.0000,0,0,0,0,0,0,0,1,0,0,0,0,0,0,0,0,1,1,0,0,0.1386,0.0924,0.1434,0.0675,0.1009,0.0283,0.0821,0.1163,0.0199,0.1376,0.000,0.000,0.000,0.000,0.000,0.000,0.000,0.148,0.000,0.000,semi-presidential,parliamentary,parliamentary,parliamentary,parliamentary,semi-presidential,semi-presidential,electoral-authoritarian,electoral-authoritarian,parliamentary,0.800,0.800,0.800,0.800,0.800,0.800,0.800,0.500,0.500,0.800,100.0,100.0,100.0,96.4,98.7,100.0,100.0,100.0,100.0,100.0
2030-02-01,0.9972,1.0218,1.0136,0.9928,0.9973,1.0172,1.0059,0.9890,1.0362,1.0076,0.9804,1.0008,1.0734,1.0486,1.1171,1.0410,1.0453,1.0698,1.0077,1.0087,1.0520,1.0174,1.0338,1.0009,3538.35,5472.58,4217.85,2675.12,2069.28,1259.54,203.83,2739.38,1984.92,573.46,1.1456,0.6149,1.0101,1.3763,0.9612,0.4140,1.1926,0.2732,0.1964,-0.2750,0.6360,0.7413,0.6664,0.6325,0.6631,0.7643,0.5060,0.6234,0.6666,0.6863,0.0174,0.0144,0.0286,0.0350,0.0266,0.0000,0.0665,0.0016,0.0126,0.0220,0.9814,0.9806,0.9911,0.9803,0.9822,1.0000,0.9743,1.0000,0.9759,1.0000,54.02,195.99,78.57,54.13,60.97,11.29,5.80,245.56,69.35,84.95,0.0000,0.0000,0.0000,0.0000,0.0000,0.0000,0.4588,0.0430,0.0000,0.0000,104304,74663,53998,54750,86225,66964,95775,572442,131417,91336,0,0,0,0,0,0,0,0,0,0,0.0000,0.0000,0.0000,0.0000,0.0000,0.0000,0.4899,0.4599,0.0000,0.0000,0,0,0,0,0,0,0,1,0,0,0,0,0,0,0,0,1,1,0,0,0.1401,0.0931,0.1447,0.0684,0.1021,0.0292,0.0834,0.1183,0.0206,0.1367,0.000,0.000,0.000,0.000,0.000,0.000,0.000,0.147,0.000,0.000,semi-presidential,parliamentary,parliamentary,parliamentary,parliamentary,semi-presidential,semi-presidential,electoral-authoritarian,electoral-authoritarian,parliamentary,0.800,0.800,0.800,0.800,0.800,0.800,0.800,0.500,0.500,0.800,100.0,100.0,100.0,100.0,100.0,100.0,100.0,100.0,100.0,100.0
2030-03-01,0.9968,1.0148,1.0129,0.9947,1.0019,1.0169,1.0037,0.9918,1.0302,1.0082,0.9832,0.9994,1.0757,1.0408,1.0508,1.0289,1.0523,1.0696,1.0056,1.1047,1.0456,1.0383,1.1317,0.9996,3537.33,5482.46,4229.50,2687.16,2074.39,1263.94,203.71,2746.77,1998.98,573.74,1.1519,0.6139,1.0073,1.3702,0.9589,0.4106,1.1934,0.2749,0.1951,-0.2893,0.6243,0.7402,0.6790,0.6332,0.6710,0.7674,0.4972,0.6470,0.6717,0.6837,0.0203,0.0107,0.0337,0.0258,0.0278,0.0000,0.0770,0.0031,0.0106,0.0318,0.9819,0.9811,0.9913,0.9809,0.9828,1.0000,0.9743,1.0000,0.9764,1.0000,54.36,199.71,81.53,54.03,62.67,11.20,5.93,250.51,70.25,84.99,0.0000,0.0000,0.0000,0.0000,0.0000,0.0000,0.4585,0.0417,0.0000,0.0000,104304,74663,53998,54750,86225,66964,95775,572442,131417,91336,0,0,0,0,0,0,0,0,0,0,0.0000,0.0000,0.0000,0.0000,0.0000,0.0000,0.4991,0.4691,0.0000,0.0000,0,0,0,0,0,0,0,1,0,0,0,0,0,0,0,0,1,1,0,0,0.1094,0.0778,0.1110,0.0524,0.0783,0.0247,0.0780,0.1144,0.0160,0.1361,0.000,0.000,0.000,0.000,0.000,0.000,0.000,0.148,0.000,0.000,semi-presidential,parliamentary,parliamentary,parliamentary,parliamentary,semi-presidential,semi-presidential,electoral-authoritarian,electoral-authoritarian,parliamentary,0.800,0.800,0.840,0.800,0.800,0.800,0.800,0.500,0.500,0.800,100.0,100.0,90.0,100.0,100.0,100.0,100.0,100.0,100.0,100.0
2030-04-01,0.9972,1.0065,1.0121,0.9945,1.0082,1.0150,1.0016,0.9953,1.0249,1.0098,0.9861,0.9972,1.0762,1.0330,1.0498,1.0268,1.0665,1.0673,1.0032,1.0880,1.0399,1.0269,1.0002,0.9976,3534.84,5493.84,4224.17,2695.23,2085.45,1271.55,203.34,2749.28,2005.07,575.32,1.1527,0.6127,1.0087,1.3661,0.9539,0.4063,1.1957,0.2768,0.1946,-0.3029,0.6135,0.7349,0.6386,0.6324,0.6639,0.7638,0.4924,0.6519,0.7011,0.6853,0.0152,0.0105,0.0279,0.0259,0.0260,0.0000,0.0729,0.0020,0.0102,0.0276,0.9820,0.9812,0.9913,0.9810,0.9828,1.0000,0.9735,1.0000,0.9766,1.0000,54.79,202.48,84.44,54.88,64.27,11.41,6.23,254.06,70.64,85.26,0.0000,0.0000,0.0000,0.0000,0.0000,0.0000,0.4590,0.0423,0.0000,0.0000,104304,74663,53998,54750,86225,66964,95775,572442,131417,91336,0,0,0,0,0,0,0,0,0,0,0.0000,0.0000,0.0000,0.0000,0.0000,0.0000,0.5083,0.4783,0.0000,0.0000,0,0,0,0,0,0,0,1,0,0,0,0,0,0,0,0,1,1,0,0,0.1132,0.0800,0.1157,0.0548,0.0813,0.0246,0.0784,0.1163,0.0188,0.1355,0.000,0.000,0.000,0.000,0.000,0.000,0.000,0.150,0.000,0.000,semi-presidential,parliamentary,parliamentary,parliamentary,parliamentary,semi-presidential,semi-presidential,electoral-authoritarian,electoral-authoritarian,parliamentary,0.800,0.800,0.830,0.800,0.800,0.800,0.800,0.500,0.500,0.800,100.0,100.0,92.2,100.0,100.0,100.0,100.0,100.0,100.0,100.0
2030-05-01,0.9972,0.9983,1.0132,0.9933,1.0154,1.0126,1.0020,0.9963,1.0207,1.0092,0.9894,0.9946,1.0755,1.0256,1.1549,0.9999,1.0724,1.0652,1.0037,1.0261,1.0352,1.0174,1.0575,0.9955,3524.15,5506.09,4217.22,2701.08,2087.60,1276.68,203.04,2757.17,2021.11,575.46,1.1562,0.6113,1.0104,1.3632,0.9530,0.4028,1.1976,0.2775,0.1932,-0.3172,0.5939,0.7090,0.6206,0.6283,0.6504,0.7649,0.4845,0.6312,0.6812,0.6766,0.0209,0.0129,0.0260,0.0279,0.0318,0.0000,0.0631,0.0017,0.0144,0.0271,0.9816,0.9807,0.9911,0.9805,0.9825,1.0000,0.9729,1.0000,0.9761,1.0000,52.90,200.74,83.59,54.78,63.51,11.50,5.83,247.38,69.35,85.27,0.0000,0.0000,0.0000,0.0000,0.0000,0.0000,0.4587,0.0431,0.0000,0.0000,104304,74663,53998,54750,86225,66964,95775,572442,131417,91336,0,0,0,0,0,0,0,0,0,0,0.0000,0.0000,0.0000,0.0000,0.0000,0.0000,0.5175,0.4875,0.0000,0.0000,0,0,0,0,0,0,0,1,0,0,0,0,0,0,0,0,1,1,0,0,0.0983,0.0704,0.0956,0.0453,0.0663,0.0217,0.0752,0.1112,0.0148,0.1313,0.000,0.000,0.000,0.000,0.000,0.000,0.000,0.152,0.000,0.000,semi-presidential,parliamentary,parliamentary,parliamentary,parliamentary,semi-presidential,semi-presidential,electoral-authoritarian,electoral-authoritarian,parliamentary,0.800,0.835,0.820,0.800,0.800,0.800,0.800,0.500,0.500,0.800,100.0,91.3,94.4,100.0,100.0,100.0,100.0,100.0,100.0,100.0
2030-06-01,0.9964,0.9920,1.0167,0.9918,1.0215,1.0080,1.0028,0.9955,1.0179,1.0057,0.9920,0.9942,1.0732,1.0185,1.1657,1.0155,1.0720,1.0609,1.0223,0.9969,1.0322,1.0126,1.0725,0.9943,3527.05,5501.29,4203.22,2704.37,2087.71,1280.00,203.13,2758.99,2025.49,575.03,1.1554,0.6116,1.0137,1.3616,0.9530,0.3999,1.1972,0.2790,0.1929,-0.3317,0.6012,0.7121,0.6010,0.6259,0.6478,0.7660,0.4743,0.6460,0.6764,0.6814,0.0209,0.0131,0.0323,0.0272,0.0304,0.0000,0.0663,0.0016,0.0155,0.0242,0.9813,0.9804,0.9909,0.9802,0.9822,1.0000,0.9723,1.0000,0.9757,1.0000,51.99,198.96,83.50,54.04,62.20,11.46,5.65,242.84,68.69,84.73,0.0000,0.0000,0.0000,0.0000,0.0000,0.0000,0.4585,0.0433,0.0000,0.0000,104304,74663,53998,54750,86225,66964,95775,572442,131417,91336,0,0,0,0,0,0,0,0,0,0,0.0000,0.0000,0.0000,0.0000,0.0000,0.0000,0.5290,0.4990,0.0000,0.0000,0,0,0,0,0,0,0,1,0,0,0,0,0,0,0,0,1,1,0,0,0.1399,0.0897,0.1393,0.0650,0.1028,0.0251,0.0809,0.1131,0.0202,0.1313,0.000,0.000,0.000,0.000,0.000,0.000,0.000,0.154,0.000,0.000,semi-presidential,parliamentary,parliamentary,parliamentary,parliamentary,semi-presidential,semi-presidential,electoral-authoritarian,electoral-authoritarian,parliamentary,0.800,0.826,0.810,0.800,0.800,0.800,0.800,0.500,0.500,0.800,100.0,94.0,96.5,100.0,100.0,100.0,100.0,100.0,100.0,100.0
2030-07-01,0.9965,0.9872,1.0184,0.9906,1.0248,1.0041,1.0038,0.9948,1.0177,1.0008,0.9935,0.9954,1.0744,1.0137,1.0777,0.9974,1.0618,1.0559,1.0134,0.9963,1.0317,1.0074,1.0065,0.9961,3542.44,5514.93,4211.58,2713.41,2093.20,1283.00,202.79,2761.27,2036.88,575.09,1.1504,0.6099,1.0117,1.3571,0.9506,0.3971,1.1993,0.2800,0.1919,-0.3536,0.6162,0.7188,0.6012,0.6316,0.6575,0.7606,0.4795,0.6385,0.6905,0.6637,0.0126,0.0103,0.0159,0.0187,0.0199,0.0000,0.0558,0.0012,0.0111,0.0142,0.9818,0.9809,0.9906,0.9807,0.9826,1.0000,0.9737,1.0000,0.9749,1.0000,52.91,199.88,83.65,54.76,63.17,12.22,5.52,247.39,69.88,85.28,0.0000,0.0000,0.0000,0.0000,0.0000,0.0000,0.4585,0.0434,0.0000,0.0000,104304,74663,53998,54750,86225,66964,95775,572442,131417,91336,0,0,0,0,0,0,0,0,0,0,0.0000,0.0000,0.0000,0.0000,0.0000,0.0000,0.5382,0.5082,0.0000,0.0000,0,0,0,0,0,0,0,1,0,0,0,0,0,0,0,0,1,1,0,0,0.1397,0.0903,0.1468,0.0657,0.1034,0.0263,0.0817,0.1153,0.0208,0.1306,0.000,0.000,0.000,0.000,0.000,0.000,0.000,0.154,0.000,0.000,semi-presidential,parliamentary,parliamentary,parliamentary,parliamentary,semi-presidential,semi-presidential,electoral-authoritarian,electoral-authoritarian,parliamentary,0.800,0.816,0.801,0.800,0.800,0.800,0.800,0.500,0.500,0.815,100.0,96.8,98.6,100.0,100.0,100.0,100.0,100.0,100.0,96.3
2030-08-01,0.9945,0.9822,1.0186,0.9909,1.0274,0.9996,1.0042,0.9953,1.0163,0.9983,0.9930,0.9953,0.9945,0.9829,1.0190,1.0134,1.0427,1.0001,1.0043,0.9993,1.0165,0.9984,0.9930,0.9958,3547.66,5523.85,4225.61,2721.81,2099.96,1286.49,203.05,2761.32,2052.39,576.24,1.1487,0.6089,1.0084,1.3529,0.9476,0.3942,1.1978,0.2802,0.1905,-0.3671,0.6358,0.7274,0.6285,0.6416,0.6651,0.7607,0.5001,0.6391,0.7127,0.6777,0.0002,0.0002,0.0109,0.0040,0.0037,0.0000,0.0066,0.0000,0.0000,0.0055,1.0000,1.0000,1.0000,1.0000,1.0000,1.0000,1.0000,1.0000,1.0000,1.0000,55.20,205.72,85.06,56.40,64.67,12.26,10.32,259.45,72.41,86.26,0.0000,0.0000,0.0000,0.0000,0.0000,0.0000,0.0000,0.0000,0.0000,0.0000,104304,74663,53998,54750,86225,66964,95775,572442,131417,91336,0,0,0,0,0,0,0,0,0,0,0.0000,0.0000,0.0000,0.0000,0.0000,0.0000,0.5359,0.5036,0.0000,0.0000,0,0,0,0,0,0,0,1,0,0,0,0,0,0,0,0,0,0,0,0,0.1416,0.0908,0.1469,0.0654,0.1040,0.0264,0.0906,0.1191,0.0213,0.1346,0.000,0.000,0.000,0.000,0.000,0.000,0.000,0.154,0.000,0.000,semi-presidential,parliamentary,parliamentary,parliamentary,parliamentary,semi-presidential,semi-presidential,electoral-authoritarian,electoral-authoritarian,parliamentary,0.800,0.806,0.800,0.800,0.800,0.800,0.800,0.500,0.500,0.805,100.0,99.7,100.0,100.0,100.0,100.0,100.0,100.0,100.0,98.9
2030-09-01,0.9924,0.9811,1.0182,0.9914,1.0268,1.0015,1.0016,0.9937,1.0129,0.9968,0.9934,0.9958,0.9924,0.9811,1.0184,1.0108,1.0268,1.0563,1.0021,0.9941,1.0135,0.9972,0.9936,0.9959,3560.81,5530.39,4248.03,2723.63,2106.68,1291.68,204.49,2769.11,2064.74,576.39,1.1444,0.6083,1.0031,1.3520,0.9446,0.3900,1.1871,0.2807,0.1895,-0.3812,0.6476,0.7308,0.6840,0.6579,0.6848,0.7418,0.5720,0.6377,0.7124,0.6993,0.0010,0.0012,0.0102,0.0010,0.0007,0.0007,0.0056,0.0000,0.0003,0.0000,1.0000,1.0000,1.0000,1.0000,1.0000,1.0000,1.0000,1.0000,1.0000,1.0000,55.84,205.66,86.56,58.30,66.19,12.08,10.24,265.13,73.62,86.14,0.0000,0.0000,0.0000,0.0000,0.0000,0.0000,0.0000,0.0000,0.0000,0.0000,104304,74663,53998,54750,86225,66964,95775,572442,131417,91336,0,0,0,0,0,0,0,0,0,0,0.0000,0.0000,0.0000,0.0000,0.0000,0.0000,0.5162,0.4839,0.0000,0.0000,0,0,0,0,0,0,0,1,0,0,0,0,0,0,0,0,0,0,0,0,0.1366,0.0888,0.1419,0.0642,0.1005,0.0260,0.0902,0.1201,0.0207,0.1327,0.000,0.000,0.000,0.000,0.000,0.000,0.000,0.154,0.000,0.000,semi-presidential,parliamentary,parliamentary,parliamentary,parliamentary,semi-presidential,semi-presidential,electoral-authoritarian,electoral-authoritarian,parliamentary,0.800,0.800,0.800,0.800,0.800,0.800,0.800,0.500,0.500,0.800,100.0,100.0,100.0,100.0,100.0,100.0,100.0,100.0,100.0,100.0
2030-10-01,0.9944,0.9821,1.0171,0.9924,1.0287,1.0017,0.9998,0.9917,1.0106,0.9973,0.9936,0.9952,1.0760,1.0509,1.0171,1.0339,1.0504,1.0019,1.0000,0.9917,1.0107,1.0164,1.0280,0.9953,3576.64,5539.67,4261.16,2741.26,2113.42,1296.96,205.63,2776.10,2074.95,578.62,1.1394,0.6073,1.0002,1.3434,0.9416,0.3866,1.1586,0.2813,0.1887,-0.3939,0.6493,0.7251,0.6805,0.6576,0.6919,0.7449,0.6250,0.6543,0.7192,0.6986,0.0152,0.0145,0.0209,0.0240,0.0192,0.0106,0.0414,0.0002,0.0082,0.0089,0.9370,0.9408,0.9705,0.9470,0.9412,0.9532,0.9925,1.0000,0.9605,1.0000,55.18,200.95,82.30,56.96,64.95,11.70,9.89,263.83,73.74,85.53,0.0000,0.0000,0.0000,0.0000,0.0000,0.0000,0.0000,0.0000,0.0000,0.0000,104304,74663,53998,54750,86225,66964,95775,572442,131417,91336,0,0,0,0,0,0,0,0,0,0,0.0000,0.0000,0.0000,0.0000,0.0000,0.0000,0.4965,0.4642,0.0000,0.0000,0,0,0,0,0,0,0,1,0,0,0,0,0,0,0,0,0,0,0,0,0.1358,0.0870,0.1398,0.0619,0.0997,0.0252,0.0903,0.1214,0.0204,0.1356,0.000,0.000,0.000,0.000,0.000,0.000,0.000,0.155,0.000,0.000,semi-presidential,parliamentary,parliamentary,parliamentary,parliamentary,semi-presidential,semi-presidential,electoral-authoritarian,electoral-authoritarian,parliamentary,0.800,0.800,0.800,0.800,0.800,0.800,0.800,0.500,0.500,0.800,100.0,100.0,100.0,100.0,100.0,100.0,100.0,100.0,100.0,100.0
2030-11-01,0.9970,0.9830,1.0169,0.9935,1.0325,1.0005,0.9971,0.9924,1.0095,0.9966,0.9956,0.9948,1.0554,1.0284,1.0709,1.0261,1.0557,1.0008,0.9976,1.0970,1.0097,0.9968,1.0636,0.9949,3586.79,5541.53,4261.65,2745.60,2115.78,1301.37,206.17,2781.50,2087.34,578.78,1.1363,0.6072,1.0003,1.3413,0.9406,0.3835,1.1345,0.2820,0.1877,-0.4080,0.6516,0.7343,0.6796,0.6441,0.6921,0.7501,0.6284,0.6524,0.6982,0.7012,0.0201,0.0115,0.0283,0.0211,0.0224,0.0072,0.0447,0.0011,0.0079,0.0195,0.9592,0.9602,0.9810,0.9655,0.9636,0.9680,0.9965,1.0000,0.9737,1.0000,55.87,202.45,83.44,57.19,65.79,11.77,9.98,266.38,74.21,86.19,0.0000,0.0000,0.0000,0.0000,0.0000,0.0000,0.0000,0.0000,0.0000,0.0000,104304,74663,53998,54750,86225,66964,95775,572442,131417,91336,0,0,0,0,0,0,0,0,0,0,0.0000,0.0000,0.0000,0.0000,0.0000,0.0000,0.4767,0.4444,0.0000,0.0000,0,0,0,0,0,0,0,1,0,0,0,0,0,0,0,0,0,0,0,0,0.1245,0.0816,0.1279,0.0565,0.0911,0.0239,0.0919,0.1205,0.0186,0.1360,0.000,0.000,0.000,0.000,0.000,0.000,0.000,0.156,0.000,0.000,semi-presidential,parliamentary,parliamentary,parliamentary,parliamentary,semi-presidential,semi-presidential,electoral-authoritarian,electoral-authoritarian,parliamentary,0.800,0.800,0.800,0.800,0.800,0.800,0.800,0.500,0.500,0.800,100.0,100.0,100.0,100.0,100.0,100.0,100.0,100.0,100.0,100.0
2030-12-01,0.9977,0.9845,1.0169,0.9952,1.0355,1.0006,0.9950,0.9948,1.0079,0.9962,0.9981,0.9923,1.0448,1.0703,1.0170,1.0403,1.0595,1.0035,0.9953,1.0829,1.0084,0.9963,1.0711,0.9925,3573.47,5552.24,4253.45,2750.96,2119.19,1307.09,206.93,2786.84,2098.48,579.76,1.1406,0.6061,1.0024,1.3388,0.9392,0.3801,1.1103,0.2827,0.1868,-0.4215,0.6307,0.7144,0.6591,0.6347,0.6808,0.7436,0.6305,0.6609,0.7070,0.7055,0.0206,0.0146,0.0277,0.0258,0.0232,0.0103,0.0354,0.0009,0.0086,0.0178,0.9215,0.9273,0.9633,0.9342,0.9255,0.9430,0.9897,1.0000,0.9513,1.0000,55.94,202.87,83.84,57.50,65.87,12.05,10.08,267.22,74.73,86.40,0.0000,0.0000,0.0000,0.0000,0.0000,0.0000,0.0000,0.0000,0.0000,0.0000,104304,74663,53998,54750,86225,66964,95775,572442,131417,91336,0,0,0,0,0,0,0,0,0,0,0.0000,0.0000,0.0000,0.0000,0.0000,0.0000,0.4570,0.4247,0.0000,0.0000,0,0,0,0,0,0,0,1,0,0,0,0,0,0,0,0,0,0,0,0,0.1209,0.0792,0.1242,0.0539,0.0878,0.0226,0.0905,0.1190,0.0171,0.1361,0.000,0.000,0.000,0.000,0.000,0.000,0.000,0.158,0.000,0.000,semi-presidential,parliamentary,parliamentary,parliamentary,parliamentary,semi-presidential,semi-presidential,electoral-authoritarian,electoral-authoritarian,parliamentary,0.800,0.800,0.800,0.800,0.800,0.800,0.800,0.500,0.500,0.800,100.0,100.0,100.0,100.0,100.0,100.0,100.0,100.0,100.0,100.0
2031-01-01,0.9985,0.9853,1.0166,0.9944,1.0391,1.0023,0.9934,0.9955,1.0048,0.9948,0.9977,0.9910,1.0658,0.9854,1.0170,1.0111,1.0628,1.0642,0.9935,1.0259,1.0050,0.9949,0.9978,0.9913,3589.03,5566.83,4251.61,2758.98,2121.40,1312.74,207.83,2805.51,2110.66,578.30,1.1357,0.6046,1.0030,1.3350,0.9380,0.3767,1.0864,0.2833,0.1852,-0.4369,0.6321,0.7140,0.6485,0.6403,0.6704,0.7402,0.6454,0.6604,0.7239,0.7008,0.0068,0.0051,0.0162,0.0085,0.0113,0.0040,0.0324,0.0002,0.0025,0.0103,1.0000,1.0000,1.0000,1.0000,1.0000,1.0000,1.0000,1.0000,1.0000,1.0000,55.82,205.58,87.22,59.52,67.02,12.06,9.87,269.21,75.18,86.50,0.0000,0.0000,0.0000,0.0000,0.0000,0.0000,0.0000,0.0000,0.0000,0.0000,104304,74663,53998,54750,86225,66964,95775,572442,131417,91336,0,0,0,0,0,0,0,0,0,0,0.0000,0.0000,0.0000,0.0000,0.0000,0.0000,0.4373,0.3853,0.0000,0.0000,0,0,0,0,0,0,0,1,0,0,0,0,0,0,0,0,0,0,0,0,0.1205,0.0799,0.1250,0.0555,0.0877,0.0223,0.0904,0.1182,0.0163,0.1328,0.000,0.000,0.000,0.000,0.000,0.000,0.000,0.159,0.000,0.000,semi-presidential,parliamentary,parliamentary,parliamentary,parliamentary,semi-presidential,semi-presidential,electoral-authoritarian,electoral-authoritarian,parliamentary,0.800,0.800,0.800,0.800,0.800,0.800,0.800,0.500,0.500,0.800,100.0,100.0,100.0,100.0,100.0,100.0,100.0,100.0,100.0,100.0
2031-02-01,0.9968,0.9888,1.0148,0.9944,1.0395,1.0035,0.9941,0.9949,1.0011,0.9949,0.9948,0.9910,0.9969,1.1129,1.0150,1.0350,1.0395,1.0282,1.0410,0.9949,1.0018,0.9952,0.9951,0.9913,3595.30,5564.99,4260.34,2762.02,2121.94,1317.07,208.19,2811.74,2120.27,578.24,1.1338,0.6048,1.0011,1.3336,0.9376,0.3737,1.0662,0.2839,0.1838,-0.4512,0.6361,0.7180,0.6581,0.6464,0.6798,0.7359,0.6614,0.6371,0.7133,0.7054,0.0179,0.0164,0.0212,0.0215,0.0169,0.0115,0.0098,0.0002,0.0100,0.0024,0.8858,0.8967,0.9466,0.9044,0.8886,0.9199,0.9831,1.0000,0.9303,1.0000,55.49,202.19,84.12,57.66,65.39,12.11,9.76,266.93,74.84,86.34,0.0000,0.0000,0.0000,0.0000,0.0000,0.0000,0.0000,0.0000,0.0000,0.0000,104304,74663,53998,54750,86225,66964,95775,572442,131417,91336,0,0,0,0,0,0,0,0,0,0,0.0000,0.0000,0.0000,0.0000,0.0000,0.0000,0.4176,0.3656,0.0000,0.0000,0,0,0,0,0,0,0,1,0,0,0,0,0,0,0,0,0,0,0,0,0.1377,0.0866,0.1432,0.0616,0.1006,0.0232,0.0927,0.1187,0.0187,0.1364,0.000,0.000,0.000,0.000,0.000,0.000,0.000,0.160,0.000,0.000,semi-presidential,parliamentary,parliamentary,parliamentary,parliamentary,semi-presidential,semi-presidential,electoral-authoritarian,electoral-authoritarian,parliamentary,0.800,0.800,0.800,0.800,0.800,0.800,0.800,0.500,0.500,0.800,100.0,100.0,100.0,100.0,100.0,100.0,100.0,100.0,100.0,100.0
2031-03-01,0.9948,0.9941,1.0112,0.9957,1.0415,1.0021,0.9974,0.9957,0.9975,0.9937,0.9940,0.9908,0.9949,1.1795,1.0115,1.0484,1.0609,1.0028,1.1393,1.0553,0.9980,0.9939,1.0053,0.9908,3605.45,5580.35,4260.83,2770.18,2129.28,1319.26,208.94,2811.74,2128.64,578.50,1.1307,0.6032,1.0012,1.3298,0.9344,0.3715,1.0476,0.2839,0.1825,-0.4652,0.6341,0.7155,0.6483,0.6404,0.6754,0.7389,0.6702,0.6371,0.6901,0.7007,0.0304,0.0233,0.0346,0.0350,0.0323,0.0167,0.0175,0.0012,0.0165,0.0178,0.8360,0.8506,0.9225,0.8585,0.8380,0.8811,0.9775,1.0000,0.8854,1.0000,55.07,201.08,83.41,57.38,64.72,12.04,9.72,264.31,74.17,85.18,0.0000,0.0000,0.0000,0.0000,0.0000,0.0000,0.0000,0.0000,0.0000,0.0000,104304,74663,53998,54750,86225,66964,95775,572442,131417,91336,0,0,0,0,0,0,0,0,0,0,0.0000,0.0000,0.0000,0.0000,0.0000,0.0000,0.4011,0.3656,0.0000,0.0000,0,0,0,0,0,0,0,1,0,0,0,0,0,0,0,0,0,0,0,0,0.1373,0.0862,0.1425,0.0613,0.1044,0.0230,0.0928,0.1173,0.0184,0.1366,0.000,0.000,0.000,0.000,0.000,0.000,0.000,0.160,0.000,0.000,semi-presidential,parliamentary,parliamentary,parliamentary,parliamentary,semi-presidential,semi-presidential,electoral-authoritarian,electoral-authoritarian,parliamentary,0.800,0.800,0.800,0.800,0.800,0.800,0.800,0.500,0.500,0.800,100.0,100.0,100.0,100.0,100.0,100.0,100.0,100.0,100.0,100.0
2031-04-01,0.9935,1.0006,1.0073,0.9967,1.0427,1.0005,1.0004,0.9965,0.9955,0.9949,0.9959,0.9900,1.0193,1.1919,1.0079,1.0341,1.0427,1.0007,1.0363,1.0388,1.0397,1.0123,1.0727,0.9904,3604.18,5587.65,4247.92,2773.77,2138.39,1326.88,210.05,2820.49,2134.30,577.72,1.1312,0.6025,1.0045,1.3281,0.9305,0.3676,1.0253,0.2854,0.1815,-0.4802,0.6256,0.7050,0.6314,0.6351,0.6812,0.7336,0.6673,0.6822,0.6897,0.7012,0.0306,0.0240,0.0326,0.0273,0.0298,0.0183,0.0306,0.0025,0.0194,0.0095,0.8318,0.8465,0.9205,0.8542,0.8338,0.8774,0.9778,1.0000,0.8804,1.0000,55.39,203.27,85.25,57.65,66.71,12.09,9.93,269.84,75.16,85.20,0.0000,0.0000,0.0000,0.0000,0.0000,0.0000,0.0000,0.0000,0.0000,0.0000,104304,74663,53998,54750,86225,66964,95775,572442,131417,91336,0,0,0,0,0,0,0,0,0,0,0.0000,0.0000,0.0000,0.0000,0.0000,0.0000,0.3813,0.3262,0.0000,0.0000,0,0,0,0,0,0,0,1,0,0,0,0,0,0,0,0,0,0,0,0,0.1152,0.0763,0.1184,0.0543,0.0864,0.0211,0.0891,0.1167,0.0153,0.1352,0.000,0.000,0.000,0.000,0.000,0.000,0.000,0.161,0.000,0.000,semi-presidential,parliamentary,parliamentary,parliamentary,parliamentary,semi-presidential,semi-presidential,electoral-authoritarian,electoral-authoritarian,parliamentary,0.800,0.800,0.800,0.800,0.800,0.800,0.800,0.500,0.500,0.800,100.0,100.0,100.0,100.0,100.0,100.0,100.0,100.0,100.0,100.0
2031-05-01,0.9946,1.0068,1.0050,0.9972,1.0404,0.9982,1.0008,0.9966,0.9971,0.9970,0.9948,0.9886,1.0363,1.1617,1.0056,1.0296,1.0411,0.9985,1.0009,1.0157,1.0617,1.0107,0.9950,0.9886,3591.74,5588.00,4254.18,2780.24,2138.56,1329.98,210.19,2829.32,2143.65,578.83,1.1353,0.6026,1.0032,1.3251,0.9305,0.3651,1.0086,0.2857,0.1801,-0.4935,0.6194,0.6929,0.6310,0.6312,0.6720,0.7212,0.6533,0.6936,0.6910,0.7071,0.0229,0.0206,0.0248,0.0228,0.0241,0.0156,0.0419,0.0026,0.0160,0.0032,0.8601,0.8739,0.9347,0.8819,0.8621,0.9017,0.9801,1.0000,0.9110,1.0000,55.68,205.40,86.76,59.04,67.40,12.23,10.00,272.43,76.49,86.48,0.0000,0.0000,0.0000,0.0000,0.0000,0.0000,0.0000,0.0000,0.0000,0.0000,104304,74663,53998,54750,86225,66964,95775,572442,131417,91336,0,0,0,0,0,0,0,0,0,0,0.0000,0.0000,0.0000,0.0000,0.0000,0.0000,0.3616,0.3065,0.0000,0.0000,0,0,0,0,0,0,0,1,0,0,0,0,0,0,0,0,0,0,0,0,0.1200,0.0783,0.1234,0.0566,0.0901,0.0204,0.0834,0.1161,0.0150,0.1357,0.000,0.000,0.000,0.000,0.000,0.000,0.000,0.163,0.000,0.000,semi-presidential,parliamentary,parliamentary,parliamentary,parliamentary,semi-presidential,semi-presidential,electoral-authoritarian,electoral-authoritarian,parliamentary,0.800,0.800,0.800,0.800,0.800,0.800,0.800,0.500,0.500,0.800,100.0,100.0,100.0,100.0,100.0,100.0,100.0,100.0,100.0,100.0
2031-06-01,0.9975,1.0114,1.0031,0.9970,1.0364,0.9963,0.9982,0.9970,0.9967,0.9984,0.9929,0.9877,1.1300,1.1096,1.0035,1.0297,1.0366,0.9964,0.9991,0.9969,0.9969,1.0099,0.9933,0.9877,3589.22,5589.34,4245.50,2782.83,2143.49,1333.91,211.00,2840.91,2149.76,577.65,1.1362,0.6025,1.0086,1.3240,0.9285,0.3624,0.9895,0.2857,0.1791,-0.5089,0.6183,0.6839,0.6282,0.6286,0.6607,0.7189,0.6278,0.6866,0.6768,0.7177,0.0215,0.0203,0.0214,0.0222,0.0210,0.0155,0.0390,0.0000,0.0120,0.0000,0.9110,0.9194,0.9592,0.9257,0.9138,0.9376,0.9894,1.0000,0.9459,1.0000,54.37,204.38,86.33,58.99,66.51,12.25,9.95,267.71,76.38,86.29,0.0000,0.0000,0.0000,0.0000,0.0000,0.0000,0.0000,0.0000,0.0000,0.0000,104304,74663,53998,54750,86225,66964,95775,572442,131417,91336,0,0,0,0,0,0,0,0,0,0,0.0000,0.0000,0.0000,0.0000,0.0000,0.0000,0.3419,0.2867,0.0000,0.0000,0,0,0,0,0,0,0,1,0,0,0,0,0,0,0,0,0,0,0,0,0.1350,0.0850,0.1406,0.0641,0.1023,0.0208,0.0828,0.1167,0.0165,0.1372,0.000,0.000,0.000,0.000,0.000,0.000,0.000,0.164,0.000,0.000,semi-presidential,parliamentary,parliamentary,parliamentary,parliamentary,semi-presidential,semi-presidential,electoral-authoritarian,electoral-authoritarian,parliamentary,0.800,0.800,0.800,0.800,0.800,0.800,0.800,0.500,0.500,0.800,100.0,100.0,100.0,100.0,100.0,100.0,100.0,100.0,100.0,100.0
2031-07-01,0.9998,1.0145,1.0004,0.9973,1.0470,0.9941,0.9965,1.0034,0.9973,0.9983,0.9918,0.9888,1.0832,1.1117,1.0010,1.0348,1.1491,0.9943,0.9966,1.2910,1.0412,0.9988,1.0097,0.9891,3595.49,5591.49,4248.37,2789.38,2149.91,1338.08,211.15,2847.32,2159.63,576.67,1.1343,0.6023,1.0083,1.3210,0.9258,0.3596,0.9743,0.2862,0.1777,-0.5242,0.6231,0.6932,0.6400,0.6356,0.6676,0.7159,0.6159,0.6790,0.6842,0.7063,0.0318,0.0173,0.0472,0.0402,0.0514,0.0127,0.0547,0.0038,0.0123,0.0621,0.9118,0.9201,0.9596,0.9264,0.9144,0.9383,0.9896,1.0000,0.9465,1.0000,55.67,208.03,87.50,58.42,67.39,12.59,9.85,272.77,77.07,87.01,0.0000,0.0000,0.0000,0.0000,0.0000,0.0000,0.0000,0.0000,0.0000,0.0000,104304,74663,53998,54750,86225,66964,95775,572442,131417,91336,0,0,0,0,0,0,0,0,0,0,0.0000,0.0000,0.0000,0.0000,0.0000,0.0000,0.3222,0.2670,0.0000,0.0000,0,0,0,0,0,0,0,1,0,0,0,0,0,0,0,0,0,0,0,0,0.1357,0.0859,0.1413,0.0640,0.1030,0.0223,0.0914,0.1196,0.0174,0.1384,0.000,0.000,0.000,0.000,0.000,0.000,0.000,0.163,0.000,0.000,semi-presidential,parliamentary,parliamentary,parliamentary,parliamentary,semi-presidential,semi-presidential,electoral-authoritarian,electoral-authoritarian,parliamentary,0.800,0.800,0.800,0.800,0.800,0.800,0.800,0.500,0.500,0.800,100.0,100.0,100.0,100.0,100.0,100.0,100.0,100.0,100.0,100.0
2031-08-01,0.9996,1.0172,1.0006,0.9975,1.0707,0.9931,0.9926,1.0085,0.9997,0.9960,0.9937,0.9907,0.9996,1.0531,1.0258,1.0260,1.1543,0.9932,0.9937,1.0713,1.1052,0.9963,1.0850,0.9915,3600.98,5610.83,4259.56,2803.43,2153.36,1342.53,211.30,2853.71,2171.46,577.13,1.1327,0.6003,1.0060,1.3144,0.9245,0.3568,0.9500,0.2867,0.1762,-0.5382,0.6323,0.7008,0.6392,0.6237,0.6634,0.7201,0.6236,0.6659,0.6836,0.6660,0.0120,0.0059,0.0297,0.0255,0.0315,0.0035,0.0151,0.0048,0.0077,0.0448,0.9683,0.9689,0.9856,0.9733,0.9725,0.9751,0.9996,1.0000,0.9796,1.0000,56.52,212.50,91.96,62.06,68.76,13.32,9.87,275.23,77.48,88.68,0.0000,0.0000,0.0000,0.0000,0.0000,0.0000,0.0000,0.0000,0.0000,0.0000,104304,74663,53998,54750,86225,66964,95775,572442,131417,91336,0,0,0,0,0,0,0,0,0,0,0.0000,0.0000,0.0000,0.0000,0.0000,0.0000,0.2880,0.2473,0.0000,0.0000,0,0,0,0,0,0,0,1,0,0,0,0,0,0,0,0,0,0,0,0,0.1375,0.0882,0.1431,0.0672,0.1047,0.0243,0.0944,0.1208,0.0187,0.1380,0.000,0.000,0.000,0.000,0.000,0.000,0.000,0.162,0.000,0.000,semi-presidential,parliamentary,parliamentary,parliamentary,parliamentary,semi-presidential,semi-presidential,electoral-authoritarian,electoral-authoritarian,parliamentary,0.800,0.800,0.800,0.800,0.800,0.800,0.800,0.500,0.500,0.800,100.0,100.0,100.0,100.0,100.0,100.0,100.0,100.0,100.0,100.0
2031-09-01,0.9981,1.0182,1.0003,0.9982,1.0868,0.9902,0.9887,1.0081,1.0020,0.9932,0.9938,0.9914,0.9984,1.0777,1.0008,1.0382,1.1486,0.9903,0.9888,1.0085,1.0769,0.9939,0.9943,0.9916,3603.71,5634.81,4262.95,2808.45,2161.95,1350.12,212.16,2861.01,2185.28,577.85,1.1320,0.5977,1.0056,1.3122,0.9209,0.3532,0.9334,0.2871,0.1745,-0.5519,0.6393,0.7135,0.6526,0.6374,0.6739,0.7333,0.6448,0.6716,0.6880,0.6693,0.0075,0.0082,0.0193,0.0269,0.0225,0.0055,0.0096,0.0029,0.0073,0.0249,0.9467,0.9502,0.9757,0.9554,0.9504,0.9609,0.9959,1.0000,0.9670,1.0000,56.11,212.60,90.31,60.09,67.96,13.52,9.84,273.18,77.78,88.63,0.0000,0.0000,0.0000,0.0000,0.0000,0.0000,0.0000,0.0000,0.0000,0.0000,104304,74663,53998,54750,86225,66964,95775,572442,131417,91336,0,0,0,0,0,0,0,0,0,0,0.0000,0.0000,0.0000,0.0000,0.0000,0.0000,0.2683,0.2276,0.0000,0.0000,0,0,0,0,0,0,0,1,0,0,0,0,0,0,0,0,0,0,0,0,0.1383,0.0888,0.1437,0.0667,0.1054,0.0250,0.0962,0.1202,0.0195,0.1386,0.000,0.000,0.000,0.000,0.000,0.000,0.000,0.161,0.000,0.000,semi-presidential,parliamentary,parliamentary,parliamentary,parliamentary,semi-presidential,semi-presidential,electoral-authoritarian,electoral-authoritarian,parliamentary,0.800,0.800,0.800,0.800,0.800,0.800,0.800,0.500,0.500,0.800,100.0,100.0,100.0,100.0,100.0,100.0,100.0,100.0,100.0,100.0
2031-10-01,0.9960,1.0211,1.0001,0.9995,1.0985,0.9888,0.9871,1.0068,1.0038,0.9905,0.9924,0.9927,0.9962,1.1607,1.0008,1.0479,1.1437,0.9890,0.9871,1.0068,1.0206,0.9906,0.9986,0.9930,3616.15,5644.58,4277.30,2817.22,2168.68,1360.39,212.94,2863.98,2191.13,579.59,1.1279,0.5966,1.0024,1.3109,0.9181,0.3486,0.9179,0.2922,0.1735,-0.5647,0.6381,0.7103,0.6599,0.6394,0.6858,0.7352,0.6624,0.6620,0.6969,0.6698,0.0179,0.0178,0.0235,0.0340,0.0280,0.0122,0.0098,0.0007,0.0113,0.0176,0.8736,0.8867,0.9422,0.8946,0.8756,0.9128,0.9820,1.0000,0.9239,1.0000,57.22,210.68,88.26,58.90,67.95,13.55,9.96,276.07,78.39,87.70,0.0000,0.0000,0.0000,0.0000,0.0000,0.0000,0.0000,0.0000,0.0000,0.0000,104304,74663,53998,54750,86225,66964,95775,572442,131417,91336,0,0,0,0,0,0,0,0,0,0,0.0000,0.0000,0.0000,0.0000,0.0000,0.0000,0.2486,0.2202,0.0000,0.0000,0,0,0,0,0,0,0,1,0,0,0,0,0,0,0,0,0,0,0,0,0.1393,0.0889,0.1445,0.0663,0.1055,0.0255,0.0976,0.1217,0.0199,0.1386,0.000,0.000,0.000,0.000,0.000,0.000,0.000,0.161,0.000,0.000,semi-presidential,parliamentary,parliamentary,parliamentary,parliamentary,semi-presidential,semi-presidential,electoral-authoritarian,electoral-authoritarian,parliamentary,0.800,0.800,0.800,0.800,0.800,0.800,0.800,0.500,0.500,0.800,100.0,100.0,100.0,100.0,100.0,100.0,100.0,100.0,100.0,100.0
2031-11-01,0.9941,1.0256,0.9999,1.0019,1.1038,0.9898,0.9886,1.0070,1.0029,0.9894,0.9921,0.9925,0.9943,1.0995,1.0215,1.0402,1.1177,1.0358,1.0322,1.0071,1.0033,0.9895,0.9922,0.9926,3618.64,5640.52,4287.91,2819.93,2173.66,1364.36,213.26,2874.30,2202.02,580.70,1.1270,0.5971,0.9997,1.3097,0.9161,0.3465,0.9051,0.2923,0.1721,-0.5780,0.6322,0.7104,0.6598,0.6344,0.6865,0.7365,0.6711,0.6636,0.7046,0.6822,0.0129,0.0114,0.0191,0.0208,0.0150,0.0072,0.0077,0.0002,0.0068,0.0070,0.9339,0.9395,0.9699,0.9449,0.9369,0.9530,0.9940,1.0000,0.9597,1.0000,57.13,211.76,89.65,59.75,68.18,13.82,10.06,274.84,78.40,88.93,0.0000,0.0000,0.0000,0.0000,0.0000,0.0000,0.0000,0.0000,0.0000,0.0000,104304,74663,53998,54750,86225,66964,95775,572442,131417,91336,0,0,0,0,0,0,0,0,0,0,0.0000,0.0000,0.0000,0.0000,0.0000,0.0000,0.2289,0.2005,0.0000,0.0000,0,0,0,0,0,0,0,1,0,0,0,0,0,0,0,0,0,0,0,0,0.1308,0.0852,0.1347,0.0625,0.0992,0.0251,0.0967,0.1207,0.0190,0.1388,0.000,0.000,0.000,0.000,0.000,0.000,0.000,0.161,0.000,0.000,semi-presidential,parliamentary,parliamentary,parliamentary,parliamentary,semi-presidential,semi-presidential,electoral-authoritarian,electoral-authoritarian,parliamentary,0.800,0.800,0.800,0.800,0.800,0.800,0.800,0.500,0.500,0.800,100.0,100.0,100.0,100.0,100.0,100.0,100.0,100.0,100.0,100.0
2031-12-01,0.9910,1.0292,1.0014,1.0028,1.1035,0.9908,0.9910,1.0065,1.0020,0.9892,0.9902,0.9921,0.9914,1.1205,1.0019,1.0351,1.1037,0.9908,1.0760,1.0098,1.0021,0.9895,0.9904,0.9923,3626.04,5637.18,4293.91,2826.00,2178.11,1369.00,213.96,2875.30,2211.80,581.60,1.1248,0.5975,0.9982,1.3069,0.9143,0.3438,0.8912,0.2933,0.1708,-0.5915,0.6314,0.7087,0.6574,0.6288,0.6932,0.7348,0.6793,0.6716,0.7024,0.6937,0.0142,0.0111,0.0189,0.0151,0.0130,0.0080,0.0088,0.0005,0.0071,0.0041,0.9181,0.9261,0.9627,0.9318,0.9202,0.9431,0.9912,1.0000,0.9506,1.0000,56.53,211.48,91.04,61.25,67.97,13.84,10.07,271.65,78.41,89.30,0.0000,0.0000,0.0000,0.0000,0.0000,0.0000,0.0000,0.0000,0.0000,0.0000,104304,74663,53998,54750,86225,66964,95775,572442,131417,91336,0,0,0,0,0,0,0,0,0,0,0.0000,0.0000,0.0000,0.0000,0.0000,0.0000,0.2092,0.1808,0.0000,0.0000,0,0,0,0,0,0,0,1,0,0,0,0,0,0,0,0,0,0,0,0,0.1325,0.0860,0.1367,0.0644,0.1005,0.0248,0.0918,0.1183,0.0189,0.1386,0.000,0.000,0.000,0.000,0.000,0.000,0.000,0.162,0.000,0.000,semi-presidential,parliamentary,parliamentary,parliamentary,parliamentary,semi-presidential,semi-presidential,electoral-authoritarian,electoral-authoritarian,parliamentary,0.800,0.800,0.800,0.800,0.800,0.800,0.800,0.500,0.500,0.800,100.0,100.0,100.0,100.0,100.0,100.0,100.0,100.0,100.0,100.0
2032-01-01,0.9883,1.0354,0.9981,1.0009,1.0974,0.9904,0.9909,1.0072,1.0003,0.9863,0.9871,0.9906,0.9883,1.2375,0.9991,1.0014,1.0986,0.9907,0.9911,1.0337,1.0005,0.9867,0.9873,0.9906,3635.04,5642.18,4298.65,2825.24,2178.45,1375.64,214.23,2873.26,2221.98,582.64,1.1221,0.5971,0.9970,1.3072,0.9142,0.3410,0.8797,0.2946,0.1695,-0.6049,0.6283,0.7048,0.6611,0.6410,0.6952,0.7314,0.6813,0.7037,0.6900,0.6996,0.0254,0.0220,0.0128,0.0210,0.0247,0.0177,0.0041,0.0002,0.0177,0.0020,0.8281,0.8427,0.9203,0.8500,0.8300,0.8736,0.9808,1.0000,0.8737,1.0000,55.65,211.04,91.19,62.85,69.25,13.66,10.03,270.99,78.11,87.41,0.0000,0.0000,0.0000,0.0000,0.0000,0.0000,0.0000,0.0000,0.0000,0.0000,104304,74663,53998,54750,86225,66964,95775,572442,131417,91336,0,0,0,0,0,0,0,0,0,0,0.0000,0.0000,0.0000,0.0000,0.0000,0.0000,0.1895,0.1611,0.0000,0.0000,0,0,0,0,0,0,0,1,0,0,0,0,0,0,0,0,0,0,0,0,0.1353,0.0878,0.1416,0.0676,0.1032,0.0233,0.0863,0.1166,0.0177,0.1350,0.000,0.000,0.000,0.000,0.000,0.000,0.000,0.163,0.000,0.000,semi-presidential,parliamentary,parliamentary,parliamentary,parliamentary,semi-presidential,semi-presidential,electoral-authoritarian,electoral-authoritarian,parliamentary,0.800,0.800,0.800,0.800,0.800,0.800,0.800,0.500,0.500,0.800,100.0,100.0,100.0,100.0,100.0,100.0,100.0,100.0,100.0,100.0
2032-02-01,0.9863,1.0406,0.9935,0.9986,1.0905,0.9893,0.9897,1.0063,0.9984,0.9809,0.9851,0.9906,0.9863,1.2113,0.9939,1.0220,1.0907,0.9894,0.9898,1.0066,0.9987,0.9815,0.9853,0.9910,3636.50,5653.39,4304.76,2836.87,2180.95,1377.41,214.49,2876.37,2237.23,581.29,1.1217,0.5959,0.9956,1.3018,0.9132,0.3391,0.8688,0.2954,0.1678,-0.6207,0.6327,0.7094,0.6689,0.6477,0.6980,0.7253,0.6880,0.6940,0.6932,0.6992,0.0206,0.0186,0.0213,0.0176,0.0203,0.0147,0.0073,0.0000,0.0139,0.0002,0.8532,0.8670,0.9327,0.8745,0.8551,0.8952,0.9826,1.0000,0.9009,1.0000,56.48,212.46,92.31,63.99,70.10,13.61,10.10,276.54,79.54,88.07,0.0000,0.0000,0.0000,0.0000,0.0000,0.0000,0.0000,0.0000,0.0000,0.0000,104304,74663,53998,54750,86225,66964,95775,572442,131417,91336,0,0,0,0,0,0,0,0,0,0,0.0000,0.0000,0.0000,0.0000,0.0000,0.0000,0.1698,0.1414,0.0000,0.0000,0,0,0,0,0,0,0,1,0,0,0,0,0,0,0,0,0,0,0,0,0.1372,0.0882,0.1432,0.0681,0.1042,0.0235,0.0864,0.1172,0.0180,0.1361,0.000,0.000,0.000,0.000,0.000,0.000,0.000,0.165,0.000,0.000,semi-presidential,parliamentary,parliamentary,parliamentary,parliamentary,semi-presidential,semi-presidential,electoral-authoritarian,electoral-authoritarian,parliamentary,0.800,0.800,0.800,0.800,0.800,0.800,0.800,0.500,0.500,0.800,100.0,100.0,100.0,100.0,100.0,100.0,100.0,100.0,100.0,100.0
2032-03-01,0.9868,1.0445,0.9894,0.9974,1.0842,0.9861,0.9904,1.0059,0.9979,0.9796,0.9850,0.9889,1.0923,1.1543,0.9901,1.0043,1.0846,0.9864,0.9904,1.0058,0.9981,0.9801,0.9850,0.9894,3641.66,5661.70,4305.15,2841.72,2184.55,1382.41,214.38,2882.80,2251.01,581.57,1.1202,0.5951,0.9956,1.2997,0.9117,0.3364,0.8599,0.2958,0.1663,-0.6349,0.6328,0.7185,0.6599,0.6474,0.6916,0.7244,0.6791,0.6740,0.6743,0.7003,0.0207,0.0186,0.0135,0.0168,0.0205,0.0147,0.0335,0.0000,0.0116,0.0000,0.9031,0.9132,0.9561,0.9194,0.9046,0.9334,0.9852,1.0000,0.9419,1.0000,56.43,212.83,93.51,64.39,69.91,13.59,10.29,276.96,80.65,88.83,0.0000,0.0000,0.0000,0.0000,0.0000,0.0000,0.0000,0.0000,0.0000,0.0000,104304,74663,53998,54750,86225,66964,95775,572442,131417,91336,0,0,0,0,0,0,0,0,0,0,0.0000,0.0000,0.0000,0.0000,0.0000,0.0000,0.1500,0.1217,0.0000,0.0000,0,0,0,0,0,0,0,1,0,0,0,0,0,0,0,0,0,0,0,0,0.1106,0.0758,0.1143,0.0547,0.0832,0.0207,0.0813,0.1163,0.0141,0.1356,0.000,0.000,0.000,0.000,0.000,0.000,0.000,0.167,0.000,0.000,semi-presidential,parliamentary,parliamentary,parliamentary,parliamentary,semi-presidential,semi-presidential,electoral-authoritarian,electoral-authoritarian,parliamentary,0.800,0.800,0.800,0.800,0.800,0.800,0.800,0.500,0.500,0.800,100.0,100.0,100.0,100.0,100.0,100.0,100.0,100.0,100.0,100.0
2032-04-01,0.9886,1.0467,0.9834,0.9961,1.0766,0.9826,0.9922,1.0044,0.9977,0.9784,0.9858,0.9874,1.0181,1.1066,0.9846,1.0152,1.0779,0.9835,1.0460,1.0044,1.0130,0.9784,1.0304,0.9875,3637.89,5662.64,4303.14,2844.13,2187.48,1387.99,214.41,2892.14,2265.18,582.43,1.1215,0.5951,0.9961,1.2987,0.9132,0.3336,0.8509,0.2964,0.1647,-0.6485,0.6294,0.7072,0.6405,0.6517,0.6841,0.7194,0.6526,0.6834,0.6870,0.7019,0.0123,0.0085,0.0184,0.0078,0.0114,0.0067,0.0189,0.0011,0.0061,0.0050,0.9472,0.9516,0.9762,0.9560,0.9499,0.9625,0.9968,1.0000,0.9679,1.0000,58.14,214.77,93.84,65.33,71.08,14.21,10.34,283.88,82.01,90.27,0.0000,0.0000,0.0000,0.0000,0.0000,0.0000,0.0000,0.0000,0.0000,0.0000,104304,74663,53998,54750,86225,66964,95775,572442,131417,91336,0,0,0,0,0,0,0,0,0,0,0.0000,0.0000,0.0000,0.0000,0.0000,0.0000,0.1303,0.0941,0.0000,0.0000,0,0,0,0,0,0,0,1,0,0,0,0,0,0,0,0,0,0,0,0,0.1342,0.0859,0.1450,0.0657,0.1018,0.0217,0.0823,0.1151,0.0160,0.1367,0.000,0.000,0.000,0.000,0.000,0.000,0.000,0.169,0.000,0.000,semi-presidential,parliamentary,parliamentary,parliamentary,parliamentary,semi-presidential,semi-presidential,electoral-authoritarian,electoral-authoritarian,parliamentary,0.800,0.800,0.800,0.800,0.800,0.800,0.800,0.500,0.500,0.800,100.0,100.0,100.0,100.0,100.0,100.0,100.0,100.0,100.0,100.0
2032-05-01,0.9891,1.0457,0.9800,0.9944,1.0692,0.9776,0.9952,1.0041,0.9978,0.9801,0.9863,0.9880,1.0142,1.0459,0.9904,1.0105,1.0707,0.9786,1.0806,1.0342,0.9979,1.0023,1.0199,0.9882,3649.01,5670.18,4319.71,2850.68,2193.23,1392.31,214.62,2898.74,2265.32,583.52,1.1182,0.5944,0.9924,1.2958,0.9109,0.3311,0.8417,0.2968,0.1641,-0.6617,0.6343,0.7142,0.6509,0.6745,0.6887,0.7245,0.6543,0.6892,0.7082,0.7014,0.0075,0.0018,0.0174,0.0021,0.0060,0.0012,0.0167,0.0009,0.0015,0.0080,1.0000,1.0000,1.0000,1.0000,1.0000,1.0000,1.0000,1.0000,1.0000,1.0000,57.55,214.61,93.36,65.21,71.06,14.21,10.13,282.69,81.14,90.45,0.0000,0.0000,0.0000,0.0000,0.0000,0.0000,0.0000,0.0000,0.0000,0.0000,104304,74663,53998,54750,86225,66964,95775,572442,131417,91336,0,0,0,0,0,0,0,0,0,0,0.0000,0.0000,0.0000,0.0000,0.0000,0.0000,0.1106,0.0743,0.0000,0.0000,0,0,0,0,0,0,0,1,0,0,0,0,0,0,0,0,0,0,0,0,0.1344,0.0863,0.1455,0.0661,0.1022,0.0222,0.0838,0.1181,0.0163,0.1364,0.000,0.000,0.000,0.000,0.000,0.000,0.000,0.169,0.000,0.000,semi-presidential,parliamentary,parliamentary,parliamentary,parliamentary,semi-presidential,semi-presidential,electoral-authoritarian,electoral-authoritarian,parliamentary,0.800,0.800,0.800,0.800,0.800,0.800,0.800,0.500,0.500,0.800,30.0,100.0,100.0,100.0,100.0,100.0,100.0,100.0,100.0,100.0
2032-06-01,0.9910,1.0424,0.9799,0.9926,1.0629,0.9743,0.9991,1.0057,0.9985,0.9844,0.9878,0.9890,1.1016,1.0717,1.0243,1.0103,1.0843,1.0224,1.1035,1.0468,1.0124,1.0448,0.9909,0.9890,3653.11,5664.94,4337.60,2860.55,2199.95,1397.29,213.07,2902.30,2272.91,583.77,1.1170,0.5950,0.9883,1.2913,0.9082,0.3285,0.8378,0.2981,0.1631,-0.6760,0.6351,0.7215,0.6647,0.6798,0.6917,0.7271,0.6145,0.6986,0.6883,0.7017,0.0183,0.0118,0.0270,0.0168,0.0207,0.0016,0.0797,0.0025,0.0120,0.0155,0.9802,0.9796,0.9901,0.9792,0.9808,1.0000,0.9783,1.0000,0.9734,1.0000,55.54,209.76,92.52,63.22,69.36,14.47,5.71,270.53,78.55,89.20,0.0000,0.0000,0.0000,0.0000,0.0000,0.0000,0.4550,0.0412,0.0000,0.0000,104304,74663,53998,54750,86225,66964,95775,572442,131417,91336,0,0,0,0,0,0,0,0,0,0,0.0000,0.0000,0.0000,0.0000,0.0000,0.0000,0.1100,0.0592,0.0000,0.0000,0,0,0,0,0,0,0,1,0,0,0,0,0,0,0,0,1,1,0,0,0.1356,0.0867,0.1462,0.0669,0.1031,0.0229,0.0738,0.1141,0.0170,0.1353,0.000,0.000,0.000,0.000,0.000,0.000,0.000,0.169,0.000,0.000,semi-presidential,parliamentary,parliamentary,parliamentary,parliamentary,semi-presidential,semi-presidential,electoral-authoritarian,electoral-authoritarian,parliamentary,0.800,0.800,0.800,0.800,0.800,0.800,0.800,0.500,0.500,0.800,32.8,100.0,100.0,100.0,100.0,100.0,100.0,100.0,100.0,100.0
2032-07-01,0.9945,1.0402,0.9814,0.9941,1.0581,0.9723,1.0023,1.0066,0.9987,0.9891,0.9908,0.9906,1.1713,1.0693,1.1033,1.0256,1.0794,1.0198,1.0352,1.0081,1.0105,1.0484,1.0770,0.9912,3655.87,5668.11,4344.29,2864.41,2207.64,1400.47,211.57,2899.33,2283.89,584.91,1.1162,0.5947,0.9869,1.2896,0.9051,0.3263,0.8344,0.2994,0.1617,-0.6892,0.6359,0.7180,0.6651,0.6590,0.6912,0.7343,0.5455,0.7029,0.6818,0.6928,0.0265,0.0190,0.0323,0.0320,0.0290,0.0051,0.0962,0.0020,0.0170,0.0147,0.9802,0.9796,0.9901,0.9792,0.9807,1.0000,0.9779,1.0000,0.9733,1.0000,54.78,207.80,90.06,59.97,68.01,14.64,5.67,266.26,77.98,88.42,0.0000,0.0000,0.0000,0.0000,0.0000,0.0000,0.4558,0.0410,0.0000,0.0000,104304,74663,53998,54750,86225,66964,95775,572442,131417,91336,0,0,0,0,0,0,0,0,0,0,0.0000,0.0000,0.0000,0.0000,0.0000,0.0000,0.1215,0.0684,0.0000,0.0000,0,0,0,0,0,0,0,1,0,0,0,0,0,0,0,0,1,1,0,0,0.1375,0.0878,0.1476,0.0665,0.1111,0.0245,0.0790,0.1173,0.0182,0.1376,0.000,0.000,0.000,0.000,0.000,0.000,0.000,0.168,0.000,0.000,semi-presidential,parliamentary,parliamentary,parliamentary,parliamentary,semi-presidential,semi-presidential,electoral-authoritarian,electoral-authoritarian,parliamentary,0.800,0.800,0.800,0.800,0.800,0.800,0.800,0.500,0.500,0.800,35.6,100.0,100.0,100.0,100.0,100.0,100.0,100.0,100.0,100.0
2032-08-01,0.9982,1.0392,0.9829,0.9966,1.0539,0.9748,1.0032,1.0052,0.9977,0.9929,0.9947,0.9938,1.0992,1.0682,1.0879,1.0380,1.0746,1.1158,1.0335,1.0071,1.0098,1.0456,1.1106,0.9945,3665.97,5675.59,4352.33,2874.69,2215.52,1405.63,210.55,2910.38,2292.89,585.62,1.1132,0.5940,0.9851,1.2850,0.9019,0.3237,0.8311,0.2992,0.1606,-0.7029,0.6400,0.7161,0.6784,0.6517,0.6879,0.7380,0.5068,0.6885,0.6953,0.6858,0.0228,0.0160,0.0312,0.0337,0.0245,0.0024,0.0784,0.0020,0.0145,0.0159,0.9801,0.9796,0.9900,0.9791,0.9807,1.0000,0.9779,1.0000,0.9733,1.0000,56.11,209.65,89.78,59.68,68.95,14.71,5.70,271.92,78.57,89.26,0.0000,0.0000,0.0000,0.0000,0.0000,0.0000,0.4564,0.0411,0.0000,0.0000,104304,74663,53998,54750,86225,66964,95775,572442,131417,91336,0,0,0,0,0,0,0,0,0,0,0.0000,0.0000,0.0000,0.0000,0.0000,0.0000,0.1307,0.0776,0.0000,0.0000,0,0,0,0,0,0,0,1,0,0,0,0,0,0,0,0,1,1,0,0,0.1441,0.0897,0.1499,0.0677,0.1133,0.0261,0.0799,0.1192,0.0200,0.1379,0.000,0.000,0.000,0.000,0.000,0.000,0.000,0.167,0.000,0.000,semi-presidential,parliamentary,parliamentary,parliamentary,parliamentary,semi-presidential,semi-presidential,electoral-authoritarian,electoral-authoritarian,parliamentary,0.800,0.800,0.800,0.800,0.800,0.800,0.800,0.500,0.500,0.800,38.5,100.0,100.0,100.0,100.0,100.0,100.0,100.0,100.0,100.0
2032-09-01,1.0009,1.0349,0.9858,1.0009,1.0509,0.9766,1.0042,1.0049,0.9972,0.9980,0.9966,0.9960,1.0769,1.0633,1.1504,1.0413,1.0721,1.0238,1.0060,1.0513,1.0087,1.0527,1.0091,0.9962,3677.76,5679.26,4364.07,2883.41,2224.68,1413.24,210.21,2911.23,2303.83,585.94,1.1097,0.5937,0.9825,1.2812,0.8983,0.3205,0.8234,0.3004,0.1593,-0.7171,0.6468,0.7223,0.6846,0.6548,0.6962,0.7415,0.4998,0.6918,0.6929,0.6979,0.0216,0.0147,0.0300,0.0342,0.0244,0.0000,0.0638,0.0016,0.0152,0.0138,0.9811,0.9804,0.9905,0.9801,0.9818,1.0000,0.9783,1.0000,0.9744,1.0000,55.54,207.43,87.92,58.48,68.10,14.72,5.54,268.53,77.70,89.05,0.0000,0.0000,0.0000,0.0000,0.0000,0.0000,0.4567,0.0409,0.0000,0.0000,104304,74663,53998,54750,86225,66964,95775,572442,131417,91336,0,0,0,0,0,0,0,0,0,0,0.0000,0.0000,0.0000,0.0000,0.0000,0.0000,0.1422,0.0891,0.0000,0.0000,0,0,0,0,0,0,0,1,0,0,0,0,0,0,0,0,1,1,0,0,0.1455,0.0909,0.1517,0.0688,0.1151,0.0274,0.0806,0.1197,0.0212,0.1383,0.000,0.000,0.000,0.000,0.000,0.000,0.000,0.166,0.000,0.000,semi-presidential,parliamentary,parliamentary,parliamentary,parliamentary,semi-presidential,semi-presidential,electoral-authoritarian,electoral-authoritarian,parliamentary,0.800,0.800,0.800,0.800,0.800,0.800,0.800,0.500,0.500,0.800,41.3,100.0,100.0,100.0,100.0,100.0,100.0,100.0,100.0,100.0
2032-10-01,1.0030,1.0294,0.9899,1.0020,1.0446,0.9794,1.0034,1.0046,0.9959,1.0018,0.9978,0.9988,1.0792,1.0565,1.1842,1.0265,1.0669,1.1132,1.0053,1.0064,1.0077,1.0478,1.0508,0.9995,3698.63,5694.76,4383.99,2892.32,2235.45,1417.09,209.60,2919.18,2312.62,583.44,1.1034,0.5921,0.9781,1.2773,0.8940,0.3182,0.8185,0.3012,0.1582,-0.7347,0.6524,0.7243,0.6861,0.6470,0.7051,0.7457,0.5042,0.7049,0.6808,0.7017,0.0241,0.0167,0.0321,0.0298,0.0267,0.0012,0.0591,0.0015,0.0168,0.0130,0.9814,0.9807,0.9907,0.9805,0.9822,1.0000,0.9785,1.0000,0.9748,1.0000,55.33,207.95,91.10,61.25,68.74,14.70,5.52,266.34,77.13,89.05,0.0000,0.0000,0.0000,0.0000,0.0000,0.0000,0.4568,0.0412,0.0000,0.0000,104304,74663,53998,54750,86225,66964,95775,572442,131417,91336,0,0,0,0,0,0,0,0,0,0,0.0000,0.0000,0.0000,0.0000,0.0000,0.0000,0.1514,0.0983,0.0000,0.0000,0,0,0,0,0,0,0,1,0,0,0,0,0,0,0,0,1,1,0,0,0.1482,0.0933,0.1543,0.0790,0.1174,0.0290,0.0795,0.1201,0.0229,0.1375,0.000,0.000,0.000,0.000,0.000,0.000,0.000,0.166,0.000,0.000,semi-presidential,parliamentary,parliamentary,parliamentary,parliamentary,semi-presidential,semi-presidential,electoral-authoritarian,electoral-authoritarian,parliamentary,0.800,0.800,0.800,0.800,0.800,0.800,0.800,0.500,0.500,0.800,44.2,100.0,100.0,100.0,100.0,100.0,100.0,100.0,100.0,100.0
2032-11-01,1.0034,1.0227,0.9944,1.0005,1.0343,0.9847,1.0041,1.0019,0.9952,1.0049,0.9978,0.9995,1.0803,1.0503,1.2533,1.0201,1.0556,1.0858,1.0171,1.0041,1.0071,1.0394,0.9995,0.9996,3704.54,5705.33,4396.47,2893.13,2242.90,1425.48,209.47,2932.83,2327.09,584.70,1.1017,0.5911,0.9753,1.2770,0.8911,0.3148,0.8117,0.3017,0.1566,-0.7477,0.6556,0.7271,0.6924,0.6496,0.7116,0.7476,0.5162,0.6833,0.6810,0.6955,0.0266,0.0176,0.0342,0.0302,0.0298,0.0007,0.0546,0.0012,0.0206,0.0117,0.9813,0.9806,0.9906,0.9804,0.9821,1.0000,0.9781,1.0000,0.9747,1.0000,55.28,207.72,91.71,62.19,68.91,14.51,5.61,265.74,77.12,89.06,0.0000,0.0000,0.0000,0.0000,0.0000,0.0000,0.4573,0.0418,0.0000,0.0000,104304,74663,53998,54750,86225,66964,95775,572442,131417,91336,0,0,0,0,0,0,0,0,0,0,0.0000,0.0000,0.0000,0.0000,0.0000,0.0000,0.1606,0.1075,0.0000,0.0000,0,0,0,0,0,0,0,1,0,0,0,0,0,0,0,0,1,1,0,0,0.1478,0.0937,0.1545,0.0802,0.1174,0.0289,0.0797,0.1186,0.0232,0.1346,0.000,0.000,0.000,0.000,0.000,0.000,0.000,0.166,0.000,0.000,semi-presidential,parliamentary,parliamentary,parliamentary,parliamentary,semi-presidential,semi-presidential,electoral-authoritarian,electoral-authoritarian,parliamentary,0.800,0.800,0.800,0.800,0.800,0.800,0.800,0.500,0.500,0.800,47.2,100.0,100.0,100.0,100.0,100.0,100.0,100.0,100.0,100.0
2032-12-01,1.0050,1.0186,0.9982,0.9998,1.0262,0.9885,1.0050,1.0012,0.9955,1.0083,0.9959,0.9969,1.0941,1.0473,1.1462,1.0163,1.0479,1.1066,1.0077,1.0085,1.0073,1.0381,0.9976,0.9975,3703.15,5699.57,4386.61,2899.33,2249.46,1432.07,207.96,2930.92,2338.48,586.46,1.1018,0.5918,0.9776,1.2743,0.8886,0.3120,0.8085,0.3043,0.1554,-0.7599,0.6424,0.7107,0.6663,0.6629,0.7194,0.7450,0.5276,0.6966,0.6642,0.6959,0.0204,0.0153,0.0275,0.0239,0.0236,0.0015,0.0593,0.0012,0.0154,0.0099,0.9806,0.9799,0.9902,0.9796,0.9813,1.0000,0.9770,1.0000,0.9737,1.0000,55.96,208.39,91.29,63.07,70.17,14.39,5.64,272.85,79.24,89.06,0.0000,0.0000,0.0000,0.0000,0.0000,0.0000,0.4574,0.0418,0.0000,0.0000,104304,74663,53998,54750,86225,66964,95775,572442,131417,91336,0,0,0,0,0,0,0,0,0,0,0.0000,0.0000,0.0000,0.0000,0.0000,0.0000,0.1721,0.1190,0.0000,0.0000,0,0,0,0,0,0,0,1,0,0,0,0,0,0,0,0,1,1,0,0,0.1260,0.0824,0.1338,0.0673,0.0988,0.0256,0.0759,0.1177,0.0190,0.1353,0.000,0.000,0.000,0.000,0.000,0.000,0.000,0.168,0.000,0.000,semi-presidential,parliamentary,parliamentary,parliamentary,parliamentary,semi-presidential,semi-presidential,electoral-authoritarian,electoral-authoritarian,parliamentary,0.800,0.800,0.800,0.800,0.800,0.800,0.800,0.518,0.500,0.800,50.0,100.0,100.0,100.0,100.0,100.0,100.0,95.9,100.0,100.0
2033-01-01,1.0030,1.0136,0.9987,0.9979,1.0196,0.9911,1.0036,1.0010,0.9936,1.0109,0.9950,0.9955,1.0762,1.0411,1.0363,1.0142,1.0416,1.0434,1.0057,1.0026,1.0056,1.0342,1.0264,0.9956,3713.16,5693.17,4375.32,2898.87,2262.07,1438.73,207.29,2933.61,2343.83,588.60,1.0988,0.5925,0.9802,1.2745,0.8838,0.3091,0.8039,0.3061,0.1545,-0.7716,0.6406,0.7093,0.6594,0.6654,0.7133,0.7427,0.5444,0.6864,0.6509,0.6908,0.0113,0.0095,0.0194,0.0144,0.0147,0.0001,0.0521,0.0012,0.0101,0.0091,0.9809,0.9802,0.9903,0.9799,0.9817,1.0000,0.9769,1.0000,0.9741,1.0000,53.99,205.38,89.89,61.06,67.41,14.53,5.52,260.63,77.55,89.22,0.0000,0.0000,0.0000,0.0000,0.0000,0.0000,0.4575,0.0421,0.0000,0.0000,104304,74663,53998,54750,86225,66964,95775,572442,131417,91336,0,0,0,0,0,0,0,0,0,0,0.0000,0.0000,0.0000,0.0000,0.0000,0.0000,0.1813,0.1282,0.0000,0.0000,0,0,0,0,0,0,0,1,0,0,0,0,0,0,0,0,1,1,0,0,0.1453,0.0907,0.1562,0.0773,0.1144,0.0265,0.0793,0.1130,0.0211,0.1353,0.000,0.000,0.000,0.000,0.000,0.000,0.000,0.171,0.000,0.000,semi-presidential,parliamentary,parliamentary,parliamentary,parliamentary,semi-presidential,semi-presidential,electoral-authoritarian,electoral-authoritarian,parliamentary,0.800,0.800,0.800,0.800,0.800,0.800,0.800,0.509,0.500,0.800,52.8,100.0,100.0,100.0,100.0,100.0,100.0,99.4,100.0,100.0
2033-02-01,1.0000,1.0092,0.9992,0.9951,1.0162,0.9937,1.0037,1.0011,0.9918,1.0112,0.9964,0.9962,1.0748,1.0378,1.0490,0.9957,1.0373,1.0462,1.0097,1.0026,1.0035,1.0220,1.0375,0.9961,3735.41,5708.37,4394.60,2920.04,2273.83,1446.41,207.41,2942.44,2349.61,587.10,1.0922,0.5910,0.9757,1.2650,0.8793,0.3061,0.7962,0.3077,0.1536,-0.7881,0.6424,0.7175,0.6691,0.6816,0.7180,0.7453,0.5545,0.6852,0.6461,0.6909,0.0128,0.0101,0.0115,0.0155,0.0162,0.0000,0.0525,0.0012,0.0108,0.0101,0.9802,0.9795,0.9899,0.9791,0.9809,1.0000,0.9762,1.0000,0.9731,1.0000,54.40,205.39,88.91,61.61,67.94,14.44,5.86,263.64,78.03,88.75,0.0000,0.0000,0.0000,0.0000,0.0000,0.0000,0.4582,0.0428,0.0000,0.0000,104304,74663,53998,54750,86225,66964,95775,572442,131417,91336,0,0,0,0,0,0,0,0,0,0,0.0000,0.0000,0.0000,0.0000,0.0000,0.0000,0.1905,0.1397,0.0000,0.0000,0,0,0,0,0,0,0,1,0,0,0,0,0,0,0,0,1,1,0,0,0.1442,0.0910,0.1566,0.0774,0.1141,0.0267,0.0873,0.1168,0.0267,0.1326,0.000,0.000,0.000,0.000,0.000,0.000,0.000,0.170,0.000,0.000,semi-presidential,parliamentary,parliamentary,parliamentary,parliamentary,semi-presidential,semi-presidential,electoral-authoritarian,electoral-authoritarian,parliamentary,0.800,0.800,0.800,0.800,0.800,0.800,0.800,0.500,0.500,0.800,55.6,100.0,100.0,100.0,100.0,100.0,100.0,100.0,100.0,100.0
2033-03-01,0.9996,1.0071,0.9997,0.9905,1.0155,0.9945,1.0045,1.0010,0.9920,1.0105,0.9974,0.9967,1.0763,1.0354,1.0443,0.9913,1.0367,1.0435,1.0480,1.0025,1.0246,1.0212,1.0394,0.9969,3751.32,5709.60,4408.53,2920.04,2273.83,1453.06,207.50,2955.02,2353.12,585.84,1.0876,0.5910,0.9725,1.2650,0.8793,0.3032,0.7886,0.3085,0.1528,-0.8080,0.6471,0.7309,0.6940,0.6816,0.7180,0.7450,0.5632,0.6915,0.6684,0.7102,0.0137,0.0099,0.0129,0.0155,0.0173,0.0000,0.0562,0.0022,0.0115,0.0124,0.9803,0.9796,0.9900,0.9793,0.9810,1.0000,0.9763,1.0000,0.9733,1.0000,55.37,206.44,89.43,62.26,69.07,14.42,5.97,269.17,78.86,88.36,0.0000,0.0000,0.0000,0.0000,0.0000,0.0000,0.4562,0.0426,0.0000,0.0000,104304,74663,53998,54750,86225,66964,95775,572442,131417,91336,0,0,0,0,0,0,0,0,0,0,0.0000,0.0000,0.0000,0.0000,0.0000,0.0000,0.1997,0.1489,0.0000,0.0000,0,0,0,0,0,0,0,1,0,0,0,0,0,0,0,0,1,1,0,0,0.1448,0.0916,0.1573,0.0781,0.1153,0.0328,0.0890,0.1189,0.0272,0.1323,0.000,0.000,0.000,0.000,0.000,0.000,0.000,0.170,0.000,0.000,semi-presidential,parliamentary,parliamentary,parliamentary,parliamentary,semi-presidential,semi-presidential,electoral-authoritarian,electoral-authoritarian,parliamentary,0.800,0.800,0.800,0.800,0.800,0.800,0.800,0.500,0.500,0.800,58.5,100.0,100.0,100.0,100.0,100.0,100.0,100.0,100.0,100.0
2033-04-01,0.9993,1.0042,0.9979,0.9863,1.0116,0.9926,1.0054,1.0005,0.9918,1.0113,0.9983,0.9953,1.0768,1.0320,1.0363,0.9872,1.0333,1.0416,1.0231,1.0020,1.0034,1.0227,1.0122,0.9954,3742.17,5716.23,4417.98,2937.49,2305.30,1461.16,207.38,2963.04,2358.23,585.89,1.0903,0.5903,0.9706,1.2569,0.8672,0.3002,0.7800,0.3097,0.1520,-0.8224,0.6417,0.7440,0.7208,0.6836,0.7295,0.7463,0.5758,0.6803,0.6854,0.7017,0.0115,0.0097,0.0102,0.0147,0.0150,0.0000,0.0543,0.0011,0.0105,0.0089,0.9803,0.9797,0.9900,0.9793,0.9811,1.0000,0.9761,1.0000,0.9734,1.0000,55.52,206.79,89.63,62.82,70.10,14.44,5.98,271.72,79.20,88.15,0.0000,0.0000,0.0000,0.0000,0.0000,0.0000,0.4563,0.0425,0.0000,0.0000,104304,74663,53998,54750,86225,66964,95775,572442,131417,91336,0,0,0,0,0,0,0,0,0,0,0.0000,0.0000,0.0000,0.0000,0.0000,0.0000,0.2112,0.1581,0.0000,0.0000,0,0,0,0,0,0,0,1,0,0,0,0,0,0,0,0,1,1,0,0,0.1345,0.0863,0.1454,0.0722,0.1061,0.0301,0.0789,0.1160,0.0245,0.1320,0.000,0.000,0.000,0.000,0.000,0.000,0.000,0.171,0.000,0.000,semi-presidential,parliamentary,parliamentary,parliamentary,parliamentary,semi-presidential,semi-presidential,electoral-authoritarian,electoral-authoritarian,parliamentary,0.800,0.800,0.800,0.800,0.800,0.800,0.800,0.500,0.500,0.800,61.3,30.8,100.0,100.0,100.0,100.0,100.0,100.0,100.0,100.0
2033-05-01,1.0005,1.0021,0.9982,0.9818,1.0060,0.9933,1.0058,1.0008,0.9931,1.0120,0.9980,0.9929,1.0780,1.0306,1.0618,0.9819,1.0267,1.0548,1.0259,1.0449,1.0625,1.0227,0.9997,0.9932,3742.49,5712.97,4407.71,2954.07,2310.96,1467.30,207.01,2973.57,2369.26,585.58,1.0902,0.5904,0.9731,1.2494,0.8648,0.2975,0.7743,0.3129,0.1507,-0.8372,0.6308,0.7379,0.6998,0.6802,0.7078,0.7525,0.5680,0.6655,0.7120,0.7002,0.0155,0.0109,0.0152,0.0174,0.0200,0.0002,0.0587,0.0037,0.0137,0.0137,0.9798,0.9792,0.9897,0.9787,0.9804,1.0000,0.9755,1.0000,0.9727,1.0000,55.62,207.99,89.60,63.36,70.62,14.47,5.99,273.61,80.03,88.10,0.0000,0.0000,0.0000,0.0000,0.0000,0.0000,0.4555,0.0426,0.0000,0.0000,104304,74663,53998,54750,86225,66964,95775,572442,131417,91336,0,0,0,0,0,0,0,0,0,0,0.0000,0.0000,0.0000,0.0000,0.0000,0.0000,0.2204,0.1673,0.0000,0.0000,0,0,0,0,0,0,0,1,0,0,0,0,0,0,0,0,1,1,0,0,0.1242,0.0793,0.1295,0.0640,0.0946,0.0273,0.0762,0.1147,0.0210,0.1319,0.000,0.000,0.000,0.000,0.000,0.000,0.000,0.173,0.000,0.000,semi-presidential,parliamentary,parliamentary,parliamentary,parliamentary,semi-presidential,semi-presidential,electoral-authoritarian,electoral-authoritarian,parliamentary,0.800,0.800,0.800,0.800,0.800,0.800,0.800,0.500,0.500,0.800,64.1,33.9,100.0,100.0,100.0,100.0,100.0,100.0,100.0,100.0
2033-06-01,1.0016,0.9987,0.9973,0.9794,1.0001,0.9933,1.0038,1.0019,0.9951,1.0119,0.9987,0.9913,1.0799,1.0263,1.0354,0.9798,1.0214,1.0420,1.0058,1.0287,1.0545,1.0225,1.0003,0.9917,3747.13,5722.32,4412.28,2968.93,2319.22,1476.34,206.70,2974.07,2381.66,585.23,1.0889,0.5894,0.9723,1.2426,0.8614,0.2942,0.7665,0.3158,0.1491,-0.8521,0.6316,0.7306,0.6816,0.6621,0.7001,0.7516,0.5725,0.6549,0.6787,0.6868,0.0119,0.0097,0.0113,0.0152,0.0166,0.0000,0.0573,0.0031,0.0121,0.0108,0.9808,0.9801,0.9902,0.9798,0.9816,1.0000,0.9763,1.0000,0.9740,1.0000,56.00,209.10,90.30,63.40,71.08,14.76,6.02,273.75,80.31,88.12,0.0000,0.0000,0.0000,0.0000,0.0000,0.0000,0.4562,0.0426,0.0000,0.0000,104304,74663,53998,54750,86225,66964,95775,572442,131417,91336,0,0,0,0,0,0,0,0,0,0,0.0000,0.0000,0.0000,0.0000,0.0000,0.0000,0.2319,0.1788,0.0000,0.0000,0,0,0,0,0,0,0,1,0,0,0,0,0,0,0,0,1,1,0,0,0.1295,0.0814,0.1353,0.0663,0.0985,0.0273,0.0743,0.1135,0.0212,0.1318,0.000,0.000,0.000,0.000,0.000,0.000,0.000,0.175,0.000,0.000,semi-presidential,parliamentary,parliamentary,parliamentary,parliamentary,semi-presidential,semi-presidential,electoral-authoritarian,electoral-authoritarian,parliamentary,0.800,0.800,0.800,0.800,0.800,0.800,0.800,0.500,0.500,0.800,66.8,36.9,100.0,100.0,100.0,100.0,100.0,100.0,100.0,100.0
2033-07-01,1.0019,0.9930,0.9992,0.9782,0.9963,0.9931,1.0042,1.0026,0.9959,1.0111,0.9980,0.9910,1.0811,1.0194,1.1342,1.0006,1.0179,1.0418,1.0822,1.0041,1.0076,1.0207,0.9996,0.9912,3753.52,5718.53,4420.50,2977.08,2328.98,1484.28,206.48,2969.83,2385.25,584.64,1.0871,0.5898,0.9707,1.2392,0.8575,0.2912,0.7602,0.3186,0.1487,-0.8674,0.6392,0.7260,0.6795,0.6544,0.7002,0.7519,0.5687,0.6475,0.6796,0.6846,0.0194,0.0130,0.0290,0.0226,0.0225,0.0000,0.0598,0.0014,0.0142,0.0127,0.9813,0.9805,0.9905,0.9803,0.9822,1.0000,0.9764,1.0000,0.9746,1.0000,56.17,208.91,91.43,62.46,71.00,14.96,5.94,272.12,79.36,87.58,0.0000,0.0000,0.0000,0.0000,0.0000,0.0000,0.4562,0.0427,0.0000,0.0000,104304,74663,53998,54750,86225,66964,95775,572442,131417,91336,0,0,0,0,0,0,0,0,0,0,0.0000,0.0000,0.0000,0.0000,0.0000,0.0000,0.2411,0.1880,0.0000,0.0000,0,0,0,0,0,0,0,1,0,0,0,0,0,0,0,0,1,1,0,0,0.1461,0.0878,0.1524,0.0736,0.1114,0.0295,0.0782,0.1147,0.0235,0.1337,0.000,0.000,0.000,0.000,0.000,0.000,0.000,0.177,0.000,0.000,semi-presidential,parliamentary,parliamentary,parliamentary,parliamentary,semi-presidential,semi-presidential,electoral-authoritarian,electoral-authoritarian,parliamentary,0.800,0.800,0.800,0.800,0.800,0.800,0.800,0.500,0.500,0.800,69.6,39.9,100.0,100.0,100.0,100.0,100.0,100.0,30.0,100.0
2033-08-01,1.0032,0.9875,1.0012,0.9779,0.9900,0.9923,1.0050,1.0012,0.9995,1.0111,0.9983,0.9914,1.0792,1.0139,1.0816,1.0001,1.0111,1.0408,1.0397,1.0035,1.1368,1.0253,1.0000,0.9914,3766.13,5727.02,4435.93,2982.22,2335.84,1495.71,206.27,2972.98,2398.30,584.44,1.0835,0.5890,0.9675,1.2372,0.8548,0.2875,0.7539,0.3206,0.1472,-0.8820,0.6455,0.7284,0.6803,0.6601,0.7006,0.7480,0.5715,0.6504,0.6841,0.6872,0.0143,0.0110,0.0255,0.0203,0.0213,0.0000,0.0622,0.0061,0.0162,0.0134,0.9815,0.9808,0.9906,0.9806,0.9824,1.0000,0.9756,1.0000,0.9749,1.0000,55.94,209.20,91.72,62.48,70.38,15.08,5.73,270.57,80.04,87.49,0.0000,0.0000,0.0000,0.0000,0.0000,0.0000,0.4624,0.0419,0.0000,0.0000,104304,74663,53998,54750,86225,66964,95775,572442,131417,91336,0,0,0,0,0,0,0,0,0,0,0.0000,0.0000,0.0000,0.0000,0.0000,0.0000,0.2503,0.1972,0.0000,0.0000,0,0,0,0,0,0,0,1,0,0,0,0,0,0,0,0,1,1,0,0,0.1466,0.0883,0.1527,0.0743,0.1115,0.0296,0.0756,0.1136,0.0239,0.1337,0.000,0.000,0.000,0.000,0.000,0.000,0.000,0.177,0.000,0.000,semi-presidential,parliamentary,parliamentary,parliamentary,parliamentary,semi-presidential,semi-presidential,electoral-authoritarian,electoral-authoritarian,parliamentary,0.800,0.800,0.800,0.800,0.800,0.800,0.800,0.500,0.500,0.800,72.5,43.0,100.0,100.0,100.0,100.0,100.0,100.0,33.0,100.0
2033-09-01,1.0023,0.9843,1.0016,0.9790,0.9834,0.9893,1.0069,0.9997,1.0025,1.0120,0.9972,0.9906,1.0757,1.0112,1.0394,1.0166,1.0049,1.0376,1.0349,1.0011,1.0329,1.0232,0.9988,0.9906,3764.60,5727.23,4448.04,2986.80,2342.21,1507.37,205.86,2968.88,2401.00,587.05,1.0839,0.5890,0.9653,1.2354,0.8525,0.2840,0.7465,0.3240,0.1463,-0.8961,0.6500,0.7415,0.7021,0.6604,0.7093,0.7481,0.5690,0.6588,0.6922,0.6882,0.0110,0.0099,0.0208,0.0239,0.0151,0.0000,0.0578,0.0018,0.0107,0.0094,0.9813,0.9805,0.9904,0.9803,0.9821,1.0000,0.9752,1.0000,0.9746,1.0000,55.21,207.31,87.03,57.73,68.19,15.16,5.75,265.38,79.53,87.10,0.0000,0.0000,0.0000,0.0000,0.0000,0.0000,0.4624,0.0420,0.0000,0.0000,104304,74663,53998,54750,86225,66964,95775,572442,131417,91336,0,0,0,0,0,0,0,0,0,0,0.0000,0.0000,0.0000,0.0000,0.0000,0.0000,0.2618,0.2087,0.0000,0.0000,0,0,0,0,0,0,0,1,0,0,0,0,0,0,0,0,1,1,0,0,0.1384,0.0841,0.1434,0.0675,0.1054,0.0282,0.0736,0.1115,0.0227,0.1349,0.000,0.000,0.000,0.000,0.000,0.000,0.000,0.178,0.000,0.000,semi-presidential,parliamentary,parliamentary,parliamentary,parliamentary,semi-presidential,semi-presidential,electoral-authoritarian,electoral-authoritarian,parliamentary,0.800,0.800,0.800,0.800,0.800,0.800,0.800,0.500,0.500,0.800,75.3,46.1,100.0,100.0,100.0,100.0,100.0,100.0,36.1,100.0
2033-10-01,1.0015,0.9829,1.0015,0.9812,0.9799,0.9880,1.0064,0.9986,1.0042,1.0127,0.9963,0.9897,1.0743,1.0093,1.0382,1.0182,1.0009,1.0362,1.0080,0.9999,1.1056,1.0383,0.9980,0.9898,3768.05,5727.69,4461.53,2993.61,2357.85,1516.22,205.24,2968.17,2409.94,587.14,1.0829,0.5890,0.9625,1.2326,0.8468,0.2810,0.7417,0.3265,0.1447,-0.9026,0.6468,0.7336,0.6954,0.6542,0.7098,0.7492,0.5654,0.6743,0.6969,0.6898,0.0101,0.0097,0.0206,0.0246,0.0165,0.0000,0.0608,0.0045,0.0131,0.0103,0.9812,0.9806,0.9904,0.9802,0.9819,1.0000,0.9741,1.0000,0.9743,1.0000,55.39,207.38,86.84,58.36,68.91,15.06,5.45,269.14,80.76,86.94,0.0000,0.0000,0.0000,0.0000,0.0000,0.0000,0.4628,0.0411,0.0000,0.0000,104304,74663,53998,54750,86225,66964,95775,572442,131417,91336,0,0,0,0,0,0,0,0,0,0,0.0000,0.0000,0.0000,0.0000,0.0000,0.0000,0.2710,0.2179,0.0000,0.0000,0,0,0,0,0,0,0,1,0,0,0,0,0,0,0,0,1,1,0,0,0.1456,0.0868,0.1513,0.0707,0.1108,0.0289,0.0797,0.1138,0.0235,0.1348,0.000,0.000,0.000,0.000,0.000,0.000,0.000,0.180,0.000,0.000,semi-presidential,parliamentary,parliamentary,parliamentary,parliamentary,semi-presidential,semi-presidential,electoral-authoritarian,electoral-authoritarian,parliamentary,0.800,0.800,0.800,0.800,0.800,0.800,0.800,0.500,0.500,0.800,78.2,49.1,100.0,100.0,100.0,100.0,100.0,100.0,38.8,100.0
2033-11-01,0.9997,0.9821,1.0025,0.9849,0.9776,0.9863,1.0067,0.9984,1.0058,1.0153,0.9954,0.9914,1.0710,1.0082,1.1246,1.0253,0.9985,1.0333,1.0083,1.0151,1.0178,1.0454,1.0038,0.9916,3775.58,5742.23,4475.61,2996.52,2372.68,1526.53,205.44,2973.37,2422.22,589.06,1.0809,0.5875,0.9597,1.2315,0.8416,0.2778,0.7339,0.3289,0.1430,-0.9140,0.6517,0.7284,0.6928,0.6534,0.7119,0.7515,0.5626,0.6414,0.6880,0.6918,0.0167,0.0118,0.0258,0.0321,0.0202,0.0000,0.0586,0.0013,0.0131,0.0108,0.9815,0.9808,0.9905,0.9805,0.9823,1.0000,0.9745,1.0000,0.9748,1.0000,54.93,208.50,87.06,58.27,68.74,15.24,5.34,265.59,80.08,87.23,0.0000,0.0000,0.0000,0.0000,0.0000,0.0000,0.4618,0.0408,0.0000,0.0000,104304,74663,53998,54750,86225,66964,95775,572442,131417,91336,0,0,0,0,0,0,0,0,0,0,0.0000,0.0000,0.0000,0.0000,0.0000,0.0000,0.2802,0.2294,0.0000,0.0000,0,0,0,0,0,0,0,1,0,0,0,0,0,0,0,0,1,1,0,0,0.1467,0.0880,0.1524,0.0715,0.1112,0.0297,0.0793,0.1135,0.0240,0.1352,0.000,0.000,0.000,0.000,0.000,0.000,0.000,0.179,0.000,0.000,semi-presidential,parliamentary,parliamentary,parliamentary,parliamentary,semi-presidential,semi-presidential,electoral-authoritarian,electoral-authoritarian,parliamentary,0.800,0.800,0.800,0.800,0.800,0.800,0.800,0.500,0.500,0.800,81.1,52.1,100.0,100.0,100.0,100.0,100.0,100.0,41.4,100.0
2033-12-01,0.9989,0.9814,1.0020,0.9893,0.9760,0.9845,1.0051,0.9996,1.0031,1.0181,0.9953,0.9920,1.0712,1.0075,1.0390,1.0274,0.9973,1.0314,1.0070,1.0297,1.0150,1.0443,0.9968,0.9920,3803.22,5756.06,4480.39,2994.52,2380.99,1531.52,205.26,2981.14,2432.86,589.76,1.0732,0.5861,0.9589,1.2324,0.8387,0.2755,0.7258,0.3304,0.1414,-0.9271,0.6588,0.7354,0.6946,0.6500,0.7118,0.7532,0.5724,0.6251,0.6940,0.6875,0.0115,0.0092,0.0206,0.0257,0.0149,0.0000,0.0591,0.0013,0.0100,0.0099,0.9814,0.9807,0.9905,0.9804,0.9820,1.0000,0.9741,1.0000,0.9745,1.0000,55.59,209.41,87.80,58.49,69.56,15.32,5.43,269.52,81.13,87.26,0.0000,0.0000,0.0000,0.0000,0.0000,0.0000,0.4618,0.0410,0.0000,0.0000,104304,74663,53998,54750,86225,66964,95775,572442,131417,91336,0,0,0,0,0,0,0,0,0,0,0.0000,0.0000,0.0000,0.0000,0.0000,0.0000,0.2917,0.2386,0.0000,0.0000,0,0,0,0,0,0,0,1,0,0,0,0,0,0,0,0,1,1,0,0,0.1458,0.0881,0.1511,0.0714,0.1113,0.0305,0.0830,0.1146,0.0248,0.1351,0.000,0.000,0.000,0.000,0.000,0.000,0.000,0.179,0.000,0.000,semi-presidential,parliamentary,parliamentary,parliamentary,parliamentary,semi-presidential,semi-presidential,electoral-authoritarian,electoral-authoritarian,parliamentary,0.800,0.800,0.800,0.800,0.800,0.800,0.800,0.500,0.500,0.800,84.0,55.2,100.0,100.0,100.0,100.0,100.0,100.0,44.1,100.0
2034-01-01,1.0004,0.9807,0.9989,0.9922,0.9749,0.9809,1.0033,0.9987,1.0019,1.0206,0.9935,0.9915,1.0759,1.0071,1.0359,1.0123,1.0086,1.0275,1.0052,1.0003,1.0137,1.0380,0.9950,0.9915,3807.92,5760.35,4493.95,2992.80,2381.63,1540.25,205.39,2977.20,2439.80,590.44,1.0719,0.5856,0.9562,1.2333,0.8385,0.2727,0.7184,0.3333,0.1400,-0.9403,0.6591,0.7385,0.6868,0.6530,0.6921,0.7594,0.5635,0.6262,0.7066,0.6949,0.0103,0.0094,0.0200,0.0183,0.0173,0.0000,0.0547,0.0010,0.0101,0.0119,0.9812,0.9805,0.9904,0.9802,0.9819,1.0000,0.9744,1.0000,0.9744,1.0000,56.45,209.63,88.10,58.69,70.42,15.18,5.61,274.24,82.09,87.28,0.0000,0.0000,0.0000,0.0000,0.0000,0.0000,0.4612,0.0415,0.0000,0.0000,104304,74663,53998,54750,86225,66964,95775,572442,131417,91336,0,0,0,0,0,0,0,0,0,0,0.0000,0.0000,0.0000,0.0000,0.0000,0.0000,0.3009,0.2478,0.0000,0.0000,0,0,0,0,0,0,0,1,0,0,0,0,0,0,0,0,1,1,0,0,0.1457,0.0877,0.1509,0.0712,0.1108,0.0301,0.0842,0.1203,0.0243,0.1338,0.000,0.000,0.000,0.000,0.000,0.000,0.000,0.172,0.000,0.000,semi-presidential,parliamentary,parliamentary,parliamentary,parliamentary,semi-presidential,semi-presidential,electoral-authoritarian,electoral-authoritarian,parliamentary,0.800,0.800,0.800,0.800,0.835,0.800,0.800,0.500,0.500,0.800,86.9,58.3,100.0,100.0,91.6,100.0,100.0,100.0,46.8,100.0
2034-02-01,1.0019,0.9810,0.9956,0.9917,0.9784,0.9772,1.0053,0.9983,1.0022,1.0227,0.9932,0.9923,1.0777,1.0072,1.0329,1.0087,1.0294,1.0238,1.1026,1.0372,1.0141,1.0414,0.9948,0.9924,3816.19,5748.62,4510.57,3006.26,2396.20,1548.55,205.56,2994.22,2448.37,590.59,1.0697,0.5869,0.9529,1.2280,0.8336,0.2691,0.7091,0.3343,0.1374,-0.9544,0.6629,0.7325,0.6859,0.6590,0.7062,0.7614,0.5628,0.6477,0.6993,0.6902,0.0150,0.0094,0.0277,0.0200,0.0246,0.0000,0.0597,0.0019,0.0104,0.0259,0.9811,0.9805,0.9903,0.9799,0.9816,1.0000,0.9737,1.0000,0.9738,1.0000,56.49,209.05,90.90,62.51,71.88,15.01,5.46,275.57,82.52,87.67,0.0000,0.0000,0.0000,0.0000,0.0000,0.0000,0.4610,0.0414,0.0000,0.0000,104304,74663,53998,54750,86225,66964,95775,572442,131417,91336,0,0,0,0,0,0,0,0,0,0,0.0000,0.0000,0.0000,0.0000,0.0000,0.0000,0.3124,0.2593,0.0000,0.0000,0,0,0,0,0,0,0,1,0,0,0,0,0,0,0,0,1,1,0,0,0.1479,0.0889,0.1536,0.0745,0.1126,0.0308,0.0854,0.1219,0.0250,0.1331,0.000,0.000,0.000,0.000,0.000,0.000,0.000,0.172,0.000,0.000,semi-presidential,parliamentary,parliamentary,parliamentary,parliamentary,semi-presidential,semi-presidential,electoral-authoritarian,electoral-authoritarian,parliamentary,0.800,0.800,0.800,0.800,0.825,0.800,0.800,0.500,0.500,0.800,89.8,61.3,100.0,100.0,94.6,100.0,100.0,100.0,52.2,100.0
2034-03-01,1.0049,0.9832,0.9943,0.9907,0.9849,0.9752,1.0062,0.9990,1.0013,1.0255,0.9924,0.9937,1.1076,1.0622,1.0315,1.0095,1.0532,1.0212,1.0426,1.0274,1.0130,1.0414,0.9939,0.9939,3829.93,5753.03,4523.51,3008.35,2407.91,1555.64,205.51,2992.92,2448.37,592.22,1.0660,0.5864,0.9504,1.2272,0.8296,0.2666,0.7023,0.3366,0.1374,-0.9660,0.6645,0.7296,0.6816,0.6511,0.6991,0.7524,0.5745,0.6536,0.6993,0.6808,0.0213,0.0175,0.0315,0.0302,0.0350,0.0066,0.0592,0.0014,0.0155,0.0294,0.9331,0.9355,0.9681,0.9398,0.9367,0.9641,0.9670,1.0000,0.9439,1.0000,56.74,209.22,91.59,62.99,72.62,15.21,5.50,276.96,83.14,88.10,0.0000,0.0000,0.0000,0.0000,0.0000,0.0000,0.4606,0.0416,0.0000,0.0000,104304,74663,53998,54750,86225,66964,95775,572442,131417,91336,0,0,0,0,0,0,0,0,0,0,0.0000,0.0000,0.0000,0.0000,0.0000,0.0000,0.3216,0.2685,0.0000,0.0000,0,0,0,0,0,0,0,1,0,0,0,0,0,0,0,0,1,1,0,0,0.1485,0.0936,0.1540,0.0757,0.1132,0.0315,0.0867,0.1228,0.0255,0.1328,0.000,0.000,0.000,0.000,0.000,0.000,0.000,0.172,0.000,0.000,semi-presidential,parliamentary,parliamentary,parliamentary,parliamentary,semi-presidential,semi-presidential,electoral-authoritarian,electoral-authoritarian,parliamentary,0.800,0.800,0.800,0.800,0.815,0.800,0.800,0.500,0.500,0.800,92.8,64.3,100.0,96.9,97.6,100.0,100.0,100.0,52.2,100.0
2034-04-01,1.0088,0.9857,0.9937,0.9895,0.9926,0.9728,1.0073,1.0002,1.0008,1.0266,0.9916,0.9935,1.1236,1.0124,1.0309,1.0115,1.0532,1.0192,1.0635,1.0628,1.0217,1.0413,1.0528,0.9937,3829.29,5767.88,4526.66,3014.83,2416.20,1561.23,205.64,2998.55,2462.82,593.61,1.0662,0.5879,0.9497,1.2248,0.8269,0.2644,0.6950,0.3380,0.1356,-0.9780,0.6614,0.7372,0.6814,0.6545,0.7015,0.7437,0.5598,0.6626,0.7069,0.6719,0.0195,0.0119,0.0324,0.0263,0.0309,0.0020,0.0694,0.0025,0.0121,0.0329,0.9810,0.9804,0.9903,0.9799,0.9816,1.0000,0.9743,1.0000,0.9739,1.0000,57.04,210.63,91.69,62.49,73.08,15.43,5.60,278.82,83.69,88.65,0.0000,0.0000,0.0000,0.0000,0.0000,0.0000,0.4614,0.0416,0.0000,0.0000,104304,74663,53998,54750,86225,66964,95775,572442,131417,91336,0,0,0,0,0,0,0,0,0,0,0.0000,0.0000,0.0000,0.0000,0.0000,0.0000,0.3308,0.2777,0.0000,0.0000,0,0,0,0,0,0,0,1,0,0,0,0,0,0,0,0,1,1,0,0,0.1338,0.0867,0.1377,0.0676,0.1016,0.0300,0.0843,0.1228,0.0236,0.1351,0.000,0.000,0.000,0.000,0.000,0.000,0.000,0.172,0.000,0.000,semi-presidential,parliamentary,parliamentary,parliamentary,parliamentary,semi-presidential,semi-presidential,electoral-authoritarian,electoral-authoritarian,parliamentary,0.800,0.800,0.800,0.800,0.805,0.800,0.800,0.500,0.500,0.800,95.7,69.5,100.0,100.0,100.0,100.0,100.0,100.0,55.0,100.0
2034-05-01,1.0125,0.9873,0.9924,0.9900,0.9993,0.9711,1.0090,1.0009,1.0020,1.0266,0.9917,0.9913,1.1701,1.0144,1.0302,1.0181,1.0518,1.0169,1.0403,1.0026,1.0308,1.0359,0.9932,0.9915,3834.61,5770.03,4521.52,3013.79,2425.07,1566.28,205.79,3000.40,2476.83,595.14,1.0649,0.5877,0.9578,1.2254,0.8240,0.2623,0.6876,0.3397,0.1339,-0.9899,0.6532,0.7339,0.6526,0.6457,0.6841,0.7346,0.5643,0.6779,0.6777,0.6727,0.0166,0.0142,0.0258,0.0299,0.0279,0.0039,0.0879,0.0018,0.0136,0.0210,0.9808,0.9802,0.9901,0.9796,0.9813,1.0000,0.9742,1.0000,0.9735,1.0000,57.38,211.34,91.48,61.65,73.55,15.75,5.79,279.81,84.51,89.07,0.0000,0.0000,0.0000,0.0000,0.0000,0.0000,0.4610,0.0421,0.0000,0.0000,104304,74663,53998,54750,86225,66964,95775,572442,131417,91336,0,0,0,0,0,0,0,0,0,0,0.0000,0.0000,0.0000,0.0000,0.0000,0.0000,0.3400,0.2869,0.0000,0.0000,0,0,0,0,0,0,0,1,0,0,0,0,0,0,0,0,1,1,0,0,0.1309,0.0849,0.1349,0.0651,0.0994,0.0286,0.0834,0.1222,0.0223,0.1362,0.000,0.000,0.000,0.000,0.000,0.000,0.000,0.174,0.000,0.000,semi-presidential,parliamentary,parliamentary,parliamentary,parliamentary,semi-presidential,semi-presidential,electoral-authoritarian,electoral-authoritarian,parliamentary,0.800,0.800,0.800,0.800,0.800,0.800,0.800,0.500,0.500,0.800,98.6,72.6,100.0,100.0,100.0,100.0,100.0,100.0,57.5,100.0
2034-06-01,1.0173,0.9901,0.9896,0.9920,1.0026,0.9690,1.0082,0.9989,1.0027,1.0224,0.9921,0.9939,1.1850,1.0848,1.0280,1.0261,1.0342,1.0148,1.0100,1.0003,1.0152,1.0296,1.0178,0.9946,3859.96,5788.66,4523.83,3018.09,2433.94,1573.29,205.70,3005.65,2495.28,596.66,1.0580,0.5859,0.9573,1.2238,0.8212,0.2599,0.6843,0.3414,0.1309,-1.0017,0.6517,0.7274,0.6719,0.6471,0.6857,0.7370,0.5761,0.6690,0.6969,0.6769,0.0256,0.0226,0.0289,0.0359,0.0315,0.0106,0.0925,0.0011,0.0186,0.0127,0.9191,0.9233,0.9616,0.9280,0.9226,0.9551,0.9650,1.0000,0.9351,1.0000,57.71,210.96,89.26,59.56,73.33,15.69,5.67,281.08,85.44,89.23,0.0000,0.0000,0.0000,0.0000,0.0000,0.0000,0.4609,0.0424,0.0000,0.0000,104304,74663,53998,54750,86225,66964,95775,572442,131417,91336,0,0,0,0,0,0,0,0,0,0,0.0000,0.0000,0.0000,0.0000,0.0000,0.0000,0.3515,0.2984,0.0000,0.0000,0,0,0,0,0,0,0,1,0,0,0,0,0,0,0,0,1,1,0,0,0.1488,0.0938,0.1548,0.0738,0.1138,0.0372,0.0878,0.1247,0.0263,0.1368,0.000,0.000,0.000,0.000,0.000,0.000,0.000,0.173,0.000,0.000,semi-presidential,parliamentary,parliamentary,parliamentary,parliamentary,semi-presidential,semi-presidential,electoral-authoritarian,electoral-authoritarian,parliamentary,0.800,0.800,0.800,0.800,0.800,0.800,0.800,0.500,0.500,0.800,100.0,75.6,100.0,100.0,100.0,100.0,100.0,100.0,62.9,100.0
2034-07-01,1.0204,0.9930,0.9871,0.9948,1.0031,0.9681,1.0071,0.9978,1.0029,1.0191,0.9925,0.9959,1.1029,1.0691,1.0248,1.0286,1.0275,1.0134,1.0111,1.0222,1.0147,1.0280,0.9940,0.9960,3883.33,5806.94,4557.07,3023.95,2444.57,1584.61,206.22,3014.01,2502.73,597.12,1.0517,0.5840,0.9525,1.2216,0.8177,0.2568,0.6808,0.3423,0.1295,-1.0154,0.6583,0.7307,0.6982,0.6463,0.6981,0.7461,0.5762,0.6598,0.6844,0.6821,0.0181,0.0156,0.0244,0.0285,0.0221,0.0048,0.0599,0.0012,0.0145,0.0106,0.9371,0.9387,0.9700,0.9430,0.9409,0.9670,0.9689,1.0000,0.9458,1.0000,58.40,211.92,89.05,59.93,73.43,15.71,5.68,283.29,85.56,89.62,0.0000,0.0000,0.0000,0.0000,0.0000,0.0000,0.4610,0.0422,0.0000,0.0000,104304,74663,53998,54750,86225,66964,95775,572442,131417,91336,0,0,0,0,0,0,0,0,0,0,0.0000,0.0000,0.0000,0.0000,0.0000,0.0000,0.3607,0.3076,0.0000,0.0000,0,0,0,0,0,0,0,1,0,0,0,0,0,0,0,0,1,1,0,0,0.1505,0.0951,0.1563,0.0752,0.1155,0.0384,0.0877,0.1270,0.0276,0.1374,0.000,0.000,0.000,0.000,0.000,0.000,0.000,0.172,0.000,0.000,semi-presidential,parliamentary,parliamentary,parliamentary,parliamentary,semi-presidential,semi-presidential,electoral-authoritarian,electoral-authoritarian,parliamentary,0.800,0.800,0.800,0.800,0.800,0.800,0.815,0.500,0.500,0.840,100.0,78.7,100.0,100.0,100.0,100.0,96.0,100.0,65.5,90.0
2034-08-01,1.0211,0.9959,0.9857,0.9982,1.0049,0.9689,1.0077,0.9962,1.0035,1.0158,0.9928,0.9966,1.0977,1.0746,1.0236,1.0377,1.0337,1.0324,1.0094,0.9974,1.0502,1.0247,1.0121,0.9967,3900.54,5826.31,4558.35,3024.27,2453.07,1590.33,206.72,3017.83,2520.76,598.71,1.0471,0.5821,0.9523,1.2214,0.8150,0.2547,0.6724,0.3441,0.1275,-1.0377,0.6646,0.7320,0.6969,0.6476,0.7040,0.7495,0.5867,0.6563,0.7036,0.6788,0.0178,0.0160,0.0246,0.0334,0.0238,0.0051,0.0596,0.0024,0.0157,0.0121,0.9347,0.9367,0.9689,0.9410,0.9385,0.9655,0.9688,1.0000,0.9444,1.0000,57.81,211.50,87.74,59.63,72.19,15.64,5.55,279.13,85.32,89.78,0.0000,0.0000,0.0000,0.0000,0.0000,0.0000,0.4609,0.0423,0.0000,0.0000,104304,74663,53998,54750,86225,66964,95775,572442,131417,91336,0,0,0,0,0,0,0,0,0,0,0.0000,0.0000,0.0000,0.0000,0.0000,0.0000,0.3699,0.3191,0.0000,0.0000,0,0,0,0,0,0,0,1,0,0,0,0,0,0,0,0,1,1,0,0,0.1510,0.0952,0.1570,0.0754,0.1159,0.0387,0.0882,0.1265,0.0278,0.1376,0.000,0.000,0.000,0.000,0.000,0.000,0.000,0.172,0.000,0.000,semi-presidential,parliamentary,parliamentary,parliamentary,parliamentary,semi-presidential,semi-presidential,electoral-authoritarian,electoral-authoritarian,parliamentary,0.800,0.800,0.800,0.800,0.800,0.800,0.806,0.500,0.500,0.823,100.0,81.7,100.0,100.0,100.0,100.0,98.2,100.0,68.2,94.4
2034-09-01,1.0197,0.9979,0.9893,1.0007,1.0067,0.9723,1.0080,0.9970,1.0051,1.0122,0.9945,0.9971,1.0947,1.1066,1.2156,1.0367,1.0344,1.1288,1.0478,1.0232,1.0452,1.0202,1.0855,0.9972,3909.86,5852.13,4570.00,3035.02,2463.84,1601.10,207.41,3021.68,2532.20,599.60,1.0447,0.5796,0.9499,1.2171,0.8116,0.2518,0.6616,0.3455,0.1259,-1.0507,0.6678,0.7338,0.7041,0.6488,0.7121,0.7588,0.5926,0.6837,0.7057,0.6818,0.0405,0.0280,0.0460,0.0475,0.0439,0.0088,0.0626,0.0030,0.0257,0.0213,0.9077,0.9136,0.9565,0.9186,0.9108,0.9480,0.9638,1.0000,0.9285,1.0000,57.36,210.35,87.81,58.87,71.78,15.85,5.50,275.18,84.54,90.20,0.0000,0.0000,0.0000,0.0000,0.0000,0.0000,0.4609,0.0423,0.0000,0.0000,104304,74663,53998,54750,86225,66964,95775,572442,131417,91336,0,0,0,0,0,0,0,0,0,0,0.0000,0.0000,0.0000,0.0000,0.0000,0.0000,0.3814,0.3283,0.0000,0.0000,0,0,0,0,0,0,0,1,0,0,0,0,0,0,0,0,1,1,0,0,0.1428,0.0915,0.1477,0.0715,0.1094,0.0378,0.0870,0.1253,0.0261,0.1380,0.000,0.000,0.000,0.000,0.000,0.000,0.000,0.171,0.000,0.000,semi-presidential,parliamentary,parliamentary,parliamentary,parliamentary,semi-presidential,semi-presidential,electoral-authoritarian,electoral-authoritarian,parliamentary,0.800,0.800,0.800,0.800,0.800,0.800,0.800,0.500,0.500,0.813,100.0,84.8,100.0,100.0,100.0,100.0,100.0,100.0,71.0,97.0
2034-10-01,1.0178,1.0010,0.9945,1.0010,1.0079,0.9777,1.0097,0.9976,1.0057,1.0091,0.9962,0.9957,1.0930,1.0396,1.1851,1.0193,1.0442,1.1293,1.0505,0.9990,1.0280,1.0164,1.0061,0.9960,3917.26,5856.87,4563.75,3040.30,2473.31,1609.10,207.56,3024.44,2535.48,599.52,1.0428,0.5791,0.9513,1.2151,0.8084,0.2494,0.6544,0.3469,0.1248,-1.0653,0.6561,0.7282,0.6889,0.6467,0.7021,0.7604,0.5929,0.6864,0.6989,0.6921,0.0252,0.0180,0.0342,0.0315,0.0315,0.0026,0.0530,0.0017,0.0181,0.0177,0.9715,0.9701,0.9859,0.9716,0.9740,0.9918,0.9751,1.0000,0.9667,1.0000,57.66,212.52,91.11,61.76,73.08,16.04,5.51,276.63,84.94,90.78,0.0000,0.0000,0.0000,0.0000,0.0000,0.0000,0.4593,0.0423,0.0000,0.0000,104304,74663,53998,54750,86225,66964,95775,572442,131417,91336,0,0,0,0,0,0,0,0,0,0,0.0000,0.0000,0.0000,0.0000,0.0000,0.0000,0.3906,0.3375,0.0000,0.0000,0,0,0,0,0,0,0,1,0,0,0,0,0,0,0,0,1,1,0,0,0.1259,0.0834,0.1290,0.0639,0.0954,0.0344,0.0836,0.1219,0.0227,0.1367,0.000,0.000,0.000,0.000,0.000,0.000,0.000,0.172,0.000,0.000,semi-presidential,parliamentary,parliamentary,parliamentary,parliamentary,semi-presidential,semi-presidential,electoral-authoritarian,electoral-authoritarian,parliamentary,0.800,0.800,0.800,0.800,0.800,0.800,0.800,0.500,0.500,0.803,100.0,87.8,100.0,100.0,100.0,100.0,100.0,100.0,73.7,99.7
2034-11-01,1.0154,1.0039,0.9975,1.0001,1.0107,0.9844,1.0117,0.9979,1.0065,1.0055,0.9955,0.9940,1.0884,1.0687,1.1173,1.0173,1.0441,1.2047,1.0973,0.9993,1.0198,1.0140,0.9970,0.9945,3917.66,5857.24,4575.66,3047.20,2476.89,1616.14,207.85,3025.71,2536.82,601.12,1.0425,0.5791,0.9489,1.2124,0.8072,0.2472,0.6451,0.3490,0.1237,-1.0769,0.6451,0.7277,0.6772,0.6415,0.6926,0.7605,0.6164,0.6879,0.6871,0.6888,0.0260,0.0202,0.0338,0.0290,0.0305,0.0059,0.0526,0.0015,0.0174,0.0169,0.9480,0.9482,0.9752,0.9521,0.9520,0.9743,0.9723,1.0000,0.9522,1.0000,57.29,212.83,92.04,62.31,72.66,16.22,5.62,274.25,85.00,91.03,0.0000,0.0000,0.0000,0.0000,0.0000,0.0000,0.4594,0.0421,0.0000,0.0000,104304,74663,53998,54750,86225,66964,95775,572442,131417,91336,0,0,0,0,0,0,0,0,0,0,0.0000,0.0000,0.0000,0.0000,0.0000,0.0000,0.4021,0.3490,0.0000,0.0000,0,0,0,0,0,0,0,1,0,0,0,0,0,0,0,0,1,1,0,0,0.1324,0.0899,0.1365,0.0675,0.1005,0.0349,0.0845,0.1204,0.0232,0.1354,0.000,0.000,0.000,0.000,0.000,0.000,0.000,0.173,0.000,0.000,semi-presidential,parliamentary,parliamentary,parliamentary,parliamentary,semi-presidential,semi-presidential,electoral-authoritarian,electoral-authoritarian,parliamentary,0.800,0.800,0.800,0.800,0.800,0.800,0.800,0.500,0.500,0.800,100.0,90.9,100.0,100.0,100.0,100.0,91.1,100.0,76.3,100.0
2034-12-01,1.0155,1.0043,0.9981,0.9970,1.0106,0.9909,1.0112,0.9961,1.0063,1.0034,0.9953,0.9924,1.0907,1.0321,1.0519,0.9977,1.0306,1.1385,1.0135,0.9976,1.0187,1.0137,1.0346,0.9925,3914.48,5867.48,4564.20,3049.51,2479.23,1620.13,208.02,3029.18,2546.62,600.27,1.0453,0.5781,0.9514,1.2115,0.8065,0.2455,0.6379,0.3504,0.1222,-1.0930,0.6339,0.7340,0.6630,0.6420,0.6811,0.7600,0.6103,0.6974,0.6960,0.6948,0.0146,0.0122,0.0132,0.0172,0.0172,0.0013,0.0532,0.0012,0.0115,0.0093,0.9806,0.9800,0.9901,0.9794,0.9811,1.0000,0.9757,1.0000,0.9733,1.0000,58.41,213.94,90.39,63.28,74.53,16.07,5.86,282.90,87.06,91.15,0.0000,0.0000,0.0000,0.0000,0.0000,0.0000,0.4595,0.0419,0.0000,0.0000,104304,74663,53998,54750,86225,66964,95775,572442,131417,91336,0,0,0,0,0,0,0,0,0,0,0.0000,0.0000,0.0000,0.0000,0.0000,0.0000,0.4113,0.3582,0.0000,0.0000,0,0,0,0,0,0,0,1,0,0,0,0,0,0,0,0,1,1,0,0,0.1319,0.0896,0.1375,0.0673,0.1006,0.0336,0.0814,0.1224,0.0221,0.1335,0.000,0.000,0.000,0.000,0.000,0.000,0.000,0.175,0.000,0.000,semi-presidential,parliamentary,parliamentary,parliamentary,parliamentary,semi-presidential,semi-presidential,electoral-authoritarian,electoral-authoritarian,parliamentary,0.800,0.800,0.800,0.800,0.800,0.800,0.800,0.500,0.500,0.800,86.4,93.9,100.0,100.0,100.0,100.0,93.4,100.0,79.0,100.0
2035-01-01,1.0154,1.0045,0.9973,0.9955,1.0096,0.9934,1.0086,0.9975,1.0035,1.0016,0.9950,0.9916,1.0906,1.0325,1.0351,1.0184,1.0298,1.0404,1.0103,1.0343,1.0160,1.0102,0.9966,0.9915,3918.38,5873.15,4558.66,3054.95,2481.80,1627.82,207.65,3032.95,2552.12,600.38,1.0445,0.5776,0.9527,1.2094,0.8057,0.2433,0.6323,0.3518,0.1209,-1.1073,0.6333,0.7295,0.6523,0.6478,0.6844,0.7569,0.5985,0.6668,0.7091,0.6937,0.0122,0.0095,0.0206,0.0180,0.0153,0.0000,0.0538,0.0013,0.0103,0.0100,0.9804,0.9798,0.9900,0.9793,0.9810,1.0000,0.9758,1.0000,0.9732,1.0000,58.19,214.31,91.94,63.17,74.12,16.18,5.71,281.99,86.61,91.03,0.0000,0.0000,0.0000,0.0000,0.0000,0.0000,0.4594,0.0421,0.0000,0.0000,104304,74663,53998,54750,86225,66964,95775,572442,131417,91336,0,0,0,0,0,0,0,0,0,0,0.0000,0.0000,0.0000,0.0000,0.0000,0.0000,0.4205,0.3674,0.0000,0.0000,0,0,0,0,0,0,0,1,0,0,0,0,0,0,0,0,1,1,0,0,0.1424,0.0939,0.1476,0.0717,0.1086,0.0389,0.0847,0.1230,0.0242,0.1380,0.000,0.000,0.000,0.000,0.000,0.000,0.000,0.176,0.000,0.000,semi-presidential,parliamentary,parliamentary,parliamentary,parliamentary,semi-presidential,semi-presidential,electoral-authoritarian,electoral-authoritarian,parliamentary,0.800,0.800,0.800,0.800,0.800,0.800,0.800,0.500,0.500,0.800,89.1,96.9,100.0,100.0,100.0,100.0,95.6,100.0,81.7,100.0
2035-02-01,1.0147,1.0058,0.9979,0.9970,1.0096,0.9911,1.0064,0.9975,1.0020,0.9996,0.9956,0.9920,1.0898,1.0500,1.0650,1.0281,1.0293,1.0381,1.0084,0.9987,1.0144,1.0084,1.0279,0.9920,3934.49,5895.96,4568.79,3063.19,2495.79,1635.61,207.53,3034.20,2564.56,601.90,1.0404,0.5754,0.9506,1.2061,0.8012,0.2411,0.6244,0.3539,0.1194,-1.1190,0.6412,0.7357,0.6635,0.6415,0.6959,0.7727,0.6000,0.6608,0.7002,0.6980,0.0153,0.0125,0.0226,0.0258,0.0181,0.0018,0.0545,0.0012,0.0128,0.0091,0.9668,0.9651,0.9838,0.9677,0.9704,0.9873,0.9755,1.0000,0.9636,1.0000,58.23,214.48,89.39,59.92,73.37,16.27,5.66,281.96,86.55,90.77,0.0000,0.0000,0.0000,0.0000,0.0000,0.0000,0.4594,0.0420,0.0000,0.0000,104304,74663,53998,54750,86225,66964,95775,572442,131417,91336,0,0,0,0,0,0,0,0,0,0,0.0000,0.0000,0.0000,0.0000,0.0000,0.0000,0.4320,0.3789,0.0000,0.0000,0,0,0,0,0,0,0,1,0,0,0,0,0,0,0,0,1,1,0,0,0.1518,0.0964,0.1529,0.0724,0.1125,0.0398,0.0816,0.1240,0.0250,0.1380,0.000,0.000,0.000,0.000,0.000,0.000,0.000,0.176,0.000,0.000,semi-presidential,parliamentary,parliamentary,parliamentary,parliamentary,semi-presidential,semi-presidential,electoral-authoritarian,electoral-authoritarian,parliamentary,0.800,0.800,0.800,0.800,0.800,0.800,0.800,0.500,0.500,0.800,91.9,100.0,100.0,100.0,100.0,100.0,98.3,100.0,84.4,100.0
2035-03-01,1.0165,1.0062,0.9986,1.0005,1.0064,0.9894,1.0042,0.9961,1.0004,0.9971,0.9972,0.9937,1.0930,1.0340,1.0362,1.0299,1.0260,1.0358,1.0061,0.9975,1.0121,1.0045,1.0251,0.9941,3947.52,5907.77,4591.21,3068.03,2510.89,1642.20,206.91,3036.70,2576.31,602.02,1.0371,0.5742,0.9461,1.2043,0.7964,0.2391,0.6196,0.3553,0.1178,-1.1333,0.6526,0.7429,0.6712,0.6457,0.7107,0.7697,0.5971,0.6432,0.7064,0.7054,0.0113,0.0095,0.0191,0.0215,0.0145,0.0000,0.0547,0.0011,0.0103,0.0086,0.9805,0.9799,0.9901,0.9794,0.9810,1.0000,0.9759,1.0000,0.9732,1.0000,58.80,214.83,89.56,60.54,74.51,16.15,5.61,286.42,87.47,90.88,0.0000,0.0000,0.0000,0.0000,0.0000,0.0000,0.4556,0.0419,0.0000,0.0000,104304,74663,53998,54750,86225,66964,95775,572442,131417,91336,0,0,0,0,0,0,0,0,0,0,0.0000,0.0000,0.0000,0.0000,0.0000,0.0000,0.4411,0.3881,0.0000,0.0000,0,0,0,0,0,0,0,1,0,0,0,0,0,0,0,0,1,1,0,0,0.1531,0.0975,0.1547,0.0737,0.1140,0.0406,0.0810,0.1263,0.0263,0.1383,0.000,0.000,0.000,0.000,0.000,0.000,0.000,0.175,0.000,0.000,semi-presidential,parliamentary,parliamentary,parliamentary,parliamentary,semi-presidential,semi-presidential,electoral-authoritarian,electoral-authoritarian,parliamentary,0.800,0.800,0.800,0.800,0.800,0.800,0.800,0.500,0.500,0.800,94.8,100.0,100.0,100.0,100.0,100.0,100.0,100.0,87.2,100.0
2035-04-01,1.0177,1.0068,1.0000,1.0016,1.0036,0.9873,1.0020,0.9939,0.9985,0.9937,0.9985,0.9950,1.0938,1.0491,1.0376,1.0279,1.0227,1.0332,1.0041,0.9953,1.0100,1.0012,1.0365,0.9951,3957.27,5918.40,4606.66,3074.16,2525.88,1651.25,207.73,3043.33,2589.09,602.28,1.0347,0.5732,0.9430,1.2019,0.7918,0.2368,0.6156,0.3564,0.1162,-1.1473,0.6602,0.7435,0.6852,0.6547,0.7207,0.7724,0.6146,0.6243,0.7036,0.7115,0.0132,0.0113,0.0204,0.0210,0.0159,0.0016,0.0535,0.0011,0.0115,0.0090,0.9686,0.9669,0.9846,0.9693,0.9719,0.9888,0.9760,1.0000,0.9649,1.0000,58.52,213.55,89.30,61.09,74.61,15.88,5.59,286.41,87.77,90.91,0.0000,0.0000,0.0000,0.0000,0.0000,0.0000,0.4556,0.0419,0.0000,0.0000,104304,74663,53998,54750,86225,66964,95775,572442,131417,91336,0,0,0,0,0,0,0,0,0,0,0.0000,0.0000,0.0000,0.0000,0.0000,0.0000,0.4503,0.3973,0.0000,0.0000,0,0,0,0,0,0,0,1,0,0,0,0,0,0,0,0,1,1,0,0,0.1538,0.0980,0.1557,0.0749,0.1149,0.0413,0.0829,0.1305,0.0270,0.1385,0.000,0.000,0.000,0.000,0.000,0.000,0.000,0.170,0.000,0.000,semi-presidential,parliamentary,parliamentary,parliamentary,parliamentary,semi-presidential,semi-presidential,electoral-authoritarian,electoral-authoritarian,parliamentary,0.800,0.800,0.800,0.800,0.800,0.800,0.800,0.500,0.500,0.800,97.6,100.0,100.0,100.0,100.0,100.0,100.0,100.0,89.9,100.0
2035-05-01,1.0177,1.0100,0.9987,0.9999,0.9996,0.9869,1.0003,0.9947,0.9992,0.9912,0.9999,0.9949,1.0936,1.1153,1.0428,1.0184,1.0191,1.0326,1.0035,1.0251,1.0333,0.9993,1.0668,0.9953,3974.36,5942.57,4609.28,3077.50,2540.75,1661.61,207.59,3057.61,2600.33,602.67,1.0353,0.5709,0.9426,1.2006,0.7872,0.2342,0.6095,0.3569,0.1147,-1.1611,0.6621,0.7492,0.6945,0.6584,0.7154,0.7780,0.6031,0.6327,0.6997,0.7070,0.0241,0.0185,0.0292,0.0229,0.0266,0.0069,0.0573,0.0024,0.0173,0.0131,0.9117,0.9172,0.9585,0.9220,0.9148,0.9508,0.9663,1.0000,0.9312,1.0000,58.98,214.86,91.91,63.81,75.96,15.97,5.68,288.52,88.59,91.30,0.0000,0.0000,0.0000,0.0000,0.0000,0.0000,0.4556,0.0418,0.0000,0.0000,104304,74663,53998,54750,86225,66964,95775,572442,131417,91336,0,0,0,0,0,0,0,0,0,0,0.0000,0.0000,0.0000,0.0000,0.0000,0.0000,0.4595,0.4088,0.0000,0.0000,0,0,0,0,0,0,0,1,0,0,0,0,0,0,0,0,1,1,0,0,0.1414,0.0927,0.1438,0.0709,0.1057,0.0385,0.0764,0.1270,0.0242,0.1347,0.000,0.000,0.000,0.000,0.000,0.000,0.000,0.170,0.000,0.000,semi-presidential,parliamentary,parliamentary,parliamentary,parliamentary,semi-presidential,semi-presidential,electoral-authoritarian,electoral-authoritarian,parliamentary,0.800,0.800,0.800,0.800,0.800,0.800,0.800,0.500,0.500,0.800,100.0,100.0,100.0,100.0,100.0,100.0,100.0,100.0,92.6,100.0
2035-06-01,1.0218,1.0128,0.9966,0.9982,0.9969,0.9868,1.0001,0.9982,1.0019,0.9882,1.0024,0.9938,1.1782,1.0934,1.0345,1.0168,1.0166,1.0328,1.0017,1.1316,1.0681,0.9947,1.0842,0.9938,3981.66,5959.69,4612.29,3079.32,2550.18,1668.73,207.05,3064.33,2613.61,604.04,1.0335,0.5693,0.9418,1.1999,0.7844,0.2322,0.6029,0.3579,0.1131,-1.1731,0.6605,0.7442,0.6763,0.6508,0.7092,0.7667,0.5659,0.6247,0.7039,0.6922,0.0311,0.0204,0.0371,0.0243,0.0328,0.0089,0.0783,0.0047,0.0191,0.0222,0.9348,0.9369,0.9692,0.9411,0.9385,0.9658,0.9710,1.0000,0.9445,1.0000,59.64,217.58,93.83,64.78,77.57,16.49,5.76,292.00,90.06,92.11,0.0000,0.0000,0.0000,0.0000,0.0000,0.0000,0.4555,0.0420,0.0000,0.0000,104304,74663,53998,54750,86225,66964,95775,572442,131417,91336,0,0,0,0,0,0,0,0,0,0,0.0000,0.0000,0.0000,0.0000,0.0000,0.0000,0.4710,0.4180,0.0000,0.0000,0,0,0,0,0,0,0,1,0,0,0,0,0,0,0,0,1,1,0,0,0.1513,0.0968,0.1526,0.0749,0.1122,0.0406,0.0850,0.1287,0.0255,0.1369,0.000,0.000,0.000,0.000,0.000,0.000,0.000,0.172,0.000,0.000,semi-presidential,parliamentary,parliamentary,parliamentary,parliamentary,semi-presidential,semi-presidential,electoral-authoritarian,electoral-authoritarian,parliamentary,0.800,0.800,0.800,0.800,0.800,0.800,0.800,0.500,0.500,0.800,100.0,100.0,100.0,100.0,100.0,100.0,100.0,100.0,95.3,100.0
2035-07-01,1.0271,1.0147,0.9954,0.9961,0.9991,0.9858,0.9982,1.0019,1.0032,0.9861,1.0057,0.9929,1.2793,1.0869,1.0328,1.0140,1.0420,1.0311,1.0002,1.0819,1.0345,0.9955,1.1368,0.9931,3988.22,5968.15,4613.32,3086.87,2557.13,1676.41,206.79,3073.71,2625.77,603.83,1.0320,0.5685,0.9416,1.1971,0.7823,0.2300,0.5971,0.3586,0.1116,-1.1881,0.6518,0.7342,0.6700,0.6515,0.6861,0.7624,0.5448,0.6495,0.6870,0.6842,0.0352,0.0251,0.0399,0.0320,0.0417,0.0131,0.0976,0.0031,0.0202,0.0279,0.9422,0.9433,0.9726,0.9473,0.9460,0.9706,0.9725,1.0000,0.9490,1.0000,59.22,218.48,95.21,64.85,77.20,16.90,5.96,288.96,90.11,91.75,0.0000,0.0000,0.0000,0.0000,0.0000,0.0000,0.4558,0.0416,0.0000,0.0000,104304,74663,53998,54750,86225,66964,95775,572442,131417,91336,0,0,0,0,0,0,0,0,0,0,0.0000,0.0000,0.0000,0.0000,0.0000,0.0000,0.4802,0.4272,0.0000,0.0000,0,0,0,0,0,0,0,1,0,0,0,0,0,0,0,0,1,1,0,0,0.1450,0.0941,0.1462,0.0720,0.1071,0.0394,0.0848,0.1287,0.0242,0.1366,0.000,0.000,0.000,0.000,0.000,0.000,0.000,0.173,0.000,0.000,semi-presidential,parliamentary,parliamentary,parliamentary,parliamentary,semi-presidential,semi-presidential,electoral-authoritarian,electoral-authoritarian,parliamentary,0.800,0.800,0.800,0.800,0.800,0.800,0.800,0.500,0.500,0.800,100.0,100.0,100.0,100.0,100.0,100.0,100.0,100.0,97.9,100.0
2035-08-01,1.0328,1.0153,0.9958,0.9929,1.0031,0.9828,0.9963,1.0013,1.0015,0.9866,1.0106,0.9914,1.3016,1.0432,1.1120,0.9933,1.0450,1.0283,0.9982,1.0028,1.0132,1.0048,1.1273,0.9918,3983.08,5974.95,4623.63,3092.26,2561.68,1691.29,206.78,3088.77,2638.00,604.69,1.0334,0.5679,0.9396,1.1951,0.7810,0.2270,0.5890,0.3590,0.1101,-1.2011,0.6442,0.7264,0.6683,0.6523,0.6804,0.7603,0.5328,0.6511,0.6805,0.6848,0.0319,0.0234,0.0265,0.0334,0.0395,0.0100,0.0922,0.0016,0.0200,0.0219,0.9806,0.9800,0.9901,0.9795,0.9811,1.0000,0.9770,1.0000,0.9734,1.0000,58.70,217.34,93.48,64.90,77.47,16.98,5.95,287.91,89.67,91.93,0.0000,0.0000,0.0000,0.0000,0.0000,0.0000,0.4562,0.0410,0.0000,0.0000,104304,74663,53998,54750,86225,66964,95775,572442,131417,91336,0,0,0,0,0,0,0,0,0,0,0.0000,0.0000,0.0000,0.0000,0.0000,0.0000,0.4917,0.4387,0.0000,0.0000,0,0,0,0,0,0,0,1,0,0,0,0,0,0,0,0,1,1,0,0,0.1300,0.0870,0.1314,0.0646,0.0959,0.0359,0.0821,0.1280,0.0210,0.1354,0.000,0.000,0.000,0.000,0.000,0.000,0.000,0.174,0.000,0.000,semi-presidential,parliamentary,parliamentary,parliamentary,parliamentary,semi-presidential,semi-presidential,electoral-authoritarian,electoral-authoritarian,parliamentary,0.800,0.800,0.800,0.800,0.800,0.800,0.800,0.500,0.500,0.800,100.0,100.0,100.0,100.0,100.0,100.0,100.0,100.0,100.0,100.0
2035-09-01,1.0412,1.0139,0.9973,0.9903,1.0062,0.9797,0.9931,1.0005,1.0010,0.9874,1.0125,0.9912,1.3591,1.0417,1.0816,1.0074,1.0432,1.0249,0.9953,1.0107,1.0132,1.0027,1.0496,0.9913,3981.57,5984.62,4612.43,3096.02,2562.34,1694.55,206.62,3101.75,2649.90,605.56,1.0340,0.5671,0.9421,1.1938,0.7808,0.2257,0.5830,0.3592,0.1085,-1.2140,0.6396,0.7175,0.6572,0.6479,0.6788,0.7502,0.5292,0.6614,0.6761,0.6805,0.0304,0.0251,0.0331,0.0330,0.0376,0.0128,0.0899,0.0013,0.0216,0.0165,0.9806,0.9800,0.9902,0.9797,0.9813,1.0000,0.9773,1.0000,0.9738,1.0000,58.41,217.25,94.31,64.21,76.43,16.87,5.95,285.50,89.29,91.30,0.0000,0.0000,0.0000,0.0000,0.0000,0.0000,0.4560,0.0412,0.0000,0.0000,104304,74663,53998,54750,86225,66964,95775,572442,131417,91336,0,0,0,0,0,0,0,0,0,0,0.0000,0.0000,0.0000,0.0000,0.0000,0.0000,0.5009,0.4479,0.0000,0.0000,0,0,0,0,0,0,0,1,0,0,0,0,0,0,0,0,1,1,0,0,0.1503,0.0961,0.1525,0.0742,0.1114,0.0394,0.0854,0.1340,0.0240,0.1372,0.000,0.000,0.000,0.000,0.000,0.000,0.000,0.171,0.000,0.000,semi-presidential,parliamentary,parliamentary,parliamentary,parliamentary,semi-presidential,semi-presidential,electoral-authoritarian,electoral-authoritarian,parliamentary,0.800,0.800,0.800,0.800,0.800,0.800,0.800,0.500,0.500,0.800,100.0,100.0,100.0,100.0,100.0,100.0,100.0,100.0,100.0,100.0
2035-10-01,1.0480,1.0146,0.9982,0.9901,1.0055,0.9774,0.9908,1.0009,1.0020,0.9887,1.0111,0.9920,1.3045,1.0420,1.0653,1.0070,1.0242,1.0215,0.9923,1.0152,1.0347,1.0189,1.0131,0.9923,3987.91,6016.84,4617.35,3096.78,2567.27,1705.02,206.50,3108.72,2663.35,607.70,1.0325,0.5643,0.9411,1.1937,0.7792,0.2230,0.5769,0.3601,0.1070,-1.2245,0.6491,0.7269,0.6723,0.6467,0.6787,0.7497,0.5252,0.6642,0.6730,0.6914,0.0247,0.0209,0.0275,0.0255,0.0285,0.0091,0.0889,0.0021,0.0179,0.0093,0.9809,0.9804,0.9903,0.9798,0.9813,1.0000,0.9768,1.0000,0.9738,1.0000,59.42,220.08,93.59,63.61,77.67,17.16,5.79,293.07,91.69,92.65,0.0000,0.0000,0.0000,0.0000,0.0000,0.0000,0.4536,0.0407,0.0000,0.0000,104304,74663,53998,54750,86225,66964,95775,572442,131417,91336,0,0,0,0,0,0,0,0,0,0,0.0000,0.0000,0.0000,0.0000,0.0000,0.0000,0.5101,0.4571,0.0000,0.0000,0,0,0,0,0,0,0,1,0,0,0,0,0,0,0,0,1,1,0,0,0.1517,0.0966,0.1530,0.0736,0.1122,0.0437,0.0825,0.1351,0.0248,0.1393,0.000,0.000,0.000,0.000,0.000,0.000,0.000,0.171,0.000,0.000,semi-presidential,parliamentary,parliamentary,parliamentary,parliamentary,semi-presidential,semi-presidential,electoral-authoritarian,electoral-authoritarian,parliamentary,0.800,0.800,0.800,0.800,0.800,0.800,0.800,0.500,0.500,0.800,100.0,100.0,100.0,100.0,100.0,100.0,100.0,100.0,100.0,100.0
2035-11-01,1.0537,1.0183,0.9978,0.9879,1.0045,0.9744,0.9903,1.0027,1.0034,0.9899,1.0108,0.9939,1.2593,1.1131,1.0342,1.0073,1.0234,1.0187,0.9917,1.0515,1.0548,1.0225,1.0275,0.9944,3991.43,6033.24,4628.02,3099.55,2595.44,1710.51,206.19,3125.13,2668.33,608.04,1.0317,0.5629,0.9391,1.1927,0.7708,0.2218,0.5698,0.3602,0.1058,-1.2386,0.6517,0.7277,0.6768,0.6490,0.6952,0.7549,0.5202,0.6788,0.6708,0.6948,0.0295,0.0243,0.0320,0.0275,0.0327,0.0123,0.0927,0.0032,0.0207,0.0126,0.9210,0.9251,0.9630,0.9299,0.9246,0.9566,0.9689,1.0000,0.9369,1.0000,60.84,223.63,97.06,66.96,80.70,17.57,5.78,301.11,93.48,94.19,0.0000,0.0000,0.0000,0.0000,0.0000,0.0000,0.4540,0.0406,0.0000,0.0000,104304,74663,53998,54750,86225,66964,95775,572442,131417,91336,0,0,0,0,0,0,0,0,0,0,0.0000,0.0000,0.0000,0.0000,0.0000,0.0000,0.5216,0.4686,0.0000,0.0000,0,0,0,0,0,0,0,1,0,0,0,0,0,0,0,0,1,1,0,0,0.1530,0.0983,0.1549,0.0763,0.1135,0.0451,0.0841,0.1362,0.0258,0.1390,0.000,0.000,0.000,0.000,0.000,0.000,0.000,0.170,0.000,0.000,semi-presidential,parliamentary,parliamentary,parliamentary,parliamentary,semi-presidential,semi-presidential,electoral-authoritarian,electoral-authoritarian,parliamentary,0.800,0.800,0.800,0.800,0.800,0.800,0.800,0.500,0.500,0.800,100.0,100.0,100.0,100.0,100.0,30.0,100.0,100.0,100.0,100.0
2035-12-01,1.0585,1.0228,0.9974,0.9862,1.0132,0.9707,0.9911,1.0060,1.0035,0.9915,1.0115,0.9955,1.1723,1.1843,1.0341,1.0072,1.1271,1.0149,0.9948,1.2450,1.0155,1.0145,1.0564,0.9956,4001.60,6048.73,4630.15,3099.57,2608.47,1724.21,206.20,3138.41,2679.34,609.28,1.0292,0.5616,0.9388,1.1929,0.7671,0.2194,0.5634,0.3603,0.1043,-1.2509,0.6569,0.7275,0.6665,0.6461,0.6744,0.7613,0.5129,0.6786,0.6773,0.6999,0.0416,0.0261,0.0562,0.0473,0.0639,0.0131,0.0790,0.0035,0.0218,0.0656,0.8634,0.8751,0.9365,0.8810,0.8656,0.9181,0.9596,1.0000,0.8996,1.0000,62.49,230.93,99.09,68.27,82.81,17.62,5.81,309.14,95.61,95.87,0.0000,0.0000,0.0000,0.0000,0.0000,0.0000,0.4545,0.0410,0.0000,0.0000,104304,74663,53998,54750,86225,66964,95775,572442,131417,91336,0,0,0,0,0,0,0,0,0,0,0.0000,0.0000,0.0000,0.0000,0.0000,0.0000,0.5308,0.4778,0.0000,0.0000,0,0,0,0,0,0,0,1,0,0,0,0,0,0,0,0,1,1,0,0,0.1542,0.1001,0.1561,0.0776,0.1140,0.0463,0.0886,0.1377,0.0267,0.1392,0.000,0.000,0.000,0.000,0.000,0.000,0.000,0.169,0.000,0.000,semi-presidential,parliamentary,parliamentary,parliamentary,parliamentary,semi-presidential,semi-presidential,electoral-authoritarian,electoral-authoritarian,parliamentary,0.800,0.800,0.800,0.800,0.800,0.800,0.800,0.500,0.500,0.800,100.0,100.0,100.0,100.0,100.0,33.2,100.0,100.0,100.0,100.0
2036-01-01,1.0604,1.0254,0.9976,0.9839,1.0370,0.9689,0.9925,1.0116,1.0038,0.9951,1.0119,0.9955,1.1370,1.0931,1.0995,0.9963,1.1297,1.0119,0.9941,1.0701,1.0558,1.0299,1.0140,0.9957,4011.76,6073.87,4638.52,3109.48,2614.74,1734.80,206.16,3146.21,2697.53,611.32,1.0265,0.5595,0.9372,1.1892,0.7654,0.2175,0.5572,0.3614,0.1026,-1.2616,0.6543,0.7386,0.6703,0.6364,0.6753,0.7679,0.5321,0.6648,0.6852,0.6811,0.0221,0.0160,0.0330,0.0354,0.0419,0.0038,0.0587,0.0033,0.0170,0.0418,0.9463,0.9468,0.9746,0.9508,0.9504,0.9731,0.9743,1.0000,0.9516,1.0000,61.91,233.20,101.39,68.96,82.79,18.92,5.55,303.16,95.36,97.78,0.0000,0.0000,0.0000,0.0000,0.0000,0.0000,0.4535,0.0404,0.0000,0.0000,104304,74663,53998,54750,86225,66964,95775,572442,131417,91336,0,0,0,0,0,0,0,0,0,0,0.0000,0.0000,0.0000,0.0000,0.0000,0.0000,0.5400,0.4893,0.0000,0.0000,0,0,0,0,0,0,0,1,0,0,0,0,0,0,0,0,1,1,0,0,0.1419,0.0953,0.1431,0.0723,0.1051,0.0445,0.0884,0.1357,0.0284,0.1397,0.000,0.000,0.000,0.000,0.000,0.000,0.000,0.169,0.000,0.000,semi-presidential,parliamentary,parliamentary,parliamentary,parliamentary,semi-presidential,semi-presidential,electoral-authoritarian,electoral-authoritarian,parliamentary,0.800,0.800,0.800,0.800,0.800,0.800,0.800,0.500,0.500,0.800,100.0,100.0,100.0,100.0,100.0,36.5,100.0,100.0,100.0,100.0
