date,price_oil,price_gas,price_coal,price_electricity,price_food,price_critical-minerals,price_steel,price_consumer-goods,price_electronics,price_arms,price_pharma,price_services,import_price_oil,import_price_gas,import_price_coal,import_price_electricity,import_price_food,import_price_critical-minerals,import_price_steel,import_price_consumer-goods,import_price_electronics,import_price_arms,import_price_pharma,import_price_services,gdp_FRA,gdp_DEU,gdp_GBR,gdp_ITA,gdp_ESP,gdp_POL,gdp_UKR,gdp_RUS,gdp_TUR,gdp_NOR,debt_FRA,debt_DEU,debt_GBR,debt_ITA,debt_ESP,debt_POL,debt_UKR,debt_RUS,debt_TUR,debt_NOR,stability_FRA,stability_DEU,stability_GBR,stability_ITA,stability_ESP,stability_POL,stability_UKR,stability_RUS,stability_TUR,stability_NOR,shortage_FRA,shortage_DEU,shortage_GBR,shortage_ITA,shortage_ESP,shortage_POL,shortage_UKR,shortage_RUS,shortage_TUR,shortage_NOR,gas_coverage_FRA,gas_coverage_DEU,gas_coverage_GBR,gas_coverage_ITA,gas_coverage_ESP,gas_coverage_POL,gas_coverage_UKR,gas_coverage_RUS,gas_coverage_TUR,gas_coverage_NOR,maritime_trade_FRA,maritime_trade_DEU,maritime_trade_GBR,maritime_trade_ITA,maritime_trade_ESP,maritime_trade_POL,maritime_trade_UKR,maritime_trade_RUS,maritime_trade_TUR,maritime_trade_NOR,blockade_FRA,blockade_DEU,blockade_GBR,blockade_ITA,blockade_ESP,blockade_POL,blockade_UKR,blockade_RUS,blockade_TUR,blockade_NOR,tiles_FRA,tiles_DEU,tiles_GBR,tiles_ITA,tiles_ESP,tiles_POL,tiles_UKR,tiles_RUS,tiles_TUR,tiles_NOR,contested_FRA,contested_DEU,contested_GBR,contested_ITA,contested_ESP,contested_POL,contested_UKR,contested_RUS,contested_TUR,contested_NOR,exhaustion_FRA,exhaustion_DEU,exhaustion_GBR,exhaustion_ITA,exhaustion_ESP,exhaustion_POL,exhaustion_UKR,exhaustion_RUS,exhaustion_TUR,exhaustion_NOR,sanctions_against_FRA,sanctions_against_DEU,sanctions_against_GBR,sanctions_against_ITA,sanctions_against_ESP,sanctions_against_POL,sanctions_against_UKR,sanctions_against_RUS,sanctions_against_TUR,sanctions_against_NOR,at_war_FRA,at_war_DEU,at_war_GBR,at_war_ITA,at_war_ESP,at_war_POL,at_war_UKR,at_war_RUS,at_war_TUR,at_war_NOR,export_share_FRA,export_share_DEU,export_share_GBR,export_share_ITA,export_share_ESP,export_share_POL,export_share_UKR,export_share_RUS,export_share_TUR,export_share_NOR,circumvention_FRA,circumvention_DEU,circumvention_GBR,circumvention_ITA,circumvention_ESP,circumvention_POL,circumvention_UKR,circumvention_RUS,circumvention_TUR,circumvention_NOR,regime_FRA,regime_DEU,regime_GBR,regime_ITA,regime_ESP,regime_POL,regime_UKR,regime_RUS,regime_TUR,regime_NOR,legitimacy_FRA,legitimacy_DEU,legitimacy_GBR,legitimacy_ITA,legitimacy_ESP,legitimacy_POL,legitimacy_UKR,legitimacy_RUS,legitimacy_TUR,legitimacy_NOR,capital_FRA,capital_DEU,capital_GBR,capital_ITA,capital_ESP,capital_POL,capital_UKR,capital_RUS,capital_TUR,capital_NOR
2026-01-01,1.0000,1.0000,1.0000,1.0000,1.0000,1.0000,1.0000,1.0000,1.0000,1.0000,1.0000,1.0000,1.0000,1.0000,1.0001,1.0298,1.0000,1.0000,1.0170,1.0170,1.0221,1.0232,1.0170,1.0000,3366.32,5050.92,4002.59,2551.56,1906.45,1035.49,214.23,2561.31,1597.29,530.76,1.1600,0.6290,1.0230,1.3710,1.0040,0.5880,1.0870,0.1720,0.2350,0.4500,0.6600,0.7169,0.6747,0.6374,0.6767,0.7200,0.6678,0.6750,0.6750,0.7200,0.0019,0.0004,0.0179,0.0017,0.0019,0.0000,0.0027,0.0012,0.0009,0.0031,1.0000,1.0000,1.0000,1.0000,1.0000,1.0000,1.0000,1.0000,1.0000,1.0000,53.01,188.04,79.00,54.35,61.58,9.29,7.94,244.34,57.59,79.61,0.0000,0.0000,0.0000,0.0000,0.0000,0.0000,0.0000,0.0000,0.0000,0.0000,104304,74663,53998,54750,86225,66964,95775,572442,131417,91336,0,0,0,0,0,0,0,0,0,0,0.0000,0.0000,0.0000,0.0000,0.0000,0.0000,0.0000,0.0000,0.0000,0.0000,0,0,0,0,0,0,0,0,0,0,0,0,0,0,0,0,1,1,0,0,0.1189,0.0741,0.1337,0.0482,0.0865,0.0115,0.0806,0.1079,0.0015,0.1360,0.000,0.000,0.000,0.000,0.000,0.000,0.000,0.000,0.000,0.000,semi-presidential,parliamentary,parliamentary,parliamentary,parliamentary,semi-presidential,semi-presidential,electoral-authoritarian,electoral-authoritarian,parliamentary,0.800,0.800,0.800,0.800,0.800,0.800,0.800,0.500,0.500,0.800,30.0,30.0,30.0,30.0,30.0,30.0,30.0,30.0,30.0,30.0
2026-02-01,1.0022,1.0008,1.0019,0.9993,1.0010,1.0029,0.9996,1.0008,0.9999,1.0031,1.0022,0.9991,1.1346,1.0278,1.1574,1.0270,1.0334,1.0608,1.0014,1.0023,1.0140,1.0540,1.0707,0.9990,3366.15,5047.60,4004.28,2553.18,1904.40,1035.86,212.60,2562.75,1597.60,529.51,1.1602,0.6296,1.0234,1.3716,1.0061,0.5887,1.0978,0.1742,0.2352,0.4373,0.6582,0.7155,0.6637,0.6291,0.6641,0.7189,0.5903,0.6636,0.6663,0.7051,0.0241,0.0165,0.0331,0.0274,0.0294,0.0024,0.0873,0.0018,0.0208,0.0161,0.9807,0.9801,0.9906,0.9794,0.9810,1.0000,0.9679,1.0000,0.9747,1.0000,50.32,182.05,76.18,52.64,59.72,9.11,5.82,233.16,55.42,78.18,0.0000,0.0000,0.0000,0.0000,0.0000,0.0000,0.4584,0.0409,0.0000,0.0000,104304,74663,53998,54750,86225,66964,95775,572442,131417,91336,0,0,0,0,0,0,0,0,0,0,0.0000,0.0000,0.0000,0.0000,0.0000,0.0000,0.0092,0.0092,0.0000,0.0000,0,0,0,0,0,0,0,1,0,0,0,0,0,0,0,0,1,1,0,0,0.1176,0.0731,0.1327,0.0479,0.0854,0.0114,0.0709,0.1032,0.0015,0.1324,0.000,0.000,0.000,0.000,0.000,0.000,0.030,0.147,0.000,0.000,semi-presidential,parliamentary,parliamentary,parliamentary,parliamentary,semi-presidential,semi-presidential,electoral-authoritarian,electoral-authoritarian,parliamentary,0.800,0.800,0.800,0.800,0.800,0.800,0.800,0.500,0.500,0.800,30.2,30.4,30.6,31.2,31.4,31.7,33.5,33.0,33.1,32.6
2026-03-01,1.0029,1.0021,1.0050,0.9987,1.0011,1.0031,0.9987,1.0008,0.9989,1.0055,1.0029,0.9995,1.0827,1.0293,1.1982,1.0523,1.0317,1.0584,1.0003,1.0050,1.0125,1.0588,1.0377,1.0010,3368.83,5052.61,4005.02,2560.40,1905.49,1039.26,211.65,2552.07,1603.70,529.21,1.1632,0.6305,1.0264,1.3723,1.0073,0.5847,1.1044,0.1772,0.2344,0.4231,0.6485,0.7055,0.6505,0.6185,0.6522,0.7186,0.5553,0.6714,0.6380,0.6979,0.0225,0.0163,0.0375,0.0310,0.0276,0.0000,0.0624,0.0016,0.0238,0.0154,0.9806,0.9800,0.9906,0.9794,0.9810,1.0000,0.9682,1.0000,0.9747,1.0000,50.41,182.52,77.21,52.74,59.39,9.23,5.74,232.20,55.41,78.90,0.0000,0.0000,0.0000,0.0000,0.0000,0.0000,0.4592,0.0413,0.0000,0.0000,104304,74663,53998,54750,86225,66964,95775,572442,131417,91336,0,0,0,0,0,0,0,0,0,0,0.0000,0.0000,0.0000,0.0000,0.0000,0.0000,0.0184,0.0184,0.0000,0.0000,0,0,0,0,0,0,0,1,0,0,0,0,0,0,0,0,1,1,0,0,0.1182,0.0733,0.1331,0.0482,0.0859,0.0114,0.0712,0.1018,0.0015,0.1337,0.000,0.000,0.000,0.000,0.000,0.000,0.030,0.147,0.000,0.000,semi-presidential,parliamentary,parliamentary,parliamentary,parliamentary,semi-presidential,semi-presidential,electoral-authoritarian,electoral-authoritarian,parliamentary,0.800,0.800,0.800,0.800,0.800,0.800,0.800,0.500,0.500,0.800,33.4,33.2,33.0,34.7,34.0,34.8,36.6,36.0,36.6,35.3
2026-04-01,1.0040,1.0027,1.0083,0.9997,1.0035,1.0528,1.0024,1.0009,1.0121,1.0089,1.0031,0.9994,1.0929,1.0297,1.1698,1.0627,1.0508,2.6770,1.1206,1.0025,1.3894,1.0823,1.0046,0.9996,3369.06,5047.57,3998.31,2555.09,1904.81,1042.14,210.59,2558.13,1608.37,529.53,1.1683,0.6326,1.0310,1.3796,1.0098,0.5811,1.1116,0.1790,0.2338,0.4084,0.6310,0.7068,0.6357,0.6028,0.6373,0.7078,0.5034,0.6382,0.6218,0.6773,0.0507,0.0453,0.0734,0.0685,0.0629,0.0159,0.1023,0.0164,0.0428,0.0335,0.9807,0.9801,0.9906,0.9794,0.9810,1.0000,0.9682,1.0000,0.9748,1.0000,52.31,181.19,75.11,52.74,59.15,9.42,5.76,238.07,57.05,78.36,0.0000,0.0000,0.0000,0.0000,0.0000,0.0000,0.4596,0.0409,0.0000,0.0000,104304,74663,53998,54750,86225,66964,95775,572442,131417,91336,0,0,0,0,0,0,0,0,0,0,0.0000,0.0000,0.0000,0.0000,0.0000,0.0000,0.0276,0.0276,0.0000,0.0000,0,0,0,0,0,0,0,1,0,0,0,0,0,0,0,0,1,1,0,0,0.1083,0.0683,0.1207,0.0431,0.0783,0.0119,0.0708,0.1041,0.0015,0.1358,0.000,0.000,0.000,0.000,0.000,0.000,0.030,0.147,0.000,0.000,semi-presidential,parliamentary,parliamentary,parliamentary,parliamentary,semi-presidential,semi-presidential,electoral-authoritarian,electoral-authoritarian,parliamentary,0.800,0.800,0.800,0.800,0.800,0.800,0.800,0.500,0.500,0.800,38.0,36.0,35.4,38.1,37.1,37.9,39.4,38.8,39.9,38.0
2026-05-01,1.0031,1.0051,1.0091,1.0025,1.0083,1.0965,1.0032,1.0010,1.0211,1.0137,1.0020,0.9989,1.0815,1.1058,1.0450,1.0685,1.0677,2.1478,1.0047,1.0026,1.2396,1.0833,1.0035,0.9998,3371.89,5048.35,3977.51,2550.70,1904.56,1042.85,209.18,2560.18,1611.27,530.16,1.1706,0.6340,1.0407,1.3861,1.0122,0.5788,1.1214,0.1817,0.2334,0.3934,0.6199,0.6878,0.6000,0.5665,0.6144,0.7024,0.4860,0.6270,0.6000,0.6781,0.0364,0.0395,0.0539,0.0617,0.0495,0.0166,0.0701,0.0093,0.0304,0.0272,0.9154,0.9213,0.9567,0.9244,0.9169,0.9543,0.9559,1.0000,0.9292,1.0000,52.21,181.82,74.52,53.28,58.31,9.59,5.74,235.94,57.26,78.83,0.0000,0.0000,0.0000,0.0000,0.0000,0.0000,0.4597,0.0410,0.0000,0.0000,104304,74663,53998,54750,86225,66964,95775,572442,131417,91336,0,0,0,0,0,0,0,0,0,0,0.0000,0.0000,0.0000,0.0000,0.0000,0.0000,0.0391,0.0391,0.0000,0.0000,0,0,0,0,0,0,0,1,0,0,0,0,0,0,0,0,1,1,0,0,0.1185,0.0724,0.1328,0.0471,0.0859,0.0121,0.0727,0.1021,0.0015,0.1366,0.000,0.000,0.000,0.000,0.000,0.000,0.029,0.146,0.000,0.000,semi-presidential,parliamentary,parliamentary,parliamentary,parliamentary,semi-presidential,semi-presidential,electoral-authoritarian,electoral-authoritarian,parliamentary,0.800,0.800,0.800,0.800,0.800,0.800,0.800,0.500,0.500,0.800,41.0,38.7,39.1,41.2,40.0,40.9,42.7,42.3,43.1,40.6
2026-06-01,1.0020,1.0085,1.0108,1.0074,1.0148,1.1220,1.0026,0.9993,1.0262,1.0176,1.0009,0.9981,1.0786,1.1056,1.1276,1.1007,1.0697,1.6292,1.0040,1.0010,1.1570,1.0911,1.0022,0.9983,3369.97,5049.80,3964.76,2549.20,1907.87,1046.43,208.57,2562.63,1618.77,530.62,1.1742,0.6361,1.0464,1.3909,1.0127,0.5749,1.1265,0.1837,0.2325,0.3785,0.6156,0.6799,0.5769,0.5581,0.6090,0.6981,0.4797,0.6162,0.6251,0.6761,0.0319,0.0349,0.0478,0.0617,0.0432,0.0116,0.0639,0.0057,0.0308,0.0239,0.9182,0.9239,0.9582,0.9270,0.9197,0.9566,0.9567,1.0000,0.9318,1.0000,51.98,178.16,71.72,53.85,57.04,9.49,5.69,233.08,56.88,78.64,0.0000,0.0000,0.0000,0.0000,0.0000,0.0000,0.4592,0.0410,0.0000,0.0000,104304,74663,53998,54750,86225,66964,95775,572442,131417,91336,0,0,0,0,0,0,0,0,0,0,0.0000,0.0000,0.0000,0.0000,0.0000,0.0000,0.0483,0.0483,0.0000,0.0000,0,0,0,0,0,0,0,1,0,0,0,0,0,0,0,0,1,1,0,0,0.1042,0.0651,0.1158,0.0408,0.0746,0.0120,0.0715,0.1020,0.0016,0.1370,0.000,0.000,0.000,0.000,0.000,0.000,0.028,0.146,0.000,0.000,semi-presidential,parliamentary,parliamentary,parliamentary,parliamentary,semi-presidential,semi-presidential,electoral-authoritarian,electoral-authoritarian,parliamentary,0.800,0.800,0.800,0.800,0.800,0.800,0.800,0.500,0.500,0.800,44.0,42.7,41.2,44.3,42.9,43.9,45.1,45.1,46.5,43.2
2026-07-01,1.0004,1.0097,1.0128,1.0128,1.0193,1.1312,1.0016,0.9983,1.0265,1.0202,1.0004,0.9975,1.0769,1.0377,1.0486,1.0837,1.0666,1.2572,1.0031,0.9998,1.0414,1.0762,1.0019,0.9978,3373.41,5050.11,3955.23,2546.10,1907.14,1049.93,208.02,2564.97,1622.35,531.48,1.1761,0.6376,1.0510,1.3963,1.0153,0.5717,1.1313,0.1857,0.2323,0.3634,0.6097,0.6706,0.5696,0.5532,0.6130,0.6859,0.4945,0.6236,0.6228,0.6811,0.0115,0.0154,0.0273,0.0381,0.0203,0.0008,0.0569,0.0012,0.0109,0.0166,0.9802,0.9797,0.9904,0.9789,0.9805,1.0000,0.9683,1.0000,0.9741,1.0000,52.00,180.88,72.65,53.99,57.40,9.63,5.77,233.47,56.93,79.04,0.0000,0.0000,0.0000,0.0000,0.0000,0.0000,0.4577,0.0410,0.0000,0.0000,104304,74663,53998,54750,86225,66964,95775,572442,131417,91336,0,0,0,0,0,0,0,0,0,0,0.0000,0.0000,0.0000,0.0000,0.0000,0.0000,0.0575,0.0575,0.0000,0.0000,0,0,0,0,0,0,0,1,0,0,0,0,0,0,0,0,1,1,0,0,0.1080,0.0656,0.1157,0.0406,0.0747,0.0122,0.0717,0.1017,0.0017,0.1370,0.000,0.000,0.000,0.000,0.000,0.000,0.027,0.146,0.000,0.000,semi-presidential,parliamentary,parliamentary,parliamentary,parliamentary,semi-presidential,semi-presidential,electoral-authoritarian,electoral-authoritarian,parliamentary,0.800,0.800,0.800,0.800,0.800,0.774,0.800,0.500,0.500,0.800,47.0,45.3,43.2,47.4,45.8,48.0,47.6,47.8,48.6,45.8
2026-08-01,1.0001,1.0080,1.0156,1.0174,1.0714,1.1338,1.0031,1.0105,1.0611,1.0216,0.9980,0.9957,1.0830,1.0362,1.1496,1.0863,1.2200,1.2019,1.0332,1.2636,1.6259,1.0446,0.9996,0.9959,3363.93,5054.02,3933.87,2535.42,1904.85,1054.44,207.18,2555.90,1624.14,530.89,1.1978,0.6385,1.0586,1.4056,1.0188,0.5674,1.1382,0.1891,0.2327,0.3492,0.6267,0.6819,0.5439,0.5308,0.5750,0.7021,0.4809,0.6214,0.6149,0.6383,0.0302,0.0178,0.0640,0.0653,0.0723,0.0000,0.0952,0.0254,0.0378,0.0910,0.9798,0.9792,0.9902,0.9786,0.9803,1.0000,0.9689,1.0000,0.9738,1.0000,52.35,173.12,72.61,51.18,56.65,9.46,5.62,235.39,55.65,78.62,0.0000,0.0000,0.0000,0.0000,0.0000,0.0000,0.4564,0.0424,0.0000,0.0000,104304,74663,53998,54750,86225,66964,95775,572442,131417,91336,0,0,0,0,0,0,0,0,0,0,0.0000,0.0000,0.0000,0.0000,0.0000,0.0000,0.0690,0.0690,0.0000,0.0000,0,0,0,0,0,0,0,1,0,0,0,0,0,0,0,0,1,1,0,0,0.1094,0.0691,0.1156,0.0387,0.0721,0.0142,0.0744,0.1055,0.0018,0.1369,0.000,0.000,0.000,0.000,0.000,0.000,0.024,0.146,0.000,0.000,semi-presidential,parliamentary,parliamentary,parliamentary,parliamentary,semi-presidential,semi-presidential,electoral-authoritarian,electoral-authoritarian,parliamentary,0.800,0.800,0.800,0.800,0.800,0.784,0.800,0.500,0.500,0.800,50.5,47.7,45.2,50.3,48.6,51.0,50.8,51.2,51.9,38.3
2026-09-01,1.0007,1.0055,1.0182,1.0200,1.1124,1.1305,1.0048,1.0145,1.0740,1.0198,0.9956,0.9957,1.0834,1.0334,1.1365,1.0749,1.2373,1.2000,1.0203,1.0453,1.1821,1.0214,0.9979,0.9959,3366.87,5062.45,3941.63,2533.78,1901.81,1058.56,207.42,2559.85,1625.27,530.02,1.1992,0.6389,1.0587,1.4078,1.0228,0.5634,1.1417,0.1910,0.2331,0.3353,0.6223,0.6814,0.5425,0.5289,0.5684,0.7215,0.4887,0.6317,0.6333,0.6380,0.0184,0.0157,0.0399,0.0480,0.0443,0.0000,0.0670,0.0052,0.0184,0.0519,0.9804,0.9797,0.9904,0.9792,0.9811,1.0000,0.9699,1.0000,0.9745,1.0000,55.72,197.91,80.38,51.11,60.85,11.48,6.12,240.61,60.59,80.55,0.0000,0.0000,0.0000,0.0000,0.0000,0.0000,0.4562,0.0433,0.0000,0.0000,104304,74663,53998,54750,86225,66964,95775,572442,131417,91336,0,0,0,0,0,0,0,0,0,0,0.0000,0.0000,0.0000,0.0000,0.0000,0.0000,0.0782,0.0782,0.0000,0.0000,0,0,0,0,0,0,0,1,0,0,0,0,0,0,0,0,1,1,0,0,0.1263,0.0777,0.1345,0.0487,0.0877,0.0156,0.0791,0.1043,0.0020,0.1370,0.000,0.000,0.000,0.000,0.000,0.000,0.022,0.146,0.000,0.000,semi-presidential,parliamentary,parliamentary,parliamentary,parliamentary,semi-presidential,semi-presidential,electoral-authoritarian,electoral-authoritarian,parliamentary,0.800,0.800,0.800,0.800,0.800,0.794,0.800,0.500,0.500,0.800,53.6,50.3,47.1,48.3,51.3,54.2,53.3,53.9,55.3,40.8
2026-10-01,1.0035,1.0043,1.0214,1.0201,1.1398,1.1205,1.0020,1.0159,1.0727,1.0187,0.9919,0.9958,1.2231,1.0326,1.2028,1.0544,1.2410,1.1899,1.0042,1.0246,1.0931,1.0217,0.9937,0.9959,3373.08,5059.55,3936.97,2531.23,1907.92,1059.55,207.29,2561.67,1629.04,530.32,1.1952,0.6408,1.0619,1.4121,1.0218,0.5644,1.1443,0.1931,0.2332,0.3206,0.5978,0.6812,0.5576,0.5434,0.5789,0.7406,0.4869,0.6350,0.6343,0.6485,0.0302,0.0229,0.0442,0.0450,0.0495,0.0072,0.0888,0.0014,0.0256,0.0400,0.9799,0.9792,0.9902,0.9787,0.9804,1.0000,0.9685,1.0000,0.9739,1.0000,54.53,200.80,84.87,53.09,62.05,11.43,6.32,237.34,60.58,79.36,0.0000,0.0000,0.0000,0.0000,0.0000,0.0000,0.4615,0.0427,0.0000,0.0000,104304,74663,53998,54750,86225,66964,95775,572442,131417,91336,0,0,0,0,0,0,0,0,0,0,0.0000,0.0000,0.0000,0.0000,0.0000,0.0000,0.0874,0.0874,0.0000,0.0000,0,0,0,0,0,0,0,1,0,0,0,0,0,0,0,0,1,1,0,0,0.1204,0.0768,0.1280,0.0486,0.0831,0.0159,0.0801,0.1067,0.0021,0.1333,0.000,0.000,0.000,0.000,0.000,0.000,0.022,0.146,0.000,0.000,semi-presidential,parliamentary,parliamentary,parliamentary,parliamentary,semi-presidential,semi-presidential,electoral-authoritarian,electoral-authoritarian,parliamentary,0.800,0.800,0.800,0.800,0.800,0.800,0.800,0.500,0.500,0.800,56.5,53.0,49.1,51.3,54.0,57.4,55.9,56.7,58.8,43.3
2026-11-01,1.0113,1.0005,1.0242,1.0186,1.2348,1.1122,0.9965,1.0158,1.0673,1.0196,0.9890,0.9955,1.3093,1.0266,1.1610,1.0322,1.3925,1.1781,0.9993,1.0179,1.0878,1.0530,0.9909,0.9958,3377.34,5070.57,3934.80,2533.70,1906.99,1060.37,207.32,2568.84,1637.79,529.12,1.1950,0.6409,1.0643,1.4114,1.0246,0.5624,1.1514,0.1953,0.2326,0.3067,0.6026,0.6855,0.5528,0.5280,0.5694,0.7305,0.5076,0.6235,0.6487,0.6292,0.0313,0.0259,0.0373,0.0533,0.0600,0.0123,0.0906,0.0015,0.0253,0.0581,0.9816,0.9808,0.9910,0.9805,0.9822,1.0000,0.9692,1.0000,0.9760,1.0000,52.92,197.86,82.49,51.67,60.82,11.06,6.15,231.23,59.07,78.12,0.0000,0.0000,0.0000,0.0000,0.0000,0.0000,0.4614,0.0406,0.0000,0.0000,104304,74663,53998,54750,86225,66964,95775,572442,131417,91336,0,0,0,0,0,0,0,0,0,0,0.0000,0.0000,0.0000,0.0000,0.0000,0.0000,0.0989,0.0989,0.0000,0.0000,0,0,0,0,0,0,0,1,0,0,0,0,0,0,0,0,1,1,0,0,0.1260,0.0788,0.1343,0.0506,0.0870,0.0164,0.0876,0.1080,0.0025,0.1336,0.000,0.000,0.000,0.000,0.000,0.000,0.020,0.146,0.000,0.000,semi-presidential,parliamentary,parliamentary,parliamentary,parliamentary,semi-presidential,semi-presidential,electoral-authoritarian,electoral-authoritarian,parliamentary,0.800,0.800,0.800,0.800,0.800,0.800,0.800,0.500,0.500,0.800,58.5,55.6,51.1,54.2,56.7,60.6,59.2,60.2,62.3,45.7
2026-12-01,1.0179,0.9983,1.0227,1.0167,1.2943,1.1032,0.9941,1.0151,1.0597,1.0213,0.9868,0.9979,1.2336,1.0251,1.0595,1.0170,1.4139,1.1696,0.9958,1.0171,1.0790,1.0334,0.9889,0.9991,3382.54,5075.09,3940.83,2524.68,1911.30,1062.98,206.92,2573.50,1642.63,529.52,1.1949,0.6388,1.0646,1.4189,1.0246,0.5651,1.1554,0.1971,0.2325,0.2920,0.6124,0.6789,0.5857,0.5450,0.5774,0.7545,0.5218,0.6565,0.6481,0.6297,0.0195,0.0177,0.0185,0.0357,0.0410,0.0070,0.0883,0.0014,0.0154,0.0442,0.9809,0.9802,0.9907,0.9797,0.9815,1.0000,0.9684,1.0000,0.9752,1.0000,53.84,198.57,81.30,53.00,62.47,11.04,6.67,239.17,60.47,79.35,0.0000,0.0000,0.0000,0.0000,0.0000,0.0000,0.4623,0.0417,0.0000,0.0000,104304,74663,53998,54750,86225,66964,95775,572442,131417,91336,0,0,0,0,0,0,0,0,0,0,0.0000,0.0000,0.0000,0.0000,0.0000,0.0000,0.1081,0.1081,0.0000,0.0000,0,0,0,0,0,0,0,1,0,0,0,0,0,0,0,0,1,1,0,0,0.1272,0.0799,0.1360,0.0519,0.0885,0.0166,0.0927,0.1078,0.0034,0.1338,0.000,0.000,0.000,0.000,0.000,0.000,0.022,0.146,0.000,0.000,semi-presidential,parliamentary,parliamentary,parliamentary,parliamentary,semi-presidential,semi-presidential,electoral-authoritarian,electoral-authoritarian,parliamentary,0.800,0.800,0.800,0.800,0.800,0.800,0.800,0.500,0.500,0.800,61.5,58.2,53.2,57.2,59.4,62.2,62.0,63.1,65.8,48.2
2027-01-01,1.0247,0.9991,1.0193,1.0138,1.3262,1.0905,0.9930,1.0122,1.0501,1.0207,0.9868,1.0001,1.3489,1.0265,1.0560,1.0144,1.4118,1.1571,0.9946,1.0144,1.0694,1.0315,1.0122,1.0011,3381.94,5073.20,3954.48,2525.44,1915.21,1066.14,207.57,2574.16,1648.36,529.93,1.1965,0.6406,1.0627,1.4206,1.0275,0.5616,1.1540,0.1998,0.2323,0.2772,0.6216,0.6899,0.6037,0.5549,0.5982,0.7456,0.5394,0.6445,0.6589,0.6450,0.0267,0.0242,0.0206,0.0368,0.0418,0.0136,0.0901,0.0015,0.0220,0.0333,0.9803,0.9797,0.9904,0.9791,0.9808,1.0000,0.9680,1.0000,0.9744,1.0000,51.92,193.87,79.52,51.73,60.82,10.68,6.51,232.09,58.99,77.78,0.0000,0.0000,0.0000,0.0000,0.0000,0.0000,0.4622,0.0418,0.0000,0.0000,104304,74663,53998,54750,86225,66964,95775,572442,131417,91336,0,0,0,0,0,0,0,0,0,0,0.0000,0.0000,0.0000,0.0000,0.0000,0.0000,0.1196,0.1196,0.0000,0.0000,0,0,0,0,0,0,0,1,0,0,0,0,0,0,0,0,1,1,0,0,0.1290,0.0811,0.1381,0.0534,0.0904,0.0164,0.0964,0.1100,0.0088,0.1346,0.000,0.000,0.000,0.000,0.000,0.000,0.024,0.146,0.000,0.000,semi-presidential,parliamentary,parliamentary,parliamentary,parliamentary,semi-presidential,semi-presidential,electoral-authoritarian,electoral-authoritarian,parliamentary,0.800,0.800,0.800,0.800,0.800,0.800,0.800,0.500,0.540,0.800,64.6,60.9,55.4,60.3,64.5,65.4,65.6,66.6,59.4,50.6
2027-02-01,1.0323,0.9974,1.0178,1.0141,1.3391,1.0748,0.9949,1.0091,1.0436,1.0204,0.9864,1.0009,1.3259,1.0250,1.0541,1.0674,1.3818,1.1381,1.0845,1.0115,1.0613,1.0345,0.9880,1.0009,3385.02,5074.40,3951.94,2530.35,1918.36,1071.32,208.10,2583.43,1661.06,530.04,1.1965,0.6419,1.0652,1.4196,1.0281,0.5571,1.1528,0.2062,0.2315,0.2625,0.6255,0.6981,0.6136,0.5691,0.6115,0.7400,0.5490,0.6390,0.6443,0.6574,0.0267,0.0248,0.0340,0.0397,0.0328,0.0116,0.0895,0.0017,0.0202,0.0187,0.9803,0.9796,0.9903,0.9791,0.9808,1.0000,0.9679,1.0000,0.9744,1.0000,52.21,190.34,77.76,50.76,59.37,10.70,6.28,232.81,58.47,77.35,0.0000,0.0000,0.0000,0.0000,0.0000,0.0000,0.4605,0.0416,0.0000,0.0000,104304,74663,53998,54750,86225,66964,95775,572442,131417,91336,0,0,0,0,0,0,0,0,0,0,0.0000,0.0000,0.0000,0.0000,0.0000,0.0000,0.1288,0.1288,0.0000,0.0000,0,0,0,0,0,0,0,1,0,0,0,0,0,0,0,0,1,1,0,0,0.1307,0.0805,0.1432,0.0523,0.0914,0.0168,0.0977,0.1120,0.0094,0.1386,0.000,0.000,0.000,0.000,0.000,0.000,0.024,0.145,0.000,0.000,semi-presidential,parliamentary,parliamentary,parliamentary,parliamentary,semi-presidential,semi-presidential,electoral-authoritarian,electoral-authoritarian,parliamentary,0.800,0.800,0.800,0.800,0.800,0.800,0.800,0.500,0.523,0.800,67.7,63.7,57.7,63.5,67.4,68.7,68.6,69.4,65.3,53.1
2027-03-01,1.0375,0.9977,1.0182,1.0130,1.3380,1.0614,0.9978,1.0068,1.0395,1.0186,0.9868,1.0023,1.2283,1.0258,1.0548,1.0283,1.3604,1.1234,1.0719,1.0088,1.0575,1.0268,1.0112,1.0027,3383.79,5080.54,3960.73,2532.44,1925.32,1076.92,208.35,2586.64,1661.06,531.89,1.2008,0.6426,1.0631,1.4199,1.0264,0.5524,1.1529,0.2081,0.2315,0.2469,0.6302,0.6974,0.6309,0.5706,0.6229,0.7379,0.5509,0.6665,0.6443,0.6733,0.0207,0.0161,0.0237,0.0196,0.0228,0.0052,0.0887,0.0018,0.0144,0.0125,0.9798,0.9792,0.9901,0.9786,0.9802,1.0000,0.9673,1.0000,0.9738,1.0000,53.53,194.70,80.83,53.36,62.22,10.58,6.38,242.24,60.62,79.57,0.0000,0.0000,0.0000,0.0000,0.0000,0.0000,0.4605,0.0420,0.0000,0.0000,104304,74663,53998,54750,86225,66964,95775,572442,131417,91336,0,0,0,0,0,0,0,0,0,0,0.0000,0.0000,0.0000,0.0000,0.0000,0.0000,0.1380,0.1380,0.0000,0.0000,0,0,0,0,0,0,0,1,0,0,0,0,0,0,0,0,1,1,0,0,0.1349,0.0816,0.1441,0.0544,0.0915,0.0167,0.0914,0.1117,0.0098,0.1353,0.000,0.000,0.000,0.000,0.000,0.000,0.024,0.145,0.000,0.000,semi-presidential,parliamentary,parliamentary,parliamentary,parliamentary,semi-presidential,semi-presidential,electoral-authoritarian,electoral-authoritarian,parliamentary,0.800,0.800,0.800,0.800,0.800,0.800,0.800,0.500,0.523,0.800,70.8,66.4,59.5,66.7,70.3,71.9,71.6,72.3,65.3,55.7
2027-04-01,1.0418,0.9967,1.0175,1.0140,1.3272,1.0487,1.0010,1.0063,1.0359,1.0176,0.9884,1.0039,1.1720,1.0244,1.0542,1.0552,1.3516,1.1102,1.0645,1.0080,1.0524,1.0248,1.0411,1.0041,3393.76,5090.70,3971.38,2540.19,1926.19,1079.95,208.07,2593.25,1665.31,532.33,1.1980,0.6429,1.0615,1.4175,1.0277,0.5491,1.1558,0.2097,0.2315,0.2320,0.6380,0.7032,0.6389,0.5946,0.6314,0.7306,0.5447,0.6610,0.6620,0.6732,0.0169,0.0136,0.0280,0.0229,0.0189,0.0019,0.0873,0.0019,0.0120,0.0130,0.9801,0.9795,0.9903,0.9788,0.9804,1.0000,0.9671,1.0000,0.9740,1.0000,54.49,193.68,78.97,52.78,62.34,10.62,6.25,246.38,60.79,80.10,0.0000,0.0000,0.0000,0.0000,0.0000,0.0000,0.4605,0.0419,0.0000,0.0000,104304,74663,53998,54750,86225,66964,95775,572442,131417,91336,0,0,0,0,0,0,0,0,0,0,0.0000,0.0000,0.0000,0.0000,0.0000,0.0000,0.1472,0.1172,0.0000,0.0000,0,0,0,0,0,0,0,1,0,0,0,0,0,0,0,0,1,1,0,0,0.1367,0.0820,0.1457,0.0583,0.0981,0.0166,0.0803,0.1122,0.0106,0.1394,0.000,0.000,0.000,0.000,0.000,0.000,0.023,0.146,0.000,0.000,semi-presidential,parliamentary,parliamentary,parliamentary,parliamentary,semi-presidential,semi-presidential,electoral-authoritarian,electoral-authoritarian,parliamentary,0.800,0.800,0.800,0.777,0.800,0.800,0.800,0.500,0.513,0.800,73.9,69.2,61.9,72.4,73.3,75.1,74.7,75.2,68.9,58.3
2027-05-01,1.0437,0.9954,1.0171,1.0160,1.3086,1.0415,1.0039,1.0048,1.0317,1.0141,0.9904,1.0047,1.1375,1.0230,1.1620,1.0773,1.3360,1.1018,1.0893,1.0068,1.0482,1.0202,1.0488,1.0048,3413.41,5102.63,3985.75,2549.02,1932.85,1084.10,207.46,2598.25,1677.65,533.89,1.1954,0.6428,1.0587,1.4133,1.0257,0.5452,1.1607,0.2120,0.2339,0.2167,0.6598,0.7088,0.6553,0.5994,0.6429,0.7349,0.5414,0.6759,0.6865,0.6808,0.0226,0.0168,0.0346,0.0332,0.0243,0.0000,0.0866,0.0020,0.0177,0.0158,0.9802,0.9795,0.9904,0.9790,0.9807,1.0000,0.9678,1.0000,0.9743,1.0000,54.90,192.17,77.95,53.90,62.43,10.61,6.11,246.89,60.31,80.87,0.0000,0.0000,0.0000,0.0000,0.0000,0.0000,0.4604,0.0422,0.0000,0.0000,104304,74663,53998,54750,86225,66964,95775,572442,131417,91336,0,0,0,0,0,0,0,0,0,0,0.0000,0.0000,0.0000,0.0000,0.0000,0.0000,0.1587,0.1287,0.0000,0.0000,0,0,0,0,0,0,0,1,0,0,0,0,0,0,0,0,1,1,0,0,0.1367,0.0818,0.1463,0.0586,0.0987,0.0158,0.0716,0.1104,0.0105,0.1395,0.000,0.000,0.000,0.000,0.000,0.000,0.022,0.146,0.000,0.000,semi-presidential,parliamentary,parliamentary,parliamentary,parliamentary,semi-presidential,semi-presidential,electoral-authoritarian,electoral-authoritarian,parliamentary,0.800,0.800,0.800,0.787,0.790,0.800,0.800,0.500,0.500,0.800,94.4,71.9,64.4,75.8,76.4,78.3,78.4,79.0,75.9,60.9
2027-06-01,1.0434,0.9939,1.0174,1.0180,1.2825,1.0375,1.0043,1.0005,1.0289,1.0098,0.9920,1.0060,1.1253,1.0215,1.0543,1.0631,1.3078,1.0959,1.0059,1.0020,1.0444,1.0166,1.0340,1.0063,3433.54,5126.54,3986.53,2557.07,1942.85,1088.75,207.42,2602.72,1687.04,533.39,1.1890,0.6413,1.0592,1.4093,1.0216,0.5412,1.1619,0.2139,0.2332,0.2022,0.6625,0.7080,0.6699,0.6136,0.6595,0.7370,0.5449,0.6788,0.7001,0.6891,0.0119,0.0115,0.0238,0.0225,0.0146,0.0000,0.0596,0.0014,0.0102,0.0102,0.9802,0.9796,0.9904,0.9791,0.9808,1.0000,0.9679,1.0000,0.9744,1.0000,53.28,189.96,76.29,52.56,60.44,10.31,5.94,239.53,59.92,81.26,0.0000,0.0000,0.0000,0.0000,0.0000,0.0000,0.4604,0.0421,0.0000,0.0000,104304,74663,53998,54750,86225,66964,95775,572442,131417,91336,0,0,0,0,0,0,0,0,0,0,0.0000,0.0000,0.0000,0.0000,0.0000,0.0000,0.1679,0.1379,0.0000,0.0000,0,0,0,0,0,0,0,1,0,0,0,0,0,0,0,0,1,1,0,0,0.1361,0.0821,0.1472,0.0594,0.0990,0.0149,0.0615,0.1038,0.0109,0.1396,0.000,0.000,0.000,0.000,0.000,0.000,0.021,0.146,0.000,0.000,semi-presidential,parliamentary,parliamentary,parliamentary,parliamentary,semi-presidential,semi-presidential,electoral-authoritarian,electoral-authoritarian,parliamentary,0.800,0.800,0.800,0.797,0.800,0.800,0.800,0.500,0.500,0.800,97.4,74.7,66.9,79.3,79.6,81.5,81.3,82.1,79.8,63.5
2027-07-01,1.0433,0.9936,1.0148,1.0192,1.2543,1.0344,1.0026,0.9978,1.0243,1.0077,0.9919,1.0069,1.1285,1.0213,1.0518,1.0486,1.2811,1.0927,1.0046,0.9994,1.0401,1.0150,0.9935,1.0070,3442.08,5136.86,3995.10,2565.49,1950.54,1092.26,207.11,2610.64,1694.58,534.55,1.1866,0.6415,1.0574,1.4048,1.0186,0.5377,1.1645,0.2156,0.2328,0.1871,0.6642,0.7154,0.6801,0.6237,0.6666,0.7330,0.5199,0.6563,0.7056,0.6972,0.0109,0.0101,0.0224,0.0164,0.0142,0.0000,0.0614,0.0011,0.0104,0.0084,0.9800,0.9794,0.9903,0.9787,0.9804,1.0000,0.9671,1.0000,0.9739,1.0000,54.53,193.45,80.51,53.07,62.22,10.03,6.09,247.36,60.98,81.13,0.0000,0.0000,0.0000,0.0000,0.0000,0.0000,0.4604,0.0421,0.0000,0.0000,104304,74663,53998,54750,86225,66964,95775,572442,131417,91336,0,0,0,0,0,0,0,0,0,0,0.0000,0.0000,0.0000,0.0000,0.0000,0.0000,0.1771,0.1471,0.0000,0.0000,0,0,0,0,0,0,0,1,0,0,0,0,0,0,0,0,1,1,0,0,0.1376,0.0830,0.1481,0.0605,0.1001,0.0152,0.0611,0.1061,0.0115,0.1379,0.000,0.000,0.000,0.000,0.000,0.000,0.020,0.146,0.000,0.000,semi-presidential,parliamentary,parliamentary,parliamentary,parliamentary,semi-presidential,semi-presidential,electoral-authoritarian,electoral-authoritarian,parliamentary,0.800,0.800,0.800,0.800,0.800,0.800,0.800,0.500,0.500,0.800,100.0,77.5,69.5,82.8,82.8,84.7,84.2,85.1,83.7,66.2
2027-08-01,1.0448,0.9937,1.0102,1.0209,1.2281,1.0311,1.0019,0.9979,1.0194,1.0075,0.9920,1.0066,1.1347,1.0214,1.0465,1.0669,1.2510,1.0877,1.0101,1.0687,1.0345,1.0295,0.9939,1.0067,3453.15,5138.11,3992.07,2567.28,1955.81,1095.17,205.86,2608.04,1700.43,536.31,1.1833,0.6428,1.0584,1.4036,1.0186,0.5345,1.1775,0.2186,0.2326,0.1718,0.6577,0.7148,0.6698,0.6201,0.6705,0.7310,0.5086,0.6715,0.7050,0.7018,0.0143,0.0117,0.0268,0.0238,0.0165,0.0000,0.0757,0.0018,0.0105,0.0129,0.9801,0.9794,0.9903,0.9788,0.9805,1.0000,0.9673,1.0000,0.9740,1.0000,54.63,189.65,77.55,54.89,61.68,10.02,5.94,247.82,60.78,80.96,0.0000,0.0000,0.0000,0.0000,0.0000,0.0000,0.4600,0.0415,0.0000,0.0000,104304,74663,53998,54750,86225,66964,95775,572442,131417,91336,0,0,0,0,0,0,0,0,0,0,0.0000,0.0000,0.0000,0.0000,0.0000,0.0000,0.1886,0.1586,0.0000,0.0000,0,0,0,0,0,0,0,1,0,0,0,0,0,0,0,0,1,1,0,0,0.1360,0.0811,0.1463,0.0595,0.0991,0.0149,0.0612,0.1062,0.0115,0.1395,0.000,0.000,0.000,0.000,0.000,0.000,0.018,0.147,0.000,0.000,semi-presidential,parliamentary,parliamentary,parliamentary,parliamentary,semi-presidential,semi-presidential,electoral-authoritarian,electoral-authoritarian,parliamentary,0.800,0.800,0.800,0.800,0.800,0.800,0.800,0.500,0.500,0.800,100.0,80.4,72.0,86.3,30.0,87.9,87.7,88.8,87.7,69.0
2027-09-01,1.0458,0.9930,1.0038,1.0225,1.2030,1.0322,1.0008,0.9979,1.0141,1.0085,0.9895,1.0069,1.1291,1.0200,1.0413,1.0549,1.2286,1.0923,1.0025,0.9994,1.0285,1.0163,0.9910,1.0069,3472.97,5147.34,4004.66,2573.39,1964.50,1096.44,204.98,2607.93,1709.02,536.84,1.1771,0.6441,1.0550,1.4002,1.0144,0.5322,1.1831,0.2209,0.2320,0.1569,0.6604,0.7139,0.6744,0.6229,0.6789,0.7289,0.4939,0.6859,0.6973,0.7024,0.0107,0.0103,0.0222,0.0177,0.0140,0.0000,0.0607,0.0011,0.0101,0.0085,0.9807,0.9801,0.9906,0.9795,0.9811,1.0000,0.9675,1.0000,0.9749,1.0000,54.34,191.41,79.75,53.27,62.23,9.94,6.01,247.43,60.84,81.33,0.0000,0.0000,0.0000,0.0000,0.0000,0.0000,0.4605,0.0420,0.0000,0.0000,104304,74663,53998,54750,86225,66964,95775,572442,131417,91336,0,0,0,0,0,0,0,0,0,0,0.0000,0.0000,0.0000,0.0000,0.0000,0.0000,0.1978,0.1678,0.0000,0.0000,0,0,0,0,0,0,0,1,0,0,0,0,0,0,0,0,1,1,0,0,0.1362,0.0822,0.1478,0.0600,0.0999,0.0180,0.0580,0.1048,0.0113,0.1387,0.000,0.000,0.000,0.000,0.000,0.000,0.016,0.148,0.000,0.000,semi-presidential,parliamentary,parliamentary,parliamentary,parliamentary,semi-presidential,semi-presidential,electoral-authoritarian,electoral-authoritarian,parliamentary,0.800,0.800,0.800,0.800,0.800,0.800,0.800,0.500,0.500,0.800,100.0,83.2,74.6,89.8,33.0,91.0,90.3,91.9,91.6,71.7
2027-10-01,1.0451,0.9924,0.9999,1.0231,1.1787,1.0331,0.9986,0.9986,1.0102,1.0074,0.9839,1.0090,1.1266,1.0199,1.0372,1.0566,1.2054,1.0894,1.0004,1.0262,1.0246,1.0147,0.9859,1.0090,3483.86,5149.67,4017.06,2575.76,1973.47,1107.06,204.42,2613.70,1721.17,538.11,1.1739,0.6448,1.0517,1.3987,1.0099,0.5241,1.1868,0.2233,0.2309,0.1419,0.6608,0.7200,0.6850,0.6345,0.6785,0.7269,0.4851,0.6659,0.7046,0.6937,0.0119,0.0104,0.0238,0.0180,0.0148,0.0000,0.0587,0.0013,0.0102,0.0100,0.9803,0.9796,0.9904,0.9790,0.9807,1.0000,0.9676,1.0000,0.9743,1.0000,53.41,189.47,79.10,52.46,60.91,10.00,5.84,241.83,60.14,81.51,0.0000,0.0000,0.0000,0.0000,0.0000,0.0000,0.4596,0.0419,0.0000,0.0000,104304,74663,53998,54750,86225,66964,95775,572442,131417,91336,0,0,0,0,0,0,0,0,0,0,0.0000,0.0000,0.0000,0.0000,0.0000,0.0000,0.2093,0.1793,0.0000,0.0000,0,0,0,0,0,0,0,1,0,0,0,0,0,0,0,0,1,1,0,0,0.1357,0.0823,0.1461,0.0603,0.0994,0.0194,0.0607,0.1054,0.0126,0.1392,0.000,0.000,0.000,0.000,0.000,0.000,0.014,0.147,0.000,0.000,semi-presidential,parliamentary,parliamentary,parliamentary,parliamentary,semi-presidential,semi-presidential,electoral-authoritarian,electoral-authoritarian,parliamentary,0.800,0.800,0.800,0.800,0.800,0.800,0.800,0.500,0.500,0.800,100.0,85.1,77.2,93.1,36.0,96.4,93.5,95.7,95.5,74.4
2027-11-01,1.0447,0.9928,0.9983,1.0202,1.1574,1.0354,0.9965,0.9991,1.0050,1.0046,0.9799,1.0081,1.1286,1.0203,1.0432,1.0206,1.1808,1.1616,0.9981,1.0205,1.0200,1.0113,0.9820,1.0083,3489.94,5158.27,4024.92,2582.58,1978.82,1107.67,203.55,2618.56,1732.02,538.88,1.1722,0.6467,1.0496,1.3948,1.0071,0.5226,1.1922,0.2252,0.2301,0.1270,0.6500,0.7195,0.6793,0.6354,0.6786,0.7352,0.4821,0.6665,0.6993,0.6886,0.0136,0.0115,0.0116,0.0165,0.0162,0.0009,0.0609,0.0012,0.0109,0.0098,0.9803,0.9796,0.9904,0.9791,0.9808,1.0000,0.9678,1.0000,0.9744,1.0000,53.81,189.80,78.42,53.79,62.64,9.81,5.88,246.43,61.04,81.87,0.0000,0.0000,0.0000,0.0000,0.0000,0.0000,0.4595,0.0421,0.0000,0.0000,104304,74663,53998,54750,86225,66964,95775,572442,131417,91336,0,0,0,0,0,0,0,0,0,0,0.0000,0.0000,0.0000,0.0000,0.0000,0.0000,0.2185,0.1885,0.0000,0.0000,0,0,0,0,0,0,0,1,0,0,0,0,0,0,0,0,1,1,0,0,0.1345,0.0797,0.1396,0.0578,0.0941,0.0185,0.0615,0.1072,0.0116,0.1356,0.000,0.000,0.000,0.000,0.000,0.000,0.012,0.148,0.000,0.000,semi-presidential,parliamentary,parliamentary,parliamentary,parliamentary,semi-presidential,semi-presidential,electoral-authoritarian,electoral-authoritarian,parliamentary,0.800,0.800,0.800,0.800,0.800,0.800,0.800,0.500,0.500,0.800,100.0,90.8,79.8,100.0,39.0,30.0,96.1,98.7,99.4,77.0
2027-12-01,1.0443,0.9970,0.9997,1.0178,1.1486,1.0364,0.9926,1.0010,1.0012,1.0001,0.9777,1.0057,1.1269,1.3207,1.0517,1.0664,1.2109,1.0929,0.9942,1.0699,1.0145,1.0050,0.9791,1.0064,3492.20,5157.73,4023.49,2590.28,1979.76,1110.98,203.30,2621.47,1741.95,539.88,1.1714,0.6482,1.0500,1.3905,1.0065,0.5188,1.1937,0.2273,0.2294,0.1121,0.6343,0.6878,0.6624,0.6088,0.6586,0.7318,0.4844,0.6605,0.7008,0.6808,0.0496,0.0429,0.0531,0.0547,0.0598,0.0279,0.0644,0.0016,0.0489,0.0269,0.7329,0.7475,0.8653,0.7502,0.7339,0.8004,0.9410,1.0000,0.7475,1.0000,51.84,186.39,79.89,51.14,60.22,9.59,5.62,235.59,58.71,77.25,0.0000,0.0000,0.0000,0.0000,0.0000,0.0000,0.4594,0.0421,0.0000,0.0000,104304,74663,53998,54750,86225,66964,95775,572442,131417,91336,0,0,0,0,0,0,0,0,0,0,0.0000,0.0000,0.0000,0.0000,0.0000,0.0000,0.2277,0.1977,0.0000,0.0000,0,0,0,0,0,0,0,1,0,0,0,0,0,0,0,0,1,1,0,0,0.1245,0.0741,0.1260,0.0517,0.0847,0.0191,0.0851,0.1121,0.0105,0.1360,0.000,0.000,0.000,0.000,0.000,0.000,0.009,0.145,0.000,0.000,semi-presidential,parliamentary,parliamentary,parliamentary,parliamentary,semi-presidential,semi-presidential,electoral-authoritarian,electoral-authoritarian,parliamentary,0.800,0.800,0.800,0.800,0.800,0.800,0.800,0.500,0.500,0.800,100.0,93.5,82.3,100.0,41.9,33.0,98.6,100.0,100.0,79.7
2028-01-01,1.0408,1.0076,1.0013,1.0174,1.1510,1.0351,0.9905,1.0000,0.9976,0.9956,0.9746,1.0019,1.1194,1.2281,1.0714,1.0603,1.1745,1.0922,0.9922,1.0017,1.0108,1.0008,0.9763,1.0023,3484.24,5145.08,4002.37,2584.35,1979.95,1114.46,202.99,2625.49,1752.16,539.53,1.1740,0.6507,1.0554,1.3939,1.0103,0.5150,1.1954,0.2298,0.2286,0.0974,0.6049,0.6516,0.6221,0.5934,0.6131,0.7162,0.5000,0.6578,0.6735,0.6843,0.0354,0.0321,0.0392,0.0390,0.0392,0.0175,0.0573,0.0010,0.0343,0.0090,0.8188,0.8301,0.9087,0.8334,0.8198,0.8753,0.9472,1.0000,0.8362,1.0000,51.38,185.42,79.04,51.90,59.72,9.80,5.56,234.30,59.56,80.11,0.0000,0.0000,0.0000,0.0000,0.0000,0.0000,0.4594,0.0422,0.0000,0.0000,104304,74663,53998,54750,86225,66964,95775,572442,131417,91336,0,0,0,0,0,0,0,0,0,0,0.0000,0.0000,0.0000,0.0000,0.0000,0.0000,0.2392,0.2092,0.0000,0.0000,0,0,0,0,0,0,0,1,0,0,0,0,0,0,0,0,1,1,0,0,0.1047,0.0719,0.1046,0.0421,0.0744,0.0162,0.0805,0.1074,0.0075,0.1379,0.000,0.000,0.000,0.000,0.000,0.000,0.005,0.148,0.000,0.000,semi-presidential,parliamentary,parliamentary,parliamentary,parliamentary,semi-presidential,semi-presidential,electoral-authoritarian,electoral-authoritarian,parliamentary,0.800,0.833,0.800,0.800,0.800,0.800,0.800,0.500,0.500,0.800,100.0,85.1,84.6,100.0,44.5,36.0,100.0,100.0,100.0,82.3
2028-02-01,1.0348,1.0142,1.0032,1.0142,1.1446,1.0302,0.9878,0.9991,1.0365,0.9928,0.9729,1.0001,1.1119,1.1802,1.1563,1.0149,1.1680,1.0867,0.9894,1.0007,1.5896,1.0007,0.9746,1.0003,3488.48,5143.02,3983.87,2583.30,1987.71,1118.01,202.99,2628.29,1758.07,538.71,1.1727,0.6521,1.0604,1.3946,1.0064,0.5112,1.1952,0.2318,0.2285,0.0828,0.5972,0.6584,0.5890,0.5873,0.5935,0.7133,0.4971,0.6394,0.6639,0.6933,0.0349,0.0284,0.0316,0.0415,0.0530,0.0121,0.0774,0.0230,0.0477,0.0251,0.8622,0.8719,0.9304,0.8755,0.8633,0.9133,0.9502,1.0000,0.8811,1.0000,51.15,174.83,72.63,50.39,57.87,9.26,5.58,232.14,59.07,81.05,0.0000,0.0000,0.0000,0.0000,0.0000,0.0000,0.4596,0.0419,0.0000,0.0000,104304,74663,53998,54750,86225,66964,95775,572442,131417,91336,0,0,0,0,0,0,0,0,0,0,0.0000,0.0000,0.0000,0.0000,0.0000,0.0000,0.2484,0.2184,0.0000,0.0000,0,0,0,0,0,0,0,1,0,0,0,0,0,0,0,0,1,1,0,0,0.1292,0.0845,0.1327,0.0580,0.0938,0.0159,0.0689,0.1037,0.0073,0.1366,0.000,0.000,0.000,0.000,0.000,0.000,0.003,0.151,0.000,0.000,semi-presidential,parliamentary,parliamentary,parliamentary,parliamentary,semi-presidential,semi-presidential,electoral-authoritarian,electoral-authoritarian,parliamentary,0.800,0.824,0.800,0.800,0.832,0.800,0.800,0.500,0.500,0.800,100.0,87.6,86.7,100.0,36.5,38.9,100.0,100.0,100.0,85.0
2028-03-01,1.0296,1.0187,1.0063,1.0098,1.1343,1.0242,0.9855,0.9967,1.0518,0.9914,0.9729,0.9984,1.1075,1.1470,1.1726,1.0104,1.1592,1.0803,0.9870,0.9982,1.2715,1.0000,0.9857,0.9986,3496.87,5134.11,3985.24,2585.09,1984.62,1119.84,202.28,2630.16,1764.74,539.37,1.1750,0.6542,1.0592,1.3978,1.0079,0.5082,1.1994,0.2340,0.2282,0.0679,0.5949,0.6654,0.5916,0.5727,0.5978,0.7133,0.4976,0.6392,0.6451,0.6800,0.0319,0.0248,0.0263,0.0358,0.0407,0.0086,0.0680,0.0096,0.0314,0.0164,0.8926,0.9007,0.9460,0.9043,0.8938,0.9387,0.9531,1.0000,0.9110,1.0000,54.82,193.40,75.99,52.15,61.59,10.41,5.97,242.53,65.18,82.79,0.0000,0.0000,0.0000,0.0000,0.0000,0.0000,0.4597,0.0417,0.0000,0.0000,104304,74663,53998,54750,86225,66964,95775,572442,131417,91336,0,0,0,0,0,0,0,0,0,0,0.0000,0.0000,0.0000,0.0000,0.0000,0.0000,0.2576,0.2276,0.0000,0.0000,0,0,0,0,0,0,0,1,0,0,0,0,0,0,0,0,1,1,0,0,0.1230,0.0811,0.1256,0.0541,0.0886,0.0180,0.0645,0.1031,0.0093,0.1366,0.000,0.000,0.000,0.000,0.000,0.000,0.001,0.152,0.000,0.000,semi-presidential,parliamentary,parliamentary,parliamentary,parliamentary,semi-presidential,semi-presidential,electoral-authoritarian,electoral-authoritarian,parliamentary,0.800,0.814,0.800,0.800,0.822,0.800,0.800,0.500,0.500,0.800,100.0,90.2,84.6,100.0,39.1,41.8,100.0,100.0,100.0,87.6
2028-04-01,1.0241,1.0212,1.0078,1.0074,1.1242,1.0186,0.9842,0.9954,1.0541,0.9916,0.9751,0.9977,1.1025,1.0927,1.0752,1.0361,1.1501,1.0742,0.9857,0.9969,1.0719,1.0015,1.0556,0.9980,3507.05,5139.18,3996.93,2587.34,1991.19,1124.04,201.95,2631.84,1775.37,539.71,1.1717,0.6543,1.0562,1.3968,1.0076,0.5041,1.2013,0.2367,0.2275,0.0531,0.6036,0.6813,0.6117,0.5942,0.6164,0.7237,0.5004,0.6147,0.6724,0.6834,0.0204,0.0156,0.0308,0.0228,0.0231,0.0038,0.0623,0.0018,0.0152,0.0120,0.9425,0.9447,0.9713,0.9473,0.9448,0.9732,0.9631,1.0000,0.9479,1.0000,55.70,194.81,76.64,52.75,62.79,10.49,6.08,247.57,66.03,82.62,0.0000,0.0000,0.0000,0.0000,0.0000,0.0000,0.4597,0.0416,0.0000,0.0000,104304,74663,53998,54750,86225,66964,95775,572442,131417,91336,0,0,0,0,0,0,0,0,0,0,0.0000,0.0000,0.0000,0.0000,0.0000,0.0000,0.2691,0.2391,0.0000,0.0000,0,0,0,0,0,0,0,1,0,0,0,0,0,0,0,0,1,1,0,0,0.1156,0.0769,0.1162,0.0498,0.0821,0.0175,0.0629,0.1043,0.0084,0.1382,0.000,0.000,0.000,0.000,0.000,0.000,0.000,0.153,0.000,0.000,semi-presidential,parliamentary,parliamentary,parliamentary,parliamentary,semi-presidential,semi-presidential,electoral-authoritarian,electoral-authoritarian,parliamentary,0.800,0.804,0.800,0.800,0.812,0.800,0.800,0.500,0.500,0.800,100.0,92.8,86.9,100.0,41.7,44.8,100.0,100.0,100.0,90.3
2028-05-01,1.0219,1.0216,1.0102,1.0079,1.1121,1.0124,0.9877,0.9946,1.0525,0.9931,0.9776,0.9966,1.0980,1.0504,1.2171,1.0629,1.1362,1.0664,1.1479,0.9963,1.0698,1.0420,1.0548,0.9966,3499.30,5135.26,3994.64,2590.68,1997.83,1131.00,201.42,2632.63,1786.94,540.08,1.1744,0.6553,1.0570,1.3951,1.0113,0.4989,1.2045,0.2390,0.2298,0.0384,0.6079,0.6903,0.6127,0.5965,0.6479,0.7283,0.4970,0.6183,0.6607,0.6908,0.0289,0.0173,0.0425,0.0353,0.0304,0.0000,0.0658,0.0029,0.0217,0.0202,0.9798,0.9793,0.9903,0.9786,0.9801,1.0000,0.9691,1.0000,0.9740,1.0000,55.44,193.74,77.46,52.70,61.95,10.60,5.72,245.05,65.23,82.23,0.0000,0.0000,0.0000,0.0000,0.0000,0.0000,0.4568,0.0416,0.0000,0.0000,104304,74663,53998,54750,86225,66964,95775,572442,131417,91336,0,0,0,0,0,0,0,0,0,0,0.0000,0.0000,0.0000,0.0000,0.0000,0.0000,0.2783,0.2483,0.0000,0.0000,0,0,0,0,0,0,0,1,0,0,0,0,0,0,0,0,1,1,0,0,0.1342,0.0849,0.1367,0.0578,0.0967,0.0173,0.0611,0.1041,0.0088,0.1398,0.000,0.000,0.000,0.000,0.000,0.000,0.000,0.154,0.000,0.000,semi-presidential,parliamentary,parliamentary,parliamentary,parliamentary,semi-presidential,semi-presidential,electoral-authoritarian,electoral-authoritarian,parliamentary,0.800,0.800,0.800,0.800,0.800,0.800,0.800,0.500,0.500,0.800,100.0,95.5,89.1,100.0,45.1,47.8,100.0,100.0,100.0,92.9
2028-06-01,1.0185,1.0208,1.0142,1.0094,1.0988,1.0075,0.9924,0.9955,1.0481,0.9969,0.9802,0.9971,1.0979,1.0500,1.2392,1.0627,1.1243,1.0607,1.1347,1.0363,1.0649,1.0513,1.0427,0.9971,3514.19,5141.45,3998.82,2594.40,2004.28,1135.08,200.51,2629.39,1790.92,542.25,1.1695,0.6548,1.0592,1.3933,1.0080,0.4949,1.2101,0.2416,0.2300,0.0236,0.6183,0.6991,0.6141,0.6069,0.6650,0.7283,0.4814,0.6374,0.6582,0.6918,0.0312,0.0178,0.0448,0.0358,0.0324,0.0000,0.0676,0.0030,0.0233,0.0217,0.9798,0.9792,0.9903,0.9787,0.9803,1.0000,0.9698,1.0000,0.9740,1.0000,55.70,191.42,76.57,53.72,62.23,10.68,5.59,245.60,64.71,82.13,0.0000,0.0000,0.0000,0.0000,0.0000,0.0000,0.4568,0.0415,0.0000,0.0000,104304,74663,53998,54750,86225,66964,95775,572442,131417,91336,0,0,0,0,0,0,0,0,0,0,0.0000,0.0000,0.0000,0.0000,0.0000,0.0000,0.2875,0.2575,0.0000,0.0000,0,0,0,0,0,0,0,1,0,0,0,0,0,0,0,0,1,1,0,0,0.1357,0.0852,0.1386,0.0588,0.0981,0.0174,0.0588,0.1050,0.0091,0.1394,0.000,0.000,0.000,0.000,0.000,0.000,0.000,0.155,0.000,0.000,semi-presidential,parliamentary,parliamentary,parliamentary,parliamentary,semi-presidential,semi-presidential,electoral-authoritarian,electoral-authoritarian,parliamentary,0.800,0.800,0.800,0.800,0.800,0.800,0.800,0.500,0.500,0.800,100.0,98.2,90.7,100.0,48.0,50.8,100.0,100.0,100.0,95.6
2028-07-01,1.0167,1.0184,1.0184,1.0087,1.0842,1.0072,0.9957,0.9949,1.0393,1.0005,0.9810,0.9973,1.0961,1.0472,1.2171,1.0266,1.1112,1.0596,1.1156,0.9965,1.0566,1.0445,0.9910,0.9974,3525.37,5161.49,4007.44,2603.73,2010.80,1139.32,200.38,2626.52,1792.57,542.10,1.1659,0.6524,1.0573,1.3884,1.0047,0.4909,1.2111,0.2448,0.2299,0.0089,0.6290,0.7105,0.6259,0.6117,0.6802,0.7332,0.4723,0.6475,0.6567,0.6941,0.0252,0.0148,0.0319,0.0259,0.0278,0.0000,0.0635,0.0022,0.0190,0.0159,0.9798,0.9792,0.9903,0.9786,0.9803,1.0000,0.9697,1.0000,0.9740,1.0000,55.26,193.29,79.08,53.07,62.91,10.56,5.65,245.34,64.31,82.21,0.0000,0.0000,0.0000,0.0000,0.0000,0.0000,0.4575,0.0416,0.0000,0.0000,104304,74663,53998,54750,86225,66964,95775,572442,131417,91336,0,0,0,0,0,0,0,0,0,0,0.0000,0.0000,0.0000,0.0000,0.0000,0.0000,0.2990,0.2690,0.0000,0.0000,0,0,0,0,0,0,0,1,0,0,0,0,0,0,0,0,1,1,0,0,0.1225,0.0805,0.1259,0.0539,0.0886,0.0162,0.0534,0.1070,0.0084,0.1353,0.000,0.000,0.000,0.000,0.000,0.000,0.000,0.151,0.000,0.000,semi-presidential,parliamentary,parliamentary,parliamentary,parliamentary,semi-presidential,semi-presidential,electoral-authoritarian,electoral-authoritarian,parliamentary,0.800,0.800,0.800,0.800,0.800,0.800,0.800,0.500,0.500,0.800,100.0,100.0,93.0,100.0,51.0,53.9,100.0,100.0,100.0,98.3
2028-08-01,1.0137,1.0137,1.0215,1.0065,1.0679,1.0075,0.9990,0.9928,1.0319,1.0027,0.9804,0.9952,1.0889,1.0415,1.0586,1.0070,1.0926,1.0602,1.0241,0.9942,1.0475,1.0301,0.9820,0.9957,3525.86,5165.72,4001.61,2599.55,2019.36,1142.46,199.57,2629.36,1810.21,543.72,1.1658,0.6517,1.0591,1.3907,1.0005,0.4889,1.2162,0.2467,0.2313,-0.0057,0.6232,0.7047,0.5910,0.6136,0.6773,0.7340,0.4624,0.6438,0.6841,0.6956,0.0109,0.0093,0.0095,0.0147,0.0145,0.0000,0.0558,0.0015,0.0098,0.0093,0.9812,0.9804,0.9909,0.9801,0.9818,1.0000,0.9708,1.0000,0.9755,1.0000,52.84,188.50,74.98,50.90,60.63,10.32,5.62,235.39,63.20,82.25,0.0000,0.0000,0.0000,0.0000,0.0000,0.0000,0.4576,0.0420,0.0000,0.0000,104304,74663,53998,54750,86225,66964,95775,572442,131417,91336,0,0,0,0,0,0,0,0,0,0,0.0000,0.0000,0.0000,0.0000,0.0000,0.0000,0.3082,0.2782,0.0000,0.0000,0,0,0,0,0,0,0,1,0,0,0,0,0,0,0,0,1,1,0,0,0.1148,0.0763,0.1186,0.0501,0.0830,0.0145,0.0507,0.1008,0.0102,0.1351,0.000,0.000,0.000,0.000,0.000,0.000,0.000,0.153,0.000,0.000,semi-presidential,parliamentary,parliamentary,parliamentary,parliamentary,semi-presidential,semi-presidential,electoral-authoritarian,electoral-authoritarian,parliamentary,0.800,0.800,0.729,0.800,0.800,0.800,0.800,0.500,0.500,0.800,100.0,100.0,95.0,100.0,54.0,57.7,100.0,100.0,100.0,100.0
2028-09-01,1.0103,1.0097,1.0207,1.0038,1.0529,1.0068,0.9991,0.9906,1.0263,1.0044,0.9798,0.9936,1.0893,1.0382,1.0583,1.0044,1.0784,1.0592,1.0007,0.9921,1.0418,1.0267,0.9811,0.9937,3525.82,5160.13,3998.04,2604.33,2034.75,1147.45,198.22,2631.17,1821.07,544.01,1.1659,0.6523,1.0605,1.3883,0.9930,0.4847,1.2248,0.2494,0.2309,-0.0203,0.6217,0.7037,0.5944,0.6206,0.7078,0.7307,0.4410,0.6387,0.6953,0.7009,0.0107,0.0097,0.0089,0.0151,0.0146,0.0000,0.0584,0.0012,0.0102,0.0083,0.9798,0.9792,0.9903,0.9787,0.9803,1.0000,0.9690,1.0000,0.9739,1.0000,53.98,188.55,74.90,52.58,62.66,10.02,5.80,245.17,64.78,81.58,0.0000,0.0000,0.0000,0.0000,0.0000,0.0000,0.4581,0.0422,0.0000,0.0000,104304,74663,53998,54750,86225,66964,95775,572442,131417,91336,0,0,0,0,0,0,0,0,0,0,0.0000,0.0000,0.0000,0.0000,0.0000,0.0000,0.3197,0.2897,0.0000,0.0000,0,0,0,0,0,0,0,1,0,0,0,0,0,0,0,0,1,1,0,0,0.1180,0.0767,0.1220,0.0509,0.0851,0.0135,0.0522,0.1033,0.0096,0.1341,0.000,0.000,0.000,0.000,0.000,0.000,0.000,0.155,0.000,0.000,semi-presidential,parliamentary,parliamentary,parliamentary,parliamentary,semi-presidential,semi-presidential,electoral-authoritarian,electoral-authoritarian,parliamentary,0.800,0.800,0.739,0.800,0.800,0.800,0.800,0.500,0.500,0.800,100.0,100.0,97.2,100.0,48.1,60.7,100.0,100.0,100.0,100.0
2028-10-01,1.0102,1.0085,1.0158,1.0007,1.0437,1.0057,0.9997,0.9890,1.0220,1.0065,0.9811,0.9935,1.0894,1.0374,1.0533,1.0008,1.0670,1.0576,1.0236,0.9907,1.0373,1.0324,1.0322,0.9936,3535.99,5166.01,3995.48,2608.36,2043.53,1152.16,197.61,2626.55,1828.92,544.80,1.1626,0.6515,1.0616,1.3892,0.9888,0.4805,1.2288,0.2520,0.2339,-0.0348,0.6212,0.7023,0.6098,0.6291,0.6982,0.7351,0.4389,0.6414,0.6745,0.6904,0.0129,0.0097,0.0116,0.0152,0.0161,0.0000,0.0609,0.0017,0.0104,0.0112,0.9797,0.9791,0.9902,0.9785,0.9801,1.0000,0.9686,1.0000,0.9737,1.0000,53.96,187.53,74.40,52.89,62.67,9.96,5.65,245.85,64.94,81.54,0.0000,0.0000,0.0000,0.0000,0.0000,0.0000,0.4578,0.0420,0.0000,0.0000,104304,74663,53998,54750,86225,66964,95775,572442,131417,91336,0,0,0,0,0,0,0,0,0,0,0.0000,0.0000,0.0000,0.0000,0.0000,0.0000,0.3289,0.2989,0.0000,0.0000,0,0,0,0,0,0,0,1,0,0,0,0,0,0,0,0,1,1,0,0,0.1242,0.0791,0.1286,0.0535,0.0893,0.0140,0.0588,0.1028,0.0102,0.1340,0.000,0.000,0.000,0.000,0.000,0.000,0.000,0.156,0.000,0.000,semi-presidential,parliamentary,parliamentary,parliamentary,parliamentary,semi-presidential,semi-presidential,electoral-authoritarian,electoral-authoritarian,parliamentary,0.800,0.800,0.749,0.800,0.800,0.800,0.800,0.500,0.500,0.800,100.0,100.0,99.5,100.0,51.2,63.8,100.0,100.0,100.0,100.0
2028-11-01,1.0075,1.0097,1.0072,0.9989,1.0346,1.0031,1.0021,0.9882,1.0195,1.0073,0.9839,0.9943,1.0845,1.0564,1.0459,1.0246,1.0586,1.0551,1.0526,0.9895,1.0336,1.0325,1.0514,0.9947,3550.16,5165.18,3991.09,2609.74,2048.96,1152.20,196.91,2629.62,1836.36,545.62,1.1581,0.6517,1.0631,1.3885,0.9862,0.4782,1.2334,0.2540,0.2340,-0.0493,0.6246,0.7103,0.6143,0.6352,0.6950,0.7313,0.4326,0.6387,0.6728,0.6947,0.0161,0.0118,0.0290,0.0169,0.0186,0.0017,0.0588,0.0019,0.0121,0.0132,0.9646,0.9639,0.9825,0.9655,0.9669,0.9879,0.9668,1.0000,0.9622,1.0000,52.92,186.07,75.66,51.80,60.79,10.05,5.50,238.26,64.54,81.47,0.0000,0.0000,0.0000,0.0000,0.0000,0.0000,0.4585,0.0425,0.0000,0.0000,104304,74663,53998,54750,86225,66964,95775,572442,131417,91336,0,0,0,0,0,0,0,0,0,0,0.0000,0.0000,0.0000,0.0000,0.0000,0.0000,0.3381,0.3081,0.0000,0.0000,0,0,0,0,0,0,0,1,0,0,0,0,0,0,0,0,1,1,0,0,0.1328,0.0830,0.1378,0.0576,0.0962,0.0197,0.0575,0.1047,0.0164,0.1342,0.000,0.000,0.000,0.000,0.000,0.000,0.000,0.149,0.000,0.000,semi-presidential,parliamentary,parliamentary,parliamentary,parliamentary,semi-presidential,semi-presidential,electoral-authoritarian,electoral-authoritarian,parliamentary,0.800,0.800,0.758,0.800,0.800,0.800,0.800,0.500,0.500,0.800,100.0,100.0,100.0,100.0,53.1,66.8,100.0,100.0,100.0,100.0
2028-12-01,1.0118,1.0126,1.0020,0.9958,1.0265,1.0017,1.0024,0.9895,1.0197,1.0066,0.9869,0.9983,2.2308,1.5449,1.0406,0.9965,1.0510,1.0538,1.0040,1.0711,1.1649,1.0185,1.0933,0.9999,3574.69,5161.24,3992.39,2616.88,2056.80,1156.21,195.70,2632.30,1850.15,545.62,1.1502,0.6523,1.0632,1.3847,0.9826,0.4743,1.2413,0.2566,0.2333,-0.0639,0.6373,0.7052,0.6227,0.6435,0.7029,0.7324,0.4268,0.6257,0.6903,0.6990,0.1436,0.1315,0.0838,0.1343,0.1496,0.1167,0.1201,0.0078,0.1357,0.0224,0.5800,0.6006,0.7915,0.6024,0.5809,0.6680,0.9380,1.0000,0.5895,1.0000,34.78,155.86,63.60,34.13,44.38,7.98,5.24,154.27,46.47,53.02,0.0000,0.0000,0.0000,0.0000,0.0000,0.0000,0.4589,0.0427,0.0000,0.0000,104304,74663,53998,54750,86225,66964,95775,572442,131417,91336,0,0,0,0,0,0,0,0,0,0,0.0000,0.0000,0.0000,0.0000,0.0000,0.0000,0.3496,0.3196,0.0000,0.0000,0,0,0,0,0,0,0,1,0,0,0,0,0,0,0,0,1,1,0,0,0.1354,0.0857,0.1410,0.0604,0.0991,0.0221,0.0647,0.1155,0.0188,0.1351,0.000,0.000,0.000,0.000,0.000,0.000,0.000,0.147,0.000,0.000,semi-presidential,parliamentary,parliamentary,parliamentary,parliamentary,semi-presidential,semi-presidential,electoral-authoritarian,electoral-authoritarian,parliamentary,0.800,0.800,0.768,0.800,0.800,0.800,0.800,0.500,0.500,0.800,100.0,100.0,100.0,100.0,56.3,69.8,100.0,100.0,100.0,100.0
2029-01-01,1.0735,1.0371,0.9996,0.9970,1.0209,0.9956,1.0030,0.9923,1.0214,1.0084,0.9920,1.0033,2.2165,1.4826,1.0375,1.0881,1.0438,1.0468,1.0043,1.0181,1.0347,1.0309,1.0988,1.0038,3577.39,5152.03,4000.59,2619.26,2062.57,1160.50,195.44,2634.68,1858.55,547.23,1.1494,0.6535,1.0617,1.3832,0.9799,0.4707,1.2433,0.2585,0.2333,-0.0784,0.6063,0.6417,0.6082,0.5069,0.6334,0.6512,0.4131,0.6137,0.6516,0.7082,0.1226,0.1180,0.0876,0.1290,0.1275,0.0996,0.1072,0.0019,0.1217,0.0145,0.6533,0.6710,0.8291,0.6731,0.6542,0.7317,0.9459,1.0000,0.6643,1.0000,38.69,157.50,63.41,39.47,46.62,8.78,4.96,169.90,50.16,58.57,0.0000,0.0000,0.0000,0.0000,0.0000,0.0000,0.4589,0.0425,0.0000,0.0000,104304,74663,53998,54750,86225,66964,95775,572442,131417,91336,0,0,0,0,0,0,0,0,0,0,0.0000,0.0000,0.0000,0.0000,0.0000,0.0000,0.3588,0.3288,0.0000,0.0000,0,0,0,0,0,0,0,1,0,0,0,0,0,0,0,0,1,1,0,0,0.1408,0.0877,0.1447,0.0633,0.1027,0.0257,0.0717,0.1248,0.0220,0.1415,0.000,0.000,0.000,0.000,0.000,0.000,0.000,0.146,0.000,0.000,semi-presidential,parliamentary,parliamentary,parliamentary,parliamentary,semi-presidential,semi-presidential,electoral-authoritarian,electoral-authoritarian,parliamentary,0.800,0.800,0.786,0.842,0.800,0.800,0.800,0.500,0.500,0.800,100.0,100.0,100.0,100.0,59.1,72.1,100.0,100.0,100.0,100.0
2029-02-01,1.1216,1.0524,0.9965,0.9992,1.0154,0.9899,1.0015,0.9925,1.0200,1.0120,0.9958,1.0049,2.1170,1.3859,1.0336,1.0961,1.0387,1.0401,1.0031,0.9948,1.0329,1.0620,1.0968,1.0053,3582.35,5149.40,4014.51,2622.79,2070.49,1163.87,194.73,2646.44,1867.75,550.26,1.1477,0.6540,1.0584,1.3815,0.9763,0.4671,1.2481,0.2592,0.2312,-0.0932,0.5971,0.6321,0.6064,0.5253,0.6185,0.6523,0.4153,0.6437,0.6419,0.7100,0.0973,0.0960,0.0733,0.1120,0.1018,0.0771,0.1005,0.0017,0.0950,0.0123,0.7410,0.7552,0.8727,0.7577,0.7419,0.8075,0.9523,1.0000,0.7542,1.0000,43.66,163.31,65.78,45.37,51.00,9.40,4.82,193.17,55.32,66.37,0.0000,0.0000,0.0000,0.0000,0.0000,0.0000,0.4581,0.0415,0.0000,0.0000,104304,74663,53998,54750,86225,66964,95775,572442,131417,91336,0,0,0,0,0,0,0,0,0,0,0.0000,0.0000,0.0000,0.0000,0.0000,0.0000,0.3680,0.3380,0.0000,0.0000,0,0,0,0,0,0,0,1,0,0,0,0,0,0,0,0,1,1,0,0,0.1427,0.0888,0.1467,0.0649,0.1044,0.0272,0.0742,0.1328,0.0234,0.1508,0.000,0.000,0.000,0.000,0.000,0.000,0.000,0.148,0.000,0.000,semi-presidential,parliamentary,parliamentary,parliamentary,parliamentary,semi-presidential,semi-presidential,electoral-authoritarian,electoral-authoritarian,parliamentary,0.800,0.800,0.796,0.839,0.800,0.800,0.800,0.500,0.500,0.800,100.0,100.0,100.0,91.2,61.9,74.7,100.0,100.0,100.0,100.0
2029-03-01,1.1518,1.0625,0.9960,0.9997,1.0114,0.9870,0.9993,0.9926,1.0172,1.0164,0.9981,1.0053,1.8781,1.3062,1.0329,1.0545,1.0343,1.0368,1.0008,1.0146,1.0307,1.0535,1.1305,1.0053,3587.92,5157.90,4014.51,2622.58,2076.29,1171.30,194.27,2662.92,1870.54,552.23,1.1461,0.6531,1.0584,1.3848,0.9738,0.4619,1.2514,0.2642,0.2312,-0.1085,0.5981,0.6356,0.6064,0.5327,0.6206,0.6570,0.4290,0.6643,0.6239,0.7166,0.0737,0.0677,0.0607,0.0770,0.0763,0.0524,0.0975,0.0021,0.0648,0.0147,0.8106,0.8220,0.9070,0.8249,0.8115,0.8679,0.9569,1.0000,0.8257,1.0000,49.42,176.80,71.81,49.37,57.93,9.89,5.11,222.08,61.48,75.01,0.0000,0.0000,0.0000,0.0000,0.0000,0.0000,0.4583,0.0416,0.0000,0.0000,104304,74663,53998,54750,86225,66964,95775,572442,131417,91336,0,0,0,0,0,0,0,0,0,0,0.0000,0.0000,0.0000,0.0000,0.0000,0.0000,0.3772,0.3472,0.0000,0.0000,0,0,0,0,0,0,0,1,0,0,0,0,0,0,0,0,1,1,0,0,0.1346,0.0862,0.1377,0.0610,0.0981,0.0266,0.0745,0.1350,0.0224,0.1526,0.000,0.000,0.000,0.000,0.000,0.000,0.000,0.150,0.000,0.000,semi-presidential,parliamentary,parliamentary,parliamentary,parliamentary,semi-presidential,semi-presidential,electoral-authoritarian,electoral-authoritarian,parliamentary,0.800,0.800,0.796,0.829,0.800,0.800,0.800,0.500,0.500,0.800,100.0,30.0,100.0,94.1,64.6,77.4,100.0,100.0,100.0,100.0
2029-04-01,1.1740,1.0674,0.9990,0.9992,1.0080,0.9872,0.9970,0.9934,1.0123,1.0194,1.0081,1.0093,1.7533,1.1692,1.2029,1.0364,1.0304,1.0727,0.9986,1.0276,1.0263,1.0443,1.5880,1.0097,3590.47,5164.05,4021.79,2622.77,2085.73,1176.36,194.20,2679.20,1880.37,553.38,1.1454,0.6523,1.0569,1.3848,0.9693,0.4576,1.2522,0.2646,0.2310,-0.1241,0.6022,0.6557,0.6049,0.5617,0.6291,0.6755,0.4342,0.6980,0.6413,0.7274,0.0746,0.0494,0.0756,0.0592,0.0741,0.0314,0.1111,0.0049,0.0521,0.0399,0.9192,0.9253,0.9601,0.9279,0.9199,0.9600,0.9616,1.0000,0.9326,1.0000,53.16,183.78,74.76,53.41,62.53,10.18,5.37,241.24,65.92,82.14,0.0000,0.0000,0.0000,0.0000,0.0000,0.0000,0.4584,0.0420,0.0000,0.0000,104304,74663,53998,54750,86225,66964,95775,572442,131417,91336,0,0,0,0,0,0,0,0,0,0,0.0000,0.0000,0.0000,0.0000,0.0000,0.0000,0.3887,0.3587,0.0000,0.0000,0,0,0,0,0,0,0,1,0,0,0,0,0,0,0,0,1,1,0,0,0.1445,0.0921,0.1481,0.0668,0.1060,0.0285,0.0770,0.1387,0.0247,0.1538,0.000,0.000,0.000,0.000,0.000,0.000,0.000,0.150,0.000,0.000,semi-presidential,parliamentary,parliamentary,parliamentary,parliamentary,semi-presidential,semi-presidential,electoral-authoritarian,electoral-authoritarian,parliamentary,0.800,0.800,0.800,0.819,0.800,0.800,0.800,0.500,0.500,0.800,100.0,32.7,100.0,97.2,67.4,80.1,100.0,100.0,100.0,100.0
2029-05-01,1.1861,1.0689,1.0014,0.9977,1.0061,0.9892,0.9954,0.9942,1.0088,1.0191,1.0349,1.0211,1.5146,1.1013,1.1453,0.9980,1.0287,1.0998,0.9970,0.9956,1.0221,1.0293,1.5424,1.0209,3607.43,5191.27,4036.58,2639.53,2096.25,1183.41,194.85,2694.68,1887.63,556.19,1.1401,0.6489,1.0530,1.3761,0.9644,0.4525,1.2482,0.2645,0.2312,-0.1394,0.6046,0.6854,0.6315,0.5866,0.6504,0.6994,0.4456,0.6941,0.6610,0.7204,0.0460,0.0269,0.0425,0.0348,0.0461,0.0121,0.1013,0.0037,0.0254,0.0334,0.9780,0.9776,0.9896,0.9768,0.9782,1.0000,0.9729,1.0000,0.9719,1.0000,57.45,191.89,76.77,57.83,67.59,10.72,5.83,262.46,69.90,87.94,0.0000,0.0000,0.0000,0.0000,0.0000,0.0000,0.4588,0.0430,0.0000,0.0000,104304,74663,53998,54750,86225,66964,95775,572442,131417,91336,0,0,0,0,0,0,0,0,0,0,0.0000,0.0000,0.0000,0.0000,0.0000,0.0000,0.3979,0.3679,0.0000,0.0000,0,0,0,0,0,0,0,1,0,0,0,0,0,0,0,0,1,1,0,0,0.1531,0.1010,0.1582,0.0760,0.1154,0.0365,0.0858,0.1468,0.0328,0.1534,0.000,0.000,0.000,0.000,0.000,0.000,0.000,0.143,0.000,0.000,semi-presidential,parliamentary,parliamentary,parliamentary,parliamentary,semi-presidential,semi-presidential,electoral-authoritarian,electoral-authoritarian,parliamentary,0.800,0.800,0.800,0.844,0.800,0.800,0.800,0.500,0.500,0.800,100.0,35.5,100.0,91.5,70.3,83.0,100.0,100.0,100.0,100.0
2029-06-01,1.1928,1.0640,1.0026,0.9940,1.0044,0.9940,0.9920,0.9939,1.0074,1.0148,1.0499,1.0248,1.3923,1.0937,1.0795,0.9947,1.0274,1.1270,0.9937,0.9954,1.0205,1.0215,1.3133,1.0251,3650.71,5217.38,4061.71,2652.25,2109.48,1193.29,194.54,2721.37,1895.24,557.02,1.1268,0.6457,1.0461,1.3695,0.9583,0.4465,1.2502,0.2637,0.2313,-0.1553,0.6431,0.7165,0.6648,0.6294,0.6811,0.7277,0.4632,0.7106,0.6815,0.7216,0.0282,0.0182,0.0257,0.0241,0.0293,0.0054,0.0900,0.0021,0.0157,0.0203,0.9798,0.9791,0.9904,0.9786,0.9803,1.0000,0.9742,1.0000,0.9738,1.0000,59.50,196.60,79.26,59.41,70.03,11.12,5.73,271.13,71.29,90.23,0.0000,0.0000,0.0000,0.0000,0.0000,0.0000,0.4585,0.0434,0.0000,0.0000,104304,74663,53998,54750,86225,66964,95775,572442,131417,91336,0,0,0,0,0,0,0,0,0,0,0.0000,0.0000,0.0000,0.0000,0.0000,0.0000,0.4094,0.3794,0.0000,0.0000,0,0,0,0,0,0,0,1,0,0,0,0,0,0,0,0,1,1,0,0,0.1560,0.1047,0.1632,0.0798,0.1194,0.0399,0.0906,0.1489,0.0362,0.1536,0.000,0.000,0.000,0.000,0.000,0.000,0.000,0.141,0.000,0.000,semi-presidential,parliamentary,parliamentary,parliamentary,parliamentary,semi-presidential,semi-presidential,electoral-authoritarian,electoral-authoritarian,parliamentary,0.800,0.800,0.800,0.834,0.800,0.800,0.800,0.500,0.500,0.800,100.0,38.5,100.0,95.0,73.4,86.0,100.0,100.0,100.0,100.0
2029-07-01,1.1947,1.0588,1.0027,0.9910,1.0017,0.9995,0.9893,0.9937,1.0081,1.0100,1.0565,1.0238,1.2992,1.0891,1.0411,0.9912,1.0240,1.0889,0.9913,0.9949,1.0388,1.0172,1.2077,1.0241,3664.45,5234.39,4076.01,2666.71,2122.22,1203.85,194.93,2731.34,1905.22,560.76,1.1226,0.6436,1.0420,1.3621,0.9526,0.4402,1.2476,0.2642,0.2311,-0.1703,0.6349,0.7348,0.6933,0.6502,0.7078,0.7497,0.4704,0.7141,0.7008,0.7328,0.0160,0.0109,0.0155,0.0164,0.0187,0.0005,0.0827,0.0023,0.0115,0.0149,0.9794,0.9788,0.9903,0.9782,0.9799,1.0000,0.9734,1.0000,0.9734,1.0000,61.87,199.94,80.63,61.01,72.15,11.51,5.91,278.75,72.98,94.78,0.0000,0.0000,0.0000,0.0000,0.0000,0.0000,0.4585,0.0433,0.0000,0.0000,104304,74663,53998,54750,86225,66964,95775,572442,131417,91336,0,0,0,0,0,0,0,0,0,0,0.0000,0.0000,0.0000,0.0000,0.0000,0.0000,0.4186,0.3886,0.0000,0.0000,0,0,0,0,0,0,0,1,0,0,0,0,0,0,0,0,1,1,0,0,0.1416,0.0968,0.1471,0.0718,0.1075,0.0365,0.0841,0.1387,0.0325,0.1533,0.000,0.000,0.000,0.000,0.000,0.000,0.000,0.142,0.000,0.000,semi-presidential,parliamentary,parliamentary,parliamentary,parliamentary,semi-presidential,semi-presidential,electoral-authoritarian,electoral-authoritarian,parliamentary,0.800,0.800,0.800,0.825,0.800,0.800,0.800,0.500,0.500,0.800,100.0,41.6,100.0,98.6,76.6,89.1,100.0,100.0,100.0,100.0
2029-08-01,1.1903,1.0513,1.0009,0.9883,0.9996,1.0021,0.9858,0.9938,1.0091,1.0062,1.0575,1.0219,1.2843,1.0813,1.0393,1.0055,1.0220,1.1019,0.9872,0.9952,1.0387,1.0131,1.0596,1.0222,3671.65,5252.84,4079.21,2686.75,2135.93,1209.83,194.98,2744.57,1926.27,563.00,1.1204,0.6413,1.0410,1.3520,0.9465,0.4357,1.2472,0.2643,0.2306,-0.1856,0.6479,0.7459,0.6951,0.6663,0.7151,0.7660,0.4882,0.7233,0.7305,0.7395,0.0116,0.0108,0.0200,0.0162,0.0156,0.0006,0.0591,0.0017,0.0111,0.0086,0.9803,0.9796,0.9906,0.9791,0.9809,1.0000,0.9736,1.0000,0.9744,1.0000,60.29,198.80,81.14,59.50,69.59,11.67,5.73,268.13,71.35,94.95,0.0000,0.0000,0.0000,0.0000,0.0000,0.0000,0.4586,0.0432,0.0000,0.0000,104304,74663,53998,54750,86225,66964,95775,572442,131417,91336,0,0,0,0,0,0,0,0,0,0,0.0000,0.0000,0.0000,0.0000,0.0000,0.0000,0.4278,0.3978,0.0000,0.0000,0,0,0,0,0,0,0,1,0,0,0,0,0,0,0,0,1,1,0,0,0.1405,0.1010,0.1451,0.0704,0.1059,0.0391,0.0844,0.1317,0.0313,0.1531,0.000,0.000,0.000,0.000,0.000,0.000,0.000,0.143,0.000,0.000,semi-presidential,parliamentary,parliamentary,parliamentary,parliamentary,semi-presidential,semi-presidential,electoral-authoritarian,electoral-authoritarian,parliamentary,0.800,0.800,0.800,0.815,0.800,0.800,0.800,0.500,0.500,0.800,100.0,44.7,100.0,100.0,79.8,92.4,100.0,100.0,100.0,100.0
2029-09-01,1.1851,1.0430,0.9984,0.9879,0.9976,1.0038,0.9849,0.9933,1.0111,1.0036,1.0539,1.0190,1.2788,1.0719,1.0366,1.0048,1.0204,1.0546,0.9974,1.0113,1.0703,1.0109,1.0564,1.0194,3673.83,5270.82,4093.98,2697.11,2146.67,1221.82,194.62,2753.58,1939.39,567.02,1.1197,0.6391,1.0369,1.3468,0.9418,0.4280,1.2495,0.2653,0.2301,-0.2077,0.6479,0.7527,0.6953,0.6693,0.7157,0.7940,0.5004,0.7168,0.7276,0.7552,0.0119,0.0098,0.0210,0.0157,0.0166,0.0000,0.0621,0.0030,0.0120,0.0108,0.9803,0.9796,0.9906,0.9791,0.9809,1.0000,0.9727,1.0000,0.9744,1.0000,60.52,198.84,80.67,59.05,69.80,11.73,5.77,269.33,71.94,94.86,0.0000,0.0000,0.0000,0.0000,0.0000,0.0000,0.4586,0.0432,0.0000,0.0000,104304,74663,53998,54750,86225,66964,95775,572442,131417,91336,0,0,0,0,0,0,0,0,0,0,0.0000,0.0000,0.0000,0.0000,0.0000,0.0000,0.4393,0.4093,0.0000,0.0000,0,0,0,0,0,0,0,1,0,0,0,0,0,0,0,0,1,1,0,0,0.1227,0.0897,0.1246,0.0595,0.0909,0.0341,0.0784,0.1274,0.0261,0.1532,0.000,0.000,0.000,0.000,0.000,0.000,0.000,0.145,0.000,0.000,semi-presidential,parliamentary,parliamentary,parliamentary,parliamentary,semi-presidential,semi-presidential,electoral-authoritarian,electoral-authoritarian,parliamentary,0.800,0.800,0.800,0.805,0.800,0.800,0.800,0.500,0.500,0.800,100.0,47.9,100.0,100.0,83.0,97.4,100.0,100.0,100.0,100.0
2029-10-01,1.1750,1.0354,0.9951,0.9855,0.9952,1.0023,0.9843,0.9932,1.0099,1.0033,1.0507,1.0156,1.2627,1.0641,1.0332,0.9859,1.0172,1.0531,1.0218,1.0186,1.0237,1.0140,1.0535,1.0159,3680.35,5283.80,4105.67,2696.61,2153.03,1229.75,194.19,2767.38,1952.57,566.52,1.1177,0.6376,1.0337,1.3470,0.9390,0.4229,1.2523,0.2655,0.2296,-0.2153,0.6494,0.7499,0.6719,0.6925,0.6997,0.7941,0.5127,0.7071,0.7416,0.7491,0.0127,0.0095,0.0115,0.0149,0.0157,0.0000,0.0578,0.0015,0.0101,0.0111,0.9807,0.9800,0.9908,0.9796,0.9814,1.0000,0.9725,1.0000,0.9750,1.0000,58.41,196.70,79.15,57.67,67.87,11.70,5.78,259.51,71.05,94.41,0.0000,0.0000,0.0000,0.0000,0.0000,0.0000,0.4588,0.0428,0.0000,0.0000,104304,74663,53998,54750,86225,66964,95775,572442,131417,91336,0,0,0,0,0,0,0,0,0,0,0.0000,0.0000,0.0000,0.0000,0.0000,0.0000,0.4485,0.4185,0.0000,0.0000,0,0,0,0,0,0,0,1,0,0,0,0,0,0,0,0,1,1,0,0,0.1360,0.0971,0.1410,0.0665,0.1019,0.0354,0.0813,0.1247,0.0280,0.1506,0.000,0.000,0.000,0.000,0.000,0.000,0.000,0.148,0.000,0.000,semi-presidential,parliamentary,parliamentary,parliamentary,parliamentary,semi-presidential,semi-presidential,electoral-authoritarian,electoral-authoritarian,parliamentary,0.800,0.800,0.800,0.800,0.800,0.800,0.800,0.500,0.500,0.800,100.0,51.1,100.0,100.0,86.2,100.0,100.0,100.0,100.0,100.0
2029-11-01,1.1620,1.0280,0.9944,0.9818,0.9932,0.9995,0.9834,0.9947,1.0067,1.0039,1.0465,1.0139,1.2441,1.0569,1.0320,0.9826,1.0154,1.0496,0.9849,1.0499,1.0197,1.0142,1.0488,1.0140,3675.14,5328.11,4124.22,2707.58,2166.65,1236.00,194.04,2777.41,1968.32,567.04,1.1163,0.6323,1.0289,1.3415,0.9331,0.4185,1.2533,0.2662,0.2290,-0.2309,0.6467,0.7505,0.6691,0.6860,0.7144,0.7895,0.5133,0.6884,0.7387,0.7514,0.0129,0.0094,0.0119,0.0148,0.0159,0.0000,0.0566,0.0015,0.0100,0.0116,0.9805,0.9798,0.9907,0.9794,0.9811,1.0000,0.9716,1.0000,0.9747,1.0000,57.21,196.81,79.73,57.33,67.28,11.75,5.68,256.15,70.28,93.58,0.0000,0.0000,0.0000,0.0000,0.0000,0.0000,0.4585,0.0425,0.0000,0.0000,104304,74663,53998,54750,86225,66964,95775,572442,131417,91336,0,0,0,0,0,0,0,0,0,0,0.0000,0.0000,0.0000,0.0000,0.0000,0.0000,0.4577,0.4277,0.0000,0.0000,0,0,0,0,0,0,0,1,0,0,0,0,0,0,0,0,1,1,0,0,0.1235,0.0898,0.1272,0.0597,0.0917,0.0324,0.0794,0.1242,0.0247,0.1489,0.000,0.000,0.000,0.000,0.000,0.000,0.000,0.145,0.000,0.000,semi-presidential,parliamentary,parliamentary,parliamentary,parliamentary,semi-presidential,semi-presidential,electoral-authoritarian,electoral-authoritarian,parliamentary,0.800,0.800,0.800,0.800,0.800,0.800,0.800,0.500,0.500,0.800,100.0,54.2,100.0,100.0,80.4,100.0,100.0,100.0,100.0,100.0
2029-12-01,1.1451,1.0225,0.9957,0.9800,0.9956,0.9988,0.9840,0.9969,1.0036,1.0017,1.0441,1.0117,1.2247,1.0502,1.0889,0.9976,1.0360,1.0493,1.0405,1.0691,1.0164,1.0119,1.0464,1.0119,3676.25,5330.87,4130.41,2711.70,2173.98,1241.47,194.04,2790.70,1984.12,569.47,1.1160,0.6320,1.0273,1.3396,0.9300,0.4143,1.2535,0.2670,0.2284,-0.2456,0.6382,0.7487,0.6647,0.6780,0.7027,0.7802,0.5106,0.6646,0.7356,0.7467,0.0190,0.0111,0.0307,0.0219,0.0254,0.0000,0.0564,0.0020,0.0122,0.0213,0.9807,0.9799,0.9907,0.9795,0.9814,1.0000,0.9732,1.0000,0.9749,1.0000,55.83,195.33,81.08,55.98,65.22,11.87,5.53,246.80,68.56,92.99,0.0000,0.0000,0.0000,0.0000,0.0000,0.0000,0.4588,0.0429,0.0000,0.0000,104304,74663,53998,54750,86225,66964,95775,572442,131417,91336,0,0,0,0,0,0,0,0,0,0,0.0000,0.0000,0.0000,0.0000,0.0000,0.0000,0.4692,0.4392,0.0000,0.0000,0,0,0,0,0,0,0,1,0,0,0,0,0,0,0,0,1,1,0,0,0.1363,0.0959,0.1404,0.0709,0.1010,0.0337,0.0836,0.1219,0.0263,0.1478,0.000,0.000,0.000,0.000,0.000,0.000,0.000,0.146,0.000,0.000,semi-presidential,parliamentary,parliamentary,parliamentary,parliamentary,semi-presidential,semi-presidential,electoral-authoritarian,electoral-authoritarian,parliamentary,0.800,0.800,0.800,0.800,0.800,0.800,0.800,0.500,0.500,0.800,100.0,57.4,100.0,100.0,83.6,100.0,100.0,100.0,100.0,100.0
2030-01-01,1.1273,1.0167,0.9976,0.9797,0.9957,0.9965,0.9862,0.9992,1.0025,1.0021,1.0433,1.0095,1.2075,1.0452,1.1025,1.0111,1.0176,1.0460,1.0533,1.0785,1.0146,1.0282,1.0457,1.0101,3677.27,5348.44,4141.09,2717.82,2178.90,1246.79,194.01,2799.23,1992.81,570.32,1.1158,0.6299,1.0249,1.3367,0.9279,0.4102,1.2537,0.2679,0.2286,-0.2607,0.6363,0.7483,0.6443,0.6727,0.6991,0.7753,0.5016,0.6493,0.7298,0.7320,0.0204,0.0128,0.0307,0.0250,0.0223,0.0000,0.0580,0.0022,0.0129,0.0168,0.9803,0.9796,0.9905,0.9792,0.9809,1.0000,0.9722,1.0000,0.9745,1.0000,55.70,194.46,80.37,55.55,65.11,12.12,5.34,247.99,68.57,91.93,0.0000,0.0000,0.0000,0.0000,0.0000,0.0000,0.4577,0.0420,0.0000,0.0000,104304,74663,53998,54750,86225,66964,95775,572442,131417,91336,0,0,0,0,0,0,0,0,0,0,0.0000,0.0000,0.0000,0.0000,0.0000,0.0000,0.4784,0.4484,0.0000,0.0000,0,0,0,0,0,0,0,1,0,0,0,0,0,0,0,0,1,1,0,0,0.1308,0.0917,0.1331,0.0662,0.0962,0.0320,0.0779,0.1208,0.0242,0.1490,0.000,0.000,0.000,0.000,0.000,0.000,0.000,0.147,0.000,0.000,semi-presidential,parliamentary,parliamentary,parliamentary,parliamentary,semi-presidential,semi-presidential,electoral-authoritarian,electoral-authoritarian,parliamentary,0.800,0.800,0.800,0.800,0.800,0.800,0.800,0.500,0.500,0.800,100.0,60.6,100.0,100.0,86.7,100.0,100.0,100.0,100.0,100.0
2030-02-01,1.1094,1.0121,0.9975,0.9823,0.9939,0.9974,0.9883,0.9992,1.0009,1.0019,1.0418,1.0078,1.1837,1.0404,1.0359,1.0210,1.0162,1.0564,1.0810,1.0005,1.0129,1.0111,1.0437,1.0081,3667.54,5375.02,4146.17,2739.70,2182.99,1249.31,193.96,2808.05,2000.47,572.50,1.1188,0.6268,1.0238,1.3263,0.9262,0.4071,1.2541,0.2694,0.2289,-0.2751,0.6294,0.7510,0.6465,0.6698,0.7005,0.7799,0.5021,0.6644,0.7173,0.7333,0.0130,0.0113,0.0226,0.0250,0.0159,0.0001,0.0517,0.0015,0.0100,0.0119,0.9797,0.9791,0.9903,0.9786,0.9803,1.0000,0.9714,1.0000,0.9738,1.0000,54.05,192.75,78.91,55.01,63.03,12.10,5.31,241.59,67.60,90.78,0.0000,0.0000,0.0000,0.0000,0.0000,0.0000,0.4587,0.0430,0.0000,0.0000,104304,74663,53998,54750,86225,66964,95775,572442,131417,91336,0,0,0,0,0,0,0,0,0,0,0.0000,0.0000,0.0000,0.0000,0.0000,0.0000,0.4899,0.4599,0.0000,0.0000,0,0,0,0,0,0,0,1,0,0,0,0,0,0,0,0,1,1,0,0,0.1450,0.0984,0.1492,0.0727,0.1072,0.0332,0.0795,0.1188,0.0260,0.1468,0.000,0.000,0.000,0.000,0.000,0.000,0.000,0.148,0.000,0.000,semi-presidential,parliamentary,parliamentary,parliamentary,parliamentary,semi-presidential,semi-presidential,electoral-authoritarian,electoral-authoritarian,parliamentary,0.800,0.800,0.800,0.800,0.800,0.800,0.800,0.500,0.500,0.800,100.0,63.7,100.0,100.0,89.8,100.0,100.0,100.0,100.0,100.0
2030-03-01,1.0925,1.0107,0.9960,0.9853,0.9932,0.9995,0.9911,0.9995,1.0010,1.0005,1.0385,1.0076,1.1674,1.0402,1.0344,1.0251,1.0204,1.0806,1.0848,1.0066,1.0380,1.0084,1.0405,1.0076,3673.50,5378.20,4146.17,2739.70,2194.96,1257.08,194.32,2813.53,2018.33,573.68,1.1171,0.6265,1.0238,1.3263,0.9211,0.4023,1.2520,0.2708,0.2281,-0.2898,0.6393,0.7500,0.6465,0.6698,0.7066,0.7733,0.5072,0.6622,0.7316,0.7281,0.0140,0.0120,0.0242,0.0277,0.0185,0.0004,0.0538,0.0025,0.0113,0.0141,0.9788,0.9783,0.9898,0.9776,0.9793,1.0000,0.9703,1.0000,0.9727,1.0000,54.27,193.10,78.93,55.66,63.72,12.05,5.27,245.22,68.50,90.16,0.0000,0.0000,0.0000,0.0000,0.0000,0.0000,0.4586,0.0432,0.0000,0.0000,104304,74663,53998,54750,86225,66964,95775,572442,131417,91336,0,0,0,0,0,0,0,0,0,0,0.0000,0.0000,0.0000,0.0000,0.0000,0.0000,0.4991,0.4691,0.0000,0.0000,0,0,0,0,0,0,0,1,0,0,0,0,0,0,0,0,1,1,0,0,0.1441,0.0956,0.1435,0.0702,0.1032,0.0324,0.0818,0.1192,0.0287,0.1455,0.000,0.000,0.000,0.000,0.000,0.000,0.000,0.147,0.000,0.000,semi-presidential,parliamentary,parliamentary,parliamentary,parliamentary,semi-presidential,semi-presidential,electoral-authoritarian,electoral-authoritarian,parliamentary,0.800,0.800,0.800,0.800,0.800,0.800,0.800,0.500,0.500,0.800,100.0,66.9,100.0,100.0,93.0,100.0,100.0,100.0,100.0,100.0
2030-04-01,1.0756,1.0096,0.9961,0.9897,0.9929,1.0002,0.9942,1.0005,1.0015,0.9966,1.0337,1.0070,1.1497,1.0389,1.0659,1.0303,1.0180,1.0502,1.0539,1.0605,1.0133,1.0043,1.0364,1.0070,3687.42,5401.66,4165.88,2743.09,2201.90,1261.98,194.06,2823.77,2026.08,574.04,1.1129,0.6237,1.0192,1.3247,0.9183,0.3984,1.2537,0.2715,0.2284,-0.3027,0.6475,0.7476,0.6607,0.6698,0.7019,0.7731,0.5125,0.6558,0.7312,0.7247,0.0170,0.0125,0.0267,0.0287,0.0201,0.0000,0.0529,0.0018,0.0113,0.0154,0.9790,0.9784,0.9899,0.9778,0.9795,1.0000,0.9711,1.0000,0.9730,1.0000,53.31,192.68,78.83,54.63,62.70,12.10,5.19,240.27,67.40,88.82,0.0000,0.0000,0.0000,0.0000,0.0000,0.0000,0.4586,0.0432,0.0000,0.0000,104304,74663,53998,54750,86225,66964,95775,572442,131417,91336,0,0,0,0,0,0,0,0,0,0,0.0000,0.0000,0.0000,0.0000,0.0000,0.0000,0.5083,0.4783,0.0000,0.0000,0,0,0,0,0,0,0,1,0,0,0,0,0,0,0,0,1,1,0,0,0.1489,0.0979,0.1481,0.0725,0.1067,0.0328,0.0860,0.1184,0.0293,0.1430,0.000,0.000,0.000,0.000,0.000,0.000,0.000,0.147,0.000,0.000,semi-presidential,parliamentary,parliamentary,parliamentary,parliamentary,semi-presidential,semi-presidential,electoral-authoritarian,electoral-authoritarian,parliamentary,0.800,0.800,0.800,0.800,0.800,0.800,0.800,0.500,0.500,0.800,100.0,70.0,100.0,100.0,96.2,100.0,100.0,100.0,100.0,100.0
2030-05-01,1.0574,1.0073,0.9989,0.9915,0.9919,0.9994,0.9945,1.0013,1.0003,0.9942,1.0262,1.0073,1.1312,1.0363,1.2142,1.0293,1.0139,1.0494,0.9958,1.0917,1.0122,1.0032,1.0281,1.0074,3704.85,5413.87,4181.93,2742.73,2208.67,1271.42,194.64,2830.00,2038.65,573.63,1.1077,0.6224,1.0153,1.3250,0.9155,0.3932,1.2500,0.2720,0.2282,-0.3151,0.6554,0.7507,0.6604,0.6736,0.7085,0.7742,0.5183,0.6437,0.7304,0.7173,0.0264,0.0166,0.0356,0.0319,0.0287,0.0000,0.0527,0.0017,0.0206,0.0168,0.9796,0.9789,0.9902,0.9785,0.9803,1.0000,0.9717,1.0000,0.9737,1.0000,52.94,192.21,79.48,52.74,62.40,12.12,5.28,236.76,66.68,87.98,0.0000,0.0000,0.0000,0.0000,0.0000,0.0000,0.4587,0.0430,0.0000,0.0000,104304,74663,53998,54750,86225,66964,95775,572442,131417,91336,0,0,0,0,0,0,0,0,0,0,0.0000,0.0000,0.0000,0.0000,0.0000,0.0000,0.5175,0.4875,0.0000,0.0000,0,0,0,0,0,0,0,1,0,0,0,0,0,0,0,0,1,1,0,0,0.1492,0.0984,0.1483,0.0728,0.1070,0.0331,0.0834,0.1171,0.0292,0.1414,0.000,0.000,0.000,0.000,0.000,0.000,0.000,0.146,0.000,0.000,semi-presidential,parliamentary,parliamentary,parliamentary,parliamentary,semi-presidential,semi-presidential,electoral-authoritarian,electoral-authoritarian,parliamentary,0.800,0.800,0.800,0.800,0.800,0.800,0.800,0.500,0.500,0.800,100.0,73.2,100.0,100.0,99.3,100.0,100.0,100.0,100.0,100.0
2030-06-01,1.0425,1.0029,1.0020,0.9926,0.9879,0.9968,0.9938,1.0030,1.0001,0.9931,1.0193,1.0066,1.1164,1.0305,1.0706,1.0090,1.0108,1.0470,0.9952,1.0426,1.0122,1.0024,1.0218,1.0068,3720.72,5432.47,4186.19,2761.37,2219.54,1277.80,195.25,2841.89,2047.03,575.28,1.1030,0.6200,1.0144,1.3162,0.9108,0.3890,1.2462,0.2723,0.2285,-0.3436,0.6575,0.7495,0.6565,0.6843,0.7069,0.7718,0.5190,0.6281,0.7221,0.7136,0.0142,0.0104,0.0228,0.0169,0.0173,0.0000,0.0526,0.0013,0.0111,0.0109,0.9803,0.9795,0.9905,0.9792,0.9810,1.0000,0.9720,1.0000,0.9746,1.0000,54.08,195.72,82.62,54.37,64.52,12.71,5.42,243.65,67.75,87.29,0.0000,0.0000,0.0000,0.0000,0.0000,0.0000,0.4587,0.0430,0.0000,0.0000,104304,74663,53998,54750,86225,66964,95775,572442,131417,91336,0,0,0,0,0,0,0,0,0,0,0.0000,0.0000,0.0000,0.0000,0.0000,0.0000,0.5290,0.4990,0.0000,0.0000,0,0,0,0,0,0,0,1,0,0,0,0,0,0,0,0,1,1,0,0,0.1370,0.0929,0.1368,0.0673,0.1038,0.0309,0.0742,0.1148,0.0267,0.1367,0.000,0.000,0.000,0.000,0.000,0.000,0.000,0.146,0.000,0.000,semi-presidential,parliamentary,parliamentary,parliamentary,parliamentary,semi-presidential,semi-presidential,electoral-authoritarian,electoral-authoritarian,parliamentary,0.800,0.800,0.800,0.800,0.800,0.800,0.800,0.500,0.500,0.800,100.0,76.4,100.0,100.0,100.0,100.0,100.0,100.0,100.0,100.0
2030-07-01,1.0320,0.9995,1.0018,0.9912,0.9809,0.9930,0.9928,1.0052,1.0020,0.9916,1.0140,1.0051,1.1064,1.0280,1.0484,1.0078,1.0027,1.0425,0.9941,1.0781,1.0404,1.0002,1.0165,1.0052,3722.97,5444.46,4195.21,2770.76,2224.63,1287.22,195.08,2846.02,2055.34,576.22,1.1024,0.6186,1.0123,1.3118,0.9086,0.3839,1.2473,0.2731,0.2288,-0.3576,0.6580,0.7504,0.6571,0.6881,0.7003,0.7623,0.5111,0.6082,0.7261,0.7018,0.0145,0.0098,0.0239,0.0158,0.0179,0.0000,0.0566,0.0026,0.0113,0.0135,0.9795,0.9789,0.9901,0.9784,0.9801,1.0000,0.9707,1.0000,0.9736,1.0000,54.44,197.95,84.70,56.03,65.68,12.90,5.42,247.24,68.83,87.13,0.0000,0.0000,0.0000,0.0000,0.0000,0.0000,0.4586,0.0431,0.0000,0.0000,104304,74663,53998,54750,86225,66964,95775,572442,131417,91336,0,0,0,0,0,0,0,0,0,0,0.0000,0.0000,0.0000,0.0000,0.0000,0.0000,0.5382,0.5082,0.0000,0.0000,0,0,0,0,0,0,0,1,0,0,0,0,0,0,0,0,1,1,0,0,0.1344,0.0915,0.1340,0.0662,0.1016,0.0298,0.0711,0.1144,0.0255,0.1358,0.000,0.000,0.000,0.000,0.000,0.000,0.000,0.147,0.000,0.000,semi-presidential,parliamentary,parliamentary,parliamentary,parliamentary,semi-presidential,semi-presidential,electoral-authoritarian,electoral-authoritarian,parliamentary,0.800,0.800,0.800,0.800,0.800,0.800,0.800,0.500,0.500,0.800,100.0,79.5,100.0,100.0,100.0,100.0,100.0,100.0,100.0,100.0
2030-08-01,1.0198,0.9963,1.0013,0.9904,0.9757,0.9859,0.9916,1.0074,1.0044,0.9895,1.0114,1.0051,1.0198,0.9969,1.0016,1.0093,0.9763,0.9873,0.9917,1.0864,1.0522,0.9895,1.0114,1.0054,3731.38,5470.36,4209.57,2786.44,2240.37,1291.55,195.43,2847.46,2065.52,577.14,1.0999,0.6157,1.0090,1.3045,0.9023,0.3805,1.2452,0.2733,0.2289,-0.3675,0.6601,0.7540,0.6697,0.6991,0.7128,0.7636,0.5200,0.6153,0.7447,0.6986,0.0038,0.0000,0.0148,0.0024,0.0039,0.0000,0.0062,0.0024,0.0018,0.0068,1.0000,1.0000,1.0000,1.0000,1.0000,1.0000,1.0000,1.0000,1.0000,1.0000,55.51,204.02,86.11,56.71,66.07,13.18,10.14,251.17,69.82,87.83,0.0000,0.0000,0.0000,0.0000,0.0000,0.0000,0.0000,0.0000,0.0000,0.0000,104304,74663,53998,54750,86225,66964,95775,572442,131417,91336,0,0,0,0,0,0,0,0,0,0,0.0000,0.0000,0.0000,0.0000,0.0000,0.0000,0.5359,0.5036,0.0000,0.0000,0,0,0,0,0,0,0,1,0,0,0,0,0,0,0,0,0,0,0,0,0.1474,0.0984,0.1470,0.0724,0.1115,0.0322,0.0863,0.1176,0.0281,0.1380,0.000,0.000,0.000,0.000,0.000,0.000,0.000,0.147,0.000,0.000,semi-presidential,parliamentary,parliamentary,parliamentary,parliamentary,semi-presidential,semi-presidential,electoral-authoritarian,electoral-authoritarian,parliamentary,0.800,0.800,0.800,0.800,0.800,0.800,0.800,0.500,0.500,0.800,100.0,82.7,100.0,100.0,100.0,100.0,100.0,100.0,100.0,95.0
2030-09-01,1.0062,0.9945,1.0031,0.9882,0.9705,0.9782,0.9912,1.0084,1.0060,0.9891,1.0113,1.0051,1.0073,0.9947,1.0035,1.0041,0.9707,0.9785,1.0320,1.0084,1.0254,0.9892,1.0112,1.0053,3743.34,5487.70,4206.38,2799.85,2244.37,1302.00,197.40,2856.94,2084.59,577.67,1.0964,0.6138,1.0098,1.2983,0.9007,0.3752,1.2336,0.2738,0.2280,-0.3710,0.6647,0.7567,0.6829,0.7026,0.7112,0.7617,0.5818,0.6176,0.7236,0.7121,0.0012,0.0000,0.0112,0.0002,0.0014,0.0000,0.0022,0.0010,0.0008,0.0024,1.0000,1.0000,1.0000,1.0000,1.0000,1.0000,1.0000,1.0000,1.0000,1.0000,56.04,205.21,87.85,58.59,67.45,13.37,9.76,255.72,71.21,87.44,0.0000,0.0000,0.0000,0.0000,0.0000,0.0000,0.0000,0.0000,0.0000,0.0000,104304,74663,53998,54750,86225,66964,95775,572442,131417,91336,0,0,0,0,0,0,0,0,0,0,0.0000,0.0000,0.0000,0.0000,0.0000,0.0000,0.5162,0.4839,0.0000,0.0000,0,0,0,0,0,0,0,1,0,0,0,0,0,0,0,0,0,0,0,0,0.1465,0.0986,0.1537,0.0727,0.1111,0.0318,0.0819,0.1180,0.0278,0.1351,0.000,0.000,0.000,0.000,0.000,0.000,0.000,0.147,0.000,0.000,semi-presidential,parliamentary,parliamentary,parliamentary,parliamentary,semi-presidential,semi-presidential,electoral-authoritarian,electoral-authoritarian,parliamentary,0.800,0.800,0.800,0.800,0.800,0.800,0.800,0.500,0.500,0.800,100.0,85.9,100.0,100.0,100.0,100.0,100.0,100.0,100.0,95.7
2030-10-01,0.9976,0.9942,1.0030,0.9881,0.9650,0.9724,0.9928,1.0089,1.0063,0.9885,1.0093,1.0055,0.9989,0.9944,1.0244,1.0050,0.9653,0.9727,1.0702,1.0810,1.0063,0.9888,1.0104,1.0056,3748.78,5497.50,4214.23,2815.12,2255.76,1308.27,198.73,2864.49,2095.69,579.04,1.0948,0.6127,1.0080,1.2912,0.8961,0.3712,1.2270,0.2745,0.2330,-0.3844,0.6723,0.7550,0.6991,0.7144,0.7271,0.7539,0.6297,0.6102,0.7292,0.7079,0.0073,0.0007,0.0181,0.0021,0.0055,0.0000,0.0060,0.0009,0.0010,0.0085,1.0000,1.0000,1.0000,1.0000,1.0000,1.0000,1.0000,1.0000,1.0000,1.0000,56.71,206.43,88.98,59.91,69.14,13.42,9.66,260.89,72.27,87.36,0.0000,0.0000,0.0000,0.0000,0.0000,0.0000,0.0000,0.0000,0.0000,0.0000,104304,74663,53998,54750,86225,66964,95775,572442,131417,91336,0,0,0,0,0,0,0,0,0,0,0.0000,0.0000,0.0000,0.0000,0.0000,0.0000,0.4965,0.4642,0.0000,0.0000,0,0,0,0,0,0,0,1,0,0,0,0,0,0,0,0,0,0,0,0,0.1477,0.0988,0.1537,0.0731,0.1117,0.0325,0.0857,0.1211,0.0283,0.1356,0.000,0.000,0.000,0.000,0.000,0.000,0.000,0.146,0.000,0.000,semi-presidential,parliamentary,parliamentary,parliamentary,parliamentary,semi-presidential,semi-presidential,electoral-authoritarian,electoral-authoritarian,parliamentary,0.800,0.800,0.800,0.800,0.800,0.800,0.800,0.500,0.500,0.800,100.0,89.0,100.0,100.0,100.0,100.0,100.0,100.0,100.0,98.5
2030-11-01,0.9908,0.9928,1.0040,0.9875,0.9616,0.9692,0.9937,1.0107,1.0068,0.9871,1.0059,1.0073,0.9910,0.9929,1.0230,1.0082,0.9625,0.9698,1.0156,1.0339,1.0594,0.9872,1.0060,1.0078,3767.13,5533.33,4226.42,2813.98,2268.00,1314.58,199.41,2873.83,2102.27,579.80,1.0896,0.6087,1.0052,1.2917,0.8914,0.3673,1.2246,0.2751,0.2330,-0.3982,0.6753,0.7703,0.7031,0.7096,0.7334,0.7577,0.6615,0.6374,0.7241,0.6960,0.0031,0.0009,0.0137,0.0044,0.0040,0.0000,0.0041,0.0023,0.0026,0.0045,1.0000,1.0000,1.0000,1.0000,1.0000,1.0000,1.0000,1.0000,1.0000,1.0000,57.39,208.16,89.57,59.84,70.08,13.59,9.64,264.77,72.74,87.02,0.0000,0.0000,0.0000,0.0000,0.0000,0.0000,0.0000,0.0000,0.0000,0.0000,104304,74663,53998,54750,86225,66964,95775,572442,131417,91336,0,0,0,0,0,0,0,0,0,0,0.0000,0.0000,0.0000,0.0000,0.0000,0.0000,0.4786,0.4444,0.0000,0.0000,0,0,0,0,0,0,0,1,0,0,0,0,0,0,0,0,0,0,0,0,0.1558,0.1002,0.1555,0.0744,0.1132,0.0337,0.0856,0.1234,0.0296,0.1356,0.000,0.000,0.000,0.000,0.000,0.000,0.000,0.145,0.000,0.000,semi-presidential,parliamentary,parliamentary,parliamentary,parliamentary,semi-presidential,semi-presidential,electoral-authoritarian,electoral-authoritarian,parliamentary,0.800,0.800,0.800,0.800,0.800,0.800,0.800,0.500,0.500,0.800,100.0,92.3,100.0,100.0,100.0,100.0,100.0,100.0,100.0,100.0
2030-12-01,0.9874,0.9909,1.0051,0.9865,0.9575,0.9694,0.9944,1.0100,1.0089,0.9847,1.0023,1.0097,0.9878,0.9911,1.0054,1.0026,0.9577,1.0026,1.0017,1.0104,1.0564,0.9853,1.0030,1.0098,3788.73,5563.65,4243.30,2831.88,2280.56,1321.90,199.88,2886.98,2108.22,578.58,1.0835,0.6075,1.0013,1.2837,0.8866,0.3631,1.2242,0.2753,0.2335,-0.4132,0.6802,0.7558,0.7098,0.7180,0.7419,0.7590,0.6624,0.6428,0.7333,0.6970,0.0008,0.0007,0.0111,0.0011,0.0019,0.0005,0.0023,0.0019,0.0019,0.0018,1.0000,1.0000,1.0000,1.0000,1.0000,1.0000,1.0000,1.0000,1.0000,1.0000,58.08,209.53,90.84,61.41,71.37,13.59,9.64,268.83,73.53,86.74,0.0000,0.0000,0.0000,0.0000,0.0000,0.0000,0.0000,0.0000,0.0000,0.0000,104304,74663,53998,54750,86225,66964,95775,572442,131417,91336,0,0,0,0,0,0,0,0,0,0,0.0000,0.0000,0.0000,0.0000,0.0000,0.0000,0.4589,0.4247,0.0000,0.0000,0,0,0,0,0,0,0,1,0,0,0,0,0,0,0,0,0,0,0,0,0.1560,0.1017,0.1573,0.0767,0.1143,0.0350,0.0873,0.1245,0.0306,0.1321,0.000,0.000,0.000,0.000,0.000,0.000,0.000,0.144,0.000,0.000,semi-presidential,parliamentary,parliamentary,parliamentary,parliamentary,semi-presidential,semi-presidential,electoral-authoritarian,electoral-authoritarian,parliamentary,0.800,0.800,0.800,0.800,0.800,0.800,0.800,0.500,0.500,0.800,100.0,97.0,100.0,100.0,100.0,100.0,100.0,100.0,100.0,100.0
2031-01-01,0.9844,0.9880,1.0036,0.9856,0.9549,0.9696,0.9951,1.0087,1.0097,0.9834,0.9992,1.0090,0.9851,0.9885,1.0044,1.0024,0.9552,0.9803,1.0195,1.0087,1.0176,0.9834,0.9993,1.0092,3818.03,5572.66,4265.45,2842.75,2292.61,1329.38,200.30,2905.27,2122.84,578.56,1.0752,0.6065,0.9959,1.2789,0.8820,0.3589,1.2245,0.2766,0.2331,-0.4274,0.6860,0.7689,0.7125,0.7168,0.7466,0.7630,0.6717,0.6421,0.7252,0.6961,0.0009,0.0002,0.0108,0.0008,0.0009,0.0001,0.0011,0.0004,0.0004,0.0012,1.0000,1.0000,1.0000,1.0000,1.0000,1.0000,1.0000,1.0000,1.0000,1.0000,58.51,209.46,90.38,60.88,71.35,13.49,9.66,269.50,73.94,86.37,0.0000,0.0000,0.0000,0.0000,0.0000,0.0000,0.0000,0.0000,0.0000,0.0000,104304,74663,53998,54750,86225,66964,95775,572442,131417,91336,0,0,0,0,0,0,0,0,0,0,0.0000,0.0000,0.0000,0.0000,0.0000,0.0000,0.4392,0.3853,0.0000,0.0000,0,0,0,0,0,0,0,1,0,0,0,0,0,0,0,0,0,0,0,0,0.1506,0.0980,0.1490,0.0725,0.1092,0.0340,0.0875,0.1229,0.0297,0.1340,0.000,0.000,0.000,0.000,0.000,0.000,0.000,0.144,0.000,0.000,semi-presidential,parliamentary,parliamentary,parliamentary,parliamentary,semi-presidential,semi-presidential,electoral-authoritarian,electoral-authoritarian,parliamentary,0.800,0.800,0.800,0.800,0.800,0.800,0.800,0.500,0.500,0.800,100.0,100.0,100.0,100.0,100.0,100.0,100.0,100.0,100.0,100.0
2031-02-01,0.9832,0.9878,1.0014,0.9828,0.9555,0.9741,0.9951,1.0080,1.0083,0.9829,0.9965,1.0078,0.9833,0.9878,1.0017,0.9990,0.9742,1.1003,1.0207,1.0083,1.0086,0.9829,0.9966,1.0079,3848.24,5585.48,4266.67,2844.53,2304.08,1337.13,200.81,2909.52,2138.67,577.99,1.0669,0.6051,0.9956,1.2781,0.8778,0.3547,1.2245,0.2778,0.2326,-0.4420,0.6866,0.7633,0.7028,0.7046,0.7436,0.7651,0.6690,0.6453,0.7246,0.6973,0.0031,0.0028,0.0148,0.0060,0.0066,0.0017,0.0009,0.0001,0.0009,0.0066,1.0000,1.0000,1.0000,1.0000,1.0000,1.0000,1.0000,1.0000,1.0000,1.0000,59.39,209.42,90.59,61.80,72.54,13.33,9.75,274.70,74.96,86.09,0.0000,0.0000,0.0000,0.0000,0.0000,0.0000,0.0000,0.0000,0.0000,0.0000,104304,74663,53998,54750,86225,66964,95775,572442,131417,91336,0,0,0,0,0,0,0,0,0,0,0.0000,0.0000,0.0000,0.0000,0.0000,0.0000,0.4194,0.3656,0.0000,0.0000,0,0,0,0,0,0,0,1,0,0,0,0,0,0,0,0,0,0,0,0,0.1439,0.0951,0.1445,0.0700,0.1047,0.0325,0.0903,0.1240,0.0278,0.1318,0.000,0.000,0.000,0.000,0.000,0.000,0.000,0.145,0.000,0.000,semi-presidential,parliamentary,parliamentary,parliamentary,parliamentary,semi-presidential,semi-presidential,electoral-authoritarian,electoral-authoritarian,parliamentary,0.800,0.800,0.800,0.800,0.800,0.800,0.800,0.500,0.500,0.800,100.0,100.0,100.0,100.0,100.0,100.0,100.0,100.0,100.0,100.0
2031-03-01,0.9817,0.9858,0.9994,0.9807,0.9622,0.9785,0.9945,1.0087,1.0077,0.9828,0.9967,1.0069,0.9819,0.9859,0.9998,0.9808,0.9855,1.1345,1.0215,1.0079,1.0079,0.9829,0.9967,1.0069,3848.24,5607.26,4257.98,2863.15,2312.50,1340.99,201.50,2909.52,2151.24,579.65,1.0669,0.6028,0.9977,1.2699,0.8747,0.3515,1.2239,0.2778,0.2325,-0.4548,0.6866,0.7700,0.6929,0.6865,0.7335,0.7670,0.6678,0.6453,0.6993,0.6872,0.0037,0.0034,0.0065,0.0081,0.0088,0.0021,0.0010,0.0001,0.0011,0.0097,1.0000,1.0000,1.0000,1.0000,1.0000,1.0000,1.0000,1.0000,1.0000,1.0000,58.90,209.88,90.22,61.40,71.94,13.30,9.68,272.22,74.93,86.20,0.0000,0.0000,0.0000,0.0000,0.0000,0.0000,0.0000,0.0000,0.0000,0.0000,104304,74663,53998,54750,86225,66964,95775,572442,131417,91336,0,0,0,0,0,0,0,0,0,0,0.0000,0.0000,0.0000,0.0000,0.0000,0.0000,0.3997,0.3656,0.0000,0.0000,0,0,0,0,0,0,0,1,0,0,0,0,0,0,0,0,0,0,0,0,0.1513,0.0984,0.1524,0.0773,0.1144,0.0331,0.0915,0.1240,0.0287,0.1311,0.000,0.000,0.000,0.000,0.000,0.000,0.000,0.146,0.000,0.000,semi-presidential,parliamentary,parliamentary,parliamentary,parliamentary,semi-presidential,semi-presidential,electoral-authoritarian,electoral-authoritarian,parliamentary,0.800,0.800,0.800,0.800,0.800,0.800,0.800,0.500,0.500,0.800,100.0,100.0,100.0,100.0,100.0,100.0,100.0,100.0,100.0,100.0
2031-04-01,0.9803,0.9860,0.9983,0.9779,0.9952,0.9810,0.9959,1.0135,1.0064,0.9826,0.9955,1.0033,1.0045,0.9869,1.0045,0.9947,1.1075,1.0200,1.0327,1.0309,1.0065,0.9836,0.9956,1.0042,3883.97,5604.35,4257.42,2865.94,2317.93,1345.65,201.80,2923.06,2164.48,579.68,1.0621,0.6031,0.9980,1.2688,0.8727,0.3481,1.2259,0.2796,0.2323,-0.4689,0.6891,0.7511,0.6575,0.6547,0.6976,0.7625,0.6508,0.6610,0.7065,0.6411,0.0049,0.0027,0.0249,0.0241,0.0290,0.0019,0.0057,0.0003,0.0015,0.0425,0.9992,0.9991,0.9996,0.9993,0.9994,0.9992,1.0000,1.0000,0.9994,1.0000,60.01,212.72,92.52,62.75,73.72,13.56,9.75,277.78,75.81,86.51,0.0000,0.0000,0.0000,0.0000,0.0000,0.0000,0.0000,0.0000,0.0000,0.0000,104304,74663,53998,54750,86225,66964,95775,572442,131417,91336,0,0,0,0,0,0,0,0,0,0,0.0000,0.0000,0.0000,0.0000,0.0000,0.0000,0.3800,0.3262,0.0000,0.0000,0,0,0,0,0,0,0,1,0,0,0,0,0,0,0,0,0,0,0,0,0.1116,0.0792,0.1103,0.0564,0.0825,0.0272,0.0859,0.1197,0.0204,0.1313,0.000,0.000,0.000,0.000,0.000,0.000,0.000,0.147,0.000,0.000,semi-presidential,parliamentary,parliamentary,parliamentary,parliamentary,semi-presidential,semi-presidential,electoral-authoritarian,electoral-authoritarian,parliamentary,0.800,0.800,0.800,0.800,0.800,0.800,0.800,0.500,0.500,0.800,100.0,100.0,100.0,100.0,100.0,100.0,100.0,100.0,100.0,100.0
2031-05-01,0.9789,0.9851,0.9968,0.9760,1.0186,0.9832,0.9962,1.0135,1.0041,0.9846,0.9957,1.0001,0.9789,0.9855,0.9975,0.9928,1.1085,1.1303,0.9986,1.0136,1.0043,0.9933,0.9957,1.0002,3877.25,5594.78,4259.02,2860.77,2318.06,1356.44,202.47,2926.28,2176.64,580.56,1.0640,0.6042,0.9977,1.2713,0.8728,0.3432,1.2260,0.2808,0.2322,-0.4823,0.6679,0.7426,0.6448,0.6529,0.6937,0.7566,0.6459,0.6552,0.7054,0.6414,0.0028,0.0032,0.0210,0.0199,0.0218,0.0020,0.0004,0.0001,0.0009,0.0319,1.0000,1.0000,1.0000,1.0000,1.0000,1.0000,1.0000,1.0000,1.0000,1.0000,58.80,210.98,92.43,61.91,71.93,13.79,9.49,271.19,74.88,86.52,0.0000,0.0000,0.0000,0.0000,0.0000,0.0000,0.0000,0.0000,0.0000,0.0000,104304,74663,53998,54750,86225,66964,95775,572442,131417,91336,0,0,0,0,0,0,0,0,0,0,0.0000,0.0000,0.0000,0.0000,0.0000,0.0000,0.3603,0.3065,0.0000,0.0000,0,0,0,0,0,0,0,1,0,0,0,0,0,0,0,0,0,0,0,0,0.1315,0.0872,0.1303,0.0652,0.0973,0.0281,0.0890,0.1179,0.0225,0.1323,0.000,0.000,0.000,0.000,0.000,0.000,0.000,0.150,0.000,0.000,semi-presidential,parliamentary,parliamentary,parliamentary,parliamentary,semi-presidential,semi-presidential,electoral-authoritarian,electoral-authoritarian,parliamentary,0.800,0.800,0.800,0.800,0.800,0.800,0.800,0.500,0.500,0.800,100.0,100.0,100.0,100.0,100.0,100.0,100.0,100.0,100.0,100.0
2031-06-01,0.9758,0.9842,0.9939,0.9748,1.0375,0.9867,0.9948,1.0131,1.0017,0.9873,0.9976,0.9994,0.9760,0.9843,0.9945,0.9916,1.1171,1.0203,0.9952,1.0131,1.0021,0.9947,1.1055,0.9994,3896.46,5600.65,4258.53,2862.41,2324.65,1361.27,203.22,2930.97,2187.72,579.87,1.0589,0.6036,0.9979,1.2708,0.8704,0.3399,1.2258,0.2819,0.2323,-0.5069,0.6631,0.7421,0.6478,0.6507,0.6868,0.7509,0.6365,0.6582,0.7250,0.6712,0.0040,0.0007,0.0215,0.0152,0.0197,0.0004,0.0036,0.0005,0.0003,0.0318,1.0000,1.0000,1.0000,1.0000,1.0000,1.0000,1.0000,1.0000,1.0000,1.0000,58.51,210.34,92.12,61.72,71.82,13.74,9.49,270.36,74.94,86.22,0.0000,0.0000,0.0000,0.0000,0.0000,0.0000,0.0000,0.0000,0.0000,0.0000,104304,74663,53998,54750,86225,66964,95775,572442,131417,91336,0,0,0,0,0,0,0,0,0,0,0.0000,0.0000,0.0000,0.0000,0.0000,0.0000,0.3406,0.2867,0.0000,0.0000,0,0,0,0,0,0,0,1,0,0,0,0,0,0,0,0,0,0,0,0,0.1454,0.0939,0.1458,0.0723,0.1086,0.0295,0.0925,0.1191,0.0245,0.1316,0.000,0.000,0.000,0.000,0.000,0.000,0.000,0.151,0.000,0.000,semi-presidential,parliamentary,parliamentary,parliamentary,parliamentary,semi-presidential,semi-presidential,electoral-authoritarian,electoral-authoritarian,parliamentary,0.800,0.800,0.800,0.800,0.800,0.800,0.800,0.500,0.500,0.777,100.0,100.0,100.0,100.0,100.0,100.0,100.0,100.0,100.0,100.0
2031-07-01,0.9732,0.9836,0.9913,0.9743,1.0524,0.9881,0.9937,1.0129,1.0014,0.9889,0.9995,0.9999,0.9737,0.9835,0.9921,0.9947,1.1201,1.0716,0.9991,1.0129,1.0014,0.9934,1.0498,1.0002,3911.32,5615.29,4264.00,2873.82,2344.18,1369.88,204.19,2931.52,2200.58,577.95,1.0550,0.6020,0.9967,1.2659,0.8633,0.3357,1.2246,0.2834,0.2321,-0.5226,0.6713,0.7509,0.6558,0.6634,0.6912,0.7505,0.6397,0.6698,0.7284,0.6628,0.0032,0.0019,0.0193,0.0160,0.0167,0.0011,0.0020,0.0003,0.0005,0.0257,1.0000,1.0000,1.0000,1.0000,1.0000,1.0000,1.0000,1.0000,1.0000,1.0000,58.35,210.11,91.36,60.81,71.87,13.78,9.51,269.97,75.07,85.69,0.0000,0.0000,0.0000,0.0000,0.0000,0.0000,0.0000,0.0000,0.0000,0.0000,104304,74663,53998,54750,86225,66964,95775,572442,131417,91336,0,0,0,0,0,0,0,0,0,0,0.0000,0.0000,0.0000,0.0000,0.0000,0.0000,0.3209,0.2670,0.0000,0.0000,0,0,0,0,0,0,0,1,0,0,0,0,0,0,0,0,0,0,0,0,0.1496,0.0954,0.1493,0.0735,0.1116,0.0303,0.0942,0.1198,0.0258,0.1331,0.000,0.000,0.000,0.000,0.000,0.000,0.000,0.150,0.000,0.000,semi-presidential,parliamentary,parliamentary,parliamentary,parliamentary,semi-presidential,semi-presidential,electoral-authoritarian,electoral-authoritarian,parliamentary,0.800,0.800,0.800,0.800,0.800,0.800,0.800,0.500,0.500,0.787,100.0,100.0,100.0,100.0,100.0,100.0,100.0,100.0,100.0,100.0
2031-08-01,0.9722,0.9823,0.9909,0.9759,1.0643,0.9887,0.9939,1.0111,1.0025,0.9883,1.0015,0.9994,0.9740,0.9824,1.0100,1.0089,1.1168,0.9888,1.0061,1.0115,1.0383,0.9885,1.0682,0.9994,3919.58,5635.99,4279.52,2878.86,2354.04,1376.38,204.90,2939.45,2215.37,577.94,1.0529,0.5996,0.9932,1.2639,0.8598,0.3320,1.2252,0.2843,0.2318,-0.5367,0.6762,0.7482,0.6685,0.6586,0.7080,0.7489,0.6439,0.6739,0.7146,0.6602,0.0039,0.0020,0.0192,0.0192,0.0155,0.0001,0.0043,0.0017,0.0021,0.0226,1.0000,1.0000,1.0000,1.0000,1.0000,1.0000,1.0000,1.0000,1.0000,1.0000,59.62,209.83,89.09,59.95,72.48,13.74,9.70,276.49,76.15,85.11,0.0000,0.0000,0.0000,0.0000,0.0000,0.0000,0.0000,0.0000,0.0000,0.0000,104304,74663,53998,54750,86225,66964,95775,572442,131417,91336,0,0,0,0,0,0,0,0,0,0,0.0000,0.0000,0.0000,0.0000,0.0000,0.0000,0.3012,0.2473,0.0000,0.0000,0,0,0,0,0,0,0,1,0,0,0,0,0,0,0,0,0,0,0,0,0.1464,0.0932,0.1458,0.0706,0.1091,0.0297,0.0943,0.1227,0.0252,0.1336,0.000,0.000,0.000,0.000,0.000,0.000,0.000,0.151,0.000,0.000,semi-presidential,parliamentary,parliamentary,parliamentary,parliamentary,semi-presidential,semi-presidential,electoral-authoritarian,electoral-authoritarian,parliamentary,0.800,0.800,0.800,0.800,0.800,0.800,0.800,0.500,0.500,0.797,100.0,100.0,100.0,100.0,100.0,100.0,100.0,100.0,100.0,100.0
2031-09-01,0.9735,0.9814,0.9887,0.9777,1.0706,0.9863,0.9931,1.0097,1.0036,0.9861,1.0031,0.9996,1.0425,0.9935,0.9894,1.0132,1.0999,0.9865,0.9931,1.0277,1.0090,0.9865,1.0407,0.9997,3927.96,5639.19,4284.66,2890.00,2368.53,1383.51,206.02,2943.82,2224.46,578.11,1.0507,0.5992,0.9991,1.2592,0.8547,0.3281,1.2252,0.2854,0.2321,-0.5506,0.6790,0.7500,0.6893,0.6632,0.7186,0.7496,0.6615,0.6731,0.7189,0.6690,0.0083,0.0073,0.0182,0.0191,0.0137,0.0049,0.0229,0.0005,0.0035,0.0128,0.9893,0.9886,0.9951,0.9909,0.9916,0.9905,1.0000,1.0000,0.9927,1.0000,59.61,209.28,87.60,59.53,72.51,13.87,9.62,277.48,77.02,85.68,0.0000,0.0000,0.0000,0.0000,0.0000,0.0000,0.0000,0.0000,0.0000,0.0000,104304,74663,53998,54750,86225,66964,95775,572442,131417,91336,0,0,0,0,0,0,0,0,0,0,0.0000,0.0000,0.0000,0.0000,0.0000,0.0000,0.2742,0.2276,0.0000,0.0000,0,0,0,0,0,0,0,1,0,0,0,0,0,0,0,0,0,0,0,0,0.1495,0.0944,0.1490,0.0716,0.1108,0.0299,0.0953,0.1227,0.0258,0.1336,0.000,0.000,0.000,0.000,0.000,0.000,0.000,0.152,0.000,0.000,semi-presidential,parliamentary,parliamentary,parliamentary,parliamentary,semi-presidential,semi-presidential,electoral-authoritarian,electoral-authoritarian,parliamentary,0.800,0.800,0.800,0.800,0.800,0.800,0.800,0.500,0.500,0.800,100.0,100.0,100.0,100.0,100.0,100.0,100.0,100.0,100.0,100.0
2031-10-01,0.9759,0.9829,0.9869,0.9810,1.0727,0.9835,0.9919,1.0093,1.0037,0.9866,1.0045,0.9995,1.0625,1.0439,0.9877,1.0262,1.0801,0.9838,0.9921,1.0093,1.0431,0.9872,1.0335,0.9995,3933.61,5650.98,4304.49,2893.97,2382.20,1391.19,206.46,2958.38,2235.22,578.52,1.0492,0.5980,0.9945,1.2576,0.8499,0.3232,1.2277,0.2856,0.2322,-0.5642,0.6780,0.7449,0.6888,0.6568,0.7224,0.7500,0.6515,0.6718,0.7259,0.6860,0.0146,0.0149,0.0199,0.0254,0.0164,0.0102,0.0354,0.0016,0.0091,0.0045,0.9439,0.9471,0.9741,0.9530,0.9479,0.9583,0.9927,1.0000,0.9653,1.0000,59.68,207.72,86.19,58.78,72.38,13.95,9.63,277.86,77.36,85.49,0.0000,0.0000,0.0000,0.0000,0.0000,0.0000,0.0000,0.0000,0.0000,0.0000,104304,74663,53998,54750,86225,66964,95775,572442,131417,91336,0,0,0,0,0,0,0,0,0,0,0.0000,0.0000,0.0000,0.0000,0.0000,0.0000,0.2545,0.2079,0.0000,0.0000,0,0,0,0,0,0,0,1,0,0,0,0,0,0,0,0,0,0,0,0,0.1492,0.0938,0.1481,0.0707,0.1103,0.0299,0.0953,0.1235,0.0257,0.1339,0.000,0.000,0.000,0.000,0.000,0.000,0.000,0.152,0.000,0.000,semi-presidential,parliamentary,parliamentary,parliamentary,parliamentary,semi-presidential,semi-presidential,electoral-authoritarian,electoral-authoritarian,parliamentary,0.800,0.800,0.800,0.800,0.800,0.800,0.800,0.500,0.500,0.800,100.0,100.0,100.0,100.0,100.0,100.0,100.0,100.0,100.0,100.0
2031-11-01,0.9777,0.9855,0.9850,0.9847,1.0700,0.9844,0.9902,1.0089,1.0050,0.9845,1.0043,0.9986,0.9919,1.0670,0.9857,1.0215,1.0710,1.0611,0.9907,1.0090,1.0629,0.9848,1.0046,0.9988,3939.05,5645.08,4304.40,2903.95,2389.86,1394.99,207.38,2964.79,2247.88,579.68,1.0475,0.5986,0.9946,1.2535,0.8494,0.3208,1.2275,0.2865,0.2321,-0.5772,0.6646,0.7322,0.6775,0.6497,0.7140,0.7460,0.6470,0.6806,0.7116,0.6911,0.0130,0.0139,0.0189,0.0202,0.0135,0.0095,0.0042,0.0022,0.0094,0.0016,0.9248,0.9306,0.9653,0.9371,0.9286,0.9458,0.9890,1.0000,0.9541,1.0000,60.38,208.63,86.76,59.30,73.17,14.13,9.56,280.83,77.94,86.03,0.0000,0.0000,0.0000,0.0000,0.0000,0.0000,0.0000,0.0000,0.0000,0.0000,104304,74663,53998,54750,86225,66964,95775,572442,131417,91336,0,0,0,0,0,0,0,0,0,0,0.0000,0.0000,0.0000,0.0000,0.0000,0.0000,0.2348,0.1882,0.0000,0.0000,0,0,0,0,0,0,0,1,0,0,0,0,0,0,0,0,0,0,0,0,0.1283,0.0838,0.1261,0.0602,0.0944,0.0269,0.0853,0.1199,0.0218,0.1343,0.000,0.000,0.000,0.000,0.000,0.000,0.000,0.153,0.000,0.000,semi-presidential,parliamentary,parliamentary,parliamentary,parliamentary,semi-presidential,semi-presidential,electoral-authoritarian,electoral-authoritarian,parliamentary,0.800,0.800,0.800,0.800,0.800,0.800,0.800,0.500,0.500,0.800,100.0,100.0,100.0,100.0,100.0,30.0,100.0,100.0,100.0,100.0
2031-12-01,0.9782,0.9887,0.9847,0.9863,1.0662,0.9865,0.9882,1.0097,1.0051,0.9826,1.0024,0.9974,0.9782,1.1017,1.1011,1.0196,1.0665,1.0105,0.9883,1.0565,1.0054,0.9828,1.0028,0.9975,3943.39,5657.96,4299.39,2902.37,2399.85,1402.70,207.96,2970.27,2258.04,580.45,1.0463,0.5973,0.9959,1.2541,0.8458,0.3168,1.2294,0.2876,0.2323,-0.5905,0.6569,0.7278,0.6614,0.6515,0.7063,0.7360,0.6425,0.6963,0.7206,0.6979,0.0252,0.0190,0.0295,0.0265,0.0238,0.0106,0.0051,0.0003,0.0135,0.0053,0.8953,0.9052,0.9517,0.9125,0.8984,0.9266,0.9829,1.0000,0.9368,1.0000,60.58,211.55,90.02,61.79,74.56,14.21,9.76,281.10,78.04,86.80,0.0000,0.0000,0.0000,0.0000,0.0000,0.0000,0.0000,0.0000,0.0000,0.0000,104304,74663,53998,54750,86225,66964,95775,572442,131417,91336,0,0,0,0,0,0,0,0,0,0,0.0000,0.0000,0.0000,0.0000,0.0000,0.0000,0.2151,0.1685,0.0000,0.0000,0,0,0,0,0,0,0,1,0,0,0,0,0,0,0,0,0,0,0,0,0.1398,0.0894,0.1384,0.0671,0.1029,0.0275,0.0863,0.1215,0.0225,0.1344,0.000,0.000,0.000,0.000,0.000,0.000,0.000,0.154,0.000,0.000,semi-presidential,parliamentary,parliamentary,parliamentary,parliamentary,semi-presidential,semi-presidential,electoral-authoritarian,electoral-authoritarian,parliamentary,0.800,0.800,0.800,0.800,0.800,0.800,0.800,0.500,0.500,0.800,100.0,100.0,100.0,100.0,100.0,33.1,100.0,100.0,100.0,100.0
2032-01-01,0.9778,0.9916,0.9855,0.9874,1.0554,0.9892,0.9868,1.0082,1.0042,0.9835,0.9997,0.9969,0.9778,1.0524,1.0093,1.0162,1.0575,1.0938,0.9869,1.0083,1.0043,0.9955,0.9999,0.9969,3959.85,5668.36,4313.23,2907.55,2408.63,1404.14,208.43,2983.19,2277.06,581.40,1.0420,0.5962,0.9928,1.2519,0.8427,0.3143,1.2320,0.2879,0.2328,-0.6036,0.6598,0.7258,0.6598,0.6594,0.7057,0.7311,0.6416,0.7000,0.7207,0.6987,0.0114,0.0113,0.0178,0.0158,0.0101,0.0072,0.0015,0.0001,0.0063,0.0004,0.9443,0.9475,0.9744,0.9533,0.9484,0.9586,0.9932,1.0000,0.9655,1.0000,60.59,210.95,88.89,61.35,74.27,14.07,9.62,280.91,78.58,86.97,0.0000,0.0000,0.0000,0.0000,0.0000,0.0000,0.0000,0.0000,0.0000,0.0000,104304,74663,53998,54750,86225,66964,95775,572442,131417,91336,0,0,0,0,0,0,0,0,0,0,0.0000,0.0000,0.0000,0.0000,0.0000,0.0000,0.1954,0.1488,0.0000,0.0000,0,0,0,0,0,0,0,1,0,0,0,0,0,0,0,0,0,0,0,0,0.1447,0.0916,0.1439,0.0693,0.1074,0.0265,0.0753,0.1228,0.0286,0.1348,0.000,0.000,0.000,0.000,0.000,0.000,0.000,0.151,0.000,0.000,semi-presidential,parliamentary,parliamentary,parliamentary,parliamentary,semi-presidential,semi-presidential,electoral-authoritarian,electoral-authoritarian,parliamentary,0.800,0.800,0.800,0.800,0.800,0.800,0.800,0.500,0.500,0.800,100.0,100.0,100.0,100.0,100.0,36.1,100.0,100.0,100.0,100.0
2032-02-01,0.9774,0.9937,0.9877,0.9902,1.0437,0.9916,0.9878,1.0055,1.0037,0.9871,0.9965,0.9959,1.0028,1.0728,1.1257,1.0408,1.0440,1.0484,1.0372,1.0061,1.0291,0.9998,0.9971,0.9960,3961.23,5670.96,4316.97,2898.75,2412.02,1409.87,208.20,2980.51,2290.23,580.63,1.0417,0.5990,0.9920,1.2557,0.8415,0.3108,1.2389,0.2896,0.2327,-0.6186,0.6540,0.7192,0.6546,0.6427,0.6947,0.7331,0.6325,0.6980,0.7222,0.7041,0.0239,0.0203,0.0290,0.0348,0.0230,0.0095,0.0066,0.0013,0.0138,0.0051,0.9275,0.9329,0.9666,0.9394,0.9313,0.9476,0.9899,1.0000,0.9558,1.0000,60.72,207.66,85.48,59.45,73.81,13.81,9.58,281.90,78.59,86.38,0.0000,0.0000,0.0000,0.0000,0.0000,0.0000,0.0000,0.0000,0.0000,0.0000,104304,74663,53998,54750,86225,66964,95775,572442,131417,91336,0,0,0,0,0,0,0,0,0,0,0.0000,0.0000,0.0000,0.0000,0.0000,0.0000,0.1757,0.1290,0.0000,0.0000,0,0,0,0,0,0,0,1,0,0,0,0,0,0,0,0,0,0,0,0,0.1467,0.0914,0.1462,0.0688,0.1087,0.0261,0.0771,0.1240,0.0279,0.1350,0.000,0.000,0.000,0.000,0.000,0.000,0.000,0.151,0.000,0.000,semi-presidential,parliamentary,parliamentary,parliamentary,parliamentary,semi-presidential,semi-presidential,electoral-authoritarian,electoral-authoritarian,parliamentary,0.800,0.800,0.800,0.800,0.800,0.800,0.800,0.500,0.500,0.800,100.0,100.0,100.0,100.0,100.0,39.1,100.0,100.0,100.0,100.0
2032-03-01,0.9777,0.9961,0.9900,0.9936,1.0340,0.9934,0.9891,1.0040,1.0058,0.9916,0.9942,0.9948,1.0494,1.0168,1.0377,1.0290,1.0347,1.0640,1.0755,1.0041,1.0651,1.0041,0.9946,0.9949,3968.85,5678.56,4321.93,2904.18,2411.03,1414.88,207.76,2983.92,2303.96,581.32,1.0398,0.6032,0.9907,1.2535,0.8418,0.3075,1.2470,0.2908,0.2325,-0.6320,0.6466,0.7202,0.6429,0.6312,0.6817,0.7299,0.6258,0.6928,0.7251,0.7040,0.0145,0.0116,0.0217,0.0211,0.0143,0.0068,0.0302,0.0028,0.0086,0.0063,0.9819,0.9809,0.9917,0.9846,0.9855,0.9842,1.0000,1.0000,0.9878,1.0000,60.84,206.78,84.05,59.60,73.41,13.70,9.57,283.54,79.63,86.31,0.0000,0.0000,0.0000,0.0000,0.0000,0.0000,0.0000,0.0000,0.0000,0.0000,104304,74663,53998,54750,86225,66964,95775,572442,131417,91336,0,0,0,0,0,0,0,0,0,0,0.0000,0.0000,0.0000,0.0000,0.0000,0.0000,0.1560,0.1093,0.0000,0.0000,0,0,0,0,0,0,0,1,0,0,0,0,0,0,0,0,0,0,0,0,0.1368,0.0861,0.1356,0.0634,0.1011,0.0245,0.0738,0.1222,0.0261,0.1352,0.000,0.000,0.000,0.000,0.000,0.000,0.000,0.152,0.000,0.000,semi-presidential,parliamentary,parliamentary,parliamentary,parliamentary,semi-presidential,semi-presidential,electoral-authoritarian,electoral-authoritarian,parliamentary,0.800,0.800,0.800,0.800,0.800,0.800,0.800,0.500,0.500,0.800,100.0,100.0,100.0,100.0,100.0,42.2,100.0,100.0,100.0,100.0
2032-04-01,0.9820,0.9969,0.9925,0.9957,1.0249,0.9949,0.9913,1.0024,1.0059,0.9928,0.9941,0.9925,1.1272,1.0517,1.0778,1.0287,1.0261,1.0427,1.0414,1.0025,1.0060,0.9975,1.0730,0.9925,3967.53,5688.92,4326.11,2897.76,2409.21,1422.44,207.64,2988.88,2318.21,582.98,1.0403,0.6021,0.9897,1.2563,0.8425,0.3037,1.2598,0.2918,0.2323,-0.6444,0.6303,0.7085,0.6219,0.6222,0.6594,0.7255,0.6078,0.6845,0.7098,0.6988,0.0277,0.0208,0.0298,0.0281,0.0253,0.0135,0.0376,0.0006,0.0129,0.0072,0.9503,0.9528,0.9772,0.9583,0.9545,0.9626,0.9946,1.0000,0.9691,1.0000,59.69,207.44,85.25,58.94,72.91,13.55,9.63,279.03,80.02,86.12,0.0000,0.0000,0.0000,0.0000,0.0000,0.0000,0.0000,0.0000,0.0000,0.0000,104304,74663,53998,54750,86225,66964,95775,572442,131417,91336,0,0,0,0,0,0,0,0,0,0,0.0000,0.0000,0.0000,0.0000,0.0000,0.0000,0.1264,0.0896,0.0000,0.0000,0,0,0,0,0,0,0,1,0,0,0,0,0,0,0,0,0,0,0,0,0.1325,0.0838,0.1306,0.0609,0.0971,0.0232,0.0764,0.1217,0.0242,0.1357,0.000,0.000,0.000,0.000,0.000,0.000,0.000,0.155,0.000,0.000,semi-presidential,parliamentary,parliamentary,parliamentary,parliamentary,semi-presidential,semi-presidential,electoral-authoritarian,electoral-authoritarian,parliamentary,0.800,0.800,0.800,0.800,0.800,0.800,0.800,0.500,0.500,0.800,100.0,100.0,100.0,100.0,100.0,45.2,96.4,100.0,100.0,100.0
2032-05-01,0.9849,0.9967,0.9949,0.9968,1.0176,0.9967,0.9930,1.0014,1.0036,0.9937,0.9981,0.9903,1.1560,0.9968,1.1651,1.0252,1.0194,1.0746,1.0482,1.0016,1.0039,0.9970,1.1577,0.9905,3971.58,5685.56,4316.15,2889.24,2412.80,1425.85,207.19,2996.24,2319.50,584.32,1.0394,0.6025,0.9921,1.2622,0.8413,0.3009,1.2678,0.2926,0.2330,-0.6571,0.6218,0.7064,0.6095,0.6185,0.6599,0.7218,0.5824,0.6877,0.7054,0.6988,0.0314,0.0191,0.0358,0.0283,0.0285,0.0101,0.0402,0.0010,0.0131,0.0124,1.0000,1.0000,1.0000,1.0000,1.0000,1.0000,1.0000,1.0000,1.0000,1.0000,59.14,206.52,84.96,58.90,72.58,13.47,9.59,276.23,79.24,86.02,0.0000,0.0000,0.0000,0.0000,0.0000,0.0000,0.0000,0.0000,0.0000,0.0000,104304,74663,53998,54750,86225,66964,95775,572442,131417,91336,0,0,0,0,0,0,0,0,0,0,0.0000,0.0000,0.0000,0.0000,0.0000,0.0000,0.1067,0.0699,0.0000,0.0000,0,0,0,0,0,0,0,1,0,0,0,0,0,0,0,0,0,0,0,0,0.1313,0.0826,0.1295,0.0600,0.0960,0.0221,0.0746,0.1207,0.0229,0.1360,0.000,0.000,0.000,0.000,0.000,0.000,0.000,0.157,0.000,0.000,semi-presidential,parliamentary,parliamentary,parliamentary,parliamentary,semi-presidential,semi-presidential,electoral-authoritarian,electoral-authoritarian,parliamentary,0.800,0.800,0.800,0.800,0.800,0.800,0.830,0.500,0.500,0.800,30.0,100.0,100.0,100.0,100.0,48.1,89.0,100.0,100.0,100.0
2032-06-01,0.9885,0.9944,0.9992,0.9973,1.0101,0.9986,0.9941,0.9983,1.0039,0.9951,1.0020,0.9889,1.1367,0.9946,1.1580,1.0168,1.0109,0.9987,1.0038,0.9984,1.0039,0.9976,1.1129,0.9892,3983.99,5692.91,4312.16,2889.73,2417.74,1432.66,207.27,3002.78,2325.08,584.23,1.0363,0.6016,0.9932,1.2621,0.8397,0.2974,1.2724,0.2934,0.2337,-0.6714,0.6231,0.6990,0.6014,0.6141,0.6661,0.7158,0.5751,0.6760,0.7031,0.7037,0.0247,0.0144,0.0292,0.0214,0.0232,0.0078,0.0366,0.0005,0.0112,0.0079,1.0000,1.0000,1.0000,1.0000,1.0000,1.0000,1.0000,1.0000,1.0000,1.0000,59.66,208.01,85.67,60.17,73.57,13.22,9.66,279.62,80.13,86.43,0.0000,0.0000,0.0000,0.0000,0.0000,0.0000,0.0000,0.0000,0.0000,0.0000,104304,74663,53998,54750,86225,66964,95775,572442,131417,91336,0,0,0,0,0,0,0,0,0,0,0.0000,0.0000,0.0000,0.0000,0.0000,0.0000,0.0870,0.0502,0.0000,0.0000,0,0,0,0,0,0,0,1,0,0,0,0,0,0,0,0,0,0,0,0,0.1295,0.0817,0.1321,0.0596,0.1005,0.0210,0.0720,0.1198,0.0220,0.1359,0.000,0.000,0.000,0.000,0.000,0.000,0.000,0.158,0.000,0.000,semi-presidential,parliamentary,parliamentary,parliamentary,parliamentary,semi-presidential,semi-presidential,electoral-authoritarian,electoral-authoritarian,parliamentary,0.800,0.800,0.800,0.800,0.800,0.800,0.820,0.500,0.500,0.800,32.7,100.0,100.0,100.0,100.0,51.1,91.5,100.0,100.0,100.0
2032-07-01,0.9913,0.9941,1.0012,0.9991,1.0027,0.9958,0.9952,0.9962,1.0013,0.9977,1.0054,0.9888,1.0225,1.0010,1.1385,1.0266,1.0038,0.9962,1.0235,0.9964,1.0016,1.0005,1.0823,0.9892,3999.58,5696.75,4324.57,2900.46,2426.77,1439.79,207.19,3009.71,2335.61,583.70,1.0323,0.6012,0.9905,1.2579,0.8367,0.2940,1.2776,0.2942,0.2338,-0.6863,0.6327,0.6938,0.6242,0.6142,0.6898,0.7168,0.5715,0.6819,0.6962,0.6996,0.0155,0.0077,0.0235,0.0187,0.0141,0.0024,0.0105,0.0004,0.0070,0.0072,0.9939,0.9935,0.9972,0.9948,0.9952,0.9946,1.0000,1.0000,0.9959,1.0000,61.73,208.61,84.54,59.67,74.83,13.81,9.53,287.91,80.99,87.37,0.0000,0.0000,0.0000,0.0000,0.0000,0.0000,0.0000,0.0000,0.0000,0.0000,104304,74663,53998,54750,86225,66964,95775,572442,131417,91336,0,0,0,0,0,0,0,0,0,0,0.0000,0.0000,0.0000,0.0000,0.0000,0.0000,0.0673,0.0305,0.0000,0.0000,0,0,0,0,0,0,0,1,0,0,0,0,0,0,0,0,0,0,0,0,0.1411,0.0862,0.1447,0.0696,0.1098,0.0220,0.0740,0.1219,0.0239,0.1364,0.000,0.000,0.000,0.000,0.000,0.000,0.000,0.159,0.000,0.000,semi-presidential,parliamentary,parliamentary,parliamentary,parliamentary,semi-presidential,semi-presidential,electoral-authoritarian,electoral-authoritarian,parliamentary,0.800,0.800,0.800,0.800,0.800,0.800,0.810,0.500,0.500,0.800,35.4,100.0,100.0,100.0,100.0,54.0,94.0,100.0,100.0,100.0
2032-08-01,0.9927,0.9952,1.0036,0.9986,0.9982,0.9927,0.9959,0.9936,0.9979,0.9984,1.0077,0.9907,1.0271,1.0570,1.1209,1.0152,0.9983,0.9928,1.0372,0.9940,0.9987,0.9994,1.0628,0.9910,4023.18,5689.99,4335.36,2912.85,2433.04,1444.42,207.18,3014.77,2349.88,583.41,1.0264,0.6020,0.9882,1.2530,0.8347,0.2912,1.2822,0.2952,0.2336,-0.7008,0.6405,0.6989,0.6434,0.6341,0.7057,0.7209,0.5934,0.6912,0.6964,0.6980,0.0211,0.0132,0.0262,0.0163,0.0195,0.0076,0.0124,0.0004,0.0106,0.0064,0.9436,0.9470,0.9741,0.9529,0.9476,0.9583,0.9930,1.0000,0.9653,1.0000,61.60,207.55,86.34,62.67,75.67,13.50,9.57,288.95,81.75,87.58,0.0000,0.0000,0.0000,0.0000,0.0000,0.0000,0.0000,0.0000,0.0000,0.0000,104304,74663,53998,54750,86225,66964,95775,572442,131417,91336,0,0,0,0,0,0,0,0,0,0,0.0000,0.0000,0.0000,0.0000,0.0000,0.0000,0.0475,0.0108,0.0000,0.0000,0,0,0,0,0,0,0,1,0,0,0,0,0,0,0,0,0,0,0,0,0.1416,0.0874,0.1462,0.0726,0.1107,0.0231,0.0808,0.1227,0.0250,0.1347,0.000,0.000,0.000,0.000,0.000,0.000,0.000,0.158,0.000,0.000,semi-presidential,parliamentary,parliamentary,parliamentary,parliamentary,semi-presidential,semi-presidential,electoral-authoritarian,electoral-authoritarian,parliamentary,0.800,0.800,0.800,0.800,0.800,0.800,0.801,0.500,0.500,0.800,38.2,100.0,100.0,100.0,100.0,56.4,96.7,100.0,100.0,100.0
2032-09-01,0.9930,0.9954,1.0078,0.9972,0.9977,0.9911,0.9959,0.9928,0.9943,0.9999,1.0093,0.9912,0.9951,0.9955,1.1993,1.0119,0.9978,0.9913,0.9960,0.9928,0.9944,1.0002,1.0431,0.9913,4036.84,5691.65,4344.05,2918.71,2441.31,1447.55,207.29,3024.02,2349.91,585.67,1.0230,0.6018,0.9863,1.2509,0.8320,0.2891,1.2856,0.2957,0.2343,-0.7124,0.6507,0.7138,0.6511,0.6415,0.6992,0.6919,0.6117,0.6940,0.7024,0.7011,0.0140,0.0061,0.0228,0.0129,0.0135,0.0001,0.0013,0.0001,0.0075,0.0045,1.0000,1.0000,1.0000,1.0000,1.0000,1.0000,1.0000,1.0000,1.0000,1.0000,61.72,206.61,85.57,62.59,75.32,13.34,9.48,288.42,80.65,87.81,0.0000,0.0000,0.0000,0.0000,0.0000,0.0000,0.0000,0.0000,0.0000,0.0000,104304,74663,53998,54750,86225,66964,95775,572442,131417,91336,0,0,0,0,0,0,0,0,0,0,0.0000,0.0000,0.0000,0.0000,0.0000,0.0000,0.0278,0.0000,0.0000,0.0000,0,0,0,0,0,0,0,1,0,0,0,0,0,0,0,0,0,0,0,0,0.1426,0.0875,0.1466,0.0728,0.1111,0.0235,0.0845,0.1240,0.0254,0.1355,0.000,0.000,0.000,0.000,0.000,0.000,0.000,0.158,0.000,0.000,semi-presidential,parliamentary,parliamentary,parliamentary,parliamentary,semi-presidential,semi-presidential,electoral-authoritarian,electoral-authoritarian,parliamentary,0.800,0.800,0.800,0.800,0.837,0.728,0.800,0.500,0.500,0.800,41.0,100.0,100.0,100.0,90.8,58.2,99.4,100.0,100.0,100.0
2032-10-01,0.9922,0.9959,1.0111,0.9958,0.9958,0.9903,0.9960,0.9931,0.9929,1.0012,1.0101,0.9908,0.9923,0.9959,1.0890,1.0113,0.9961,0.9906,0.9960,0.9995,0.9929,1.0014,1.0484,0.9910,4037.16,5708.07,4366.41,2939.39,2443.87,1450.41,207.11,3032.30,2374.21,586.04,1.0230,0.6001,0.9814,1.2428,0.8312,0.2867,1.2905,0.2963,0.2339,-0.7183,0.6495,0.7234,0.6600,0.6626,0.6983,0.7034,0.6290,0.7100,0.6799,0.7052,0.0067,0.0025,0.0160,0.0052,0.0062,0.0000,0.0016,0.0002,0.0030,0.0034,1.0000,1.0000,1.0000,1.0000,1.0000,1.0000,1.0000,1.0000,1.0000,1.0000,60.88,206.33,85.69,62.22,73.97,13.41,9.26,285.19,81.13,87.83,0.0000,0.0000,0.0000,0.0000,0.0000,0.0000,0.0000,0.0000,0.0000,0.0000,104304,74663,53998,54750,86225,66964,95775,572442,131417,91336,0,0,0,0,0,0,0,0,0,0,0.0000,0.0000,0.0000,0.0000,0.0000,0.0000,0.0081,0.0000,0.0000,0.0000,0,0,0,0,0,0,0,1,0,0,0,0,0,0,0,0,0,0,0,0,0.1196,0.0757,0.1181,0.0591,0.0896,0.0209,0.0775,0.1180,0.0208,0.1342,0.000,0.000,0.000,0.000,0.000,0.000,0.000,0.158,0.000,0.000,semi-presidential,parliamentary,parliamentary,parliamentary,parliamentary,semi-presidential,semi-presidential,electoral-authoritarian,electoral-authoritarian,parliamentary,0.800,0.800,0.800,0.800,0.828,0.737,0.800,0.500,0.426,0.800,43.9,100.0,100.0,100.0,93.8,60.6,100.0,100.0,100.0,100.0
2032-11-01,0.9909,0.9944,1.0112,0.9929,0.9965,0.9891,0.9967,0.9937,0.9925,1.0019,1.0089,0.9883,0.9912,0.9948,1.0441,1.0081,1.0108,0.9893,1.0830,1.0172,0.9937,1.0019,1.0090,0.9887,4037.34,5713.58,4358.66,2941.60,2443.46,1455.32,207.31,3032.83,2388.80,588.49,1.0230,0.5996,0.9832,1.2420,0.8315,0.2839,1.2927,0.2977,0.2337,-0.7295,0.6457,0.7256,0.6571,0.6647,0.6923,0.7169,0.6400,0.6879,0.6874,0.7094,0.0060,0.0011,0.0172,0.0049,0.0082,0.0000,0.0039,0.0006,0.0014,0.0104,1.0000,1.0000,1.0000,1.0000,1.0000,1.0000,1.0000,1.0000,1.0000,1.0000,61.04,206.88,85.73,62.35,74.32,13.44,9.30,286.74,81.88,88.10,0.0000,0.0000,0.0000,0.0000,0.0000,0.0000,0.0000,0.0000,0.0000,0.0000,104304,74663,53998,54750,86225,66964,95775,572442,131417,91336,0,0,0,0,0,0,0,0,0,0,0.0000,0.0000,0.0000,0.0000,0.0000,0.0000,0.0000,0.0000,0.0000,0.0000,0,0,0,0,0,0,0,1,0,0,0,0,0,0,0,0,0,0,0,0,0.1235,0.0770,0.1228,0.0608,0.0928,0.0203,0.0813,0.1181,0.0207,0.1334,0.000,0.000,0.000,0.000,0.000,0.000,0.000,0.160,0.000,0.000,semi-presidential,parliamentary,parliamentary,parliamentary,parliamentary,semi-presidential,semi-presidential,electoral-authoritarian,electoral-authoritarian,parliamentary,0.800,0.800,0.800,0.800,0.818,0.747,0.800,0.500,0.436,0.800,46.6,100.0,100.0,100.0,96.8,63.1,100.0,100.0,100.0,100.0
2032-12-01,0.9907,0.9934,1.0141,0.9907,0.9996,0.9882,0.9982,0.9926,0.9938,1.0017,1.0076,0.9883,0.9907,1.0405,1.1347,1.0074,1.0153,0.9884,0.9984,0.9928,1.0205,1.0018,1.0076,0.9884,4050.08,5706.55,4360.20,2944.51,2451.38,1459.10,207.83,3046.61,2395.81,589.13,1.0199,0.6003,0.9829,1.2411,0.8289,0.2814,1.2928,0.2979,0.2343,-0.7430,0.6476,0.7170,0.6427,0.6608,0.7006,0.7171,0.6411,0.6731,0.7020,0.6947,0.0141,0.0096,0.0226,0.0163,0.0179,0.0046,0.0018,0.0010,0.0093,0.0076,0.9570,0.9586,0.9802,0.9639,0.9610,0.9671,0.9955,1.0000,0.9731,1.0000,61.74,206.56,85.79,62.83,75.10,13.37,9.39,290.02,82.58,88.02,0.0000,0.0000,0.0000,0.0000,0.0000,0.0000,0.0000,0.0000,0.0000,0.0000,104304,74663,53998,54750,86225,66964,95775,572442,131417,91336,0,0,0,0,0,0,0,0,0,0,0.0000,0.0000,0.0000,0.0000,0.0000,0.0000,0.0000,0.0000,0.0000,0.0000,0,0,0,0,0,0,0,1,0,0,0,0,0,0,0,0,0,0,0,0,0.1443,0.0852,0.1441,0.0706,0.1084,0.0215,0.0833,0.1218,0.0237,0.1349,0.000,0.000,0.000,0.000,0.000,0.000,0.000,0.160,0.000,0.000,semi-presidential,parliamentary,parliamentary,parliamentary,parliamentary,semi-presidential,semi-presidential,electoral-authoritarian,electoral-authoritarian,parliamentary,0.800,0.800,0.800,0.800,0.808,0.757,0.800,0.500,0.446,0.800,49.5,100.0,100.0,100.0,99.9,65.5,100.0,100.0,100.0,100.0
2033-01-01,0.9905,0.9956,1.0164,0.9896,1.0005,0.9873,0.9970,0.9904,0.9941,1.0000,1.0057,0.9909,1.0103,1.0081,1.1828,1.0053,1.0010,0.9876,0.9971,0.9907,0.9942,1.0002,1.0060,0.9918,4071.01,5718.23,4367.87,2952.91,2462.04,1462.47,208.09,3054.92,2408.16,588.58,1.0145,0.5991,0.9813,1.2376,0.8254,0.2790,1.2944,0.2989,0.2343,-0.7579,0.6499,0.7129,0.6510,0.6553,0.7097,0.7089,0.6409,0.7012,0.6891,0.7029,0.0140,0.0081,0.0218,0.0135,0.0137,0.0024,0.0018,0.0000,0.0080,0.0033,0.9891,0.9884,0.9950,0.9908,0.9914,0.9904,1.0000,1.0000,0.9926,1.0000,62.02,206.00,84.92,62.76,75.42,13.17,9.46,291.14,82.78,87.90,0.0000,0.0000,0.0000,0.0000,0.0000,0.0000,0.0000,0.0000,0.0000,0.0000,104304,74663,53998,54750,86225,66964,95775,572442,131417,91336,0,0,0,0,0,0,0,0,0,0,0.0000,0.0000,0.0000,0.0000,0.0000,0.0000,0.0000,0.0000,0.0000,0.0000,0,0,0,0,0,0,0,1,0,0,0,0,0,0,0,0,0,0,0,0,0.1463,0.0867,0.1461,0.0721,0.1106,0.0228,0.0848,0.1233,0.0252,0.1346,0.000,0.000,0.000,0.000,0.000,0.000,0.000,0.158,0.000,0.000,semi-presidential,parliamentary,parliamentary,parliamentary,parliamentary,semi-presidential,semi-presidential,electoral-authoritarian,electoral-authoritarian,parliamentary,0.800,0.800,0.800,0.800,0.800,0.767,0.800,0.500,0.455,0.800,52.3,100.0,100.0,100.0,100.0,67.9,100.0,100.0,100.0,100.0
2033-02-01,0.9906,0.9962,1.0194,0.9892,1.0016,0.9865,0.9964,0.9903,0.9930,0.9992,1.0048,0.9955,0.9905,1.0063,1.1122,1.0089,1.0112,0.9997,0.9965,0.9903,0.9930,0.9993,1.0050,0.9958,4086.08,5743.85,4365.91,2957.69,2473.24,1469.99,208.30,3058.51,2423.83,591.55,1.0176,0.5965,0.9818,1.2354,0.8218,0.2757,1.2961,0.2999,0.2340,-0.7683,0.6687,0.6882,0.6561,0.6610,0.7129,0.7188,0.6363,0.7049,0.6813,0.7011,0.0077,0.0045,0.0171,0.0118,0.0096,0.0013,0.0001,0.0000,0.0044,0.0047,0.9913,0.9907,0.9960,0.9926,0.9931,0.9923,1.0000,1.0000,0.9941,1.0000,61.95,206.29,83.71,61.45,74.78,13.19,9.31,290.57,83.30,88.22,0.0000,0.0000,0.0000,0.0000,0.0000,0.0000,0.0000,0.0000,0.0000,0.0000,104304,74663,53998,54750,86225,66964,95775,572442,131417,91336,0,0,0,0,0,0,0,0,0,0,0.0000,0.0000,0.0000,0.0000,0.0000,0.0000,0.0000,0.0000,0.0000,0.0000,0,0,0,0,0,0,0,1,0,0,0,0,0,0,0,0,0,0,0,0,0.1502,0.0894,0.1542,0.0746,0.1138,0.0311,0.0876,0.1266,0.0286,0.1364,0.000,0.000,0.000,0.000,0.000,0.000,0.000,0.155,0.000,0.000,semi-presidential,parliamentary,parliamentary,parliamentary,parliamentary,semi-presidential,semi-presidential,electoral-authoritarian,electoral-authoritarian,parliamentary,0.800,0.800,0.800,0.800,0.800,0.777,0.800,0.500,0.465,0.800,55.2,100.0,100.0,100.0,100.0,70.3,100.0,100.0,100.0,100.0
2033-03-01,0.9928,0.9964,1.0204,0.9906,1.0029,0.9887,0.9950,0.9906,0.9932,1.0003,1.0019,0.9990,1.1130,1.0297,1.0958,1.0197,1.0136,1.0706,0.9951,0.9907,1.0644,1.0009,1.0026,0.9992,4107.47,5749.12,4379.96,2967.86,2487.82,1473.59,208.65,3075.97,2437.87,591.23,1.0122,0.5960,0.9788,1.2311,0.8171,0.2732,1.2969,0.2997,0.2339,-0.7829,0.6714,0.6964,0.6689,0.6688,0.7194,0.7231,0.6356,0.7133,0.6831,0.7136,0.0189,0.0162,0.0243,0.0263,0.0222,0.0106,0.0350,0.0027,0.0124,0.0066,0.9705,0.9705,0.9865,0.9751,0.9745,0.9761,0.9980,1.0000,0.9810,1.0000,61.11,204.53,82.07,60.27,74.02,13.12,9.40,288.89,83.74,87.34,0.0000,0.0000,0.0000,0.0000,0.0000,0.0000,0.0000,0.0000,0.0000,0.0000,104304,74663,53998,54750,86225,66964,95775,572442,131417,91336,0,0,0,0,0,0,0,0,0,0,0.0000,0.0000,0.0000,0.0000,0.0000,0.0000,0.0000,0.0000,0.0000,0.0000,0,0,0,0,0,0,0,1,0,0,0,0,0,0,0,0,0,0,0,0,0.1526,0.0922,0.1573,0.0765,0.1165,0.0335,0.0901,0.1292,0.0311,0.1369,0.000,0.000,0.000,0.000,0.000,0.000,0.000,0.152,0.000,0.000,semi-presidential,parliamentary,parliamentary,parliamentary,parliamentary,semi-presidential,semi-presidential,electoral-authoritarian,electoral-authoritarian,parliamentary,0.800,0.800,0.800,0.800,0.800,0.787,0.800,0.500,0.475,0.800,58.2,30.0,100.0,100.0,100.0,72.8,100.0,100.0,100.0,100.0
2033-04-01,0.9959,0.9979,1.0226,0.9915,1.0075,0.9904,0.9927,0.9907,0.9959,1.0031,0.9995,1.0029,1.1363,1.0224,1.1423,1.0133,1.0453,1.0385,0.9929,1.0085,1.0793,1.0031,0.9997,1.0036,4137.21,5750.24,4393.79,2981.09,2505.55,1475.81,209.32,3090.34,2453.54,591.34,1.0049,0.5961,0.9758,1.2256,0.8115,0.2709,1.3015,0.2997,0.2336,-0.7970,0.6745,0.7091,0.6771,0.6620,0.7210,0.7328,0.6267,0.7146,0.7078,0.7077,0.0224,0.0166,0.0307,0.0299,0.0320,0.0105,0.0365,0.0033,0.0144,0.0191,0.9785,0.9775,0.9901,0.9818,0.9826,0.9814,0.9997,1.0000,0.9856,1.0000,61.44,205.18,83.12,60.73,74.47,13.01,9.38,289.73,84.34,87.29,0.0000,0.0000,0.0000,0.0000,0.0000,0.0000,0.0000,0.0000,0.0000,0.0000,104304,74663,53998,54750,86225,66964,95775,572442,131417,91336,0,0,0,0,0,0,0,0,0,0,0.0000,0.0000,0.0000,0.0000,0.0000,0.0000,0.0000,0.0000,0.0000,0.0000,0,0,0,0,0,0,0,1,0,0,0,0,0,0,0,0,0,0,0,0,0.1568,0.0952,0.1608,0.0800,0.1203,0.0362,0.0916,0.1326,0.0335,0.1368,0.000,0.000,0.000,0.000,0.000,0.000,0.000,0.150,0.000,0.000,semi-presidential,parliamentary,parliamentary,parliamentary,parliamentary,semi-presidential,semi-presidential,electoral-authoritarian,electoral-authoritarian,parliamentary,0.800,0.800,0.800,0.800,0.800,0.797,0.800,0.500,0.485,0.800,61.1,32.8,100.0,100.0,100.0,75.3,100.0,100.0,100.0,100.0
2033-05-01,0.9980,0.9982,1.0243,0.9900,1.0116,0.9919,0.9907,0.9908,0.9976,1.0044,0.9979,1.0067,1.0326,1.0600,1.0908,1.0072,1.0247,1.0321,0.9914,0.9908,1.0449,1.0043,0.9980,1.0068,4164.70,5779.00,4413.66,2992.52,2513.34,1482.01,210.12,3089.19,2472.88,593.74,0.9983,0.5934,0.9712,1.2210,0.8089,0.2679,1.2992,0.3012,0.2333,-0.8081,0.6835,0.7334,0.6911,0.6736,0.7338,0.7344,0.6482,0.7082,0.7256,0.7028,0.0155,0.0125,0.0221,0.0165,0.0190,0.0081,0.0092,0.0018,0.0104,0.0063,0.9439,0.9474,0.9742,0.9531,0.9477,0.9586,0.9929,1.0000,0.9656,1.0000,63.59,208.15,84.94,63.49,76.71,13.30,9.52,298.27,86.31,89.04,0.0000,0.0000,0.0000,0.0000,0.0000,0.0000,0.0000,0.0000,0.0000,0.0000,104304,74663,53998,54750,86225,66964,95775,572442,131417,91336,0,0,0,0,0,0,0,0,0,0,0.0000,0.0000,0.0000,0.0000,0.0000,0.0000,0.0000,0.0000,0.0000,0.0000,0,0,0,0,0,0,0,1,0,0,0,0,0,0,0,0,0,0,0,0,0.1600,0.0979,0.1641,0.0836,0.1227,0.0388,0.0945,0.1347,0.0360,0.1359,0.000,0.000,0.000,0.000,0.000,0.000,0.000,0.147,0.000,0.000,semi-presidential,parliamentary,parliamentary,parliamentary,parliamentary,semi-presidential,semi-presidential,electoral-authoritarian,electoral-authoritarian,parliamentary,0.800,0.800,0.800,0.800,0.800,0.800,0.800,0.500,0.497,0.800,64.1,35.7,100.0,100.0,100.0,77.7,100.0,100.0,100.0,100.0
2033-06-01,0.9984,0.9993,1.0257,0.9882,1.0118,0.9910,0.9897,0.9916,0.9990,1.0032,0.9980,1.0078,1.0288,0.9992,1.0711,1.0037,1.0120,0.9912,0.9897,1.0281,1.0662,1.0033,0.9980,1.0077,4183.52,5790.35,4430.63,3005.45,2528.85,1487.49,210.45,3099.66,2486.20,593.83,0.9938,0.5925,0.9674,1.2159,0.8040,0.2650,1.2997,0.3016,0.2335,-0.8223,0.6868,0.7425,0.7075,0.6840,0.7443,0.7413,0.6598,0.7144,0.7290,0.6991,0.0070,0.0034,0.0166,0.0054,0.0082,0.0016,0.0096,0.0028,0.0051,0.0053,1.0000,1.0000,1.0000,1.0000,1.0000,1.0000,1.0000,1.0000,1.0000,1.0000,64.07,211.05,85.90,63.74,77.43,13.52,9.61,300.32,87.18,89.24,0.0000,0.0000,0.0000,0.0000,0.0000,0.0000,0.0000,0.0000,0.0000,0.0000,104304,74663,53998,54750,86225,66964,95775,572442,131417,91336,0,0,0,0,0,0,0,0,0,0,0.0000,0.0000,0.0000,0.0000,0.0000,0.0000,0.0000,0.0000,0.0000,0.0000,0,0,0,0,0,0,0,1,0,0,0,0,0,0,0,0,0,0,0,0,0.1592,0.0987,0.1649,0.0843,0.1230,0.0391,0.0925,0.1345,0.0365,0.1351,0.000,0.000,0.000,0.000,0.000,0.000,0.000,0.147,0.000,0.000,semi-presidential,parliamentary,parliamentary,parliamentary,parliamentary,semi-presidential,semi-presidential,electoral-authoritarian,electoral-authoritarian,parliamentary,0.800,0.800,0.800,0.800,0.800,0.800,0.800,0.500,0.500,0.800,67.2,38.6,100.0,100.0,100.0,80.3,100.0,100.0,100.0,100.0
2033-07-01,0.9971,1.0018,1.0256,0.9887,1.0096,0.9905,0.9897,0.9934,1.0017,0.9996,1.0000,1.0094,0.9971,1.0605,1.0259,1.0103,1.0099,1.0036,1.0051,1.0215,1.0662,1.0000,1.1239,1.0096,4210.32,5812.24,4453.12,3014.32,2547.16,1494.63,211.05,3117.13,2489.70,593.82,0.9876,0.5905,0.9626,1.2124,0.7984,0.2617,1.2983,0.3013,0.2335,-0.8366,0.6888,0.7463,0.7206,0.7053,0.7475,0.7538,0.6733,0.7294,0.7254,0.7037,0.0134,0.0073,0.0229,0.0092,0.0126,0.0057,0.0090,0.0032,0.0070,0.0104,0.9469,0.9500,0.9757,0.9557,0.9508,0.9607,0.9940,1.0000,0.9674,1.0000,64.88,213.28,86.85,63.28,77.84,13.84,9.54,302.61,87.80,89.33,0.0000,0.0000,0.0000,0.0000,0.0000,0.0000,0.0000,0.0000,0.0000,0.0000,104304,74663,53998,54750,86225,66964,95775,572442,131417,91336,0,0,0,0,0,0,0,0,0,0,0.0000,0.0000,0.0000,0.0000,0.0000,0.0000,0.0000,0.0000,0.0000,0.0000,0,0,0,0,0,0,0,1,0,0,0,0,0,0,0,0,0,0,0,0,0.1667,0.1003,0.1664,0.0853,0.1254,0.0405,0.0929,0.1360,0.0381,0.1367,0.000,0.000,0.000,0.000,0.000,0.000,0.000,0.146,0.000,0.000,semi-presidential,parliamentary,parliamentary,parliamentary,parliamentary,semi-presidential,semi-presidential,electoral-authoritarian,electoral-authoritarian,parliamentary,0.800,0.800,0.800,0.800,0.800,0.800,0.800,0.500,0.500,0.800,70.2,41.6,100.0,100.0,100.0,82.8,100.0,100.0,100.0,100.0
2033-08-01,0.9973,1.0032,1.0230,0.9861,1.0099,0.9909,0.9893,0.9940,1.0026,0.9960,1.0020,1.0096,1.0337,1.0314,1.0234,0.9866,1.0319,1.0080,0.9948,1.0069,1.0289,0.9968,1.0563,1.0097,4231.21,5825.46,4470.95,3034.40,2571.65,1504.78,211.43,3128.54,2501.74,594.06,0.9828,0.5894,0.9589,1.2044,0.7909,0.2580,1.2981,0.3016,0.2336,-0.8505,0.6952,0.7591,0.7337,0.7151,0.7525,0.7571,0.6796,0.7375,0.7204,0.7095,0.0088,0.0062,0.0085,0.0095,0.0130,0.0051,0.0096,0.0013,0.0046,0.0116,0.9752,0.9746,0.9887,0.9791,0.9793,0.9793,0.9990,1.0000,0.9838,1.0000,65.21,213.75,87.71,64.31,78.84,13.93,9.65,304.09,88.30,89.60,0.0000,0.0000,0.0000,0.0000,0.0000,0.0000,0.0000,0.0000,0.0000,0.0000,104304,74663,53998,54750,86225,66964,95775,572442,131417,91336,0,0,0,0,0,0,0,0,0,0,0.0000,0.0000,0.0000,0.0000,0.0000,0.0000,0.0000,0.0000,0.0000,0.0000,0,0,0,0,0,0,0,1,0,0,0,0,0,0,0,0,0,0,0,0,0.1604,0.0985,0.1617,0.0837,0.1216,0.0396,0.0957,0.1333,0.0365,0.1337,0.000,0.000,0.000,0.000,0.000,0.000,0.000,0.146,0.000,0.000,semi-presidential,parliamentary,parliamentary,parliamentary,parliamentary,semi-presidential,semi-presidential,electoral-authoritarian,electoral-authoritarian,parliamentary,0.800,0.800,0.800,0.800,0.800,0.800,0.800,0.500,0.500,0.800,73.3,44.6,100.0,100.0,100.0,85.4,100.0,100.0,100.0,100.0
2033-09-01,0.9984,1.0008,1.0208,0.9831,1.0121,0.9903,0.9887,0.9949,1.0038,0.9929,1.0022,1.0076,1.0772,1.0015,1.0214,0.9992,1.0241,0.9905,0.9887,1.0124,1.0378,0.9931,1.0023,1.0077,4240.17,5838.63,4484.56,3043.63,2585.77,1514.59,211.82,3141.86,2519.06,592.53,0.9808,0.5884,0.9560,1.2007,0.7867,0.2542,1.2977,0.3017,0.2332,-0.8771,0.6958,0.7541,0.7328,0.7202,0.7529,0.7590,0.6859,0.7301,0.7104,0.7065,0.0060,0.0046,0.0147,0.0065,0.0095,0.0038,0.0332,0.0014,0.0037,0.0058,1.0000,1.0000,1.0000,1.0000,1.0000,1.0000,1.0000,1.0000,1.0000,1.0000,65.19,214.84,88.31,64.22,79.34,14.16,9.81,303.59,88.26,89.37,0.0000,0.0000,0.0000,0.0000,0.0000,0.0000,0.0000,0.0000,0.0000,0.0000,104304,74663,53998,54750,86225,66964,95775,572442,131417,91336,0,0,0,0,0,0,0,0,0,0,0.0000,0.0000,0.0000,0.0000,0.0000,0.0000,0.0000,0.0000,0.0000,0.0000,0,0,0,0,0,0,0,1,0,0,0,0,0,0,0,0,0,0,0,0,0.1387,0.0877,0.1380,0.0713,0.1038,0.0351,0.0911,0.1292,0.0310,0.1347,0.000,0.000,0.000,0.000,0.000,0.000,0.000,0.148,0.000,0.000,semi-presidential,parliamentary,parliamentary,parliamentary,parliamentary,semi-presidential,semi-presidential,electoral-authoritarian,electoral-authoritarian,parliamentary,0.800,0.800,0.800,0.800,0.800,0.800,0.800,0.500,0.500,0.800,76.3,47.6,100.0,100.0,100.0,88.0,100.0,100.0,100.0,100.0
2033-10-01,1.0010,0.9992,1.0162,0.9811,1.0162,0.9906,0.9890,0.9974,1.0056,0.9900,1.0005,1.0067,1.1161,0.9993,1.0164,0.9972,1.0439,0.9905,1.0089,1.0652,1.0313,0.9903,1.0010,1.0068,4260.43,5848.31,4484.94,3047.82,2594.21,1518.77,212.09,3159.62,2531.64,592.57,0.9763,0.5877,0.9560,1.1991,0.7844,0.2514,1.2978,0.3014,0.2333,-0.8918,0.6958,0.7523,0.7118,0.7172,0.7524,0.7582,0.6668,0.7264,0.7143,0.7047,0.0117,0.0070,0.0215,0.0115,0.0175,0.0058,0.0366,0.0016,0.0047,0.0161,1.0000,1.0000,1.0000,1.0000,1.0000,1.0000,1.0000,1.0000,1.0000,1.0000,65.16,215.85,89.22,64.42,79.42,14.37,9.83,303.56,88.92,88.96,0.0000,0.0000,0.0000,0.0000,0.0000,0.0000,0.0000,0.0000,0.0000,0.0000,104304,74663,53998,54750,86225,66964,95775,572442,131417,91336,0,0,0,0,0,0,0,0,0,0,0.0000,0.0000,0.0000,0.0000,0.0000,0.0000,0.0000,0.0000,0.0000,0.0000,0,0,0,0,0,0,0,1,0,0,0,0,0,0,0,0,0,0,0,0,0.1528,0.0941,0.1525,0.0785,0.1146,0.0374,0.0932,0.1361,0.0338,0.1353,0.000,0.000,0.000,0.000,0.000,0.000,0.000,0.146,0.000,0.000,semi-presidential,parliamentary,parliamentary,parliamentary,parliamentary,semi-presidential,semi-presidential,electoral-authoritarian,electoral-authoritarian,parliamentary,0.800,0.800,0.800,0.800,0.800,0.800,0.800,0.500,0.500,0.814,79.4,50.6,100.0,100.0,100.0,90.6,100.0,100.0,100.0,96.5
2033-11-01,1.0029,0.9964,1.0113,0.9794,1.0215,0.9907,0.9910,0.9977,1.0049,0.9882,0.9962,1.0055,1.0676,0.9971,1.0119,0.9955,1.0523,1.0060,1.0257,0.9977,1.0050,0.9887,0.9972,1.0057,4278.50,5867.40,4496.86,3063.77,2601.66,1525.72,212.92,3177.94,2549.65,594.17,0.9722,0.5860,0.9536,1.1931,0.7823,0.2481,1.2944,0.3011,0.2329,-0.9037,0.7000,0.7553,0.7083,0.6941,0.7498,0.7621,0.6769,0.7400,0.6969,0.6987,0.0055,0.0041,0.0162,0.0092,0.0119,0.0033,0.0304,0.0002,0.0021,0.0120,1.0000,1.0000,1.0000,1.0000,1.0000,1.0000,1.0000,1.0000,1.0000,1.0000,66.34,217.48,89.88,65.07,80.49,14.54,9.89,307.45,89.22,89.78,0.0000,0.0000,0.0000,0.0000,0.0000,0.0000,0.0000,0.0000,0.0000,0.0000,104304,74663,53998,54750,86225,66964,95775,572442,131417,91336,0,0,0,0,0,0,0,0,0,0,0.0000,0.0000,0.0000,0.0000,0.0000,0.0000,0.0000,0.0000,0.0000,0.0000,0,0,0,0,0,0,0,1,0,0,0,0,0,0,0,0,0,0,0,0,0.1556,0.0949,0.1548,0.0793,0.1163,0.0375,0.0935,0.1356,0.0341,0.1360,0.000,0.000,0.000,0.000,0.000,0.000,0.000,0.147,0.000,0.000,semi-presidential,parliamentary,parliamentary,parliamentary,parliamentary,semi-presidential,semi-presidential,electoral-authoritarian,electoral-authoritarian,parliamentary,0.800,0.800,0.800,0.800,0.800,0.800,0.800,0.500,0.500,0.805,82.5,53.6,100.0,100.0,100.0,93.3,100.0,100.0,100.0,99.3
2033-12-01,1.0045,0.9926,1.0064,0.9791,1.0240,0.9903,0.9910,0.9979,1.0049,0.9861,0.9926,1.0047,1.0973,0.9933,1.0075,0.9953,1.0333,0.9903,1.0097,1.0139,1.0210,0.9863,0.9929,1.0047,4300.85,5872.21,4516.80,3075.26,2615.18,1535.69,213.24,3187.99,2568.97,595.47,0.9672,0.5858,0.9495,1.1888,0.7784,0.2444,1.2939,0.3016,0.2324,-0.9161,0.7019,0.7533,0.7140,0.6958,0.7427,0.7622,0.6642,0.7539,0.6980,0.7056,0.0075,0.0055,0.0157,0.0065,0.0096,0.0046,0.0331,0.0008,0.0035,0.0052,1.0000,1.0000,1.0000,1.0000,1.0000,1.0000,1.0000,1.0000,1.0000,1.0000,66.21,217.07,89.88,65.06,80.44,14.64,9.95,307.29,89.86,89.54,0.0000,0.0000,0.0000,0.0000,0.0000,0.0000,0.0000,0.0000,0.0000,0.0000,104304,74663,53998,54750,86225,66964,95775,572442,131417,91336,0,0,0,0,0,0,0,0,0,0,0.0000,0.0000,0.0000,0.0000,0.0000,0.0000,0.0000,0.0000,0.0000,0.0000,0,0,0,0,0,0,0,1,0,0,0,0,0,0,0,0,0,0,0,0,0.1545,0.0940,0.1535,0.0785,0.1153,0.0368,0.0931,0.1351,0.0335,0.1362,0.000,0.000,0.000,0.000,0.000,0.000,0.000,0.149,0.000,0.000,semi-presidential,parliamentary,parliamentary,parliamentary,parliamentary,semi-presidential,semi-presidential,electoral-authoritarian,electoral-authoritarian,parliamentary,0.800,0.800,0.800,0.800,0.800,0.800,0.800,0.500,0.500,0.800,85.5,56.6,100.0,100.0,100.0,95.9,100.0,100.0,100.0,100.0
2034-01-01,1.0093,0.9934,1.0002,0.9760,1.0243,0.9915,0.9926,0.9977,1.0045,0.9842,0.9876,1.0030,1.0860,1.0297,1.0007,0.9762,1.0243,1.0419,1.0391,0.9978,1.0047,0.9845,0.9883,1.0034,4324.04,5881.76,4539.19,3083.54,2624.20,1551.81,213.26,3200.71,2585.79,595.88,0.9621,0.5851,0.9449,1.1858,0.7759,0.2377,1.2951,0.3018,0.2321,-0.9298,0.6939,0.7492,0.7154,0.6866,0.7384,0.7495,0.6574,0.7646,0.7046,0.7046,0.0121,0.0102,0.0072,0.0088,0.0108,0.0081,0.0327,0.0002,0.0058,0.0022,0.9663,0.9671,0.9845,0.9718,0.9700,0.9737,0.9968,1.0000,0.9789,1.0000,66.91,217.23,88.83,65.81,81.63,14.79,10.08,311.62,91.47,90.09,0.0000,0.0000,0.0000,0.0000,0.0000,0.0000,0.0000,0.0000,0.0000,0.0000,104304,74663,53998,54750,86225,66964,95775,572442,131417,91336,0,0,0,0,0,0,0,0,0,0,0.0000,0.0000,0.0000,0.0000,0.0000,0.0000,0.0000,0.0000,0.0000,0.0000,0,0,0,0,0,0,0,1,0,0,0,0,0,0,0,0,0,0,0,0,0.1331,0.0846,0.1329,0.0677,0.0991,0.0327,0.0887,0.1312,0.0281,0.1338,0.000,0.000,0.000,0.000,0.000,0.000,0.000,0.150,0.000,0.000,semi-presidential,parliamentary,parliamentary,parliamentary,parliamentary,semi-presidential,semi-presidential,electoral-authoritarian,electoral-authoritarian,parliamentary,0.800,0.800,0.800,0.800,0.800,0.800,0.800,0.500,0.500,0.800,88.6,59.6,100.0,100.0,100.0,100.0,100.0,100.0,100.0,100.0
2034-02-01,1.0492,1.0171,0.9945,0.9747,1.0211,0.9932,0.9959,0.9989,1.0038,0.9828,0.9830,1.0006,1.8967,1.4578,0.9953,0.9750,1.0216,1.0702,1.0300,1.0222,1.0039,0.9828,0.9831,1.0012,4318.20,5868.44,4532.03,3086.99,2622.55,1558.76,213.28,3209.75,2593.38,596.60,0.9634,0.5866,0.9464,1.1846,0.7766,0.2346,1.2961,0.3022,0.2327,-0.9432,0.6579,0.6840,0.7019,0.6276,0.6618,0.6988,0.6237,0.7414,0.6994,0.6961,0.1047,0.0987,0.0541,0.0949,0.1038,0.0898,0.0571,0.0003,0.0929,0.0033,0.6409,0.6620,0.8279,0.6663,0.6425,0.7126,0.9671,1.0000,0.6704,1.0000,51.26,194.04,81.31,51.55,66.04,13.58,9.40,232.53,72.99,71.65,0.0000,0.0000,0.0000,0.0000,0.0000,0.0000,0.0000,0.0000,0.0000,0.0000,104304,74663,53998,54750,86225,66964,95775,572442,131417,91336,0,0,0,0,0,0,0,0,0,0,0.0000,0.0000,0.0000,0.0000,0.0000,0.0000,0.0000,0.0000,0.0000,0.0000,0,0,0,0,0,0,0,1,0,0,0,0,0,0,0,0,0,0,0,0,0.1423,0.0876,0.1412,0.0714,0.1050,0.0328,0.0846,0.1348,0.0286,0.1383,0.000,0.000,0.000,0.000,0.000,0.000,0.000,0.154,0.000,0.000,semi-presidential,parliamentary,parliamentary,parliamentary,parliamentary,semi-presidential,semi-presidential,electoral-authoritarian,electoral-authoritarian,parliamentary,0.800,0.800,0.800,0.800,0.800,0.800,0.800,0.500,0.500,0.800,90.2,62.3,100.0,100.0,100.0,100.0,100.0,100.0,100.0,100.0
2034-03-01,1.0768,1.0328,0.9915,0.9737,1.0160,0.9944,0.9972,0.9990,1.0032,0.9822,0.9813,0.9985,1.7872,1.3621,0.9923,0.9808,1.0167,1.0321,1.0546,0.9990,1.0033,0.9822,0.9832,0.9990,4318.78,5872.31,4532.59,3094.48,2623.65,1558.76,213.41,3220.62,2603.11,598.78,0.9634,0.5865,0.9464,1.1819,0.7763,0.2346,1.2963,0.3023,0.2330,-0.9547,0.6360,0.6633,0.6572,0.6105,0.6600,0.6988,0.6101,0.7431,0.6516,0.7087,0.0819,0.0766,0.0461,0.0731,0.0812,0.0693,0.0511,0.0003,0.0699,0.0027,0.7310,0.7490,0.8728,0.7544,0.7327,0.7899,0.9746,1.0000,0.7671,1.0000,56.11,201.80,84.48,56.61,70.75,14.13,9.60,257.70,79.65,78.68,0.0000,0.0000,0.0000,0.0000,0.0000,0.0000,0.0000,0.0000,0.0000,0.0000,104304,74663,53998,54750,86225,66964,95775,572442,131417,91336,0,0,0,0,0,0,0,0,0,0,0.0000,0.0000,0.0000,0.0000,0.0000,0.0000,0.0000,0.0000,0.0000,0.0000,0,0,0,0,0,0,0,1,0,0,0,0,0,0,0,0,0,0,0,0,0.1370,0.0883,0.1362,0.0683,0.1010,0.0309,0.0789,0.1371,0.0266,0.1415,0.000,0.000,0.000,0.000,0.000,0.000,0.000,0.157,0.000,0.000,semi-presidential,parliamentary,parliamentary,parliamentary,parliamentary,semi-presidential,semi-presidential,electoral-authoritarian,electoral-authoritarian,parliamentary,0.800,0.800,0.800,0.800,0.800,0.800,0.800,0.500,0.500,0.800,93.0,64.9,100.0,100.0,100.0,100.0,100.0,100.0,100.0,100.0
2034-04-01,1.0982,1.0429,0.9910,0.9733,1.0102,0.9956,1.0001,0.9992,1.0039,0.9826,0.9818,0.9979,1.5985,1.2276,0.9916,0.9964,1.0113,1.0043,1.0831,0.9992,1.0132,0.9866,0.9819,0.9980,4318.78,5884.60,4526.19,3103.14,2629.52,1573.12,213.81,3235.86,2613.07,599.55,0.9636,0.5856,0.9478,1.1789,0.7747,0.2285,1.2948,0.3018,0.2334,-0.9687,0.6269,0.6673,0.6358,0.6178,0.6438,0.6814,0.5926,0.7369,0.6405,0.7151,0.0537,0.0482,0.0424,0.0456,0.0531,0.0427,0.0451,0.0008,0.0401,0.0041,0.8424,0.8565,0.9275,0.8635,0.8443,0.8856,0.9818,1.0000,0.8878,1.0000,62.56,212.70,88.99,62.22,76.74,14.96,9.81,290.45,88.24,87.38,0.0000,0.0000,0.0000,0.0000,0.0000,0.0000,0.0000,0.0000,0.0000,0.0000,104304,74663,53998,54750,86225,66964,95775,572442,131417,91336,0,0,0,0,0,0,0,0,0,0,0.0000,0.0000,0.0000,0.0000,0.0000,0.0000,0.0000,0.0000,0.0000,0.0000,0,0,0,0,0,0,0,1,0,0,0,0,0,0,0,0,0,0,0,0,0.1572,0.0971,0.1567,0.0773,0.1161,0.0331,0.0809,0.1428,0.0302,0.1472,0.000,0.000,0.000,0.000,0.000,0.000,0.000,0.160,0.000,0.000,semi-presidential,parliamentary,parliamentary,parliamentary,parliamentary,semi-presidential,semi-presidential,electoral-authoritarian,electoral-authoritarian,parliamentary,0.800,0.800,0.800,0.800,0.800,0.800,0.800,0.500,0.500,0.800,95.7,67.5,100.0,100.0,100.0,100.0,100.0,100.0,100.0,100.0
2034-05-01,1.1107,1.0483,0.9877,0.9754,1.0068,0.9953,1.0024,1.0000,1.0055,0.9841,0.9814,0.9978,1.4524,1.2019,0.9885,1.0197,1.0069,0.9954,1.0462,1.0001,1.1060,0.9937,0.9817,0.9979,4336.02,5904.94,4543.89,3103.82,2641.87,1582.77,213.64,3248.45,2626.10,600.11,0.9599,0.5838,0.9442,1.1789,0.7712,0.2253,1.2965,0.3015,0.2334,-0.9831,0.6384,0.6765,0.6458,0.6243,0.6555,0.6873,0.5946,0.7605,0.6396,0.7279,0.0402,0.0368,0.0349,0.0476,0.0423,0.0307,0.0431,0.0041,0.0305,0.0048,0.8658,0.8791,0.9390,0.8864,0.8678,0.9058,0.9834,1.0000,0.9131,1.0000,66.56,218.15,88.06,63.07,79.84,15.50,9.85,309.99,93.21,90.96,0.0000,0.0000,0.0000,0.0000,0.0000,0.0000,0.0000,0.0000,0.0000,0.0000,104304,74663,53998,54750,86225,66964,95775,572442,131417,91336,0,0,0,0,0,0,0,0,0,0,0.0000,0.0000,0.0000,0.0000,0.0000,0.0000,0.0000,0.0000,0.0000,0.0000,0,0,0,0,0,0,0,1,0,0,0,0,0,0,0,0,0,0,0,0,0.1577,0.0971,0.1567,0.0759,0.1164,0.0339,0.0851,0.1444,0.0309,0.1509,0.000,0.000,0.000,0.000,0.000,0.000,0.000,0.161,0.000,0.000,semi-presidential,parliamentary,parliamentary,parliamentary,parliamentary,semi-presidential,semi-presidential,electoral-authoritarian,electoral-authoritarian,parliamentary,0.800,0.800,0.800,0.800,0.800,0.800,0.800,0.500,0.500,0.800,98.5,70.1,100.0,100.0,100.0,100.0,100.0,100.0,100.0,100.0
2034-06-01,1.1182,1.0534,0.9822,0.9778,1.0022,0.9928,1.0036,1.0008,1.0053,0.9876,0.9805,0.9967,1.2455,1.1375,0.9834,1.0068,1.0029,0.9931,1.0643,1.0896,1.0054,0.9940,0.9805,0.9967,4348.20,5906.04,4568.65,3105.22,2651.28,1590.99,212.96,3261.73,2634.95,603.30,0.9574,0.5840,0.9392,1.1786,0.7683,0.2222,1.3011,0.3011,0.2339,-0.9933,0.6448,0.6815,0.6504,0.6503,0.6613,0.7092,0.5947,0.7441,0.6440,0.7415,0.0245,0.0165,0.0280,0.0214,0.0221,0.0131,0.0375,0.0010,0.0101,0.0093,0.9248,0.9323,0.9662,0.9376,0.9269,0.9482,0.9925,1.0000,0.9556,1.0000,71.73,226.75,92.24,68.20,85.97,16.06,10.08,335.57,98.77,96.71,0.0000,0.0000,0.0000,0.0000,0.0000,0.0000,0.0000,0.0000,0.0000,0.0000,104304,74663,53998,54750,86225,66964,95775,572442,131417,91336,0,0,0,0,0,0,0,0,0,0,0.0000,0.0000,0.0000,0.0000,0.0000,0.0000,0.0000,0.0000,0.0000,0.0000,0,0,0,0,0,0,0,1,0,0,0,0,0,0,0,0,0,0,0,0,0.1470,0.0921,0.1453,0.0707,0.1081,0.0370,0.0797,0.1424,0.0284,0.1521,0.000,0.000,0.000,0.000,0.000,0.000,0.000,0.162,0.000,0.000,semi-presidential,parliamentary,parliamentary,parliamentary,parliamentary,semi-presidential,semi-presidential,electoral-authoritarian,electoral-authoritarian,parliamentary,0.800,0.800,0.800,0.800,0.800,0.800,0.800,0.500,0.500,0.800,100.0,72.7,100.0,92.8,100.0,100.0,100.0,100.0,100.0,100.0
2034-07-01,1.1195,1.0553,0.9794,0.9809,0.9982,0.9922,1.0033,1.0036,1.0044,0.9890,0.9808,0.9961,1.1385,1.1098,0.9801,1.0130,0.9990,0.9924,1.0036,1.0893,1.0049,0.9915,1.0234,0.9961,4356.90,5921.03,4589.13,3112.91,2654.28,1598.84,213.20,3277.84,2640.39,605.63,0.9554,0.5828,0.9348,1.1759,0.7675,0.2192,1.3000,0.3004,0.2347,-1.0048,0.6478,0.7048,0.6562,0.6607,0.6711,0.7232,0.5977,0.7396,0.6586,0.7555,0.0130,0.0068,0.0212,0.0154,0.0107,0.0053,0.0340,0.0008,0.0044,0.0084,0.9518,0.9556,0.9784,0.9600,0.9547,0.9657,0.9972,1.0000,0.9711,1.0000,74.51,231.76,93.76,69.54,88.55,16.62,10.19,346.84,99.59,98.72,0.0000,0.0000,0.0000,0.0000,0.0000,0.0000,0.0000,0.0000,0.0000,0.0000,104304,74663,53998,54750,86225,66964,95775,572442,131417,91336,0,0,0,0,0,0,0,0,0,0,0.0000,0.0000,0.0000,0.0000,0.0000,0.0000,0.0000,0.0000,0.0000,0.0000,0,0,0,0,0,0,0,1,0,0,0,0,0,0,0,0,0,0,0,0,0.1562,0.0965,0.1553,0.0746,0.1153,0.0385,0.0812,0.1453,0.0299,0.1524,0.000,0.000,0.000,0.000,0.000,0.000,0.000,0.163,0.000,0.000,semi-presidential,parliamentary,parliamentary,parliamentary,parliamentary,semi-presidential,semi-presidential,electoral-authoritarian,electoral-authoritarian,parliamentary,0.800,0.800,0.800,0.800,0.800,0.800,0.800,0.500,0.500,0.800,100.0,75.4,100.0,96.4,100.0,100.0,100.0,100.0,100.0,100.0
2034-08-01,1.1188,1.0551,0.9774,0.9856,0.9960,0.9906,1.0035,1.0044,1.0003,0.9880,0.9820,0.9967,1.1223,1.0555,0.9783,1.0154,0.9961,0.9908,1.0088,1.0044,1.0004,0.9883,1.0391,0.9967,4380.08,5937.16,4590.71,3117.71,2660.86,1606.90,213.39,3300.36,2663.26,608.31,0.9503,0.5815,0.9345,1.1742,0.7656,0.2163,1.2990,0.2992,0.2351,-1.0158,0.6591,0.7208,0.6676,0.6694,0.6910,0.7456,0.6063,0.7455,0.7110,0.7582,0.0020,0.0000,0.0120,0.0093,0.0013,0.0000,0.0122,0.0003,0.0001,0.0029,1.0000,1.0000,1.0000,1.0000,1.0000,1.0000,1.0000,1.0000,1.0000,1.0000,74.81,232.12,94.18,69.93,88.74,16.95,10.25,346.61,99.46,100.66,0.0000,0.0000,0.0000,0.0000,0.0000,0.0000,0.0000,0.0000,0.0000,0.0000,104304,74663,53998,54750,86225,66964,95775,572442,131417,91336,0,0,0,0,0,0,0,0,0,0,0.0000,0.0000,0.0000,0.0000,0.0000,0.0000,0.0000,0.0000,0.0000,0.0000,0,0,0,0,0,0,0,1,0,0,0,0,0,0,0,0,0,0,0,0,0.1543,0.0958,0.1531,0.0741,0.1141,0.0389,0.0856,0.1420,0.0301,0.1524,0.000,0.000,0.000,0.000,0.000,0.000,0.000,0.162,0.000,0.000,semi-presidential,parliamentary,parliamentary,parliamentary,parliamentary,semi-presidential,semi-presidential,electoral-authoritarian,electoral-authoritarian,parliamentary,0.800,0.800,0.800,0.800,0.800,0.800,0.800,0.500,0.500,0.800,100.0,78.2,30.0,100.0,100.0,100.0,100.0,100.0,100.0,100.0
2034-09-01,1.1154,1.0521,0.9774,0.9892,0.9953,0.9893,1.0025,1.0046,0.9979,0.9864,0.9862,0.9968,1.1155,1.0522,1.1024,1.0155,0.9978,0.9894,1.0029,1.0047,0.9980,0.9865,1.1159,0.9969,4396.63,5939.74,4596.99,3120.56,2680.93,1613.78,214.36,3310.67,2670.17,609.28,0.9518,0.5815,0.9333,1.1783,0.7600,0.2135,1.2930,0.2990,0.2358,-1.0296,0.6676,0.7328,0.6815,0.6702,0.7259,0.7515,0.6236,0.7496,0.7154,0.7582,0.0126,0.0041,0.0230,0.0164,0.0116,0.0000,0.0046,0.0006,0.0050,0.0088,1.0000,1.0000,1.0000,1.0000,1.0000,1.0000,1.0000,1.0000,1.0000,1.0000,73.70,230.09,94.22,69.61,87.60,16.95,10.17,339.48,97.72,100.52,0.0000,0.0000,0.0000,0.0000,0.0000,0.0000,0.0000,0.0000,0.0000,0.0000,104304,74663,53998,54750,86225,66964,95775,572442,131417,91336,0,0,0,0,0,0,0,0,0,0,0.0000,0.0000,0.0000,0.0000,0.0000,0.0000,0.0000,0.0000,0.0000,0.0000,0,0,0,0,0,0,0,1,0,0,0,0,0,0,0,0,0,0,0,0,0.1566,0.0968,0.1559,0.0758,0.1155,0.0394,0.0878,0.1417,0.0303,0.1519,0.000,0.000,0.000,0.000,0.000,0.000,0.000,0.162,0.000,0.000,semi-presidential,parliamentary,parliamentary,parliamentary,parliamentary,semi-presidential,semi-presidential,electoral-authoritarian,electoral-authoritarian,parliamentary,0.800,0.800,0.800,0.800,0.800,0.800,0.800,0.500,0.500,0.800,100.0,81.1,33.0,100.0,100.0,100.0,90.0,100.0,100.0,100.0
2034-10-01,1.1107,1.0488,0.9800,0.9909,0.9957,0.9888,0.9997,1.0029,0.9991,0.9831,0.9900,0.9981,1.1112,1.0492,1.0484,1.0126,1.0049,1.0310,1.0003,1.0034,1.0657,0.9839,1.1013,0.9982,4411.82,5961.53,4604.75,3128.63,2694.23,1624.13,214.53,3330.73,2689.69,610.27,0.9486,0.5796,0.9317,1.1752,0.7563,0.2103,1.2920,0.2979,0.2353,-1.0433,0.6763,0.7451,0.6851,0.6652,0.7363,0.7609,0.6524,0.7554,0.7037,0.7660,0.0090,0.0031,0.0207,0.0122,0.0114,0.0006,0.0066,0.0030,0.0053,0.0110,1.0000,1.0000,1.0000,1.0000,1.0000,1.0000,1.0000,1.0000,1.0000,1.0000,74.35,231.25,95.20,71.79,88.40,16.75,10.15,345.47,99.35,100.37,0.0000,0.0000,0.0000,0.0000,0.0000,0.0000,0.0000,0.0000,0.0000,0.0000,104304,74663,53998,54750,86225,66964,95775,572442,131417,91336,0,0,0,0,0,0,0,0,0,0,0.0000,0.0000,0.0000,0.0000,0.0000,0.0000,0.0000,0.0000,0.0000,0.0000,0,0,0,0,0,0,0,1,0,0,0,0,0,0,0,0,0,0,0,0,0.1575,0.0974,0.1569,0.0774,0.1164,0.0437,0.0886,0.1435,0.0312,0.1513,0.000,0.000,0.000,0.000,0.000,0.000,0.000,0.158,0.000,0.000,semi-presidential,parliamentary,parliamentary,parliamentary,parliamentary,semi-presidential,semi-presidential,electoral-authoritarian,electoral-authoritarian,parliamentary,0.800,0.800,0.800,0.800,0.800,0.800,0.800,0.500,0.500,0.800,100.0,84.1,35.9,100.0,100.0,100.0,91.3,100.0,100.0,100.0
2034-11-01,1.1043,1.0446,0.9807,0.9921,0.9971,0.9921,0.9981,1.0019,1.0028,0.9796,0.9927,0.9989,1.1054,1.0457,0.9859,1.0128,1.0129,1.0781,0.9981,1.0020,1.0856,0.9796,1.0141,0.9989,4426.34,5985.29,4623.94,3131.32,2707.43,1634.98,215.00,3345.47,2705.62,610.68,0.9456,0.5775,0.9279,1.1813,0.7528,0.2070,1.2763,0.2973,0.2351,-1.0579,0.6837,0.7500,0.6941,0.6669,0.7385,0.7707,0.6560,0.7590,0.7041,0.7585,0.0027,0.0021,0.0145,0.0097,0.0079,0.0011,0.0044,0.0032,0.0035,0.0086,1.0000,1.0000,1.0000,1.0000,1.0000,1.0000,1.0000,1.0000,1.0000,1.0000,73.93,231.65,94.85,70.92,87.58,16.75,10.12,342.41,99.78,99.96,0.0000,0.0000,0.0000,0.0000,0.0000,0.0000,0.0000,0.0000,0.0000,0.0000,104304,74663,53998,54750,86225,66964,95775,572442,131417,91336,0,0,0,0,0,0,0,0,0,0,0.0000,0.0000,0.0000,0.0000,0.0000,0.0000,0.0000,0.0000,0.0000,0.0000,0,0,0,0,0,0,0,1,0,0,0,0,0,0,0,0,0,0,0,0,0.1583,0.1021,0.1575,0.0780,0.1169,0.0441,0.0892,0.1421,0.0320,0.1506,0.000,0.000,0.000,0.000,0.000,0.000,0.000,0.157,0.000,0.000,semi-presidential,parliamentary,parliamentary,parliamentary,parliamentary,semi-presidential,semi-presidential,electoral-authoritarian,electoral-authoritarian,parliamentary,0.800,0.800,0.800,0.800,0.800,0.800,0.800,0.500,0.500,0.800,100.0,87.1,39.0,100.0,100.0,100.0,94.3,100.0,100.0,100.0
2034-12-01,1.0991,1.0418,0.9822,0.9915,1.0026,0.9940,0.9965,1.0009,1.0033,0.9779,0.9932,0.9988,1.0993,1.0445,1.1046,1.0065,1.0184,1.0562,0.9966,1.0005,1.0144,0.9780,1.0114,0.9988,4447.79,6000.75,4638.99,3135.57,2720.26,1639.02,215.61,3352.14,2718.01,613.41,0.9411,0.5763,0.9249,1.1798,0.7494,0.2045,1.2508,0.2974,0.2353,-1.0684,0.6926,0.7467,0.7071,0.6820,0.7397,0.7740,0.6769,0.7540,0.6920,0.7463,0.0103,0.0056,0.0211,0.0132,0.0142,0.0010,0.0031,0.0005,0.0057,0.0090,0.9982,0.9984,0.9992,0.9985,0.9982,0.9988,0.9889,1.0000,0.9990,1.0000,74.27,231.53,95.99,72.97,88.67,16.44,10.15,346.49,100.42,98.32,0.0000,0.0000,0.0000,0.0000,0.0000,0.0000,0.0000,0.0000,0.0000,0.0000,104304,74663,53998,54750,86225,66964,95775,572442,131417,91336,0,0,0,0,0,0,0,0,0,0,0.0000,0.0000,0.0000,0.0000,0.0000,0.0000,0.0000,0.0000,0.0000,0.0000,0,0,0,0,0,0,0,1,0,0,0,0,0,0,0,0,0,0,0,0,0.1501,0.0982,0.1492,0.0750,0.1111,0.0424,0.0882,0.1427,0.0298,0.1476,0.000,0.000,0.000,0.000,0.000,0.000,0.000,0.157,0.000,0.000,semi-presidential,parliamentary,parliamentary,parliamentary,parliamentary,semi-presidential,semi-presidential,electoral-authoritarian,electoral-authoritarian,parliamentary,0.800,0.800,0.800,0.800,0.800,0.800,0.800,0.500,0.500,0.800,100.0,90.0,42.1,100.0,100.0,100.0,99.7,100.0,100.0,100.0
2035-01-01,1.0935,1.0411,0.9852,0.9907,1.0338,0.9958,0.9961,1.0054,1.0018,0.9777,0.9938,0.9974,1.0940,1.0419,1.0590,1.0055,1.1309,1.0313,0.9961,1.1237,1.0023,0.9778,1.0309,0.9976,4471.73,6022.52,4650.65,3141.87,2728.85,1646.75,215.97,3363.58,2729.80,615.51,0.9361,0.5745,0.9227,1.1776,0.7472,0.2016,1.2373,0.2972,0.2355,-1.0799,0.6907,0.7442,0.6851,0.6617,0.7142,0.7681,0.6750,0.7429,0.7026,0.7165,0.0126,0.0031,0.0318,0.0239,0.0315,0.0005,0.0089,0.0009,0.0031,0.0471,1.0000,1.0000,1.0000,1.0000,1.0000,1.0000,0.9892,1.0000,1.0000,1.0000,75.30,235.05,98.59,74.00,89.93,16.67,10.50,350.78,101.07,98.87,0.0000,0.0000,0.0000,0.0000,0.0000,0.0000,0.0000,0.0000,0.0000,0.0000,104304,74663,53998,54750,86225,66964,95775,572442,131417,91336,0,0,0,0,0,0,0,0,0,0,0.0000,0.0000,0.0000,0.0000,0.0000,0.0000,0.0000,0.0000,0.0000,0.0000,0,0,0,0,0,0,0,1,0,0,0,0,0,0,0,0,0,0,0,0,0.1502,0.0982,0.1491,0.0749,0.1106,0.0424,0.0917,0.1433,0.0294,0.1473,0.000,0.000,0.000,0.000,0.000,0.000,0.000,0.157,0.000,0.000,semi-presidential,parliamentary,parliamentary,parliamentary,parliamentary,semi-presidential,semi-presidential,electoral-authoritarian,electoral-authoritarian,parliamentary,0.800,0.800,0.800,0.800,0.800,0.800,0.800,0.500,0.500,0.800,100.0,93.0,45.1,100.0,100.0,100.0,100.0,100.0,100.0,100.0
2035-02-01,1.0890,1.0414,0.9870,0.9892,1.0570,0.9958,0.9947,1.0079,1.0004,0.9780,0.9957,0.9972,1.0890,1.0655,1.0861,1.0050,1.1392,1.0271,0.9948,1.0247,1.0005,0.9841,1.0534,0.9973,4502.69,6032.24,4668.37,3145.70,2740.36,1652.92,216.53,3385.07,2740.44,617.24,0.9298,0.5738,0.9192,1.1763,0.7442,0.1990,1.2222,0.2961,0.2359,-1.0920,0.6890,0.7499,0.6822,0.6619,0.7085,0.7767,0.6802,0.7433,0.7079,0.6981,0.0130,0.0066,0.0284,0.0254,0.0302,0.0025,0.0048,0.0004,0.0058,0.0359,0.9782,0.9806,0.9902,0.9821,0.9786,0.9854,0.9880,1.0000,0.9877,1.0000,74.37,234.40,99.90,73.57,89.36,17.13,10.37,345.23,100.48,98.22,0.0000,0.0000,0.0000,0.0000,0.0000,0.0000,0.0000,0.0000,0.0000,0.0000,104304,74663,53998,54750,86225,66964,95775,572442,131417,91336,0,0,0,0,0,0,0,0,0,0,0.0000,0.0000,0.0000,0.0000,0.0000,0.0000,0.0000,0.0000,0.0000,0.0000,0,0,0,0,0,0,0,1,0,0,0,0,0,0,0,0,0,0,0,0,0.1526,0.0998,0.1519,0.0764,0.1130,0.0434,0.0934,0.1427,0.0302,0.1473,0.000,0.000,0.000,0.000,0.000,0.000,0.000,0.157,0.000,0.000,semi-presidential,parliamentary,parliamentary,parliamentary,parliamentary,semi-presidential,semi-presidential,electoral-authoritarian,electoral-authoritarian,parliamentary,0.800,0.800,0.800,0.800,0.800,0.800,0.800,0.500,0.500,0.800,100.0,96.0,48.1,100.0,100.0,100.0,100.0,100.0,100.0,100.0
2035-03-01,1.0829,1.0399,0.9915,0.9866,1.0751,0.9966,0.9956,1.0076,1.0001,0.9794,0.9973,0.9960,1.0829,1.0406,1.1800,1.0021,1.1463,0.9972,1.0701,1.0077,1.0249,0.9847,1.0516,0.9961,4502.69,6040.93,4681.55,3151.03,2751.02,1659.15,217.72,3401.06,2757.45,620.30,0.9298,0.5732,0.9167,1.1745,0.7415,0.1963,1.2037,0.2955,0.2356,-1.1017,0.6890,0.7471,0.6724,0.6566,0.7009,0.7767,0.6846,0.7480,0.7065,0.7000,0.0168,0.0061,0.0330,0.0263,0.0318,0.0000,0.0054,0.0016,0.0084,0.0357,1.0000,1.0000,1.0000,1.0000,1.0000,1.0000,1.0000,1.0000,1.0000,1.0000,74.33,234.00,99.78,73.45,89.03,17.36,10.41,341.63,99.97,100.68,0.0000,0.0000,0.0000,0.0000,0.0000,0.0000,0.0000,0.0000,0.0000,0.0000,104304,74663,53998,54750,86225,66964,95775,572442,131417,91336,0,0,0,0,0,0,0,0,0,0,0.0000,0.0000,0.0000,0.0000,0.0000,0.0000,0.0000,0.0000,0.0000,0.0000,0,0,0,0,0,0,0,1,0,0,0,0,0,0,0,0,0,0,0,0,0.1344,0.0906,0.1330,0.0670,0.0986,0.0392,0.0916,0.1354,0.0259,0.1452,0.000,0.000,0.000,0.000,0.000,0.000,0.000,0.157,0.000,0.000,semi-presidential,parliamentary,parliamentary,parliamentary,parliamentary,semi-presidential,semi-presidential,electoral-authoritarian,electoral-authoritarian,parliamentary,0.800,0.800,0.800,0.800,0.800,0.800,0.800,0.500,0.500,0.800,100.0,98.9,51.0,100.0,100.0,100.0,100.0,100.0,100.0,100.0
2035-04-01,1.0754,1.0366,0.9970,0.9851,1.0885,0.9967,0.9975,1.0066,1.0007,0.9817,0.9989,0.9941,1.1515,1.0704,1.2082,1.0014,1.1445,1.0463,1.0669,1.0083,1.0206,1.0148,1.0572,0.9942,4498.78,6044.42,4676.52,3153.10,2753.42,1667.30,216.66,3403.56,2765.59,622.67,0.9306,0.5731,0.9177,1.1739,0.7410,0.1933,1.1957,0.2965,0.2362,-1.1126,0.6757,0.7448,0.6572,0.6528,0.6912,0.7741,0.6348,0.7004,0.6993,0.6948,0.0264,0.0154,0.0380,0.0330,0.0366,0.0000,0.0555,0.0022,0.0178,0.0281,0.9758,0.9759,0.9879,0.9749,0.9757,1.0000,0.9726,1.0000,0.9691,1.0000,70.81,227.53,97.11,70.30,85.47,17.46,6.08,323.32,96.28,99.21,0.0000,0.0000,0.0000,0.0000,0.0000,0.0000,0.4533,0.0405,0.0000,0.0000,104304,74663,53998,54750,86225,66964,95775,572442,131417,91336,0,0,0,0,0,0,0,0,0,0,0.0000,0.0000,0.0000,0.0000,0.0000,0.0000,0.0118,0.0046,0.0000,0.0000,0,0,0,0,0,0,0,1,0,0,0,0,0,0,0,0,1,1,0,0,0.1468,0.0957,0.1462,0.0727,0.1079,0.0409,0.0844,0.1310,0.0310,0.1421,0.000,0.000,0.000,0.000,0.000,0.000,0.000,0.158,0.000,0.000,semi-presidential,parliamentary,parliamentary,parliamentary,parliamentary,semi-presidential,semi-presidential,electoral-authoritarian,electoral-authoritarian,parliamentary,0.800,0.840,0.800,0.800,0.800,0.800,0.800,0.500,0.500,0.800,100.0,90.0,53.8,100.0,100.0,100.0,100.0,100.0,100.0,100.0
2035-05-01,1.0685,1.0352,1.0019,0.9849,1.0955,0.9995,0.9986,1.0042,1.0007,0.9842,0.9992,0.9928,1.1440,1.0701,1.2349,1.0111,1.1396,1.0783,1.0196,1.0055,1.0144,1.0194,1.0005,0.9931,4506.94,6043.83,4675.21,3159.94,2766.23,1669.90,215.83,3414.17,2781.44,625.62,0.9290,0.5734,0.9180,1.1715,0.7378,0.1911,1.1899,0.3013,0.2361,-1.1223,0.6688,0.7215,0.6589,0.6515,0.6870,0.7653,0.5913,0.6926,0.6980,0.6924,0.0253,0.0173,0.0351,0.0385,0.0337,0.0004,0.0521,0.0014,0.0186,0.0192,0.9749,0.9751,0.9875,0.9741,0.9747,1.0000,0.9623,1.0000,0.9685,1.0000,70.29,224.86,93.26,67.22,83.90,17.18,5.90,321.96,95.58,97.60,0.0000,0.0000,0.0000,0.0000,0.0000,0.0000,0.4533,0.0404,0.0000,0.0000,104304,74663,53998,54750,86225,66964,95775,572442,131417,91336,0,0,0,0,0,0,0,0,0,0,0.0000,0.0000,0.0000,0.0000,0.0000,0.0000,0.0210,0.0138,0.0000,0.0000,0,0,0,0,0,0,0,1,0,0,0,0,0,0,0,0,1,1,0,0,0.1419,0.0920,0.1397,0.0677,0.1031,0.0397,0.0870,0.1318,0.0294,0.1449,0.000,0.000,0.000,0.000,0.000,0.000,0.000,0.158,0.000,0.000,semi-presidential,parliamentary,parliamentary,parliamentary,parliamentary,semi-presidential,semi-presidential,electoral-authoritarian,electoral-authoritarian,parliamentary,0.800,0.833,0.800,0.800,0.800,0.800,0.800,0.500,0.500,0.800,100.0,91.9,56.7,100.0,100.0,100.0,100.0,100.0,100.0,100.0
2035-06-01,1.0604,1.0365,1.0050,0.9878,1.0984,1.0018,0.9978,1.0024,1.0004,0.9869,0.9991,0.9908,1.1344,1.0710,1.1133,1.0155,1.1309,1.0514,0.9993,1.0037,1.0114,1.0155,1.0005,0.9909,4520.01,6035.78,4669.78,3150.75,2763.71,1680.78,215.26,3424.53,2795.24,627.90,0.9265,0.5745,0.9191,1.1750,0.7386,0.1878,1.1828,0.3014,0.2362,-1.1331,0.6628,0.7194,0.6428,0.6468,0.6806,0.7640,0.5627,0.7088,0.6866,0.7044,0.0158,0.0122,0.0245,0.0298,0.0222,0.0000,0.0510,0.0011,0.0134,0.0121,0.9754,0.9756,0.9877,0.9745,0.9752,1.0000,0.9634,1.0000,0.9688,1.0000,70.35,225.17,92.06,65.85,83.77,17.17,6.00,323.09,96.99,98.22,0.0000,0.0000,0.0000,0.0000,0.0000,0.0000,0.4543,0.0405,0.0000,0.0000,104304,74663,53998,54750,86225,66964,95775,572442,131417,91336,0,0,0,0,0,0,0,0,0,0,0.0000,0.0000,0.0000,0.0000,0.0000,0.0000,0.0302,0.0253,0.0000,0.0000,0,0,0,0,0,0,0,1,0,0,0,0,0,0,0,0,1,1,0,0,0.1420,0.0897,0.1360,0.0646,0.1007,0.0382,0.0856,0.1292,0.0284,0.1442,0.000,0.000,0.000,0.000,0.000,0.000,0.000,0.159,0.000,0.000,semi-presidential,parliamentary,parliamentary,parliamentary,parliamentary,semi-presidential,semi-presidential,electoral-authoritarian,electoral-authoritarian,parliamentary,0.800,0.824,0.800,0.800,0.800,0.800,0.800,0.500,0.500,0.800,100.0,94.7,59.4,100.0,100.0,100.0,100.0,100.0,100.0,100.0
2035-07-01,1.0518,1.0355,1.0050,0.9903,1.0974,1.0013,0.9960,1.0019,0.9995,0.9909,0.9979,0.9899,1.1228,1.0699,1.0409,1.0165,1.1150,1.0511,0.9975,1.0098,1.0110,1.0273,0.9994,0.9900,4533.99,6034.50,4664.16,3155.94,2765.68,1688.65,214.78,3441.70,2800.79,628.07,0.9237,0.5750,0.9202,1.1731,0.7382,0.1849,1.1729,0.3007,0.2369,-1.1477,0.6650,0.7356,0.6386,0.6429,0.6864,0.7581,0.5517,0.7135,0.6931,0.7085,0.0110,0.0097,0.0187,0.0211,0.0139,0.0000,0.0495,0.0013,0.0105,0.0066,0.9754,0.9755,0.9877,0.9745,0.9751,1.0000,0.9631,1.0000,0.9688,1.0000,68.87,225.96,91.81,65.38,82.50,17.16,5.74,317.23,96.87,97.77,0.0000,0.0000,0.0000,0.0000,0.0000,0.0000,0.4533,0.0404,0.0000,0.0000,104304,74663,53998,54750,86225,66964,95775,572442,131417,91336,0,0,0,0,0,0,0,0,0,0,0.0000,0.0000,0.0000,0.0000,0.0000,0.0000,0.0417,0.0345,0.0000,0.0000,0,0,0,0,0,0,0,1,0,0,0,0,0,0,0,0,1,1,0,0,0.1461,0.0918,0.1403,0.0665,0.1037,0.0416,0.0802,0.1286,0.0290,0.1437,0.000,0.000,0.000,0.000,0.000,0.000,0.000,0.155,0.000,0.000,semi-presidential,parliamentary,parliamentary,parliamentary,parliamentary,semi-presidential,semi-presidential,electoral-authoritarian,electoral-authoritarian,parliamentary,0.800,0.811,0.800,0.800,0.800,0.800,0.800,0.500,0.500,0.800,100.0,88.3,62.1,98.4,100.0,100.0,100.0,100.0,100.0,100.0
2035-08-01,1.0397,1.0359,1.0047,0.9931,1.0941,1.0006,0.9961,1.0013,0.9977,0.9951,0.9970,0.9912,1.1101,1.0802,1.0407,1.0207,1.1121,1.0503,1.0359,1.0026,1.0092,1.0112,0.9984,0.9913,4551.24,6049.83,4669.01,3167.51,2770.51,1701.06,214.16,3448.92,2815.33,627.43,0.9200,0.5739,0.9191,1.1689,0.7369,0.1816,1.1666,0.3010,0.2370,-1.1638,0.6706,0.7363,0.6467,0.6516,0.6886,0.7629,0.5515,0.7127,0.6895,0.7200,0.0131,0.0109,0.0204,0.0230,0.0157,0.0009,0.0492,0.0012,0.0112,0.0081,0.9659,0.9671,0.9834,0.9667,0.9659,0.9939,0.9617,1.0000,0.9634,1.0000,68.30,225.04,90.92,64.35,81.33,17.03,5.98,315.04,96.03,95.43,0.0000,0.0000,0.0000,0.0000,0.0000,0.0000,0.4545,0.0408,0.0000,0.0000,104304,74663,53998,54750,86225,66964,95775,572442,131417,91336,0,0,0,0,0,0,0,0,0,0,0.0000,0.0000,0.0000,0.0000,0.0000,0.0000,0.0509,0.0437,0.0000,0.0000,0,0,0,0,0,0,0,1,0,0,0,0,0,0,0,0,1,1,0,0,0.1561,0.0967,0.1510,0.0714,0.1115,0.0440,0.0822,0.1312,0.0312,0.1429,0.000,0.000,0.000,0.000,0.000,0.000,0.000,0.154,0.000,0.000,semi-presidential,parliamentary,parliamentary,parliamentary,parliamentary,semi-presidential,semi-presidential,electoral-authoritarian,electoral-authoritarian,parliamentary,0.800,0.801,0.800,0.800,0.800,0.800,0.800,0.500,0.500,0.800,100.0,91.2,64.9,100.0,100.0,100.0,100.0,100.0,100.0,100.0
2035-09-01,1.0315,1.0371,1.0020,0.9941,1.0881,1.0019,0.9967,0.9996,0.9942,0.9974,0.9948,0.9916,1.1038,1.0918,1.0379,1.0135,1.1071,1.0593,1.0068,1.0010,1.0060,1.0224,0.9964,0.9917,4571.74,6050.33,4681.86,3175.00,2783.92,1713.61,213.44,3469.43,2822.74,629.34,0.9154,0.5743,0.9165,1.1662,0.7331,0.1785,1.1585,0.3004,0.2372,-1.1750,0.6718,0.7304,0.6554,0.6588,0.6879,0.7655,0.5495,0.7068,0.6813,0.7183,0.0140,0.0125,0.0203,0.0189,0.0168,0.0019,0.0515,0.0011,0.0122,0.0066,0.9564,0.9587,0.9791,0.9589,0.9565,0.9875,0.9617,1.0000,0.9579,1.0000,69.43,224.60,93.62,68.63,83.93,16.69,5.88,323.32,97.43,95.01,0.0000,0.0000,0.0000,0.0000,0.0000,0.0000,0.4544,0.0407,0.0000,0.0000,104304,74663,53998,54750,86225,66964,95775,572442,131417,91336,0,0,0,0,0,0,0,0,0,0,0.0000,0.0000,0.0000,0.0000,0.0000,0.0000,0.0624,0.0552,0.0000,0.0000,0,0,0,0,0,0,0,1,0,0,0,0,0,0,0,0,1,1,0,0,0.1563,0.0969,0.1516,0.0738,0.1116,0.0436,0.0777,0.1323,0.0316,0.1417,0.000,0.000,0.000,0.000,0.000,0.000,0.000,0.153,0.000,0.000,semi-presidential,parliamentary,parliamentary,parliamentary,parliamentary,semi-presidential,semi-presidential,electoral-authoritarian,electoral-authoritarian,parliamentary,0.800,0.800,0.800,0.800,0.800,0.800,0.800,0.500,0.500,0.800,100.0,94.0,67.7,100.0,100.0,100.0,100.0,100.0,100.0,100.0
2035-10-01,1.0269,1.0366,0.9970,0.9947,1.0791,1.0030,0.9957,1.0006,0.9910,0.9986,0.9956,0.9914,1.1005,1.0715,1.0333,1.0167,1.0971,1.0533,0.9970,1.0718,1.0027,1.0146,1.0081,0.9916,4586.56,6071.83,4696.06,3182.38,2793.13,1725.55,213.23,3477.32,2834.20,631.00,0.9120,0.5726,0.9137,1.1635,0.7306,0.1750,1.1502,0.3006,0.2375,-1.1866,0.6741,0.7364,0.6624,0.6622,0.6901,0.7700,0.5546,0.7105,0.6896,0.7173,0.0148,0.0100,0.0231,0.0188,0.0166,0.0000,0.0552,0.0016,0.0108,0.0118,0.9751,0.9753,0.9876,0.9742,0.9749,1.0000,0.9636,1.0000,0.9684,1.0000,70.09,225.95,93.41,68.05,84.41,16.88,6.07,325.49,97.98,97.21,0.0000,0.0000,0.0000,0.0000,0.0000,0.0000,0.4554,0.0412,0.0000,0.0000,104304,74663,53998,54750,86225,66964,95775,572442,131417,91336,0,0,0,0,0,0,0,0,0,0,0.0000,0.0000,0.0000,0.0000,0.0000,0.0000,0.0716,0.0644,0.0000,0.0000,0,0,0,0,0,0,0,1,0,0,0,0,0,0,0,0,1,1,0,0,0.1561,0.0967,0.1515,0.0730,0.1116,0.0431,0.0735,0.1298,0.0315,0.1416,0.000,0.000,0.000,0.000,0.000,0.000,0.000,0.153,0.000,0.000,semi-presidential,parliamentary,parliamentary,parliamentary,parliamentary,semi-presidential,semi-presidential,electoral-authoritarian,electoral-authoritarian,parliamentary,0.800,0.800,0.800,0.800,0.800,0.800,0.800,0.500,0.500,0.800,100.0,96.9,70.5,100.0,100.0,100.0,100.0,100.0,100.0,100.0
2035-11-01,1.0221,1.0352,0.9935,0.9956,1.0674,1.0023,0.9927,1.0013,0.9903,0.9979,0.9984,0.9923,1.0981,1.0708,1.0304,1.0152,1.0864,1.0528,0.9943,1.0026,1.0095,1.0083,1.1074,0.9923,4599.50,6081.18,4708.11,3186.91,2800.68,1733.39,212.99,3486.15,2854.17,632.88,0.9093,0.5721,0.9115,1.1616,0.7287,0.1730,1.1423,0.3008,0.2370,-1.1977,0.6761,0.7309,0.6843,0.6628,0.6956,0.7705,0.5415,0.7175,0.6861,0.7142,0.0146,0.0103,0.0228,0.0177,0.0168,0.0000,0.0575,0.0017,0.0113,0.0114,0.9748,0.9749,0.9874,0.9739,0.9745,1.0000,0.9631,1.0000,0.9680,1.0000,71.39,227.14,94.11,68.85,85.93,16.95,6.25,332.36,99.36,96.90,0.0000,0.0000,0.0000,0.0000,0.0000,0.0000,0.4559,0.0415,0.0000,0.0000,104304,74663,53998,54750,86225,66964,95775,572442,131417,91336,0,0,0,0,0,0,0,0,0,0,0.0000,0.0000,0.0000,0.0000,0.0000,0.0000,0.0808,0.0736,0.0000,0.0000,0,0,0,0,0,0,0,1,0,0,0,0,0,0,0,0,1,1,0,0,0.1558,0.0966,0.1506,0.0730,0.1116,0.0432,0.0720,0.1327,0.0317,0.1409,0.000,0.000,0.000,0.000,0.000,0.000,0.000,0.152,0.000,0.000,semi-presidential,parliamentary,parliamentary,parliamentary,parliamentary,semi-presidential,semi-presidential,electoral-authoritarian,electoral-authoritarian,parliamentary,0.800,0.800,0.800,0.800,0.800,0.800,0.800,0.500,0.500,0.800,100.0,99.8,76.4,100.0,100.0,30.0,100.0,100.0,100.0,100.0
2035-12-01,1.0230,1.0327,0.9919,0.9960,1.0584,1.0032,0.9915,1.0020,0.9904,0.9989,1.0021,0.9929,1.1460,1.0660,1.0282,1.0180,1.0776,1.0854,0.9966,1.0334,1.0011,1.0180,1.1075,0.9930,4617.83,6096.02,4716.18,3187.33,2805.86,1740.92,212.37,3497.70,2869.11,634.45,0.9055,0.5710,0.9100,1.1613,0.7274,0.1703,1.1343,0.3010,0.2371,-1.2094,0.6797,0.7335,0.6815,0.6602,0.6918,0.7747,0.5208,0.7320,0.7020,0.7065,0.0193,0.0133,0.0264,0.0217,0.0205,0.0024,0.0904,0.0018,0.0124,0.0135,0.9759,0.9759,0.9879,0.9749,0.9759,1.0000,0.9723,1.0000,0.9691,1.0000,72.35,228.40,94.65,69.16,87.62,16.99,6.21,338.05,100.56,96.53,0.0000,0.0000,0.0000,0.0000,0.0000,0.0000,0.4550,0.0410,0.0000,0.0000,104304,74663,53998,54750,86225,66964,95775,572442,131417,91336,0,0,0,0,0,0,0,0,0,0,0.0000,0.0000,0.0000,0.0000,0.0000,0.0000,0.0923,0.0851,0.0000,0.0000,0,0,0,0,0,0,0,1,0,0,0,0,0,0,0,0,1,1,0,0,0.1577,0.0977,0.1523,0.0738,0.1128,0.0441,0.0754,0.1369,0.0362,0.1406,0.000,0.000,0.000,0.000,0.000,0.000,0.000,0.153,0.000,0.000,semi-presidential,parliamentary,parliamentary,parliamentary,parliamentary,semi-presidential,semi-presidential,electoral-authoritarian,electoral-authoritarian,parliamentary,0.800,0.800,0.800,0.800,0.800,0.800,0.800,0.500,0.500,0.800,100.0,100.0,79.4,100.0,100.0,33.5,100.0,100.0,100.0,100.0
2036-01-01,1.0254,1.0288,0.9938,0.9971,1.0499,1.0030,0.9922,1.0025,0.9909,0.9998,1.0060,0.9964,1.1350,1.0611,1.1561,1.0194,1.0680,1.0532,0.9936,1.0037,1.0019,1.0100,1.1237,0.9965,4623.09,6112.03,4709.79,3193.05,2817.52,1749.73,211.71,3512.08,2883.30,633.80,0.9045,0.5699,0.9112,1.1593,0.7244,0.1707,1.1289,0.3007,0.2371,-1.2253,0.6818,0.7301,0.6780,0.6592,0.6965,0.7713,0.5138,0.7261,0.7053,0.7057,0.0249,0.0156,0.0320,0.0290,0.0267,0.0012,0.0887,0.0014,0.0165,0.0140,0.9771,0.9769,0.9885,0.9761,0.9773,1.0000,0.9734,1.0000,0.9704,1.0000,72.50,228.82,94.09,68.54,87.74,17.22,6.37,336.35,99.88,96.66,0.0000,0.0000,0.0000,0.0000,0.0000,0.0000,0.4556,0.0414,0.0000,0.0000,104304,74663,53998,54750,86225,66964,95775,572442,131417,91336,0,0,0,0,0,0,0,0,0,0,0.0000,0.0000,0.0000,0.0000,0.0000,0.0000,0.1015,0.0943,0.0000,0.0000,0,0,0,0,0,0,0,1,0,0,0,0,0,0,0,0,1,1,0,0,0.1597,0.0997,0.1552,0.0757,0.1147,0.0458,0.0748,0.1378,0.0375,0.1406,0.000,0.000,0.000,0.000,0.000,0.000,0.000,0.151,0.000,0.000,semi-presidential,parliamentary,parliamentary,parliamentary,parliamentary,semi-presidential,semi-presidential,electoral-authoritarian,electoral-authoritarian,parliamentary,0.800,0.800,0.800,0.800,0.800,0.800,0.800,0.500,0.500,0.800,100.0,100.0,82.3,100.0,100.0,36.9,100.0,100.0,100.0,100.0
